date,gross_ret,net_ret,turnover,total_cost,equity
2015-01-05,0.0,0.0,0.0,0.0,1.0
2015-01-06,0.0,0.0,0.0,0.0,1.0
2015-01-07,0.0,0.0,0.0,0.0,1.0
2015-01-08,0.0,0.0,0.0,0.0,1.0
2015-01-09,0.0,0.0,0.0,0.0,1.0
2015-01-12,0.0,0.0,0.0,0.0,1.0
2015-01-13,0.0,0.0,0.0,0.0,1.0
2015-01-14,0.0,0.0,0.0,0.0,1.0
2015-01-15,0.0,0.0,0.0,0.0,1.0
2015-01-16,0.0,0.0,0.0,0.0,1.0
2015-01-19,0.0,0.0,0.0,0.0,1.0
2015-01-20,0.0,0.0,0.0,0.0,1.0
2015-01-21,0.0,0.0,0.0,0.0,1.0
2015-01-22,0.0,0.0,0.0,0.0,1.0
2015-01-23,0.0,0.0,0.0,0.0,1.0
2015-01-26,0.0,0.0,0.0,0.0,1.0
2015-01-27,0.0,0.0,0.0,0.0,1.0
2015-01-28,0.0,0.0,0.0,0.0,1.0
2015-01-29,0.0,0.0,0.0,0.0,1.0
2015-01-30,0.0,0.0,0.0,0.0,1.0
2015-02-02,0.0,0.0,0.0,0.0,1.0
2015-02-03,0.0,0.0,0.0,0.0,1.0
2015-02-04,0.0,0.0,0.0,0.0,1.0
2015-02-05,0.0,0.0,0.0,0.0,1.0
2015-02-06,0.0,0.0,0.0,0.0,1.0
2015-02-09,0.0,0.0,0.0,0.0,1.0
2015-02-10,0.0,0.0,0.0,0.0,1.0
2015-02-11,0.0,0.0,0.0,0.0,1.0
2015-02-12,0.0,0.0,0.0,0.0,1.0
2015-02-13,0.0,0.0,0.0,0.0,1.0
2015-02-24,0.0,0.0,0.0,0.0,1.0
2015-02-25,0.0,0.0,0.0,0.0,1.0
2015-02-26,0.0,0.0,0.0,0.0,1.0
2015-03-02,0.0,0.0,0.0,0.0,1.0
2015-03-03,0.0,0.0,0.0,0.0,1.0
2015-03-04,0.0,0.0,0.0,0.0,1.0
2015-03-05,0.0,0.0,0.0,0.0,1.0
2015-03-06,0.0,0.0,0.0,0.0,1.0
2015-03-09,0.0,0.0,0.0,0.0,1.0
2015-03-10,0.0,0.0,0.0,0.0,1.0
2015-03-11,0.0,0.0,0.0,0.0,1.0
2015-03-12,0.0,0.0,0.0,0.0,1.0
2015-03-13,0.0,0.0,0.0,0.0,1.0
2015-03-16,0.0,0.0,0.0,0.0,1.0
2015-03-17,0.0,0.0,0.0,0.0,1.0
2015-03-18,0.0,0.0,0.0,0.0,1.0
2015-03-19,0.0,0.0,0.0,0.0,1.0
2015-03-20,0.0,0.0,0.0,0.0,1.0
2015-03-23,0.0,0.0,0.0,0.0,1.0
2015-03-24,0.0,0.0,0.0,0.0,1.0
2015-03-25,0.0,0.0,0.0,0.0,1.0
2015-03-26,0.0,0.0,0.0,0.0,1.0
2015-03-27,0.0,0.0,0.0,0.0,1.0
2015-03-30,0.0,0.0,0.0,0.0,1.0
2015-03-31,0.0,0.0,0.0,0.0,1.0
2015-04-01,0.0,0.0,0.0,0.0,1.0
2015-04-02,0.0,0.0,0.0,0.0,1.0
2015-04-07,0.0,0.0,0.0,0.0,1.0
2015-04-08,0.0,0.0,0.0,0.0,1.0
2015-04-09,0.0,0.0,0.0,0.0,1.0
2015-04-10,0.0,0.0,0.0,0.0,1.0
2015-04-13,0.0,0.0,0.0,0.0,1.0
2015-04-14,0.0,0.0,0.0,0.0,1.0
2015-04-15,0.0,0.0,0.0,0.0,1.0
2015-04-16,0.0,0.0,0.0,0.0,1.0
2015-04-17,0.0,0.0,0.0,0.0,1.0
2015-04-20,0.0,0.0,0.0,0.0,1.0
2015-04-21,0.0,0.0,0.0,0.0,1.0
2015-04-22,0.0,0.0,0.0,0.0,1.0
2015-04-23,0.0,0.0,0.0,0.0,1.0
2015-04-24,0.0,0.0,0.0,0.0,1.0
2015-04-27,0.0,0.0,0.0,0.0,1.0
2015-04-28,0.0,0.0,0.0,0.0,1.0
2015-04-29,0.0,0.0,0.0,0.0,1.0
2015-04-30,0.0,0.0,0.0,0.0,1.0
2015-05-04,0.0,0.0,0.0,0.0,1.0
2015-05-05,0.0,0.0,0.0,0.0,1.0
2015-05-06,0.0,0.0,0.0,0.0,1.0
2015-05-07,0.0,0.0,0.0,0.0,1.0
2015-05-08,0.0,0.0,0.0,0.0,1.0
2015-05-11,0.0,0.0,0.0,0.0,1.0
2015-05-12,0.0,0.0,0.0,0.0,1.0
2015-05-13,0.0,0.0,0.0,0.0,1.0
2015-05-14,0.0,0.0,0.0,0.0,1.0
2015-05-15,0.0,0.0,0.0,0.0,1.0
2015-05-18,0.0,0.0,0.0,0.0,1.0
2015-05-19,0.0,0.0,0.0,0.0,1.0
2015-05-20,0.0,0.0,0.0,0.0,1.0
2015-05-21,0.0,0.0,0.0,0.0,1.0
2015-05-22,0.0,0.0,0.0,0.0,1.0
2015-05-25,0.0,0.0,0.0,0.0,1.0
2015-05-26,0.0,0.0,0.0,0.0,1.0
2015-05-27,0.0,0.0,0.0,0.0,1.0
2015-05-28,0.0,0.0,0.0,0.0,1.0
2015-05-29,0.0,0.0,0.0,0.0,1.0
2015-06-01,0.0,0.0,0.0,0.0,1.0
2015-06-02,0.0,0.0,0.0,0.0,1.0
2015-06-03,0.0,0.0,0.0,0.0,1.0
2015-06-04,0.0,0.0,0.0,0.0,1.0
2015-06-05,0.0,0.0,0.0,0.0,1.0
2015-06-08,0.0,0.0,0.0,0.0,1.0
2015-06-09,0.0,0.0,0.0,0.0,1.0
2015-06-10,0.0,0.0,0.0,0.0,1.0
2015-06-11,0.0,0.0,0.0,0.0,1.0
2015-06-12,0.0,0.0,0.0,0.0,1.0
2015-06-15,0.0,0.0,0.0,0.0,1.0
2015-06-16,0.0,0.0,0.0,0.0,1.0
2015-06-17,0.0,0.0,0.0,0.0,1.0
2015-06-18,0.0,0.0,0.0,0.0,1.0
2015-06-22,0.0,0.0,0.0,0.0,1.0
2015-06-23,0.0,0.0,0.0,0.0,1.0
2015-06-24,0.0,0.0,0.0,0.0,1.0
2015-06-25,0.0,0.0,0.0,0.0,1.0
2015-06-26,0.0,0.0,0.0,0.0,1.0
2015-06-29,0.0,0.0,0.0,0.0,1.0
2015-06-30,0.0,0.0,0.0,0.0,1.0
2015-07-01,0.0,0.0,0.0,0.0,1.0
2015-07-02,0.0,0.0,0.0,0.0,1.0
2015-07-03,0.0,0.0,0.0,0.0,1.0
2015-07-06,0.0,0.0,0.0,0.0,1.0
2015-07-07,0.0,0.0,0.0,0.0,1.0
2015-07-08,0.0,0.0,0.0,0.0,1.0
2015-07-09,0.0,0.0,0.0,0.0,1.0
2015-07-13,0.0,0.0,0.0,0.0,1.0
2015-07-14,0.0,0.0,0.0,0.0,1.0
2015-07-15,0.0,0.0,0.0,0.0,1.0
2015-07-16,0.0,0.0,0.0,0.0,1.0
2015-07-17,0.0,0.0,0.0,0.0,1.0
2015-07-20,0.0,0.0,0.0,0.0,1.0
2015-07-21,0.0,0.0,0.0,0.0,1.0
2015-07-22,0.0,0.0,0.0,0.0,1.0
2015-07-23,0.0,0.0,0.0,0.0,1.0
2015-07-24,0.0,0.0,0.0,0.0,1.0
2015-07-27,0.0,0.0,0.0,0.0,1.0
2015-07-28,0.0,0.0,0.0,0.0,1.0
2015-07-29,0.0,0.0,0.0,0.0,1.0
2015-07-30,0.0,0.0,0.0,0.0,1.0
2015-07-31,0.0,0.0,0.0,0.0,1.0
2015-08-03,0.0,0.0,0.0,0.0,1.0
2015-08-04,0.0,0.0,0.0,0.0,1.0
2015-08-05,0.0,0.0,0.0,0.0,1.0
2015-08-06,0.0,0.0,0.0,0.0,1.0
2015-08-07,0.0,0.0,0.0,0.0,1.0
2015-08-10,0.0,0.0,0.0,0.0,1.0
2015-08-11,0.0,0.0,0.0,0.0,1.0
2015-08-12,0.0,0.0,0.0,0.0,1.0
2015-08-13,0.0,0.0,0.0,0.0,1.0
2015-08-14,0.0,0.0,0.0,0.0,1.0
2015-08-17,0.0,0.0,0.0,0.0,1.0
2015-08-18,0.0,0.0,0.0,0.0,1.0
2015-08-19,0.0,0.0,0.0,0.0,1.0
2015-08-20,0.0,0.0,0.0,0.0,1.0
2015-08-21,0.0,0.0,0.0,0.0,1.0
2015-08-24,0.0,0.0,0.0,0.0,1.0
2015-08-25,0.0,0.0,0.0,0.0,1.0
2015-08-26,0.0,0.0,0.0,0.0,1.0
2015-08-27,0.0,0.0,0.0,0.0,1.0
2015-08-28,0.0,0.0,0.0,0.0,1.0
2015-08-31,0.0,0.0,0.0,0.0,1.0
2015-09-01,0.0,0.0,0.0,0.0,1.0
2015-09-02,0.0,0.0,0.0,0.0,1.0
2015-09-03,0.0,0.0,0.0,0.0,1.0
2015-09-04,0.0,0.0,0.0,0.0,1.0
2015-09-07,0.0,0.0,0.0,0.0,1.0
2015-09-08,0.0,0.0,0.0,0.0,1.0
2015-09-09,0.0,0.0,0.0,0.0,1.0
2015-09-10,0.0,0.0,0.0,0.0,1.0
2015-09-11,0.0,0.0,0.0,0.0,1.0
2015-09-14,0.0,0.0,0.0,0.0,1.0
2015-09-15,0.0,0.0,0.0,0.0,1.0
2015-09-16,0.0,0.0,0.0,0.0,1.0
2015-09-17,0.0,0.0,0.0,0.0,1.0
2015-09-18,0.0,0.0,0.0,0.0,1.0
2015-09-21,0.0,0.0,0.0,0.0,1.0
2015-09-22,0.0,0.0,0.0,0.0,1.0
2015-09-23,0.0,0.0,0.0,0.0,1.0
2015-09-24,0.0,0.0,0.0,0.0,1.0
2015-09-25,0.0,0.0,0.0,0.0,1.0
2015-09-30,0.0,0.0,0.0,0.0,1.0
2015-10-01,0.0,0.0,0.0,0.0,1.0
2015-10-02,0.0,0.0,0.0,0.0,1.0
2015-10-05,0.0,0.0,0.0,0.0,1.0
2015-10-06,0.0,0.0,0.0,0.0,1.0
2015-10-07,0.0,0.0,0.0,0.0,1.0
2015-10-08,0.0,0.0,0.0,0.0,1.0
2015-10-12,0.0,0.0,0.0,0.0,1.0
2015-10-13,0.0,0.0,0.0,0.0,1.0
2015-10-14,0.0,0.0,0.0,0.0,1.0
2015-10-15,0.0,0.0,0.0,0.0,1.0
2015-10-16,0.0,0.0,0.0,0.0,1.0
2015-10-19,0.0,0.0,0.0,0.0,1.0
2015-10-20,0.0,0.0,0.0,0.0,1.0
2015-10-21,0.0,0.0,0.0,0.0,1.0
2015-10-22,0.0,0.0,0.0,0.0,1.0
2015-10-23,0.0,0.0,0.0,0.0,1.0
2015-10-26,0.0,0.0,0.0,0.0,1.0
2015-10-27,0.0,0.0,0.0,0.0,1.0
2015-10-28,0.0,0.0,0.0,0.0,1.0
2015-10-29,0.0,0.0,0.0,0.0,1.0
2015-10-30,0.0,0.0,0.0,0.0,1.0
2015-11-02,0.0,0.0,0.0,0.0,1.0
2015-11-03,0.0,0.0,0.0,0.0,1.0
2015-11-04,0.0,0.0,0.0,0.0,1.0
2015-11-05,0.0,0.0,0.0,0.0,1.0
2015-11-06,0.0,0.0,0.0,0.0,1.0
2015-11-09,0.0,0.0,0.0,0.0,1.0
2015-11-10,0.0,0.0,0.0,0.0,1.0
2015-11-11,0.0,0.0,0.0,0.0,1.0
2015-11-12,0.0,0.0,0.0,0.0,1.0
2015-11-13,0.0,0.0,0.0,0.0,1.0
2015-11-16,0.0,0.0,0.0,0.0,1.0
2015-11-17,0.0,0.0,0.0,0.0,1.0
2015-11-18,0.0,0.0,0.0,0.0,1.0
2015-11-19,0.0,0.0,0.0,0.0,1.0
2015-11-20,0.0,0.0,0.0,0.0,1.0
2015-11-23,0.0,0.0,0.0,0.0,1.0
2015-11-24,0.0,0.0,0.0,0.0,1.0
2015-11-25,0.0,0.0,0.0,0.0,1.0
2015-11-26,0.0,0.0,0.0,0.0,1.0
2015-11-27,0.0,0.0,0.0,0.0,1.0
2015-11-30,0.0,0.0,0.0,0.0,1.0
2015-12-01,0.0,0.0,0.0,0.0,1.0
2015-12-02,0.0,0.0,0.0,0.0,1.0
2015-12-03,0.0,0.0,0.0,0.0,1.0
2015-12-04,0.0,0.0,0.0,0.0,1.0
2015-12-07,0.0,0.0,0.0,0.0,1.0
2015-12-08,0.0,0.0,0.0,0.0,1.0
2015-12-09,0.0,0.0,0.0,0.0,1.0
2015-12-10,0.0,0.0,0.0,0.0,1.0
2015-12-11,0.0,0.0,0.0,0.0,1.0
2015-12-14,0.0,0.0,0.0,0.0,1.0
2015-12-15,0.0,0.0,0.0,0.0,1.0
2015-12-16,0.0,0.0,0.0,0.0,1.0
2015-12-17,0.0,0.0,0.0,0.0,1.0
2015-12-18,0.0,0.0,0.0,0.0,1.0
2015-12-21,0.0,0.0,0.0,0.0,1.0
2015-12-22,0.0,0.0,0.0,0.0,1.0
2015-12-23,0.0,0.0,0.0,0.0,1.0
2015-12-24,0.0,0.0,0.0,0.0,1.0
2015-12-25,0.0,0.0,0.0,0.0,1.0
2015-12-28,0.0,0.0,0.0,0.0,1.0
2015-12-29,0.0,0.0,0.0,0.0,1.0
2015-12-30,0.0,0.0,0.0,0.0,1.0
2015-12-31,0.0,0.0,0.0,0.0,1.0
2016-01-04,0.0,0.0,0.0,0.0,1.0
2016-01-05,0.0,0.0,0.0,0.0,1.0
2016-01-06,0.0,0.0,0.0,0.0,1.0
2016-01-07,0.0,0.0,0.0,0.0,1.0
2016-01-08,0.0,0.0,0.0,0.0,1.0
2016-01-11,0.0,0.0,0.0,0.0,1.0
2016-01-12,0.0,0.0,0.0,0.0,1.0
2016-01-13,0.0,0.0,0.0,0.0,1.0
2016-01-14,0.0,0.0,0.0,0.0,1.0
2016-01-15,0.0,0.0,0.0,0.0,1.0
2016-01-18,0.0,0.0,0.0,0.0,1.0
2016-01-19,0.0,0.0,0.0,0.0,1.0
2016-01-20,0.0,0.0,0.0,0.0,1.0
2016-01-21,0.0,0.0,0.0,0.0,1.0
2016-01-22,0.0,0.0,0.0,0.0,1.0
2016-01-25,0.0,0.0,0.0,0.0,1.0
2016-01-26,0.0,0.0,0.0,0.0,1.0
2016-01-27,0.0,0.0,0.0,0.0,1.0
2016-01-28,0.0,0.0,0.0,0.0,1.0
2016-01-29,0.0,0.0,0.0,0.0,1.0
2016-01-30,0.0,0.0,0.0,0.0,1.0
2016-02-01,0.0,0.0,0.0,0.0,1.0
2016-02-02,0.0,0.0,0.0,0.0,1.0
2016-02-03,0.0,0.0,0.0,0.0,1.0
2016-02-15,0.0,0.0,0.0,0.0,1.0
2016-02-16,0.0,0.0,0.0,0.0,1.0
2016-02-17,0.0,0.0,0.0,0.0,1.0
2016-02-18,0.0,0.0,0.0,0.0,1.0
2016-02-19,0.0,0.0,0.0,0.0,1.0
2016-02-22,0.0,0.0,0.0,0.0,1.0
2016-02-23,0.0,0.0,0.0,0.0,1.0
2016-02-24,0.0,0.0,0.0,0.0,1.0
2016-02-25,0.0,0.0,0.0,0.0,1.0
2016-02-26,0.0,0.0,0.0,0.0,1.0
2016-03-01,0.0,0.0,0.0,0.0,1.0
2016-03-02,0.0,0.0,0.0,0.0,1.0
2016-03-03,0.0,0.0,0.0,0.0,1.0
2016-03-04,0.0,0.0,0.0,0.0,1.0
2016-03-07,0.0,0.0,0.0,0.0,1.0
2016-03-08,0.0,0.0,0.0,0.0,1.0
2016-03-09,0.0,0.0,0.0,0.0,1.0
2016-03-10,0.0,0.0,0.0,0.0,1.0
2016-03-11,0.0,0.0,0.0,0.0,1.0
2016-03-14,0.0,0.0,0.0,0.0,1.0
2016-03-15,0.0,0.0,0.0,0.0,1.0
2016-03-16,0.0,0.0,0.0,0.0,1.0
2016-03-17,0.0,0.0,0.0,0.0,1.0
2016-03-18,0.0,0.0,0.0,0.0,1.0
2016-03-21,0.0,0.0,0.0,0.0,1.0
2016-03-22,0.0,0.0,0.0,0.0,1.0
2016-03-23,0.0,0.0,0.0,0.0,1.0
2016-03-24,0.0,0.0,0.0,0.0,1.0
2016-03-25,0.0,0.0,0.0,0.0,1.0
2016-03-28,0.0,0.0,0.0,0.0,1.0
2016-03-29,0.0,0.0,0.0,0.0,1.0
2016-03-30,0.0,0.0,0.0,0.0,1.0
2016-03-31,0.0,0.0,0.0,0.0,1.0
2016-04-01,0.0,0.0,0.0,0.0,1.0
2016-04-06,0.0,0.0,0.0,0.0,1.0
2016-04-07,0.0,0.0,0.0,0.0,1.0
2016-04-08,0.0,0.0,0.0,0.0,1.0
2016-04-11,0.0,0.0,0.0,0.0,1.0
2016-04-12,0.0,0.0,0.0,0.0,1.0
2016-04-13,0.0,0.0,0.0,0.0,1.0
2016-04-14,0.0,0.0,0.0,0.0,1.0
2016-04-15,0.0,0.0,0.0,0.0,1.0
2016-04-18,0.0,0.0,0.0,0.0,1.0
2016-04-19,0.0,0.0,0.0,0.0,1.0
2016-04-20,0.0,0.0,0.0,0.0,1.0
2016-04-21,0.0,0.0,0.0,0.0,1.0
2016-04-22,0.0,0.0,0.0,0.0,1.0
2016-04-25,0.0,0.0,0.0,0.0,1.0
2016-04-26,0.0,0.0,0.0,0.0,1.0
2016-04-27,0.0,0.0,0.0,0.0,1.0
2016-04-28,0.0,0.0,0.0,0.0,1.0
2016-04-29,0.0,0.0,0.0,0.0,1.0
2016-05-03,0.0,0.0,0.0,0.0,1.0
2016-05-04,0.0,0.0,0.0,0.0,1.0
2016-05-05,0.0,0.0,0.0,0.0,1.0
2016-05-06,0.0,0.0,0.0,0.0,1.0
2016-05-09,0.0,0.0,0.0,0.0,1.0
2016-05-10,0.0,0.0,0.0,0.0,1.0
2016-05-11,0.0,0.0,0.0,0.0,1.0
2016-05-12,0.0,0.0,0.0,0.0,1.0
2016-05-13,0.0,0.0,0.0,0.0,1.0
2016-05-16,0.0,0.0,0.0,0.0,1.0
2016-05-17,0.0,0.0,0.0,0.0,1.0
2016-05-18,0.0,0.0,0.0,0.0,1.0
2016-05-19,0.0,0.0,0.0,0.0,1.0
2016-05-20,0.0,0.0,0.0,0.0,1.0
2016-05-23,0.0,0.0,0.0,0.0,1.0
2016-05-24,0.0,0.0,0.0,0.0,1.0
2016-05-25,0.0,0.0,0.0,0.0,1.0
2016-05-26,0.0,0.0,0.0,0.0,1.0
2016-05-27,0.0,0.0,0.0,0.0,1.0
2016-05-30,0.0,0.0,0.0,0.0,1.0
2016-05-31,0.0,0.0,0.0,0.0,1.0
2016-06-01,0.0,0.0,0.0,0.0,1.0
2016-06-02,0.0,0.0,0.0,0.0,1.0
2016-06-03,0.0,0.0,0.0,0.0,1.0
2016-06-04,0.0,0.0,0.0,0.0,1.0
2016-06-06,0.0,0.0,0.0,0.0,1.0
2016-06-07,0.0,0.0,0.0,0.0,1.0
2016-06-08,0.0,0.0,0.0,0.0,1.0
2016-06-13,0.0,0.0,0.0,0.0,1.0
2016-06-14,0.0,0.0,0.0,0.0,1.0
2016-06-15,0.0,0.0,0.0,0.0,1.0
2016-06-16,0.0,0.0,0.0,0.0,1.0
2016-06-17,0.0,0.0,0.0,0.0,1.0
2016-06-20,0.0,0.0,0.0,0.0,1.0
2016-06-21,0.0,0.0,0.0,0.0,1.0
2016-06-22,0.0,0.0,0.0,0.0,1.0
2016-06-23,0.0,0.0,0.0,0.0,1.0
2016-06-24,0.0,0.0,0.0,0.0,1.0
2016-06-27,0.0,0.0,0.0,0.0,1.0
2016-06-28,0.0,0.0,0.0,0.0,1.0
2016-06-29,0.0,0.0,0.0,0.0,1.0
2016-06-30,0.0,0.0,0.0,0.0,1.0
2016-07-01,0.0,0.0,0.0,0.0,1.0
2016-07-04,0.0,0.0,0.0,0.0,1.0
2016-07-05,0.0,0.0,0.0,0.0,1.0
2016-07-06,0.0,0.0,0.0,0.0,1.0
2016-07-07,0.0,0.0,0.0,0.0,1.0
2016-07-11,0.0,0.0,0.0,0.0,1.0
2016-07-12,0.0,0.0,0.0,0.0,1.0
2016-07-13,0.0,0.0,0.0,0.0,1.0
2016-07-14,0.0,0.0,0.0,0.0,1.0
2016-07-15,0.0,0.0,0.0,0.0,1.0
2016-07-18,0.0,0.0,0.0,0.0,1.0
2016-07-19,0.0,0.0,0.0,0.0,1.0
2016-07-20,0.0,0.0,0.0,0.0,1.0
2016-07-21,0.0,0.0,0.0,0.0,1.0
2016-07-22,0.0,0.0,0.0,0.0,1.0
2016-07-25,0.0,0.0,0.0,0.0,1.0
2016-07-26,0.0,0.0,0.0,0.0,1.0
2016-07-27,0.0,0.0,0.0,0.0,1.0
2016-07-28,0.0,0.0,0.0,0.0,1.0
2016-07-29,0.0,0.0,0.0,0.0,1.0
2016-08-01,0.0,0.0,0.0,0.0,1.0
2016-08-02,0.0,0.0,0.0,0.0,1.0
2016-08-03,0.0,0.0,0.0,0.0,1.0
2016-08-04,0.0,0.0,0.0,0.0,1.0
2016-08-05,0.0,0.0,0.0,0.0,1.0
2016-08-08,0.0,0.0,0.0,0.0,1.0
2016-08-09,0.0,0.0,0.0,0.0,1.0
2016-08-10,0.0,0.0,0.0,0.0,1.0
2016-08-11,0.0,0.0,0.0,0.0,1.0
2016-08-12,0.0,0.0,0.0,0.0,1.0
2016-08-15,0.0,0.0,0.0,0.0,1.0
2016-08-16,0.0,0.0,0.0,0.0,1.0
2016-08-17,0.0,0.0,0.0,0.0,1.0
2016-08-18,0.0,0.0,0.0,0.0,1.0
2016-08-19,0.0,0.0,0.0,0.0,1.0
2016-08-22,0.0,0.0,0.0,0.0,1.0
2016-08-23,0.0,0.0,0.0,0.0,1.0
2016-08-24,0.0,0.0,0.0,0.0,1.0
2016-08-25,0.0,0.0,0.0,0.0,1.0
2016-08-26,0.0,0.0,0.0,0.0,1.0
2016-08-29,0.0,0.0,0.0,0.0,1.0
2016-08-30,0.0,0.0,0.0,0.0,1.0
2016-08-31,0.0,0.0,0.0,0.0,1.0
2016-09-01,0.0,0.0,0.0,0.0,1.0
2016-09-02,0.0,0.0,0.0,0.0,1.0
2016-09-05,0.0,0.0,0.0,0.0,1.0
2016-09-06,0.0,0.0,0.0,0.0,1.0
2016-09-07,0.0,0.0,0.0,0.0,1.0
2016-09-08,0.0,0.0,0.0,0.0,1.0
2016-09-09,0.0,0.0,0.0,0.0,1.0
2016-09-10,0.0,0.0,0.0,0.0,1.0
2016-09-12,0.0,0.0,0.0,0.0,1.0
2016-09-13,0.0,0.0,0.0,0.0,1.0
2016-09-14,0.0,0.0,0.0,0.0,1.0
2016-09-19,0.0,0.0,0.0,0.0,1.0
2016-09-20,0.0,0.0,0.0,0.0,1.0
2016-09-21,0.0,0.0,0.0,0.0,1.0
2016-09-22,0.0,0.0,0.0,0.0,1.0
2016-09-23,0.0,0.0,0.0,0.0,1.0
2016-09-26,0.0,0.0,0.0,0.0,1.0
2016-09-29,0.0,0.0,0.0,0.0,1.0
2016-09-30,0.0,0.0,0.0,0.0,1.0
2016-10-03,0.0,0.0,0.0,0.0,1.0
2016-10-04,0.0,0.0,0.0,0.0,1.0
2016-10-05,0.0,0.0,0.0,0.0,1.0
2016-10-06,0.0,0.0,0.0,0.0,1.0
2016-10-07,0.0,0.0,0.0,0.0,1.0
2016-10-11,0.0,0.0,0.0,0.0,1.0
2016-10-12,0.0,0.0,0.0,0.0,1.0
2016-10-13,0.0,0.0,0.0,0.0,1.0
2016-10-14,0.0,0.0,0.0,0.0,1.0
2016-10-17,0.0,0.0,0.0,0.0,1.0
2016-10-18,0.0,0.0,0.0,0.0,1.0
2016-10-19,0.0,0.0,0.0,0.0,1.0
2016-10-20,0.0,0.0,0.0,0.0,1.0
2016-10-21,0.0,0.0,0.0,0.0,1.0
2016-10-24,0.0,0.0,0.0,0.0,1.0
2016-10-25,0.0,0.0,0.0,0.0,1.0
2016-10-26,0.0,0.0,0.0,0.0,1.0
2016-10-27,0.0,0.0,0.0,0.0,1.0
2016-10-28,0.0,0.0,0.0,0.0,1.0
2016-10-31,0.0,0.0,0.0,0.0,1.0
2016-11-01,0.0,0.0,0.0,0.0,1.0
2016-11-02,0.0,0.0,0.0,0.0,1.0
2016-11-03,0.0,0.0,0.0,0.0,1.0
2016-11-04,0.0,0.0,0.0,0.0,1.0
2016-11-07,0.0,0.0,0.0,0.0,1.0
2016-11-08,0.0,0.0,0.0,0.0,1.0
2016-11-09,0.0,0.0,0.0,0.0,1.0
2016-11-10,0.0,0.0,0.0,0.0,1.0
2016-11-11,0.0,0.0,0.0,0.0,1.0
2016-11-14,0.0,0.0,0.0,0.0,1.0
2016-11-15,0.0,0.0,0.0,0.0,1.0
2016-11-16,0.0,0.0,0.0,0.0,1.0
2016-11-17,0.0,0.0,0.0,0.0,1.0
2016-11-18,0.0,0.0,0.0,0.0,1.0
2016-11-21,0.0,0.0,0.0,0.0,1.0
2016-11-22,0.0,0.0,0.0,0.0,1.0
2016-11-23,0.0,0.0,0.0,0.0,1.0
2016-11-24,0.0,0.0,0.0,0.0,1.0
2016-11-25,0.0,0.0,0.0,0.0,1.0
2016-11-28,0.0,0.0,0.0,0.0,1.0
2016-11-29,0.0,0.0,0.0,0.0,1.0
2016-11-30,0.0,0.0,0.0,0.0,1.0
2016-12-01,0.0,0.0,0.0,0.0,1.0
2016-12-02,0.0,0.0,0.0,0.0,1.0
2016-12-05,0.0,0.0,0.0,0.0,1.0
2016-12-06,0.0,0.0,0.0,0.0,1.0
2016-12-07,0.0,0.0,0.0,0.0,1.0
2016-12-08,0.0,0.0,0.0,0.0,1.0
2016-12-09,0.0,0.0,0.0,0.0,1.0
2016-12-12,0.0,0.0,0.0,0.0,1.0
2016-12-13,0.0,0.0,0.0,0.0,1.0
2016-12-14,0.0,0.0,0.0,0.0,1.0
2016-12-15,0.0,0.0,0.0,0.0,1.0
2016-12-16,0.0,0.0,0.0,0.0,1.0
2016-12-19,0.0,0.0,0.0,0.0,1.0
2016-12-20,0.0,0.0,0.0,0.0,1.0
2016-12-21,0.0,0.0,0.0,0.0,1.0
2016-12-22,0.0,0.0,0.0,0.0,1.0
2016-12-23,0.0,0.0,0.0,0.0,1.0
2016-12-26,0.0,0.0,0.0,0.0,1.0
2016-12-27,0.0,0.0,0.0,0.0,1.0
2016-12-28,0.0,0.0,0.0,0.0,1.0
2016-12-29,0.0,0.0,0.0,0.0,1.0
2016-12-30,0.0,0.0,0.0,0.0,1.0
2017-01-03,0.0,0.0,0.0,0.0,1.0
2017-01-04,0.0,0.0,0.0,0.0,1.0
2017-01-05,0.0,0.0,0.0,0.0,1.0
2017-01-06,0.0,0.0,0.0,0.0,1.0
2017-01-09,0.0,0.0,0.0,0.0,1.0
2017-01-10,0.0,0.0,0.0,0.0,1.0
2017-01-11,0.0,0.0,0.0,0.0,1.0
2017-01-12,0.0,0.0,0.0,0.0,1.0
2017-01-13,0.0,0.0,0.0,0.0,1.0
2017-01-16,0.0,0.0,0.0,0.0,1.0
2017-01-17,0.0,0.0,0.0,0.0,1.0
2017-01-18,0.0,0.0,0.0,0.0,1.0
2017-01-19,0.0,0.0,0.0,0.0,1.0
2017-01-20,0.0,0.0,0.0,0.0,1.0
2017-01-23,0.0,0.0,0.0,0.0,1.0
2017-01-24,0.0,0.0,0.0,0.0,1.0
2017-02-02,0.0,0.0,0.0,0.0,1.0
2017-02-03,0.0,0.0,0.0,0.0,1.0
2017-02-06,0.0,0.0,0.0,0.0,1.0
2017-02-07,0.0,0.0,0.0,0.0,1.0
2017-02-08,0.0,0.0,0.0,0.0,1.0
2017-02-09,0.0,0.0,0.0,0.0,1.0
2017-02-10,0.0,0.0,0.0,0.0,1.0
2017-02-13,0.0,0.0,0.0,0.0,1.0
2017-02-14,0.0,0.0,0.0,0.0,1.0
2017-02-15,0.0,0.0,0.0,0.0,1.0
2017-02-16,0.0,0.0,0.0,0.0,1.0
2017-02-17,0.0,0.0,0.0,0.0,1.0
2017-02-18,0.0,0.0,0.0,0.0,1.0
2017-02-20,0.0,0.0,0.0,0.0,1.0
2017-02-21,0.0,0.0,0.0,0.0,1.0
2017-02-22,0.0,0.0,0.0,0.0,1.0
2017-02-23,0.0,0.0,0.0,0.0,1.0
2017-02-24,0.0,0.0,0.0,0.0,1.0
2017-03-01,0.0,0.0,0.0,0.0,1.0
2017-03-02,0.0,0.0,0.0,0.0,1.0
2017-03-03,0.0,0.0,0.0,0.0,1.0
2017-03-06,0.0,0.0,0.0,0.0,1.0
2017-03-07,0.0,0.0,0.0,0.0,1.0
2017-03-08,0.0,0.0,0.0,0.0,1.0
2017-03-09,0.0,0.0,0.0,0.0,1.0
2017-03-10,0.0,0.0,0.0,0.0,1.0
2017-03-13,0.0,0.0,0.0,0.0,1.0
2017-03-14,0.0,0.0,0.0,0.0,1.0
2017-03-15,0.0,0.0,0.0,0.0,1.0
2017-03-16,0.0,0.0,0.0,0.0,1.0
2017-03-17,0.0,0.0,0.0,0.0,1.0
2017-03-20,0.0,0.0,0.0,0.0,1.0
2017-03-21,0.0,0.0,0.0,0.0,1.0
2017-03-22,0.0,0.0,0.0,0.0,1.0
2017-03-23,0.0,0.0,0.0,0.0,1.0
2017-03-24,0.0,0.0,0.0,0.0,1.0
2017-03-27,0.0,0.0,0.0,0.0,1.0
2017-03-28,0.0,0.0,0.0,0.0,1.0
2017-03-29,0.0,0.0,0.0,0.0,1.0
2017-03-30,0.0,0.0,0.0,0.0,1.0
2017-03-31,0.0,0.0,0.0,0.0,1.0
2017-04-05,0.0,0.0,0.0,0.0,1.0
2017-04-06,0.0,0.0,0.0,0.0,1.0
2017-04-07,0.0,0.0,0.0,0.0,1.0
2017-04-10,0.0,0.0,0.0,0.0,1.0
2017-04-11,0.0,0.0,0.0,0.0,1.0
2017-04-12,0.0,0.0,0.0,0.0,1.0
2017-04-13,0.0,0.0,0.0,0.0,1.0
2017-04-14,0.0,0.0,0.0,0.0,1.0
2017-04-17,0.0,0.0,0.0,0.0,1.0
2017-04-18,0.0,0.0,0.0,0.0,1.0
2017-04-19,0.0,0.0,0.0,0.0,1.0
2017-04-20,0.0,0.0,0.0,0.0,1.0
2017-04-21,0.0,0.0,0.0,0.0,1.0
2017-04-24,0.0,0.0,0.0,0.0,1.0
2017-04-25,0.0,0.0,0.0,0.0,1.0
2017-04-26,0.0,0.0,0.0,0.0,1.0
2017-04-27,0.0,0.0,0.0,0.0,1.0
2017-04-28,0.0,0.0,0.0,0.0,1.0
2017-05-02,0.0,0.0,0.0,0.0,1.0
2017-05-03,0.0,0.0,0.0,0.0,1.0
2017-05-04,0.0,0.0,0.0,0.0,1.0
2017-05-05,0.0,0.0,0.0,0.0,1.0
2017-05-08,0.0,0.0,0.0,0.0,1.0
2017-05-09,0.0,0.0,0.0,0.0,1.0
2017-05-10,0.0,0.0,0.0,0.0,1.0
2017-05-11,0.0,0.0,0.0,0.0,1.0
2017-05-12,0.0,0.0,0.0,0.0,1.0
2017-05-15,0.0,0.0,0.0,0.0,1.0
2017-05-16,0.0,0.0,0.0,0.0,1.0
2017-05-17,0.0,0.0,0.0,0.0,1.0
2017-05-18,0.0,0.0,0.0,0.0,1.0
2017-05-19,0.0,0.0,0.0,0.0,1.0
2017-05-22,0.0,0.0,0.0,0.0,1.0
2017-05-23,0.0,0.0,0.0,0.0,1.0
2017-05-24,0.0,0.0,0.0,0.0,1.0
2017-05-25,0.0,0.0,0.0,0.0,1.0
2017-05-26,0.0,0.0,0.0,0.0,1.0
2017-05-31,0.0,0.0,0.0,0.0,1.0
2017-06-01,0.0,0.0,0.0,0.0,1.0
2017-06-02,0.0,0.0,0.0,0.0,1.0
2017-06-03,0.0,0.0,0.0,0.0,1.0
2017-06-05,0.0,0.0,0.0,0.0,1.0
2017-06-06,0.0,0.0,0.0,0.0,1.0
2017-06-07,0.0,0.0,0.0,0.0,1.0
2017-06-08,0.0,0.0,0.0,0.0,1.0
2017-06-09,0.0,0.0,0.0,0.0,1.0
2017-06-12,0.0,0.0,0.0,0.0,1.0
2017-06-13,0.0,0.0,0.0,0.0,1.0
2017-06-14,0.0,0.0,0.0,0.0,1.0
2017-06-15,0.0,0.0,0.0,0.0,1.0
2017-06-16,0.0,0.0,0.0,0.0,1.0
2017-06-19,0.0,0.0,0.0,0.0,1.0
2017-06-20,0.0,0.0,0.0,0.0,1.0
2017-06-21,0.0,0.0,0.0,0.0,1.0
2017-06-22,0.0,0.0,0.0,0.0,1.0
2017-06-23,0.0,0.0,0.0,0.0,1.0
2017-06-26,0.0,0.0,0.0,0.0,1.0
2017-06-27,0.0,0.0,0.0,0.0,1.0
2017-06-28,0.0,0.0,0.0,0.0,1.0
2017-06-29,0.0,0.0,0.0,0.0,1.0
2017-06-30,0.0,0.0,0.0,0.0,1.0
2017-07-03,0.0,0.0,0.0,0.0,1.0
2017-07-04,0.0,0.0,0.0,0.0,1.0
2017-07-05,0.0,0.0,0.0,0.0,1.0
2017-07-06,0.0,0.0,0.0,0.0,1.0
2017-07-07,0.0,0.0,0.0,0.0,1.0
2017-07-10,0.0,0.0,0.0,0.0,1.0
2017-07-11,0.0,0.0,0.0,0.0,1.0
2017-07-12,0.0,0.0,0.0,0.0,1.0
2017-07-13,0.0,0.0,0.0,0.0,1.0
2017-07-14,0.0,0.0,0.0,0.0,1.0
2017-07-17,0.0,0.0,0.0,0.0,1.0
2017-07-18,0.0,0.0,0.0,0.0,1.0
2017-07-19,0.0,0.0,0.0,0.0,1.0
2017-07-20,0.0,0.0,0.0,0.0,1.0
2017-07-21,0.0,0.0,0.0,0.0,1.0
2017-07-24,0.0,0.0,0.0,0.0,1.0
2017-07-25,0.0,0.0,0.0,0.0,1.0
2017-07-26,0.0,0.0,0.0,0.0,1.0
2017-07-27,0.0,0.0,0.0,0.0,1.0
2017-07-28,0.0,0.0,0.0,0.0,1.0
2017-07-31,0.0,0.0,0.0,0.0,1.0
2017-08-01,0.0,0.0,0.0,0.0,1.0
2017-08-02,0.0,0.0,0.0,0.0,1.0
2017-08-03,0.0,0.0,0.0,0.0,1.0
2017-08-04,0.0,0.0,0.0,0.0,1.0
2017-08-07,0.0,0.0,0.0,0.0,1.0
2017-08-08,0.0,0.0,0.0,0.0,1.0
2017-08-09,0.0,0.0,0.0,0.0,1.0
2017-08-10,0.0,0.0,0.0,0.0,1.0
2017-08-11,0.0,0.0,0.0,0.0,1.0
2017-08-14,0.0,0.0,0.0,0.0,1.0
2017-08-15,0.0,0.0,0.0,0.0,1.0
2017-08-16,0.0,0.0,0.0,0.0,1.0
2017-08-17,0.0,0.0,0.0,0.0,1.0
2017-08-18,0.0,0.0,0.0,0.0,1.0
2017-08-21,0.0,0.0,0.0,0.0,1.0
2017-08-22,0.0,0.0,0.0,0.0,1.0
2017-08-23,0.0,0.0,0.0,0.0,1.0
2017-08-24,0.0,0.0,0.0,0.0,1.0
2017-08-25,0.0,0.0,0.0,0.0,1.0
2017-08-28,0.0,0.0,0.0,0.0,1.0
2017-08-29,0.0,0.0,0.0,0.0,1.0
2017-08-30,0.0,0.0,0.0,0.0,1.0
2017-08-31,0.0,0.0,0.0,0.0,1.0
2017-09-01,0.0,0.0,0.0,0.0,1.0
2017-09-04,0.0,0.0,0.0,0.0,1.0
2017-09-05,0.0,0.0,0.0,0.0,1.0
2017-09-06,0.0,0.0,0.0,0.0,1.0
2017-09-07,0.0,0.0,0.0,0.0,1.0
2017-09-08,0.0,0.0,0.0,0.0,1.0
2017-09-11,0.0,0.0,0.0,0.0,1.0
2017-09-12,0.0,0.0,0.0,0.0,1.0
2017-09-13,0.0,0.0,0.0,0.0,1.0
2017-09-14,0.0,0.0,0.0,0.0,1.0
2017-09-15,0.0,0.0,0.0,0.0,1.0
2017-09-18,0.0,0.0,0.0,0.0,1.0
2017-09-19,0.0,0.0,0.0,0.0,1.0
2017-09-20,0.0,0.0,0.0,0.0,1.0
2017-09-21,0.0,0.0,0.0,0.0,1.0
2017-09-22,0.0,0.0,0.0,0.0,1.0
2017-09-25,0.0,0.0,0.0,0.0,1.0
2017-09-26,0.0,0.0,0.0,0.0,1.0
2017-09-27,0.0,0.0,0.0,0.0,1.0
2017-09-28,0.0,0.0,0.0,0.0,1.0
2017-09-29,0.0,0.0,0.0,0.0,1.0
2017-09-30,0.0,0.0,0.0,0.0,1.0
2017-10-02,0.0,0.0,0.0,0.0,1.0
2017-10-03,0.0,0.0,0.0,0.0,1.0
2017-10-05,0.0,0.0,0.0,0.0,1.0
2017-10-06,0.0,0.0,0.0,0.0,1.0
2017-10-11,0.0,0.0,0.0,0.0,1.0
2017-10-12,0.0,0.0,0.0,0.0,1.0
2017-10-13,0.0,0.0,0.0,0.0,1.0
2017-10-16,0.0,0.0,0.0,0.0,1.0
2017-10-17,0.0,0.0,0.0,0.0,1.0
2017-10-18,0.0,0.0,0.0,0.0,1.0
2017-10-19,0.0,0.0,0.0,0.0,1.0
2017-10-20,0.0,0.0,0.0,0.0,1.0
2017-10-23,0.0,0.0,0.0,0.0,1.0
2017-10-24,0.0,0.0,0.0,0.0,1.0
2017-10-25,0.0,0.0,0.0,0.0,1.0
2017-10-26,0.0,0.0,0.0,0.0,1.0
2017-10-27,0.0,0.0,0.0,0.0,1.0
2017-10-30,0.0,0.0,0.0,0.0,1.0
2017-10-31,0.0,0.0,0.0,0.0,1.0
2017-11-01,0.0,0.0,0.0,0.0,1.0
2017-11-02,0.0,0.0,0.0,0.0,1.0
2017-11-03,0.0,0.0,0.0,0.0,1.0
2017-11-06,0.0,0.0,0.0,0.0,1.0
2017-11-07,0.0,0.0,0.0,0.0,1.0
2017-11-08,0.0,0.0,0.0,0.0,1.0
2017-11-09,0.0,0.0,0.0,0.0,1.0
2017-11-10,0.0,0.0,0.0,0.0,1.0
2017-11-13,0.0,0.0,0.0,0.0,1.0
2017-11-14,0.0,0.0,0.0,0.0,1.0
2017-11-15,0.0,0.0,0.0,0.0,1.0
2017-11-16,0.0,0.0,0.0,0.0,1.0
2017-11-17,0.0,0.0,0.0,0.0,1.0
2017-11-20,0.0,0.0,0.0,0.0,1.0
2017-11-21,0.0,0.0,0.0,0.0,1.0
2017-11-22,0.0,0.0,0.0,0.0,1.0
2017-11-23,0.0,0.0,0.0,0.0,1.0
2017-11-24,0.0,0.0,0.0,0.0,1.0
2017-11-27,0.0,0.0,0.0,0.0,1.0
2017-11-28,0.0,0.0,0.0,0.0,1.0
2017-11-29,0.0,0.0,0.0,0.0,1.0
2017-11-30,0.0,0.0,0.0,0.0,1.0
2017-12-01,0.0,0.0,0.0,0.0,1.0
2017-12-04,0.0,0.0,0.0,0.0,1.0
2017-12-05,0.0,0.0,0.0,0.0,1.0
2017-12-06,0.0,0.0,0.0,0.0,1.0
2017-12-07,0.0,0.0,0.0,0.0,1.0
2017-12-08,0.0,0.0,0.0,0.0,1.0
2017-12-11,0.0,0.0,0.0,0.0,1.0
2017-12-12,0.0,0.0,0.0,0.0,1.0
2017-12-13,0.0,0.0,0.0,0.0,1.0
2017-12-14,0.0,0.0,0.0,0.0,1.0
2017-12-15,0.0,0.0,0.0,0.0,1.0
2017-12-18,0.0,0.0,0.0,0.0,1.0
2017-12-19,0.0,0.0,0.0,0.0,1.0
2017-12-20,0.0,0.0,0.0,0.0,1.0
2017-12-21,0.0,0.0,0.0,0.0,1.0
2017-12-22,0.0,0.0,0.0,0.0,1.0
2017-12-25,0.0,0.0,0.0,0.0,1.0
2017-12-26,0.0,0.0,0.0,0.0,1.0
2017-12-27,0.0,0.0,0.0,0.0,1.0
2017-12-28,0.0,0.0,0.0,0.0,1.0
2017-12-29,0.0,0.0,0.0,0.0,1.0
2018-01-02,0.0,0.0,0.0,0.0,1.0
2018-01-03,0.0,0.0,0.0,0.0,1.0
2018-01-04,0.0,0.0,0.0,0.0,1.0
2018-01-05,0.0,0.0,0.0,0.0,1.0
2018-01-08,0.0,0.0,0.0,0.0,1.0
2018-01-09,0.0,0.0,0.0,0.0,1.0
2018-01-10,0.0,0.0,0.0,0.0,1.0
2018-01-11,0.0,0.0,0.0,0.0,1.0
2018-01-12,0.0,0.0,0.0,0.0,1.0
2018-01-15,0.0,0.0,0.0,0.0,1.0
2018-01-16,0.0,0.0,0.0,0.0,1.0
2018-01-17,0.0,0.0,0.0,0.0,1.0
2018-01-18,0.0,0.0,0.0,0.0,1.0
2018-01-19,0.0,0.0,0.0,0.0,1.0
2018-01-22,0.0,0.0,0.0,0.0,1.0
2018-01-23,0.0,0.0,0.0,0.0,1.0
2018-01-24,0.0,0.0,0.0,0.0,1.0
2018-01-25,0.0,0.0,0.0,0.0,1.0
2018-01-26,0.0,0.0,0.0,0.0,1.0
2018-01-29,0.0,0.0,0.0,0.0,1.0
2018-01-30,0.0,0.0,0.0,0.0,1.0
2018-01-31,0.0,0.0,0.0,0.0,1.0
2018-02-01,0.0,0.0,0.0,0.0,1.0
2018-02-02,-0.0044065590272486695,-0.006331559027248669,1.0,0.001925,0.9936684409727513
2018-02-05,-0.01290859142520387,-0.01290859142520387,0.0,0.0,0.9808415810561147
2018-02-06,-0.042176445522153105,-0.042176445522153105,0.0,0.0,0.9394731695468389
2018-02-07,0.014757688240089398,0.014757688240089398,0.0,0.0,0.9533376216929399
2018-02-08,7.788710766383879e-05,7.788710766383879e-05,0.0,0.0,0.9534118744029207
2018-02-09,-0.008065187526103806,-0.008065187526103806,0.0,0.0,0.945722428846247
2018-02-12,0.004905090068435127,0.004905090068435127,0.0,0.0,0.950361282539477
2018-02-21,0.021775091372780272,0.021775091372780272,0.0,0.0,0.9710554863039269
2018-02-22,0.0012695487358369672,0.0012695487358369672,0.0,0.0,0.9722882885689916
2018-02-23,0.008084174313338244,0.008084174313338244,0.0,0.0,0.9801484365766007
2018-02-26,0.004460451369798582,0.004460451369798582,0.0,0.0,0.9845203410131347
2018-02-27,-0.0027523511995426963,-0.0027523511995426963,0.0,0.0,0.981810595271573
2018-03-01,0.0009677176236784732,0.0009677176236784732,0.0,0.0,0.9827607106877315
2018-03-02,-0.006142996120287056,-0.006142996120287056,0.0,0.0,0.9767236154548062
2018-03-05,-0.007828860127338041,-0.007828860127338041,0.0,0.0,0.9690769828863426
2018-03-06,0.007809033696362911,0.007809033696362911,0.0,0.0,0.9766445377000719
2018-03-07,0.000564831180446565,0.000564831180446565,0.0,0.0,0.9771961769871776
2018-03-08,0.005877228760677499,0.005877228760677499,0.0,0.0,0.9829393824633907
2018-03-09,0.0011873366306627917,0.0011873366306627917,0.0,0.0,0.9841064623979106
2018-03-12,0.007832801605766436,0.007832801605766436,0.0,0.0,0.9918147730768261
2018-03-13,0.004598312373341359,0.004598312373341359,0.0,0.0,0.996375447219928
2018-03-14,-0.0015951214650872037,-0.0015951214650872037,0.0,0.0,0.9947861073567816
2018-03-15,0.00011909819680796152,0.00011909819680796152,0.0,0.0,0.9949045845883775
2018-03-16,0.005649161939981463,0.005649161939981463,0.0,0.0,1.0005249617015473
2018-03-19,0.0003566547005418916,0.0003566547005418916,0.0,0.0,1.0008818036321476
2018-03-20,-0.0016816290199199557,-0.0016816290199199557,0.0,0.0,0.99919869174565
2018-03-21,0.0008670691755207456,0.0008670691755207456,0.0,0.0,1.0000650661314834
2018-03-22,0.0004911829916654716,0.0004911829916654716,0.0,0.0,1.000556281082526
2018-03-23,-0.01201572584309478,-0.01201572584309478,0.0,0.0,0.9885338711184518
2018-03-26,0.0026546985880109616,0.0026546985880109616,0.0,0.0,0.991158130590311
2018-03-27,0.00698866978124511,0.00698866978124511,0.0,0.0,0.9980850074660029
2018-03-28,-0.004285811917219103,-0.004285811917219103,0.0,0.0,0.9938074028466074
2018-03-29,-0.001337155283383783,-0.001337155283383783,0.0,0.0,0.9924785280272251
2018-03-30,0.006267366233801174,0.006267366233801174,0.0,0.0,0.9986987544415555
2018-03-31,0.0018541256131515416,0.0018541256131515416,0.0,0.0,1.000550467381988
2018-04-02,-0.0023500008057589106,-0.0023500008057589106,0.0,0.0,0.998199172977438
2018-04-03,-0.005170618343754806,-0.005170618343754806,0.0,0.0,0.99303786602292
2018-04-09,0.008393671249644586,0.008393671249644586,0.0,0.0,1.001373099408765
2018-04-10,0.004650314264843783,0.004650314264843783,0.0,0.0,1.0060297990173765
2018-04-11,0.001555445755191739,0.001555445755191739,0.0,0.0,1.0075946237978546
2018-04-12,0.0010671818425533977,0.0010671818425533977,0.0,0.0,1.008669910485026
2018-04-13,-0.0006262754983921424,-0.0006262754983921424,0.0,0.0,1.008038205234124
2018-04-16,-0.0013745083949020032,-0.0013745083949020032,0.0,0.0,1.0066526482586475
2018-04-17,-0.007915585987083164,-0.007915585987083164,0.0,0.0,0.9986844026622312
2018-04-18,0.004311185731549525,0.004311185731549525,0.0,0.0,1.0029899166093097
2018-04-19,0.008324431189158845,0.008324431189158845,0.0,0.0,1.0113392371535441
2018-04-20,-0.0027621475059168067,-0.0027621475059168067,0.0,0.0,1.0085457690020045
2018-04-23,-0.0008053316337491724,-0.0008053316337491724,0.0,0.0,1.0077335551901434
2018-04-24,-0.011069330700877539,-0.011069330700877539,0.0,0.0,0.9965786192093726
2018-04-25,0.0007689834204991777,0.0007689834204991777,0.0,0.0,0.9973449716447685
2018-04-26,-0.0025819489222508865,-0.0025819489222508865,0.0,0.0,0.9947698778701181
2018-04-27,0.004641530854886397,0.004641530854886397,0.0,0.0,0.9993871329517637
2018-04-30,0.008861409364329982,0.008861409364329982,0.0,0.0,1.0082431114502934
2018-05-02,0.0008621354127041749,0.0008621354127041749,0.0,0.0,1.0091123535412896
2018-05-03,-0.007299111730590518,-0.007299111730590518,0.0,0.0,1.0017467297240725
2018-05-04,-0.0007387528946151361,-0.0007387528946151361,0.0,0.0,1.0010066864278175
2018-05-07,0.0023287431967162287,0.0023287431967162287,0.0,0.0,1.0033377739387037
2018-05-08,0.004847794636596951,0.004847794636596951,0.0,0.0,1.008201749417899
2018-05-09,-0.0016800506376422981,-0.0016800506376422981,0.0,0.0,1.0065079194259174
2018-05-10,0.0024414774662663563,0.0024414774662663563,0.0,0.0,1.0089652858308145
2018-05-11,0.005603934364426634,0.005603934364426634,0.0,0.0,1.0146194610685955
2018-05-14,0.004100217992499697,0.004100217992499697,0.0,0.0,1.018779622038409
2018-05-15,-0.002105896010037434,-0.002105896010037434,0.0,0.0,1.016634178097251
2018-05-16,0.005543233187574282,0.005543233187574282,0.0,0.0,1.0222696184129019
2018-05-17,0.00017221868592176597,0.00017221868592176597,0.0,0.0,1.022445672343243
2018-05-18,0.0034378361003237394,0.0034378361003237394,0.0,0.0,1.0259606729862443
2018-05-21,0.0078484604098276,0.0078484604098276,0.0,0.0,1.034012884710217
2018-05-22,-0.0031714040015423067,-0.0031714040015423067,0.0,0.0,1.0307336121100008
2018-05-23,-0.001384712413476794,-0.001384712413476794,0.0,0.0,1.0293063424823243
2018-05-24,0.004360044780542632,0.004360044780542632,0.0,0.0,1.0337941642284436
2018-05-25,0.0009022136847407323,0.0009022136847407323,0.0,0.0,1.0347268674706156
2018-05-28,0.003723899597689507,0.003723899597689507,0.0,0.0,1.038580086436108
2018-05-29,-0.0016686106884690765,-0.0016686106884690765,0.0,0.0,1.0368471006030495
2018-05-30,-0.012195931582684559,-0.012195931582684559,0.0,0.0,1.0242017843023898
2018-05-31,0.007864578887280585,0.007864578887280585,0.0,0.0,1.0322567000315295
2018-06-01,0.004522917546874232,0.004522917546874232,0.0,0.0,1.0369255119729806
2018-06-04,0.008244437408742254,0.008244437408742254,0.0,0.0,1.0454743794539698
2018-06-05,0.0018485780056699608,0.0018485780056699608,0.0,0.0,1.04740702039732
2018-06-06,0.0062651475346953535,0.0062651475346953535,0.0,0.0,1.053969179908985
2018-06-07,0.004208703118545392,0.004208703118545392,0.0,0.0,1.0584050232833186
2018-06-08,-0.004259088593687048,-0.004259088593687048,0.0,0.0,1.0538971825211516
2018-06-11,0.000277983396974842,0.000277983396974842,0.0,0.0,1.0541901484400111
2018-06-12,-0.0017179429406862816,-0.0017179429406862816,0.0,0.0,1.0523791099163575
2018-06-13,-0.002375121760634316,-0.002375121760634316,0.0,0.0,1.0498795813919581
2018-06-14,-0.01038463475375108,-0.01038463475375108,0.0,0.0,1.0389769654037815
2018-06-15,0.0012196873039648482,0.0012196873039648482,0.0,0.0,1.0402441924175965
2018-06-19,-0.01031467750521194,-0.01031467750521194,0.0,0.0,1.0295144090461392
2018-06-20,0.0033492581430076664,0.0033492581430076664,0.0,0.0,1.0329625185639808
2018-06-21,0.003080393961301213,0.003080393961301213,0.0,0.0,1.0361444500684156
2018-06-22,-0.001985539064402437,-0.001985539064402437,0.0,0.0,1.034087144786441
2018-06-25,-0.0026192113807177618,-0.0026192113807177618,0.0,0.0,1.0313786519681625
2018-06-26,-0.0025208331458221444,-0.0025208331458221444,0.0,0.0,1.0287787184763877
2018-06-27,-0.0038164001371965165,-0.0038164001371965165,0.0,0.0,1.0248524872340494
2018-06-28,-0.005043361872726349,-0.005043361872726349,0.0,0.0,1.0196837852747644
2018-06-29,0.012666276803530503,0.012666276803530503,0.0,0.0,1.0325993823511266
2018-07-02,-0.005739832564828823,-0.005739832564828823,0.0,0.0,1.0266724347898855
2018-07-03,-0.006829308401932701,-0.006829308401932701,0.0,0.0,1.019660972104942
2018-07-04,0.0019351013621111855,0.0019351013621111855,0.0,0.0,1.021634119440954
2018-07-05,-0.007014786625433738,-0.007014786625433738,0.0,0.0,1.0144675740838127
2018-07-06,-0.002520838888271418,-0.002520838888271418,0.0,0.0,1.0119102647721718
2018-07-09,0.009023495294112165,0.009023495294112165,0.0,0.0,1.0210412322844074
2018-07-10,0.002637683681901725,0.002637683681901725,0.0,0.0,1.0237344160813528
2018-07-11,-0.007232901312234819,-0.007232901312234819,0.0,0.0,1.016329846079898
2018-07-12,0.004845900468229051,0.004845900468229051,0.0,0.0,1.0212548793568916
2018-07-13,0.005958597699004572,0.005958597699004572,0.0,0.0,1.0273401263311248
2018-07-16,-0.00355770778147724,-0.00355770778147724,0.0,0.0,1.0236851503694528
2018-07-17,-2.3696308335310326e-06,-2.3696308335310326e-06,0.0,0.0,1.0236827246135567
2018-07-18,0.003503676371109727,0.003503676371109727,0.0,0.0,1.0272693775872985
2018-07-19,-0.004184152123833792,-0.004184152123833792,0.0,0.0,1.022971126239317
2018-07-20,-6.843418447304229e-05,-6.843418447304229e-05,0.0,0.0,1.0229011200445535
2018-07-23,-0.0022064575686175716,-0.0022064575686175716,0.0,0.0,1.0206441321262838
2018-07-24,0.005818538133686584,0.005818538133686584,0.0,0.0,1.0265827889299841
2018-07-25,-0.0009070992577475242,-0.0009070992577475242,0.0,0.0,1.0256515764441292
2018-07-26,0.0030934828648951527,0.0030934828648951527,0.0,0.0,1.0288244120212118
2018-07-27,0.0010988165161480096,0.0010988165161480096,0.0,0.0,1.029954901277357
2018-07-30,-0.0025505710231916406,-0.0025505710231916406,0.0,0.0,1.0273279281509646
2018-07-31,0.005776963056392017,0.005776963056392017,0.0,0.0,1.0332627636386924
2018-08-01,0.002369654299770165,0.002369654299770165,0.0,0.0,1.0357112391893413
2018-08-02,-0.012032868335995076,-0.012032868335995076,0.0,0.0,1.0232486622140657
2018-08-03,0.006121177826931473,0.006121177826931473,0.0,0.0,1.0295121492366477
2018-08-06,0.0028160366539175643,0.0028160366539175643,0.0,0.0,1.0324112931845515
2018-08-07,0.0010851260008001664,0.0010851260008001664,0.0,0.0,1.0335315895223058
2018-08-08,0.0034321310747665095,0.0034321310747665095,0.0,0.0,1.0370788054074582
2018-08-09,-0.005224368653158197,-0.005224368653158197,0.0,0.0,1.0316607234056328
2018-08-10,-0.003052220902642553,-0.003052220902642553,0.0,0.0,1.0285118669812188
2018-08-13,-0.016667845945845628,-0.016667845945845628,0.0,0.0,1.0113687896289019
2018-08-14,0.006191096423690954,0.006191096423690954,0.0,0.0,1.017630271325406
2018-08-15,-0.011585243150098824,-0.011585243150098824,0.0,0.0,1.0058407771952
2018-08-16,-0.005655627889650773,-0.005655627889650773,0.0,0.0,1.0001521160431468
2018-08-17,0.0005629058460242588,0.0005629058460242588,0.0,0.0,1.000715107516181
2018-08-20,0.0018290924763057835,0.0018290924763057835,0.0,0.0,1.0025455079902645
2018-08-21,0.007017723727018826,0.007017723727018826,0.0,0.0,1.009581095389104
2018-08-22,0.0013504690381232808,0.0013504690381232808,0.0,0.0,1.0109445033999014
2018-08-23,0.003970722449778062,0.003970722449778062,0.0,0.0,1.014958683435031
2018-08-24,-0.007490501905977475,-0.007490501905977475,0.0,0.0,1.0073561334822725
2018-08-27,0.007509421623473414,0.007509421623473414,0.0,0.0,1.0149207954135828
2018-08-28,0.004489723331651674,0.004489723331651674,0.0,0.0,1.0194775089885297
2018-08-29,0.0016277101221966828,0.0016277101221966828,0.0,0.0,1.0211369228492622
2018-08-30,-0.0030602779315391845,-0.0030602779315391845,0.0,0.0,1.0180119600591868
2018-08-31,0.0038066496256431953,0.0038066496256431953,0.0,0.0,1.0218871749058465
2018-09-03,-0.010489771771965003,-0.010489771771965003,0.0,0.0,1.011167811664386
2018-09-04,0.001950796443302585,0.001950796443302585,0.0,0.0,1.013140394234963
2018-09-05,-0.0118762221906787,-0.0118762221906787,0.0,0.0,1.0011081138026767
2018-09-06,-0.004054715568249334,-0.004054715568249334,0.0,0.0,0.9970489051481403
2018-09-07,-0.008913700074707386,-0.008913700074707386,0.0,0.0,0.9881615102478344
2018-09-10,-0.010329091208058206,-0.010329091208058206,0.0,0.0,0.9779546998801919
2018-09-11,0.006719925313890873,0.006719925313890873,0.0,0.0,0.9845264824237553
2018-09-12,-0.0010036248881562244,-0.0010036248881562244,0.0,0.0,0.983538387142946
2018-09-13,0.005684190430277361,0.005684190430277361,0.0,0.0,0.9891290066309543
2018-09-14,0.005986605565321105,0.005986605565321105,0.0,0.0,0.9950505318468716
2018-09-17,-0.0005106002186511734,-0.0005106002186511734,0.0,0.0,0.9945424588277417
2018-09-18,0.0010375770728199662,0.0010375770728199662,0.0,0.0,0.9955743732809673
2018-09-19,0.007012160433107344,0.007012160433107344,0.0,0.0,1.0025555005095037
2018-09-20,-0.0040232893487912175,-0.0040232893487912175,0.0,0.0,0.9985219296427317
2018-09-21,0.01274446102879948,0.01274446102879948,0.0,0.0,1.011247553461465
2018-09-25,0.0006251268435847434,0.0006251268435847434,0.0,0.0,1.0118797114526434
2018-09-26,-0.002236029980784354,-0.002236029980784354,0.0,0.0,1.009617118080888
2018-09-27,0.004966912600834978,0.004966912600834978,0.0,0.0,1.0146317980667026
2018-09-28,-0.0014348754381742967,-0.0014348754381742967,0.0,0.0,1.013175927820866
2018-10-01,0.0020141397054235536,0.0020141397054235536,0.0,0.0,1.0152166056856695
2018-10-02,-0.00871635858694757,-0.00871635858694757,0.0,0.0,1.0063676137070896
2018-10-03,-0.0031563759108989052,-0.0031563759108989052,0.0,0.0,1.0031911392136756
2018-10-04,-0.007081079918274627,-0.007081079918274627,0.0,0.0,0.9960874625835986
2018-10-05,-0.013054041429518059,-0.013054041429518059,0.0,0.0,0.9830844955796088
2018-10-08,-0.00019729176157785042,-0.00019729176157785042,0.0,0.0,0.9828905411076959
2018-10-09,0.0026742103874728075,0.0026742103874728075,0.0,0.0,0.9855189972024749
2018-10-11,-0.05377392676337063,-0.05377392676337063,0.0,0.0,0.9325237708229985
2018-10-12,0.015576882261050595,0.015576882261050595,0.0,0.0,0.9470495838067394
2018-10-15,-0.012562981620736864,-0.012562981620736864,0.0,0.0,0.9351518172914488
2018-10-16,0.0013593448781578075,0.0013593448781578075,0.0,0.0,0.9364230111245838
2018-10-17,-0.0006953969366395653,-0.0006953969366395653,0.0,0.0,0.935771825431249
2018-10-18,-9.940968713373984e-05,-9.940968713373984e-05,0.0,0.0,0.9356788006468544
2018-10-19,-0.004216765607095174,-0.004216765607095174,0.0,0.0,0.9317332624609986
2018-10-22,0.004089214662430547,0.004089214662430547,0.0,0.0,0.9355433197793284
2018-10-23,-0.012565765551424489,-0.012565765551424489,0.0,0.0,0.92378750175978
2018-10-24,-0.0036633557831657615,-0.0036633557831657615,0.0,0.0,0.920403339472792
2018-10-25,-0.01859691683416775,-0.01859691683416775,0.0,0.0,0.9032866751147262
2018-10-26,-0.0005909011393376762,-0.0005909011393376762,0.0,0.0,0.9027529219892523
2018-10-29,0.00034928542224043604,0.00034928542224043604,0.0,0.0,0.9030682404247881
2018-10-30,0.003870341035983426,0.003870341035983426,0.0,0.0,0.9065634224939976
2018-10-31,0.020185194040448842,0.020185194040448842,0.0,0.0,0.9248625810870124
2018-11-01,0.00236075121426217,0.00236075121426217,0.0,0.0,0.9270459515483392
2018-11-02,0.01008034264189234,0.01008034264189234,0.0,0.0,0.9363908923847256
2018-11-05,0.0011324926673883858,0.0011324926673883858,0.0,0.0,0.9374513482041605
2018-11-06,-0.004234131504981501,-0.004234131504981501,0.0,0.0,0.9334820559163419
2018-11-07,0.010643874432318911,0.010643874432318911,0.0,0.0,0.9434179217043384
2018-11-08,0.004561172881430627,0.004561172881430627,0.0,0.0,0.9477210139446718
2018-11-09,-0.00603465531487148,-0.00603465531487148,0.0,0.0,0.9420018442908552
2018-11-12,-0.00035692002781221536,-0.00035692002781221536,0.0,0.0,0.9416656249663918
2018-11-13,-0.0007923755997384545,-0.0007923755997384545,0.0,0.0,0.9409194721020561
2018-11-14,0.004724264076976708,0.004724264076976708,0.0,0.0,0.9453646241634357
2018-11-15,0.0004931015746284918,0.0004931015746284918,0.0,0.0,0.9458307849482088
2018-11-16,0.0013991124968455414,0.0013991124968455414,0.0,0.0,0.9471541086193311
2018-11-19,0.007116094402599993,0.007116094402599993,0.0,0.0,0.9538941466700769
2018-11-20,-0.004996863448551594,-0.004996863448551594,0.0,0.0,0.9491276678747939
2018-11-21,0.0005770637852353473,0.0005770637852353473,0.0,0.0,0.9496753750794893
2018-11-22,-0.003092637815972811,-0.003092637815972811,0.0,0.0,0.9467383731016203
2018-11-23,-0.0045289564510404565,-0.0045289564510404565,0.0,0.0,0.9424506362393142
2018-11-26,0.004951705030693567,0.004951705030693567,0.0,0.0,0.9471173737959607
2018-11-27,0.00027693698958026385,0.00027693698958026385,0.0,0.0,0.947379665630239
2018-11-28,0.00862504072960632,0.00862504072960632,0.0,0.0,0.9555508538327006
2018-11-29,-0.0023971802814396507,-0.0023971802814396507,0.0,0.0,0.95326022616798
2018-11-30,0.003887425963122672,0.003887425963122672,0.0,0.0,0.9569659547207977
2018-12-03,0.013640083462815943,0.013640083462815943,0.0,0.0,0.9700190502142626
2018-12-04,-0.0007531801586128051,-0.0007531801586128051,0.0,0.0,0.9692884511121648
2018-12-05,-0.010022530835059128,-0.010022530835059128,0.0,0.0,0.9595737277228265
2018-12-06,-0.015417418937850393,-0.015417418937850393,0.0,0.0,0.9447795775607688
2018-12-07,0.005862422524926813,0.005862422524926813,0.0,0.0,0.950318274637352
2018-12-10,-0.01132997023667387,-0.01132997023667387,0.0,0.0,0.9395511968703436
2018-12-11,0.000368544242246337,0.000368544242246337,0.0,0.0,0.9398974630542458
2018-12-12,0.0055834770422450684,0.0055834770422450684,0.0,0.0,0.9451453589612737
2018-12-13,0.004742998072313067,0.004742998072313067,0.0,0.0,0.9496281815768827
2018-12-14,-0.003450661605699443,-0.003450661605699443,0.0,0.0,0.9463513360710252
2018-12-17,-0.0008013845600751936,-0.0008013845600751936,0.0,0.0,0.9455929447218914
2018-12-18,-0.00975020750603317,-0.00975020750603317,0.0,0.0,0.936373217294612
2018-12-19,0.004823285501858666,0.004823285501858666,0.0,0.0,0.9408896126579178
2018-12-20,-0.0067144446227745715,-0.0067144446227745715,0.0,0.0,0.9345720614575824
2018-12-21,-0.0021853090001630695,-0.0021853090001630695,0.0,0.0,0.9325297327203782
2018-12-22,2.7434109772809883e-05,2.7434109772809883e-05,0.0,0.0,0.9325553158434321
2018-12-24,0.005786253763673364,0.005786253763673364,0.0,0.0,0.9379513175495646
2018-12-25,-0.01081038952362817,-0.01081038952362817,0.0,0.0,0.9278116984526537
2018-12-26,-0.005287786303135658,-0.005287786303135658,0.0,0.0,0.9229056284616867
2018-12-27,0.010181878108095758,0.010181878108095758,0.0,0.0,0.9323025410759591
2018-12-28,0.0074223697152819915,0.0074223697152819915,0.0,0.0,0.9392224352223217
2019-01-02,-0.010052862607036554,-0.010052862607036554,0.0,0.0,0.9297805611235854
2019-01-03,-0.0008959815967627864,-0.0008959815967627864,0.0,0.0,0.928947494851791
2019-01-04,-0.0031405901008094025,-0.0031405901008094025,0.0,0.0,0.9260300515452877
2019-01-07,0.01686874216153518,0.01686874216153518,0.0,0.0,0.9416510137186384
2019-01-08,-0.003324447076482624,-0.003324447076482624,0.0,0.0,0.9385205447590146
2019-01-09,0.014216314499946668,0.014216314499946668,0.0,0.0,0.95186284798797
2019-01-10,-0.0013039717368777915,-0.0013039717368777915,0.0,0.0,0.9506216457368097
2019-01-11,-0.0018594552896824754,-0.0018594552896824754,0.0,0.0,0.9488540072891578
2019-01-14,-0.005596014394908132,-0.005596014394908132,0.0,0.0,0.9435442066057015
2019-01-15,0.0071450957623347125,0.0071450957623347125,0.0,0.0,0.9502859203178953
2019-01-16,-0.002848216659268111,-0.002848216659268111,0.0,0.0,0.9475793001285778
2019-01-17,0.0011201554931400616,0.0011201554931400616,0.0,0.0,0.9486407362868028
2019-01-18,0.0045640255893003995,0.0045640255893003995,0.0,0.0,0.9529703568822686
2019-01-21,0.0018310408224103498,0.0018310408224103498,0.0,0.0,0.9547152845082669
2019-01-22,-0.001314732686059114,-0.001314732686059114,0.0,0.0,0.9534600891178437
2019-01-23,0.00024822352923662214,0.00024822352923662214,0.0,0.0,0.9536967603461509
2019-01-24,0.0012229969962890312,0.0012229969962890312,0.0,0.0,0.9548631286194249
2019-01-25,0.00558747810400897,0.00558747810400897,0.0,0.0,0.9601984054429116
2019-01-28,0.0017849640946197207,0.0017849640946197207,0.0,0.0,0.9619123251203383
2019-01-29,-0.0006913834690911082,-0.0006913834690911082,0.0,0.0,0.961247274840035
2019-01-30,0.00010380332326359555,0.00010380332326359555,0.0,0.0,0.9613470555016416
2019-02-11,-0.0020707602805132776,-0.0020707602805132776,0.0,0.0,0.9593563362033204
2019-02-12,0.005484519801054865,0.005484519801054865,0.0,0.0,0.964617945025495
2019-02-13,0.00276563561808894,0.00276563561808894,0.0,0.0,0.9672857267721053
2019-02-14,-0.0007515944974072682,-0.0007515944974072682,0.0,0.0,0.9665587201424428
2019-02-15,-0.0025005659290282013,-0.0025005659290282013,0.0,0.0,0.9641417763384494
2019-02-18,0.006447541558312417,0.006447541558312417,0.0,0.0,0.9703581205094969
2019-02-19,0.0003991621119407546,0.0003991621119407546,0.0,0.0,0.9707454507062183
2019-02-20,0.006351877019381521,0.0056654617444317846,0.3565793636102527,0.0006864152749497365,0.9762451719207756
2019-02-21,0.003106092649157839,0.003106092649157839,0.0,0.0,0.9792774798730545
2019-02-22,0.0019330126805137695,0.0019330126805137695,0.0,0.0,0.9811704356593905
2019-02-25,0.003050735643756287,0.003050735643756287,0.0,0.0,0.9841637272800566
2019-02-26,0.00033348468170840673,0.00033348468170840673,0.0,0.0,0.9844919308073976
2019-02-27,0.003512345503287666,0.003512345503287666,0.0,0.0,0.987949806613592
2019-03-04,-0.0034374858101315587,-0.0034374858101315587,0.0,0.0,0.9845537431722355
2019-03-05,-0.0018075570638724347,-0.0018075570638724347,0.0,0.0,0.9827741060990025
2019-03-06,0.0031368485902572947,0.0031368485902572947,0.0,0.0,0.9858569196682605
2019-03-07,-0.0032203293845206277,-0.0032203293845206277,0.0,0.0,0.9826821356609198
2019-03-08,-0.0039883842769275766,-0.0039883842769275766,0.0,0.0,0.9787628216818322
2019-03-11,-0.0009114475892734586,-0.0009114475892734586,0.0,0.0,0.9778707306675398
2019-03-12,0.007915932216424507,0.007915932216424507,0.0,0.0,0.9856114890879297
2019-03-13,-0.0003711438500786686,-0.0003711438500786686,0.0,0.0,0.9852456854451879
2019-03-14,-0.0032897204397509005,-0.0032897204397509005,0.0,0.0,0.9820045025756023
2019-03-15,0.005894035224021105,0.005894035224021105,0.0,0.0,0.9877924717039303
2019-03-18,0.00654509968920818,0.00654509968920818,0.0,0.0,0.9942576719034819
2019-03-19,0.0012070817360847281,0.0012070817360847281,0.0,0.0,0.9954578221801987
2019-03-20,0.0023662427706678756,0.0023662427706678756,0.0,0.0,0.9978133170554374
2019-03-21,0.0023701787951634053,0.0023701787951634053,0.0,0.0,1.0001783130210538
2019-03-22,-0.0023764331646109363,-0.0023764331646109363,0.0,0.0,0.997801456107466
2019-03-25,-0.005332903304237637,-0.005332903304237637,0.0,0.0,0.9924802774252173
2019-03-26,0.004286281849309214,0.004286281849309214,0.0,0.0,0.9967343276241424
2019-03-27,-0.0028044391856493116,-0.0028044391856493116,0.0,0.0,0.9939390468180714
2019-03-28,-0.0011408157781069583,-0.0011408157781069583,0.0,0.0,0.9928051454709848
2019-03-29,0.008411511237042464,0.008411511237042464,0.0,0.0,1.0011561371083075
2019-04-01,-0.003971143524136579,-0.003971143524136579,0.0,0.0,0.9971804023977803
2019-04-02,0.00043492939089824554,0.00043492939089824554,0.0,0.0,0.9976141054628108
2019-04-03,0.0015819535420149183,0.0015819535420149183,0.0,0.0,0.9991922846305118
2019-04-08,0.003546201552296973,0.003546201552296973,0.0,0.0,1.0027356218613117
2019-04-09,0.003987665069386246,0.003987665069386246,0.0,0.0,1.0067341956744373
2019-04-10,0.00020776006142144798,0.00020776006142144798,0.0,0.0,1.0069433548327658
2019-04-11,-0.0025629902788372547,-0.0025629902788372547,0.0,0.0,1.0043625688029896
2019-04-12,0.0009744358536813205,0.0009744358536813205,0.0,0.0,1.0053412557001267
2019-04-15,0.002541901970224688,0.002541901970224688,0.0,0.0,1.0078967346187389
2019-04-16,0.0016789182629084853,0.0016789182629084853,0.0,0.0,1.009588910853616
2019-04-17,0.0025946366079256447,0.0025946366079256447,0.0,0.0,1.0122084272006726
2019-04-18,-0.006290604377119124,-0.006290604377119124,0.0,0.0,1.0058410244379672
2019-04-19,0.0026703930877819545,0.0026703930877819545,0.0,0.0,1.008527015357034
2019-04-22,0.0005341452130177272,0.0005341452130177272,0.0,0.0,1.009065715234486
2019-04-23,0.0030062912330269553,0.0030062912330269553,0.0,0.0,1.0120992606477435
2019-04-24,0.0014135255543037749,0.0014135255543037749,0.0,0.0,1.013529888816161
2019-04-25,3.648810772929225e-05,3.648810772929225e-05,0.0,0.0,1.013566870603931
2019-04-26,-2.0026188143983318e-05,-2.0026188143983318e-05,0.0,0.0,1.0135465727230837
2019-04-29,0.004380527068894672,0.004380527068894672,0.0,0.0,1.0179864409204824
2019-04-30,0.0025774634811495186,0.0025774634811495186,0.0,0.0,1.0206102637962604
2019-05-02,0.003088134454684675,0.003088134454684675,0.0,0.0,1.0237620455166945
2019-05-03,0.000163974841853717,0.000163974841853717,0.0,0.0,1.023929916736204
2019-05-06,-0.014197588631606832,-0.014197588631606832,0.0,0.0,1.009392580990788
2019-05-07,0.005299019368098334,0.005299019368098334,0.0,0.0,1.014741371827473
2019-05-08,-0.004549655891709788,-0.004549655891709788,0.0,0.0,1.0101246477665764
2019-05-09,-0.011326104096869207,-0.011326104096869207,0.0,0.0,0.9986838708551589
2019-05-10,-0.002151642825618105,-0.002151642825618105,0.0,0.0,0.9965350598693729
2019-05-13,-0.006243989114466702,-0.006243989114466702,0.0,0.0,0.9903127058033641
2019-05-14,-0.004193596422800824,-0.004193596422800824,0.0,0.0,0.9861597339828528
2019-05-15,0.002290702271033986,0.002290702271033986,0.0,0.0,0.9884187323250896
2019-05-16,-0.006788518201965847,-0.006788518201965847,0.0,0.0,0.9817088337695368
2019-05-17,-0.0005099215530895918,-0.0005099215530895918,0.0,0.0,0.9812082392763393
2019-05-20,0.009233068734497469,0.009233068734497469,0.0,0.0,0.990267802392433
2019-05-21,0.010485384661165784,0.010485384661165784,0.0,0.0,1.000651141218085
2019-05-22,-0.0042817860446672145,-0.0042817860446672145,0.0,0.0,0.996366567126037
2019-05-23,-0.003339489690682066,-0.003339489690682066,0.0,0.0,0.9930392112469792
2019-05-24,0.0019127879113407234,0.0019127879113407234,0.0,0.0,0.9949386846457399
2019-05-27,0.0029763530091543224,0.0029763530091543224,0.0,0.0,0.9978999733937092
2019-05-28,-0.0008672218646972815,-0.0008672218646972815,0.0,0.0,0.9970345727180013
2019-05-29,-0.0006871955743989918,-0.0006871955743989918,0.0,0.0,0.9963494149721067
2019-05-30,0.007709557334569262,0.007709557334569262,0.0,0.0,1.0040308279120989
2019-05-31,0.009123716303248692,0.009123716303248692,0.0,0.0,1.0131913203456848
2019-06-03,-0.0010108634861994217,-0.0010108634861994217,0.0,0.0,1.0121671222354132
2019-06-04,0.0002957498063522634,0.0002957498063522634,0.0,0.0,1.0124664704658104
2019-06-05,0.0015135209396255627,0.0015135209396255627,0.0,0.0,1.013998859669529
2019-06-06,0.004340070442266124,0.004340070442266124,0.0,0.0,1.0183996861488722
2019-06-10,0.00498412174558775,0.00498412174558775,0.0,0.0,1.0234755141703065
2019-06-11,-0.00476795736201799,-0.00476795736201799,0.0,0.0,1.018595626557673
2019-06-12,-0.004967719845772315,-0.004967719845772315,0.0,0.0,1.0135355288488057
2019-06-13,-0.0007014366542026965,-0.0007014366542026965,0.0,0.0,1.0128245978785344
2019-06-14,0.0008421653449752083,0.0008421653449752083,0.0,0.0,1.0136775636554063
2019-06-17,0.0017213039899555906,0.0017213039899555906,0.0,0.0,1.0154224108902548
2019-06-18,0.001515354270366676,0.001515354270366676,0.0,0.0,1.0169611355768233
2019-06-19,0.012790838593665164,0.012790838593665164,0.0,0.0,1.029968921318017
2019-06-20,0.0016544164623325153,0.0016544164623325153,0.0,0.0,1.0316729188571363
2019-06-21,-0.003094104936004369,-0.003094104936004369,0.0,0.0,1.0284808145865585
2019-06-24,0.004654662444571778,0.004654662444571778,0.0,0.0,1.0332680456091772
2019-06-25,-0.0021695075437558695,-0.0021695075437558695,0.0,0.0,1.0310263627895062
2019-06-26,-0.000993897529723174,-0.000993897529723174,0.0,0.0,1.0300016282344504
2019-06-27,0.004182133480553688,0.004182133480553688,0.0,0.0,1.0343092325289145
2019-06-28,-0.003686322873609223,-0.003686322873609223,0.0,0.0,1.0304964347466579
2019-07-01,0.0015089406668271192,0.0015089406668271192,0.0,0.0,1.0320513927240675
2019-07-02,-0.0021403045286789756,-0.0021403045286789756,0.0,0.0,1.0298424884543909
2019-07-03,-0.0030482134645380197,-0.0030482134645380197,0.0,0.0,1.0267033087147308
2019-07-04,0.001171177078343471,0.001171177078343471,0.0,0.0,1.027905760096157
2019-07-05,0.0016481536343631081,0.0016481536343631081,0.0,0.0,1.0295999067104422
2019-07-08,-0.0034186000193505654,-0.0034186000193505654,0.0,0.0,1.0260801164494386
2019-07-09,-0.00584509383427768,-0.00584509383427768,0.0,0.0,1.0200825818873052
2019-07-10,0.004765950900420463,0.004765950900420463,0.0,0.0,1.0249442453869542
2019-07-11,0.0021807203098749696,0.0021807203098749696,0.0,0.0,1.027179362119359
2019-07-12,-0.0011266208660153235,-0.0011266208660153235,0.0,0.0,1.026022120416855
2019-07-15,-0.002436053760982812,-0.002436053760982812,0.0,0.0,1.0235226753715618
2019-07-16,-0.0019953710031537517,-0.0019953710031537517,0.0,0.0,1.0214803679040552
2019-07-17,0.002526157139256667,0.002526157139256667,0.0,0.0,1.0240607878280465
2019-07-18,-0.0031654708772789167,-0.0031654708772789167,0.0,0.0,1.0208191532276136
2019-07-19,0.0014370772009300852,0.0014370772009300852,0.0,0.0,1.0222861491589896
2019-07-22,-0.0010236145010529057,-0.0010236145010529057,0.0,0.0,1.021239722232485
2019-07-23,-0.0014500820378264875,-0.0014500820378264875,0.0,0.0,1.0197588408549607
2019-07-24,-0.0037295956748267306,-0.0037295956748267306,0.0,0.0,1.0159555526927417
2019-07-25,-0.003076418602928969,-0.003076418602928969,0.0,0.0,1.0128300481306889
2019-07-26,-0.00155145545915812,-0.00155145545915812,0.0,0.0,1.0112586874233171
2019-07-29,-0.00023120606720249056,-0.00023120606720249056,0.0,0.0,1.0110248782792737
2019-07-30,-0.0020083953585380253,-0.0020083953585380253,0.0,0.0,1.008994340606371
2019-07-31,-0.0011743396591975806,-0.0011743396591975806,0.0,0.0,1.007809438536291
2019-08-01,-0.009802359125937549,-0.009802359125937549,0.0,0.0,0.9979305284892488
2019-08-02,-0.011999501438657932,-0.011999501438657932,0.0,0.0,0.9859558596769614
2019-08-05,-0.0056486755812808235,-0.0056486755812808235,0.0,0.0,0.9803865148881834
2019-08-06,-0.008560257102017308,-0.008560257102017308,0.0,0.0,0.9719941542613898
2019-08-07,-0.0017612746672317709,-0.0017612746672317709,0.0,0.0,0.9702822055807918
2019-08-08,0.006528108728217363,0.006528108728217363,0.0,0.0,0.9766163133158778
2019-08-12,-0.0035120970060231126,-0.0035120970060231126,0.0,0.0,0.9731863420858479
2019-08-13,-0.008389481148511905,-0.008389481148511905,0.0,0.0,0.9650218136149293
2019-08-14,0.0006088537382829111,0.0006088537382829111,0.0,0.0,0.9656093707536734
2019-08-15,-0.010168150920662561,-0.010168150920662561,0.0,0.0,0.955790908941444
2019-08-16,0.011647831333403915,0.011647831333403915,0.0,0.0,0.9669238002387948
2019-08-19,0.004922647028445145,0.004922647028445145,0.0,0.0,0.9716836248107732
2019-08-20,-0.0018558637805476817,-0.0018558637805476817,0.0,0.0,0.9698803123653356
2019-08-21,-0.00017680586259025046,-0.00017680586259025046,0.0,0.0,0.9697088318400985
2019-08-22,0.0012308797551002842,0.0012308797551002842,0.0,0.0,0.9709024268095525
2019-08-23,0.0025311880795545853,0.0025311880795545853,0.0,0.0,0.9733599634587036
2019-08-26,-0.01153462454605773,-0.01153462454605773,0.0,0.0,0.962132621732043
2019-08-27,-0.001210595774302834,-0.001210595774302834,0.0,0.0,0.9609678680458552
2019-08-28,0.0026935631945123346,0.0026935631945123346,0.0,0.0,0.9635562957263326
2019-08-29,0.0013230982390531566,0.0013230982390531566,0.0,0.0,0.9648311753644366
2019-08-30,0.013485741185588302,0.013485741185588302,0.0,0.0,0.9778426388831883
2019-09-02,0.0030031783376669777,0.0030031783376669777,0.0,0.0,0.9807792747139294
2019-09-03,-0.00531844176412623,-0.00531844176412623,0.0,0.0,0.9755630572579015
2019-09-04,0.00709905205174261,0.00709905205174261,0.0,0.0,0.9824886301811325
2019-09-05,0.004294216098936712,0.004294216098936712,0.0,0.0,0.9867076486738787
2019-09-06,0.0028771270922853046,0.0028771270922853046,0.0,0.0,0.9895465319820436
2019-09-09,0.005390108080440454,0.005390108080440454,0.0,0.0,0.9948802947400517
2019-09-10,0.005100155112358191,0.005100155112358191,0.0,0.0,0.9999543385614545
2019-09-11,0.0027831012000119155,0.0027831012000119155,0.0,0.0,1.0027373126810621
2019-09-12,0.0005415373881855478,0.0005415373881855478,0.0,0.0,1.0032803324264077
2019-09-16,0.0038150637054724643,0.0038150637054724643,0.0,0.0,1.007107910809062
2019-09-17,-0.00028618395926579654,-0.00028618395926579654,0.0,0.0,1.0068196926797386
2019-09-18,0.0026381991377930998,0.0026381991377930998,0.0,0.0,1.0094758835248794
2019-09-19,-0.0032302172729007294,-0.0032302172729007294,0.0,0.0,1.0062150570893407
2019-09-20,0.0040608321814893,0.0040608321814893,0.0,0.0,1.010301127574668
2019-09-23,-0.004078326581702589,-0.004078326581702589,0.0,0.0,1.0061807896305561
2019-09-24,-0.0014374736120277307,-0.0014374736120277307,0.0,0.0,1.004734431296533
2019-09-25,-0.005111285279715084,-0.005111285279715084,0.0,0.0,0.9995989469878241
2019-09-26,-0.0022202338318700696,-0.0022202338318700696,0.0,0.0,0.9973796035874201
2019-09-27,-0.008125887875262468,-0.008125887875262468,0.0,0.0,0.989275008759595
2019-10-01,0.009033267769245271,0.009033267769245271,0.0,0.0,0.9982113948111428
2019-10-02,-0.00372657759483635,-0.00372657759483635,0.0,0.0,0.9944914825923293
2019-10-03,-0.0062959493505949414,-0.0062959493505949414,0.0,0.0,0.9882302145883299
2019-10-04,0.0035398159425365284,0.0035398159425365284,0.0,0.0,0.991728367656826
2019-10-07,0.0007550032989115331,0.0007550032989115331,0.0,0.0,0.992477125846031
2019-10-08,0.001775187477415113,0.001775187477415113,0.0,0.0,0.9942389588114537
2019-10-09,-0.00980113393079864,-0.00980113393079864,0.0,0.0,0.9844942896169249
2019-10-14,0.010170577618502737,0.010170577618502737,0.0,0.0,0.9945071652044466
2019-10-15,0.0005006256741120019,0.0005006256741120019,0.0,0.0,0.9950050410244363
2019-10-16,0.004607290050467259,0.004607290050467259,0.0,0.0,0.999589317850113
2019-10-17,0.0047525660830563185,0.0047525660830563185,0.0,0.0,1.0043399321391129
2019-10-18,-0.0007396204662147242,-0.0007396204662147242,0.0,0.0,1.003597101770266
2019-10-21,0.0038720059205662634,0.0038720059205662634,0.0,0.0,1.0074830356901838
2019-10-22,0.0034531625127446966,0.0034531625127446966,0.0,0.0,1.0109620383412554
2019-10-23,-0.004408656905557032,-0.004408656905557032,0.0,0.0,1.0065050535696662
2019-10-24,0.006178346246891013,0.006178346246891013,0.0,0.0,1.0127235902898652
2019-10-25,-0.0007282294507137157,-0.0007282294507137157,0.0,0.0,1.0119860951459836
2019-10-28,0.0006885646744045235,0.0006885646744045235,0.0,0.0,1.0126829130220898
2019-10-29,-0.00037326361494676504,-0.00037326361494676504,0.0,0.0,1.0123049153371804
2019-10-30,0.005750690677188701,0.005750690677188701,0.0,0.0,1.0181263677762822
2019-10-31,-0.0016078299963217704,-0.0016078299963217704,0.0,0.0,1.0164893936621253
2019-11-01,0.0023740615603015996,0.0023740615603015996,0.0,0.0,1.018902602058073
2019-11-04,0.007246783408569683,0.007246783408569683,0.0,0.0,1.0262863685296157
2019-11-05,0.005217641317154083,0.005217641317154083,0.0,0.0,1.0316411626892878
2019-11-06,0.0025463659083857456,0.0025463659083857456,0.0,0.0,1.0342680985756474
2019-11-07,-0.0009156243279773514,-0.0009156243279773514,0.0,0.0,1.0333210975429408
2019-11-08,-0.0005559708645927969,-0.0005559708645927969,0.0,0.0,1.032746601118938
2019-11-11,-0.008096590343399625,-0.008096590343399625,0.0,0.0,1.0243848749611395
2019-11-12,0.002973697800827865,0.002973697800827865,0.0,0.0,1.0274310860110127
2019-11-13,-0.006176175911652183,-0.006176175911652183,0.0,0.0,1.0210854908867089
2019-11-14,-0.0024910310227334574,-0.0024910310227334574,0.0,0.0,1.018541935252047
2019-11-15,0.002890724701041356,0.002890724701041356,0.0,0.0,1.0214862595833267
2019-11-18,0.005548370850912361,0.005548370850912361,0.0,0.0,1.0271538441706063
2019-11-19,0.0002036540122660779,0.0002036540122660779,0.0,0.0,1.0273630281721862
2019-11-20,0.00038331229104543495,0.00038331229104543495,0.0,0.0,1.0277568290482504
2019-11-21,-0.0069491700758449355,-0.0069491700758449355,0.0,0.0,1.020614772046583
2019-11-22,0.0030046669785174737,0.0030046669785174737,0.0,0.0,1.0236813795499387
2019-11-25,0.0018987679897868842,0.0018987679897868842,0.0,0.0,1.025625112985169
2019-11-26,-0.00041561649215431773,-0.00041561649215431773,0.0,0.0,1.0251988462734447
2019-11-27,0.006408577882745717,0.006408577882745717,0.0,0.0,1.031768912925089
2019-11-28,-0.0021738733762323875,-0.0021738733762323875,0.0,0.0,1.029525977954857
2019-11-29,-0.00615710081947197,-0.00615710081947197,0.0,0.0,1.0231870827123233
2019-12-02,-0.0019228375985807225,-0.0019228375985807225,0.0,0.0,1.021219660119302
2019-12-03,0.0014908312050109307,0.0014908312050109307,0.0,0.0,1.0227421262557785
2019-12-04,-0.0006577425699741638,-0.0006577425699741638,0.0,0.0,1.0220694252212341
2019-12-05,0.00017155956680616516,0.00017155956680616516,0.0,0.0,1.022244771009071
2019-12-06,-0.0009671721508466516,-0.0009671721508466516,0.0,0.0,1.0212560843352023
2019-12-09,0.0033071771357334216,0.0033071771357334216,0.0,0.0,1.0246335591070443
2019-12-10,0.000555104476796323,0.000555104476796323,0.0,0.0,1.0252023377827806
2019-12-11,0.001062530592361882,0.001062530592361882,0.0,0.0,1.0262916466300358
2019-12-12,0.0033181518315688325,0.0033181518315688325,0.0,0.0,1.029697038137025
2019-12-13,0.006016641114719424,0.006016641114719424,0.0,0.0,1.035892355672385
2019-12-16,0.0007958533163828022,0.0007958533163828022,0.0,0.0,1.0367167740390624
2019-12-17,0.005953184473943893,0.005953184473943893,0.0,0.0,1.042888540242149
2019-12-18,0.004346059635273089,0.004346059635273089,0.0,0.0,1.0474209960309844
2019-12-19,-0.002806388886505408,-0.002806388886505408,0.0,0.0,1.0444815253882307
2019-12-20,-0.000524544938402871,-0.000524544938402871,0.0,0.0,1.043933647890833
2019-12-23,0.004553331602569473,0.004553331602569473,0.0,0.0,1.04868702396076
2019-12-24,-0.0035665548048894953,-0.0035665548048894953,0.0,0.0,1.0449468242166273
2019-12-25,0.0015405944764656575,0.0015405944764656575,0.0,0.0,1.0465566635222159
2019-12-26,-0.0009840705280086174,-0.0009840705280086174,0.0,0.0,1.0455267779537527
2019-12-27,0.002820881290372447,0.002820881290372447,0.0,0.0,1.048476084880266
2019-12-30,-0.0018060941770226494,-0.0018060941770226494,0.0,0.0,1.0465824383286162
2019-12-31,-0.004785141399214945,-0.004785141399214945,0.0,0.0,1.0415743933752786
2020-01-02,0.002147303145491548,0.002147303145491548,0.0,0.0,1.0438109693464368
2020-01-03,0.0015053731255678551,0.0015053731255678551,0.0,0.0,1.045382294327864
2020-01-06,-0.009452253490664876,-0.009452253490664876,0.0,0.0,1.035501075887224
2020-01-07,-0.0022995662781043484,-0.0022995662781043484,0.0,0.0,1.033119872532173
2020-01-08,-0.005780226739800535,-0.005780226739800535,0.0,0.0,1.0271482054195433
2020-01-09,0.006039993313476007,0.006039993313476007,0.0,0.0,1.0333521737122262
2020-01-10,0.0033886529901333362,0.0033886529901333362,0.0,0.0,1.0368538456455367
2020-01-13,0.0077201532016504875,0.0077201532016504875,0.0,0.0,1.0448585161816406
2020-01-14,0.0023222284424505527,0.0023222284424505527,0.0,0.0,1.047284916346254
2020-01-15,-0.0029704886891103706,-0.0029704886891103706,0.0,0.0,1.0441739683479716
2020-01-16,0.0015643129057192852,0.0015643129057192852,0.0,0.0,1.0458073831624743
2020-01-17,0.004555585447597855,0.004555585447597855,0.0,0.0,1.0505716480581997
2020-01-20,0.003951496556310574,0.003951496556310574,0.0,0.0,1.0547229783076593
2020-01-30,-0.05103710620273407,-0.05103710620273407,0.0,0.0,1.0008929696493074
2020-01-31,0.007227330730033015,0.007227330730033015,0.0,0.0,1.008126754166328
2020-02-03,-0.004730832629158757,-0.004730832629158757,0.0,0.0,1.00335747522339
2020-02-04,0.010412586852513471,0.010412586852513471,0.0,0.0,1.0138050220782724
2020-02-05,0.00177228014507183,0.00177228014507183,0.0,0.0,1.015601768589876
2020-02-06,0.01141946509719344,0.01141946509719344,0.0,0.0,1.027199397538936
2020-02-07,-0.007960362742789896,-0.007960362742789896,0.0,0.0,1.019022517725351
2020-02-10,-0.00032557310980131735,-0.00032557310980131735,0.0,0.0,1.0186907513952974
2020-02-11,0.0021711176222396155,0.0021711176222396155,0.0,0.0,1.0209024488372642
2020-02-12,0.0016867707857817435,0.0016867707857817435,0.0,0.0,1.022624477263096
2020-02-13,0.003331990922661262,0.003331990922661262,0.0,0.0,1.0260318527386276
2020-02-14,0.0004406860798869397,0.0004406860798869397,0.0,0.0,1.0264840106936501
2020-02-17,-0.002332169173969521,-0.002332169173969521,0.0,0.0,1.0240900763263379
2020-02-18,0.0016722720449592653,0.0016722720449592653,0.0,0.0,1.0258026335324988
2020-02-19,0.009394108108462161,0.009394108108462161,0.0,0.0,1.0354391343698481
2020-02-20,-0.003903732216248827,-0.003903732216248827,0.0,0.0,1.0313970572630438
2020-02-21,-0.004568439073954329,-0.004568439073954329,0.0,0.0,1.0266851826458818
2020-02-24,-0.009530094633000134,-0.009530094633000134,0.0,0.0,1.0169007756969675
2020-02-25,-0.003103042760589777,-0.003103042760589777,0.0,0.0,1.013745289106703
2020-02-26,-0.006370810109571402,-0.006370810109571402,0.0,0.0,1.0072869103703315
2020-02-27,-0.006985882046516116,-0.006985882046516116,0.0,0.0,1.0002501228274847
2020-03-02,-0.01189818777946694,-0.01189818777946694,0.0,0.0,0.9883489590396485
2020-03-03,0.008352283229648254,0.008352283229648254,0.0,0.0,0.9966039294752757
2020-03-04,0.006697357903333626,0.006697357903333626,0.0,0.0,1.0032785426788402
2020-03-05,0.009233347409339841,0.009233347409339841,0.0,0.0,1.01254216201173
2020-03-06,-0.014485102237775507,-0.015054170940800275,0.2956201054674114,0.000569068703024767,0.997299179220038
2020-03-09,-0.02249886659548708,-0.02249886659548708,0.0,0.0,0.9748610780309775
2020-03-10,-0.00039199655865589827,-0.00039199655865589827,0.0,0.0,0.9744789358432219
2020-03-11,-0.0027465548327239245,-0.0027465548327239245,0.0,0.0,0.9718024760125941
2020-03-12,-0.038028563153503434,-0.038028563153503434,0.0,0.0,0.9348462241808181
2020-03-13,-0.027284571087699223,-0.027284571087699223,0.0,0.0,0.9093393459210893
2020-03-16,-0.03418998640653015,-0.03418998640653015,0.0,0.0,0.8782490460451243
2020-03-17,-0.033818171631993736,-0.033818171631993736,0.0,0.0,0.8485482690703355
2020-03-18,-0.019553892910310667,-0.019553892910310667,0.0,0.0,0.8319558470877048
2020-03-19,-0.06637618958661531,-0.06637618958661531,0.0,0.0,0.7767337880537182
2020-03-20,0.057608796231092746,0.057608796231092746,0.0,0.0,0.8214804865755095
2020-03-23,-0.03845680783936128,-0.03845680783936128,0.0,0.0,0.7898889693594902
2020-03-24,0.03893303966272076,0.03893303966272076,0.0,0.0,0.8206417479327088
2020-03-25,0.039844144684102106,0.039844144684102106,0.0,0.0,0.853339516471154
2020-03-26,0.002365801113569133,0.002365801113569133,0.0,0.0,0.8553583480494741
2020-03-27,0.01083652092207139,0.01083652092207139,0.0,0.0,0.8646274566839806
2020-03-30,-0.009075703615561533,-0.009075703615561533,0.0,0.0,0.85678035414924
2020-03-31,-0.0010071581476306614,-0.0010071581476306614,0.0,0.0,0.8559174408348288
2020-04-01,-0.0026470729461047365,-0.0026470729461047365,0.0,0.0,0.8536517649330957
2020-04-06,0.013845918911911378,0.013845918911911378,0.0,0.0,0.8654713580493694
2020-04-07,0.008755027832573245,0.008755027832573245,0.0,0.0,0.8730485838773865
2020-04-08,0.010343759558520814,0.010343759558520814,0.0,0.0,0.8820791885119212
2020-04-09,0.005830314695183364,0.005830314695183364,0.0,0.0,0.8872219877670178
2020-04-10,0.015832736602694183,0.015832736602694183,0.0,0.0,0.9012691398074518
2020-04-13,-0.007847274525466293,-0.007847274525466293,0.0,0.0,0.8941966334460519
2020-04-14,0.02072925113862239,0.02072925113862239,0.0,0.0,0.9127326600280657
2020-04-15,0.014467055764793273,0.014467055764793273,0.0,0.0,0.9259372143190399
2020-04-16,-0.012341726941065924,-0.012341726941065924,0.0,0.0,0.9145095500553431
2020-04-17,0.0033615355848921114,0.0033615355848921114,0.0,0.0,0.9175837064505779
2020-04-20,-0.002887845790250575,-0.002887845790250575,0.0,0.0,0.914933866206702
2020-04-21,-0.028074820070512277,-0.028074820070512277,0.0,0.0,0.8892472625365306
2020-04-22,0.00014026423437944998,0.00014026423437944998,0.0,0.0,0.8893719921229845
2020-04-23,0.0026525446212407955,0.0026525446212407955,0.0,0.0,0.8917310910169726
2020-04-24,-0.0010652580207031138,-0.0010652580207031138,0.0,0.0,0.8907811673199564
2020-04-27,0.022522730107371366,0.022522730107371366,0.0,0.0,0.9108439911362329
2020-04-28,0.008327919900508587,0.008327919900508587,0.0,0.0,0.918429426936275
2020-04-29,0.013091662485233826,0.013091662485233826,0.0,0.0,0.9304531950102314
2020-04-30,0.01661213232934433,0.01661213232934433,0.0,0.0,0.9459100066120024
2020-05-04,-0.022583939803786007,-0.022583939803786007,0.0,0.0,0.9245476319628781
2020-05-05,0.005828318752217098,0.005828318752217098,0.0,0.0,0.9299361902635652
2020-05-06,-0.00576710138063269,-0.00576710138063269,0.0,0.0,0.9245731539767958
2020-05-07,0.002448587756417382,0.002448587756417382,0.0,0.0,0.9268370524815356
2020-05-08,0.004415955330224264,0.004415955330224264,0.0,0.0,0.9309299235036909
2020-05-11,0.011116699638878442,0.011116699638878442,0.0,0.0,0.9412787918481256
2020-05-12,-0.007920909175980671,-0.007920909175980671,0.0,0.0,0.9338230080286197
2020-05-13,0.0029410911795316316,0.0029410911795316316,0.0,0.0,0.9365694666407763
2020-05-14,-0.010481005526204224,-0.010481005526204224,0.0,0.0,0.9267532768852402
2020-05-15,-0.0008297773036862113,-0.0008297773036862113,0.0,0.0,0.9259842780499641
2020-05-18,-0.00021137849351249356,-0.00021137849351249356,0.0,0.0,0.9257885448882536
2020-05-19,0.011459122165148373,0.011459122165148373,0.0,0.0,0.936397268923223
2020-05-20,0.0018090866455379244,0.0018090866455379244,0.0,0.0,0.9380912927173503
2020-05-21,0.005830192670714045,0.005830192670714045,0.0,0.0,0.9435605456966116
2020-05-22,-0.015305238863935504,-0.015305238863935504,0.0,0.0,0.9291191261621397
2020-05-25,0.002414714861468083,0.002414714861468083,0.0,0.0,0.9313626839241577
2020-05-26,0.012391711186670533,0.012391711186670533,0.0,0.0,0.9429038613133881
2020-05-27,0.0017749211563509286,0.0017749211563509286,0.0,0.0,0.9445774413252382
2020-05-28,-0.004948588604951415,-0.004948588604951415,0.0,0.0,0.939903116162602
2020-05-29,0.0021963280103122905,0.0021963280103122905,0.0,0.0,0.9419674517036098
2020-06-01,0.009129289908874207,0.009129289908874207,0.0,0.0,0.9505669456549355
2020-06-02,0.008595930303187456,0.008595930303187456,0.0,0.0,0.9587379528682991
2020-06-03,0.01786089773804866,0.01786089773804866,0.0,0.0,0.9758618734020658
2020-06-04,0.0007699027013606718,0.0007699027013606718,0.0,0.0,0.9766131920945528
2020-06-05,0.0022554401244241694,0.0022554401244241694,0.0,0.0,0.9788158846740448
2020-06-08,0.010314492404288774,0.010314492404288774,0.0,0.0,0.9889118736817125
2020-06-09,-0.0009657444854515553,-0.0009657444854515553,0.0,0.0,0.9879568374931069
2020-06-10,0.0067899887111217486,0.0067899887111217486,0.0,0.0,0.9946650532667607
2020-06-11,-0.021310865079071022,-0.021310865079071022,0.0,0.0,0.9734678805177258
2020-06-12,-0.00987006598247757,-0.00987006598247757,0.0,0.0,0.9638596883051933
2020-06-15,-0.008219941556945118,-0.008219941556945118,0.0,0.0,0.9559368179982293
2020-06-16,0.013833924386559117,0.013833924386559117,0.0,0.0,0.9691611756567446
2020-06-17,0.003577314421117361,0.003577314421117361,0.0,0.0,0.9726281699068086
2020-06-18,-0.005427711264317564,-0.005427711264317564,0.0,0.0,0.9673490250330129
2020-06-19,-0.006558252042147187,-0.006558252042147187,0.0,0.0,0.961004906314121
2020-06-22,0.0042859192933964365,0.0042859192933964365,0.0,0.0,0.9651236957831414
2020-06-23,0.003432696900241173,0.003432696900241173,0.0,0.0,0.9684366729020055
2020-06-24,0.0026928003001645533,0.0026928003001645533,0.0,0.0,0.9710444794654863
2020-06-29,-0.0077591086148465944,-0.0077591086148465944,0.0,0.0,0.9635100398794664
2020-06-30,0.005650599025175174,0.005650599025175174,0.0,0.0,0.9689544487715558
2020-07-01,0.0047556591233951125,0.0047556591233951125,0.0,0.0,0.9735624658360105
2020-07-02,0.005157316129422819,0.005157316129422819,0.0,0.0,0.9785834352440671
2020-07-03,0.0018656746063120903,0.0018656746063120903,0.0,0.0,0.9804091535093596
2020-07-06,0.01075723360278486,0.01075723360278486,0.0,0.0,0.9909556437999684
2020-07-07,-0.003517022900842463,-0.003517022900842463,0.0,0.0,0.9874704301070049
2020-07-08,0.0011086305505394797,0.0011086305505394797,0.0,0.0,0.9885651699935758
2020-07-09,-0.0029705203579938225,-0.0029705203579938225,0.0,0.0,0.9856286170309062
2020-07-10,-0.00705661914147173,-0.00705661914147173,0.0,0.0,0.9786734112655836
2020-07-13,0.005553560003422257,0.005553560003422257,0.0,0.0,0.984108532778801
2020-07-14,-0.003552709701270784,-0.003552709701270784,0.0,0.0,0.9806122808472943
2020-07-15,0.0034534593947200304,0.0034534593947200304,0.0,0.0,0.9839987855411643
2020-07-16,-0.002303852660772694,-0.002303852660772694,0.0,0.0,0.9817317973208981
2020-07-17,-0.0035706067635201963,-0.0035706067635201963,0.0,0.0,0.9782264191254213
2020-07-20,-0.00013511574153754707,-0.00013511574153754707,0.0,0.0,0.9780942453374095
2020-07-21,0.0013715835698395516,0.0013715835698395516,0.0,0.0,0.979435783334069
2020-07-22,0.005316302802362795,0.005316302802362795,0.0,0.0,0.9846427605337423
2020-07-23,-0.005490403373131289,-0.005490403373131289,0.0,0.0,0.9792366745999785
2020-07-24,-0.012597419149498253,-0.012597419149498253,0.0,0.0,0.9669008197634817
2020-07-27,-0.01459103837527151,-0.01459103837527151,0.0,0.0,0.9527927327972313
2020-07-28,-0.006851268646396952,-0.006851268646396952,0.0,0.0,0.9462648938205027
2020-07-29,0.006123680509928875,0.006123680509928875,0.0,0.0,0.9520595177080213
2020-07-30,0.006411752586938416,0.006411752586938416,0.0,0.0,0.9581638877836052
2020-07-31,-0.006457639566050437,-0.006457639566050437,0.0,0.0,0.9519764107510931
2020-08-03,-0.008146241826969611,-0.008146241826969611,0.0,0.0,0.9442213806955441
2020-08-04,0.008830899802851223,0.008830899802851223,0.0,0.0,0.9525597051001763
2020-08-05,0.004366129248134604,0.004366129248134604,0.0,0.0,0.9567187038892085
2020-08-06,0.0073775906659306395,0.0073775906659306395,0.0,0.0,0.9637769828689428
2020-08-07,-0.008110685335400273,-0.008110685335400273,0.0,0.0,0.9559600910273913
2020-08-10,0.007675050971579567,0.007675050971579567,0.0,0.0,0.9632971334528223
2020-08-11,-0.007496364087576601,-0.007496364087576601,0.0,0.0,0.9560759074159411
2020-08-12,-0.002569669310970813,-0.002569669310970813,0.0,0.0,0.9536191084976957
2020-08-13,-0.0018121732702295508,-0.0018121732702295508,0.0,0.0,0.9518909854392961
2020-08-14,-0.0013013408828548643,-0.0013013408828548643,0.0,0.0,0.9506522507839229
2020-08-17,0.00655075071378621,0.00655075071378621,0.0,0.0,0.9568797366943083
2020-08-18,-0.0001096925804686973,-0.0001096925804686973,0.0,0.0,0.9567747740867921
2020-08-19,-0.00438571032881876,-0.00438571032881876,0.0,0.0,0.9525786370777265
2020-08-20,-0.0228092548486993,-0.0228092548486993,0.0,0.0,0.9308510281811939
2020-08-21,0.01187011240663743,0.01187011240663743,0.0,0.0,0.9419003345195387
2020-08-24,-0.0027505551020334277,-0.0027505551020334277,0.0,0.0,0.939309585748819
2020-08-25,0.005983863640311357,0.005983863640311357,0.0,0.0,0.9449302862259772
2020-08-26,0.0022687527112391585,0.0022687527112391585,0.0,0.0,0.9470740993747843
2020-08-27,-0.00278405299827716,-0.00278405299827716,0.0,0.0,0.9444373948888293
2020-08-28,0.0013925844018803043,0.0013925844018803043,0.0,0.0,0.9457526036735039
2020-08-31,-0.005259668558426477,-0.005259668558426477,0.0,0.0,0.9407782584399124
2020-09-01,-0.0009311314940156314,-0.0009311314940156314,0.0,0.0,0.9399022701745938
2020-09-02,-0.0021506984631516598,-0.0021506984631516598,0.0,0.0,0.9378808238066166
2020-09-03,0.002923548610649731,0.002923548610649731,0.0,0.0,0.9406227639860115
2020-09-04,-0.004588665868964847,-0.004588665868964847,0.0,0.0,0.9363065604133375
2020-09-07,0.005388142018295454,0.005388142018295454,0.0,0.0,0.9413515131335063
2020-09-08,0.00048009477325809463,0.00048009477325809463,0.0,0.0,0.9418034510747604
2020-09-09,-0.0020444257661995464,-0.0020444257661995464,0.0,0.0,0.9398780038326875
2020-09-10,0.004231960995280175,0.004231960995280175,0.0,0.0,0.9438555308852291
2020-09-11,-0.00033230624308629484,-0.00033230624308629484,0.0,0.0,0.9435418817997444
2020-09-14,0.0003100683738331504,0.0003100683738331504,0.0,0.0,0.9438344442966774
2020-09-15,0.00018565688526583763,0.00018565688526583763,0.0,0.0,0.9440096736598121
2020-09-16,0.000992250622415011,0.000992250622415011,0.0,0.0,0.9449463678460668
2020-09-17,-0.0048934353427988065,-0.0048934353427988065,0.0,0.0,0.9403223338925994
2020-09-18,3.7334359100897725e-05,3.7334359100897725e-05,0.0,0.0,0.9403574402242836
2020-09-21,-0.006547005175751413,-0.006547005175751413,0.0,0.0,0.9342009151960788
2020-09-22,-0.010996792097415798,-0.010996792097415798,0.0,0.0,0.9239277019544521
2020-09-23,-0.006241803211710951,-0.006241803211710951,0.0,0.0,0.918160727057004
2020-09-24,-0.025264782777660325,-0.025264782777660325,0.0,0.0,0.8949635957329302
2020-09-25,0.006182597019863109,0.006182597019863109,0.0,0.0,0.9004967949927944
2020-09-28,0.016714944428710698,0.016714944428710698,0.0,0.0,0.9155485488793311
2020-09-29,0.0005298115031192506,0.0005298115031192506,0.0,0.0,0.9160336170321914
2020-09-30,-0.0007127954732271314,-0.0007127954732271314,0.0,0.0,0.915380672416647
2020-10-05,0.001258841444832971,0.001258841444832971,0.0,0.0,0.9165329915448841
2020-10-06,0.01173563453510669,0.01173563453510669,0.0,0.0,0.9272890877730229
2020-10-07,-0.005393458657000025,-0.005393458657000025,0.0,0.0,0.9222877924150318
2020-10-08,0.0030589223006097766,0.0030589223006097766,0.0,0.0,0.9251089991108302
2020-10-12,-0.001496517681029263,-0.001496517681029263,0.0,0.0,0.9237245571367816
2020-10-13,-0.0026105371812710255,-0.0026105371812710255,0.0,0.0,0.9213131398351229
2020-10-14,-0.00053429940858861,-0.00053429940858861,0.0,0.0,0.920820882769384
2020-10-15,-0.005676854340283069,-0.005676854340283069,0.0,0.0,0.9155935167444114
2020-10-16,-0.00407775840417643,-0.00407775840417643,0.0,0.0,0.9118599475866973
2020-10-19,0.003728775921464884,0.003728775921464884,0.0,0.0,0.9152600690030067
2020-10-20,-0.00021032289119052107,-0.00021032289119052107,0.0,0.0,0.9150675688591028
2020-10-21,-0.0023788180008549927,-0.0023788180008549927,0.0,0.0,0.912890789654302
2020-10-22,0.006574917541763052,0.006574917541763052,0.0,0.0,0.9188929713209141
2020-10-23,0.0002173932040098147,0.0002173932040098147,0.0,0.0,0.9190927324080915
2020-10-26,0.006145641857369016,0.006145641857369016,0.0,0.0,0.9247411471751824
2020-10-27,-0.002475118816156991,-0.002475118816156991,0.0,0.0,0.9224523029617345
2020-10-28,-0.002377744279493127,-0.002377744279493127,0.0,0.0,0.920258947275262
2020-10-29,-0.00914800482817186,-0.00914800482817186,0.0,0.0,0.9118404139824196
2020-10-30,-0.0049283854035610634,-0.0049283854035610634,0.0,0.0,0.9073465129957715
2020-11-02,0.01070092618920574,0.01070092618920574,0.0,0.0,0.9170559610593725
2020-11-03,0.007428580299327933,0.007428580299327933,0.0,0.0,0.9238683849050794
2020-11-04,-0.0005675109380066818,-0.0005675109380066818,0.0,0.0,0.9233440794913672
2020-11-05,0.005501717731028324,0.005501717731028324,0.0,0.0,0.9284240579853449
2020-11-06,0.0037840605236268052,0.0037840605236268052,0.0,0.0,0.9319372708123527
2020-11-09,0.0070081129498622535,0.0070081129498622535,0.0,0.0,0.938468392468392
2020-11-10,0.009975946920474453,0.009975946920474453,0.0,0.0,0.9478305033381997
2020-11-11,0.018479624834145114,0.018479624834145114,0.0,0.0,0.9653460554462485
2020-11-12,-0.009353668051404538,-0.009353668051404538,0.0,0.0,0.9563165288888715
2020-11-13,0.00020110325386082733,0.00020110325386082733,0.0,0.0,0.9565088472545521
2020-11-16,0.007771431351359574,0.007771431351359574,0.0,0.0,0.9639422900979588
2020-11-17,0.0017066047165762229,0.0017066047165762229,0.0,0.0,0.9655873585567473
2020-11-18,0.0053275616703387235,0.0053275616703387235,0.0,0.0,0.9707315847575578
2020-11-19,-0.0031657386909373607,-0.0031657386909373607,0.0,0.0,0.9676585022211759
2020-11-20,-0.0021924458242785763,-0.0021924458242785763,0.0,0.0,0.9655369633786534
2020-11-23,0.007450178526430715,0.007450178526430715,0.0,0.0,0.9727303861296921
2020-11-24,-0.0049526491225703245,-0.0049526491225703245,0.0,0.0,0.9679127938363293
2020-11-25,0.001353764130702696,0.001353764130702696,0.0,0.0,0.9692231194582731
2020-11-26,0.003593606660976508,0.003593606660976508,0.0,0.0,0.9727061261163308
2020-11-27,-0.0012467897750513901,-0.0012467897750513901,0.0,0.0,0.971493366064159
2020-11-30,-0.003000960657354015,-0.003000960657354015,0.0,0.0,0.96857795269372
2020-12-01,0.006905518768577272,0.006905518768577272,0.0,0.0,0.9752664859248767
2020-12-02,0.001299579317991495,0.001299579317991495,0.0,0.0,0.976533922079515
2020-12-03,-0.0007452814040331618,-0.0007452814040331618,0.0,0.0,0.9758061295069815
2020-12-04,0.009936492740746915,0.009936492740746915,0.0,0.0,0.985502220029204
2020-12-07,0.0010110648836285578,0.0010110648836285578,0.0,0.0,0.9864986267166135
2020-12-08,-0.007976409643180521,-0.007976409643180521,0.0,0.0,0.9786299095574867
2020-12-09,4.673777304715351e-05,4.673777304715351e-05,0.0,0.0,0.9786756485400967
2020-12-10,0.00044164850842454264,0.00044164850842454264,0.0,0.0,0.979107879180506
2020-12-11,0.005750582673392608,0.005750582673392608,0.0,0.0,0.9847383199859036
2020-12-14,0.0005070286247467091,0.0005070286247467091,0.0,0.0,0.9852376105020213
2020-12-15,-0.008293225660460177,-0.008293225660460177,0.0,0.0,0.9770668126689555
2020-12-16,0.012967755874359308,0.012967755874359308,0.0,0.0,0.9897371765685848
2020-12-17,-0.001401780566140552,-0.001401780566140552,0.0,0.0,0.9883497822288841
2020-12-18,-0.005541188123873906,-0.005541188123873906,0.0,0.0,0.9828731501533641
2020-12-21,0.00822679340353458,0.00822679340353458,0.0,0.0,0.9909590445015569
2020-12-22,-0.00888527023914081,-0.00888527023914081,0.0,0.0,0.9821541055952399
2020-12-23,-0.0006325599966154464,-0.0006325599966154464,0.0,0.0,0.9815328341975287
2020-12-24,0.004202867637371665,0.004202867637371665,0.0,0.0,0.9856580867813952
2020-12-25,0.0044773423290874305,0.0044773423290874305,0.0,0.0,0.9900712154553488
2020-12-28,0.00606746573550798,0.00606746573550798,0.0,0.0,0.9960784386308369
2020-12-29,0.000796963846433464,0.000796963846433464,0.0,0.0,0.9968722771346377
2020-12-30,0.014731980665602766,0.014731980665602766,0.0,0.0,1.0115581802474605
2020-12-31,-0.0038535026599991057,-0.0038535026599991057,0.0,0.0,1.007660138109133
2021-01-04,-0.0009633042581750307,-0.0009633042581750307,0.0,0.0,1.0066894548072993
2021-01-05,0.004784034241845007,0.004784034241845007,0.0,0.0,1.0115054916300017
2021-01-06,-0.008383570139964172,-0.008383570139964172,0.0,0.0,1.0030254643939627
2021-01-07,0.005794791443049223,0.005794791443049223,0.0,0.0,1.0088377877721932
2021-01-08,0.010921347386903958,0.010921347386903958,0.0,0.0,1.0198556557094889
2021-01-11,0.00593445634057542,0.00593445634057542,0.0,0.0,1.0259079445719859
2021-01-12,-0.010542318307223074,-0.010542318307223074,0.0,0.0,1.015092496466399
2021-01-13,0.00867242795838919,0.00867242795838919,0.0,0.0,1.0238958130131053
2021-01-14,0.0009295701401075382,0.0009295701401075382,0.0,0.0,1.0248475959874634
2021-01-15,-0.010942279133557416,-0.010942279133557416,0.0,0.0,1.0136334275228134
2021-01-18,-0.006232244542113717,-0.006232244542113717,0.0,0.0,1.0073162161264304
2021-01-19,0.0004132076179059477,0.0004132076179059477,0.0,0.0,1.0077324468605742
2021-01-20,-0.023075583721817422,-0.023075583721817422,0.0,0.0,0.9844784324138511
2021-01-21,0.0035093770834207236,0.0035093770834207236,0.0,0.0,0.9879333384636863
2021-01-22,0.0007744519504352178,0.0007744519504352178,0.0,0.0,0.9886984453645593
2021-01-25,0.010571663656552915,0.010571663656552915,0.0,0.0,0.9991506327867102
2021-01-26,-0.006612727485498784,-0.006612727485498784,0.0,0.0,0.9925435219351281
2021-01-27,0.00019707790797799144,0.00019707790797799144,0.0,0.0,0.9927391303360082
2021-01-28,-0.0068668301086178204,-0.0068668301086178204,0.0,0.0,0.985922159385814
2021-01-29,-0.014590813471357676,-0.014590813471357676,0.0,0.0,0.9715367530609373
2021-02-01,0.009010597478246151,0.009010597478246151,0.0,0.0,0.9802908796780917
2021-02-02,0.009216691176746448,0.009216691176746448,0.0,0.0,0.9893259179794657
2021-02-03,0.00347192975810404,0.00347192975810404,0.0,0.0,0.9927607880745623
2021-02-04,-0.004057315658190136,-0.004057315658190136,0.0,0.0,0.9887328441842702
2021-02-05,0.0033644979360780447,0.0033644979360780447,0.0,0.0,0.9920594337978608
2021-02-17,0.015573255177156669,0.015573255177156669,0.0,0.0,1.0075090285113004
2021-02-18,0.004670657025182135,0.004670657025182135,0.0,0.0,1.0122147576332512
2021-02-19,-0.0005173624792092408,-0.0005173624792092408,0.0,0.0,1.0116910756967499
2021-02-22,0.003705687485936457,0.003705687485936457,0.0,0.0,1.0154400866555928
2021-02-23,0.013650085362656524,0.013650085362656524,0.0,0.0,1.029300930519105
2021-02-24,-0.00044833003041520804,-0.00044833003041520804,0.0,0.0,1.028839464001619
2021-02-25,0.01596771005753315,0.01596771005753315,0.0,0.0,1.0452676742585445
2021-02-26,-0.018933723609288293,-0.018933723609288293,0.0,0.0,1.0254768650164097
2021-03-02,-0.0006374549606549883,-0.0006374549606549883,0.0,0.0,1.024823169701768
2021-03-03,0.011884281453492185,0.011884281453492185,0.0,0.0,1.037002456690564
2021-03-04,-0.005611900521783428,-0.005611900521783428,0.0,0.0,1.0311829020627716
2021-03-05,-0.0015850657947431423,-0.0015850657947431423,0.0,0.0,1.0295484093165879
2021-03-08,0.0012340883523942491,0.0012340883523942491,0.0,0.0,1.0308189630167515
2021-03-09,0.015182311577595147,0.015182311577595147,0.0,0.0,1.0464691776933652
2021-03-10,0.005165439970662716,0.005165439970662716,0.0,0.0,1.051874651411889
2021-03-11,0.0049599723978350375,0.0049599723978350375,0.0,0.0,1.0570919206488745
2021-03-12,0.003908621450939295,0.003908621450939295,0.0,0.0,1.0612236928055374
2021-03-15,0.0038249873974695496,0.0038249873974695496,0.0,0.0,1.0652828600564148
2021-03-16,0.004044205310645586,0.004044205310645586,0.0,0.0,1.0695910826563946
2021-03-17,-0.003218993833112919,-0.003218993833112919,0.0,0.0,1.0661480755573711
2021-03-18,0.004100570391023524,0.003156136930422352,0.4906147847278815,0.000944433460601172,1.0695129848719365
2021-03-19,-0.009060336053529947,-0.009060336053529947,0.0,0.0,1.059822837815383
2021-03-22,0.00873218157176524,0.00873218157176524,0.0,0.0,1.0690774032690902
2021-03-23,0.00299380960736674,0.00299380960736674,0.0,0.0,1.072278017470016
2021-03-24,0.002038158199551011,0.002038158199551011,0.0,0.0,1.0744634897035208
2021-03-25,0.005466338930615238,0.005466338930615238,0.0,0.0,1.080336871306812
2021-03-26,0.0035293303767168754,0.0035293303767168754,0.0,0.0,1.0841497370438022
2021-03-29,0.013179041472062582,0.013179041472062582,0.0,0.0,1.0984377913902281
2021-03-30,0.005776812562676819,0.005776812562676819,0.0,0.0,1.1047832606228503
2021-03-31,-0.0005584074248660721,-0.0005584074248660721,0.0,0.0,1.1041663414472507
2021-04-01,-0.0018988527928175578,-0.0018988527928175578,0.0,0.0,1.1020696921060584
2021-04-06,0.002123482371369197,0.002123482371369197,0.0,0.0,1.1044099176692659
2021-04-07,0.005489876763297117,0.005489876763297117,0.0,0.0,1.1104729920134333
2021-04-08,-0.002586699147072794,-0.002586699147072794,0.0,0.0,1.1076005324721447
2021-04-09,-0.0016557991993326293,-0.0016557991993326293,0.0,0.0,1.1057665683972968
2021-04-12,0.011270260191245947,0.011270260191245947,0.0,0.0,1.1182288453339155
2021-04-13,-0.0032530897273263647,-0.0032530897273263647,0.0,0.0,1.1145911465643596
2021-04-14,-0.001714212802092681,-0.001714212802092681,0.0,0.0,1.1126805001518199
2021-04-15,0.010174860416747516,0.010174860416747516,0.0,0.0,1.1240018689293014
2021-04-16,0.008997635090109894,0.008997635090109894,0.0,0.0,1.134115227586529
2021-04-19,0.019498899536415717,0.019498899536415717,0.0,0.0,1.156229226471958
2021-04-20,0.003632480211205496,0.003632480211205496,0.0,0.0,1.160429206256735
2021-04-21,-0.001090932898384805,-0.001090932898384805,0.0,0.0,1.159163255859383
2021-04-22,-0.003439891349436269,-0.003439891349436269,0.0,0.0,1.155175860202968
2021-04-23,-0.0003254657391328804,-0.0003254657391328804,0.0,0.0,1.1547998900377987
2021-04-26,0.014999330351002094,0.014999330351002094,0.0,0.0,1.1721211150777766
2021-04-27,0.000359132990379955,0.000359132990379955,0.0,0.0,1.172542062438922
2021-04-28,0.0011782162035994497,0.0011782162035994497,0.0,0.0,1.1739235704962894
2021-04-29,-0.004505004955994572,-0.004505004955994572,0.0,0.0,1.1686350389932447
2021-05-03,-0.01028453954992794,-0.01028453954992794,0.0,0.0,1.1566161657152871
2021-05-04,-0.019175452738254523,-0.019175452738254523,0.0,0.0,1.1344375270933125
2021-05-05,0.0042733844511575894,0.0042733844511575894,0.0,0.0,1.1392854147824027
2021-05-06,0.009131927665074927,0.009131927665074927,0.0,0.0,1.1496892867800705
2021-05-07,0.010318673337775966,0.010318673337775966,0.0,0.0,1.1615525549702947
2021-05-10,0.01100454039482348,0.01100454039482348,0.0,0.0,1.1743349069821758
2021-05-11,-0.02545016476059942,-0.02545016476059942,0.0,0.0,1.144447890115356
2021-05-12,-0.0433146342809927,-0.0433146342809927,0.0,0.0,1.0948765483013556
2021-05-13,-0.007442951263712058,-0.007442951263712058,0.0,0.0,1.0867274355125673
2021-05-14,0.010470805208733459,0.010470805208733459,0.0,0.0,1.0981063468048058
2021-05-17,-0.035101427711499086,-0.035101427711499086,0.0,0.0,1.0595612462528985
2021-05-18,0.04230407575978637,0.04230407575978637,0.0,0.0,1.1043850054865147
2021-05-19,-0.0005143539522254044,-0.0005143539522254044,0.0,0.0,1.1038169606941644
2021-05-20,-0.0043656743298775965,-0.0043656743298775965,0.0,0.0,1.0989980553239784
2021-05-21,0.011298371206436961,0.011298371206436961,0.0,0.0,1.111414943308181
2021-05-24,7.350432478417688e-05,7.350432478417688e-05,0.0,0.0,1.1114966371131438
2021-05-25,0.008595783354706676,0.008595783354706676,0.0,0.0,1.1210508214052533
2021-05-26,0.0008163319767320043,0.0008163319767320043,0.0,0.0,1.121965971038308
2021-05-27,-0.005234138918930338,-0.005234138918930338,0.0,0.0,1.1160934452835811
2021-05-28,0.012051585141823489,0.012051585141823489,0.0,0.0,1.1295441404656472
2021-05-31,0.009708086707899006,0.009708086707899006,0.0,0.0,1.1405098529216868
2021-06-01,0.005492731516361403,0.005492731516361403,0.0,0.0,1.1467743673355504
2021-06-02,0.0026991394329845373,0.0026991394329845373,0.0,0.0,1.1498696712511616
2021-06-03,0.001278611366114478,0.001278611366114478,0.0,0.0,1.1513399076823736
2021-06-04,-0.0035878549104472602,-0.0035878549104472602,0.0,0.0,1.1472090671410016
2021-06-07,-0.0042213987260228784,-0.0042213987260228784,0.0,0.0,1.1423662402464907
2021-06-08,0.0012786636761289655,0.0012786636761289655,0.0,0.0,1.14382694246273
2021-06-09,-0.00748436658378029,-0.00748436658378029,0.0,0.0,1.1352661223169345
2021-06-10,0.002642724448068377,0.002642724448068377,0.0,0.0,1.1382663178534453
2021-06-11,0.001437674039105937,0.001437674039105937,0.0,0.0,1.139902773788212
2021-06-15,-0.0024310348248706066,-0.0024310348248706066,0.0,0.0,1.1371316304481662
2021-06-16,-0.0014953059479600305,-0.0014953059479600305,0.0,0.0,1.1354312707575436
2021-06-17,0.0021771357850499684,0.0021771357850499684,0.0,0.0,1.1379032588085747
2021-06-18,-0.007041833697479663,-0.007041833697479663,0.0,0.0,1.1298903332962245
2021-06-21,-0.006561467187860241,-0.006561467187860241,0.0,0.0,1.1224765949484208
2021-06-22,0.00368458503734978,0.00368458503734978,0.0,0.0,1.126612455414943
2021-06-23,0.011203787744818873,0.011203787744818873,0.0,0.0,1.139234782236081
2021-06-24,0.0023692988044861853,0.0023692988044861853,0.0,0.0,1.1419339698436621
2021-06-25,0.005181134739555666,0.005181134739555666,0.0,0.0,1.1478504836050978
2021-06-28,0.0033153992373239865,0.0033153992373239865,0.0,0.0,1.1516560662230042
2021-06-29,-0.005650831372997703,-0.005650831372997703,0.0,0.0,1.1451482519930882
2021-06-30,0.004536948115765173,0.004536948115765173,0.0,0.0,1.15034373019724
2021-07-01,-0.003689033002403737,-0.003689033002403737,0.0,0.0,1.146100074212434
2021-07-02,0.00030483311964371975,0.00030483311964371975,0.0,0.0,1.1464494434734802
2021-07-05,0.00968779184735774,0.00968779184735774,0.0,0.0,1.1575560070453703
2021-07-06,0.001857019629128341,0.001857019629128341,0.0,0.0,1.159705611272269
2021-07-07,-0.0011957017305939009,-0.0011957017305939009,0.0,0.0,1.1583189492658912
2021-07-08,0.006408031431310884,0.006408031431310884,0.0,0.0,1.16574149350027
2021-07-09,-0.0023721274218862142,-0.0023721274218862142,0.0,0.0,1.1629762061367073
2021-07-12,0.0031574324306423754,0.0031574324306423754,0.0,0.0,1.1666482249260288
2021-07-13,0.0018603422894203309,0.0018603422894203309,0.0,0.0,1.168818589955736
2021-07-14,-0.0012782139902063555,-0.0012782139902063555,0.0,0.0,1.1673245896820412
2021-07-15,0.004410381653462367,0.004410381653462367,0.0,0.0,1.1724729366360105
2021-07-16,0.009076588457675637,0.009076588457675637,0.0,0.0,1.183114990959618
2021-07-19,-0.0015066539335019241,-0.0015066539335019241,0.0,0.0,1.1813324461047034
2021-07-20,-0.012304264390275816,-0.012304264390275816,0.0,0.0,1.16679701935502
2021-07-21,-0.00198647489097411,-0.00198647489097411,0.0,0.0,1.1644792063732077
2021-07-22,0.007611720499272709,0.007611720499272709,0.0,0.0,1.1733428966193356
2021-07-23,0.001999069786282101,0.001999069786282101,0.0,0.0,1.1756884909529162
2021-07-26,-0.007074275767140811,-0.007074275767140811,0.0,0.0,1.1673713463516615
2021-07-27,-0.006711895440051507,-0.006711895440051507,0.0,0.0,1.159536071935237
2021-07-28,-0.005087377659755989,-0.005087377659755989,0.0,0.0,1.1536370740271924
2021-07-29,0.004990173610141934,0.004990173610141934,0.0,0.0,1.1593939233096842
2021-07-30,-0.006505123580084369,-0.006505123580084369,0.0,0.0,1.151851922560556
2021-08-02,0.010645873583606765,0.010645873583606765,0.0,0.0,1.16411439251517
2021-08-03,0.0012573453126157336,0.0012573453126157336,0.0,0.0,1.1655780862899474
2021-08-04,0.004412434880546072,0.004412434880546072,0.0,0.0,1.1707211236938933
2021-08-05,0.0017805503521907506,0.0017805503521907506,0.0,0.0,1.1728056516030037
2021-08-06,-0.002020430214281818,-0.002020430214281818,0.0,0.0,1.1704360796290245
2021-08-09,-0.004299324670924316,-0.004299324670924316,0.0,0.0,1.1654039949161354
2021-08-10,-0.004876361484283498,-0.004876361484283498,0.0,0.0,1.1597210637616964
2021-08-11,-0.002205729626070319,-0.002205729626070319,0.0,0.0,1.1571630326533793
2021-08-12,-0.004799061451305609,-0.004799061451305609,0.0,0.0,1.1516097361504967
2021-08-13,-0.005006031196612555,-0.005006031196612555,0.0,0.0,1.1458447418850044
2021-08-16,-0.012374824705094399,-0.012374824705094399,0.0,0.0,1.1316651140649232
2021-08-17,0.001683386863939395,0.001683386863939395,0.0,0.0,1.1335701442523187
2021-08-18,0.005885011930422283,0.005885011930422283,0.0,0.0,1.1402412180752142
2021-08-19,-0.014903767417903353,-0.014903767417903353,0.0,0.0,1.1232473281607145
2021-08-20,-0.0021037955082052234,-0.0021037955082052234,0.0,0.0,1.1208842454771264
2021-08-23,0.005914906852865772,0.005914906852865772,0.0,0.0,1.1275141713819683
2021-08-24,0.007328926247008549,0.007328926247008549,0.0,0.0,1.1357776395864838
2021-08-25,0.0021765348454847325,0.0021765348454847325,0.0,0.0,1.1382496991957662
2021-08-26,-0.0028052626446988652,-0.0028052626446988652,0.0,0.0,1.1350566098342727
2021-08-27,0.014009040329580573,0.014009040329580573,0.0,0.0,1.150957663657798
2021-08-30,0.013605023749505802,0.013605023749505802,0.0,0.0,1.166616470006538
2021-08-31,0.0013516247141365997,0.0013516247141365997,0.0,0.0,1.1681932976593175
2021-09-01,-0.006351063006148042,-0.006351063006148042,0.0,0.0,1.1607740284225232
2021-09-02,-0.009523272539588599,-0.009523272539588599,0.0,0.0,1.1497196609929794
2021-09-03,0.008197576743485962,0.008197576743485962,0.0,0.0,1.159144576147464
2021-09-06,-0.006568126267384023,-0.006568126267384023,0.0,0.0,1.151531168209174
2021-09-07,-0.0022969452127247687,-0.0022969452127247687,0.0,0.0,1.1488861642050527
2021-09-08,-0.005359104467420248,-0.005359104467420248,0.0,0.0,1.1427291632299041
2021-09-09,-0.0015111686147974653,-0.0015111686147974653,0.0,0.0,1.1410023067832173
2021-09-10,0.007501807245492864,0.007501807245492864,0.0,0.0,1.1495618861553678
2021-09-13,0.0044197855269396125,0.0044197855269396125,0.0,0.0,1.1546427031421187
2021-09-14,0.0023165047038335917,0.0023165047038335917,0.0,0.0,1.1573174383951945
2021-09-15,0.00020734329590107634,0.00020734329590107634,0.0,0.0,1.1575574004072753
2021-09-16,0.00010539919288363331,0.00010539919288363331,0.0,0.0,1.1576794060229947
2021-09-17,-0.004351033108025175,-0.004351033108025175,0.0,0.0,1.1526423045989096
2021-09-22,-0.0122624371705998,-0.0122624371705998,0.0,0.0,1.13850810075859
2021-09-23,0.006547646894837684,0.006547646894837684,0.0,0.0,1.1459626497892696
2021-09-24,0.0034152882826695755,0.0034152882826695755,0.0,0.0,1.149876442599472
2021-09-27,0.0031273845026947313,0.0031273845026947313,0.0,0.0,1.1534725483660713
2021-09-28,-0.0012758443714748907,-0.0012758443714748907,0.0,0.0,1.1520008969075877
2021-09-29,-0.006888547518058053,-0.006888547518058053,0.0,0.0,1.1440652839883942
2021-09-30,0.0017993322797074842,0.0017993322797074842,0.0,0.0,1.1461238375839673
2021-10-01,-0.012652584462383308,-0.012652584462383308,0.0,0.0,1.1316224089245852
2021-10-04,-0.0021877046111948924,-0.0021877046111948924,0.0,0.0,1.1291467533624495
2021-10-05,0.002124618546718908,0.002124618546718908,0.0,0.0,1.131545759496611
2021-10-06,0.002309489679106341,0.002309489679106341,0.0,0.0,1.1341590527496048
2021-10-07,0.008937157402375018,0.008937157402375018,0.0,0.0,1.1442952107233566
2021-10-08,-0.0015795781111716362,-0.0015795781111716362,0.0,0.0,1.1424877070557795
2021-10-12,-0.003841749896092935,-0.003841749896092935,0.0,0.0,1.1380985550259104
2021-10-13,-0.0018379463851914421,-0.0018379463851914421,0.0,0.0,1.136006790900709
2021-10-14,-0.002514160433048233,-0.002514160433048233,0.0,0.0,1.1331506875753523
2021-10-15,0.008888198505328734,0.008888198505328734,0.0,0.0,1.1432223558229717
2021-10-18,0.0028364422859059758,0.0028364422859059758,0.0,0.0,1.146465040055221
2021-10-19,0.0018333541324057428,0.0018333541324057428,0.0,0.0,1.148566916474065
2021-10-20,-0.00014187845658513066,-0.00014187845658513066,0.0,0.0,1.148403959572671
2021-10-21,0.0006504961096538645,0.0006504961096538645,0.0,0.0,1.149150991880684
2021-10-22,0.0001854907914718978,0.0001854907914718978,0.0,0.0,1.1493641488076884
2021-10-25,0.0019385716214544322,0.0019385716214544322,0.0,0.0,1.151592273529284
2021-10-26,0.005735426611351813,0.005735426611351813,0.0,0.0,1.1581971465003111
2021-10-27,0.0008089313006048089,0.0008089313006048089,0.0,0.0,1.1591340484243864
2021-10-28,0.0010306925325476294,0.0010306925325476294,0.0,0.0,1.160328759232319
2021-10-29,-0.0031798816641627945,-0.0031798816641627945,0.0,0.0,1.1566390510864353
2021-11-01,0.0005814396371081924,0.0005814396371081924,0.0,0.0,1.1573115668765641
2021-11-02,-0.0010304105531571766,-0.0010304105531571766,0.0,0.0,1.1561190608247636
2021-11-03,0.0045595791641031055,0.0045595791641031055,0.0,0.0,1.1613904772057226
2021-11-04,4.920257613434545e-06,4.920257613434545e-06,0.0,0.0,1.1613961915460602
2021-11-05,0.0038420542939815614,0.0038420542939815614,0.0,0.0,1.1658583387708037
2021-11-08,0.003871553689705471,0.003871553689705471,0.0,0.0,1.1703720219239455
2021-11-09,0.00039707040126831894,0.00039707040126831894,0.0,0.0,1.170836742012324
2021-11-10,0.0025236870026227073,0.0025236870026227073,0.0,0.0,1.1737915674803336
2021-11-11,0.0011254837435452475,0.0011254837435452475,0.0,0.0,1.1751126508078433
2021-11-12,0.007898041128116389,0.007898041128116389,0.0,0.0,1.1843937388540935
2021-11-15,0.004211048673512516,0.004211048673512516,0.0,0.0,1.1893812785370115
2021-11-16,0.0016034495809338438,0.0016034495809338438,0.0,0.0,1.1912883914496522
2021-11-17,0.012299913468636637,0.012299913468636637,0.0,0.0,1.2059411355806742
2021-11-18,0.0070534524918070335,0.0070534524918070335,0.0,0.0,1.2144471840884083
2021-11-19,-0.00976887491488714,-0.00976887491488714,0.0,0.0,1.202583401456312
2021-11-22,-0.0020668959598882275,-0.0020668959598882275,0.0,0.0,1.2000977866824132
2021-11-23,-0.003623189454663375,-0.003623189454663375,0.0,0.0,1.1957496050371406
2021-11-24,0.005800303819188493,0.005800303819188493,0.0,0.0,1.2026853160380306
2021-11-25,0.0002503913026118253,0.0002503913026118253,0.0,0.0,1.2029864579809455
2021-11-26,-0.015382481159122975,-0.015382481159122975,0.0,0.0,1.1844815414563734
2021-11-29,-0.005880433942979123,-0.005880433942979123,0.0,0.0,1.1775162759951612
2021-11-30,-0.000667008083505518,-0.000667008083505518,0.0,0.0,1.176730863120613
2021-12-01,0.01046255243928705,0.01046255243928705,0.0,0.0,1.18904247148294
2021-12-02,-0.0006054283774001613,-0.0006054283774001613,0.0,0.0,1.18832259142877
2021-12-03,0.003593071662237331,0.003593071662237331,0.0,0.0,1.1925923196576294
2021-12-06,0.005303224192583887,0.005303224192583887,0.0,0.0,1.1989169040991274
2021-12-07,0.0073851038906870645,0.0073851038906870645,0.0,0.0,1.2077710299922004
2021-12-08,0.0014803537022521683,0.0014803537022521683,0.0,0.0,1.2095589583079223
2021-12-09,0.0044029043994201315,0.0044029043994201315,0.0,0.0,1.2148845307668141
2021-12-10,-0.0008563007470055827,-0.0008563007470055827,0.0,0.0,1.213844224235593
2021-12-13,-0.003637636740571409,-0.003637636740571409,0.0,0.0,1.2094286998881831
2021-12-14,-0.006664788091466105,-0.006664788091466105,0.0,0.0,1.201368113891691
2021-12-15,0.0001988749800162715,0.0001988749800162715,0.0,0.0,1.2016070359513336
2021-12-16,0.00410202105166097,0.00410202105166097,0.0,0.0,1.2065360533086298
2021-12-17,0.004945512351637405,0.004945512351637405,0.0,0.0,1.2125029922629633
2021-12-20,-0.006048362028771448,-0.006048362028771448,0.0,0.0,1.2051693352047883
2021-12-21,0.005462037655318702,0.005462037655318702,0.0,0.0,1.2117520154947123
2021-12-22,0.000150300934214898,0.000150300934214898,0.0,0.0,1.2119341429546782
2021-12-23,0.004260118827225391,0.004260118827225391,0.0,0.0,1.2170971264144366
2021-12-24,0.0018622871388007953,0.0018622871388007953,0.0,0.0,1.2193637107396296
2021-12-27,0.002328742457293387,0.002328742457293387,0.0,0.0,1.2222032947837116
2021-12-28,0.005977773743052648,0.005977773743052648,0.0,0.0,1.229509349547942
2021-12-29,0.005782038326755009,0.005782038326755009,0.0,0.0,1.236618419730132
2021-12-30,-0.0016515394472739172,-0.0016515394472739172,0.0,0.0,1.2345760956287222
2022-01-03,-0.00514247396197026,-0.00514247396197026,0.0,0.0,1.2282273202028806
2022-01-04,0.001652993005398512,0.001652993005398512,0.0,0.0,1.2302575713722155
2022-01-05,0.002995115846094729,0.002995115846094729,0.0,0.0,1.2339423353190104
2022-01-06,0.002861039935972829,0.002861039935972829,0.0,0.0,1.2374726936190457
2022-01-07,0.0008055293304227273,0.0008055293304227273,0.0,0.0,1.2384695141693531
2022-01-10,0.0044238562540328315,0.0044238562540328315,0.0,0.0,1.2439483252750403
2022-01-11,0.011505953618177606,0.011505953618177606,0.0,0.0,1.2582611370090646
2022-01-12,0.0029617841900497367,0.0029617841900497367,0.0,0.0,1.261987834951612
2022-01-13,0.012856362725741291,0.012856362725741291,0.0,0.0,1.2782124083132227
2022-01-14,-0.006672256607510234,-0.006672256607510234,0.0,0.0,1.2696838471260532
2022-01-17,-0.0023929209789603847,-0.0023929209789603847,0.0,0.0,1.2666455940116181
2022-01-18,0.004684894435009866,0.004684894435009866,0.0,0.0,1.272579694906133
2022-01-19,-0.004210378718111021,-0.004210378718111021,0.0,0.0,1.2672216524416
2022-01-20,-0.0006929506093124125,-0.0006929506093124125,0.0,0.0,1.2663435304254067
2022-01-21,-0.011680658892410996,-0.011680658892410996,0.0,0.0,1.2515518036058961
2022-01-24,-0.002948538968680032,-0.002948538968680032,0.0,0.0,1.2478615543416423
2022-01-25,-0.0078513005540167,-0.0078513005540167,0.0,0.0,1.2380642182287036
2022-01-26,0.0019397612487164761,0.0019397612487164761,0.0,0.0,1.240465767222646
2022-02-07,0.021640969401649893,0.021640969401649893,0.0,0.0,1.2673106489349055
2022-02-08,0.00917037860504545,0.00917037860504545,0.0,0.0,1.2789323673958444
2022-02-09,0.00796465589939878,0.00796465589939878,0.0,0.0,1.289118623620756
2022-02-10,0.002870500656733582,0.002870500656733582,0.0,0.0,1.2928190394764667
2022-02-11,-0.002175416360590926,-0.002175416360590926,0.0,0.0,1.2900066197867062
2022-02-14,-0.009228799742826517,-0.009228799742826517,0.0,0.0,1.2781014070257741
2022-02-15,-0.003741589489514169,-0.003741589489514169,0.0,0.0,1.2733192762347132
2022-02-16,0.008112478999063533,0.008112478999063533,0.0,0.0,1.2836490521222703
2022-02-17,0.003629217680824969,0.003629217680824969,0.0,0.0,1.2883076939582068
2022-02-18,0.00037818120622832565,0.00037818120622832565,0.0,0.0,1.288794907715901
2022-02-21,0.003367494856614954,0.003367494856614954,0.0,0.0,1.2931349179388658
2022-02-22,-0.008247477874068473,-0.008247477874068473,0.0,0.0,1.2824698163149797
2022-02-23,0.004082693001318024,0.004082693001318024,0.0,0.0,1.2877057468584505
2022-02-24,-0.01661211458416949,-0.01661211458416949,0.0,0.0,1.2663142314409443
2022-02-25,-0.0017610357035001789,-0.0017610357035001789,0.0,0.0,1.2640842068675264
2022-03-01,0.011753871752265785,0.011753871752265785,0.0,0.0,1.278942090519112
2022-03-02,0.002104780212408404,0.002104780212408404,0.0,0.0,1.2816339825240528
2022-03-03,0.0018969944820194983,0.0018969944820194983,0.0,0.0,1.2840652351168695
2022-03-04,-0.009232995608212481,-0.009232995608212481,0.0,0.0,1.2722094664403771
2022-03-07,-0.022106555573324155,-0.022106555573324155,0.0,0.0,1.244085297169604
2022-03-08,-0.012612272267209028,-0.012612272267209028,0.0,0.0,1.2283945546780692
2022-03-09,0.004273987295170485,0.004273987295170485,0.0,0.0,1.2336446973982198
2022-03-10,0.02260639613082149,0.02260639613082149,0.0,0.0,1.2615329581122912
2022-03-11,-0.003950957057036882,-0.003950957057036882,0.0,0.0,1.2565486955687528
2022-03-14,0.00487737470412227,0.00487737470412227,0.0,0.0,1.2626773543910177
2022-03-15,-0.0011819362678106217,-0.0011819362678106217,0.0,0.0,1.2611849502313197
2022-03-16,0.010035082398826813,0.010035082398826813,0.0,0.0,1.2738410451270514
2022-03-17,0.011422791730186642,0.011422791730186642,0.0,0.0,1.288391866082901
2022-03-18,0.006292739349459677,0.006292739349459677,0.0,0.0,1.2964993802761247
2022-03-21,0.0005669346603546589,0.0005669346603546589,0.0,0.0,1.2972344107119316
2022-03-22,0.003525589643342452,0.003525589643342452,0.0,0.0,1.3018079269153249
2022-03-23,0.010428765902666415,0.010428765902666415,0.0,0.0,1.3153841770353605
2022-03-24,0.0013829137051398022,0.0013829137051398022,0.0,0.0,1.3172032398413067
2022-03-25,-0.003748391138727573,-0.003748391138727573,0.0,0.0,1.3122658468891824
2022-03-28,0.0020943709504148006,0.0020943709504148006,0.0,0.0,1.3150142183581286
2022-03-29,-0.0024812194684755047,-0.002881503756307779,0.20793988978299976,0.00040028428783227455,1.3112249999483314
2022-03-30,0.008902563737873537,0.008902563737873537,0.0,0.0,1.3228982640850646
2022-03-31,0.0058029382138312605,0.0058029382138312605,0.0,0.0,1.3305749609747348
2022-04-01,0.0031697363828787793,0.0031697363828787793,0.0,0.0,1.334792532838684
2022-04-06,0.013999239362153372,0.013999239362153372,0.0,0.0,1.3534786130047076
2022-04-07,-0.014886741709115713,-0.014886741709115713,0.0,0.0,1.3333297264840942
2022-04-08,0.012043825112313947,0.012043825112313947,0.0,0.0,1.3493881165269181
2022-04-11,-0.0036831352029236576,-0.0036831352029236576,0.0,0.0,1.344418137652531
2022-04-12,-0.006140454833898593,-0.006140454833898593,0.0,0.0,1.3361627988004017
2022-04-13,0.007339705084651014,0.007339705084651014,0.0,0.0,1.3459698396886786
2022-04-14,-0.01516089877805103,-0.01516089877805103,0.0,0.0,1.325563727190849
2022-04-15,-0.004887485046457433,-0.004887485046457433,0.0,0.0,1.3190850542960773
2022-04-18,-0.013960628556983906,-0.013960628556983906,0.0,0.0,1.3006697978179809
2022-04-19,0.0007509863559410348,0.0007509863559410348,0.0,0.0,1.3016465830897266
2022-04-20,0.00867761539839365,0.00867761539839365,0.0,0.0,1.3129417715224125
2022-04-21,-0.006269979903538501,-0.006269979903538501,0.0,0.0,1.3047096530004507
2022-04-22,0.004796234638205463,0.004796234638205463,0.0,0.0,1.3109673466309726
2022-04-25,-0.014979719725879,-0.014979719725879,0.0,0.0,1.2913294232086614
2022-04-26,0.010958105534801577,0.010958105534801577,0.0,0.0,1.3054799473083765
2022-04-27,-0.013299498258245942,-0.013299498258245942,0.0,0.0,1.2881177190229738
2022-04-28,0.003452278910725102,0.003452278910725102,0.0,0.0,1.2925646606588883
2022-04-29,0.006158757575433083,0.006158757575433083,0.0,0.0,1.3005252530544584
2022-05-03,-0.007734513339142525,-0.007734513339142525,0.0,0.0,1.290466323136817
2022-05-04,-0.0007967059402459544,-0.0007967059402459544,0.0,0.0,1.2894382009514864
2022-05-05,-0.004895039007139841,-0.004895039007139841,0.0,0.0,1.2831263506605326
2022-05-06,-0.010842586244725097,-0.010842586244725097,0.0,0.0,1.2692139425406164
2022-05-09,-0.026997427672590828,-0.026997427672590828,0.0,0.0,1.2349484309258323
2022-05-10,0.0007987372056150884,0.0007987372056150884,0.0,0.0,1.2359348301846287
2022-05-11,-0.007028610148342782,-0.007028610148342782,0.0,0.0,1.2272479260945026
2022-05-12,-0.024577148333110945,-0.024577148333110945,0.0,0.0,1.197085671773375
2022-05-13,0.00474687580348629,0.00474687580348629,0.0,0.0,1.2027680887834162
2022-05-16,-0.0020335960752515866,-0.0020335960752515866,0.0,0.0,1.2003221443186285
2022-05-17,-0.0012171459973405962,-0.0012171459973405962,0.0,0.0,1.1988611770251518
2022-05-18,0.023170469635442417,0.023170469635442417,0.0,0.0,1.226639353524524
2022-05-19,-0.017634250176666748,-0.017634250176666748,0.0,0.0,1.2050084882879277
2022-05-20,0.0066992883275948855,0.0066992883275948855,0.0,0.0,1.2130811875881677
2022-05-23,0.00016627454314669933,0.00016627454314669933,0.0,0.0,1.213282892108434
2022-05-24,-0.003438325655314131,-0.003438325655314131,0.0,0.0,1.2091112304133438
2022-05-25,0.0035876621237105064,0.0035876621237105064,0.0,0.0,1.2134491129780507
2022-05-26,-0.0010515503157137321,-0.0010515503157137321,0.0,0.0,1.212173110180196
2022-05-27,0.011752609137363928,0.011752609137363928,0.0,0.0,1.2264193069509666
2022-05-30,0.0153929748052689,0.0153929748052689,0.0,0.0,1.245297548443558
2022-05-31,0.005025206830950135,0.005025206830950135,0.0,0.0,1.2515554261905621
2022-06-01,-0.009530240085889105,-0.009530240085889105,0.0,0.0,1.2396278024981688
2022-06-02,-0.0035284179328808687,-0.0035284179328808687,0.0,0.0,1.2352538775297366
2022-06-06,0.006322016260251322,0.006322016260251322,0.0,0.0,1.243063172629018
2022-06-07,-0.004674959399998878,-0.004674959399998878,0.0,0.0,1.2372519027653437
2022-06-08,0.004020760516453985,0.004020760516453985,0.0,0.0,1.2422265963648902
2022-06-09,-0.006301479568797581,-0.006301479568797581,0.0,0.0,1.23439873084808
2022-06-10,-0.006250782610665808,-0.006250782610665808,0.0,0.0,1.226682772726667
2022-06-13,-0.012739513336207266,-0.012739513336207266,0.0,0.0,1.2110554311842199
2022-06-14,0.004786458520249901,0.004786458520249901,0.0,0.0,1.2168520977713067
2022-06-15,-0.00023661879057088563,-0.00023661879057088563,0.0,0.0,1.2165641676996284
2022-06-16,-0.0050625499985310005,-0.0050625499985310005,0.0,0.0,1.2104052507742278
2022-06-17,-0.010110661258386276,-0.010110661258386276,0.0,0.0,1.1981672532982774
2022-06-20,-0.01566914014405139,-0.01566914014405139,0.0,0.0,1.1793930026903336
2022-06-21,0.025562630489374332,0.025562630489374332,0.0,0.0,1.2095413902198604
2022-06-22,-0.012996544711998683,-0.012996544711998683,0.0,0.0,1.193821531460855
2022-06-23,0.001353342107666291,0.001353342107666291,0.0,0.0,1.1954371804084196
2022-06-24,0.009188008505423471,0.009188008505423471,0.0,0.0,1.2064208673897117
2022-06-27,0.0026347128906211857,0.0026347128906211857,0.0,0.0,1.2095994400005379
2022-06-28,-0.005590691202228325,-0.005590691202228325,0.0,0.0,1.2028369430531065
2022-06-29,-0.0054706072265674095,-0.0054706072265674095,0.0,0.0,1.196256694580058
2022-06-30,-0.020499893464029948,-0.020499893464029948,0.0,0.0,1.171733559785534
2022-07-01,-0.013515449639106052,-0.013515449639106052,0.0,0.0,1.1558970538678022
2022-07-04,-0.0021894497016293245,-0.0021894497016293245,0.0,0.0,1.153366275408097
2022-07-05,0.005252926842111981,0.005252926842111981,0.0,0.0,1.159424824074975
2022-07-06,-0.021788920716178502,-0.021788920716178502,0.0,0.0,1.1341622085068361
2022-07-07,0.003850290568598941,0.003850290568598941,0.0,0.0,1.1385290625615112
2022-07-08,-0.0017606222612775227,-0.0017606222612775227,0.0,0.0,1.136524542948854
2022-07-11,-0.01103631291497168,-0.01103631291497168,0.0,0.0,1.1239815024573252
2022-07-12,-0.020154333617135537,-0.020154333617135537,0.0,0.0,1.101328404277311
2022-07-13,0.02403344661040126,0.02403344661040126,0.0,0.0,1.1277971216820282
2022-07-14,-0.006029647705889204,-0.006029647705889204,0.0,0.0,1.1209969023545696
2022-07-15,-0.01316455330313685,-0.01316455330313685,0.0,0.0,1.1062394788808716
2022-07-18,0.0130489202197819,0.0130489202197819,0.0,0.0,1.1206747095847611
2022-07-19,-0.0007132588659224799,-0.0007132588659224799,0.0,0.0,1.1198753784123348
2022-07-20,-0.0024321526781991617,-0.0024321526781991617,0.0,0.0,1.11715167051148
2022-07-21,0.006513492930356462,0.006513492930356462,0.0,0.0,1.1244282300194923
2022-07-22,0.003952426958243913,0.003952426958243913,0.0,0.0,1.1288724504684318
2022-07-25,0.0071129232712710145,0.0071129232712710145,0.0,0.0,1.1369020335916653
2022-07-26,-0.0016246772186405826,-0.0016246772186405826,0.0,0.0,1.135054934757863
2022-07-27,0.004493072923416375,0.004493072923416375,0.0,0.0,1.1401548193518134
2022-07-28,-0.001227770364946139,-0.001227770364946139,0.0,0.0,1.1387549710531628
2022-07-29,-0.0003185959679818197,-0.0003185959679818197,0.0,0.0,1.138392168310866
2022-08-01,0.0028351052486982288,0.0028351052486982288,0.0,0.0,1.141619629922321
2022-08-02,-0.004951299078988897,-0.004951299078988897,0.0,0.0,1.1359671297001308
2022-08-03,-0.003389322646031593,-0.003389322646031593,0.0,0.0,1.1321169705822907
2022-08-04,-0.006240226247835919,-0.006240226247835919,0.0,0.0,1.1250523045468426
2022-08-05,0.012186053764875634,0.012186053764875634,0.0,0.0,1.1387622524183476
2022-08-08,0.0048103707233300656,0.0048103707233300656,0.0,0.0,1.1442401210182143
2022-08-09,0.007906458396216145,0.007906458396216145,0.0,0.0,1.153287007930326
2022-08-10,0.0008636127382410986,0.0008636127382410986,0.0,0.0,1.1542830012812224
2022-08-11,0.010434850887169066,0.010434850887169066,0.0,0.0,1.1663277722811858
2022-08-12,-0.0013732053963238931,-0.0013732053963238931,0.0,0.0,1.1647261646904068
2022-08-15,7.07794806696512e-05,7.07794806696512e-05,0.0,0.0,1.164808603403466
2022-08-16,0.0019029959293745805,0.0019029959293745805,0.0,0.0,1.1670252294342431
2022-08-17,0.004712479389163272,0.004712479389163272,0.0,0.0,1.1725248117745857
2022-08-18,-0.003458263614308295,-0.003458263614308295,0.0,0.0,1.168469911881152
2022-08-19,0.0016897100721544375,0.0016897100721544375,0.0,0.0,1.170444287260267
2022-08-22,-0.003138080253430563,-0.003138080253430563,0.0,0.0,1.166771339154675
2022-08-23,-0.010977253348213136,-0.010977253348213136,0.0,0.0,1.1539633945653403
2022-08-24,-0.004325496452823901,-0.004325496452823901,0.0,0.0,1.1489719299954593
2022-08-25,0.005985514708424864,0.005985514708424864,0.0,0.0,1.1558491183820145
2022-08-26,0.0039504433256373934,0.0039504433256373934,0.0,0.0,1.1604152348171706
2022-08-29,-0.012901770035183308,-0.012901770035183308,0.0,0.0,1.1454438243122362
2022-08-30,0.0017933591270184726,0.0017933591270184726,0.0,0.0,1.1474980164490536
2022-08-31,0.0054922475476152505,0.0054922475476152505,0.0,0.0,1.1538003596157893
2022-09-01,-0.012557475793395853,-0.012557475793395853,0.0,0.0,1.1393115395295026
2022-09-02,-0.005651253696849049,-0.005651253696849049,0.0,0.0,1.1328730009798738
2022-09-05,0.005196403985988179,0.005196403985988179,0.0,0.0,1.138759866757784
2022-09-06,0.0026226015698632456,0.0026226015698632456,0.0,0.0,1.1417463801720402
2022-09-07,-0.013826836604417131,-0.013826836604417131,0.0,0.0,1.1259596395297167
2022-09-08,0.01326898035979783,0.01326898035979783,0.0,0.0,1.1408999758725615
2022-09-12,0.00834286428749278,0.00834286428749278,0.0,0.0,1.15041834953687
2022-09-13,-0.00019178023665870133,-0.00019178023665870133,0.0,0.0,1.1501977220335393
2022-09-14,-0.013343769399020995,-0.013343769399020995,0.0,0.0,1.1348497488674445
2022-09-15,0.005628964911020556,0.005628964911020556,0.0,0.0,1.1412377782830998
2022-09-16,-0.0037251556223960795,-0.0037251556223960795,0.0,0.0,1.1369864899568378
2022-09-19,-0.006472887954446873,-0.006472887954446873,0.0,0.0,1.1296269038016273
2022-09-20,0.0023536430501807674,0.0023536430501807674,0.0,0.0,1.1322856423130572
2022-09-21,-0.006217787254509351,-0.006217787254509351,0.0,0.0,1.125245331077819
2022-09-22,-0.014265147796419877,-0.014265147796419877,0.0,0.0,1.1091935401227626
2022-09-23,-0.001641962959462537,-0.001641962959462537,0.0,0.0,1.1073722854150059
2022-09-26,-0.01719821486534178,-0.01719821486534178,0.0,0.0,1.088327458914514
2022-09-27,-0.0011120512667023236,-0.0011120512667023236,0.0,0.0,1.087117182985241
2022-09-28,-0.014178185115395795,-0.014178185115395795,0.0,0.0,1.0717038343227487
2022-09-29,0.007135615021909108,0.007135615021909108,0.0,0.0,1.0793511003019798
2022-09-30,-0.008511507446591845,-0.008511507446591845,0.0,0.0,1.0701641953742724
2022-10-03,-0.013920404242293962,-0.013920404242293962,0.0,0.0,1.0552670771690333
2022-10-04,0.007519808566982983,0.007519808566982983,0.0,0.0,1.063202483576384
2022-10-05,0.0050600943449019544,0.0050600943449019544,0.0,0.0,1.0685823884510146
2022-10-06,0.005584872777662385,0.005584872777662385,0.0,0.0,1.0745502851429642
2022-10-07,-0.0057776943606493245,-0.0057776943606493245,0.0,0.0,1.0683418620202596
2022-10-11,-0.020336695569063805,-0.020336695569063805,0.0,0.0,1.0466153188086669
2022-10-12,0.006092511541585483,0.006092511541585483,0.0,0.0,1.0529918347181089
2022-10-13,-0.022675969510664452,-0.022675969510664452,0.0,0.0,1.0291142239790625
2022-10-14,0.0026623963981142204,0.0026623963981142204,0.0,0.0,1.0318541339822325
2022-10-17,-0.0030804774159055247,-0.0030804774159055247,0.0,0.0,1.0286755306259914
2022-10-18,0.006068668941269129,0.006068668941269129,0.0,0.0,1.034918221869345
2022-10-19,-0.008677282223107739,-0.008677282223107739,0.0,0.0,1.0259379443803478
2022-10-20,0.0008155923740226154,0.0008155923740226154,0.0,0.0,1.0267746915440048
2022-10-21,0.0010182752501870923,0.0010182752501870923,0.0,0.0,1.0278202307999225
2022-10-24,-0.0009360380764783507,-0.0009360380764783507,0.0,0.0,1.026858151928119
2022-10-25,0.0050906461192791914,0.0050906461192791914,0.0,0.0,1.032085523394282
2022-10-26,0.005914767464043435,0.005914767464043435,0.0,0.0,1.0381900692681647
2022-10-27,-0.0026836835639944623,-0.0026836835639944623,0.0,0.0,1.0354038956429674
2022-10-28,-0.00406724137707748,-0.00406724137707748,0.0,0.0,1.031192658076621
2022-10-31,0.0037377765706277464,0.0037377765706277464,0.0,0.0,1.0350470258337832
2022-11-01,0.009103834157752766,0.009103834157752766,0.0,0.0,1.0444699223024492
2022-11-02,-0.0027669892516317732,-0.0027669892516317732,0.0,0.0,1.0415798852537856
2022-11-03,-0.005221102430999467,-0.005221102430999467,0.0,0.0,1.0361416899828069
2022-11-04,0.00904812695584819,0.00904812695584819,0.0,0.0,1.0455168315380183
2022-11-07,0.009637968365767057,0.009637968365767057,0.0,0.0,1.0555934896862587
2022-11-08,0.006510235333166081,0.006510235333166081,0.0,0.0,1.0624656517202742
2022-11-09,0.008701555900393796,0.008701555900393796,0.0,0.0,1.0717107559809664
2022-11-10,-0.007077103091611479,-0.007077103091611479,0.0,0.0,1.0641261484765003
2022-11-11,0.023546574403429655,0.023546574403429655,0.0,0.0,1.0891826740062371
2022-11-14,0.00868608773619003,0.00868608773619003,0.0,0.0,1.0986434102733935
2022-11-15,0.0027619446999183114,0.0027619446999183114,0.0,0.0,1.1016778026174983
2022-11-16,-0.008907695588016578,-0.008907695588016578,0.0,0.0,1.0918643921157065
2022-11-17,-0.003258587166748786,-0.003258587166748786,0.0,0.0,1.0883064568197283
2022-11-18,-0.003981464455575356,-0.003981464455575356,0.0,0.0,1.0839734033451274
2022-11-21,-0.0013843680346002315,-0.0013843680346002315,0.0,0.0,1.0824727852151796
2022-11-22,0.003639078459224045,0.003639078459224045,0.0,0.0,1.0864119886105523
2022-11-23,0.007359844505195567,0.007359844505195567,0.0,0.0,1.0944078119153064
2022-11-24,0.008305542020007932,0.008305542020007932,0.0,0.0,1.103497461984194
2022-11-25,0.00027937640772284574,0.00027937640772284574,0.0,0.0,1.1038057531410546
2022-11-28,-0.004213902125095159,-0.004213902125095159,0.0,0.0,1.099154423732201
2022-11-29,0.013196335054321408,0.013196335054321408,0.0,0.0,1.1136592337842108
2022-11-30,0.012089683242362918,0.012089683242362918,0.0,0.0,1.1271230211605945
2022-12-01,-0.002195229215359507,-0.002195229215359507,0.0,0.0,1.1246487277752384
2022-12-02,-0.003923731267948209,-0.003923731267948209,0.0,0.0,1.1202359083966085
2022-12-05,0.0005561117156650254,0.0005561117156650254,0.0,0.0,1.1208588847095764
2022-12-06,-0.01040919666740557,-0.01040919666740557,0.0,0.0,1.1091916441422256
2022-12-07,0.0033722875241695947,0.0033722875241695947,0.0,0.0,1.1129321572856794
2022-12-08,-0.003194068565142749,-0.003194068565142749,0.0,0.0,1.1093773756669567
2022-12-09,0.004949831109757029,0.004949831109757029,0.0,0.0,1.1148686063134936
2022-12-12,-0.00031006582190385866,-0.00031006582190385866,0.0,0.0,1.1145229236627623
2022-12-13,-0.00797825448027676,-0.00797825448027676,0.0,0.0,1.1056309761536787
2022-12-14,0.009463227748352728,0.009463227748352728,0.0,0.0,1.1160938138866543
2022-12-15,-0.0008373742910962703,-0.0008373742910962703,0.0,0.0,1.1151592256204539
2022-12-16,-0.009185785380798145,-0.009185785380798145,0.0,0.0,1.1049156123084873
2022-12-19,-0.0012123949788730892,-0.0012123949788730892,0.0,0.0,1.103576018168046
2022-12-20,-0.008906613277491737,-0.008906613277491737,0.0,0.0,1.093746893351909
2022-12-21,0.00019247527586192987,0.00019247527586192987,0.0,0.0,1.09395741258693
2022-12-22,0.014981987710707134,0.014981987710707134,0.0,0.0,1.1103470690983444
2022-12-23,-0.007439356646988913,-0.007439356646988913,0.0,0.0,1.102086801249383
2022-12-26,0.0031696570706621534,0.0031696570706621534,0.0,0.0,1.1055800384714465
2022-12-27,0.0024344330704492855,0.0024344330704492855,0.0,0.0,1.10827149907913
2022-12-28,-0.0063371755187841584,-0.0063371755187841584,0.0,0.0,1.1012481880669995
2022-12-29,-0.004409336898340407,-0.004409336898340407,0.0,0.0,1.0963924137971253
2022-12-30,0.004388048029659814,0.004388048029659814,0.0,0.0,1.1012034363682217
2023-01-03,0.00039040573010959374,0.00039040573010959374,0.0,0.0,1.1016333524997963
2023-01-04,0.001491002923230226,0.001491002923230226,0.0,0.0,1.1032758910487015
2023-01-05,0.006376515310308922,0.006376515310308922,0.0,0.0,1.1103109466594683
2023-01-06,0.0031759940275958047,0.0031759940275958047,0.0,0.0,1.1138372875948328
2023-01-09,0.01784757677878214,0.01784757677878214,0.0,0.0,1.133716584104252
2023-01-10,0.0006147427199208881,0.0006147427199208881,0.0,0.0,1.1344135281207837
2023-01-11,-0.008200211249348143,-0.008200211249348143,0.0,0.0,1.125111097546075
2023-01-12,-0.004952297603973645,-0.004952297603973645,0.0,0.0,1.1195392125534933
2023-01-13,0.0020002336586725823,0.0020002336586725823,0.0,0.0,1.1217785525686466
2023-01-16,0.0073760292443818,0.0073760292443818,0.0,0.0,1.1300528239781134
2023-01-17,0.00012890741945129647,0.00012890741945129647,0.0,0.0,1.130198496171496
2023-01-30,0.019171718924986886,0.019171718924986886,0.0,0.0,1.1518663440695387
2023-01-31,-0.015794089085019874,-0.015794089085019874,0.0,0.0,1.1336736644172682
2023-02-01,0.0063689875365816944,0.0063689875365816944,0.0,0.0,1.1408940178564928
2023-02-02,0.0028242337362840413,0.0028242337362840413,0.0,0.0,1.1441161692312478
2023-02-03,-0.0015527104149530868,-0.0015527104149530868,0.0,0.0,1.1423396881393661
2023-02-06,-0.00507564143723233,-0.00507564143723233,0.0,0.0,1.1365415814828508
2023-02-07,0.0022243239601396807,0.0022243239601396807,0.0,0.0,1.1390696181542381
2023-02-08,0.00017419164306678686,0.00017419164306678686,0.0,0.0,1.139268034562592
2023-02-09,-0.00014080664019495048,-0.00014080664019495048,0.0,0.0,1.1391076180583637
2023-02-10,-0.0003757598511158794,-0.0003757598511158794,0.0,0.0,1.138679587149397
2023-02-13,0.006266087035569532,0.006266087035569532,0.0,0.0,1.1458146525481017
2023-02-14,0.004053111146768525,0.004053111146768525,0.0,0.0,1.1504587666884751
2023-02-15,-0.005754164804196498,-0.005754164804196498,0.0,0.0,1.143838837344517
2023-02-16,0.005019588254397278,0.005019588254397278,0.0,0.0,1.149580437337375
2023-02-17,0.004438743720523964,0.004438743720523964,0.0,0.0,1.1546831302848435
2023-02-20,0.009524172703222077,0.009524172703222077,0.0,0.0,1.1656805318351733
2023-02-21,-0.005385849588461394,-0.005385849588461394,0.0,0.0,1.1594023518225114
2023-02-22,-2.8907885536833965e-05,-2.8907885536833965e-05,0.0,0.0,1.1593688359520338
2023-02-23,0.004531411848434004,0.004531411848434004,0.0,0.0,1.164622413631972
2023-02-24,-0.0040906402910255,-0.0040906402910255,0.0,0.0,1.1598583622629377
2023-03-01,-0.006603233066378215,-0.006603233066378215,0.0,0.0,1.1521995471729278
2023-03-02,-0.0002863176409106211,-0.0002863176409106211,0.0,0.0,1.151869652116723
2023-03-03,0.0029318403601502267,0.0029318403601502267,0.0,0.0,1.155246750052431
2023-03-06,0.007704098925551619,0.007704098925551619,0.0,0.0,1.164146885298257
2023-03-07,0.0042831452485431725,0.0042831452485431725,0.0,0.0,1.1691330954986288
2023-03-08,-0.0003990818801810462,-0.0003990818801810462,0.0,0.0,1.1686665156646954
2023-03-09,-0.006809828402065676,-0.006809828402065676,0.0,0.0,1.1607080972337789
2023-03-10,-0.011904029528079427,-0.011904029528079427,0.0,0.0,1.1468909937708271
2023-03-13,-0.0021055114553213323,-0.0021055114553213323,0.0,0.0,1.1444762016454377
2023-03-14,-0.012297826708612132,-0.012297826708612132,0.0,0.0,1.1304016316454715
2023-03-15,-0.0025796077012272857,-0.0025796077012272857,0.0,0.0,1.1274856388909988
2023-03-16,-0.011717909015550174,-0.011717909015550174,0.0,0.0,1.1142738647581347
2023-03-17,0.005861984890897594,0.005861984890897594,0.0,0.0,1.120805721317669
2023-03-20,-0.002256261500277335,-0.002256261500277335,0.0,0.0,1.1182768905193694
2023-03-21,0.005894005624244129,0.005894005624244129,0.0,0.0,1.1248680208015527
2023-03-22,0.011413958997786685,0.011413958997786685,0.0,0.0,1.137707218268903
2023-03-23,0.0056239149275094345,0.0056239149275094345,0.0,0.0,1.1441055868768608
2023-03-24,0.0017515517146074351,0.0017515517146074351,0.0,0.0,1.1461095469792468
2023-03-27,-0.0002162727832840483,-0.0002162727832840483,0.0,0.0,1.1458616746775732
2023-03-28,-0.0020135362946470782,-0.0020135362946470782,0.0,0.0,1.1435544406069649
2023-03-29,0.00635207996127075,0.00635207996127075,0.0,0.0,1.1508183898537667
2023-03-30,-0.0004169387852970858,-0.0004169387852970858,0.0,0.0,1.1503385690322034
2023-03-31,0.0030500111904458132,0.0030500111904458132,0.0,0.0,1.153847114540553
2023-04-06,0.0034932685604867693,0.0034932685604867693,0.0,0.0,1.157877812389386
2023-04-07,-0.0005486457856386796,-0.0005486457856386796,0.0,0.0,1.157242547607334
2023-04-10,0.0040894890814457685,0.0040894890814457685,0.0,0.0,1.1619750783703586
2023-04-11,0.006125561398308009,0.006125561398308009,0.0,0.0,1.16909282805622
2023-04-12,0.0018236654880378952,0.0018236654880378952,0.0,0.0,1.1712248622990589
2023-04-13,0.0005698717452848031,-0.00036195407721835774,0.4840653623393043,0.0009318258225031608,1.1708009326848101
2023-04-14,0.002204382137479575,0.002204382137479575,0.0,0.0,1.173381825347365
2023-04-17,-0.0007002829217752357,-0.0007002829217752357,0.0,0.0,1.1725601260943526
2023-04-18,0.0015521705146407786,0.0015521705146407786,0.0,0.0,1.1743801393487199
2023-04-19,-0.002271137535473973,-0.002271137535473973,0.0,0.0,1.1717129605333299
2023-04-20,-0.00670998698957374,-0.00670998698957374,0.0,0.0,1.1638507818126362
2023-04-21,0.00011616077389246424,0.00011616077389246424,0.0,0.0,1.163985975620147
2023-04-24,0.001586170756137499,0.001586170756137499,0.0,0.0,1.16583225613523
2023-04-25,-0.005595660838337552,-0.005595660838337552,0.0,0.0,1.1593086542355033
2023-04-26,0.005279175787459805,0.005279175787459805,0.0,0.0,1.1654288484131359
2023-04-27,-0.00016884961987876344,-0.00016884961987876344,0.0,0.0,1.1652320661950857
2023-04-28,0.0027301418007505155,0.0027301418007505155,0.0,0.0,1.1684133149665799
2023-05-02,0.0045144657888047494,0.0045144657888047494,0.0,0.0,1.1736880769041804
2023-05-03,-0.0019854342504505777,-0.0019854342504505777,0.0,0.0,1.1713577963969493
2023-05-04,0.004621111224574874,0.004621111224574874,0.0,0.0,1.1767707710578725
2023-05-05,0.0006877385435871278,0.0006877385435871278,0.0,0.0,1.1775800816740958
2023-05-08,0.0040794441676907265,0.0040794441676907265,0.0,0.0,1.18238395387027
2023-05-09,0.003527884297535503,0.003527884297535503,0.0,0.0,1.1865552676547868
2023-05-10,0.0012270249393386485,0.0012270249393386485,0.0,0.0,1.188011200560103
2023-05-11,-0.0033337488075111466,-0.0033337488075111466,0.0,0.0,1.1840506696369257
2023-05-12,-0.001482155697779152,-0.001482155697779152,0.0,0.0,1.1822957221904642
2023-05-15,0.0006368311661121664,0.0006368311661121664,0.0,0.0,1.1830486449539162
2023-05-16,0.008836966830815687,0.008836966830815687,0.0,0.0,1.1935032065886153
2023-05-17,0.008984224461327971,0.008984224461327971,0.0,0.0,1.2042259072919221
2023-05-18,0.003973651172208669,0.003973651172208669,0.0,0.0,1.2090110809800367
2023-05-19,0.005549750144767642,0.005549750144767642,0.0,0.0,1.2157207904017313
2023-05-22,0.00024109590967378778,0.00024109590967378778,0.0,0.0,1.2160138957116025
2023-05-23,0.0011175826429757959,0.0011175826429757959,0.0,0.0,1.2173728917350672
2023-05-24,-0.000669259228795441,-0.000669259228795441,0.0,0.0,1.2165581536923882
2023-05-25,-0.0016664587788566007,-0.0016664587788566007,0.0,0.0,1.2145308096771779
2023-05-26,0.0010759135092542936,0.0010759135092542936,0.0,0.0,1.2158375397827152
2023-05-29,0.005293082161401836,0.005293082161401836,0.0,0.0,1.2222730677757019
2023-05-30,0.0008738298675437721,0.0008738298675437721,0.0,0.0,1.2233411264886185
2023-05-31,0.0017420846682589344,0.0017420846682589344,0.0,0.0,1.225472290309125
2023-06-01,-0.003628254398430616,-0.003628254398430616,0.0,0.0,1.2210259650816562
2023-06-02,0.007885734486220203,0.007885734486220203,0.0,0.0,1.230654651643071
2023-06-05,0.005452425199761366,0.005452425199761366,0.0,0.0,1.2373647040778932
2023-06-06,0.00102486689695452,0.00102486689695452,0.0,0.0,1.2386328382025626
2023-06-07,0.004733231247035023,0.004733231247035023,0.0,0.0,1.2444955738559467
2023-06-08,-0.00189341474716047,-0.00189341474716047,0.0,0.0,1.242139227583632
2023-06-09,0.0069810030831290735,0.0069810030831290735,0.0,0.0,1.2508106053610688
2023-06-12,-0.0022661599652962477,-0.0022661599652962477,0.0,0.0,1.2479760684430317
2023-06-13,0.00773325184145394,0.00773325184145394,0.0,0.0,1.257626981672409
2023-06-14,0.0006460005381304276,0.0006460005381304276,0.0,0.0,1.2584394093793367
2023-06-15,0.004224517624730368,0.004224517624730368,0.0,0.0,1.263755708843915
2023-06-16,-0.004617136747819171,-0.004617136747819171,0.0,0.0,1.2579207759203457
2023-06-19,0.003368476144464544,0.003368476144464544,0.0,0.0,1.2621580520456597
2023-06-20,-0.002403822880576785,-0.002403822880576785,0.0,0.0,1.259124047641248
2023-06-21,0.004393340867196814,0.004393340867196814,0.0,0.0,1.2646558087766204
2023-06-26,-0.004046183777088625,-0.004046183777088625,0.0,0.0,1.2595387789595476
2023-06-27,-0.011615058909671981,-0.011615058909671981,0.0,0.0,1.2449091618429162
2023-06-28,0.0019709460739784235,0.0019709460739784235,0.0,0.0,1.2473628106679104
2023-06-29,-0.0017735117571073156,-0.0017735117571073156,0.0,0.0,1.2451505980578126
2023-06-30,-0.00532614528622149,-0.00532614528622149,0.0,0.0,1.2385187450693311
2023-07-03,0.006351231237687071,0.006351231237687071,0.0,0.0,1.2463848640114763
2023-07-04,0.0024588001670615917,0.0024588001670615917,0.0,0.0,1.2494494753233307
2023-07-05,-0.00575055660886494,-0.00575055660886494,0.0,0.0,1.2422644453855674
2023-07-06,-0.013581305715151306,-0.013581305715151306,0.0,0.0,1.225392872173723
2023-07-07,-0.008303322314375198,-0.008303322314375198,0.0,0.0,1.2152180401943267
2023-07-10,0.0008877688681648716,0.0008877688681648716,0.0,0.0,1.2162968729384434
2023-07-11,0.01592662784916077,0.01592662784916077,0.0,0.0,1.235668380587832
2023-07-12,0.0060316033091969996,0.0060316033091969996,0.0,0.0,1.2431214420812555
2023-07-13,0.0035467644426307103,0.0035467644426307103,0.0,0.0,1.2475305010099011
2023-07-14,0.013931762645570712,0.013931762645570712,0.0,0.0,1.2649107998430809
2023-07-17,0.009345884696653591,0.009345884696653591,0.0,0.0,1.2767325103299663
2023-07-18,0.0021911584318080155,0.0021911584318080155,0.0,0.0,1.2795300335351392
2023-07-19,-0.008564397258887751,-0.008564397258887751,0.0,0.0,1.2685716300232661
2023-07-20,0.001173504165933494,0.001173504165933494,0.0,0.0,1.2700603041158836
2023-07-21,-0.0015150534857845445,-0.0015150534857845445,0.0,0.0,1.2681360948249762
2023-07-24,-0.0005817222097639346,-0.0005817222097639346,0.0,0.0,1.2673983918936134
2023-07-25,0.0071859728497842956,0.0071859728497842956,0.0,0.0,1.2765058823276212
2023-07-26,0.003514144046005578,0.003514144046005578,0.0,0.0,1.2809917078736939
2023-07-27,0.0006713277209861239,0.0006713277209861239,0.0,0.0,1.281851673117543
2023-07-28,0.0018783390562233135,0.0018783390562233135,0.0,0.0,1.2842594251794448
2023-07-31,-0.004073811253144802,-0.004073811253144802,0.0,0.0,1.2790275946811915
2023-08-01,0.0031874096569757693,0.0031874096569757693,0.0,0.0,1.2831043795880168
2023-08-02,-0.016974664795816184,-0.016974664795816184,0.0,0.0,1.2613241128464665
2023-08-04,0.0013596646309113167,0.0013596646309113167,0.0,0.0,1.2630390906308193
2023-08-07,0.01196887299609255,0.01196887299609255,0.0,0.0,1.2781562450956798
2023-08-08,-0.003240237369816025,-0.003240237369816025,0.0,0.0,1.274014715465857
2023-08-09,-0.00376165674676089,-0.00376165674676089,0.0,0.0,1.2692223094159523
2023-08-10,-0.009938404229451157,-0.009938404229451157,0.0,0.0,1.256608265047939
2023-08-11,-0.005550064556745158,-0.005550064556745158,0.0,0.0,1.2496340080543835
2023-08-14,-0.009662166001578583,-0.009662166001578583,0.0,0.0,1.2375598368273442
2023-08-15,-0.00043128217616642006,-0.00043128217616642006,0.0,0.0,1.237026099327781
2023-08-16,-0.004976784755806188,-0.004976784755806188,0.0,0.0,1.2308696866941122
2023-08-17,-0.0019288663268960744,-0.0019288663268960744,0.0,0.0,1.2284955036026508
2023-08-18,-0.0026704192204378813,-0.0026704192204378813,0.0,0.0,1.2252149055976087
2023-08-21,0.0018156582711048555,0.0018156582711048555,0.0,0.0,1.227439477174838
2023-08-22,-0.001012217700049749,-0.001012217700049749,0.0,0.0,1.2261970412103018
2023-08-23,0.0022660682463622787,0.0022660682463622787,0.0,0.0,1.2289756873891717
2023-08-24,0.0028697229193695574,0.0028697229193695574,0.0,0.0,1.2325025070866202
2023-08-25,-0.007891240357484343,-0.007891240357484343,0.0,0.0,1.2227765335619976
2023-08-28,0.0020366507811066616,0.0020366507811066616,0.0,0.0,1.2252669023441956
2023-08-29,0.005573725718927888,0.005573725718927888,0.0,0.0,1.2320962039903425
2023-08-30,0.0029736356153251364,0.0029736356153251364,0.0,0.0,1.235760009144035
2023-08-31,-0.008369145786116583,-0.008369145786116583,0.0,0.0,1.225417753470856
2023-09-01,0.0029895346443647537,0.0029895346443647537,0.0,0.0,1.2290811822986767
2023-09-04,0.003998251423179621,0.003998251423179621,0.0,0.0,1.2339953578850056
2023-09-05,0.00015920096091393964,0.00015920096091393964,0.0,0.0,1.2341918111317443
2023-09-06,-0.0018451869091415964,-0.0018451869091415964,0.0,0.0,1.2319144965584743
2023-09-07,-0.001443031510594253,-0.001443031510594253,0.0,0.0,1.2301368051215826
2023-09-08,0.0010035653222400188,0.0010035653222400188,0.0,0.0,1.2313713277608138
2023-09-11,-0.0029774629347244165,-0.0029774629347244165,0.0,0.0,1.2277049652735235
2023-09-12,0.006323633260246089,0.006323633260246089,0.0,0.0,1.2354685212256964
2023-09-13,0.0016691766219846492,0.0016691766219846492,0.0,0.0,1.2375307363985244
2023-09-14,0.011994738297424038,0.011994738297424038,0.0,0.0,1.2523745937166433
2023-09-15,0.0004401054775139391,0.0004401054775139391,0.0,0.0,1.252925770635237
2023-09-18,-0.004785597908692051,-0.004785597908692051,0.0,0.0,1.2469297716875387
2023-09-19,0.0010178167649101697,0.0010178167649101697,0.0,0.0,1.248198917713828
2023-09-20,-0.004641861173255685,-0.004641861173255685,0.0,0.0,1.2424049516211924
2023-09-21,-0.012996479245138243,-0.012996479245138243,0.0,0.0,1.2262580614533904
2023-09-22,0.004266227006028536,0.004266227006028536,0.0,0.0,1.2314895567115232
2023-09-25,0.0038903419931024742,0.0038903419931024742,0.0,0.0,1.2362804722480651
2023-09-26,-0.008546803170082409,-0.008546803170082409,0.0,0.0,1.2257142263887444
2023-09-27,0.000768703815183285,0.000768703815183285,0.0,0.0,1.226656437590894
2023-09-28,0.002955036281055646,0.002955036281055646,0.0,0.0,1.2302812518683657
2023-10-02,0.003126947273017768,0.003126947273017768,0.0,0.0,1.2341282764739403
2023-10-03,-0.00542329924202004,-0.00542329924202004,0.0,0.0,1.2274352295275837
2023-10-04,-0.011303854344496435,-0.011303854344496435,0.0,0.0,1.2135604804757003
2023-10-05,0.00839443576907083,0.00839443576907083,0.0,0.0,1.2237476359809363
2023-10-06,0.00533777902582503,0.00533777902582503,0.0,0.0,1.2302797304451785
2023-10-11,0.01193205942096559,0.01193205942096559,0.0,0.0,1.2449595012932597
2023-10-12,0.006057819378507064,0.006057819378507064,0.0,0.0,1.2525012410856504
2023-10-13,-0.006664307844139858,-0.006664307844139858,0.0,0.0,1.2441541872398885
2023-10-16,-0.001321200510059675,-0.001321200510059675,0.0,0.0,1.2425104100931141
2023-10-17,-0.0034531696803419823,-0.0034531696803419823,0.0,0.0,1.2382198108174713
2023-10-18,-0.005354240072714475,-0.005354240072714475,0.0,0.0,1.2315900846875636
2023-10-19,-0.0048151873090987885,-0.0048151873090987885,0.0,0.0,1.2256597477417641
2023-10-20,-0.007081286052057723,-0.007081286052057723,0.0,0.0,1.2169805004655119
2023-10-23,-0.006342174450414619,-0.006342174450414619,0.0,0.0,1.2092621978288067
2023-10-24,0.0038270054893721427,0.0038270054893721427,0.0,0.0,1.2138900508979877
2023-10-25,0.00010135553382287378,0.00010135553382287378,0.0,0.0,1.214013085372099
2023-10-26,-0.00856075545041991,-0.00856075545041991,0.0,0.0,1.2036202162346188
2023-10-27,0.005667953668300085,0.005667953668300085,0.0,0.0,1.210442279854466
2023-10-30,-0.004089081150129219,-0.004089081150129219,0.0,0.0,1.2054926831445938
2023-10-31,-0.00253659787557816,-0.00253659787557816,0.0,0.0,1.2024348329655041
2023-11-01,0.004925841652797862,0.004925841652797862,0.0,0.0,1.2083578365505008
2023-11-02,0.012422922589063634,0.012422922589063634,0.0,0.0,1.2233691724138562
2023-11-03,0.006667461809767673,0.006667461809767673,0.0,0.0,1.2315259396501728
2023-11-06,0.008326800962923384,0.008326800962923384,0.0,0.0,1.241780611030317
2023-11-07,-0.001275347910641029,-0.001275347910641029,0.0,0.0,1.2401969087225648
2023-11-08,0.003997570418575186,0.003997570418575186,0.0,0.0,1.2451546831980826
2023-11-09,-0.0016939038891084536,-0.0016939038891084536,0.0,0.0,1.2430455108376717
2023-11-10,-0.002379680689302759,-0.002379680689302759,0.0,0.0,1.2400874594396067
2023-11-13,-0.0007999934794504625,-0.0007999934794504625,0.0,0.0,1.2390953975581067
2023-11-14,0.0028990635551165767,0.0028990635551165767,0.0,0.0,1.24268761386648
2023-11-15,0.009687912645225984,0.009687912645225984,0.0,0.0,1.2547266629149227
2023-11-16,0.0048017260160786255,0.0048017260160786255,0.0,0.0,1.260751516575309
2023-11-17,0.0003710398162609127,0.0003710398162609127,0.0,0.0,1.2612193055863696
2023-11-20,0.0001281595693048398,0.0001281595693048398,0.0,0.0,1.2613809429093725
2023-11-21,0.011480129249414826,0.011480129249414826,0.0,0.0,1.275861759166721
2023-11-22,-0.00592830840692591,-0.00592830840692591,0.0,0.0,1.2682980571737776
2023-11-23,0.0004789824740329638,0.0004789824740329638,0.0,0.0,1.268905549715014
2023-11-24,-0.00019461348059906006,-0.00019461348059906006,0.0,0.0,1.2686586035894325
2023-11-27,-0.0022265478424273047,-0.0022265478424273047,0.0,0.0,1.2658338745128337
2023-11-28,0.006317984723127093,0.006317984723127093,0.0,0.0,1.2738313935940226
2023-11-29,-0.00047505462940262223,-0.00047505462940262223,0.0,0.0,1.2732262540934174
2023-11-30,0.004017980438341501,0.004017980438341501,0.0,0.0,1.2783420522759477
2023-12-01,-0.00529611338487935,-0.00529611338487935,0.0,0.0,1.271571807822435
2023-12-04,0.004361522200703933,0.004361522200703933,0.0,0.0,1.2771177964920417
2023-12-05,-0.0008734345862244634,-0.0008734345862244634,0.0,0.0,1.2760023176379027
2023-12-06,0.004295834304932208,0.004295834304932208,0.0,0.0,1.2814838121671845
2023-12-07,-0.005729295973120432,-0.005729295973120432,0.0,0.0,1.274141812122516
2023-12-08,0.002875017456679174,0.002875017456679174,0.0,0.0,1.2778049920746533
2023-12-11,0.0009945039691647397,0.0009945039691647397,0.0,0.0,1.27907577421109
2023-12-12,0.0018275810262188765,0.0018275810262188765,0.0,0.0,1.2814133888271346
2023-12-13,0.0021817767107321414,0.0021817767107321414,0.0,0.0,1.284209146715698
2023-12-14,0.009146519313524757,0.009146519313524757,0.0,0.0,1.2959551904787383
2023-12-15,-0.006909472557289386,-0.006909472557289386,0.0,0.0,1.2870008236546489
2023-12-18,0.00066118121169086,0.00066118121169086,0.0,0.0,1.2878517644186798
2023-12-19,-0.005674478392652497,-0.005674478392652497,0.0,0.0,1.2805438774085467
2023-12-20,0.002949351690471038,0.002949351690471038,0.0,0.0,1.284320651658104
2023-12-21,-0.0025783430852754146,-0.0025783430852754146,0.0,0.0,1.281009232386625
2023-12-22,4.65787161313148e-05,4.65787161313148e-05,0.0,0.0,1.2810689001520217
2023-12-25,0.0033255142232709884,0.0033255142232709884,0.0,0.0,1.2853291130004676
2023-12-26,0.007745414639193068,0.007745414639193068,0.0,0.0,1.2952845199284826
2023-12-27,0.006909066301407469,0.006909066301407469,0.0,0.0,1.3042337265558552
2023-12-28,0.0023189412952735865,0.0023189412952735865,0.0,0.0,1.3072581680030542
2023-12-29,0.0029898756455883106,0.0029898756455883106,0.0,0.0,1.311166707362063
2024-01-02,-0.0019386186429375925,-0.0019386186429375925,0.0,0.0,1.308624855139172
2024-01-03,-0.011919298125783549,-0.011919298125783549,0.0,0.0,1.2930269653559578
2024-01-04,0.002113591991349602,0.002113591991349602,0.0,0.0,1.2957598967945332
2024-01-05,0.0009356359476425172,0.0009356359476425172,0.0,0.0,1.2969722563334876
2024-01-08,0.0035468172309736615,0.0035468172309736615,0.0,0.0,1.3015723798803458
2024-01-09,-0.006204240519863388,-0.006204240519863388,0.0,0.0,1.2934971117815572
2024-01-10,-0.005836728667823306,-0.005836728667823306,0.0,0.0,1.2859473201074751
2024-01-11,0.004299928666504715,0.004299928666504715,0.0,0.0,1.29147680185282
2024-01-12,-0.0030388660474004103,-0.0030388660474004103,0.0,0.0,1.2875521768486642
2024-01-15,-0.0012408114011523092,-0.0012408114011523092,0.0,0.0,1.285954567428052
2024-01-16,-0.010350428821739885,-0.010350428821739885,0.0,0.0,1.2726443862098966
2024-01-17,-0.01403186074872224,-0.01403186074872224,0.0,0.0,1.2547868173999563
2024-01-18,0.0022491375285594965,0.0022491375285594965,0.0,0.0,1.2576090055213125
2024-01-19,0.010106849124902553,0.010106849124902553,0.0,0.0,1.2703194699982352
2024-01-22,0.005938750010133373,0.005938750010133373,0.0,0.0,1.2778635797635598
2024-01-23,0.00286092772016872,0.00286092772016872,0.0,0.0,1.2815194551014994
2024-01-24,0.0015261691462201653,0.0015261691462201653,0.0,0.0,1.2834752705541561
2024-01-25,0.0013015861845469317,0.0013015861845469317,0.0,0.0,1.285145824234517
2024-01-26,0.002195832313194125,0.002195832313194125,0.0,0.0,1.2879677889625376
2024-01-29,0.004452459378093311,0.004452459378093311,0.0,0.0,1.2937024132231858
2024-01-30,-0.0074475481329320066,-0.0074475481329320066,0.0,0.0,1.2840675022310157
2024-01-31,-0.00039378008824531626,-0.00039378008824531626,0.0,0.0,1.2835618620166742
2024-02-01,0.007112686561540396,0.007112686561540396,0.0,0.0,1.292691435223546
2024-02-02,0.0003715822703796098,0.0003715822703796098,0.0,0.0,1.2931717764419466
2024-02-05,-0.004818556943094279,-0.004818556943094279,0.0,0.0,1.2869405545999586
2024-02-15,0.001581549503434158,0.001581549503434158,0.0,0.0,1.2889759147950355
2024-02-16,0.0029781329879764607,0.0029781329879764607,0.0,0.0,1.2928146564875937
2024-02-19,0.00795418286583408,0.00795418286583408,0.0,0.0,1.3030979406769265
2024-02-20,0.0028196375174523035,0.0028196375174523035,0.0,0.0,1.306772204519374
2024-02-21,-0.002040464152585398,-0.002040464152585398,0.0,0.0,1.3041057826804572
2024-02-22,0.0027997796493070526,0.0027997796493070526,0.0,0.0,1.3077569915113496
2024-02-23,-0.005588302635975381,-0.005588302635975381,0.0,0.0,1.3004488496684714
2024-02-26,-0.0020764655317947038,-0.0020764655317947038,0.0,0.0,1.2977485124562727
2024-02-27,-0.0012204626923888694,-0.0012204626923888694,0.0,0.0,1.2961646588127167
2024-02-29,0.007456388522538325,0.007456388522538325,0.0,0.0,1.3058293660980076
2024-03-01,-0.0035486821430313776,-0.0035486821430313776,0.0,0.0,1.3011953927446895
2024-03-04,0.00368936116442719,0.00368936116442719,0.0,0.0,1.3059959724940133
2024-03-05,-6.863405291337658e-05,-6.863405291337658e-05,0.0,0.0,1.3059063366973325
2024-03-06,0.0037770520345450833,0.0037770520345450833,0.0,0.0,1.3108388128832804
2024-03-07,-0.0004951844860295114,-0.0004951844860295114,0.0,0.0,1.3101897058394554
2024-03-08,0.000701694568424479,0.000701694568424479,0.0,0.0,1.3111090588396486
2024-03-11,0.003739471088579063,0.003739471088579063,0.0,0.0,1.3160119132591535
2024-03-12,0.010715826098569466,0.010715826098569466,0.0,0.0,1.330114068065284
2024-03-13,0.0059947446715173216,0.0059947446715173216,0.0,0.0,1.3380877622873288
2024-03-14,0.005273711976596439,0.005273711976596439,0.0,0.0,1.3451444517450406
2024-03-15,0.003222616643575192,0.003222616643575192,0.0,0.0,1.349479336643247
2024-03-18,-0.0016646436493145693,-0.0016646436493145693,0.0,0.0,1.3472329344356224
2024-03-19,-0.000270198427070845,-0.000270198427070845,0.0,0.0,1.3468689142158399
2024-03-20,-0.0030072564183566265,-0.0030072564183566265,0.0,0.0,1.3428185340288792
2024-03-21,0.014199618138672406,0.014199618138672406,0.0,0.0,1.361886044441621
2024-03-22,0.0001442432576715221,0.0001442432576715221,0.0,0.0,1.3620824873212485
2024-03-25,-0.0009893445932208852,-0.0009893445932208852,0.0,0.0,1.3607349183768964
2024-03-26,0.003283591063893354,0.003283591063893354,0.0,0.0,1.3652030153952064
2024-03-27,0.0063825203380225865,0.0063825203380225865,0.0,0.0,1.373916451406496
2024-03-28,0.00039553772940948903,0.00039553772940948903,0.0,0.0,1.374459887200084
2024-03-29,0.0026429719929450253,0.0026429719929450253,0.0,0.0,1.37809254618738
2024-04-01,-0.0012687895567282872,-0.0012687895567282872,0.0,0.0,1.3763440367565725
2024-04-02,0.00217514694954616,0.00217514694954616,0.0,0.0,1.3793377872896495
2024-04-03,-0.011433773594384187,-0.011433773594384187,0.0,0.0,1.3635667513196008
2024-04-08,0.0064777595165514314,0.0064777595165514314,0.0,0.0,1.3723996088194146
2024-04-09,0.0036685323830480242,0.0036685323830480242,0.0,0.0,1.377434301226851
2024-04-10,-0.000548063278593287,-0.000548063278593287,0.0,0.0,1.376679380067674
2024-04-11,-0.0016018148992757593,-0.0016018148992757593,0.0,0.0,1.3744741945251557
2024-04-12,-0.005728693859095104,-0.005728693859095104,0.0,0.0,1.3666002526474947
2024-04-15,-0.0028803298083271032,-0.0028803298083271032,0.0,0.0,1.3626639932037268
2024-04-16,-0.023156886164670442,-0.023156886164670442,0.0,0.0,1.3311089382324128
2024-04-17,0.005911748436434778,0.005911748436434778,0.0,0.0,1.3389781194167327
2024-04-18,0.006355444495817787,0.006355444495817787,0.0,0.0,1.3474879205358004
2024-04-19,-0.01469048552146323,-0.01469048552146323,0.0,0.0,1.3276926687488226
2024-04-22,0.011825030015749907,0.011825030015749907,0.0,0.0,1.3433926744084685
2024-04-23,0.005100531845714383,0.005100531845714383,0.0,0.0,1.3502446915255886
2024-04-24,0.004352044348157474,0.004352044348157474,0.0,0.0,1.356121016303972
2024-04-25,-0.006084559115388857,-0.007041106045491711,0.4969074961573268,0.0009565469301028542,1.3465724244176558
2024-04-26,0.003214497085582569,0.003214497085582569,0.0,0.0,1.3509009775514722
2024-04-29,0.01687106832802892,0.01687106832802892,0.0,0.0,1.373692120248144
2024-04-30,-0.00286363746709959,-0.00286363746709959,0.0,0.0,1.369758364024342
2024-05-02,0.0016191865915697393,0.0016191865915697393,0.0,0.0,1.3719762584010609
2024-05-03,0.000782692861036859,0.000782692861036859,0.0,0.0,1.3730500944240234
2024-05-06,0.015021288141985481,0.015021288141985481,0.0,0.0,1.3936750755257472
2024-05-07,-0.0004008694219272353,-0.0004008694219272353,0.0,0.0,1.3931163938038669
2024-05-08,0.0007433814082770748,0.0007433814082770748,0.0,0.0,1.3941520106305867
2024-05-09,-0.007505580043881176,-0.007505580043881176,0.0,0.0,1.383688091121461
2024-05-10,0.010901113235705407,0.010901113235705407,0.0,0.0,1.398771831685673
2024-05-13,0.0010435321769846808,0.0010435321769846808,0.0,0.0,1.4002314951002968
2024-05-14,-0.006455479258580649,-0.006455479258580649,0.0,0.0,1.3911923297264654
2024-05-15,0.0013693502121582936,0.0013693502121582936,0.0,0.0,1.3930973592383293
2024-05-16,0.008950871914654152,0.008950871914654152,0.0,0.0,1.4055667952655144
2024-05-17,0.001116512677226694,0.001116512677226694,0.0,0.0,1.4071361284111175
2024-05-20,0.0079482117009703,0.0079482117009703,0.0,0.0,1.4183203442518129
2024-05-21,-0.004584150119673209,-0.004584150119673209,0.0,0.0,1.411818550875976
2024-05-22,0.004339673747074713,0.004339673747074713,0.0,0.0,1.4179453827768453
2024-05-23,-0.001264866190240771,-0.001264866190240771,0.0,0.0,1.416151871602563
2024-05-24,-0.004130190979392311,-0.004130190979392311,0.0,0.0,1.4103028939170206
2024-05-27,0.006376066569353433,0.006376066569353433,0.0,0.0,1.4192950790515875
2024-05-28,0.0009127427711273751,0.0009127427711273751,0.0,0.0,1.4205905303750883
2024-05-29,-0.011380760594226602,-0.011380760594226602,0.0,0.0,1.404423129646464
2024-05-30,-0.004957095637930882,-0.004957095637930882,0.0,0.0,1.3974612698766842
2024-05-31,0.005748916333451076,0.005748916333451076,0.0,0.0,1.4054951577964434
2024-06-03,0.004654725911997944,0.004654725911997944,0.0,0.0,1.4120373525266263
2024-06-04,-0.0048805454402933695,-0.0048805454402933695,0.0,0.0,1.4051458400642285
2024-06-05,0.0007393491689484889,0.0007393491689484889,0.0,0.0,1.4061847334733313
2024-06-06,0.0036031448534426394,0.0036031448534426394,0.0,0.0,1.4112514207587352
2024-06-07,0.0039022191637481975,0.0039022191637481975,0.0,0.0,1.4167584330976868
2024-06-11,-0.004060717657449502,-0.004060717657449502,0.0,0.0,1.4110053771120665
2024-06-12,0.0014155727866799364,0.0014155727866799364,0.0,0.0,1.4130027579257656
2024-06-13,0.004395207776840471,0.004395207776840471,0.0,0.0,1.419213198636098
2024-06-14,0.006065638392313116,0.006065638392313116,0.0,0.0,1.4278216327006228
2024-06-17,0.000548013768415979,0.000548013768415979,0.0,0.0,1.4286040986141848
2024-06-18,0.006328772637349803,0.006328772637349803,0.0,0.0,1.4376454091431
2024-06-19,0.0007348668800461278,0.0007348668800461278,0.0,0.0,1.4387018871395296
2024-06-20,0.00475602047172615,0.00475602047172615,0.0,0.0,1.445544382767476
2024-06-21,-0.0017395297307136225,-0.0017395297307136225,0.0,0.0,1.443029815336586
2024-06-24,-0.0030675972054902863,-0.0030675972054902863,0.0,0.0,1.43860318110762
2024-06-25,0.003973383880901955,0.003973383880901955,0.0,0.0,1.4443193037984474
2024-06-26,-0.007004228853522711,-0.007004228853522711,0.0,0.0,1.4342029608570825
2024-06-27,-0.009254718256748628,-0.009254718256748628,0.0,0.0,1.4209298165313555
2024-06-28,0.0030512438274440954,0.0030512438274440954,0.0,0.0,1.4252654198632781
2024-07-01,0.0042981760101437755,0.0042981760101437755,0.0,0.0,1.431391461499022
2024-07-02,0.0012725442083518239,0.0012725442083518239,0.0,0.0,1.4332129704132368
2024-07-03,0.008982349790708147,0.008982349790708147,0.0,0.0,1.4460865906380684
2024-07-04,0.002320162938104232,0.002320162938104232,0.0,0.0,1.4494417471509564
2024-07-05,0.0038179478131989417,0.0038179478131989417,0.0,0.0,1.4549756400998508
2024-07-08,-0.006130029929490093,-0.006130029929490093,0.0,0.0,1.4460565958793596
2024-07-09,-0.007092673122844052,-0.007092673122844052,0.0,0.0,1.4358001891276548
2024-07-10,-0.0004964251029336382,-0.0004964251029336382,0.0,0.0,1.435087421870975
2024-07-11,0.003100446840269721,0.003100446840269721,0.0,0.0,1.4395368341336259
2024-07-12,0.0035728888667369623,0.0035728888667369623,0.0,0.0,1.4446801392615598
2024-07-15,-0.00089158867628653,-0.00089158867628653,0.0,0.0,1.4433920788085381
2024-07-16,-0.0010899706102537655,-0.0010899706102537655,0.0,0.0,1.4418188238635639
2024-07-17,0.002393635970982952,0.002393635970982952,0.0,0.0,1.445270013264004
2024-07-18,0.0073778584667368585,0.0073778584667368585,0.0,0.0,1.4559330108680846
2024-07-19,-0.010139307669440961,-0.010139307669440961,0.0,0.0,1.4411708581247975
2024-07-22,-0.011443648271550432,-0.011443648271550432,0.0,0.0,1.4246786057252088
2024-07-23,0.012920782463902523,0.012920782463902523,0.0,0.0,1.4430865680707603
2024-07-26,-0.011755607274939031,-0.011755607274939031,0.0,0.0,1.4261222091127808
2024-07-29,-0.0009206194632682719,-0.0009206194632682719,0.0,0.0,1.4248092932500724
2024-07-30,-0.0016427115260289,-0.0016427115260289,0.0,0.0,1.4224687426016573
2024-07-31,0.0032645103227076995,0.0032645103227076995,0.0,0.0,1.4271124064956096
2024-08-01,0.006692163599034905,0.006692163599034905,0.0,0.0,1.4366628761940905
2024-08-02,-0.01221726291202911,-0.01221726291202911,0.0,0.0,1.4191107881196754
2024-08-05,-0.04931784205946922,-0.04931784205946922,0.0,0.0,1.3491233064063004
2024-08-06,0.009619828825487413,0.009619828825487413,0.0,0.0,1.3621016416784046
2024-08-07,0.012935399608911304,0.012935399608911304,0.0,0.0,1.3797209707214688
2024-08-08,-0.016467371912002163,-0.016467371912002163,0.0,0.0,1.3570005923618096
2024-08-09,0.019575624014363257,0.019575624014363257,0.0,0.0,1.3835647257451524
2024-08-12,0.007946944002995256,0.007946944002995256,0.0,0.0,1.3945598371451688
2024-08-13,-0.0010834339832146446,-0.0010834339832146446,0.0,0.0,1.3930489236259795
2024-08-14,0.0047824649869112525,0.0047824649869112525,0.0,0.0,1.3997111313282753
2024-08-15,-0.00908031619238459,-0.00908031619238459,0.0,0.0,1.3870013116778142
2024-08-16,0.01084727553776698,0.01084727553776698,0.0,0.0,1.4020464970768274
2024-08-19,0.000246726044637045,0.000246726044637045,0.0,0.0,1.4023924184634484
2024-08-20,0.003123552744236774,0.003123552744236774,0.0,0.0,1.4067728651506368
2024-08-21,0.000974927917629363,0.000974927917629363,0.0,0.0,1.4081443672906357
2024-08-22,-0.00517495513597021,-0.00517495513597021,0.0,0.0,1.4008572833649375
2024-08-23,0.00028354084712960435,0.00028354084712960435,0.0,0.0,1.4012544836257705
2024-08-26,0.007009348995799742,0.007009348995799742,0.0,0.0,1.4110763653334326
2024-08-27,-0.0006298808980868269,-0.0006298808980868269,0.0,0.0,1.4101875552851673
2024-08-28,-0.0023075823389339077,-0.0023075823389339077,0.0,0.0,1.4069334313880069
2024-08-29,-0.00549458252111244,-0.00549458252111244,0.0,0.0,1.3992029195475335
2024-08-30,0.006355309610104429,0.006355309610104429,0.0,0.0,1.4080952873086199
2024-09-02,0.0005968377795474075,0.0005968377795474075,0.0,0.0,1.4089356917732883
2024-09-03,-0.006912059388492698,-0.006912059388492698,0.0,0.0,1.3991970445971842
2024-09-04,-0.02119733676912486,-0.02119733676912486,0.0,0.0,1.3695377936364934
2024-09-05,0.005760519556564797,0.005760519556564797,0.0,0.0,1.3774270428801911
2024-09-06,0.008655749255874347,0.008655749255874347,0.0,0.0,1.3893497059816224
2024-09-09,-0.00301895480923567,-0.00301895480923567,0.0,0.0,1.385155322005039
2024-09-10,-0.001146036850195994,-0.001146036850195994,0.0,0.0,1.3835678829627762
2024-09-11,-0.004291665504438094,-0.004291665504438094,0.0,0.0,1.3776300724064166
2024-09-12,0.008777238546144334,0.008777238546144334,0.0,0.0,1.3897218601802699
2024-09-13,0.0027320307461536197,0.0027320307461536197,0.0,0.0,1.393518623030884
2024-09-16,0.005440309641023761,0.005440309641023761,0.0,0.0,1.4010997958307052
2024-09-18,-0.004676055968829598,-0.004676055968829598,0.0,0.0,1.394548174767485
2024-09-19,0.005403595671771103,0.005403595671771103,0.0,0.0,1.4020837492487348
2024-09-20,0.004570627596113144,0.004570627596113144,0.0,0.0,1.4084921519251128
2024-09-23,0.004926451997139823,0.004926451997139823,0.0,0.0,1.4154310208999201
2024-09-24,0.0011098178730504205,0.0011098178730504205,0.0,0.0,1.417001891544985
2024-09-25,0.0019704658431296783,0.0019704658431296783,0.0,0.0,1.4197940453719244
2024-09-26,0.0017712854874042598,0.0017712854874042598,0.0,0.0,1.4223089059595948
2024-09-27,-0.0001890285323178576,-0.0001890285323178576,0.0,0.0,1.4220400489945986
2024-09-30,-0.006743793643069524,-0.006743793643069524,0.0,0.0,1.4124501043519986
2024-10-01,0.0023967371499068225,0.0023967371499068225,0.0,0.0,1.4158353759894886
2024-10-04,-0.010772246632179284,-0.010772246632179284,0.0,0.0,1.4005836481287657
2024-10-07,0.005708262809866545,0.005708262809866545,0.0,0.0,1.4085785476794863
2024-10-08,-0.009074231554990632,-0.009074231554990632,0.0,0.0,1.3957967797744502
2024-10-09,-0.0024174738807814294,-0.0024174738807814294,0.0,0.0,1.3924224775164666
2024-10-11,-0.0016195601822023668,-0.0016195601822023668,0.0,0.0,1.3901673655150775
2024-10-14,0.0032756207424326994,0.0032756207424326994,0.0,0.0,1.3947210265730117
2024-10-15,0.007349796053352802,0.007349796053352802,0.0,0.0,1.4049719416696462
2024-10-16,-0.006940727776523875,-0.006940727776523875,0.0,0.0,1.395220413888863
2024-10-17,0.00804504789372635,0.00804504789372635,0.0,0.0,1.4064450289409038
2024-10-18,0.008462710226399934,0.008462710226399934,0.0,0.0,1.4183473656701913
2024-10-21,-0.005826723361245613,-0.005826723361245613,0.0,0.0,1.4100830479402797
2024-10-22,0.004220345483172681,0.004220345483172681,0.0,0.0,1.4160340855625528
2024-10-23,-0.009022771203058302,-0.009022771203058302,0.0,0.0,1.40325753399279
2024-10-24,-0.00042126794882877696,-0.00042126794882877696,0.0,0.0,1.4026663865697662
2024-10-25,0.0028507375623308883,0.0028507375623308883,0.0,0.0,1.4066650203253794
2024-10-28,-0.002233452774347274,-0.002233452774347274,0.0,0.0,1.4035233004331564
2024-10-29,-0.003827672594135882,-0.003827672594135882,0.0,0.0,1.3981510727608573
2024-10-30,-0.0018274959138272063,-0.0018274959138272063,0.0,0.0,1.3955959573884735
2024-11-01,-0.004640945496001102,-0.004640945496001102,0.0,0.0,1.389119072615794
2024-11-04,0.006056405735759124,0.006056405735759124,0.0,0.0,1.3975321413348367
2024-11-05,0.0034848807469797464,0.0034848807469797464,0.0,0.0,1.40240237418746
2024-11-06,-0.0044843696830268,-0.0044843696830268,0.0,0.0,1.396113483497249
2024-11-07,0.00831375469405495,0.00831375469405495,0.0,0.0,1.4077204285241078
2024-11-08,-0.0021832333689470323,-0.0021832333689470323,0.0,0.0,1.4046470463104057
2024-11-11,0.0022483498038765827,0.0022483498038765827,0.0,0.0,1.4078051842214936
2024-11-12,-0.008165742563824423,-0.008165742563824423,0.0,0.0,1.3963094095071236
2024-11-13,0.0019196437769119674,0.0019196437769119674,0.0,0.0,1.3989898261757276
2024-11-14,-0.009812237781613694,-0.009812237781613694,0.0,0.0,1.385262605347233
2024-11-15,0.007523741951236303,0.007523741951236303,0.0,0.0,1.395684963724563
2024-11-18,-0.003131031602833602,-0.003131031602833602,0.0,0.0,1.3913150299955417
2024-11-19,0.011400161100462798,0.011400161100462798,0.0,0.0,1.4071762454789862
2024-11-20,-0.007612831413884075,-0.007612831413884075,0.0,0.0,1.3964636499525325
2024-11-21,-0.0015196898746875544,-0.0015196898746875544,0.0,0.0,1.3943414582833304
2024-11-22,0.00210442893920712,0.00210442893920712,0.0,0.0,1.3972757507992781
2024-11-25,0.011965890856630648,0.011965890856630648,0.0,0.0,1.413995399929959
2024-11-26,-0.005806463257750661,-0.005806463257750661,0.0,0.0,1.4057850875936373
2024-11-27,-0.004285258485163443,-0.004285258485163443,0.0,0.0,1.3997609351187104
2024-11-28,-0.0049710905834323025,-0.0049710905834323025,0.0,0.0,1.3928025967150854
2024-11-29,-0.0033220157508745676,-0.0033220157508745676,0.0,0.0,1.388175684550939
2024-12-02,0.00999612608525938,0.00999612608525938,0.0,0.0,1.4020520637222016
2024-12-03,0.0058238726681453,0.0058238726681453,0.0,0.0,1.4102174364154298
2024-12-04,0.0007485164624811146,0.0007485164624811146,0.0,0.0,1.4112730073822648
2024-12-05,0.0013813127529742697,0.0013813127529742697,0.0,0.0,1.4132224167852903
2024-12-06,0.0016719546109817476,0.0016719546109817476,0.0,0.0,1.4155852605213772
2024-12-09,-0.00012582315611051265,-0.00012582315611051265,0.0,0.0,1.415407147116155
2024-12-10,-0.005868411938798396,-0.005868411938798396,0.0,0.0,1.4071009549157578
2024-12-11,-0.00475988069466029,-0.00475988069466029,0.0,0.0,1.4004033222450163
2024-12-12,0.002427801541317067,0.002427801541317067,0.0,0.0,1.4038032235892282
2024-12-13,-0.006894132432937048,-0.006894132432937048,0.0,0.0,1.3941252182560202
2024-12-16,-0.005355085429261579,-0.005355085429261579,0.0,0.0,1.3866595586131714
2024-12-17,-0.0007853109761134982,-0.0007853109761134982,0.0,0.0,1.3855705996416599
2024-12-18,0.0017892088474876179,0.0017892088474876179,0.0,0.0,1.3880496748173574
2024-12-19,-0.005463068003190738,-0.005463068003190738,0.0,0.0,1.3804666650520234
2024-12-20,-0.010977054568287088,-0.010977054568287088,0.0,0.0,1.365313207140046
2024-12-23,0.015893756607302623,0.015893756607302623,0.0,0.0,1.3870131629470654
2024-12-24,0.0033482156837682047,0.0033482156837682047,0.0,0.0,1.3916571821728378
2024-12-25,0.0007259665184825546,0.0007259665184825546,0.0,0.0,1.392667478692301
2024-12-26,0.000563079760732959,0.000563079760732959,0.0,0.0,1.3934516615629837
2024-12-27,-0.003625148503128816,-0.003625148503128816,0.0,0.0,1.3884001923578864
2024-12-30,-0.00658483457200951,-0.00658483457200951,0.0,0.0,1.3792578067714634
2024-12-31,-0.0054659253041132476,-0.0054659253041132476,0.0,0.0,1.3717188866245356
2025-01-02,0.0005236632934500459,0.0005236632934500459,0.0,0.0,1.372437205454393
2025-01-03,-0.0006345883446051473,-0.0006345883446051473,0.0,0.0,1.371566272800109
2025-01-06,0.011481273817832132,0.011481273817832132,0.0,0.0,1.3873136007374305
2025-01-07,-0.002461399251535294,-0.002461399251535294,0.0,0.0,1.3838988680789306
2025-01-08,0.000774283847014031,0.000774283847014031,0.0,0.0,1.384970398618385
2025-01-09,-0.008119348393108532,-0.008119348393108532,0.0,0.0,1.3737253414378598
2025-01-10,-0.0033566142864195543,-0.0033566142864195543,0.0,0.0,1.369114275331173
2025-01-13,-0.008185808824490774,-0.008185808824490774,0.0,0.0,1.3579069676144306
2025-01-14,0.010898546884611116,0.010898546884611116,0.0,0.0,1.3727061803659164
2025-01-15,-0.0007771258203643414,-0.0007771258203643414,0.0,0.0,1.3716394149493802
2025-01-16,0.007045871999050027,0.007045871999050027,0.0,0.0,1.3813038106959654
2025-01-17,-0.0019316777568597172,-0.0019316777568597172,0.0,0.0,1.3786355768493783
2025-01-20,-0.0013200614600558695,-0.0013200614600558695,0.0,0.0,1.3768156931569175
2025-01-21,0.004215409845047888,0.004215409845047888,0.0,0.0,1.3826195355846678
2025-01-22,0.0017145944050919503,0.0017145944050919503,0.0,0.0,1.3849901673047522
2025-02-03,0.0010565305342267288,0.0010565305342267288,0.0,0.0,1.3864534517061136
2025-02-04,-0.005230861760390221,-0.005230861760390221,0.0,0.0,1.379201105363023
2025-02-05,0.006989034802951921,0.006989034802951921,0.0,0.0,1.3888403898886752
2025-02-06,0.008695710439367293,0.008695710439367293,0.0,0.0,1.400917343765645
2025-02-07,-0.0032765709206166666,-0.0032765709206166666,0.0,0.0,1.396327138734875
2025-02-10,-0.0013537014960718226,-0.0013537014960718226,0.0,0.0,1.394436928598164
2025-02-11,0.0005675083071932149,0.0005675083071932149,0.0,0.0,1.3952282831390004
2025-02-12,0.0028047792396561793,0.0028047792396561793,0.0,0.0,1.3991415904621298
2025-02-13,0.005485423332120167,0.005485423332120167,0.0,0.0,1.4068164743873905
2025-02-14,0.00027333884711522555,0.00027333884711522555,0.0,0.0,1.4072010119806022
2025-02-17,0.0050668204797599415,0.0050668204797599415,0.0,0.0,1.4143310468872443
2025-02-18,0.0034973336600436986,0.0034973336600436986,0.0,0.0,1.4192774344639678
2025-02-19,-0.0001680807831143722,-0.0001680807831143722,0.0,0.0,1.4190388812013266
2025-02-20,-0.0014843009114587833,-0.0014843009114587833,0.0,0.0,1.416932600496564
2025-02-21,0.00698927508765591,0.00698927508765591,0.0,0.0,1.4268359322221023
2025-02-24,-0.0015310701972489624,-0.0015310701972489624,0.0,0.0,1.424651346249913
2025-02-25,-0.00266121607885975,-0.00266121607885975,0.0,0.0,1.4208600411805037
2025-02-26,0.005441679859642762,0.005441679859642762,0.0,0.0,1.4285919066499668
2025-02-27,-0.004214055634824565,-0.004214055634824565,0.0,0.0,1.4225717408758838
2025-03-03,0.004307182782253411,0.004307182782253411,0.0,0.0,1.4286990173847047
2025-03-04,-0.0060461444741901176,-0.0060461444741901176,0.0,0.0,1.4200608967154633
2025-03-05,0.001756642156575066,0.001756642156575066,0.0,0.0,1.4225554355515375
2025-03-06,-0.0012722041938613904,-0.0012722041938613904,0.0,0.0,1.4207456545604285
2025-03-07,-0.00403138095748725,-0.00403138095748725,0.0,0.0,1.4150180875832008
2025-03-10,-0.0012076558272339389,-0.0012076558272339389,0.0,0.0,1.4133092327440895
2025-03-11,-0.005905096681983155,-0.005905096681983155,0.0,0.0,1.4049635050831963
2025-03-12,0.0007422907256861424,0.0007422907256861424,0.0,0.0,1.4060063964629472
2025-03-13,-0.0018747873692499632,-0.0018747873692499632,0.0,0.0,1.4033704334297739
2025-03-14,0.0031673459810386013,0.0031673459810386013,0.0,0.0,1.407815393132006
2025-03-17,0.0023765086974344863,0.0023765086974344863,0.0,0.0,1.4111610786581665
2025-03-18,0.005660604690833129,0.005660604690833129,0.0,0.0,1.41914910367954
2025-03-19,-0.006531580430924933,-0.006531580430924933,0.0,0.0,1.4098798171653821
2025-03-20,0.00805547262878174,0.00805547262878174,0.0,0.0,1.4212370654424298
2025-03-21,-0.002086162632430663,-0.002086162632430663,0.0,0.0,1.4182721337846784
2025-03-24,0.0008178419963031964,0.0008178419963031964,0.0,0.0,1.4194320562978742
2025-03-25,-0.003135375650845015,-0.003135375650845015,0.0,0.0,1.414981603590529
2025-03-26,0.003943352654444024,0.003943352654444024,0.0,0.0,1.4205613750530373
2025-03-27,0.0005106972201653589,0.0005106972201653589,0.0,0.0,1.4212868517983512
2025-03-28,-0.009778326047084392,-0.009778326047084392,0.0,0.0,1.4073890455550329
2025-03-31,-0.022507930271289035,-0.022507930271289035,0.0,0.0,1.3757116310531041
2025-04-01,0.011136525630366503,0.011136525630366503,0.0,0.0,1.3910322788923204
2025-04-02,0.0032147532621110758,0.0032147532621110758,0.0,0.0,1.3955041044485914
2025-04-07,-0.08656047280776995,-0.08656047280776995,0.0,0.0,1.2747086093623379
2025-04-08,-0.0032789395532005373,-0.0032789395532005373,0.0,0.0,1.2705289168842944
2025-04-09,-0.05062886695731039,-0.05062886695731039,0.0,0.0,1.2062034773859438
2025-04-10,0.07264181090236402,0.07264181090236402,0.0,0.0,1.2938242822999875
2025-04-11,0.0054673103282768375,0.0054673103282768375,0.0,0.0,1.3008980211615815
2025-04-14,0.0025415642558745564,0.0025415642558745564,0.0,0.0,1.3042043370727037
2025-04-15,0.01330816525910321,0.01330816525910321,0.0,0.0,1.3215609039221063
2025-04-16,-0.006492195874927594,-0.006492195874927594,0.0,0.0,1.3129810716731978
2025-04-17,-0.006767943781325475,-0.006767943781325475,0.0,0.0,1.304094889594169
2025-04-18,-0.00026563974834582197,-0.00026563974834582197,0.0,0.0,1.3037484701558781
2025-04-21,-0.005056459729569389,-0.005056459729569389,0.0,0.0,1.2971561185190472
2025-04-22,-0.007941427430207182,-0.007941427430207182,0.0,0.0,1.286854847338179
2025-04-23,0.016394453292155407,0.016394453292155407,0.0,0.0,1.3079521290266485
2025-04-24,-0.003704302056285418,-0.003704302056285418,0.0,0.0,1.3031070792655721
2025-04-25,0.0019284282248015823,0.0019284282248015823,0.0,0.0,1.3056200277371666
2025-04-28,0.004119912920459027,0.004119912920459027,0.0,0.0,1.310999068558651
2025-04-29,0.009750677301684602,0.009750677301684602,0.0,0.0,1.3237821974189756
2025-04-30,0.003282264308335822,0.003282264308335822,0.0,0.0,1.3281272004775744
2025-05-02,0.004250891869483702,0.004250891869483702,0.0,0.0,1.3337729255957247
2025-05-05,-0.007319968123589074,-0.007319968123589074,0.0,0.0,1.3240097502962578
2025-05-06,0.012029729378429298,0.012029729378429298,0.0,0.0,1.3399372292867235
2025-05-07,0.0013797174141010117,0.0013797174141010117,0.0,0.0,1.3417859640157728
2025-05-08,-0.00015803836615020748,-0.00015803836615020748,0.0,0.0,1.3415739103542963
2025-05-09,0.010618455012965364,0.010618455012965364,0.0,0.0,1.3558193525679614
2025-05-12,0.007133923191286451,0.007133923191286451,0.0,0.0,1.3654916636904408
2025-05-13,-0.0006979596280247764,-0.001307041323569608,0.31640607560770473,0.0006090816955448316,1.3637069096590075
2025-05-14,0.006412077869697374,0.006412077869697374,0.0,0.0,1.3724511045551855
2025-05-15,0.00648133338479547,0.00648133338479547,0.0,0.0,1.3813464177181385
2025-05-16,0.003093316746778273,0.003093316746778273,0.0,0.0,1.3856193597251683
2025-05-19,-0.005387514738643243,-0.005387514738643243,0.0,0.0,1.3781543150024995
2025-05-20,0.0028203123542931514,0.0028203123542931514,0.0,0.0,1.3820411406432234
2025-05-21,0.007023303492955874,0.007023303492955874,0.0,0.0,1.3917476350137117
2025-05-22,-0.0073122120702312325,-0.0073122120702312325,0.0,0.0,1.3815708811582486
2025-05-23,0.004290777134962173,0.004290777134962173,0.0,0.0,1.3874988939054518
2025-05-26,-0.0006716557747342439,-0.0006716557747342439,0.0,0.0,1.3865669722609228
2025-05-27,-0.008457417209672014,-0.008457417209672014,0.0,0.0,1.3748401968873605
2025-05-28,-0.0020227229567784705,-0.0020227229567784705,0.0,0.0,1.3720592760592145
2025-05-29,-0.006911552480901978,-0.006911552480901978,0.0,0.0,1.3625762163658228
2025-06-02,-0.008203278915140316,-0.008203278915140316,0.0,0.0,1.3513986236198374
2025-06-03,0.0005822385255452427,0.0005822385255452427,0.0,0.0,1.3521854599618777
2025-06-04,0.004489263694916383,0.004489263694916383,0.0,0.0,1.3582557770560781
2025-06-05,0.005463572786417773,0.005463572786417773,0.0,0.0,1.3656767063565967
2025-06-06,0.004819101484312848,0.004819101484312848,0.0,0.0,1.3722580409992913
2025-06-09,0.007759028157420133,0.007759028157420133,0.0,0.0,1.3829054297786507
2025-06-10,0.005502269566029328,0.005502269566029328,0.0,0.0,1.3905145482376187
2025-06-11,0.002239017363588664,0.002239017363588664,0.0,0.0,1.3936279344554454
2025-06-12,0.0035161861662039093,0.0035161861662039093,0.0,0.0,1.3985281897194128
2025-06-13,9.39221276969166e-05,9.39221276969166e-05,0.0,0.0,1.3986595424626356
2025-06-16,0.0036800587767786145,0.0036800587767786145,0.0,0.0,1.4038066917876004
2025-06-17,-0.0009225771295454453,-0.0009225771295454453,0.0,0.0,1.4025115718394543
2025-06-18,0.005599277579502145,0.005599277579502145,0.0,0.0,1.4103646234386473
2025-06-19,-0.01021599159578028,-0.01021599159578028,0.0,0.0,1.3959563502986123
2025-06-20,-0.007930822104449068,-0.007930822104449068,0.0,0.0,1.384885268818818
2025-06-23,-0.009454919719459496,-0.009454919719459496,0.0,0.0,1.3717912897814741
2025-06-24,0.0014010510226472985,0.0014010510226472985,0.0,0.0,1.373713239370881
2025-06-25,0.007031458245277541,0.007031458245277541,0.0,0.0,1.3833724466545023
2025-06-26,-0.0009815986337131045,-0.0009815986337131045,0.0,0.0,1.3820145301509499
2025-06-27,0.006523156461429597,0.006523156461429597,0.0,0.0,1.3910296271630938
2025-06-30,-0.004245128194494041,-0.004245128194494041,0.0,0.0,1.3851245280734472
2025-07-01,0.0022274768135292305,0.0022274768135292305,0.0,0.0,1.3882098608435816
2025-07-02,7.825363107799707e-05,7.825363107799707e-05,0.0,0.0,1.3883184933058907
2025-07-03,0.0044361495792599875,0.0044361495792599875,0.0,0.0,1.3944772818058484
2025-07-04,-0.003806222170333131,-0.003806222170333131,0.0,0.0,1.3891695914598132
2025-07-07,-0.0037592150154728355,-0.0037592150154728355,0.0,0.0,1.3839474042725592
2025-07-08,-0.0003126139025299,-0.0003126139025299,0.0,0.0,1.3835147630736135
2025-07-09,-0.008293771831267133,-0.008293771831267133,0.0,0.0,1.3720402073034914
2025-07-10,0.0069938160103500575,0.0069938160103500575,0.0,0.0,1.3816360040721745
2025-07-11,0.01020828060070989,0.01020828060070989,0.0,0.0,1.3957401320897869
2025-07-14,0.0034383186104605555,0.0034383186104605555,0.0,0.0,1.4005391313613178
2025-07-15,-0.002119397872739055,-0.002119397872739055,0.0,0.0,1.3975708317056228
2025-07-16,0.001398294747165717,0.001398294747165717,0.0,0.0,1.399525047658389
2025-07-17,0.0024436129359163977,0.0024436129359163977,0.0,0.0,1.402944945168986
2025-07-18,-0.003234258254080074,-0.003234258254080074,0.0,0.0,1.3984074589000532
2025-07-21,-0.0019705727416573027,-0.0019705727416573027,0.0,0.0,1.3956517952798144
2025-07-22,-0.007379614780428305,-0.007379614780428305,0.0,0.0,1.3853524226630363
2025-07-23,0.00810672095514612,0.00810672095514612,0.0,0.0,1.3965830881781012
2025-07-24,-0.003449574059156594,-0.003449574059156594,0.0,0.0,1.3917654713856653
2025-07-25,-0.0016012637676977625,-0.0016012637676977625,0.0,0.0,1.3895368877632026
2025-07-28,-0.0019777295287216057,-0.0019777295287216057,0.0,0.0,1.3867887596290256
2025-07-29,-0.005367101272948296,-0.005367101272948296,0.0,0.0,1.3793457239119102
2025-07-30,0.006558342897108717,0.006558342897108717,0.0,0.0,1.3883919461429852
2025-07-31,-0.009867593318220179,-0.009867593318220179,0.0,0.0,1.374691859052154
2025-08-01,0.004591512301494308,0.004591512301494308,0.0,0.0,1.3810037736337561
2025-08-04,0.008059006763301938,0.008059006763301938,0.0,0.0,1.392133292385616
2025-08-05,0.007750968281653139,0.007750968281653139,0.0,0.0,1.4029236733787305
2025-08-06,0.0033782801702921684,0.0033782801702921684,0.0,0.0,1.4076631426049393
2025-08-07,-0.009502791777012866,-0.009502791777012866,0.0,0.0,1.394286412868589
2025-08-08,0.0006663522787201527,0.0006663522787201527,0.0,0.0,1.3952154987969927
2025-08-11,0.0014800781346773456,0.0014800781346773456,0.0,0.0,1.397280526749925
2025-08-12,-0.0034597896632071593,-0.0034597896632071593,0.0,0.0,1.392446230026875
2025-08-13,0.003760440982881905,0.003760440982881905,0.0,0.0,1.3976824418967275
2025-08-14,0.0037242340025915284,0.0037242340025915284,0.0,0.0,1.4028877383716645
2025-08-15,-0.0012170920630840297,-0.0012170920630840297,0.0,0.0,1.4011802948398944
2025-08-18,0.004986802950226309,0.004986802950226309,0.0,0.0,1.4081677048680008
2025-08-19,-0.0025491907205165408,-0.0025491907205165408,0.0,0.0,1.4045780168218203
2025-08-20,-0.00641321074707416,-0.00641321074707416,0.0,0.0,1.3955701619892344
2025-08-21,0.0017269521265663647,0.0017269521265663647,0.0,0.0,1.3979802448482543
2025-08-22,-0.005421723046011635,-0.005421723046011635,0.0,0.0,1.3904007831368916
2025-08-25,0.004255104080774991,0.004255104080774991,0.0,0.0,1.3963170831831302
2025-08-26,-0.006211706325315214,-0.006211706325315214,0.0,0.0,1.3876435715253759
2025-08-27,0.0006961410455912209,0.0006961410455912209,0.0,0.0,1.3886095671721654
2025-08-28,0.00561411171618474,0.00561411171618474,0.0,0.0,1.396405376412433
2025-08-29,-0.002293784414852099,-0.002293784414852099,0.0,0.0,1.3932023235232025
2025-09-01,-0.002492153380016051,-0.002492153380016051,0.0,0.0,1.389730249643588
2025-09-02,0.0037109819151970188,0.0037109819151970188,0.0,0.0,1.3948875134670176
2025-09-03,0.0019099696124253488,0.0019099696124253488,0.0,0.0,1.3975517062304912
2025-09-04,0.005734550946063519,0.005734550946063519,0.0,0.0,1.405566037689628
2025-09-05,-0.0008242260882503534,-0.0008242260882503534,0.0,0.0,1.4044075334926054
2025-09-08,0.0018026869765944114,0.0018026869765944114,0.0,0.0,1.4069392406630634
2025-09-09,0.005629217944833814,0.005629217944833814,0.0,0.0,1.4148592082838949
2025-09-10,0.002981921792765141,0.002981921792765141,0.0,0.0,1.419078207790771
2025-09-11,-0.007554200506277845,-0.007554200506277845,0.0,0.0,1.4083582064750302
2025-09-12,0.009664007804760393,0.009664007804760393,0.0,0.0,1.4219685911743032
2025-09-15,-0.003535613081595267,-0.003535613081595267,0.0,0.0,1.4169410604217298
2025-09-16,-0.0007709094109806768,-0.0007709094109806768,0.0,0.0,1.415848727223446
2025-09-17,-0.004387905119679805,-0.004387905119679805,0.0,0.0,1.40963611734457
2025-09-18,0.005814662905856998,0.005814662905856998,0.0,0.0,1.4178326761868498
2025-09-19,-0.0009114675643507853,-0.0009114675643507853,0.0,0.0,1.4165403676908288
2025-09-22,0.003347599648510286,0.003347599648510286,0.0,0.0,1.4212823777278114
2025-09-23,0.002047929761900096,0.002047929761900096,0.0,0.0,1.4241930642092242
2025-09-24,0.0043413196173731836,0.0043413196173731836,0.0,0.0,1.4303759414978026
2025-09-25,-0.001604856091455597,-0.001604856091455597,0.0,0.0,1.4280803939550184
2025-09-26,-0.003989448706938131,-0.003989448706938131,0.0,0.0,1.4223831404739509
2025-09-30,0.008905452475820018,0.008905452475820018,0.0,0.0,1.4350501059338494
2025-10-01,-0.0007021073171329748,-0.0007021073171329748,0.0,0.0,1.4340425467540208
2025-10-02,-0.0015651075496214235,-0.0015651075496214235,0.0,0.0,1.4317981159376176
2025-10-03,-0.0028138046841191585,-0.0028138046841191585,0.0,0.0,1.4277693156922793
2025-10-07,0.005380043683160254,0.005380043683160254,0.0,0.0,1.4354507769801796
2025-10-08,0.0029775195926318022,0.0029775195926318022,0.0,0.0,1.4397248597928967
2025-10-09,-0.0017944194258182956,-0.0017944194258182956,0.0,0.0,1.4371413895366507
2025-10-13,-0.0082593594482262,-0.0082593594482262,0.0,0.0,1.4252715222225443
2025-10-14,-0.0018325663462173368,-0.0018325663462173368,0.0,0.0,1.4226596175966972
2025-10-15,-0.0009721740289864711,-0.0009721740289864711,0.0,0.0,1.421276544864382
2025-10-16,0.003903265822788463,0.003903265822788463,0.0,0.0,1.426824165026682
2025-10-17,0.0006566882331557393,0.0006566882331557393,0.0,0.0,1.4277611436666373
2025-10-20,0.005856723264616956,0.005856723264616956,0.0,0.0,1.4361231455730659
2025-10-21,0.0027082781793539078,0.0027082781793539078,0.0,0.0,1.4400125665510866
2025-10-22,0.005954312157078682,0.005954312157078682,0.0,0.0,1.4485868508824478
2025-10-23,-0.0008120480736024804,-0.0008120480736024804,0.0,0.0,1.4474105287207428
2025-10-27,-0.005854334721739619,-0.005854334721739619,0.0,0.0,1.4389369030058416
2025-10-28,-0.00545567309860139,-0.00545567309860139,0.0,0.0,1.431086533653528
2025-10-29,0.0024949889325114353,0.0024949889325114353,0.0,0.0,1.4346570787164596
2025-10-30,-0.004598414999115745,-0.004598414999115745,0.0,0.0,1.4280599300871024
2025-10-31,-0.00670228451822647,-0.00670228451822647,0.0,0.0,1.41848866612658
2025-11-03,0.004719227741706022,0.004719227741706022,0.0,0.0,1.4251828371910602
2025-11-04,-0.0037656590126237273,-0.0037656590126237273,0.0,0.0,1.419816084595555
2025-11-05,0.0032594944845286975,0.0032594944845286975,0.0,0.0,1.4244439672923395
2025-11-06,0.0007908129952087112,0.0007908129952087112,0.0,0.0,1.425570436092621
2025-11-07,-0.0029248823183721734,-0.0029248823183721734,0.0,0.0,1.4214008103304996
2025-11-10,-0.002247854312930978,-0.002247854312930978,0.0,0.0,1.4182057083885946
2025-11-11,0.0001469347459517041,0.0001469347459517041,0.0,0.0,1.418414092084064
2025-11-12,0.005899686493785326,0.005899686493785326,0.0,0.0,1.426782290545727
2025-11-13,-0.006467815521003757,-0.006467815521003757,0.0,0.0,1.417554125901842
2025-11-14,-0.006611238803069927,-0.006611238803069927,0.0,0.0,1.408182337059228
2025-11-17,-0.003946527300438615,-0.003946527300438615,0.0,0.0,1.4026249070220282
2025-11-18,-0.01091333518787021,-0.01091333518787021,0.0,0.0,1.3873175912688416
2025-11-19,-0.0023459699807134434,-0.0023459699807134434,0.0,0.0,1.3840629858460092
2025-11-20,0.016689288672890278,0.016689288672890278,0.0,0.0,1.4071620125582556
2025-11-21,-0.010492196413295728,-0.010492196413295728,0.0,0.0,1.392397792337166
2025-11-24,0.007798669781571805,0.007798669781571805,0.0,0.0,1.403256642924193
2025-11-25,-0.008427543106429956,-0.008427543106429956,0.0,0.0,1.3914306370765652
2025-11-26,0.009392161082987219,0.009392161082987219,0.0,0.0,1.4044991777557918
2025-11-27,0.00405644466916631,0.00405644466916631,0.0,0.0,1.4101964509582476
2025-11-28,-0.0058859578927942195,-0.0058859578927942195,0.0,0.0,1.4018960940273395
2025-12-01,-0.002562977324817069,-0.002562977324817069,0.0,0.0,1.3983030661265978
2025-12-02,0.005683903759841377,0.005683903759841377,0.0,0.0,1.4062508861815524
2025-12-03,-0.0015090430847245,-0.0015090430847245,0.0,0.0,1.4041287930063724
2025-12-04,0.005577437546262572,0.005577437546262572,0.0,0.0,1.4119602336562744
2025-12-05,0.0015590458194371273,0.0015590458194371273,0.0,0.0,1.4141615443557678
2025-12-08,-0.0031965194511748515,-0.0031965194511748515,0.0,0.0,1.4096411494721313
2025-12-09,-0.00017904083273398267,-0.00017904083273398267,0.0,0.0,1.4093887661468736
2025-12-10,-0.0034038905803344213,-0.0034038905803344213,0.0,0.0,1.404591361001757
2025-12-11,0.0009844348808792248,0.0009844348808792248,0.0,0.0,1.4059740897309088
2025-12-12,0.0034327842881353853,0.0034327842881353853,0.0,0.0,1.4108004954956626
2025-12-15,0.0010103649138142768,0.0010103649138142768,0.0,0.0,1.412225918816703
2025-12-16,0.0006009576301569993,0.0006009576301569993,0.0,0.0,1.4130746067581215
2025-12-17,0.006667982991891562,0.006667982991891562,0.0,0.0,1.4224969642022587
2025-12-18,-0.00042537253857714326,-0.00042537253857714326,0.0,0.0,1.4218918730574777
2025-12-19,0.012642109512075932,0.012642109512075932,0.0,0.0,1.439867585831001
2025-12-22,0.0021986737839108286,0.0021986737839108286,0.0,0.0,1.4430333849442707
2025-12-23,-0.0032864163323951066,-0.0032864163323951066,0.0,0.0,1.4382909764597984
2025-12-24,0.002229466695584586,0.002229466695584586,0.0,0.0,1.4414975982903755
2025-12-26,0.005056719553437263,0.005056719553437263,0.0,0.0,1.4487868473818832
2025-12-29,-0.0007689910690641923,-0.0007689910690641923,0.0,0.0,1.447672743235269
2025-12-30,-1.5859680618607384e-05,-1.5859680618607384e-05,0.0,0.0,1.447649783607921
2025-12-31,-0.006027666422349346,-0.006027666422349346,0.0,0.0,1.4389238336159462
2026-01-02,0.005178136799724557,0.005178136799724557,0.0,0.0,1.4463747780707936
2026-01-05,0.0038287684101485074,0.0038287684101485074,0.0,0.0,1.4519126121303068
2026-01-06,0.008256630839270846,0.008256630839270846,0.0,0.0,1.4639005185795482
2026-01-07,0.005413543396522584,0.005413543396522584,0.0,0.0,1.4718254075650705
2026-01-08,-0.0019324455148827815,-0.0019324455148827815,0.0,0.0,1.4689811851575307
2026-01-09,0.0002886836151671907,0.0002886836151671907,0.0,0.0,1.4694052559566746
2026-01-12,0.002098629502948533,0.002098629502948533,0.0,0.0,1.472488993178613
2026-01-13,-0.0007840555506808943,-0.0007840555506808943,0.0,0.0,1.4713344800101948
2026-01-14,0.006021094047044823,0.006021094047044823,0.0,0.0,1.480193523288996
2026-01-15,0.008267420600235912,0.008267420600235912,0.0,0.0,1.4924309057157714
2026-01-16,0.002808853403002159,0.002808853403002159,0.0,0.0,1.4966229253440368
2026-01-19,0.006414455221667449,0.006414455221667449,0.0,0.0,1.506222946082377
2026-01-20,-0.007250860366144433,-0.007250860366144433,0.0,0.0,1.495301533820051
2026-01-21,-0.0056853279176205355,-0.0056853279176205355,0.0,0.0,1.486800254264563
2026-01-22,0.0028965698847043097,0.0028965698847043097,0.0,0.0,1.4911068751056364
2026-01-23,-3.728914781604296e-05,-3.728914781604296e-05,0.0,0.0,1.491051273000961
2026-01-26,0.0051778612117380236,0.0051778612117380236,0.0,0.0,1.4987717295521454
2026-01-27,-0.0041291042526648905,-0.0041291042526648905,0.0,0.0,1.4925831448298779
2026-01-28,-0.0010844914873869532,-0.0010844914873869532,0.0,0.0,1.4909644511150926
2026-01-29,-0.0017819177973339327,-0.0017819177973339327,0.0,0.0,1.4883076750244584
2026-01-30,-0.007937136152414356,-0.007937136152414356,0.0,0.0,1.476494774371106
2026-02-02,-0.008109378004805436,-0.008109378004805436,0.0,0.0,1.464521320123611
2026-02-03,0.005235524094536523,0.005235524094536523,0.0,0.0,1.4721888567820804
2026-02-04,0.008807989930245126,0.008807989930245126,0.0,0.0,1.4851558814080361
2026-02-05,0.000540500949876679,0.000540500949876679,0.0,0.0,1.485958609572652
2026-02-06,0.0019139691316748773,0.0019139691316748773,0.0,0.0,1.4888026884823207
2026-02-09,0.002262805995426835,0.002262805995426835,0.0,0.0,1.492171560131826
2026-02-10,0.004678411559032183,0.004678411559032183,0.0,0.0,1.4991525528068057
2026-02-11,0.00817738696939792,0.00817738696939792,0.0,0.0,1.5114117033572678
2026-02-23,0.023773160238200287,0.023773160238200287,0.0,0.0,1.5473427359670715
2026-02-24,0.007532799641486486,0.007532799641486486,0.0,0.0,1.5589985587738209
2026-02-25,0.0014126299018775365,0.0014126299018775365,0.0,0.0,1.5612008467549288
2026-02-26,0.00032744866896999673,0.00032744866896999673,0.0,0.0,1.5617120598941934
2026-03-02,-0.006705519211895316,-0.006705519211895316,0.0,0.0,1.5512399696731243
2026-03-03,-0.005463888094610721,-0.005463888094610721,0.0,0.0,1.542764168070943
2026-03-04,-0.034696700481359935,-0.034696700481359935,0.0,0.0,1.4892353418180109
2026-03-05,0.0118275743186635,0.0118275743186635,0.0,0.0,1.5068493835013437
2026-03-06,0.005590542631010538,0.005590542631010538,0.0,0.0,1.51527348921832
2026-03-09,-0.018920721713945834,-0.018920721713945834,0.0,0.0,1.4866034212083004
2026-03-10,-0.002075035046215122,-0.002075035046215122,0.0,0.0,1.4835186670094698
2026-03-11,0.011008275869323951,0.011008275869323951,0.0,0.0,1.4998496497532017
2026-03-12,0.0022470027914633164,0.0022470027914633164,0.0,0.0,1.5032198161029726
2026-03-13,-0.0018857734132223013,-0.0018857734132223013,0.0,0.0,1.5003850841395368
2026-03-16,0.008978870967457019,0.008978870967457019,0.0,0.0,1.5138568482115227
2026-03-17,0.005857359995661372,0.005857359995661372,0.0,0.0,1.5227240527533947
2026-03-18,0.0018712903756604984,0.0018712903756604984,0.0,0.0,1.525573511618099
2026-03-19,-0.013105134480060723,-0.013105134480060723,0.0,0.0,1.5055806655891255
2026-03-20,-0.000614944166400765,-0.000614944166400765,0.0,0.0,1.5046548175417758
2026-03-23,-0.01677191003565133,-0.01677191003565133,0.0,0.0,1.4794188823072556
2026-03-24,0.007448630327204305,0.007448630327204305,0.0,0.0,1.4904385266606481
2026-03-25,0.010613479549963618,0.010613479549963618,0.0,0.0,1.506257265483839
2026-03-26,-0.0004951157493328165,-0.0004951157493328165,0.0,0.0,1.5055114937891512
2026-03-27,-0.0012473099696547895,-0.0012473099696547895,0.0,0.0,1.503633654293518
2026-03-30,-0.013014890000580152,-0.013014890000580152,0.0,0.0,1.4840640276817174
2026-03-31,-0.008201212124268456,-0.008201212124268456,0.0,0.0,1.4718929037847033
2026-04-01,0.02209533309529936,0.02209533309529936,0.0,0.0,1.5044148677744336
2026-04-02,-0.004654287873617653,-0.004654287873617653,0.0,0.0,1.497412887898461
2026-04-07,0.006090286136128378,0.006090286136128378,0.0,0.0,1.5065325608496887
2026-04-08,0.011996060957837174,0.011996060957837174,0.0,0.0,1.524605017284608
2026-04-09,0.008690609792141566,0.008690609792141566,0.0,0.0,1.5378547645769698
2026-04-10,-0.0061443164821818105,-0.0061443164821818105,0.0,0.0,1.5284056981997776
2026-04-13,-0.003711132426053275,-0.003711132426053275,0.0,0.0,1.522733582253024
2026-04-14,0.009445968093363526,0.009445968093363526,0.0,0.0,1.5371172750856792
2026-04-15,0.007967770631580325,0.007967770631580325,0.0,0.0,1.5493646729674018
2026-04-16,0.006971712876984424,0.006971712876984424,0.0,0.0,1.5601663986090732
2026-04-17,0.00565571317870036,0.00565571317870036,0.0,0.0,1.568990252270652
