date,gross_ret,net_ret,turnover,total_cost,equity
2015-01-05,0.0,0.0,0.0,0.0,1.0
2015-01-06,0.0,0.0,0.0,0.0,1.0
2015-01-07,0.0,0.0,0.0,0.0,1.0
2015-01-08,0.0,0.0,0.0,0.0,1.0
2015-01-09,0.0,0.0,0.0,0.0,1.0
2015-01-12,0.0,0.0,0.0,0.0,1.0
2015-01-13,0.0,0.0,0.0,0.0,1.0
2015-01-14,0.0,0.0,0.0,0.0,1.0
2015-01-15,0.0,0.0,0.0,0.0,1.0
2015-01-16,0.0,0.0,0.0,0.0,1.0
2015-01-19,0.0,0.0,0.0,0.0,1.0
2015-01-20,0.0,0.0,0.0,0.0,1.0
2015-01-21,0.0,0.0,0.0,0.0,1.0
2015-01-22,0.0,0.0,0.0,0.0,1.0
2015-01-23,0.0,0.0,0.0,0.0,1.0
2015-01-26,0.0,0.0,0.0,0.0,1.0
2015-01-27,0.0,0.0,0.0,0.0,1.0
2015-01-28,0.0,0.0,0.0,0.0,1.0
2015-01-29,0.0,0.0,0.0,0.0,1.0
2015-01-30,0.0,0.0,0.0,0.0,1.0
2015-02-02,0.0,0.0,0.0,0.0,1.0
2015-02-03,0.0,0.0,0.0,0.0,1.0
2015-02-04,0.0,0.0,0.0,0.0,1.0
2015-02-05,0.0,0.0,0.0,0.0,1.0
2015-02-06,0.0,0.0,0.0,0.0,1.0
2015-02-09,0.0,0.0,0.0,0.0,1.0
2015-02-10,0.0,0.0,0.0,0.0,1.0
2015-02-11,0.0,0.0,0.0,0.0,1.0
2015-02-12,0.0,0.0,0.0,0.0,1.0
2015-02-13,0.0,0.0,0.0,0.0,1.0
2015-02-24,0.0,0.0,0.0,0.0,1.0
2015-02-25,0.0,0.0,0.0,0.0,1.0
2015-02-26,0.0,0.0,0.0,0.0,1.0
2015-03-02,0.0,0.0,0.0,0.0,1.0
2015-03-03,0.0,0.0,0.0,0.0,1.0
2015-03-04,0.0,0.0,0.0,0.0,1.0
2015-03-05,0.0,0.0,0.0,0.0,1.0
2015-03-06,0.0,0.0,0.0,0.0,1.0
2015-03-09,0.0,0.0,0.0,0.0,1.0
2015-03-10,0.0,0.0,0.0,0.0,1.0
2015-03-11,0.0,0.0,0.0,0.0,1.0
2015-03-12,0.0,0.0,0.0,0.0,1.0
2015-03-13,0.0,0.0,0.0,0.0,1.0
2015-03-16,0.0,0.0,0.0,0.0,1.0
2015-03-17,0.0,0.0,0.0,0.0,1.0
2015-03-18,0.0,0.0,0.0,0.0,1.0
2015-03-19,0.0,0.0,0.0,0.0,1.0
2015-03-20,0.0,0.0,0.0,0.0,1.0
2015-03-23,0.0,0.0,0.0,0.0,1.0
2015-03-24,0.0,0.0,0.0,0.0,1.0
2015-03-25,0.0,0.0,0.0,0.0,1.0
2015-03-26,0.0,0.0,0.0,0.0,1.0
2015-03-27,0.0,0.0,0.0,0.0,1.0
2015-03-30,0.0,0.0,0.0,0.0,1.0
2015-03-31,0.0,0.0,0.0,0.0,1.0
2015-04-01,0.0,0.0,0.0,0.0,1.0
2015-04-02,0.0,0.0,0.0,0.0,1.0
2015-04-07,0.0,0.0,0.0,0.0,1.0
2015-04-08,0.0,0.0,0.0,0.0,1.0
2015-04-09,0.0,0.0,0.0,0.0,1.0
2015-04-10,0.0,0.0,0.0,0.0,1.0
2015-04-13,0.0,0.0,0.0,0.0,1.0
2015-04-14,0.0,0.0,0.0,0.0,1.0
2015-04-15,0.0,0.0,0.0,0.0,1.0
2015-04-16,0.0,0.0,0.0,0.0,1.0
2015-04-17,0.0,0.0,0.0,0.0,1.0
2015-04-20,0.0,0.0,0.0,0.0,1.0
2015-04-21,0.0,0.0,0.0,0.0,1.0
2015-04-22,0.0,0.0,0.0,0.0,1.0
2015-04-23,0.0,0.0,0.0,0.0,1.0
2015-04-24,0.0,0.0,0.0,0.0,1.0
2015-04-27,0.0,0.0,0.0,0.0,1.0
2015-04-28,0.0,0.0,0.0,0.0,1.0
2015-04-29,0.0,0.0,0.0,0.0,1.0
2015-04-30,0.0,0.0,0.0,0.0,1.0
2015-05-04,0.0,0.0,0.0,0.0,1.0
2015-05-05,0.0,0.0,0.0,0.0,1.0
2015-05-06,0.0,0.0,0.0,0.0,1.0
2015-05-07,0.0,0.0,0.0,0.0,1.0
2015-05-08,0.0,0.0,0.0,0.0,1.0
2015-05-11,0.0,0.0,0.0,0.0,1.0
2015-05-12,0.0,0.0,0.0,0.0,1.0
2015-05-13,0.0,0.0,0.0,0.0,1.0
2015-05-14,0.0,0.0,0.0,0.0,1.0
2015-05-15,0.0,0.0,0.0,0.0,1.0
2015-05-18,0.0,0.0,0.0,0.0,1.0
2015-05-19,0.0,0.0,0.0,0.0,1.0
2015-05-20,0.0,0.0,0.0,0.0,1.0
2015-05-21,0.0,0.0,0.0,0.0,1.0
2015-05-22,0.0,0.0,0.0,0.0,1.0
2015-05-25,0.0,0.0,0.0,0.0,1.0
2015-05-26,0.0,0.0,0.0,0.0,1.0
2015-05-27,0.0,0.0,0.0,0.0,1.0
2015-05-28,0.0,0.0,0.0,0.0,1.0
2015-05-29,0.0,0.0,0.0,0.0,1.0
2015-06-01,0.0,0.0,0.0,0.0,1.0
2015-06-02,0.0,0.0,0.0,0.0,1.0
2015-06-03,0.0,0.0,0.0,0.0,1.0
2015-06-04,0.0,0.0,0.0,0.0,1.0
2015-06-05,0.0,0.0,0.0,0.0,1.0
2015-06-08,0.0,0.0,0.0,0.0,1.0
2015-06-09,0.0,0.0,0.0,0.0,1.0
2015-06-10,0.0,0.0,0.0,0.0,1.0
2015-06-11,0.0,0.0,0.0,0.0,1.0
2015-06-12,0.0,0.0,0.0,0.0,1.0
2015-06-15,0.0,0.0,0.0,0.0,1.0
2015-06-16,0.0,0.0,0.0,0.0,1.0
2015-06-17,0.0,0.0,0.0,0.0,1.0
2015-06-18,0.0,0.0,0.0,0.0,1.0
2015-06-22,0.0,0.0,0.0,0.0,1.0
2015-06-23,0.0,0.0,0.0,0.0,1.0
2015-06-24,0.0,0.0,0.0,0.0,1.0
2015-06-25,0.0,0.0,0.0,0.0,1.0
2015-06-26,0.0,0.0,0.0,0.0,1.0
2015-06-29,0.0,0.0,0.0,0.0,1.0
2015-06-30,0.0,0.0,0.0,0.0,1.0
2015-07-01,0.0,0.0,0.0,0.0,1.0
2015-07-02,0.0,0.0,0.0,0.0,1.0
2015-07-03,0.0,0.0,0.0,0.0,1.0
2015-07-06,0.0,0.0,0.0,0.0,1.0
2015-07-07,0.0,0.0,0.0,0.0,1.0
2015-07-08,0.0,0.0,0.0,0.0,1.0
2015-07-09,0.0,0.0,0.0,0.0,1.0
2015-07-13,0.0,0.0,0.0,0.0,1.0
2015-07-14,0.0,0.0,0.0,0.0,1.0
2015-07-15,0.0,0.0,0.0,0.0,1.0
2015-07-16,0.0,0.0,0.0,0.0,1.0
2015-07-17,0.0,0.0,0.0,0.0,1.0
2015-07-20,0.0,0.0,0.0,0.0,1.0
2015-07-21,0.0,0.0,0.0,0.0,1.0
2015-07-22,0.0,0.0,0.0,0.0,1.0
2015-07-23,0.0,0.0,0.0,0.0,1.0
2015-07-24,0.0,0.0,0.0,0.0,1.0
2015-07-27,0.0,0.0,0.0,0.0,1.0
2015-07-28,0.0,0.0,0.0,0.0,1.0
2015-07-29,0.0,0.0,0.0,0.0,1.0
2015-07-30,0.0,0.0,0.0,0.0,1.0
2015-07-31,0.0,0.0,0.0,0.0,1.0
2015-08-03,0.0,0.0,0.0,0.0,1.0
2015-08-04,0.0,0.0,0.0,0.0,1.0
2015-08-05,0.0,0.0,0.0,0.0,1.0
2015-08-06,0.0,0.0,0.0,0.0,1.0
2015-08-07,0.0,0.0,0.0,0.0,1.0
2015-08-10,0.0,0.0,0.0,0.0,1.0
2015-08-11,0.0,0.0,0.0,0.0,1.0
2015-08-12,0.0,0.0,0.0,0.0,1.0
2015-08-13,0.0,0.0,0.0,0.0,1.0
2015-08-14,0.0,0.0,0.0,0.0,1.0
2015-08-17,0.0,0.0,0.0,0.0,1.0
2015-08-18,0.0,0.0,0.0,0.0,1.0
2015-08-19,0.0,0.0,0.0,0.0,1.0
2015-08-20,0.0,0.0,0.0,0.0,1.0
2015-08-21,0.0,0.0,0.0,0.0,1.0
2015-08-24,0.0,0.0,0.0,0.0,1.0
2015-08-25,0.0,0.0,0.0,0.0,1.0
2015-08-26,0.0,0.0,0.0,0.0,1.0
2015-08-27,0.0,0.0,0.0,0.0,1.0
2015-08-28,0.0,0.0,0.0,0.0,1.0
2015-08-31,0.0,0.0,0.0,0.0,1.0
2015-09-01,0.0,0.0,0.0,0.0,1.0
2015-09-02,0.0,0.0,0.0,0.0,1.0
2015-09-03,0.0,0.0,0.0,0.0,1.0
2015-09-04,0.0,0.0,0.0,0.0,1.0
2015-09-07,0.0,0.0,0.0,0.0,1.0
2015-09-08,0.0,0.0,0.0,0.0,1.0
2015-09-09,0.0,0.0,0.0,0.0,1.0
2015-09-10,0.0,0.0,0.0,0.0,1.0
2015-09-11,0.0,0.0,0.0,0.0,1.0
2015-09-14,0.0,0.0,0.0,0.0,1.0
2015-09-15,0.0,0.0,0.0,0.0,1.0
2015-09-16,0.0,0.0,0.0,0.0,1.0
2015-09-17,0.0,0.0,0.0,0.0,1.0
2015-09-18,0.0,0.0,0.0,0.0,1.0
2015-09-21,0.0,0.0,0.0,0.0,1.0
2015-09-22,0.0,0.0,0.0,0.0,1.0
2015-09-23,0.0,0.0,0.0,0.0,1.0
2015-09-24,0.0,0.0,0.0,0.0,1.0
2015-09-25,0.0,0.0,0.0,0.0,1.0
2015-09-30,0.0,0.0,0.0,0.0,1.0
2015-10-01,0.0,0.0,0.0,0.0,1.0
2015-10-02,0.0,0.0,0.0,0.0,1.0
2015-10-05,0.0,0.0,0.0,0.0,1.0
2015-10-06,0.0,0.0,0.0,0.0,1.0
2015-10-07,0.0,0.0,0.0,0.0,1.0
2015-10-08,0.0,0.0,0.0,0.0,1.0
2015-10-12,0.0,0.0,0.0,0.0,1.0
2015-10-13,0.0,0.0,0.0,0.0,1.0
2015-10-14,0.0,0.0,0.0,0.0,1.0
2015-10-15,0.0,0.0,0.0,0.0,1.0
2015-10-16,0.0,0.0,0.0,0.0,1.0
2015-10-19,0.0,0.0,0.0,0.0,1.0
2015-10-20,0.0,0.0,0.0,0.0,1.0
2015-10-21,0.0,0.0,0.0,0.0,1.0
2015-10-22,0.0,0.0,0.0,0.0,1.0
2015-10-23,0.0,0.0,0.0,0.0,1.0
2015-10-26,0.0,0.0,0.0,0.0,1.0
2015-10-27,0.0,0.0,0.0,0.0,1.0
2015-10-28,0.0,0.0,0.0,0.0,1.0
2015-10-29,0.0,0.0,0.0,0.0,1.0
2015-10-30,0.0,0.0,0.0,0.0,1.0
2015-11-02,0.0,0.0,0.0,0.0,1.0
2015-11-03,0.0,0.0,0.0,0.0,1.0
2015-11-04,0.0,0.0,0.0,0.0,1.0
2015-11-05,0.0,0.0,0.0,0.0,1.0
2015-11-06,0.0,0.0,0.0,0.0,1.0
2015-11-09,0.0,0.0,0.0,0.0,1.0
2015-11-10,0.0,0.0,0.0,0.0,1.0
2015-11-11,0.0,0.0,0.0,0.0,1.0
2015-11-12,0.0,0.0,0.0,0.0,1.0
2015-11-13,0.0,0.0,0.0,0.0,1.0
2015-11-16,0.0,0.0,0.0,0.0,1.0
2015-11-17,0.0,0.0,0.0,0.0,1.0
2015-11-18,0.0,0.0,0.0,0.0,1.0
2015-11-19,0.0,0.0,0.0,0.0,1.0
2015-11-20,0.0,0.0,0.0,0.0,1.0
2015-11-23,0.0,0.0,0.0,0.0,1.0
2015-11-24,0.0,0.0,0.0,0.0,1.0
2015-11-25,0.0,0.0,0.0,0.0,1.0
2015-11-26,0.0,0.0,0.0,0.0,1.0
2015-11-27,0.0,0.0,0.0,0.0,1.0
2015-11-30,0.0,0.0,0.0,0.0,1.0
2015-12-01,0.0,0.0,0.0,0.0,1.0
2015-12-02,0.0,0.0,0.0,0.0,1.0
2015-12-03,0.0,0.0,0.0,0.0,1.0
2015-12-04,0.0,0.0,0.0,0.0,1.0
2015-12-07,0.0,0.0,0.0,0.0,1.0
2015-12-08,0.0,0.0,0.0,0.0,1.0
2015-12-09,0.0,0.0,0.0,0.0,1.0
2015-12-10,0.0,0.0,0.0,0.0,1.0
2015-12-11,0.0,0.0,0.0,0.0,1.0
2015-12-14,0.0,0.0,0.0,0.0,1.0
2015-12-15,0.0,0.0,0.0,0.0,1.0
2015-12-16,0.0,0.0,0.0,0.0,1.0
2015-12-17,0.0,0.0,0.0,0.0,1.0
2015-12-18,0.0,0.0,0.0,0.0,1.0
2015-12-21,0.0,0.0,0.0,0.0,1.0
2015-12-22,0.0,0.0,0.0,0.0,1.0
2015-12-23,0.0,0.0,0.0,0.0,1.0
2015-12-24,0.0,0.0,0.0,0.0,1.0
2015-12-25,0.0,0.0,0.0,0.0,1.0
2015-12-28,0.0,0.0,0.0,0.0,1.0
2015-12-29,0.0,0.0,0.0,0.0,1.0
2015-12-30,0.0,0.0,0.0,0.0,1.0
2015-12-31,0.0,0.0,0.0,0.0,1.0
2016-01-04,0.0,0.0,0.0,0.0,1.0
2016-01-05,0.0,0.0,0.0,0.0,1.0
2016-01-06,0.0,0.0,0.0,0.0,1.0
2016-01-07,0.0,0.0,0.0,0.0,1.0
2016-01-08,0.0,0.0,0.0,0.0,1.0
2016-01-11,0.0,0.0,0.0,0.0,1.0
2016-01-12,0.0,0.0,0.0,0.0,1.0
2016-01-13,0.0,0.0,0.0,0.0,1.0
2016-01-14,0.0,0.0,0.0,0.0,1.0
2016-01-15,0.0,0.0,0.0,0.0,1.0
2016-01-18,0.0,0.0,0.0,0.0,1.0
2016-01-19,0.0,0.0,0.0,0.0,1.0
2016-01-20,0.0,0.0,0.0,0.0,1.0
2016-01-21,0.0,0.0,0.0,0.0,1.0
2016-01-22,0.0,0.0,0.0,0.0,1.0
2016-01-25,0.0,0.0,0.0,0.0,1.0
2016-01-26,0.0,0.0,0.0,0.0,1.0
2016-01-27,0.0,0.0,0.0,0.0,1.0
2016-01-28,0.0,0.0,0.0,0.0,1.0
2016-01-29,0.0,0.0,0.0,0.0,1.0
2016-01-30,0.0,0.0,0.0,0.0,1.0
2016-02-01,0.0,0.0,0.0,0.0,1.0
2016-02-02,0.0,0.0,0.0,0.0,1.0
2016-02-03,0.0,0.0,0.0,0.0,1.0
2016-02-15,0.0,0.0,0.0,0.0,1.0
2016-02-16,0.0,0.0,0.0,0.0,1.0
2016-02-17,0.0,0.0,0.0,0.0,1.0
2016-02-18,0.0,0.0,0.0,0.0,1.0
2016-02-19,0.0,0.0,0.0,0.0,1.0
2016-02-22,0.0,0.0,0.0,0.0,1.0
2016-02-23,0.0,0.0,0.0,0.0,1.0
2016-02-24,0.0,0.0,0.0,0.0,1.0
2016-02-25,0.0,0.0,0.0,0.0,1.0
2016-02-26,0.0,0.0,0.0,0.0,1.0
2016-03-01,0.0,0.0,0.0,0.0,1.0
2016-03-02,0.0,0.0,0.0,0.0,1.0
2016-03-03,0.0,0.0,0.0,0.0,1.0
2016-03-04,0.0,0.0,0.0,0.0,1.0
2016-03-07,0.0,0.0,0.0,0.0,1.0
2016-03-08,0.0,0.0,0.0,0.0,1.0
2016-03-09,0.0,0.0,0.0,0.0,1.0
2016-03-10,0.0,0.0,0.0,0.0,1.0
2016-03-11,0.0,0.0,0.0,0.0,1.0
2016-03-14,0.0,0.0,0.0,0.0,1.0
2016-03-15,0.0,0.0,0.0,0.0,1.0
2016-03-16,0.0,0.0,0.0,0.0,1.0
2016-03-17,0.0,0.0,0.0,0.0,1.0
2016-03-18,0.0,0.0,0.0,0.0,1.0
2016-03-21,0.0,0.0,0.0,0.0,1.0
2016-03-22,0.0,0.0,0.0,0.0,1.0
2016-03-23,0.0,0.0,0.0,0.0,1.0
2016-03-24,0.0,0.0,0.0,0.0,1.0
2016-03-25,0.0,0.0,0.0,0.0,1.0
2016-03-28,0.0,0.0,0.0,0.0,1.0
2016-03-29,0.0,0.0,0.0,0.0,1.0
2016-03-30,0.0,0.0,0.0,0.0,1.0
2016-03-31,0.0,0.0,0.0,0.0,1.0
2016-04-01,0.0,0.0,0.0,0.0,1.0
2016-04-06,0.0,0.0,0.0,0.0,1.0
2016-04-07,0.0,0.0,0.0,0.0,1.0
2016-04-08,0.0,0.0,0.0,0.0,1.0
2016-04-11,0.0,0.0,0.0,0.0,1.0
2016-04-12,0.0,0.0,0.0,0.0,1.0
2016-04-13,0.0,0.0,0.0,0.0,1.0
2016-04-14,0.0,0.0,0.0,0.0,1.0
2016-04-15,0.0,0.0,0.0,0.0,1.0
2016-04-18,0.0,0.0,0.0,0.0,1.0
2016-04-19,0.0,0.0,0.0,0.0,1.0
2016-04-20,0.0,0.0,0.0,0.0,1.0
2016-04-21,0.0,0.0,0.0,0.0,1.0
2016-04-22,0.0,0.0,0.0,0.0,1.0
2016-04-25,0.0,0.0,0.0,0.0,1.0
2016-04-26,0.0,0.0,0.0,0.0,1.0
2016-04-27,0.0,0.0,0.0,0.0,1.0
2016-04-28,0.0,0.0,0.0,0.0,1.0
2016-04-29,0.0,0.0,0.0,0.0,1.0
2016-05-03,0.0,0.0,0.0,0.0,1.0
2016-05-04,0.0,0.0,0.0,0.0,1.0
2016-05-05,0.0,0.0,0.0,0.0,1.0
2016-05-06,0.0,0.0,0.0,0.0,1.0
2016-05-09,0.0,0.0,0.0,0.0,1.0
2016-05-10,0.0,0.0,0.0,0.0,1.0
2016-05-11,0.0,0.0,0.0,0.0,1.0
2016-05-12,0.0,0.0,0.0,0.0,1.0
2016-05-13,0.0,0.0,0.0,0.0,1.0
2016-05-16,0.0,0.0,0.0,0.0,1.0
2016-05-17,0.0,0.0,0.0,0.0,1.0
2016-05-18,0.0,0.0,0.0,0.0,1.0
2016-05-19,0.0,0.0,0.0,0.0,1.0
2016-05-20,0.0,0.0,0.0,0.0,1.0
2016-05-23,0.0,0.0,0.0,0.0,1.0
2016-05-24,0.0,0.0,0.0,0.0,1.0
2016-05-25,0.0,0.0,0.0,0.0,1.0
2016-05-26,0.0,0.0,0.0,0.0,1.0
2016-05-27,0.0,0.0,0.0,0.0,1.0
2016-05-30,0.0,0.0,0.0,0.0,1.0
2016-05-31,0.0,0.0,0.0,0.0,1.0
2016-06-01,0.0,0.0,0.0,0.0,1.0
2016-06-02,0.0,0.0,0.0,0.0,1.0
2016-06-03,0.0,0.0,0.0,0.0,1.0
2016-06-04,0.0,0.0,0.0,0.0,1.0
2016-06-06,0.0,0.0,0.0,0.0,1.0
2016-06-07,0.0,0.0,0.0,0.0,1.0
2016-06-08,0.0,0.0,0.0,0.0,1.0
2016-06-13,0.0,0.0,0.0,0.0,1.0
2016-06-14,0.0,0.0,0.0,0.0,1.0
2016-06-15,0.0,0.0,0.0,0.0,1.0
2016-06-16,0.0,0.0,0.0,0.0,1.0
2016-06-17,0.0,0.0,0.0,0.0,1.0
2016-06-20,0.0,0.0,0.0,0.0,1.0
2016-06-21,0.0,0.0,0.0,0.0,1.0
2016-06-22,0.0,0.0,0.0,0.0,1.0
2016-06-23,0.0,0.0,0.0,0.0,1.0
2016-06-24,0.0,0.0,0.0,0.0,1.0
2016-06-27,0.0,0.0,0.0,0.0,1.0
2016-06-28,0.0,0.0,0.0,0.0,1.0
2016-06-29,0.0,0.0,0.0,0.0,1.0
2016-06-30,0.0,0.0,0.0,0.0,1.0
2016-07-01,0.0,0.0,0.0,0.0,1.0
2016-07-04,0.0,0.0,0.0,0.0,1.0
2016-07-05,0.0,0.0,0.0,0.0,1.0
2016-07-06,0.0,0.0,0.0,0.0,1.0
2016-07-07,0.0,0.0,0.0,0.0,1.0
2016-07-11,0.0,0.0,0.0,0.0,1.0
2016-07-12,0.0,0.0,0.0,0.0,1.0
2016-07-13,0.0,0.0,0.0,0.0,1.0
2016-07-14,0.0,0.0,0.0,0.0,1.0
2016-07-15,0.0,0.0,0.0,0.0,1.0
2016-07-18,0.0,0.0,0.0,0.0,1.0
2016-07-19,0.0,0.0,0.0,0.0,1.0
2016-07-20,0.0,0.0,0.0,0.0,1.0
2016-07-21,0.0,0.0,0.0,0.0,1.0
2016-07-22,0.0,0.0,0.0,0.0,1.0
2016-07-25,0.0,0.0,0.0,0.0,1.0
2016-07-26,0.0,0.0,0.0,0.0,1.0
2016-07-27,0.0,0.0,0.0,0.0,1.0
2016-07-28,0.0,0.0,0.0,0.0,1.0
2016-07-29,0.0,0.0,0.0,0.0,1.0
2016-08-01,0.0,0.0,0.0,0.0,1.0
2016-08-02,0.0,0.0,0.0,0.0,1.0
2016-08-03,0.0,0.0,0.0,0.0,1.0
2016-08-04,0.0,0.0,0.0,0.0,1.0
2016-08-05,0.0,0.0,0.0,0.0,1.0
2016-08-08,0.0,0.0,0.0,0.0,1.0
2016-08-09,0.0,0.0,0.0,0.0,1.0
2016-08-10,0.0,0.0,0.0,0.0,1.0
2016-08-11,0.0,0.0,0.0,0.0,1.0
2016-08-12,0.0,0.0,0.0,0.0,1.0
2016-08-15,0.0,0.0,0.0,0.0,1.0
2016-08-16,0.0,0.0,0.0,0.0,1.0
2016-08-17,0.0,0.0,0.0,0.0,1.0
2016-08-18,0.0,0.0,0.0,0.0,1.0
2016-08-19,0.0,0.0,0.0,0.0,1.0
2016-08-22,0.0,0.0,0.0,0.0,1.0
2016-08-23,0.0,0.0,0.0,0.0,1.0
2016-08-24,0.0,0.0,0.0,0.0,1.0
2016-08-25,0.0,0.0,0.0,0.0,1.0
2016-08-26,0.0,0.0,0.0,0.0,1.0
2016-08-29,0.0,0.0,0.0,0.0,1.0
2016-08-30,0.0,0.0,0.0,0.0,1.0
2016-08-31,0.0,0.0,0.0,0.0,1.0
2016-09-01,0.0,0.0,0.0,0.0,1.0
2016-09-02,0.0,0.0,0.0,0.0,1.0
2016-09-05,0.0,0.0,0.0,0.0,1.0
2016-09-06,0.0,0.0,0.0,0.0,1.0
2016-09-07,0.0,0.0,0.0,0.0,1.0
2016-09-08,0.0,0.0,0.0,0.0,1.0
2016-09-09,0.0,0.0,0.0,0.0,1.0
2016-09-10,0.0,0.0,0.0,0.0,1.0
2016-09-12,0.0,0.0,0.0,0.0,1.0
2016-09-13,0.0,0.0,0.0,0.0,1.0
2016-09-14,0.0,0.0,0.0,0.0,1.0
2016-09-19,0.0,0.0,0.0,0.0,1.0
2016-09-20,0.0,0.0,0.0,0.0,1.0
2016-09-21,0.0,0.0,0.0,0.0,1.0
2016-09-22,0.0,0.0,0.0,0.0,1.0
2016-09-23,0.0,0.0,0.0,0.0,1.0
2016-09-26,0.0,0.0,0.0,0.0,1.0
2016-09-29,0.0,0.0,0.0,0.0,1.0
2016-09-30,0.0,0.0,0.0,0.0,1.0
2016-10-03,0.0,0.0,0.0,0.0,1.0
2016-10-04,0.0,0.0,0.0,0.0,1.0
2016-10-05,0.0,0.0,0.0,0.0,1.0
2016-10-06,0.0,0.0,0.0,0.0,1.0
2016-10-07,0.0,0.0,0.0,0.0,1.0
2016-10-11,0.0,0.0,0.0,0.0,1.0
2016-10-12,0.0,0.0,0.0,0.0,1.0
2016-10-13,0.0,0.0,0.0,0.0,1.0
2016-10-14,0.0,0.0,0.0,0.0,1.0
2016-10-17,0.0,0.0,0.0,0.0,1.0
2016-10-18,0.0,0.0,0.0,0.0,1.0
2016-10-19,0.0,0.0,0.0,0.0,1.0
2016-10-20,0.0,0.0,0.0,0.0,1.0
2016-10-21,0.0,0.0,0.0,0.0,1.0
2016-10-24,0.0,0.0,0.0,0.0,1.0
2016-10-25,0.0,0.0,0.0,0.0,1.0
2016-10-26,0.0,0.0,0.0,0.0,1.0
2016-10-27,0.0,0.0,0.0,0.0,1.0
2016-10-28,0.0,0.0,0.0,0.0,1.0
2016-10-31,0.0,0.0,0.0,0.0,1.0
2016-11-01,0.0,0.0,0.0,0.0,1.0
2016-11-02,0.0,0.0,0.0,0.0,1.0
2016-11-03,0.0,0.0,0.0,0.0,1.0
2016-11-04,0.0,0.0,0.0,0.0,1.0
2016-11-07,0.0,0.0,0.0,0.0,1.0
2016-11-08,0.0,0.0,0.0,0.0,1.0
2016-11-09,0.0,0.0,0.0,0.0,1.0
2016-11-10,0.0,0.0,0.0,0.0,1.0
2016-11-11,0.0,0.0,0.0,0.0,1.0
2016-11-14,0.0,0.0,0.0,0.0,1.0
2016-11-15,0.0,0.0,0.0,0.0,1.0
2016-11-16,0.0,0.0,0.0,0.0,1.0
2016-11-17,0.0,0.0,0.0,0.0,1.0
2016-11-18,0.0,0.0,0.0,0.0,1.0
2016-11-21,0.0,0.0,0.0,0.0,1.0
2016-11-22,0.0,0.0,0.0,0.0,1.0
2016-11-23,0.0,0.0,0.0,0.0,1.0
2016-11-24,0.0,0.0,0.0,0.0,1.0
2016-11-25,0.0,0.0,0.0,0.0,1.0
2016-11-28,0.0,0.0,0.0,0.0,1.0
2016-11-29,0.0,0.0,0.0,0.0,1.0
2016-11-30,0.0,0.0,0.0,0.0,1.0
2016-12-01,0.0,0.0,0.0,0.0,1.0
2016-12-02,0.0,0.0,0.0,0.0,1.0
2016-12-05,0.0,0.0,0.0,0.0,1.0
2016-12-06,0.0,0.0,0.0,0.0,1.0
2016-12-07,0.0,0.0,0.0,0.0,1.0
2016-12-08,0.0,0.0,0.0,0.0,1.0
2016-12-09,0.0,0.0,0.0,0.0,1.0
2016-12-12,0.0,0.0,0.0,0.0,1.0
2016-12-13,0.0,0.0,0.0,0.0,1.0
2016-12-14,0.0,0.0,0.0,0.0,1.0
2016-12-15,0.0,0.0,0.0,0.0,1.0
2016-12-16,0.0,0.0,0.0,0.0,1.0
2016-12-19,0.0,0.0,0.0,0.0,1.0
2016-12-20,0.0,0.0,0.0,0.0,1.0
2016-12-21,0.0,0.0,0.0,0.0,1.0
2016-12-22,0.0,0.0,0.0,0.0,1.0
2016-12-23,0.0,0.0,0.0,0.0,1.0
2016-12-26,0.0,0.0,0.0,0.0,1.0
2016-12-27,0.0,0.0,0.0,0.0,1.0
2016-12-28,0.0,0.0,0.0,0.0,1.0
2016-12-29,0.0,0.0,0.0,0.0,1.0
2016-12-30,0.0,0.0,0.0,0.0,1.0
2017-01-03,0.0,0.0,0.0,0.0,1.0
2017-01-04,0.0,0.0,0.0,0.0,1.0
2017-01-05,0.0,0.0,0.0,0.0,1.0
2017-01-06,0.0,0.0,0.0,0.0,1.0
2017-01-09,0.0,0.0,0.0,0.0,1.0
2017-01-10,0.0,0.0,0.0,0.0,1.0
2017-01-11,0.0,0.0,0.0,0.0,1.0
2017-01-12,0.0,0.0,0.0,0.0,1.0
2017-01-13,0.0,0.0,0.0,0.0,1.0
2017-01-16,0.0,0.0,0.0,0.0,1.0
2017-01-17,0.0,0.0,0.0,0.0,1.0
2017-01-18,0.0,0.0,0.0,0.0,1.0
2017-01-19,0.0,0.0,0.0,0.0,1.0
2017-01-20,0.0,0.0,0.0,0.0,1.0
2017-01-23,0.0,0.0,0.0,0.0,1.0
2017-01-24,0.0,0.0,0.0,0.0,1.0
2017-02-02,0.0,0.0,0.0,0.0,1.0
2017-02-03,0.0,0.0,0.0,0.0,1.0
2017-02-06,0.0,0.0,0.0,0.0,1.0
2017-02-07,0.0,0.0,0.0,0.0,1.0
2017-02-08,0.0,0.0,0.0,0.0,1.0
2017-02-09,0.0,0.0,0.0,0.0,1.0
2017-02-10,0.0,0.0,0.0,0.0,1.0
2017-02-13,0.0,0.0,0.0,0.0,1.0
2017-02-14,0.0,0.0,0.0,0.0,1.0
2017-02-15,0.0,0.0,0.0,0.0,1.0
2017-02-16,0.0,0.0,0.0,0.0,1.0
2017-02-17,0.0,0.0,0.0,0.0,1.0
2017-02-18,0.0,0.0,0.0,0.0,1.0
2017-02-20,0.0,0.0,0.0,0.0,1.0
2017-02-21,0.0,0.0,0.0,0.0,1.0
2017-02-22,0.0,0.0,0.0,0.0,1.0
2017-02-23,0.0,0.0,0.0,0.0,1.0
2017-02-24,0.0,0.0,0.0,0.0,1.0
2017-03-01,0.0,0.0,0.0,0.0,1.0
2017-03-02,0.0,0.0,0.0,0.0,1.0
2017-03-03,0.0,0.0,0.0,0.0,1.0
2017-03-06,0.0,0.0,0.0,0.0,1.0
2017-03-07,0.0,0.0,0.0,0.0,1.0
2017-03-08,0.0,0.0,0.0,0.0,1.0
2017-03-09,0.0,0.0,0.0,0.0,1.0
2017-03-10,0.0,0.0,0.0,0.0,1.0
2017-03-13,0.0,0.0,0.0,0.0,1.0
2017-03-14,0.0,0.0,0.0,0.0,1.0
2017-03-15,0.0,0.0,0.0,0.0,1.0
2017-03-16,0.0,0.0,0.0,0.0,1.0
2017-03-17,0.0,0.0,0.0,0.0,1.0
2017-03-20,0.0,0.0,0.0,0.0,1.0
2017-03-21,0.0,0.0,0.0,0.0,1.0
2017-03-22,0.0,0.0,0.0,0.0,1.0
2017-03-23,0.0,0.0,0.0,0.0,1.0
2017-03-24,0.0,0.0,0.0,0.0,1.0
2017-03-27,0.0,0.0,0.0,0.0,1.0
2017-03-28,0.0,0.0,0.0,0.0,1.0
2017-03-29,0.0,0.0,0.0,0.0,1.0
2017-03-30,0.0,0.0,0.0,0.0,1.0
2017-03-31,0.0,0.0,0.0,0.0,1.0
2017-04-05,0.0,0.0,0.0,0.0,1.0
2017-04-06,0.0,0.0,0.0,0.0,1.0
2017-04-07,0.0,0.0,0.0,0.0,1.0
2017-04-10,0.0,0.0,0.0,0.0,1.0
2017-04-11,0.0,0.0,0.0,0.0,1.0
2017-04-12,0.0,0.0,0.0,0.0,1.0
2017-04-13,0.0,0.0,0.0,0.0,1.0
2017-04-14,0.0,0.0,0.0,0.0,1.0
2017-04-17,0.0,0.0,0.0,0.0,1.0
2017-04-18,0.0,0.0,0.0,0.0,1.0
2017-04-19,0.0,0.0,0.0,0.0,1.0
2017-04-20,0.0,0.0,0.0,0.0,1.0
2017-04-21,0.0,0.0,0.0,0.0,1.0
2017-04-24,0.0,0.0,0.0,0.0,1.0
2017-04-25,0.0,0.0,0.0,0.0,1.0
2017-04-26,0.0,0.0,0.0,0.0,1.0
2017-04-27,0.0,0.0,0.0,0.0,1.0
2017-04-28,0.0,0.0,0.0,0.0,1.0
2017-05-02,0.0,0.0,0.0,0.0,1.0
2017-05-03,0.0,0.0,0.0,0.0,1.0
2017-05-04,0.0,0.0,0.0,0.0,1.0
2017-05-05,0.0,0.0,0.0,0.0,1.0
2017-05-08,0.0,0.0,0.0,0.0,1.0
2017-05-09,0.0,0.0,0.0,0.0,1.0
2017-05-10,0.0,0.0,0.0,0.0,1.0
2017-05-11,0.0,0.0,0.0,0.0,1.0
2017-05-12,0.0,0.0,0.0,0.0,1.0
2017-05-15,0.0,0.0,0.0,0.0,1.0
2017-05-16,0.0,0.0,0.0,0.0,1.0
2017-05-17,0.0,0.0,0.0,0.0,1.0
2017-05-18,0.0,0.0,0.0,0.0,1.0
2017-05-19,0.0,0.0,0.0,0.0,1.0
2017-05-22,0.0,0.0,0.0,0.0,1.0
2017-05-23,0.0,0.0,0.0,0.0,1.0
2017-05-24,0.0,0.0,0.0,0.0,1.0
2017-05-25,0.0,0.0,0.0,0.0,1.0
2017-05-26,0.0,0.0,0.0,0.0,1.0
2017-05-31,0.0,0.0,0.0,0.0,1.0
2017-06-01,0.0,0.0,0.0,0.0,1.0
2017-06-02,0.0,0.0,0.0,0.0,1.0
2017-06-03,0.0,0.0,0.0,0.0,1.0
2017-06-05,0.0,0.0,0.0,0.0,1.0
2017-06-06,0.0,0.0,0.0,0.0,1.0
2017-06-07,0.0,0.0,0.0,0.0,1.0
2017-06-08,0.0,0.0,0.0,0.0,1.0
2017-06-09,0.0,0.0,0.0,0.0,1.0
2017-06-12,0.0,0.0,0.0,0.0,1.0
2017-06-13,0.0,0.0,0.0,0.0,1.0
2017-06-14,0.0,0.0,0.0,0.0,1.0
2017-06-15,0.0,0.0,0.0,0.0,1.0
2017-06-16,0.0,0.0,0.0,0.0,1.0
2017-06-19,0.0,0.0,0.0,0.0,1.0
2017-06-20,0.0,0.0,0.0,0.0,1.0
2017-06-21,0.0,0.0,0.0,0.0,1.0
2017-06-22,0.0,0.0,0.0,0.0,1.0
2017-06-23,0.0,0.0,0.0,0.0,1.0
2017-06-26,0.0,0.0,0.0,0.0,1.0
2017-06-27,0.0,0.0,0.0,0.0,1.0
2017-06-28,0.0,0.0,0.0,0.0,1.0
2017-06-29,0.0,0.0,0.0,0.0,1.0
2017-06-30,0.0,0.0,0.0,0.0,1.0
2017-07-03,0.0,0.0,0.0,0.0,1.0
2017-07-04,0.0,0.0,0.0,0.0,1.0
2017-07-05,0.0,0.0,0.0,0.0,1.0
2017-07-06,0.0,0.0,0.0,0.0,1.0
2017-07-07,0.0,0.0,0.0,0.0,1.0
2017-07-10,0.0,0.0,0.0,0.0,1.0
2017-07-11,0.0,0.0,0.0,0.0,1.0
2017-07-12,0.0,0.0,0.0,0.0,1.0
2017-07-13,0.0,0.0,0.0,0.0,1.0
2017-07-14,0.0,0.0,0.0,0.0,1.0
2017-07-17,0.0,0.0,0.0,0.0,1.0
2017-07-18,0.0,0.0,0.0,0.0,1.0
2017-07-19,0.0,0.0,0.0,0.0,1.0
2017-07-20,0.0,0.0,0.0,0.0,1.0
2017-07-21,0.0,0.0,0.0,0.0,1.0
2017-07-24,0.0,0.0,0.0,0.0,1.0
2017-07-25,0.0,0.0,0.0,0.0,1.0
2017-07-26,0.0,0.0,0.0,0.0,1.0
2017-07-27,0.0,0.0,0.0,0.0,1.0
2017-07-28,0.0,0.0,0.0,0.0,1.0
2017-07-31,0.0,0.0,0.0,0.0,1.0
2017-08-01,0.0,0.0,0.0,0.0,1.0
2017-08-02,0.0,0.0,0.0,0.0,1.0
2017-08-03,0.0,0.0,0.0,0.0,1.0
2017-08-04,0.0,0.0,0.0,0.0,1.0
2017-08-07,0.0,0.0,0.0,0.0,1.0
2017-08-08,0.0,0.0,0.0,0.0,1.0
2017-08-09,0.0,0.0,0.0,0.0,1.0
2017-08-10,0.0,0.0,0.0,0.0,1.0
2017-08-11,0.0,0.0,0.0,0.0,1.0
2017-08-14,0.0,0.0,0.0,0.0,1.0
2017-08-15,0.0,0.0,0.0,0.0,1.0
2017-08-16,0.0,0.0,0.0,0.0,1.0
2017-08-17,0.0,0.0,0.0,0.0,1.0
2017-08-18,0.0,0.0,0.0,0.0,1.0
2017-08-21,0.0,0.0,0.0,0.0,1.0
2017-08-22,0.0,0.0,0.0,0.0,1.0
2017-08-23,0.0,0.0,0.0,0.0,1.0
2017-08-24,0.0,0.0,0.0,0.0,1.0
2017-08-25,0.0,0.0,0.0,0.0,1.0
2017-08-28,0.0,0.0,0.0,0.0,1.0
2017-08-29,0.0,0.0,0.0,0.0,1.0
2017-08-30,0.0,0.0,0.0,0.0,1.0
2017-08-31,0.0,0.0,0.0,0.0,1.0
2017-09-01,0.0,0.0,0.0,0.0,1.0
2017-09-04,0.0,0.0,0.0,0.0,1.0
2017-09-05,0.0,0.0,0.0,0.0,1.0
2017-09-06,0.0,0.0,0.0,0.0,1.0
2017-09-07,0.0,0.0,0.0,0.0,1.0
2017-09-08,0.0,0.0,0.0,0.0,1.0
2017-09-11,0.0,0.0,0.0,0.0,1.0
2017-09-12,0.0,0.0,0.0,0.0,1.0
2017-09-13,0.0,0.0,0.0,0.0,1.0
2017-09-14,0.0,0.0,0.0,0.0,1.0
2017-09-15,0.0,0.0,0.0,0.0,1.0
2017-09-18,0.0,0.0,0.0,0.0,1.0
2017-09-19,0.0,0.0,0.0,0.0,1.0
2017-09-20,0.0,0.0,0.0,0.0,1.0
2017-09-21,0.0,0.0,0.0,0.0,1.0
2017-09-22,0.0,0.0,0.0,0.0,1.0
2017-09-25,0.0,0.0,0.0,0.0,1.0
2017-09-26,0.0,0.0,0.0,0.0,1.0
2017-09-27,0.0,0.0,0.0,0.0,1.0
2017-09-28,0.0,0.0,0.0,0.0,1.0
2017-09-29,0.0,0.0,0.0,0.0,1.0
2017-09-30,0.0,0.0,0.0,0.0,1.0
2017-10-02,0.0,0.0,0.0,0.0,1.0
2017-10-03,0.0,0.0,0.0,0.0,1.0
2017-10-05,0.0,0.0,0.0,0.0,1.0
2017-10-06,0.0,0.0,0.0,0.0,1.0
2017-10-11,0.0,0.0,0.0,0.0,1.0
2017-10-12,0.0,0.0,0.0,0.0,1.0
2017-10-13,0.0,0.0,0.0,0.0,1.0
2017-10-16,0.0,0.0,0.0,0.0,1.0
2017-10-17,0.0,0.0,0.0,0.0,1.0
2017-10-18,0.0,0.0,0.0,0.0,1.0
2017-10-19,0.0,0.0,0.0,0.0,1.0
2017-10-20,0.0,0.0,0.0,0.0,1.0
2017-10-23,0.0,0.0,0.0,0.0,1.0
2017-10-24,0.0,0.0,0.0,0.0,1.0
2017-10-25,0.0,0.0,0.0,0.0,1.0
2017-10-26,0.0,0.0,0.0,0.0,1.0
2017-10-27,0.0,0.0,0.0,0.0,1.0
2017-10-30,0.0,0.0,0.0,0.0,1.0
2017-10-31,0.0,0.0,0.0,0.0,1.0
2017-11-01,0.0,0.0,0.0,0.0,1.0
2017-11-02,0.0,0.0,0.0,0.0,1.0
2017-11-03,0.0,0.0,0.0,0.0,1.0
2017-11-06,0.0,0.0,0.0,0.0,1.0
2017-11-07,0.0,0.0,0.0,0.0,1.0
2017-11-08,0.0,0.0,0.0,0.0,1.0
2017-11-09,0.0,0.0,0.0,0.0,1.0
2017-11-10,0.0,0.0,0.0,0.0,1.0
2017-11-13,0.0,0.0,0.0,0.0,1.0
2017-11-14,0.0,0.0,0.0,0.0,1.0
2017-11-15,0.0,0.0,0.0,0.0,1.0
2017-11-16,0.0,0.0,0.0,0.0,1.0
2017-11-17,0.0,0.0,0.0,0.0,1.0
2017-11-20,0.0,0.0,0.0,0.0,1.0
2017-11-21,0.0,0.0,0.0,0.0,1.0
2017-11-22,0.0,0.0,0.0,0.0,1.0
2017-11-23,0.0,0.0,0.0,0.0,1.0
2017-11-24,0.0,0.0,0.0,0.0,1.0
2017-11-27,0.0,0.0,0.0,0.0,1.0
2017-11-28,0.0,0.0,0.0,0.0,1.0
2017-11-29,0.0,0.0,0.0,0.0,1.0
2017-11-30,0.0,0.0,0.0,0.0,1.0
2017-12-01,0.0,0.0,0.0,0.0,1.0
2017-12-04,0.0,0.0,0.0,0.0,1.0
2017-12-05,0.0,0.0,0.0,0.0,1.0
2017-12-06,0.0,0.0,0.0,0.0,1.0
2017-12-07,0.0,0.0,0.0,0.0,1.0
2017-12-08,0.0,0.0,0.0,0.0,1.0
2017-12-11,0.0,0.0,0.0,0.0,1.0
2017-12-12,0.0,0.0,0.0,0.0,1.0
2017-12-13,0.0,0.0,0.0,0.0,1.0
2017-12-14,0.0,0.0,0.0,0.0,1.0
2017-12-15,0.0,0.0,0.0,0.0,1.0
2017-12-18,0.0,0.0,0.0,0.0,1.0
2017-12-19,0.0,0.0,0.0,0.0,1.0
2017-12-20,0.0,0.0,0.0,0.0,1.0
2017-12-21,0.0,0.0,0.0,0.0,1.0
2017-12-22,0.0,0.0,0.0,0.0,1.0
2017-12-25,0.0,0.0,0.0,0.0,1.0
2017-12-26,0.0,0.0,0.0,0.0,1.0
2017-12-27,0.0,0.0,0.0,0.0,1.0
2017-12-28,0.0,0.0,0.0,0.0,1.0
2017-12-29,0.0,0.0,0.0,0.0,1.0
2018-01-02,0.0,0.0,0.0,0.0,1.0
2018-01-03,0.0,0.0,0.0,0.0,1.0
2018-01-04,0.0,0.0,0.0,0.0,1.0
2018-01-05,0.0,0.0,0.0,0.0,1.0
2018-01-08,0.0,0.0,0.0,0.0,1.0
2018-01-09,0.0,0.0,0.0,0.0,1.0
2018-01-10,0.0,0.0,0.0,0.0,1.0
2018-01-11,0.0,0.0,0.0,0.0,1.0
2018-01-12,0.0,0.0,0.0,0.0,1.0
2018-01-15,0.0,0.0,0.0,0.0,1.0
2018-01-16,0.0,0.0,0.0,0.0,1.0
2018-01-17,0.0,0.0,0.0,0.0,1.0
2018-01-18,0.0,0.0,0.0,0.0,1.0
2018-01-19,0.0,0.0,0.0,0.0,1.0
2018-01-22,0.0,0.0,0.0,0.0,1.0
2018-01-23,0.0,0.0,0.0,0.0,1.0
2018-01-24,0.0,0.0,0.0,0.0,1.0
2018-01-25,0.0,0.0,0.0,0.0,1.0
2018-01-26,0.0,0.0,0.0,0.0,1.0
2018-01-29,0.0,0.0,0.0,0.0,1.0
2018-01-30,0.0,0.0,0.0,0.0,1.0
2018-01-31,0.0,0.0,0.0,0.0,1.0
2018-02-01,0.0,0.0,0.0,0.0,1.0
2018-02-02,-0.0044065590272486695,-0.0044065590272486695,1.0,0.0,0.9955934409727514
2018-02-05,-0.01290859142520387,-0.01290859142520387,0.0,0.0,0.9827417320176214
2018-02-06,-0.042176445522153105,-0.042176445522153105,0.0,0.0,0.9412931788948338
2018-02-07,0.014757688240089398,0.014757688240089398,0.0,0.0,0.9551844901714865
2018-02-08,7.788710766383879e-05,7.788710766383879e-05,0.0,0.0,0.9552588867287114
2018-02-09,-0.008065187526103806,-0.008065187526103806,0.0,0.0,0.9475545446712671
2018-02-12,0.004905090068435127,0.004905090068435127,0.0,0.0,0.9522023850576347
2018-02-21,0.021775091372780272,0.021775091372780272,0.0,0.0,0.972936678997644
2018-02-22,0.0012695487358369672,0.0012695487358369672,0.0,0.0,0.9741718695285149
2018-02-23,0.008084174313338244,0.008084174313338244,0.0,0.0,0.9820472447329339
2018-02-26,0.004460451369798582,0.004460451369798582,0.0,0.0,0.9864276187109098
2018-02-27,-0.0027523511995426963,-0.0027523511995426963,0.0,0.0,0.9837126234712888
2018-03-01,0.0009677176236784732,0.0009677176236784732,0.0,0.0,0.9846645795136569
2018-03-02,-0.006142996120287056,-0.006142996120287056,0.0,0.0,0.9786157888219205
2018-03-05,-0.007828860127338041,-0.007828860127338041,0.0,0.0,0.970954342692829
2018-03-06,0.007809033696362911,0.007809033696362911,0.0,0.0,0.9785365578725472
2018-03-07,0.000564831180446565,0.000564831180446565,0.0,0.0,0.9790892658316405
2018-03-08,0.005877228760677499,0.005877228760677499,0.0,0.0,0.9848435974240567
2018-03-09,0.0011873366306627917,0.0011873366306627917,0.0,0.0,0.9860129383027519
2018-03-12,0.007832801605766436,0.007832801605766436,0.0,0.0,0.9937361820291962
2018-03-13,0.004598312373341359,0.004598312373341359,0.0,0.0,0.998305691410858
2018-03-14,-0.0015951214650872037,-0.0015951214650872037,0.0,0.0,0.9967132725737698
2018-03-15,0.00011909819680796152,0.00011909819680796152,0.0,0.0,0.996831979327268
2018-03-16,0.005649161939981463,0.005649161939981463,0.0,0.0,1.00246324460544
2018-03-19,0.0003566547005418916,0.0003566547005418916,0.0,0.0,1.002820777833749
2018-03-20,-0.0016816290199199557,-0.0016816290199199557,0.0,0.0,1.001134405311965
2018-03-21,0.0008670691755207456,0.0008670691755207456,0.0,0.0,1.0020024580953644
2018-03-22,0.0004911829916654716,0.0004911829916654716,0.0,0.0,1.0024946246603876
2018-03-23,-0.01201572584309478,-0.01201572584309478,0.0,0.0,0.9904489240912923
2018-03-26,0.0026546985880109616,0.0026546985880109616,0.0,0.0,0.9930782674515743
2018-03-27,0.00698866978124511,0.00698866978124511,0.0,0.0,1.0000185635297245
2018-03-28,-0.004285811917219103,-0.004285811917219103,0.0,0.0,0.9957326720527084
2018-03-29,-0.001337155283383783,-0.001337155283383783,0.0,0.0,0.9944012228494353
2018-03-30,0.006267366233801174,0.006267366233801174,0.0,0.0,1.0006334994963724
2018-03-31,0.0018541256131515416,0.0018541256131515416,0.0,0.0,1.0024887996971659
2018-04-02,-0.0023500008057589106,-0.0023500008057589106,0.0,0.0,1.0001329502101133
2018-04-03,-0.005170618343754806,-0.005170618343754806,0.0,0.0,0.9949616444315633
2018-04-09,0.008393671249644586,0.008393671249644586,0.0,0.0,1.0033130253809277
2018-04-10,0.004650314264843783,0.004650314264843783,0.0,0.0,1.00797874625496
2018-04-11,0.001555445755191739,0.001555445755191739,0.0,0.0,1.009546602517146
2018-04-12,0.0010671818425533977,0.0010671818425533977,0.0,0.0,1.0106239723205637
2018-04-13,-0.0006262754983921424,-0.0006262754983921424,0.0,0.0,1.0099910432886117
2018-04-16,-0.0013745083949020032,-0.0013745083949020032,0.0,0.0,1.0086028021208355
2018-04-17,-0.007915585987083164,-0.007915585987083164,0.0,0.0,1.000619119913835
2018-04-18,0.004311185731549525,0.004311185731549525,0.0,0.0,1.0049329747863232
2018-04-19,0.008324431189158845,0.008324431189158845,0.0,0.0,1.0132984701846486
2018-04-20,-0.0027621475059168067,-0.0027621475059168067,0.0,0.0,1.0104995903424787
2018-04-23,-0.0008053316337491724,-0.0008053316337491724,0.0,0.0,1.0096858030564853
2018-04-24,-0.011069330700877539,-0.011069330700877539,0.0,0.0,0.9985092569984719
2018-04-25,0.0007689834204991777,0.0007689834204991777,0.0,0.0,0.9992770940623187
2018-04-26,-0.0025819489222508865,-0.0025819489222508865,0.0,0.0,0.9966970116462746
2018-04-27,0.004641530854886397,0.004641530854886397,0.0,0.0,1.0013232115788038
2018-04-30,0.008861409364329982,0.008861409364329982,0.0,0.0,1.0101963464626091
2018-05-02,0.0008621354127041749,0.0008621354127041749,0.0,0.0,1.011067272506679
2018-05-03,-0.007299111730590518,-0.007299111730590518,0.0,0.0,1.0036873795175092
2018-05-04,-0.0007387528946151361,-0.0007387528946151361,0.0,0.0,1.002945902560602
2018-05-07,0.0023287431967162287,0.0023287431967162287,0.0,0.0,1.0052815060078644
2018-05-08,0.004847794636596951,0.004847794636596951,0.0,0.0,1.0101549043009594
2018-05-09,-0.0016800506376422981,-0.0016800506376422981,0.0,0.0,1.008457792909871
2018-05-10,0.0024414774662663563,0.0024414774662663563,0.0,0.0,1.0109199198869412
2018-05-11,0.005603934364426634,0.005603934364426634,0.0,0.0,1.0165850487656791
2018-05-14,0.004100217992499697,0.004100217992499697,0.0,0.0,1.0207532690735341
2018-05-15,-0.002105896010037434,-0.002105896010037434,0.0,0.0,1.0186036688369595
2018-05-16,0.005543233187574282,0.005543233187574282,0.0,0.0,1.0242500264990415
2018-05-17,0.00017221868592176597,0.00017221868592176597,0.0,0.0,1.0244264214926606
2018-05-18,0.0034378361003237394,0.0034378361003237394,0.0,0.0,1.0279482316265935
2018-05-21,0.0078484604098276,0.0078484604098276,0.0,0.0,1.0360160426258673
2018-05-22,-0.0031714040015423067,-0.0031714040015423067,0.0,0.0,1.0327304172026217
2018-05-23,-0.001384712413476794,-0.001384712413476794,0.0,0.0,1.0313003825741462
2018-05-24,0.004360044780542632,0.004360044780542632,0.0,0.0,1.0357968984243602
2018-05-25,0.0009022136847407323,0.0009022136847407323,0.0,0.0,1.0367314085607306
2018-05-28,0.003723899597689507,0.003723899597689507,0.0,0.0,1.0405920922359821
2018-05-29,-0.0016686106884690765,-0.0016686106884690765,0.0,0.0,1.0388557491485408
2018-05-30,-0.012195931582684559,-0.012195931582684559,0.0,0.0,1.0261859355076468
2018-05-31,0.007864578887280585,0.007864578887280585,0.0,0.0,1.0342564557504645
2018-06-01,0.004522917546874232,0.004522917546874232,0.0,0.0,1.0389343124221462
2018-06-04,0.008244437408742254,0.008244437408742254,0.0,0.0,1.0474997413327052
2018-06-05,0.0018485780056699608,0.0018485780056699608,0.0,0.0,1.049436126315478
2018-06-06,0.0062651475346953535,0.0062651475346953535,0.0,0.0,1.0560109984750836
2018-06-07,0.004208703118545392,0.004208703118545392,0.0,0.0,1.060455435257584
2018-06-08,-0.004259088593687048,-0.004259088593687048,0.0,0.0,1.055938861609165
2018-06-11,0.000277983396974842,0.000277983396974842,0.0,0.0,1.0562323950809127
2018-06-12,-0.0017179429406862816,-0.0017179429406862816,0.0,0.0,1.0544178480940594
2018-06-13,-0.002375121760634316,-0.002375121760634316,0.0,0.0,1.05191347731825
2018-06-14,-0.01038463475375108,-0.01038463475375108,0.0,0.0,1.0409897400637518
2018-06-15,0.0012196873039648482,0.0012196873039648482,0.0,0.0,1.0422594220332653
2018-06-19,-0.01031467750521194,-0.01031467750521194,0.0,0.0,1.0315088522182234
2018-06-20,0.0033492581430076664,0.0033492581430076664,0.0,0.0,1.0349636416410999
2018-06-21,0.003080393961301213,0.003080393961301213,0.0,0.0,1.0381517373929774
2018-06-22,-0.001985539064402437,-0.001985539064402437,0.0,0.0,1.0360904465636063
2018-06-25,-0.0026192113807177618,-0.0026192113807177618,0.0,0.0,1.0333767066745139
2018-06-26,-0.0025208331458221444,-0.0025208331458221444,0.0,0.0,1.0307717364202083
2018-06-27,-0.0038164001371965165,-0.0038164001371965165,0.0,0.0,1.0268378990239158
2018-06-28,-0.005043361872726349,-0.005043361872726349,0.0,0.0,1.0216591839145082
2018-06-29,0.012666276803530503,0.012666276803530503,0.0,0.0,1.0345998019368385
2018-07-02,-0.005739832564828823,-0.005739832564828823,0.0,0.0,1.028661372302116
2018-07-03,-0.006829308401932701,-0.006829308401932701,0.0,0.0,1.0216363265495096
2018-07-04,0.0019351013621111855,0.0019351013621111855,0.0,0.0,1.0236132963965978
2018-07-05,-0.007014786625433738,-0.007014786625433738,0.0,0.0,1.0164328675354188
2018-07-06,-0.002520838888271418,-0.002520838888271418,0.0,0.0,1.0138706040356185
2018-07-09,0.009023495294112165,0.009023495294112165,0.0,0.0,1.0230192606599726
2018-07-10,0.002637683681901725,0.002637683681901725,0.0,0.0,1.0257176618700867
2018-07-11,-0.007232901312234819,-0.007232901312234819,0.0,0.0,1.0182987472475642
2018-07-12,0.004845900468229051,0.004845900468229051,0.0,0.0,1.0232333216236482
2018-07-13,0.005958597699004572,0.005958597699004572,0.0,0.0,1.0293303573394197
2018-07-16,-0.00355770778147724,-0.00355770778147724,0.0,0.0,1.0256683007174026
2018-07-17,-2.3696308335310326e-06,-2.3696308335310326e-06,0.0,0.0,1.0256658702621722
2018-07-18,0.003503676371109727,0.003503676371109727,0.0,0.0,1.0292594715364636
2018-07-19,-0.004184152123833792,-0.004184152123833792,0.0,0.0,1.0249528933326582
2018-07-20,-6.843418447304229e-05,-6.843418447304229e-05,0.0,0.0,1.0248827515172796
2018-07-23,-0.0022064575686175716,-0.0022064575686175716,0.0,0.0,1.0226213912132487
2018-07-24,0.005818538133686584,0.005818538133686584,0.0,0.0,1.0285715527743466
2018-07-25,-0.0009070992577475242,-0.0009070992577475242,0.0,0.0,1.0276385362822849
2018-07-26,0.0030934828648951527,0.0030934828648951527,0.0,0.0,1.0308175184855801
2018-07-27,0.0010988165161480096,0.0010988165161480096,0.0,0.0,1.031950197800027
2018-07-30,-0.0025505710231916406,-0.0025505710231916406,0.0,0.0,1.0293181355281413
2018-07-31,0.005776963056392017,0.005776963056392017,0.0,0.0,1.0352644683703616
2018-08-01,0.002369654299770165,0.002369654299770165,0.0,0.0,1.0377176872692346
2018-08-02,-0.012032868335995076,-0.012032868335995076,0.0,0.0,1.0252309669683906
2018-08-03,0.006121177826931473,0.006121177826931473,0.0,0.0,1.031506588030881
2018-08-06,0.0028160366539175643,0.0028160366539175643,0.0,0.0,1.0344113483915334
2018-08-07,0.0010851260008001664,0.0010851260008001664,0.0,0.0,1.035533815041196
2018-08-08,0.0034321310747665095,0.0034321310747665095,0.0,0.0,1.0390879028267703
2018-08-09,-0.005224368653158197,-0.005224368653158197,0.0,0.0,1.0336593245593662
2018-08-10,-0.003052220902642553,-0.003052220902642553,0.0,0.0,1.0305043679627346
2018-08-13,-0.016667845945845628,-0.016667845945845628,0.0,0.0,1.0133280799110107
2018-08-14,0.006191096423690954,0.006191096423690954,0.0,0.0,1.0196016917625732
2018-08-15,-0.011585243150098824,-0.011585243150098824,0.0,0.0,1.0077893582472517
2018-08-16,-0.005655627889650773,-0.005655627889650773,0.0,0.0,1.0020896766458554
2018-08-17,0.0005629058460242588,0.0005629058460242588,0.0,0.0,1.00265375878308
2018-08-20,0.0018290924763057835,0.0018290924763057835,0.0,0.0,1.0044877052296097
2018-08-21,0.007017723727018826,0.007017723727018826,0.0,0.0,1.0115369224320983
2018-08-22,0.0013504690381232808,0.0013504690381232808,0.0,0.0,1.0129029717267612
2018-08-23,0.003970722449778062,0.003970722449778062,0.0,0.0,1.0169249282960435
2018-08-24,-0.007490501905977475,-0.007490501905977475,0.0,0.0,1.009307650182406
2018-08-27,0.007509421623473414,0.007509421623473414,0.0,0.0,1.016886966875423
2018-08-28,0.004489723331651674,0.004489723331651674,0.0,0.0,1.021452508016256
2018-08-29,0.0016277101221966828,0.0016277101221966828,0.0,0.0,1.0231151366028972
2018-08-30,-0.0030602779315391845,-0.0030602779315391845,0.0,0.0,1.0199841199289277
2018-08-31,0.0038066496256431953,0.0038066496256431953,0.0,0.0,1.0238668420972172
2018-09-03,-0.010489771771965003,-0.010489771771965003,0.0,0.0,1.0131267125987349
2018-09-04,0.001950796443302585,0.001950796443302585,0.0,0.0,1.0151031165862874
2018-09-05,-0.0118762221906787,-0.0118762221906787,0.0,0.0,1.0030475264272583
2018-09-06,-0.004054715568249334,-0.004054715568249334,0.0,0.0,0.9989804540061596
2018-09-07,-0.008913700074707386,-0.008913700074707386,0.0,0.0,0.9900758418586537
2018-09-10,-0.010329091208058206,-0.010329091208058206,0.0,0.0,0.9798492581852006
2018-09-11,0.006719925313890873,0.006719925313890873,0.0,0.0,0.9864337720190764
2018-09-12,-0.0010036248881562244,-0.0010036248881562244,0.0,0.0,0.9854437625349604
2018-09-13,0.005684190430277361,0.005684190430277361,0.0,0.0,0.991045212539538
2018-09-14,0.005986605565321105,0.005986605565321105,0.0,0.0,0.9969782093244121
2018-09-17,-0.0005106002186511734,-0.0005106002186511734,0.0,0.0,0.9964691520327406
2018-09-18,0.0010375770728199662,0.0010375770728199662,0.0,0.0,0.9975030655786621
2018-09-19,0.007012160433107344,0.007012160433107344,0.0,0.0,1.004497717107016
2018-09-20,-0.0040232893487912175,-0.0040232893487912175,0.0,0.0,1.0004563321408941
2018-09-21,0.01274446102879948,0.01274446102879948,0.0,0.0,1.0132066088768794
2018-09-25,0.0006251268435847434,0.0006251268435847434,0.0,0.0,1.013839991526186
2018-09-26,-0.002236029980784354,-0.002236029980784354,0.0,0.0,1.0115730149094153
2018-09-27,0.004966912600834978,0.004966912600834978,0.0,0.0,1.0165974096638335
2018-09-28,-0.0014348754381742967,-0.0014348754381742967,0.0,0.0,1.0151387190101953
2018-10-01,0.0020141397054235536,0.0020141397054235536,0.0,0.0,1.0171833502106666
2018-10-02,-0.00871635858694757,-0.00871635858694757,0.0,0.0,1.0083172153815578
2018-10-03,-0.0031563759108989052,-0.0031563759108989052,0.0,0.0,1.005134587212383
2018-10-04,-0.007081079918274627,-0.007081079918274627,0.0,0.0,0.99801714887171
2018-10-05,-0.013054041429518059,-0.013054041429518059,0.0,0.0,0.9849889916629693
2018-10-08,-0.00019729176157785042,-0.00019729176157785042,0.0,0.0,0.9847946614496692
2018-10-09,0.0026742103874728075,0.0026742103874728075,0.0,0.0,0.9874282095628457
2018-10-11,-0.05377392676337063,-0.05377392676337063,0.0,0.0,0.934330317337727
2018-10-12,0.015576882261050595,0.015576882261050595,0.0,0.0,0.9488842706838269
2018-10-15,-0.012562981620736864,-0.012562981620736864,0.0,0.0,0.9369634550310196
2018-10-16,0.0013593448781578075,0.0013593448781578075,0.0,0.0,0.938237111504637
2018-10-17,-0.0006953969366395653,-0.0006953969366395653,0.0,0.0,0.937584664291455
2018-10-18,-9.940968713373984e-05,-9.940968713373984e-05,0.0,0.0,0.9374914592933165
2018-10-19,-0.004216765607095174,-0.004216765607095174,0.0,0.0,0.933538277550823
2018-10-22,0.004089214662430547,0.004089214662430547,0.0,0.0,0.9373557159633239
2018-10-23,-0.012565765551424489,-0.012565765551424489,0.0,0.0,0.9255771237982411
2018-10-24,-0.0036633557831657615,-0.0036633557831657615,0.0,0.0,0.9221864054890089
2018-10-25,-0.01859691683416775,-0.01859691683416775,0.0,0.0,0.9050365816005297
2018-10-26,-0.0005909011393376762,-0.0005909011393376762,0.0,0.0,0.9045017944533197
2018-10-29,0.00034928542224043604,0.00034928542224043604,0.0,0.0,0.9048177237445125
2018-10-30,0.003870341035983426,0.003870341035983426,0.0,0.0,0.9083196769108061
2018-10-31,0.020185194040448842,0.020185194040448842,0.0,0.0,0.9266542858400085
2018-11-01,0.00236075121426217,0.00236075121426217,0.0,0.0,0.9288418860705067
2018-11-02,0.01008034264189234,0.01008034264189234,0.0,0.0,0.9382049305422389
2018-11-05,0.0011324926673883858,0.0011324926673883858,0.0,0.0,0.9392674407465855
2018-11-06,-0.004234131504981501,-0.004234131504981501,0.0,0.0,0.935290458884117
2018-11-07,0.010643874432318911,0.010643874432318911,0.0,0.0,0.9452455730862255
2018-11-08,0.004561172881430627,0.004561172881430627,0.0,0.0,0.9495570015604786
2018-11-09,-0.00603465531487148,-0.00603465531487148,0.0,0.0,0.9438267523542383
2018-11-12,-0.00035692002781221536,-0.00035692002781221536,0.0,0.0,0.9434898816835381
2018-11-13,-0.0007923755997384545,-0.0007923755997384545,0.0,0.0,0.9427422833226919
2018-11-14,0.004724264076976708,0.004724264076976708,0.0,0.0,0.9471960468256403
2018-11-15,0.0004931015746284918,0.0004931015746284918,0.0,0.0,0.947663110687812
2018-11-16,0.0013991124968455414,0.0013991124968455414,0.0,0.0,0.9489889979887748
2018-11-19,0.007116094402599993,0.007116094402599993,0.0,0.0,0.9557420932854918
2018-11-20,-0.004996863448551594,-0.004996863448551594,0.0,0.0,0.9509663805533113
2018-11-21,0.0005770637852353473,0.0005770637852353473,0.0,0.0,0.951515148812505
2018-11-22,-0.003092637815972811,-0.003092637815972811,0.0,0.0,0.9485724570808165
2018-11-23,-0.0045289564510404565,-0.0045289564510404565,0.0,0.0,0.9442764137320411
2018-11-26,0.004951705030693567,0.004951705030693567,0.0,0.0,0.9489521920002832
2018-11-27,0.00027693698958026385,0.00027693698958026385,0.0,0.0,0.9492149919635915
2018-11-28,0.00862504072960632,0.00862504072960632,0.0,0.0,0.9574020099304303
2018-11-29,-0.0023971802814396507,-0.0023971802814396507,0.0,0.0,0.9551069447108145
2018-11-30,0.003887425963122672,0.003887425963122672,0.0,0.0,0.9588198522452421
2018-12-03,0.013640083462815943,0.013640083462815943,0.0,0.0,0.971898235055672
2018-12-04,-0.0007531801586128051,-0.0007531801586128051,0.0,0.0,0.9711662205888372
2018-12-05,-0.010022530835059128,-0.010022530835059128,0.0,0.0,0.9614326771970177
2018-12-06,-0.015417418937850393,-0.015417418937850393,0.0,0.0,0.9466098668321322
2018-12-07,0.005862422524926813,0.005862422524926813,0.0,0.0,0.9521592938377669
2018-12-10,-0.01132997023667387,-0.01132997023667387,0.0,0.0,0.9413713573780126
2018-12-11,0.000368544242246337,0.000368544242246337,0.0,0.0,0.9417182943715898
2018-12-12,0.0055834770422450684,0.0055834770422450684,0.0,0.0,0.9469763568484758
2018-12-13,0.004742998072313067,0.004742998072313067,0.0,0.0,0.9514678638835341
2018-12-14,-0.003450661605699443,-0.003450661605699443,0.0,0.0,0.9481846702565744
2018-12-17,-0.0008013845600751936,-0.0008013845600751936,0.0,0.0,0.9474248097017308
2018-12-18,-0.00975020750603317,-0.00975020750603317,0.0,0.0,0.9381872212107749
2018-12-19,0.004823285501858666,0.004823285501858666,0.0,0.0,0.9427123660328699
2018-12-20,-0.0067144446227745715,-0.0067144446227745715,0.0,0.0,0.9363825760559373
2018-12-21,-0.0021853090001630695,-0.0021853090001630695,0.0,0.0,0.9343362907848863
2018-12-22,2.7434109772809883e-05,2.7434109772809883e-05,0.0,0.0,0.9343619234692524
2018-12-24,0.005786253763673364,0.005786253763673364,0.0,0.0,0.9397683786655593
2018-12-25,-0.01081038952362817,-0.01081038952362817,0.0,0.0,0.9296091164301962
2018-12-26,-0.005287786303135658,-0.005287786303135658,0.0,0.0,0.9246935420770666
2018-12-27,0.010181878108095758,0.010181878108095758,0.0,0.0,0.9341086590098386
2018-12-28,0.0074223697152819915,0.0074223697152819915,0.0,0.0,0.941041958831256
2019-01-02,-0.010052862607036554,-0.010052862607036554,0.0,0.0,0.9315817933116688
2019-01-03,-0.0008959815967627864,-0.0008959815967627864,0.0,0.0,0.9307471131689823
2019-01-04,-0.0031405901008094025,-0.0031405901008094025,0.0,0.0,0.9278240179990069
2019-01-07,0.01686874216153518,0.01686874216153518,0.0,0.0,0.9434752421299119
2019-01-08,-0.003324447076482624,-0.003324447076482624,0.0,0.0,0.9403387086194793
2019-01-09,0.014216314499946668,0.014216314499946668,0.0,0.0,0.9537068594376876
2019-01-10,-0.0013039717368777915,-0.0013039717368777915,0.0,0.0,0.9524632526477144
2019-01-11,-0.0018594552896824754,-0.0018594552896824754,0.0,0.0,0.9506921898143504
2019-01-14,-0.005596014394908132,-0.005596014394908132,0.0,0.0,0.9453721026350227
2019-01-15,0.0071450957623347125,0.0071450957623347125,0.0,0.0,0.9521268768393897
2019-01-16,-0.002848216659268111,-0.002848216659268111,0.0,0.0,0.9494150132070388
2019-01-17,0.0011201554931400616,0.0011201554931400616,0.0,0.0,0.9504785056493524
2019-01-18,0.0045640255893003995,0.0045640255893003995,0.0,0.0,0.9548165138712161
2019-01-21,0.0018310408224103498,0.0018310408224103498,0.0,0.0,0.9565648218860258
2019-01-22,-0.001314732686059114,-0.001314732686059114,0.0,0.0,0.9553071948483579
2019-01-23,0.00024822352923662214,0.00024822352923662214,0.0,0.0,0.9555443245717684
2019-01-24,0.0012229969962890312,0.0012229969962890312,0.0,0.0,0.9567129524105408
2019-01-25,0.00558747810400897,0.00558747810400897,0.0,0.0,0.9620585650839565
2019-01-28,0.0017849640946197207,0.0017849640946197207,0.0,0.0,0.9637758050795527
2019-01-29,-0.0006913834690911082,-0.0006913834690911082,0.0,0.0,0.9631094664200107
2019-01-30,0.00010380332326359555,0.00010380332326359555,0.0,0.0,0.9632094403832918
2019-02-11,-0.0020707602805132776,-0.0020707602805132776,0.0,0.0,0.9612148645323307
2019-02-12,0.005484519801054865,0.005484519801054865,0.0,0.0,0.9664866664899266
2019-02-13,0.00276563561808894,0.00276563561808894,0.0,0.0,0.9691596164391793
2019-02-14,-0.0007515944974072682,-0.0007515944974072682,0.0,0.0,0.9684312014043542
2019-02-15,-0.0025005659290282013,-0.0025005659290282013,0.0,0.0,0.9660095753375146
2019-02-18,0.006447541558312417,0.006447541558312417,0.0,0.0,0.9722379622202311
2019-02-19,0.0003991621119407546,0.0003991621119407546,0.0,0.0,0.9726260427785399
2019-02-20,0.006351877019381521,0.006351877019381521,0.3565793636102527,0.0,0.9788040437881169
2019-02-21,0.003106092649157839,0.003106092649157839,0.0,0.0,0.9818442998334931
2019-02-22,0.0019330126805137695,0.0019330126805137695,0.0,0.0,0.9837422173153614
2019-02-25,0.003050735643756287,0.003050735643756287,0.0,0.0,0.9867433547619933
2019-02-26,0.00033348468170840673,0.00033348468170840673,0.0,0.0,0.987072418555584
2019-02-27,0.003512345503287666,0.003512345503287666,0.0,0.0,0.9905393579263171
2019-03-04,-0.0034374858101315587,-0.0034374858101315587,0.0,0.0,0.9871343929390685
2019-03-05,-0.0018075570638724347,-0.0018075570638724347,0.0,0.0,0.98535009119412
2019-03-06,0.0031368485902572947,0.0031368485902572947,0.0,0.0,0.988440985238592
2019-03-07,-0.0032203293845206277,-0.0032203293845206277,0.0,0.0,0.9852578796889636
2019-03-08,-0.0039883842769275766,-0.0039883842769275766,0.0,0.0,0.9813282926528931
2019-03-11,-0.0009114475892734586,-0.0009114475892734586,0.0,0.0,0.9804338633462688
2019-03-12,0.007915932216424507,0.007915932216424507,0.0,0.0,0.9881949113512052
2019-03-13,-0.0003711438500786686,-0.0003711438500786686,0.0,0.0,0.9878281488871782
2019-03-14,-0.0032897204397509005,-0.0032897204397509005,0.0,0.0,0.9845784704348227
2019-03-15,0.005894035224021105,0.005894035224021105,0.0,0.0,0.9903816106203783
2019-03-18,0.00654509968920818,0.00654509968920818,0.0,0.0,0.9968637569922473
2019-03-19,0.0012070817360847281,0.0012070817360847281,0.0,0.0,0.9980670530266774
2019-03-20,0.0023662427706678756,0.0023662427706678756,0.0,0.0,1.0004287219755437
2019-03-21,0.0023701787951634053,0.0023701787951634053,0.0,0.0,1.0027999169184425
2019-03-22,-0.0023764331646109363,-0.0023764331646109363,0.0,0.0,1.0004168299384084
2019-03-25,-0.005332903304237637,-0.005332903304237637,0.0,0.0,0.9950817037204149
2019-03-26,0.004286281849309214,0.004286281849309214,0.0,0.0,0.9993469043656514
2019-03-27,-0.0028044391856493116,-0.0028044391856493116,0.0,0.0,0.9965442967469911
2019-03-28,-0.0011408157781069583,-0.0011408157781069583,0.0,0.0,0.9954074232896796
2019-03-29,0.008411511237042464,0.008411511237042464,0.0,0.0,1.0037803040161162
2019-04-01,-0.003971143524136579,-0.003971143524136579,0.0,0.0,0.9997941483621666
2019-04-02,0.00043492939089824554,0.00043492939089824554,0.0,0.0,1.0002289882221373
2019-04-03,0.0015819535420149183,0.0015819535420149183,0.0,0.0,1.0018113040128813
2019-04-08,0.003546201552296973,0.003546201552296973,0.0,0.0,1.0053639288142804
2019-04-09,0.003987665069386246,0.003987665069386246,0.0,0.0,1.0093729834352339
2019-04-10,0.00020776006142144798,0.00020776006142144798,0.0,0.0,1.0095826908282695
2019-04-11,-0.0025629902788372547,-0.0025629902788372547,0.0,0.0,1.0069951402059942
2019-04-12,0.0009744358536813205,0.0009744358536813205,0.0,0.0,1.007976392375094
2019-04-15,0.002541901970224688,0.002541901970224688,0.0,0.0,1.0105385695528122
2019-04-16,0.0016789182629084853,0.0016789182629084853,0.0,0.0,1.0122351812126078
2019-04-17,0.0025946366079256447,0.0025946366079256447,0.0,0.0,1.0148615636696123
2019-04-18,-0.006290604377119124,-0.006290604377119124,0.0,0.0,1.0084774710750224
2019-04-19,0.0026703930877819545,0.0026703930877819545,0.0,0.0,1.0111705023429651
2019-04-22,0.0005341452130177272,0.0005341452130177272,0.0,0.0,1.0117106142263363
2019-04-23,0.0030062912330269553,0.0030062912330269553,0.0,0.0,1.0147521109762452
2019-04-24,0.0014135255543037749,0.0014135255543037749,0.0,0.0,1.0161864890163939
2019-04-25,3.648810772929225e-05,3.648810772929225e-05,0.0,0.0,1.016223567738478
2019-04-26,-2.0026188143983318e-05,-2.0026188143983318e-05,0.0,0.0,1.0162032166541142
2019-04-29,0.004380527068894672,0.004380527068894672,0.0,0.0,1.0206547223521654
2019-04-30,0.0025774634811495186,0.0025774634811495186,0.0,0.0,1.023285422625891
2019-05-02,0.003088134454684675,0.003088134454684675,0.0,0.0,1.0264454655964785
2019-05-03,0.000163974841853717,0.000163974841853717,0.0,0.0,1.0266137768293713
2019-05-06,-0.014197588631606832,-0.014197588631606832,0.0,0.0,1.0120383367424077
2019-05-07,0.005299019368098334,0.005299019368098334,0.0,0.0,1.017401147490064
2019-05-08,-0.004549655891709788,-0.004549655891709788,0.0,0.0,1.0127723223651535
2019-05-09,-0.011326104096869207,-0.011326104096869207,0.0,0.0,1.0013015576156177
2019-05-10,-0.002151642825618105,-0.002151642825618105,0.0,0.0,0.9991471143028938
2019-05-13,-0.006243989114466702,-0.006243989114466702,0.0,0.0,0.9929084505974358
2019-05-14,-0.004193596422800824,-0.004193596422800824,0.0,0.0,0.9887445932708417
2019-05-15,0.002290702271033986,0.002290702271033986,0.0,0.0,0.9910095127561197
2019-05-16,-0.006788518201965847,-0.006788518201965847,0.0,0.0,0.9842820266404535
2019-05-17,-0.0005099215530895918,-0.0005099215530895918,0.0,0.0,0.9837801200207508
2019-05-20,0.009233068734497469,0.009233068734497469,0.0,0.0,0.9928634294885346
2019-05-21,0.010485384661165784,0.010485384661165784,0.0,0.0,1.0032739844627263
2019-05-22,-0.0042817860446672145,-0.0042817860446672145,0.0,0.0,0.9989781799170762
2019-05-23,-0.003339489690682066,-0.003339489690682066,0.0,0.0,0.9956421025840267
2019-05-24,0.0019127879113407234,0.0019127879113407234,0.0,0.0,0.9975465547618714
2019-05-27,0.0029763530091543224,0.0029763530091543224,0.0,0.0,1.0005156054519082
2019-05-28,-0.0008672218646972815,-0.0008672218646972815,0.0,0.0,0.9996479364428895
2019-05-29,-0.0006871955743989918,-0.0006871955743989918,0.0,0.0,0.9989609828050089
2019-05-30,0.007709557334569262,0.007709557334569262,0.0,0.0,1.0066625297769418
2019-05-31,0.009123716303248692,0.009123716303248692,0.0,0.0,1.0158470331117373
2019-06-03,-0.0010108634861994217,-0.0010108634861994217,0.0,0.0,1.0148201504384007
2019-06-04,0.0002957498063522634,0.0002957498063522634,0.0,0.0,1.0151202833013753
2019-06-05,0.0015135209396255627,0.0015135209396255627,0.0,0.0,1.0166566891063904
2019-06-06,0.004340070442266124,0.004340070442266124,0.0,0.0,1.0210690507527131
2019-06-10,0.00498412174558775,0.00498412174558775,0.0,0.0,1.0261581832123163
2019-06-11,-0.00476795736201799,-0.00476795736201799,0.0,0.0,1.021265504748074
2019-06-12,-0.004967719845772315,-0.004967719845772315,0.0,0.0,1.0161921438323345
2019-06-13,-0.0007014366542026965,-0.0007014366542026965,0.0,0.0,1.0154793494149377
2019-06-14,0.0008421653449752083,0.0008421653449752083,0.0,0.0,1.016334550931553
2019-06-17,0.0017213039899555906,0.0017213039899555906,0.0,0.0,1.018083971649201
2019-06-18,0.001515354270366676,0.001515354270366676,0.0,0.0,1.0196267295432315
2019-06-19,0.012790838593665164,0.012790838593665164,0.0,0.0,1.0326686104666059
2019-06-20,0.0016544164623325153,0.0016544164623325153,0.0,0.0,1.0343770744158958
2019-06-21,-0.003094104936004369,-0.003094104936004369,0.0,0.0,1.0311766032042557
2019-06-24,0.004654662444571778,0.004654662444571778,0.0,0.0,1.0359763822129118
2019-06-25,-0.0021695075437558695,-0.0021695075437558695,0.0,0.0,1.0337288236365478
2019-06-26,-0.000993897529723174,-0.000993897529723174,0.0,0.0,1.0327014031123318
2019-06-27,0.004182133480553688,0.004182133480553688,0.0,0.0,1.0370202982257026
2019-06-28,-0.003686322873609223,-0.003686322873609223,0.0,0.0,1.0331975065799561
2019-07-01,0.0015089406668271192,0.0015089406668271192,0.0,0.0,1.0347565403144992
2019-07-02,-0.0021403045286789756,-0.0021403045286789756,0.0,0.0,1.0325418462051839
2019-07-03,-0.0030482134645380197,-0.0030482134645380197,0.0,0.0,1.0293944382468823
2019-07-04,0.001171177078343471,0.001171177078343471,0.0,0.0,1.0306000414175314
2019-07-05,0.0016481536343631081,0.0016481536343631081,0.0,0.0,1.0322986286213685
2019-07-08,-0.0034186000193505654,-0.0034186000193505654,0.0,0.0,1.028769612509588
2019-07-09,-0.00584509383427768,-0.00584509383427768,0.0,0.0,1.022756357590616
2019-07-10,0.004765950900420463,0.004765950900420463,0.0,0.0,1.027630764173986
2019-07-11,0.0021807203098749696,0.0021807203098749696,0.0,0.0,1.0298717394524723
2019-07-12,-0.0011266208660153235,-0.0011266208660153235,0.0,0.0,1.0287114644614856
2019-07-15,-0.002436053760982812,-0.002436053760982812,0.0,0.0,1.026205468029518
2019-07-16,-0.0019953710031537517,-0.0019953710031537517,0.0,0.0,1.0241578073953341
2019-07-17,0.002526157139256667,0.002526157139256667,0.0,0.0,1.0267449909522113
2019-07-18,-0.0031654708772789167,-0.0031654708772789167,0.0,0.0,1.02349485958496
2019-07-19,0.0014370772009300852,0.0014370772009300852,0.0,0.0,1.0249657007129387
2019-07-22,-0.0010236145010529057,-0.0010236145010529057,0.0,0.0,1.0239165309586071
2019-07-23,-0.0014500820378264875,-0.0014500820378264875,0.0,0.0,1.0224317679888304
2019-07-24,-0.0037295956748267306,-0.0037295956748267306,0.0,0.0,1.0186185108891337
2019-07-25,-0.003076418602928969,-0.003076418602928969,0.0,0.0,1.0154848139529467
2019-07-26,-0.00155145545915812,-0.00155145545915812,0.0,0.0,1.0139093344946473
2019-07-29,-0.00023120606720249056,-0.00023120606720249056,0.0,0.0,1.013674912504919
2019-07-30,-0.0020083953585380253,-0.0020083953585380253,0.0,0.0,1.0116390525155776
2019-07-31,-0.0011743396591975806,-0.0011743396591975806,0.0,0.0,1.0104510446554156
2019-08-01,-0.009802359125937549,-0.009802359125937549,0.0,0.0,1.0005462406365244
2019-08-02,-0.011999501438657932,-0.011999501438657932,0.0,0.0,0.9885401845825627
2019-08-05,-0.0056486755812808235,-0.0056486755812808235,0.0,0.0,0.9829562417807963
2019-08-06,-0.008560257102017308,-0.008560257102017308,0.0,0.0,0.9745418836311199
2019-08-07,-0.0017612746672317709,-0.0017612746672317709,0.0,0.0,0.9728254476993241
2019-08-08,0.006528108728217363,0.006528108728217363,0.0,0.0,0.9791761579954821
2019-08-12,-0.0035120970060231126,-0.0035120970060231126,0.0,0.0,0.975737196342617
2019-08-13,-0.008389481148511905,-0.008389481148511905,0.0,0.0,0.9675512675279988
2019-08-14,0.0006088537382829111,0.0006088537382829111,0.0,0.0,0.9681403647342136
2019-08-15,-0.010168150920662561,-0.010168150920662561,0.0,0.0,0.9582961673932108
2019-08-16,0.011647831333403915,0.011647831333403915,0.0,0.0,0.9694582395184542
2019-08-19,0.004922647028445145,0.004922647028445145,0.0,0.0,0.9742305402404214
2019-08-20,-0.0018558637805476817,-0.0018558637805476817,0.0,0.0,0.9724225010668859
2019-08-21,-0.00017680586259025046,-0.00017680586259025046,0.0,0.0,0.9722505710677826
2019-08-22,0.0012308797551002842,0.0012308797551002842,0.0,0.0,0.9734472946125947
2019-08-23,0.0025311880795545853,0.0025311880795545853,0.0,0.0,0.9759112728007928
2019-08-26,-0.01153462454605773,-0.01153462454605773,0.0,0.0,0.9646545026787704
2019-08-27,-0.001210595774302834,-0.001210595774302834,0.0,0.0,0.9634866960141653
2019-08-28,0.0026935631945123346,0.0026935631945123346,0.0,0.0,0.9660819083169514
2019-08-29,0.0013230982390531566,0.0013230982390531566,0.0,0.0,0.9673601295886266
2019-08-30,0.013485741185588302,0.013485741185588302,0.0,0.0,0.9804056979295159
2019-09-02,0.0030031783376669777,0.0030031783376669777,0.0,0.0,0.9833500310836631
2019-09-03,-0.00531844176412623,-0.00531844176412623,0.0,0.0,0.978120141209593
2019-09-04,0.00709905205174261,0.00709905205174261,0.0,0.0,0.9850638670048978
2019-09-05,0.004294216098936712,0.004294216098936712,0.0,0.0,0.9892939441210711
2019-09-06,0.0028771270922853046,0.0028771270922853046,0.0,0.0,0.9921402685299356
2019-09-09,0.005390108080440454,0.005390108080440454,0.0,0.0,0.9974880118082692
2019-09-10,0.005100155112358191,0.005100155112358191,0.0,0.0,1.0025753553912091
2019-09-11,0.0027831012000119155,0.0027831012000119155,0.0,0.0,1.0053656240659008
2019-09-12,0.0005415373881855478,0.0005415373881855478,0.0,0.0,1.005910067140129
2019-09-16,0.0038150637054724643,0.0038150637054724643,0.0,0.0,1.0097476781282446
2019-09-17,-0.00028618395926579654,-0.00028618395926579654,0.0,0.0,1.0094587045398584
2019-09-18,0.0026381991377930998,0.0026381991377930998,0.0,0.0,1.0121218576238131
2019-09-19,-0.0032302172729007294,-0.0032302172729007294,0.0,0.0,1.0088524841170363
2019-09-20,0.0040608321814893,0.0040608321814893,0.0,0.0,1.0129492647509142
2019-09-23,-0.004078326581702589,-0.004078326581702589,0.0,0.0,1.0088181268385645
2019-09-24,-0.0014374736120277307,-0.0014374736120277307,0.0,0.0,1.0073679774018989
2019-09-25,-0.005111285279715084,-0.005111285279715084,0.0,0.0,1.0022190322877482
2019-09-26,-0.0022202338318700696,-0.0022202338318700696,0.0,0.0,0.9999938716853188
2019-09-27,-0.008125887875262468,-0.008125887875262468,0.0,0.0,0.9918680336080543
2019-10-01,0.009033267769245271,0.009033267769245271,0.0,0.0,1.0008278431473907
2019-10-02,-0.00372657759483635,-0.00372657759483635,0.0,0.0,0.9970981805308293
2019-10-03,-0.0062959493505949414,-0.0062959493505949414,0.0,0.0,0.9908205008886368
2019-10-04,0.0035398159425365284,0.0035398159425365284,0.0,0.0,0.9943278230938746
2019-10-07,0.0007550032989115331,0.0007550032989115331,0.0,0.0,0.9950785438805099
2019-10-08,0.001775187477415113,0.001775187477415113,0.0,0.0,0.9968449948506509
2019-10-09,-0.00980113393079864,-0.00980113393079864,0.0,0.0,0.9870747835478735
2019-10-14,0.010170577618502737,0.010170577618502737,0.0,0.0,0.997113904249214
2019-10-15,0.0005006256741120019,0.0005006256741120019,0.0,0.0,0.9976130850696953
2019-10-16,0.004607290050467259,0.004607290050467259,0.0,0.0,1.0022093779107528
2019-10-17,0.0047525660830563185,0.0047525660830563185,0.0,0.0,1.0069724442083323
2019-10-18,-0.0007396204662147242,-0.0007396204662147242,0.0,0.0,1.0062276667796817
2019-10-21,0.0038720059205662634,0.0038720059205662634,0.0,0.0,1.0101237862628902
2019-10-22,0.0034531625127446966,0.0034531625127446966,0.0,0.0,1.0136119078548451
2019-10-23,-0.004408656905557032,-0.004408656905557032,0.0,0.0,1.009143240717726
2019-10-24,0.006178346246891013,0.006178346246891013,0.0,0.0,1.01537807707159
2019-10-25,-0.0007282294507137157,-0.0007282294507137157,0.0,0.0,1.0146386488522574
2019-10-28,0.0006885646744045235,0.0006885646744045235,0.0,0.0,1.0153372931831426
2019-10-29,-0.00037326361494676504,-0.00037326361494676504,0.0,0.0,1.0149583047146988
2019-10-30,0.005750690677188701,0.005750690677188701,0.0,0.0,1.020795015975357
2019-10-31,-0.0016078299963217704,-0.0016078299963217704,0.0,0.0,1.019153751128576
2019-11-01,0.0023740615603015996,0.0023740615603015996,0.0,0.0,1.0215732848731676
2019-11-04,0.007246783408569683,0.007246783408569683,0.0,0.0,1.0289764052046244
2019-11-05,0.005217641317154083,0.005217641317154083,0.0,0.0,1.0343452350107967
2019-11-06,0.0025463659083857456,0.0025463659083857456,0.0,0.0,1.0369790564547294
2019-11-07,-0.0009156243279773514,-0.0009156243279773514,0.0,0.0,1.0360295732030365
2019-11-08,-0.0005559708645927969,-0.0005559708645927969,0.0,0.0,1.035453570945479
2019-11-11,-0.008096590343399625,-0.008096590343399625,0.0,0.0,1.0270699275619233
2019-11-12,0.002973697800827865,0.002973697800827865,0.0,0.0,1.0301241231468106
2019-11-13,-0.006176175911652183,-0.006176175911652183,0.0,0.0,1.0237618953514194
2019-11-14,-0.0024910310227334574,-0.0024910310227334574,0.0,0.0,1.0212116727102067
2019-11-15,0.002890724701041356,0.002890724701041356,0.0,0.0,1.024163714517502
2019-11-18,0.005548370850912361,0.005548370850912361,0.0,0.0,1.029846154617693
2019-11-19,0.0002036540122660779,0.0002036540122660779,0.0,0.0,1.0300558869190977
2019-11-20,0.00038331229104543495,0.00038331229104543495,0.0,0.0,1.0304507200010176
2019-11-21,-0.0069491700758449355,-0.0069491700758449355,0.0,0.0,1.0232899426929536
2019-11-22,0.0030046669785174737,0.0030046669785174737,0.0,0.0,1.0263645881932122
2019-11-25,0.0018987679897868842,0.0018987679897868842,0.0,0.0,1.028313416419124
2019-11-26,-0.00041561649215431773,-0.00041561649215431773,0.0,0.0,1.0278860324041568
2019-11-27,0.006408577882745717,0.006408577882745717,0.0,0.0,1.0344733200974052
2019-11-28,-0.0021738733762323875,-0.0021738733762323875,0.0,0.0,1.0322245060884228
2019-11-29,-0.00615710081947197,-0.00615710081947197,0.0,0.0,1.0258689957361067
2019-12-02,-0.0019228375985807225,-0.0019228375985807225,0.0,0.0,1.0238964162598871
2019-12-03,0.0014908312050109307,0.0014908312050109307,0.0,0.0,1.0254228729879464
2019-12-04,-0.0006577425699741638,-0.0006577425699741638,0.0,0.0,1.024748408712157
2019-12-05,0.00017155956680616516,0.00017155956680616516,0.0,0.0,1.024924214105241
2019-12-06,-0.0009671721508466516,-0.0009671721508466516,0.0,0.0,1.02393293594863
2019-12-09,0.0033071771357334216,0.0033071771357334216,0.0,0.0,1.0273192635429236
2019-12-10,0.000555104476796323,0.000555104476796323,0.0,0.0,1.0278895330652154
2019-12-11,0.001062530592361882,0.001062530592361882,0.0,0.0,1.0289816971396657
2019-12-12,0.0033181518315688325,0.0033181518315688325,0.0,0.0,1.0323960146426805
2019-12-13,0.006016641114719424,0.006016641114719424,0.0,0.0,1.038607570951052
2019-12-16,0.0007958533163828022,0.0007958533163828022,0.0,0.0,1.0394341502308138
2019-12-17,0.005953184473943893,0.005953184473943893,0.0,0.0,1.045622093475655
2019-12-18,0.004346059635273089,0.004346059635273089,0.0,0.0,1.0501664294498594
2019-12-19,-0.002806388886505408,-0.002806388886505408,0.0,0.0,1.0472192540532703
2019-12-20,-0.000524544938402871,-0.000524544938402871,0.0,0.0,1.0466699404941586
2019-12-23,0.004553331602569473,0.004553331602569473,0.0,0.0,1.0514357758116701
2019-12-24,-0.0035665548048894953,-0.0035665548048894953,0.0,0.0,1.0476857724934163
2019-12-25,0.0015405944764656575,0.0015405944764656575,0.0,0.0,1.0492998314075914
2019-12-26,-0.0009840705280086174,-0.0009840705280086174,0.0,0.0,1.0482672463684588
2019-12-27,0.002820881290372447,0.002820881290372447,0.0,0.0,1.05122428383105
2019-12-30,-0.0018060941770226494,-0.0018060941770226494,0.0,0.0,1.049325673773278
2019-12-31,-0.004785141399214945,-0.004785141399214945,0.0,0.0,1.0443045020504462
2020-01-02,0.002147303145491548,0.002147303145491548,0.0,0.0,1.04654694039255
2020-01-03,0.0015053731255678551,0.0015053731255678551,0.0,0.0,1.0481223840312623
2020-01-06,-0.009452253490664876,-0.009452253490664876,0.0,0.0,1.038215265568159
2020-01-07,-0.0022995662781043484,-0.0022995662781043484,0.0,0.0,1.0358278207540452
2020-01-08,-0.005780226739800535,-0.005780226739800535,0.0,0.0,1.0298405010866933
2020-01-09,0.006039993313476007,0.006039993313476007,0.0,0.0,1.0360607308272038
2020-01-10,0.0033886529901333362,0.0033886529901333362,0.0,0.0,1.0395715811206812
2020-01-13,0.0077201532016504875,0.0077201532016504875,0.0,0.0,1.0475972329910148
2020-01-14,0.0023222284424505527,0.0023222284424505527,0.0,0.0,1.050029993081699
2020-01-15,-0.0029704886891103706,-0.0029704886891103706,0.0,0.0,1.0469108908640232
2020-01-16,0.0015643129057192852,0.0015643129057192852,0.0,0.0,1.04854858708174
2020-01-17,0.004555585447597855,0.004555585447597855,0.0,0.0,1.0533253397661488
2020-01-20,0.003951496556310574,0.003951496556310574,0.0,0.0,1.0574875512189095
2020-01-30,-0.05103710620273407,-0.05103710620273407,0.0,0.0,1.0035164467592808
2020-01-31,0.007227330730033015,0.007227330730033015,0.0,0.0,1.0107691920130377
2020-02-03,-0.004730832629158757,-0.004730832629158757,0.0,0.0,1.005987412138914
2020-02-04,0.010412586852513471,0.010412586852513471,0.0,0.0,1.016462343440346
2020-02-05,0.00177228014507183,0.00177228014507183,0.0,0.0,1.0182637994698385
2020-02-06,0.01141946509719344,0.01141946509719344,0.0,0.0,1.0298918273876199
2020-02-07,-0.007960362742789896,-0.007960362742789896,0.0,0.0,1.0216935148557797
2020-02-10,-0.00032557310980131735,-0.00032557310980131735,0.0,0.0,1.0213608789208843
2020-02-11,0.0021711176222396155,0.0021711176222396155,0.0,0.0,1.0235783735237756
2020-02-12,0.0016867707857817435,0.0016867707857817435,0.0,0.0,1.0253049156211935
2020-02-13,0.003331990922661262,0.003331990922661262,0.0,0.0,1.0287212222930033
2020-02-14,0.0004406860798869397,0.0004406860798869397,0.0,0.0,1.029174565415752
2020-02-17,-0.002332169173969521,-0.002332169173969521,0.0,0.0,1.0267743562196558
2020-02-18,0.0016722720449592653,0.0016722720449592653,0.0,0.0,1.028491402272043
2020-02-19,0.009394108108462161,0.009394108108462161,0.0,0.0,1.0381531616936104
2020-02-20,-0.003903732216248827,-0.003903732216248827,0.0,0.0,1.0341004897509065
2020-02-21,-0.004568439073954329,-0.004568439073954329,0.0,0.0,1.0293762646671332
2020-02-24,-0.009530094633000134,-0.009530094633000134,0.0,0.0,1.019566211451891
2020-02-25,-0.003103042760589777,-0.003103042760589777,0.0,0.0,1.0164024539005032
2020-02-26,-0.006370810109571402,-0.006370810109571402,0.0,0.0,1.0099271468718007
2020-02-27,-0.006985882046516116,-0.006985882046516116,0.0,0.0,1.0028719149481797
2020-03-02,-0.01189818777946694,-0.01189818777946694,0.0,0.0,0.9909395565853727
2020-03-03,0.008352283229648254,0.008352283229648254,0.0,0.0,0.9992161644254358
2020-03-04,0.006697357903333626,0.006697357903333626,0.0,0.0,1.0059082727013893
2020-03-05,0.009233347409339841,0.009233347409339841,0.0,0.0,1.0151961732451702
2020-03-06,-0.014485102237775507,-0.014485102237775507,0.2956201054674114,0.0,1.0004909528843153
2020-03-09,-0.02249886659548708,-0.02249886659548708,0.0,0.0,0.9779810404053794
2020-03-10,-0.00039199655865589827,-0.00039199655865589827,0.0,0.0,0.9775976752031098
2020-03-11,-0.0027465548327239245,-0.0027465548327239245,0.0,0.0,0.9749126495838211
2020-03-12,-0.038028563153503434,-0.038028563153503434,0.0,0.0,0.9378381223199733
2020-03-13,-0.027284571087699223,-0.027284571087699223,0.0,0.0,0.9122496114027796
2020-03-16,-0.03418998640653015,-0.03418998640653015,0.0,0.0,0.8810598095895562
2020-03-17,-0.033818171631993736,-0.033818171631993736,0.0,0.0,0.8512639777308049
2020-03-18,-0.019553892910310667,-0.019553892910310667,0.0,0.0,0.8346184530718517
2020-03-19,-0.06637618958661531,-0.06637618958661531,0.0,0.0,0.7792196603982668
2020-03-20,0.057608796231092746,0.057608796231092746,0.0,0.0,0.8241095670334119
2020-03-23,-0.03845680783936128,-0.03845680783936128,0.0,0.0,0.7924169437754288
2020-03-24,0.03893303966272076,0.03893303966272076,0.0,0.0,0.8232681440768496
2020-03-25,0.039844144684102106,0.039844144684102106,0.0,0.0,0.8560705591232597
2020-03-26,0.002365801113569133,0.002365801113569133,0.0,0.0,0.8580958518053273
2020-03-27,0.01083652092207139,0.01083652092207139,0.0,0.0,0.8673946254565583
2020-03-30,-0.009075703615561533,-0.009075703615561533,0.0,0.0,0.8595224089181835
2020-03-31,-0.0010071581476306614,-0.0010071581476306614,0.0,0.0,0.8586567339209705
2020-04-01,-0.0026470729461047365,-0.0026470729461047365,0.0,0.0,0.8563838069106177
2020-04-06,0.013845918911911378,0.013845918911911378,0.0,0.0,0.868241227658576
2020-04-07,0.008755027832573245,0.008755027832573245,0.0,0.0,0.8758427037721144
2020-04-08,0.010343759558520814,0.010343759558520814,0.0,0.0,0.8849022101110178
2020-04-09,0.005830314695183364,0.005830314695183364,0.0,0.0,0.8900614684704283
2020-04-10,0.015832736602694183,0.015832736602694183,0.0,0.0,0.9041535772609278
2020-04-13,-0.007847274525466293,-0.007847274525466293,0.0,0.0,0.8970584359269789
2020-04-14,0.02072925113862239,0.02072925113862239,0.0,0.0,0.9156537855313289
2020-04-15,0.014467055764793273,0.014467055764793273,0.0,0.0,0.9289005999078547
2020-04-16,-0.012341726941065924,-0.012341726941065924,0.0,0.0,0.9174363623483995
2020-04-17,0.0033615355848921114,0.0033615355848921114,0.0,0.0,0.9205203573273077
2020-04-20,-0.002887845790250575,-0.002887845790250575,0.0,0.0,0.9178620364885601
2020-04-21,-0.028074820070512277,-0.028074820070512277,0.0,0.0,0.8920932249645898
2020-04-22,0.00014026423437944998,0.00014026423437944998,0.0,0.0,0.8922183537377846
2020-04-23,0.0026525446212407955,0.0026525446212407955,0.0,0.0,0.8945850027329642
2020-04-24,-0.0010652580207031138,-0.0010652580207031138,0.0,0.0,0.8936320388836021
2020-04-27,0.022522730107371366,0.022522730107371366,0.0,0.0,0.9137590721106775
2020-04-28,0.008327919900508587,0.008327919900508587,0.0,0.0,0.9213687844715783
2020-04-29,0.013091662485233826,0.013091662485233826,0.0,0.0,0.9334310336223103
2020-04-30,0.01661213232934433,0.01661213232934433,0.0,0.0,0.9489373134731607
2020-05-04,-0.022583939803786007,-0.022583939803786007,0.0,0.0,0.9275065703081163
2020-05-05,0.005828318752217098,0.005828318752217098,0.0,0.0,0.9329123742446476
2020-05-06,-0.00576710138063269,-0.00576710138063269,0.0,0.0,0.9275321740031319
2020-05-07,0.002448587756417382,0.002448587756417382,0.0,0.0,0.9298033179280791
2020-05-08,0.004415955330224264,0.004415955330224264,0.0,0.0,0.9339092878459438
2020-05-11,0.011116699638878442,0.011116699638878442,0.0,0.0,0.9442912768888861
2020-05-12,-0.007920909175980671,-0.007920909175980671,0.0,0.0,0.9368116314489785
2020-05-13,0.0029410911795316316,0.0029410911795316316,0.0,0.0,0.9395668798751157
2020-05-14,-0.010481005526204224,-0.010481005526204224,0.0,0.0,0.9297192742149061
2020-05-15,-0.0008297773036862113,-0.0008297773036862113,0.0,0.0,0.928947814262363
2020-05-18,-0.00021137849351249356,-0.00021137849351249356,0.0,0.0,0.9287514546728325
2020-05-19,0.011459122165148373,0.011459122165148373,0.0,0.0,0.9393941310529877
2020-05-20,0.0018090866455379244,0.0018090866455379244,0.0,0.0,0.9410935764303725
2020-05-21,0.005830192670714045,0.005830192670714045,0.0,0.0,0.946580333302133
2020-05-22,-0.015305238863935504,-0.015305238863935504,0.0,0.0,0.9320926951970401
2020-05-25,0.002414714861468083,0.002414714861468083,0.0,0.0,0.9343434332803983
2020-05-26,0.012391711186670533,0.012391711186670533,0.0,0.0,0.9459215472547711
2020-05-27,0.0017749211563509286,0.0017749211563509286,0.0,0.0,0.9476004834212417
2020-05-28,-0.004948588604951415,-0.004948588604951415,0.0,0.0,0.9429111984669369
2020-05-29,0.0021963280103122905,0.0021963280103122905,0.0,0.0,0.9449821407433671
2020-06-01,0.009129289908874207,0.009129289908874207,0.0,0.0,0.9536091566649219
2020-06-02,0.008595930303187456,0.008595930303187456,0.0,0.0,0.961806314512095
2020-06-03,0.01786089773804866,0.01786089773804866,0.0,0.0,0.9789850387394049
2020-06-04,0.0007699027013606718,0.0007699027013606718,0.0,0.0,0.979738761965322
2020-06-05,0.0022554401244241694,0.0022554401244241694,0.0,0.0,0.9819485040805122
2020-06-08,0.010314492404288774,0.010314492404288774,0.0,0.0,0.9920768044672533
2020-06-09,-0.0009657444854515553,-0.0009657444854515553,0.0,0.0,0.9911187117641947
2020-06-10,0.0067899887111217486,0.0067899887111217486,0.0,0.0,0.9978483966284553
2020-06-11,-0.021310865079071022,-0.021310865079071022,0.0,0.0,0.976583384078539
2020-06-12,-0.00987006598247757,-0.00987006598247757,0.0,0.0,0.9669444416402926
2020-06-15,-0.008219941556945118,-0.008219941556945118,0.0,0.0,0.9589962148411965
2020-06-16,0.013833924386559117,0.013833924386559117,0.0,0.0,0.9722628959643059
2020-06-17,0.003577314421117361,0.003577314421117361,0.0,0.0,0.9757409860431563
2020-06-18,-0.005427711264317564,-0.005427711264317564,0.0,0.0,0.9704449457021536
2020-06-19,-0.006558252042147187,-0.006558252042147187,0.0,0.0,0.964080523155211
2020-06-22,0.0042859192933964365,0.0042859192933964365,0.0,0.0,0.9682124944697896
2020-06-23,0.003432696900241173,0.003432696900241173,0.0,0.0,0.9715360744983309
2020-06-24,0.0026928003001645533,0.0026928003001645533,0.0,0.0,0.9741522271313606
2020-06-29,-0.0077591086148465944,-0.0077591086148465944,0.0,0.0,0.9665936741936536
2020-06-30,0.005650599025175174,0.005650599025175174,0.0,0.0,0.9720555074667927
2020-07-01,0.0047556591233951125,0.0047556591233951125,0.0,0.0,0.9766782721093236
2020-07-02,0.005157316129422819,0.005157316129422819,0.0,0.0,0.9817153107153297
2020-07-03,0.0018656746063120903,0.0018656746063120903,0.0,0.0,0.9835468720411591
2020-07-06,0.01075723360278486,0.01075723360278486,0.0,0.0,0.9941271155029942
2020-07-07,-0.003517022900842463,-0.003517022900842463,0.0,0.0,0.9906307476714217
2020-07-08,0.0011086305505394797,0.0011086305505394797,0.0,0.0,0.9917289911825939
2020-07-09,-0.0029705203579938225,-0.0029705203579938225,0.0,0.0,0.9887830400246733
2020-07-10,-0.00705661914147173,-0.00705661914147173,0.0,0.0,0.9818055746976726
2020-07-13,0.005553560003422257,0.005553560003422257,0.0,0.0,0.9872580908684505
2020-07-14,-0.003552709701270784,-0.003552709701270784,0.0,0.0,0.9837506494713641
2020-07-15,0.0034534593947200304,0.0034534593947200304,0.0,0.0,0.9871479923938429
2020-07-16,-0.002303852660772694,-0.002303852660772694,0.0,0.0,0.9848737488649899
2020-07-17,-0.0035706067635201963,-0.0035706067635201963,0.0,0.0,0.9813571519960791
2020-07-20,-0.00013511574153754707,-0.00013511574153754707,0.0,0.0,0.981224555196774
2020-07-21,0.0013715835698395516,0.0013715835698395516,0.0,0.0,0.9825703866750051
2020-07-22,0.005316302802362795,0.005316302802362795,0.0,0.0,0.9877940283752041
2020-07-23,-0.005490403373131289,-0.005490403373131289,0.0,0.0,0.9823706407098539
2020-07-24,-0.012597419149498253,-0.012597419149498253,0.0,0.0,0.9699953059886707
2020-07-27,-0.01459103837527151,-0.01459103837527151,0.0,0.0,0.9558420672551567
2020-07-28,-0.006851268646396952,-0.006851268646396952,0.0,0.0,0.9492933364688643
2020-07-29,0.006123680509928875,0.006123680509928875,0.0,0.0,0.955106505571604
2020-07-30,0.006411752586938416,0.006411752586938416,0.0,0.0,0.9612304121795046
2020-07-31,-0.006457639566050437,-0.006457639566050437,0.0,0.0,0.9550231326377233
2020-08-03,-0.008146241826969611,-0.008146241826969611,0.0,0.0,0.9472432832489063
2020-08-04,0.008830899802851223,0.008830899802851223,0.0,0.0,0.9556082937722012
2020-08-05,0.004366129248134604,0.004366129248134604,0.0,0.0,0.9597806030934
2020-08-06,0.0073775906659306395,0.0073775906659306395,0.0,0.0,0.9668614715121231
2020-08-07,-0.008110685335400273,-0.008110685335400273,0.0,0.0,0.9590195623537662
2020-08-10,0.007675050971579567,0.007675050971579567,0.0,0.0,0.9663800863775732
2020-08-11,-0.007496364087576601,-0.007496364087576601,0.0,0.0,0.9591357494031032
2020-08-12,-0.002569669310970813,-0.002569669310970813,0.0,0.0,0.9566710877028071
2020-08-13,-0.0018121732702295508,-0.0018121732702295508,0.0,0.0,0.9549374339292707
2020-08-14,-0.0013013408828548643,-0.0013013408828548643,0.0,0.0,0.95369473480593
2020-08-17,0.00655075071378621,0.00655075071378621,0.0,0.0,0.9599421512706943
2020-08-18,-0.0001096925804686973,-0.0001096925804686973,0.0,0.0,0.9598368527390208
2020-08-19,-0.00438571032881876,-0.00438571032881876,0.0,0.0,0.9556272863399824
2020-08-20,-0.0228092548486993,-0.0228092548486993,0.0,0.0,0.9338301400254828
2020-08-21,0.01187011240663743,0.01187011240663743,0.0,0.0,0.9449148087562912
2020-08-24,-0.0027505551020334277,-0.0027505551020334277,0.0,0.0,0.9423157685080796
2020-08-25,0.005983863640311357,0.005983863640311357,0.0,0.0,0.9479544575729472
2020-08-26,0.0022687527112391585,0.0022687527112391585,0.0,0.0,0.9501051318186969
2020-08-27,-0.00278405299827716,-0.00278405299827716,0.0,0.0,0.9474599887777786
2020-08-28,0.0013925844018803043,0.0013925844018803043,0.0,0.0,0.9487794067795562
2020-08-31,-0.005259668558426477,-0.005259668558426477,0.0,0.0,0.9437891415648352
2020-09-01,-0.0009311314940156314,-0.0009311314940156314,0.0,0.0,0.9429103497714142
2020-09-02,-0.0021506984631516598,-0.0021506984631516598,0.0,0.0,0.940882433931271
2020-09-03,0.002923548610649731,0.002923548610649731,0.0,0.0,0.9436331494637756
2020-09-04,-0.004588665868964847,-0.004588665868964847,0.0,0.0,0.9393031322380073
2020-09-07,0.005388142018295454,0.005388142018295454,0.0,0.0,0.9443642309127355
2020-09-08,0.00048009477325809463,0.00048009477325809463,0.0,0.0,0.9448176152440486
2020-09-09,-0.0020444257661995464,-0.0020444257661995464,0.0,0.0,0.9428860057670845
2020-09-10,0.004231960995280175,0.004231960995280175,0.0,0.0,0.9468762625664863
2020-09-11,-0.00033230624308629484,-0.00033230624308629484,0.0,0.0,0.9465616096730052
2020-09-14,0.0003100683738331504,0.0003100683738331504,0.0,0.0,0.9468551084920493
2020-09-15,0.00018565688526583763,0.00018565688526583763,0.0,0.0,0.9470308986622901
2020-09-16,0.000992250622415011,0.000992250622415011,0.0,0.0,0.9479705906609339
2020-09-17,-0.0048934353427988065,-0.0048934353427988065,0.0,0.0,0.9433317578686599
2020-09-18,3.7334359100897725e-05,3.7334359100897725e-05,0.0,0.0,0.9433669765552595
2020-09-21,-0.006547005175751413,-0.006547005175751413,0.0,0.0,0.9371907480771192
2020-09-22,-0.010996792097415798,-0.010996792097415798,0.0,0.0,0.9268846562648936
2020-09-23,-0.006241803211710951,-0.006241803211710951,0.0,0.0,0.9210992246405337
2020-09-24,-0.025264782777660325,-0.025264782777660325,0.0,0.0,0.8978278528133193
2020-09-25,0.006182597019863109,0.006182597019863109,0.0,0.0,0.903378760620473
2020-09-28,0.016714944428710698,0.016714944428710698,0.0,0.0,0.9184786864023217
2020-09-29,0.0005298115031192506,0.0005298115031192506,0.0,0.0,0.9189653069757474
2020-09-30,-0.0007127954732271314,-0.0007127954732271314,0.0,0.0,0.9183102726648823
2020-10-05,0.001258841444832971,0.001258841444832971,0.0,0.0,0.9194662796953287
2020-10-06,0.01173563453510669,0.01173563453510669,0.0,0.0,0.9302567999211873
2020-10-07,-0.005393458657000025,-0.005393458657000025,0.0,0.0,0.9252394983304192
2020-10-08,0.0030589223006097766,0.0030589223006097766,0.0,0.0,0.928069734065267
2020-10-12,-0.001496517681029263,-0.001496517681029263,0.0,0.0,0.9266808612990103
2020-10-13,-0.0026105371812710255,-0.0026105371812710255,0.0,0.0,0.9242617264554169
2020-10-14,-0.00053429940858861,-0.00053429940858861,0.0,0.0,0.9237678939615908
2020-10-15,-0.005676854340283069,-0.005676854340283069,0.0,0.0,0.9185237981833407
2020-10-16,-0.00407775840417643,-0.00407775840417643,0.0,0.0,0.9147782800458626
2020-10-19,0.003728775921464884,0.003728775921464884,0.0,0.0,0.9181892832699766
2020-10-20,-0.00021032289119052107,-0.00021032289119052107,0.0,0.0,0.9179961670452591
2020-10-21,-0.0023788180008549927,-0.0023788180008549927,0.0,0.0,0.9158124212383759
2020-10-22,0.006574917541763052,0.006574917541763052,0.0,0.0,0.9218338123917407
2020-10-23,0.0002173932040098147,0.0002173932040098147,0.0,0.0,0.922034212797781
2020-10-26,0.006145641857369016,0.006145641857369016,0.0,0.0,0.9277007048498774
2020-10-27,-0.002475118816156991,-0.002475118816156991,0.0,0.0,0.9254045353795414
2020-10-28,-0.002377744279493127,-0.002377744279493127,0.0,0.0,0.9232041600393257
2020-10-29,-0.00914800482817186,-0.00914800482817186,0.0,0.0,0.9147586839258975
2020-10-30,-0.0049283854035610634,-0.0049283854035610634,0.0,0.0,0.9102504005802564
2020-11-02,0.01070092618920574,0.01070092618920574,0.0,0.0,0.9199909229305606
2020-11-03,0.007428580299327933,0.007428580299327933,0.0,0.0,0.9268251493762031
2020-11-04,-0.0005675109380066818,-0.0005675109380066818,0.0,0.0,0.9262991659663125
2020-11-05,0.005501717731028324,0.005501717731028324,0.0,0.0,0.9313954025119461
2020-11-06,0.0037840605236268052,0.0037840605236268052,0.0,0.0,0.934919859086479
2020-11-09,0.0070081129498622535,0.0070081129498622535,0.0,0.0,0.9414718830580263
2020-11-10,0.009975946920474453,0.009975946920474453,0.0,0.0,0.9508639565905324
2020-11-11,0.018479624834145114,0.018479624834145114,0.0,0.0,0.9684355657766361
2020-11-12,-0.009353668051404538,-0.009353668051404538,0.0,0.0,0.9593771409651873
2020-11-13,0.00020110325386082733,0.00020110325386082733,0.0,0.0,0.9595700748299152
2020-11-16,0.007771431351359574,0.007771431351359574,0.0,0.0,0.9670273077932747
2020-11-17,0.0017066047165762229,0.0017066047165762229,0.0,0.0,0.9686776411578126
2020-11-18,0.0053275616703387235,0.0053275616703387235,0.0,0.0,0.9738383310297591
2020-11-19,-0.0031657386909373607,-0.0031657386909373607,0.0,0.0,0.9707554133465003
2020-11-20,-0.0021924458242785763,-0.0021924458242785763,0.0,0.0,0.968627084694113
2020-11-23,0.007450178526430715,0.007450178526430715,0.0,0.0,0.9758435294006202
2020-11-24,-0.0049526491225703245,-0.0049526491225703245,0.0,0.0,0.9710105188009683
2020-11-25,0.001353764130702696,0.001353764130702696,0.0,0.0,0.9723250380118561
2020-11-26,0.003593606660976508,0.003593606660976508,0.0,0.0,0.9758191917450898
2020-11-27,-0.0012467897750513901,-0.0012467897750513901,0.0,0.0,0.974602550354523
2020-11-30,-0.003000960657354015,-0.003000960657354015,0.0,0.0,0.9716778064443522
2020-12-01,0.006905518768577272,0.006905518768577272,0.0,0.0,0.9783877457737638
2020-12-02,0.001299579317991495,0.001299579317991495,0.0,0.0,0.9796592382531477
2020-12-03,-0.0007452814040331618,-0.0007452814040331618,0.0,0.0,0.9789291164405883
2020-12-04,0.009936492740746915,0.009936492740746915,0.0,0.0,0.9886562384998059
2020-12-07,0.0010110648836285578,0.0010110648836285578,0.0,0.0,0.9896558341045334
2020-12-08,-0.007976409643180521,-0.007976409643180521,0.0,0.0,0.9817619337659522
2020-12-09,4.673777304715351e-05,4.673777304715351e-05,0.0,0.0,0.9818078191323989
2020-12-10,0.00044164850842454264,0.00044164850842454264,0.0,0.0,0.9822414330912784
2020-12-11,0.005750582673392608,0.005750582673392608,0.0,0.0,0.9878898936575015
2020-12-14,0.0005070286247467091,0.0005070286247467091,0.0,0.0,0.9883907821116837
2020-12-15,-0.008293225660460177,-0.008293225660460177,0.0,0.0,0.9801938343149128
2020-12-16,0.012967755874359308,0.012967755874359308,0.0,0.0,0.9929047486678607
2020-12-17,-0.001401780566140552,-0.001401780566140552,0.0,0.0,0.9915129140871494
2020-12-18,-0.005541188123873906,-0.005541188123873906,0.0,0.0,0.986018754502942
2020-12-21,0.00822679340353458,0.00822679340353458,0.0,0.0,0.9941305270882481
2020-12-22,-0.00888527023914081,-0.00888527023914081,0.0,0.0,0.9852974087020896
2020-12-23,-0.0006325599966154464,-0.0006325599966154464,0.0,0.0,0.9846741489765758
2020-12-24,0.004202867637371665,0.004202867637371665,0.0,0.0,0.9888126040906661
2020-12-25,0.0044773423290874305,0.0044773423290874305,0.0,0.0,0.9932398566184963
2020-12-28,0.00606746573550798,0.00606746573550798,0.0,0.0,0.99926630541567
2020-12-29,0.000796963846433464,0.000796963846433464,0.0,0.0,1.0000626845340455
2020-12-30,0.014731980665602766,0.014731980665602766,0.0,0.0,1.0147955886669917
2020-12-31,-0.0038535026599991057,-0.0038535026599991057,0.0,0.0,1.0108850711667081
2021-01-04,-0.0009633042581750307,-0.0009633042581750307,0.0,0.0,1.0099112812731277
2021-01-05,0.004784034241845007,0.004784034241845007,0.0,0.0,1.0147427314239639
2021-01-06,-0.008383570139964172,-0.008383570139964172,0.0,0.0,1.0062355645610523
2021-01-07,0.005794791443049223,0.005794791443049223,0.0,0.0,1.0120664898002625
2021-01-08,0.010921347386903958,0.010921347386903958,0.0,0.0,1.0231196195140155
2021-01-11,0.00593445634057542,0.00593445634057542,0.0,0.0,1.0291912782272077
2021-01-12,-0.010542318307223074,-0.010542318307223074,0.0,0.0,1.0183412161731187
2021-01-13,0.00867242795838919,0.00867242795838919,0.0,0.0,1.0271727070074386
2021-01-14,0.0009295701401075382,0.0009295701401075382,0.0,0.0,1.028127536084606
2021-01-15,-0.010942279133557416,-0.010942279133557416,0.0,0.0,1.0168774775998717
2021-01-18,-0.006232244542113717,-0.006232244542113717,0.0,0.0,1.0105400484901015
2021-01-19,0.0004132076179059477,0.0004132076179059477,0.0,0.0,1.0109576113363368
2021-01-20,-0.023075583721817422,-0.023075583721817422,0.0,0.0,0.9876291743367366
2021-01-21,0.0035093770834207236,0.0035093770834207236,0.0,0.0,0.9910951375280717
2021-01-22,0.0007744519504352178,0.0007744519504352178,0.0,0.0,0.9918626930903971
2021-01-25,0.010571663656552915,0.010571663656552915,0.0,0.0,1.0023483318752315
2021-01-26,-0.006612727485498784,-0.006612727485498784,0.0,0.0,0.9957200755109963
2021-01-27,0.00019707790797799144,0.00019707790797799144,0.0,0.0,0.9959163099404098
2021-01-28,-0.0068668301086178204,-0.0068668301086178204,0.0,0.0,0.9890775218376475
2021-01-29,-0.014590813471357676,-0.014590813471357676,0.0,0.0,0.9746460762078016
2021-02-01,0.009010597478246151,0.009010597478246151,0.0,0.0,0.9834282196842622
2021-02-02,0.009216691176746448,0.009216691176746448,0.0,0.0,0.9924921738795895
2021-02-03,0.00347192975810404,0.00347192975810404,0.0,0.0,0.9959380369927675
2021-02-04,-0.004057315658190136,-0.004057315658190136,0.0,0.0,0.9918972020006896
2021-02-05,0.0033644979360780447,0.0033644979360780447,0.0,0.0,0.9952344380896225
2021-02-17,0.015573255177156669,0.015573255177156669,0.0,0.0,1.0107334779550863
2021-02-18,0.004670657025182135,0.004670657025182135,0.0,0.0,1.015454267374484
2021-02-19,-0.0005173624792092408,-0.0005173624792092408,0.0,0.0,1.0149289094371916
2021-02-22,0.003705687485936457,0.003705687485936457,0.0,0.0,1.0186899187960081
2021-02-23,0.013650085362656524,0.013650085362656524,0.0,0.0,1.0325951231456512
2021-02-24,-0.00044833003041520804,-0.00044833003041520804,0.0,0.0,1.0321321797426846
2021-02-25,0.01596771005753315,0.01596771005753315,0.0,0.0,1.0486129671298654
2021-02-26,-0.018933723609288293,-0.018933723609288293,0.0,0.0,1.0287588190371129
2021-03-02,-0.0006374549606549883,-0.0006374549606549883,0.0,0.0,1.0281030316246
2021-03-03,0.011884281453492185,0.011884281453492185,0.0,0.0,1.0403212974156155
2021-03-04,-0.005611900521783428,-0.005611900521783428,0.0,0.0,1.0344831177838265
2021-03-05,-0.0015850657947431423,-0.0015850657947431423,0.0,0.0,1.0328433939785882
2021-03-08,0.0012340883523942491,0.0012340883523942491,0.0,0.0,1.0341180139809445
2021-03-09,0.015182311577595147,0.015182311577595147,0.0,0.0,1.049818315877207
2021-03-10,0.005165439970662716,0.005165439970662716,0.0,0.0,1.055241089367973
2021-03-11,0.0049599723978350375,0.0049599723978350375,0.0,0.0,1.0604750560442995
2021-03-12,0.003908621450939295,0.003908621450939295,0.0,0.0,1.0646200515965405
2021-03-15,0.0038249873974695496,0.0038249873974695496,0.0,0.0,1.0686922098769907
2021-03-16,0.004044205310645586,0.004044205310645586,0.0,0.0,1.0730142205876207
2021-03-17,-0.003218993833112919,-0.003218993833112919,0.0,0.0,1.0695601944287068
2021-03-18,0.004100570391023524,0.004100570391023524,0.4906147847278815,0.0,1.0739460012933986
2021-03-19,-0.009060336053529947,-0.009060336053529947,0.0,0.0,1.0642156896183357
2021-03-22,0.00873218157176524,0.00873218157176524,0.0,0.0,1.0735086142516042
2021-03-23,0.00299380960736674,0.00299380960736674,0.0,0.0,1.0767224946545415
2021-03-24,0.002038158199551011,0.002038158199551011,0.0,0.0,1.0789170254356626
2021-03-25,0.005466338930615238,0.005466338930615238,0.0,0.0,1.0848147515747053
2021-03-26,0.0035293303767168754,0.0035293303767168754,0.0,0.0,1.0886434212305485
2021-03-29,0.013179041472062582,0.013179041472062582,0.0,0.0,1.102990698027234
2021-03-30,0.005776812562676819,0.005776812562676819,0.0,0.0,1.1093624685481134
2021-03-31,-0.0005584074248660721,-0.0005584074248660721,0.0,0.0,1.1087429923088084
2021-04-01,-0.0018988527928175578,-0.0018988527928175578,0.0,0.0,1.106637652581346
2021-04-06,0.002123482371369197,0.002123482371369197,0.0,0.0,1.1089875781280958
2021-04-07,0.005489876763297117,0.005489876763297117,0.0,0.0,1.1150757832640463
2021-04-08,-0.002586699147072794,-0.002586699147072794,0.0,0.0,1.1121914176865557
2021-04-09,-0.0016557991993326293,-0.0016557991993326293,0.0,0.0,1.1103498520276456
2021-04-12,0.011270260191245947,0.011270260191245947,0.0,0.0,1.1228637837633086
2021-04-13,-0.0032530897273263647,-0.0032530897273263647,0.0,0.0,1.1192110071231613
2021-04-14,-0.001714212802092681,-0.001714212802092681,0.0,0.0,1.1172924412865077
2021-04-15,0.010174860416747516,0.010174860416747516,0.0,0.0,1.128660735921285
2021-04-16,0.008997635090109894,0.008997635090109894,0.0,0.0,1.1388160133636398
2021-04-19,0.019498899536415717,0.019498899536415717,0.0,0.0,1.161021672398679
2021-04-20,0.003632480211205496,0.003632480211205496,0.0,0.0,1.165239060648448
2021-04-21,-0.001090932898384805,-0.001090932898384805,0.0,0.0,1.1639678630227035
2021-04-22,-0.003439891349436269,-0.003439891349436269,0.0,0.0,1.15996394003967
2021-04-23,-0.0003254657391328804,-0.0003254657391328804,0.0,0.0,1.1595864115185575
2021-04-26,0.014999330351002094,0.014999330351002094,0.0,0.0,1.1769794311754573
2021-04-27,0.000359132990379955,0.000359132990379955,0.0,0.0,1.1774021233181913
2021-04-28,0.0011782162035994497,0.0011782162035994497,0.0,0.0,1.178789357578037
2021-04-29,-0.004505004955994572,-0.004505004955994572,0.0,0.0,1.1734789056800743
2021-05-03,-0.01028453954992794,-0.01028453954992794,0.0,0.0,1.1614102154636015
2021-05-04,-0.019175452738254523,-0.019175452738254523,0.0,0.0,1.1391396487672532
2021-05-05,0.0042733844511575894,0.0042733844511575894,0.0,0.0,1.1440076304299922
2021-05-06,0.009131927665074927,0.009131927665074927,0.0,0.0,1.1544546253593728
2021-05-07,0.010318673337775966,0.010318673337775966,0.0,0.0,1.1663670655217409
2021-05-10,0.01100454039482348,0.01100454039482348,0.0,0.0,1.1792023990094667
2021-05-11,-0.02545016476059942,-0.02545016476059942,0.0,0.0,1.1491915036685816
2021-05-12,-0.0433146342809927,-0.0433146342809927,0.0,0.0,1.099414693968353
2021-05-13,-0.007442951263712058,-0.007442951263712058,0.0,0.0,1.0912318039825375
2021-05-14,0.010470805208733459,0.010470805208733459,0.0,0.0,1.1026578796396134
2021-05-17,-0.035101427711499086,-0.035101427711499086,0.0,0.0,1.0639530137869286
2021-05-18,0.04230407575978637,0.04230407575978637,0.0,0.0,1.1089625626870239
2021-05-19,-0.0005143539522254044,-0.0005143539522254044,0.0,0.0,1.1083921634100358
2021-05-20,-0.0043656743298775965,-0.0043656743298775965,0.0,0.0,1.103553284194799
2021-05-21,0.011298371206436961,0.011298371206436961,0.0,0.0,1.1160216388457145
2021-05-24,7.350432478417688e-05,7.350432478417688e-05,0.0,0.0,1.1161036712627224
2021-05-25,0.008595783354706676,0.008595783354706676,0.0,0.0,1.1256974566222893
2021-05-26,0.0008163319767320043,0.0008163319767320043,0.0,0.0,1.126616399452256
2021-05-27,-0.005234138918930338,-0.005234138918930338,0.0,0.0,1.120719532709178
2021-05-28,0.012051585141823489,0.012051585141823489,0.0,0.0,1.1342259795777272
2021-05-31,0.009708086707899006,0.009708086707899006,0.0,0.0,1.1452371437338194
2021-06-01,0.005492731516361403,0.005492731516361403,0.0,0.0,1.1515276238869137
2021-06-02,0.0026991394329845373,0.0026991394329845373,0.0,0.0,1.1546357575047177
2021-06-03,0.001278611366114478,0.001278611366114478,0.0,0.0,1.1561120879079854
2021-06-04,-0.0035878549104472602,-0.0035878549104472602,0.0,0.0,1.1519641254763573
2021-06-07,-0.0042213987260228784,-0.0042213987260228784,0.0,0.0,1.1471012255846473
2021-06-08,0.0012786636761289655,0.0012786636761289655,0.0,0.0,1.1485679822546455
2021-06-09,-0.00748436658378029,-0.00748436658378029,0.0,0.0,1.139971678429059
2021-06-10,0.002642724448068377,0.002642724448068377,0.0,0.0,1.142984309453749
2021-06-11,0.001437674039105937,0.001437674039105937,0.0,0.0,1.1446275483225563
2021-06-15,-0.0024310348248706066,-0.0024310348248706066,0.0,0.0,1.141844918891078
2021-06-16,-0.0014953059479600305,-0.0014953059479600305,0.0,0.0,1.1401375113922123
2021-06-17,0.0021771357850499684,0.0021771357850499684,0.0,0.0,1.1426197455681422
2021-06-18,-0.007041833697479663,-0.007041833697479663,0.0,0.0,1.1345736073403947
2021-06-21,-0.006561467187860241,-0.006561467187860241,0.0,0.0,1.1271291398436185
2021-06-22,0.00368458503734978,0.00368458503734978,0.0,0.0,1.1312821430074471
2021-06-23,0.011203787744818873,0.011203787744818873,0.0,0.0,1.1439567880172063
2021-06-24,0.0023692988044861853,0.0023692988044861853,0.0,0.0,1.1466671634674392
2021-06-25,0.005181134739555666,0.005181134739555666,0.0,0.0,1.152608200542788
2021-06-28,0.0033153992373239865,0.0033153992373239865,0.0,0.0,1.156429556891801
2021-06-29,-0.005650831372997703,-0.005650831372997703,0.0,0.0,1.149894768471055
2021-06-30,0.004536948115765173,0.004536948115765173,0.0,0.0,1.1551117813741978
2021-07-01,-0.003689033002403737,-0.003689033002403737,0.0,0.0,1.150850535891243
2021-07-02,0.00030483311964371975,0.00030483311964371975,0.0,0.0,1.1512013532503425
2021-07-05,0.00968779184735774,0.00968779184735774,0.0,0.0,1.1623539523350284
2021-07-06,0.001857019629128341,0.001857019629128341,0.0,0.0,1.1645124664405093
2021-07-07,-0.0011957017305939009,-0.0011957017305939009,0.0,0.0,1.1631200568690883
2021-07-08,0.006408031431310884,0.006408031431310884,0.0,0.0,1.1705733667518934
2021-07-09,-0.0023721274218862142,-0.0023721274218862142,0.0,0.0,1.1677966175692915
2021-07-12,0.0031574324306423754,0.0031574324306423754,0.0,0.0,1.1714838564819994
2021-07-13,0.0018603422894203309,0.0018603422894203309,0.0,0.0,1.173663217441586
2021-07-14,-0.0012782139902063555,-0.0012782139902063555,0.0,0.0,1.1721630246972616
2021-07-15,0.004410381653462367,0.004410381653462367,0.0,0.0,1.1773327109962535
2021-07-16,0.009076588457675637,0.009076588457675637,0.0,0.0,1.188018875491726
2021-07-19,-0.0015066539335019241,-0.0015066539335019241,0.0,0.0,1.186228942179892
2021-07-20,-0.012304264390275816,-0.012304264390275816,0.0,0.0,1.1716332676479133
2021-07-21,-0.00198647489097411,-0.00198647489097411,0.0,0.0,1.1693058475803007
2021-07-22,0.007611720499272709,0.007611720499272709,0.0,0.0,1.178206276870247
2021-07-23,0.001999069786282101,0.001999069786282101,0.0,0.0,1.1805615934403464
2021-07-26,-0.007074275767140811,-0.007074275767140811,0.0,0.0,1.1722099751682542
2021-07-27,-0.006711895440051507,-0.006711895440051507,0.0,0.0,1.1643422243811397
2021-07-28,-0.005087377659755989,-0.005087377659755989,0.0,0.0,1.1584187757605124
2021-07-29,0.004990173610141934,0.004990173610141934,0.0,0.0,1.1641994865648053
2021-07-30,-0.006505123580084369,-0.006505123580084369,0.0,0.0,1.1566262250328305
2021-08-02,0.010645873583606765,0.010645873583606765,0.0,0.0,1.1689395216080143
2021-08-03,0.0012573453126157336,0.0012573453126157336,0.0,0.0,1.1704092822362393
2021-08-04,0.004412434880546072,0.004412434880546072,0.0,0.0,1.1755736369776935
2021-08-05,0.0017805503521907506,0.0017805503521907506,0.0,0.0,1.1776668050310404
2021-08-06,-0.002020430214281818,-0.002020430214281818,0.0,0.0,1.175287411435799
2021-08-09,-0.004299324670924316,-0.004299324670924316,0.0,0.0,1.1702344692723863
2021-08-10,-0.004876361484283498,-0.004876361484283498,0.0,0.0,1.1645279829788455
2021-08-11,-0.002205729626070319,-0.002205729626070319,0.0,0.0,1.161959349106401
2021-08-12,-0.004799061451305609,-0.004799061451305609,0.0,0.0,1.1563830347861204
2021-08-13,-0.005006031196612555,-0.005006031196612555,0.0,0.0,1.1505941452387476
2021-08-16,-0.012374824705094399,-0.012374824705094399,0.0,0.0,1.13635574438471
2021-08-17,0.001683386863939395,0.001683386863939395,0.0,0.0,1.1382686707175693
2021-08-18,0.005885011930422283,0.005885011930422283,0.0,0.0,1.144967395424768
2021-08-19,-0.014903767417903353,-0.014903767417903353,0.0,0.0,1.1279030676622748
2021-08-20,-0.0021037955082052234,-0.0021037955082052234,0.0,0.0,1.125530190254836
2021-08-23,0.005914906852865772,0.005914906852865772,0.0,0.0,1.1321875964902814
2021-08-24,0.007328926247008549,0.007328926247008549,0.0,0.0,1.1404853158827366
2021-08-25,0.0021765348454847325,0.0021765348454847325,0.0,0.0,1.142967621913519
2021-08-26,-0.0028052626446988652,-0.0028052626446988652,0.0,0.0,1.1397612975396647
2021-08-27,0.014009040329580573,0.014009040329580573,0.0,0.0,1.155728259522993
2021-08-30,0.013605023749505802,0.013605023749505802,0.0,0.0,1.1714519699417782
2021-08-31,0.0013516247141365997,0.0013516247141365997,0.0,0.0,1.1730353333757755
2021-09-01,-0.006351063006148042,-0.006351063006148042,0.0,0.0,1.165585312065068
2021-09-02,-0.009523272539588599,-0.009523272539588599,0.0,0.0,1.154485125470131
2021-09-03,0.008197576743485962,0.008197576743485962,0.0,0.0,1.1639491058853852
2021-09-06,-0.006568126267384023,-0.006568126267384023,0.0,0.0,1.1563041411891213
2021-09-07,-0.0022969452127247687,-0.0022969452127247687,0.0,0.0,1.1536481739275632
2021-09-08,-0.005359104467420248,-0.005359104467420248,0.0,0.0,1.1474656528448368
2021-09-09,-0.0015111686147974653,-0.0015111686147974653,0.0,0.0,1.1457316387636995
2021-09-10,0.007501807245492864,0.007501807245492864,0.0,0.0,1.1543266966727674
2021-09-13,0.0044197855269396125,0.0044197855269396125,0.0,0.0,1.1594285731000817
2021-09-14,0.0023165047038335917,0.0023165047038335917,0.0,0.0,1.1621143948434272
2021-09-15,0.00020734329590107634,0.00020734329590107634,0.0,0.0,1.1623553514722682
2021-09-16,0.00010539919288363331,0.00010539919288363331,0.0,0.0,1.1624778627881573
2021-09-17,-0.004351033108025175,-0.004351033108025175,0.0,0.0,1.1574198831198197
2021-09-22,-0.0122624371705998,-0.0122624371705998,0.0,0.0,1.1432270945230598
2021-09-23,0.006547646894837684,0.006547646894837684,0.0,0.0,1.1507125418586082
2021-09-24,0.0034152882826695755,0.0034152882826695755,0.0,0.0,1.1546425569195389
2021-09-27,0.0031273845026947313,0.0031273845026947313,0.0,0.0,1.1582535681582007
2021-09-28,-0.0012758443714748907,-0.0012758443714748907,0.0,0.0,1.1567758168625253
2021-09-29,-0.006888547518058053,-0.006888547518058053,0.0,0.0,1.1488073116803275
2021-09-30,0.0017993322797074842,0.0017993322797074842,0.0,0.0,1.1508743977593978
2021-10-01,-0.012652584462383308,-0.012652584462383308,0.0,0.0,1.1363128622361525
2021-10-04,-0.0021877046111948924,-0.0021877046111948924,0.0,0.0,1.1338269453476784
2021-10-05,0.002124618546718908,0.002124618546718908,0.0,0.0,1.1362358951045337
2021-10-06,0.002309489679106341,0.002309489679106341,0.0,0.0,1.1388600201773078
2021-10-07,0.008937157402375018,0.008937157402375018,0.0,0.0,1.1490381914369046
2021-10-08,-0.0015795781111716362,-0.0015795781111716362,0.0,0.0,1.1472231958608106
2021-10-12,-0.003841749896092935,-0.003841749896092935,0.0,0.0,1.1428158512673168
2021-10-13,-0.0018379463851914421,-0.0018379463851914421,0.0,0.0,1.1407154170045406
2021-10-14,-0.002514160433048233,-0.002514160433048233,0.0,0.0,1.1378474754377397
2021-10-15,0.008888198505328734,0.008888198505328734,0.0,0.0,1.1479608896682174
2021-10-18,0.0028364422859059758,0.0028364422859059758,0.0,0.0,1.1512170144782385
2021-10-19,0.0018333541324057428,0.0018333541324057428,0.0,0.0,1.153327602949028
2021-10-20,-0.00014187845658513066,-0.00014187845658513066,0.0,0.0,1.1531639706087846
2021-10-21,0.0006504961096538645,0.0006504961096538645,0.0,0.0,1.1539140992854586
2021-10-22,0.0001854907914718978,0.0001854907914718978,0.0,0.0,1.1541281397250256
2021-10-25,0.0019385716214544322,0.0019385716214544322,0.0,0.0,1.1563654997842185
2021-10-26,0.005735426611351813,0.005735426611351813,0.0,0.0,1.1629977492441301
2021-10-27,0.0008089313006048089,0.0008089313006048089,0.0,0.0,1.1639385345260267
2021-10-28,0.0010306925325476294,0.0010306925325476294,0.0,0.0,1.165138197281907
2021-10-29,-0.0031798816641627945,-0.0031798816641627945,0.0,0.0,1.1614331956921546
2021-11-01,0.0005814396371081924,0.0005814396371081924,0.0,0.0,1.1621084989879833
2021-11-02,-0.0010304105531571766,-0.0010304105531571766,0.0,0.0,1.1609110501267124
2021-11-03,0.0045595791641031055,0.0045595791641031055,0.0,0.0,1.1662043159622473
2021-11-04,4.920257613434545e-06,4.920257613434545e-06,0.0,0.0,1.1662100539879117
2021-11-05,0.0038420542939815614,0.0038420542939815614,0.0,0.0,1.1706906963335204
2021-11-08,0.003871553689705471,0.003871553689705471,0.0,0.0,1.1752230882184143
2021-11-09,0.00039707040126831894,0.00039707040126831894,0.0,0.0,1.175689734521633
2021-11-10,0.0025236870026227073,0.0025236870026227073,0.0,0.0,1.1786568074237622
2021-11-11,0.0011254837435452475,0.0011254837435452475,0.0,0.0,1.1799833664997366
2021-11-12,0.007898041128116389,0.007898041128116389,0.0,0.0,1.1893029236588448
2021-11-15,0.004211048673512516,0.004211048673512516,0.0,0.0,1.194311136157923
2021-11-16,0.0016034495809338438,0.0016034495809338438,0.0,0.0,1.1962261538487
2021-11-17,0.012299913468636637,0.012299913468636637,0.0,0.0,1.210939632029959
2021-11-18,0.0070534524918070335,0.0070534524918070335,0.0,0.0,1.2194809371949287
2021-11-19,-0.00976887491488714,-0.00976887491488714,0.0,0.0,1.207567980458382
2021-11-22,-0.0020668959598882275,-0.0020668959598882275,0.0,0.0,1.2050720630782823
2021-11-23,-0.003623189454663375,-0.003623189454663375,0.0,0.0,1.2007058586872277
2021-11-24,0.005800303819188493,0.005800303819188493,0.0,0.0,1.2076703174650931
2021-11-25,0.0002503913026118253,0.0002503913026118253,0.0,0.0,1.2079727076090088
2021-11-26,-0.015382481159122975,-0.015382481159122975,0.0,0.0,1.1893910901934783
2021-11-29,-0.005880433942979123,-0.005880433942979123,0.0,0.0,1.1823969544552277
2021-11-30,-0.000667008083505518,-0.000667008083505518,0.0,0.0,1.1816082861286938
2021-12-01,0.01046255243928705,0.01046255243928705,0.0,0.0,1.1939709247850112
2021-12-02,-0.0006054283774001613,-0.0006054283774001613,0.0,0.0,1.1932480609053557
2021-12-03,0.003593071662237331,0.003593071662237331,0.0,0.0,1.1975354866990144
2021-12-06,0.005303224192583887,0.005303224192583887,0.0,0.0,1.2038862858635544
2021-12-07,0.0073851038906870645,0.0073851038906870645,0.0,0.0,1.2127771111572303
2021-12-08,0.0014803537022521683,0.0014803537022521683,0.0,0.0,1.2145724502437385
2021-12-09,0.0044029043994201315,0.0044029043994201315,0.0,0.0,1.219920096628331
2021-12-10,-0.0008563007470055827,-0.0008563007470055827,0.0,0.0,1.218875478138301
2021-12-13,-0.003637636740571409,-0.003637636740571409,0.0,0.0,1.2144416519168437
2021-12-14,-0.006664788091466105,-0.006664788091466105,0.0,0.0,1.206347655657368
2021-12-15,0.0001988749800162715,0.0001988749800162715,0.0,0.0,1.2065875680232796
2021-12-16,0.00410202105166097,0.00410202105166097,0.0,0.0,1.2115370156279834
2021-12-17,0.004945512351637405,0.004945512351637405,0.0,0.0,1.2175286869032373
2021-12-20,-0.006048362028771448,-0.006048362028771448,0.0,0.0,1.2101646326244317
2021-12-21,0.005462037655318702,0.005462037655318702,0.0,0.0,1.2167745974169613
2021-12-22,0.000150300934214898,0.000150300934214898,0.0,0.0,1.2169574797756821
2021-12-23,0.004260118827225391,0.004260118827225391,0.0,0.0,1.2221418632472072
2021-12-24,0.0018622871388007953,0.0018622871388007953,0.0,0.0,1.2244178423209224
2021-12-27,0.002328742457293387,0.002328742457293387,0.0,0.0,1.2272691961358027
2021-12-28,0.005977773743052648,0.005977773743052648,0.0,0.0,1.2346055337121207
2021-12-29,0.005782038326755009,0.005782038326755009,0.0,0.0,1.241744070226468
2021-12-30,-0.0016515394472739172,-0.0016515394472739172,0.0,0.0,1.2396932809110703
2022-01-03,-0.00514247396197026,-0.00514247396197026,0.0,0.0,1.2333181904931558
2022-01-04,0.001652993005398512,0.001652993005398512,0.0,0.0,1.2353568568354718
2022-01-05,0.002995115846094729,0.002995115846094729,0.0,0.0,1.2390568937329616
2022-01-06,0.002861039935972829,0.002861039935972829,0.0,0.0,1.242601884988874
2022-01-07,0.0008055293304227273,0.0008055293304227273,0.0,0.0,1.2436028372532713
2022-01-10,0.0044238562540328315,0.0044238562540328315,0.0,0.0,1.2491043574423872
2022-01-11,0.011505953618177606,0.011505953618177606,0.0,0.0,1.263476494243383
2022-01-12,0.0029617841900497367,0.0029617841900497367,0.0,0.0,1.2672186389485325
2022-01-13,0.012856362725741291,0.012856362725741291,0.0,0.0,1.283510461423675
2022-01-14,-0.006672256607510234,-0.006672256607510234,0.0,0.0,1.2749465502666324
2022-01-17,-0.0023929209789603847,-0.0023929209789603847,0.0,0.0,1.2718957039194463
2022-01-18,0.004684894435009866,0.004684894435009866,0.0,0.0,1.2778544010246515
2022-01-19,-0.004210378718111021,-0.004210378718111021,0.0,0.0,1.2724741500497327
2022-01-20,-0.0006929506093124125,-0.0006929506093124125,0.0,0.0,1.2715923883121214
2022-01-21,-0.011680658892410996,-0.011680658892410996,0.0,0.0,1.2567393513740612
2022-01-24,-0.002948538968680032,-0.002948538968680032,0.0,0.0,1.253033806423061
2022-01-25,-0.0078513005540167,-0.0078513005540167,0.0,0.0,1.24319586140449
2022-01-26,0.0019397612487164761,0.0019397612487164761,0.0,0.0,1.245607364561007
2022-02-07,0.021640969401649893,0.021640969401649893,0.0,0.0,1.2725635154239416
2022-02-08,0.00917037860504545,0.00917037860504545,0.0,0.0,1.2842334046593467
2022-02-09,0.00796465589939878,0.00796465589939878,0.0,0.0,1.2944618818219717
2022-02-10,0.002870500656733582,0.002870500656733582,0.0,0.0,1.2981776355038583
2022-02-11,-0.002175416360590926,-0.002175416360590926,0.0,0.0,1.29535355863663
2022-02-14,-0.009228799742826517,-0.009228799742826517,0.0,0.0,1.2833990000478148
2022-02-15,-0.003741589489514169,-0.003741589489514169,0.0,0.0,1.2785970478383828
2022-02-16,0.008112478999063533,0.008112478999063533,0.0,0.0,1.2889696395372365
2022-02-17,0.003629217680824969,0.003629217680824969,0.0,0.0,1.2936475909430918
2022-02-18,0.00037818120622832565,0.00037818120622832565,0.0,0.0,1.2941368241494688
2022-02-21,0.003367494856614954,0.003367494856614954,0.0,0.0,1.298494823248548
2022-02-22,-0.008247477874068473,-0.008247477874068473,0.0,0.0,1.2877855159242133
2022-02-23,0.004082693001318024,0.004082693001318024,0.0,0.0,1.2930431488372758
2022-02-24,-0.01661211458416949,-0.01661211458416949,0.0,0.0,1.2715629678865157
2022-02-25,-0.0017610357035001789,-0.0017610357035001789,0.0,0.0,1.2693237001008189
2022-03-01,0.011753871752265785,0.011753871752265785,0.0,0.0,1.2842431680839155
2022-03-02,0.002104780212408404,0.002104780212408404,0.0,0.0,1.286946217692019
2022-03-03,0.0018969944820194983,0.0018969944820194983,0.0,0.0,1.2893875475656367
2022-03-04,-0.009232995608212481,-0.009232995608212481,0.0,0.0,1.2774826380016793
2022-03-07,-0.022106555573324155,-0.022106555573324155,0.0,0.0,1.2492418970707384
2022-03-08,-0.012612272267209028,-0.012612272267209028,0.0,0.0,1.2334861181372774
2022-03-09,0.004273987295170485,0.004273987295170485,0.0,0.0,1.2387580221349652
2022-03-10,0.02260639613082149,0.02260639613082149,0.0,0.0,1.266761876693581
2022-03-11,-0.003950957057036882,-0.003950957057036882,0.0,0.0,1.2617569549172734
2022-03-14,0.00487737470412227,0.00487737470412227,0.0,0.0,1.2679110163719371
2022-03-15,-0.0011819362678106217,-0.0011819362678106217,0.0,0.0,1.2664124263573306
2022-03-16,0.010035082398826813,0.010035082398826813,0.0,0.0,1.2791209794067246
2022-03-17,0.011422791730186642,0.011422791730186642,0.0,0.0,1.2937321119521998
2022-03-18,0.006292739349459677,0.006292739349459677,0.0,0.0,1.301873230920741
2022-03-21,0.0005669346603546589,0.0005669346603546589,0.0,0.0,1.302611307978738
2022-03-22,0.003525589643342452,0.003525589643342452,0.0,0.0,1.3072037809154486
2022-03-23,0.010428765902666415,0.010428765902666415,0.0,0.0,1.3208363031336965
2022-03-24,0.0013829137051398022,0.0013829137051398022,0.0,0.0,1.3226629057595463
2022-03-25,-0.003748391138727573,-0.003748391138727573,0.0,0.0,1.3177050478440735
2022-03-28,0.0020943709504148006,0.0020943709504148006,0.0,0.0,1.3204648110174932
2022-03-29,-0.0024812194684755047,-0.0024812194684755047,0.20793988978299976,0.0,1.31718844802096
2022-03-30,0.008902563737873537,0.008902563737873537,0.0,0.0,1.3289148021342572
2022-03-31,0.0058029382138312605,0.0058029382138312605,0.0,0.0,1.3366264126224878
2022-04-01,0.0031697363828787793,0.0031697363828787793,0.0,0.0,1.3408631659928942
2022-04-06,0.013999239362153372,0.013999239362153372,0.0,0.0,1.3596342304055236
2022-04-07,-0.014886741709115713,-0.014886741709115713,0.0,0.0,1.3393937067986041
2022-04-08,0.012043825112313947,0.012043825112313947,0.0,0.0,1.3555251303598206
2022-04-11,-0.0036831352029236576,-0.0036831352029236576,0.0,0.0,1.3505325480337447
2022-04-12,-0.006140454833898593,-0.006140454833898593,0.0,0.0,1.3422396639208336
2022-04-13,0.007339705084651014,0.007339705084651014,0.0,0.0,1.3520913072069338
2022-04-14,-0.01516089877805103,-0.01516089877805103,0.0,0.0,1.3315923877596867
2022-04-15,-0.004887485046457433,-0.004887485046457433,0.0,0.0,1.3250842498765347
2022-04-18,-0.013960628556983906,-0.013960628556983906,0.0,0.0,1.3065852408572989
2022-04-19,0.0007509863559410348,0.0007509863559410348,0.0,0.0,1.3075664685460566
2022-04-20,0.00867761539839365,0.00867761539839365,0.0,0.0,1.318913027467935
2022-04-21,-0.006269979903538501,-0.006269979903538501,0.0,0.0,1.310643469291196
2022-04-22,0.004796234638205463,0.004796234638205463,0.0,0.0,1.3169296228969483
2022-04-25,-0.014979719725879,-0.014979719725879,0.0,0.0,1.2972023862472446
2022-04-26,0.010958105534801577,0.010958105534801577,0.0,0.0,1.3114172668957385
2022-04-27,-0.013299498258245942,-0.013299498258245942,0.0,0.0,1.293976075238825
2022-04-28,0.003452278910725102,0.003452278910725102,0.0,0.0,1.298443241554355
2022-04-29,0.006158757575433083,0.006158757575433083,0.0,0.0,1.3064400387045478
2022-05-03,-0.007734513339142525,-0.007734513339142525,0.0,0.0,1.2963353607983976
2022-05-04,-0.0007967059402459544,-0.0007967059402459544,0.0,0.0,1.2953025627158987
2022-05-05,-0.004895039007139841,-0.004895039007139841,0.0,0.0,1.2889620061453562
2022-05-06,-0.010842586244725097,-0.010842586244725097,0.0,0.0,1.2749863244275512
2022-05-09,-0.026997427672590828,-0.026997427672590828,0.0,0.0,1.240564973350276
2022-05-10,0.0007987372056150884,0.0007987372056150884,0.0,0.0,1.2415558587504736
2022-05-11,-0.007028610148342782,-0.007028610148342782,0.0,0.0,1.2328294466419256
2022-05-12,-0.024577148333110945,-0.024577148333110945,0.0,0.0,1.2025300144623798
2022-05-13,0.00474687580348629,0.00474687580348629,0.0,0.0,1.2082382750909975
2022-05-16,-0.0020335960752515866,-0.0020335960752515866,0.0,0.0,1.2057812064768036
2022-05-17,-0.0012171459973405962,-0.0012171459973405962,0.0,0.0,1.204313594707672
2022-05-18,0.023170469635442417,0.023170469635442417,0.0,0.0,1.2322181062853965
2022-05-19,-0.017634250176666748,-0.017634250176666748,0.0,0.0,1.2104888639269413
2022-05-20,0.0066992883275948855,0.0066992883275948855,0.0,0.0,1.2185982778437308
2022-05-23,0.00016627454314669933,0.00016627454314669933,0.0,0.0,1.2188008997156587
2022-05-24,-0.003438325655314131,-0.003438325655314131,0.0,0.0,1.2146102653134465
2022-05-25,0.0035876621237105064,0.0035876621237105064,0.0,0.0,1.2189678765573815
2022-05-26,-0.0010515503157137321,-0.0010515503157137321,0.0,0.0,1.2176860705019428
2022-05-27,0.011752609137363928,0.011752609137363928,0.0,0.0,1.2319970589405647
2022-05-30,0.0153929748052689,0.0153929748052689,0.0,0.0,1.250961158629002
2022-05-31,0.005025206830950135,0.005025206830950135,0.0,0.0,1.2572474971885979
2022-06-01,-0.009530240085889105,-0.009530240085889105,0.0,0.0,1.2452656266930073
2022-06-02,-0.0035284179328808687,-0.0035284179328808687,0.0,0.0,1.2408718091245836
2022-06-06,0.006322016260251322,0.006322016260251322,0.0,0.0,1.2487166208787568
2022-06-07,-0.004674959399998878,-0.004674959399998878,0.0,0.0,1.2428789213740448
2022-06-08,0.004020760516453985,0.004020760516453985,0.0,0.0,1.2478762398678385
2022-06-09,-0.006301479568797581,-0.006301479568797581,0.0,0.0,1.2400127732379234
2022-06-10,-0.006250782610665808,-0.006250782610665808,0.0,0.0,1.2322617229579642
2022-06-13,-0.012739513336207266,-0.012739513336207266,0.0,0.0,1.2165633083046434
2022-06-14,0.004786458520249901,0.004786458520249901,0.0,0.0,1.2223863381171016
2022-06-15,-0.00023661879057088563,-0.00023661879057088563,0.0,0.0,1.222097098540166
2022-06-16,-0.0050625499985310005,-0.0050625499985310005,0.0,0.0,1.2159101708757467
2022-06-17,-0.010110661258386276,-0.010110661258386276,0.0,0.0,1.2036165150173954
2022-06-20,-0.01566914014405139,-0.01566914014405139,0.0,0.0,1.1847568791638932
2022-06-21,0.025562630489374332,0.025562630489374332,0.0,0.0,1.215042381485704
2022-06-22,-0.012996544711998683,-0.012996544711998683,0.0,0.0,1.1992510288477518
2022-06-23,0.001353342107666291,0.001353342107666291,0.0,0.0,1.2008740257627537
2022-06-24,0.009188008505423471,0.009188008505423471,0.0,0.0,1.211907666525404
2022-06-27,0.0026347128906211857,0.0026347128906211857,0.0,0.0,1.2151006952766412
2022-06-28,-0.005590691202228325,-0.005590691202228325,0.0,0.0,1.2083074425097367
2022-06-29,-0.0054706072265674095,-0.0054706072265674095,0.0,0.0,1.2016972670828276
2022-06-30,-0.020499893464029948,-0.020499893464029948,0.0,0.0,1.1770626011316139
2022-07-01,-0.013515449639106052,-0.013515449639106052,0.0,0.0,1.1611540708239445
2022-07-04,-0.0021894497016293245,-0.0021894497016293245,0.0,0.0,1.1586117823900333
2022-07-05,0.005252926842111981,0.005252926842111981,0.0,0.0,1.164697885321337
2022-07-06,-0.021788920716178502,-0.021788920716178502,0.0,0.0,1.1393203754397696
2022-07-07,0.003850290568598941,0.003850290568598941,0.0,0.0,1.1437070899359378
2022-07-08,-0.0017606222612775227,-0.0017606222612775227,0.0,0.0,1.1416934537730157
2022-07-11,-0.01103631291497168,-0.01103631291497168,0.0,0.0,1.1290933675642019
2022-07-12,-0.020154333617135537,-0.020154333617135537,0.0,0.0,1.1063372431494178
2022-07-13,0.02403344661040126,0.02403344661040126,0.0,0.0,1.132926340215748
2022-07-14,-0.006029647705889204,-0.006029647705889204,0.0,0.0,1.1260951935075245
2022-07-15,-0.01316455330313685,-0.01316455330313685,0.0,0.0,1.1112706533081886
2022-07-18,0.0130489202197819,0.0130489202197819,0.0,0.0,1.125771535405792
2022-07-19,-0.0007132588659224799,-0.0007132588659224799,0.0,0.0,1.1249685688771607
2022-07-20,-0.0024321526781991617,-0.0024321526781991617,0.0,0.0,1.1222324735594762
2022-07-21,0.006513492930356462,0.006513492930356462,0.0,0.0,1.1295421268422223
2022-07-22,0.003952426958243913,0.003952426958243913,0.0,0.0,1.1340065595948257
2022-07-25,0.0071129232712710145,0.0071129232712710145,0.0,0.0,1.1420726612423417
2022-07-26,-0.0016246772186405826,-0.0016246772186405826,0.0,0.0,1.1402171618075891
2022-07-27,0.004493072923416375,0.004493072923416375,0.0,0.0,1.1453402406641213
2022-07-28,-0.001227770364946139,-0.001227770364946139,0.0,0.0,1.1439340258588537
2022-07-29,-0.0003185959679818197,-0.0003185959679818197,0.0,0.0,1.143569573090578
2022-08-01,0.0028351052486982288,0.0028351052486982288,0.0,0.0,1.1468117131894986
2022-08-02,-0.004951299078988897,-0.004951299078988897,0.0,0.0,1.1411335054102096
2022-08-03,-0.003389322646031593,-0.003389322646031593,0.0,0.0,1.1372658357781773
2022-08-04,-0.006240226247835919,-0.006240226247835919,0.0,0.0,1.1301690396589872
2022-08-05,0.012186053764875634,0.012186053764875634,0.0,0.0,1.1439413403396694
2022-08-08,0.0048103707233300656,0.0048103707233300656,0.0,0.0,1.1494441222724463
2022-08-09,0.007906458396216145,0.007906458396216145,0.0,0.0,1.1585321544039684
2022-08-10,0.0008636127382410986,0.0008636127382410986,0.0,0.0,1.1595326775301735
2022-08-11,0.010434850887169066,0.010434850887169066,0.0,0.0,1.1716322281190008
2022-08-12,-0.0013732053963238931,-0.0013732053963238931,0.0,0.0,1.1700233364208408
2022-08-15,7.07794806696512e-05,7.07794806696512e-05,0.0,0.0,1.1701061500649639
2022-08-16,0.0019029959293745805,0.0019029959293745805,0.0,0.0,1.1723328573054737
2022-08-17,0.004712479389163272,0.004712479389163272,0.0,0.0,1.1778574517327647
2022-08-18,-0.003458263614308295,-0.003458263614308295,0.0,0.0,1.1737841101645954
2022-08-19,0.0016897100721544375,0.0016897100721544375,0.0,0.0,1.1757674649980754
2022-08-22,-0.003138080253430563,-0.003138080253430563,0.0,0.0,1.172077812333539
2022-08-23,-0.010977253348213136,-0.010977253348213136,0.0,0.0,1.1592116172437343
2022-08-24,-0.004325496452823901,-0.004325496452823901,0.0,0.0,1.1541974515052744
2022-08-25,0.005985514708424864,0.005985514708424864,0.0,0.0,1.1611059173276859
2022-08-26,0.0039504433256373934,0.0039504433256373934,0.0,0.0,1.1656928004491511
2022-08-29,-0.012901770035183308,-0.012901770035183308,0.0,0.0,1.1506533000060872
2022-08-30,0.0017933591270184726,0.0017933591270184726,0.0,0.0,1.1527168346036871
2022-08-31,0.0054922475476152505,0.0054922475476152505,0.0,0.0,1.1590478408116343
2022-09-01,-0.012557475793395853,-0.012557475793395853,0.0,0.0,1.1444931256072544
2022-09-02,-0.005651253696849049,-0.005651253696849049,0.0,0.0,1.138025304600148
2022-09-05,0.005196403985988179,0.005196403985988179,0.0,0.0,1.1439389438291276
2022-09-06,0.0026226015698632456,0.0026226015698632456,0.0,0.0,1.1469390398990416
2022-09-07,-0.013826836604417131,-0.013826836604417131,0.0,0.0,1.1310805011991305
2022-09-08,0.01326898035979783,0.01326898035979783,0.0,0.0,1.146088786154892
2022-09-12,0.00834286428749278,0.00834286428749278,0.0,0.0,1.1556504493591997
2022-09-13,-0.00019178023665870133,-0.00019178023665870133,0.0,0.0,1.155428818442527
2022-09-14,-0.013343769399020995,-0.013343769399020995,0.0,0.0,1.1400110427322465
2022-09-15,0.005628964911020556,0.005628964911020556,0.0,0.0,1.1464281248899624
2022-09-16,-0.0037251556223960795,-0.0037251556223960795,0.0,0.0,1.1421575017148555
2022-09-19,-0.006472887954446873,-0.006472887954446873,0.0,0.0,1.1347644441799243
2022-09-20,0.0023536430501807674,0.0023536430501807674,0.0,0.0,1.1374352746275604
2022-09-21,-0.006217787254509351,-0.006217787254509351,0.0,0.0,1.1303629440741518
2022-09-22,-0.014265147796419877,-0.014265147796419877,0.0,0.0,1.1142381496133378
2022-09-23,-0.001641962959462537,-0.001641962959462537,0.0,0.0,1.1124086118436527
2022-09-26,-0.01719821486534178,-0.01719821486534178,0.0,0.0,1.093277169519109
2022-09-27,-0.0011120512667023236,-0.0011120512667023236,0.0,0.0,1.0920613892578885
2022-09-28,-0.014178185115395795,-0.014178185115395795,0.0,0.0,1.0765779407236138
2022-09-29,0.007135615021909108,0.007135615021909108,0.0,0.0,1.0842599864496971
2022-09-30,-0.008511507446591845,-0.008511507446591845,0.0,0.0,1.075031299500989
2022-10-03,-0.013920404242293962,-0.013920404242293962,0.0,0.0,1.0600664292388164
2022-10-04,0.007519808566982983,0.007519808566982983,0.0,0.0,1.0680379258549775
2022-10-05,0.0050600943449019544,0.0050600943449019544,0.0,0.0,1.073442298523737
2022-10-06,0.005584872777662385,0.005584872777662385,0.0,0.0,1.0794373371951536
2022-10-07,-0.0057776943606493245,-0.0057776943606493245,0.0,0.0,1.0732006781793668
2022-10-11,-0.020336695569063805,-0.020336695569063805,0.0,0.0,1.0513753227027203
2022-10-12,0.006092511541585483,0.006092511541585483,0.0,0.0,1.0577808389908248
2022-10-13,-0.022675969510664452,-0.022675969510664452,0.0,0.0,1.0337946329369039
2022-10-14,0.0026623963981142204,0.0026623963981142204,0.0,0.0,1.036547004044025
2022-10-17,-0.0030804774159055247,-0.0030804774159055247,0.0,0.0,1.0333539444075428
2022-10-18,0.006068668941269129,0.006068668941269129,0.0,0.0,1.039625027395307
2022-10-19,-0.008677282223107739,-0.008677282223107739,0.0,0.0,1.0306039076263918
2022-10-20,0.0008155923740226154,0.0008155923740226154,0.0,0.0,1.0314444603140895
2022-10-21,0.0010182752501870923,0.0010182752501870923,0.0,0.0,1.0324947546799699
2022-10-24,-0.0009360380764783507,-0.0009360380764783507,0.0,0.0,1.0315283002758253
2022-10-25,0.0050906461192791914,0.0050906461192791914,0.0,0.0,1.0367794458145512
2022-10-26,0.005914767464043435,0.005914767464043435,0.0,0.0,1.042911755148044
2022-10-27,-0.0026836835639944623,-0.0026836835639944623,0.0,0.0,1.0401129100120565
2022-10-28,-0.00406724137707748,-0.00406724137707748,0.0,0.0,1.0358825197476231
2022-10-31,0.0037377765706277464,0.0037377765706277464,0.0,0.0,1.0397544171598585
2022-11-01,0.009103834157752766,0.009103834157752766,0.0,0.0,1.0492201689384728
2022-11-02,-0.0027669892516317732,-0.0027669892516317732,0.0,0.0,1.0463169880084249
2022-11-03,-0.005221102430999467,-0.005221102430999467,0.0,0.0,1.0408540598387381
2022-11-04,0.00904812695584819,0.00904812695584819,0.0,0.0,1.050271839514669
2022-11-07,0.009637968365767057,0.009637968365767057,0.0,0.0,1.0603943262793674
2022-11-08,0.006510235333166081,0.006510235333166081,0.0,0.0,1.0672977428894002
2022-11-09,0.008701555900393796,0.008701555900393796,0.0,0.0,1.0765848938615163
2022-11-10,-0.007077103091611479,-0.007077103091611479,0.0,0.0,1.0689657915807869
2022-11-11,0.023546574403429655,0.023546574403429655,0.0,0.0,1.094136274126965
2022-11-14,0.00868608773619003,0.00868608773619003,0.0,0.0,1.1036400377993798
2022-11-15,0.0027619446999183114,0.0027619446999183114,0.0,0.0,1.1066882305523975
2022-11-16,-0.008907695588016578,-0.008907695588016578,0.0,0.0,1.096830188683796
2022-11-17,-0.003258587166748786,-0.003258587166748786,0.0,0.0,1.0932560719068483
2022-11-18,-0.003981464455575356,-0.003981464455575356,0.0,0.0,1.0889033117157092
2022-11-21,-0.0013843680346002315,-0.0013843680346002315,0.0,0.0,1.0873958687781997
2022-11-22,0.003639078459224045,0.003639078459224045,0.0,0.0,1.0913529876609196
2022-11-23,0.007359844505195567,0.007359844505195567,0.0,0.0,1.0993851759503848
2022-11-24,0.008305542020007932,0.008305542020007932,0.0,0.0,1.1085161657254146
2022-11-25,0.00027937640772284574,0.00027937640772284574,0.0,0.0,1.1088258589896978
2022-11-28,-0.004213902125095159,-0.004213902125095159,0.0,0.0,1.1041533753461406
2022-11-29,0.013196335054321408,0.013196335054321408,0.0,0.0,1.118724153238568
2022-11-30,0.012089683242362918,0.012089683242362918,0.0,0.0,1.132249173886803
2022-12-01,-0.002195229215359507,-0.002195229215359507,0.0,0.0,1.12976362742122
2022-12-02,-0.003923731267948209,-0.003923731267948209,0.0,0.0,1.1253307385509168
2022-12-05,0.0005561117156650254,0.0005561117156650254,0.0,0.0,1.125956548158623
2022-12-06,-0.01040919666740557,-0.01040919666740557,0.0,0.0,1.1142362450098866
2022-12-07,0.0033722875241695947,0.0033722875241695947,0.0,0.0,1.117993769997911
2022-12-08,-0.003194068565142749,-0.003194068565142749,0.0,0.0,1.1144228212411353
2022-12-09,0.004949831109757029,0.004949831109757029,0.0,0.0,1.119939025991138
2022-12-12,-0.00031006582190385866,-0.00031006582190385866,0.0,0.0,1.1195917711765617
2022-12-13,-0.00797825448027676,-0.00797825448027676,0.0,0.0,1.1106593831120912
2022-12-14,0.009463227748352728,0.009463227748352728,0.0,0.0,1.1211698058053259
2022-12-15,-0.0008373742910962703,-0.0008373742910962703,0.0,0.0,1.120230967033991
2022-12-16,-0.009185785380798145,-0.009185785380798145,0.0,0.0,1.1099407657938927
2022-12-19,-0.0012123949788730892,-0.0012123949788730892,0.0,0.0,1.1085950791825976
2022-12-20,-0.008906613277491737,-0.008906613277491737,0.0,0.0,1.0987212515309879
2022-12-21,0.00019247527586192987,0.00019247527586192987,0.0,0.0,1.0989327282069716
2022-12-22,0.014981987710707134,0.014981987710707134,0.0,0.0,1.1153969248358624
2022-12-23,-0.007439356646988913,-0.007439356646988913,0.0,0.0,1.1070990893090538
2022-12-26,0.0031696570706621534,0.0031696570706621534,0.0,0.0,1.1106082137654059
2022-12-27,0.0024344330704492855,0.0024344330704492855,0.0,0.0,1.113311915129309
2022-12-28,-0.0063371755187841584,-0.0063371755187841584,0.0,0.0,1.1062566621159806
2022-12-29,-0.004409336898340407,-0.004409336898340407,0.0,0.0,1.1013788037966776
2022-12-30,0.004388048029659814,0.004388048029659814,0.0,0.0,1.1062117068865869
2023-01-03,0.00039040573010959374,0.00039040573010959374,0.0,0.0,1.1066435782756698
2023-01-04,0.001491002923230226,0.001491002923230226,0.0,0.0,1.1082935870858528
2023-01-05,0.006376515310308922,0.006376515310308922,0.0,0.0,1.115360638112223
2023-01-06,0.0031759940275958047,0.0031759940275958047,0.0,0.0,1.1189030168374827
2023-01-09,0.01784757677878214,0.01784757677878214,0.0,0.0,1.1388727243385008
2023-01-10,0.0006147427199208881,0.0006147427199208881,0.0,0.0,1.1395728380547043
2023-01-11,-0.008200211249348143,-0.008200211249348143,0.0,0.0,1.1302281000486365
2023-01-12,-0.004952297603973645,-0.004952297603973645,0.0,0.0,1.124630874136822
2023-01-13,0.0020002336586725823,0.0020002336586725823,0.0,0.0,1.126880398664853
2023-01-16,0.0073760292443818,0.0073760292443818,0.0,0.0,1.1351923014403256
2023-01-17,0.00012890741945129647,0.00012890741945129647,0.0,0.0,1.1353386361504851
2023-01-30,0.019171718924986886,0.019171718924986886,0.0,0.0,1.1571050293674403
2023-01-31,-0.015794089085019874,-0.015794089085019874,0.0,0.0,1.1388296094528865
2023-02-01,0.0063689875365816944,0.0063689875365816944,0.0,0.0,1.1460828010417823
2023-02-02,0.0028242337362840413,0.0028242337362840413,0.0,0.0,1.1493196067530593
2023-02-03,-0.0015527104149530868,-0.0015527104149530868,0.0,0.0,1.1475350462295442
2023-02-06,-0.00507564143723233,-0.00507564143723233,0.0,0.0,1.141710569798225
2023-02-07,0.0022243239601396807,0.0022243239601396807,0.0,0.0,1.144250103974172
2023-02-08,0.00017419164306678686,0.00017419164306678686,0.0,0.0,1.1444494227798627
2023-02-09,-0.00014080664019495048,-0.00014080664019495048,0.0,0.0,1.144288276701768
2023-02-10,-0.0003757598511158794,-0.0003757598511158794,0.0,0.0,1.1438582991092807
2023-02-13,0.006266087035569532,0.006266087035569532,0.0,0.0,1.151025814767858
2023-02-14,0.004053111146768525,0.004053111146768525,0.0,0.0,1.155691050327912
2023-02-15,-0.005754164804196498,-0.005754164804196498,0.0,0.0,1.1490410135615903
2023-02-16,0.005019588254397278,0.005019588254397278,0.0,0.0,1.1548087263370848
2023-02-17,0.004438743720523964,0.004438743720523964,0.0,0.0,1.1599346263195198
2023-02-20,0.009524172703222077,0.009524172703222077,0.0,0.0,1.1709820440250343
2023-02-21,-0.005385849588461394,-0.005385849588461394,0.0,0.0,1.1646753108651262
2023-02-22,-2.8907885536833965e-05,-2.8907885536833965e-05,0.0,0.0,1.164641642564552
2023-02-23,0.004531411848434004,0.004531411848434004,0.0,0.0,1.1699191135028488
2023-02-24,-0.0040906402910255,-0.0040906402910255,0.0,0.0,1.1651333952399132
2023-03-01,-0.006603233066378215,-0.006603233066378215,0.0,0.0,1.1574397478777234
2023-03-02,-0.0002863176409106211,-0.0002863176409106211,0.0,0.0,1.1571083524596149
2023-03-03,0.0029318403601502267,0.0029318403601502267,0.0,0.0,1.1605008094284228
2023-03-06,0.007704098925551619,0.007704098925551619,0.0,0.0,1.169441422467442
2023-03-07,0.0042831452485431725,0.0042831452485431725,0.0,0.0,1.1744503099395331
2023-03-08,-0.0003990818801810462,-0.0003990818801810462,0.0,0.0,1.1739816081016634
2023-03-09,-0.006809828402065676,-0.006809828402065676,0.0,0.0,1.16598699480331
2023-03-10,-0.011904029528079427,-0.011904029528079427,0.0,0.0,1.1521070511878146
2023-03-13,-0.0021055114553213323,-0.0021055114553213323,0.0,0.0,1.1496812765937823
2023-03-14,-0.012297826708612132,-0.012297826708612132,0.0,0.0,1.135542695484096
2023-03-15,-0.0025796077012272857,-0.0025796077012272857,0.0,0.0,1.1326134408017527
2023-03-16,-0.011717909015550174,-0.011717909015550174,0.0,0.0,1.1193415795526487
2023-03-17,0.005861984890897594,0.005861984890897594,0.0,0.0,1.1259031429797397
2023-03-20,-0.002256261500277335,-0.002256261500277335,0.0,0.0,1.1233628110651932
2023-03-21,0.005894005624244129,0.005894005624244129,0.0,0.0,1.129983917791678
2023-03-22,0.011413958997786685,0.011413958997786685,0.0,0.0,1.1428815078975105
2023-03-23,0.0056239149275094345,0.0056239149275094345,0.0,0.0,1.1493089762701498
2023-03-24,0.0017515517146074351,0.0017515517146074351,0.0,0.0,1.1513220503781494
2023-03-27,-0.0002162727832840483,-0.0002162727832840483,0.0,0.0,1.1510730507538578
2023-03-28,-0.0020135362946470782,-0.0020135362946470782,0.0,0.0,1.1487553233883747
2023-03-29,0.00635207996127075,0.00635207996127075,0.0,0.0,1.1560523090584733
2023-03-30,-0.0004169387852970858,-0.0004169387852970858,0.0,0.0,1.1555703060129945
2023-03-31,0.0030500111904458132,0.0030500111904458132,0.0,0.0,1.159094808377681
2023-04-06,0.0034932685604867693,0.0034932685604867693,0.0,0.0,1.1631438378304102
2023-04-07,-0.0005486457856386796,-0.0005486457856386796,0.0,0.0,1.1625056838656929
2023-04-10,0.0040894890814457685,0.0040894890814457685,0.0,0.0,1.1672597381669803
2023-04-11,0.006125561398308009,0.006125561398308009,0.0,0.0,1.174409859360895
2023-04-12,0.0018236654880378952,0.0018236654880378952,0.0,0.0,1.1765515900902228
2023-04-13,0.0005698717452848031,0.0005698717452848031,0.4840653623393043,0.0,1.1772220735982852
2023-04-14,0.002204382137479575,0.002204382137479575,0.0,0.0,1.179817120909172
2023-04-17,-0.0007002829217752357,-0.0007002829217752357,0.0,0.0,1.1789909151285811
2023-04-18,0.0015521705146407786,0.0015521705146407786,0.0,0.0,1.1808209100640732
2023-04-19,-0.002271137535473973,-0.002271137535473973,0.0,0.0,1.1781391033725541
2023-04-20,-0.00670998698957374,-0.00670998698957374,0.0,0.0,1.1702338053170163
2023-04-21,0.00011616077389246424,0.00011616077389246424,0.0,0.0,1.170369740581477
2023-04-24,0.001586170756137499,0.001586170756137499,0.0,0.0,1.1722261468378556
2023-04-25,-0.005595660838337552,-0.005595660838337552,0.0,0.0,1.1656667668943197
2023-04-26,0.005279175787459805,0.005279175787459805,0.0,0.0,1.1718205266663546
2023-04-27,-0.00016884961987876344,-0.00016884961987876344,0.0,0.0,1.171622665215861
2023-04-28,0.0027301418007505155,0.0027301418007505155,0.0,0.0,1.1748213612288736
2023-05-02,0.0045144657888047494,0.0045144657888047494,0.0,0.0,1.1801250520720985
2023-05-03,-0.0019854342504505777,-0.0019854342504505777,0.0,0.0,1.1777819913738998
2023-05-04,0.004621111224574874,0.004621111224574874,0.0,0.0,1.18322465295434
2023-05-05,0.0006877385435871278,0.0006877385435871278,0.0,0.0,1.184038402153899
2023-05-08,0.0040794441676907265,0.0040794441676907265,0.0,0.0,1.1888686207078876
2023-05-09,0.003527884297535503,0.003527884297535503,0.0,0.0,1.1930628116467157
2023-05-10,0.0012270249393386485,0.0012270249393386485,0.0,0.0,1.1945267294708037
2023-05-11,-0.0033337488075111466,-0.0033337488075111466,0.0,0.0,1.1905444774108902
2023-05-12,-0.001482155697779152,-0.001482155697779152,0.0,0.0,1.1887799051302361
2023-05-15,0.0006368311661121664,0.0006368311661121664,0.0,0.0,1.189536957223471
2023-05-16,0.008836966830815687,0.008836966830815687,0.0,0.0,1.2000488558584843
2023-05-17,0.008984224461327971,0.008984224461327971,0.0,0.0,1.210830364144077
2023-05-18,0.003973651172208669,0.003973651172208669,0.0,0.0,1.2156417816399039
2023-05-19,0.005549750144767642,0.005549750144767642,0.0,0.0,1.2223882897935456
2023-05-22,0.00024109590967378778,0.00024109590967378778,0.0,0.0,1.222683002610248
2023-05-23,0.0011175826429757959,0.0011175826429757959,0.0,0.0,1.2240494519118268
2023-05-24,-0.000669259228795441,-0.000669259228795441,0.0,0.0,1.2232302455196329
2023-05-25,-0.0016664587788566007,-0.0016664587788566007,0.0,0.0,1.2211917827384238
2023-05-26,0.0010759135092542936,0.0010759135092542936,0.0,0.0,1.2225056794748625
2023-05-29,0.005293082161401836,0.005293082161401836,0.0,0.0,1.2289765024791035
2023-05-30,0.0008738298675437721,0.0008738298675437721,0.0,0.0,1.230050418853479
2023-05-31,0.0017420846682589344,0.0017420846682589344,0.0,0.0,1.2321932708293493
2023-06-01,-0.003628254398430616,-0.003628254398430616,0.0,0.0,1.2277225601747461
2023-06-02,0.007885734486220203,0.007885734486220203,0.0,0.0,1.2374040543070266
2023-06-05,0.005452425199761366,0.005452425199761366,0.0,0.0,1.2441509073550172
2023-06-06,0.00102486689695452,0.00102486689695452,0.0,0.0,1.2454259964347814
2023-06-07,0.004733231247035023,0.004733231247035023,0.0,0.0,1.2513208856769762
2023-06-08,-0.00189341474716047,-0.00189341474716047,0.0,0.0,1.2489516162586056
2023-06-09,0.0069810030831290735,0.0069810030831290735,0.0,0.0,1.2576705513423858
2023-06-12,-0.0022661599652962477,-0.0022661599652962477,0.0,0.0,1.2548204686894018
2023-06-13,0.00773325184145394,0.00773325184145394,0.0,0.0,1.264524311389588
2023-06-14,0.0006460005381304276,0.0006460005381304276,0.0,0.0,1.2653411947752247
2023-06-15,0.004224517624730368,0.004224517624730368,0.0,0.0,1.2706866509538501
2023-06-16,-0.004617136747819171,-0.004617136747819171,0.0,0.0,1.264819716922768
2023-06-19,0.003368476144464544,0.003368476144464544,0.0,0.0,1.2690802319662706
2023-06-20,-0.002403822880576785,-0.002403822880576785,0.0,0.0,1.2660295878673824
2023-06-21,0.004393340867196814,0.004393340867196814,0.0,0.0,1.2715916873948405
2023-06-26,-0.004046183777088625,-0.004046183777088625,0.0,0.0,1.2664465937382228
2023-06-27,-0.011615058909671981,-0.011615058909671981,0.0,0.0,1.251736741946
2023-06-28,0.0019709460739784235,0.0019709460739784235,0.0,0.0,1.2542038475631931
2023-06-29,-0.0017735117571073156,-0.0017735117571073156,0.0,0.0,1.2519795022937306
2023-06-30,-0.00532614528622149,-0.00532614528622149,0.0,0.0,1.2453112775691428
2023-07-03,0.006351231237687071,0.006351231237687071,0.0,0.0,1.2532205374558838
2023-07-04,0.0024588001670615917,0.0024588001670615917,0.0,0.0,1.2563019563227453
2023-07-05,-0.00575055660886494,-0.00575055660886494,0.0,0.0,1.2490775208050837
2023-07-06,-0.013581305715151306,-0.013581305715151306,0.0,0.0,1.2321134171331067
2023-07-07,-0.008303322314375198,-0.008303322314375198,0.0,0.0,1.2218827823027842
2023-07-10,0.0008877688681648716,0.0008877688681648716,0.0,0.0,1.2229675317974593
2023-07-11,0.01592662784916077,0.01592662784916077,0.0,0.0,1.2424452805480042
2023-07-12,0.0060316033091969996,0.0060316033091969996,0.0,0.0,1.2499392176136537
2023-07-13,0.0035467644426307103,0.0035467644426307103,0.0,0.0,1.2543724575861355
2023-07-14,0.013931762645570712,0.013931762645570712,0.0,0.0,1.2718480769343665
2023-07-17,0.009345884696653591,0.009345884696653591,0.0,0.0,1.2837346224130557
2023-07-18,0.0021911584318080155,0.0021911584318080155,0.0,0.0,1.2865474883551598
2023-07-19,-0.008564397258887751,-0.008564397258887751,0.0,0.0,1.2755289845724618
2023-07-20,0.001173504165933494,0.001173504165933494,0.0,0.0,1.2770258231496265
2023-07-21,-0.0015150534857845445,-0.0015150534857845445,0.0,0.0,1.275091060724827
2023-07-24,-0.0005817222097639346,-0.0005817222097639346,0.0,0.0,1.2743493119353317
2023-07-25,0.0071859728497842956,0.0071859728497842956,0.0,0.0,1.2835067514920404
2023-07-26,0.003514144046005578,0.003514144046005578,0.0,0.0,1.2880171791008042
2023-07-27,0.0006713277209861239,0.0006713277209861239,0.0,0.0,1.288881860738241
2023-07-28,0.0018783390562233135,0.0018783390562233135,0.0,0.0,1.2913028178761234
2023-07-31,-0.004073811253144802,-0.004073811253144802,0.0,0.0,1.2860422939254421
2023-08-01,0.0031874096569757693,0.0031874096569757693,0.0,0.0,1.2901414375523792
2023-08-02,-0.016974664795816184,-0.016974664795816184,0.0,0.0,1.2682417191107351
2023-08-04,0.0013596646309113167,0.0013596646309113167,0.0,0.0,1.2699661025196562
2023-08-07,0.01196887299609255,0.01196887299609255,0.0,0.0,1.2851661655100566
2023-08-08,-0.003240237369816025,-0.003240237369816025,0.0,0.0,1.2810019220741478
2023-08-09,-0.00376165674676089,-0.00376165674676089,0.0,0.0,1.2761832325513638
2023-08-10,-0.009938404229451157,-0.009938404229451157,0.0,0.0,1.2635000077154206
2023-08-11,-0.005550064556745158,-0.005550064556745158,0.0,0.0,1.256487501105152
2023-08-14,-0.009662166001578583,-0.009662166001578583,0.0,0.0,1.2443471102905654
2023-08-15,-0.00043128217616642006,-0.00043128217616642006,0.0,0.0,1.243810445560933
2023-08-16,-0.004976784755806188,-0.004976784755806188,0.0,0.0,1.2376202686963527
2023-08-17,-0.0019288663268960744,-0.0019288663268960744,0.0,0.0,1.2352330646345802
2023-08-18,-0.0026704192204378813,-0.0026704192204378813,0.0,0.0,1.2319344745170595
2023-08-21,0.0018156582711048555,0.0018156582711048555,0.0,0.0,1.2341712465351755
2023-08-22,-0.001012217700049749,-0.001012217700049749,0.0,0.0,1.2329219965545402
2023-08-23,0.0022660682463622787,0.0022660682463622787,0.0,0.0,1.235715881941174
2023-08-24,0.0028697229193695574,0.0028697229193695574,0.0,0.0,1.2392620441294095
2023-08-25,-0.007891240357484343,-0.007891240357484343,0.0,0.0,1.229482729473277
2023-08-28,0.0020366507811066616,0.0020366507811066616,0.0,0.0,1.231986756434616
2023-08-29,0.005573725718927888,0.005573725718927888,0.0,0.0,1.2388535127043343
2023-08-30,0.0029736356153251364,0.0029736356153251364,0.0,0.0,1.2425374116318826
2023-08-31,-0.008369145786116583,-0.008369145786116583,0.0,0.0,1.2321384348892315
2023-09-01,0.0029895346443647537,0.0029895346443647537,0.0,0.0,1.235821955426986
2023-09-04,0.003998251423179621,0.003998251423179621,0.0,0.0,1.2407630823190685
2023-09-05,0.00015920096091393964,0.00015920096091393964,0.0,0.0,1.2409606129940403
2023-09-06,-0.0018451869091415964,-0.0018451869091415964,0.0,0.0,1.2386708087161833
2023-09-07,-0.001443031510594253,-0.001443031510594253,0.0,0.0,1.2368833677079527
2023-09-08,0.0010035653222400188,0.0010035653222400188,0.0,0.0,1.2381246609634398
2023-09-11,-0.0029774629347244165,-0.0029774629347244165,0.0,0.0,1.234438190676853
2023-09-12,0.006323633260246089,0.006323633260246089,0.0,0.0,1.2422443250771351
2023-09-13,0.0016691766219846492,0.0016691766219846492,0.0,0.0,1.2443178502633472
2023-09-14,0.011994738297424038,0.011994738297424038,0.0,0.0,1.2592431172360694
2023-09-15,0.0004401054775139391,0.0004401054775139391,0.0,0.0,1.2597973170294865
2023-09-18,-0.004785597908692051,-0.004785597908692051,0.0,0.0,1.2537684336237342
2023-09-19,0.0010178167649101697,0.0010178167649101697,0.0,0.0,1.2550445401547916
2023-09-20,-0.004641861173255685,-0.004641861173255685,0.0,0.0,1.2492187976331406
2023-09-21,-0.012996479245138243,-0.012996479245138243,0.0,0.0,1.232983351457065
2023-09-22,0.004266227006028536,0.004266227006028536,0.0,0.0,1.2382435383290347
2023-09-25,0.0038903419931024742,0.0038903419931024742,0.0,0.0,1.2430607291638838
2023-09-26,-0.008546803170082409,-0.008546803170082409,0.0,0.0,1.232436533783261
2023-09-27,0.000768703815183285,0.000768703815183285,0.0,0.0,1.2333839124487516
2023-09-28,0.002955036281055646,0.002955036281055646,0.0,0.0,1.2370286066585081
2023-10-02,0.003126947273017768,0.003126947273017768,0.0,0.0,1.240896729886744
2023-10-03,-0.00542329924202004,-0.00542329924202004,0.0,0.0,1.234166975592124
2023-10-04,-0.011303854344496435,-0.011303854344496435,0.0,0.0,1.220216131863243
2023-10-05,0.00839443576907083,0.00839443576907083,0.0,0.0,1.2304591578065531
2023-10-06,0.00533777902582503,0.00533777902582503,0.0,0.0,1.2370270768912273
2023-10-11,0.01193205942096559,0.01193205942096559,0.0,0.0,1.2517873574780367
2023-10-12,0.006057819378507064,0.006057819378507064,0.0,0.0,1.2593704591899373
2023-10-13,-0.006664307844139858,-0.006664307844139858,0.0,0.0,1.2509776267600798
2023-10-16,-0.001321200510059675,-0.001321200510059675,0.0,0.0,1.249324834481531
2023-10-17,-0.0034531696803419823,-0.0034531696803419823,0.0,0.0,1.2450107038422014
2023-10-18,-0.005354240072714475,-0.005354240072714475,0.0,0.0,1.2383446176407311
2023-10-19,-0.0048151873090987885,-0.0048151873090987885,0.0,0.0,1.2323817563535766
2023-10-20,-0.007081286052057723,-0.007081286052057723,0.0,0.0,1.2236549086114996
2023-10-23,-0.006342174450414619,-0.006342174450414619,0.0,0.0,1.2158942757139792
2023-10-24,0.0038270054893721427,0.0038270054893721427,0.0,0.0,1.2205475097816327
2023-10-25,0.00010135553382287378,0.00010135553382287378,0.0,0.0,1.220671219026043
2023-10-26,-0.00856075545041991,-0.00856075545041991,0.0,0.0,1.210221351234595
2023-10-27,0.005667953668300085,0.005667953668300085,0.0,0.0,1.2170808297817803
2023-10-30,-0.004089081150129219,-0.004089081150129219,0.0,0.0,1.2121040875025362
2023-10-31,-0.00253659787557816,-0.00253659787557816,0.0,0.0,1.2090294668491977
2023-11-01,0.004925841652797862,0.004925841652797862,0.0,0.0,1.2149849545564635
2023-11-02,0.012422922589063634,0.012422922589063634,0.0,0.0,1.2300786185937955
2023-11-03,0.006667461809767673,0.006667461809767673,0.0,0.0,1.2382801208062815
2023-11-06,0.008326800962923384,0.008326800962923384,0.0,0.0,1.24859103290858
2023-11-07,-0.001275347910641029,-0.001275347910641029,0.0,0.0,1.246998644943515
2023-11-08,0.003997570418575186,0.003997570418575186,0.0,0.0,1.2519836098385448
2023-11-09,-0.0016939038891084536,-0.0016939038891084536,0.0,0.0,1.2498628699327392
2023-11-10,-0.002379680689302759,-0.002379680689302759,0.0,0.0,1.2468885953968838
2023-11-13,-0.0007999934794504625,-0.0007999934794504625,0.0,0.0,1.2458910926509652
2023-11-14,0.0028990635551165767,0.0028990635551165767,0.0,0.0,1.2495030101113138
2023-11-15,0.009687912645225984,0.009687912645225984,0.0,0.0,1.2616080861232193
2023-11-16,0.0048017260160786255,0.0048017260160786255,0.0,0.0,1.2676659824924523
2023-11-17,0.0003710398162609127,0.0003710398162609127,0.0,0.0,1.2681363370456764
2023-11-20,0.0001281595693048398,0.0001281595693048398,0.0,0.0,1.268298860852452
2023-11-21,0.011480129249414826,0.011480129249414826,0.0,0.0,1.2828590957019237
2023-11-22,-0.00592830840692591,-0.00592830840692591,0.0,0.0,1.2752539113399726
2023-11-23,0.0004789824740329638,0.0004789824740329638,0.0,0.0,1.2758647356134465
2023-11-24,-0.00019461348059906006,-0.00019461348059906006,0.0,0.0,1.2756164351364752
2023-11-27,-0.0022265478424273047,-0.0022265478424273047,0.0,0.0,1.2727762141150574
2023-11-28,0.006317984723127093,0.006317984723127093,0.0,0.0,1.280817594791796
2023-11-29,-0.00047505462940262223,-0.00047505462940262223,0.0,0.0,1.2802091364639696
2023-11-30,0.004017980438341501,0.004017980438341501,0.0,0.0,1.285352991731268
2023-12-01,-0.00529611338487935,-0.00529611338487935,0.0,0.0,1.2785456165474653
2023-12-04,0.004361522200703933,0.004361522200703933,0.0,0.0,1.2841220216386497
2023-12-05,-0.0008734345862244634,-0.0008734345862244634,0.0,0.0,1.2830004250520182
2023-12-06,0.004295834304932208,0.004295834304932208,0.0,0.0,1.2885119822911992
2023-12-07,-0.005729295973120432,-0.005729295973120432,0.0,0.0,1.2811297157797408
2023-12-08,0.002875017456679174,0.002875017456679174,0.0,0.0,1.284812986076878
2023-12-11,0.0009945039691647397,0.0009945039691647397,0.0,0.0,1.2860907376911659
2023-12-12,0.0018275810262188765,0.0018275810262188765,0.0,0.0,1.2884411727213663
2023-12-13,0.0021817767107321414,0.0021817767107321414,0.0,0.0,1.2912522636651582
2023-12-14,0.009146519313524757,0.009146519313524757,0.0,0.0,1.3030627274334041
2023-12-15,-0.006909472557289386,-0.006909472557289386,0.0,0.0,1.2940592512777764
2023-12-18,0.00066118121169086,0.00066118121169086,0.0,0.0,1.294914858941536
2023-12-19,-0.005674478392652497,-0.005674478392652497,0.0,0.0,1.2875668925541477
2023-12-20,0.002949351690471038,0.002949351690471038,0.0,0.0,1.2913643801452968
2023-12-21,-0.0025783430852754146,-0.0025783430852754146,0.0,0.0,1.2880347997251782
2023-12-22,4.65787161313148e-05,4.65787161313148e-05,0.0,0.0,1.2880947947324817
2023-12-25,0.0033255142232709884,0.0033255142232709884,0.0,0.0,1.292378372293286
2023-12-26,0.007745414639193068,0.007745414639193068,0.0,0.0,1.302388378657423
2023-12-27,0.006909066301407469,0.006909066301407469,0.0,0.0,1.3113866663157498
2023-12-28,0.0023189412952735865,0.0023189412952735865,0.0,0.0,1.3144276950103406
2023-12-29,0.0029898756455883106,0.0029898756455883106,0.0,0.0,1.318357670363539
2024-01-02,-0.0019386186429375925,-0.0019386186429375925,0.0,0.0,1.3158018776057125
2024-01-03,-0.011919298125783549,-0.011919298125783549,0.0,0.0,1.3001184427520645
2024-01-04,0.002113591991349602,0.002113591991349602,0.0,0.0,1.302866362680471
2024-01-05,0.0009356359476425172,0.0009356359476425172,0.0,0.0,1.3040853712843692
2024-01-08,0.0035468172309736615,0.0035468172309736615,0.0,0.0,1.3087107237499012
2024-01-09,-0.006204240519863388,-0.006204240519863388,0.0,0.0,1.3005911676488324
2024-01-10,-0.005836728667823306,-0.005836728667823306,0.0,0.0,1.2929999698954988
2024-01-11,0.004299928666504715,0.004299928666504715,0.0,0.0,1.298559777531842
2024-01-12,-0.0030388660474004103,-0.0030388660474004103,0.0,0.0,1.2946136283133807
2024-01-15,-0.0012408114011523092,-0.0012408114011523092,0.0,0.0,1.2930072569632822
2024-01-16,-0.010350428821739885,-0.010350428821739885,0.0,0.0,1.2796240773840906
2024-01-17,-0.01403186074872224,-0.01403186074872224,0.0,0.0,1.261668570519525
2024-01-18,0.0022491375285594965,0.0022491375285594965,0.0,0.0,1.2645062366500845
2024-01-19,0.010106849124902553,0.010106849124902553,0.0,0.0,1.2772864104014052
2024-01-22,0.005938750010133373,0.005938750010133373,0.0,0.0,1.2848718950841198
2024-01-23,0.00286092772016872,0.00286092772016872,0.0,0.0,1.2885478207056318
2024-01-24,0.0015261691462201653,0.0015261691462201653,0.0,0.0,1.2905143626330218
2024-01-25,0.0013015861845469317,0.0013015861845469317,0.0,0.0,1.2921940782983843
2024-01-26,0.002195832313194125,0.002195832313194125,0.0,0.0,1.2950315198104299
2024-01-29,0.004452459378093311,0.004452459378093311,0.0,0.0,1.3007975950457362
2024-01-30,-0.0074475481329320066,-0.0074475481329320066,0.0,0.0,1.2911098423454308
2024-01-31,-0.00039378008824531626,-0.00039378008824531626,0.0,0.0,1.2906014289977776
2024-02-01,0.007112686561540396,0.007112686561540396,0.0,0.0,1.299781072438115
2024-02-02,0.0003715822703796098,0.0003715822703796098,0.0,0.0,1.3002640480400078
2024-02-05,-0.004818556943094279,-0.004818556943094279,0.0,0.0,1.2939986516834687
2024-02-15,0.001581549503434158,0.001581549503434158,0.0,0.0,1.2960451746084831
2024-02-16,0.0029781329879764607,0.0029781329879764607,0.0,0.0,1.2999049694968925
2024-02-19,0.00795418286583408,0.00795418286583408,0.0,0.0,1.3102446513324773
2024-02-20,0.0028196375174523035,0.0028196375174523035,0.0,0.0,1.3139390663084154
2024-02-21,-0.002040464152585398,-0.002040464152585398,0.0,0.0,1.3112580207449316
2024-02-22,0.0027997796493070526,0.0027997796493070526,0.0,0.0,1.314929254266404
2024-02-23,-0.005588302635975381,-0.005588302635975381,0.0,0.0,1.3075810316486658
2024-02-26,-0.0020764655317947038,-0.0020764655317947038,0.0,0.0,1.3048658847064187
2024-02-27,-0.0012204626923888694,-0.0012204626923888694,0.0,0.0,1.3032733445755635
2024-02-29,0.007456388522538325,0.007456388522538325,0.0,0.0,1.3129910569837868
2024-03-01,-0.0035486821430313776,-0.0035486821430313776,0.0,0.0,1.3083316690659086
2024-03-04,0.00368936116442719,0.00368936116442719,0.0,0.0,1.3131585771159504
2024-03-05,-6.863405291337658e-05,-6.863405291337658e-05,0.0,0.0,1.313068449720685
2024-03-06,0.0037770520345450833,0.0037770520345450833,0.0,0.0,1.3180279775801995
2024-03-07,-0.0004951844860295114,-0.0004951844860295114,0.0,0.0,1.317375310573549
2024-03-08,0.000701694568424479,0.000701694568424479,0.0,0.0,1.3182997056735548
2024-03-11,0.003739471088579063,0.003739471088579063,0.0,0.0,1.3232294493090033
2024-03-12,0.010715826098569466,0.010715826098569466,0.0,0.0,1.3374089459763043
2024-03-13,0.0059947446715173216,0.0059947446715173216,0.0,0.0,1.3454263711288355
2024-03-14,0.005273711976596439,0.005273711976596439,0.0,0.0,1.3525217622958863
2024-03-15,0.003222616643575192,0.003222616643575192,0.0,0.0,1.3568804214378587
2024-03-18,-0.0016646436493145693,-0.0016646436493145693,0.0,0.0,1.3546216990614328
2024-03-19,-0.000270198427070845,-0.000270198427070845,0.0,0.0,1.3542556824090703
2024-03-20,-0.0030072564183566265,-0.0030072564183566265,0.0,0.0,1.3501830883160497
2024-03-21,0.014199618138672406,0.014199618138672406,0.0,0.0,1.369355172587431
2024-03-22,0.0001442432576715221,0.0001442432576715221,0.0,0.0,1.3695526928384343
2024-03-25,-0.0009893445932208852,-0.0009893445932208852,0.0,0.0,1.3681977332866435
2024-03-26,0.003283591063893354,0.003283591063893354,0.0,0.0,1.3726903351373025
2024-03-27,0.0063825203380225865,0.0063825203380225865,0.0,0.0,1.3814515591191234
2024-03-28,0.00039553772940948903,0.00039553772940948903,0.0,0.0,1.3819979753321068
2024-03-29,0.0026429719929450253,0.0026429719929450253,0.0,0.0,1.3856505572752162
2024-04-01,-0.0012687895567282872,-0.0012687895567282872,0.0,0.0,1.3838924583188708
2024-04-02,0.00217514694954616,0.00217514694954616,0.0,0.0,1.386902627778083
2024-04-03,-0.011433773594384187,-0.011433773594384187,0.0,0.0,1.371045097134612
2024-04-08,0.0064777595165514314,0.0064777595165514314,0.0,0.0,1.379926397560197
2024-04-09,0.0036685323830480242,0.0036685323830480242,0.0,0.0,1.3849887022358696
2024-04-10,-0.000548063278593287,-0.000548063278593287,0.0,0.0,1.3842296407869075
2024-04-11,-0.0016018148992757593,-0.0016018148992757593,0.0,0.0,1.3820123611242758
2024-04-12,-0.005728693859095104,-0.005728693859095104,0.0,0.0,1.3740952353979097
2024-04-15,-0.0028803298083271032,-0.0028803298083271032,0.0,0.0,1.3701373879319128
2024-04-16,-0.023156886164670442,-0.023156886164670442,0.0,0.0,1.3384092724096144
2024-04-17,0.005911748436434778,0.005911748436434778,0.0,0.0,1.3463216113330918
2024-04-18,0.006355444495817787,0.006355444495817787,0.0,0.0,1.3548780836074392
2024-04-19,-0.01469048552146323,-0.01469048552146323,0.0,0.0,1.3349742667368563
2024-04-22,0.011825030015749907,0.011825030015749907,0.0,0.0,1.3507603775112733
2024-04-23,0.005100531845714383,0.005100531845714383,0.0,0.0,1.3576499738326988
2024-04-24,0.004352044348157474,0.004352044348157474,0.0,0.0,1.3635585267280936
2024-04-25,-0.006084559115388857,-0.006084559115388857,0.4969074961573268,0.0,1.355261874264924
2024-04-26,0.003214497085582569,0.003214497085582569,0.0,0.0,1.3596183596099498
2024-04-29,0.01687106832802892,0.01687106832802892,0.0,0.0,1.3825565738549719
2024-04-30,-0.00286363746709959,-0.00286363746709959,0.0,0.0,1.378597433049696
2024-05-02,0.0016191865915697393,0.0016191865915697393,0.0,0.0,1.3808296395284625
2024-05-03,0.000782692861036859,0.000782692861036859,0.0,0.0,1.3819104050296296
2024-05-06,0.015021288141985481,0.015021288141985481,0.0,0.0,1.4026684794099875
2024-05-07,-0.0004008694219272353,-0.0004008694219272353,0.0,0.0,1.402106192507491
2024-05-08,0.0007433814082770748,0.0007433814082770748,0.0,0.0,1.4031484921834312
2024-05-09,-0.007505580043881176,-0.007505580043881176,0.0,0.0,1.3926170488618974
2024-05-10,0.010901113235705407,0.010901113235705407,0.0,0.0,1.4077981250055147
2024-05-13,0.0010435321769846808,0.0010435321769846808,0.0,0.0,1.4092672076476567
2024-05-14,-0.006455479258580649,-0.006455479258580649,0.0,0.0,1.4001697124188892
2024-05-15,0.0013693502121582936,0.0013693502121582936,0.0,0.0,1.4020870351116477
2024-05-16,0.008950871914654152,0.008950871914654152,0.0,0.0,1.414636936576129
2024-05-17,0.001116512677226694,0.001116512677226694,0.0,0.0,1.4162163966494896
2024-05-20,0.0079482117009703,0.0079482117009703,0.0,0.0,1.4274727843844452
2024-05-21,-0.004584150119673209,-0.004584150119673209,0.0,0.0,1.420929034849079
2024-05-22,0.004339673747074713,0.004339673747074713,0.0,0.0,1.4270954032780698
2024-05-23,-0.001264866190240771,-0.001264866190240771,0.0,0.0,1.4252903185522154
2024-05-24,-0.004130190979392311,-0.004130190979392311,0.0,0.0,1.419403597335516
2024-05-27,0.006376066569353433,0.006376066569353433,0.0,0.0,1.428453809160907
2024-05-28,0.0009127427711273751,0.0009127427711273751,0.0,0.0,1.4297576200491078
2024-05-29,-0.011380760594226602,-0.011380760594226602,0.0,0.0,1.4134858908675576
2024-05-30,-0.004957095637930882,-0.004957095637930882,0.0,0.0,1.4064791061236612
2024-05-31,0.005748916333451076,0.005748916333451076,0.0,0.0,1.4145648368295132
2024-06-03,0.004654725911997944,0.004654725911997944,0.0,0.0,1.4211492484297048
2024-06-04,-0.0048805454402933695,-0.0048805454402933695,0.0,0.0,1.4142132649453047
2024-06-05,0.0007393491689484889,0.0007393491689484889,0.0,0.0,1.415258862347458
2024-06-06,0.0036031448534426394,0.0036031448534426394,0.0,0.0,1.4203582450336143
2024-06-07,0.0039022191637481975,0.0039022191637481975,0.0,0.0,1.425900794196772
2024-06-11,-0.004060717657449502,-0.004060717657449502,0.0,0.0,1.420110613664006
2024-06-12,0.0014155727866799364,0.0014155727866799364,0.0,0.0,1.4221208836027843
2024-06-13,0.004395207776840471,0.004395207776840471,0.0,0.0,1.4283714003700025
2024-06-14,0.006065638392313116,0.006065638392313116,0.0,0.0,1.437035384774569
2024-06-17,0.000548013768415979,0.000548013768415979,0.0,0.0,1.4378228999511262
2024-06-18,0.006328772637349803,0.006328772637349803,0.0,0.0,1.4469225541776918
2024-06-19,0.0007348668800461278,0.0007348668800461278,0.0,0.0,1.4479858496407487
2024-06-20,0.00475602047172615,0.00475602047172615,0.0,0.0,1.4548724999844098
2024-06-21,-0.0017395297307136225,-0.0017395297307136225,0.0,0.0,1.4523417060162893
2024-06-24,-0.0030675972054902863,-0.0030675972054902863,0.0,0.0,1.4478865066574966
2024-06-25,0.003973383880901955,0.003973383880901955,0.0,0.0,1.453639515564425
2024-06-26,-0.007004228853522711,-0.007004228853522711,0.0,0.0,1.4434578917268879
2024-06-27,-0.009254718256748628,-0.009254718256748628,0.0,0.0,1.4300990956234751
2024-06-28,0.0030512438274440954,0.0030512438274440954,0.0,0.0,1.4344626766616297
2024-07-01,0.0042981760101437755,0.0042981760101437755,0.0,0.0,1.4406282497259033
2024-07-02,0.0012725442083518239,0.0012725442083518239,0.0,0.0,1.4424615128614802
2024-07-03,0.008982349790708147,0.008982349790708147,0.0,0.0,1.4554182067296362
2024-07-04,0.002320162938104232,0.002320162938104232,0.0,0.0,1.4587950141123325
2024-07-05,0.0038179478131989417,0.0038179478131989417,0.0,0.0,1.4643646173463682
2024-07-08,-0.006130029929490093,-0.006130029929490093,0.0,0.0,1.4553880184143486
2024-07-09,-0.007092673122844052,-0.007092673122844052,0.0,0.0,1.445065426932832
2024-07-10,-0.0004964251029336382,-0.0004964251029336382,0.0,0.0,1.4443480601795209
2024-07-11,0.003100446840269721,0.003100446840269721,0.0,0.0,1.4488261845589543
2024-07-12,0.0035728888667369623,0.0035728888667369623,0.0,0.0,1.454002679503602
2024-07-15,-0.00089158867628653,-0.00089158867628653,0.0,0.0,1.4527063071792663
2024-07-16,-0.0010899706102537655,-0.0010899706102537655,0.0,0.0,1.4511228999991106
2024-07-17,0.002393635970982952,0.002393635970982952,0.0,0.0,1.4545963599708653
2024-07-18,0.0073778584667368585,0.0073778584667368585,0.0,0.0,1.465328166040961
2024-07-19,-0.010139307669440961,-0.010139307669440961,0.0,0.0,1.450470752928774
2024-07-22,-0.011443648271550432,-0.011443648271550432,0.0,0.0,1.4338720758040862
2024-07-23,0.012920782463902523,0.012920782463902523,0.0,0.0,1.4523988249766153
2024-07-26,-0.011755607274939031,-0.011755607274939031,0.0,0.0,1.4353249947836073
2024-07-29,-0.0009206194632682719,-0.0009206194632682719,0.0,0.0,1.434003606657294
2024-07-30,-0.0016427115260289,-0.0016427115260289,0.0,0.0,1.4316479524042711
2024-07-31,0.0032645103227076995,0.0032645103227076995,0.0,0.0,1.4363215819233783
2024-08-01,0.006692163599034905,0.006692163599034905,0.0,0.0,1.4459336809304342
2024-08-02,-0.01221726291202911,-0.01221726291202911,0.0,0.0,1.4282683289971492
2024-08-05,-0.04931784205946922,-0.04931784205946922,0.0,0.0,1.3578292171291257
2024-08-06,0.009619828825487413,0.009619828825487413,0.0,0.0,1.3708913017721536
2024-08-07,0.012935399608911304,0.012935399608911304,0.0,0.0,1.388624328580957
2024-08-08,-0.016467371912002163,-0.016467371912002163,0.0,0.0,1.36575733531616
2024-08-09,0.019575624014363257,0.019575624014363257,0.0,0.0,1.3924928874071678
2024-08-12,0.007946944002995256,0.007946944002995256,0.0,0.0,1.403558950407962
2024-08-13,-0.0010834339832146446,-0.0010834339832146446,0.0,0.0,1.402038286943645
2024-08-14,0.0047824649869112525,0.0047824649869112525,0.0,0.0,1.408743485961262
2024-08-15,-0.00908031619238459,-0.00908031619238459,0.0,0.0,1.3959516496747717
2024-08-16,0.01084727553776698,0.01084727553776698,0.0,0.0,1.4110939218561942
2024-08-19,0.000246726044637045,0.000246726044637045,0.0,0.0,1.4114420754781452
2024-08-20,0.003123552744236774,0.003123552744236774,0.0,0.0,1.4158507892463361
2024-08-21,0.000974927917629363,0.000974927917629363,0.0,0.0,1.41723114170797
2024-08-22,-0.00517495513597021,-0.00517495513597021,0.0,0.0,1.4098970341323314
2024-08-23,0.00028354084712960435,0.00028354084712960435,0.0,0.0,1.4102967975317546
2024-08-26,0.007009348995799742,0.007009348995799742,0.0,0.0,1.4201820599733133
2024-08-27,-0.0006298808980868269,-0.0006298808980868269,0.0,0.0,1.4192875144219306
2024-08-28,-0.0023075823389339077,-0.0023075823389339077,0.0,0.0,1.416012391619781
2024-08-29,-0.00549458252111244,-0.00549458252111244,0.0,0.0,1.4082319946831083
2024-08-30,0.006355309610104429,0.006355309610104429,0.0,0.0,1.4171817450121742
2024-09-02,0.0005968377795474075,0.0005968377795474075,0.0,0.0,1.4180275726180822
2024-09-03,-0.006912059388492698,-0.006912059388492698,0.0,0.0,1.408226081821626
2024-09-04,-0.02119733676912486,-0.02119733676912486,0.0,0.0,1.3783754393181877
2024-09-05,0.005760519556564797,0.005760519556564797,0.0,0.0,1.386315597992669
2024-09-06,0.008655749255874347,0.008655749255874347,0.0,0.0,1.398315198198401
2024-09-09,-0.00301895480923567,-0.00301895480923567,0.0,0.0,1.3940937478059727
2024-09-10,-0.001146036850195994,-0.001146036850195994,0.0,0.0,1.3924960649983593
2024-09-11,-0.004291665504438094,-0.004291665504438094,0.0,0.0,1.3865199376711401
2024-09-12,0.008777238546144334,0.008777238546144334,0.0,0.0,1.398689753913065
2024-09-13,0.0027320307461536197,0.0027320307461536197,0.0,0.0,1.4025110173250854
2024-09-16,0.005440309641023761,0.005440309641023761,0.0,0.0,1.4101411115342812
2024-09-18,-0.004676055968829598,-0.004676055968829598,0.0,0.0,1.4035472127727995
2024-09-19,0.005403595671771103,0.005403595671771103,0.0,0.0,1.411131414416865
2024-09-20,0.004570627596113144,0.004570627596113144,0.0,0.0,1.4175811706013408
2024-09-23,0.004926451997139823,0.004926451997139823,0.0,0.0,1.4245648161903577
2024-09-24,0.0011098178730504205,0.0011098178730504205,0.0,0.0,1.4261458236846845
2024-09-25,0.0019704658431296783,0.0019704658431296783,0.0,0.0,1.4289559953175772
2024-09-26,0.0017712854874042598,0.0017712854874042598,0.0,0.0,1.4314870843342227
2024-09-27,-0.0001890285323178576,-0.0001890285323178576,0.0,0.0,1.431216492431639
2024-09-30,-0.006743793643069524,-0.006743793643069524,0.0,0.0,1.4215646637481223
2024-10-01,0.0023967371499068225,0.0023967371499068225,0.0,0.0,1.424971780588722
2024-10-04,-0.010772246632179284,-0.010772246632179284,0.0,0.0,1.4096216331243248
2024-10-07,0.005708262809866545,0.005708262809866545,0.0,0.0,1.4176681238686717
2024-10-08,-0.009074231554990632,-0.009074231554990632,0.0,0.0,1.4048038750445582
2024-10-09,-0.0024174738807814294,-0.0024174738807814294,0.0,0.0,1.4014077983690174
2024-10-11,-0.0016195601822023668,-0.0016195601822023668,0.0,0.0,1.399138134099751
2024-10-14,0.0032756207424326994,0.0032756207424326994,0.0,0.0,1.403721179993337
2024-10-15,0.007349796053352802,0.007349796053352802,0.0,0.0,1.4140382443820598
2024-10-16,-0.006940727776523875,-0.006940727776523875,0.0,0.0,1.4042237898622103
2024-10-17,0.00804504789372635,0.00804504789372635,0.0,0.0,1.4155208375051618
2024-10-18,0.008462710226399934,0.008462710226399934,0.0,0.0,1.4274999801723989
2024-10-21,-0.005826723361245613,-0.005826723361245613,0.0,0.0,1.4191823326897508
2024-10-22,0.004220345483172681,0.004220345483172681,0.0,0.0,1.4251717724373163
2024-10-23,-0.009022771203058302,-0.009022771203058302,0.0,0.0,1.4123127736095573
2024-10-24,-0.00042126794882877696,-0.00042126794882877696,0.0,0.0,1.411717811504314
2024-10-25,0.0028507375623308883,0.0028507375623308883,0.0,0.0,1.4157422484969808
2024-10-28,-0.002233452774347274,-0.002233452774347274,0.0,0.0,1.4125802550443145
2024-10-29,-0.003827672594135882,-0.003827672594135882,0.0,0.0,1.407173360315064
2024-10-30,-0.0018274959138272063,-0.0018274959138272063,0.0,0.0,1.4046017567490416
2024-11-01,-0.004640945496001102,-0.004640945496001102,0.0,0.0,1.398083076552382
2024-11-04,0.006056405735759124,0.006056405735759124,0.0,0.0,1.4065504349162814
2024-11-05,0.0034848807469797464,0.0034848807469797464,0.0,0.0,1.4114520954465772
2024-11-06,-0.0044843696830268,-0.0044843696830268,0.0,0.0,1.405122622460712
2024-11-07,0.00831375469405495,0.00831375469405495,0.0,0.0,1.4168044672589177
2024-11-08,-0.0021832333689470323,-0.0021832333689470323,0.0,0.0,1.413711252468725
2024-11-11,0.0022483498038765827,0.0022483498038765827,0.0,0.0,1.416889769885951
2024-11-12,-0.008165742563824423,-0.008165742563824423,0.0,0.0,1.405319812783746
2024-11-13,0.0019196437769119674,0.0019196437769119674,0.0,0.0,1.4080175262169274
2024-11-14,-0.009812237781613694,-0.009812237781613694,0.0,0.0,1.3942017234490074
2024-11-15,0.007523741951236303,0.007523741951236303,0.0,0.0,1.4046913374442067
2024-11-18,-0.003131031602833602,-0.003131031602833602,0.0,0.0,1.4002932044744423
2024-11-19,0.011400161100462798,0.011400161100462798,0.0,0.0,1.4162567725933342
2024-11-20,-0.007612831413884075,-0.007612831413884075,0.0,0.0,1.4054750485448095
2024-11-21,-0.0015196898746875544,-0.0015196898746875544,0.0,0.0,1.40333916234441
2024-11-22,0.00210442893920712,0.00210442893920712,0.0,0.0,1.4062923898891704
2024-11-25,0.011965890856630648,0.011965890856630648,0.0,0.0,1.4231199311390945
2024-11-26,-0.005806463257750661,-0.005806463257750661,0.0,0.0,1.4148566375475626
2024-11-27,-0.004285258485163443,-0.004285258485163443,0.0,0.0,1.408793611136222
2024-11-28,-0.0049710905834323025,-0.0049710905834323025,0.0,0.0,1.4017903704819032
2024-11-29,-0.0033220157508745676,-0.0033220157508745676,0.0,0.0,1.397133600791738
2024-12-02,0.00999612608525938,0.00999612608525938,0.0,0.0,1.411099524423205
2024-12-03,0.0058238726681453,0.0058238726681453,0.0,0.0,1.419317588375526
2024-12-04,0.0007485164624811146,0.0007485164624811146,0.0,0.0,1.4203799709559142
2024-12-05,0.0013813127529742697,0.0013813127529742697,0.0,0.0,1.4223419599238647
2024-12-06,0.0016719546109817476,0.0016719546109817476,0.0,0.0,1.4247200511221523
2024-12-09,-0.00012582315611051265,-0.00012582315611051265,0.0,0.0,1.4245407883487462
2024-12-10,-0.005868411938798396,-0.005868411938798396,0.0,0.0,1.4161809961790952
2024-12-11,-0.00475988069466029,-0.00475988069466029,0.0,0.0,1.4094401435952375
2024-12-12,0.002427801541317067,0.002427801541317067,0.0,0.0,1.4128619845482522
2024-12-13,-0.006894132432937048,-0.006894132432937048,0.0,0.0,1.4031215269173143
2024-12-16,-0.005355085429261579,-0.005355085429261579,0.0,0.0,1.3956076912730362
2024-12-17,-0.0007853109761134982,-0.0007853109761134982,0.0,0.0,1.3945117052347311
2024-12-18,0.0017892088474876179,0.0017892088474876179,0.0,0.0,1.397006777915662
2024-12-19,-0.005463068003190738,-0.005463068003190738,0.0,0.0,1.3893748348869905
2024-12-20,-0.010977054568287088,-0.010977054568287088,0.0,0.0,1.3741235915086312
2024-12-23,0.015893756607302623,0.015893756607302623,0.0,0.0,1.3959635774204218
2024-12-24,0.0033482156837682047,0.0033482156837682047,0.0,0.0,1.40063756456431
2024-12-25,0.0007259665184825546,0.0007259665184825546,0.0,0.0,1.4016543805407127
2024-12-26,0.000563079760732959,0.000563079760732959,0.0,0.0,1.402443623753938
2024-12-27,-0.003625148503128816,-0.003625148503128816,0.0,0.0,1.397359557350564
2024-12-30,-0.00658483457200951,-0.00658483457200951,0.0,0.0,1.388158175827794
2024-12-31,-0.0054659253041132476,-0.0054659253041132476,0.0,0.0,1.3805706069284251
2025-01-02,0.0005236632934500459,0.0005236632934500459,0.0,0.0,1.3812935610792896
2025-01-03,-0.0006345883446051473,-0.0006345883446051473,0.0,0.0,1.3804170082849505
2025-01-06,0.011481273817832132,0.011481273817832132,0.0,0.0,1.3962659539398625
2025-01-07,-0.002461399251535294,-0.002461399251535294,0.0,0.0,1.3928291859658908
2025-01-08,0.000774283847014031,0.000774283847014031,0.0,0.0,1.3939076311062337
2025-01-09,-0.008119348393108532,-0.008119348393108532,0.0,0.0,1.3825900094214696
2025-01-10,-0.0033566142864195543,-0.0033566142864195543,0.0,0.0,1.3779491880435846
2025-01-13,-0.008185808824490774,-0.008185808824490774,0.0,0.0,1.3666695594203975
2025-01-14,0.010898546884611116,0.010898546884611116,0.0,0.0,1.3815642716895113
2025-01-15,-0.0007771258203643414,-0.0007771258203643414,0.0,0.0,1.3804906224214886
2025-01-16,0.007045871999050027,0.007045871999050027,0.0,0.0,1.3902173826429594
2025-01-17,-0.0019316777568597172,-0.0019316777568597172,0.0,0.0,1.387531930647708
2025-01-20,-0.0013200614600558695,-0.0013200614600558695,0.0,0.0,1.385700303221463
2025-01-21,0.004215409845047888,0.004215409845047888,0.0,0.0,1.3915415979219488
2025-01-22,0.0017145944050919503,0.0017145944050919503,0.0,0.0,1.3939275273601985
2025-02-03,0.0010565305342267288,0.0010565305342267288,0.0,0.0,1.3954002543553536
2025-02-04,-0.005230861760390221,-0.005230861760390221,0.0,0.0,1.3881011085244075
2025-02-05,0.006989034802951921,0.006989034802951921,0.0,0.0,1.397802595481901
2025-02-06,0.008695710439367293,0.008695710439367293,0.0,0.0,1.4099574821036074
2025-02-07,-0.0032765709206166666,-0.0032765709206166666,0.0,0.0,1.4053376564184408
2025-02-10,-0.0013537014960718226,-0.0013537014960718226,0.0,0.0,1.403435248730461
2025-02-11,0.0005675083071932149,0.0005675083071932149,0.0,0.0,1.4042317098927235
2025-02-12,0.0028047792396561793,0.0028047792396561793,0.0,0.0,1.4081702698402976
2025-02-13,0.005485423332120167,0.005485423332120167,0.0,0.0,1.4158946798940775
2025-02-14,0.00027333884711522555,0.00027333884711522555,0.0,0.0,1.4162816989135163
2025-02-17,0.0050668204797599415,0.0050668204797599415,0.0,0.0,1.4234577440306804
2025-02-18,0.0034973336600436986,0.0034973336600436986,0.0,0.0,1.4284360507125287
2025-02-19,-0.0001680807831143722,-0.0001680807831143722,0.0,0.0,1.428195958062496
2025-02-20,-0.0014843009114587833,-0.0014843009114587833,0.0,0.0,1.4260760855002022
2025-02-21,0.00698927508765591,0.00698927508765591,0.0,0.0,1.4360433235576906
2025-02-24,-0.0015310701972489624,-0.0015310701972489624,0.0,0.0,1.4338446404230332
2025-02-25,-0.00266121607885975,-0.00266121607885975,0.0,0.0,1.4300288700113526
2025-02-26,0.005441679859642762,0.005441679859642762,0.0,0.0,1.4378106293120012
2025-02-27,-0.004214055634824565,-0.004214055634824565,0.0,0.0,1.4317516153277383
2025-03-03,0.004307182782253411,0.004307182782253411,0.0,0.0,1.4379184312337414
2025-03-04,-0.0060461444741901176,-0.0060461444741901176,0.0,0.0,1.4292245686564014
2025-03-05,0.001756642156575066,0.001756642156575066,0.0,0.0,1.4317352047849161
2025-03-06,-0.0012722041938613904,-0.0012722041938613904,0.0,0.0,1.4299137452528896
2025-03-07,-0.00403138095748725,-0.00403138095748725,0.0,0.0,1.424149218209428
2025-03-10,-0.0012076558272339389,-0.0012076558272339389,0.0,0.0,1.4224293361072067
2025-03-11,-0.005905096681983155,-0.005905096681983155,0.0,0.0,1.4140297533542046
2025-03-12,0.0007422907256861424,0.0007422907256861424,0.0,0.0,1.4150793745259638
2025-03-13,-0.0018747873692499632,-0.0018747873692499632,0.0,0.0,1.4124264015881163
2025-03-14,0.0031673459810386013,0.0031673459810386013,0.0,0.0,1.4169000446746993
2025-03-17,0.0023765086974344863,0.0023765086974344863,0.0,0.0,1.4202673199542641
2025-03-18,0.005660604690833129,0.005660604690833129,0.0,0.0,1.4283068918078343
2025-03-19,-0.006531580430924933,-0.006531580430924933,0.0,0.0,1.4189777904639471
2025-03-20,0.00805547262878174,0.00805547262878174,0.0,0.0,1.4304083272158787
2025-03-21,-0.002086162632430663,-0.002086162632430663,0.0,0.0,1.4274242628145233
2025-03-24,0.0008178419963031964,0.0008178419963031964,0.0,0.0,1.4285916703231951
2025-03-25,-0.003135375650845015,-0.003135375650845015,0.0,0.0,1.4241124987850637
2025-03-26,0.003943352654444024,0.003943352654444024,0.0,0.0,1.429728276587375
2025-03-27,0.0005106972201653589,0.0005106972201653589,0.0,0.0,1.4304584348438198
2025-03-28,-0.009778326047084392,-0.009778326047084392,0.0,0.0,1.4164709458711149
2025-03-31,-0.022507930271289035,-0.022507930271289035,0.0,0.0,1.384589116590141
2025-04-01,0.011136525630366503,0.011136525630366503,0.0,0.0,1.4000086287745737
2025-04-02,0.0032147532621110758,0.0032147532621110758,0.0,0.0,1.4045093110809106
2025-04-07,-0.08656047280776995,-0.08656047280776995,0.0,0.0,1.2829343210508317
2025-04-08,-0.0032789395532005373,-0.0032789395532005373,0.0,0.0,1.2787276569613797
2025-04-09,-0.05062886695731039,-0.05062886695731039,0.0,0.0,1.2139871245424487
2025-04-10,0.07264181090236402,0.07264181090236402,0.0,0.0,1.302173347681366
2025-04-11,0.0054673103282768375,0.0054673103282768375,0.0,0.0,1.309292733474351
2025-04-14,0.0025415642558745564,0.0025415642558745564,0.0,0.0,1.3126203850862257
2025-04-15,0.01330816525910321,0.01330816525910321,0.0,0.0,1.3300889540934209
2025-04-16,-0.006492195874927594,-0.006492195874927594,0.0,0.0,1.321453756072369
2025-04-17,-0.006767943781325475,-0.006767943781325475,0.0,0.0,1.3125102313416497
2025-04-18,-0.00026563974834582197,-0.00026563974834582197,0.0,0.0,1.3121615764540948
2025-04-21,-0.005056459729569389,-0.005056459729569389,0.0,0.0,1.3055266842840665
2025-04-22,-0.007941427430207182,-0.007941427430207182,0.0,0.0,1.2951589388626255
2025-04-23,0.016394453292155407,0.016394453292155407,0.0,0.0,1.3163923615917263
2025-04-24,-0.003704302056285418,-0.003704302056285418,0.0,0.0,1.3115160466598037
2025-04-25,0.0019284282248015823,0.0019284282248015823,0.0,0.0,1.3140452112214627
2025-04-28,0.004119912920459027,0.004119912920459027,0.0,0.0,1.3194589630652411
2025-04-29,0.009750677301684602,0.009750677301684602,0.0,0.0,1.3323245816269058
2025-04-30,0.003282264308335822,0.003282264308335822,0.0,0.0,1.3366976230482983
2025-05-02,0.004250891869483702,0.004250891869483702,0.0,0.0,1.3423797801060724
2025-05-05,-0.007319968123589074,-0.007319968123589074,0.0,0.0,1.3325536029059455
2025-05-06,0.012029729378429298,0.012029729378429298,0.0,0.0,1.348583862131155
2025-05-07,0.0013797174141010117,0.0013797174141010117,0.0,0.0,1.350444526770113
2025-05-08,-0.00015803836615020748,-0.00015803836615020748,0.0,0.0,1.3502311047235258
2025-05-09,0.010618455012965364,0.010618455012965364,0.0,0.0,1.3645684729661391
2025-05-12,0.007133923191286451,0.007133923191286451,0.0,0.0,1.3743031996415305
2025-05-13,-0.0006979596280247764,-0.0006979596280247764,0.31640607560770473,0.0,1.3733439914915153
2025-05-14,0.006412077869697374,0.006412077869697374,0.0,0.0,1.38214998010684
2025-05-15,0.00648133338479547,0.00648133338479547,0.0,0.0,1.391108154915701
2025-05-16,0.003093316746778273,0.003093316746778273,0.0,0.0,1.3954112930678817
2025-05-19,-0.005387514738643243,-0.005387514738643243,0.0,0.0,1.3878934941600092
2025-05-20,0.0028203123542931514,0.0028203123542931514,0.0,0.0,1.3918077873280317
2025-05-21,0.007023303492955874,0.007023303492955874,0.0,0.0,1.401582875822296
2025-05-22,-0.0073122120702312325,-0.0073122120702312325,0.0,0.0,1.3913342046002788
2025-05-23,0.004290777134962173,0.004290777134962173,0.0,0.0,1.3973041095924683
2025-05-26,-0.0006716557747342439,-0.0006716557747342439,0.0,0.0,1.3963656022182005
2025-05-27,-0.008457417209672014,-0.008457417209672014,0.0,0.0,1.3845559557430063
2025-05-28,-0.0020227229567784705,-0.0020227229567784705,0.0,0.0,1.3817553826263804
2025-05-29,-0.006911552480901978,-0.006911552480901978,0.0,0.0,1.3722053077835894
2025-06-02,-0.008203278915140316,-0.008203278915140316,0.0,0.0,1.3609487249150047
2025-06-03,0.0005822385255452427,0.0005822385255452427,0.0,0.0,1.361741121693942
2025-06-04,0.004489263694916383,0.004489263694916383,0.0,0.0,1.367854336673437
2025-06-05,0.005463572786417773,0.005463572786417773,0.0,0.0,1.3753277084030697
2025-06-06,0.004819101484312848,0.004819101484312848,0.0,0.0,1.3819555522040516
2025-06-09,0.007759028157420133,0.007759028157420133,0.0,0.0,1.3926781842459057
2025-06-10,0.005502269566029328,0.005502269566029328,0.0,0.0,1.400341075034355
2025-06-11,0.002239017363588664,0.002239017363588664,0.0,0.0,1.4034764630163032
2025-06-12,0.0035161861662039093,0.0035161861662039093,0.0,0.0,1.4084113475401538
2025-06-13,9.39221276969166e-05,9.39221276969166e-05,0.0,0.0,1.4085436285305875
2025-06-16,0.0036800587767786145,0.0036800587767786145,0.0,0.0,1.413727151873237
2025-06-17,-0.0009225771295454453,-0.0009225771295454453,0.0,0.0,1.4124228795355014
2025-06-18,0.005599277579502145,0.005599277579502145,0.0,0.0,1.4203314272976604
2025-06-19,-0.01021599159578028,-0.01021599159578028,0.0,0.0,1.4058213333731648
2025-06-20,-0.007930822104449068,-0.007930822104449068,0.0,0.0,1.3946720144675429
2025-06-23,-0.009454919719459496,-0.009454919719459496,0.0,0.0,1.3814855025357755
2025-06-24,0.0014010510226472985,0.0014010510226472985,0.0,0.0,1.3834210342118756
2025-06-25,0.007031458245277541,0.007031458245277541,0.0,0.0,1.393148501449575
2025-06-26,-0.0009815986337131045,-0.0009815986337131045,0.0,0.0,1.3917809887839927
2025-06-27,0.006523156461429597,0.006523156461429597,0.0,0.0,1.400859793933874
2025-06-30,-0.004245128194494041,-0.004245128194494041,0.0,0.0,1.3949129645261122
2025-07-01,0.0022274768135292305,0.0022274768135292305,0.0,0.0,1.3980201008114856
2025-07-02,7.825363107799707e-05,7.825363107799707e-05,0.0,0.0,1.398129500960694
2025-07-03,0.0044361495792599875,0.0044361495792599875,0.0,0.0,1.4043318125581317
2025-07-04,-0.003806222170333131,-0.003806222170333131,0.0,0.0,1.3989866136786688
2025-07-07,-0.0037592150154728355,-0.0037592150154728355,0.0,0.0,1.3937275221940826
2025-07-08,-0.0003126139025299,-0.0003126139025299,0.0,0.0,1.3932918235943061
2025-07-09,-0.008293771831267133,-0.008293771831267133,0.0,0.0,1.3817361791150449
2025-07-10,0.0069938160103500575,0.0069938160103500575,0.0,0.0,1.3913997877266195
2025-07-11,0.01020828060070989,0.01020828060070989,0.0,0.0,1.4056035871875012
2025-07-14,0.0034383186104605555,0.0034383186104605555,0.0,0.0,1.4104365001602581
2025-07-15,-0.002119397872739055,-0.002119397872739055,0.0,0.0,1.407447224042185
2025-07-16,0.001398294747165717,0.001398294747165717,0.0,0.0,1.4094152501024761
2025-07-17,0.0024436129359163977,0.0024436129359163977,0.0,0.0,1.4128593154397044
2025-07-18,-0.003234258254080074,-0.003234258254080074,0.0,0.0,1.4082897635368896
2025-07-21,-0.0019705727416573027,-0.0019705727416573027,0.0,0.0,1.4055146261165088
2025-07-22,-0.007379614780428305,-0.007379614780428305,0.0,0.0,1.3951424696075112
2025-07-23,0.00810672095514612,0.00810672095514612,0.0,0.0,1.4064525003012929
2025-07-24,-0.003449574059156594,-0.003449574059156594,0.0,0.0,1.4016008382408176
2025-07-25,-0.0016012637676977625,-0.0016012637676977625,0.0,0.0,1.3993565056017678
2025-07-28,-0.0019777295287216057,-0.0019777295287216057,0.0,0.0,1.3965889569194305
2025-07-29,-0.005367101272948296,-0.005367101272948296,0.0,0.0,1.3890933225509627
2025-07-30,0.006558342897108717,0.006558342897108717,0.0,0.0,1.3982034728763362
2025-07-31,-0.009867593318220179,-0.009867593318220179,0.0,0.0,1.3844065696298693
2025-08-01,0.004591512301494308,0.004591512301494308,0.0,0.0,1.3907630894245944
2025-08-04,0.008059006763301938,0.008059006763301938,0.0,0.0,1.4019712585684179
2025-08-05,0.007750968281653139,0.007750968281653139,0.0,0.0,1.4128378933253711
2025-08-06,0.0033782801702921684,0.0033782801702921684,0.0,0.0,1.4176108555642297
2025-08-07,-0.009502791777012866,-0.009502791777012866,0.0,0.0,1.4041395947829698
2025-08-08,0.0006663522787201527,0.0006663522787201527,0.0,0.0,1.4050752464015948
2025-08-11,0.0014800781346773456,0.0014800781346773456,0.0,0.0,1.40715486755137
2025-08-12,-0.0034597896632071593,-0.0034597896632071593,0.0,0.0,1.4022864076860841
2025-08-13,0.003760440982881905,0.003760440982881905,0.0,0.0,1.4075596229632852
2025-08-14,0.0037242340025915284,0.0037242340025915284,0.0,0.0,1.4128017043718
2025-08-15,-0.0012170920630840297,-0.0012170920630840297,0.0,0.0,1.4110821946306975
2025-08-18,0.004986802950226309,0.004986802950226309,0.0,0.0,1.4181189834818937
2025-08-19,-0.0025491907205165408,-0.0025491907205165408,0.0,0.0,1.4145039277286133
2025-08-20,-0.00641321074707416,-0.00641321074707416,0.0,0.0,1.4054324159375255
2025-08-21,0.0017269521265663647,0.0017269521265663647,0.0,0.0,1.407859530436974
2025-08-22,-0.005421723046011635,-0.005421723046011635,0.0,0.0,1.4002265059752568
2025-08-25,0.004255104080774991,0.004255104080774991,0.0,0.0,1.4061846154948414
2025-08-26,-0.006211706325315214,-0.006211706325315214,0.0,0.0,1.3974498096242112
2025-08-27,0.0006961410455912209,0.0006961410455912209,0.0,0.0,1.3984226317958441
2025-08-28,0.00561411171618474,0.00561411171618474,0.0,0.0,1.4062735326771871
2025-08-29,-0.002293784414852099,-0.002293784414852099,0.0,0.0,1.4030478443649133
2025-09-01,-0.002492153380016051,-0.002492153380016051,0.0,0.0,1.399551233937255
2025-09-02,0.0037109819151970188,0.0037109819151970188,0.0,0.0,1.4047449432557877
2025-09-03,0.0019099696124253488,0.0019099696124253488,0.0,0.0,1.4074279634106144
2025-09-04,0.005734550946063519,0.005734550946063519,0.0,0.0,1.415498930769707
2025-09-05,-0.0008242260882503534,-0.0008242260882503534,0.0,0.0,1.4143322396230762
2025-09-08,0.0018026869765944114,0.0018026869765944114,0.0,0.0,1.4168818379320223
2025-09-09,0.005629217944833814,0.005629217944833814,0.0,0.0,1.4248577745998183
2025-09-10,0.002981921792765141,0.002981921792765141,0.0,0.0,1.4291065890494883
2025-09-11,-0.007554200506277845,-0.007554200506277845,0.0,0.0,1.4183108313309656
2025-09-12,0.009664007804760393,0.009664007804760393,0.0,0.0,1.4320173982745241
2025-09-15,-0.003535613081595267,-0.003535613081595267,0.0,0.0,1.4269543388281127
2025-09-16,-0.0007709094109806768,-0.0007709094109806768,0.0,0.0,1.4258542862992705
2025-09-17,-0.004387905119679805,-0.004387905119679805,0.0,0.0,1.4195977729765006
2025-09-18,0.005814662905856998,0.005814662905856998,0.0,0.0,1.4278522554882644
2025-09-19,-0.0009114675643507853,-0.0009114675643507853,0.0,0.0,1.4265508144707018
2025-09-22,0.003347599648510286,0.003347599648510286,0.0,0.0,1.4313263354758061
2025-09-23,0.002047929761900096,0.002047929761900096,0.0,0.0,1.4342575912772184
2025-09-24,0.0043413196173731836,0.0043413196173731836,0.0,0.0,1.4404841618945965
2025-09-25,-0.001604856091455597,-0.001604856091455597,0.0,0.0,1.4381723921127347
2025-09-26,-0.003989448706938131,-0.003989448706938131,0.0,0.0,1.4324348771226665
2025-09-30,0.008905452475820018,0.008905452475820018,0.0,0.0,1.4451913578455895
2025-10-01,-0.0007021073171329748,-0.0007021073171329748,0.0,0.0,1.4441766784185888
2025-10-02,-0.0015651075496214235,-0.0015651075496214235,0.0,0.0,1.4419163865962086
2025-10-03,-0.0028138046841191585,-0.0028138046841191585,0.0,0.0,1.4378591155134959
2025-10-07,0.005380043683160254,0.005380043683160254,0.0,0.0,1.445594860365189
2025-10-08,0.0029775195926318022,0.0029775195926318022,0.0,0.0,1.449899147384934
2025-10-09,-0.0017944194258182956,-0.0017944194258182956,0.0,0.0,1.4472974201893891
2025-10-13,-0.0082593594482262,-0.0082593594482262,0.0,0.0,1.4353436705675544
2025-10-14,-0.0018325663462173368,-0.0018325663462173368,0.0,0.0,1.4327133080616163
2025-10-15,-0.0009721740289864711,-0.0009721740289864711,0.0,0.0,1.4313204613925357
2025-10-16,0.003903265822788463,0.003903265822788463,0.0,0.0,1.4369072856309468
2025-10-17,0.0006566882331557393,0.0006566882331557393,0.0,0.0,1.4378508857375565
2025-10-20,0.005856723264616956,0.005856723264616956,0.0,0.0,1.4462719804711057
2025-10-21,0.0027082781793539078,0.0027082781793539078,0.0,0.0,1.4501888873172266
2025-10-22,0.005954312157078682,0.005954312157078682,0.0,0.0,1.4588237646390398
2025-10-23,-0.0008120480736024804,-0.0008120480736024804,0.0,0.0,1.4576391296112392
2025-10-27,-0.005854334721739619,-0.005854334721739619,0.0,0.0,1.4491056222429899
2025-10-28,-0.00545567309860139,-0.00545567309860139,0.0,0.0,1.4411997756826869
2025-10-29,0.0024949889325114353,0.0024949889325114353,0.0,0.0,1.4447955531725531
2025-10-30,-0.004598414999115745,-0.004598414999115745,0.0,0.0,1.4381517836301887
2025-10-31,-0.00670228451822647,-0.00670228451822647,0.0,0.0,1.4285128811959042
2025-11-03,0.004719227741706022,0.004719227741706022,0.0,0.0,1.4352543588142284
2025-11-04,-0.0037656590126237273,-0.0037656590126237273,0.0,0.0,1.429849680302552
2025-11-05,0.0032594944845286975,0.0032594944845286975,0.0,0.0,1.4345102674492034
2025-11-06,0.0007908129952087112,0.0007908129952087112,0.0,0.0,1.4356446968104626
2025-11-07,-0.0029248823183721734,-0.0029248823183721734,0.0,0.0,1.431445605021297
2025-11-10,-0.002247854312930978,-0.002247854312930978,0.0,0.0,1.4282279238443238
2025-11-11,0.0001469347459517041,0.0001469347459517041,0.0,0.0,1.4284377801514752
2025-11-12,0.005899686493785326,0.005899686493785326,0.0,0.0,1.4368651152302474
2025-11-13,-0.006467815521003757,-0.006467815521003757,0.0,0.0,1.4275717367363725
2025-11-14,-0.006611238803069927,-0.006611238803069927,0.0,0.0,1.418133719076295
2025-11-17,-0.003946527300438615,-0.003946527300438615,0.0,0.0,1.412537015638288
2025-11-18,-0.01091333518787021,-0.01091333518787021,0.0,0.0,1.3971215257213534
2025-11-19,-0.0023459699807134434,-0.0023459699807134434,0.0,0.0,1.3938439205626025
2025-11-20,0.016689288672890278,0.016689288672890278,0.0,0.0,1.417106184117825
2025-11-21,-0.010492196413295728,-0.010492196413295728,0.0,0.0,1.4022376276955648
2025-11-24,0.007798669781571805,0.007798669781571805,0.0,0.0,1.4131732159092572
2025-11-25,-0.008427543106429956,-0.008427543106429956,0.0,0.0,1.4012636377153298
2025-11-26,0.009392161082987219,0.009392161082987219,0.0,0.0,1.4144245315204849
2025-11-27,0.00405644466916631,0.00405644466916631,0.0,0.0,1.420162066371309
2025-11-28,-0.0058859578927942195,-0.0058859578927942195,0.0,0.0,1.4118030522477039
2025-12-01,-0.002562977324817069,-0.002562977324817069,0.0,0.0,1.4081846330376855
2025-12-02,0.005683903759841377,0.005683903759841377,0.0,0.0,1.4161886189679591
2025-12-03,-0.0015090430847245,-0.0015090430847245,0.0,0.0,1.41405152932584
2025-12-04,0.005577437546262572,0.005577437546262572,0.0,0.0,1.4219383134178518
2025-12-05,0.0015590458194371273,0.0015590458194371273,0.0,0.0,1.4241551804008836
2025-12-08,-0.0031965194511748515,-0.0031965194511748515,0.0,0.0,1.4196028406652408
2025-12-09,-0.00017904083273398267,-0.00017904083273398267,0.0,0.0,1.4193486737904966
2025-12-10,-0.0034038905803344213,-0.0034038905803344213,0.0,0.0,1.414517366209571
2025-12-11,0.0009844348808792248,0.0009844348808792248,0.0,0.0,1.415909866444477
2025-12-12,0.0034327842881353853,0.0034327842881353853,0.0,0.0,1.4207703795874234
2025-12-15,0.0010103649138142768,0.0010103649138142768,0.0,0.0,1.422205876129545
2025-12-16,0.0006009576301569993,0.0006009576301569993,0.0,0.0,1.4230605616024594
2025-12-17,0.006667982991891562,0.006667982991891562,0.0,0.0,1.4325495052236563
2025-12-18,-0.00042537253857714326,-0.00042537253857714326,0.0,0.0,1.431940138003982
2025-12-19,0.012642109512075932,0.012642109512075932,0.0,0.0,1.4500428820433655
2025-12-22,0.0021986737839108286,0.0021986737839108286,0.0,0.0,1.4532310533136608
2025-12-23,-0.0032864163323951066,-0.0032864163323951066,0.0,0.0,1.4484551310453069
2025-12-24,0.002229466695584586,0.002229466695584586,0.0,0.0,1.451684413520021
2025-12-26,0.005056719553437263,0.005056719553437263,0.0,0.0,1.459025174479288
2025-12-29,-0.0007689910690641923,-0.0007689910690641923,0.0,0.0,1.4579031971505736
2025-12-30,-1.5859680618607384e-05,-1.5859680618607384e-05,0.0,0.0,1.457880075271494
2025-12-31,-0.006027666422349346,-0.006027666422349346,0.0,0.0,1.449092460493968
2026-01-02,0.005178136799724557,0.005178136799724557,0.0,0.0,1.456596059489855
2026-01-05,0.0038287684101485074,0.0038287684101485074,0.0,0.0,1.4621730284687766
2026-01-06,0.008256630839270846,0.008256630839270846,0.0,0.0,1.474245651387982
2026-01-07,0.005413543396522584,0.005413543396522584,0.0,0.0,1.4822265441989055
2026-01-08,-0.0019324455148827815,-0.0019324455148827815,0.0,0.0,1.4793622221615281
2026-01-09,0.0002886836151671907,0.0002886836151671907,0.0,0.0,1.4797892897959635
2026-01-12,0.002098629502948533,0.002098629502948533,0.0,0.0,1.4828948192576765
2026-01-13,-0.0007840555506808943,-0.0007840555506808943,0.0,0.0,1.4817321473435616
2026-01-14,0.006021094047044823,0.006021094047044823,0.0,0.0,1.490653795955247
2026-01-15,0.008267420600235912,0.008267420600235912,0.0,0.0,1.5029776578557474
2026-01-16,0.002808853403002159,0.002808853403002159,0.0,0.0,1.5071993017646519
2026-01-19,0.006414455221667449,0.006414455221667449,0.0,0.0,1.5168671641959497
2026-01-20,-0.007250860366144433,-0.007250860366144433,0.0,0.0,1.5058685721943754
2026-01-21,-0.0056853279176205355,-0.0056853279176205355,0.0,0.0,1.4973072155606113
2026-01-22,0.0028965698847043097,0.0028965698847043097,0.0,0.0,1.5016442705493547
2026-01-23,-3.728914781604296e-05,-3.728914781604296e-05,0.0,0.0,1.501588275514183
2026-01-26,0.0051778612117380236,0.0051778612117380236,0.0,0.0,1.5093632912019685
2026-01-27,-0.0041291042526648905,-0.0041291042526648905,0.0,0.0,1.5031309728174502
2026-01-28,-0.0010844914873869532,-0.0010844914873869532,0.0,0.0,1.5015008400730019
2026-01-29,-0.0017819177973339327,-0.0017819177973339327,0.0,0.0,1.498825289003364
2026-01-30,-0.007937136152414356,-0.007937136152414356,0.0,0.0,1.4869289086158626
2026-02-02,-0.008109378004805436,-0.008109378004805436,0.0,0.0,1.4748708400296238
2026-02-03,0.005235524094536523,0.005235524094536523,0.0,0.0,1.4825925618489282
2026-02-04,0.008807989930245126,0.008807989930245126,0.0,0.0,1.4956512222043499
2026-02-05,0.000540500949876679,0.000540500949876679,0.0,0.0,1.4964596231106355
2026-02-06,0.0019139691316748773,0.0019139691316748773,0.0,0.0,1.4993238006360672
2026-02-09,0.002262805995426835,0.002262805995426835,0.0,0.0,1.5027164795212327
2026-02-10,0.004678411559032183,0.004678411559032183,0.0,0.0,1.509746805668973
2026-02-11,0.00817738696939792,0.00817738696939792,0.0,0.0,1.5220925895247406
2026-02-23,0.023773160238200287,0.023773160238200287,0.0,0.0,1.5582775405528895
2026-02-24,0.007532799641486486,0.007532799641486486,0.0,0.0,1.5700157330517026
2026-02-25,0.0014126299018775365,0.0014126299018775365,0.0,0.0,1.5722335842226296
2026-02-26,0.00032744866896999673,0.00032744866896999673,0.0,0.0,1.5727484100170932
2026-03-02,-0.006705519211895316,-0.006705519211895316,0.0,0.0,1.5622023153382458
2026-03-03,-0.005463888094610721,-0.005463888094610721,0.0,0.0,1.553666616706096
2026-03-04,-0.034696700481359935,-0.034696700481359935,0.0,0.0,1.4997595114583566
2026-03-05,0.0118275743186635,0.0118275743186635,0.0,0.0,1.5174980285402528
2026-03-06,0.005590542631010538,0.005590542631010538,0.0,0.0,1.5259816659612815
2026-03-09,-0.018920721713945834,-0.018920721713945834,0.0,0.0,1.4971089915190445
2026-03-10,-0.002075035046215122,-0.002075035046215122,0.0,0.0,1.4940024378936387
2026-03-11,0.011008275869323951,0.011008275869323951,0.0,0.0,1.5104488288794145
2026-03-12,0.0022470027914633164,0.0022470027914633164,0.0,0.0,1.513842811614269
2026-03-13,-0.0018857734132223013,-0.0018857734132223013,0.0,0.0,1.5109880470883292
2026-03-16,0.008978870967457019,0.008978870967457019,0.0,0.0,1.5245550137965052
2026-03-17,0.005857359995661372,0.005857359995661372,0.0,0.0,1.5334848813455015
2026-03-18,0.0018712903756604984,0.0018712903756604984,0.0,0.0,1.5363544768451844
2026-03-19,-0.013105134480060723,-0.013105134480060723,0.0,0.0,1.516220344817085
2026-03-20,-0.000614944166400765,-0.000614944166400765,0.0,0.0,1.5152879539610615
2026-03-23,-0.01677191003565133,-0.01677191003565133,0.0,0.0,1.4898736807191204
2026-03-24,0.007448630327204305,0.007448630327204305,0.0,0.0,1.5009711990010284
2026-03-25,0.010613479549963618,0.010613479549963618,0.0,0.0,1.5169017261267104
2026-03-26,-0.0004951157493328165,-0.0004951157493328165,0.0,0.0,1.516150684191915
2026-03-27,-0.0012473099696547895,-0.0012473099696547895,0.0,0.0,1.5142595743280234
2026-03-30,-0.013014890000580152,-0.013014890000580152,0.0,0.0,1.4945516525358187
2026-03-31,-0.008201212124268456,-0.008201212124268456,0.0,0.0,1.4822945174026965
2026-04-01,0.02209533309529936,0.02209533309529936,0.0,0.0,1.515046308510045
2026-04-02,-0.004654287873617653,-0.004654287873617653,0.0,0.0,1.5079948468483775
2026-04-07,0.006090286136128378,0.006090286136128378,0.0,0.0,1.517178966957491
2026-04-08,0.011996060957837174,0.011996060957837174,0.0,0.0,1.5353791383290616
2026-04-09,0.008690609792141566,0.008690609792141566,0.0,0.0,1.5487225193032739
2026-04-10,-0.0061443164821818105,-0.0061443164821818105,0.0,0.0,1.5392066780015925
2026-04-13,-0.003711132426053275,-0.003711132426053275,0.0,0.0,1.5334944781884632
2026-04-14,0.009445968093363526,0.009445968093363526,0.0,0.0,1.5479798181007807
2026-04-15,0.007967770631580325,0.007967770631580325,0.0,0.0,1.5603137662337232
2026-04-16,0.006971712876984424,0.006971712876984424,0.0,0.0,1.571191825809911
2026-04-17,0.00565571317870036,0.00565571317870036,0.0,0.0,1.58007803612541
