date,gross_ret,net_ret,turnover,total_cost,equity
2015-01-05,0.0,0.0,0.0,0.0,1.0
2015-01-06,0.0,0.0,0.0,0.0,1.0
2015-01-07,0.0,0.0,0.0,0.0,1.0
2015-01-08,0.0,0.0,0.0,0.0,1.0
2015-01-09,0.0,0.0,0.0,0.0,1.0
2015-01-12,0.0,0.0,0.0,0.0,1.0
2015-01-13,0.0,0.0,0.0,0.0,1.0
2015-01-14,0.0,0.0,0.0,0.0,1.0
2015-01-15,0.0,0.0,0.0,0.0,1.0
2015-01-16,0.0,0.0,0.0,0.0,1.0
2015-01-19,0.0,0.0,0.0,0.0,1.0
2015-01-20,0.0,0.0,0.0,0.0,1.0
2015-01-21,0.0,0.0,0.0,0.0,1.0
2015-01-22,0.0,0.0,0.0,0.0,1.0
2015-01-23,0.0,0.0,0.0,0.0,1.0
2015-01-26,0.0,0.0,0.0,0.0,1.0
2015-01-27,0.0,0.0,0.0,0.0,1.0
2015-01-28,0.0,0.0,0.0,0.0,1.0
2015-01-29,0.0,0.0,0.0,0.0,1.0
2015-01-30,0.0,0.0,0.0,0.0,1.0
2015-02-02,0.0,0.0,0.0,0.0,1.0
2015-02-03,0.0,0.0,0.0,0.0,1.0
2015-02-04,0.0,0.0,0.0,0.0,1.0
2015-02-05,0.0,0.0,0.0,0.0,1.0
2015-02-06,0.0,0.0,0.0,0.0,1.0
2015-02-09,0.0,0.0,0.0,0.0,1.0
2015-02-10,0.0,0.0,0.0,0.0,1.0
2015-02-11,0.0,0.0,0.0,0.0,1.0
2015-02-12,0.0,0.0,0.0,0.0,1.0
2015-02-13,0.0,0.0,0.0,0.0,1.0
2015-02-24,0.0,0.0,0.0,0.0,1.0
2015-02-25,0.0,0.0,0.0,0.0,1.0
2015-02-26,0.0,0.0,0.0,0.0,1.0
2015-03-02,0.0,0.0,0.0,0.0,1.0
2015-03-03,0.0,0.0,0.0,0.0,1.0
2015-03-04,0.0,0.0,0.0,0.0,1.0
2015-03-05,0.0,0.0,0.0,0.0,1.0
2015-03-06,0.0,0.0,0.0,0.0,1.0
2015-03-09,0.0,0.0,0.0,0.0,1.0
2015-03-10,0.0,0.0,0.0,0.0,1.0
2015-03-11,0.0,0.0,0.0,0.0,1.0
2015-03-12,0.0,0.0,0.0,0.0,1.0
2015-03-13,0.0,0.0,0.0,0.0,1.0
2015-03-16,0.0,0.0,0.0,0.0,1.0
2015-03-17,0.0,0.0,0.0,0.0,1.0
2015-03-18,0.0,0.0,0.0,0.0,1.0
2015-03-19,0.0,0.0,0.0,0.0,1.0
2015-03-20,0.0,0.0,0.0,0.0,1.0
2015-03-23,0.0,0.0,0.0,0.0,1.0
2015-03-24,0.0,0.0,0.0,0.0,1.0
2015-03-25,0.0,0.0,0.0,0.0,1.0
2015-03-26,0.0,0.0,0.0,0.0,1.0
2015-03-27,0.0,0.0,0.0,0.0,1.0
2015-03-30,0.0,0.0,0.0,0.0,1.0
2015-03-31,0.0,0.0,0.0,0.0,1.0
2015-04-01,0.0,0.0,0.0,0.0,1.0
2015-04-02,0.0,0.0,0.0,0.0,1.0
2015-04-07,0.0,0.0,0.0,0.0,1.0
2015-04-08,0.0,0.0,0.0,0.0,1.0
2015-04-09,0.0,0.0,0.0,0.0,1.0
2015-04-10,0.0,0.0,0.0,0.0,1.0
2015-04-13,0.0,0.0,0.0,0.0,1.0
2015-04-14,0.0,0.0,0.0,0.0,1.0
2015-04-15,0.0,0.0,0.0,0.0,1.0
2015-04-16,0.0,0.0,0.0,0.0,1.0
2015-04-17,0.0,0.0,0.0,0.0,1.0
2015-04-20,0.0,0.0,0.0,0.0,1.0
2015-04-21,0.0,0.0,0.0,0.0,1.0
2015-04-22,0.0,0.0,0.0,0.0,1.0
2015-04-23,0.0,0.0,0.0,0.0,1.0
2015-04-24,0.0,0.0,0.0,0.0,1.0
2015-04-27,0.0,0.0,0.0,0.0,1.0
2015-04-28,0.0,0.0,0.0,0.0,1.0
2015-04-29,0.0,0.0,0.0,0.0,1.0
2015-04-30,0.0,0.0,0.0,0.0,1.0
2015-05-04,0.0,0.0,0.0,0.0,1.0
2015-05-05,0.0,0.0,0.0,0.0,1.0
2015-05-06,0.0,0.0,0.0,0.0,1.0
2015-05-07,0.0,0.0,0.0,0.0,1.0
2015-05-08,0.0,0.0,0.0,0.0,1.0
2015-05-11,0.0,0.0,0.0,0.0,1.0
2015-05-12,0.0,0.0,0.0,0.0,1.0
2015-05-13,0.0,0.0,0.0,0.0,1.0
2015-05-14,0.0,0.0,0.0,0.0,1.0
2015-05-15,0.0,0.0,0.0,0.0,1.0
2015-05-18,0.0,0.0,0.0,0.0,1.0
2015-05-19,0.0,0.0,0.0,0.0,1.0
2015-05-20,0.0,0.0,0.0,0.0,1.0
2015-05-21,0.0,0.0,0.0,0.0,1.0
2015-05-22,0.0,0.0,0.0,0.0,1.0
2015-05-25,0.0,0.0,0.0,0.0,1.0
2015-05-26,0.0,0.0,0.0,0.0,1.0
2015-05-27,0.0,0.0,0.0,0.0,1.0
2015-05-28,0.0,0.0,0.0,0.0,1.0
2015-05-29,0.0,0.0,0.0,0.0,1.0
2015-06-01,0.0,0.0,0.0,0.0,1.0
2015-06-02,0.0,0.0,0.0,0.0,1.0
2015-06-03,0.0,0.0,0.0,0.0,1.0
2015-06-04,0.0,0.0,0.0,0.0,1.0
2015-06-05,0.0,0.0,0.0,0.0,1.0
2015-06-08,0.0,0.0,0.0,0.0,1.0
2015-06-09,0.0,0.0,0.0,0.0,1.0
2015-06-10,0.0,0.0,0.0,0.0,1.0
2015-06-11,0.0,0.0,0.0,0.0,1.0
2015-06-12,0.0,0.0,0.0,0.0,1.0
2015-06-15,0.0,0.0,0.0,0.0,1.0
2015-06-16,0.0,0.0,0.0,0.0,1.0
2015-06-17,0.0,0.0,0.0,0.0,1.0
2015-06-18,0.0,0.0,0.0,0.0,1.0
2015-06-22,0.0,0.0,0.0,0.0,1.0
2015-06-23,0.0,0.0,0.0,0.0,1.0
2015-06-24,0.0,0.0,0.0,0.0,1.0
2015-06-25,0.0,0.0,0.0,0.0,1.0
2015-06-26,0.0,0.0,0.0,0.0,1.0
2015-06-29,0.0,0.0,0.0,0.0,1.0
2015-06-30,0.0,0.0,0.0,0.0,1.0
2015-07-01,0.0,0.0,0.0,0.0,1.0
2015-07-02,0.0,0.0,0.0,0.0,1.0
2015-07-03,0.0,0.0,0.0,0.0,1.0
2015-07-06,0.0,0.0,0.0,0.0,1.0
2015-07-07,0.0,0.0,0.0,0.0,1.0
2015-07-08,0.0,0.0,0.0,0.0,1.0
2015-07-09,0.0,0.0,0.0,0.0,1.0
2015-07-13,0.0,0.0,0.0,0.0,1.0
2015-07-14,0.0,0.0,0.0,0.0,1.0
2015-07-15,0.0,0.0,0.0,0.0,1.0
2015-07-16,0.0,0.0,0.0,0.0,1.0
2015-07-17,0.0,0.0,0.0,0.0,1.0
2015-07-20,0.0,0.0,0.0,0.0,1.0
2015-07-21,0.0,0.0,0.0,0.0,1.0
2015-07-22,0.0,0.0,0.0,0.0,1.0
2015-07-23,0.0,0.0,0.0,0.0,1.0
2015-07-24,0.0,0.0,0.0,0.0,1.0
2015-07-27,0.0,0.0,0.0,0.0,1.0
2015-07-28,0.0,0.0,0.0,0.0,1.0
2015-07-29,0.0,0.0,0.0,0.0,1.0
2015-07-30,0.0,0.0,0.0,0.0,1.0
2015-07-31,0.0,0.0,0.0,0.0,1.0
2015-08-03,0.0,0.0,0.0,0.0,1.0
2015-08-04,0.0,0.0,0.0,0.0,1.0
2015-08-05,0.0,0.0,0.0,0.0,1.0
2015-08-06,0.0,0.0,0.0,0.0,1.0
2015-08-07,0.0,0.0,0.0,0.0,1.0
2015-08-10,0.0,0.0,0.0,0.0,1.0
2015-08-11,0.0,0.0,0.0,0.0,1.0
2015-08-12,0.0,0.0,0.0,0.0,1.0
2015-08-13,0.0,0.0,0.0,0.0,1.0
2015-08-14,0.0,0.0,0.0,0.0,1.0
2015-08-17,0.0,0.0,0.0,0.0,1.0
2015-08-18,0.0,0.0,0.0,0.0,1.0
2015-08-19,0.0,0.0,0.0,0.0,1.0
2015-08-20,0.0,0.0,0.0,0.0,1.0
2015-08-21,0.0,0.0,0.0,0.0,1.0
2015-08-24,0.0,0.0,0.0,0.0,1.0
2015-08-25,0.0,0.0,0.0,0.0,1.0
2015-08-26,0.0,0.0,0.0,0.0,1.0
2015-08-27,0.0,0.0,0.0,0.0,1.0
2015-08-28,0.0,0.0,0.0,0.0,1.0
2015-08-31,0.0,0.0,0.0,0.0,1.0
2015-09-01,0.0,0.0,0.0,0.0,1.0
2015-09-02,0.0,0.0,0.0,0.0,1.0
2015-09-03,0.0,0.0,0.0,0.0,1.0
2015-09-04,0.0,0.0,0.0,0.0,1.0
2015-09-07,0.0,0.0,0.0,0.0,1.0
2015-09-08,0.0,0.0,0.0,0.0,1.0
2015-09-09,0.0,0.0,0.0,0.0,1.0
2015-09-10,0.0,0.0,0.0,0.0,1.0
2015-09-11,0.0,0.0,0.0,0.0,1.0
2015-09-14,0.0,0.0,0.0,0.0,1.0
2015-09-15,0.0,0.0,0.0,0.0,1.0
2015-09-16,0.0,0.0,0.0,0.0,1.0
2015-09-17,0.0,0.0,0.0,0.0,1.0
2015-09-18,0.0,0.0,0.0,0.0,1.0
2015-09-21,0.0,0.0,0.0,0.0,1.0
2015-09-22,0.0,0.0,0.0,0.0,1.0
2015-09-23,0.0,0.0,0.0,0.0,1.0
2015-09-24,0.0,0.0,0.0,0.0,1.0
2015-09-25,0.0,0.0,0.0,0.0,1.0
2015-09-30,0.0,0.0,0.0,0.0,1.0
2015-10-01,0.0,0.0,0.0,0.0,1.0
2015-10-02,0.0,0.0,0.0,0.0,1.0
2015-10-05,0.0,0.0,0.0,0.0,1.0
2015-10-06,0.0,0.0,0.0,0.0,1.0
2015-10-07,0.0,0.0,0.0,0.0,1.0
2015-10-08,0.0,0.0,0.0,0.0,1.0
2015-10-12,0.0,0.0,0.0,0.0,1.0
2015-10-13,0.0,0.0,0.0,0.0,1.0
2015-10-14,0.0,0.0,0.0,0.0,1.0
2015-10-15,0.0,0.0,0.0,0.0,1.0
2015-10-16,0.0,0.0,0.0,0.0,1.0
2015-10-19,0.0,0.0,0.0,0.0,1.0
2015-10-20,0.0,0.0,0.0,0.0,1.0
2015-10-21,0.0,0.0,0.0,0.0,1.0
2015-10-22,0.0,0.0,0.0,0.0,1.0
2015-10-23,0.0,0.0,0.0,0.0,1.0
2015-10-26,0.0,0.0,0.0,0.0,1.0
2015-10-27,0.0,0.0,0.0,0.0,1.0
2015-10-28,0.0,0.0,0.0,0.0,1.0
2015-10-29,0.0,0.0,0.0,0.0,1.0
2015-10-30,0.0,0.0,0.0,0.0,1.0
2015-11-02,0.0,0.0,0.0,0.0,1.0
2015-11-03,0.0,0.0,0.0,0.0,1.0
2015-11-04,0.0,0.0,0.0,0.0,1.0
2015-11-05,0.0,0.0,0.0,0.0,1.0
2015-11-06,0.0,0.0,0.0,0.0,1.0
2015-11-09,0.0,0.0,0.0,0.0,1.0
2015-11-10,0.0,0.0,0.0,0.0,1.0
2015-11-11,0.0,0.0,0.0,0.0,1.0
2015-11-12,0.0,0.0,0.0,0.0,1.0
2015-11-13,0.0,0.0,0.0,0.0,1.0
2015-11-16,0.0,0.0,0.0,0.0,1.0
2015-11-17,0.0,0.0,0.0,0.0,1.0
2015-11-18,0.0,0.0,0.0,0.0,1.0
2015-11-19,0.0,0.0,0.0,0.0,1.0
2015-11-20,0.0,0.0,0.0,0.0,1.0
2015-11-23,0.0,0.0,0.0,0.0,1.0
2015-11-24,0.0,0.0,0.0,0.0,1.0
2015-11-25,0.0,0.0,0.0,0.0,1.0
2015-11-26,0.0,0.0,0.0,0.0,1.0
2015-11-27,0.0,0.0,0.0,0.0,1.0
2015-11-30,0.0,0.0,0.0,0.0,1.0
2015-12-01,0.0,0.0,0.0,0.0,1.0
2015-12-02,0.0,0.0,0.0,0.0,1.0
2015-12-03,0.0,0.0,0.0,0.0,1.0
2015-12-04,0.0,0.0,0.0,0.0,1.0
2015-12-07,0.0,0.0,0.0,0.0,1.0
2015-12-08,0.0,0.0,0.0,0.0,1.0
2015-12-09,0.0,0.0,0.0,0.0,1.0
2015-12-10,0.0,0.0,0.0,0.0,1.0
2015-12-11,0.0,0.0,0.0,0.0,1.0
2015-12-14,0.0,0.0,0.0,0.0,1.0
2015-12-15,0.0,0.0,0.0,0.0,1.0
2015-12-16,0.0,0.0,0.0,0.0,1.0
2015-12-17,0.0,0.0,0.0,0.0,1.0
2015-12-18,0.0,0.0,0.0,0.0,1.0
2015-12-21,0.0,0.0,0.0,0.0,1.0
2015-12-22,0.0,0.0,0.0,0.0,1.0
2015-12-23,0.0,0.0,0.0,0.0,1.0
2015-12-24,0.0,0.0,0.0,0.0,1.0
2015-12-25,0.0,0.0,0.0,0.0,1.0
2015-12-28,0.0,0.0,0.0,0.0,1.0
2015-12-29,0.0,0.0,0.0,0.0,1.0
2015-12-30,0.0,0.0,0.0,0.0,1.0
2015-12-31,0.0,0.0,0.0,0.0,1.0
2016-01-04,0.0,0.0,0.0,0.0,1.0
2016-01-05,0.0,0.0,0.0,0.0,1.0
2016-01-06,0.0,0.0,0.0,0.0,1.0
2016-01-07,0.0,0.0,0.0,0.0,1.0
2016-01-08,0.0,0.0,0.0,0.0,1.0
2016-01-11,0.0,0.0,0.0,0.0,1.0
2016-01-12,0.0,0.0,0.0,0.0,1.0
2016-01-13,0.0,0.0,0.0,0.0,1.0
2016-01-14,0.0,0.0,0.0,0.0,1.0
2016-01-15,0.0,0.0,0.0,0.0,1.0
2016-01-18,0.0,0.0,0.0,0.0,1.0
2016-01-19,0.0,0.0,0.0,0.0,1.0
2016-01-20,0.0,0.0,0.0,0.0,1.0
2016-01-21,0.0,0.0,0.0,0.0,1.0
2016-01-22,0.0,0.0,0.0,0.0,1.0
2016-01-25,0.0,0.0,0.0,0.0,1.0
2016-01-26,0.0,0.0,0.0,0.0,1.0
2016-01-27,0.0,0.0,0.0,0.0,1.0
2016-01-28,0.0,0.0,0.0,0.0,1.0
2016-01-29,0.0,0.0,0.0,0.0,1.0
2016-01-30,0.0,0.0,0.0,0.0,1.0
2016-02-01,0.0,0.0,0.0,0.0,1.0
2016-02-02,0.0,0.0,0.0,0.0,1.0
2016-02-03,0.0,0.0,0.0,0.0,1.0
2016-02-15,0.0,0.0,0.0,0.0,1.0
2016-02-16,0.0,0.0,0.0,0.0,1.0
2016-02-17,0.0,0.0,0.0,0.0,1.0
2016-02-18,0.0,0.0,0.0,0.0,1.0
2016-02-19,0.0,0.0,0.0,0.0,1.0
2016-02-22,0.0,0.0,0.0,0.0,1.0
2016-02-23,0.0,0.0,0.0,0.0,1.0
2016-02-24,0.0,0.0,0.0,0.0,1.0
2016-02-25,0.0,0.0,0.0,0.0,1.0
2016-02-26,0.0,0.0,0.0,0.0,1.0
2016-03-01,0.0,0.0,0.0,0.0,1.0
2016-03-02,0.0,0.0,0.0,0.0,1.0
2016-03-03,0.0,0.0,0.0,0.0,1.0
2016-03-04,0.0,0.0,0.0,0.0,1.0
2016-03-07,0.0,0.0,0.0,0.0,1.0
2016-03-08,0.0,0.0,0.0,0.0,1.0
2016-03-09,0.0,0.0,0.0,0.0,1.0
2016-03-10,0.0,0.0,0.0,0.0,1.0
2016-03-11,0.0,0.0,0.0,0.0,1.0
2016-03-14,0.0,0.0,0.0,0.0,1.0
2016-03-15,0.0,0.0,0.0,0.0,1.0
2016-03-16,0.0,0.0,0.0,0.0,1.0
2016-03-17,0.0,0.0,0.0,0.0,1.0
2016-03-18,0.0,0.0,0.0,0.0,1.0
2016-03-21,0.0,0.0,0.0,0.0,1.0
2016-03-22,0.0,0.0,0.0,0.0,1.0
2016-03-23,0.0,0.0,0.0,0.0,1.0
2016-03-24,0.0,0.0,0.0,0.0,1.0
2016-03-25,0.0,0.0,0.0,0.0,1.0
2016-03-28,0.0,0.0,0.0,0.0,1.0
2016-03-29,0.0,0.0,0.0,0.0,1.0
2016-03-30,0.0,0.0,0.0,0.0,1.0
2016-03-31,0.0,0.0,0.0,0.0,1.0
2016-04-01,0.0,0.0,0.0,0.0,1.0
2016-04-06,0.0,0.0,0.0,0.0,1.0
2016-04-07,0.0,0.0,0.0,0.0,1.0
2016-04-08,0.0,0.0,0.0,0.0,1.0
2016-04-11,0.0,0.0,0.0,0.0,1.0
2016-04-12,0.0,0.0,0.0,0.0,1.0
2016-04-13,0.0,0.0,0.0,0.0,1.0
2016-04-14,0.0,0.0,0.0,0.0,1.0
2016-04-15,0.0,0.0,0.0,0.0,1.0
2016-04-18,0.0,0.0,0.0,0.0,1.0
2016-04-19,0.0,0.0,0.0,0.0,1.0
2016-04-20,0.0,0.0,0.0,0.0,1.0
2016-04-21,0.0,0.0,0.0,0.0,1.0
2016-04-22,0.0,0.0,0.0,0.0,1.0
2016-04-25,0.0,0.0,0.0,0.0,1.0
2016-04-26,0.0,0.0,0.0,0.0,1.0
2016-04-27,0.0,0.0,0.0,0.0,1.0
2016-04-28,0.0,0.0,0.0,0.0,1.0
2016-04-29,0.0,0.0,0.0,0.0,1.0
2016-05-03,0.0,0.0,0.0,0.0,1.0
2016-05-04,0.0,0.0,0.0,0.0,1.0
2016-05-05,0.0,0.0,0.0,0.0,1.0
2016-05-06,0.0,0.0,0.0,0.0,1.0
2016-05-09,0.0,0.0,0.0,0.0,1.0
2016-05-10,0.0,0.0,0.0,0.0,1.0
2016-05-11,0.0,0.0,0.0,0.0,1.0
2016-05-12,0.0,0.0,0.0,0.0,1.0
2016-05-13,0.0,0.0,0.0,0.0,1.0
2016-05-16,0.0,0.0,0.0,0.0,1.0
2016-05-17,0.0,0.0,0.0,0.0,1.0
2016-05-18,0.0,0.0,0.0,0.0,1.0
2016-05-19,0.0,0.0,0.0,0.0,1.0
2016-05-20,0.0,0.0,0.0,0.0,1.0
2016-05-23,0.0,0.0,0.0,0.0,1.0
2016-05-24,0.0,0.0,0.0,0.0,1.0
2016-05-25,0.0,0.0,0.0,0.0,1.0
2016-05-26,0.0,0.0,0.0,0.0,1.0
2016-05-27,0.0,0.0,0.0,0.0,1.0
2016-05-30,0.0,0.0,0.0,0.0,1.0
2016-05-31,0.0,0.0,0.0,0.0,1.0
2016-06-01,0.0,0.0,0.0,0.0,1.0
2016-06-02,0.0,0.0,0.0,0.0,1.0
2016-06-03,0.0,0.0,0.0,0.0,1.0
2016-06-04,0.0,0.0,0.0,0.0,1.0
2016-06-06,0.0,0.0,0.0,0.0,1.0
2016-06-07,0.0,0.0,0.0,0.0,1.0
2016-06-08,0.0,0.0,0.0,0.0,1.0
2016-06-13,0.0,0.0,0.0,0.0,1.0
2016-06-14,0.0,0.0,0.0,0.0,1.0
2016-06-15,0.0,0.0,0.0,0.0,1.0
2016-06-16,0.0,0.0,0.0,0.0,1.0
2016-06-17,0.0,0.0,0.0,0.0,1.0
2016-06-20,0.0,0.0,0.0,0.0,1.0
2016-06-21,0.0,0.0,0.0,0.0,1.0
2016-06-22,0.0,0.0,0.0,0.0,1.0
2016-06-23,0.0,0.0,0.0,0.0,1.0
2016-06-24,0.0,0.0,0.0,0.0,1.0
2016-06-27,0.0,0.0,0.0,0.0,1.0
2016-06-28,0.0,0.0,0.0,0.0,1.0
2016-06-29,0.0,0.0,0.0,0.0,1.0
2016-06-30,0.0,0.0,0.0,0.0,1.0
2016-07-01,0.0,0.0,0.0,0.0,1.0
2016-07-04,0.0,0.0,0.0,0.0,1.0
2016-07-05,0.0,0.0,0.0,0.0,1.0
2016-07-06,0.0,0.0,0.0,0.0,1.0
2016-07-07,0.0,0.0,0.0,0.0,1.0
2016-07-11,0.0,0.0,0.0,0.0,1.0
2016-07-12,0.0,0.0,0.0,0.0,1.0
2016-07-13,0.0,0.0,0.0,0.0,1.0
2016-07-14,0.0,0.0,0.0,0.0,1.0
2016-07-15,0.0,0.0,0.0,0.0,1.0
2016-07-18,0.0,0.0,0.0,0.0,1.0
2016-07-19,0.0,0.0,0.0,0.0,1.0
2016-07-20,0.0,0.0,0.0,0.0,1.0
2016-07-21,0.0,0.0,0.0,0.0,1.0
2016-07-22,0.0,0.0,0.0,0.0,1.0
2016-07-25,0.0,0.0,0.0,0.0,1.0
2016-07-26,0.0,0.0,0.0,0.0,1.0
2016-07-27,0.0,0.0,0.0,0.0,1.0
2016-07-28,0.0,0.0,0.0,0.0,1.0
2016-07-29,0.0,0.0,0.0,0.0,1.0
2016-08-01,0.0,0.0,0.0,0.0,1.0
2016-08-02,0.0,0.0,0.0,0.0,1.0
2016-08-03,0.0,0.0,0.0,0.0,1.0
2016-08-04,0.0,0.0,0.0,0.0,1.0
2016-08-05,0.0,0.0,0.0,0.0,1.0
2016-08-08,0.0,0.0,0.0,0.0,1.0
2016-08-09,0.0,0.0,0.0,0.0,1.0
2016-08-10,0.0,0.0,0.0,0.0,1.0
2016-08-11,0.0,0.0,0.0,0.0,1.0
2016-08-12,0.0,0.0,0.0,0.0,1.0
2016-08-15,0.0,0.0,0.0,0.0,1.0
2016-08-16,0.0,0.0,0.0,0.0,1.0
2016-08-17,0.0,0.0,0.0,0.0,1.0
2016-08-18,0.0,0.0,0.0,0.0,1.0
2016-08-19,0.0,0.0,0.0,0.0,1.0
2016-08-22,0.0,0.0,0.0,0.0,1.0
2016-08-23,0.0,0.0,0.0,0.0,1.0
2016-08-24,0.0,0.0,0.0,0.0,1.0
2016-08-25,0.0,0.0,0.0,0.0,1.0
2016-08-26,0.0,0.0,0.0,0.0,1.0
2016-08-29,0.0,0.0,0.0,0.0,1.0
2016-08-30,0.0,0.0,0.0,0.0,1.0
2016-08-31,0.0,0.0,0.0,0.0,1.0
2016-09-01,0.0,0.0,0.0,0.0,1.0
2016-09-02,0.0,0.0,0.0,0.0,1.0
2016-09-05,0.0,0.0,0.0,0.0,1.0
2016-09-06,0.0,0.0,0.0,0.0,1.0
2016-09-07,0.0,0.0,0.0,0.0,1.0
2016-09-08,0.0,0.0,0.0,0.0,1.0
2016-09-09,0.0,0.0,0.0,0.0,1.0
2016-09-10,0.0,0.0,0.0,0.0,1.0
2016-09-12,0.0,0.0,0.0,0.0,1.0
2016-09-13,0.0,0.0,0.0,0.0,1.0
2016-09-14,0.0,0.0,0.0,0.0,1.0
2016-09-19,0.0,0.0,0.0,0.0,1.0
2016-09-20,0.0,0.0,0.0,0.0,1.0
2016-09-21,0.0,0.0,0.0,0.0,1.0
2016-09-22,0.0,0.0,0.0,0.0,1.0
2016-09-23,0.0,0.0,0.0,0.0,1.0
2016-09-26,0.0,0.0,0.0,0.0,1.0
2016-09-29,0.0,0.0,0.0,0.0,1.0
2016-09-30,0.0,0.0,0.0,0.0,1.0
2016-10-03,0.0,0.0,0.0,0.0,1.0
2016-10-04,0.0,0.0,0.0,0.0,1.0
2016-10-05,0.0,0.0,0.0,0.0,1.0
2016-10-06,0.0,0.0,0.0,0.0,1.0
2016-10-07,0.0,0.0,0.0,0.0,1.0
2016-10-11,0.0,0.0,0.0,0.0,1.0
2016-10-12,0.0,0.0,0.0,0.0,1.0
2016-10-13,0.0,0.0,0.0,0.0,1.0
2016-10-14,0.0,0.0,0.0,0.0,1.0
2016-10-17,0.0,0.0,0.0,0.0,1.0
2016-10-18,0.0,0.0,0.0,0.0,1.0
2016-10-19,0.0,0.0,0.0,0.0,1.0
2016-10-20,0.0,0.0,0.0,0.0,1.0
2016-10-21,0.0,0.0,0.0,0.0,1.0
2016-10-24,0.0,0.0,0.0,0.0,1.0
2016-10-25,0.0,0.0,0.0,0.0,1.0
2016-10-26,0.0,0.0,0.0,0.0,1.0
2016-10-27,0.0,0.0,0.0,0.0,1.0
2016-10-28,0.0,0.0,0.0,0.0,1.0
2016-10-31,0.0,0.0,0.0,0.0,1.0
2016-11-01,0.0,0.0,0.0,0.0,1.0
2016-11-02,0.0,0.0,0.0,0.0,1.0
2016-11-03,0.0,0.0,0.0,0.0,1.0
2016-11-04,0.0,0.0,0.0,0.0,1.0
2016-11-07,0.0,0.0,0.0,0.0,1.0
2016-11-08,0.0,0.0,0.0,0.0,1.0
2016-11-09,0.0,0.0,0.0,0.0,1.0
2016-11-10,0.0,0.0,0.0,0.0,1.0
2016-11-11,0.0,0.0,0.0,0.0,1.0
2016-11-14,0.0,0.0,0.0,0.0,1.0
2016-11-15,0.0,0.0,0.0,0.0,1.0
2016-11-16,0.0,0.0,0.0,0.0,1.0
2016-11-17,0.0,0.0,0.0,0.0,1.0
2016-11-18,0.0,0.0,0.0,0.0,1.0
2016-11-21,0.0,0.0,0.0,0.0,1.0
2016-11-22,0.0,0.0,0.0,0.0,1.0
2016-11-23,0.0,0.0,0.0,0.0,1.0
2016-11-24,0.0,0.0,0.0,0.0,1.0
2016-11-25,0.0,0.0,0.0,0.0,1.0
2016-11-28,0.0,0.0,0.0,0.0,1.0
2016-11-29,0.0,0.0,0.0,0.0,1.0
2016-11-30,0.0,0.0,0.0,0.0,1.0
2016-12-01,0.0,0.0,0.0,0.0,1.0
2016-12-02,0.0,0.0,0.0,0.0,1.0
2016-12-05,0.0,0.0,0.0,0.0,1.0
2016-12-06,0.0,0.0,0.0,0.0,1.0
2016-12-07,0.0,0.0,0.0,0.0,1.0
2016-12-08,0.0,0.0,0.0,0.0,1.0
2016-12-09,0.0,0.0,0.0,0.0,1.0
2016-12-12,0.0,0.0,0.0,0.0,1.0
2016-12-13,0.0,0.0,0.0,0.0,1.0
2016-12-14,0.0,0.0,0.0,0.0,1.0
2016-12-15,0.0,0.0,0.0,0.0,1.0
2016-12-16,0.0,0.0,0.0,0.0,1.0
2016-12-19,0.0,0.0,0.0,0.0,1.0
2016-12-20,0.0,0.0,0.0,0.0,1.0
2016-12-21,0.0,0.0,0.0,0.0,1.0
2016-12-22,0.0,0.0,0.0,0.0,1.0
2016-12-23,0.0,0.0,0.0,0.0,1.0
2016-12-26,0.0,0.0,0.0,0.0,1.0
2016-12-27,0.0,0.0,0.0,0.0,1.0
2016-12-28,0.0,0.0,0.0,0.0,1.0
2016-12-29,0.0,0.0,0.0,0.0,1.0
2016-12-30,0.0,0.0,0.0,0.0,1.0
2017-01-03,0.0,0.0,0.0,0.0,1.0
2017-01-04,0.0,0.0,0.0,0.0,1.0
2017-01-05,0.0,0.0,0.0,0.0,1.0
2017-01-06,0.0,0.0,0.0,0.0,1.0
2017-01-09,0.0,0.0,0.0,0.0,1.0
2017-01-10,0.0,0.0,0.0,0.0,1.0
2017-01-11,0.0,0.0,0.0,0.0,1.0
2017-01-12,0.0,0.0,0.0,0.0,1.0
2017-01-13,0.0,0.0,0.0,0.0,1.0
2017-01-16,0.0,0.0,0.0,0.0,1.0
2017-01-17,0.0,0.0,0.0,0.0,1.0
2017-01-18,0.0,0.0,0.0,0.0,1.0
2017-01-19,0.0,0.0,0.0,0.0,1.0
2017-01-20,0.0,0.0,0.0,0.0,1.0
2017-01-23,0.0,0.0,0.0,0.0,1.0
2017-01-24,0.0,0.0,0.0,0.0,1.0
2017-02-02,0.0,0.0,0.0,0.0,1.0
2017-02-03,0.0,0.0,0.0,0.0,1.0
2017-02-06,0.0,0.0,0.0,0.0,1.0
2017-02-07,0.0,0.0,0.0,0.0,1.0
2017-02-08,0.0,0.0,0.0,0.0,1.0
2017-02-09,0.0,0.0,0.0,0.0,1.0
2017-02-10,0.0,0.0,0.0,0.0,1.0
2017-02-13,0.0,0.0,0.0,0.0,1.0
2017-02-14,0.0,0.0,0.0,0.0,1.0
2017-02-15,0.0,0.0,0.0,0.0,1.0
2017-02-16,0.0,0.0,0.0,0.0,1.0
2017-02-17,0.0,0.0,0.0,0.0,1.0
2017-02-18,0.0,0.0,0.0,0.0,1.0
2017-02-20,0.0,0.0,0.0,0.0,1.0
2017-02-21,0.0,0.0,0.0,0.0,1.0
2017-02-22,0.0,0.0,0.0,0.0,1.0
2017-02-23,0.0,0.0,0.0,0.0,1.0
2017-02-24,0.0,0.0,0.0,0.0,1.0
2017-03-01,0.0,0.0,0.0,0.0,1.0
2017-03-02,0.0,0.0,0.0,0.0,1.0
2017-03-03,0.0,0.0,0.0,0.0,1.0
2017-03-06,0.0,0.0,0.0,0.0,1.0
2017-03-07,0.0,0.0,0.0,0.0,1.0
2017-03-08,0.0,0.0,0.0,0.0,1.0
2017-03-09,0.0,0.0,0.0,0.0,1.0
2017-03-10,0.0,0.0,0.0,0.0,1.0
2017-03-13,0.0,0.0,0.0,0.0,1.0
2017-03-14,0.0,0.0,0.0,0.0,1.0
2017-03-15,0.0,0.0,0.0,0.0,1.0
2017-03-16,0.0,0.0,0.0,0.0,1.0
2017-03-17,0.0,0.0,0.0,0.0,1.0
2017-03-20,0.0,0.0,0.0,0.0,1.0
2017-03-21,0.0,0.0,0.0,0.0,1.0
2017-03-22,0.0,0.0,0.0,0.0,1.0
2017-03-23,0.0,0.0,0.0,0.0,1.0
2017-03-24,0.0,0.0,0.0,0.0,1.0
2017-03-27,0.0,0.0,0.0,0.0,1.0
2017-03-28,0.0,0.0,0.0,0.0,1.0
2017-03-29,0.0,0.0,0.0,0.0,1.0
2017-03-30,0.0,0.0,0.0,0.0,1.0
2017-03-31,0.0,0.0,0.0,0.0,1.0
2017-04-05,0.0,0.0,0.0,0.0,1.0
2017-04-06,0.0,0.0,0.0,0.0,1.0
2017-04-07,0.0,0.0,0.0,0.0,1.0
2017-04-10,0.0,0.0,0.0,0.0,1.0
2017-04-11,0.0,0.0,0.0,0.0,1.0
2017-04-12,0.0,0.0,0.0,0.0,1.0
2017-04-13,0.0,0.0,0.0,0.0,1.0
2017-04-14,0.0,0.0,0.0,0.0,1.0
2017-04-17,0.0,0.0,0.0,0.0,1.0
2017-04-18,0.0,0.0,0.0,0.0,1.0
2017-04-19,0.0,0.0,0.0,0.0,1.0
2017-04-20,0.0,0.0,0.0,0.0,1.0
2017-04-21,0.0,0.0,0.0,0.0,1.0
2017-04-24,0.0,0.0,0.0,0.0,1.0
2017-04-25,0.0,0.0,0.0,0.0,1.0
2017-04-26,0.0,0.0,0.0,0.0,1.0
2017-04-27,0.0,0.0,0.0,0.0,1.0
2017-04-28,0.0,0.0,0.0,0.0,1.0
2017-05-02,0.0,0.0,0.0,0.0,1.0
2017-05-03,0.0,0.0,0.0,0.0,1.0
2017-05-04,0.0,0.0,0.0,0.0,1.0
2017-05-05,0.0,0.0,0.0,0.0,1.0
2017-05-08,0.0,0.0,0.0,0.0,1.0
2017-05-09,0.0,0.0,0.0,0.0,1.0
2017-05-10,0.0,0.0,0.0,0.0,1.0
2017-05-11,0.0,0.0,0.0,0.0,1.0
2017-05-12,0.0,0.0,0.0,0.0,1.0
2017-05-15,0.0,0.0,0.0,0.0,1.0
2017-05-16,0.0,0.0,0.0,0.0,1.0
2017-05-17,0.0,0.0,0.0,0.0,1.0
2017-05-18,0.0,0.0,0.0,0.0,1.0
2017-05-19,0.0,0.0,0.0,0.0,1.0
2017-05-22,0.0,0.0,0.0,0.0,1.0
2017-05-23,0.0,0.0,0.0,0.0,1.0
2017-05-24,0.0,0.0,0.0,0.0,1.0
2017-05-25,0.0,0.0,0.0,0.0,1.0
2017-05-26,0.0,0.0,0.0,0.0,1.0
2017-05-31,0.0,0.0,0.0,0.0,1.0
2017-06-01,0.0,0.0,0.0,0.0,1.0
2017-06-02,0.0,0.0,0.0,0.0,1.0
2017-06-03,0.0,0.0,0.0,0.0,1.0
2017-06-05,0.0,0.0,0.0,0.0,1.0
2017-06-06,0.0,0.0,0.0,0.0,1.0
2017-06-07,0.0,0.0,0.0,0.0,1.0
2017-06-08,0.0,0.0,0.0,0.0,1.0
2017-06-09,0.0,0.0,0.0,0.0,1.0
2017-06-12,0.0,0.0,0.0,0.0,1.0
2017-06-13,0.0,0.0,0.0,0.0,1.0
2017-06-14,0.0,0.0,0.0,0.0,1.0
2017-06-15,0.0,0.0,0.0,0.0,1.0
2017-06-16,0.0,0.0,0.0,0.0,1.0
2017-06-19,0.0,0.0,0.0,0.0,1.0
2017-06-20,0.0,0.0,0.0,0.0,1.0
2017-06-21,0.0,0.0,0.0,0.0,1.0
2017-06-22,0.0,0.0,0.0,0.0,1.0
2017-06-23,0.0,0.0,0.0,0.0,1.0
2017-06-26,0.0,0.0,0.0,0.0,1.0
2017-06-27,0.0,0.0,0.0,0.0,1.0
2017-06-28,0.0,0.0,0.0,0.0,1.0
2017-06-29,0.0,0.0,0.0,0.0,1.0
2017-06-30,0.0,0.0,0.0,0.0,1.0
2017-07-03,0.0,0.0,0.0,0.0,1.0
2017-07-04,0.0,0.0,0.0,0.0,1.0
2017-07-05,0.0,0.0,0.0,0.0,1.0
2017-07-06,0.0,0.0,0.0,0.0,1.0
2017-07-07,0.0,0.0,0.0,0.0,1.0
2017-07-10,0.0,0.0,0.0,0.0,1.0
2017-07-11,0.0,0.0,0.0,0.0,1.0
2017-07-12,0.0,0.0,0.0,0.0,1.0
2017-07-13,0.0,0.0,0.0,0.0,1.0
2017-07-14,0.0,0.0,0.0,0.0,1.0
2017-07-17,0.0,0.0,0.0,0.0,1.0
2017-07-18,0.0,0.0,0.0,0.0,1.0
2017-07-19,0.0,0.0,0.0,0.0,1.0
2017-07-20,0.0,0.0,0.0,0.0,1.0
2017-07-21,0.0,0.0,0.0,0.0,1.0
2017-07-24,0.0,0.0,0.0,0.0,1.0
2017-07-25,0.0,0.0,0.0,0.0,1.0
2017-07-26,0.0,0.0,0.0,0.0,1.0
2017-07-27,0.0,0.0,0.0,0.0,1.0
2017-07-28,0.0,0.0,0.0,0.0,1.0
2017-07-31,0.0,0.0,0.0,0.0,1.0
2017-08-01,0.0,0.0,0.0,0.0,1.0
2017-08-02,0.0,0.0,0.0,0.0,1.0
2017-08-03,0.0,0.0,0.0,0.0,1.0
2017-08-04,0.0,0.0,0.0,0.0,1.0
2017-08-07,0.0,0.0,0.0,0.0,1.0
2017-08-08,0.0,0.0,0.0,0.0,1.0
2017-08-09,0.0,0.0,0.0,0.0,1.0
2017-08-10,0.0,0.0,0.0,0.0,1.0
2017-08-11,0.0,0.0,0.0,0.0,1.0
2017-08-14,0.0,0.0,0.0,0.0,1.0
2017-08-15,0.0,0.0,0.0,0.0,1.0
2017-08-16,0.0,0.0,0.0,0.0,1.0
2017-08-17,0.0,0.0,0.0,0.0,1.0
2017-08-18,0.0,0.0,0.0,0.0,1.0
2017-08-21,0.0,0.0,0.0,0.0,1.0
2017-08-22,0.0,0.0,0.0,0.0,1.0
2017-08-23,0.0,0.0,0.0,0.0,1.0
2017-08-24,0.0,0.0,0.0,0.0,1.0
2017-08-25,0.0,0.0,0.0,0.0,1.0
2017-08-28,0.0,0.0,0.0,0.0,1.0
2017-08-29,0.0,0.0,0.0,0.0,1.0
2017-08-30,0.0,0.0,0.0,0.0,1.0
2017-08-31,0.0,0.0,0.0,0.0,1.0
2017-09-01,0.0,0.0,0.0,0.0,1.0
2017-09-04,0.0,0.0,0.0,0.0,1.0
2017-09-05,0.0,0.0,0.0,0.0,1.0
2017-09-06,0.0,0.0,0.0,0.0,1.0
2017-09-07,0.0,0.0,0.0,0.0,1.0
2017-09-08,0.0,0.0,0.0,0.0,1.0
2017-09-11,0.0,0.0,0.0,0.0,1.0
2017-09-12,0.0,0.0,0.0,0.0,1.0
2017-09-13,0.0,0.0,0.0,0.0,1.0
2017-09-14,0.0,0.0,0.0,0.0,1.0
2017-09-15,0.0,0.0,0.0,0.0,1.0
2017-09-18,0.0,0.0,0.0,0.0,1.0
2017-09-19,0.0,0.0,0.0,0.0,1.0
2017-09-20,0.0,0.0,0.0,0.0,1.0
2017-09-21,0.0,0.0,0.0,0.0,1.0
2017-09-22,0.0,0.0,0.0,0.0,1.0
2017-09-25,0.0,0.0,0.0,0.0,1.0
2017-09-26,0.0,0.0,0.0,0.0,1.0
2017-09-27,0.0,0.0,0.0,0.0,1.0
2017-09-28,0.0,0.0,0.0,0.0,1.0
2017-09-29,0.0,0.0,0.0,0.0,1.0
2017-09-30,0.0,0.0,0.0,0.0,1.0
2017-10-02,0.0,0.0,0.0,0.0,1.0
2017-10-03,0.0,0.0,0.0,0.0,1.0
2017-10-05,0.0,0.0,0.0,0.0,1.0
2017-10-06,0.0,0.0,0.0,0.0,1.0
2017-10-11,0.0,0.0,0.0,0.0,1.0
2017-10-12,0.0,0.0,0.0,0.0,1.0
2017-10-13,0.0,0.0,0.0,0.0,1.0
2017-10-16,0.0,0.0,0.0,0.0,1.0
2017-10-17,0.0,0.0,0.0,0.0,1.0
2017-10-18,0.0,0.0,0.0,0.0,1.0
2017-10-19,0.0,0.0,0.0,0.0,1.0
2017-10-20,0.0,0.0,0.0,0.0,1.0
2017-10-23,0.0,0.0,0.0,0.0,1.0
2017-10-24,0.0,0.0,0.0,0.0,1.0
2017-10-25,0.0,0.0,0.0,0.0,1.0
2017-10-26,0.0,0.0,0.0,0.0,1.0
2017-10-27,0.0,0.0,0.0,0.0,1.0
2017-10-30,0.0,0.0,0.0,0.0,1.0
2017-10-31,0.0,0.0,0.0,0.0,1.0
2017-11-01,0.0,0.0,0.0,0.0,1.0
2017-11-02,0.0,0.0,0.0,0.0,1.0
2017-11-03,0.0,0.0,0.0,0.0,1.0
2017-11-06,0.0,0.0,0.0,0.0,1.0
2017-11-07,0.0,0.0,0.0,0.0,1.0
2017-11-08,0.0,0.0,0.0,0.0,1.0
2017-11-09,0.0,0.0,0.0,0.0,1.0
2017-11-10,0.0,0.0,0.0,0.0,1.0
2017-11-13,0.0,0.0,0.0,0.0,1.0
2017-11-14,0.0,0.0,0.0,0.0,1.0
2017-11-15,0.0,0.0,0.0,0.0,1.0
2017-11-16,0.0,0.0,0.0,0.0,1.0
2017-11-17,0.0,0.0,0.0,0.0,1.0
2017-11-20,0.0,0.0,0.0,0.0,1.0
2017-11-21,0.0,0.0,0.0,0.0,1.0
2017-11-22,0.0,0.0,0.0,0.0,1.0
2017-11-23,0.0,0.0,0.0,0.0,1.0
2017-11-24,0.0,0.0,0.0,0.0,1.0
2017-11-27,0.0,0.0,0.0,0.0,1.0
2017-11-28,0.0,0.0,0.0,0.0,1.0
2017-11-29,0.0,0.0,0.0,0.0,1.0
2017-11-30,0.0,0.0,0.0,0.0,1.0
2017-12-01,0.0,0.0,0.0,0.0,1.0
2017-12-04,0.0,0.0,0.0,0.0,1.0
2017-12-05,0.0,0.0,0.0,0.0,1.0
2017-12-06,0.0,0.0,0.0,0.0,1.0
2017-12-07,0.0,0.0,0.0,0.0,1.0
2017-12-08,0.0,0.0,0.0,0.0,1.0
2017-12-11,0.0,0.0,0.0,0.0,1.0
2017-12-12,0.0,0.0,0.0,0.0,1.0
2017-12-13,0.0,0.0,0.0,0.0,1.0
2017-12-14,0.0,0.0,0.0,0.0,1.0
2017-12-15,0.0,0.0,0.0,0.0,1.0
2017-12-18,0.0,0.0,0.0,0.0,1.0
2017-12-19,0.0,0.0,0.0,0.0,1.0
2017-12-20,0.0,0.0,0.0,0.0,1.0
2017-12-21,0.0,0.0,0.0,0.0,1.0
2017-12-22,0.0,0.0,0.0,0.0,1.0
2017-12-25,0.0,0.0,0.0,0.0,1.0
2017-12-26,0.0,0.0,0.0,0.0,1.0
2017-12-27,0.0,0.0,0.0,0.0,1.0
2017-12-28,0.0,0.0,0.0,0.0,1.0
2017-12-29,0.0,0.0,0.0,0.0,1.0
2018-01-02,0.0,0.0,0.0,0.0,1.0
2018-01-03,0.0,0.0,0.0,0.0,1.0
2018-01-04,0.0,0.0,0.0,0.0,1.0
2018-01-05,0.0,0.0,0.0,0.0,1.0
2018-01-08,0.0,0.0,0.0,0.0,1.0
2018-01-09,0.0,0.0,0.0,0.0,1.0
2018-01-10,0.0,0.0,0.0,0.0,1.0
2018-01-11,0.0,0.0,0.0,0.0,1.0
2018-01-12,0.0,0.0,0.0,0.0,1.0
2018-01-15,0.0,0.0,0.0,0.0,1.0
2018-01-16,0.0,0.0,0.0,0.0,1.0
2018-01-17,0.0,0.0,0.0,0.0,1.0
2018-01-18,0.0,0.0,0.0,0.0,1.0
2018-01-19,0.0,0.0,0.0,0.0,1.0
2018-01-22,0.0,0.0,0.0,0.0,1.0
2018-01-23,0.0,0.0,0.0,0.0,1.0
2018-01-24,0.0,0.0,0.0,0.0,1.0
2018-01-25,0.0,0.0,0.0,0.0,1.0
2018-01-26,0.0,0.0,0.0,0.0,1.0
2018-01-29,0.0,0.0,0.0,0.0,1.0
2018-01-30,0.0,0.0,0.0,0.0,1.0
2018-01-31,0.0,0.0,0.0,0.0,1.0
2018-02-01,0.0,0.0,0.0,0.0,1.0
2018-02-02,-0.0044065590272486695,-0.00833155902724867,1.0,0.003925,0.9916684409727513
2018-02-05,-0.01290859142520387,-0.01290859142520387,0.0,0.0,0.9788673982389652
2018-02-06,-0.042176445522153105,-0.042176445522153105,0.0,0.0,0.9375822507437277
2018-02-07,0.014757688240089398,0.014757688240089398,0.0,0.0,0.9514187972996451
2018-02-08,7.788710766383879e-05,7.788710766383879e-05,0.0,0.0,0.9514929005579438
2018-02-09,-0.008065187526103806,-0.008065187526103806,0.0,0.0,0.9438189318851875
2018-02-12,0.004905090068435127,0.004905090068435127,0.0,0.0,0.9484484487543785
2018-02-21,0.021775091372780272,0.021775091372780272,0.0,0.0,0.9691010003883769
2018-02-22,0.0012695487358369672,0.0012695487358369672,0.0,0.0,0.9703313213383182
2018-02-23,0.008084174313338244,0.008084174313338244,0.0,0.0,0.9781756488817089
2018-02-26,0.004460451369798582,0.004460451369798582,0.0,0.0,0.9825387537946669
2018-02-27,-0.0027523511995426963,-0.0027523511995426963,0.0,0.0,0.979834462077063
2018-03-01,0.0009677176236784732,0.0009677176236784732,0.0,0.0,0.9807826651543025
2018-03-02,-0.006142996120287056,-0.006142996120287056,0.0,0.0,0.9747577210474149
2018-03-05,-0.007828860127338041,-0.007828860127338041,0.0,0.0,0.9671264791912918
2018-03-06,0.007809033696362911,0.007809033696362911,0.0,0.0,0.9746788024559415
2018-03-07,0.000564831180446565,0.000564831180446565,0.0,0.0,0.9752293314344889
2018-03-08,0.005877228760677499,0.005877228760677499,0.0,0.0,0.9809609773094519
2018-03-09,0.0011873366306627917,0.0011873366306627917,0.0,0.0,0.982125708211062
2018-03-12,0.007832801605766436,0.007832801605766436,0.0,0.0,0.9898185040354022
2018-03-13,0.004598312373341359,0.004598312373341359,0.0,0.0,0.9943699987098703
2018-03-14,-0.0015951214650872037,-0.0015951214650872037,0.0,0.0,0.9927838577806894
2018-03-15,0.00011909819680796152,0.00011909819680796152,0.0,0.0,0.9929020965479712
2018-03-16,0.005649161939981463,0.005649161939981463,0.0,0.0,0.9985111612819179
2018-03-19,0.0003566547005418916,0.0003566547005418916,0.0,0.0,0.9988672849811325
2018-03-20,-0.0016816290199199557,-0.0016816290199199557,0.0,0.0,0.9971875607676596
2018-03-21,0.0008670691755207456,0.0008670691755207456,0.0,0.0,0.998052191363814
2018-03-22,0.0004911829916654716,0.0004911829916654716,0.0,0.0,0.9985424176250063
2018-03-23,-0.01201572584309478,-0.01201572584309478,0.0,0.0,0.9865442056921232
2018-03-26,0.0026546985880109616,0.0026546985880109616,0.0,0.0,0.9891631832019845
2018-03-27,0.00698866978124511,0.00698866978124511,0.0,0.0,0.9960761180491484
2018-03-28,-0.004285811917219103,-0.004285811917219103,0.0,0.0,0.9918071231519561
2018-03-29,-0.001337155283383783,-0.001337155283383783,0.0,0.0,0.9904809230171359
2018-03-30,0.006267366233801174,0.006267366233801174,0.0,0.0,0.9966886297092776
2018-03-31,0.0018541256131515416,0.0018541256131515416,0.0,0.0,0.9985366156259584
2018-04-02,-0.0023500008057589106,-0.0023500008057589106,0.0,0.0,0.9961900537746576
2018-04-03,-0.005170618343754806,-0.005170618343754806,0.0,0.0,0.9910391352087443
2018-04-09,0.008393671249644586,0.008393671249644586,0.0,0.0,0.9993575919052187
2018-04-10,0.004650314264843783,0.004650314264843783,0.0,0.0,1.0040049187705353
2018-04-11,0.001555445755191739,0.001555445755191739,0.0,0.0,1.0055665939596288
2018-04-12,0.0010671818425533977,0.0010671818425533977,0.0,0.0,1.0066397163701808
2018-04-13,-0.0006262754983921424,-0.0006262754983921424,0.0,0.0,1.0060092825801097
2018-04-16,-0.0013745083949020032,-0.0013745083949020032,0.0,0.0,1.004626514375854
2018-04-17,-0.007915585987083164,-0.007915585987083164,0.0,0.0,0.9966743068164082
2018-04-18,0.004311185731549525,0.004311185731549525,0.0,0.0,1.000971154866957
2018-04-19,0.008324431189158845,0.008324431189158845,0.0,0.0,1.0093036703679799
2018-04-20,-0.0027621475059168067,-0.0027621475059168067,0.0,0.0,1.0065158247521602
2018-04-23,-0.0008053316337491724,-0.0008053316337491724,0.0,0.0,1.0057052457186182
2018-04-24,-0.011069330700877539,-0.011069330700877539,0.0,0.0,0.9945727617661515
2018-04-25,0.0007689834204991777,0.0007689834204991777,0.0,0.0,0.9953375717304297
2018-04-26,-0.0025819489222508865,-0.0025819489222508865,0.0,0.0,0.9927676609598246
2018-04-27,0.004641530854886397,0.004641530854886397,0.0,0.0,0.997375622689903
2018-04-30,0.008861409364329982,0.008861409364329982,0.0,0.0,1.0062137763725618
2018-05-02,0.0008621354127041749,0.0008621354127041749,0.0,0.0,1.0070812689019233
2018-05-03,-0.007299111730590518,-0.007299111730590518,0.0,0.0,0.9997304701984233
2018-05-04,-0.0007387528946151361,-0.0007387528946151361,0.0,0.0,0.9989919164197293
2018-05-07,0.0023287431967162287,0.0023287431967162287,0.0,0.0,1.0013183120486664
2018-05-08,0.004847794636596951,0.004847794636596951,0.0,0.0,1.0061724975913422
2018-05-09,-0.0016800506376422981,-0.0016800506376422981,0.0,0.0,1.0044820768451856
2018-05-10,0.0024414774662663563,0.0024414774662663563,0.0,0.0,1.0069344972010716
2018-05-11,0.005603934364426634,0.005603934364426634,0.0,0.0,1.0125772920326634
2018-05-14,0.004100217992499697,0.004100217992499697,0.0,0.0,1.0167290796642523
2018-05-15,-0.002105896010037434,-0.002105896010037434,0.0,0.0,1.0145879539520983
2018-05-16,0.005543233187574282,0.005543233187574282,0.0,0.0,1.0202120515701587
2018-05-17,0.00017221868592176597,0.00017221868592176597,0.0,0.0,1.0203877511490418
2018-05-18,0.0034378361003237394,0.0034378361003237394,0.0,0.0,1.0238956769962702
2018-05-21,0.0078484604098276,0.0078484604098276,0.0,0.0,1.0319316816809692
2018-05-22,-0.0031714040015423067,-0.0031714040015423067,0.0,0.0,1.028659009416368
2018-05-23,-0.001384712413476794,-0.001384712413476794,0.0,0.0,1.0272346125167944
2018-05-24,0.004360044780542632,0.004360044780542632,0.0,0.0,1.031713401427491
2018-05-25,0.0009022136847407323,0.0009022136847407323,0.0,0.0,1.0326442273769891
2018-05-28,0.003723899597689507,0.003723899597689507,0.0,0.0,1.0364896907998749
2018-05-29,-0.0016686106884690765,-0.0016686106884690765,0.0,0.0,1.0347601930233181
2018-05-30,-0.012195931582684559,-0.012195931582684559,0.0,0.0,1.0221403285047204
2018-05-31,0.007864578887280585,0.007864578887280585,0.0,0.0,1.0301790317521167
2018-06-01,0.004522917546874232,0.004522917546874232,0.0,0.0,1.0348384465712501
2018-06-04,0.008244437408742254,0.008244437408742254,0.0,0.0,1.0433701073721668
2018-06-05,0.0018485780056699608,0.0018485780056699608,0.0,0.0,1.0452988584044287
2018-06-06,0.0062651475346953535,0.0062651475346953535,0.0,0.0,1.0518478099701811
2018-06-07,0.004208703118545392,0.004208703118545392,0.0,0.0,1.0562747251282378
2018-06-08,-0.004259088593687048,-0.004259088593687048,0.0,0.0,1.0517759574946441
2018-06-11,0.000277983396974842,0.000277983396974842,0.0,0.0,1.0520683337481649
2018-06-12,-0.0017179429406862816,-0.0017179429406862816,0.0,0.0,1.0502609403810828
2018-06-13,-0.002375121760634316,-0.002375121760634316,0.0,0.0,1.0477664427672393
2018-06-14,-0.01038463475375108,-0.01038463475375108,0.0,0.0,1.0368857709518644
2018-06-15,0.0012196873039648482,0.0012196873039648482,0.0,0.0,1.0381504473623562
2018-06-19,-0.01031467750521194,-0.01031467750521194,0.0,0.0,1.027442260295922
2018-06-20,0.0033492581430076664,0.0033492581430076664,0.0,0.0,1.0308834296526883
2018-06-21,0.003080393961301213,0.003080393961301213,0.0,0.0,1.0340589567441958
2018-06-22,-0.001985539064402437,-0.001985539064402437,0.0,0.0,1.032005792290685
2018-06-25,-0.0026192113807177618,-0.0026192113807177618,0.0,0.0,1.0293027509745505
2018-06-26,-0.0025208331458221444,-0.0025208331458221444,0.0,0.0,1.0267080504828079
2018-06-27,-0.0038164001371965165,-0.0038164001371965165,0.0,0.0,1.0227897217380846
2018-06-28,-0.005043361872726349,-0.005043361872726349,0.0,0.0,1.0176314230516543
2018-06-29,0.012666276803530503,0.012666276803530503,0.0,0.0,1.0305210243399974
2018-07-02,-0.005739832564828823,-0.005739832564828823,0.0,0.0,1.0246060062057498
2018-07-03,-0.006829308401932701,-0.006829308401932701,0.0,0.0,1.0176086557988981
2018-07-04,0.0019351013621111855,0.0019351013621111855,0.0,0.0,1.0195778316948307
2018-07-05,-0.007014786625433738,-0.007014786625433738,0.0,0.0,1.012425710757469
2018-07-06,-0.002520838888271418,-0.002520838888271418,0.0,0.0,1.0098735486543058
2018-07-09,0.009023495294112165,0.009023495294112165,0.0,0.0,1.0189861378682363
2018-07-10,0.002637683681901725,0.002637683681901725,0.0,0.0,1.0216739009761755
2018-07-11,-0.007232901312234819,-0.007232901312234819,0.0,0.0,1.0142842344771288
2018-07-12,0.004845900468229051,0.004845900468229051,0.0,0.0,1.019199354923899
2018-07-13,0.005958597699004572,0.005958597699004572,0.0,0.0,1.0252723538549755
2018-07-16,-0.00355770778147724,-0.00355770778147724,0.0,0.0,1.021624734423532
2018-07-17,-2.3696308335310326e-06,-2.3696308335310326e-06,0.0,0.0,1.021622313550061
2018-07-18,0.003503676371109727,0.003503676371109727,0.0,0.0,1.0252017475102448
2018-07-19,-0.004184152123833792,-0.004184152123833792,0.0,0.0,1.0209121474410416
2018-07-20,-6.843418447304229e-05,-6.843418447304229e-05,0.0,0.0,1.020842282150813
2018-07-23,-0.0022064575686175716,-0.0022064575686175716,0.0,0.0,1.0185898369709965
2018-07-24,0.005818538133686584,0.005818538133686584,0.0,0.0,1.0245165407799979
2018-07-25,-0.0009070992577475242,-0.0009070992577475242,0.0,0.0,1.0235872025863062
2018-07-26,0.0030934828648951527,0.0030934828648951527,0.0,0.0,1.026753652058233
2018-07-27,0.0010988165161480096,0.0010988165161480096,0.0,0.0,1.02788186592913
2018-07-30,-0.0025505710231916406,-0.0025505710231916406,0.0,0.0,1.025260180226627
2018-07-31,0.005776963056392017,0.005776963056392017,0.0,0.0,1.0311830704109861
2018-08-01,0.002369654299770165,0.002369654299770165,0.0,0.0,1.0336266178076357
2018-08-02,-0.012032868335995076,-0.012032868335995076,0.0,0.0,1.0211891248069764
2018-08-03,0.006121177826931473,0.006121177826931473,0.0,0.0,1.0274400050348484
2018-08-06,0.0028160366539175643,0.0028160366539175643,0.0,0.0,1.0303333137487278
2018-08-07,0.0010851260008001664,0.0010851260008001664,0.0,0.0,1.0314513552169673
2018-08-08,0.0034321310747665095,0.0034321310747665095,0.0,0.0,1.0349914314653175
2018-08-09,-0.005224368653158197,-0.005224368653158197,0.0,0.0,1.0295842546744827
2018-08-10,-0.003052220902642553,-0.003052220902642553,0.0,0.0,1.0264417360913336
2018-08-13,-0.016667845945845628,-0.016667845945845628,0.0,0.0,1.009333163361777
2018-08-14,0.006191096423690954,0.006191096423690954,0.0,0.0,1.0155820422997788
2018-08-15,-0.011585243150098824,-0.011585243150098824,0.0,0.0,1.0038162774008619
2018-08-16,-0.005655627889650773,-0.005655627889650773,0.0,0.0,0.9981390660663081
2018-08-17,0.0005629058460242588,0.0005629058460242588,0.0,0.0,0.9987009243817421
2018-08-20,0.0018290924763057835,0.0018290924763057835,0.0,0.0,1.0005276407286083
2018-08-21,0.007017723727018826,0.007017723727018826,0.0,0.0,1.0075490672924876
2018-08-22,0.0013504690381232808,0.0013504690381232808,0.0,0.0,1.0089097311122561
2018-08-23,0.003970722449778062,0.003970722449778062,0.0,0.0,1.012915831631383
2018-08-24,-0.007490501905977475,-0.007490501905977475,0.0,0.0,1.0053285836639534
2018-08-27,0.007509421623473414,0.007509421623473414,0.0,0.0,1.0128780198688154
2018-08-28,0.004489723331651674,0.004489723331651674,0.0,0.0,1.0174255619467376
2018-08-29,0.0016277101221966828,0.0016277101221966828,0.0,0.0,1.0190816358324999
2018-08-30,-0.0030602779315391845,-0.0030602779315391845,0.0,0.0,1.0159629627919249
2018-08-31,0.0038066496256431953,0.0038066496256431953,0.0,0.0,1.0198303778239042
2018-09-03,-0.010489771771965003,-0.010489771771965003,0.0,0.0,1.0091325899144146
2018-09-04,0.001950796443302585,0.001950796443302585,0.0,0.0,1.0111012021816403
2018-09-05,-0.0118762221906787,-0.0118762221906787,0.0,0.0,0.9990931396472688
2018-09-06,-0.004054715568249334,-0.004054715568249334,0.0,0.0,0.9950421011398098
2018-09-07,-0.008913700074707386,-0.008913700074707386,0.0,0.0,0.986172594288543
2018-09-10,-0.010329091208058206,-0.010329091208058206,0.0,0.0,0.9759863276152492
2018-09-11,0.006719925313890873,0.006719925313890873,0.0,0.0,0.9825448828442022
2018-09-12,-0.0010036248881562244,-0.0010036248881562244,0.0,0.0,0.9815587763460492
2018-09-13,0.005684190430277361,0.005684190430277361,0.0,0.0,0.9871381433493102
2018-09-14,0.005986605565321105,0.005986605565321105,0.0,0.0,0.9930477500520258
2018-09-17,-0.0005106002186511734,-0.0005106002186511734,0.0,0.0,0.9925406996537183
2018-09-18,0.0010375770728199662,0.0010375770728199662,0.0,0.0,0.9935705371275196
2018-09-19,0.007012160433107344,0.007012160433107344,0.0,0.0,1.0005376131354664
2018-09-20,-0.0040232893487912175,-0.0040232893487912175,0.0,0.0,0.9965121608134735
2018-09-21,0.01274446102879948,0.01274446102879948,0.0,0.0,1.0092121712116855
2018-09-25,0.0006251268435847434,0.0006251268435847434,0.0,0.0,1.0098430568307826
2018-09-26,-0.002236029980784354,-0.002236029980784354,0.0,0.0,1.007585017479822
2018-09-27,0.004966912600834978,0.004966912600834978,0.0,0.0,1.012589604199555
2018-09-28,-0.0014348754381742967,-0.0014348754381742967,0.0,0.0,1.0111366642475383
2018-10-01,0.0020141397054235536,0.0020141397054235536,0.0,0.0,1.0131732347506088
2018-10-02,-0.00871635858694757,-0.00871635858694757,0.0,0.0,1.004342053525825
2018-10-03,-0.0031563759108989052,-0.0031563759108989052,0.0,0.0,1.0011719724617734
2018-10-04,-0.007081079918274627,-0.007081079918274627,0.0,0.0,0.9940825937128348
2018-10-05,-0.013054041429518059,-0.013054041429518059,0.0,0.0,0.9811057983501447
2018-10-08,-0.00019729176157785042,-0.00019729176157785042,0.0,0.0,0.9809122342588938
2018-10-09,0.0026742103874728075,0.0026742103874728075,0.0,0.0,0.9835353999449482
2018-10-11,-0.05377392676337063,-0.05377392676337063,0.0,0.0,0.9306468393791261
2018-10-12,0.015576882261050595,0.015576882261050595,0.0,0.0,0.9451434156227537
2018-10-15,-0.012562981620736864,-0.012562981620736864,0.0,0.0,0.9332695962633246
2018-10-16,0.0013593448781578075,0.0013593448781578075,0.0,0.0,0.9345382315089454
2018-10-17,-0.0006953969366395653,-0.0006953969366395653,0.0,0.0,0.9338883564855816
2018-10-18,-9.940968713373984e-05,-9.940968713373984e-05,0.0,0.0,0.9337955189362455
2018-10-19,-0.004216765607095174,-0.004216765607095174,0.0,0.0,0.9298579221079355
2018-10-22,0.004089214662430547,0.004089214662430547,0.0,0.0,0.9336603107569964
2018-10-23,-0.012565765551424489,-0.012565765551424489,0.0,0.0,0.9219281541873539
2018-10-24,-0.0036633557831657615,-0.0036633557831657615,0.0,0.0,0.9185508033520482
2018-10-25,-0.01859691683416775,-0.01859691683416775,0.0,0.0,0.9014685904541522
2018-10-26,-0.0005909011393376762,-0.0005909011393376762,0.0,0.0,0.9009359116369757
2018-10-29,0.00034928542224043604,0.00034928542224043604,0.0,0.0,0.9012505954172835
2018-10-30,0.003870341035983426,0.003870341035983426,0.0,0.0,0.9047387425804315
2018-10-31,0.020185194040448842,0.020185194040448842,0.0,0.0,0.9230010696553294
2018-11-01,0.00236075121426217,0.00236075121426217,0.0,0.0,0.9251800455512835
2018-11-02,0.01008034264189234,0.01008034264189234,0.0,0.0,0.9345061774158819
2018-11-05,0.0011324926673883858,0.0011324926673883858,0.0,0.0,0.9355644988094345
2018-11-06,-0.004234131504981501,-0.004234131504981501,0.0,0.0,0.9316031956900832
2018-11-07,0.010643874432318911,0.010643874432318911,0.0,0.0,0.9415190631257555
2018-11-08,0.004561172881430627,0.004561172881430627,0.0,0.0,0.9458134943438345
2018-11-09,-0.00603465531487148,-0.00603465531487148,0.0,0.0,0.9401058359133154
2018-11-12,-0.00035692002781221536,-0.00035692002781221536,0.0,0.0,0.9397702933122148
2018-11-13,-0.0007923755997384545,-0.0007923755997384545,0.0,0.0,0.9390256422624352
2018-11-14,0.004724264076976708,0.004724264076976708,0.0,0.0,0.9434618473715356
2018-11-15,0.0004931015746284918,0.0004931015746284918,0.0,0.0,0.9439270698940765
2018-11-16,0.0013991124968455414,0.0013991124968455414,0.0,0.0,0.9452477300536761
2018-11-19,0.007116094402599993,0.007116094402599993,0.0,0.0,0.9519742021345815
2018-11-20,-0.004996863448551594,-0.004996863448551594,0.0,0.0,0.9472173170399711
2018-11-21,0.0005770637852353473,0.0005770637852353473,0.0,0.0,0.9477639218503827
2018-11-22,-0.003092637815972811,-0.003092637815972811,0.0,0.0,0.9448328313050536
2018-11-23,-0.0045289564510404565,-0.0045289564510404565,0.0,0.0,0.9405537245585598
2018-11-26,0.004951705030693567,0.004951705030693567,0.0,0.0,0.9452110691680939
2018-11-27,0.00027693698958026385,0.00027693698958026385,0.0,0.0,0.9454728330761073
2018-11-28,0.00862504072960632,0.00862504072960632,0.0,0.0,0.9536275747701249
2018-11-29,-0.0023971802814396507,-0.0023971802814396507,0.0,0.0,0.9513415575520489
2018-11-30,0.003887425963122672,0.003887425963122672,0.0,0.0,0.9550398274226743
2018-12-03,0.013640083462815943,0.013640083462815943,0.0,0.0,0.9680666503790328
2018-12-04,-0.0007531801586128051,-0.0007531801586128051,0.0,0.0,0.9673375217857526
2018-12-05,-0.010022530835059128,-0.010022530835059128,0.0,0.0,0.9576423516457453
2018-12-06,-0.015417418937850393,-0.015417418937850393,0.0,0.0,0.9428779783177945
2018-12-07,0.005862422524926813,0.005862422524926813,0.0,0.0,0.9484055274161423
2018-12-10,-0.01132997023667387,-0.01132997023667387,0.0,0.0,0.9376601210182204
2018-12-11,0.000368544242246337,0.000368544242246337,0.0,0.0,0.9380056902570056
2018-12-12,0.0055834770422450684,0.0055834770422450684,0.0,0.0,0.943243023494051
2018-12-13,0.004742998072313067,0.004742998072313067,0.0,0.0,0.947716823336206
2018-12-14,-0.003450661605699443,-0.003450661605699443,0.0,0.0,0.9444465732808444
2018-12-17,-0.0008013845600751936,-0.0008013845600751936,0.0,0.0,0.9436897083792012
2018-12-18,-0.00975020750603317,-0.00975020750603317,0.0,0.0,0.934488537901196
2018-12-19,0.004823285501858666,0.004823285501858666,0.0,0.0,0.9389958429177079
2018-12-20,-0.0067144446227745715,-0.0067144446227745715,0.0,0.0,0.9326910073294213
2018-12-21,-0.0021853090001630695,-0.0021853090001630695,0.0,0.0,0.9306527892767331
2018-12-22,2.7434109772809883e-05,2.7434109772809883e-05,0.0,0.0,0.9306783209075145
2018-12-24,0.005786253763673364,0.005786253763673364,0.0,0.0,0.9360634618446346
2018-12-25,-0.01081038952362817,-0.01081038952362817,0.0,0.0,0.9259442512032583
2018-12-26,-0.005287786303135658,-0.005287786303135658,0.0,0.0,0.9210480558742785
2018-12-27,0.010181878108095758,0.010181878108095758,0.0,0.0,0.930426054910889
2018-12-28,0.0074223697152819915,0.0074223697152819915,0.0,0.0,0.9373320210831689
2019-01-02,-0.010052862607036554,-0.010052862607036554,0.0,0.0,0.927909151058044
2019-01-03,-0.0008959815967627864,-0.0008959815967627864,0.0,0.0,0.9270777615352283
2019-01-04,-0.0031405901008094025,-0.0031405901008094025,0.0,0.0,0.9241661902946702
2019-01-07,0.01686874216153518,0.01686874216153518,0.0,0.0,0.9397557114731593
2019-01-08,-0.003324447076482624,-0.003324447076482624,0.0,0.0,0.9366315433455445
2019-01-09,0.014216314499946668,0.014216314499946668,0.0,0.0,0.9499469919363154
2019-01-10,-0.0013039717368777915,-0.0013039717368777915,0.0,0.0,0.9487082879072983
2019-01-11,-0.0018594552896824754,-0.0018594552896824754,0.0,0.0,0.9469442072629836
2019-01-14,-0.005596014394908132,-0.005596014394908132,0.0,0.0,0.9416450938479651
2019-01-15,0.0071450957623347125,0.0071450957623347125,0.0,0.0,0.9483732382176415
2019-01-16,-0.002848216659268111,-0.002848216659268111,0.0,0.0,0.945672065761346
2019-01-17,0.0011201554931400616,0.0011201554931400616,0.0,0.0,0.9467313655205177
2019-01-18,0.0045640255893003995,0.0045640255893003995,0.0,0.0,0.9510522716989468
2019-01-21,0.0018310408224103498,0.0018310408224103498,0.0,0.0,0.9527936872326735
2019-01-22,-0.001314732686059114,-0.001314732686059114,0.0,0.0,0.951541018228998
2019-01-23,0.00024822352923662214,0.00024822352923662214,0.0,0.0,0.9517772130987562
2019-01-24,0.0012229969962890312,0.0012229969962890312,0.0,0.0,0.9529412337715124
2019-01-25,0.00558747810400897,0.00558747810400897,0.0,0.0,0.9582657720496182
2019-01-28,0.0017849640946197207,0.0017849640946197207,0.0,0.0,0.9599762420458298
2019-01-29,-0.0006913834690911082,-0.0006913834690911082,0.0,0.0,0.959312530341359
2019-01-30,0.00010380332326359555,0.00010380332326359555,0.0,0.0,0.9594121101700569
2019-02-11,-0.0020707602805132776,-0.0020707602805132776,0.0,0.0,0.9574253976796734
2019-02-12,0.005484519801054865,0.005484519801054865,0.0,0.0,0.9626764162312804
2019-02-13,0.00276563561808894,0.00276563561808894,0.0,0.0,0.9653388284167039
2019-02-14,-0.0007515944974072682,-0.0007515944974072682,0.0,0.0,0.9646132850651323
2019-02-15,-0.0025005659290282013,-0.0025005659290282013,0.0,0.0,0.9622012059498104
2019-02-18,0.006447541558312417,0.006447541558312417,0.0,0.0,0.9684050382126302
2019-02-19,0.0003991621119407546,0.0003991621119407546,0.0,0.0,0.9687915888128973
2019-02-20,0.006351877019381521,0.004952303017211279,0.3565793636102527,0.0013995740021702419,0.9735893383212242
2019-02-21,0.003106092649157839,0.003106092649157839,0.0,0.0,0.9766133970082821
2019-02-22,0.0019330126805137695,0.0019330126805137695,0.0,0.0,0.9785012030886586
2019-02-25,0.003050735643756287,0.003050735643756287,0.0,0.0,0.9814863515863796
2019-02-26,0.00033348468170840673,0.00033348468170840673,0.0,0.0,0.9818136622499396
2019-02-27,0.003512345503287666,0.003512345503287666,0.0,0.0,0.9852621310516096
2019-03-04,-0.0034374858101315587,-0.0034374858101315587,0.0,0.0,0.9818753064568597
2019-03-05,-0.0018075570638724347,-0.0018075570638724347,0.0,0.0,0.9801005108108317
2019-03-06,0.0031368485902572947,0.0031368485902572947,0.0,0.0,0.983174937716479
2019-03-07,-0.0032203293845206277,-0.0032203293845206277,0.0,0.0,0.9800087905744264
2019-03-08,-0.0039883842769275766,-0.0039883842769275766,0.0,0.0,0.9761001389228485
2019-03-11,-0.0009114475892734586,-0.0009114475892734586,0.0,0.0,0.9752104748043379
2019-03-12,0.007915932216424507,0.007915932216424507,0.0,0.0,0.9829301748196363
2019-03-13,-0.0003711438500786686,-0.0003711438500786686,0.0,0.0,0.9825653663301953
2019-03-14,-0.0032897204397509005,-0.0032897204397509005,0.0,0.0,0.9793330009611875
2019-03-15,0.005894035224021105,0.005894035224021105,0.0,0.0,0.985105224164899
2019-03-18,0.00654509968920818,0.00654509968920818,0.0,0.0,0.9915528360614181
2019-03-19,0.0012070817360847281,0.0012070817360847281,0.0,0.0,0.9927497213801909
2019-03-20,0.0023662427706678756,0.0023662427706678756,0.0,0.0,0.9950988082314893
2019-03-21,0.0023701787951634053,0.0023701787951634053,0.0,0.0,0.9974573703258519
2019-03-22,-0.0023764331646109363,-0.0023764331646109363,0.0,0.0,0.995086979550724
2019-03-25,-0.005332903304237637,-0.005332903304237637,0.0,0.0,0.9897802769094741
2019-03-26,0.004286281849309214,0.004286281849309214,0.0,0.0,0.9940227541451955
2019-03-27,-0.0028044391856493116,-0.0028044391856493116,0.0,0.0,0.9912350777820437
2019-03-28,-0.0011408157781069583,-0.0011408157781069583,0.0,0.0,0.9901042611654968
2019-03-29,0.008411511237042464,0.008411511237042464,0.0,0.0,0.9984325342841339
2019-04-01,-0.003971143524136579,-0.003971143524136579,0.0,0.0,0.9944676153913241
2019-04-02,0.00043492939089824554,0.00043492939089824554,0.0,0.0,0.9949001385855544
2019-04-03,0.0015819535420149183,0.0015819535420149183,0.0,0.0,0.996474024383741
2019-04-08,0.003546201552296973,0.003546201552296973,0.0,0.0,1.000007722115834
2019-04-09,0.003987665069386246,0.003987665069386246,0.0,0.0,1.0039954179784318
2019-04-10,0.00020776006142144798,0.00020776006142144798,0.0,0.0,1.0042040081281378
2019-04-11,-0.0025629902788372547,-0.0025629902788372547,0.0,0.0,1.001630243017336
2019-04-12,0.0009744358536813205,0.0009744358536813205,0.0,0.0,1.0026062674382639
2019-04-15,0.002541901970224688,0.002541901970224688,0.0,0.0,1.0051547942848247
2019-04-16,0.0016789182629084853,0.0016789182629084853,0.0,0.0,1.0068423670259994
2019-04-17,0.0025946366079256447,0.0025946366079256447,0.0,0.0,1.0094547570898955
2019-04-18,-0.006290604377119124,-0.006290604377119124,0.0,0.0,1.003104676576442
2019-04-19,0.0026703930877819545,0.0026703930877819545,0.0,0.0,1.0057833603710935
2019-04-22,0.0005341452130177272,0.0005341452130177272,0.0,0.0,1.0063205947383684
2019-04-23,0.0030062912330269553,0.0030062912330269553,0.0,0.0,1.0093458875199448
2019-04-24,0.0014135255543037749,0.0014135255543037749,0.0,0.0,1.0107726237250856
2019-04-25,3.648810772929225e-05,3.648810772929225e-05,0.0,0.0,1.01080950490547
2019-04-26,-2.0026188143983318e-05,-2.0026188143983318e-05,0.0,0.0,1.010789262244147
2019-04-29,0.004380527068894672,0.004380527068894672,0.0,0.0,1.0152170519683554
2019-04-30,0.0025774634811495186,0.0025774634811495186,0.0,0.0,1.0178337368452441
2019-05-02,0.003088134454684675,0.003088134454684675,0.0,0.0,1.0209769442771364
2019-05-03,0.000163974841853717,0.000163974841853717,0.0,0.0,1.0211443588101106
2019-05-06,-0.014197588631606832,-0.014197588631606832,0.0,0.0,1.0066465712702388
2019-05-07,0.005299019368098334,0.005299019368098334,0.0,0.0,1.0119808109482296
2019-05-08,-0.004549655891709788,-0.004549655891709788,0.0,0.0,1.0073766464894018
2019-05-09,-0.011326104096869207,-0.011326104096869207,0.0,0.0,0.9959669937265079
2019-05-10,-0.002151642825618105,-0.002151642825618105,0.0,0.0,0.9938240284899038
2019-05-13,-0.006243989114466702,-0.006243989114466702,0.0,0.0,0.9876186020743174
2019-05-14,-0.004193596422800824,-0.004193596422800824,0.0,0.0,0.983476928237567
2019-05-15,0.002290702271033986,0.002290702271033986,0.0,0.0,0.9857297810705903
2019-05-16,-0.006788518201965847,-0.006788518201965847,0.0,0.0,0.9790381365095728
2019-05-17,-0.0005099215530895918,-0.0005099215530895918,0.0,0.0,0.9785389038624699
2019-05-20,0.009233068734497469,0.009233068734497469,0.0,0.0,0.9875738208212119
2019-05-21,0.010485384661165784,0.010485384661165784,0.0,0.0,0.9979289122138196
2019-05-22,-0.0042817860446672145,-0.0042817860446672145,0.0,0.0,0.9936559941239326
2019-05-23,-0.003339489690682066,-0.003339489690682066,0.0,0.0,0.9903376901754712
2019-05-24,0.0019127879113407234,0.0019127879113407234,0.0,0.0,0.992231996137384
2019-05-27,0.0029763530091543224,0.0029763530091543224,0.0,0.0,0.9951852288248666
2019-05-28,-0.0008672218646972815,-0.0008672218646972815,0.0,0.0,0.9943221824350059
2019-05-29,-0.0006871955743989918,-0.0006871955743989918,0.0,0.0,0.9936388886317098
2019-05-30,0.007709557334569262,0.007709557334569262,0.0,0.0,1.0012994046134738
2019-05-31,0.009123716303248692,0.009123716303248692,0.0,0.0,1.010434976315779
2019-06-03,-0.0010108634861994217,-0.0010108634861994217,0.0,0.0,1.0094135644930426
2019-06-04,0.0002957498063522634,0.0002957498063522634,0.0,0.0,1.009712098359271
2019-06-05,0.0015135209396255627,0.0015135209396255627,0.0,0.0,1.011240318763131
2019-06-06,0.004340070442266124,0.004340070442266124,0.0,0.0,1.0156291729806224
2019-06-10,0.00498412174558775,0.00498412174558775,0.0,0.0,1.0206911924271285
2019-06-11,-0.00476795736201799,-0.00476795736201799,0.0,0.0,1.0158245803418486
2019-06-12,-0.004967719845772315,-0.004967719845772315,0.0,0.0,1.0107782484142611
2019-06-13,-0.0007014366542026965,-0.0007014366542026965,0.0,0.0,1.0100692515015526
2019-06-14,0.0008421653449752083,0.0008421653449752083,0.0,0.0,1.0109198968211923
2019-06-17,0.0017213039899555906,0.0017213039899555906,0.0,0.0,1.012659997273116
2019-06-18,0.001515354270366676,0.001515354270366676,0.0,0.0,1.0141945359244136
2019-06-19,0.012790838593665164,0.012790838593665164,0.0,0.0,1.027166934536
2019-06-20,0.0016544164623325153,0.0016544164623325153,0.0,0.0,1.0288662964220598
2019-06-21,-0.003094104936004369,-0.003094104936004369,0.0,0.0,1.0256828761358119
2019-06-24,0.004654662444571778,0.004654662444571778,0.0,0.0,1.0304570836994016
2019-06-25,-0.0021695075437558695,-0.0021695075437558695,0.0,0.0,1.028221499282799
2019-06-26,-0.000993897529723174,-0.000993897529723174,0.0,0.0,1.0271995524746536
2019-06-27,0.004182133480553688,0.004182133480553688,0.0,0.0,1.0314954381142676
2019-06-28,-0.003686322873609223,-0.003686322873609223,0.0,0.0,1.0276930128867234
2019-07-01,0.0015089406668271192,0.0015089406668271192,0.0,0.0,1.0292437406668824
2019-07-02,-0.0021403045286789756,-0.0021403045286789756,0.0,0.0,1.0270408456276185
2019-07-03,-0.0030482134645380197,-0.0030482134645380197,0.0,0.0,1.023910205893346
2019-07-04,0.001171177078343471,0.001171177078343471,0.0,0.0,1.0251093860567704
2019-07-05,0.0016481536343631081,0.0016481536343631081,0.0,0.0,1.0267989238170196
2019-07-08,-0.0034186000193505654,-0.0034186000193505654,0.0,0.0,1.0232887089961897
2019-07-09,-0.00584509383427768,-0.00584509383427768,0.0,0.0,1.01730749047255
2019-07-10,0.004765950900420463,0.004765950900420463,0.0,0.0,1.0221559280227723
2019-07-11,0.0021807203098749696,0.0021807203098749696,0.0,0.0,1.0243849642148706
2019-07-12,-0.0011266208660153235,-0.0011266208660153235,0.0,0.0,1.0232308707393538
2019-07-15,-0.002436053760982812,-0.002436053760982812,0.0,0.0,1.0207382253283355
2019-07-16,-0.0019953710031537517,-0.0019953710031537517,0.0,0.0,1.0187014738717046
2019-07-17,0.002526157139256667,0.002526157139256667,0.0,0.0,1.0212748738726969
2019-07-18,-0.0031654708772789167,-0.0031654708772789167,0.0,0.0,1.0180420580017562
2019-07-19,0.0014370772009300852,0.0014370772009300852,0.0,0.0,1.0195050630328983
2019-07-22,-0.0010236145010529057,-0.0010236145010529057,0.0,0.0,1.018461482866481
2019-07-23,-0.0014500820378264875,-0.0014500820378264875,0.0,0.0,1.0169846301639582
2019-07-24,-0.0037295956748267306,-0.0037295956748267306,0.0,0.0,1.0131916886859333
2019-07-25,-0.003076418602928969,-0.003076418602928969,0.0,0.0,1.010074686926527
2019-07-26,-0.00155145545915812,-0.00155145545915812,0.0,0.0,1.0085076010393372
2019-07-29,-0.00023120606720249056,-0.00023120606720249056,0.0,0.0,1.008274427963157
2019-07-30,-0.0020083953585380253,-0.0020083953585380253,0.0,0.0,1.0062494142819032
2019-07-31,-0.0011743396591975806,-0.0011743396591975806,0.0,0.0,1.0050677356876676
2019-08-01,-0.009802359125937549,-0.009802359125937549,0.0,0.0,0.9952157007965642
2019-08-02,-0.011999501438657932,-0.011999501438657932,0.0,0.0,0.9832736085630809
2019-08-05,-0.0056486755812808235,-0.0056486755812808235,0.0,0.0,0.9777194149406727
2019-08-06,-0.008560257102017308,-0.008560257102017308,0.0,0.0,0.9693498853751465
2019-08-07,-0.0017612746672317709,-0.0017612746672317709,0.0,0.0,0.9676425939783513
2019-08-08,0.006528108728217363,0.006528108728217363,0.0,0.0,0.9739594700418963
2019-08-12,-0.0035120970060231126,-0.0035120970060231126,0.0,0.0,0.9705388299031744
2019-08-13,-0.008389481148511905,-0.008389481148511905,0.0,0.0,0.962396512685803
2019-08-14,0.0006088537382829111,0.0006088537382829111,0.0,0.0,0.9629824714002622
2019-08-15,-0.010168150920662561,-0.010168150920662561,0.0,0.0,0.9531907202971116
2019-08-16,0.011647831333403915,0.011647831333403915,0.0,0.0,0.9642933250356981
2019-08-19,0.004922647028445145,0.004922647028445145,0.0,0.0,0.9690402007067346
2019-08-20,-0.0018558637805476817,-0.0018558637805476817,0.0,0.0,0.9672417940963483
2019-08-21,-0.00017680586259025046,-0.00017680586259025046,0.0,0.0,0.9670707800766096
2019-08-22,0.0012308797551002842,0.0012308797551002842,0.0,0.0,0.968261127921555
2019-08-23,0.0025311880795545853,0.0025311880795545853,0.0,0.0,0.9707119789464462
2019-08-26,-0.01153462454605773,-0.01153462454605773,0.0,0.0,0.9595151807269383
2019-08-27,-0.001210595774302834,-0.001210595774302834,0.0,0.0,0.9583535957037709
2019-08-28,0.0026935631945123346,0.0026935631945123346,0.0,0.0,0.9609349816764872
2019-08-29,0.0013230982390531566,0.0013230982390531566,0.0,0.0,0.9622063930585878
2019-08-30,0.013485741185588302,0.013485741185588302,0.0,0.0,0.9751824594424943
2019-09-02,0.0030031783376669777,0.0030031783376669777,0.0,0.0,0.9781111062799648
2019-09-03,-0.00531844176412623,-0.00531844176412623,0.0,0.0,0.9729090793223697
2019-09-04,0.00709905205174261,0.00709905205174261,0.0,0.0,0.9798158115180923
2019-09-05,0.004294216098936712,0.004294216098936712,0.0,0.0,0.984023352349906
2019-09-06,0.0028771270922853046,0.0028771270922853046,0.0,0.0,0.9868545125963935
2019-09-09,0.005390108080440454,0.005390108080440454,0.0,0.0,0.9921737650789584
2019-09-10,0.005100155112358191,0.005100155112358191,0.0,0.0,0.9972340051792735
2019-09-11,0.0027831012000119155,0.0027831012000119155,0.0,0.0,1.0000094083357807
2019-09-12,0.0005415373881855478,0.0005415373881855478,0.0,0.0,1.0005509508189319
2019-09-16,0.0038150637054724643,0.0038150637054724643,0.0,0.0,1.004368116436877
2019-09-17,-0.00028618395926579654,-0.00028618395926579654,0.0,0.0,1.0040806823927546
2019-09-18,0.0026381991377930998,0.0026381991377930998,0.0,0.0,1.0067296471833178
2019-09-19,-0.0032302172729007294,-0.0032302172729007294,0.0,0.0,1.003477691687845
2019-09-20,0.0040608321814893,0.0040608321814893,0.0,0.0,1.0075526461916575
2019-09-23,-0.004078326581702589,-0.004078326581702589,0.0,0.0,1.0034435174522294
2019-09-24,-0.0014374736120277307,-0.0014374736120277307,0.0,0.0,1.0020010938747315
2019-09-25,-0.005111285279715084,-0.005111285279715084,0.0,0.0,0.9968795804333511
2019-09-26,-0.0022202338318700696,-0.0022202338318700696,0.0,0.0,0.9946662746625725
2019-09-27,-0.008125887875262468,-0.008125887875262468,0.0,0.0,0.9865837280413594
2019-10-01,0.009033267769245271,0.009033267769245271,0.0,0.0,0.9954958030335372
2019-10-02,-0.00372657759483635,-0.00372657759483635,0.0,0.0,0.9917860106781989
2019-10-03,-0.0062959493505949414,-0.0062959493505949414,0.0,0.0,0.9855417761883404
2019-10-04,0.0035398159425365284,0.0035398159425365284,0.0,0.0,0.9890304126797277
2019-10-07,0.0007550032989115331,0.0007550032989115331,0.0,0.0,0.9897771339040247
2019-10-08,0.001775187477415113,0.001775187477415113,0.0,0.0,0.9915341738775628
2019-10-09,-0.00980113393079864,-0.00980113393079864,0.0,0.0,0.9818160146424251
2019-10-14,0.010170577618502737,0.010170577618502737,0.0,0.0,0.991801650626435
2019-10-15,0.0005006256741120019,0.0005006256741120019,0.0,0.0,0.9922981719963653
2019-10-16,0.004607290050467259,0.004607290050467259,0.0,0.0,0.9968699774913009
2019-10-17,0.0047525660830563185,0.0047525660830563185,0.0,0.0,1.0016076679355432
2019-10-18,-0.0007396204662147242,-0.0007396204662147242,0.0,0.0,1.0008668584052205
2019-10-21,0.0038720059205662634,0.0038720059205662634,0.0,0.0,1.004742220806664
2019-10-22,0.0034531625127446966,0.0034531625127446966,0.0,0.0,1.0082117589785256
2019-10-23,-0.004408656905557032,-0.004408656905557032,0.0,0.0,1.003766899245041
2019-10-24,0.006178346246891013,0.006178346246891013,0.0,0.0,1.009968518699745
2019-10-25,-0.0007282294507137157,-0.0007282294507137157,0.0,0.0,1.009233029880134
2019-10-28,0.0006885646744045235,0.0006885646744045235,0.0,0.0,1.0099279520927518
2019-10-29,-0.00037326361494676504,-0.00037326361494676504,0.0,0.0,1.009550982734518
2019-10-30,0.005750690677188701,0.005750690677188701,0.0,0.0,1.015356598159076
2019-10-31,-0.0016078299963217704,-0.0016078299963217704,0.0,0.0,1.0137240773635925
2019-11-01,0.0023740615603015996,0.0023740615603015996,0.0,0.0,1.0161307207284136
2019-11-04,0.007246783408569683,0.007246783408569683,0.0,0.0,1.0234943999763262
2019-11-05,0.005217641317154083,0.005217641317154083,0.0,0.0,1.0288346266455184
2019-11-06,0.0025463659083857456,0.0025463659083857456,0.0,0.0,1.0314544160641754
2019-11-07,-0.0009156243279773514,-0.0009156243279773514,0.0,0.0,1.0305099913076274
2019-11-08,-0.0005559708645927969,-0.0005559708645927969,0.0,0.0,1.0299370577767886
2019-11-11,-0.008096590343399625,-0.008096590343399625,0.0,0.0,1.0215980793404835
2019-11-12,0.002973697800827865,0.002973697800827865,0.0,0.0,1.0246360033023483
2019-11-13,-0.006176175911652183,-0.006176175911652183,0.0,0.0,1.0183076711005408
2019-11-14,-0.0024910310227334574,-0.0024910310227334574,0.0,0.0,1.015771035101142
2019-11-15,0.002890724701041356,0.002890724701041356,0.0,0.0,1.0187073495229113
2019-11-18,0.005548370850912361,0.005548370850912361,0.0,0.0,1.0243595156866143
2019-11-19,0.0002036540122660779,0.0002036540122660779,0.0,0.0,1.024568130611987
2019-11-20,0.00038331229104543495,0.00038331229104543495,0.0,0.0,1.024960860169464
2019-11-21,-0.0069491700758449355,-0.0069491700758449355,0.0,0.0,1.017838232831062
2019-11-22,0.0030046669785174737,0.0030046669785174737,0.0,0.0,1.020896497758722
2019-11-25,0.0018987679897868842,0.0018987679897868842,0.0,0.0,1.0228349433495518
2019-11-26,-0.00041561649215431773,-0.00041561649215431773,0.0,0.0,1.022409836278344
2019-11-27,0.006408577882745717,0.006408577882745717,0.0,0.0,1.028962029342219
2019-11-28,-0.0021738733762323875,-0.0021738733762323875,0.0,0.0,1.0267251961814778
2019-11-29,-0.00615710081947197,-0.00615710081947197,0.0,0.0,1.0204035456346963
2019-12-02,-0.0019228375985807225,-0.0019228375985807225,0.0,0.0,1.0184414753314248
2019-12-03,0.0014908312050109307,0.0014908312050109307,0.0,0.0,1.0199597996633263
2019-12-04,-0.0006577425699741638,-0.0006577425699741638,0.0,0.0,1.0192889286834255
2019-12-05,0.00017155956680616516,0.00017155956680616516,0.0,0.0,1.0194637974504808
2019-12-06,-0.0009671721508466516,-0.0009671721508466516,0.0,0.0,1.0184778004567903
2019-12-09,0.0033071771357334216,0.0033071771357334216,0.0,0.0,1.021846086951713
2019-12-10,0.000555104476796323,0.000555104476796323,0.0,0.0,1.0224133182891768
2019-12-11,0.001062530592361882,0.001062530592361882,0.0,0.0,1.0234996637178972
2019-12-12,0.0033181518315688325,0.0033181518315688325,0.0,0.0,1.026895791001673
2019-12-13,0.006016641114719424,0.006016641114719424,0.0,0.0,1.0330742544383458
2019-12-16,0.0007958533163828022,0.0007958533163828022,0.0,0.0,1.0338964300098101
2019-12-17,0.005953184473943893,0.005953184473943893,0.0,0.0,1.0400514061846107
2019-12-18,0.004346059635273089,0.004346059635273089,0.0,0.0,1.0445715316196387
2019-12-19,-0.002806388886505408,-0.002806388886505408,0.0,0.0,1.0416400576821414
2019-12-20,-0.000524544938402871,-0.000524544938402871,0.0,0.0,1.0410936706622467
2019-12-23,0.004553331602569473,0.004553331602569473,0.0,0.0,1.0458341153741082
2019-12-24,-0.0035665548048894953,-0.0035665548048894953,0.0,0.0,1.0421040906848034
2019-12-25,0.0015405944764656575,0.0015405944764656575,0.0,0.0,1.0437095504908147
2019-12-26,-0.0009840705280086174,-0.0009840705280086174,0.0,0.0,1.0426824666823755
2019-12-27,0.002820881290372447,0.002820881290372447,0.0,0.0,1.0456237501444392
2019-12-30,-0.0018060941770226494,-0.0018060941770226494,0.0,0.0,1.0437352551779469
2019-12-31,-0.004785141399214945,-0.004785141399214945,0.0,0.0,1.0387408343985747
2020-01-02,0.002147303145491548,0.002147303145491548,0.0,0.0,1.0409713258596291
2020-01-03,0.0015053731255678551,0.0015053731255678551,0.0,0.0,1.0425383761180649
2020-01-06,-0.009452253490664876,-0.009452253490664876,0.0,0.0,1.0326840391132508
2020-01-07,-0.0022995662781043484,-0.0022995662781043484,0.0,0.0,1.0303093137209693
2020-01-08,-0.005780226739800535,-0.005780226739800535,0.0,0.0,1.024353892275534
2020-01-09,0.006039993313476007,0.006039993313476007,0.0,0.0,1.0305409829355114
2020-01-10,0.0033886529901333362,0.0033886529901333362,0.0,0.0,1.0340331287187907
2020-01-13,0.0077201532016504875,0.0077201532016504875,0.0,0.0,1.0420160228880817
2020-01-14,0.0023222284424505527,0.0023222284424505527,0.0,0.0,1.0444358221339216
2020-01-15,-0.0029704886891103706,-0.0029704886891103706,0.0,0.0,1.0413333373377711
2020-01-16,0.0015643129057192852,0.0015643129057192852,0.0,0.0,1.0429623085165243
2020-01-17,0.004555585447597855,0.004555585447597855,0.0,0.0,1.047713612431595
2020-01-20,0.003951496556310574,0.003951496556310574,0.0,0.0,1.0518536491631183
2020-01-30,-0.05103710620273407,-0.05103710620273407,0.0,0.0,0.9981700827610469
2020-01-31,0.007227330730033015,0.007227330730033015,0.0,0.0,1.0053841880739853
2020-02-03,-0.004730832629158757,-0.004730832629158757,0.0,0.0,1.0006278837522047
2020-02-04,0.010412586852513471,0.010412586852513471,0.0,0.0,1.0110470084988215
2020-02-05,0.00177228014507183,0.00177228014507183,0.0,0.0,1.0128388670377182
2020-02-06,0.01141946509719344,0.01141946509719344,0.0,0.0,1.0244049451289363
2020-02-07,-0.007960362742789896,-0.007960362742789896,0.0,0.0,1.0162503101702023
2020-02-10,-0.00032557310980131735,-0.00032557310980131735,0.0,0.0,1.0159194463963837
2020-02-11,0.0021711176222396155,0.0021711176222396155,0.0,0.0,1.0181251270092309
2020-02-12,0.0016867707857817435,0.0016867707857817435,0.0,0.0,1.0198424707297404
2020-02-13,0.003331990922661262,0.003331990922661262,0.0,0.0,1.0232405765847563
2020-02-14,0.0004406860798869397,0.0004406860798869397,0.0,0.0,1.0236915044632326
2020-02-17,-0.002332169173969521,-0.002332169173969521,0.0,0.0,1.021304082692869
2020-02-18,0.0016722720449592653,0.0016722720449592653,0.0,0.0,1.023011980959759
2020-02-19,0.009394108108462161,0.009394108108462161,0.0,0.0,1.032622266105147
2020-02-20,-0.003903732216248827,-0.003903732216248827,0.0,0.0,1.0285911852977363
2020-02-21,-0.004568439073954329,-0.004568439073954329,0.0,0.0,1.023892129135697
2020-02-24,-0.009530094633000134,-0.009530094633000134,0.0,0.0,1.0141343402510499
2020-02-25,-0.003103042760589777,-0.003103042760589777,0.0,0.0,1.0109874380282684
2020-02-26,-0.006370810109571402,-0.006370810109571402,0.0,0.0,1.0045466290374283
2020-02-27,-0.006985882046516116,-0.006985882046516116,0.0,0.0,0.9975289847767475
2020-03-02,-0.01189818777946694,-0.01189818777946694,0.0,0.0,0.9856601976004127
2020-03-03,0.008352283229648254,0.008352283229648254,0.0,0.0,0.9938927107389625
2020-03-04,0.006697357903333626,0.006697357903333626,0.0,0.0,1.0005491659402956
2020-03-05,0.009233347409339841,0.009233347409339841,0.0,0.0,1.0097875839895476
2020-03-06,-0.014485102237775507,-0.015645411151735098,0.2956201054674114,0.0011603089139595897,0.9939890420621139
2020-03-09,-0.02249886659548708,-0.02249886659548708,0.0,0.0,0.9716254152073824
2020-03-10,-0.00039199655865589827,-0.00039199655865589827,0.0,0.0,0.9712445413883186
2020-03-11,-0.0027465548327239245,-0.0027465548327239245,0.0,0.0,0.9685769649994118
2020-03-12,-0.038028563153503434,-0.038028563153503434,0.0,0.0,0.9317433747169029
2020-03-13,-0.027284571087699223,-0.027284571087699223,0.0,0.0,0.9063211563739468
2020-03-16,-0.03418998640653015,-0.03418998640653015,0.0,0.0,0.8753340483575709
2020-03-17,-0.033818171631993736,-0.033818171631993736,0.0,0.0,0.8457318512748867
2020-03-18,-0.019553892910310667,-0.019553892910310667,0.0,0.0,0.8291945012242188
2020-03-19,-0.06637618958661531,-0.06637618958661531,0.0,0.0,0.7741557298067812
2020-03-20,0.057608796231092746,0.057608796231092746,0.0,0.0,0.8187539094963528
2020-03-23,-0.03845680783936128,-0.03845680783936128,0.0,0.0,0.7872672477311259
2020-03-24,0.03893303966272076,0.03893303966272076,0.0,0.0,0.8179179547122029
2020-03-25,0.039844144684102106,0.039844144684102106,0.0,0.0,0.8505071960394807
2020-03-26,0.002365801113569133,0.002365801113569133,0.0,0.0,0.8525193269109695
2020-03-27,0.01083652092207139,0.01083652092207139,0.0,0.0,0.8617576704335105
2020-03-30,-0.009075703615561533,-0.009075703615561533,0.0,0.0,0.8539366132282192
2020-03-31,-0.0010071581476306614,-0.0010071581476306614,0.0,0.0,0.8530765640106464
2020-04-01,-0.0026470729461047365,-0.0026470729461047365,0.0,0.0,0.8508184081170977
2020-04-06,0.013845918911911378,0.013845918911911378,0.0,0.0,0.8625987708046485
2020-04-07,0.008755027832573245,0.008755027832573245,0.0,0.0,0.8701508470513867
2020-04-08,0.010343759558520814,0.010343759558520814,0.0,0.0,0.8791514781929294
2020-04-09,0.005830314695183364,0.005830314695183364,0.0,0.0,0.8842772079755299
2020-04-10,0.015832736602694183,0.015832736602694183,0.0,0.0,0.8982777360931723
2020-04-13,-0.007847274525466293,-0.007847274525466293,0.0,0.0,0.8912287040979348
2020-04-14,0.02072925113862239,0.02072925113862239,0.0,0.0,0.9097032077271298
2020-04-15,0.014467055764793273,0.014467055764793273,0.0,0.0,0.9228639347627294
2020-04-16,-0.012341726941065924,-0.012341726941065924,0.0,0.0,0.9114742000761301
2020-04-17,0.0033615355848921114,0.0033615355848921114,0.0,0.0,0.9145381530343971
2020-04-20,-0.002887845790250575,-0.002887845790250575,0.0,0.0,0.9118971078791331
2020-04-21,-0.028074820070512277,-0.028074820070512277,0.0,0.0,0.886295760652606
2020-04-22,0.00014026423437944998,0.00014026423437944998,0.0,0.0,0.8864200762489077
2020-04-23,0.0026525446212407955,0.0026525446212407955,0.0,0.0,0.8887713450543216
2020-04-24,-0.0010652580207031138,-0.0010652580207031138,0.0,0.0,0.8878245742504315
2020-04-27,0.022522730107371366,0.022522730107371366,0.0,0.0,0.9078208075189659
2020-04-28,0.008327919900508587,0.008327919900508587,0.0,0.0,0.9153810664879989
2020-04-29,0.013091662485233826,0.013091662485233826,0.0,0.0,0.9273649264558331
2020-04-30,0.01661213232934433,0.01661213232934433,0.0,0.0,0.94277043533171
2020-05-04,-0.022583939803786007,-0.022583939803786007,0.0,0.0,0.9214789645713896
2020-05-05,0.005828318752217098,0.005828318752217098,0.0,0.0,0.9268496377003745
2020-05-06,-0.00576710138063269,-0.00576710138063269,0.0,0.0,0.9215044018751537
2020-05-07,0.002448587756417382,0.002448587756417382,0.0,0.0,0.9237607862710698
2020-05-08,0.004415955330224264,0.004415955330224264,0.0,0.0,0.9278400726390558
2020-05-11,0.011116699638878442,0.011116699638878442,0.0,0.0,0.9381545920394994
2020-05-12,-0.007920909175980671,-0.007920909175980671,0.0,0.0,0.9307235547229253
2020-05-13,0.0029410911795316316,0.0029410911795316316,0.0,0.0,0.9334608975603031
2020-05-14,-0.010481005526204224,-0.010481005526204224,0.0,0.0,0.9236772887344781
2020-05-15,-0.0008297773036862113,-0.0008297773036862113,0.0,0.0,0.9229108422843558
2020-05-18,-0.00021137849351249356,-0.00021137849351249356,0.0,0.0,0.9227157587808674
2020-05-19,0.011459122165148373,0.011459122165148373,0.0,0.0,0.933289271384445
2020-05-20,0.0018090866455379244,0.0018090866455379244,0.0,0.0,0.9349776725417305
2020-05-21,0.005830192670714045,0.005830192670714045,0.0,0.0,0.9404287725154645
2020-05-22,-0.015305238863935504,-0.015305238863935504,0.0,0.0,0.9260352855175976
2020-05-25,0.002414714861468083,0.002414714861468083,0.0,0.0,0.9282713966837809
2020-05-26,0.012391711186670533,0.012391711186670533,0.0,0.0,0.9397742677343335
2020-05-27,0.0017749211563509286,0.0017749211563509286,0.0,0.0,0.9414422929643294
2020-05-28,-0.004948588604951415,-0.004948588604951415,0.0,0.0,0.9367834823611467
2020-05-29,0.0021963280103122905,0.0021963280103122905,0.0,0.0,0.9388409661630545
2020-06-01,0.009129289908874207,0.009129289908874207,0.0,0.0,0.9474119175214846
2020-06-02,0.008595930303187456,0.008595930303187456,0.0,0.0,0.9555558043329084
2020-06-03,0.01786089773804866,0.01786089773804866,0.0,0.0,0.9726228888370972
2020-06-04,0.0007699027013606718,0.0007699027013606718,0.0,0.0,0.973371713826618
2020-06-05,0.0022554401244241694,0.0022554401244241694,0.0,0.0,0.9755670954459621
2020-06-08,0.010314492404288774,0.010314492404288774,0.0,0.0,0.9856295748418136
2020-06-09,-0.0009657444854515553,-0.0009657444854515553,0.0,0.0,0.9846777085152122
2020-06-10,0.0067899887111217486,0.0067899887111217486,0.0,0.0,0.9913636590401238
2020-06-11,-0.021310865079071022,-0.021310865079071022,0.0,0.0,0.9702368418580256
2020-06-12,-0.00987006598247757,-0.00987006598247757,0.0,0.0,0.9606605402102563
2020-06-15,-0.008219941556945118,-0.008219941556945118,0.0,0.0,0.9527639667136646
2020-06-16,0.013833924386559117,0.013833924386559117,0.0,0.0,0.9659444313874195
2020-06-17,0.003577314421117361,0.003577314421117361,0.0,0.0,0.9693999183318196
2020-06-18,-0.005427711264317564,-0.005427711264317564,0.0,0.0,0.9641382954754615
2020-06-19,-0.006558252042147187,-0.006558252042147187,0.0,0.0,0.9578152335302472
2020-06-22,0.0042859192933964365,0.0042859192933964365,0.0,0.0,0.9619203523191435
2020-06-23,0.003432696900241173,0.003432696900241173,0.0,0.0,0.9652223333308283
2020-06-24,0.0026928003001645533,0.0026928003001645533,0.0,0.0,0.967821484319747
2020-06-29,-0.0077591086148465944,-0.0077591086148465944,0.0,0.0,0.960312052303128
2020-06-30,0.005650599025175174,0.005650599025175174,0.0,0.0,0.965738390649736
2020-07-01,0.0047556591233951125,0.0047556591233951125,0.0,0.0,0.9703311132380422
2020-07-02,0.005157316129422819,0.005157316129422819,0.0,0.0,0.9753354175392255
2020-07-03,0.0018656746063120903,0.0018656746063120903,0.0,0.0,0.9771550760603652
2020-07-06,0.01075723360278486,0.01075723360278486,0.0,0.0,0.9876665614796936
2020-07-07,-0.003517022900842463,-0.003517022900842463,0.0,0.0,0.9841929155645732
2020-07-08,0.0011086305505394797,0.0011086305505394797,0.0,0.0,0.9852840218983926
2020-07-09,-0.0029705203579938225,-0.0029705203579938225,0.0,0.0,0.9823572156529373
2020-07-10,-0.00705661914147173,-0.00705661914147173,0.0,0.0,0.975425094921198
2020-07-13,0.005553560003422257,0.005553560003422257,0.0,0.0,0.9808421767146867
2020-07-14,-0.003552709701270784,-0.003552709701270784,0.0,0.0,0.9773575291980569
2020-07-15,0.0034534593947200304,0.0034534593947200304,0.0,0.0,0.9807327937392661
2020-07-16,-0.002303852660772694,-0.002303852660772694,0.0,0.0,0.9784733298829029
2020-07-17,-0.0035706067635201963,-0.0035706067635201963,0.0,0.0,0.974979586393299
2020-07-20,-0.00013511574153754707,-0.00013511574153754707,0.0,0.0,0.9748478513034994
2020-07-21,0.0013715835698395516,0.0013715835698395516,0.0,0.0,0.9761849365994407
2020-07-22,0.005316302802362795,0.005316302802362795,0.0,0.0,0.9813746313135088
2020-07-23,-0.005490403373131289,-0.005490403373131289,0.0,0.0,0.9759864887274395
2020-07-24,-0.012597419149498253,-0.012597419149498253,0.0,0.0,0.9636915778446928
2020-07-27,-0.01459103837527151,-0.01459103837527151,0.0,0.0,0.949630317050435
2020-07-28,-0.006851268646396952,-0.006851268646396952,0.0,0.0,0.9431241446335593
2020-07-29,0.006123680509928875,0.006123680509928875,0.0,0.0,0.9488995355764952
2020-07-30,0.006411752586938416,0.006411752586938416,0.0,0.0,0.9549836446284725
2020-07-31,-0.006457639566050437,-0.006457639566050437,0.0,0.0,0.9488167044599887
2020-08-03,-0.008146241826969611,-0.008146241826969611,0.0,0.0,0.9410874141359892
2020-08-04,0.008830899802851223,0.008830899802851223,0.0,0.0,0.9493980627959484
2020-08-05,0.004366129248134604,0.004366129248134604,0.0,0.0,0.9535432574460441
2020-08-06,0.0073775906659306395,0.0073775906659306395,0.0,0.0,0.960578109281739
2020-08-07,-0.008110685335400273,-0.008110685335400273,0.0,0.0,0.9527871624972811
2020-08-10,0.007675050971579567,0.007675050971579567,0.0,0.0,0.9600998525345144
2020-08-11,-0.007496364087576601,-0.007496364087576601,0.0,0.0,0.952902594479487
2020-08-12,-0.002569669310970813,-0.002569669310970813,0.0,0.0,0.9504539499261087
2020-08-13,-0.0018121732702295508,-0.0018121732702295508,0.0,0.0,0.9487315626834685
2020-08-14,-0.0013013408828548643,-0.0013013408828548643,0.0,0.0,0.9474969395140938
2020-08-17,0.00655075071378621,0.00655075071378621,0.0,0.0,0.953703755766926
2020-08-18,-0.0001096925804686973,-0.0001096925804686973,0.0,0.0,0.9535991415409533
2020-08-19,-0.00438571032881876,-0.00438571032881876,0.0,0.0,0.9494169319363445
2020-08-20,-0.0228092548486993,-0.0228092548486993,0.0,0.0,0.9277614391781381
2020-08-21,0.01187011240663743,0.01187011240663743,0.0,0.0,0.9387740717477263
2020-08-24,-0.0027505551020334277,-0.0027505551020334277,0.0,0.0,0.9361919219350239
2020-08-25,0.005983863640311357,0.005983863640311357,0.0,0.0,0.9417939667370441
2020-08-26,0.0022687527112391585,0.0022687527112391585,0.0,0.0,0.9439306643525073
2020-08-27,-0.00278405299827716,-0.00278405299827716,0.0,0.0,0.941302711356251
2020-08-28,0.0013925844018803043,0.0013925844018803043,0.0,0.0,0.9426135548295334
2020-08-31,-0.005259668558426477,-0.005259668558426477,0.0,0.0,0.9376557199524498
2020-09-01,-0.0009311314940156314,-0.0009311314940156314,0.0,0.0,0.9367826391810582
2020-09-02,-0.0021506984631516598,-0.0021506984631516598,0.0,0.0,0.9347679021986643
2020-09-03,0.002923548610649731,0.002923548610649731,0.0,0.0,0.9375007416004173
2020-09-04,-0.004588665868964847,-0.004588665868964847,0.0,0.0,0.9331988639453062
2020-09-07,0.005388142018295454,0.005388142018295454,0.0,0.0,0.9382270719555555
2020-09-08,0.00048009477325809463,0.00048009477325809463,0.0,0.0,0.9386775098689307
2020-09-09,-0.0020444257661995464,-0.0020444257661995464,0.0,0.0,0.9367584533816027
2020-09-10,0.004231960995280175,0.004231960995280175,0.0,0.0,0.9407227786183125
2020-09-11,-0.00033230624308629484,-0.00033230624308629484,0.0,0.0,0.9404101705659642
2020-09-14,0.0003100683738331504,0.0003100683738331504,0.0,0.0,0.9407017620182877
2020-09-15,0.00018565688526583763,0.00018565688526583763,0.0,0.0,0.9408764097773881
2020-09-16,0.000992250622415011,0.000992250622415011,0.0,0.0,0.9418099949806052
2020-09-17,-0.0048934353427988065,-0.0048934353427988065,0.0,0.0,0.937201308664966
2020-09-18,3.7334359100897725e-05,3.7334359100897725e-05,0.0,0.0,0.9372362984751735
2020-09-21,-0.006547005175751413,-0.006547005175751413,0.0,0.0,0.9311002075781545
2020-09-22,-0.010996792097415798,-0.010996792097415798,0.0,0.0,0.9208610921735568
2020-09-23,-0.006241803211710951,-0.006241803211710951,0.0,0.0,0.9151132584508882
2020-09-24,-0.025264782777660325,-0.025264782777660325,0.0,0.0,0.8919931207591696
2020-09-25,0.006182597019863109,0.006182597019863109,0.0,0.0,0.8975079547693136
2020-09-28,0.016714944428710698,0.016714944428710698,0.0,0.0,0.9125097503576084
2020-09-29,0.0005298115031192506,0.0005298115031192506,0.0,0.0,0.9129932085200563
2020-09-30,-0.0007127954732271314,-0.0007127954732271314,0.0,0.0,0.9123424310939361
2020-10-05,0.001258841444832971,0.001258841444832971,0.0,0.0,0.9134909255580768
2020-10-06,0.01173563453510669,0.01173563453510669,0.0,0.0,0.9242113212115627
2020-10-07,-0.005393458657000025,-0.005393458657000025,0.0,0.0,0.9192266256602768
2020-10-08,0.0030589223006097766,0.0030589223006097766,0.0,0.0,0.9220384684848232
2020-10-12,-0.001496517681029263,-0.001496517681029263,0.0,0.0,0.9206586216141466
2020-10-13,-0.0026105371812710255,-0.0026105371812710255,0.0,0.0,0.9182552080511651
2020-10-14,-0.00053429940858861,-0.00053429940858861,0.0,0.0,0.91776458483657
2020-10-15,-0.005676854340283069,-0.005676854340283069,0.0,0.0,0.9125545689697824
2020-10-16,-0.00407775840417643,-0.00407775840417643,0.0,0.0,0.9088333919068963
2020-10-19,0.003728775921464884,0.003728775921464884,0.0,0.0,0.9122222279752619
2020-10-20,-0.00021032289119052107,-0.00021032289119052107,0.0,0.0,0.9120303667588658
2020-10-21,-0.0023788180008549927,-0.0023788180008549927,0.0,0.0,0.9098608125050934
2020-10-22,0.006574917541763052,0.006574917541763052,0.0,0.0,0.915843072321796
2020-10-23,0.0002173932040098147,0.0002173932040098147,0.0,0.0,0.9160421703816581
2020-10-26,0.006145641857369016,0.006145641857369016,0.0,0.0,0.9216718374870709
2020-10-27,-0.002475118816156991,-0.002475118816156991,0.0,0.0,0.9193905901797846
2020-10-28,-0.002377744279493127,-0.002377744279493127,0.0,0.0,0.9172045144633648
2020-10-29,-0.00914800482817186,-0.00914800482817186,0.0,0.0,0.9088139231366329
2020-10-30,-0.0049283854035610634,-0.0049283854035610634,0.0,0.0,0.9043349378632932
2020-11-02,0.01070092618920574,0.01070092618920574,0.0,0.0,0.9140121592836883
2020-11-03,0.007428580299327933,0.007428580299327933,0.0,0.0,0.9208019720034892
2020-11-04,-0.0005675109380066818,-0.0005675109380066818,0.0,0.0,0.9202794068126392
2020-11-05,0.005501717731028324,0.005501717731028324,0.0,0.0,0.9253425243426006
2020-11-06,0.0037840605236268052,0.0037840605236268052,0.0,0.0,0.9288440764597986
2020-11-09,0.0070081129498622535,0.0070081129498622535,0.0,0.0,0.9353535206604394
2020-11-10,0.009975946920474453,0.009975946920474453,0.0,0.0,0.9446845577344269
2020-11-11,0.018479624834145114,0.018479624834145114,0.0,0.0,0.9621419739479693
2020-11-12,-0.009353668051404538,-0.009353668051404538,0.0,0.0,0.9531424173053369
2020-11-13,0.00020110325386082733,0.00020110325386082733,0.0,0.0,0.9533340973468498
2020-11-16,0.007771431351359574,0.007771431351359574,0.0,0.0,0.9607428678392911
2020-11-17,0.0017066047165762229,0.0017066047165762229,0.0,0.0,0.9623824761489624
2020-11-18,0.0053275616703387235,0.0053275616703387235,0.0,0.0,0.9675096281410993
2020-11-19,-0.0031657386909373607,-0.0031657386909373607,0.0,0.0,0.9644467454774386
2020-11-20,-0.0021924458242785763,-0.0021924458242785763,0.0,0.0,0.9623322482375775
2020-11-23,0.007450178526430715,0.007450178526430715,0.0,0.0,0.9695017952886889
2020-11-24,-0.0049526491225703245,-0.0049526491225703245,0.0,0.0,0.964700193072922
2020-11-25,0.001353764130702696,0.001353764130702696,0.0,0.0,0.966006169591186
2020-11-26,0.003593606660976508,0.003593606660976508,0.0,0.0,0.9694776157967733
2020-11-27,-0.0012467897750513901,-0.0012467897750513901,0.0,0.0,0.9682688810182566
2020-11-30,-0.003000960657354015,-0.003000960657354015,0.0,0.0,0.9653631442005807
2020-12-01,0.006905518768577272,0.006905518768577272,0.0,0.0,0.9720294775113506
2020-12-02,0.001299579317991495,0.001299579317991495,0.0,0.0,0.9732927069168025
2020-12-03,-0.0007452814040331618,-0.0007452814040331618,0.0,0.0,0.9725673299616563
2020-12-04,0.009936492740746915,0.009936492740746915,0.0,0.0,0.9822312381757078
2020-12-07,0.0010110648836285578,0.0010110648836285578,0.0,0.0,0.9832243376882303
2020-12-08,-0.007976409643180521,-0.007976409643180521,0.0,0.0,0.9753817375996842
2020-12-09,4.673777304715351e-05,4.673777304715351e-05,0.0,0.0,0.9754273247699704
2020-12-10,0.00044164850842454264,0.00044164850842454264,0.0,0.0,0.9758581207930317
2020-12-11,0.005750582673392608,0.005750582673392608,0.0,0.0,0.9814698735941535
2020-12-14,0.0005070286247467091,0.0005070286247467091,0.0,0.0,0.9819675069143922
2020-12-15,-0.008293225660460177,-0.008293225660460177,0.0,0.0,0.9738238287883116
2020-12-16,0.012967755874359308,0.012967755874359308,0.0,0.0,0.9864521384646723
2020-12-17,-0.001401780566140552,-0.001401780566140552,0.0,0.0,0.9850693490275446
2020-12-18,-0.005541188123873906,-0.005541188123873906,0.0,0.0,0.979610894449521
2020-12-21,0.00822679340353458,0.00822679340353458,0.0,0.0,0.9876699508940089
2020-12-22,-0.00888527023914081,-0.00888527023914081,0.0,0.0,0.9788942364732367
2020-12-23,-0.0006325599966154464,-0.0006325599966154464,0.0,0.0,0.9782750271383263
2020-12-24,0.004202867637371665,0.004202867637371665,0.0,0.0,0.9823865875903349
2020-12-25,0.0044773423290874305,0.0044773423290874305,0.0,0.0,0.9867850686424808
2020-12-28,0.00606746573550798,0.00606746573550798,0.0,0.0,0.99277235323478
2020-12-29,0.000796963846433464,0.000796963846433464,0.0,0.0,0.9935635569080469
2020-12-30,0.014731980665602766,0.014731980665602766,0.0,0.0,1.0082007160184638
2020-12-31,-0.0038535026599991057,-0.0038535026599991057,0.0,0.0,1.0043156118774736
2021-01-04,-0.0009633042581750307,-0.0009633042581750307,0.0,0.0,1.0033481503720003
2021-01-05,0.004784034241845007,0.004784034241845007,0.0,0.0,1.0081482022798718
2021-01-06,-0.008383570139964172,-0.008383570139964172,0.0,0.0,0.9996963211145797
2021-01-07,0.005794791443049223,0.005794791443049223,0.0,0.0,1.0054893528018223
2021-01-08,0.010921347386903958,0.010921347386903958,0.0,0.0,1.016470651317604
2021-01-11,0.00593445634057542,0.00593445634057542,0.0,0.0,1.0225028520193247
2021-01-12,-0.010542318307223074,-0.010542318307223074,0.0,0.0,1.0117233014832936
2021-01-13,0.00867242795838919,0.00867242795838919,0.0,0.0,1.0204973989292312
2021-01-14,0.0009295701401075382,0.0009295701401075382,0.0,0.0,1.0214460228393332
2021-01-15,-0.010942279133557416,-0.010942279133557416,0.0,0.0,1.0102690753375632
2021-01-18,-0.006232244542113717,-0.006232244542113717,0.0,0.0,1.0039728314067244
2021-01-19,0.0004132076179059477,0.0004132076179059477,0.0,0.0,1.0043876806288323
2021-01-20,-0.023075583721817422,-0.023075583721817422,0.0,0.0,0.9812108486153197
2021-01-21,0.0035093770834207236,0.0035093770834207236,0.0,0.0,0.9846542874814541
2021-01-22,0.0007744519504352178,0.0007744519504352178,0.0,0.0,0.9854168549148984
2021-01-25,0.010571663656552915,0.010571663656552915,0.0,0.0,0.9958343504665569
2021-01-26,-0.006612727485498784,-0.006612727485498784,0.0,0.0,0.9892491692862229
2021-01-27,0.00019707790797799144,0.00019707790797799144,0.0,0.0,0.9894441284429748
2021-01-28,-0.0068668301086178204,-0.0068668301086178204,0.0,0.0,0.9826497837109875
2021-01-29,-0.014590813471357676,-0.014590813471357676,0.0,0.0,0.9683121240091905
2021-02-01,0.009010597478246151,0.009010597478246151,0.0,0.0,0.977037194791943
2021-02-02,0.009216691176746448,0.009216691176746448,0.0,0.0,0.986042244884535
2021-02-03,0.00347192975810404,0.00347192975810404,0.0,0.0,0.9894657142972973
2021-02-04,-0.004057315658190136,-0.004057315658190136,0.0,0.0,0.9854511395614367
2021-02-05,0.0033644979360780447,0.0033644979360780447,0.0,0.0,0.9887666878865969
2021-02-17,0.015573255177156669,0.015573255177156669,0.0,0.0,1.0041650038277268
2021-02-18,0.004670657025182135,0.004670657025182135,0.0,0.0,1.0088551141572968
2021-02-19,-0.0005173624792092408,-0.0005173624792092408,0.0,0.0,1.0083331703742735
2021-02-22,0.003705687485936457,0.003705687485936457,0.0,0.0,1.012069737985384
2021-02-23,0.013650085362656524,0.013650085362656524,0.0,0.0,1.0258845763018458
2021-02-24,-0.00044833003041520804,-0.00044833003041520804,0.0,0.0,1.02542464143855
2021-02-25,0.01596771005753315,0.01596771005753315,0.0,0.0,1.0417983247988905
2021-02-26,-0.018933723609288293,-0.018933723609288293,0.0,0.0,1.0220732032605289
2021-03-02,-0.0006374549606549883,-0.0006374549606549883,0.0,0.0,1.0214216776269578
2021-03-03,0.011884281453492185,0.011884281453492185,0.0,0.0,1.0335605403265749
2021-03-04,-0.005611900521783428,-0.005611900521783428,0.0,0.0,1.0277603013910215
2021-03-05,-0.0015850657947431423,-0.0015850657947431423,0.0,0.0,1.0261312336920916
2021-03-08,0.0012340883523942491,0.0012340883523942491,0.0,0.0,1.0273975702956188
2021-03-09,0.015182311577595147,0.015182311577595147,0.0,0.0,1.042995840321911
2021-03-10,0.005165439970662716,0.005165439970662716,0.0,0.0,1.0483833727247447
2021-03-11,0.0049599723978350375,0.0049599723978350375,0.0,0.0,1.0535833253158087
2021-03-12,0.003908621450939295,0.003908621450939295,0.0,0.0,1.0577013837014901
2021-03-15,0.0038249873974695496,0.0038249873974695496,0.0,0.0,1.0617470781644345
2021-03-16,0.004044205310645586,0.004044205310645586,0.0,0.0,1.0660410013365094
2021-03-17,-0.003218993833112919,-0.003218993833112919,0.0,0.0,1.0626094219273616
2021-03-18,0.004100570391023524,0.0021749073609665893,0.4906147847278815,0.0019256630300569348,1.0649204989809438
2021-03-19,-0.009060336053529947,-0.009060336053529947,0.0,0.0,1.0552719613898836
2021-03-22,0.00873218157176524,0.00873218157176524,0.0,0.0,1.0644867877643327
2021-03-23,0.00299380960736674,0.00299380960736674,0.0,0.0,1.0676736585364566
2021-03-24,0.002038158199551011,0.002038158199551011,0.0,0.0,1.0698497463580472
2021-03-25,0.005466338930615238,0.005466338930615238,0.0,0.0,1.0756979076764732
2021-03-26,0.0035293303767168754,0.0035293303767168754,0.0,0.0,1.0794944009782064
2021-03-29,0.013179041472062582,0.013179041472062582,0.0,0.0,1.0937211024575575
2021-03-30,0.005776812562676819,0.005776812562676819,0.0,0.0,1.1000393242622992
2021-03-31,-0.0005584074248660721,-0.0005584074248660721,0.0,0.0,1.0994250541359865
2021-04-01,-0.0018988527928175578,-0.0018988527928175578,0.0,0.0,1.0973374078014468
2021-04-06,0.002123482371369197,0.002123482371369197,0.0,0.0,1.0996675844423571
2021-04-07,0.005489876763297117,0.005489876763297117,0.0,0.0,1.1057046239615382
2021-04-08,-0.002586699147072794,-0.002586699147072794,0.0,0.0,1.1028444987538224
2021-04-09,-0.0016557991993326293,-0.0016557991993326293,0.0,0.0,1.1010184097157973
2021-04-12,0.011270260191245947,0.011270260191245947,0.0,0.0,1.1134271736686463
2021-04-13,-0.0032530897273263647,-0.0032530897273263647,0.0,0.0,1.1098050951678589
2021-04-14,-0.001714212802092681,-0.001714212802092681,0.0,0.0,1.1079026530658944
2021-04-15,0.010174860416747516,0.010174860416747516,0.0,0.0,1.1191754079161842
2021-04-16,0.008997635090109894,0.008997635090109894,0.0,0.0,1.129245339838439
2021-04-19,0.019498899536415717,0.019498899536415717,0.0,0.0,1.1512643812719145
2021-04-20,0.003632480211205496,0.003632480211205496,0.0,0.0,1.1554463263547505
2021-04-21,-0.001090932898384805,-0.001090932898384805,0.0,0.0,1.1541858119450124
2021-04-22,-0.003439891349436269,-0.003439891349436269,0.0,0.0,1.1502155381548607
2021-04-23,-0.0003254657391328804,-0.0003254657391328804,0.0,0.0,1.1498411824045731
2021-04-26,0.014999330351002094,0.014999330351002094,0.0,0.0,1.167088030150646
2021-04-27,0.000359132990379955,0.000359132990379955,0.0,0.0,1.1675071699649509
2021-04-28,0.0011782162035994497,0.0011782162035994497,0.0,0.0,1.168882745830422
2021-04-29,-0.004505004955994572,-0.004505004955994572,0.0,0.0,1.1636169232674793
2021-05-03,-0.01028453954992794,-0.01028453954992794,0.0,0.0,1.1516496589991696
2021-05-04,-0.019175452738254523,-0.019175452738254523,0.0,0.0,1.129566255392004
2021-05-05,0.0042733844511575894,0.0042733844511575894,0.0,0.0,1.1343933262643484
2021-05-06,0.009131927665074927,0.009131927665074927,0.0,0.0,1.1447525240635383
2021-05-07,0.010318673337775966,0.010318673337775966,0.0,0.0,1.1565648514119446
2021-05-10,0.01100454039482348,0.01100454039482348,0.0,0.0,1.1692923160385404
2021-05-11,-0.02545016476059942,-0.02545016476059942,0.0,0.0,1.1395336339420568
2021-05-12,-0.0433146342809927,-0.0433146342809927,0.0,0.0,1.090175151336966
2021-05-13,-0.007442951263712058,-0.007442951263712058,0.0,0.0,1.082061030816655
2021-05-14,0.010470805208733459,0.010470805208733459,0.0,0.0,1.0933910810942975
2021-05-17,-0.035101427711499086,-0.035101427711499086,0.0,0.0,1.0550114931008683
2021-05-18,0.04230407575978637,0.04230407575978637,0.0,0.0,1.0996427792324528
2021-05-19,-0.0005143539522254044,-0.0005143539522254044,0.0,0.0,1.0990771736229183
2021-05-20,-0.0043656743298775965,-0.0043656743298775965,0.0,0.0,1.0942789606194785
2021-05-21,0.011298371206436961,0.011298371206436961,0.0,0.0,1.1066425305199514
2021-05-24,7.350432478417688e-05,7.350432478417688e-05,0.0,0.0,1.1067238735319347
2021-05-25,0.008595783354706676,0.008595783354706676,0.0,0.0,1.116237032182297
2021-05-26,0.0008163319767320043,0.0008163319767320043,0.0,0.0,1.1171482521652798
2021-05-27,-0.005234138918930338,-0.005234138918930338,0.0,0.0,1.1113009430204066
2021-05-28,0.012051585141823489,0.012051585141823489,0.0,0.0,1.1246938809534057
2021-05-31,0.009708086707899006,0.009708086707899006,0.0,0.0,1.1356125066695448
2021-06-01,0.005492731516361403,0.005492731516361403,0.0,0.0,1.1418501212753027
2021-06-02,0.0026991394329845373,0.0026991394329845373,0.0,0.0,1.1449321339641951
2021-06-03,0.001278611366114478,0.001278611366114478,0.0,0.0,1.1463960572041114
2021-06-04,-0.0035878549104472602,-0.0035878549104472602,0.0,0.0,1.1422829544809543
2021-06-07,-0.0042213987260228784,-0.0042213987260228784,0.0,0.0,1.1374609226721508
2021-06-08,0.0012786636761289655,0.0012786636761289655,0.0,0.0,1.138915352636988
2021-06-09,-0.00748436658378029,-0.00748436658378029,0.0,0.0,1.1303912926299573
2021-06-10,0.002642724448068377,0.002642724448068377,0.0,0.0,1.1333786053348742
2021-06-11,0.001437674039105937,0.001437674039105937,0.0,0.0,1.1350080343322424
2021-06-15,-0.0024310348248706066,-0.0024310348248706066,0.0,0.0,1.1322487902742728
2021-06-16,-0.0014953059479600305,-0.0014953059479600305,0.0,0.0,1.1305557319236053
2021-06-17,0.0021771357850499684,0.0021771357850499684,0.0,0.0,1.1330171052645694
2021-06-18,-0.007041833697479663,-0.007041833697479663,0.0,0.0,1.1250385872328965
2021-06-21,-0.006561467187860241,-0.006561467187860241,0.0,0.0,1.1176566834576913
2021-06-22,0.00368458503734978,0.00368458503734978,0.0,0.0,1.1217747845504533
2021-06-23,0.011203787744818873,0.011203787744818873,0.0,0.0,1.1343429111340464
2021-06-24,0.0023692988044861853,0.0023692988044861853,0.0,0.0,1.1370305084372736
2021-06-25,0.005181134739555666,0.005181134739555666,0.0,0.0,1.1429216167044725
2021-06-28,0.0033153992373239865,0.0033153992373239865,0.0,0.0,1.1467108581608156
2021-06-29,-0.005650831372997703,-0.005650831372997703,0.0,0.0,1.1402309884677633
2021-06-30,0.004536948115765173,0.004536948115765173,0.0,0.0,1.1454041573024292
2021-07-01,-0.003689033002403737,-0.003689033002403737,0.0,0.0,1.1411787235650501
2021-07-02,0.00030483311964371975,0.00030483311964371975,0.0,0.0,1.1415265926354257
2021-07-05,0.00968779184735774,0.00968779184735774,0.0,0.0,1.152585464653101
2021-07-06,0.001857019629128341,0.001857019629128341,0.0,0.0,1.15472583848521
2021-07-07,-0.0011957017305939009,-0.0011957017305939009,0.0,0.0,1.1533451308017717
2021-07-08,0.006408031431310884,0.006408031431310884,0.0,0.0,1.1607358026510988
2021-07-09,-0.0023721274218862142,-0.0023721274218862142,0.0,0.0,1.157982389424065
2021-07-12,0.0031574324306423754,0.0031574324306423754,0.0,0.0,1.1616386405745456
2021-07-13,0.0018603422894203309,0.0018603422894203309,0.0,0.0,1.1637996860626312
2021-07-14,-0.0012782139902063555,-0.0012782139902063555,0.0,0.0,1.1623121010221082
2021-07-15,0.004410381653462367,0.004410381653462367,0.0,0.0,1.1674383409880535
2021-07-16,0.009076588457675637,0.009076588457675637,0.0,0.0,1.1780346983589136
2021-07-19,-0.0015066539335019241,-0.0015066539335019241,0.0,0.0,1.1762598077468294
2021-07-20,-0.012304264390275816,-0.012304264390275816,0.0,0.0,1.1617867960806574
2021-07-21,-0.00198647489097411,-0.00198647489097411,0.0,0.0,1.1594789357815778
2021-07-22,0.007611720499272709,0.007611720499272709,0.0,0.0,1.1683045653655413
2021-07-23,0.001999069786282101,0.001999069786282101,0.0,0.0,1.1706400877233392
2021-07-26,-0.007074275767140811,-0.007074275767140811,0.0,0.0,1.1623586569187143
2021-07-27,-0.006711895440051507,-0.006711895440051507,0.0,0.0,1.1545570271496373
2021-07-28,-0.005087377659755989,-0.005087377659755989,0.0,0.0,1.1486833595228019
2021-07-29,0.004990173610141934,0.004990173610141934,0.0,0.0,1.1544154889099016
2021-07-30,-0.006505123580084369,-0.006505123580084369,0.0,0.0,1.1469058734917792
2021-08-02,0.010645873583606765,0.010645873583606765,0.0,0.0,1.1591156884332687
2021-08-03,0.0012573453126157336,0.0012573453126157336,0.0,0.0,1.1605730971108996
2021-08-04,0.004412434880546072,0.004412434880546072,0.0,0.0,1.1656940503260151
2021-08-05,0.0017805503521907506,0.0017805503521907506,0.0,0.0,1.16776962727787
2021-08-06,-0.002020430214281818,-0.002020430214281818,0.0,0.0,1.1654102302395972
2021-08-09,-0.004299324670924316,-0.004299324670924316,0.0,0.0,1.1603997532849806
2021-08-10,-0.004876361484283498,-0.004876361484283498,0.0,0.0,1.1547412246216897
2021-08-11,-0.002205729626070319,-0.002205729626070319,0.0,0.0,1.152194177692097
2021-08-12,-0.004799061451305609,-0.004799061451305609,0.0,0.0,1.146664727029516
2021-08-13,-0.005006031196612555,-0.005006031196612555,0.0,0.0,1.140924487633951
2021-08-16,-0.012374824705094399,-0.012374824705094399,0.0,0.0,1.1268057470977313
2021-08-17,0.001683386863939395,0.001683386863939395,0.0,0.0,1.128702597090607
2021-08-18,0.005885011930422283,0.005885011930422283,0.0,0.0,1.135345025340384
2021-08-19,-0.014903767417903353,-0.014903767417903353,0.0,0.0,1.1184241071436374
2021-08-20,-0.0021037955082052234,-0.0021037955082052234,0.0,0.0,1.11607117153076
2021-08-23,0.005914906852865772,0.005914906852865772,0.0,0.0,1.1226726285515332
2021-08-24,0.007328926247008549,0.007328926247008549,0.0,0.0,1.1309006134457227
2021-08-25,0.0021765348454847325,0.0021765348454847325,0.0,0.0,1.1333620580376673
2021-08-26,-0.0028052626446988652,-0.0028052626446988652,0.0,0.0,1.1301826797933352
2021-08-27,0.014009040329580573,0.014009040329580573,0.0,0.0,1.1460154545343535
2021-08-30,0.013605023749505802,0.013605023749505802,0.0,0.0,1.161607022010594
2021-08-31,0.0013516247141365997,0.0013516247141365997,0.0,0.0,1.163177078769658
2021-09-01,-0.006351063006148042,-0.006351063006148042,0.0,0.0,1.1557896678550847
2021-09-02,-0.009523272539588599,-0.009523272539588599,0.0,0.0,1.1447827678496603
2021-09-03,0.008197576743485962,0.008197576743485962,0.0,0.0,1.154167212443728
2021-09-06,-0.006568126267384023,-0.006568126267384023,0.0,0.0,1.1465864964587231
2021-09-07,-0.0022969452127247687,-0.0022969452127247687,0.0,0.0,1.1439528500947074
2021-09-08,-0.005359104467420248,-0.005359104467420248,0.0,0.0,1.1378222872652466
2021-09-09,-0.0015111686147974653,-0.0015111686147974653,0.0,0.0,1.1361028459355142
2021-09-10,0.007501807245492864,0.007501807245492864,0.0,0.0,1.1446256704967783
2021-09-13,0.0044197855269396125,0.0044197855269396125,0.0,0.0,1.1496846704690036
2021-09-14,0.0023165047038335917,0.0023165047038335917,0.0,0.0,1.1523479204160705
2021-09-15,0.00020734329590107634,0.00020734329590107634,0.0,0.0,1.1525868520319142
2021-09-16,0.00010539919288363331,0.00010539919288363331,0.0,0.0,1.1527083337558468
2021-09-17,-0.004351033108025175,-0.004351033108025175,0.0,0.0,1.1476928616317785
2021-09-22,-0.0122624371705998,-0.0122624371705998,0.0,0.0,1.133619350024873
2021-09-23,0.006547646894837684,0.006547646894837684,0.0,0.0,1.1410418892419913
2021-09-24,0.0034152882826695755,0.0034152882826695755,0.0,0.0,1.1449388762363548
2021-09-27,0.0031273845026947313,0.0031273845026947313,0.0,0.0,1.148519540334429
2021-09-28,-0.0012758443714748907,-0.0012758443714748907,0.0,0.0,1.1470542081433646
2021-09-29,-0.006888547518058053,-0.006888547518058053,0.0,0.0,1.1391526707247805
2021-09-30,0.0017993322797074842,0.0017993322797074842,0.0,0.0,1.1412023848967305
2021-10-01,-0.012652584462383308,-0.012652584462383308,0.0,0.0,1.1267632253331514
2021-10-04,-0.0021877046111948924,-0.0021877046111948924,0.0,0.0,1.1242982002293653
2021-10-05,0.002124618546718908,0.002124618546718908,0.0,0.0,1.1266869050376154
2021-10-06,0.002309489679106341,0.002309489679106341,0.0,0.0,1.1292889768163838
2021-10-07,0.008937157402375018,0.008937157402375018,0.0,0.0,1.139381610154959
2021-10-08,-0.0015795781111716362,-0.0015795781111716362,0.0,0.0,1.1375818679032867
2021-10-12,-0.003841749896092935,-0.003841749896092935,0.0,0.0,1.133211562880472
2021-10-13,-0.0018379463851914421,-0.0018379463851914421,0.0,0.0,1.1311287807848187
2021-10-14,-0.002514160433048233,-0.002514160433048233,0.0,0.0,1.1282849415594876
2021-10-15,0.008888198505328734,0.008888198505328734,0.0,0.0,1.1383133620906414
2021-10-18,0.0028364422859059758,0.0028364422859059758,0.0,0.0,1.1415421222454871
2021-10-19,0.0018333541324057428,0.0018333541324057428,0.0,0.0,1.1436349732126212
2021-10-20,-0.00014187845658513066,-0.00014187845658513066,0.0,0.0,1.1434727160477252
2021-10-21,0.0006504961096538645,0.0006504961096538645,0.0,0.0,1.1442165406010094
2021-10-22,0.0001854907914718978,0.0001854907914718978,0.0,0.0,1.1444287822327406
2021-10-25,0.0019385716214544322,0.0019385716214544322,0.0,0.0,1.1466473393927525
2021-10-26,0.005735426611351813,0.005735426611351813,0.0,0.0,1.1532238510569415
2021-10-27,0.0008089313006048089,0.0008089313006048089,0.0,0.0,1.1541567299266655
2021-10-28,0.0010306925325476294,0.0010306925325476294,0.0,0.0,1.1553463106495905
2021-10-29,-0.0031798816641627945,-0.0031798816641627945,0.0,0.0,1.1516724461005976
2021-11-01,0.0005814396371081924,0.0005814396371081924,0.0,0.0,1.152342074109726
2021-11-02,-0.0010304105531571766,-0.0010304105531571766,0.0,0.0,1.1511546886757162
2021-11-03,0.0045595791641031055,0.0045595791641031055,0.0,0.0,1.1564034696088616
2021-11-04,4.920257613434545e-06,4.920257613434545e-06,0.0,0.0,1.156409159411837
2021-11-05,0.0038420542939815614,0.0038420542939815614,0.0,0.0,1.160852146188355
2021-11-08,0.003871553689705471,0.003871553689705471,0.0,0.0,1.165346447598133
2021-11-09,0.00039707040126831894,0.00039707040126831894,0.0,0.0,1.1658091721796975
2021-11-10,0.0025236870026227073,0.0025236870026227073,0.0,0.0,1.1687513096350657
2021-11-11,0.0011254837435452475,0.0011254837435452475,0.0,0.0,1.1700667202343071
2021-11-12,0.007898041128116389,0.007898041128116389,0.0,0.0,1.179307955313358
2021-11-15,0.004211048673512516,0.004211048673512516,0.0,0.0,1.1842740785142432
2021-11-16,0.0016034495809338438,0.0016034495809338438,0.0,0.0,1.1861730022891477
2021-11-17,0.012299913468636637,0.012299913468636637,0.0,0.0,1.200762827576137
2021-11-18,0.0070534524918070335,0.0070534524918070335,0.0,0.0,1.2092323511343732
2021-11-19,-0.00976887491488714,-0.00976887491488714,0.0,0.0,1.1974195115531068
2021-11-22,-0.0020668959598882275,-0.0020668959598882275,0.0,0.0,1.1949445700023864
2021-11-23,-0.003623189454663375,-0.003623189454663375,0.0,0.0,1.1906150594374465
2021-11-24,0.005800303819188493,0.005800303819188493,0.0,0.0,1.1975209885138849
2021-11-25,0.0002503913026118253,0.0002503913026118253,0.0,0.0,1.1978208373541037
2021-11-26,-0.015382481159122975,-0.015382481159122975,0.0,0.0,1.1793953808914992
2021-11-29,-0.005880433942979123,-0.005880433942979123,0.0,0.0,1.172460024261512
2021-11-30,-0.000667008083505518,-0.000667008083505518,0.0,0.0,1.1716779839477425
2021-12-01,0.01046255243928705,0.01046255243928705,0.0,0.0,1.1839367262967537
2021-12-02,-0.0006054283774001613,-0.0006054283774001613,0.0,0.0,1.1832199374056074
2021-12-03,0.003593071662237331,0.003593071662237331,0.0,0.0,1.1874713314328937
2021-12-06,0.005303224192583887,0.005303224192583887,0.0,0.0,1.1937687581257486
2021-12-07,0.0073851038906870645,0.0073851038906870645,0.0,0.0,1.2025848644259638
2021-12-08,0.0014803537022521683,0.0014803537022521683,0.0,0.0,1.2043651153822892
2021-12-09,0.0044029043994201315,0.0044029043994201315,0.0,0.0,1.2096678198473139
2021-12-10,-0.0008563007470055827,-0.0008563007470055827,0.0,0.0,1.20863198038955
2021-12-13,-0.003637636740571409,-0.003637636740571409,0.0,0.0,1.2042354162918554
2021-12-14,-0.006664788091466105,-0.006664788091466105,0.0,0.0,1.1962094424300318
2021-12-15,0.0001988749800162715,0.0001988749800162715,0.0,0.0,1.1964473385589904
2021-12-16,0.00410202105166097,0.00410202105166097,0.0,0.0,1.201355190728963
2021-12-17,0.004945512351637405,0.004945512351637405,0.0,0.0,1.2072965076634168
2021-12-20,-0.006048362028771448,-0.006048362028771448,0.0,0.0,1.199994341308997
2021-12-21,0.005462037655318702,0.005462037655318702,0.0,0.0,1.2065487555873962
2021-12-22,0.000150300934214898,0.000150300934214898,0.0,0.0,1.2067301009925369
2021-12-23,0.004260118827225391,0.004260118827225391,0.0,0.0,1.2118709146151547
2021-12-24,0.0018622871388007953,0.0018622871388007953,0.0,0.0,1.2141277662333292
2021-12-27,0.002328742457293387,0.002328742457293387,0.0,0.0,1.2169551571111354
2021-12-28,0.005977773743052648,0.005977773743052648,0.0,0.0,1.224229839695787
2021-12-29,0.005782038326755009,0.005782038326755009,0.0,0.0,1.2313083835496652
2021-12-30,-0.0016515394472739172,-0.0016515394472739172,0.0,0.0,1.2292748291824738
2022-01-03,-0.00514247396197026,-0.00514247396197026,0.0,0.0,1.2229533153812975
2022-01-04,0.001652993005398512,0.001652993005398512,0.0,0.0,1.2249748486575518
2022-01-05,0.002995115846094729,0.002995115846094729,0.0,0.0,1.2286437902378335
2022-01-06,0.002861039935972829,0.002861039935972829,0.0,0.0,1.232158989188789
2022-01-07,0.0008055293304227273,0.0008055293304227273,0.0,0.0,1.2331515293943247
2022-01-10,0.0044238562540328315,0.0044238562540328315,0.0,0.0,1.238606814499806
2022-01-11,0.011505953618177606,0.011505953618177606,0.0,0.0,1.2528581670585994
2022-01-12,0.0029617841900497367,0.0029617841900497367,0.0,0.0,1.2565688625701683
2022-01-13,0.012856362725741291,0.012856362725741291,0.0,0.0,1.2727237676572425
2022-01-14,-0.006672256607510234,-0.006672256607510234,0.0,0.0,1.2642318280889562
2022-01-17,-0.0023929209789603847,-0.0023929209789603847,0.0,0.0,1.2612066212252526
2022-01-18,0.004684894435009866,0.004684894435009866,0.0,0.0,1.2671152411064286
2022-01-19,-0.004210378718111021,-0.004210378718111021,0.0,0.0,1.26178020606188
2022-01-20,-0.0006929506093124125,-0.0006929506093124125,0.0,0.0,1.260905854699271
2022-01-21,-0.011680658892410996,-0.011680658892410996,0.0,0.0,1.2461776435150849
2022-01-24,-0.002948538968680032,-0.002948538968680032,0.0,0.0,1.2425032401712828
2022-01-25,-0.0078513005540167,-0.0078513005540167,0.0,0.0,1.2327479737933584
2022-01-26,0.0019397612487164761,0.0019397612487164761,0.0,0.0,1.2351392105423564
2022-02-07,0.021640969401649893,0.021640969401649893,0.0,0.0,1.2618688204044817
2022-02-08,0.00917037860504545,0.00917037860504545,0.0,0.0,1.273440635237493
2022-02-09,0.00796465589939878,0.00796465589939878,0.0,0.0,1.2835831517054714
2022-02-10,0.002870500656733582,0.002870500656733582,0.0,0.0,1.2872676779854142
2022-02-11,-0.002175416360590926,-0.002175416360590926,0.0,0.0,1.284467334818265
2022-02-14,-0.009228799742826517,-0.009228799742826517,0.0,0.0,1.2726132430090251
2022-02-15,-0.003741589489514169,-0.003741589489514169,0.0,0.0,1.267851646674766
2022-02-16,0.008112478999063533,0.008112478999063533,0.0,0.0,1.2781370665323433
2022-02-17,0.003629217680824969,0.003629217680824969,0.0,0.0,1.2827757041727204
2022-02-18,0.00037818120622832565,0.00037818120622832565,0.0,0.0,1.2832608258358447
2022-02-21,0.003367494856614954,0.003367494856614954,0.0,0.0,1.2875822000665422
2022-02-22,-0.008247477874068473,-0.008247477874068473,0.0,0.0,1.276962894360449
2022-02-23,0.004082693001318024,0.004082693001318024,0.0,0.0,1.2821763418321972
2022-02-24,-0.01661211458416949,-0.01661211458416949,0.0,0.0,1.2608766815245696
2022-02-25,-0.0017610357035001789,-0.0017610357035001789,0.0,0.0,1.258656232670694
2022-03-01,0.011753871752265785,0.011753871752265785,0.0,0.0,1.2734503166096955
2022-03-02,0.002104780212408404,0.002104780212408404,0.0,0.0,1.2761306496375808
2022-03-03,0.0018969944820194983,0.0018969944820194983,0.0,0.0,1.2785514624382792
2022-03-04,-0.009232995608212481,-0.009232995608212481,0.0,0.0,1.266746602400713
2022-03-07,-0.022106555573324155,-0.022106555573324155,0.0,0.0,1.238743198237422
2022-03-08,-0.012612272267209028,-0.012612272267209028,0.0,0.0,1.2231198317520982
2022-03-09,0.004273987295170485,0.004273987295170485,0.0,0.0,1.2283474303734776
2022-03-10,0.02260639613082149,0.02260639613082149,0.0,0.0,1.256115938970777
2022-03-11,-0.003950957057036882,-0.003950957057036882,0.0,0.0,1.251153078837244
2022-03-14,0.00487737470412227,0.00487737470412227,0.0,0.0,1.2572554212149494
2022-03-15,-0.0011819362678106217,-0.0011819362678106217,0.0,0.0,1.255769425434714
2022-03-16,0.010035082398826813,0.010035082398826813,0.0,0.0,1.268371175092879
2022-03-17,0.011422791730186642,0.011422791730186642,0.0,0.0,1.282859514862537
2022-03-18,0.006292739349459677,0.006292739349459677,0.0,0.0,1.2909322154115412
2022-03-21,0.0005669346603546589,0.0005669346603546589,0.0,0.0,1.2916640896286267
2022-03-22,0.003525589643342452,0.003525589643342452,0.0,0.0,1.2962179671656986
2022-03-23,0.010428765902666415,0.010428765902666415,0.0,0.0,1.3097359209041
2022-03-24,0.0013829137051398022,0.0013829137051398022,0.0,0.0,1.311547172659232
2022-03-25,-0.003748391138727573,-0.003748391138727573,0.0,0.0,1.306630980859213
2022-03-28,0.0020943709504148006,0.0020943709504148006,0.0,0.0,1.3093675508284366
2022-03-29,-0.0024812194684755047,-0.0032973835358737786,0.20793988978299976,0.000816164067398274,1.3050500638239275
2022-03-30,0.008902563737873537,0.008902563737873537,0.0,0.0,1.3166683551982359
2022-03-31,0.0058029382138312605,0.0058029382138312605,0.0,0.0,1.324308900311558
2022-04-01,0.0031697363828787793,0.0031697363828787793,0.0,0.0,1.3285066104150458
2022-04-06,0.013999239362153372,0.013999239362153372,0.0,0.0,1.3471046924484489
2022-04-07,-0.014886741709115713,-0.014886741709115713,0.0,0.0,1.327050692836831
2022-04-08,0.012043825112313947,0.012043825112313947,0.0,0.0,1.3430334592965332
2022-04-11,-0.0036831352029236576,-0.0036831352029236576,0.0,0.0,1.3380868854838939
2022-04-12,-0.006140454833898593,-0.006140454833898593,0.0,0.0,1.329870423399748
2022-04-13,0.007339705084651014,0.007339705084651014,0.0,0.0,1.3396312801083023
2022-04-14,-0.01516089877805103,-0.01516089877805103,0.0,0.0,1.3193212658706694
2022-04-15,-0.004887485046457433,-0.004887485046457433,0.0,0.0,1.3128731029122533
2022-04-18,-0.013960628556983906,-0.013960628556983906,0.0,0.0,1.2945445691800406
2022-04-19,0.0007509863559410348,0.0007509863559410348,0.0,0.0,1.2955167544886523
2022-04-20,0.00867761539839365,0.00867761539839365,0.0,0.0,1.3067587506262799
2022-04-21,-0.006269979903538501,-0.006269979903538501,0.0,0.0,1.29856539952108
2022-04-22,0.004796234638205463,0.004796234638205463,0.0,0.0,1.3047936238702382
2022-04-25,-0.014979719725879,-0.014979719725879,0.0,0.0,1.2852481810845482
2022-04-26,0.010958105534801577,0.010958105534801577,0.0,0.0,1.2993320662912844
2022-04-27,-0.013299498258245942,-0.013299498258245942,0.0,0.0,1.2820516017387604
2022-04-28,0.003452278910725102,0.003452278910725102,0.0,0.0,1.2864776014459045
2022-04-29,0.006158757575433083,0.006158757575433083,0.0,0.0,1.2944007051194346
2022-05-03,-0.007734513339142525,-0.007734513339142525,0.0,0.0,1.284389145599493
2022-05-04,-0.0007967059402459544,-0.0007967059402459544,0.0,0.0,1.2833658651376063
2022-05-05,-0.004895039007139841,-0.004895039007139841,0.0,0.0,1.277083739167326
2022-05-06,-0.010842586244725097,-0.010842586244725097,0.0,0.0,1.2632368485836682
2022-05-09,-0.026997427672590828,-0.026997427672590828,0.0,0.0,1.2291327031306791
2022-05-10,0.0007987372056150884,0.0007987372056150884,0.0,0.0,1.2301144571513078
2022-05-11,-0.007028610148342782,-0.007028610148342782,0.0,0.0,1.221468462194151
2022-05-12,-0.024577148333110945,-0.024577148333110945,0.0,0.0,1.1914482506145883
2022-05-13,0.00474687580348629,0.00474687580348629,0.0,0.0,1.1971039074865368
2022-05-16,-0.0020335960752515866,-0.0020335960752515866,0.0,0.0,1.1946694816786039
2022-05-17,-0.0012171459973405962,-0.0012171459973405962,0.0,0.0,1.193215394500834
2022-05-18,0.023170469635442417,0.023170469635442417,0.0,0.0,1.2208627555676579
2022-05-19,-0.017634250176666748,-0.017634250176666748,0.0,0.0,1.1993337563046031
2022-05-20,0.0066992883275948855,0.0066992883275948855,0.0,0.0,1.207368438939105
2022-05-23,0.00016627454314669933,0.00016627454314669933,0.0,0.0,1.2075691935746995
2022-05-24,-0.003438325655314131,-0.003438325655314131,0.0,0.0,1.2034171774358646
2022-05-25,0.0035876621237105064,0.0035876621237105064,0.0,0.0,1.2077346316623738
2022-05-26,-0.0010515503157137321,-0.0010515503157137321,0.0,0.0,1.2064646379291508
2022-05-27,0.011752609137363928,0.011752609137363928,0.0,0.0,1.2206437452567833
2022-05-30,0.0153929748052689,0.0153929748052689,0.0,0.0,1.23943308367373
2022-05-31,0.005025206830950135,0.005025206830950135,0.0,0.0,1.245661491272313
2022-06-01,-0.009530240085889105,-0.009530240085889105,0.0,0.0,1.233790038194741
2022-06-02,-0.0035284179328808687,-0.0035284179328808687,0.0,0.0,1.2294367112985651
2022-06-06,0.006322016260251322,0.006322016260251322,0.0,0.0,1.2372092301783446
2022-06-07,-0.004674959399998878,-0.004674959399998878,0.0,0.0,1.231425327257957
2022-06-08,0.004020760516453985,0.004020760516453985,0.0,0.0,1.236376593592757
2022-06-09,-0.006301479568797581,-0.006301479568797581,0.0,0.0,1.2285855917488928
2022-06-10,-0.006250782610665808,-0.006250782610665808,0.0,0.0,1.2209059702962743
2022-06-13,-0.012739513336207266,-0.012739513336207266,0.0,0.0,1.2053522224054298
2022-06-14,0.004786458520249901,0.004786458520249901,0.0,0.0,1.2111215908202646
2022-06-15,-0.00023661879057088563,-0.00023661879057088563,0.0,0.0,1.2108350166942103
2022-06-16,-0.0050625499985310005,-0.0050625499985310005,0.0,0.0,1.2047051038822238
2022-06-17,-0.010110661258386276,-0.010110661258386276,0.0,0.0,1.1925247386606217
2022-06-20,-0.01566914014405139,-0.01566914014405139,0.0,0.0,1.1738389014053001
2022-06-21,0.025562630489374332,0.025562630489374332,0.0,0.0,1.2038453114959768
2022-06-22,-0.012996544711998683,-0.012996544711998683,0.0,0.0,1.1881994820787893
2022-06-23,0.001353342107666291,0.001353342107666291,0.0,0.0,1.1898075224701938
2022-06-24,0.009188008505423471,0.009188008505423471,0.0,0.0,1.2007394841064667
2022-06-27,0.0026347128906211857,0.0026347128906211857,0.0,0.0,1.20390308790352
2022-06-28,-0.005590691202228325,-0.005590691202228325,0.0,0.0,1.1971724375016422
2022-06-29,-0.0054706072265674095,-0.0054706072265674095,0.0,0.0,1.1906231773135982
2022-06-30,-0.020499893464029948,-0.020499893464029948,0.0,0.0,1.1662155290228646
2022-07-01,-0.013515449639106052,-0.013515449639106052,0.0,0.0,1.1504536017720128
2022-07-04,-0.0021894497016293245,-0.0021894497016293245,0.0,0.0,1.1479347414768746
2022-07-05,0.005252926842111981,0.005252926842111981,0.0,0.0,1.1539647586933712
2022-07-06,-0.021788920716178502,-0.021788920716178502,0.0,0.0,1.1288211120569374
2022-07-07,0.003850290568598941,0.003850290568598941,0.0,0.0,1.1331674013383255
2022-07-08,-0.0017606222612775227,-0.0017606222612775227,0.0,0.0,1.1311723215857752
2022-07-11,-0.01103631291497168,-0.01103631291497168,0.0,0.0,1.1186883498839997
2022-07-12,-0.020154333617135537,-0.020154333617135537,0.0,0.0,1.0961419316668346
2022-07-13,0.02403344661040126,0.02403344661040126,0.0,0.0,1.1224860002589716
2022-07-14,-0.006029647705889204,-0.006029647705889204,0.0,0.0,1.1157178051226173
2022-07-15,-0.01316455330313685,-0.01316455330313685,0.0,0.0,1.101029878605822
2022-07-18,0.0130489202197819,0.0130489202197819,0.0,0.0,1.1153971296513454
2022-07-19,-0.0007132588659224799,-0.0007132588659224799,0.0,0.0,1.114601562759597
2022-07-20,-0.0024321526781991617,-0.0024321526781991617,0.0,0.0,1.1118906815836063
2022-07-21,0.006513492930356462,0.006513492930356462,0.0,0.0,1.1191329736774305
2022-07-22,0.003952426958243913,0.003952426958243913,0.0,0.0,1.1235562650124526
2022-07-25,0.0071129232712710145,0.0071129232712710145,0.0,0.0,1.1315480345164421
2022-07-26,-0.0016246772186405826,-0.0016246772186405826,0.0,0.0,1.1297096342029658
2022-07-27,0.004493072923416375,0.004493072923416375,0.0,0.0,1.1347855019717257
2022-07-28,-0.001227770364946139,-0.001227770364946139,0.0,0.0,1.1333922459618342
2022-07-29,-0.0003185959679818197,-0.0003185959679818197,0.0,0.0,1.133031151762129
2022-08-01,0.0028351052486982288,0.0028351052486982288,0.0,0.0,1.1362434143274283
2022-08-02,-0.004951299078988897,-0.004951299078988897,0.0,0.0,1.1306175333565616
2022-08-03,-0.003389322646031593,-0.003389322646031593,0.0,0.0,1.1267855057467557
2022-08-04,-0.006240226247835919,-0.006240226247835919,0.0,0.0,1.1197541092581138
2022-08-05,0.012186053764875634,0.012186053764875634,0.0,0.0,1.1333994930369737
2022-08-08,0.0048103707233300656,0.0048103707233300656,0.0,0.0,1.138851564776116
2022-08-09,0.007906458396216145,0.007906458396216145,0.0,0.0,1.1478558472924838
2022-08-10,0.0008636127382410986,0.0008636127382410986,0.0,0.0,1.1488471502238702
2022-08-11,0.010434850887169066,0.010434850887169066,0.0,0.0,1.1608351989286052
2022-08-12,-0.0013732053963238931,-0.0013732053963238931,0.0,0.0,1.1592411337691937
2022-08-15,7.07794806696512e-05,7.07794806696512e-05,0.0,0.0,1.1593231842546128
2022-08-16,0.0019029959293745805,0.0019029959293745805,0.0,0.0,1.161529371555079
2022-08-17,0.004712479389163272,0.004712479389163272,0.0,0.0,1.16700305477844
2022-08-18,-0.003458263614308295,-0.003458263614308295,0.0,0.0,1.1629672505763131
2022-08-19,0.0016897100721544375,0.0016897100721544375,0.0,0.0,1.1649323280531978
2022-08-22,-0.003138080253430563,-0.003138080253430563,0.0,0.0,1.1612766769179512
2022-08-23,-0.010977253348213136,-0.010977253348213136,0.0,0.0,1.148529048628052
2022-08-24,-0.004325496452823901,-0.004325496452823901,0.0,0.0,1.1435610903022462
2022-08-25,0.005985514708424864,0.005985514708424864,0.0,0.0,1.1504058920282327
2022-08-26,0.0039504433256373934,0.0039504433256373934,0.0,0.0,1.1549505053061697
2022-08-29,-0.012901770035183308,-0.012901770035183308,0.0,0.0,1.1400495994846906
2022-08-30,0.0017933591270184726,0.0017933591270184726,0.0,0.0,1.1420941178391804
2022-08-31,0.0054922475476152505,0.0054922475476152505,0.0,0.0,1.1483667814570284
2022-09-01,-0.012557475793395853,-0.012557475793395853,0.0,0.0,1.133946193396942
2022-09-02,-0.005651253696849049,-0.005651253696849049,0.0,0.0,1.1275379757794795
2022-09-05,0.005196403985988179,0.005196403985988179,0.0,0.0,1.133397118611173
2022-09-06,0.0026226015698632456,0.0026226015698632456,0.0,0.0,1.136369567673721
2022-09-07,-0.013826836604417131,-0.013826836604417131,0.0,0.0,1.1206571713392646
2022-09-08,0.01326898035979783,0.01326898035979783,0.0,0.0,1.1355271493358319
2022-09-12,0.00834286428749278,0.00834286428749278,0.0,0.0,1.1450006982375043
2022-09-13,-0.00019178023665870133,-0.00019178023665870133,0.0,0.0,1.144781109732622
2022-09-14,-0.013343769399020995,-0.013343769399020995,0.0,0.0,1.1295054145919945
2022-09-15,0.005628964911020556,0.005628964911020556,0.0,0.0,1.1358633609375406
2022-09-16,-0.0037251556223960795,-0.0037251556223960795,0.0,0.0,1.1316320931522705
2022-09-19,-0.006472887954446873,-0.006472887954446873,0.0,0.0,1.1243071654076398
2022-09-20,0.0023536430501807674,0.0023536430501807674,0.0,0.0,1.12695338315377
2022-09-21,-0.006217787254509351,-0.006217787254509351,0.0,0.0,1.11994622677157
2022-09-22,-0.014265147796419877,-0.014265147796419877,0.0,0.0,1.1039700283226308
2022-09-23,-0.001641962959462537,-0.001641962959462537,0.0,0.0,1.1021573504277682
2022-09-26,-0.01719821486534178,-0.01719821486534178,0.0,0.0,1.0832022114996955
2022-09-27,-0.0011120512667023236,-0.0011120512667023236,0.0,0.0,1.0819976351083025
2022-09-28,-0.014178185115395795,-0.014178185115395795,0.0,0.0,1.0666568723433165
2022-09-29,0.007135615021909108,0.007135615021909108,0.0,0.0,1.074268125144832
2022-09-30,-0.008511507446591845,-0.008511507446591845,0.0,0.0,1.0651244839980256
2022-10-03,-0.013920404242293962,-0.013920404242293962,0.0,0.0,1.0502975206124083
2022-10-04,0.007519808566982983,0.007519808566982983,0.0,0.0,1.0581955569057906
2022-10-05,0.0050600943449019544,0.0050600943449019544,0.0,0.0,1.06355012625909
2022-10-06,0.005584872777662385,0.005584872777662385,0.0,0.0,1.0694899184069138
2022-10-07,-0.0057776943606493245,-0.0057776943606493245,0.0,0.0,1.0633107325365627
2022-10-11,-0.020336695569063805,-0.020336695569063805,0.0,0.0,1.0416865058736484
2022-10-12,0.006092511541585483,0.006092511541585483,0.0,0.0,1.0480329929333976
2022-10-13,-0.022675969510664452,-0.022675969510664452,0.0,0.0,1.0242678287394695
2022-10-14,0.0026623963981142204,0.0026623963981142204,0.0,0.0,1.02699483571741
2022-10-17,-0.0030804774159055247,-0.0030804774159055247,0.0,0.0,1.0238312013197308
2022-10-18,0.006068668941269129,0.006068668941269129,0.0,0.0,1.0300444939322821
2022-10-19,-0.008677282223107739,-0.008677282223107739,0.0,0.0,1.0211065071560737
2022-10-20,0.0008155923740226154,0.0008155923740226154,0.0,0.0,1.0219393138363748
2022-10-21,0.0010182752501870923,0.0010182752501870923,0.0,0.0,1.0229799293468476
2022-10-24,-0.0009360380764783507,-0.0009360380764783507,0.0,0.0,1.0220223811815057
2022-10-25,0.0050906461192791914,0.0050906461192791914,0.0,0.0,1.0272251354500839
2022-10-26,0.005914767464043435,0.005914767464043435,0.0,0.0,1.0333009332594916
2022-10-27,-0.0026836835639944623,-0.0026836835639944623,0.0,0.0,1.030527880528243
2022-10-28,-0.00406724137707748,-0.00406724137707748,0.0,0.0,1.0263364748923265
2022-10-31,0.0037377765706277464,0.0037377765706277464,0.0,0.0,1.0301726913217597
2022-11-01,0.009103834157752766,0.009103834157752766,0.0,0.0,1.0395512126573987
2022-11-02,-0.0027669892516317732,-0.0027669892516317732,0.0,0.0,1.036674785625455
2022-11-03,-0.005221102430999467,-0.005221102430999467,0.0,0.0,1.0312622003820702
2022-11-04,0.00904812695584819,0.00904812695584819,0.0,0.0,1.0405931916958946
2022-11-07,0.009637968365767057,0.009637968365767057,0.0,0.0,1.0506223959590921
2022-11-08,0.006510235333166081,0.006510235333166081,0.0,0.0,1.0574621950030807
2022-11-09,0.008701555900393796,0.008701555900393796,0.0,0.0,1.066663761405453
2022-11-10,-0.007077103091611479,-0.007077103091611479,0.0,0.0,1.0591148720019006
2022-11-11,0.023546574403429655,0.023546574403429655,0.0,0.0,1.084053399137272
2022-11-14,0.00868608773619003,0.00868608773619003,0.0,0.0,1.0934695820728935
2022-11-15,0.0027619446999183114,0.0027619446999183114,0.0,0.0,1.0964896845896215
2022-11-16,-0.008907695588016578,-0.008907695588016578,0.0,0.0,1.0867224882638968
2022-11-17,-0.003258587166748786,-0.003258587166748786,0.0,0.0,1.0831813083098227
2022-11-18,-0.003981464455575356,-0.003981464455575356,0.0,0.0,1.0788686604318436
2022-11-21,-0.0013843680346002315,-0.0013843680346002315,0.0,0.0,1.0773751091448098
2022-11-22,0.003639078459224045,0.003639078459224045,0.0,0.0,1.0812957616970027
2022-11-23,0.007359844505195567,0.007359844505195567,0.0,0.0,1.0892539303672197
2022-11-24,0.008305542020007932,0.008305542020007932,0.0,0.0,1.0983007746563436
2022-11-25,0.00027937640772284574,0.00027937640772284574,0.0,0.0,1.0986076139813663
2022-11-28,-0.004213902125095159,-0.004213902125095159,0.0,0.0,1.0939781890221645
2022-11-29,0.013196335054321408,0.013196335054321408,0.0,0.0,1.1084146917466207
2022-11-30,0.012089683242362918,0.012089683242362918,0.0,0.0,1.1218150742710187
2022-12-01,-0.002195229215359507,-0.002195229215359507,0.0,0.0,1.1193524330457483
2022-12-02,-0.003923731267948209,-0.003923731267948209,0.0,0.0,1.1149603949043527
2022-12-05,0.0005561117156650254,0.0005561117156650254,0.0,0.0,1.1155804374424614
2022-12-06,-0.01040919666740557,-0.01040919666740557,0.0,0.0,1.1039681412708124
2022-12-07,0.0033722875241695947,0.0033722875241695947,0.0,0.0,1.1076910392607007
2022-12-08,-0.003194068565142749,-0.003194068565142749,0.0,0.0,1.1041529981323077
2022-12-09,0.004949831109757029,0.004949831109757029,0.0,0.0,1.1096183689923946
2022-12-12,-0.00031006582190385866,-0.00031006582190385866,0.0,0.0,1.1092743142608135
2022-12-13,-0.00797825448027676,-0.00797825448027676,0.0,0.0,1.1004242414932062
2022-12-14,0.009463227748352728,0.009463227748352728,0.0,0.0,1.1108378067102647
2022-12-15,-0.0008373742910962703,-0.0008373742910962703,0.0,0.0,1.1099076196893476
2022-12-16,-0.009185785380798145,-0.009185785380798145,0.0,0.0,1.0997122465023688
2022-12-19,-0.0012123949788730892,-0.0012123949788730892,0.0,0.0,1.098378960896504
2022-12-20,-0.008906613277491737,-0.008906613277491737,0.0,0.0,1.0885961242596656
2022-12-21,0.00019247527586192987,0.00019247527586192987,0.0,0.0,1.0888056520989846
2022-12-22,0.014981987710707134,0.014981987710707134,0.0,0.0,1.1051181249980802
2022-12-23,-0.007439356646988913,-0.007439356646988913,0.0,0.0,1.0968967571291677
2022-12-26,0.0031696570706621534,0.0031696570706621534,0.0,0.0,1.1003735436911883
2022-12-27,0.0024344330704492855,0.0024344330704492855,0.0,0.0,1.1030523294357977
2022-12-28,-0.0063371755187841584,-0.0063371755187841584,0.0,0.0,1.0960620932177592
2022-12-29,-0.004409336898340407,-0.004409336898340407,0.0,0.0,1.0912291861872618
2022-12-30,0.004388048029659814,0.004388048029659814,0.0,0.0,1.096017552267618
2023-01-03,0.00039040573010959374,0.00039040573010959374,0.0,0.0,1.0964454438003242
2023-01-04,0.001491002923230226,0.001491002923230226,0.0,0.0,1.0980802471621929
2023-01-05,0.006376515310308922,0.006376515310308922,0.0,0.0,1.1050821726701705
2023-01-06,0.0031759940275958047,0.0031759940275958047,0.0,0.0,1.1085919070505734
2023-01-09,0.01784757677878214,0.01784757677878214,0.0,0.0,1.1283775862279952
2023-01-10,0.0006147427199208881,0.0006147427199208881,0.0,0.0,1.1290712481344507
2023-01-11,-0.008200211249348143,-0.008200211249348143,0.0,0.0,1.1198126253841831
2023-01-12,-0.004952297603973645,-0.004952297603973645,0.0,0.0,1.1142669800025937
2023-01-13,0.0020002336586725823,0.0020002336586725823,0.0,0.0,1.1164957743207424
2023-01-16,0.0073760292443818,0.0073760292443818,0.0,0.0,1.124731079803361
2023-01-17,0.00012890741945129647,0.00012890741945129647,0.0,0.0,1.124876065984435
2023-01-30,0.019171718924986886,0.019171718924986886,0.0,0.0,1.1464418737469337
2023-01-31,-0.015794089085019874,-0.015794089085019874,0.0,0.0,1.1283348686621775
2023-02-01,0.0063689875365816944,0.0063689875365816944,0.0,0.0,1.1355212193777775
2023-02-02,0.0028242337362840413,0.0028242337362840413,0.0,0.0,1.1387281967138105
2023-02-03,-0.0015527104149530868,-0.0015527104149530868,0.0,0.0,1.1369600815829723
2023-02-06,-0.00507564143723233,-0.00507564143723233,0.0,0.0,1.1311892798804106
2023-02-07,0.0022243239601396807,0.0022243239601396807,0.0,0.0,1.1337054112991016
2023-02-08,0.00017419164306678686,0.00017419164306678686,0.0,0.0,1.1339028933074495
2023-02-09,-0.00014080664019495048,-0.00014080664019495048,0.0,0.0,1.1337432322507355
2023-02-10,-0.0003757598511158794,-0.0003757598511158794,0.0,0.0,1.1333172170625812
2023-02-13,0.006266087035569532,0.006266087035569532,0.0,0.0,1.1404186813836048
2023-02-14,0.004053111146768525,0.004053111146768525,0.0,0.0,1.1450409250531037
2023-02-15,-0.005754164804196498,-0.005754164804196498,0.0,0.0,1.1384521708627986
2023-02-16,0.005019588254397278,0.005019588254397278,0.0,0.0,1.1441667320078546
2023-02-17,0.004438743720523964,0.004438743720523964,0.0,0.0,1.149245394904787
2023-02-20,0.009524172703222077,0.009524172703222077,0.0,0.0,1.1601910065242427
2023-02-21,-0.005385849588461394,-0.005385849588461394,0.0,0.0,1.1539423922692174
2023-02-22,-2.8907885536833965e-05,-2.8907885536833965e-05,0.0,0.0,1.1539090342346254
2023-02-23,0.004531411848434004,0.004531411848434004,0.0,0.0,1.1591378713043714
2023-02-24,-0.0040906402910255,-0.0040906402910255,0.0,0.0,1.1543962552251603
2023-03-01,-0.006603233066378215,-0.006603233066378215,0.0,0.0,1.1467735077009544
2023-03-02,-0.0002863176409106211,-0.0002863176409106211,0.0,0.0,1.1464451662155708
2023-03-03,0.0029318403601502267,0.0029318403601502267,0.0,0.0,1.1498063604245807
2023-03-06,0.007704098925551619,0.007704098925551619,0.0,0.0,1.1586645823705202
2023-03-07,0.0042831452485431725,0.0042831452485431725,0.0,0.0,1.1636273110711557
2023-03-08,-0.0003990818801810462,-0.0003990818801810462,0.0,0.0,1.1631629284960234
2023-03-09,-0.006809828402065676,-0.006809828402065676,0.0,0.0,1.1552419885493213
2023-03-10,-0.011904029528079427,-0.011904029528079427,0.0,0.0,1.141489953805553
2023-03-13,-0.0021055114553213323,-0.0021055114553213323,0.0,0.0,1.139086533631681
2023-03-14,-0.012297826708612132,-0.012297826708612132,0.0,0.0,1.125078244834965
2023-03-15,-0.0025796077012272857,-0.0025796077012272857,0.0,0.0,1.1221759843301053
2023-03-16,-0.011717909015550174,-0.011717909015550174,0.0,0.0,1.1090264282462898
2023-03-17,0.005861984890897594,0.005861984890897594,0.0,0.0,1.1155275244122758
2023-03-20,-0.002256261500277335,-0.002256261500277335,0.0,0.0,1.1130106026064446
2023-03-21,0.005894005624244129,0.005894005624244129,0.0,0.0,1.1195706933580503
2023-03-22,0.011413958997786685,0.011413958997786685,0.0,0.0,1.1323494273471626
2023-03-23,0.0056239149275094345,0.0056239149275094345,0.0,0.0,1.1387176641947772
2023-03-24,0.0017515517146074351,0.0017515517146074351,0.0,0.0,1.1407121870719512
2023-03-27,-0.0002162727832840483,-0.0002162727832840483,0.0,0.0,1.140465482072327
2023-03-28,-0.0020135362946470782,-0.0020135362946470782,0.0,0.0,1.1381691134313823
2023-03-29,0.00635207996127075,0.00635207996127075,0.0,0.0,1.1453988546493472
2023-03-30,-0.0004169387852970858,-0.0004169387852970858,0.0,0.0,1.144921293442209
2023-03-31,0.0030500111904458132,0.0030500111904458132,0.0,0.0,1.1484133161993877
2023-04-06,0.0034932685604867693,0.0034932685604867693,0.0,0.0,1.1524250323313112
2023-04-07,-0.0005486457856386796,-0.0005486457856386796,0.0,0.0,1.151792759194058
2023-04-10,0.0040894890814457685,0.0040894890814457685,0.0,0.0,1.1565030031068704
2023-04-11,0.006125561398308009,0.006125561398308009,0.0,0.0,1.163587233259729
2023-04-12,0.0018236654880378952,0.0018236654880378952,0.0,0.0,1.1657092271393463
2023-04-13,0.0005698717452848031,-0.0013300848018969662,0.4840653623393043,0.0018999565471817692,1.1641587350128972
2023-04-14,0.002204382137479575,0.002204382137479575,0.0,0.0,1.1667249857335504
2023-04-17,-0.0007002829217752357,-0.0007002829217752357,0.0,0.0,1.1659079481516328
2023-04-18,0.0015521705146407786,0.0015521705146407786,0.0,0.0,1.1677176360915391
2023-04-19,-0.002271137535473973,-0.002271137535473973,0.0,0.0,1.1650655887373766
2023-04-20,-0.00670998698957374,-0.00670998698957374,0.0,0.0,1.1572480137949488
2023-04-21,0.00011616077389246424,0.00011616077389246424,0.0,0.0,1.1573824406198168
2023-04-24,0.001586170756137499,0.001586170756137499,0.0,0.0,1.159218246800795
2023-04-25,-0.005595660838337552,-0.005595660838337552,0.0,0.0,1.1527316546540856
2023-04-26,0.005279175787459805,0.005279175787459805,0.0,0.0,1.1588171276947739
2023-04-27,-0.00016884961987876344,-0.00016884961987876344,0.0,0.0,1.1586214618632535
2023-04-28,0.0027301418007505155,0.0027301418007505155,0.0,0.0,1.1617846627475332
2023-05-02,0.0045144657888047494,0.0045144657888047494,0.0,0.0,1.167029499861465
2023-05-03,-0.0019854342504505777,-0.0019854342504505777,0.0,0.0,1.1647124395211539
2023-05-04,0.004621111224574874,0.004621111224574874,0.0,0.0,1.170094705248827
2023-05-05,0.0006877385435871278,0.0006877385435871278,0.0,0.0,1.170899424477274
2023-05-08,0.0040794441676907265,0.0040794441676907265,0.0,0.0,1.1756760433054103
2023-05-09,0.003527884297535503,0.003527884297535503,0.0,0.0,1.179823692357576
2023-05-10,0.0012270249393386485,0.0012270249393386485,0.0,0.0,1.1812713654521214
2023-05-11,-0.0033337488075111466,-0.0033337488075111466,0.0,0.0,1.1773333034461984
2023-05-12,-0.001482155697779152,-0.001482155697779152,0.0,0.0,1.1755883121823105
2023-05-15,0.0006368311661121664,0.0006368311661121664,0.0,0.0,1.1763369634580254
2023-05-16,0.008836966830815687,0.008836966830815687,0.0,0.0,1.1867322141859664
2023-05-17,0.008984224461327971,0.008984224461327971,0.0,0.0,1.197394082773702
2023-05-18,0.003973651172208669,0.003973651172208669,0.0,0.0,1.2021521091743113
2023-05-19,0.005549750144767642,0.005549750144767642,0.0,0.0,1.2088237530162342
2023-05-22,0.00024109590967378778,0.00024109590967378778,0.0,0.0,1.2091151954786028
2023-05-23,0.0011175826429757959,0.0011175826429757959,0.0,0.0,1.2104664816344282
2023-05-24,-0.000669259228795441,-0.000669259228795441,0.0,0.0,1.2096563657704467
2023-05-25,-0.0016664587788566007,-0.0016664587788566007,0.0,0.0,1.2076405233003087
2023-05-26,0.0010759135092542936,0.0010759135092542936,0.0,0.0,1.2089398400536506
2023-05-29,0.005293082161401836,0.005293082161401836,0.0,0.0,1.2153388579552467
2023-05-30,0.0008738298675437721,0.0008738298675437721,0.0,0.0,1.2164008573485143
2023-05-31,0.0017420846682589344,0.0017420846682589344,0.0,0.0,1.2185199306325583
2023-06-01,-0.003628254398430616,-0.003628254398430616,0.0,0.0,1.2140988303346654
2023-06-02,0.007885734486220203,0.007885734486220203,0.0,0.0,1.223672891350715
2023-06-05,0.005452425199761366,0.005452425199761366,0.0,0.0,1.2303448762597806
2023-06-06,0.00102486689695452,0.00102486689695452,0.0,0.0,1.231605815995297
2023-06-07,0.004733231247035023,0.004733231247035023,0.0,0.0,1.2374352911275959
2023-06-08,-0.00189341474716047,-0.00189341474716047,0.0,0.0,1.2350923128987181
2023-06-09,0.0069810030831290735,0.0069810030831290735,0.0,0.0,1.2437144961430129
2023-06-12,-0.0022661599652962477,-0.0022661599652962477,0.0,0.0,1.2408960401435951
2023-06-13,0.00773325184145394,0.00773325184145394,0.0,0.0,1.2504922017310884
2023-06-14,0.0006460005381304276,0.0006460005381304276,0.0,0.0,1.2513000203663345
2023-06-15,0.004224517624730368,0.004224517624730368,0.0,0.0,1.2565861593561976
2023-06-16,-0.004617136747819171,-0.004617136747819171,0.0,0.0,1.2507843292230332
2023-06-19,0.003368476144464544,0.003368476144464544,0.0,0.0,1.2549975663978912
2023-06-20,-0.002403822880576785,-0.002403822880576785,0.0,0.0,1.2519807745327156
2023-06-21,0.004393340867196814,0.004393340867196814,0.0,0.0,1.257481152834415
2023-06-26,-0.004046183777088625,-0.004046183777088625,0.0,0.0,1.2523931529938217
2023-06-27,-0.011615058909671981,-0.011615058909671981,0.0,0.0,1.2378465327437287
2023-06-28,0.0019709460739784235,0.0019709460739784235,0.0,0.0,1.2402862615076278
2023-06-29,-0.0017735117571073156,-0.0017735117571073156,0.0,0.0,1.2380865992406653
2023-06-30,-0.00532614528622149,-0.00532614528622149,0.0,0.0,1.2314923701361857
2023-07-03,0.006351231237687071,0.006351231237687071,0.0,0.0,1.2393138629463678
2023-07-04,0.0024588001670615917,0.0024588001670615917,0.0,0.0,1.242361088079622
2023-07-05,-0.00575055660886494,-0.00575055660886494,0.0,0.0,1.2352168203139693
2023-07-06,-0.013581305715151306,-0.013581305715151306,0.0,0.0,1.2184409630527882
2023-07-07,-0.008303322314375198,-0.008303322314375198,0.0,0.0,1.208323855015523
2023-07-10,0.0008877688681648716,0.0008877688681648716,0.0,0.0,1.2093965673166667
2023-07-11,0.01592662784916077,0.01592662784916077,0.0,0.0,1.2286581763663718
2023-07-12,0.0060316033091969996,0.0060316033091969996,0.0,0.0,1.236068955088815
2023-07-13,0.0035467644426307103,0.0035467644426307103,0.0,0.0,1.240453000507364
2023-07-14,0.013931762645570712,0.013931762645570712,0.0,0.0,1.2577346972834185
2023-07-17,0.009345884696653591,0.009345884696653591,0.0,0.0,1.26948934074321
2023-07-18,0.0021911584318080155,0.0021911584318080155,0.0,0.0,1.2722709930162697
2023-07-19,-0.008564397258887751,-0.008564397258887751,0.0,0.0,1.2613747588111186
2023-07-20,0.001173504165933494,0.001173504165933494,0.0,0.0,1.262854987345387
2023-07-21,-0.0015150534857845445,-0.0015150534857845445,0.0,0.0,1.260941694494769
2023-07-24,-0.0005817222097639346,-0.0005817222097639346,0.0,0.0,1.260208176705864
2023-07-25,0.0071859728497842956,0.0071859728497842956,0.0,0.0,1.2692639984487484
2023-07-26,0.003514144046005578,0.003514144046005578,0.0,0.0,1.2737243749717062
2023-07-27,0.0006713277209861239,0.0006713277209861239,0.0,0.0,1.2745794614535206
2023-07-28,0.0018783390562233135,0.0018783390562233135,0.0,0.0,1.276973553836229
2023-07-31,-0.004073811253144802,-0.004073811253144802,0.0,0.0,1.2717714046026427
2023-08-01,0.0031874096569757693,0.0031874096569757693,0.0,0.0,1.2758250610591388
2023-08-02,-0.016974664795816184,-0.016974664795816184,0.0,0.0,1.2541683583095582
2023-08-04,0.0013596646309113167,0.0013596646309113167,0.0,0.0,1.2558736066675598
2023-08-07,0.01196887299609255,0.01196887299609255,0.0,0.0,1.2709049983649083
2023-08-08,-0.003240237369816025,-0.003240237369816025,0.0,0.0,1.2667869644957204
2023-08-09,-0.00376165674676089,-0.00376165674676089,0.0,0.0,1.2620217467640162
2023-08-10,-0.009938404229451157,-0.009938404229451157,0.0,0.0,1.2494792644983175
2023-08-11,-0.005550064556745158,-0.005550064556745158,0.0,0.0,1.2425445739180374
2023-08-14,-0.009662166001578583,-0.009662166001578583,0.0,0.0,1.2305389019804807
2023-08-15,-0.00043128217616642006,-0.00043128217616642006,0.0,0.0,1.230008192484977
2023-08-16,-0.004976784755806188,-0.004976784755806188,0.0,0.0,1.2238867064631012
2023-08-17,-0.0019288663268960744,-0.0019288663268960744,0.0,0.0,1.2215259926070687
2023-08-18,-0.0026704192204378813,-0.0026704192204378813,0.0,0.0,1.2182640061181464
2023-08-21,0.0018156582711048555,0.0018156582711048555,0.0,0.0,1.2204759572372441
2023-08-22,-0.001012217700049749,-0.001012217700049749,0.0,0.0,1.2192405698708433
2023-08-23,0.0022660682463622787,0.0022660682463622787,0.0,0.0,1.2220034522109042
2023-08-24,0.0028697229193695574,0.0028697229193695574,0.0,0.0,1.2255102635252626
2023-08-25,-0.007891240357484343,-0.007891240357484343,0.0,0.0,1.2158394674752209
2023-08-28,0.0020366507811066616,0.0020366507811066616,0.0,0.0,1.2183157078763547
2023-08-29,0.005573725718927888,0.005573725718927888,0.0,0.0,1.225106265471119
2023-08-30,0.0029736356153251364,0.0029736356153251364,0.0,0.0,1.2287492850946817
2023-08-31,-0.008369145786116583,-0.008369145786116583,0.0,0.0,1.2184657031931379
2023-09-01,0.0029895346443647537,0.0029895346443647537,0.0,0.0,1.222108348625804
2023-09-04,0.003998251423179621,0.003998251423179621,0.0,0.0,1.2269946450699767
2023-09-05,0.00015920096091393964,0.00015920096091393964,0.0,0.0,1.2271899837965081
2023-09-06,-0.0018451869091415964,-0.0018451869091415964,0.0,0.0,1.2249255889033772
2023-09-07,-0.001443031510594253,-0.001443031510594253,0.0,0.0,1.2231579826804564
2023-09-08,0.0010035653222400188,0.0010035653222400188,0.0,0.0,1.2243855016154954
2023-09-11,-0.0029774629347244165,-0.0029774629347244165,0.0,0.0,1.2207399391666214
2023-09-12,0.006323633260246089,0.006323633260246089,0.0,0.0,1.2284594508480462
2023-09-13,0.0016691766219846492,0.0016691766219846492,0.0,0.0,1.2305099666444579
2023-09-14,0.011994738297424038,0.011994738297424038,0.0,0.0,1.2452696116667303
2023-09-15,0.0004401054775139391,0.0004401054775139391,0.0,0.0,1.2458176616438064
2023-09-18,-0.004785597908692051,-0.004785597908692051,0.0,0.0,1.239855679247632
2023-09-19,0.0010178167649101697,0.0010178167649101697,0.0,0.0,1.2411176251440394
2023-09-20,-0.004641861173255685,-0.004641861173255685,0.0,0.0,1.23535652942844
2023-09-21,-0.012996479245138243,-0.012996479245138243,0.0,0.0,1.2193012439333775
2023-09-22,0.004266227006028536,0.004266227006028536,0.0,0.0,1.2245030598287303
2023-09-25,0.0038903419931024742,0.0038903419931024742,0.0,0.0,1.2292667955030645
2023-09-26,-0.008546803170082409,-0.008546803170082409,0.0,0.0,1.2187604941583818
2023-09-27,0.000768703815183285,0.000768703815183285,0.0,0.0,1.219697360000036
2023-09-28,0.002955036281055646,0.002955036281055646,0.0,0.0,1.223301609950744
2023-10-02,0.003126947273017768,0.003126947273017768,0.0,0.0,1.2271268095840577
2023-10-03,-0.00542329924202004,-0.00542329924202004,0.0,0.0,1.2204717336877782
2023-10-04,-0.011303854344496435,-0.011303854344496435,0.0,0.0,1.2066756989785965
2023-10-05,0.00839443576907083,0.00839443576907083,0.0,0.0,1.216805060627771
2023-10-06,0.00533777902582503,0.00533777902582503,0.0,0.0,1.2233000971589076
2023-10-11,0.01193205942096559,0.01193205942096559,0.0,0.0,1.2378965866078806
2023-10-12,0.006057819378507064,0.006057819378507064,0.0,0.0,1.2453955405388215
2023-10-13,-0.006664307844139858,-0.006664307844139858,0.0,0.0,1.237095841268952
2023-10-16,-0.001321200510059675,-0.001321200510059675,0.0,0.0,1.2354613896124746
2023-10-17,-0.0034531696803419823,-0.0034531696803419823,0.0,0.0,1.2311951318006318
2023-10-18,-0.005354240072714475,-0.005354240072714475,0.0,0.0,1.2246030174886138
2023-10-19,-0.0048151873090987885,-0.0048151873090987885,0.0,0.0,1.2187063245801184
2023-10-20,-0.007081286052057723,-0.007081286052057723,0.0,0.0,1.2100763164823147
2023-10-23,-0.006342174450414619,-0.006342174450414619,0.0,0.0,1.2024018013848687
2023-10-24,0.0038270054893721427,0.0038270054893721427,0.0,0.0,1.2070033996791996
2023-10-25,0.00010135553382287378,0.00010135553382287378,0.0,0.0,1.2071257361531003
2023-10-26,-0.00856075545041991,-0.00856075545041991,0.0,0.0,1.1967918279279854
2023-10-27,0.005667953668300085,0.005667953668300085,0.0,0.0,1.2035751885592816
2023-10-30,-0.004089081150129219,-0.004089081150129219,0.0,0.0,1.1986536719429806
2023-10-31,-0.00253659787557816,-0.00253659787557816,0.0,0.0,1.1956131695851762
2023-11-01,0.004925841652797862,0.004925841652797862,0.0,0.0,1.2015025707365525
2023-11-02,0.012422922589063634,0.012422922589063634,0.0,0.0,1.2164287441633739
2023-11-03,0.006667461809767673,0.006667461809767673,0.0,0.0,1.224539236359387
2023-11-06,0.008326800962923384,0.008326800962923384,0.0,0.0,1.2347357308518419
2023-11-07,-0.001275347910641029,-0.001275347910641029,0.0,0.0,1.233161013217306
2023-11-08,0.003997570418575186,0.003997570418575186,0.0,0.0,1.238090661205084
2023-11-09,-0.0016939038891084536,-0.0016939038891084536,0.0,0.0,1.2359934546189997
2023-11-10,-0.002379680689302759,-0.002379680689302759,0.0,0.0,1.2330521848629383
2023-11-13,-0.0007999934794504625,-0.0007999934794504625,0.0,0.0,1.2320657511552258
2023-11-14,0.0028990635551165767,0.0028990635551165767,0.0,0.0,1.235637588071907
2023-11-15,0.009687912645225984,0.009687912645225984,0.0,0.0,1.2476083370863056
2023-11-16,0.0048017260160786255,0.0048017260160786255,0.0,0.0,1.2535990104963695
2023-11-17,0.0003710398162609127,0.0003710398162609127,0.0,0.0,1.254064145642889
2023-11-20,0.0001281595693048398,0.0001281595693048398,0.0,0.0,1.254224865963675
2023-11-21,0.011480129249414826,0.011480129249414826,0.0,0.0,1.2686235295327681
2023-11-22,-0.00592830840692591,-0.00592830840692591,0.0,0.0,1.261102737997415
2023-11-23,0.0004789824740329638,0.0004789824740329638,0.0,0.0,1.2617067841068708
2023-11-24,-0.00019461348059906006,-0.00019461348059906006,0.0,0.0,1.2614612389581203
2023-11-27,-0.0022265478424273047,-0.0022265478424273047,0.0,0.0,1.2586525351582125
2023-11-28,0.006317984723127093,0.006317984723127093,0.0,0.0,1.2666046826470674
2023-11-29,-0.00047505462940262223,-0.00047505462940262223,0.0,0.0,1.2660029762289529
2023-11-30,0.004017980438341501,0.004017980438341501,0.0,0.0,1.271089751422323
2023-12-01,-0.00529611338487935,-0.00529611338487935,0.0,0.0,1.2643579159764322
2023-12-04,0.004361522200703933,0.004361522200703933,0.0,0.0,1.2698724410965991
2023-12-05,-0.0008734345862244634,-0.0008734345862244634,0.0,0.0,1.268763290586452
2023-12-06,0.004295834304932208,0.004295834304932208,0.0,0.0,1.274213687454992
2023-12-07,-0.005729295973120432,-0.005729295973120432,0.0,0.0,1.2669133401065613
2023-12-08,0.002875017456679174,0.002875017456679174,0.0,0.0,1.2705557380754673
2023-12-11,0.0009945039691647397,0.0009945039691647397,0.0,0.0,1.2718193108000284
2023-12-12,0.0018275810262188765,0.0018275810262188765,0.0,0.0,1.2741436636412253
2023-12-13,0.0021817767107321414,0.0021817767107321414,0.0,0.0,1.2769235606126847
2023-12-14,0.009146519313524757,0.009146519313524757,0.0,0.0,1.2886029666217234
2023-12-15,-0.006909472557289386,-0.006909472557289386,0.0,0.0,1.2796993997866088
2023-12-18,0.00066118121169086,0.00066118121169086,0.0,0.0,1.2805455129863597
2023-12-19,-0.005674478392652497,-0.005674478392652497,0.0,0.0,1.2732790851421105
2023-12-20,0.002949351690471038,0.002949351690471038,0.0,0.0,1.277034432964316
2023-12-21,-0.0025783430852754146,-0.0025783430852754146,0.0,0.0,1.2737418000644238
2023-12-22,4.65787161313148e-05,4.65787161313148e-05,0.0,0.0,1.2738011293221536
2023-12-25,0.0033255142232709884,0.0033255142232709884,0.0,0.0,1.2780371730953333
2023-12-26,0.007745414639193068,0.007745414639193068,0.0,0.0,1.2879361009252588
2023-12-27,0.006909066301407469,0.006909066301407469,0.0,0.0,1.2968345368385277
2023-12-28,0.0023189412952735865,0.0023189412952735865,0.0,0.0,1.2998418199991395
2023-12-29,0.0029898756455883106,0.0029898756455883106,0.0,0.0,1.3037281853998721
2024-01-02,-0.0019386186429375925,-0.0019386186429375925,0.0,0.0,1.3012007536343329
2024-01-03,-0.011919298125783549,-0.011919298125783549,0.0,0.0,1.285691353930271
2024-01-04,0.002113591991349602,0.002113591991349602,0.0,0.0,1.2884087808792855
2024-01-05,0.0009356359476425172,0.0009356359476425172,0.0,0.0,1.2896142624499343
2024-01-08,0.0035468172309736615,0.0035468172309736615,0.0,0.0,1.294188288537301
2024-01-09,-0.006204240519863388,-0.006204240519863388,0.0,0.0,1.2861588331172253
2024-01-10,-0.005836728667823306,-0.005836728667823306,0.0,0.0,1.278651872984596
2024-01-11,0.004299928666504715,0.004299928666504715,0.0,0.0,1.2841499848277222
2024-01-12,-0.0030388660474004103,-0.0030388660474004103,0.0,0.0,1.2802476250390595
2024-01-15,-0.0012408114011523092,-0.0012408114011523092,0.0,0.0,1.2786590791896129
2024-01-16,-0.010350428821739885,-0.010350428821739885,0.0,0.0,1.2654244094031892
2024-01-17,-0.01403186074872224,-0.01403186074872224,0.0,0.0,1.2476681503024096
2024-01-18,0.0022491375285594965,0.0022491375285594965,0.0,0.0,1.2504743275624433
2024-01-19,0.010106849124902553,0.010106849124902553,0.0,0.0,1.263112682925681
2024-01-22,0.005938750010133373,0.005938750010133373,0.0,0.0,1.2706139933842053
2024-01-23,0.00286092772016872,0.00286092772016872,0.0,0.0,1.2742491281795125
2024-01-24,0.0015261691462201653,0.0015261691462201653,0.0,0.0,1.276193847883538
2024-01-25,0.0013015861845469317,0.0013015861845469317,0.0,0.0,1.277854924164747
2024-01-26,0.002195832313194125,0.002195832313194125,0.0,0.0,1.2806608792988021
2024-01-29,0.004452459378093311,0.004452459378093311,0.0,0.0,1.2863629698409933
2024-01-30,-0.0074475481329320066,-0.0074475481329320066,0.0,0.0,1.2767827197066812
2024-01-31,-0.00039378008824531626,-0.00039378008824531626,0.0,0.0,1.276279948094645
2024-02-01,0.007112686561540396,0.007112686561540396,0.0,0.0,1.285357727330221
2024-02-02,0.0003715822703796098,0.0003715822703796098,0.0,0.0,1.2858353434727923
2024-02-05,-0.004818556943094279,-0.004818556943094279,0.0,0.0,1.2796394726508253
2024-02-15,0.001581549503434158,0.001581549503434158,0.0,0.0,1.281663285823371
2024-02-16,0.0029781329879764607,0.0029781329879764607,0.0,0.0,1.28548024953436
2024-02-19,0.00795418286583408,0.00795418286583408,0.0,0.0,1.2957051945095743
2024-02-20,0.0028196375174523035,0.0028196375174523035,0.0,0.0,1.2993586134875714
2024-02-21,-0.002040464152585398,-0.002040464152585398,0.0,0.0,1.296707318815397
2024-02-22,0.0027997796493070526,0.0027997796493070526,0.0,0.0,1.300337813577724
2024-02-23,-0.005588302635975381,-0.005588302635975381,0.0,0.0,1.293071132346449
2024-02-26,-0.0020764655317947038,-0.0020764655317947038,0.0,0.0,1.2903861147099729
2024-02-27,-0.0012204626923888694,-0.0012204626923888694,0.0,0.0,1.2888112465981927
2024-02-29,0.007456388522538325,0.007456388522538325,0.0,0.0,1.2984211239850456
2024-03-01,-0.0035486821430313776,-0.0035486821430313776,0.0,0.0,1.293813440128225
2024-03-04,0.00368936116442719,0.00368936116442719,0.0,0.0,1.298586785188248
2024-03-05,-6.863405291337658e-05,-6.863405291337658e-05,0.0,0.0,1.2984976579141208
2024-03-06,0.0037770520345450833,0.0037770520345450833,0.0,0.0,1.3034021511347973
2024-03-07,-0.0004951844860295114,-0.0004951844860295114,0.0,0.0,1.3027567266104978
2024-03-08,0.000701694568424479,0.000701694568424479,0.0,0.0,1.3036708639295387
2024-03-11,0.003739471088579063,0.003739471088579063,0.0,0.0,1.308545903434226
2024-03-12,0.010715826098569466,0.010715826098569466,0.0,0.0,1.3225680537774225
2024-03-13,0.0059947446715173216,0.0059947446715173216,0.0,0.0,1.3304965115705238
2024-03-14,0.005273711976596439,0.005273711976596439,0.0,0.0,1.337513166958413
2024-03-15,0.003222616643575192,0.003222616643575192,0.0,0.0,1.3418234591512541
2024-03-18,-0.0016646436493145693,-0.0016646436493145693,0.0,0.0,1.3395898012514766
2024-03-19,-0.000270198427070845,-0.000270198427070845,0.0,0.0,1.3392278461942584
2024-03-20,-0.0030072564183566265,-0.0030072564183566265,0.0,0.0,1.3352004446581487
2024-03-21,0.014199618138672406,0.014199618138672406,0.0,0.0,1.3541597811108799
2024-03-22,0.0001442432576715221,0.0001442432576715221,0.0,0.0,1.354355109529115
2024-03-25,-0.0009893445932208852,-0.0009893445932208852,0.0,0.0,1.3530151856242014
2024-03-26,0.003283591063893354,0.003283591063893354,0.0,0.0,1.357457934197029
2024-03-27,0.0063825203380225865,0.0063825203380225865,0.0,0.0,1.3661219370700517
2024-03-28,0.00039553772940948903,0.00039553772940948903,0.0,0.0,1.366662289839137
2024-03-29,0.0026429719929450253,0.0026429719929450253,0.0,0.0,1.370274339994996
2024-04-01,-0.0012687895567282872,-0.0012687895567282872,0.0,0.0,1.3685357502225575
2024-04-02,0.00217514694954616,0.00217514694954616,0.0,0.0,1.3715125165849988
2024-04-03,-0.011433773594384187,-0.011433773594384187,0.0,0.0,1.355830952988502
2024-04-08,0.0064777595165514314,0.0064777595165514314,0.0,0.0,1.3646136998470584
2024-04-09,0.0036685323830480242,0.0036685323830480242,0.0,0.0,1.3696198293952984
2024-04-10,-0.000548063278593287,-0.000548063278593287,0.0,0.0,1.3688691910611737
2024-04-11,-0.0016018148992757593,-0.0016018148992757593,0.0,0.0,1.3666765159957723
2024-04-12,-0.005728693859095104,-0.005728693859095104,0.0,0.0,1.3588472446312179
2024-04-15,-0.0028803298083271032,-0.0028803298083271032,0.0,0.0,1.3549333164075434
2024-04-16,-0.023156886164670442,-0.023156886164670442,0.0,0.0,1.3235572798387745
2024-04-17,0.005911748436434778,0.005911748436434778,0.0,0.0,1.3313818175183934
2024-04-18,0.006355444495817787,0.006355444495817787,0.0,0.0,1.3398433407623727
2024-04-19,-0.01469048552146323,-0.01469048552146323,0.0,0.0,1.320160391563874
2024-04-22,0.011825030015749907,0.011825030015749907,0.0,0.0,1.335771327819721
2024-04-23,0.005100531845714383,0.005100531845714383,0.0,0.0,1.3425844720158577
2024-04-24,0.004352044348157474,0.004352044348157474,0.0,0.0,1.3484274591792185
2024-04-25,-0.006084559115388857,-0.008034921037806364,0.4969074961573268,0.0019503619224175077,1.3375929510195037
2024-04-26,0.003214497085582569,0.003214497085582569,0.0,0.0,1.3418926396622517
2024-04-29,0.01687106832802892,0.01687106832802892,0.0,0.0,1.3645318020748727
2024-04-30,-0.00286363746709959,-0.00286363746709959,0.0,0.0,1.3606242776814022
2024-05-02,0.0016191865915697393,0.0016191865915697393,0.0,0.0,1.3628273822679882
2024-05-03,0.000782692861036859,0.000782692861036859,0.0,0.0,1.3638940575309149
2024-05-06,0.015021288141985481,0.015021288141985481,0.0,0.0,1.3843815031642286
2024-05-07,-0.0004008694219272353,-0.0004008694219272353,0.0,0.0,1.3838265469513285
2024-05-08,0.0007433814082770748,0.0007433814082770748,0.0,0.0,1.3848552578786124
2024-05-09,-0.007505580043881176,-0.007505580043881176,0.0,0.0,1.3744611158914148
2024-05-10,0.010901113235705407,0.010901113235705407,0.0,0.0,1.389444272153821
2024-05-13,0.0010435321769846808,0.0010435321769846808,0.0,0.0,1.3908942019599404
2024-05-14,-0.006455479258580649,-0.006455479258580649,0.0,0.0,1.3819153132883077
2024-05-15,0.0013693502121582936,0.0013693502121582936,0.0,0.0,1.383807639315744
2024-05-16,0.008950871914654152,0.008950871914654152,0.0,0.0,1.396193924249779
2024-05-17,0.001116512677226694,0.001116512677226694,0.0,0.0,1.3977527924660709
2024-05-20,0.0079482117009703,0.0079482117009703,0.0,0.0,1.4088624275662136
2024-05-21,-0.004584150119673209,-0.004584150119673209,0.0,0.0,1.402403990700283
2024-05-22,0.004339673747074713,0.004339673747074713,0.0,0.0,1.4084899664815178
2024-05-23,-0.001264866190240771,-0.001264866190240771,0.0,0.0,1.406708415143622
2024-05-24,-0.004130190979392311,-0.004130190979392311,0.0,0.0,1.4008984407367606
2024-05-27,0.006376066569353433,0.006376066569353433,0.0,0.0,1.4098306624518018
2024-05-28,0.0009127427711273751,0.0009127427711273751,0.0,0.0,1.4111174751974682
2024-05-29,-0.011380760594226602,-0.011380760594226602,0.0,0.0,1.3950578850419162
2024-05-30,-0.004957095637930882,-0.004957095637930882,0.0,0.0,1.3881424496853139
2024-05-31,0.005748916333451076,0.005748916333451076,0.0,0.0,1.3961227644874665
2024-06-03,0.004654725911997944,0.004654725911997944,0.0,0.0,1.4026213332956565
2024-06-04,-0.0048805454402933695,-0.0048805454402933695,0.0,0.0,1.395775776142982
2024-06-05,0.0007393491689484889,0.0007393491689484889,0.0,0.0,1.3968077418031117
2024-06-06,0.0036031448534426394,0.0036031448534426394,0.0,0.0,1.4018406424292384
2024-06-07,0.0039022191637481975,0.0039022191637481975,0.0,0.0,1.4073109318486468
2024-06-11,-0.004060717657449502,-0.004060717657449502,0.0,0.0,1.4015962394981671
2024-06-12,0.0014155727866799364,0.0014155727866799364,0.0,0.0,1.403580300992714
2024-06-13,0.004395207776840471,0.004395207776840471,0.0,0.0,1.4097493280470572
2024-06-14,0.006065638392313116,0.006065638392313116,0.0,0.0,1.4183003576947972
2024-06-17,0.000548013768415979,0.000548013768415979,0.0,0.0,1.4190776058185632
2024-06-18,0.006328772637349803,0.006328772637349803,0.0,0.0,1.4280586253405436
2024-06-19,0.0007348668800461278,0.0007348668800461278,0.0,0.0,1.4291080583270708
2024-06-20,0.00475602047172615,0.00475602047172615,0.0,0.0,1.435904925508783
2024-06-21,-0.0017395297307136225,-0.0017395297307136225,0.0,0.0,1.4334071262003822
2024-06-24,-0.0030675972054902863,-0.0030675972054902863,0.0,0.0,1.42901001050572
2024-06-25,0.003973383880901955,0.003973383880901955,0.0,0.0,1.434688015847111
2024-06-26,-0.007004228853522711,-0.007004228853522711,0.0,0.0,1.4246391326507113
2024-06-27,-0.009254718256748628,-0.009254718256748628,0.0,0.0,1.4114544988604902
2024-06-28,0.0030512438274440954,0.0030512438274440954,0.0,0.0,1.4157611906878567
2024-07-01,0.0042981760101437755,0.0042981760101437755,0.0,0.0,1.4218463814737636
2024-07-02,0.0012725442083518239,0.0012725442083518239,0.0,0.0,1.4236557438516741
2024-07-03,0.008982349790708147,0.008982349790708147,0.0,0.0,1.4364435177245007
2024-07-04,0.002320162938104232,0.002320162938104232,0.0,0.0,1.4397763007370052
2024-07-05,0.0038179478131989417,0.0038179478131989417,0.0,0.0,1.4452732915159
2024-07-08,-0.006130029929490093,-0.006130029929490093,0.0,0.0,1.4364137229826148
2024-07-09,-0.007092673122844052,-0.007092673122844052,0.0,0.0,1.4262257099763318
2024-07-10,-0.0004964251029336382,-0.0004964251029336382,0.0,0.0,1.4255176957314502
2024-07-11,0.003100446840269721,0.003100446840269721,0.0,0.0,1.4299374375669294
2024-07-12,0.0035728888667369623,0.0035728888667369623,0.0,0.0,1.4350464451177427
2024-07-15,-0.00089158867628653,-0.00089158867628653,0.0,0.0,1.4337669739573304
2024-07-16,-0.0010899706102537655,-0.0010899706102537655,0.0,0.0,1.4322042100937644
2024-07-17,0.002393635970982952,0.002393635970982952,0.0,0.0,1.435632385608838
2024-07-18,0.0073778584667368585,0.0073778584667368585,0.0,0.0,1.4462242781601238
2024-07-19,-0.010139307669440961,-0.010139307669440961,0.0,0.0,1.431560565244843
2024-07-22,-0.011443648271550432,-0.011443648271550432,0.0,0.0,1.4151782896567593
2024-07-23,0.012920782463902523,0.012920782463902523,0.0,0.0,1.433463500485052
2024-07-26,-0.011755607274939031,-0.011755607274939031,0.0,0.0,1.4166122665303902
2024-07-29,-0.0009206194632682719,-0.0009206194632682719,0.0,0.0,1.4153081057059178
2024-07-30,-0.0016427115260289,-0.0016427115260289,0.0,0.0,1.4129831627677925
2024-07-31,0.0032645103227076995,0.0032645103227076995,0.0,0.0,1.4175958608884602
2024-08-01,0.006692163599034905,0.006692163599034905,0.0,0.0,1.4270826443068405
2024-08-02,-0.01221726291202911,-0.01221726291202911,0.0,0.0,1.4096476004441503
2024-08-05,-0.04931784205946922,-0.04931784205946922,0.0,0.0,1.340126822725936
2024-08-06,0.009619828825487413,0.009619828825487413,0.0,0.0,1.3530186133650037
2024-08-07,0.012935399608911304,0.012935399608911304,0.0,0.0,1.370520449807175
2024-08-08,-0.016467371912002163,-0.016467371912002163,0.0,0.0,1.3479515798471957
2024-08-09,0.019575624014363257,0.019575624014363257,0.0,0.0,1.3743385731638513
2024-08-12,0.007946944002995256,0.007946944002995256,0.0,0.0,1.385260364845941
2024-08-13,-0.0010834339832146446,-0.0010834339832146446,0.0,0.0,1.3837595266910665
2024-08-14,0.0047824649869112525,0.0047824649869112525,0.0,0.0,1.3903773081777715
2024-08-15,-0.00908031619238459,-0.00908031619238459,0.0,0.0,1.3777522425928008
2024-08-16,0.01084727553776698,0.01084727553776698,0.0,0.0,1.3926971007909812
2024-08-19,0.000246726044637045,0.000246726044637045,0.0,0.0,1.3930407154380369
2024-08-20,0.003123552744236774,0.003123552744236774,0.0,0.0,1.397391951587577
2024-08-21,0.000974927917629363,0.000974927917629363,0.0,0.0,1.3987543080130505
2024-08-22,-0.00517495513597021,-0.00517495513597021,0.0,0.0,1.391515817222838
2024-08-23,0.00028354084712960435,0.00028354084712960435,0.0,0.0,1.3919103687964474
2024-08-26,0.007009348995799742,0.007009348995799742,0.0,0.0,1.4016667543422139
2024-08-27,-0.0006298808980868269,-0.0006298808980868269,0.0,0.0,1.4007838712281704
2024-08-28,-0.0023075823389339077,-0.0023075823389339077,0.0,0.0,1.397551447106261
2024-08-29,-0.00549458252111244,-0.00549458252111244,0.0,0.0,1.3898724853526354
2024-08-30,0.006355309610104429,0.006355309610104429,0.0,0.0,1.3987055553156167
2024-09-02,0.0005968377795474075,0.0005968377795474075,0.0,0.0,1.3995403556334918
2024-09-03,-0.006912059388492698,-0.006912059388492698,0.0,0.0,1.3898666495787608
2024-09-04,-0.02119733676912486,-0.02119733676912486,0.0,0.0,1.3604051781434647
2024-09-05,0.005760519556564797,0.005760519556564797,0.0,0.0,1.3682418187770122
2024-09-06,0.008655749255874347,0.008655749255874347,0.0,0.0,1.3800849768817474
2024-09-09,-0.00301895480923567,-0.00301895480923567,0.0,0.0,1.3759185627036363
2024-09-10,-0.001146036850195994,-0.001146036850195994,0.0,0.0,1.3743417093279093
2024-09-11,-0.004291665504438094,-0.004291665504438094,0.0,0.0,1.3684434944226764
2024-09-12,0.008777238546144334,0.008777238546144334,0.0,0.0,1.3804546494101437
2024-09-13,0.0027320307461536197,0.0027320307461536197,0.0,0.0,1.384226093956003
2024-09-16,0.005440309641023761,0.005440309641023761,0.0,0.0,1.3917567125203085
2024-09-18,-0.004676055968829598,-0.004676055968829598,0.0,0.0,1.3852487802375693
2024-09-19,0.005403595671771103,0.005403595671771103,0.0,0.0,1.392734104550787
2024-09-20,0.004570627596113144,0.004570627596113144,0.0,0.0,1.3990997734830948
2024-09-23,0.004926451997139823,0.004926451997139823,0.0,0.0,1.4059923713563687
2024-09-24,0.0011098178730504205,0.0011098178730504205,0.0,0.0,1.4075527668194725
2024-09-25,0.0019704658431296783,0.0019704658431296783,0.0,0.0,1.410326301468893
2024-09-26,0.0017712854874042598,0.0017712854874042598,0.0,0.0,1.4128243919791894
2024-09-27,-0.0001890285323178576,-0.0001890285323178576,0.0,0.0,1.4125573278579509
2024-09-30,-0.006743793643069524,-0.006743793643069524,0.0,0.0,1.4030313327298711
2024-10-01,0.0023967371499068225,0.0023967371499068225,0.0,0.0,1.406394030047508
2024-10-04,-0.010772246632179284,-0.010772246632179284,0.0,0.0,1.3912440066938117
2024-10-07,0.005708262809866545,0.005708262809866545,0.0,0.0,1.3991855931166717
2024-10-08,-0.009074231554990632,-0.009074231554990632,0.0,0.0,1.3864890590563241
2024-10-09,-0.0024174738807814294,-0.0024174738807814294,0.0,0.0,1.3831372579700663
2024-10-11,-0.0016195601822023668,-0.0016195601822023668,0.0,0.0,1.3808971839405375
2024-10-14,0.0032756207424326994,0.0032756207424326994,0.0,0.0,1.38542047939942
2024-10-15,0.007349796053352802,0.007349796053352802,0.0,0.0,1.395603037371144
2024-10-16,-0.006940727776523875,-0.006940727776523875,0.0,0.0,1.385916536604661
2024-10-17,0.00804504789372635,0.00804504789372635,0.0,0.0,1.397066301518353
2024-10-18,0.008462710226399934,0.008462710226399934,0.0,0.0,1.408889268795171
2024-10-21,-0.005826723361245613,-0.005826723361245613,0.0,0.0,1.400680060779274
2024-10-22,0.004220345483172681,0.004220345483172681,0.0,0.0,1.4065914145471539
2024-10-23,-0.009022771203058302,-0.009022771203058302,0.0,0.0,1.3939000620375088
2024-10-24,-0.00042126794882877696,-0.00042126794882877696,0.0,0.0,1.393312856617502
2024-10-25,0.0028507375623308883,0.0028507375623308883,0.0,0.0,1.3972848259139399
2024-10-28,-0.002233452774347274,-0.002233452774347274,0.0,0.0,1.394164056242949
2024-10-29,-0.003827672594135882,-0.003827672594135882,0.0,0.0,1.3888276526931385
2024-10-30,-0.0018274959138272063,-0.0018274959138272063,0.0,0.0,1.3862895758328315
2024-11-01,-0.004640945496001102,-0.004640945496001102,0.0,0.0,1.3798558814697168
2024-11-04,0.006056405735759124,0.006056405735759124,0.0,0.0,1.388212848544771
2024-11-05,0.0034848807469797464,0.0034848807469797464,0.0,0.0,1.3930506047733746
2024-11-06,-0.0044843696830268,-0.0044843696830268,0.0,0.0,1.3868036508744068
2024-11-07,0.00831375469405495,0.00831375469405495,0.0,0.0,1.3983331962365966
2024-11-08,-0.0021832333689470323,-0.0021832333689470323,0.0,0.0,1.3952803085416665
2024-11-11,0.0022483498038765827,0.0022483498038765827,0.0,0.0,1.398417386749729
2024-11-12,-0.008165742563824423,-0.008165742563824423,0.0,0.0,1.3869982703727546
2024-11-13,0.0019196437769119674,0.0019196437769119674,0.0,0.0,1.3896608129710633
2024-11-14,-0.009812237781613694,-0.009812237781613694,0.0,0.0,1.3760251306384006
2024-11-15,0.007523741951236303,0.007523741951236303,0.0,0.0,1.3863779886397403
2024-11-18,-0.003131031602833602,-0.003131031602833602,0.0,0.0,1.3820371953438364
2024-11-19,0.011400161100462798,0.011400161100462798,0.0,0.0,1.397792642017588
2024-11-20,-0.007612831413884075,-0.007612831413884075,0.0,0.0,1.3871514822823405
2024-11-21,-0.0015196898746875544,-0.0015196898746875544,0.0,0.0,1.3850434422200582
2024-11-22,0.00210442893920712,0.00210442893920712,0.0,0.0,1.387958167721925
2024-11-25,0.011965890856630648,0.011965890856630648,0.0,0.0,1.4045663236704546
2024-11-26,-0.005806463257750661,-0.005806463257750661,0.0,0.0,1.3964107609189882
2024-11-27,-0.004285258485163443,-0.004285258485163443,0.0,0.0,1.3904267798569865
2024-11-28,-0.0049710905834323025,-0.0049710905834323025,0.0,0.0,1.3835148423846875
2024-11-29,-0.0033220157508745676,-0.0033220157508745676,0.0,0.0,1.3789187842867168
2024-12-02,0.00999612608525938,0.00999612608525938,0.0,0.0,1.3927026303157795
2024-12-03,0.0058238726681453,0.0058238726681453,0.0,0.0,1.4008135530993295
2024-12-04,0.0007485164624811146,0.0007485164624811146,0.0,0.0,1.4018620851046912
2024-12-05,0.0013813127529742697,0.0013813127529742697,0.0,0.0,1.4037984950807574
2024-12-06,0.0016719546109817476,0.0016719546109817476,0.0,0.0,1.4061455824474969
2024-12-09,-0.00012582315611051265,-0.00012582315611051265,0.0,0.0,1.4059686567723624
2024-12-10,-0.005868411938798396,-0.005868411938798396,0.0,0.0,1.397717853521383
2024-12-11,-0.00475988069466029,-0.00475988069466029,0.0,0.0,1.3910648832938246
2024-12-12,0.002427801541317067,0.002427801541317067,0.0,0.0,1.3944421127615574
2024-12-13,-0.006894132432937048,-0.006894132432937048,0.0,0.0,1.3848286441661146
2024-12-16,-0.005355085429261579,-0.005355085429261579,0.0,0.0,1.3774127684717166
2024-12-17,-0.0007853109761134982,-0.0007853109761134982,0.0,0.0,1.3763310711059968
2024-12-18,0.0017892088474876179,0.0017892088474876179,0.0,0.0,1.3787936148354918
2024-12-19,-0.005463068003190738,-0.005463068003190738,0.0,0.0,1.3712611715552803
2024-12-20,-0.010977054568287088,-0.010977054568287088,0.0,0.0,1.3562087628477446
2024-12-23,0.015893756607302623,0.015893756607302623,0.0,0.0,1.3777640148331376
2024-12-24,0.0033482156837682047,0.0033482156837682047,0.0,0.0,1.3823770659161334
2024-12-25,0.0007259665184825546,0.0007259665184825546,0.0,0.0,1.3833806253819065
2024-12-26,0.000563079760732959,0.000563079760732959,0.0,0.0,1.3841595790134493
2024-12-27,-0.003625148503128816,-0.003625148503128816,0.0,0.0,1.3791417949874973
2024-12-30,-0.00658483457200951,-0.00658483457200951,0.0,0.0,1.3700603744161604
2024-12-31,-0.0054659253041132476,-0.0054659253041132476,0.0,0.0,1.3625717267474762
2025-01-02,0.0005236632934500459,0.0005236632934500459,0.0,0.0,1.3632852555454666
2025-01-03,-0.0006345883446051473,-0.0006345883446051473,0.0,0.0,1.3624201306119255
2025-01-06,0.011481273817832132,0.011481273817832132,0.0,0.0,1.3780624491864075
2025-01-07,-0.002461399251535294,-0.002461399251535294,0.0,0.0,1.3746704873054112
2025-01-08,0.000774283847014031,0.000774283847014031,0.0,0.0,1.3757348724586986
2025-01-09,-0.008119348393108532,-0.008119348393108532,0.0,0.0,1.3645648017326577
2025-01-10,-0.0033566142864195543,-0.0033566142864195543,0.0,0.0,1.3599844840244166
2025-01-13,-0.008185808824490774,-0.008185808824490774,0.0,0.0,1.348851911033919
2025-01-14,0.010898546884611116,0.010898546884611116,0.0,0.0,1.3635524368267193
2025-01-15,-0.0007771258203643414,-0.0007771258203643414,0.0,0.0,1.3624927850206405
2025-01-16,0.007045871999050027,0.007045871999050027,0.0,0.0,1.3720927347835252
2025-01-17,-0.0019316777568597172,-0.0019316777568597172,0.0,0.0,1.369442293767395
2025-01-20,-0.0013200614600558695,-0.0013200614600558695,0.0,0.0,1.367634545773622
2025-01-21,0.004215409845047888,0.004215409845047888,0.0,0.0,1.3733996859023039
2025-01-22,0.0017145944050919503,0.0017145944050919503,0.0,0.0,1.3757545093197072
2025-02-03,0.0010565305342267288,0.0010565305342267288,0.0,0.0,1.3772080359664036
2025-02-04,-0.005230861760390221,-0.005230861760390221,0.0,0.0,1.370004051114965
2025-02-05,0.006989034802951921,0.006989034802951921,0.0,0.0,1.3795790571083926
2025-02-06,0.008695710439367293,0.008695710439367293,0.0,0.0,1.3915754771172224
2025-02-07,-0.0032765709206166666,-0.0032765709206166666,0.0,0.0,1.3870158813750568
2025-02-10,-0.0013537014960718226,-0.0013537014960718226,0.0,0.0,1.385138275901364
2025-02-11,0.0005675083071932149,0.0005675083071932149,0.0,0.0,1.3859243533795493
2025-02-12,0.0028047792396561793,0.0028047792396561793,0.0,0.0,1.3898115652336422
2025-02-13,0.005485423332120167,0.005485423332120167,0.0,0.0,1.3974352700208255
2025-02-14,0.00027333884711522555,0.00027333884711522555,0.0,0.0,1.397817243366451
2025-02-17,0.0050668204797599415,0.0050668204797599415,0.0,0.0,1.4048997324021018
2025-02-18,0.0034973336600436986,0.0034973336600436986,0.0,0.0,1.409813135525218
2025-02-19,-0.0001680807831143722,-0.0001680807831143722,0.0,0.0,1.409576173029354
2025-02-20,-0.0014843009114587833,-0.0014843009114587833,0.0,0.0,1.4074839378309558
2025-02-21,0.00698927508765591,0.00698927508765591,0.0,0.0,1.4173212302539135
2025-02-24,-0.0015310701972489624,-0.0015310701972489624,0.0,0.0,1.4151512119583436
2025-02-25,-0.00266121607885975,-0.00266121607885975,0.0,0.0,1.4113851887990623
2025-02-26,0.005441679859642762,0.005441679859642762,0.0,0.0,1.4190654951551482
2025-02-27,-0.004214055634824565,-0.004214055634824565,0.0,0.0,1.4130854742091046
2025-03-03,0.004307182782253411,0.004307182782253411,0.0,0.0,1.4191718916334704
2025-03-04,-0.0060461444741901176,-0.0060461444741901176,0.0,0.0,1.4105913733429447
2025-03-05,0.001756642156575066,0.001756642156575066,0.0,0.0,1.4130692776150602
2025-03-06,-0.0012722041938613904,-0.0012722041938613904,0.0,0.0,1.4112715649538616
2025-03-07,-0.00403138095748725,-0.00403138095748725,0.0,0.0,1.4055821916410633
2025-03-10,-0.0012076558272339389,-0.0012076558272339389,0.0,0.0,1.4038847321166719
2025-03-11,-0.005905096681983155,-0.005905096681983155,0.0,0.0,1.395594657043163
2025-03-12,0.0007422907256861424,0.0007422907256861424,0.0,0.0,1.3966305940139034
2025-03-13,-0.0018747873692499632,-0.0018747873692499632,0.0,0.0,1.3940122086167381
2025-03-14,0.0031673459810386013,0.0031673459810386013,0.0,0.0,1.3984275275832192
2025-03-17,0.0023765086974344863,0.0023765086974344863,0.0,0.0,1.4017509027652526
2025-03-18,0.005660604690833129,0.005660604690833129,0.0,0.0,1.4096856605008252
2025-03-19,-0.006531580430924933,-0.006531580430924933,0.0,0.0,1.4004781852269426
2025-03-20,0.00805547262878174,0.00805547262878174,0.0,0.0,1.4117596989152443
2025-03-21,-0.002086162632430663,-0.002086162632430663,0.0,0.0,1.4088145385853958
2025-03-24,0.0008178419963031964,0.0008178419963031964,0.0,0.0,1.4099667262800535
2025-03-25,-0.003135375650845015,-0.003135375650845015,0.0,0.0,1.4055459509379733
2025-03-26,0.003943352654444024,0.003943352654444024,0.0,0.0,1.4110885142945477
2025-03-27,0.0005106972201653589,0.0005106972201653589,0.0,0.0,1.4118091532762054
2025-03-28,-0.009778326047084392,-0.009778326047084392,0.0,0.0,1.3980040230592126
2025-03-31,-0.022507930271289035,-0.022507930271289035,0.0,0.0,1.3665378459892141
2025-04-01,0.011136525630366503,0.011136525630366503,0.0,0.0,1.381756329735939
2025-04-02,0.0032147532621110758,0.0032147532621110758,0.0,0.0,1.3861983354044003
2025-04-07,-0.08656047280776995,-0.08656047280776995,0.0,0.0,1.2662083520864518
2025-04-08,-0.0032789395532005373,-0.0032789395532005373,0.0,0.0,1.2620565314382026
2025-04-09,-0.05062886695731039,-0.05062886695731039,0.0,0.0,1.1981600392154133
2025-04-10,0.07264181090236402,0.07264181090236402,0.0,0.0,1.2851965542148684
2025-04-11,0.0054673103282768375,0.0054673103282768375,0.0,0.0,1.292223122609593
2025-04-14,0.0025415642558745564,0.0025415642558745564,0.0,0.0,1.2955073907086323
2025-04-15,0.01330816525910321,0.01330816525910321,0.0,0.0,1.3127482171585723
2025-04-16,-0.006492195874927594,-0.006492195874927594,0.0,0.0,1.3042255985983169
2025-04-17,-0.006767943781325475,-0.006767943781325475,0.0,0.0,1.2953986730688378
2025-04-18,-0.00026563974834582197,-0.00026563974834582197,0.0,0.0,1.2950545636913162
2025-04-21,-0.005056459729569389,-0.005056459729569389,0.0,0.0,1.288506172442416
2025-04-22,-0.007941427430207182,-0.007941427430207182,0.0,0.0,1.2782735941805905
2025-04-23,0.016394453292155407,0.016394453292155407,0.0,0.0,1.2992301909149797
2025-04-24,-0.003704302056285418,-0.003704302056285418,0.0,0.0,1.2944174498471852
2025-04-25,0.0019284282248015823,0.0019284282248015823,0.0,0.0,1.2969136409921462
2025-04-28,0.004119912920459027,0.004119912920459027,0.0,0.0,1.3022568122583893
2025-04-29,0.009750677301684602,0.009750677301684602,0.0,0.0,1.3149546981986413
2025-04-30,0.003282264308335822,0.003282264308335822,0.0,0.0,1.3192707270716173
2025-05-02,0.004250891869483702,0.004250891869483702,0.0,0.0,1.3248788042789739
2025-05-05,-0.007319968123589074,-0.007319968123589074,0.0,0.0,1.315180733664033
2025-05-06,0.012029729378429298,0.012029729378429298,0.0,0.0,1.3310020019737354
2025-05-07,0.0013797174141010117,0.0013797174141010117,0.0,0.0,1.3328384086140619
2025-05-08,-0.00015803836615020748,-0.00015803836615020748,0.0,0.0,1.3326277690096222
2025-05-09,0.010618455012965364,0.010618455012965364,0.0,0.0,1.3467782170238791
2025-05-12,0.007133923191286451,0.007133923191286451,0.0,0.0,1.356386029379825
2025-05-13,-0.0006979596280247764,-0.0019398534747850174,0.31640607560770473,0.001241893846760241,1.3537548392275829
2025-05-14,0.006412077869697374,0.006412077869697374,0.0,0.0,1.3624352206731898
2025-05-15,0.00648133338479547,0.00648133338479547,0.0,0.0,1.3712656175535602
2025-05-16,0.003093316746778273,0.003093316746778273,0.0,0.0,1.37550737645262
2025-05-19,-0.005387514738643243,-0.005387514738643243,0.0,0.0,1.3680968101888689
2025-05-20,0.0028203123542931514,0.0028203123542931514,0.0,0.0,1.3719552705245135
2025-05-21,0.007023303492955874,0.007023303492955874,0.0,0.0,1.3815909287681676
2025-05-22,-0.0073122120702312325,-0.0073122120702312325,0.0,0.0,1.371488442902707
2025-05-23,0.004290777134962173,0.004290777134962173,0.0,0.0,1.3773731941543788
2025-05-26,-0.0006716557747342439,-0.0006716557747342439,0.0,0.0,1.3764480734945608
2025-05-27,-0.008457417209672014,-0.008457417209672014,0.0,0.0,1.3648068778695681
2025-05-28,-0.0020227229567784705,-0.0020227229567784705,0.0,0.0,1.362046251666132
2025-05-29,-0.006911552480901978,-0.006911552480901978,0.0,0.0,1.3526323975163257
2025-06-02,-0.008203278915140316,-0.008203278915140316,0.0,0.0,1.3415363766898443
2025-06-03,0.0005822385255452427,0.0005822385255452427,0.0,0.0,1.3423174708517733
2025-06-04,0.004489263694916383,0.004489263694916383,0.0,0.0,1.3483434879407201
2025-06-05,0.005463572786417773,0.005463572786417773,0.0,0.0,1.3557102607281768
2025-06-06,0.004819101484312848,0.004819101484312848,0.0,0.0,1.3622435660579502
2025-06-09,0.007759028157420133,0.007759028157420133,0.0,0.0,1.372813252244258
2025-06-10,0.005502269566029328,0.005502269566029328,0.0,0.0,1.3803668408219234
2025-06-11,0.002239017363588664,0.002239017363588664,0.0,0.0,1.3834575061466456
2025-06-12,0.0035161861662039093,0.0035161861662039093,0.0,0.0,1.3883220002912893
2025-06-13,9.39221276969166e-05,9.39221276969166e-05,0.0,0.0,1.3884523944474851
2025-06-16,0.0036800587767786145,0.0036800587767786145,0.0,0.0,1.393561980867811
2025-06-17,-0.0009225771295454453,-0.0009225771295454453,0.0,0.0,1.3922763124556583
2025-06-18,0.005599277579502145,0.005599277579502145,0.0,0.0,1.4000720539964633
2025-06-19,-0.01021599159578028,-0.01021599159578028,0.0,0.0,1.3857689296593487
2025-06-20,-0.007930822104449068,-0.007930822104449068,0.0,0.0,1.3747786428003477
2025-06-23,-0.009454919719459496,-0.009454919719459496,0.0,0.0,1.361780221100643
2025-06-24,0.0014010510226472985,0.0014010510226472985,0.0,0.0,1.3636881446720366
2025-06-25,0.007031458245277541,0.007031458245277541,0.0,0.0,1.3732768609208779
2025-06-26,-0.0009815986337131045,-0.0009815986337131045,0.0,0.0,1.3719288542304882
2025-06-27,0.006523156461429597,0.006523156461429597,0.0,0.0,1.3808781608005836
2025-06-30,-0.004245128194494041,-0.004245128194494041,0.0,0.0,1.375016155987008
2025-07-01,0.0022274768135292305,0.0022274768135292305,0.0,0.0,1.3780789725926972
2025-07-02,7.825363107799707e-05,7.825363107799707e-05,0.0,0.0,1.3781868122762146
2025-07-03,0.0044361495792599875,0.0044361495792599875,0.0,0.0,1.3843006551236354
2025-07-04,-0.003806222170333131,-0.003806222170333131,0.0,0.0,1.3790316992796972
2025-07-07,-0.0037592150154728355,-0.0037592150154728355,0.0,0.0,1.373847622608952
2025-07-08,-0.0003126139025299,-0.0003126139025299,0.0,0.0,1.3734181387421667
2025-07-09,-0.008293771831267133,-0.008293771831267133,0.0,0.0,1.3620273220705157
2025-07-10,0.0069938160103500575,0.0069938160103500575,0.0,0.0,1.3715530905621465
2025-07-11,0.01020828060070989,0.01020828060070989,0.0,0.0,1.385554289369376
2025-07-14,0.0034383186104605555,0.0034383186104605555,0.0,0.0,1.390318266468318
2025-07-15,-0.002119397872739055,-0.002119397872739055,0.0,0.0,1.3873716288919349
2025-07-16,0.001398294747165717,0.001398294747165717,0.0,0.0,1.3893115833529814
2025-07-17,0.0024436129359163977,0.0024436129359163977,0.0,0.0,1.3927065231100813
2025-07-18,-0.003234258254080074,-0.003234258254080074,0.0,0.0,1.3882021505422013
2025-07-21,-0.0019705727416573027,-0.0019705727416573027,0.0,0.0,1.3854665972244327
2025-07-22,-0.007379614780428305,-0.007379614780428305,0.0,0.0,1.3752423874457655
2025-07-23,0.00810672095514612,0.00810672095514612,0.0,0.0,1.3863910937264774
2025-07-24,-0.003449574059156594,-0.003449574059156594,0.0,0.0,1.381608634973713
2025-07-25,-0.0016012637676977625,-0.0016012637676977625,0.0,0.0,1.3793963151253912
2025-07-28,-0.0019777295287216057,-0.0019777295287216057,0.0,0.0,1.376668242301158
2025-07-29,-0.005367101272948296,-0.005367101272948296,0.0,0.0,1.369279524425476
2025-07-30,0.006558342897108717,0.006558342897108717,0.0,0.0,1.3782597290686485
2025-07-31,-0.009867593318220179,-0.009867593318220179,0.0,0.0,1.3646596225753187
2025-08-01,0.004591512301494308,0.004591512301494308,0.0,0.0,1.3709254740197259
2025-08-04,0.008059006763301938,0.008059006763301938,0.0,0.0,1.3819737716868339
2025-08-05,0.007750968281653139,0.007750968281653139,0.0,0.0,1.3926854065572551
2025-08-06,0.0033782801702921684,0.0033782801702921684,0.0,0.0,1.397390288049683
2025-08-07,-0.009502791777012866,-0.009502791777012866,0.0,0.0,1.3841111791111267
2025-08-08,0.0006663522787201527,0.0006663522787201527,0.0,0.0,1.3850334847493295
2025-08-11,0.0014800781346773456,0.0014800781346773456,0.0,0.0,1.3870834425259029
2025-08-12,-0.0034597896632071593,-0.0034597896632071593,0.0,0.0,1.382284425569446
2025-08-13,0.003760440982881905,0.003760440982881905,0.0,0.0,1.3874824245733568
2025-08-14,0.0037242340025915284,0.0037242340025915284,0.0,0.0,1.392649733796951
2025-08-15,-0.0012170920630840297,-0.0012170920630840297,0.0,0.0,1.3909547508592905
2025-08-18,0.004986802950226309,0.004986802950226309,0.0,0.0,1.3978911681145068
2025-08-19,-0.0025491907205165408,-0.0025491907205165408,0.0,0.0,1.3943276769204573
2025-08-20,-0.00641321074707416,-0.00641321074707416,0.0,0.0,1.3853855596778881
2025-08-21,0.0017269521265663647,0.0017269521265663647,0.0,0.0,1.3877780542162883
2025-08-22,-0.005421723046011635,-0.005421723046011635,0.0,0.0,1.3802539059569947
2025-08-25,0.004255104080774991,0.004255104080774991,0.0,0.0,1.386127029984738
2025-08-26,-0.006211706325315214,-0.006211706325315214,0.0,0.0,1.3775168159448914
2025-08-27,0.0006961410455912209,0.0006961410455912209,0.0,0.0,1.3784757619414627
2025-08-28,0.00561411171618474,0.00561411171618474,0.0,0.0,1.386214678867055
2025-08-29,-0.002293784414852099,-0.002293784414852099,0.0,0.0,1.3830350012410306
2025-09-01,-0.002492153380016051,-0.002492153380016051,0.0,0.0,1.3795882658880072
2025-09-02,0.0037109819151970188,0.0037109819151970188,0.0,0.0,1.3847078929931356
2025-09-03,0.0019099696124253488,0.0019099696124253488,0.0,0.0,1.387352642990838
2025-09-04,0.005734550946063519,0.005734550946063519,0.0,0.0,1.395308487402225
2025-09-05,-0.0008242260882503534,-0.0008242260882503534,0.0,0.0,1.394158437745751
2025-09-08,0.0018026869765944114,0.0018026869765944114,0.0,0.0,1.3966716690047845
2025-09-09,0.005629217944833814,0.005629217944833814,0.0,0.0,1.4045338382269872
2025-09-10,0.002981921792765141,0.002981921792765141,0.0,0.0,1.4087220482878724
2025-09-11,-0.007554200506277845,-0.007554200506277845,0.0,0.0,1.3980802794774914
2025-09-12,0.009664007804760393,0.009664007804760393,0.0,0.0,1.4115913382100433
2025-09-15,-0.003535613081595267,-0.003535613081595267,0.0,0.0,1.4066004974088013
2025-09-16,-0.0007709094109806768,-0.0007709094109806768,0.0,0.0,1.4055161358478587
2025-09-17,-0.004387905119679805,-0.004387905119679805,0.0,0.0,1.3993488643995793
2025-09-18,0.005814662905856998,0.005814662905856998,0.0,0.0,1.4074856063337569
2025-09-19,-0.0009114675643507853,-0.0009114675643507853,0.0,0.0,1.406202728856293
2025-09-22,0.003347599648510286,0.003347599648510286,0.0,0.0,1.4109101326171467
2025-09-23,0.002047929761900096,0.002047929761900096,0.0,0.0,1.4137995774690997
2025-09-24,0.0043413196173731836,0.0043413196173731836,0.0,0.0,1.4199373333098002
2025-09-25,-0.001604856091455597,-0.001604856091455597,0.0,0.0,1.4176585382309528
2025-09-26,-0.003989448706938131,-0.003989448706938131,0.0,0.0,1.4120028622087275
2025-09-30,0.008905452475820018,0.008905452475820018,0.0,0.0,1.4245773865938494
2025-10-01,-0.0007021073171329748,-0.0007021073171329748,0.0,0.0,1.4235771803868997
2025-10-02,-0.0015651075496214235,-0.0015651075496214235,0.0,0.0,1.4213491289944074
2025-10-03,-0.0028138046841191585,-0.0028138046841191585,0.0,0.0,1.4173497301574742
2025-10-07,0.005380043683160254,0.005380043683160254,0.0,0.0,1.424975133620037
2025-10-08,0.0029775195926318022,0.0029775195926318022,0.0,0.0,1.4292180249994038
2025-10-09,-0.0017944194258182956,-0.0017944194258182956,0.0,0.0,1.4266534084116151
2025-10-13,-0.0082593594482262,-0.0082593594482262,0.0,0.0,1.4148701651035065
2025-10-14,-0.0018325663462173368,-0.0018325663462173368,0.0,0.0,1.412277321654671
2025-10-15,-0.0009721740289864711,-0.0009721740289864711,0.0,0.0,1.4109043423208318
2025-10-16,0.003903265822788463,0.003903265822788463,0.0,0.0,1.4164114770194365
2025-10-17,0.0006566882331557393,0.0006566882331557393,0.0,0.0,1.417341617769702
2025-10-20,0.005856723264616956,0.005856723264616956,0.0,0.0,1.4256425953964036
2025-10-21,0.0027082781793539078,0.0027082781793539078,0.0,0.0,1.4295036321290733
2025-10-22,0.005954312157078682,0.005954312157078682,0.0,0.0,1.4380153429844476
2025-10-23,-0.0008120480736024804,-0.0008120480736024804,0.0,0.0,1.4368476053953663
2025-10-27,-0.005854334721739619,-0.005854334721739619,0.0,0.0,1.4284358185692518
2025-10-28,-0.00545567309860139,-0.00545567309860139,0.0,0.0,1.4206427397008048
2025-10-29,0.0024949889325114353,0.0024949889325114353,0.0,0.0,1.424187227613411
2025-10-30,-0.004598414999115745,-0.004598414999115745,0.0,0.0,1.4176382237044045
2025-10-31,-0.00670228451822647,-0.00670228451822647,0.0,0.0,1.4081368089852244
2025-11-03,0.004719227741706022,0.004719227741706022,0.0,0.0,1.414782127278305
2025-11-04,-0.0037656590126237273,-0.0037656590126237273,0.0,0.0,1.4094545402098204
2025-11-05,0.0032594944845286975,0.0032594944845286975,0.0,0.0,1.4140486495098283
2025-11-06,0.0007908129952087112,0.0007908129952087112,0.0,0.0,1.415166897557718
2025-11-07,-0.0029248823183721734,-0.0029248823183721734,0.0,0.0,1.411027700921506
2025-11-10,-0.002247854312930978,-0.002247854312930978,0.0,0.0,1.4078559162183246
2025-11-11,0.0001469347459517041,0.0001469347459517041,0.0,0.0,1.408062779169711
2025-11-12,0.005899686493785326,0.005899686493785326,0.0,0.0,1.4163699081303802
2025-11-13,-0.006467815521003757,-0.006467815521003757,0.0,0.0,1.4072090888550919
2025-11-14,-0.006611238803069927,-0.006611238803069927,0.0,0.0,1.3979056935228205
2025-11-17,-0.003946527300438615,-0.003946527300438615,0.0,0.0,1.392388820539894
2025-11-18,-0.01091333518787021,-0.01091333518787021,0.0,0.0,1.377193214629499
2025-11-19,-0.0023459699807134434,-0.0023459699807134434,0.0,0.0,1.373962360690336
2025-11-20,0.016689288672890278,0.016689288672890278,0.0,0.0,1.3968928151535827
2025-11-21,-0.010492196413295728,-0.010492196413295728,0.0,0.0,1.3822363413686698
2025-11-24,0.007798669781571805,0.007798669781571805,0.0,0.0,1.393015946155092
2025-11-25,-0.008427543106429956,-0.008427543106429956,0.0,0.0,1.3812762442209257
2025-11-26,0.009392161082987219,0.009392161082987219,0.0,0.0,1.3942494132067522
2025-11-27,0.00405644466916631,0.00405644466916631,0.0,0.0,1.399905108806443
2025-11-28,-0.0058859578927942195,-0.0058859578927942195,0.0,0.0,1.3916653262821006
2025-12-01,-0.002562977324817069,-0.002562977324817069,0.0,0.0,1.3880985196071054
2025-12-02,0.005683903759841377,0.005683903759841377,0.0,0.0,1.3959883380017304
2025-12-03,-0.0015090430847245,-0.0015090430847245,0.0,0.0,1.3938817314539127
2025-12-04,0.005577437546262572,0.005577437546262572,0.0,0.0,1.401656019757973
2025-12-05,0.0015590458194371273,0.0015590458194371273,0.0,0.0,1.4038412657158656
2025-12-08,-0.0031965194511748515,-0.0031965194511748515,0.0,0.0,1.399353859803643
2025-12-09,-0.00017904083273398267,-0.00017904083273398267,0.0,0.0,1.3991033183232942
2025-12-10,-0.0034038905803344213,-0.0034038905803344213,0.0,0.0,1.394340923717139
2025-12-11,0.0009844348808792248,0.0009844348808792248,0.0,0.0,1.3957135615582834
2025-12-12,0.0034327842881353853,0.0034327842881353853,0.0,0.0,1.4005047451431383
2025-12-15,0.0010103649138142768,0.0010103649138142768,0.0,0.0,1.4019197659992613
2025-12-16,0.0006009576301569993,0.0006009576301569993,0.0,0.0,1.4027622603795067
2025-12-17,0.006667982991891562,0.006667982991891562,0.0,0.0,1.4121158552733848
2025-12-18,-0.00042537253857714326,-0.00042537253857714326,0.0,0.0,1.4115151799672623
2025-12-19,0.012642109512075932,0.012642109512075932,0.0,0.0,1.4293597094503658
2025-12-22,0.0021986737839108286,0.0021986737839108286,0.0,0.0,1.4325024051713127
2025-12-23,-0.0032864163323951066,-0.0032864163323951066,0.0,0.0,1.4277946058707625
2025-12-24,0.002229466695584586,0.002229466695584586,0.0,0.0,1.4309778263926867
2025-12-26,0.005056719553437263,0.005056719553437263,0.0,0.0,1.4382138799479416
2025-12-29,-0.0007689910690641923,-0.0007689910690641923,0.0,0.0,1.4371079063188574
2025-12-30,-1.5859680618607384e-05,-1.5859680618607384e-05,0.0,0.0,1.4370851142464487
2025-12-31,-0.006027666422349346,-0.006027666422349346,0.0,0.0,1.4284228445572473
2026-01-02,0.005178136799724557,0.005178136799724557,0.0,0.0,1.4358194134542164
2026-01-05,0.0038287684101485074,0.0038287684101485074,0.0,0.0,1.441316833467128
2026-01-06,0.008256630839270846,0.008256630839270846,0.0,0.0,1.453217254483493
2026-01-07,0.005413543396522584,0.005413543396522584,0.0,0.0,1.4610843091552146
2026-01-08,-0.0019324455148827815,-0.0019324455148827815,0.0,0.0,1.4582608433351218
2026-01-09,0.0002886836151671907,0.0002886836151671907,0.0,0.0,1.4586818193472326
2026-01-12,0.002098629502948533,0.002098629502948533,0.0,0.0,1.4617430520487293
2026-01-13,-0.0007840555506808943,-0.0007840555506808943,0.0,0.0,1.4605969642951013
2026-01-14,0.006021094047044823,0.006021094047044823,0.0,0.0,1.4693913559819505
2026-01-15,0.008267420600235912,0.008267420600235912,0.0,0.0,1.4815394323482043
2026-01-16,0.002808853403002159,0.002808853403002159,0.0,0.0,1.4857008594244374
2026-01-19,0.006414455221667449,0.006414455221667449,0.0,0.0,1.4952308210600083
2026-01-20,-0.007250860366144433,-0.007250860366144433,0.0,0.0,1.4843891111613468
2026-01-21,-0.0056853279176205355,-0.0056853279176205355,0.0,0.0,1.4759498723070492
2026-01-22,0.0028965698847043097,0.0028965698847043097,0.0,0.0,1.480225064258507
2026-01-23,-3.728914781604296e-05,-3.728914781604296e-05,0.0,0.0,1.4801698679272848
2026-01-26,0.0051778612117380236,0.0051778612117380236,0.0,0.0,1.487833982073209
2026-01-27,-0.0041291042526648905,-0.0041291042526648905,0.0,0.0,1.481690560450571
2026-01-28,-0.0010844914873869532,-0.0010844914873869532,0.0,0.0,1.4800836796508208
2026-01-29,-0.0017819177973339327,-0.0017819177973339327,0.0,0.0,1.4774462922005074
2026-01-30,-0.007937136152414356,-0.007937136152414356,0.0,0.0,1.4657195998214323
2026-02-02,-0.008109378004805436,-0.008109378004805436,0.0,0.0,1.4538335255374282
2026-02-03,0.005235524094536523,0.005235524094536523,0.0,0.0,1.4614451059898244
2026-02-04,0.008807989930245126,0.008807989930245126,0.0,0.0,1.4743174997669888
2026-02-05,0.000540500949876679,0.000540500949876679,0.0,0.0,1.4751143697760327
2026-02-06,0.0019139691316748773,0.0019139691316748773,0.0,0.0,1.4779376931454742
2026-02-09,0.002262805995426835,0.002262805995426835,0.0,0.0,1.4812819794183911
2026-02-10,0.004678411559032183,0.004678411559032183,0.0,0.0,1.4882120261530882
2026-02-11,0.00817738696939792,0.00817738696939792,0.0,0.0,1.500381711783454
2026-02-23,0.023773160238200287,0.023773160238200287,0.0,0.0,1.5360505266361473
2026-02-24,0.007532799641486486,0.007532799641486486,0.0,0.0,1.547621287492497
2026-02-25,0.0014126299018775365,0.0014126299018775365,0.0,0.0,1.5498075035999912
2026-02-26,0.00032744866896999673,0.00032744866896999673,0.0,0.0,1.5503149860042047
2026-03-02,-0.006705519211895316,-0.006705519211895316,0.0,0.0,1.5399193190810643
2026-03-03,-0.005463888094610721,-0.005463888094610721,0.0,0.0,1.531505372246876
2026-03-04,-0.034696700481359935,-0.034696700481359935,0.0,0.0,1.4783671890604326
2026-03-05,0.0118275743186635,0.0118275743186635,0.0,0.0,1.4958526868593187
2026-03-06,0.005590542631010538,0.005590542631010538,0.0,0.0,1.5042153150749173
2026-03-09,-0.018920721713945834,-0.018920721713945834,0.0,0.0,1.4757544757005294
2026-03-10,-0.002075035046215122,-0.002075035046215122,0.0,0.0,1.4726922334438421
2026-03-11,0.011008275869323951,0.011008275869323951,0.0,0.0,1.4889040358202028
2026-03-12,0.0022470027914633164,0.0022470027914633164,0.0,0.0,1.4922496073449119
2026-03-13,-0.0018857734132223013,-0.0018857734132223013,0.0,0.0,1.4894355627094895
2026-03-16,0.008978870967457019,0.008978870967457019,0.0,0.0,1.5028090124413997
2026-03-17,0.005857359995661372,0.005857359995661372,0.0,0.0,1.5116115058319932
2026-03-18,0.0018712903756604984,0.0018712903756604984,0.0,0.0,1.5144401698945944
2026-03-19,-0.013105134480060723,-0.013105134480060723,0.0,0.0,1.4945932278061198
2026-03-20,-0.000614944166400765,-0.000614944166400765,0.0,0.0,1.4936741364195385
2026-03-23,-0.01677191003565133,-0.01677191003565133,0.0,0.0,1.4686223681809307
2026-03-24,0.007448630327204305,0.007448630327204305,0.0,0.0,1.4795615932917738
2026-03-25,0.010613479549963618,0.010613479549963618,0.0,0.0,1.4952648900050878
2026-03-26,-0.0004951157493328165,-0.0004951157493328165,0.0,0.0,1.494524560808622
2026-03-27,-0.0012473099696547895,-0.0012473099696547895,0.0,0.0,1.4926604254240314
2026-03-30,-0.013014890000580152,-0.013014890000580152,0.0,0.0,1.4732336141789184
2026-03-31,-0.008201212124268456,-0.008201212124268456,0.0,0.0,1.4611513128004343
2026-04-01,0.02209533309529936,0.02209533309529936,0.0,0.0,1.4934359377593938
2026-04-02,-0.004654287873617653,-0.004654287873617653,0.0,0.0,1.4864850569842554
2026-04-07,0.006090286136128378,0.006090286136128378,0.0,0.0,1.4955381763183684
2026-04-08,0.011996060957837174,0.011996060957837174,0.0,0.0,1.513478743446256
2026-04-09,0.008690609792141566,0.008690609792141566,0.0,0.0,1.5266317966342482
2026-04-10,-0.0061443164821818105,-0.0061443164821818105,0.0,0.0,1.5172516877239655
2026-04-13,-0.003711132426053275,-0.003711132426053275,0.0,0.0,1.511620965787169
2026-04-14,0.009445968093363526,0.009445968093363526,0.0,0.0,1.5258996891992542
2026-04-15,0.007967770631580325,0.007967770631580325,0.0,0.0,1.5380577079295936
2026-04-16,0.006971712876984424,0.006971712876984424,0.0,0.0,1.5487806046575114
2026-04-17,0.00565571317870036,0.00565571317870036,0.0,0.0,1.5575400635341883
