date,gross_ret,net_ret,turnover,total_cost,equity
2015-01-05,0.0,0.0,0.0,0.0,1.0
2015-01-06,0.0,0.0,0.0,0.0,1.0
2015-01-07,0.0,0.0,0.0,0.0,1.0
2015-01-08,0.0,0.0,0.0,0.0,1.0
2015-01-09,0.0,0.0,0.0,0.0,1.0
2015-01-12,0.0,0.0,0.0,0.0,1.0
2015-01-13,0.0,0.0,0.0,0.0,1.0
2015-01-14,0.0,0.0,0.0,0.0,1.0
2015-01-15,0.0,0.0,0.0,0.0,1.0
2015-01-16,0.0,0.0,0.0,0.0,1.0
2015-01-19,0.0,0.0,0.0,0.0,1.0
2015-01-20,0.0,0.0,0.0,0.0,1.0
2015-01-21,0.0,0.0,0.0,0.0,1.0
2015-01-22,0.0,0.0,0.0,0.0,1.0
2015-01-23,0.0,0.0,0.0,0.0,1.0
2015-01-26,0.0,0.0,0.0,0.0,1.0
2015-01-27,0.0,0.0,0.0,0.0,1.0
2015-01-28,0.0,0.0,0.0,0.0,1.0
2015-01-29,0.0,0.0,0.0,0.0,1.0
2015-01-30,0.0,0.0,0.0,0.0,1.0
2015-02-02,0.0,0.0,0.0,0.0,1.0
2015-02-03,0.0,0.0,0.0,0.0,1.0
2015-02-04,0.0,0.0,0.0,0.0,1.0
2015-02-05,0.0,0.0,0.0,0.0,1.0
2015-02-06,0.0,0.0,0.0,0.0,1.0
2015-02-09,0.0,0.0,0.0,0.0,1.0
2015-02-10,0.0,0.0,0.0,0.0,1.0
2015-02-11,0.0,0.0,0.0,0.0,1.0
2015-02-12,0.0,0.0,0.0,0.0,1.0
2015-02-13,0.0,0.0,0.0,0.0,1.0
2015-02-24,0.0,0.0,0.0,0.0,1.0
2015-02-25,0.0,0.0,0.0,0.0,1.0
2015-02-26,0.0,0.0,0.0,0.0,1.0
2015-03-02,0.0,0.0,0.0,0.0,1.0
2015-03-03,0.0,0.0,0.0,0.0,1.0
2015-03-04,0.0,0.0,0.0,0.0,1.0
2015-03-05,0.0,0.0,0.0,0.0,1.0
2015-03-06,0.0,0.0,0.0,0.0,1.0
2015-03-09,0.0,0.0,0.0,0.0,1.0
2015-03-10,0.0,0.0,0.0,0.0,1.0
2015-03-11,0.0,0.0,0.0,0.0,1.0
2015-03-12,0.0,0.0,0.0,0.0,1.0
2015-03-13,0.0,0.0,0.0,0.0,1.0
2015-03-16,0.0,0.0,0.0,0.0,1.0
2015-03-17,0.0,0.0,0.0,0.0,1.0
2015-03-18,0.0,0.0,0.0,0.0,1.0
2015-03-19,0.0,0.0,0.0,0.0,1.0
2015-03-20,0.0,0.0,0.0,0.0,1.0
2015-03-23,0.0,0.0,0.0,0.0,1.0
2015-03-24,0.0,0.0,0.0,0.0,1.0
2015-03-25,0.0,0.0,0.0,0.0,1.0
2015-03-26,0.0,0.0,0.0,0.0,1.0
2015-03-27,0.0,0.0,0.0,0.0,1.0
2015-03-30,0.0,0.0,0.0,0.0,1.0
2015-03-31,0.0,0.0,0.0,0.0,1.0
2015-04-01,0.0,0.0,0.0,0.0,1.0
2015-04-02,0.0,0.0,0.0,0.0,1.0
2015-04-07,0.0,0.0,0.0,0.0,1.0
2015-04-08,0.0,0.0,0.0,0.0,1.0
2015-04-09,0.0,0.0,0.0,0.0,1.0
2015-04-10,0.0,0.0,0.0,0.0,1.0
2015-04-13,0.0,0.0,0.0,0.0,1.0
2015-04-14,0.0,0.0,0.0,0.0,1.0
2015-04-15,0.0,0.0,0.0,0.0,1.0
2015-04-16,0.0,0.0,0.0,0.0,1.0
2015-04-17,0.0,0.0,0.0,0.0,1.0
2015-04-20,0.0,0.0,0.0,0.0,1.0
2015-04-21,0.0,0.0,0.0,0.0,1.0
2015-04-22,0.0,0.0,0.0,0.0,1.0
2015-04-23,0.0,0.0,0.0,0.0,1.0
2015-04-24,0.0,0.0,0.0,0.0,1.0
2015-04-27,0.0,0.0,0.0,0.0,1.0
2015-04-28,0.0,0.0,0.0,0.0,1.0
2015-04-29,0.0,0.0,0.0,0.0,1.0
2015-04-30,0.0,0.0,0.0,0.0,1.0
2015-05-04,0.0,0.0,0.0,0.0,1.0
2015-05-05,0.0,0.0,0.0,0.0,1.0
2015-05-06,0.0,0.0,0.0,0.0,1.0
2015-05-07,0.0,0.0,0.0,0.0,1.0
2015-05-08,0.0,0.0,0.0,0.0,1.0
2015-05-11,0.0,0.0,0.0,0.0,1.0
2015-05-12,0.0,0.0,0.0,0.0,1.0
2015-05-13,0.0,0.0,0.0,0.0,1.0
2015-05-14,0.0,0.0,0.0,0.0,1.0
2015-05-15,0.0,0.0,0.0,0.0,1.0
2015-05-18,0.0,0.0,0.0,0.0,1.0
2015-05-19,0.0,0.0,0.0,0.0,1.0
2015-05-20,0.0,0.0,0.0,0.0,1.0
2015-05-21,0.0,0.0,0.0,0.0,1.0
2015-05-22,0.0,0.0,0.0,0.0,1.0
2015-05-25,0.0,0.0,0.0,0.0,1.0
2015-05-26,0.0,0.0,0.0,0.0,1.0
2015-05-27,0.0,0.0,0.0,0.0,1.0
2015-05-28,0.0,0.0,0.0,0.0,1.0
2015-05-29,0.0,0.0,0.0,0.0,1.0
2015-06-01,0.0,0.0,0.0,0.0,1.0
2015-06-02,0.0,0.0,0.0,0.0,1.0
2015-06-03,0.0,0.0,0.0,0.0,1.0
2015-06-04,0.0,0.0,0.0,0.0,1.0
2015-06-05,0.0,0.0,0.0,0.0,1.0
2015-06-08,0.0,0.0,0.0,0.0,1.0
2015-06-09,0.0,0.0,0.0,0.0,1.0
2015-06-10,0.0,0.0,0.0,0.0,1.0
2015-06-11,0.0,0.0,0.0,0.0,1.0
2015-06-12,0.0,0.0,0.0,0.0,1.0
2015-06-15,0.0,0.0,0.0,0.0,1.0
2015-06-16,0.0,0.0,0.0,0.0,1.0
2015-06-17,0.0,0.0,0.0,0.0,1.0
2015-06-18,0.0,0.0,0.0,0.0,1.0
2015-06-22,0.0,0.0,0.0,0.0,1.0
2015-06-23,0.0,0.0,0.0,0.0,1.0
2015-06-24,0.0,0.0,0.0,0.0,1.0
2015-06-25,0.0,0.0,0.0,0.0,1.0
2015-06-26,0.0,0.0,0.0,0.0,1.0
2015-06-29,0.0,0.0,0.0,0.0,1.0
2015-06-30,0.0,0.0,0.0,0.0,1.0
2015-07-01,0.0,0.0,0.0,0.0,1.0
2015-07-02,0.0,0.0,0.0,0.0,1.0
2015-07-03,0.0,0.0,0.0,0.0,1.0
2015-07-06,0.0,0.0,0.0,0.0,1.0
2015-07-07,0.0,0.0,0.0,0.0,1.0
2015-07-08,0.0,0.0,0.0,0.0,1.0
2015-07-09,0.0,0.0,0.0,0.0,1.0
2015-07-13,0.0,0.0,0.0,0.0,1.0
2015-07-14,0.0,0.0,0.0,0.0,1.0
2015-07-15,0.0,0.0,0.0,0.0,1.0
2015-07-16,0.0,0.0,0.0,0.0,1.0
2015-07-17,0.0,0.0,0.0,0.0,1.0
2015-07-20,0.0,0.0,0.0,0.0,1.0
2015-07-21,0.0,0.0,0.0,0.0,1.0
2015-07-22,0.0,0.0,0.0,0.0,1.0
2015-07-23,0.0,0.0,0.0,0.0,1.0
2015-07-24,0.0,0.0,0.0,0.0,1.0
2015-07-27,0.0,0.0,0.0,0.0,1.0
2015-07-28,0.0,0.0,0.0,0.0,1.0
2015-07-29,0.0,0.0,0.0,0.0,1.0
2015-07-30,0.0,0.0,0.0,0.0,1.0
2015-07-31,0.0,0.0,0.0,0.0,1.0
2015-08-03,0.0,0.0,0.0,0.0,1.0
2015-08-04,0.0,0.0,0.0,0.0,1.0
2015-08-05,0.0,0.0,0.0,0.0,1.0
2015-08-06,0.0,0.0,0.0,0.0,1.0
2015-08-07,0.0,0.0,0.0,0.0,1.0
2015-08-10,0.0,0.0,0.0,0.0,1.0
2015-08-11,0.0,0.0,0.0,0.0,1.0
2015-08-12,0.0,0.0,0.0,0.0,1.0
2015-08-13,0.0,0.0,0.0,0.0,1.0
2015-08-14,0.0,0.0,0.0,0.0,1.0
2015-08-17,0.0,0.0,0.0,0.0,1.0
2015-08-18,0.0,0.0,0.0,0.0,1.0
2015-08-19,0.0,0.0,0.0,0.0,1.0
2015-08-20,0.0,0.0,0.0,0.0,1.0
2015-08-21,0.0,0.0,0.0,0.0,1.0
2015-08-24,0.0,0.0,0.0,0.0,1.0
2015-08-25,0.0,0.0,0.0,0.0,1.0
2015-08-26,0.0,0.0,0.0,0.0,1.0
2015-08-27,0.0,0.0,0.0,0.0,1.0
2015-08-28,0.0,0.0,0.0,0.0,1.0
2015-08-31,0.0,0.0,0.0,0.0,1.0
2015-09-01,0.0,0.0,0.0,0.0,1.0
2015-09-02,0.0,0.0,0.0,0.0,1.0
2015-09-03,0.0,0.0,0.0,0.0,1.0
2015-09-04,0.0,0.0,0.0,0.0,1.0
2015-09-07,0.0,0.0,0.0,0.0,1.0
2015-09-08,0.0,0.0,0.0,0.0,1.0
2015-09-09,0.0,0.0,0.0,0.0,1.0
2015-09-10,0.0,0.0,0.0,0.0,1.0
2015-09-11,0.0,0.0,0.0,0.0,1.0
2015-09-14,0.0,0.0,0.0,0.0,1.0
2015-09-15,0.0,0.0,0.0,0.0,1.0
2015-09-16,0.0,0.0,0.0,0.0,1.0
2015-09-17,0.0,0.0,0.0,0.0,1.0
2015-09-18,0.0,0.0,0.0,0.0,1.0
2015-09-21,0.0,0.0,0.0,0.0,1.0
2015-09-22,0.0,0.0,0.0,0.0,1.0
2015-09-23,0.0,0.0,0.0,0.0,1.0
2015-09-24,0.0,0.0,0.0,0.0,1.0
2015-09-25,0.0,0.0,0.0,0.0,1.0
2015-09-30,0.0,0.0,0.0,0.0,1.0
2015-10-01,0.0,0.0,0.0,0.0,1.0
2015-10-02,0.0,0.0,0.0,0.0,1.0
2015-10-05,0.0,0.0,0.0,0.0,1.0
2015-10-06,0.0,0.0,0.0,0.0,1.0
2015-10-07,0.0,0.0,0.0,0.0,1.0
2015-10-08,0.0,0.0,0.0,0.0,1.0
2015-10-12,0.0,0.0,0.0,0.0,1.0
2015-10-13,0.0,0.0,0.0,0.0,1.0
2015-10-14,0.0,0.0,0.0,0.0,1.0
2015-10-15,0.0,0.0,0.0,0.0,1.0
2015-10-16,0.0,0.0,0.0,0.0,1.0
2015-10-19,0.0,0.0,0.0,0.0,1.0
2015-10-20,0.0,0.0,0.0,0.0,1.0
2015-10-21,0.0,0.0,0.0,0.0,1.0
2015-10-22,0.0,0.0,0.0,0.0,1.0
2015-10-23,0.0,0.0,0.0,0.0,1.0
2015-10-26,0.0,0.0,0.0,0.0,1.0
2015-10-27,0.0,0.0,0.0,0.0,1.0
2015-10-28,0.0,0.0,0.0,0.0,1.0
2015-10-29,0.0,0.0,0.0,0.0,1.0
2015-10-30,0.0,0.0,0.0,0.0,1.0
2015-11-02,0.0,0.0,0.0,0.0,1.0
2015-11-03,0.0,0.0,0.0,0.0,1.0
2015-11-04,0.0,0.0,0.0,0.0,1.0
2015-11-05,0.0,0.0,0.0,0.0,1.0
2015-11-06,0.0,0.0,0.0,0.0,1.0
2015-11-09,0.0,0.0,0.0,0.0,1.0
2015-11-10,0.0,0.0,0.0,0.0,1.0
2015-11-11,0.0,0.0,0.0,0.0,1.0
2015-11-12,0.0,0.0,0.0,0.0,1.0
2015-11-13,0.0,0.0,0.0,0.0,1.0
2015-11-16,0.0,0.0,0.0,0.0,1.0
2015-11-17,0.0,0.0,0.0,0.0,1.0
2015-11-18,0.0,0.0,0.0,0.0,1.0
2015-11-19,0.0,0.0,0.0,0.0,1.0
2015-11-20,0.0,0.0,0.0,0.0,1.0
2015-11-23,0.0,0.0,0.0,0.0,1.0
2015-11-24,0.0,0.0,0.0,0.0,1.0
2015-11-25,0.0,0.0,0.0,0.0,1.0
2015-11-26,0.0,0.0,0.0,0.0,1.0
2015-11-27,0.0,0.0,0.0,0.0,1.0
2015-11-30,0.0,0.0,0.0,0.0,1.0
2015-12-01,0.0,0.0,0.0,0.0,1.0
2015-12-02,0.0,0.0,0.0,0.0,1.0
2015-12-03,0.0,0.0,0.0,0.0,1.0
2015-12-04,0.0,0.0,0.0,0.0,1.0
2015-12-07,0.0,0.0,0.0,0.0,1.0
2015-12-08,0.0,0.0,0.0,0.0,1.0
2015-12-09,0.0,0.0,0.0,0.0,1.0
2015-12-10,0.0,0.0,0.0,0.0,1.0
2015-12-11,0.0,0.0,0.0,0.0,1.0
2015-12-14,0.0,0.0,0.0,0.0,1.0
2015-12-15,0.0,0.0,0.0,0.0,1.0
2015-12-16,0.0,0.0,0.0,0.0,1.0
2015-12-17,0.0,0.0,0.0,0.0,1.0
2015-12-18,0.0,0.0,0.0,0.0,1.0
2015-12-21,0.0,0.0,0.0,0.0,1.0
2015-12-22,0.0,0.0,0.0,0.0,1.0
2015-12-23,0.0,0.0,0.0,0.0,1.0
2015-12-24,0.0,0.0,0.0,0.0,1.0
2015-12-25,0.0,0.0,0.0,0.0,1.0
2015-12-28,0.0,0.0,0.0,0.0,1.0
2015-12-29,0.0,0.0,0.0,0.0,1.0
2015-12-30,0.0,0.0,0.0,0.0,1.0
2015-12-31,0.0,0.0,0.0,0.0,1.0
2016-01-04,0.0,0.0,0.0,0.0,1.0
2016-01-05,0.0,0.0,0.0,0.0,1.0
2016-01-06,0.0,0.0,0.0,0.0,1.0
2016-01-07,0.0,0.0,0.0,0.0,1.0
2016-01-08,0.0,0.0,0.0,0.0,1.0
2016-01-11,0.0,0.0,0.0,0.0,1.0
2016-01-12,0.0,0.0,0.0,0.0,1.0
2016-01-13,0.0,0.0,0.0,0.0,1.0
2016-01-14,0.0,0.0,0.0,0.0,1.0
2016-01-15,0.0,0.0,0.0,0.0,1.0
2016-01-18,0.0,0.0,0.0,0.0,1.0
2016-01-19,0.0,0.0,0.0,0.0,1.0
2016-01-20,0.0,0.0,0.0,0.0,1.0
2016-01-21,0.0,0.0,0.0,0.0,1.0
2016-01-22,0.0,0.0,0.0,0.0,1.0
2016-01-25,0.0,0.0,0.0,0.0,1.0
2016-01-26,0.0,0.0,0.0,0.0,1.0
2016-01-27,0.0,0.0,0.0,0.0,1.0
2016-01-28,0.0,0.0,0.0,0.0,1.0
2016-01-29,0.0,0.0,0.0,0.0,1.0
2016-01-30,0.0,0.0,0.0,0.0,1.0
2016-02-01,0.0,0.0,0.0,0.0,1.0
2016-02-02,0.0,0.0,0.0,0.0,1.0
2016-02-03,0.0,0.0,0.0,0.0,1.0
2016-02-15,0.0,0.0,0.0,0.0,1.0
2016-02-16,0.0,0.0,0.0,0.0,1.0
2016-02-17,0.0,0.0,0.0,0.0,1.0
2016-02-18,0.0,0.0,0.0,0.0,1.0
2016-02-19,0.0,0.0,0.0,0.0,1.0
2016-02-22,0.0,0.0,0.0,0.0,1.0
2016-02-23,0.0,0.0,0.0,0.0,1.0
2016-02-24,0.0,0.0,0.0,0.0,1.0
2016-02-25,0.0,0.0,0.0,0.0,1.0
2016-02-26,0.0,0.0,0.0,0.0,1.0
2016-03-01,0.0,0.0,0.0,0.0,1.0
2016-03-02,0.0,0.0,0.0,0.0,1.0
2016-03-03,0.0,0.0,0.0,0.0,1.0
2016-03-04,0.0,0.0,0.0,0.0,1.0
2016-03-07,0.0,0.0,0.0,0.0,1.0
2016-03-08,0.0,0.0,0.0,0.0,1.0
2016-03-09,0.0,0.0,0.0,0.0,1.0
2016-03-10,0.0,0.0,0.0,0.0,1.0
2016-03-11,0.0,0.0,0.0,0.0,1.0
2016-03-14,0.0,0.0,0.0,0.0,1.0
2016-03-15,0.0,0.0,0.0,0.0,1.0
2016-03-16,0.0,0.0,0.0,0.0,1.0
2016-03-17,0.0,0.0,0.0,0.0,1.0
2016-03-18,0.0,0.0,0.0,0.0,1.0
2016-03-21,0.0,0.0,0.0,0.0,1.0
2016-03-22,0.0,0.0,0.0,0.0,1.0
2016-03-23,0.0,0.0,0.0,0.0,1.0
2016-03-24,0.0,0.0,0.0,0.0,1.0
2016-03-25,0.0,0.0,0.0,0.0,1.0
2016-03-28,0.0,0.0,0.0,0.0,1.0
2016-03-29,0.0,0.0,0.0,0.0,1.0
2016-03-30,0.0,0.0,0.0,0.0,1.0
2016-03-31,0.0,0.0,0.0,0.0,1.0
2016-04-01,0.0,0.0,0.0,0.0,1.0
2016-04-06,0.0,0.0,0.0,0.0,1.0
2016-04-07,0.0,0.0,0.0,0.0,1.0
2016-04-08,0.0,0.0,0.0,0.0,1.0
2016-04-11,0.0,0.0,0.0,0.0,1.0
2016-04-12,0.0,0.0,0.0,0.0,1.0
2016-04-13,0.0,0.0,0.0,0.0,1.0
2016-04-14,0.0,0.0,0.0,0.0,1.0
2016-04-15,0.0,0.0,0.0,0.0,1.0
2016-04-18,0.0,0.0,0.0,0.0,1.0
2016-04-19,0.0,0.0,0.0,0.0,1.0
2016-04-20,0.0,0.0,0.0,0.0,1.0
2016-04-21,0.0,0.0,0.0,0.0,1.0
2016-04-22,0.0,0.0,0.0,0.0,1.0
2016-04-25,0.0,0.0,0.0,0.0,1.0
2016-04-26,0.0,0.0,0.0,0.0,1.0
2016-04-27,0.0,0.0,0.0,0.0,1.0
2016-04-28,0.0,0.0,0.0,0.0,1.0
2016-04-29,0.0,0.0,0.0,0.0,1.0
2016-05-03,0.0,0.0,0.0,0.0,1.0
2016-05-04,0.0,0.0,0.0,0.0,1.0
2016-05-05,0.0,0.0,0.0,0.0,1.0
2016-05-06,0.0,0.0,0.0,0.0,1.0
2016-05-09,0.0,0.0,0.0,0.0,1.0
2016-05-10,0.0,0.0,0.0,0.0,1.0
2016-05-11,0.0,0.0,0.0,0.0,1.0
2016-05-12,0.0,0.0,0.0,0.0,1.0
2016-05-13,0.0,0.0,0.0,0.0,1.0
2016-05-16,0.0,0.0,0.0,0.0,1.0
2016-05-17,0.0,0.0,0.0,0.0,1.0
2016-05-18,0.0,0.0,0.0,0.0,1.0
2016-05-19,0.0,0.0,0.0,0.0,1.0
2016-05-20,0.0,0.0,0.0,0.0,1.0
2016-05-23,0.0,0.0,0.0,0.0,1.0
2016-05-24,0.0,0.0,0.0,0.0,1.0
2016-05-25,0.0,0.0,0.0,0.0,1.0
2016-05-26,0.0,0.0,0.0,0.0,1.0
2016-05-27,0.0,0.0,0.0,0.0,1.0
2016-05-30,0.0,0.0,0.0,0.0,1.0
2016-05-31,0.0,0.0,0.0,0.0,1.0
2016-06-01,0.0,0.0,0.0,0.0,1.0
2016-06-02,0.0,0.0,0.0,0.0,1.0
2016-06-03,0.0,0.0,0.0,0.0,1.0
2016-06-04,0.0,0.0,0.0,0.0,1.0
2016-06-06,0.0,0.0,0.0,0.0,1.0
2016-06-07,0.0,0.0,0.0,0.0,1.0
2016-06-08,0.0,0.0,0.0,0.0,1.0
2016-06-13,0.0,0.0,0.0,0.0,1.0
2016-06-14,0.0,0.0,0.0,0.0,1.0
2016-06-15,0.0,0.0,0.0,0.0,1.0
2016-06-16,0.0,0.0,0.0,0.0,1.0
2016-06-17,0.0,0.0,0.0,0.0,1.0
2016-06-20,0.0,0.0,0.0,0.0,1.0
2016-06-21,0.0,0.0,0.0,0.0,1.0
2016-06-22,0.0,0.0,0.0,0.0,1.0
2016-06-23,0.0,0.0,0.0,0.0,1.0
2016-06-24,0.0,0.0,0.0,0.0,1.0
2016-06-27,0.0,0.0,0.0,0.0,1.0
2016-06-28,0.0,0.0,0.0,0.0,1.0
2016-06-29,0.0,0.0,0.0,0.0,1.0
2016-06-30,0.0,0.0,0.0,0.0,1.0
2016-07-01,0.0,0.0,0.0,0.0,1.0
2016-07-04,0.0,0.0,0.0,0.0,1.0
2016-07-05,0.0,0.0,0.0,0.0,1.0
2016-07-06,0.0,0.0,0.0,0.0,1.0
2016-07-07,0.0,0.0,0.0,0.0,1.0
2016-07-11,0.0,0.0,0.0,0.0,1.0
2016-07-12,0.0,0.0,0.0,0.0,1.0
2016-07-13,0.0,0.0,0.0,0.0,1.0
2016-07-14,0.0,0.0,0.0,0.0,1.0
2016-07-15,0.0,0.0,0.0,0.0,1.0
2016-07-18,0.0,0.0,0.0,0.0,1.0
2016-07-19,0.0,0.0,0.0,0.0,1.0
2016-07-20,0.0,0.0,0.0,0.0,1.0
2016-07-21,0.0,0.0,0.0,0.0,1.0
2016-07-22,0.0,0.0,0.0,0.0,1.0
2016-07-25,0.0,0.0,0.0,0.0,1.0
2016-07-26,0.0,0.0,0.0,0.0,1.0
2016-07-27,0.0,0.0,0.0,0.0,1.0
2016-07-28,0.0,0.0,0.0,0.0,1.0
2016-07-29,0.0,0.0,0.0,0.0,1.0
2016-08-01,0.0,0.0,0.0,0.0,1.0
2016-08-02,0.0,0.0,0.0,0.0,1.0
2016-08-03,0.0,0.0,0.0,0.0,1.0
2016-08-04,0.0,0.0,0.0,0.0,1.0
2016-08-05,0.0,0.0,0.0,0.0,1.0
2016-08-08,0.0,0.0,0.0,0.0,1.0
2016-08-09,0.0,0.0,0.0,0.0,1.0
2016-08-10,0.0,0.0,0.0,0.0,1.0
2016-08-11,0.0,0.0,0.0,0.0,1.0
2016-08-12,0.0,0.0,0.0,0.0,1.0
2016-08-15,0.0,0.0,0.0,0.0,1.0
2016-08-16,0.0,0.0,0.0,0.0,1.0
2016-08-17,0.0,0.0,0.0,0.0,1.0
2016-08-18,0.0,0.0,0.0,0.0,1.0
2016-08-19,0.0,0.0,0.0,0.0,1.0
2016-08-22,0.0,0.0,0.0,0.0,1.0
2016-08-23,0.0,0.0,0.0,0.0,1.0
2016-08-24,0.0,0.0,0.0,0.0,1.0
2016-08-25,0.0,0.0,0.0,0.0,1.0
2016-08-26,0.0,0.0,0.0,0.0,1.0
2016-08-29,0.0,0.0,0.0,0.0,1.0
2016-08-30,0.0,0.0,0.0,0.0,1.0
2016-08-31,0.0,0.0,0.0,0.0,1.0
2016-09-01,0.0,0.0,0.0,0.0,1.0
2016-09-02,0.0,0.0,0.0,0.0,1.0
2016-09-05,0.0,0.0,0.0,0.0,1.0
2016-09-06,0.0,0.0,0.0,0.0,1.0
2016-09-07,0.0,0.0,0.0,0.0,1.0
2016-09-08,0.0,0.0,0.0,0.0,1.0
2016-09-09,0.0,0.0,0.0,0.0,1.0
2016-09-10,0.0,0.0,0.0,0.0,1.0
2016-09-12,0.0,0.0,0.0,0.0,1.0
2016-09-13,0.0,0.0,0.0,0.0,1.0
2016-09-14,0.0,0.0,0.0,0.0,1.0
2016-09-19,0.0,0.0,0.0,0.0,1.0
2016-09-20,0.0,0.0,0.0,0.0,1.0
2016-09-21,0.0,0.0,0.0,0.0,1.0
2016-09-22,0.0,0.0,0.0,0.0,1.0
2016-09-23,0.0,0.0,0.0,0.0,1.0
2016-09-26,0.0,0.0,0.0,0.0,1.0
2016-09-29,0.0,0.0,0.0,0.0,1.0
2016-09-30,0.0,0.0,0.0,0.0,1.0
2016-10-03,0.0,0.0,0.0,0.0,1.0
2016-10-04,0.0,0.0,0.0,0.0,1.0
2016-10-05,0.0,0.0,0.0,0.0,1.0
2016-10-06,0.0,0.0,0.0,0.0,1.0
2016-10-07,0.0,0.0,0.0,0.0,1.0
2016-10-11,0.0,0.0,0.0,0.0,1.0
2016-10-12,0.0,0.0,0.0,0.0,1.0
2016-10-13,0.0,0.0,0.0,0.0,1.0
2016-10-14,0.0,0.0,0.0,0.0,1.0
2016-10-17,0.0,0.0,0.0,0.0,1.0
2016-10-18,0.0,0.0,0.0,0.0,1.0
2016-10-19,0.0,0.0,0.0,0.0,1.0
2016-10-20,0.0,0.0,0.0,0.0,1.0
2016-10-21,0.0,0.0,0.0,0.0,1.0
2016-10-24,0.0,0.0,0.0,0.0,1.0
2016-10-25,0.0,0.0,0.0,0.0,1.0
2016-10-26,0.0,0.0,0.0,0.0,1.0
2016-10-27,0.0,0.0,0.0,0.0,1.0
2016-10-28,0.0,0.0,0.0,0.0,1.0
2016-10-31,0.0,0.0,0.0,0.0,1.0
2016-11-01,0.0,0.0,0.0,0.0,1.0
2016-11-02,0.0,0.0,0.0,0.0,1.0
2016-11-03,0.0,0.0,0.0,0.0,1.0
2016-11-04,0.0,0.0,0.0,0.0,1.0
2016-11-07,0.0,0.0,0.0,0.0,1.0
2016-11-08,0.0,0.0,0.0,0.0,1.0
2016-11-09,0.0,0.0,0.0,0.0,1.0
2016-11-10,0.0,0.0,0.0,0.0,1.0
2016-11-11,0.0,0.0,0.0,0.0,1.0
2016-11-14,0.0,0.0,0.0,0.0,1.0
2016-11-15,0.0,0.0,0.0,0.0,1.0
2016-11-16,0.0,0.0,0.0,0.0,1.0
2016-11-17,0.0,0.0,0.0,0.0,1.0
2016-11-18,0.0,0.0,0.0,0.0,1.0
2016-11-21,0.0,0.0,0.0,0.0,1.0
2016-11-22,0.0,0.0,0.0,0.0,1.0
2016-11-23,0.0,0.0,0.0,0.0,1.0
2016-11-24,0.0,0.0,0.0,0.0,1.0
2016-11-25,0.0,0.0,0.0,0.0,1.0
2016-11-28,0.0,0.0,0.0,0.0,1.0
2016-11-29,0.0,0.0,0.0,0.0,1.0
2016-11-30,0.0,0.0,0.0,0.0,1.0
2016-12-01,0.0,0.0,0.0,0.0,1.0
2016-12-02,0.0,0.0,0.0,0.0,1.0
2016-12-05,0.0,0.0,0.0,0.0,1.0
2016-12-06,0.0,0.0,0.0,0.0,1.0
2016-12-07,0.0,0.0,0.0,0.0,1.0
2016-12-08,0.0,0.0,0.0,0.0,1.0
2016-12-09,0.0,0.0,0.0,0.0,1.0
2016-12-12,0.0,0.0,0.0,0.0,1.0
2016-12-13,0.0,0.0,0.0,0.0,1.0
2016-12-14,0.0,0.0,0.0,0.0,1.0
2016-12-15,0.0,0.0,0.0,0.0,1.0
2016-12-16,0.0,0.0,0.0,0.0,1.0
2016-12-19,0.0,0.0,0.0,0.0,1.0
2016-12-20,0.0,0.0,0.0,0.0,1.0
2016-12-21,0.0,0.0,0.0,0.0,1.0
2016-12-22,0.0,0.0,0.0,0.0,1.0
2016-12-23,0.0,0.0,0.0,0.0,1.0
2016-12-26,0.0,0.0,0.0,0.0,1.0
2016-12-27,0.0,0.0,0.0,0.0,1.0
2016-12-28,0.0,0.0,0.0,0.0,1.0
2016-12-29,0.0,0.0,0.0,0.0,1.0
2016-12-30,0.0,0.0,0.0,0.0,1.0
2017-01-03,0.0,0.0,0.0,0.0,1.0
2017-01-04,0.0,0.0,0.0,0.0,1.0
2017-01-05,0.0,0.0,0.0,0.0,1.0
2017-01-06,0.0,0.0,0.0,0.0,1.0
2017-01-09,0.0,0.0,0.0,0.0,1.0
2017-01-10,0.0,0.0,0.0,0.0,1.0
2017-01-11,0.0,0.0,0.0,0.0,1.0
2017-01-12,0.0,0.0,0.0,0.0,1.0
2017-01-13,0.0,0.0,0.0,0.0,1.0
2017-01-16,0.0,0.0,0.0,0.0,1.0
2017-01-17,0.0,0.0,0.0,0.0,1.0
2017-01-18,0.0,0.0,0.0,0.0,1.0
2017-01-19,0.0,0.0,0.0,0.0,1.0
2017-01-20,0.0,0.0,0.0,0.0,1.0
2017-01-23,0.0,0.0,0.0,0.0,1.0
2017-01-24,0.0,0.0,0.0,0.0,1.0
2017-02-02,0.0,0.0,0.0,0.0,1.0
2017-02-03,0.0,0.0,0.0,0.0,1.0
2017-02-06,0.0,0.0,0.0,0.0,1.0
2017-02-07,0.0,0.0,0.0,0.0,1.0
2017-02-08,0.0,0.0,0.0,0.0,1.0
2017-02-09,0.0,0.0,0.0,0.0,1.0
2017-02-10,0.0,0.0,0.0,0.0,1.0
2017-02-13,0.0,0.0,0.0,0.0,1.0
2017-02-14,0.0,0.0,0.0,0.0,1.0
2017-02-15,0.0,0.0,0.0,0.0,1.0
2017-02-16,0.0,0.0,0.0,0.0,1.0
2017-02-17,0.0,0.0,0.0,0.0,1.0
2017-02-18,0.0,0.0,0.0,0.0,1.0
2017-02-20,0.0,0.0,0.0,0.0,1.0
2017-02-21,0.0,0.0,0.0,0.0,1.0
2017-02-22,0.0,0.0,0.0,0.0,1.0
2017-02-23,0.0,0.0,0.0,0.0,1.0
2017-02-24,0.0,0.0,0.0,0.0,1.0
2017-03-01,0.0,0.0,0.0,0.0,1.0
2017-03-02,0.0,0.0,0.0,0.0,1.0
2017-03-03,0.0,0.0,0.0,0.0,1.0
2017-03-06,0.0,0.0,0.0,0.0,1.0
2017-03-07,0.0,0.0,0.0,0.0,1.0
2017-03-08,0.0,0.0,0.0,0.0,1.0
2017-03-09,0.0,0.0,0.0,0.0,1.0
2017-03-10,0.0,0.0,0.0,0.0,1.0
2017-03-13,0.0,0.0,0.0,0.0,1.0
2017-03-14,0.0,0.0,0.0,0.0,1.0
2017-03-15,0.0,0.0,0.0,0.0,1.0
2017-03-16,0.0,0.0,0.0,0.0,1.0
2017-03-17,0.0,0.0,0.0,0.0,1.0
2017-03-20,0.0,0.0,0.0,0.0,1.0
2017-03-21,0.0,0.0,0.0,0.0,1.0
2017-03-22,0.0,0.0,0.0,0.0,1.0
2017-03-23,0.0,0.0,0.0,0.0,1.0
2017-03-24,0.0,0.0,0.0,0.0,1.0
2017-03-27,0.0,0.0,0.0,0.0,1.0
2017-03-28,0.0,0.0,0.0,0.0,1.0
2017-03-29,0.0,0.0,0.0,0.0,1.0
2017-03-30,0.0,0.0,0.0,0.0,1.0
2017-03-31,0.0,0.0,0.0,0.0,1.0
2017-04-05,0.0,0.0,0.0,0.0,1.0
2017-04-06,0.0,0.0,0.0,0.0,1.0
2017-04-07,0.0,0.0,0.0,0.0,1.0
2017-04-10,0.0,0.0,0.0,0.0,1.0
2017-04-11,0.0,0.0,0.0,0.0,1.0
2017-04-12,0.0,0.0,0.0,0.0,1.0
2017-04-13,0.0,0.0,0.0,0.0,1.0
2017-04-14,0.0,0.0,0.0,0.0,1.0
2017-04-17,0.0,0.0,0.0,0.0,1.0
2017-04-18,0.0,0.0,0.0,0.0,1.0
2017-04-19,0.0,0.0,0.0,0.0,1.0
2017-04-20,0.0,0.0,0.0,0.0,1.0
2017-04-21,0.0,0.0,0.0,0.0,1.0
2017-04-24,0.0,0.0,0.0,0.0,1.0
2017-04-25,0.0,0.0,0.0,0.0,1.0
2017-04-26,0.0,0.0,0.0,0.0,1.0
2017-04-27,0.0,0.0,0.0,0.0,1.0
2017-04-28,0.0,0.0,0.0,0.0,1.0
2017-05-02,0.0,0.0,0.0,0.0,1.0
2017-05-03,0.0,0.0,0.0,0.0,1.0
2017-05-04,0.0,0.0,0.0,0.0,1.0
2017-05-05,0.0,0.0,0.0,0.0,1.0
2017-05-08,0.0,0.0,0.0,0.0,1.0
2017-05-09,0.0,0.0,0.0,0.0,1.0
2017-05-10,0.0,0.0,0.0,0.0,1.0
2017-05-11,0.0,0.0,0.0,0.0,1.0
2017-05-12,0.0,0.0,0.0,0.0,1.0
2017-05-15,0.0,0.0,0.0,0.0,1.0
2017-05-16,0.0,0.0,0.0,0.0,1.0
2017-05-17,0.0,0.0,0.0,0.0,1.0
2017-05-18,0.0,0.0,0.0,0.0,1.0
2017-05-19,0.0,0.0,0.0,0.0,1.0
2017-05-22,0.0,0.0,0.0,0.0,1.0
2017-05-23,0.0,0.0,0.0,0.0,1.0
2017-05-24,0.0,0.0,0.0,0.0,1.0
2017-05-25,0.0,0.0,0.0,0.0,1.0
2017-05-26,0.0,0.0,0.0,0.0,1.0
2017-05-31,0.0,0.0,0.0,0.0,1.0
2017-06-01,0.0,0.0,0.0,0.0,1.0
2017-06-02,0.0,0.0,0.0,0.0,1.0
2017-06-03,0.0,0.0,0.0,0.0,1.0
2017-06-05,0.0,0.0,0.0,0.0,1.0
2017-06-06,0.0,0.0,0.0,0.0,1.0
2017-06-07,0.0,0.0,0.0,0.0,1.0
2017-06-08,0.0,0.0,0.0,0.0,1.0
2017-06-09,0.0,0.0,0.0,0.0,1.0
2017-06-12,0.0,0.0,0.0,0.0,1.0
2017-06-13,0.0,0.0,0.0,0.0,1.0
2017-06-14,0.0,0.0,0.0,0.0,1.0
2017-06-15,0.0,0.0,0.0,0.0,1.0
2017-06-16,0.0,0.0,0.0,0.0,1.0
2017-06-19,0.0,0.0,0.0,0.0,1.0
2017-06-20,0.0,0.0,0.0,0.0,1.0
2017-06-21,0.0,0.0,0.0,0.0,1.0
2017-06-22,0.0,0.0,0.0,0.0,1.0
2017-06-23,0.0,0.0,0.0,0.0,1.0
2017-06-26,0.0,0.0,0.0,0.0,1.0
2017-06-27,0.0,0.0,0.0,0.0,1.0
2017-06-28,0.0,0.0,0.0,0.0,1.0
2017-06-29,0.0,0.0,0.0,0.0,1.0
2017-06-30,0.0,0.0,0.0,0.0,1.0
2017-07-03,0.0,0.0,0.0,0.0,1.0
2017-07-04,0.0,0.0,0.0,0.0,1.0
2017-07-05,0.0,0.0,0.0,0.0,1.0
2017-07-06,0.0,0.0,0.0,0.0,1.0
2017-07-07,0.0,0.0,0.0,0.0,1.0
2017-07-10,0.0,0.0,0.0,0.0,1.0
2017-07-11,0.0,0.0,0.0,0.0,1.0
2017-07-12,0.0,0.0,0.0,0.0,1.0
2017-07-13,0.0,0.0,0.0,0.0,1.0
2017-07-14,0.0,0.0,0.0,0.0,1.0
2017-07-17,0.0,0.0,0.0,0.0,1.0
2017-07-18,0.0,0.0,0.0,0.0,1.0
2017-07-19,0.0,0.0,0.0,0.0,1.0
2017-07-20,0.0,0.0,0.0,0.0,1.0
2017-07-21,0.0,0.0,0.0,0.0,1.0
2017-07-24,0.0,0.0,0.0,0.0,1.0
2017-07-25,0.0,0.0,0.0,0.0,1.0
2017-07-26,0.0,0.0,0.0,0.0,1.0
2017-07-27,0.0,0.0,0.0,0.0,1.0
2017-07-28,0.0,0.0,0.0,0.0,1.0
2017-07-31,0.0,0.0,0.0,0.0,1.0
2017-08-01,0.0,0.0,0.0,0.0,1.0
2017-08-02,0.0,0.0,0.0,0.0,1.0
2017-08-03,0.0,0.0,0.0,0.0,1.0
2017-08-04,0.0,0.0,0.0,0.0,1.0
2017-08-07,0.0,0.0,0.0,0.0,1.0
2017-08-08,0.0,0.0,0.0,0.0,1.0
2017-08-09,0.0,0.0,0.0,0.0,1.0
2017-08-10,0.0,0.0,0.0,0.0,1.0
2017-08-11,0.0,0.0,0.0,0.0,1.0
2017-08-14,0.0,0.0,0.0,0.0,1.0
2017-08-15,0.0,0.0,0.0,0.0,1.0
2017-08-16,0.0,0.0,0.0,0.0,1.0
2017-08-17,0.0,0.0,0.0,0.0,1.0
2017-08-18,0.0,0.0,0.0,0.0,1.0
2017-08-21,0.0,0.0,0.0,0.0,1.0
2017-08-22,0.0,0.0,0.0,0.0,1.0
2017-08-23,0.0,0.0,0.0,0.0,1.0
2017-08-24,0.0,0.0,0.0,0.0,1.0
2017-08-25,0.0,0.0,0.0,0.0,1.0
2017-08-28,0.0,0.0,0.0,0.0,1.0
2017-08-29,0.0,0.0,0.0,0.0,1.0
2017-08-30,0.0,0.0,0.0,0.0,1.0
2017-08-31,0.0,0.0,0.0,0.0,1.0
2017-09-01,0.0,0.0,0.0,0.0,1.0
2017-09-04,0.0,0.0,0.0,0.0,1.0
2017-09-05,0.0,0.0,0.0,0.0,1.0
2017-09-06,0.0,0.0,0.0,0.0,1.0
2017-09-07,0.0,0.0,0.0,0.0,1.0
2017-09-08,0.0,0.0,0.0,0.0,1.0
2017-09-11,0.0,0.0,0.0,0.0,1.0
2017-09-12,0.0,0.0,0.0,0.0,1.0
2017-09-13,0.0,0.0,0.0,0.0,1.0
2017-09-14,0.0,0.0,0.0,0.0,1.0
2017-09-15,0.0,0.0,0.0,0.0,1.0
2017-09-18,0.0,0.0,0.0,0.0,1.0
2017-09-19,0.0,0.0,0.0,0.0,1.0
2017-09-20,0.0,0.0,0.0,0.0,1.0
2017-09-21,0.0,0.0,0.0,0.0,1.0
2017-09-22,0.0,0.0,0.0,0.0,1.0
2017-09-25,0.0,0.0,0.0,0.0,1.0
2017-09-26,0.0,0.0,0.0,0.0,1.0
2017-09-27,0.0,0.0,0.0,0.0,1.0
2017-09-28,0.0,0.0,0.0,0.0,1.0
2017-09-29,0.0,0.0,0.0,0.0,1.0
2017-09-30,0.0,0.0,0.0,0.0,1.0
2017-10-02,0.0,0.0,0.0,0.0,1.0
2017-10-03,0.0,0.0,0.0,0.0,1.0
2017-10-05,0.0,0.0,0.0,0.0,1.0
2017-10-06,0.0,0.0,0.0,0.0,1.0
2017-10-11,0.0,0.0,0.0,0.0,1.0
2017-10-12,0.0,0.0,0.0,0.0,1.0
2017-10-13,0.0,0.0,0.0,0.0,1.0
2017-10-16,0.0,0.0,0.0,0.0,1.0
2017-10-17,0.0,0.0,0.0,0.0,1.0
2017-10-18,0.0,0.0,0.0,0.0,1.0
2017-10-19,0.0,0.0,0.0,0.0,1.0
2017-10-20,0.0,0.0,0.0,0.0,1.0
2017-10-23,0.0,0.0,0.0,0.0,1.0
2017-10-24,0.0,0.0,0.0,0.0,1.0
2017-10-25,0.0,0.0,0.0,0.0,1.0
2017-10-26,0.0,0.0,0.0,0.0,1.0
2017-10-27,0.0,0.0,0.0,0.0,1.0
2017-10-30,0.0,0.0,0.0,0.0,1.0
2017-10-31,0.0,0.0,0.0,0.0,1.0
2017-11-01,0.0,0.0,0.0,0.0,1.0
2017-11-02,0.0,0.0,0.0,0.0,1.0
2017-11-03,0.0,0.0,0.0,0.0,1.0
2017-11-06,0.0,0.0,0.0,0.0,1.0
2017-11-07,0.0,0.0,0.0,0.0,1.0
2017-11-08,0.0,0.0,0.0,0.0,1.0
2017-11-09,0.0,0.0,0.0,0.0,1.0
2017-11-10,0.0,0.0,0.0,0.0,1.0
2017-11-13,0.0,0.0,0.0,0.0,1.0
2017-11-14,0.0,0.0,0.0,0.0,1.0
2017-11-15,0.0,0.0,0.0,0.0,1.0
2017-11-16,0.0,0.0,0.0,0.0,1.0
2017-11-17,0.0,0.0,0.0,0.0,1.0
2017-11-20,0.0,0.0,0.0,0.0,1.0
2017-11-21,0.0,0.0,0.0,0.0,1.0
2017-11-22,0.0,0.0,0.0,0.0,1.0
2017-11-23,0.0,0.0,0.0,0.0,1.0
2017-11-24,0.0,0.0,0.0,0.0,1.0
2017-11-27,0.0,0.0,0.0,0.0,1.0
2017-11-28,0.0,0.0,0.0,0.0,1.0
2017-11-29,0.0,0.0,0.0,0.0,1.0
2017-11-30,0.0,0.0,0.0,0.0,1.0
2017-12-01,0.0,0.0,0.0,0.0,1.0
2017-12-04,0.0,0.0,0.0,0.0,1.0
2017-12-05,0.0,0.0,0.0,0.0,1.0
2017-12-06,0.0,0.0,0.0,0.0,1.0
2017-12-07,0.0,0.0,0.0,0.0,1.0
2017-12-08,0.0,0.0,0.0,0.0,1.0
2017-12-11,0.0,0.0,0.0,0.0,1.0
2017-12-12,0.0,0.0,0.0,0.0,1.0
2017-12-13,0.0,0.0,0.0,0.0,1.0
2017-12-14,0.0,0.0,0.0,0.0,1.0
2017-12-15,0.0,0.0,0.0,0.0,1.0
2017-12-18,0.0,0.0,0.0,0.0,1.0
2017-12-19,0.0,0.0,0.0,0.0,1.0
2017-12-20,0.0,0.0,0.0,0.0,1.0
2017-12-21,0.0,0.0,0.0,0.0,1.0
2017-12-22,0.0,0.0,0.0,0.0,1.0
2017-12-25,0.0,0.0,0.0,0.0,1.0
2017-12-26,0.0,0.0,0.0,0.0,1.0
2017-12-27,0.0,0.0,0.0,0.0,1.0
2017-12-28,0.0,0.0,0.0,0.0,1.0
2017-12-29,0.0,0.0,0.0,0.0,1.0
2018-01-02,0.0,0.0,0.0,0.0,1.0
2018-01-03,0.0,0.0,0.0,0.0,1.0
2018-01-04,0.0,0.0,0.0,0.0,1.0
2018-01-05,0.0,0.0,0.0,0.0,1.0
2018-01-08,0.0,0.0,0.0,0.0,1.0
2018-01-09,0.0,0.0,0.0,0.0,1.0
2018-01-10,0.0,0.0,0.0,0.0,1.0
2018-01-11,0.0,0.0,0.0,0.0,1.0
2018-01-12,0.0,0.0,0.0,0.0,1.0
2018-01-15,0.0,0.0,0.0,0.0,1.0
2018-01-16,0.0,0.0,0.0,0.0,1.0
2018-01-17,0.0,0.0,0.0,0.0,1.0
2018-01-18,0.0,0.0,0.0,0.0,1.0
2018-01-19,0.0,0.0,0.0,0.0,1.0
2018-01-22,0.0,0.0,0.0,0.0,1.0
2018-01-23,0.0,0.0,0.0,0.0,1.0
2018-01-24,0.0,0.0,0.0,0.0,1.0
2018-01-25,0.0,0.0,0.0,0.0,1.0
2018-01-26,0.0,0.0,0.0,0.0,1.0
2018-01-29,0.0,0.0,0.0,0.0,1.0
2018-01-30,0.0,0.0,0.0,0.0,1.0
2018-01-31,0.0,0.0,0.0,0.0,1.0
2018-02-01,0.0,0.0,0.0,0.0,1.0
2018-02-02,-0.0044065590272486695,-0.006581559027248669,1.0,0.002175,0.9934184409727513
2018-02-05,-0.01290859142520387,-0.01290859142520387,0.0,0.0,0.9805948082039712
2018-02-06,-0.042176445522153105,-0.042176445522153105,0.0,0.0,0.9392368046964501
2018-02-07,0.014757688240089398,0.014757688240089398,0.0,0.0,0.9530977686437782
2018-02-08,7.788710766383879e-05,7.788710766383879e-05,0.0,0.0,0.9531720026722987
2018-02-09,-0.008065187526103806,-0.008065187526103806,0.0,0.0,0.9454844917261147
2018-02-12,0.004905090068435127,0.004905090068435127,0.0,0.0,0.9501221783163398
2018-02-21,0.021775091372780272,0.021775091372780272,0.0,0.0,0.9708111755644833
2018-02-22,0.0012695487358369672,0.0012695487358369672,0.0,0.0,0.9720436676651576
2018-02-23,0.008084174313338244,0.008084174313338244,0.0,0.0,0.9799018381147393
2018-02-26,0.004460451369798582,0.004460451369798582,0.0,0.0,0.9842726426108264
2018-02-27,-0.0027523511995426963,-0.0027523511995426963,0.0,0.0,0.9815635786222594
2018-03-01,0.0009677176236784732,0.0009677176236784732,0.0,0.0,0.982513454996053
2018-03-02,-0.006142996120287056,-0.006142996120287056,0.0,0.0,0.9764778786538825
2018-03-05,-0.007828860127338041,-0.007828860127338041,0.0,0.0,0.9688331699244614
2018-03-06,0.007809033696362911,0.007809033696362911,0.0,0.0,0.9763988207945558
2018-03-07,0.000564831180446565,0.000564831180446565,0.0,0.0,0.9769503212930917
2018-03-08,0.005877228760677499,0.005877228760677499,0.0,0.0,0.9826920818191485
2018-03-09,0.0011873366306627917,0.0011873366306627917,0.0,0.0,0.9838588681245546
2018-03-12,0.007832801605766436,0.007832801605766436,0.0,0.0,0.9915652394466482
2018-03-13,0.004598312373341359,0.004598312373341359,0.0,0.0,0.9961247661561708
2018-03-14,-0.0015951214650872037,-0.0015951214650872037,0.0,0.0,0.9945358261597701
2018-03-15,0.00011909819680796152,0.00011909819680796152,0.0,0.0,0.9946542735833267
2018-03-16,0.005649161939981463,0.005649161939981463,0.0,0.0,1.0002732366490936
2018-03-19,0.0003566547005418916,0.0003566547005418916,0.0,0.0,1.0006299888007706
2018-03-20,-0.0016816290199199557,-0.0016816290199199557,0.0,0.0,0.998947300373401
2018-03-21,0.0008670691755207456,0.0008670691755207456,0.0,0.0,0.9998134567855245
2018-03-22,0.0004911829916654716,0.0004911829916654716,0.0,0.0,1.0003045481503356
2018-03-23,-0.01201572584309478,-0.01201572584309478,0.0,0.0,0.9882851629401604
2018-03-26,0.0026546985880109616,0.0026546985880109616,0.0,0.0,0.9909087621667698
2018-03-27,0.00698866978124511,0.00698866978124511,0.0,0.0,0.9978338962888957
2018-03-28,-0.004285811917219103,-0.004285811917219103,0.0,0.0,0.9935573678847757
2018-03-29,-0.001337155283383783,-0.001337155283383783,0.0,0.0,0.9922288274009637
2018-03-30,0.006267366233801174,0.006267366233801174,0.0,0.0,0.9984474888500205
2018-03-31,0.0018541256131515416,0.0018541256131515416,0.0,0.0,1.0002987359124842
2018-04-02,-0.0023500008057589106,-0.0023500008057589106,0.0,0.0,0.9979480330770902
2018-04-03,-0.005170618343754806,-0.005170618343754806,0.0,0.0,0.9927880246711478
2018-04-09,0.008393671249644586,0.008393671249644586,0.0,0.0,1.0011211609708215
2018-04-10,0.004650314264843783,0.004650314264843783,0.0,0.0,1.005776688986521
2018-04-11,0.001555445755191739,0.001555445755191739,0.0,0.0,1.007341120068076
2018-04-12,0.0010671818425533977,0.0010671818425533977,0.0,0.0,1.00841613622067
2018-04-13,-0.0006262754983921424,-0.0006262754983921424,0.0,0.0,1.0077845899023719
2018-04-16,-0.0013745083949020032,-0.0013745083949020032,0.0,0.0,1.006399381523298
2018-04-17,-0.007915585987083164,-0.007915585987083164,0.0,0.0,0.9984331406815031
2018-04-18,0.004311185731549525,0.004311185731549525,0.0,0.0,1.0027375713915152
2018-04-19,0.008324431189158845,0.008324431189158845,0.0,0.0,1.011084791305348
2018-04-20,-0.0027621475059168067,-0.0027621475059168067,0.0,0.0,1.0082920259707735
2018-04-23,-0.0008053316337491724,-0.0008053316337491724,0.0,0.0,1.0074800165062021
2018-04-24,-0.011069330700877539,-0.011069330700877539,0.0,0.0,0.9963278870289694
2018-04-25,0.0007689834204991777,0.0007689834204991777,0.0,0.0,0.9970940466554755
2018-04-26,-0.0025819489222508865,-0.0025819489222508865,0.0,0.0,0.9945196007563307
2018-04-27,0.004641530854886397,0.004641530854886397,0.0,0.0,0.9991356941690305
2018-04-30,0.008861409364329982,0.008861409364329982,0.0,0.0,1.0079894445655764
2018-05-02,0.0008621354127041749,0.0008621354127041749,0.0,0.0,1.0088584679613684
2018-05-03,-0.007299111730590518,-0.007299111730590518,0.0,0.0,1.001494697283366
2018-05-04,-0.0007387528946151361,-0.0007387528946151361,0.0,0.0,1.0007548401768063
2018-05-07,0.0023287431967162287,0.0023287431967162287,0.0,0.0,1.003085341202449
2018-05-08,0.004847794636596951,0.004847794636596951,0.0,0.0,1.0079480929395792
2018-05-09,-0.0016800506376422981,-0.0016800506376422981,0.0,0.0,1.0062546891033257
2018-05-10,0.0024414774662663563,0.0024414774662663563,0.0,0.0,1.0087114372520964
2018-05-11,0.005603934364426634,0.005603934364426634,0.0,0.0,1.0143641899391038
2018-05-14,0.004100217992499697,0.004100217992499697,0.0,0.0,1.0185233042416395
2018-05-15,-0.002105896010037434,-0.002105896010037434,0.0,0.0,1.016378400079107
2018-05-16,0.005543233187574282,0.005543233187574282,0.0,0.0,1.022012422557559
2018-05-17,0.00017221868592176597,0.00017221868592176597,0.0,0.0,1.0221884321939678
2018-05-18,0.0034378361003237394,0.0034378361003237394,0.0,0.0,1.0257025484874975
2018-05-21,0.0078484604098276,0.0078484604098276,0.0,0.0,1.0337527343315611
2018-05-22,-0.0031714040015423067,-0.0031714040015423067,0.0,0.0,1.0304742867732968
2018-05-23,-0.001384712413476794,-0.001384712413476794,0.0,0.0,1.0290473762366332
2018-05-24,0.004360044780542632,0.004360044780542632,0.0,0.0,1.0335340688783248
2018-05-25,0.0009022136847407323,0.0009022136847407323,0.0,0.0,1.0344665374589126
2018-05-28,0.003723899597689507,0.003723899597689507,0.0,0.0,1.038318786981579
2018-05-29,-0.0016686106884690765,-0.0016686106884690765,0.0,0.0,1.0365862371555834
2018-05-30,-0.012195931582684559,-0.012195931582684559,0.0,0.0,1.0239441023276816
2018-05-31,0.007864578887280585,0.007864578887280585,0.0,0.0,1.0319969914966034
2018-06-01,0.004522917546874232,0.004522917546874232,0.0,0.0,1.0366646287977648
2018-06-04,0.008244437408742254,0.008244437408742254,0.0,0.0,1.045211345443745
2018-06-05,0.0018485780056699608,0.0018485780056699608,0.0,0.0,1.0471435001482092
2018-06-06,0.0062651475346953535,0.0062651475346953535,0.0,0.0,1.053704008666635
2018-06-07,0.004208703118545392,0.004208703118545392,0.0,0.0,1.058138736013934
2018-06-08,-0.004259088593687048,-0.004259088593687048,0.0,0.0,1.0536320293928387
2018-06-11,0.000277983396974842,0.000277983396974842,0.0,0.0,1.053924921603531
2018-06-12,-0.0017179429406862816,-0.0017179429406862816,0.0,0.0,1.0521143387244487
2018-06-13,-0.002375121760634316,-0.002375121760634316,0.0,0.0,1.0496154390638688
2018-06-14,-0.01038463475375108,-0.01038463475375108,0.0,0.0,1.0387155660972924
2018-06-15,0.0012196873039648482,0.0012196873039648482,0.0,0.0,1.039982474285692
2018-06-19,-0.01031467750521194,-0.01031467750521194,0.0,0.0,1.0292553904523627
2018-06-20,0.0033492581430076664,0.0033492581430076664,0.0,0.0,1.0327026324500699
2018-06-21,0.003080393961301213,0.003080393961301213,0.0,0.0,1.0358837634028888
2018-06-22,-0.001985539064402437,-0.001985539064402437,0.0,0.0,1.033826975724472
2018-06-25,-0.0026192113807177618,-0.0026192113807177618,0.0,0.0,1.0311191643439614
2018-06-26,-0.0025208331458221444,-0.0025208331458221444,0.0,0.0,1.0285198849771908
2018-06-27,-0.0038164001371965165,-0.0038164001371965165,0.0,0.0,1.0245946415470546
2018-06-28,-0.005043361872726349,-0.005043361872726349,0.0,0.0,1.0194272399968765
2018-06-29,0.012666276803530503,0.012666276803530503,0.0,0.0,1.032339587599736
2018-07-02,-0.005739832564828823,-0.005739832564828823,0.0,0.0,1.0264141312168693
2018-07-03,-0.006829308401932701,-0.006829308401932701,0.0,0.0,1.0194044325666873
2018-07-04,0.0019351013621111855,0.0019351013621111855,0.0,0.0,1.0213770834726892
2018-07-05,-0.007014786625433738,-0.007014786625433738,0.0,0.0,1.0142123411680204
2018-07-06,-0.002520838888271418,-0.002520838888271418,0.0,0.0,1.0116556752574393
2018-07-09,0.009023495294112165,0.009023495294112165,0.0,0.0,1.0207843454823866
2018-07-10,0.002637683681901725,0.002637683681901725,0.0,0.0,1.0234768516932062
2018-07-11,-0.007232901312234819,-0.007232901312234819,0.0,0.0,1.0160741446295525
2018-07-12,0.004845900468229051,0.004845900468229051,0.0,0.0,1.0209979388027683
2018-07-13,0.005958597699004572,0.005958597699004572,0.0,0.0,1.027081654771607
2018-07-16,-0.00355770778147724,-0.00355770778147724,0.0,0.0,1.0234275983762136
2018-07-17,-2.3696308335310326e-06,-2.3696308335310326e-06,0.0,0.0,1.0234251732306205
2018-07-18,0.003503676371109727,0.003503676371109727,0.0,0.0,1.0270109238276677
2018-07-19,-0.004184152123833792,-0.004184152123833792,0.0,0.0,1.0227137538895337
2018-07-20,-6.843418447304229e-05,-6.843418447304229e-05,0.0,0.0,1.0226437653078368
2018-07-23,-0.0022064575686175716,-0.0022064575686175716,0.0,0.0,1.0203873452318737
2018-07-24,0.005818538133686584,0.005818538133686584,0.0,0.0,1.0263245079112366
2018-07-25,-0.0009070992577475242,-0.0009070992577475242,0.0,0.0,1.0253935297119021
2018-07-26,0.0030934828648951527,0.0030934828648951527,0.0,0.0,1.0285655670258402
2018-07-27,0.0010988165161480096,0.0010988165161480096,0.0,0.0,1.0296957718588293
2018-07-30,-0.0025505710231916406,-0.0025505710231916406,0.0,0.0,1.0270694596604233
2018-07-31,0.005776963056392017,0.005776963056392017,0.0,0.0,1.03300280198523
2018-08-01,0.002369654299770165,0.002369654299770165,0.0,0.0,1.035450661516629
2018-08-02,-0.012032868335995076,-0.012032868335995076,0.0,0.0,1.0229912200381805
2018-08-03,0.006121177826931473,0.006121177826931473,0.0,0.0,1.0292531312114237
2018-08-06,0.0028160366539175643,0.0028160366539175643,0.0,0.0,1.0321515457550745
2018-08-07,0.0010851260008001664,0.0010851260008001664,0.0,0.0,1.0332715602341396
2018-08-08,0.0034321310747665095,0.0034321310747665095,0.0,0.0,1.0368178836646915
2018-08-09,-0.005224368653158197,-0.005224368653158197,0.0,0.0,1.0314011648142398
2018-08-10,-0.003052220902642553,-0.003052220902642553,0.0,0.0,1.028253100619984
2018-08-13,-0.016667845945845628,-0.016667845945845628,0.0,0.0,1.011114336345512
2018-08-14,0.006191096423690954,0.006191096423690954,0.0,0.0,1.0173742426972032
2018-08-15,-0.011585243150098824,-0.011585243150098824,0.0,0.0,1.0055877147209085
2018-08-16,-0.005655627889650773,-0.005655627889650773,0.0,0.0,0.9999004847960427
2018-08-17,0.0005629058460242588,0.0005629058460242588,0.0,0.0,1.000463334624377
2018-08-20,0.0018290924763057835,0.0018290924763057835,0.0,0.0,1.0022932745825583
2018-08-21,0.007017723727018826,0.007017723727018826,0.0,0.0,1.0093270918770278
2018-08-22,0.0013504690381232808,0.0013504690381232808,0.0,0.0,1.0106901568639466
2018-08-23,0.003970722449778062,0.003970722449778062,0.0,0.0,1.014703326959576
2018-08-24,-0.007490501905977475,-0.007490501905977475,0.0,0.0,1.0071026897549837
2018-08-27,0.007509421623473414,0.007509421623473414,0.0,0.0,1.014665448470488
2018-08-28,0.004489723331651674,0.004489723331651674,0.0,0.0,1.0192210156083068
2018-08-29,0.0016277101221966828,0.0016277101221966828,0.0,0.0,1.020880011972168
2018-08-30,-0.0030602779315391845,-0.0030602779315391845,0.0,0.0,1.01775583540078
2018-08-31,0.0038066496256431953,0.0038066496256431953,0.0,0.0,1.0216300752706047
2018-09-03,-0.010489771771965003,-0.010489771771965003,0.0,0.0,1.0109134089456406
2018-09-04,0.001950796443302585,0.001950796443302585,0.0,0.0,1.0128854952282986
2018-09-05,-0.0118762221906787,-0.0118762221906787,0.0,0.0,1.0008562420332516
2018-09-06,-0.004054715568249334,-0.004054715568249334,0.0,0.0,0.9967980546470999
2018-09-07,-0.008913700074707386,-0.008913700074707386,0.0,0.0,0.9879128957529238
2018-09-10,-0.010329091208058206,-0.010329091208058206,0.0,0.0,0.9777086533470749
2018-09-11,0.006719925313890873,0.006719925313890873,0.0,0.0,0.984278782476312
2018-09-12,-0.0010036248881562244,-0.0010036248881562244,0.0,0.0,0.9832909357933346
2018-09-13,0.005684190430277361,0.005684190430277361,0.0,0.0,0.9888801487207495
2018-09-14,0.005986605565321105,0.005986605565321105,0.0,0.0,0.9948001841225166
2018-09-17,-0.0005106002186511734,-0.0005106002186511734,0.0,0.0,0.9942922389309895
2018-09-18,0.0010375770728199662,0.0010375770728199662,0.0,0.0,0.9953238937617871
2018-09-19,0.007012160433107344,0.007012160433107344,0.0,0.0,1.0023032645877497
2018-09-20,-0.0040232893487912175,-0.0040232893487912175,0.0,0.0,0.9982707085390751
2018-09-21,0.01274446102879948,0.01274446102879948,0.0,0.0,1.0109931306802433
2018-09-25,0.0006251268435847434,0.0006251268435847434,0.0,0.0,1.0116251296249115
2018-09-26,-0.002236029980784354,-0.002236029980784354,0.0,0.0,1.0093631055057553
2018-09-27,0.004966912600834978,0.004966912600834978,0.0,0.0,1.0143765238333096
2018-09-28,-0.0014348754381742967,-0.0014348754381742967,0.0,0.0,1.0129210198742005
2018-10-01,0.0020141397054235536,0.0020141397054235536,0.0,0.0,1.0149611843187873
2018-10-02,-0.00871635858694757,-0.00871635858694757,0.0,0.0,1.0061144186844317
2018-10-03,-0.0031563759108989052,-0.0031563759108989052,0.0,0.0,1.0029387433696881
2018-10-04,-0.007081079918274627,-0.007081079918274627,0.0,0.0,0.9958368539747534
2018-10-05,-0.013054041429518059,-0.013054041429518059,0.0,0.0,0.9828371584259261
2018-10-08,-0.00019729176157785042,-0.00019729176157785042,0.0,0.0,0.982643252751596
2018-10-09,0.0026742103874728075,0.0026742103874728075,0.0,0.0,0.9852710475452845
2018-10-11,-0.05377392676337063,-0.05377392676337063,0.0,0.0,0.9322891543925149
2018-10-12,0.015576882261050595,0.015576882261050595,0.0,0.0,0.9468113127837416
2018-10-15,-0.012562981620736864,-0.012562981620736864,0.0,0.0,0.9349165396629338
2018-10-16,0.0013593448781578075,0.0013593448781578075,0.0,0.0,0.9361874136726295
2018-10-17,-0.0006953969366395653,-0.0006953969366395653,0.0,0.0,0.935536391813041
2018-10-18,-9.940968713373984e-05,-9.940968713373984e-05,0.0,0.0,0.9354433904330287
2018-10-19,-0.004216765607095174,-0.004216765607095174,0.0,0.0,0.9314988449168662
2018-10-22,0.004089214662430547,0.004089214662430547,0.0,0.0,0.9353079436515374
2018-10-23,-0.012565765551424489,-0.012565765551424489,0.0,0.0,0.9235550833132271
2018-10-24,-0.0036633557831657615,-0.0036633557831657615,0.0,0.0,0.9201717724576994
2018-10-25,-0.01859691683416775,-0.01859691683416775,0.0,0.0,0.9030594145321549
2018-10-26,-0.0005909011393376762,-0.0005909011393376762,0.0,0.0,0.9025257956952182
2018-10-29,0.00034928542224043604,0.00034928542224043604,0.0,0.0,0.9028410347988505
2018-10-30,0.003870341035983426,0.003870341035983426,0.0,0.0,0.9063353375048022
2018-10-31,0.020185194040448842,0.020185194040448842,0.0,0.0,0.9246298921580525
2018-11-01,0.00236075121426217,0.00236075121426217,0.0,0.0,0.9268127132987077
2018-11-02,0.01008034264189234,0.01008034264189234,0.0,0.0,0.9361553030136206
2018-11-05,0.0011324926673883858,0.0011324926673883858,0.0,0.0,0.9372154920298202
2018-11-06,-0.004234131504981501,-0.004234131504981501,0.0,0.0,0.93324719838806
2018-11-07,0.010643874432318911,0.010643874432318911,0.0,0.0,0.943180564382016
2018-11-08,0.004561172881430627,0.004561172881430627,0.0,0.0,0.9474825739945676
2018-11-09,-0.00603465531487148,-0.00603465531487148,0.0,0.0,0.9417648432436632
2018-11-12,-0.00035692002781221536,-0.00035692002781221536,0.0,0.0,0.9414287085096201
2018-11-13,-0.0007923755997384545,-0.0007923755997384545,0.0,0.0,0.9406827433721038
2018-11-14,0.004724264076976708,0.004724264076976708,0.0,0.0,0.9451267770644485
2018-11-15,0.0004931015746284918,0.0004931015746284918,0.0,0.0,0.9455928205664426
2018-11-16,0.0013991124968455414,0.0013991124968455414,0.0,0.0,0.9469158112986245
2018-11-19,0.007116094402599993,0.007116094402599993,0.0,0.0,0.9536541536031401
2018-11-20,-0.004996863448551594,-0.004996863448551594,0.0,0.0,0.9488888740204412
2018-11-21,0.0005770637852353473,0.0005770637852353473,0.0,0.0,0.9494364434258512
2018-11-22,-0.003092637815972811,-0.003092637815972811,0.0,0.0,0.9465001803770497
2018-11-23,-0.0045289564510404565,-0.0045289564510404565,0.0,0.0,0.9422135222792202
2018-11-26,0.004951705030693567,0.004951705030693567,0.0,0.0,0.9468790857174777
2018-11-27,0.00027693698958026385,0.00027693698958026385,0.0,0.0,0.9471413115609728
2018-11-28,0.00862504072960632,0.00862504072960632,0.0,0.0,0.9553104439498789
2018-11-29,-0.0023971802814396507,-0.0023971802814396507,0.0,0.0,0.9530203925909888
2018-11-30,0.003887425963122672,0.003887425963122672,0.0,0.0,0.9567251888085324
2018-12-03,0.013640083462815943,0.013640083462815943,0.0,0.0,0.9697750002348591
2018-12-04,-0.0007531801586128051,-0.0007531801586128051,0.0,0.0,0.9690445849463635
2018-12-05,-0.010022530835059128,-0.010022530835059128,0.0,0.0,0.9593323057131915
2018-12-06,-0.015417418937850393,-0.015417418937850393,0.0,0.0,0.9445418776553972
2018-12-07,0.005862422524926813,0.005862422524926813,0.0,0.0,0.9500791812347009
2018-12-10,-0.01132997023667387,-0.01132997023667387,0.0,0.0,0.9393148123888283
2018-12-11,0.000368544242246337,0.000368544242246337,0.0,0.0,0.9396609914545909
2018-12-12,0.0055834770422450684,0.0055834770422450684,0.0,0.0,0.9449075670278709
2018-12-13,0.004742998072313067,0.004742998072313067,0.0,0.0,0.9493892617967982
2018-12-14,-0.003450661605699443,-0.003450661605699443,0.0,0.0,0.9461132407222527
2018-12-17,-0.0008013845600751936,-0.0008013845600751936,0.0,0.0,0.9453550401790551
2018-12-18,-0.00975020750603317,-0.00975020750603317,0.0,0.0,0.936137632370435
2018-12-19,0.004823285501858666,0.004823285501858666,0.0,0.0,0.9406528914403915
2018-12-20,-0.0067144446227745715,-0.0067144446227745715,0.0,0.0,0.9343369296915622
2018-12-21,-0.0021853090001630695,-0.0021853090001630695,0.0,0.0,0.9322951147899224
2018-12-22,2.7434109772809883e-05,2.7434109772809883e-05,0.0,0.0,0.9323206914764423
2018-12-24,0.005786253763673364,0.005786253763673364,0.0,0.0,0.9377153355864483
2018-12-25,-0.01081038952362817,-0.01081038952362817,0.0,0.0,0.9275782675464791
2018-12-26,-0.005287786303135658,-0.005287786303135658,0.0,0.0,0.9226734318882606
2018-12-27,0.010181878108095758,0.010181878108095758,0.0,0.0,0.9320679803053252
2018-12-28,0.0074223697152819915,0.0074223697152819915,0.0,0.0,0.9389861334549275
2019-01-02,-0.010052862607036554,-0.010052862607036554,0.0,0.0,0.9295466348653927
2019-01-03,-0.0008959815967627864,-0.0008959815967627864,0.0,0.0,0.9287137781872206
2019-01-04,-0.0031405901008094025,-0.0031405901008094025,0.0,0.0,0.9257970688889605
2019-01-07,0.01686874216153518,0.01686874216153518,0.0,0.0,0.9414141009379534
2019-01-08,-0.003324447076482624,-0.003324447076482624,0.0,0.0,0.9382844195823308
2019-01-09,0.014216314499946668,0.014216314499946668,0.0,0.0,0.9516233659815132
2019-01-10,-0.0013039717368777915,-0.0013039717368777915,0.0,0.0,0.9503824760081208
2019-01-11,-0.0018594552896824754,-0.0018594552896824754,0.0,0.0,0.948615282285886
2019-01-14,-0.005596014394908132,-0.005596014394908132,0.0,0.0,0.9433068175109843
2019-01-15,0.0071450957623347125,0.0071450957623347125,0.0,0.0,0.9500468350553635
2019-01-16,-0.002848216659268111,-0.002848216659268111,0.0,0.0,0.9473408958326738
2019-01-17,0.0011201554931400616,0.0011201554931400616,0.0,0.0,0.9484020649410171
2019-01-18,0.0045640255893003995,0.0045640255893003995,0.0,0.0,0.9527305962343533
2019-01-21,0.0018310408224103498,0.0018310408224103498,0.0,0.0,0.9544750848488177
2019-01-22,-0.001314732686059114,-0.001314732686059114,0.0,0.0,0.953220205256738
2019-01-23,0.00024822352923662214,0.00024822352923662214,0.0,0.0,0.9534568169402265
2019-01-24,0.0012229969962890312,0.0012229969962890312,0.0,0.0,0.9546228917634358
2019-01-25,0.00558747810400897,0.00558747810400897,0.0,0.0,0.9599568262687499
2019-01-28,0.0017849640946197207,0.0017849640946197207,0.0,0.0,0.9616703147360247
2019-01-29,-0.0006913834690911082,-0.0006913834690911082,0.0,0.0,0.9610054317777006
2019-01-30,0.00010380332326359555,0.00010380332326359555,0.0,0.0,0.9611051873351936
2019-02-11,-0.0020707602805132776,-0.0020707602805132776,0.0,0.0,0.9591149688878646
2019-02-12,0.005484519801054865,0.005484519801054865,0.0,0.0,0.9643752539262183
2019-02-13,0.00276563561808894,0.00276563561808894,0.0,0.0,0.9670423644776802
2019-02-14,-0.0007515944974072682,-0.0007515944974072682,0.0,0.0,0.9663155407577791
2019-02-15,-0.0025005659290282013,-0.0025005659290282013,0.0,0.0,0.9638992050398697
2019-02-18,0.006447541558312417,0.006447541558312417,0.0,0.0,0.9701139852223887
2019-02-19,0.0003991621119407546,0.0003991621119407546,0.0,0.0,0.9705012179695534
2019-02-20,0.006351877019381521,0.0055763169035292215,0.3565793636102527,0.0007755601158522997,0.9759130403162126
2019-02-21,0.003106092649157839,0.003106092649157839,0.0,0.0,0.978944316636956
2019-02-22,0.0019330126805137695,0.0019330126805137695,0.0,0.0,0.9808366284145321
2019-02-25,0.003050735643756287,0.003050735643756287,0.0,0.0,0.9838289016775381
2019-02-26,0.00033348468170840673,0.00033348468170840673,0.0,0.0,0.9841569935456697
2019-02-27,0.003512345503287666,0.003512345503287666,0.0,0.0,0.9876136929364789
2019-03-04,-0.0034374858101315587,-0.0034374858101315587,0.0,0.0,0.9842187848811181
2019-03-05,-0.0018075570638724347,-0.0018075570638724347,0.0,0.0,0.9824397532641103
2019-03-06,0.0031368485902572947,0.0031368485902572947,0.0,0.0,0.9855215180191494
2019-03-07,-0.0032203293845206277,-0.0032203293845206277,0.0,0.0,0.982347814115595
2019-03-08,-0.0039883842769275766,-0.0039883842769275766,0.0,0.0,0.9784298335393021
2019-03-11,-0.0009114475892734586,-0.0009114475892734586,0.0,0.0,0.9775380460262495
2019-03-12,0.007915932216424507,0.007915932216424507,0.0,0.0,0.9852761709375695
2019-03-13,-0.0003711438500786686,-0.0003711438500786686,0.0,0.0,0.984910491746097
2019-03-14,-0.0032897204397509005,-0.0032897204397509005,0.0,0.0,0.9816704115700747
2019-03-15,0.005894035224021105,0.005894035224021105,0.0,0.0,0.987456411554248
2019-03-18,0.00654509968920818,0.00654509968920818,0.0,0.0,0.9939194122066184
2019-03-19,0.0012070817360847281,0.0012070817360847281,0.0,0.0,0.9951191541762331
2019-03-20,0.0023662427706678756,0.0023662427706678756,0.0,0.0,0.9974738476807558
2019-03-21,0.0023701787951634053,0.0023701787951634053,0.0,0.0,0.9998380390432586
2019-03-22,-0.0023764331646109363,-0.0023764331646109363,0.0,0.0,0.9974619907680368
2019-03-25,-0.005332903304237637,-0.005332903304237637,0.0,0.0,0.9921426224216184
2019-03-26,0.004286281849309214,0.004286281849309214,0.0,0.0,0.9963952253360303
2019-03-27,-0.0028044391856493116,-0.0028044391856493116,0.0,0.0,0.993600895521704
2019-03-28,-0.0011408157781069583,-0.0011408157781069583,0.0,0.0,0.9924673799429516
2019-03-29,0.008411511237042464,0.008411511237042464,0.0,0.0,1.0008155304617399
2019-04-01,-0.003971143524136579,-0.003971143524136579,0.0,0.0,0.9968411483490913
2019-04-02,0.00043492939089824554,0.00043492939089824554,0.0,0.0,0.9972747038625651
2019-04-03,0.0015819535420149183,0.0015819535420149183,0.0,0.0,0.9988523461127025
2019-04-08,0.003546201552296973,0.003546201552296973,0.0,0.0,1.0023944778530027
2019-04-09,0.003987665069386246,0.003987665069386246,0.0,0.0,1.0063916912980828
2019-04-10,0.00020776006142144798,0.00020776006142144798,0.0,0.0,1.006600779297681
2019-04-11,-0.0025629902788372547,-0.0025629902788372547,0.0,0.0,1.004020871285671
2019-04-12,0.0009744358536813205,0.0009744358536813205,0.0,0.0,1.0049992252204962
2019-04-15,0.002541901970224688,0.002541901970224688,0.0,0.0,1.0075538347311583
2019-04-16,0.0016789182629084853,0.0016789182629084853,0.0,0.0,1.0092454352651519
2019-04-17,0.0025946366079256447,0.0025946366079256447,0.0,0.0,1.0118640604178728
2019-04-18,-0.006290604377119124,-0.006290604377119124,0.0,0.0,1.0054988239303586
2019-04-19,0.0026703930877819545,0.0026703930877819545,0.0,0.0,1.0081839010395552
2019-04-22,0.0005341452130177272,0.0005341452130177272,0.0,0.0,1.008722417644137
2019-04-23,0.0030062912330269553,0.0030062912330269553,0.0,0.0,1.0117549310048581
2019-04-24,0.0014135255543037749,0.0014135255543037749,0.0,0.0,1.0131850724545264
2019-04-25,3.648810772929225e-05,3.648810772929225e-05,0.0,0.0,1.0132220416605997
2019-04-26,-2.0026188143983318e-05,-2.0026188143983318e-05,0.0,0.0,1.0132017506853617
2019-04-29,0.004380527068894672,0.004380527068894672,0.0,0.0,1.0176401083804902
2019-04-30,0.0025774634811495186,0.0025774634811495186,0.0,0.0,1.020263038596794
2019-05-02,0.003088134454684675,0.003088134454684675,0.0,0.0,1.0234137480391259
2019-05-03,0.000163974841853717,0.000163974841853717,0.0,0.0,1.0235815621466116
2019-05-06,-0.014197588631606832,-0.014197588631606832,0.0,0.0,1.0090491721963566
2019-05-07,0.005299019368098334,0.005299019368098334,0.0,0.0,1.0143961433031887
2019-05-08,-0.004549655891709788,-0.004549655891709788,0.0,0.0,1.0097809899132817
2019-05-09,-0.011326104096869207,-0.011326104096869207,0.0,0.0,0.9983441053064842
2019-05-10,-0.002151642825618105,-0.002151642825618105,0.0,0.0,0.9961960253748035
2019-05-13,-0.006243989114466702,-0.006243989114466702,0.0,0.0,0.9899757882364882
2019-05-14,-0.004193596422800824,-0.004193596422800824,0.0,0.0,0.9858242293122803
2019-05-15,0.002290702271033986,0.002290702271033986,0.0,0.0,0.9880824591132061
2019-05-16,-0.006788518201965847,-0.006788518201965847,0.0,0.0,0.981374843354473
2019-05-17,-0.0005099215530895918,-0.0005099215530895918,0.0,0.0,0.9808744191701866
2019-05-20,0.009233068734497469,0.009233068734497469,0.0,0.0,0.9899309001022952
2019-05-21,0.010485384661165784,0.010485384661165784,0.0,0.0,1.000310706377842
2019-05-22,-0.0042817860446672145,-0.0042817860446672145,0.0,0.0,0.9960275899549422
2019-05-23,-0.003339489690682066,-0.003339489690682066,0.0,0.0,0.9927013660866527
2019-05-24,0.0019127879113407234,0.0019127879113407234,0.0,0.0,0.9946001932592747
2019-05-27,0.0029763530091543224,0.0029763530091543224,0.0,0.0,0.9975604745373874
2019-05-28,-0.0008672218646972815,-0.0008672218646972815,0.0,0.0,0.9966953682825108
2019-05-29,-0.0006871955743989918,-0.0006871955743989918,0.0,0.0,0.9960104436364031
2019-05-30,0.007709557334569262,0.007709557334569262,0.0,0.0,1.0036892432574478
2019-05-31,0.009123716303248692,0.009123716303248692,0.0,0.0,1.012846619169551
2019-06-03,-0.0010108634861994217,-0.0010108634861994217,0.0,0.0,1.011822769505112
2019-06-04,0.0002957498063522634,0.0002957498063522634,0.0,0.0,1.012122015893256
2019-06-05,0.0015135209396255627,0.0015135209396255627,0.0,0.0,1.0136538837577664
2019-06-06,0.004340070442266124,0.004340070442266124,0.0,0.0,1.0180532130173516
2019-06-10,0.00498412174558775,0.00498412174558775,0.0,0.0,1.0231273141745167
2019-06-11,-0.00476795736201799,-0.00476795736201799,0.0,0.0,1.0182490867646168
2019-06-12,-0.004967719845772315,-0.004967719845772315,0.0,0.0,1.0131907105683566
2019-06-13,-0.0007014366542026965,-0.0007014366542026965,0.0,0.0,1.0124800214662664
2019-06-14,0.0008421653449752083,0.0008421653449752083,0.0,0.0,1.0133326970528251
2019-06-17,0.0017213039899555906,0.0017213039899555906,0.0,0.0,1.0150769506674147
2019-06-18,0.001515354270366676,0.001515354270366676,0.0,0.0,1.0166151518593594
2019-06-19,0.012790838593665164,0.012790838593665164,0.0,0.0,1.029618512178667
2019-06-20,0.0016544164623325153,0.0016544164623325153,0.0,0.0,1.0313219299951375
2019-06-21,-0.003094104936004369,-0.003094104936004369,0.0,0.0,1.02813091172093
2019-06-24,0.004654662444571778,0.004654662444571778,0.0,0.0,1.0329165140638208
2019-06-25,-0.0021695075437558695,-0.0021695075437558695,0.0,0.0,1.0306755938944894
2019-06-26,-0.000993897529723174,-0.000993897529723174,0.0,0.0,1.0296512079677718
2019-06-27,0.004182133480553688,0.004182133480553688,0.0,0.0,1.0339573467579062
2019-06-28,-0.003686322873609223,-0.003686322873609223,0.0,0.0,1.0301458461402162
2019-07-01,0.0015089406668271192,0.0015089406668271192,0.0,0.0,1.0317002751002202
2019-07-02,-0.0021403045286789756,-0.0021403045286789756,0.0,0.0,1.029492122329184
2019-07-03,-0.0030482134645380197,-0.0030482134645380197,0.0,0.0,1.0263540105802644
2019-07-04,0.001171177078343471,0.001171177078343471,0.0,0.0,1.027556052871722
2019-07-05,0.0016481536343631081,0.0016481536343631081,0.0,0.0,1.0292496231147743
2019-07-08,-0.0034186000193505654,-0.0034186000193505654,0.0,0.0,1.0257310303332776
2019-07-09,-0.00584509383427768,-0.00584509383427768,0.0,0.0,1.0197355362122493
2019-07-10,0.004765950900420463,0.004765950900420463,0.0,0.0,1.0245955457092508
2019-07-11,0.0021807203098749696,0.0021807203098749696,0.0,0.0,1.0268299020251863
2019-07-12,-0.0011266208660153235,-0.0011266208660153235,0.0,0.0,1.0256730540317163
2019-07-15,-0.002436053760982812,-0.002436053760982812,0.0,0.0,1.0231744593309036
2019-07-16,-0.0019953710031537517,-0.0019953710031537517,0.0,0.0,1.0211328466835872
2019-07-17,0.002526157139256667,0.002526157139256667,0.0,0.0,1.0237123887143664
2019-07-18,-0.0031654708772789167,-0.0031654708772789167,0.0,0.0,1.0204718569611815
2019-07-19,0.0014370772009300852,0.0014370772009300852,0.0,0.0,1.0219383538010112
2019-07-22,-0.0010236145010529057,-0.0010236145010529057,0.0,0.0,1.0208922828828784
2019-07-23,-0.0014500820378264875,-0.0014500820378264875,0.0,0.0,1.0194119053209143
2019-07-24,-0.0037295956748267306,-0.0037295956748267306,0.0,0.0,1.0156099110879624
2019-07-25,-0.003076418602928969,-0.003076418602928969,0.0,0.0,1.0124854698641723
2019-07-26,-0.00155145545915812,-0.00155145545915812,0.0,0.0,1.0109146437546332
2019-07-29,-0.00023120606720249056,-0.00023120606720249056,0.0,0.0,1.0106809141555733
2019-07-30,-0.0020083953585380253,-0.0020083953585380253,0.0,0.0,1.0086510672986202
2019-07-31,-0.0011743396591975806,-0.0011743396591975806,0.0,0.0,1.0074665683479995
2019-08-01,-0.009802359125937549,-0.009802359125937549,0.0,0.0,0.9975910192376766
2019-08-02,-0.011999501438657932,-0.011999501438657932,0.0,0.0,0.9856204243671418
2019-08-05,-0.0056486755812808235,-0.0056486755812808235,0.0,0.0,0.9800529743436075
2019-08-06,-0.008560257102017308,-0.008560257102017308,0.0,0.0,0.9716634689096294
2019-08-07,-0.0017612746672317709,-0.0017612746672317709,0.0,0.0,0.9699521026567643
2019-08-08,0.006528108728217363,0.006528108728217363,0.0,0.0,0.9762840554440708
2019-08-12,-0.0035120970060231126,-0.0035120970060231126,0.0,0.0,0.9728552511359176
2019-08-13,-0.008389481148511905,-0.008389481148511905,0.0,0.0,0.9646935003462821
2019-08-14,0.0006088537382829111,0.0006088537382829111,0.0,0.0,0.9652808575902652
2019-08-15,-0.010168150920662561,-0.010168150920662561,0.0,0.0,0.9554657361494607
2019-08-16,0.011647831333403915,0.011647831333403915,0.0,0.0,0.9665948398889762
2019-08-19,0.004922647028445145,0.004922647028445145,0.0,0.0,0.9713530451052661
2019-08-20,-0.0018558637805476817,-0.0018558637805476817,0.0,0.0,0.9695503461707305
2019-08-21,-0.00017680586259025046,-0.00017680586259025046,0.0,0.0,0.9693789239854511
2019-08-22,0.0012308797551002842,0.0012308797551002842,0.0,0.0,0.9705721128780058
2019-08-23,0.0025311880795545853,0.0025311880795545853,0.0,0.0,0.9730288134404708
2019-08-26,-0.01153462454605773,-0.01153462454605773,0.0,0.0,0.9618052914049389
2019-08-27,-0.001210595774302834,-0.001210595774302834,0.0,0.0,0.960640933983462
2019-08-28,0.0026935631945123346,0.0026935631945123346,0.0,0.0,0.9632284810463818
2019-08-29,0.0013230982390531566,0.0013230982390531566,0.0,0.0,0.9645029269534601
2019-08-30,0.013485741185588302,0.013485741185588302,0.0,0.0,0.9775099637990967
2019-09-02,0.0030031783376669777,0.0030031783376669777,0.0,0.0,0.9804456005472317
2019-09-03,-0.00531844176412623,-0.00531844176412623,0.0,0.0,0.9752311577178275
2019-09-04,0.00709905205174261,0.00709905205174261,0.0,0.0,0.9821543744689476
2019-09-05,0.004294216098936712,0.004294216098936712,0.0,0.0,0.9863719575954333
2019-09-06,0.0028771270922853046,0.0028771270922853046,0.0,0.0,0.9892098750777016
2019-09-09,0.005390108080440454,0.005390108080440454,0.0,0.0,0.9945418232186094
2019-09-10,0.005100155112358191,0.005100155112358191,0.0,0.0,0.9996141407827518
2019-09-11,0.0027831012000119155,0.0027831012000119155,0.0,0.0,1.002396168097513
2019-09-12,0.0005415373881855478,0.0005415373881855478,0.0,0.0,1.0029390031003118
2019-09-16,0.0038150637054724643,0.0038150637054724643,0.0,0.0,1.0067652792898425
2019-09-17,-0.00028618395926579654,-0.00028618395926579654,0.0,0.0,1.0064771592161639
2019-09-18,0.0026381991377930998,0.0026381991377930998,0.0,0.0,1.0091324463898164
2019-09-19,-0.0032302172729007294,-0.0032302172729007294,0.0,0.0,1.0058727293308434
2019-09-20,0.0040608321814893,0.0040608321814893,0.0,0.0,1.0099574096805926
2019-09-23,-0.004078326581702589,-0.004078326581702589,0.0,0.0,1.0058384735303048
2019-09-24,-0.0014374736120277307,-0.0014374736120277307,0.0,0.0,1.0043926072666427
2019-09-25,-0.005111285279715084,-0.005111285279715084,0.0,0.0,0.9992588701180661
2019-09-26,-0.0022202338318700696,-0.0022202338318700696,0.0,0.0,0.9970402817678338
2019-09-27,-0.008125887875262468,-0.008125887875262468,0.0,0.0,0.9889384442310682
2019-10-01,0.009033267769245271,0.009033267769245271,0.0,0.0,0.9978717900051083
2019-10-02,-0.00372657759483635,-0.00372657759483635,0.0,0.0,0.9941531433499561
2019-10-03,-0.0062959493505949414,-0.0062959493505949414,0.0,0.0,0.98789400551269
2019-10-04,0.0035398159425365284,0.0035398159425365284,0.0,0.0,0.9913909684629402
2019-10-07,0.0007550032989115331,0.0007550032989115331,0.0,0.0,0.9921394719146407
2019-10-08,0.001775187477415113,0.001775187477415113,0.0,0.0,0.9939007054810327
2019-10-09,-0.00980113393079864,-0.00980113393079864,0.0,0.0,0.9841593515526978
2019-10-14,0.010170577618502737,0.010170577618502737,0.0,0.0,0.9941688206266399
2019-10-15,0.0005006256741120019,0.0005006256741120019,0.0,0.0,0.9946665270626472
2019-10-16,0.004607290050467259,0.004607290050467259,0.0,0.0,0.9992492442563158
2019-10-17,0.0047525660830563185,0.0047525660830563185,0.0,0.0,1.003998242323088
2019-10-18,-0.0007396204662147242,-0.0007396204662147242,0.0,0.0,1.0032556646750224
2019-10-21,0.0038720059205662634,0.0038720059205662634,0.0,0.0,1.0071402765484858
2019-10-22,0.0034531625127446966,0.0034531625127446966,0.0,0.0,1.0106180955965385
2019-10-23,-0.004408656905557032,-0.004408656905557032,0.0,0.0,1.006162627150506
2019-10-24,0.006178346246891013,0.006178346246891013,0.0,0.0,1.0123790482417232
2019-10-25,-0.0007282294507137157,-0.0007282294507137157,0.0,0.0,1.011641804003508
2019-10-28,0.0006885646744045235,0.0006885646744045235,0.0,0.0,1.0123383848128957
2019-10-29,-0.00037326361494676504,-0.00037326361494676504,0.0,0.0,1.011960515727831
2019-10-30,0.005750690677188701,0.005750690677188701,0.0,0.0,1.0177799876313103
2019-10-31,-0.0016078299963217704,-0.0016078299963217704,0.0,0.0,1.0161435704375406
2019-11-01,0.0023740615603015996,0.0023740615603015996,0.0,0.0,1.018555957827864
2019-11-04,0.007246783408569683,0.007246783408569683,0.0,0.0,1.0259372122437507
2019-11-05,0.005217641317154083,0.005217641317154083,0.0,0.0,1.0312901846311595
2019-11-06,0.0025463659083857456,0.0025463659083857456,0.0,0.0,1.0339162267989572
2019-11-07,-0.0009156243279773514,-0.0009156243279773514,0.0,0.0,1.0329695479486096
2019-11-08,-0.0005559708645927969,-0.0005559708645927969,0.0,0.0,1.0323952469759385
2019-11-11,-0.008096590343399625,-0.008096590343399625,0.0,0.0,1.0240363655887015
2019-11-12,0.002973697800827865,0.002973697800827865,0.0,0.0,1.0270815402770204
2019-11-13,-0.006176175911652183,-0.006176175911652183,0.0,0.0,1.0207381040086587
2019-11-14,-0.0024910310227334574,-0.0024910310227334574,0.0,0.0,1.0181954137254872
2019-11-15,0.002890724701041356,0.002890724701041356,0.0,0.0,1.0211387363584306
2019-11-18,0.005548370850912361,0.005548370850912361,0.0,0.0,1.026804392757979
2019-11-19,0.0002036540122660779,0.0002036540122660779,0.0,0.0,1.0270135055923766
2019-11-20,0.00038331229104543495,0.00038331229104543495,0.0,0.0,1.0274071724921399
2019-11-21,-0.0069491700758449355,-0.0069491700758449355,0.0,0.0,1.020267545313349
2019-11-22,0.0030046669785174737,0.0030046669785174737,0.0,0.0,1.0233331095160052
2019-11-25,0.0018987679897868842,0.0018987679897868842,0.0,0.0,1.0252761816672433
2019-11-26,-0.00041561649215431773,-0.00041561649215431773,0.0,0.0,1.0248500599771295
2019-11-27,0.006408577882745717,0.006408577882745717,0.0,0.0,1.0314178914046295
2019-11-28,-0.0021738733762323875,-0.0021738733762323875,0.0,0.0,1.0291757195107352
2019-11-29,-0.00615710081947197,-0.00615710081947197,0.0,0.0,1.0228389808447549
2019-12-02,-0.0019228375985807225,-0.0019228375985807225,0.0,0.0,1.0208722275950926
2019-12-03,0.0014908312050109307,0.0014908312050109307,0.0,0.0,1.0223941757683204
2019-12-04,-0.0006577425699741638,-0.0006577425699741638,0.0,0.0,1.0217217035956239
2019-12-05,0.00017155956680616516,0.00017155956680616516,0.0,0.0,1.021896989728489
2019-12-06,-0.0009671721508466516,-0.0009671721508466516,0.0,0.0,1.0209086394189897
2019-12-09,0.0033071771357334216,0.0033071771357334216,0.0,0.0,1.0242849651289487
2019-12-10,0.000555104476796323,0.000555104476796323,0.0,0.0,1.0248535502986071
2019-12-11,0.001062530592361882,0.001062530592361882,0.0,0.0,1.0259424885484902
2019-12-12,0.0033181518315688325,0.0033181518315688325,0.0,0.0,1.0293467214959517
2019-12-13,0.006016641114719424,0.006016641114719424,0.0,0.0,1.0355399313018059
2019-12-16,0.0007958533163828022,0.0007958533163828022,0.0,0.0,1.0363640691903793
2019-12-17,0.005953184473943893,0.005953184473943893,0.0,0.0,1.0425337356764368
2019-12-18,0.004346059635273089,0.004346059635273089,0.0,0.0,1.0470646494634708
2019-12-19,-0.002806388886505408,-0.002806388886505408,0.0,0.0,1.0441261788677638
2019-12-20,-0.000524544938402871,-0.000524544938402871,0.0,0.0,1.043578487765585
2019-12-23,0.004553331602569473,0.004553331602569473,0.0,0.0,1.0483302466736897
2019-12-24,-0.0035665548048894953,-0.0035665548048894953,0.0,0.0,1.0445913193953047
2019-12-25,0.0015405944764656575,0.0015405944764656575,0.0,0.0,1.0462006110121291
2019-12-26,-0.0009840705280086174,-0.0009840705280086174,0.0,0.0,1.0451710758244475
2019-12-27,0.002820881290372447,0.002820881290372447,0.0,0.0,1.0481193793574792
2019-12-30,-0.0018060941770226494,-0.0018060941770226494,0.0,0.0,1.0462263770495972
2019-12-31,-0.004785141399214945,-0.004785141399214945,0.0,0.0,1.0412200358998265
2020-01-02,0.002147303145491548,0.002147303145491548,0.0,0.0,1.043455850958063
2020-01-03,0.0015053731255678551,0.0015053731255678551,0.0,0.0,1.0450266413538118
2020-01-06,-0.009452253490664876,-0.009452253490664876,0.0,0.0,1.0351487846352374
2020-01-07,-0.0022995662781043484,-0.0022995662781043484,0.0,0.0,1.0327683913972696
2020-01-08,-0.005780226739800535,-0.005780226739800535,0.0,0.0,1.0267987559252945
2020-01-09,0.006039993313476007,0.006039993313476007,0.0,0.0,1.0330006135453687
2020-01-10,0.0033886529901333362,0.0033886529901333362,0.0,0.0,1.0365010941632686
2020-01-13,0.0077201532016504875,0.0077201532016504875,0.0,0.0,1.0445030414038874
2020-01-14,0.0023222284424505527,0.0023222284424505527,0.0,0.0,1.0469286160748614
2020-01-15,-0.0029704886891103706,-0.0029704886891103706,0.0,0.0,1.0438187264625052
2020-01-16,0.0015643129057192852,0.0015643129057192852,0.0,0.0,1.045451585567542
2020-01-17,0.004555585447597855,0.004555585447597855,0.0,0.0,1.0502142295969215
2020-01-20,0.003951496556310574,0.003951496556310574,0.0,0.0,1.054364147508562
2020-01-30,-0.05103710620273407,-0.05103710620273407,0.0,0.0,1.0005524525358125
2020-01-31,0.007227330730033015,0.007227330730033015,0.0,0.0,1.0077837760230344
2020-02-03,-0.004730832629158757,-0.004730832629158757,0.0,0.0,1.0030161196522878
2020-02-04,0.010412586852513471,0.010412586852513471,0.0,0.0,1.0134601121126383
2020-02-05,0.00177228014507183,0.00177228014507183,0.0,0.0,1.0152562473471578
2020-02-06,0.01141946509719344,0.01141946509719344,0.0,0.0,1.0268499306284462
2020-02-07,-0.007960362742789896,-0.007960362742789896,0.0,0.0,1.0186758326982353
2020-02-10,-0.00032557310980131735,-0.00032557310980131735,0.0,0.0,1.0183441792395043
2020-02-11,0.0021711176222396155,0.0021711176222396155,0.0,0.0,1.0205551242325563
2020-02-12,0.0016867707857817435,0.0016867707857817435,0.0,0.0,1.0222765668013916
2020-02-13,0.003331990922661262,0.003331990922661262,0.0,0.0,1.025682783042423
2020-02-14,0.0004406860798869397,0.0004406860798869397,0.0,0.0,1.0261347871672895
2020-02-17,-0.002332169173969521,-0.002332169173969521,0.0,0.0,1.0237416672483202
2020-02-18,0.0016722720449592653,0.0016722720449592653,0.0,0.0,1.0254536418197195
2020-02-19,0.009394108108462161,0.009394108108462161,0.0,0.0,1.0350868641911901
2020-02-20,-0.003903732216248827,-0.003903732216248827,0.0,0.0,1.031046162252831
2020-02-21,-0.004568439073954329,-0.004568439073954329,0.0,0.0,1.0263358906781446
2020-02-24,-0.009530094633000134,-0.009530094633000134,0.0,0.0,1.0165548125147374
2020-02-25,-0.003103042760589777,-0.003103042760589777,0.0,0.0,1.013400399463021
2020-02-26,-0.006370810109571402,-0.006370810109571402,0.0,0.0,1.0069442179530783
2020-02-27,-0.006985882046516116,-0.006985882046516116,0.0,0.0,0.9999098244190368
2020-03-02,-0.01189818777946694,-0.01189818777946694,0.0,0.0,0.9880127095655652
2020-03-03,0.008352283229648254,0.008352283229648254,0.0,0.0,0.996264871550349
2020-03-04,0.006697357903333626,0.006697357903333626,0.0,0.0,1.0029372139616404
2020-03-05,0.009233347409339841,0.009233347409339841,0.0,0.0,1.0121976816879035
2020-03-06,-0.014485102237775507,-0.015128075967167127,0.2956201054674114,0.0006429737293916197,0.9968850782655384
2020-03-09,-0.02249886659548708,-0.02249886659548708,0.0,0.0,0.9744562938786104
2020-03-10,-0.00039199655865589827,-0.00039199655865589827,0.0,0.0,0.9740743103648495
2020-03-11,-0.0027465548327239245,-0.0027465548327239245,0.0,0.0,0.9713989618602847
2020-03-12,-0.038028563153503434,-0.038028563153503434,0.0,0.0,0.9344580550919332
2020-03-13,-0.027284571087699223,-0.027284571087699223,0.0,0.0,0.9089617678593043
2020-03-16,-0.03418998640653015,-0.03418998640653015,0.0,0.0,0.8778843773721391
2020-03-17,-0.033818171631993736,-0.033818171631993736,0.0,0.0,0.8481959328251222
2020-03-18,-0.019553892910310667,-0.019553892910310667,0.0,0.0,0.8316104003876987
2020-03-19,-0.06637618958661531,-0.06637618958661531,0.0,0.0,0.7764112707893638
2020-03-20,0.057608796231092746,0.057608796231092746,0.0,0.0,0.821139389479792
2020-03-23,-0.03845680783936128,-0.03845680783936128,0.0,0.0,0.7895609897692373
2020-03-24,0.03893303966272076,0.03893303966272076,0.0,0.0,0.82030099910006
2020-03-25,0.039844144684102106,0.039844144684102106,0.0,0.0,0.8529851907927163
2020-03-26,0.002365801113569133,0.002365801113569133,0.0,0.0,0.8550031841069518
2020-03-27,0.01083652092207139,0.01083652092207139,0.0,0.0,0.8642684439999644
2020-03-30,-0.009075703615561533,-0.009075703615561533,0.0,0.0,0.8564245997579382
2020-03-31,-0.0010071581476306614,-0.0010071581476306614,0.0,0.0,0.8555620447444606
2020-04-01,-0.0026470729461047365,-0.0026470729461047365,0.0,0.0,0.8532973096021035
2020-04-06,0.013845918911911378,0.013845918911911378,0.0,0.0,0.8651119949586064
2020-04-07,0.008755027832573245,0.008755027832573245,0.0,0.0,0.8726860745527619
2020-04-08,0.010343759558520814,0.010343759558520814,0.0,0.0,0.881712929478005
2020-04-09,0.005830314695183364,0.005830314695183364,0.0,0.0,0.8868535933276738
2020-04-10,0.015832736602694183,0.015832736602694183,0.0,0.0,0.9008949126759838
2020-04-13,-0.007847274525466293,-0.007847274525466293,0.0,0.0,0.8938253429776193
2020-04-14,0.02072925113862239,0.02072925113862239,0.0,0.0,0.9123536729862676
2020-04-15,0.014467055764793273,0.014467055764793273,0.0,0.0,0.9255527444505738
2020-04-16,-0.012341726941065924,-0.012341726941065924,0.0,0.0,0.9141298252090106
2020-04-17,0.0033615355848921114,0.0033615355848921114,0.0,0.0,0.917202705145662
2020-04-20,-0.002887845790250575,-0.002887845790250575,0.0,0.0,0.9145539651748007
2020-04-21,-0.028074820070512277,-0.028074820070512277,0.0,0.0,0.8888780271577446
2020-04-22,0.00014026423437944998,0.00014026423437944998,0.0,0.0,0.8890027049536806
2020-04-23,0.0026525446212407955,0.0026525446212407955,0.0,0.0,0.891360824296974
2020-04-24,-0.0010652580207031138,-0.0010652580207031138,0.0,0.0,0.8904112950295512
2020-04-27,0.022522730107371366,0.022522730107371366,0.0,0.0,0.9104657883120568
2020-04-28,0.008327919900508587,0.008327919900508587,0.0,0.0,0.9180480744692731
2020-04-29,0.013091662485233826,0.013091662485233826,0.0,0.0,0.9300668500054435
2020-04-30,0.01661213232934433,0.01661213232934433,0.0,0.0,0.9455172435928703
2020-05-04,-0.022583939803786007,-0.022583939803786007,0.0,0.0,0.9241637390801272
2020-05-05,0.005828318752217098,0.005828318752217098,0.0,0.0,0.9295500599307268
2020-05-06,-0.00576710138063269,-0.00576710138063269,0.0,0.0,0.9241892504967331
2020-05-07,0.002448587756417382,0.002448587756417382,0.0,0.0,0.9264522089801118
2020-05-08,0.004415955330224264,0.004415955330224264,0.0,0.0,0.9305433805505556
2020-05-11,0.011116699638878442,0.011116699638878442,0.0,0.0,0.9408879518130828
2020-05-12,-0.007920909175980671,-0.007920909175980671,0.0,0.0,0.9334352638019969
2020-05-13,0.0029410911795316316,0.0029410911795316316,0.0,0.0,0.9361805820230287
2020-05-14,-0.010481005526204224,-0.010481005526204224,0.0,0.0,0.9263684681693202
2020-05-15,-0.0008297773036862113,-0.0008297773036862113,0.0,0.0,0.9255997886395827
2020-05-18,-0.00021137849351249356,-0.00021137849351249356,0.0,0.0,0.9254041367506646
2020-05-19,0.011459122165148373,0.011459122165148373,0.0,0.0,0.936008455805824
2020-05-20,0.0018090866455379244,0.0018090866455379244,0.0,0.0,0.9377017762033331
2020-05-21,0.005830192670714045,0.005830192670714045,0.0,0.0,0.9431687582262693
2020-05-22,-0.015305238863935504,-0.015305238863935504,0.0,0.0,0.9287333350926148
2020-05-25,0.002414714861468083,0.002414714861468083,0.0,0.0,0.9309759612792038
2020-05-26,0.012391711186670533,0.012391711186670533,0.0,0.0,0.9425123465131086
2020-05-27,0.0017749211563509286,0.0017749211563509286,0.0,0.0,0.9441852316170566
2020-05-28,-0.004948588604951415,-0.004948588604951415,0.0,0.0,0.939512847338913
2020-05-29,0.0021963280103122905,0.0021963280103122905,0.0,0.0,0.9415763257215718
2020-06-01,0.009129289908874207,0.009129289908874207,0.0,0.0,0.9501722489704165
2020-06-02,0.008595930303187456,0.008595930303187456,0.0,0.0,0.9583398633985891
2020-06-03,0.01786089773804866,0.01786089773804866,0.0,0.0,0.9754566736970467
2020-06-04,0.0007699027013606718,0.0007699027013606718,0.0,0.0,0.9762076804251862
2020-06-05,0.0022554401244241694,0.0022554401244241694,0.0,0.0,0.9784094583973882
2020-06-08,0.010314492404288774,0.010314492404288774,0.0,0.0,0.9885012553243124
2020-06-09,-0.0009657444854515553,-0.0009657444854515553,0.0,0.0,0.9875466156881211
2020-06-10,0.0067899887111217486,0.0067899887111217486,0.0,0.0,0.99425204606035
2020-06-11,-0.021310865079071022,-0.021310865079071022,0.0,0.0,0.9730636748521676
2020-06-12,-0.00987006598247757,-0.00987006598247757,0.0,0.0,0.9634594721762246
2020-06-15,-0.008219941556945118,-0.008219941556945118,0.0,0.0,0.9555398916224508
2020-06-16,0.013833924386559117,0.013833924386559117,0.0,0.0,0.9687587582314966
2020-06-17,0.003577314421117361,0.003577314421117361,0.0,0.0,0.9722243129079018
2020-06-18,-0.005427711264317564,-0.005427711264317564,0.0,0.0,0.9669473600532882
2020-06-19,-0.006558252042147187,-0.006558252042147187,0.0,0.0,0.9606058755545699
2020-06-22,0.0042859192933964365,0.0042859192933964365,0.0,0.0,0.9647229548099592
2020-06-23,0.003432696900241173,0.003432696900241173,0.0,0.0,0.9680345563065268
2020-06-24,0.0026928003001645533,0.0026928003001645533,0.0,0.0,0.9706412800503186
2020-06-29,-0.0077591086148465944,-0.0077591086148465944,0.0,0.0,0.9631099689323543
2020-06-30,0.005650599025175174,0.005650599025175174,0.0,0.0,0.96855211718394
2020-07-01,0.0047556591233951125,0.0047556591233951125,0.0,0.0,0.9731582208965094
2020-07-02,0.005157316129422819,0.005157316129422819,0.0,0.0,0.9781771054856193
2020-07-03,0.0018656746063120903,0.0018656746063120903,0.0,0.0,0.9800020656717997
2020-07-06,0.01075723360278486,0.01075723360278486,0.0,0.0,0.9905441768234429
2020-07-07,-0.003517022900842463,-0.003517022900842463,0.0,0.0,0.9870604102692587
2020-07-08,0.0011086305505394797,0.0011086305505394797,0.0,0.0,0.9881546955953112
2020-07-09,-0.0029705203579938225,-0.0029705203579938225,0.0,0.0,0.9852193619551981
2020-07-10,-0.00705661914147173,-0.00705661914147173,0.0,0.0,0.9782670441470765
2020-07-13,0.005553560003422257,0.005553560003422257,0.0,0.0,0.9836999088761178
2020-07-14,-0.003552709701270784,-0.003552709701270784,0.0,0.0,0.9802051086667145
2020-07-15,0.0034534593947200304,0.0034534593947200304,0.0,0.0,0.9835902072079921
2020-07-16,-0.002303852660772694,-0.002303852660772694,0.0,0.0,0.981324160292006
2020-07-17,-0.0035706067635201963,-0.0035706067635201963,0.0,0.0,0.9778202376080616
2020-07-20,-0.00013511574153754707,-0.00013511574153754707,0.0,0.0,0.9776881187015667
2020-07-21,0.0013715835698395516,0.0013715835698395516,0.0,0.0,0.9790290996616051
2020-07-22,0.005316302802362795,0.005316302802362795,0.0,0.0,0.9842339148077309
2020-07-23,-0.005490403373131289,-0.005490403373131289,0.0,0.0,0.9788300736019203
2020-07-24,-0.012597419149498253,-0.012597419149498253,0.0,0.0,0.9664993408886227
2020-07-27,-0.01459103837527151,-0.01459103837527151,0.0,0.0,0.9523971119160421
2020-07-28,-0.006851268646396952,-0.006851268646396952,0.0,0.0,0.9458719834442527
2020-07-29,0.006123680509928875,0.006123680509928875,0.0,0.0,0.9516642012741582
2020-07-30,0.006411752586938416,0.006411752586938416,0.0,0.0,0.9577660366785745
2020-07-31,-0.006457639566050437,-0.006457639566050437,0.0,0.0,0.9515811288250997
2020-08-03,-0.008146241826969611,-0.008146241826969611,0.0,0.0,0.9438293188317097
2020-08-04,0.008830899802851223,0.008830899802851223,0.0,0.0,0.9521641809773059
2020-08-05,0.004366129248134604,0.004366129248134604,0.0,0.0,0.956321452856897
2020-08-06,0.0073775906659306395,0.0073775906659306395,0.0,0.0,0.9633768010811232
2020-08-07,-0.008110685335400273,-0.008110685335400273,0.0,0.0,0.9555631549881297
2020-08-10,0.007675050971579567,0.007675050971579567,0.0,0.0,0.9628971509092269
2020-08-11,-0.007496364087576601,-0.007496364087576601,0.0,0.0,0.9556789232871211
2020-08-12,-0.002569669310970813,-0.002569669310970813,0.0,0.0,0.9532231444868086
2020-08-13,-0.0018121732702295508,-0.0018121732702295508,0.0,0.0,0.9514957389838055
2020-08-14,-0.0013013408828548643,-0.0013013408828548643,0.0,0.0,0.9502575186788037
2020-08-17,0.00655075071378621,0.00655075071378621,0.0,0.0,0.9564824187975697
2020-08-18,-0.0001096925804686973,-0.0001096925804686973,0.0,0.0,0.9563774997728789
2020-08-19,-0.00438571032881876,-0.00438571032881876,0.0,0.0,0.9521831050938752
2020-08-20,-0.0228092548486993,-0.0228092548486993,0.0,0.0,0.9304645179871631
2020-08-21,0.01187011240663743,0.01187011240663743,0.0,0.0,0.9415092364060584
2020-08-24,-0.0027505551020334277,-0.0027505551020334277,0.0,0.0,0.9389195633722501
2020-08-25,0.005983863640311357,0.005983863640311357,0.0,0.0,0.9445379300086904
2020-08-26,0.0022687527112391585,0.0022687527112391585,0.0,0.0,0.9466808529982657
2020-08-27,-0.00278405299827716,-0.00278405299827716,0.0,0.0,0.9440452433310643
2020-08-28,0.0013925844018803043,0.0013925844018803043,0.0,0.0,0.9453599060115965
2020-08-31,-0.005259668558426477,-0.005259668558426477,0.0,0.0,0.9403876262375502
2020-09-01,-0.0009311314940156314,-0.0009311314940156314,0.0,0.0,0.9395120017021779
2020-09-02,-0.0021506984631516598,-0.0021506984631516598,0.0,0.0,0.9374913946840044
2020-09-03,0.002923548610649731,0.002923548610649731,0.0,0.0,0.940232196348429
2020-09-04,-0.004588665868964847,-0.004588665868964847,0.0,0.0,0.9359177849601431
2020-09-07,0.005388142018295454,0.005388142018295454,0.0,0.0,0.9409606429029569
2020-09-08,0.00048009477325809463,0.00048009477325809463,0.0,0.0,0.9414123931894562
2020-09-09,-0.0020444257661995464,-0.0020444257661995464,0.0,0.0,0.9394877454362002
2020-09-10,0.004231960995280175,0.004231960995280175,0.0,0.0,0.9434636209304298
2020-09-11,-0.00033230624308629484,-0.00033230624308629484,0.0,0.0,0.9431501020790698
2020-09-14,0.0003100683738331504,0.0003100683738331504,0.0,0.0,0.943442543097502
2020-09-15,0.00018565688526583763,0.00018565688526583763,0.0,0.0,0.9436176997014807
2020-09-16,0.000992250622415011,0.000992250622415011,0.0,0.0,0.9445540049513312
2020-09-17,-0.0048934353427988065,-0.0048934353427988065,0.0,0.0,0.9399318910003202
2020-09-18,3.7334359100897725e-05,3.7334359100897725e-05,0.0,0.0,0.9399669827550692
2020-09-21,-0.006547005175751413,-0.006547005175751413,0.0,0.0,0.9338130140539362
2020-09-22,-0.010996792097415798,-0.010996792097415798,0.0,0.0,0.9235440664805239
2020-09-23,-0.006241803211710951,-0.006241803211710951,0.0,0.0,0.9177794861602091
2020-09-24,-0.025264782777660325,-0.025264782777660325,0.0,0.0,0.8945919868045787
2020-09-25,0.006182597019863109,0.006182597019863109,0.0,0.0,0.90012288855619
2020-09-28,0.016714944428710698,0.016714944428710698,0.0,0.0,0.9151683926174173
2020-09-29,0.0005298115031192506,0.0005298115031192506,0.0,0.0,0.9156532593591171
2020-09-30,-0.0007127954732271314,-0.0007127954732271314,0.0,0.0,0.9150005858608002
2020-10-05,0.001258841444832971,0.001258841444832971,0.0,0.0,0.9161524265203282
2020-10-06,0.01173563453510669,0.01173563453510669,0.0,0.0,0.926904056576422
2020-10-07,-0.005393458657000025,-0.005393458657000025,0.0,0.0,0.9219048378682715
2020-10-08,0.0030589223006097766,0.0030589223006097766,0.0,0.0,0.9247248731358667
2020-10-12,-0.001496517681029263,-0.001496517681029263,0.0,0.0,0.9233410060131314
2020-10-13,-0.0026105371812710255,-0.0026105371812710255,0.0,0.0,0.9209305899859419
2020-10-14,-0.00053429940858861,-0.00053429940858861,0.0,0.0,0.9204385373163613
2020-10-15,-0.005676854340283069,-0.005676854340283069,0.0,0.0,0.915213341810833
2020-10-16,-0.00407775840417643,-0.00407775840417643,0.0,0.0,0.9114813229146494
2020-10-19,0.003728775921464884,0.003728775921464884,0.0,0.0,0.9148800325243985
2020-10-20,-0.00021032289119052107,-0.00021032289119052107,0.0,0.0,0.9146876123108656
2020-10-21,-0.0023788180008549927,-0.0023788180008549927,0.0,0.0,0.9125117369535414
2020-10-22,0.006574917541763052,0.006574917541763052,0.0,0.0,0.9185114263799019
2020-10-23,0.0002173932040098147,0.0002173932040098147,0.0,0.0,0.9187111045218022
2020-10-26,0.006145641857369016,0.006145641857369016,0.0,0.0,0.9243571739405811
2020-10-27,-0.002475118816156991,-0.002475118816156991,0.0,0.0,0.9220692801065111
2020-10-28,-0.002377744279493127,-0.002377744279493127,0.0,0.0,0.9198768351504415
2020-10-29,-0.00914800482817186,-0.00914800482817186,0.0,0.0,0.9114617974211617
2020-10-30,-0.0049283854035610634,-0.0049283854035610634,0.0,0.0,0.9069697624028477
2020-11-02,0.01070092618920574,0.01070092618920574,0.0,0.0,0.916675178886162
2020-11-03,0.007428580299327933,0.007428580299327933,0.0,0.0,0.9234847740609187
2020-11-04,-0.0005675109380066818,-0.0005675109380066818,0.0,0.0,0.9229606863505565
2020-11-05,0.005501717731028324,0.005501717731028324,0.0,0.0,0.9280385555236935
2020-11-06,0.0037840605236268052,0.0037840605236268052,0.0,0.0,0.9315503095860543
2020-11-09,0.0070081129498622535,0.0070081129498622535,0.0,0.0,0.9380787193741126
2020-11-10,0.009975946920474453,0.009975946920474453,0.0,0.0,0.9474369428858155
2020-11-11,0.018479624834145114,0.018479624834145114,0.0,0.0,0.9649452221443546
2020-11-12,-0.009353668051404538,-0.009353668051404538,0.0,0.0,0.9559194448486275
2020-11-13,0.00020110325386082733,0.00020110325386082733,0.0,0.0,0.9561116833594154
2020-11-16,0.007771431351359574,0.007771431351359574,0.0,0.0,0.9635420396708759
2020-11-17,0.0017066047165762229,0.0017066047165762229,0.0,0.0,0.9651864250603976
2020-11-18,0.0053275616703387235,0.0053275616703387235,0.0,0.0,0.9703285152632807
2020-11-19,-0.0031657386909373607,-0.0031657386909373607,0.0,0.0,0.9672567087395919
2020-11-20,-0.0021924458242785763,-0.0021924458242785763,0.0,0.0,0.9651360508075103
2020-11-23,0.007450178526430715,0.007450178526430715,0.0,0.0,0.9723264866883206
2020-11-24,-0.0049526491225703245,-0.0049526491225703245,0.0,0.0,0.9675108947671718
2020-11-25,0.001353764130702696,0.001353764130702696,0.0,0.0,0.9688206763125716
2020-11-26,0.003593606660976508,0.003593606660976508,0.0,0.0,0.9723022367482602
2020-11-27,-0.0012467897750513901,-0.0012467897750513901,0.0,0.0,0.9710899802612228
2020-11-30,-0.003000960657354015,-0.003000960657354015,0.0,0.0,0.9681757774357083
2020-12-01,0.006905518768577272,0.006905518768577272,0.0,0.0,0.9748615334380726
2020-12-02,0.001299579317991495,0.001299579317991495,0.0,0.0,0.9761284433248342
2020-12-03,-0.0007452814040331618,-0.0007452814040331618,0.0,0.0,0.9754009529480763
2020-12-04,0.009936492740746915,0.009936492740746915,0.0,0.0,0.9850930174363624
2020-12-07,0.0010110648836285578,0.0010110648836285578,0.0,0.0,0.9860890103933999
2020-12-08,-0.007976409643180521,-0.007976409643180521,0.0,0.0,0.9782235605018637
2020-12-09,4.673777304715351e-05,4.673777304715351e-05,0.0,0.0,0.9782692804926237
2020-12-10,0.00044164850842454264,0.00044164850842454264,0.0,0.0,0.978701331661191
2020-12-11,0.005750582673392608,0.005750582673392608,0.0,0.0,0.984329434581468
2020-12-14,0.0005070286247467091,0.0005070286247467091,0.0,0.0,0.9848285177809815
2020-12-15,-0.008293225660460177,-0.008293225660460177,0.0,0.0,0.9766611126461673
2020-12-16,0.012967755874359308,0.012967755874359308,0.0,0.0,0.9893262155269429
2020-12-17,-0.001401780566140552,-0.001401780566140552,0.0,0.0,0.9879393972644438
2020-12-18,-0.005541188123873906,-0.005541188123873906,0.0,0.0,0.9824650392092149
2020-12-21,0.00822679340353458,0.00822679340353458,0.0,0.0,0.9905475761129845
2020-12-22,-0.00888527023914081,-0.00888527023914081,0.0,0.0,0.9817462932144948
2020-12-23,-0.0006325599966154464,-0.0006325599966154464,0.0,0.0,0.9811252797825818
2020-12-24,0.004202867637371665,0.004202867637371665,0.0,0.0,0.9852488194691873
2020-12-25,0.0044773423290874305,0.0044773423290874305,0.0,0.0,0.98966011571328
2020-12-28,0.00606746573550798,0.00606746573550798,0.0,0.0,0.9956648445551692
2020-12-29,0.000796963846433464,0.000796963846433464,0.0,0.0,0.9964583534394447
2020-12-30,0.014731980665602766,0.014731980665602766,0.0,0.0,1.011138158636393
2020-12-31,-0.0038535026599991057,-0.0038535026599991057,0.0,0.0,1.0072417350524612
2021-01-04,-0.0009633042581750307,-0.0009633042581750307,0.0,0.0,1.0062714548000735
2021-01-05,0.004784034241845007,0.004784034241845007,0.0,0.0,1.0110854918964283
2021-01-06,-0.008383570139964172,-0.008383570139964172,0.0,0.0,1.0026089857576144
2021-01-07,0.005794791443049223,0.005794791443049223,0.0,0.0,1.0084188957290068
2021-01-08,0.010921347386903958,0.010921347386903958,0.0,0.0,1.0194321888007813
2021-01-11,0.00593445634057542,0.00593445634057542,0.0,0.0,1.025481964617397
2021-01-12,-0.010542318307223074,-0.010542318307223074,0.0,0.0,1.0146710073280838
2021-01-13,0.00867242795838919,0.00867242795838919,0.0,0.0,1.0234706685406028
2021-01-14,0.0009295701401075382,0.0009295701401075382,0.0,0.0,1.024422056313354
2021-01-15,-0.010942279133557416,-0.010942279133557416,0.0,0.0,1.0132125442226003
2021-01-18,-0.006232244542113717,-0.006232244542113717,0.0,0.0,1.006897955873868
2021-01-19,0.0004132076179059477,0.0004132076179059477,0.0,0.0,1.007314013779689
2021-01-20,-0.023075583721817422,-0.023075583721817422,0.0,0.0,0.9840696549205559
2021-01-21,0.0035093770834207236,0.0035093770834207236,0.0,0.0,0.9875231264160238
2021-01-22,0.0007744519504352178,0.0007744519504352178,0.0,0.0,0.9882879156273765
2021-01-25,0.010571663656552915,0.010571663656552915,0.0,0.0,0.9987357630672249
2021-01-26,-0.006612727485498784,-0.006612727485498784,0.0,0.0,0.9921313956360397
2021-01-27,0.00019707790797799144,0.00019707790797799144,0.0,0.0,0.992326922815931
2021-01-28,-0.0068668301086178204,-0.0068668301086178204,0.0,0.0,0.9855127824247466
2021-01-29,-0.014590813471357676,-0.014590813471357676,0.0,0.0,0.9711333492427484
2021-02-01,0.009010597478246151,0.009010597478246151,0.0,0.0,0.9798838409504759
2021-02-02,0.009216691176746448,0.009216691176746448,0.0,0.0,0.9889151277016005
2021-02-03,0.00347192975810404,0.00347192975810404,0.0,0.0,0.992348571561707
2021-02-04,-0.004057315658190136,-0.004057315658190136,0.0,0.0,0.9883223001639271
2021-02-05,0.0033644979360780447,0.0033644979360780447,0.0,0.0,0.9916475085030085
2021-02-17,0.015573255177156669,0.015573255177156669,0.0,0.0,1.0070906881987174
2021-02-18,0.004670657025182135,0.004670657025182135,0.0,0.0,1.0117944633965483
2021-02-19,-0.0005173624792092408,-0.0005173624792092408,0.0,0.0,1.0112709989045154
2021-02-22,0.003705687485936457,0.003705687485936457,0.0,0.0,1.0150184531900464
2021-02-23,0.013650085362656524,0.013650085362656524,0.0,0.0,1.028873541720762
2021-02-24,-0.00044833003041520804,-0.00044833003041520804,0.0,0.0,1.0284122668145088
2021-02-25,0.01596771005753315,0.01596771005753315,0.0,0.0,1.0448336557106133
2021-02-26,-0.018933723609288293,-0.018933723609288293,0.0,0.0,1.0250510640557062
2021-03-02,-0.0006374549606549883,-0.0006374549606549883,0.0,0.0,1.0243976401699992
2021-03-03,0.011884281453492185,0.011884281453492185,0.0,0.0,1.0365718700460729
2021-03-04,-0.005611900521783428,-0.005611900521783428,0.0,0.0,1.0307547318276953
2021-03-05,-0.0015850657947431423,-0.0015850657947431423,0.0,0.0,1.0291209177595055
2021-03-08,0.0012340883523942491,0.0012340883523942491,0.0,0.0,1.0303909438973178
2021-03-09,0.015182311577595147,0.015182311577595147,0.0,0.0,1.0460346602542991
2021-03-10,0.005165439970662716,0.005165439970662716,0.0,0.0,1.0514378894990752
2021-03-11,0.0049599723978350375,0.0049599723978350375,0.0,0.0,1.0566529924090287
2021-03-12,0.003908621450939295,0.003908621450939295,0.0,0.0,1.0607830489613579
2021-03-15,0.0038249873974695496,0.0038249873974695496,0.0,0.0,1.0648405307550846
2021-03-16,0.004044205310645586,0.004044205310645586,0.0,0.0,1.0691469644845548
2021-03-17,-0.003218993833112919,-0.003218993833112919,0.0,0.0,1.0657053869991875
2021-03-18,0.004100570391023524,0.0030334832342403814,0.4906147847278815,0.0010670871567831422,1.0689381864232892
2021-03-19,-0.009060336053529947,-0.009060336053529947,0.0,0.0,1.0592532472338434
2021-03-22,0.00873218157176524,0.00873218157176524,0.0,0.0,1.068502838919171
2021-03-23,0.00299380960736674,0.00299380960736674,0.0,0.0,1.0717017329838259
2021-03-24,0.002038158199551011,0.002038158199551011,0.0,0.0,1.07388603065838
2021-03-25,0.005466338930615238,0.005466338930615238,0.0,0.0,1.0797562556748117
2021-03-26,0.0035293303767168754,0.0035293303767168754,0.0,0.0,1.0835670722274147
2021-03-29,0.013179041472062582,0.013179041472062582,0.0,0.0,1.097847447610061
2021-03-30,0.005776812562676819,0.005776812562676819,0.0,0.0,1.1041895065373177
2021-03-31,-0.0005584074248660721,-0.0005584074248660721,0.0,0.0,1.103572918918408
2021-04-01,-0.0018988527928175578,-0.0018988527928175578,0.0,0.0,1.101477396399242
2021-04-06,0.002123482371369197,0.002123482371369197,0.0,0.0,1.1038163642329573
2021-04-07,0.005489876763297117,0.005489876763297117,0.0,0.0,1.109876180041907
2021-04-08,-0.002586699147072794,-0.002586699147072794,0.0,0.0,1.1070052642736363
2021-04-09,-0.0016557991993326293,-0.0016557991993326293,0.0,0.0,1.105172285843395
2021-04-12,0.011270260191245947,0.011270260191245947,0.0,0.0,1.117627865061004
2021-04-13,-0.0032530897273263647,-0.0032530897273263647,0.0,0.0,1.1139921213342003
2021-04-14,-0.001714212802092681,-0.001714212802092681,0.0,0.0,1.1120825017783789
2021-04-15,0.010174860416747516,0.010174860416747516,0.0,0.0,1.1233977860058812
2021-04-16,0.008997635090109894,0.008997635090109894,0.0,0.0,1.1335057093453997
2021-04-19,0.019498899536415717,0.019498899536415717,0.0,0.0,1.1556078232958795
2021-04-20,0.003632480211205496,0.003632480211205496,0.0,0.0,1.1598055458459162
2021-04-21,-0.001090932898384805,-0.001090932898384805,0.0,0.0,1.1585402758202237
2021-04-22,-0.003439891349436269,-0.003439891349436269,0.0,0.0,1.1545550231474562
2021-04-23,-0.0003254657391328804,-0.0003254657391328804,0.0,0.0,1.154179255043478
2021-04-26,0.014999330351002094,0.014999330351002094,0.0,0.0,1.1714911709741487
2021-04-27,0.000359132990379955,0.000359132990379955,0.0,0.0,1.1719118921015845
2021-04-28,0.0011782162035994497,0.0011782162035994497,0.0,0.0,1.1732926576820495
2021-04-29,-0.004505004955994572,-0.004505004955994572,0.0,0.0,1.1680069684443597
2021-05-03,-0.01028453954992794,-0.01028453954992794,0.0,0.0,1.1559945545828023
2021-05-04,-0.019175452738254523,-0.019175452738254523,0.0,0.0,1.1338278356357203
2021-05-05,0.0042733844511575894,0.0042733844511575894,0.0,0.0,1.1386731178788156
2021-05-06,0.009131927665074927,0.009131927665074927,0.0,0.0,1.1490713984254504
2021-05-07,0.010318673337775966,0.010318673337775966,0.0,0.0,1.160928290827584
2021-05-10,0.01100454039482348,0.01100454039482348,0.0,0.0,1.1737037730994897
2021-05-11,-0.02545016476059942,-0.02545016476059942,0.0,0.0,1.1438328186939704
2021-05-12,-0.0433146342809927,-0.0433146342809927,0.0,0.0,1.094288118473644
2021-05-13,-0.007442951263712058,-0.007442951263712058,0.0,0.0,1.0861433853393854
2021-05-14,0.010470805208733459,0.010470805208733459,0.0,0.0,1.0975161811560283
2021-05-17,-0.035101427711499086,-0.035101427711499086,0.0,0.0,1.0589917962609796
2021-05-18,0.04230407575978637,0.04230407575978637,0.0,0.0,1.1037914654389964
2021-05-19,-0.0005143539522254044,-0.0005143539522254044,0.0,0.0,1.1032237259363151
2021-05-20,-0.0043656743298775965,-0.0043656743298775965,0.0,0.0,1.0984074104358832
2021-05-21,0.011298371206436961,0.011298371206436961,0.0,0.0,1.110817625094889
2021-05-24,7.350432478417688e-05,7.350432478417688e-05,0.0,0.0,1.1108992749943798
2021-05-25,0.008595783354706676,0.008595783354706676,0.0,0.0,1.120448324491132
2021-05-26,0.0008163319767320043,0.0008163319767320043,0.0,0.0,1.12136298228669
2021-05-27,-0.005234138918930338,-0.005234138918930338,0.0,0.0,1.1154936126588555
2021-05-28,0.012051585141823489,0.012051585141823489,0.0,0.0,1.128937078906974
2021-05-31,0.009708086707899006,0.009708086707899006,0.0,0.0,1.139896897956765
2021-06-01,0.005492731516361403,0.005492731516361403,0.0,0.0,1.1461580455735745
2021-06-02,0.0026991394329845373,0.0026991394329845373,0.0,0.0,1.1492516859508146
2021-06-03,0.001278611366114478,0.001278611366114478,0.0,0.0,1.1507211322189976
2021-06-04,-0.0035878549104472602,-0.0035878549104472602,0.0,0.0,1.1465925117542104
2021-06-07,-0.0042213987260228784,-0.0042213987260228784,0.0,0.0,1.1417522875858237
2021-06-08,0.0012786636761289655,0.0012786636761289655,0.0,0.0,1.143212204763097
2021-06-09,-0.00748436658378029,-0.00748436658378029,0.0,0.0,1.1346559855395983
2021-06-10,0.002642724448068377,0.002642724448068377,0.0,0.0,1.137654568652731
2021-06-11,0.001437674039105937,0.001437674039105937,0.0,0.0,1.1392901450915534
2021-06-15,-0.0024310348248706066,-0.0024310348248706066,0.0,0.0,1.1365204910732039
2021-06-16,-0.0014953059479600305,-0.0014953059479600305,0.0,0.0,1.1348210452229237
2021-06-17,0.0021771357850499684,0.0021771357850499684,0.0,0.0,1.1372917047301063
2021-06-18,-0.007041833697479663,-0.007041833697479663,0.0,0.0,1.1292830856798737
2021-06-21,-0.006561467187860241,-0.006561467187860241,0.0,0.0,1.1218733317673797
2021-06-22,0.00368458503734978,0.00368458503734978,0.0,0.0,1.1260069694594115
2021-06-23,0.011203787744818873,0.011203787744818873,0.0,0.0,1.1386225125444214
2021-06-24,0.0023692988044861853,0.0023692988044861853,0.0,0.0,1.141320249502154
2021-06-25,0.005181134739555666,0.005181134739555666,0.0,0.0,1.1472335834958078
2021-06-28,0.0033153992373239865,0.0033153992373239865,0.0,0.0,1.1510371208435624
2021-06-29,-0.005650831372997703,-0.005650831372997703,0.0,0.0,1.1445328041696146
2021-06-30,0.004536948115765173,0.004536948115765173,0.0,0.0,1.1497254901189233
2021-07-01,-0.003689033002403737,-0.003689033002403737,0.0,0.0,1.1454841148421697
2021-07-02,0.00030483311964371975,0.00030483311964371975,0.0,0.0,1.1458332963383995
2021-07-05,0.00968779184735774,0.00968779184735774,0.0,0.0,1.1569338908050977
2021-07-06,0.001857019629128341,0.001857019629128341,0.0,0.0,1.1590823397499266
2021-07-07,-0.0011957017305939009,-0.0011957017305939009,0.0,0.0,1.1576964229903868
2021-07-08,0.006408031431310884,0.006408031431310884,0.0,0.0,1.1651149780568253
2021-07-09,-0.0023721274218862142,-0.0023721274218862142,0.0,0.0,1.1623511768677264
2021-07-12,0.0031574324306423754,0.0031574324306423754,0.0,0.0,1.166021222169364
2021-07-13,0.0018603422894203309,0.0018603422894203309,0.0,0.0,1.1681904207593272
2021-07-14,-0.0012782139902063555,-0.0012782139902063555,0.0,0.0,1.1666972234202877
2021-07-15,0.004410381653462367,0.004410381653462367,0.0,0.0,1.171842803449606
2021-07-16,0.009076588457675637,0.009076588457675637,0.0,0.0,1.1824791383136068
2021-07-19,-0.0015066539335019241,-0.0015066539335019241,0.0,0.0,1.1806975514685827
2021-07-20,-0.012304264390275816,-0.012304264390275816,0.0,0.0,1.166169936630362
2021-07-21,-0.00198647489097411,-0.00198647489097411,0.0,0.0,1.1638533693326367
2021-07-22,0.007611720499272709,0.007611720499272709,0.0,0.0,1.1727122958821337
2021-07-23,0.001999069786282101,0.001999069786282101,0.0,0.0,1.1750566296008331
2021-07-26,-0.007074275767140811,-0.007074275767140811,0.0,0.0,1.16674395496103
2021-07-27,-0.006711895440051507,-0.006711895440051507,0.0,0.0,1.1589128915300193
2021-07-28,-0.005087377659755989,-0.005087377659755989,0.0,0.0,1.1530170639760462
2021-07-29,0.004990173610141934,0.004990173610141934,0.0,0.0,1.1587708193007427
2021-07-30,-0.006505123580084369,-0.006505123580084369,0.0,0.0,1.1512328719201956
2021-08-02,0.010645873583606765,0.010645873583606765,0.0,0.0,1.1634887515399506
2021-08-03,0.0012573453126157336,0.0012573453126157336,0.0,0.0,1.1649516586679804
2021-08-04,0.004412434880546072,0.004412434880546072,0.0,0.0,1.1700919320008372
2021-08-05,0.0017805503521907506,0.0017805503521907506,0.0,0.0,1.1721753396024568
2021-08-06,-0.002020430214281818,-0.002020430214281818,0.0,0.0,1.169807041129888
2021-08-09,-0.004299324670924316,-0.004299324670924316,0.0,0.0,1.1647776608577374
2021-08-10,-0.004876361484283498,-0.004876361484283498,0.0,0.0,1.1590977839345769
2021-08-11,-0.002205729626070319,-0.002205729626070319,0.0,0.0,1.15654112761304
2021-08-12,-0.004799061451305609,-0.004799061451305609,0.0,0.0,1.1509908156706627
2021-08-13,-0.005006031196612555,-0.005006031196612555,0.0,0.0,1.1452289197404009
2021-08-16,-0.012374824705094399,-0.012374824705094399,0.0,0.0,1.1310569126114087
2021-08-17,0.001683386863939395,0.001683386863939395,0.0,0.0,1.1329609189604666
2021-08-18,0.005885011930422283,0.005885011930422283,0.0,0.0,1.1396284074852512
2021-08-19,-0.014903767417903353,-0.014903767417903353,0.0,0.0,1.1226436507572555
2021-08-20,-0.0021037955082052234,-0.0021037955082052234,0.0,0.0,1.1202818380874773
2021-08-23,0.005914906852865772,0.005914906852865772,0.0,0.0,1.126908200808722
2021-08-24,0.007328926247008549,0.007328926247008549,0.0,0.0,1.1351672278995981
2021-08-25,0.0021765348454847325,0.0021765348454847325,0.0,0.0,1.137637958926574
2021-08-26,-0.0028052626446988652,-0.0028052626446988652,0.0,0.0,1.134446585657206
2021-08-27,0.014009040329580573,0.014009040329580573,0.0,0.0,1.1503390936274327
2021-08-30,0.013605023749505802,0.013605023749505802,0.0,0.0,1.1659894843162188
2021-08-31,0.0013516247141365997,0.0013516247141365997,0.0,0.0,1.167565464519644
2021-09-01,-0.006351063006148042,-0.006351063006148042,0.0,0.0,1.1601501826906773
2021-09-02,-0.009523272539588599,-0.009523272539588599,0.0,0.0,1.1491017563140604
2021-09-03,0.008197576743485962,0.008197576743485962,0.0,0.0,1.1585216061475194
2021-09-06,-0.006568126267384023,-0.006568126267384023,0.0,0.0,1.15091228995485
2021-09-07,-0.0022969452127247687,-0.0022969452127247687,0.0,0.0,1.1482687074801723
2021-09-08,-0.005359104467420248,-0.005359104467420248,0.0,0.0,1.1421150155201163
2021-09-09,-0.0015111686147974653,-0.0015111686147974653,0.0,0.0,1.1403890871541733
2021-09-10,0.007501807245492864,0.007501807245492864,0.0,0.0,1.1489440662708674
2021-09-13,0.0044197855269396125,0.0044197855269396125,0.0,0.0,1.1540221526262346
2021-09-14,0.0023165047038335917,0.0023165047038335917,0.0,0.0,1.1566954503711215
2021-09-15,0.00020734329590107634,0.00020734329590107634,0.0,0.0,1.1569352834181552
2021-09-16,0.00010539919288363331,0.00010539919288363331,0.0,0.0,1.1570572234632461
2021-09-17,-0.004351033108025175,-0.004351033108025175,0.0,0.0,1.152022829176078
2021-09-22,-0.0122624371705998,-0.0122624371705998,0.0,0.0,1.1378962216142097
2021-09-23,0.006547646894837684,0.006547646894837684,0.0,0.0,1.1453467642763095
2021-09-24,0.0034152882826695755,0.0034152882826695755,0.0,0.0,1.149258453659936
2021-09-27,0.0031273845026947313,0.0031273845026947313,0.0,0.0,1.1528526267375028
2021-09-28,-0.0012758443714748907,-0.0012758443714748907,0.0,0.0,1.1513817662025396
2021-09-29,-0.006888547518058053,-0.006888547518058053,0.0,0.0,1.143450418194628
2021-09-30,0.0017993322797074842,0.0017993322797074842,0.0,0.0,1.1455078654423305
2021-10-01,-0.012652584462383308,-0.012652584462383308,0.0,0.0,1.131014230422497
2021-10-04,-0.0021877046111948924,-0.0021877046111948924,0.0,0.0,1.1285399053752747
2021-10-05,0.002124618546718908,0.002124618546718908,0.0,0.0,1.1309376221889476
2021-10-06,0.002309489679106341,0.002309489679106341,0.0,0.0,1.133549510955106
2021-10-07,0.008937157402375018,0.008937157402375018,0.0,0.0,1.143680221357897
2021-10-08,-0.0015795781111716362,-0.0015795781111716362,0.0,0.0,1.1418736891140602
2021-10-12,-0.003841749896092935,-0.003841749896092935,0.0,0.0,1.1374868959875548
2021-10-13,-0.0018379463851914421,-0.0018379463851914421,0.0,0.0,1.135396256058872
2021-10-14,-0.002514160433048233,-0.002514160433048233,0.0,0.0,1.1325416877160577
2021-10-15,0.008888198505328734,0.008888198505328734,0.0,0.0,1.142607943052038
2021-10-18,0.0028364422859059758,0.0028364422859059758,0.0,0.0,1.1458488845379229
2021-10-19,0.0018333541324057428,0.0018333541324057428,0.0,0.0,1.147949631325503
2021-10-20,-0.00014187845658513066,-0.00014187845658513066,0.0,0.0,1.147786762003573
2021-10-21,0.0006504961096538645,0.0006504961096538645,0.0,0.0,1.1485333928269685
2021-10-22,0.0001854907914718978,0.0001854907914718978,0.0,0.0,1.1487464351950358
2021-10-25,0.0019385716214544322,0.0019385716214544322,0.0,0.0,1.1509733624345517
2021-10-26,0.005735426611351813,0.005735426611351813,0.0,0.0,1.157574685686416
2021-10-27,0.0008089313006048089,0.0008089313006048089,0.0,0.0,1.1585110840824555
2021-10-28,0.0010306925325476294,0.0010306925325476294,0.0,0.0,1.159705152805693
2021-10-29,-0.0031798816641627945,-0.0031798816641627945,0.0,0.0,1.156017427654451
2021-11-01,0.0005814396371081924,0.0005814396371081924,0.0,0.0,1.1566895820080771
2021-11-02,-0.0010304105531571766,-0.0010304105531571766,0.0,0.0,1.155497716856049
2021-11-03,0.0045595791641031055,0.0045595791641031055,0.0,0.0,1.1607663001699946
2021-11-04,4.920257613434545e-06,4.920257613434545e-06,0.0,0.0,1.1607720114392204
2021-11-05,0.0038420542939815614,0.0038420542939815614,0.0,0.0,1.1652317605301041
2021-11-08,0.003871553689705471,0.003871553689705471,0.0,0.0,1.1697430178519463
2021-11-09,0.00039707040126831894,0.00039707040126831894,0.0,0.0,1.1702074881814257
2021-11-10,0.0025236870026227073,0.0025236870026227073,0.0,0.0,1.173160725609721
2021-11-11,0.0011254837435452475,0.0011254837435452475,0.0,0.0,1.1744810989349606
2021-11-12,0.007898041128116389,0.007898041128116389,0.0,0.0,1.1837571989585443
2021-11-15,0.004211048673512516,0.004211048673512516,0.0,0.0,1.1887420581409796
2021-11-16,0.0016034495809338438,0.0016034495809338438,0.0,0.0,1.1906481460959442
2021-11-17,0.012299913468636637,0.012299913468636637,0.0,0.0,1.205293015264517
2021-11-18,0.0070534524918070335,0.0070534524918070335,0.0,0.0,1.2137944922863921
2021-11-19,-0.00976887491488714,-0.00976887491488714,0.0,0.0,1.2019370857188676
2021-11-22,-0.0020668959598882275,-0.0020668959598882275,0.0,0.0,1.1994528068123556
2021-11-23,-0.003623189454663375,-0.003623189454663375,0.0,0.0,1.1951069620513466
2021-11-24,0.005800303819188493,0.005800303819188493,0.0,0.0,1.2020389455276719
2021-11-25,0.0002503913026118253,0.0002503913026118253,0.0,0.0,1.2023399256250327
2021-11-26,-0.015382481159122975,-0.015382481159122975,0.0,0.0,1.1838449543722442
2021-11-29,-0.005880433942979123,-0.005880433942979123,0.0,0.0,1.1768834323193291
2021-11-30,-0.000667008083505518,-0.000667008083505518,0.0,0.0,1.1760984415566285
2021-12-01,0.01046255243928705,0.01046255243928705,0.0,0.0,1.1884034331751783
2021-12-02,-0.0006054283774001613,-0.0006054283774001613,0.0,0.0,1.1876839400129342
2021-12-03,0.003593071662237331,0.003593071662237331,0.0,0.0,1.1919513735214893
2021-12-06,0.005303224192583887,0.005303224192583887,0.0,0.0,1.198272558881932
2021-12-07,0.0073851038906870645,0.0073851038906870645,0.0,0.0,1.2071219262186346
2021-12-08,0.0014803537022521683,0.0014803537022521683,0.0,0.0,1.208908893631182
2021-12-09,0.0044029043994201315,0.0044029043994201315,0.0,0.0,1.2142316039174488
2021-12-10,-0.0008563007470055827,-0.0008563007470055827,0.0,0.0,1.2131918564879764
2021-12-13,-0.003637636740571409,-0.003637636740571409,0.0,0.0,1.2087787052174537
2021-12-14,-0.006664788091466105,-0.006664788091466105,0.0,0.0,1.2007224512977026
2021-12-15,0.0001988749800162715,0.0001988749800162715,0.0,0.0,1.2009612449512097
2021-12-16,0.00410202105166097,0.00410202105166097,0.0,0.0,1.2058876132602285
2021-12-17,0.004945512351637405,0.004945512351637405,0.0,0.0,1.2118513453462934
2021-12-20,-0.006048362028771448,-0.006048362028771448,0.0,0.0,1.2045216296845853
2021-12-21,0.005462037655318702,0.005462037655318702,0.0,0.0,1.2111007721825684
2021-12-22,0.000150300934214898,0.000150300934214898,0.0,0.0,1.2112828017600559
2021-12-23,0.004260118827225391,0.004260118827225391,0.0,0.0,1.216443010428928
2021-12-24,0.0018622871388007953,0.0018622871388007953,0.0,0.0,1.2187083766023339
2021-12-27,0.002328742457293387,0.002328742457293387,0.0,0.0,1.2215464345419866
2021-12-28,0.005977773743052648,0.005977773743052648,0.0,0.0,1.2288485627443113
2021-12-29,0.005782038326755009,0.005782038326755009,0.0,0.0,1.2359538122318767
2021-12-30,-0.0016515394472739172,-0.0016515394472739172,0.0,0.0,1.2339125857559672
2022-01-03,-0.00514247396197026,-0.00514247396197026,0.0,0.0,1.2275672224123697
2022-01-04,0.001652993005398512,0.001652993005398512,0.0,0.0,1.2295963824446738
2022-01-05,0.002995115846094729,0.002995115846094729,0.0,0.0,1.2332791660540348
2022-01-06,0.002861039935972829,0.002861039935972829,0.0,0.0,1.2368076270003185
2022-01-07,0.0008055293304227273,0.0008055293304227273,0.0,0.0,1.237803911819958
2022-01-10,0.0044238562540328315,0.0044238562540328315,0.0,0.0,1.243279778396529
2022-01-11,0.011505953618177606,0.011505953618177606,0.0,0.0,1.2575848978611777
2022-01-12,0.0029617841900497367,0.0029617841900497367,0.0,0.0,1.2613095929293083
2022-01-13,0.012856362725741291,0.012856362725741291,0.0,0.0,1.2775254465654644
2022-01-14,-0.006672256607510234,-0.006672256607510234,0.0,0.0,1.2690014689633555
2022-01-17,-0.0023929209789603847,-0.0023929209789603847,0.0,0.0,1.2659648487259416
2022-01-18,0.004684894435009866,0.004684894435009866,0.0,0.0,1.271895760400656
2022-01-19,-0.004210378718111021,-0.004210378718111021,0.0,0.0,1.2665405975594095
2022-01-20,-0.0006929506093124125,-0.0006929506093124125,0.0,0.0,1.2656629474806118
2022-01-21,-0.011680658892410996,-0.011680658892410996,0.0,0.0,1.2508791703183273
2022-01-24,-0.002948538968680032,-0.002948538968680032,0.0,0.0,1.2471909043395335
2022-01-25,-0.0078513005540167,-0.0078513005540167,0.0,0.0,1.237398833701328
2022-01-26,0.0019397612487164761,0.0019397612487164761,0.0,0.0,1.2397990920081488
2022-02-07,0.021640969401649893,0.021640969401649893,0.0,0.0,1.2666295462224906
2022-02-08,0.00917037860504545,0.00917037860504545,0.0,0.0,1.2782450187136878
2022-02-09,0.00796465589939878,0.00796465589939878,0.0,0.0,1.288425800442863
2022-02-10,0.002870500656733582,0.002870500656733582,0.0,0.0,1.2921242275491867
2022-02-11,-0.002175416360590926,-0.002175416360590926,0.0,0.0,1.2893133193646602
2022-02-14,-0.009228799742826517,-0.009228799742826517,0.0,0.0,1.2774145049344847
2022-02-15,-0.003741589489514169,-0.003741589489514169,0.0,0.0,1.272634944249069
2022-02-16,0.008112478999063533,0.008112478999063533,0.0,0.0,1.2829591685077641
2022-02-17,0.003629217680824969,0.003629217680824969,0.0,0.0,1.287615306605889
2022-02-18,0.00037818120622832565,0.00037818120622832565,0.0,0.0,1.2881022585156992
2022-02-21,0.003367494856614954,0.003367494856614954,0.0,0.0,1.2924399362460448
2022-02-22,-0.008247477874068473,-0.008247477874068473,0.0,0.0,1.281780566468293
2022-02-23,0.004082693001318024,0.004082693001318024,0.0,0.0,1.2870136830162386
2022-02-24,-0.01661211458416949,-0.01661211458416949,0.0,0.0,1.265633664242579
2022-02-25,-0.0017610357035001789,-0.0017610357035001789,0.0,0.0,1.263404838172296
2022-03-01,0.011753871752265785,0.011753871752265785,0.0,0.0,1.2782547366113652
2022-03-02,0.002104780212408404,0.002104780212408404,0.0,0.0,1.280945181887402
2022-03-03,0.0018969944820194983,0.0018969944820194983,0.0,0.0,1.2833751278292118
2022-03-04,-0.009232995608212481,-0.009232995608212481,0.0,0.0,1.2715257309102757
2022-03-07,-0.022106555573324155,-0.022106555573324155,0.0,0.0,1.243416676676996
2022-03-08,-0.012612272267209028,-0.012612272267209028,0.0,0.0,1.2277343670091576
2022-03-09,0.004273987295170485,0.004273987295170485,0.0,0.0,1.2329816880955988
2022-03-10,0.02260639613082149,0.02260639613082149,0.0,0.0,1.2608549605587367
2022-03-11,-0.003950957057036882,-0.003950957057036882,0.0,0.0,1.2558733767544172
2022-03-14,0.00487737470412227,0.00487737470412227,0.0,0.0,1.2619987417937797
2022-03-15,-0.0011819362678106217,-0.0011819362678106217,0.0,0.0,1.2605071397109222
2022-03-16,0.010035082398826813,0.010035082398826813,0.0,0.0,1.273156432722231
2022-03-17,0.011422791730186642,0.011422791730186642,0.0,0.0,1.2876994334931642
2022-03-18,0.006292739349459677,0.006292739349459677,0.0,0.0,1.2958025903885835
2022-03-21,0.0005669346603546589,0.0005669346603546589,0.0,0.0,1.2965372257900523
2022-03-22,0.003525589643342452,0.003525589643342452,0.0,0.0,1.3011082840055055
2022-03-23,0.010428765902666415,0.010428765902666415,0.0,0.0,1.314677237713419
2022-03-24,0.0013829137051398022,0.0013829137051398022,0.0,0.0,1.3164953228832883
2022-03-25,-0.003748391138727573,-0.003748391138727573,0.0,0.0,1.3115605834808162
2022-03-28,0.0020943709504148006,0.0020943709504148006,0.0,0.0,1.3143074778665675
2022-03-29,-0.0024812194684755047,-0.002933488728753529,0.20793988978299976,0.00045226926027802444,1.3104519716941294
2022-03-30,0.008902563737873537,0.008902563737873537,0.0,0.0,1.3221183538975583
2022-03-31,0.0058029382138312605,0.0058029382138312605,0.0,0.0,1.329790525016598
2022-04-01,0.0031697363828787793,0.0031697363828787793,0.0,0.0,1.3340056104253508
2022-04-06,0.013999239362153372,0.013999239362153372,0.0,0.0,1.3526806742761508
2022-04-07,-0.014886741709115713,-0.014886741709115713,0.0,0.0,1.3325436664632893
2022-04-08,0.012043825112313947,0.012043825112313947,0.0,0.0,1.3485925893366948
2022-04-11,-0.0036831352029236576,-0.0036831352029236576,0.0,0.0,1.343625540496507
2022-04-12,-0.006140454833898593,-0.006140454833898593,0.0,0.0,1.3353750685514156
2022-04-13,0.007339705084651014,0.007339705084651014,0.0,0.0,1.3451763277319788
2022-04-14,-0.01516089877805103,-0.01516089877805103,0.0,0.0,1.3247822455886038
2022-04-15,-0.004887485046457433,-0.004887485046457433,0.0,0.0,1.3183073921734771
2022-04-18,-0.013960628556983906,-0.013960628556983906,0.0,0.0,1.2999029923474172
2022-04-19,0.0007509863559410348,0.0007509863559410348,0.0,0.0,1.300879201758717
2022-04-20,0.00867761539839365,0.00867761539839365,0.0,0.0,1.3121677311513484
2022-04-21,-0.006269979903538501,-0.006269979903538501,0.0,0.0,1.3039404658469578
2022-04-22,0.004796234638205463,0.004796234638205463,0.0,0.0,1.310194470275411
2022-04-25,-0.014979719725879,-0.014979719725879,0.0,0.0,1.2905681243242888
2022-04-26,0.010958105534801577,0.010958105534801577,0.0,0.0,1.3047103060304852
2022-04-27,-0.013299498258245942,-0.013299498258245942,0.0,0.0,1.2873583135879172
2022-04-28,0.003452278910725102,0.003452278910725102,0.0,0.0,1.2918026335444635
2022-04-29,0.006158757575433083,0.006158757575433083,0.0,0.0,1.2997585327997698
2022-05-03,-0.007734513339142525,-0.007734513339142525,0.0,0.0,1.2897055330901657
2022-05-04,-0.0007967059402459544,-0.0007967059402459544,0.0,0.0,1.2886780170307848
2022-05-05,-0.004895039007139841,-0.004895039007139841,0.0,0.0,1.2823698878697756
2022-05-06,-0.010842586244725097,-0.010842586244725097,0.0,0.0,1.268465681762909
2022-05-09,-0.026997427672590828,-0.026997427672590828,0.0,0.0,1.2342203712643511
2022-05-10,0.0007987372056150884,0.0007987372056150884,0.0,0.0,1.235206188994808
2022-05-11,-0.007028610148342782,-0.007028610148342782,0.0,0.0,1.2265244062395433
2022-05-12,-0.024577148333110945,-0.024577148333110945,0.0,0.0,1.196379933973213
2022-05-13,0.00474687580348629,0.00474687580348629,0.0,0.0,1.202059000933567
2022-05-16,-0.0020335960752515866,-0.0020335960752515866,0.0,0.0,1.1996144984670476
2022-05-17,-0.0012171459973405962,-0.0012171459973405962,0.0,0.0,1.1981543924818867
2022-05-18,0.023170469635442417,0.023170469635442417,0.0,0.0,1.2259161924514603
2022-05-19,-0.017634250176666748,-0.017634250176666748,0.0,0.0,1.2042980796181446
2022-05-20,0.0066992883275948855,0.0066992883275948855,0.0,0.0,1.2123660196858754
2022-05-23,0.00016627454314669933,0.00016627454314669933,0.0,0.0,1.2125676052919254
2022-05-24,-0.003438325655314131,-0.003438325655314131,0.0,0.0,1.2083984029858474
2022-05-25,0.0035876621237105064,0.0035876621237105064,0.0,0.0,1.212733728166592
2022-05-26,-0.0010515503157137321,-0.0010515503157137321,0.0,0.0,1.2114584776318618
2022-05-27,0.011752609137363928,0.011752609137363928,0.0,0.0,1.225696275605615
2022-05-30,0.0153929748052689,0.0153929748052689,0.0,0.0,1.244563387494924
2022-05-31,0.005025206830950135,0.005025206830950135,0.0,0.0,1.250817575931314
2022-06-01,-0.009530240085889105,-0.009530240085889105,0.0,0.0,1.2388969841290387
2022-06-02,-0.0035284179328808687,-0.0035284179328808687,0.0,0.0,1.2345256377932459
2022-06-06,0.006322016260251322,0.006322016260251322,0.0,0.0,1.242330328949072
2022-06-07,-0.004674959399998878,-0.004674959399998878,0.0,0.0,1.2365224850998477
2022-06-08,0.004020760516453985,0.004020760516453985,0.0,0.0,1.2414942458856448
2022-06-09,-0.006301479568797581,-0.006301479568797581,0.0,0.0,1.2336709952604168
2022-06-10,-0.006250782610665808,-0.006250782610665808,0.0,0.0,1.2259595860559602
2022-06-13,-0.012739513336207266,-0.012739513336207266,0.0,0.0,1.210341457559749
2022-06-14,0.004786458520249901,0.004786458520249901,0.0,0.0,1.2161347067416977
2022-06-15,-0.00023661879057088563,-0.00023661879057088563,0.0,0.0,1.2158469464182171
2022-06-16,-0.0050625499985310005,-0.0050625499985310005,0.0,0.0,1.2096916604614136
2022-06-17,-0.010110661258386276,-0.010110661258386276,0.0,0.0,1.1974608778553935
2022-06-20,-0.01566914014405139,-0.01566914014405139,0.0,0.0,1.1786976955432584
2022-06-21,0.025562630489374332,0.025562630489374332,0.0,0.0,1.2088283091931078
2022-06-22,-0.012996544711998683,-0.012996544711998683,0.0,0.0,1.1931177180235497
2022-06-23,0.001353342107666291,0.001353342107666291,0.0,0.0,1.1947324144707538
2022-06-24,0.009188008505423471,0.009188008505423471,0.0,0.0,1.2057096260566162
2022-06-27,0.0026347128906211857,0.0026347128906211857,0.0,0.0,1.2088863247507338
2022-06-28,-0.005590691202228325,-0.005590691202228325,0.0,0.0,1.2021278146104557
2022-06-29,-0.0054706072265674095,-0.0054706072265674095,0.0,0.0,1.19555144550059
2022-06-30,-0.020499893464029948,-0.020499893464029948,0.0,0.0,1.171042768237061
2022-07-01,-0.013515449639106052,-0.013515449639106052,0.0,0.0,1.1552155986777137
2022-07-04,-0.0021894497016293245,-0.0021894497016293245,0.0,0.0,1.1526863122298712
2022-07-05,0.005252926842111981,0.005252926842111981,0.0,0.0,1.1587412890999185
2022-07-06,-0.021788920716178502,-0.021788920716178502,0.0,0.0,1.1334935670211579
2022-07-07,0.003850290568598941,0.003850290568598941,0.0,0.0,1.137857846611827
2022-07-08,-0.0017606222612775227,-0.0017606222612775227,0.0,0.0,1.135854508756913
2022-07-11,-0.01103631291497168,-0.01103631291497168,0.0,0.0,1.1233188629723903
2022-07-12,-0.020154333617135537,-0.020154333617135537,0.0,0.0,1.1006791198496233
2022-07-13,0.02403344661040126,0.02403344661040126,0.0,0.0,1.1271322327117128
2022-07-14,-0.006029647705889204,-0.006029647705889204,0.0,0.0,1.1203360224305088
2022-07-15,-0.01316455330313685,-0.01316455330313685,0.0,0.0,1.105587299145798
2022-07-18,0.0130489202197819,0.0130489202197819,0.0,0.0,1.1200140196083557
2022-07-19,-0.0007132588659224799,-0.0007132588659224799,0.0,0.0,1.1192151596789126
2022-07-20,-0.0024321526781991617,-0.0024321526781991617,0.0,0.0,1.1164930575308185
2022-07-21,0.006513492930356462,0.006513492930356462,0.0,0.0,1.1237653271678376
2022-07-22,0.003952426958243913,0.003952426958243913,0.0,0.0,1.1282069275416755
2022-07-25,0.0071129232712710145,0.0071129232712710145,0.0,0.0,1.1362317768513959
2022-07-26,-0.0016246772186405826,-0.0016246772186405826,0.0,0.0,1.1343857669684498
2022-07-27,0.004493072923416375,0.004493072923416375,0.0,0.0,1.1394826449427247
2022-07-28,-0.001227770364946139,-0.001227770364946139,0.0,0.0,1.1380836219198935
2022-07-29,-0.0003185959679818197,-0.0003185959679818197,0.0,0.0,1.1377210330667238
2022-08-01,0.0028351052486982288,0.0028351052486982288,0.0,0.0,1.1409465919391255
2022-08-02,-0.004951299078988897,-0.004951299078988897,0.0,0.0,1.1352974241292817
2022-08-03,-0.003389322646031593,-0.003389322646031593,0.0,0.0,1.131449534859699
2022-08-04,-0.006240226247835919,-0.006240226247835919,0.0,0.0,1.1243890337741655
2022-08-05,0.012186053764875634,0.012186053764875634,0.0,0.0,1.1380908989923741
2022-08-08,0.0048103707233300656,0.0048103707233300656,0.0,0.0,1.1435655381333754
2022-08-09,0.007906458396216145,0.007906458396216145,0.0,0.0,1.1526070914839732
2022-08-10,0.0008636127382410986,0.0008636127382410986,0.0,0.0,1.1536024976503658
2022-08-11,0.010434850887169066,0.010434850887169066,0.0,0.0,1.1656401676964132
2022-08-12,-0.0013732053963238931,-0.0013732053963238931,0.0,0.0,1.1640395043279606
2022-08-15,7.07794806696512e-05,7.07794806696512e-05,0.0,0.0,1.1641218944395557
2022-08-16,0.0019029959293745805,0.0019029959293745805,0.0,0.0,1.16633721366597
2022-08-17,0.004712479389163272,0.004712479389163272,0.0,0.0,1.171833553746185
2022-08-18,-0.003458263614308295,-0.003458263614308295,0.0,0.0,1.167781044405239
2022-08-19,0.0016897100721544375,0.0016897100721544375,0.0,0.0,1.1697542557980416
2022-08-22,-0.003138080253430563,-0.003138080253430563,0.0,0.0,1.1660834730665555
2022-08-23,-0.010977253348213136,-0.010977253348213136,0.0,0.0,1.1532830793575397
2022-08-24,-0.004325496452823901,-0.004325496452823901,0.0,0.0,1.148294557488677
2022-08-25,0.005985514708424864,0.005985514708424864,0.0,0.0,1.1551676914521296
2022-08-26,0.0039504433256373934,0.0039504433256373934,0.0,0.0,1.1597311159488186
2022-08-29,-0.012901770035183308,-0.012901770035183308,0.0,0.0,1.1447685317882004
2022-08-30,0.0017933591270184726,0.0017933591270184726,0.0,0.0,1.1468215128830064
2022-08-31,0.0054922475476152505,0.0054922475476152505,0.0,0.0,1.1531201405246907
2022-09-01,-0.012557475793395853,-0.012557475793395853,0.0,0.0,1.1386398622731746
2022-09-02,-0.005651253696849049,-0.005651253696849049,0.0,0.0,1.1322051195421237
2022-09-05,0.005196403985988179,0.005196403985988179,0.0,0.0,1.1380885147382687
2022-09-06,0.0026226015698632456,0.0026226015698632456,0.0,0.0,1.1410732674636646
2022-09-07,-0.013826836604417131,-0.013826836604417131,0.0,0.0,1.1252958338407761
2022-09-08,0.01326898035979783,0.01326898035979783,0.0,0.0,1.1402273621589718
2022-09-12,0.00834286428749278,0.00834286428749278,0.0,0.0,1.14974012429835
2022-09-13,-0.00019178023665870133,-0.00019178023665870133,0.0,0.0,1.1495196268652161
2022-09-14,-0.013343769399020995,-0.013343769399020995,0.0,0.0,1.134180702044678
2022-09-15,0.005628964911020556,0.005628964911020556,0.0,0.0,1.140564965419244
2022-09-16,-0.0037251556223960795,-0.0037251556223960795,0.0,0.0,1.1363161834256046
2022-09-19,-0.006472887954446873,-0.006472887954446873,0.0,0.0,1.128960936089466
2022-09-20,0.0023536430501807674,0.0023536430501807674,0.0,0.0,1.1316181071506184
2022-09-21,-0.006217787254509351,-0.006217787254509351,0.0,0.0,1.1245819465070053
2022-09-22,-0.014265147796419877,-0.014265147796419877,0.0,0.0,1.1085396188308974
2022-09-23,-0.001641962959462537,-0.001641962959462537,0.0,0.0,1.1067194378376803
2022-09-26,-0.01719821486534178,-0.01719821486534178,0.0,0.0,1.0876858391500976
2022-09-27,-0.0011120512667023236,-0.0011120512667023236,0.0,0.0,1.0864762767348966
2022-09-28,-0.014178185115395795,-0.014178185115395795,0.0,0.0,1.0710720149598632
2022-09-29,0.007135615021909108,0.007135615021909108,0.0,0.0,1.078714772519357
2022-09-30,-0.008511507446591845,-0.008511507446591845,0.0,0.0,1.06953328370031
2022-10-03,-0.013920404242293962,-0.013920404242293962,0.0,0.0,1.0546449480406135
2022-10-04,0.007519808566982983,0.007519808566982983,0.0,0.0,1.0625756761560146
2022-10-05,0.0050600943449019544,0.0050600943449019544,0.0,0.0,1.067952409325962
2022-10-06,0.005584872777662385,0.005584872777662385,0.0,0.0,1.0739167876646456
2022-10-07,-0.0057776943606493245,-0.0057776943606493245,0.0,0.0,1.0677120246967489
2022-10-11,-0.020336695569063805,-0.020336695569063805,0.0,0.0,1.0459982902950624
2022-10-12,0.006092511541585483,0.006092511541585483,0.0,0.0,1.0523710469511638
2022-10-13,-0.022675969510664452,-0.022675969510664452,0.0,0.0,1.0285075131765933
2022-10-14,0.0026623963981142204,0.0026623963981142204,0.0,0.0,1.0312458078751081
2022-10-17,-0.0030804774159055247,-0.0030804774159055247,0.0,0.0,1.0280690784537017
2022-10-18,0.006068668941269129,0.006068668941269129,0.0,0.0,1.0343080893395928
2022-10-19,-0.008677282223107739,-0.008677282223107739,0.0,0.0,1.02533310614275
2022-10-20,0.0008155923740226154,0.0008155923740226154,0.0,0.0,1.0261693600049528
2022-10-21,0.0010182752501870923,0.0010182752501870923,0.0,0.0,1.027214282866746
2022-10-24,-0.0009360380764783507,-0.0009360380764783507,0.0,0.0,1.0262527711852805
2022-10-25,0.0050906461192791914,0.0050906461192791914,0.0,0.0,1.0314770608723143
2022-10-26,0.005914767464043435,0.005914767464043435,0.0,0.0,1.037578007831869
2022-10-27,-0.0026836835639944623,-0.0026836835639944623,0.0,0.0,1.0347934767858884
2022-10-28,-0.00406724137707748,-0.00406724137707748,0.0,0.0,1.030584721940375
2022-10-31,0.0037377765706277464,0.0037377765706277464,0.0,0.0,1.0344368173680905
2022-11-01,0.009103834157752766,0.009103834157752766,0.0,0.0,1.0438541586000831
2022-11-02,-0.0027669892516317732,-0.0027669892516317732,0.0,0.0,1.0409658253629657
2022-11-03,-0.005221102430999467,-0.005221102430999467,0.0,0.0,1.0355308361615756
2022-11-04,0.00904812695584819,0.00904812695584819,0.0,0.0,1.0449004506338613
2022-11-07,0.009637968365767057,0.009637968365767057,0.0,0.0,1.054971168122446
2022-11-08,0.006510235333166081,0.006510235333166081,0.0,0.0,1.0618392786966284
2022-11-09,0.008701555900393796,0.008701555900393796,0.0,0.0,1.071078932537441
2022-11-10,-0.007077103091611479,-0.007077103091611479,0.0,0.0,1.0634987965126204
2022-11-11,0.023546574403429655,0.023546574403429655,0.0,0.0,1.0885405500526626
2022-11-14,0.00868608773619003,0.00868608773619003,0.0,0.0,1.0979957087748207
2022-11-15,0.0027619446999183114,0.0027619446999183114,0.0,0.0,1.1010283122032043
2022-11-16,-0.008907695588016578,-0.008907695588016578,0.0,0.0,1.0912206871643104
2022-11-17,-0.003258587166748786,-0.003258587166748786,0.0,0.0,1.087664849437026
2022-11-18,-0.003981464455575356,-0.003981464455575356,0.0,0.0,1.0833343504994137
2022-11-21,-0.0013843680346002315,-0.0013843680346002315,0.0,0.0,1.081834617053798
2022-11-22,0.003639078459224045,0.003639078459224045,0.0,0.0,1.0857714981051614
2022-11-23,0.007359844505195567,0.007359844505195567,0.0,0.0,1.0937626074993887
2022-11-24,0.008305542020007932,0.008305542020007932,0.0,0.0,1.1028468987958884
2022-11-25,0.00027937640772284574,0.00027937640772284574,0.0,0.0,1.1031550082007424
2022-11-28,-0.004213902125095159,-0.004213902125095159,0.0,0.0,1.0985064209673758
2022-11-29,0.013196335054321408,0.013196335054321408,0.0,0.0,1.1130026797577848
2022-11-30,0.012089683242362918,0.012089683242362918,0.0,0.0,1.1264585296039575
2022-12-01,-0.002195229215359507,-0.002195229215359507,0.0,0.0,1.12398569492988
2022-12-02,-0.003923731267948209,-0.003923731267948209,0.0,0.0,1.1195754771139572
2022-12-05,0.0005561117156650254,0.0005561117156650254,0.0,0.0,1.1201980861533514
2022-12-06,-0.01040919666740557,-0.01040919666740557,0.0,0.0,1.1085377239681298
2022-12-07,0.0033722875241695947,0.0033722875241695947,0.0,0.0,1.1122760319047387
2022-12-08,-0.003194068565142749,-0.003194068565142749,0.0,0.0,1.1087233459954702
2022-12-09,0.004949831109757029,0.004949831109757029,0.0,0.0,1.1142113393055926
2022-12-12,-0.00031006582190385866,-0.00031006582190385866,0.0,0.0,1.1138658604508962
2022-12-13,-0.00797825448027676,-0.00797825448027676,0.0,0.0,1.1049791551593264
2022-12-14,0.009463227748352728,0.009463227748352728,0.0,0.0,1.1154358245617815
2022-12-15,-0.0008373742910962703,-0.0008373742910962703,0.0,0.0,1.1145017872789256
2022-12-16,-0.009185785380798145,-0.009185785380798145,0.0,0.0,1.1042642130544653
2022-12-19,-0.0012123949788730892,-0.0012123949788730892,0.0,0.0,1.102925408667209
2022-12-20,-0.008906613277491737,-0.008906613277491737,0.0,0.0,1.0931020785782906
2022-12-21,0.00019247527586192987,0.00019247527586192987,0.0,0.0,1.0933124737024102
2022-12-22,0.014981987710707134,0.014981987710707134,0.0,0.0,1.1096924677473825
2022-12-23,-0.007439356646988913,-0.007439356646988913,0.0,0.0,1.1014370697113325
2022-12-26,0.0031696570706621534,0.0031696570706621534,0.0,0.0,1.1049282475072324
2022-12-27,0.0024344330704492855,0.0024344330704492855,0.0,0.0,1.1076181213734375
2022-12-28,-0.0063371755187841584,-0.0063371755187841584,0.0,0.0,1.100598950930508
2022-12-29,-0.004409336898340407,-0.004409336898340407,0.0,0.0,1.0957460393658953
2022-12-30,0.004388048029659814,0.004388048029659814,0.0,0.0,1.1005542256149425
2023-01-03,0.00039040573010959374,0.00039040573010959374,0.0,0.0,1.1009838882909189
2023-01-04,0.001491002923230226,0.001491002923230226,0.0,0.0,1.10262545848679
2023-01-05,0.006376515310308922,0.006376515310308922,0.0,0.0,1.1096563666043675
2023-01-06,0.0031759940275958047,0.0031759940275958047,0.0,0.0,1.1131806285973866
2023-01-09,0.01784757677878214,0.01784757677878214,0.0,0.0,1.1330482053349316
2023-01-10,0.0006147427199208881,0.0006147427199208881,0.0,0.0,1.1337447384704806
2023-01-11,-0.008200211249348143,-0.008200211249348143,0.0,0.0,1.1244477921121858
2023-01-12,-0.004952297603973645,-0.004952297603973645,0.0,0.0,1.1188791920055152
2023-01-13,0.0020002336586725823,0.0020002336586725823,0.0,0.0,1.1211172118253532
2023-01-16,0.0073760292443818,0.0073760292443818,0.0,0.0,1.1293866051661567
2023-01-17,0.00012890741945129647,0.00012890741945129647,0.0,0.0,1.1295321914789915
2023-01-30,0.019171718924986886,0.019171718924986886,0.0,0.0,1.1511872651707513
2023-01-31,-0.015794089085019874,-0.015794089085019874,0.0,0.0,1.133005310951104
2023-02-01,0.0063689875365816944,0.0063689875365816944,0.0,0.0,1.1402214076554325
2023-02-02,0.0028242337362840413,0.0028242337362840413,0.0,0.0,1.1434416594217662
2023-02-03,-0.0015527104149530868,-0.0015527104149530868,0.0,0.0,1.1416662256482908
2023-02-06,-0.00507564143723233,-0.00507564143723233,0.0,0.0,1.1358715372459016
2023-02-07,0.0022243239601396807,0.0022243239601396807,0.0,0.0,1.1383980835218384
2023-02-08,0.00017419164306678686,0.00017419164306678686,0.0,0.0,1.1385963829544712
2023-02-09,-0.00014080664019495048,-0.00014080664019495048,0.0,0.0,1.1384360610232491
2023-02-10,-0.0003757598511158794,-0.0003757598511158794,0.0,0.0,1.138008282458454
2023-02-13,0.006266087035569532,0.006266087035569532,0.0,0.0,1.1451391414035377
2023-02-14,0.004053111146768525,0.004053111146768525,0.0,0.0,1.1497805176221614
2023-02-15,-0.005754164804196498,-0.005754164804196498,0.0,0.0,1.143164491035109
2023-02-16,0.005019588254397278,0.005019588254397278,0.0,0.0,1.148902706087153
2023-02-17,0.004438743720523964,0.004438743720523964,0.0,0.0,1.1540023907592905
2023-02-20,0.009524172703222077,0.009524172703222077,0.0,0.0,1.1649933088288131
2023-02-21,-0.005385849588461394,-0.005385849588461394,0.0,0.0,1.158718830095897
2023-02-22,-2.8907885536833965e-05,-2.8907885536833965e-05,0.0,0.0,1.1586853339845873
2023-02-23,0.004531411848434004,0.004531411848434004,0.0,0.0,1.1639358144356118
2023-02-24,-0.0040906402910255,-0.0040906402910255,0.0,0.0,1.159174571696914
2023-03-01,-0.006603233066378215,-0.006603233066378215,0.0,0.0,1.15152027183538
2023-03-02,-0.0002863176409106211,-0.0002863176409106211,0.0,0.0,1.1511905712676875
2023-03-03,0.0029318403601502267,0.0029318403601502267,0.0,0.0,1.1545656782467544
2023-03-06,0.007704098925551619,0.007704098925551619,0.0,0.0,1.163460566448014
2023-03-07,0.0042831452485431725,0.0042831452485431725,0.0,0.0,1.1684438370450632
2023-03-08,-0.0003990818801810462,-0.0003990818801810462,0.0,0.0,1.1679775322816892
2023-03-09,-0.006809828402065676,-0.006809828402065676,0.0,0.0,1.1600238057093828
2023-03-10,-0.011904029528079427,-0.011904029528079427,0.0,0.0,1.1462148480729433
2023-03-13,-0.0021055114553213323,-0.0021055114553213323,0.0,0.0,1.1438014795800662
2023-03-14,-0.012297826708612132,-0.012297826708612132,0.0,0.0,1.1297352071951363
2023-03-15,-0.0025796077012272857,-0.0025796077012272857,0.0,0.0,1.126820933554308
2023-03-16,-0.011717909015550174,-0.011717909015550174,0.0,0.0,1.1136169483781013
2023-03-17,0.005861984890897594,0.005861984890897594,0.0,0.0,1.1201449541037414
2023-03-20,-0.002256261500277335,-0.002256261500277335,0.0,0.0,1.1176176141690672
2023-03-21,0.005894005624244129,0.005894005624244129,0.0,0.0,1.124204858672734
2023-03-22,0.011413958997786685,0.011413958997786685,0.0,0.0,1.1370364868347371
2023-03-23,0.0056239149275094345,0.0056239149275094345,0.0,0.0,1.1434310833061698
2023-03-24,0.0017515517146074351,0.0017515517146074351,0.0,0.0,1.14543386198067
2023-03-27,-0.0002162727832840483,-0.0002162727832840483,0.0,0.0,1.1451861358112718
2023-03-28,-0.0020135362946470782,-0.0020135362946470782,0.0,0.0,1.1428802619626892
2023-03-29,0.00635207996127075,0.00635207996127075,0.0,0.0,1.1501399287728344
2023-03-30,-0.0004169387852970858,-0.0004169387852970858,0.0,0.0,1.14966039082801
2023-03-31,0.0030500111904458132,0.0030500111904458132,0.0,0.0,1.153166867885248
2023-04-06,0.0034932685604867693,0.0034932685604867693,0.0,0.0,1.1571951894498265
2023-04-07,-0.0005486457856386796,-0.0005486457856386796,0.0,0.0,1.1565602991859734
2023-04-10,0.0040894890814457685,0.0040894890814457685,0.0,0.0,1.161290039901528
2023-04-11,0.006125561398308009,0.006125561398308009,0.0,0.0,1.1684035933421884
2023-04-12,0.0018236654880378952,0.0018236654880378952,0.0,0.0,1.170534370651466
2023-04-13,0.0005698717452848031,-0.00048297041780318364,0.4840653623393043,0.0010528421630879867,1.1699690371774194
2023-04-14,0.002204382137479575,0.002204382137479575,0.0,0.0,1.1725480960243775
2023-04-17,-0.0007002829217752357,-0.0007002829217752357,0.0,0.0,1.1717269806177715
2023-04-18,0.0015521705146407786,0.0015521705146407786,0.0,0.0,1.1735457006882954
2023-04-19,-0.002271137535473973,-0.002271137535473973,0.0,0.0,1.1708804169978682
2023-04-20,-0.00670998698957374,-0.00670998698957374,0.0,0.0,1.1630238246334659
2023-04-21,0.00011616077389246424,0.00011616077389246424,0.0,0.0,1.1631589223809906
2023-04-24,0.001586170756137499,0.001586170756137499,0.0,0.0,1.1650038910484117
2023-04-25,-0.005595660838337552,-0.005595660838337552,0.0,0.0,1.1584849243987614
2023-04-26,0.005279175787459805,0.005279175787459805,0.0,0.0,1.1646007699617844
2023-04-27,-0.00016884961987876344,-0.00016884961987876344,0.0,0.0,1.1644041275644659
2023-04-28,0.0027301418007505155,0.0027301418007505155,0.0,0.0,1.167583115946096
2023-05-02,0.0045144657888047494,0.0045144657888047494,0.0,0.0,1.1728541299786208
2023-05-03,-0.0019854342504505777,-0.0019854342504505777,0.0,0.0,1.1705255052181789
2023-05-04,0.004621111224574874,0.004621111224574874,0.0,0.0,1.1759346337689938
2023-05-05,0.0006877385435871278,0.0006877385435871278,0.0,0.0,1.1767433693413756
2023-05-08,0.0040794441676907265,0.0040794441676907265,0.0,0.0,1.181543828216304
2023-05-09,0.003527884297535503,0.003527884297535503,0.0,0.0,1.1857121781347182
2023-05-10,0.0012270249393386485,0.0012270249393386485,0.0,0.0,1.187167076548167
2023-05-11,-0.0033337488075111466,-0.0033337488075111466,0.0,0.0,1.183209359722408
2023-05-12,-0.001482155697779152,-0.001482155697779152,0.0,0.0,1.18145565922823
2023-05-15,0.0006368311661121664,0.0006368311661121664,0.0,0.0,1.1822080470134062
2023-05-16,0.008836966830815687,0.008836966830815687,0.0,0.0,1.1926551803119871
2023-05-17,0.008984224461327971,0.008984224461327971,0.0,0.0,1.2033702621568758
2023-05-18,0.003973651172208669,0.003973651172208669,0.0,0.0,1.2081520358096964
2023-05-19,0.005549750144767642,0.005549750144767642,0.0,0.0,1.2148569777453326
2023-05-22,0.00024109590967378778,0.00024109590967378778,0.0,0.0,1.2151498747935057
2023-05-23,0.0011175826429757959,0.0011175826429757959,0.0,0.0,1.2165079052021892
2023-05-24,-0.000669259228795441,-0.000669259228795441,0.0,0.0,1.21569374605973
2023-05-25,-0.0016664587788566007,-0.0016664587788566007,0.0,0.0,1.2136678425442076
2023-05-26,0.0010759135092542936,0.0010759135092542936,0.0,0.0,1.2149736441717485
2023-05-29,0.005293082161401836,0.005293082161401836,0.0,0.0,1.2214045994942875
2023-05-30,0.0008738298675437721,0.0008738298675437721,0.0,0.0,1.222471899313681
2023-05-31,0.0017420846682589344,0.0017420846682589344,0.0,0.0,1.2246015488668527
2023-06-01,-0.003628254398430616,-0.003628254398430616,0.0,0.0,1.2201583829108515
2023-06-02,0.007885734486220203,0.007885734486220203,0.0,0.0,1.2297802279496224
2023-06-05,0.005452425199761366,0.005452425199761366,0.0,0.0,1.2364855126546632
2023-06-06,0.00102486689695452,0.00102486689695452,0.0,0.0,1.237752745725147
2023-06-07,0.004733231247035023,0.004733231247035023,0.0,0.0,1.2436113156973165
2023-06-08,-0.00189341474716047,-0.00189341474716047,0.0,0.0,1.2412566436924397
2023-06-09,0.0069810030831290735,0.0069810030831290735,0.0,0.0,1.249921860149011
2023-06-12,-0.0022661599652962477,-0.0022661599652962477,0.0,0.0,1.2470893372697927
2023-06-13,0.00773325184145394,0.00773325184145394,0.0,0.0,1.2567333931836917
2023-06-14,0.0006460005381304276,0.0006460005381304276,0.0,0.0,1.2575452436319747
2023-06-15,0.004224517624730368,0.004224517624730368,0.0,0.0,1.262857765677594
2023-06-16,-0.004617136747819171,-0.004617136747819171,0.0,0.0,1.2570269786804151
2023-06-19,0.003368476144464544,0.003368476144464544,0.0,0.0,1.2612612440710484
2023-06-20,-0.002403822880576785,-0.002403822880576785,0.0,0.0,1.2582293954341657
2023-06-21,0.004393340867196814,0.004393340867196814,0.0,0.0,1.2637572260574348
2023-06-26,-0.004046183777088625,-0.004046183777088625,0.0,0.0,1.2586438320711826
2023-06-27,-0.011615058909671981,-0.011615058909671981,0.0,0.0,1.2440246098153804
2023-06-28,0.0019709460739784235,0.0019709460739784235,0.0,0.0,1.2464765152360286
2023-06-29,-0.0017735117571073156,-0.0017735117571073156,0.0,0.0,1.2442658744812995
2023-06-30,-0.00532614528622149,-0.00532614528622149,0.0,0.0,1.2376387336591248
2023-07-03,0.006351231237687071,0.006351231237687071,0.0,0.0,1.245499263445312
2023-07-04,0.0024588001670615917,0.0024588001670615917,0.0,0.0,1.2485616972423463
2023-07-05,-0.00575055660886494,-0.00575055660886494,0.0,0.0,1.2413817725226937
2023-07-06,-0.013581305715151306,-0.013581305715151306,0.0,0.0,1.2245221871608467
2023-07-07,-0.008303322314375198,-0.008303322314375198,0.0,0.0,1.2143545847597466
2023-07-10,0.0008877688681648716,0.0008877688681648716,0.0,0.0,1.2154326509550095
2023-07-11,0.01592662784916077,0.01592662784916077,0.0,0.0,1.234790394462489
2023-07-12,0.0060316033091969996,0.0060316033091969996,0.0,0.0,1.2422381602918935
2023-07-13,0.0035467644426307103,0.0035467644426307103,0.0,0.0,1.2466440864280959
2023-07-14,0.013931762645570712,0.013931762645570712,0.0,0.0,1.2640120359437164
2023-07-17,0.009345884696653591,0.009345884696653591,0.0,0.0,1.2758253466868288
2023-07-18,0.0021911584318080155,0.0021911584318080155,0.0,0.0,1.2786208821527358
2023-07-19,-0.008564397258887751,-0.008564397258887751,0.0,0.0,1.2676702649744702
2023-07-20,0.001173504165933494,0.001173504165933494,0.0,0.0,1.269157881311448
2023-07-21,-0.0015150534857845445,-0.0015150534857845445,0.0,0.0,1.267235039239356
2023-07-24,-0.0005817222097639346,-0.0005817222097639346,0.0,0.0,1.2664978604720394
2023-07-25,0.0071859728497842956,0.0071859728497842956,0.0,0.0,1.2755988797117013
2023-07-26,0.003514144046005578,0.003514144046005578,0.0,0.0,1.2800815179199316
2023-07-27,0.0006713277209861239,0.0006713277209861239,0.0,0.0,1.2809408721280333
2023-07-28,0.0018783390562233135,0.0018783390562233135,0.0,0.0,1.2833469133968642
2023-07-31,-0.004073811253144802,-0.004073811253144802,0.0,0.0,1.2781188002993795
2023-08-01,0.0031874096569757693,0.0031874096569757693,0.0,0.0,1.282192688506216
2023-08-02,-0.016974664795816184,-0.016974664795816184,0.0,0.0,1.2604278974151766
2023-08-04,0.0013596646309113167,0.0013596646309113167,0.0,0.0,1.262141656647106
2023-08-07,0.01196887299609255,0.01196887299609255,0.0,0.0,1.277248069838593
2023-08-08,-0.003240237369816025,-0.003240237369816025,0.0,0.0,1.2731094829121767
2023-08-09,-0.00376165674676089,-0.00376165674676089,0.0,0.0,1.268320482036415
2023-08-10,-0.009938404229451157,-0.009938404229451157,0.0,0.0,1.2557154003934448
2023-08-11,-0.005550064556745158,-0.005550064556745158,0.0,0.0,1.2487460988563621
2023-08-14,-0.009662166001578583,-0.009662166001578583,0.0,0.0,1.2366805067553883
2023-08-15,-0.00043128217616642006,-0.00043128217616642006,0.0,0.0,1.2361471484952122
2023-08-16,-0.004976784755806188,-0.004976784755806188,0.0,0.0,1.229995110210648
2023-08-17,-0.0019288663268960744,-0.0019288663268960744,0.0,0.0,1.2276226140603157
2023-08-18,-0.0026704192204378813,-0.0026704192204378813,0.0,0.0,1.224344347036285
2023-08-21,0.0018156582711048555,0.0018156582711048555,0.0,0.0,1.2265673379766617
2023-08-22,-0.001012217700049749,-0.001012217700049749,0.0,0.0,1.2253257848068588
2023-08-23,0.0022660682463622787,0.0022660682463622787,0.0,0.0,1.2281024566592584
2023-08-24,0.0028697229193695574,0.0028697229193695574,0.0,0.0,1.2316267704264674
2023-08-25,-0.007891240357484343,-0.007891240357484343,0.0,0.0,1.22190770755032
2023-08-28,0.0020366507811066616,0.0020366507811066616,0.0,0.0,1.2243963068373427
2023-08-29,0.005573725718927888,0.005573725718927888,0.0,0.0,1.2312207560229222
2023-08-30,0.0029736356153251364,0.0029736356153251364,0.0,0.0,1.2348819579133596
2023-08-31,-0.008369145786116583,-0.008369145786116583,0.0,0.0,1.2245470507789376
2023-09-01,0.0029895346443647537,0.0029895346443647537,0.0,0.0,1.2282078766108957
2023-09-04,0.003998251423179621,0.003998251423179621,0.0,0.0,1.2331185605015156
2023-09-05,0.00015920096091393964,0.00015920096091393964,0.0,0.0,1.2333148741612683
2023-09-06,-0.0018451869091415964,-0.0018451869091415964,0.0,0.0,1.2310391777006162
2023-09-07,-0.001443031510594253,-0.001443031510594253,0.0,0.0,1.2292627493764183
2023-09-08,0.0010035653222400188,0.0010035653222400188,0.0,0.0,1.2304963948436138
2023-09-11,-0.0029774629347244165,-0.0029774629347244165,0.0,0.0,1.226832637436655
2023-09-12,0.006323633260246089,0.006323633260246089,0.0,0.0,1.2345906771075048
2023-09-13,0.0016691766219846492,0.0016691766219846492,0.0,0.0,1.236651427003453
2023-09-14,0.011994738297424038,0.011994738297424038,0.0,0.0,1.2514847372354956
2023-09-15,0.0004401054775139391,0.0004401054775139391,0.0,0.0,1.252035522523378
2023-09-18,-0.004785597908692051,-0.004785597908692051,0.0,0.0,1.246043783945182
2023-09-19,0.0010178167649101697,0.0010178167649101697,0.0,0.0,1.2473120281982935
2023-09-20,-0.004641861173255685,-0.004641861173255685,0.0,0.0,1.241522178923665
2023-09-21,-0.012996479245138243,-0.012996479245138243,0.0,0.0,1.2253867616929048
2023-09-22,0.004266227006028536,0.004266227006028536,0.0,0.0,1.230614539788469
2023-09-25,0.0038903419931024742,0.0038903419931024742,0.0,0.0,1.2354020512099304
2023-09-26,-0.008546803170082409,-0.008546803170082409,0.0,0.0,1.224843313042323
2023-09-27,0.000768703815183285,0.000768703815183285,0.0,0.0,1.2257848547700605
2023-09-28,0.002955036281055646,0.002955036281055646,0.0,0.0,1.2294070934886747
2023-10-02,0.003126947273017768,0.003126947273017768,0.0,0.0,1.2332513846470878
2023-10-03,-0.00542329924202004,-0.00542329924202004,0.0,0.0,1.2265630933475111
2023-10-04,-0.011303854344496435,-0.011303854344496435,0.0,0.0,1.2126982027959758
2023-10-05,0.00839443576907083,0.00839443576907083,0.0,0.0,1.2228781199666143
2023-10-06,0.00533777902582503,0.00533777902582503,0.0,0.0,1.2294055731465126
2023-10-11,0.01193205942096559,0.01193205942096559,0.0,0.0,1.244074913497763
2023-10-12,0.006057819378507064,0.006057819378507064,0.0,0.0,1.251611294617064
2023-10-13,-0.006664307844139858,-0.006664307844139858,0.0,0.0,1.2432701716485335
2023-10-16,-0.001321200510059675,-0.001321200510059675,0.0,0.0,1.2416275624636095
2023-10-17,-0.0034531696803419823,-0.0034531696803419823,0.0,0.0,1.2373400118106332
2023-10-18,-0.005354240072714475,-0.005354240072714475,0.0,0.0,1.2307149963358237
2023-10-19,-0.0048151873090987885,-0.0048151873090987885,0.0,0.0,1.22478887310435
2023-10-20,-0.007081286052057723,-0.007081286052057723,0.0,0.0,1.2161157927405206
2023-10-23,-0.006342174450414619,-0.006342174450414619,0.0,0.0,1.208402974231056
2023-10-24,0.0038270054893721427,0.0038270054893721427,0.0,0.0,1.213027539046812
2023-10-25,0.00010135553382287378,0.00010135553382287378,0.0,0.0,1.213150486100574
2023-10-26,-0.00856075545041991,-0.00856075545041991,0.0,0.0,1.2027650014645088
2023-10-27,0.005667953668300085,0.005667953668300085,0.0,0.0,1.2095822177666626
2023-10-30,-0.004089081150129219,-0.004089081150129219,0.0,0.0,1.2046361379204615
2023-10-31,-0.00253659787557816,-0.00253659787557816,0.0,0.0,1.2015804604521678
2023-11-01,0.004925841652797862,0.004925841652797862,0.0,0.0,1.2074992555334512
2023-11-02,0.012422922589063634,0.012422922589063634,0.0,0.0,1.2224999253112954
2023-11-03,0.006667461809767673,0.006667461809767673,0.0,0.0,1.2306508968757524
2023-11-06,0.008326800962923384,0.008326800962923384,0.0,0.0,1.2408982819488799
2023-11-07,-0.001275347910641029,-0.001275347910641029,0.0,0.0,1.2393157049176784
2023-11-08,0.003997570418575186,0.003997570418575186,0.0,0.0,1.244269956718933
2023-11-09,-0.0016939038891084536,-0.0016939038891084536,0.0,0.0,1.242162283000146
2023-11-10,-0.002379680689302759,-0.002379680689302759,0.0,0.0,1.2392063334023102
2023-11-13,-0.0007999934794504625,-0.0007999934794504625,0.0,0.0,1.2382149764158947
2023-11-14,0.0028990635551165767,0.0028990635551165767,0.0,0.0,1.2418046403274214
2023-11-15,0.009687912645225984,0.009687912645225984,0.0,0.0,1.2538351352053498
2023-11-16,0.0048017260160786255,0.0048017260160786255,0.0,0.0,1.2598557079939388
2023-11-17,0.0003710398162609127,0.0003710398162609127,0.0,0.0,1.260323164624348
2023-11-20,0.0001281595693048398,0.0001281595693048398,0.0,0.0,1.260484687098311
2023-11-21,0.011480129249414826,0.011480129249414826,0.0,0.0,1.274955214223108
2023-11-22,-0.00592830840692591,-0.00592830840692591,0.0,0.0,1.267396886508175
2023-11-23,0.0004789824740329638,0.0004789824740329638,0.0,0.0,1.2680039474044564
2023-11-24,-0.00019461348059906006,-0.00019461348059906006,0.0,0.0,1.2677571767428388
2023-11-27,-0.0022265478424273047,-0.0022265478424273047,0.0,0.0,1.2649344547362404
2023-11-28,0.006317984723127093,0.006317984723127093,0.0,0.0,1.2729262912970212
2023-11-29,-0.00047505462940262223,-0.00047505462940262223,0.0,0.0,1.2723215817694522
2023-11-30,0.004017980438341501,0.004017980438341501,0.0,0.0,1.2774337449962816
2023-12-01,-0.00529611338487935,-0.00529611338487935,0.0,0.0,1.2706683110411103
2023-12-04,0.004361522200703933,0.004361522200703933,0.0,0.0,1.276210359089447
2023-12-05,-0.0008734345862244634,-0.0008734345862244634,0.0,0.0,1.2750956728225202
2023-12-06,0.004295834304932208,0.004295834304932208,0.0,0.0,1.2805732725559018
2023-12-07,-0.005729295973120432,-0.005729295973120432,0.0,0.0,1.2732364892621617
2023-12-08,0.002875017456679174,0.002875017456679174,0.0,0.0,1.2768970663952712
2023-12-11,0.0009945039691647397,0.0009945039691647397,0.0,0.0,1.2781669455960163
2023-12-12,0.0018275810262188765,0.0018275810262188765,0.0,0.0,1.2805028992541279
2023-12-13,0.0021817767107321414,0.0021817767107321414,0.0,0.0,1.2832966706577456
2023-12-14,0.009146519313524757,0.009146519313524757,0.0,0.0,1.2950343684408987
2023-12-15,-0.006909472557289386,-0.006909472557289386,0.0,0.0,1.2860863640114097
2023-12-18,0.00066118121169086,0.00066118121169086,0.0,0.0,1.2869367001519059
2023-12-19,-0.005674478392652497,-0.005674478392652497,0.0,0.0,1.2796340056541824
2023-12-20,0.002949351690471038,0.002949351690471038,0.0,0.0,1.2834080963719428
2023-12-21,-0.0025783430852754146,-0.0025783430852754146,0.0,0.0,1.2800990299810757
2023-12-22,4.65787161313148e-05,4.65787161313148e-05,0.0,0.0,1.2801586553504132
2023-12-25,0.0033255142232709884,0.0033255142232709884,0.0,0.0,1.2844158411668245
2023-12-26,0.007745414639193068,0.007745414639193068,0.0,0.0,1.2943641744258096
2023-12-27,0.006909066301407469,0.006909066301407469,0.0,0.0,1.3033070223250842
2023-12-28,0.0023189412952735865,0.0023189412952735865,0.0,0.0,1.3063293147995738
2023-12-29,0.0029898756455883106,0.0029898756455883106,0.0,0.0,1.3102350770030113
2024-01-02,-0.0019386186429375925,-0.0019386186429375925,0.0,0.0,1.3076950308561026
2024-01-03,-0.011919298125783549,-0.011919298125783549,0.0,0.0,1.292108223925723
2024-01-04,0.002113591991349602,0.002113591991349602,0.0,0.0,1.2948392135197693
2024-01-05,0.0009356359476425172,0.0009356359476425172,0.0,0.0,1.2960507116343554
2024-01-08,0.0035468172309736615,0.0035468172309736615,0.0,0.0,1.3006475666305957
2024-01-09,-0.006204240519863388,-0.006204240519863388,0.0,0.0,1.2925780362956445
2024-01-10,-0.005836728667823306,-0.005836728667823306,0.0,0.0,1.285033609015799
2024-01-11,0.004299928666504715,0.004299928666504715,0.0,0.0,1.2905591618686278
2024-01-12,-0.0030388660474004103,-0.0030388660474004103,0.0,0.0,1.2866373254494636
2024-01-15,-0.0012408114011523092,-0.0012408114011523092,0.0,0.0,1.2850408511868978
2024-01-16,-0.010350428821739885,-0.010350428821739885,0.0,0.0,1.2717401273236597
2024-01-17,-0.01403186074872224,-0.01403186074872224,0.0,0.0,1.2538952469484919
2024-01-18,0.0022491375285594965,0.0022491375285594965,0.0,0.0,1.2567154298052863
2024-01-19,0.010106849124902553,0.010106849124902553,0.0,0.0,1.2694168630472653
2024-01-22,0.005938750010133373,0.005938750010133373,0.0,0.0,1.2769556124555508
2024-01-23,0.00286092772016872,0.00286092772016872,0.0,0.0,1.28060889016465
2024-01-24,0.0015261691462201653,0.0015261691462201653,0.0,0.0,1.2825633159411944
2024-01-25,0.0013015861845469317,0.0013015861845469317,0.0,0.0,1.2842326826340302
2024-01-26,0.002195832313194125,0.002195832313194125,0.0,0.0,1.287052642256218
2024-01-29,0.004452459378093311,0.004452459378093311,0.0,0.0,1.2927831918633315
2024-01-30,-0.0074475481329320066,-0.0074475481329320066,0.0,0.0,1.2831551268164838
2024-01-31,-0.00039378008824531626,-0.00039378008824531626,0.0,0.0,1.2826498458774136
2024-02-01,0.007112686561540396,0.007112686561540396,0.0,0.0,1.2917729321993476
2024-02-02,0.0003715822703796098,0.0003715822703796098,0.0,0.0,1.2922529321183092
2024-02-05,-0.004818556943094279,-0.004818556943094279,0.0,0.0,1.2860261377800166
2024-02-15,0.001581549503434158,0.001581549503434158,0.0,0.0,1.288060051779626
2024-02-16,0.0029781329879764607,0.0029781329879764607,0.0,0.0,1.2918960659103256
2024-02-19,0.00795418286583408,0.00795418286583408,0.0,0.0,1.302172043462228
2024-02-20,0.0028196375174523035,0.0028196375174523035,0.0,0.0,1.3058436966101514
2024-02-21,-0.002040464152585398,-0.002040464152585398,0.0,0.0,1.3031791693583388
2024-02-22,0.0027997796493070526,0.0027997796493070526,0.0,0.0,1.306827783876109
2024-02-23,-0.005588302635975381,-0.005588302635975381,0.0,0.0,1.2995248347267083
2024-02-26,-0.0020764655317947038,-0.0020764655317947038,0.0,0.0,1.296826416199687
2024-02-27,-0.0012204626923888694,-0.0012204626923888694,0.0,0.0,1.295243687940211
2024-02-29,0.007456388522538325,0.007456388522538325,0.0,0.0,1.3049015281088585
2024-03-01,-0.0035486821430313776,-0.0035486821430313776,0.0,0.0,1.3002708473576443
2024-03-04,0.00368936116442719,0.00368936116442719,0.0,0.0,1.3050680161251222
2024-03-05,-6.863405291337658e-05,-6.863405291337658e-05,0.0,0.0,1.304978444017848
2024-03-06,0.0037770520345450833,0.0037770520345450833,0.0,0.0,1.3099074155048631
2024-03-07,-0.0004951844860295114,-0.0004951844860295114,0.0,0.0,1.30925876967457
2024-03-08,0.000701694568424479,0.000701694568424479,0.0,0.0,1.3101774694419128
2024-03-11,0.003739471088579063,0.003739471088579063,0.0,0.0,1.3150768402097983
2024-03-12,0.010715826098569466,0.010715826098569466,0.0,0.0,1.3291689749357427
2024-03-13,0.0059947446715173216,0.0059947446715173216,0.0,0.0,1.337137003565785
2024-03-14,0.005273711976596439,0.005273711976596439,0.0,0.0,1.3441886789958402
2024-03-15,0.003222616643575192,0.003222616643575192,0.0,0.0,1.3485204838048774
2024-03-18,-0.0016646436493145693,-0.0016646436493145693,0.0,0.0,1.346275677745541
2024-03-19,-0.000270198427070845,-0.000270198427070845,0.0,0.0,1.3459119161750104
2024-03-20,-0.0030072564183566265,-0.0030072564183566265,0.0,0.0,1.3418644139265503
2024-03-21,0.014199618138672406,0.014199618138672406,0.0,0.0,1.3609183761981807
2024-03-22,0.0001442432576715221,0.0001442432576715221,0.0,0.0,1.3611146794981885
2024-03-25,-0.0009893445932208852,-0.0009893445932208852,0.0,0.0,1.3597680680492734
2024-03-26,0.003283591063893354,0.003283591063893354,0.0,0.0,1.3642329903264874
2024-03-27,0.0063825203380225865,0.0063825203380225865,0.0,0.0,1.3729402351330475
2024-03-28,0.00039553772940948903,0.00039553772940948903,0.0,0.0,1.373483284796267
2024-03-29,0.0026429719929450253,0.0026429719929450253,0.0,0.0,1.3771133626507617
2024-04-01,-0.0012687895567282872,-0.0012687895567282872,0.0,0.0,1.3753660955977995
2024-04-02,0.00217514694954616,0.00217514694954616,0.0,0.0,1.3783577189651484
2024-04-03,-0.011433773594384187,-0.011433773594384187,0.0,0.0,1.362597888874429
2024-04-08,0.0064777595165514314,0.0064777595165514314,0.0,0.0,1.3714244703163183
2024-04-09,0.0036685323830480242,0.0036685323830480242,0.0,0.0,1.3764555853965783
2024-04-10,-0.000548063278593287,-0.000548063278593287,0.0,0.0,1.375701200635608
2024-04-11,-0.0016018148992757593,-0.0016018148992757593,0.0,0.0,1.3734975819554782
2024-04-12,-0.005728693859095104,-0.005728693859095104,0.0,0.0,1.3656292347922478
2024-04-15,-0.0028803298083271032,-0.0028803298083271032,0.0,0.0,1.3616957722001528
2024-04-16,-0.023156886164670442,-0.023156886164670442,0.0,0.0,1.3301631382124008
2024-04-17,0.005911748436434778,0.005911748436434778,0.0,0.0,1.3380267280649312
2024-04-18,0.006355444495817787,0.006355444495817787,0.0,0.0,1.3465304826690685
2024-04-19,-0.01469048552146323,-0.01469048552146323,0.0,0.0,1.3267492961092096
2024-04-22,0.011825030015749907,0.011825030015749907,0.0,0.0,1.342438146359076
2024-04-23,0.005100531845714383,0.005100531845714383,0.0,0.0,1.3492852948754823
2024-04-24,0.004352044348157474,0.004352044348157474,0.0,0.0,1.3551574443170973
2024-04-25,-0.006084559115388857,-0.007165332919531043,0.4969074961573268,0.0010807738041421857,1.3454472900701844
2024-04-26,0.003214497085582569,0.003214497085582569,0.0,0.0,1.34977222646292
2024-04-29,0.01687106832802892,0.01687106832802892,0.0,0.0,1.3725443259228516
2024-04-30,-0.00286363746709959,-0.00286363746709959,0.0,0.0,1.3686138565658839
2024-05-02,0.0016191865915697393,0.0016191865915697393,0.0,0.0,1.370829897771472
2024-05-03,0.000782692861036859,0.000782692861036859,0.0,0.0,1.3719028365461534
2024-05-06,0.015021288141985481,0.015021288141985481,0.0,0.0,1.3925105843567205
2024-05-07,-0.0004008694219272353,-0.0004008694219272353,0.0,0.0,1.391952369443742
2024-05-08,0.0007433814082770748,0.0007433814082770748,0.0,0.0,1.3929871209563938
2024-05-09,-0.007505580043881176,-0.007505580043881176,0.0,0.0,1.38253194461996
2024-05-10,0.010901113235705407,0.010901113235705407,0.0,0.0,1.397603081900242
2024-05-13,0.0010435321769846808,0.0010435321769846808,0.0,0.0,1.399061525686858
2024-05-14,-0.006455479258580649,-0.006455479258580649,0.0,0.0,1.390029913026308
2024-05-15,0.0013693502121582936,0.0013693502121582936,0.0,0.0,1.391933350782617
2024-05-16,0.008950871914654152,0.008950871914654152,0.0,0.0,1.4043923679192074
2024-05-17,0.001116512677226694,0.001116512677226694,0.0,0.0,1.4059603898017898
2024-05-20,0.0079482117009703,0.0079482117009703,0.0,0.0,1.4171352606231133
2024-05-21,-0.004584150119673209,-0.004584150119673209,0.0,0.0,1.4106388998485349
2024-05-22,0.004339673747074713,0.004339673747074713,0.0,0.0,1.41676061244881
2024-05-23,-0.001264866190240771,-0.001264866190240771,0.0,0.0,1.4149685998504586
2024-05-24,-0.004130190979392311,-0.004130190979392311,0.0,0.0,1.409124509303233
2024-05-27,0.006376066569353433,0.006376066569353433,0.0,0.0,1.418109180979058
2024-05-28,0.0009127427711273751,0.0009127427711273751,0.0,0.0,1.4194035498826658
2024-05-29,-0.011380760594226602,-0.011380760594226602,0.0,0.0,1.4032496578948557
2024-05-30,-0.004957095637930882,-0.004957095637930882,0.0,0.0,1.396293615136777
2024-05-31,0.005748916333451076,0.005748916333451076,0.0,0.0,1.4043207903071302
2024-06-03,0.004654725911997944,0.004654725911997944,0.0,0.0,1.4108575186785304
2024-06-04,-0.0048805454402933695,-0.0048805454402933695,0.0,0.0,1.4039717644488403
2024-06-05,0.0007393491689484889,0.0007393491689484889,0.0,0.0,1.4050097898061127
2024-06-06,0.0036031448534426394,0.0036031448534426394,0.0,0.0,1.410072243599289
2024-06-07,0.0039022191637481975,0.0039022191637481975,0.0,0.0,1.4155746545305314
2024-06-11,-0.004060717657449502,-0.004060717657449502,0.0,0.0,1.4098264055354413
2024-06-12,0.0014155727866799364,0.0014155727866799364,0.0,0.0,1.4118221174290602
2024-06-13,0.004395207776840471,0.004395207776840471,0.0,0.0,1.4180273689790999
2024-06-14,0.006065638392313116,0.006065638392313116,0.0,0.0,1.4266286102297303
2024-06-17,0.000548013768415979,0.000548013768415979,0.0,0.0,1.4274104223505524
2024-06-18,0.006328772637349803,0.006328772637349803,0.0,0.0,1.4364441783737925
2024-06-19,0.0007348668800461278,0.0007348668800461278,0.0,0.0,1.4374997736255146
2024-06-20,0.00475602047172615,0.00475602047172615,0.0,0.0,1.444336551976979
2024-06-21,-0.0017395297307136225,-0.0017395297307136225,0.0,0.0,1.4418240856036586
2024-06-24,-0.0030675972054902863,-0.0030675972054902863,0.0,0.0,1.437401150067852
2024-06-25,0.003973383880901955,0.003973383880901955,0.0,0.0,1.4431124966279216
2024-06-26,-0.007004228853522711,-0.007004228853522711,0.0,0.0,1.4330046064401611
2024-06-27,-0.009254718256748628,-0.009254718256748628,0.0,0.0,1.4197425525469345
2024-06-28,0.0030512438274440954,0.0030512438274440954,0.0,0.0,1.424074533246953
2024-07-01,0.0042981760101437755,0.0042981760101437755,0.0,0.0,1.4301954562424117
2024-07-02,0.0012725442083518239,0.0012725442083518239,0.0,0.0,1.4320154431870642
2024-07-03,0.008982349790708147,0.008982349790708147,0.0,0.0,1.4448783068034665
2024-07-04,0.002320162938104232,0.002320162938104232,0.0,0.0,1.4482306599009827
2024-07-05,0.0038179478131989417,0.0038179478131989417,0.0,0.0,1.4537599289819594
2024-07-08,-0.006130029929490093,-0.006130029929490093,0.0,0.0,1.4448483371070067
2024-07-09,-0.007092673122844052,-0.007092673122844052,0.0,0.0,1.4346005001398219
2024-07-10,-0.0004964251029336382,-0.0004964251029336382,0.0,0.0,1.4338883284388713
2024-07-11,0.003100446840269721,0.003100446840269721,0.0,0.0,1.4383340229760793
2024-07-12,0.0035728888667369623,0.0035728888667369623,0.0,0.0,1.4434730305934196
2024-07-15,-0.00089158867628653,-0.00089158867628653,0.0,0.0,1.4421860463848175
2024-07-16,-0.0010899706102537655,-0.0010899706102537655,0.0,0.0,1.44061410597974
2024-07-17,0.002393635970982952,0.002393635970982952,0.0,0.0,1.4440624117241183
2024-07-18,0.0073778584667368585,0.0073778584667368585,0.0,0.0,1.4547164998149533
2024-07-19,-0.010139307669440961,-0.010139307669440961,0.0,0.0,1.4399666816515173
2024-07-22,-0.011443648271550432,-0.011443648271550432,0.0,0.0,1.4234882094239458
2024-07-23,0.012920782463902523,0.012920782463902523,0.0,0.0,1.4418807909178428
2024-07-26,-0.011755607274939031,-0.011755607274939031,0.0,0.0,1.4249306066025342
2024-07-29,-0.0009206194632682719,-0.0009206194632682719,0.0,0.0,1.4236187877522892
2024-07-30,-0.0016427115260289,-0.0016427115260289,0.0,0.0,1.4212801927609773
2024-07-31,0.0032645103227076995,0.0032645103227076995,0.0,0.0,1.4259199766217057
2024-08-01,0.006692163599034905,0.006692163599034905,0.0,0.0,1.4354624663843902
2024-08-02,-0.01221726291202911,-0.01221726291202911,0.0,0.0,1.4179250440322224
2024-08-05,-0.04931784205946922,-0.04931784205946922,0.0,0.0,1.3479960406584754
2024-08-06,0.009619828825487413,0.009619828825487413,0.0,0.0,1.3609635318270448
2024-08-07,0.012935399608911304,0.012935399608911304,0.0,0.0,1.3785681389643827
2024-08-08,-0.016467371912002163,-0.016467371912002163,0.0,0.0,1.3558667447140194
2024-08-09,0.019575624014363257,0.019575624014363257,0.0,0.0,1.3824086823221196
2024-08-12,0.007946944002995256,0.007946944002995256,0.0,0.0,1.393394606709788
2024-08-13,-0.0010834339832146446,-0.0010834339832146446,0.0,0.0,1.3918849556408506
2024-08-14,0.0047824649869112525,0.0047824649869112525,0.0,0.0,1.3985415967070114
2024-08-15,-0.00908031619238459,-0.00908031619238459,0.0,0.0,1.3858423968007094
2024-08-16,0.01084727553776698,0.01084727553776698,0.0,0.0,1.400875011130726
2024-08-19,0.000246726044637045,0.000246726044637045,0.0,0.0,1.401220643481253
2024-08-20,0.003123552744236774,0.003123552744236774,0.0,0.0,1.4055974300674803
2024-08-21,0.000974927917629363,0.000974927917629363,0.0,0.0,1.4069677862430012
2024-08-22,-0.00517495513597021,-0.00517495513597021,0.0,0.0,1.3996867910714383
2024-08-23,0.00028354084712960435,0.00028354084712960435,0.0,0.0,1.4000836594498949
2024-08-26,0.007009348995799742,0.007009348995799742,0.0,0.0,1.4098973344422954
2024-08-27,-0.0006298808980868269,-0.0006298808980868269,0.0,0.0,1.4090092670430667
2024-08-28,-0.0023075823389339077,-0.0023075823389339077,0.0,0.0,1.405757862143044
2024-08-29,-0.00549458252111244,-0.00549458252111244,0.0,0.0,1.3980338095647964
2024-08-30,0.006355309610104429,0.006355309610104429,0.0,0.0,1.4069187472699742
2024-09-02,0.0005968377795474075,0.0005968377795474075,0.0,0.0,1.4077584495310984
2024-09-03,-0.006912059388492698,-0.006912059388492698,0.0,0.0,1.398027939523287
2024-09-04,-0.02119733676912486,-0.02119733676912486,0.0,0.0,1.3683934704765663
2024-09-05,0.005760519556564797,0.005760519556564797,0.0,0.0,1.3762761278243223
2024-09-06,0.008655749255874347,0.008655749255874347,0.0,0.0,1.3881888288936153
2024-09-09,-0.00301895480923567,-0.00301895480923567,0.0,0.0,1.3839979495524997
2024-09-10,-0.001146036850195994,-0.001146036850195994,0.0,0.0,1.3824118369017169
2024-09-11,-0.004291665504438094,-0.004291665504438094,0.0,0.0,1.376478987708359
2024-09-12,0.008777238546144334,0.008777238546144334,0.0,0.0,1.3885606721372306
2024-09-13,0.0027320307461536197,0.0027320307461536197,0.0,0.0,1.3923542625864092
2024-09-16,0.005440309641023761,0.005440309641023761,0.0,0.0,1.3999291009048787
2024-09-18,-0.004676055968829598,-0.004676055968829598,0.0,0.0,1.3933829540766542
2024-09-19,0.005403595671771103,0.005403595671771103,0.0,0.0,1.4009122321764225
2024-09-20,0.004570627596113144,0.004570627596113144,0.0,0.0,1.4073152802845403
2024-09-23,0.004926451997139823,0.004926451997139823,0.0,0.0,1.4142483514577036
2024-09-24,0.0011098178730504205,0.0011098178730504205,0.0,0.0,1.4158179095550834
2024-09-25,0.0019704658431296783,0.0019704658431296783,0.0,0.0,1.4186077303859528
2024-09-26,0.0017712854874042598,0.0017712854874042598,0.0,0.0,1.421120489671105
2024-09-27,-0.0001890285323178576,-0.0001890285323178576,0.0,0.0,1.4208518573506956
2024-09-30,-0.006743793643069524,-0.006743793643069524,0.0,0.0,1.4112699256273504
2024-10-01,0.0023967371499068225,0.0023967371499068225,0.0,0.0,1.4146523686866477
2024-10-04,-0.010772246632179284,-0.010772246632179284,0.0,0.0,1.3994133844723586
2024-10-07,0.005708262809866545,0.005708262809866545,0.0,0.0,1.4074016038505717
2024-10-08,-0.009074231554990632,-0.009074231554990632,0.0,0.0,1.3946305158063663
2024-10-09,-0.0024174738807814294,-0.0024174738807814294,0.0,0.0,1.3912590329610637
2024-10-11,-0.0016195601822023668,-0.0016195601822023668,0.0,0.0,1.3890058052281506
2024-10-14,0.0032756207424326994,0.0032756207424326994,0.0,0.0,1.3935556614551154
2024-10-15,0.007349796053352802,0.007349796053352802,0.0,0.0,1.4037980113558057
2024-10-16,-0.006940727776523875,-0.006940727776523875,0.0,0.0,1.3940546315057596
2024-10-17,0.00804504789372635,0.00804504789372635,0.0,0.0,1.4052698677826945
2024-10-18,0.008462710226399934,0.008462710226399934,0.0,0.0,1.4171622594636306
2024-10-21,-0.005826723361245613,-0.005826723361245613,0.0,0.0,1.4089048470197383
2024-10-22,0.004220345483172681,0.004220345483172681,0.0,0.0,1.414850912227078
2024-10-23,-0.009022771203058302,-0.009022771203058302,0.0,0.0,1.4020850361596149
2024-10-24,-0.00042126794882877696,-0.00042126794882877696,0.0,0.0,1.4014943826723483
2024-10-25,0.0028507375623308883,0.0028507375623308883,0.0,0.0,1.405489675352428
2024-10-28,-0.002233452774347274,-0.002233452774347274,0.0,0.0,1.4023505805376957
2024-10-29,-0.003827672594135882,-0.003827672594135882,0.0,0.0,1.396982841653201
2024-10-30,-0.0018274959138272063,-0.0018274959138272063,0.0,0.0,1.3944298612183932
2024-11-01,-0.004640945496001102,-0.004640945496001102,0.0,0.0,1.3879583882344821
2024-11-04,0.006056405735759124,0.006056405735759124,0.0,0.0,1.3963644273779803
2024-11-05,0.0034848807469797464,0.0034848807469797464,0.0,0.0,1.4012305908867173
2024-11-06,-0.0044843696830268,-0.0044843696830268,0.0,0.0,1.3949469549060152
2024-11-07,0.00831375469405495,0.00831375469405495,0.0,0.0,1.406544201700323
2024-11-08,-0.0021832333689470323,-0.0021832333689470323,0.0,0.0,1.4034733874642717
2024-11-11,0.0022483498038765827,0.0022483498038765827,0.0,0.0,1.406628886579723
2024-11-12,-0.008165742563824423,-0.008165742563824423,0.0,0.0,1.395142717209074
2024-11-13,0.0019196437769119674,0.0019196437769119674,0.0,0.0,1.3978208942440684
2024-11-14,-0.009812237781613694,-0.009812237781613694,0.0,0.0,1.3841051432536378
2024-11-15,0.007523741951236303,0.007523741951236303,0.0,0.0,1.3945187931848573
2024-11-18,-0.003131031602833602,-0.003131031602833602,0.0,0.0,1.3901525107726502
2024-11-19,0.011400161100462798,0.011400161100462798,0.0,0.0,1.4060004733496714
2024-11-20,-0.007612831413884075,-0.007612831413884075,0.0,0.0,1.3952968287782193
2024-11-21,-0.0015196898746875544,-0.0015196898746875544,0.0,0.0,1.3931764103153415
2024-11-22,0.00210442893920712,0.00210442893920712,0.0,0.0,1.3961082510706297
2024-11-25,0.011965890856630648,0.011965890856630648,0.0,0.0,1.4128139300269824
2024-11-26,-0.005806463257750661,-0.005806463257750661,0.0,0.0,1.4046104778522424
2024-11-27,-0.004285258485163443,-0.004285258485163443,0.0,0.0,1.3985913588836765
2024-11-28,-0.0049710905834323025,-0.0049710905834323025,0.0,0.0,1.3916388345494601
2024-11-29,-0.0033220157508745676,-0.0033220157508745676,0.0,0.0,1.3870157884215581
2024-12-02,0.00999612608525938,0.00999612608525938,0.0,0.0,1.4008805731248657
2024-12-03,0.0058238726681453,0.0058238726681453,0.0,0.0,1.409039123206023
2024-12-04,0.0007485164624811146,0.0007485164624811146,0.0,0.0,1.410093812186023
2024-12-05,0.0013813127529742697,0.0013813127529742697,0.0,0.0,1.4120415927516856
2024-12-06,0.0016719546109817476,0.0016719546109817476,0.0,0.0,1.414402462203585
2024-12-09,-0.00012582315611051265,-0.00012582315611051265,0.0,0.0,1.41422449762178
2024-12-10,-0.005868411938798396,-0.005868411938798396,0.0,0.0,1.4059252456957951
2024-12-11,-0.00475988069466029,-0.00475988069466029,0.0,0.0,1.3992332092606723
2024-12-12,0.002427801541317067,0.002427801541317067,0.0,0.0,1.4026302698027773
2024-12-13,-0.006894132432937048,-0.006894132432937048,0.0,0.0,1.3929603509683108
2024-12-16,-0.005355085429261579,-0.005355085429261579,0.0,0.0,1.3855009292893015
2024-12-17,-0.0007853109761134982,-0.0007853109761134982,0.0,0.0,1.3844128802021152
2024-12-18,0.0017892088474876179,0.0017892088474876179,0.0,0.0,1.3868898839759485
2024-12-19,-0.005463068003190738,-0.005463068003190738,0.0,0.0,1.3793132102268506
2024-12-20,-0.010977054568287088,-0.010977054568287088,0.0,0.0,1.364172413851431
2024-12-23,0.015893756607302623,0.015893756607302623,0.0,0.0,1.385854238167582
2024-12-24,0.0033482156837682047,0.0033482156837682047,0.0,0.0,1.3904943770632314
2024-12-25,0.0007259665184825546,0.0007259665184825546,0.0,0.0,1.3915038294251174
2024-12-26,0.000563079760732959,0.000563079760732959,0.0,0.0,1.392287357068449
2024-12-27,-0.003625148503128816,-0.003625148503128816,0.0,0.0,1.3872401086400472
2024-12-30,-0.00658483457200951,-0.00658483457200951,0.0,0.0,1.378105362012996
2024-12-31,-0.0054659253041132476,-0.0054659253041132476,0.0,0.0,1.3705727410430348
2025-01-02,0.0005236632934500459,0.0005236632934500459,0.0,0.0,1.3712904596785223
2025-01-03,-0.0006345883446051473,-0.0006345883446051473,0.0,0.0,1.370420254735742
2025-01-06,0.011481273817832132,0.011481273817832132,0.0,0.0,1.3861544249258662
2025-01-07,-0.002461399251535294,-0.002461399251535294,0.0,0.0,1.3827425454618412
2025-01-08,0.000774283847014031,0.000774283847014031,0.0,0.0,1.3838131806793712
2025-01-09,-0.008119348393108532,-0.008119348393108532,0.0,0.0,1.3725775193544596
2025-01-10,-0.0033566142864195543,-0.0033566142864195543,0.0,0.0,1.3679703060437762
2025-01-13,-0.008185808824490774,-0.008185808824490774,0.0,0.0,1.3567723626409216
2025-01-14,0.010898546884611116,0.010898546884611116,0.0,0.0,1.371559209846908
2025-01-15,-0.0007771258203643414,-0.0007771258203643414,0.0,0.0,1.3704933357707774
2025-01-16,0.007045871999050027,0.007045871999050027,0.0,0.0,1.3801496563901694
2025-01-17,-0.0019316777568597172,-0.0019316777568597172,0.0,0.0,1.3774836519977829
2025-01-20,-0.0013200614600558695,-0.0013200614600558695,0.0,0.0,1.3756652889169236
2025-01-21,0.004215409845047888,0.004215409845047888,0.0,0.0,1.3814642819193148
2025-01-22,0.0017145944050919503,0.0017145944050919503,0.0,0.0,1.3838329328479282
2025-02-03,0.0010565305342267288,0.0010565305342267288,0.0,0.0,1.3852949945957505
2025-02-04,-0.005230861760390221,-0.005230861760390221,0.0,0.0,1.3780487079816595
2025-02-05,0.006989034802951921,0.006989034802951921,0.0,0.0,1.3876799383619063
2025-02-06,0.008695710439367293,0.008695710439367293,0.0,0.0,1.3997468012884204
2025-02-07,-0.0032765709206166666,-0.0032765709206166666,0.0,0.0,1.3951604316230928
2025-02-10,-0.0013537014960718226,-0.0013537014960718226,0.0,0.0,1.3932718008595444
2025-02-11,0.0005675083071932149,0.0005675083071932149,0.0,0.0,1.3940624941807103
2025-02-12,0.0028047792396561793,0.0028047792396561793,0.0,0.0,1.3979725317231717
2025-02-13,0.005485423332120167,0.005485423332120167,0.0,0.0,1.405641002866349
2025-02-14,0.00027333884711522555,0.00027333884711522555,0.0,0.0,1.4060252191575304
2025-02-17,0.0050668204797599415,0.0050668204797599415,0.0,0.0,1.4131492965330168
2025-02-18,0.0034973336600436986,0.0034973336600436986,0.0,0.0,1.4180915511344487
2025-02-19,-0.0001680807831143722,-0.0001680807831143722,0.0,0.0,1.4178531971960062
2025-02-20,-0.0014843009114587833,-0.0014843009114587833,0.0,0.0,1.4157486764030933
2025-02-21,0.00698927508765591,0.00698927508765591,0.0,0.0,1.4256437333574592
2025-02-24,-0.0015310701972489624,-0.0015310701972489624,0.0,0.0,1.4234609727254208
2025-02-25,-0.00266121607885975,-0.00266121607885975,0.0,0.0,1.4196728354971746
2025-02-26,0.005441679859642762,0.005441679859642762,0.0,0.0,1.4273982405733816
2025-02-27,-0.004214055634824565,-0.004214055634824565,0.0,0.0,1.4213831049745547
2025-03-03,0.004307182782253411,0.004307182782253411,0.0,0.0,1.427505261811287
2025-03-04,-0.0060461444741901176,-0.0060461444741901176,0.0,0.0,1.418874358760709
2025-03-05,0.001756642156575066,0.001756642156575066,0.0,0.0,1.4213668132741917
2025-03-06,-0.0012722041938613904,-0.0012722041938613904,0.0,0.0,1.4195585444533287
2025-03-07,-0.00403138095748725,-0.00403138095748725,0.0,0.0,1.4138357631691814
2025-03-10,-0.0012076558272339389,-0.0012076558272339389,0.0,0.0,1.4121283361710384
2025-03-11,-0.005905096681983155,-0.005905096681983155,0.0,0.0,1.4037895818185804
2025-03-12,0.0007422907256861424,0.0007422907256861424,0.0,0.0,1.4048316018059792
2025-03-13,-0.0018747873692499632,-0.0018747873692499632,0.0,0.0,1.40219784126299
2025-03-14,0.0031673459810386013,0.0031673459810386013,0.0,0.0,1.4066390869601355
2025-03-17,0.0023765086974344863,0.0023765086974344863,0.0,0.0,1.4099819769844477
2025-03-18,0.005660604690833129,0.005660604690833129,0.0,0.0,1.4179633275773562
2025-03-19,-0.006531580430924933,-0.006531580430924933,0.0,0.0,1.4087017860551827
2025-03-20,0.00805547262878174,0.00805547262878174,0.0,0.0,1.4200495447348662
2025-03-21,-0.002086162632430663,-0.002086162632430663,0.0,0.0,1.41708709043844
2025-03-24,0.0008178419963031964,0.0008178419963031964,0.0,0.0,1.4182460437734197
2025-03-25,-0.003135375650845015,-0.003135375650845015,0.0,0.0,1.4137993096608652
2025-03-26,0.003943352654444024,0.003943352654444024,0.0,0.0,1.4193744189214677
2025-03-27,0.0005106972201653589,0.0005106972201653589,0.0,0.0,1.4200992894915847
2025-03-28,-0.009778326047084392,-0.009778326047084392,0.0,0.0,1.4062130956197032
2025-03-31,-0.022507930271289035,-0.022507930271289035,0.0,0.0,1.3745621493169213
2025-04-01,0.011136525630366503,0.011136525630366503,0.0,0.0,1.389869995923321
2025-04-02,0.0032147532621110758,0.0032147532621110758,0.0,0.0,1.3943380850266258
2025-04-07,-0.08656047280776995,-0.08656047280776995,0.0,0.0,1.2736435211328405
2025-04-08,-0.0032789395532005373,-0.0032789395532005373,0.0,0.0,1.2694673210147205
2025-04-09,-0.05062886695731039,-0.05062886695731039,0.0,0.0,1.205195628912413
2025-04-10,0.07264181090236402,0.07264181090236402,0.0,0.0,1.2927432218882244
2025-04-11,0.0054673103282768375,0.0054673103282768375,0.0,0.0,1.2998110502570637
2025-04-14,0.0025415642558745564,0.0025415642558745564,0.0,0.0,1.3031146035617878
2025-04-15,0.01330816525910321,0.01330816525910321,0.0,0.0,1.3204566680575387
2025-04-16,-0.006492195874927594,-0.006492195874927594,0.0,0.0,1.311884004724155
2025-04-17,-0.006767943781325475,-0.006767943781325475,0.0,0.0,1.3030052475325618
2025-04-18,-0.00026563974834582197,-0.00026563974834582197,0.0,0.0,1.3026591175465139
2025-04-21,-0.005056459729569389,-0.005056459729569389,0.0,0.0,1.2960722741772837
2025-04-22,-0.007941427430207182,-0.007941427430207182,0.0,0.0,1.2857796102676011
2025-04-23,0.016394453292155407,0.016394453292155407,0.0,0.0,1.306859264032139
2025-04-24,-0.003704302056285418,-0.003704302056285418,0.0,0.0,1.3020182625731092
2025-04-25,0.0019284282248015823,0.0019284282248015823,0.0,0.0,1.3045291113398623
2025-04-28,0.004119912920459027,0.004119912920459027,0.0,0.0,1.3099036576807863
2025-04-29,0.009750677301684602,0.009750677301684602,0.0,0.0,1.322676105543128
2025-04-30,0.003282264308335822,0.003282264308335822,0.0,0.0,1.3270174781158408
2025-05-02,0.004250891869483702,0.004250891869483702,0.0,0.0,1.332658485924226
2025-05-05,-0.007319968123589074,-0.007319968123589074,0.0,0.0,1.3229034682876304
2025-05-06,0.012029729378429298,0.012029729378429298,0.0,0.0,1.338817639004916
2025-05-07,0.0013797174141010117,0.0013797174141010117,0.0,0.0,1.3406648290157568
2025-05-08,-0.00015803836615020748,-0.00015803836615020748,0.0,0.0,1.340452952536624
2025-05-09,0.010618455012965364,0.010618455012965364,0.0,0.0,1.3546864919101307
2025-05-12,0.007133923191286451,0.007133923191286451,0.0,0.0,1.3643507212916908
2025-05-13,-0.0006979596280247764,-0.0013861428424715343,0.31640607560770473,0.0006881832144467577,1.3624595363047514
2025-05-14,0.006412077869697374,0.006412077869697374,0.0,0.0,1.3711957329458493
2025-05-15,0.00648133338479547,0.00648133338479547,0.0,0.0,1.3800829096268803
2025-05-16,0.003093316746778273,0.003093316746778273,0.0,0.0,1.3843519432031717
2025-05-19,-0.005387514738643243,-0.005387514738643243,0.0,0.0,1.376893726705695
2025-05-20,0.0028203123542931514,0.0028203123542931514,0.0,0.0,1.3807769970936719
2025-05-21,0.007023303492955874,0.007023303492955874,0.0,0.0,1.390474613000353
2025-05-22,-0.0073122120702312325,-0.0073122120702312325,0.0,0.0,1.3803071677518215
2025-05-23,0.004290777134962173,0.004290777134962173,0.0,0.0,1.3862297581864353
2025-05-26,-0.0006716557747342439,-0.0006716557747342439,0.0,0.0,1.385298688964241
2025-05-27,-0.008457417209672014,-0.008457417209672014,0.0,0.0,1.3735826399916586
2025-05-28,-0.0020227229567784705,-0.0020227229567784705,0.0,0.0,1.370804262852715
2025-05-29,-0.006911552480901978,-0.006911552480901978,0.0,0.0,1.3613298772489644
2025-06-02,-0.008203278915140316,-0.008203278915140316,0.0,0.0,1.3501625085703775
2025-06-03,0.0005822385255452427,0.0005822385255452427,0.0,0.0,1.3509486251986138
2025-06-04,0.004489263694916383,0.004489263694916383,0.0,0.0,1.357013389815415
2025-06-05,0.005463572786417773,0.005463572786417773,0.0,0.0,1.3644275312428151
2025-06-06,0.004819101484312848,0.004819101484312848,0.0,0.0,1.3710028459838648
2025-06-09,0.007759028157420133,0.007759028157420133,0.0,0.0,1.3816404956697566
2025-06-10,0.005502269566029328,0.005502269566029328,0.0,0.0,1.389242654120274
2025-06-11,0.002239017363588664,0.002239017363588664,0.0,0.0,1.3923531925450874
2025-06-12,0.0035161861662039093,0.0035161861662039093,0.0,0.0,1.3972489655791842
2025-06-13,9.39221276969166e-05,9.39221276969166e-05,0.0,0.0,1.3973801981749538
2025-06-16,0.0036800587767786145,0.0036800587767786145,0.0,0.0,1.4025226394377444
2025-06-17,-0.0009225771295454453,-0.0009225771295454453,0.0,0.0,1.4012287041269293
2025-06-18,0.005599277579502145,0.005599277579502145,0.0,0.0,1.4090745725937022
2025-06-19,-0.01021599159578028,-0.01021599159578028,0.0,0.0,1.3946794786022574
2025-06-20,-0.007930822104449068,-0.007930822104449068,0.0,0.0,1.3836185237647372
2025-06-23,-0.009454919719459496,-0.009454919719459496,0.0,0.0,1.3705365217001846
2025-06-24,0.0014010510226472985,0.0014010510226472985,0.0,0.0,1.372456713295488
2025-06-25,0.007031458245277541,0.007031458245277541,0.0,0.0,1.382107085368476
2025-06-26,-0.0009815986337131045,-0.0009815986337131045,0.0,0.0,1.3807504109418332
2025-06-27,0.006523156461429597,0.006523156461429597,0.0,0.0,1.38975726190659
2025-06-30,-0.004245128194494041,-0.004245128194494041,0.0,0.0,1.3838575641705675
2025-07-01,0.0022274768135292305,0.0022274768135292305,0.0,0.0,1.3869400748079845
2025-07-02,7.825363107799707e-05,7.825363107799707e-05,0.0,0.0,1.3870486079049258
2025-07-03,0.0044361495792599875,0.0044361495792599875,0.0,0.0,1.3932017630032965
2025-07-04,-0.003806222170333131,-0.003806222170333131,0.0,0.0,1.387898927565206
2025-07-07,-0.0037592150154728355,-0.0037592150154728355,0.0,0.0,1.3826815170767444
2025-07-08,-0.0003126139025299,-0.0003126139025299,0.0,0.0,1.382249271611735
2025-07-09,-0.008293771831267133,-0.008293771831267133,0.0,0.0,1.370785211539052
2025-07-10,0.0069938160103500575,0.0069938160103500575,0.0,0.0,1.3803722310982647
2025-07-11,0.01020828060070989,0.01020828060070989,0.0,0.0,1.3944634581667439
2025-07-14,0.0034383186104605555,0.0034383186104605555,0.0,0.0,1.3992580678265658
2025-07-15,-0.002119397872739055,-0.002119397872739055,0.0,0.0,1.3962924832542012
2025-07-16,0.001398294747165717,0.001398294747165717,0.0,0.0,1.3982449116990425
2025-07-17,0.0024436129359163977,0.0024436129359163977,0.0,0.0,1.4016616810528497
2025-07-18,-0.003234258254080074,-0.003234258254080074,0.0,0.0,1.3971283451914769
2025-07-21,-0.0019705727416573027,-0.0019705727416573027,0.0,0.0,1.3943752021578457
2025-07-22,-0.007379614780428305,-0.007379614780428305,0.0,0.0,1.384085250306539
2025-07-23,0.00810672095514612,0.00810672095514612,0.0,0.0,1.395305643208908
2025-07-24,-0.003449574059156594,-0.003449574059156594,0.0,0.0,1.3904924330574997
2025-07-25,-0.0016012637676977625,-0.0016012637676977625,0.0,0.0,1.3882658879051868
2025-07-28,-0.0019777295287216057,-0.0019777295287216057,0.0,0.0,1.3855202734649599
2025-07-29,-0.005367101272948296,-0.005367101272948296,0.0,0.0,1.3780840458415504
2025-07-30,0.006558342897108717,0.006558342897108717,0.0,0.0,1.3871219935552144
2025-07-31,-0.009867593318220179,-0.009867593318220179,0.0,0.0,1.3734344378400527
2025-08-01,0.004591512301494308,0.004591512301494308,0.0,0.0,1.3797405789566912
2025-08-04,0.008059006763301938,0.008059006763301938,0.0,0.0,1.3908599176141054
2025-08-05,0.007750968281653139,0.007750968281653139,0.0,0.0,1.4016404287197552
2025-08-06,0.0033782801702921684,0.0033782801702921684,0.0,0.0,1.406375562785979
2025-08-07,-0.009502791777012866,-0.009502791777012866,0.0,0.0,1.3930110686525448
2025-08-08,0.0006663522787201527,0.0006663522787201527,0.0,0.0,1.393939304752424
2025-08-11,0.0014800781346773456,0.0014800781346773456,0.0,0.0,1.3960024438384553
2025-08-12,-0.0034597896632071593,-0.0034597896632071593,0.0,0.0,1.391172569013451
2025-08-13,0.003760440982881905,0.003760440982881905,0.0,0.0,1.3964039913562305
2025-08-14,0.0037242340025915284,0.0037242340025915284,0.0,0.0,1.401604526582194
2025-08-15,-0.0012170920630840297,-0.0012170920630840297,0.0,0.0,1.399898644837308
2025-08-18,0.004986802950226309,0.004986802950226309,0.0,0.0,1.4068796635294005
2025-08-19,-0.0025491907205165408,-0.0025491907205165408,0.0,0.0,1.403293258946248
2025-08-20,-0.00641321074707416,-0.00641321074707416,0.0,0.0,1.394293643536677
2025-08-21,0.0017269521265663647,0.0017269521265663647,0.0,0.0,1.3967015219094407
2025-08-22,-0.005421723046011635,-0.005421723046011635,0.0,0.0,1.3891289930797048
2025-08-25,0.004255104080774991,0.004255104080774991,0.0,0.0,1.3950398815268812
2025-08-26,-0.006211706325315214,-0.006211706325315214,0.0,0.0,1.3863743034707336
2025-08-27,0.0006961410455912209,0.0006961410455912209,0.0,0.0,1.3873394155279326
2025-08-28,0.00561411171618474,0.00561411171618474,0.0,0.0,1.3951280939949728
2025-08-29,-0.002293784414852099,-0.002293784414852099,0.0,0.0,1.3919279709162449
2025-09-01,-0.002492153380016051,-0.002492153380016051,0.0,0.0,1.3884590729187871
2025-09-02,0.0037109819151970188,0.0037109819151970188,0.0,0.0,1.39361161942838
2025-09-03,0.0019099696124253488,0.0019099696124253488,0.0,0.0,1.3962733752730112
2025-09-04,0.005734550946063519,0.005734550946063519,0.0,0.0,1.4042803760781464
2025-09-05,-0.0008242260882503534,-0.0008242260882503534,0.0,0.0,1.4031229315569647
2025-09-08,0.0018026869765944114,0.0018026869765944114,0.0,0.0,1.4056523229922433
2025-09-09,0.005629217944833814,0.005629217944833814,0.0,0.0,1.4135650462730287
2025-09-10,0.002981921792765141,0.002981921792765141,0.0,0.0,1.4177801866900013
2025-09-11,-0.007554200506277845,-0.007554200506277845,0.0,0.0,1.407069990885917
2025-09-12,0.009664007804760393,0.009664007804760393,0.0,0.0,1.4206679262596824
2025-09-15,-0.003535613081595267,-0.003535613081595267,0.0,0.0,1.415644994154996
2025-09-16,-0.0007709094109806768,-0.0007709094109806768,0.0,0.0,1.4145536601063942
2025-09-17,-0.004387905119679805,-0.004387905119679805,0.0,0.0,1.4083467328591515
2025-09-18,0.005814662905856998,0.005814662905856998,0.0,0.0,1.4165357943652925
2025-09-19,-0.0009114675643507853,-0.0009114675643507853,0.0,0.0,1.4152446679349866
2025-09-22,0.003347599648510286,0.003347599648510286,0.0,0.0,1.419982340487922
2025-09-23,0.002047929761900096,0.002047929761900096,0.0,0.0,1.4228903645843796
2025-09-24,0.0043413196173731836,0.0043413196173731836,0.0,0.0,1.429067586437521
2025-09-25,-0.001604856091455597,-0.001604856091455597,0.0,0.0,1.426774138616325
2025-09-26,-0.003989448706938131,-0.003989448706938131,0.0,0.0,1.4210820963739292
2025-09-30,0.008905452475820018,0.008905452475820018,0.0,0.0,1.4337374754474261
2025-10-01,-0.0007021073171329748,-0.0007021073171329748,0.0,0.0,1.4327308378750667
2025-10-02,-0.0015651075496214235,-0.0015651075496214235,0.0,0.0,1.430488460024133
2025-10-03,-0.0028138046841191585,-0.0028138046841191585,0.0,0.0,1.4264633448947386
2025-10-07,0.005380043683160254,0.005380043683160254,0.0,0.0,1.4341377800026993
2025-10-08,0.0029775195926318022,0.0029775195926318022,0.0,0.0,1.4384079533411909
2025-10-09,-0.0017944194258182956,-0.0017944194258182956,0.0,0.0,1.435826846167464
2025-10-13,-0.0082593594482262,-0.0082593594482262,0.0,0.0,1.4239678361395538
2025-10-14,-0.0018325663462173368,-0.0018325663462173368,0.0,0.0,1.4213583206049485
2025-10-15,-0.0009721740289864711,-0.0009721740289864711,0.0,0.0,1.4199765129597726
2025-10-16,0.003903265822788463,0.003903265822788463,0.0,0.0,1.4255190587519708
2025-10-17,0.0006566882331557393,0.0006566882331557393,0.0,0.0,1.4264551803439927
2025-10-20,0.005856723264616956,0.005856723264616956,0.0,0.0,1.4348095335846467
2025-10-21,0.0027082781793539078,0.0027082781793539078,0.0,0.0,1.438695396935983
2025-10-22,0.005954312157078682,0.005954312157078682,0.0,0.0,1.447261838428292
2025-10-23,-0.0008120480736024804,-0.0008120480736024804,0.0,0.0,1.446086592240398
2025-10-27,-0.005854334721739619,-0.005854334721739619,0.0,0.0,1.437620717292803
2025-10-28,-0.00545567309860139,-0.00545567309860139,0.0,0.0,1.4297775286194767
2025-10-29,0.0024949889325114353,0.0024949889325114353,0.0,0.0,1.4333448077293358
2025-10-30,-0.004598414999115745,-0.004598414999115745,0.0,0.0,1.4267536934665686
2025-10-31,-0.00670228451822647,-0.00670228451822647,0.0,0.0,1.4171911842755252
2025-11-03,0.004719227741706022,0.004719227741706022,0.0,0.0,1.4238792322276594
2025-11-04,-0.0037656590126237273,-0.0037656590126237273,0.0,0.0,1.4185173885639337
2025-11-05,0.0032594944845286975,0.0032594944845286975,0.0,0.0,1.423141038168166
2025-11-06,0.0007908129952087112,0.0007908129952087112,0.0,0.0,1.4242664765951643
2025-11-07,-0.0029248823183721734,-0.0029248823183721734,0.0,0.0,1.4201006647611207
2025-11-10,-0.002247854312930978,-0.002247854312930978,0.0,0.0,1.4169084853570413
2025-11-11,0.0001469347459517041,0.0001469347459517041,0.0,0.0,1.4171166784453741
2025-11-12,0.005899686493785326,0.005899686493785326,0.0,0.0,1.425477222573316
2025-11-13,-0.006467815521003757,-0.006467815521003757,0.0,0.0,1.4162574988683192
2025-11-14,-0.006611238803069927,-0.006611238803069927,0.0,0.0,1.4068942823366621
2025-11-17,-0.003946527300438615,-0.003946527300438615,0.0,0.0,1.4013419356425894
2025-11-18,-0.01091333518787021,-0.01091333518787021,0.0,0.0,1.386048621386103
2025-11-19,-0.0023459699807134434,-0.0023459699807134434,0.0,0.0,1.382796992928522
2025-11-20,0.016689288672890278,0.016689288672890278,0.0,0.0,1.4058748911195107
2025-11-21,-0.010492196413295728,-0.010492196413295728,0.0,0.0,1.3911241756293642
2025-11-24,0.007798669781571805,0.007798669781571805,0.0,0.0,1.4019730937002588
2025-11-25,-0.008427543106429956,-0.008427543106429956,0.0,0.0,1.390157905019045
2025-11-26,0.009392161082987219,0.009392161082987219,0.0,0.0,1.403214491993772
2025-11-27,0.00405644466916631,0.00405644466916631,0.0,0.0,1.408906553939517
2025-11-28,-0.0058859578927942195,-0.0058859578927942195,0.0,0.0,1.4006137892881472
2025-12-01,-0.002562977324817069,-0.002562977324817069,0.0,0.0,1.3970240479053755
2025-12-02,0.005683903759841377,0.005683903759841377,0.0,0.0,1.4049645981438537
2025-12-03,-0.0015090430847245,-0.0015090430847245,0.0,0.0,1.4028444460327418
2025-12-04,0.005577437546262572,0.005577437546262572,0.0,0.0,1.4106687233176107
2025-12-05,0.0015590458194371273,0.0015590458194371273,0.0,0.0,1.41286802049331
2025-12-08,-0.0031965194511748515,-0.0031965194511748515,0.0,0.0,1.4083517603838602
2025-12-09,-0.00017904083273398267,-0.00017904083273398267,0.0,0.0,1.4080996079118986
2025-12-10,-0.0034038905803344213,-0.0034038905803344213,0.0,0.0,1.4033065909203546
2025-12-11,0.0009844348808792248,0.0009844348808792248,0.0,0.0,1.4046880548770242
2025-12-12,0.0034327842881353853,0.0034327842881353853,0.0,0.0,1.4095100459615375
2025-12-15,0.0010103649138142768,0.0010103649138142768,0.0,0.0,1.4109341654576457
2025-12-16,0.0006009576301569993,0.0006009576301569993,0.0,0.0,1.411782077110027
2025-12-17,0.006667982991891562,0.006667982991891562,0.0,0.0,1.421195815988454
2025-12-18,-0.00042537253857714326,-0.00042537253857714326,0.0,0.0,1.4205912783163916
2025-12-19,0.012642109512075932,0.012642109512075932,0.0,0.0,1.4385505488287673
2025-12-22,0.0021986737839108286,0.0021986737839108286,0.0,0.0,1.4417134522073076
2025-12-23,-0.0032864163323951066,-0.0032864163323951066,0.0,0.0,1.4369753815713397
2025-12-24,0.002229466695584586,0.002229466695584586,0.0,0.0,1.4401790703269282
2025-12-26,0.005056719553437263,0.005056719553437263,0.0,0.0,1.4474616519923014
2025-12-29,-0.0007689910690641923,-0.0007689910690641923,0.0,0.0,1.4463485669091065
2025-12-30,-1.5859680618607384e-05,-1.5859680618607384e-05,0.0,0.0,1.4463256282827721
2025-12-31,-0.006027666422349346,-0.006027666422349346,0.0,0.0,1.4376076598573888
2026-01-02,0.005178136799724557,0.005178136799724557,0.0,0.0,1.4450517889844623
2026-01-05,0.0038287684101485074,0.0038287684101485074,0.0,0.0,1.4505845576251546
2026-01-06,0.008256630839270846,0.008256630839270846,0.0,0.0,1.4625614988186124
2026-01-07,0.005413543396522584,0.005413543396522584,0.0,0.0,1.47047913896255
2026-01-08,-0.0019324455148827815,-0.0019324455148827815,0.0,0.0,1.467637518145733
2026-01-09,0.0002886836151671907,0.0002886836151671907,0.0,0.0,1.4680612010502263
2026-01-12,0.002098629502948533,0.002098629502948533,0.0,0.0,1.4711421175988844
2026-01-13,-0.0007840555506808943,-0.0007840555506808943,0.0,0.0,1.4699886604557406
2026-01-14,0.006021094047044823,0.006021094047044823,0.0,0.0,1.478839600428434
2026-01-15,0.008267420600235912,0.008267420600235912,0.0,0.0,1.4910657894054609
2026-01-16,0.002808853403002159,0.002808853403002159,0.0,0.0,1.4952539746221325
2026-01-19,0.006414455221667449,0.006414455221667449,0.0,0.0,1.5048452142873663
2026-01-20,-0.007250860366144433,-0.007250860366144433,0.0,0.0,1.493933791765908
2026-01-21,-0.0056853279176205355,-0.0056853279176205355,0.0,0.0,1.4854402882725044
2026-01-22,0.0028965698847043097,0.0028965698847043097,0.0,0.0,1.489742969877041
2026-01-23,-3.728914781604296e-05,-3.728914781604296e-05,0.0,0.0,1.4896874186312292
2026-01-26,0.0051778612117380236,0.0051778612117380236,0.0,0.0,1.4974008133337742
2026-01-27,-0.0041291042526648905,-0.0041291042526648905,0.0,0.0,1.4912178892674939
2026-01-28,-0.0010844914873869532,-0.0010844914873869532,0.0,0.0,1.489600676160744
2026-01-29,-0.0017819177973339327,-0.0017819177973339327,0.0,0.0,1.4869463302049726
2026-01-30,-0.007937136152414356,-0.007937136152414356,0.0,0.0,1.4751442347308028
2026-02-02,-0.008109378004805436,-0.008109378004805436,0.0,0.0,1.4631817325197611
2026-02-03,0.005235524094536523,0.005235524094536523,0.0,0.0,1.470842255735054
2026-02-04,0.008807989930245126,0.008807989930245126,0.0,0.0,1.4837974195125474
2026-02-05,0.000540500949876679,0.000540500949876679,0.0,0.0,1.4845994134272185
2026-02-06,0.0019139691316748773,0.0019139691316748773,0.0,0.0,1.4874408908774208
2026-02-09,0.002262805995426835,0.002262805995426835,0.0,0.0,1.4908066810431413
2026-02-10,0.004678411559032183,0.004678411559032183,0.0,0.0,1.4977812882520158
2026-02-11,0.00817738696939792,0.00817738696939792,0.0,0.0,1.510029225441576
2026-02-23,0.023773160238200287,0.023773160238200287,0.0,0.0,1.545927392182364
2026-02-24,0.007532799641486486,0.007532799641486486,0.0,0.0,1.5575725534879594
2026-02-25,0.0014126299018775365,0.0014126299018775365,0.0,0.0,1.5597728270513602
2026-02-26,0.00032744866896999673,0.00032744866896999673,0.0,0.0,1.5602835725874737
2026-03-02,-0.006705519211895316,-0.006705519211895316,0.0,0.0,1.5498210611154837
2026-03-03,-0.005463888094610721,-0.005463888094610721,0.0,0.0,1.5413530122708778
2026-03-04,-0.034696700481359935,-0.034696700481359935,0.0,0.0,1.4878731484680732
2026-03-05,0.0118275743186635,0.0118275743186635,0.0,0.0,1.5054710787083232
2026-03-06,0.005590542631010538,0.005590542631010538,0.0,0.0,1.5138874789535954
2026-03-09,-0.018920721713945834,-0.018920721713945834,0.0,0.0,1.4852436352580873
2026-03-10,-0.002075035046215122,-0.002075035046215122,0.0,0.0,1.482161702662759
2026-03-11,0.011008275869323951,0.011008275869323951,0.0,0.0,1.4984777475686175
2026-03-12,0.0022470027914633164,0.0022470027914633164,0.0,0.0,1.50184483125035
2026-03-13,-0.0018857734132223013,-0.0018857734132223013,0.0,0.0,1.4990126921967928
2026-03-16,0.008978870967457019,0.008978870967457019,0.0,0.0,1.512472133738608
2026-03-17,0.005857359995661372,0.005857359995661372,0.0,0.0,1.521331227509321
2026-03-18,0.0018712903756604984,0.0018712903756604984,0.0,0.0,1.524178079993551
2026-03-19,-0.013105134480060723,-0.013105134480060723,0.0,0.0,1.5042035212836748
2026-03-20,-0.000614944166400765,-0.000614944166400765,0.0,0.0,1.503278520103182
2026-03-23,-0.01677191003565133,-0.01677191003565133,0.0,0.0,1.4780656680054842
2026-03-24,0.007448630327204305,0.007448630327204305,0.0,0.0,1.4890752327657895
2026-03-25,0.010613479549963618,0.010613479549963618,0.0,0.0,1.5048795022971067
2026-03-26,-0.0004951157493328165,-0.0004951157493328165,0.0,0.0,1.5041344127546712
2026-03-27,-0.0012473099696547895,-0.0012473099696547895,0.0,0.0,1.5022582909059414
2026-03-30,-0.013014890000580152,-0.013014890000580152,0.0,0.0,1.482706564497341
2026-03-31,-0.008201212124268456,-0.008201212124268456,0.0,0.0,1.470546573443853
2026-04-01,0.02209533309529936,0.02209533309529936,0.0,0.0,1.503038789816246
2026-04-02,-0.004654287873617653,-0.004654287873617653,0.0,0.0,1.4960432146032274
2026-04-07,0.006090286136128378,0.006090286136128378,0.0,0.0,1.5051545458521742
2026-04-08,0.011996060957837174,0.011996060957837174,0.0,0.0,1.5232104715351826
2026-04-09,0.008690609792141566,0.008690609792141566,0.0,0.0,1.5364480993745988
2026-04-10,-0.0061443164821818105,-0.0061443164821818105,0.0,0.0,1.5270076759935944
2026-04-13,-0.003711132426053275,-0.003711132426053275,0.0,0.0,1.5213407482923824
2026-04-14,0.009445968093363526,0.009445968093363526,0.0,0.0,1.5357112844598861
2026-04-15,0.007967770631580325,0.007967770631580325,0.0,0.0,1.5479474797307922
2026-04-16,0.006971712876984424,0.006971712876984424,0.0,0.0,1.558739325108127
2026-04-17,0.00565571317870036,0.00565571317870036,0.0,0.0,1.5675551076512995
