date,gross_ret,net_ret,turnover,total_cost,equity
2015-01-05,0.0,0.0,0.0,0.0,1.0
2015-01-06,0.0,0.0,0.0,0.0,1.0
2015-01-07,0.0,0.0,0.0,0.0,1.0
2015-01-08,0.0,0.0,0.0,0.0,1.0
2015-01-09,0.0,0.0,0.0,0.0,1.0
2015-01-12,0.0,0.0,0.0,0.0,1.0
2015-01-13,0.0,0.0,0.0,0.0,1.0
2015-01-14,0.0,0.0,0.0,0.0,1.0
2015-01-15,0.0,0.0,0.0,0.0,1.0
2015-01-16,0.0,0.0,0.0,0.0,1.0
2015-01-19,0.0,0.0,0.0,0.0,1.0
2015-01-20,0.0,0.0,0.0,0.0,1.0
2015-01-21,0.0,0.0,0.0,0.0,1.0
2015-01-22,0.0,0.0,0.0,0.0,1.0
2015-01-23,0.0,0.0,0.0,0.0,1.0
2015-01-26,0.0,0.0,0.0,0.0,1.0
2015-01-27,0.0,0.0,0.0,0.0,1.0
2015-01-28,0.0,0.0,0.0,0.0,1.0
2015-01-29,0.0,0.0,0.0,0.0,1.0
2015-01-30,0.0,0.0,0.0,0.0,1.0
2015-02-02,0.0,0.0,0.0,0.0,1.0
2015-02-03,0.0,0.0,0.0,0.0,1.0
2015-02-04,0.0,0.0,0.0,0.0,1.0
2015-02-05,0.0,0.0,0.0,0.0,1.0
2015-02-06,0.0,0.0,0.0,0.0,1.0
2015-02-09,0.0,0.0,0.0,0.0,1.0
2015-02-10,0.0,0.0,0.0,0.0,1.0
2015-02-11,0.0,0.0,0.0,0.0,1.0
2015-02-12,0.0,0.0,0.0,0.0,1.0
2015-02-13,0.0,0.0,0.0,0.0,1.0
2015-02-24,0.0,0.0,0.0,0.0,1.0
2015-02-25,0.0,0.0,0.0,0.0,1.0
2015-02-26,0.0,0.0,0.0,0.0,1.0
2015-03-02,0.0,0.0,0.0,0.0,1.0
2015-03-03,0.0,0.0,0.0,0.0,1.0
2015-03-04,0.0,0.0,0.0,0.0,1.0
2015-03-05,0.0,0.0,0.0,0.0,1.0
2015-03-06,0.0,0.0,0.0,0.0,1.0
2015-03-09,0.0,0.0,0.0,0.0,1.0
2015-03-10,0.0,0.0,0.0,0.0,1.0
2015-03-11,0.0,0.0,0.0,0.0,1.0
2015-03-12,0.0,0.0,0.0,0.0,1.0
2015-03-13,0.0,0.0,0.0,0.0,1.0
2015-03-16,0.0,0.0,0.0,0.0,1.0
2015-03-17,0.0,0.0,0.0,0.0,1.0
2015-03-18,0.0,0.0,0.0,0.0,1.0
2015-03-19,0.0,0.0,0.0,0.0,1.0
2015-03-20,0.0,0.0,0.0,0.0,1.0
2015-03-23,0.0,0.0,0.0,0.0,1.0
2015-03-24,0.0,0.0,0.0,0.0,1.0
2015-03-25,0.0,0.0,0.0,0.0,1.0
2015-03-26,0.0,0.0,0.0,0.0,1.0
2015-03-27,0.0,0.0,0.0,0.0,1.0
2015-03-30,0.0,0.0,0.0,0.0,1.0
2015-03-31,0.0,0.0,0.0,0.0,1.0
2015-04-01,0.0,0.0,0.0,0.0,1.0
2015-04-02,0.0,0.0,0.0,0.0,1.0
2015-04-07,0.0,0.0,0.0,0.0,1.0
2015-04-08,0.0,0.0,0.0,0.0,1.0
2015-04-09,0.0,0.0,0.0,0.0,1.0
2015-04-10,0.0,0.0,0.0,0.0,1.0
2015-04-13,0.0,0.0,0.0,0.0,1.0
2015-04-14,0.0,0.0,0.0,0.0,1.0
2015-04-15,0.0,0.0,0.0,0.0,1.0
2015-04-16,0.0,0.0,0.0,0.0,1.0
2015-04-17,0.0,0.0,0.0,0.0,1.0
2015-04-20,0.0,0.0,0.0,0.0,1.0
2015-04-21,0.0,0.0,0.0,0.0,1.0
2015-04-22,0.0,0.0,0.0,0.0,1.0
2015-04-23,0.0,0.0,0.0,0.0,1.0
2015-04-24,0.0,0.0,0.0,0.0,1.0
2015-04-27,0.0,0.0,0.0,0.0,1.0
2015-04-28,0.0,0.0,0.0,0.0,1.0
2015-04-29,0.0,0.0,0.0,0.0,1.0
2015-04-30,0.0,0.0,0.0,0.0,1.0
2015-05-04,0.0,0.0,0.0,0.0,1.0
2015-05-05,0.0,0.0,0.0,0.0,1.0
2015-05-06,0.0,0.0,0.0,0.0,1.0
2015-05-07,0.0,0.0,0.0,0.0,1.0
2015-05-08,0.0,0.0,0.0,0.0,1.0
2015-05-11,0.0,0.0,0.0,0.0,1.0
2015-05-12,0.0,0.0,0.0,0.0,1.0
2015-05-13,0.0,0.0,0.0,0.0,1.0
2015-05-14,0.0,0.0,0.0,0.0,1.0
2015-05-15,0.0,0.0,0.0,0.0,1.0
2015-05-18,0.0,0.0,0.0,0.0,1.0
2015-05-19,0.0,0.0,0.0,0.0,1.0
2015-05-20,0.0,0.0,0.0,0.0,1.0
2015-05-21,0.0,0.0,0.0,0.0,1.0
2015-05-22,0.0,0.0,0.0,0.0,1.0
2015-05-25,0.0,0.0,0.0,0.0,1.0
2015-05-26,0.0,0.0,0.0,0.0,1.0
2015-05-27,0.0,0.0,0.0,0.0,1.0
2015-05-28,0.0,0.0,0.0,0.0,1.0
2015-05-29,0.0,0.0,0.0,0.0,1.0
2015-06-01,0.0,0.0,0.0,0.0,1.0
2015-06-02,0.0,0.0,0.0,0.0,1.0
2015-06-03,0.0,0.0,0.0,0.0,1.0
2015-06-04,0.0,0.0,0.0,0.0,1.0
2015-06-05,0.0,0.0,0.0,0.0,1.0
2015-06-08,0.0,0.0,0.0,0.0,1.0
2015-06-09,0.0,0.0,0.0,0.0,1.0
2015-06-10,0.0,0.0,0.0,0.0,1.0
2015-06-11,0.0,0.0,0.0,0.0,1.0
2015-06-12,0.0,0.0,0.0,0.0,1.0
2015-06-15,0.0,0.0,0.0,0.0,1.0
2015-06-16,0.0,0.0,0.0,0.0,1.0
2015-06-17,0.0,0.0,0.0,0.0,1.0
2015-06-18,0.0,0.0,0.0,0.0,1.0
2015-06-22,0.0,0.0,0.0,0.0,1.0
2015-06-23,0.0,0.0,0.0,0.0,1.0
2015-06-24,0.0,0.0,0.0,0.0,1.0
2015-06-25,0.0,0.0,0.0,0.0,1.0
2015-06-26,0.0,0.0,0.0,0.0,1.0
2015-06-29,0.0,0.0,0.0,0.0,1.0
2015-06-30,0.0,0.0,0.0,0.0,1.0
2015-07-01,0.0,0.0,0.0,0.0,1.0
2015-07-02,0.0,0.0,0.0,0.0,1.0
2015-07-03,0.0,0.0,0.0,0.0,1.0
2015-07-06,0.0,0.0,0.0,0.0,1.0
2015-07-07,0.0,0.0,0.0,0.0,1.0
2015-07-08,0.0,0.0,0.0,0.0,1.0
2015-07-09,0.0,0.0,0.0,0.0,1.0
2015-07-13,0.0,0.0,0.0,0.0,1.0
2015-07-14,0.0,0.0,0.0,0.0,1.0
2015-07-15,0.0,0.0,0.0,0.0,1.0
2015-07-16,0.0,0.0,0.0,0.0,1.0
2015-07-17,0.0,0.0,0.0,0.0,1.0
2015-07-20,0.0,0.0,0.0,0.0,1.0
2015-07-21,0.0,0.0,0.0,0.0,1.0
2015-07-22,0.0,0.0,0.0,0.0,1.0
2015-07-23,0.0,0.0,0.0,0.0,1.0
2015-07-24,0.0,0.0,0.0,0.0,1.0
2015-07-27,0.0,0.0,0.0,0.0,1.0
2015-07-28,0.0,0.0,0.0,0.0,1.0
2015-07-29,0.0,0.0,0.0,0.0,1.0
2015-07-30,0.0,0.0,0.0,0.0,1.0
2015-07-31,0.0,0.0,0.0,0.0,1.0
2015-08-03,0.0,0.0,0.0,0.0,1.0
2015-08-04,0.0,0.0,0.0,0.0,1.0
2015-08-05,0.0,0.0,0.0,0.0,1.0
2015-08-06,0.0,0.0,0.0,0.0,1.0
2015-08-07,0.0,0.0,0.0,0.0,1.0
2015-08-10,0.0,0.0,0.0,0.0,1.0
2015-08-11,0.0,0.0,0.0,0.0,1.0
2015-08-12,0.0,0.0,0.0,0.0,1.0
2015-08-13,0.0,0.0,0.0,0.0,1.0
2015-08-14,0.0,0.0,0.0,0.0,1.0
2015-08-17,0.0,0.0,0.0,0.0,1.0
2015-08-18,0.0,0.0,0.0,0.0,1.0
2015-08-19,0.0,0.0,0.0,0.0,1.0
2015-08-20,0.0,0.0,0.0,0.0,1.0
2015-08-21,0.0,0.0,0.0,0.0,1.0
2015-08-24,0.0,0.0,0.0,0.0,1.0
2015-08-25,0.0,0.0,0.0,0.0,1.0
2015-08-26,0.0,0.0,0.0,0.0,1.0
2015-08-27,0.0,0.0,0.0,0.0,1.0
2015-08-28,0.0,0.0,0.0,0.0,1.0
2015-08-31,0.0,0.0,0.0,0.0,1.0
2015-09-01,0.0,0.0,0.0,0.0,1.0
2015-09-02,0.0,0.0,0.0,0.0,1.0
2015-09-03,0.0,0.0,0.0,0.0,1.0
2015-09-04,0.0,0.0,0.0,0.0,1.0
2015-09-07,0.0,0.0,0.0,0.0,1.0
2015-09-08,0.0,0.0,0.0,0.0,1.0
2015-09-09,0.0,0.0,0.0,0.0,1.0
2015-09-10,0.0,0.0,0.0,0.0,1.0
2015-09-11,0.0,0.0,0.0,0.0,1.0
2015-09-14,0.0,0.0,0.0,0.0,1.0
2015-09-15,0.0,0.0,0.0,0.0,1.0
2015-09-16,0.0,0.0,0.0,0.0,1.0
2015-09-17,0.0,0.0,0.0,0.0,1.0
2015-09-18,0.0,0.0,0.0,0.0,1.0
2015-09-21,0.0,0.0,0.0,0.0,1.0
2015-09-22,0.0,0.0,0.0,0.0,1.0
2015-09-23,0.0,0.0,0.0,0.0,1.0
2015-09-24,0.0,0.0,0.0,0.0,1.0
2015-09-25,0.0,0.0,0.0,0.0,1.0
2015-09-30,0.0,0.0,0.0,0.0,1.0
2015-10-01,0.0,0.0,0.0,0.0,1.0
2015-10-02,0.0,0.0,0.0,0.0,1.0
2015-10-05,0.0,0.0,0.0,0.0,1.0
2015-10-06,0.0,0.0,0.0,0.0,1.0
2015-10-07,0.0,0.0,0.0,0.0,1.0
2015-10-08,0.0,0.0,0.0,0.0,1.0
2015-10-12,0.0,0.0,0.0,0.0,1.0
2015-10-13,0.0,0.0,0.0,0.0,1.0
2015-10-14,0.0,0.0,0.0,0.0,1.0
2015-10-15,0.0,0.0,0.0,0.0,1.0
2015-10-16,0.0,0.0,0.0,0.0,1.0
2015-10-19,0.0,0.0,0.0,0.0,1.0
2015-10-20,0.0,0.0,0.0,0.0,1.0
2015-10-21,0.0,0.0,0.0,0.0,1.0
2015-10-22,0.0,0.0,0.0,0.0,1.0
2015-10-23,0.0,0.0,0.0,0.0,1.0
2015-10-26,0.0,0.0,0.0,0.0,1.0
2015-10-27,0.0,0.0,0.0,0.0,1.0
2015-10-28,0.0,0.0,0.0,0.0,1.0
2015-10-29,0.0,0.0,0.0,0.0,1.0
2015-10-30,0.0,0.0,0.0,0.0,1.0
2015-11-02,0.0,0.0,0.0,0.0,1.0
2015-11-03,0.0,0.0,0.0,0.0,1.0
2015-11-04,0.0,0.0,0.0,0.0,1.0
2015-11-05,0.0,0.0,0.0,0.0,1.0
2015-11-06,0.0,0.0,0.0,0.0,1.0
2015-11-09,0.0,0.0,0.0,0.0,1.0
2015-11-10,0.0,0.0,0.0,0.0,1.0
2015-11-11,0.0,0.0,0.0,0.0,1.0
2015-11-12,0.0,0.0,0.0,0.0,1.0
2015-11-13,0.0,0.0,0.0,0.0,1.0
2015-11-16,0.0,0.0,0.0,0.0,1.0
2015-11-17,0.0,0.0,0.0,0.0,1.0
2015-11-18,0.0,0.0,0.0,0.0,1.0
2015-11-19,0.0,0.0,0.0,0.0,1.0
2015-11-20,0.0,0.0,0.0,0.0,1.0
2015-11-23,0.0,0.0,0.0,0.0,1.0
2015-11-24,0.0,0.0,0.0,0.0,1.0
2015-11-25,0.0,0.0,0.0,0.0,1.0
2015-11-26,0.0,0.0,0.0,0.0,1.0
2015-11-27,0.0,0.0,0.0,0.0,1.0
2015-11-30,0.0,0.0,0.0,0.0,1.0
2015-12-01,0.0,0.0,0.0,0.0,1.0
2015-12-02,0.0,0.0,0.0,0.0,1.0
2015-12-03,0.0,0.0,0.0,0.0,1.0
2015-12-04,0.0,0.0,0.0,0.0,1.0
2015-12-07,0.0,0.0,0.0,0.0,1.0
2015-12-08,0.0,0.0,0.0,0.0,1.0
2015-12-09,0.0,0.0,0.0,0.0,1.0
2015-12-10,0.0,0.0,0.0,0.0,1.0
2015-12-11,0.0,0.0,0.0,0.0,1.0
2015-12-14,0.0,0.0,0.0,0.0,1.0
2015-12-15,0.0,0.0,0.0,0.0,1.0
2015-12-16,0.0,0.0,0.0,0.0,1.0
2015-12-17,0.0,0.0,0.0,0.0,1.0
2015-12-18,0.0,0.0,0.0,0.0,1.0
2015-12-21,0.0,0.0,0.0,0.0,1.0
2015-12-22,0.0,0.0,0.0,0.0,1.0
2015-12-23,0.0,0.0,0.0,0.0,1.0
2015-12-24,0.0,0.0,0.0,0.0,1.0
2015-12-25,0.0,0.0,0.0,0.0,1.0
2015-12-28,0.0,0.0,0.0,0.0,1.0
2015-12-29,0.0,0.0,0.0,0.0,1.0
2015-12-30,0.0,0.0,0.0,0.0,1.0
2015-12-31,0.0,0.0,0.0,0.0,1.0
2016-01-04,0.0,0.0,0.0,0.0,1.0
2016-01-05,0.0,0.0,0.0,0.0,1.0
2016-01-06,0.0,0.0,0.0,0.0,1.0
2016-01-07,0.0,0.0,0.0,0.0,1.0
2016-01-08,0.0,0.0,0.0,0.0,1.0
2016-01-11,0.0,0.0,0.0,0.0,1.0
2016-01-12,0.0,0.0,0.0,0.0,1.0
2016-01-13,0.0,0.0,0.0,0.0,1.0
2016-01-14,0.0,0.0,0.0,0.0,1.0
2016-01-15,0.0,0.0,0.0,0.0,1.0
2016-01-18,0.0,0.0,0.0,0.0,1.0
2016-01-19,0.0,0.0,0.0,0.0,1.0
2016-01-20,0.0,0.0,0.0,0.0,1.0
2016-01-21,0.0,0.0,0.0,0.0,1.0
2016-01-22,0.0,0.0,0.0,0.0,1.0
2016-01-25,0.0,0.0,0.0,0.0,1.0
2016-01-26,0.0,0.0,0.0,0.0,1.0
2016-01-27,0.0,0.0,0.0,0.0,1.0
2016-01-28,0.0,0.0,0.0,0.0,1.0
2016-01-29,0.0,0.0,0.0,0.0,1.0
2016-01-30,0.0,0.0,0.0,0.0,1.0
2016-02-01,0.0,0.0,0.0,0.0,1.0
2016-02-02,0.0,0.0,0.0,0.0,1.0
2016-02-03,0.0,0.0,0.0,0.0,1.0
2016-02-15,0.0,0.0,0.0,0.0,1.0
2016-02-16,0.0,0.0,0.0,0.0,1.0
2016-02-17,0.0,0.0,0.0,0.0,1.0
2016-02-18,0.0,0.0,0.0,0.0,1.0
2016-02-19,0.0,0.0,0.0,0.0,1.0
2016-02-22,0.0,0.0,0.0,0.0,1.0
2016-02-23,0.0,0.0,0.0,0.0,1.0
2016-02-24,0.0,0.0,0.0,0.0,1.0
2016-02-25,0.0,0.0,0.0,0.0,1.0
2016-02-26,0.0,0.0,0.0,0.0,1.0
2016-03-01,0.0,0.0,0.0,0.0,1.0
2016-03-02,0.0,0.0,0.0,0.0,1.0
2016-03-03,0.0,0.0,0.0,0.0,1.0
2016-03-04,0.0,0.0,0.0,0.0,1.0
2016-03-07,0.0,0.0,0.0,0.0,1.0
2016-03-08,0.0,0.0,0.0,0.0,1.0
2016-03-09,0.0,0.0,0.0,0.0,1.0
2016-03-10,0.0,0.0,0.0,0.0,1.0
2016-03-11,0.0,0.0,0.0,0.0,1.0
2016-03-14,0.0,0.0,0.0,0.0,1.0
2016-03-15,0.0,0.0,0.0,0.0,1.0
2016-03-16,0.0,0.0,0.0,0.0,1.0
2016-03-17,0.0,0.0,0.0,0.0,1.0
2016-03-18,0.0,0.0,0.0,0.0,1.0
2016-03-21,0.0,0.0,0.0,0.0,1.0
2016-03-22,0.0,0.0,0.0,0.0,1.0
2016-03-23,0.0,0.0,0.0,0.0,1.0
2016-03-24,0.0,0.0,0.0,0.0,1.0
2016-03-25,0.0,0.0,0.0,0.0,1.0
2016-03-28,0.0,0.0,0.0,0.0,1.0
2016-03-29,0.0,0.0,0.0,0.0,1.0
2016-03-30,0.0,0.0,0.0,0.0,1.0
2016-03-31,0.0,0.0,0.0,0.0,1.0
2016-04-01,0.0,0.0,0.0,0.0,1.0
2016-04-06,0.0,0.0,0.0,0.0,1.0
2016-04-07,0.0,0.0,0.0,0.0,1.0
2016-04-08,0.0,0.0,0.0,0.0,1.0
2016-04-11,0.0,0.0,0.0,0.0,1.0
2016-04-12,0.0,0.0,0.0,0.0,1.0
2016-04-13,0.0,0.0,0.0,0.0,1.0
2016-04-14,0.0,0.0,0.0,0.0,1.0
2016-04-15,0.0,0.0,0.0,0.0,1.0
2016-04-18,0.0,0.0,0.0,0.0,1.0
2016-04-19,0.0,0.0,0.0,0.0,1.0
2016-04-20,0.0,0.0,0.0,0.0,1.0
2016-04-21,0.0,0.0,0.0,0.0,1.0
2016-04-22,0.0,0.0,0.0,0.0,1.0
2016-04-25,0.0,0.0,0.0,0.0,1.0
2016-04-26,0.0,0.0,0.0,0.0,1.0
2016-04-27,0.0,0.0,0.0,0.0,1.0
2016-04-28,0.0,0.0,0.0,0.0,1.0
2016-04-29,0.0,0.0,0.0,0.0,1.0
2016-05-03,0.0,0.0,0.0,0.0,1.0
2016-05-04,0.0,0.0,0.0,0.0,1.0
2016-05-05,0.0,0.0,0.0,0.0,1.0
2016-05-06,0.0,0.0,0.0,0.0,1.0
2016-05-09,0.0,0.0,0.0,0.0,1.0
2016-05-10,0.0,0.0,0.0,0.0,1.0
2016-05-11,0.0,0.0,0.0,0.0,1.0
2016-05-12,0.0,0.0,0.0,0.0,1.0
2016-05-13,0.0,0.0,0.0,0.0,1.0
2016-05-16,0.0,0.0,0.0,0.0,1.0
2016-05-17,0.0,0.0,0.0,0.0,1.0
2016-05-18,0.0,0.0,0.0,0.0,1.0
2016-05-19,0.0,0.0,0.0,0.0,1.0
2016-05-20,0.0,0.0,0.0,0.0,1.0
2016-05-23,0.0,0.0,0.0,0.0,1.0
2016-05-24,0.0,0.0,0.0,0.0,1.0
2016-05-25,0.0,0.0,0.0,0.0,1.0
2016-05-26,0.0,0.0,0.0,0.0,1.0
2016-05-27,0.0,0.0,0.0,0.0,1.0
2016-05-30,0.0,0.0,0.0,0.0,1.0
2016-05-31,0.0,0.0,0.0,0.0,1.0
2016-06-01,0.0,0.0,0.0,0.0,1.0
2016-06-02,0.0,0.0,0.0,0.0,1.0
2016-06-03,0.0,0.0,0.0,0.0,1.0
2016-06-04,0.0,0.0,0.0,0.0,1.0
2016-06-06,0.0,0.0,0.0,0.0,1.0
2016-06-07,0.0,0.0,0.0,0.0,1.0
2016-06-08,0.0,0.0,0.0,0.0,1.0
2016-06-13,0.0,0.0,0.0,0.0,1.0
2016-06-14,0.0,0.0,0.0,0.0,1.0
2016-06-15,0.0,0.0,0.0,0.0,1.0
2016-06-16,0.0,0.0,0.0,0.0,1.0
2016-06-17,0.0,0.0,0.0,0.0,1.0
2016-06-20,0.0,0.0,0.0,0.0,1.0
2016-06-21,0.0,0.0,0.0,0.0,1.0
2016-06-22,0.0,0.0,0.0,0.0,1.0
2016-06-23,0.0,0.0,0.0,0.0,1.0
2016-06-24,0.0,0.0,0.0,0.0,1.0
2016-06-27,0.0,0.0,0.0,0.0,1.0
2016-06-28,0.0,0.0,0.0,0.0,1.0
2016-06-29,0.0,0.0,0.0,0.0,1.0
2016-06-30,0.0,0.0,0.0,0.0,1.0
2016-07-01,0.0,0.0,0.0,0.0,1.0
2016-07-04,0.0,0.0,0.0,0.0,1.0
2016-07-05,0.0,0.0,0.0,0.0,1.0
2016-07-06,0.0,0.0,0.0,0.0,1.0
2016-07-07,0.0,0.0,0.0,0.0,1.0
2016-07-11,0.0,0.0,0.0,0.0,1.0
2016-07-12,0.0,0.0,0.0,0.0,1.0
2016-07-13,0.0,0.0,0.0,0.0,1.0
2016-07-14,0.0,0.0,0.0,0.0,1.0
2016-07-15,0.0,0.0,0.0,0.0,1.0
2016-07-18,0.0,0.0,0.0,0.0,1.0
2016-07-19,0.0,0.0,0.0,0.0,1.0
2016-07-20,0.0,0.0,0.0,0.0,1.0
2016-07-21,0.0,0.0,0.0,0.0,1.0
2016-07-22,0.0,0.0,0.0,0.0,1.0
2016-07-25,0.0,0.0,0.0,0.0,1.0
2016-07-26,0.0,0.0,0.0,0.0,1.0
2016-07-27,0.0,0.0,0.0,0.0,1.0
2016-07-28,0.0,0.0,0.0,0.0,1.0
2016-07-29,0.0,0.0,0.0,0.0,1.0
2016-08-01,0.0,0.0,0.0,0.0,1.0
2016-08-02,0.0,0.0,0.0,0.0,1.0
2016-08-03,0.0,0.0,0.0,0.0,1.0
2016-08-04,0.0,0.0,0.0,0.0,1.0
2016-08-05,0.0,0.0,0.0,0.0,1.0
2016-08-08,0.0,0.0,0.0,0.0,1.0
2016-08-09,0.0,0.0,0.0,0.0,1.0
2016-08-10,0.0,0.0,0.0,0.0,1.0
2016-08-11,0.0,0.0,0.0,0.0,1.0
2016-08-12,0.0,0.0,0.0,0.0,1.0
2016-08-15,0.0,0.0,0.0,0.0,1.0
2016-08-16,0.0,0.0,0.0,0.0,1.0
2016-08-17,0.0,0.0,0.0,0.0,1.0
2016-08-18,0.0,0.0,0.0,0.0,1.0
2016-08-19,0.0,0.0,0.0,0.0,1.0
2016-08-22,0.0,0.0,0.0,0.0,1.0
2016-08-23,0.0,0.0,0.0,0.0,1.0
2016-08-24,0.0,0.0,0.0,0.0,1.0
2016-08-25,0.0,0.0,0.0,0.0,1.0
2016-08-26,0.0,0.0,0.0,0.0,1.0
2016-08-29,0.0,0.0,0.0,0.0,1.0
2016-08-30,0.0,0.0,0.0,0.0,1.0
2016-08-31,0.0,0.0,0.0,0.0,1.0
2016-09-01,0.0,0.0,0.0,0.0,1.0
2016-09-02,0.0,0.0,0.0,0.0,1.0
2016-09-05,0.0,0.0,0.0,0.0,1.0
2016-09-06,0.0,0.0,0.0,0.0,1.0
2016-09-07,0.0,0.0,0.0,0.0,1.0
2016-09-08,0.0,0.0,0.0,0.0,1.0
2016-09-09,0.0,0.0,0.0,0.0,1.0
2016-09-10,0.0,0.0,0.0,0.0,1.0
2016-09-12,0.0,0.0,0.0,0.0,1.0
2016-09-13,0.0,0.0,0.0,0.0,1.0
2016-09-14,0.0,0.0,0.0,0.0,1.0
2016-09-19,0.0,0.0,0.0,0.0,1.0
2016-09-20,0.0,0.0,0.0,0.0,1.0
2016-09-21,0.0,0.0,0.0,0.0,1.0
2016-09-22,0.0,0.0,0.0,0.0,1.0
2016-09-23,0.0,0.0,0.0,0.0,1.0
2016-09-26,0.0,0.0,0.0,0.0,1.0
2016-09-29,0.0,0.0,0.0,0.0,1.0
2016-09-30,0.0,0.0,0.0,0.0,1.0
2016-10-03,0.0,0.0,0.0,0.0,1.0
2016-10-04,0.0,0.0,0.0,0.0,1.0
2016-10-05,0.0,0.0,0.0,0.0,1.0
2016-10-06,0.0,0.0,0.0,0.0,1.0
2016-10-07,0.0,0.0,0.0,0.0,1.0
2016-10-11,0.0,0.0,0.0,0.0,1.0
2016-10-12,0.0,0.0,0.0,0.0,1.0
2016-10-13,0.0,0.0,0.0,0.0,1.0
2016-10-14,0.0,0.0,0.0,0.0,1.0
2016-10-17,0.0,0.0,0.0,0.0,1.0
2016-10-18,0.0,0.0,0.0,0.0,1.0
2016-10-19,0.0,0.0,0.0,0.0,1.0
2016-10-20,0.0,0.0,0.0,0.0,1.0
2016-10-21,0.0,0.0,0.0,0.0,1.0
2016-10-24,0.0,0.0,0.0,0.0,1.0
2016-10-25,0.0,0.0,0.0,0.0,1.0
2016-10-26,0.0,0.0,0.0,0.0,1.0
2016-10-27,0.0,0.0,0.0,0.0,1.0
2016-10-28,0.0,0.0,0.0,0.0,1.0
2016-10-31,0.0,0.0,0.0,0.0,1.0
2016-11-01,0.0,0.0,0.0,0.0,1.0
2016-11-02,0.0,0.0,0.0,0.0,1.0
2016-11-03,0.0,0.0,0.0,0.0,1.0
2016-11-04,0.0,0.0,0.0,0.0,1.0
2016-11-07,0.0,0.0,0.0,0.0,1.0
2016-11-08,0.0,0.0,0.0,0.0,1.0
2016-11-09,0.0,0.0,0.0,0.0,1.0
2016-11-10,0.0,0.0,0.0,0.0,1.0
2016-11-11,0.0,0.0,0.0,0.0,1.0
2016-11-14,0.0,0.0,0.0,0.0,1.0
2016-11-15,0.0,0.0,0.0,0.0,1.0
2016-11-16,0.0,0.0,0.0,0.0,1.0
2016-11-17,0.0,0.0,0.0,0.0,1.0
2016-11-18,0.0,0.0,0.0,0.0,1.0
2016-11-21,0.0,0.0,0.0,0.0,1.0
2016-11-22,0.0,0.0,0.0,0.0,1.0
2016-11-23,0.0,0.0,0.0,0.0,1.0
2016-11-24,0.0,0.0,0.0,0.0,1.0
2016-11-25,0.0,0.0,0.0,0.0,1.0
2016-11-28,0.0,0.0,0.0,0.0,1.0
2016-11-29,0.0,0.0,0.0,0.0,1.0
2016-11-30,0.0,0.0,0.0,0.0,1.0
2016-12-01,0.0,0.0,0.0,0.0,1.0
2016-12-02,0.0,0.0,0.0,0.0,1.0
2016-12-05,0.0,0.0,0.0,0.0,1.0
2016-12-06,0.0,0.0,0.0,0.0,1.0
2016-12-07,0.0,0.0,0.0,0.0,1.0
2016-12-08,0.0,0.0,0.0,0.0,1.0
2016-12-09,0.0,0.0,0.0,0.0,1.0
2016-12-12,0.0,0.0,0.0,0.0,1.0
2016-12-13,0.0,0.0,0.0,0.0,1.0
2016-12-14,0.0,0.0,0.0,0.0,1.0
2016-12-15,0.0,0.0,0.0,0.0,1.0
2016-12-16,0.0,0.0,0.0,0.0,1.0
2016-12-19,0.0,0.0,0.0,0.0,1.0
2016-12-20,0.0,0.0,0.0,0.0,1.0
2016-12-21,0.0,0.0,0.0,0.0,1.0
2016-12-22,0.0,0.0,0.0,0.0,1.0
2016-12-23,0.0,0.0,0.0,0.0,1.0
2016-12-26,0.0,0.0,0.0,0.0,1.0
2016-12-27,0.0,0.0,0.0,0.0,1.0
2016-12-28,0.0,0.0,0.0,0.0,1.0
2016-12-29,0.0,0.0,0.0,0.0,1.0
2016-12-30,0.0,0.0,0.0,0.0,1.0
2017-01-03,0.0,0.0,0.0,0.0,1.0
2017-01-04,0.0,0.0,0.0,0.0,1.0
2017-01-05,0.0,0.0,0.0,0.0,1.0
2017-01-06,0.0,0.0,0.0,0.0,1.0
2017-01-09,0.0,0.0,0.0,0.0,1.0
2017-01-10,0.0,0.0,0.0,0.0,1.0
2017-01-11,0.0,0.0,0.0,0.0,1.0
2017-01-12,0.0,0.0,0.0,0.0,1.0
2017-01-13,0.0,0.0,0.0,0.0,1.0
2017-01-16,0.0,0.0,0.0,0.0,1.0
2017-01-17,0.0,0.0,0.0,0.0,1.0
2017-01-18,0.0,0.0,0.0,0.0,1.0
2017-01-19,0.0,0.0,0.0,0.0,1.0
2017-01-20,0.0,0.0,0.0,0.0,1.0
2017-01-23,0.0,0.0,0.0,0.0,1.0
2017-01-24,0.0,0.0,0.0,0.0,1.0
2017-02-02,0.0,0.0,0.0,0.0,1.0
2017-02-03,0.0,0.0,0.0,0.0,1.0
2017-02-06,0.0,0.0,0.0,0.0,1.0
2017-02-07,0.0,0.0,0.0,0.0,1.0
2017-02-08,0.0,0.0,0.0,0.0,1.0
2017-02-09,0.0,0.0,0.0,0.0,1.0
2017-02-10,0.0,0.0,0.0,0.0,1.0
2017-02-13,0.0,0.0,0.0,0.0,1.0
2017-02-14,0.0,0.0,0.0,0.0,1.0
2017-02-15,0.0,0.0,0.0,0.0,1.0
2017-02-16,0.0,0.0,0.0,0.0,1.0
2017-02-17,0.0,0.0,0.0,0.0,1.0
2017-02-18,0.0,0.0,0.0,0.0,1.0
2017-02-20,0.0,0.0,0.0,0.0,1.0
2017-02-21,0.0,0.0,0.0,0.0,1.0
2017-02-22,0.0,0.0,0.0,0.0,1.0
2017-02-23,0.0,0.0,0.0,0.0,1.0
2017-02-24,0.0,0.0,0.0,0.0,1.0
2017-03-01,0.0,0.0,0.0,0.0,1.0
2017-03-02,0.0,0.0,0.0,0.0,1.0
2017-03-03,0.0,0.0,0.0,0.0,1.0
2017-03-06,0.0,0.0,0.0,0.0,1.0
2017-03-07,0.0,0.0,0.0,0.0,1.0
2017-03-08,0.0,0.0,0.0,0.0,1.0
2017-03-09,0.0,0.0,0.0,0.0,1.0
2017-03-10,0.0,0.0,0.0,0.0,1.0
2017-03-13,0.0,0.0,0.0,0.0,1.0
2017-03-14,0.0,0.0,0.0,0.0,1.0
2017-03-15,0.0,0.0,0.0,0.0,1.0
2017-03-16,0.0,0.0,0.0,0.0,1.0
2017-03-17,0.0,0.0,0.0,0.0,1.0
2017-03-20,0.0,0.0,0.0,0.0,1.0
2017-03-21,0.0,0.0,0.0,0.0,1.0
2017-03-22,0.0,0.0,0.0,0.0,1.0
2017-03-23,0.0,0.0,0.0,0.0,1.0
2017-03-24,0.0,0.0,0.0,0.0,1.0
2017-03-27,0.0,0.0,0.0,0.0,1.0
2017-03-28,0.0,0.0,0.0,0.0,1.0
2017-03-29,0.0,0.0,0.0,0.0,1.0
2017-03-30,0.0,0.0,0.0,0.0,1.0
2017-03-31,0.0,0.0,0.0,0.0,1.0
2017-04-05,0.0,0.0,0.0,0.0,1.0
2017-04-06,0.0,0.0,0.0,0.0,1.0
2017-04-07,0.0,0.0,0.0,0.0,1.0
2017-04-10,0.0,0.0,0.0,0.0,1.0
2017-04-11,0.0,0.0,0.0,0.0,1.0
2017-04-12,0.0,0.0,0.0,0.0,1.0
2017-04-13,0.0,0.0,0.0,0.0,1.0
2017-04-14,0.0,0.0,0.0,0.0,1.0
2017-04-17,0.0,0.0,0.0,0.0,1.0
2017-04-18,0.0,0.0,0.0,0.0,1.0
2017-04-19,0.0,0.0,0.0,0.0,1.0
2017-04-20,0.0,0.0,0.0,0.0,1.0
2017-04-21,0.0,0.0,0.0,0.0,1.0
2017-04-24,0.0,0.0,0.0,0.0,1.0
2017-04-25,0.0,0.0,0.0,0.0,1.0
2017-04-26,0.0,0.0,0.0,0.0,1.0
2017-04-27,0.0,0.0,0.0,0.0,1.0
2017-04-28,0.0,0.0,0.0,0.0,1.0
2017-05-02,0.0,0.0,0.0,0.0,1.0
2017-05-03,0.0,0.0,0.0,0.0,1.0
2017-05-04,0.0,0.0,0.0,0.0,1.0
2017-05-05,0.0,0.0,0.0,0.0,1.0
2017-05-08,0.0,0.0,0.0,0.0,1.0
2017-05-09,0.0,0.0,0.0,0.0,1.0
2017-05-10,0.0,0.0,0.0,0.0,1.0
2017-05-11,0.0,0.0,0.0,0.0,1.0
2017-05-12,0.0,0.0,0.0,0.0,1.0
2017-05-15,0.0,0.0,0.0,0.0,1.0
2017-05-16,0.0,0.0,0.0,0.0,1.0
2017-05-17,0.0,0.0,0.0,0.0,1.0
2017-05-18,0.0,0.0,0.0,0.0,1.0
2017-05-19,0.0,0.0,0.0,0.0,1.0
2017-05-22,0.0,0.0,0.0,0.0,1.0
2017-05-23,0.0,0.0,0.0,0.0,1.0
2017-05-24,0.0,0.0,0.0,0.0,1.0
2017-05-25,0.0,0.0,0.0,0.0,1.0
2017-05-26,0.0,0.0,0.0,0.0,1.0
2017-05-31,0.0,0.0,0.0,0.0,1.0
2017-06-01,0.0,0.0,0.0,0.0,1.0
2017-06-02,0.0,0.0,0.0,0.0,1.0
2017-06-03,0.0,0.0,0.0,0.0,1.0
2017-06-05,0.0,0.0,0.0,0.0,1.0
2017-06-06,0.0,0.0,0.0,0.0,1.0
2017-06-07,0.0,0.0,0.0,0.0,1.0
2017-06-08,0.0,0.0,0.0,0.0,1.0
2017-06-09,0.0,0.0,0.0,0.0,1.0
2017-06-12,0.0,0.0,0.0,0.0,1.0
2017-06-13,0.0,0.0,0.0,0.0,1.0
2017-06-14,0.0,0.0,0.0,0.0,1.0
2017-06-15,0.0,0.0,0.0,0.0,1.0
2017-06-16,0.0,0.0,0.0,0.0,1.0
2017-06-19,0.0,0.0,0.0,0.0,1.0
2017-06-20,0.0,0.0,0.0,0.0,1.0
2017-06-21,0.0,0.0,0.0,0.0,1.0
2017-06-22,0.0,0.0,0.0,0.0,1.0
2017-06-23,0.0,0.0,0.0,0.0,1.0
2017-06-26,0.0,0.0,0.0,0.0,1.0
2017-06-27,0.0,0.0,0.0,0.0,1.0
2017-06-28,0.0,0.0,0.0,0.0,1.0
2017-06-29,0.0,0.0,0.0,0.0,1.0
2017-06-30,0.0,0.0,0.0,0.0,1.0
2017-07-03,0.0,0.0,0.0,0.0,1.0
2017-07-04,0.0,0.0,0.0,0.0,1.0
2017-07-05,0.0,0.0,0.0,0.0,1.0
2017-07-06,0.0,0.0,0.0,0.0,1.0
2017-07-07,0.0,0.0,0.0,0.0,1.0
2017-07-10,0.0,0.0,0.0,0.0,1.0
2017-07-11,0.0,0.0,0.0,0.0,1.0
2017-07-12,0.0,0.0,0.0,0.0,1.0
2017-07-13,0.0,0.0,0.0,0.0,1.0
2017-07-14,0.0,0.0,0.0,0.0,1.0
2017-07-17,0.0,0.0,0.0,0.0,1.0
2017-07-18,0.0,0.0,0.0,0.0,1.0
2017-07-19,0.0,0.0,0.0,0.0,1.0
2017-07-20,0.0,0.0,0.0,0.0,1.0
2017-07-21,0.0,0.0,0.0,0.0,1.0
2017-07-24,0.0,0.0,0.0,0.0,1.0
2017-07-25,0.0,0.0,0.0,0.0,1.0
2017-07-26,0.0,0.0,0.0,0.0,1.0
2017-07-27,0.0,0.0,0.0,0.0,1.0
2017-07-28,0.0,0.0,0.0,0.0,1.0
2017-07-31,0.0,0.0,0.0,0.0,1.0
2017-08-01,0.0,0.0,0.0,0.0,1.0
2017-08-02,0.0,0.0,0.0,0.0,1.0
2017-08-03,0.0,0.0,0.0,0.0,1.0
2017-08-04,0.0,0.0,0.0,0.0,1.0
2017-08-07,0.0,0.0,0.0,0.0,1.0
2017-08-08,0.0,0.0,0.0,0.0,1.0
2017-08-09,0.0,0.0,0.0,0.0,1.0
2017-08-10,0.0,0.0,0.0,0.0,1.0
2017-08-11,0.0,0.0,0.0,0.0,1.0
2017-08-14,0.0,0.0,0.0,0.0,1.0
2017-08-15,0.0,0.0,0.0,0.0,1.0
2017-08-16,0.0,0.0,0.0,0.0,1.0
2017-08-17,0.0,0.0,0.0,0.0,1.0
2017-08-18,0.0,0.0,0.0,0.0,1.0
2017-08-21,0.0,0.0,0.0,0.0,1.0
2017-08-22,0.0,0.0,0.0,0.0,1.0
2017-08-23,0.0,0.0,0.0,0.0,1.0
2017-08-24,0.0,0.0,0.0,0.0,1.0
2017-08-25,0.0,0.0,0.0,0.0,1.0
2017-08-28,0.0,0.0,0.0,0.0,1.0
2017-08-29,0.0,0.0,0.0,0.0,1.0
2017-08-30,0.0,0.0,0.0,0.0,1.0
2017-08-31,0.0,0.0,0.0,0.0,1.0
2017-09-01,0.0,0.0,0.0,0.0,1.0
2017-09-04,0.0,0.0,0.0,0.0,1.0
2017-09-05,0.0,0.0,0.0,0.0,1.0
2017-09-06,0.0,0.0,0.0,0.0,1.0
2017-09-07,0.0,0.0,0.0,0.0,1.0
2017-09-08,0.0,0.0,0.0,0.0,1.0
2017-09-11,0.0,0.0,0.0,0.0,1.0
2017-09-12,0.0,0.0,0.0,0.0,1.0
2017-09-13,0.0,0.0,0.0,0.0,1.0
2017-09-14,0.0,0.0,0.0,0.0,1.0
2017-09-15,0.0,0.0,0.0,0.0,1.0
2017-09-18,0.0,0.0,0.0,0.0,1.0
2017-09-19,0.0,0.0,0.0,0.0,1.0
2017-09-20,0.0,0.0,0.0,0.0,1.0
2017-09-21,0.0,0.0,0.0,0.0,1.0
2017-09-22,0.0,0.0,0.0,0.0,1.0
2017-09-25,0.0,0.0,0.0,0.0,1.0
2017-09-26,0.0,0.0,0.0,0.0,1.0
2017-09-27,0.0,0.0,0.0,0.0,1.0
2017-09-28,0.0,0.0,0.0,0.0,1.0
2017-09-29,0.0,0.0,0.0,0.0,1.0
2017-09-30,0.0,0.0,0.0,0.0,1.0
2017-10-02,0.0,0.0,0.0,0.0,1.0
2017-10-03,0.0,0.0,0.0,0.0,1.0
2017-10-05,0.0,0.0,0.0,0.0,1.0
2017-10-06,0.0,0.0,0.0,0.0,1.0
2017-10-11,0.0,0.0,0.0,0.0,1.0
2017-10-12,0.0,0.0,0.0,0.0,1.0
2017-10-13,0.0,0.0,0.0,0.0,1.0
2017-10-16,0.0,0.0,0.0,0.0,1.0
2017-10-17,0.0,0.0,0.0,0.0,1.0
2017-10-18,0.0,0.0,0.0,0.0,1.0
2017-10-19,0.0,0.0,0.0,0.0,1.0
2017-10-20,0.0,0.0,0.0,0.0,1.0
2017-10-23,0.0,0.0,0.0,0.0,1.0
2017-10-24,0.0,0.0,0.0,0.0,1.0
2017-10-25,0.0,0.0,0.0,0.0,1.0
2017-10-26,0.0,0.0,0.0,0.0,1.0
2017-10-27,0.0,0.0,0.0,0.0,1.0
2017-10-30,0.0,0.0,0.0,0.0,1.0
2017-10-31,0.0,0.0,0.0,0.0,1.0
2017-11-01,0.0,0.0,0.0,0.0,1.0
2017-11-02,0.0,0.0,0.0,0.0,1.0
2017-11-03,0.0,0.0,0.0,0.0,1.0
2017-11-06,0.0,0.0,0.0,0.0,1.0
2017-11-07,0.0,0.0,0.0,0.0,1.0
2017-11-08,0.0,0.0,0.0,0.0,1.0
2017-11-09,0.0,0.0,0.0,0.0,1.0
2017-11-10,0.0,0.0,0.0,0.0,1.0
2017-11-13,0.0,0.0,0.0,0.0,1.0
2017-11-14,0.0,0.0,0.0,0.0,1.0
2017-11-15,0.0,0.0,0.0,0.0,1.0
2017-11-16,0.0,0.0,0.0,0.0,1.0
2017-11-17,0.0,0.0,0.0,0.0,1.0
2017-11-20,0.0,0.0,0.0,0.0,1.0
2017-11-21,0.0,0.0,0.0,0.0,1.0
2017-11-22,0.0,0.0,0.0,0.0,1.0
2017-11-23,0.0,0.0,0.0,0.0,1.0
2017-11-24,0.0,0.0,0.0,0.0,1.0
2017-11-27,0.0,0.0,0.0,0.0,1.0
2017-11-28,0.0,0.0,0.0,0.0,1.0
2017-11-29,0.0,0.0,0.0,0.0,1.0
2017-11-30,0.0,0.0,0.0,0.0,1.0
2017-12-01,0.0,0.0,0.0,0.0,1.0
2017-12-04,0.0,0.0,0.0,0.0,1.0
2017-12-05,0.0,0.0,0.0,0.0,1.0
2017-12-06,0.0,0.0,0.0,0.0,1.0
2017-12-07,0.0,0.0,0.0,0.0,1.0
2017-12-08,0.0,0.0,0.0,0.0,1.0
2017-12-11,0.0,0.0,0.0,0.0,1.0
2017-12-12,0.0,0.0,0.0,0.0,1.0
2017-12-13,0.0,0.0,0.0,0.0,1.0
2017-12-14,0.0,0.0,0.0,0.0,1.0
2017-12-15,0.0,0.0,0.0,0.0,1.0
2017-12-18,0.0,0.0,0.0,0.0,1.0
2017-12-19,0.0,0.0,0.0,0.0,1.0
2017-12-20,0.0,0.0,0.0,0.0,1.0
2017-12-21,0.0,0.0,0.0,0.0,1.0
2017-12-22,0.0,0.0,0.0,0.0,1.0
2017-12-25,0.0,0.0,0.0,0.0,1.0
2017-12-26,0.0,0.0,0.0,0.0,1.0
2017-12-27,0.0,0.0,0.0,0.0,1.0
2017-12-28,0.0,0.0,0.0,0.0,1.0
2017-12-29,0.0,0.0,0.0,0.0,1.0
2018-01-02,0.0,0.0,0.0,0.0,1.0
2018-01-03,0.0,0.0,0.0,0.0,1.0
2018-01-04,0.0,0.0,0.0,0.0,1.0
2018-01-05,0.0,0.0,0.0,0.0,1.0
2018-01-08,0.0,0.0,0.0,0.0,1.0
2018-01-09,0.0,0.0,0.0,0.0,1.0
2018-01-10,0.0,0.0,0.0,0.0,1.0
2018-01-11,0.0,0.0,0.0,0.0,1.0
2018-01-12,0.0,0.0,0.0,0.0,1.0
2018-01-15,0.0,0.0,0.0,0.0,1.0
2018-01-16,0.0,0.0,0.0,0.0,1.0
2018-01-17,0.0,0.0,0.0,0.0,1.0
2018-01-18,0.0,0.0,0.0,0.0,1.0
2018-01-19,0.0,0.0,0.0,0.0,1.0
2018-01-22,0.0,0.0,0.0,0.0,1.0
2018-01-23,0.0,0.0,0.0,0.0,1.0
2018-01-24,0.0,0.0,0.0,0.0,1.0
2018-01-25,0.0,0.0,0.0,0.0,1.0
2018-01-26,0.0,0.0,0.0,0.0,1.0
2018-01-29,0.0,0.0,0.0,0.0,1.0
2018-01-30,0.0,0.0,0.0,0.0,1.0
2018-01-31,0.0,0.0,0.0,0.0,1.0
2018-02-01,0.0,0.0,0.0,0.0,1.0
2018-02-02,-0.0044065590272486695,-0.005906559027248669,1.0,0.0015,0.9940934409727513
2018-02-05,-0.01290859142520387,-0.01290859142520387,0.0,0.0,0.9812610949047591
2018-02-06,-0.042176445522153105,-0.042176445522153105,0.0,0.0,0.9398749897925002
2018-02-07,0.014757688240089398,0.014757688240089398,0.0,0.0,0.9537453718765152
2018-02-08,7.788710766383879e-05,7.788710766383879e-05,0.0,0.0,0.9538196563449785
2018-02-09,-0.008065187526103806,-0.008065187526103806,0.0,0.0,0.9461269219504722
2018-02-12,0.004905090068435127,0.004905090068435127,0.0,0.0,0.9507677597188106
2018-02-21,0.021775091372780272,0.021775091372780272,0.0,0.0,0.9714708145609813
2018-02-22,0.0012695487358369672,0.0012695487358369672,0.0,0.0,0.9727041441055096
2018-02-23,0.008084174313338244,0.008084174313338244,0.0,0.0,0.980567653961765
2018-02-26,0.004460451369798582,0.004460451369798582,0.0,0.0,0.984941428297059
2018-02-27,-0.0027523511995426963,-0.0027523511995426963,0.0,0.0,0.9822305235754063
2018-03-01,0.0009677176236784732,0.0009677176236784732,0.0,0.0,0.9831810453635851
2018-03-02,-0.006142996120287056,-0.006142996120287056,0.0,0.0,0.9771413680163769
2018-03-05,-0.007828860127338041,-0.007828860127338041,0.0,0.0,0.9694914649215408
2018-03-06,0.007809033696362911,0.007809033696362911,0.0,0.0,0.9770622564394494
2018-03-07,0.000564831180446565,0.000564831180446565,0.0,0.0,0.9776141316671239
2018-03-08,0.005877228760677499,0.005877228760677499,0.0,0.0,0.9833597935586026
2018-03-09,0.0011873366306627917,0.0011873366306627917,0.0,0.0,0.9845273726626157
2018-03-12,0.007832801605766436,0.007832801605766436,0.0,0.0,0.9922389802481285
2018-03-13,0.004598312373341359,0.004598312373341359,0.0,0.0,0.996801605028315
2018-03-14,-0.0015951214650872037,-0.0015951214650872037,0.0,0.0,0.995211585391701
2018-03-15,0.00011909819680796152,0.00011909819680796152,0.0,0.0,0.9953301132969635
2018-03-16,0.005649161939981463,0.005649161939981463,0.0,0.0,1.0009528942907182
2018-03-19,0.0003566547005418916,0.0003566547005418916,0.0,0.0,1.0013098888454879
2018-03-20,-0.0016816290199199557,-0.0016816290199199557,0.0,0.0,0.9996260570784725
2018-03-21,0.0008670691755207456,0.0008670691755207456,0.0,0.0,1.0004928020196127
2018-03-22,0.0004911829916654716,0.0004911829916654716,0.0,0.0,1.0009842270672484
2018-03-23,-0.01201572584309478,-0.01201572584309478,0.0,0.0,0.9889566750215463
2018-03-26,0.0026546985880109616,0.0026546985880109616,0.0,0.0,0.99158205691033
2018-03-27,0.00698866978124511,0.00698866978124511,0.0,0.0,0.998511896467084
2018-03-28,-0.004285811917219103,-0.004285811917219103,0.0,0.0,0.9942324622817204
2018-03-29,-0.001337155283383783,-0.001337155283383783,0.0,0.0,0.9929030190918687
2018-03-30,0.006267366233801174,0.006267366233801174,0.0,0.0,0.9991259059471642
2018-03-31,0.0018541256131515416,0.0018541256131515416,0.0,0.0,1.000978410880144
2018-04-02,-0.0023500008057589106,-0.0023500008057589106,0.0,0.0,0.9986261108080284
2018-04-03,-0.005170618343754806,-0.005170618343754806,0.0,0.0,0.9934625963209319
2018-04-09,0.008393671249644586,0.008393671249644586,0.0,0.0,1.0018013947532682
2018-04-10,0.004650314264843783,0.004650314264843783,0.0,0.0,1.0064600860698296
2018-04-11,0.001555445755191739,0.001555445755191739,0.0,0.0,1.008025580138477
2018-04-12,0.0010671818425533977,0.0010671818425533977,0.0,0.0,1.0091013267344302
2018-04-13,-0.0006262754983921424,-0.0006262754983921424,0.0,0.0,1.0084693512981016
2018-04-16,-0.0013745083949020032,-0.0013745083949020032,0.0,0.0,1.007083201708741
2018-04-17,-0.007915585987083164,-0.007915585987083164,0.0,0.0,0.9991115480294684
2018-04-18,0.004311185731549525,0.004311185731549525,0.0,0.0,1.0034189034795593
2018-04-19,0.008324431189158845,0.008324431189158845,0.0,0.0,1.011771795095476
2018-04-20,-0.0027621475059168067,-0.0027621475059168067,0.0,0.0,1.0089771321550962
2018-04-23,-0.0008053316337491724,-0.0008053316337491724,0.0,0.0,1.0081645709528422
2018-04-24,-0.011069330700877539,-0.011069330700877539,0.0,0.0,0.9970048639160568
2018-04-25,0.0007689834204991777,0.0007689834204991777,0.0,0.0,0.9977715441265652
2018-04-26,-0.0025819489222508865,-0.0025819489222508865,0.0,0.0,0.9951953489635551
2018-04-27,0.004641530854886397,0.004641530854886397,0.0,0.0,0.9998145788824089
2018-04-30,0.008861409364329982,0.008861409364329982,0.0,0.0,1.0086743451543112
2018-05-02,0.0008621354127041749,0.0008621354127041749,0.0,0.0,1.0095439590271549
2018-05-03,-0.007299111730590518,-0.007299111730590518,0.0,0.0,1.002175184873273
2018-05-04,-0.0007387528946151361,-0.0007387528946151361,0.0,0.0,1.0014348250545364
2018-05-07,0.0023287431967162287,0.0023287431967162287,0.0,0.0,1.003766909590337
2018-05-08,0.004847794636596951,0.004847794636596951,0.0,0.0,1.0086329654310426
2018-05-09,-0.0016800506376422981,-0.0016800506376422981,0.0,0.0,1.0069384109743231
2018-05-10,0.0024414774662663563,0.0024414774662663563,0.0,0.0,1.009396828414635
2018-05-11,0.005603934364426634,0.005603934364426634,0.0,0.0,1.0150534219887313
2018-05-14,0.004100217992499697,0.004100217992499697,0.0,0.0,1.0192153622929179
2018-05-15,-0.002105896010037434,-0.002105896010037434,0.0,0.0,1.0170690007280965
2018-05-16,0.005543233187574282,0.005543233187574282,0.0,0.0,1.0227068513669855
2018-05-17,0.00017221868592176597,0.00017221868592176597,0.0,0.0,1.0228829805970112
2018-05-18,0.0034378361003237394,0.0034378361003237394,0.0,0.0,1.0263994846341145
2018-05-21,0.0078484604098276,0.0078484604098276,0.0,0.0,1.0344551403539328
2018-05-22,-0.0031714040015423067,-0.0031714040015423067,0.0,0.0,1.0311744651823984
2018-05-23,-0.001384712413476794,-0.001384712413476794,0.0,0.0,1.0297465851
2018-05-24,0.004360044780542632,0.004360044780542632,0.0,0.0,1.0342363263236467
2018-05-25,0.0009022136847407323,0.0009022136847407323,0.0,0.0,1.035169428490512
2018-05-28,0.003723899597689507,0.003723899597689507,0.0,0.0,1.0390242955088083
2018-05-29,-0.0016686106884690765,-0.0016686106884690765,0.0,0.0,1.0372905684637432
2018-05-30,-0.012195931582684559,-0.012195931582684559,0.0,0.0,1.0246398436593955
2018-05-31,0.007864578887280585,0.007864578887280585,0.0,0.0,1.0326982045409057
2018-06-01,0.004522917546874232,0.004522917546874232,0.0,0.0,1.037369013370849
2018-06-04,0.008244437408742254,0.008244437408742254,0.0,0.0,1.0459215372713537
2018-06-05,0.0018485780056699608,0.0018485780056699608,0.0,0.0,1.0478550048208102
2018-06-06,0.0062651475346953535,0.0062651475346953535,0.0,0.0,1.0544199710209814
2018-06-07,0.004208703118545392,0.004208703118545392,0.0,0.0,1.0588577116412738
2018-06-08,-0.004259088593687048,-0.004259088593687048,0.0,0.0,1.054347942839285
2018-06-11,0.000277983396974842,0.000277983396974842,0.0,0.0,1.054641034062029
2018-06-12,-0.0017179429406862816,-0.0017179429406862816,0.0,0.0,1.052829220942604
2018-06-13,-0.002375121760634316,-0.002375121760634316,0.0,0.0,1.0503286233497116
2018-06-14,-0.01038463475375108,-0.01038463475375108,0.0,0.0,1.0394213442248146
2018-06-15,0.0012196873039648482,0.0012196873039648482,0.0,0.0,1.0406891132418357
2018-06-19,-0.01031467750521194,-0.01031467750521194,0.0,0.0,1.0299547406555611
2018-06-20,0.0033492581430076664,0.0033492581430076664,0.0,0.0,1.0334043249576312
2018-06-21,0.003080393961301213,0.003080393961301213,0.0,0.0,1.0365876173998132
2018-06-22,-0.001985539064402437,-0.001985539064402437,0.0,0.0,1.03452943219179
2018-06-25,-0.0026192113807177618,-0.0026192113807177618,0.0,0.0,1.0318197809293057
2018-06-26,-0.0025208331458221444,-0.0025208331458221444,0.0,0.0,1.0292187354250242
2018-06-27,-0.0038164001371965165,-0.0038164001371965165,0.0,0.0,1.0252908249019428
2018-06-28,-0.005043361872726349,-0.005043361872726349,0.0,0.0,1.0201199122471762
2018-06-29,0.012666276803530503,0.012666276803530503,0.0,0.0,1.0330410334284923
2018-07-02,-0.005739832564828823,-0.005739832564828823,0.0,0.0,1.027111550864015
2018-07-03,-0.006829308401932701,-0.006829308401932701,0.0,0.0,1.0200970893199772
2018-07-04,0.0019351013621111855,0.0019351013621111855,0.0,0.0,1.022071080587006
2018-07-05,-0.007014786625433738,-0.007014786625433738,0.0,0.0,1.0149014700406616
2018-07-06,-0.002520838888271418,-0.002520838888271418,0.0,0.0,1.0123430669472193
2018-07-09,0.009023495294112165,0.009023495294112165,0.0,0.0,1.0214779398478446
2018-07-10,0.002637683681901725,0.002637683681901725,0.0,0.0,1.024172275541204
2018-07-11,-0.007232901312234819,-0.007232901312234819,0.0,0.0,1.0167645385454873
2018-07-12,0.004845900468229051,0.004845900468229051,0.0,0.0,1.0216916782989036
2018-07-13,0.005958597699004572,0.005958597699004572,0.0,0.0,1.0277795279823077
2018-07-16,-0.00355770778147724,-0.00355770778147724,0.0,0.0,1.024122988757962
2018-07-17,-2.3696308335310326e-06,-2.3696308335310326e-06,0.0,0.0,1.0241205619645504
2018-07-18,0.003503676371109727,0.003503676371109727,0.0,0.0,1.0277087489786734
2018-07-19,-0.004184152123833792,-0.004184152123833792,0.0,0.0,1.0234086592339517
2018-07-20,-6.843418447304229e-05,-6.843418447304229e-05,0.0,0.0,1.0233386230969745
2018-07-23,-0.0022064575686175716,-0.0022064575686175716,0.0,0.0,1.0210806698467836
2018-07-24,0.005818538133686584,0.005818538133686584,0.0,0.0,1.0270218666618574
2018-07-25,-0.0009070992577475242,-0.0009070992577475242,0.0,0.0,1.0260902558889178
2018-07-26,0.0030934828648951527,0.0030934828648951527,0.0,0.0,1.029264448513346
2018-07-27,0.0010988165161480096,0.0010988165161480096,0.0,0.0,1.0303954212888564
2018-07-30,-0.0025505710231916406,-0.0025505710231916406,0.0,0.0,1.0277673245848877
2018-07-31,0.005776963056392017,0.005776963056392017,0.0,0.0,1.0337046984495815
2018-08-01,0.002369654299770165,0.002369654299770165,0.0,0.0,1.036154221232955
2018-08-02,-0.012032868335995076,-0.012032868335995076,0.0,0.0,1.0236863139130734
2018-08-03,0.006121177826931473,0.006121177826931473,0.0,0.0,1.0299524798795312
2018-08-06,0.0028160366539175643,0.0028160366539175643,0.0,0.0,1.0328528638146652
2018-08-07,0.0010851260008001664,0.0010851260008001664,0.0,0.0,1.0339736393121914
2018-08-08,0.0034321310747665095,0.0034321310747665095,0.0,0.0,1.037522372370164
2018-08-09,-0.005224368653158197,-0.005224368653158197,0.0,0.0,1.032101973011003
2018-08-10,-0.003052220902642553,-0.003052220902642553,0.0,0.0,1.0289517697953203
2018-08-13,-0.016667845945845628,-0.016667845945845628,0.0,0.0,1.0118013602106668
2018-08-14,0.006191096423690954,0.006191096423690954,0.0,0.0,1.0180655199933526
2018-08-15,-0.011585243150098824,-0.011585243150098824,0.0,0.0,1.0062709834014978
2018-08-16,-0.005655627889650773,-0.005655627889650773,0.0,0.0,1.000579889163226
2018-08-17,0.0005629058460242588,0.0005629058460242588,0.0,0.0,1.0011431214322504
2018-08-20,0.0018290924763057835,0.0018290924763057835,0.0,0.0,1.0029743047833675
2018-08-21,0.007017723727018826,0.007017723727018826,0.0,0.0,1.010012901359636
2018-08-22,0.0013504690381232808,0.0013504690381232808,0.0,0.0,1.0113768925110271
2018-08-23,0.003970722449778062,0.003970722449778062,0.0,0.0,1.0153927894433075
2018-08-24,-0.007490501905977475,-0.007490501905977475,0.0,0.0,1.0077869878186667
2018-08-27,0.007509421623473414,0.007509421623473414,0.0,0.0,1.0153548852168475
2018-08-28,0.004489723331651674,0.004489723331651674,0.0,0.0,1.019913547734912
2018-08-29,0.0016277101221966828,0.0016277101221966828,0.0,0.0,1.0215736713403256
2018-08-30,-0.0030602779315391845,-0.0030602779315391845,0.0,0.0,1.0184473719784815
2018-08-31,0.0038066496256431953,0.0038066496256431953,0.0,0.0,1.0223242442857607
2018-09-03,-0.010489771771965003,-0.010489771771965003,0.0,0.0,1.0116002962862565
2018-09-04,0.001950796443302585,0.001950796443302585,0.0,0.0,1.0135737225462955
2018-09-05,-0.0118762221906787,-0.0118762221906787,0.0,0.0,1.0015362958107024
2018-09-06,-0.004054715568249334,-0.004054715568249334,0.0,0.0,0.9974753509999119
2018-09-07,-0.008913700074707386,-0.008913700074707386,0.0,0.0,0.9885841548891853
2018-09-10,-0.010329091208058206,-0.010329091208058206,0.0,0.0,0.9783729789864937
2018-09-11,0.006719925313890873,0.006719925313890873,0.0,0.0,0.9849475723344118
2018-09-12,-0.0010036248881562244,-0.0010036248881562244,0.0,0.0,0.9839590544372879
2018-09-13,0.005684190430277361,0.005684190430277361,0.0,0.0,0.9895520650783051
2018-09-14,0.005986605565321105,0.005986605565321105,0.0,0.0,0.9954761229782778
2018-09-17,-0.0005106002186511734,-0.0005106002186511734,0.0,0.0,0.9949678326522231
2018-09-18,0.0010375770728199662,0.0010375770728199662,0.0,0.0,0.9960001884635764
2018-09-19,0.007012160433107344,0.007012160433107344,0.0,0.0,1.002984301576488
2018-09-20,-0.0040232893487912175,-0.0040232893487912175,0.0,0.0,0.9989490055189506
2018-09-21,0.01274446102879948,0.01274446102879948,0.0,0.0,1.011680072189545
2018-09-25,0.0006251268435847434,0.0006251268435847434,0.0,0.0,1.0123125005597904
2018-09-26,-0.002236029980784354,-0.002236029980784354,0.0,0.0,1.0100489394586158
2018-09-27,0.004966912600834978,0.004966912600834978,0.0,0.0,1.0150657642634728
2018-09-28,-0.0014348754381742967,-0.0014348754381742967,0.0,0.0,1.0136092713301996
2018-10-01,0.0020141397054235536,0.0020141397054235536,0.0,0.0,1.0156508220093714
2018-10-02,-0.00871635858694757,-0.00871635858694757,0.0,0.0,1.0067980452456098
2018-10-03,-0.0031563759108989052,-0.0031563759108989052,0.0,0.0,1.0036202121484565
2018-10-04,-0.007081079918274627,-0.007081079918274627,0.0,0.0,0.9965134972186376
2018-10-05,-0.013054041429518059,-0.013054041429518059,0.0,0.0,0.9835049687408716
2018-10-08,-0.00019729176157785042,-0.00019729176157785042,0.0,0.0,0.983310931313068
2018-10-09,0.0026742103874728075,0.0026742103874728075,0.0,0.0,0.985940511619701
2018-10-11,-0.05377392676337063,-0.05377392676337063,0.0,0.0,0.932922618754823
2018-10-12,0.015576882261050595,0.015576882261050595,0.0,0.0,0.9474546445458379
2018-10-15,-0.012562981620736864,-0.012562981620736864,0.0,0.0,0.9355517892599268
2018-10-16,0.0013593448781578075,0.0013593448781578075,0.0,0.0,0.9368235267929085
2018-10-17,-0.0006953969366395653,-0.0006953969366395653,0.0,0.0,0.9361720625822049
2018-10-18,-9.940968713373984e-05,-9.940968713373984e-05,0.0,0.0,0.9360789980103602
2018-10-19,-0.004216765607095174,-0.004216765607095174,0.0,0.0,0.9321317722860261
2018-10-22,0.004089214662430547,0.004089214662430547,0.0,0.0,0.9359434591965754
2018-10-23,-0.012565765551424489,-0.012565765551424489,0.0,0.0,0.9241826131189219
2018-10-24,-0.0036633557831657615,-0.0036633557831657615,0.0,0.0,0.9207970033984514
2018-10-25,-0.01859691683416775,-0.01859691683416775,0.0,0.0,0.9036730181050995
2018-10-26,-0.0005909011393376762,-0.0005909011393376762,0.0,0.0,0.9031390366891124
2018-10-29,0.00034928542224043604,0.00034928542224043604,0.0,0.0,0.9034544899888842
2018-10-30,0.003870341035983426,0.003870341035983426,0.0,0.0,0.9069511669756317
2018-10-31,0.020185194040448842,0.020185194040448842,0.0,0.0,0.9252581522662464
2018-11-01,0.00236075121426217,0.00236075121426217,0.0,0.0,0.9274424565727151
2018-11-02,0.01008034264189234,0.01008034264189234,0.0,0.0,0.9367913943156063
2018-11-05,0.0011324926673883858,0.0011324926673883858,0.0,0.0,0.9378523037005413
2018-11-06,-0.004234131504981501,-0.004234131504981501,0.0,0.0,0.9338813137144233
2018-11-07,0.010643874432318911,0.010643874432318911,0.0,0.0,0.9438214291522887
2018-11-08,0.004561172881430627,0.004561172881430627,0.0,0.0,0.9481263618598512
2018-11-09,-0.00603465531487148,-0.00603465531487148,0.0,0.0,0.9424047460710839
2018-11-12,-0.00035692002781221536,-0.00035692002781221536,0.0,0.0,0.942068382942906
2018-11-13,-0.0007923755997384545,-0.0007923755997384545,0.0,0.0,0.9413219109429769
2018-11-14,0.004724264076976708,0.004724264076976708,0.0,0.0,0.9457689642317159
2018-11-15,0.0004931015746284918,0.0004931015746284918,0.0,0.0,0.9462353243972134
2018-11-16,0.0013991124968455414,0.0013991124968455414,0.0,0.0,0.9475592140645342
2018-11-19,0.007116094402599993,0.007116094402599993,0.0,0.0,0.9543021348838711
2018-11-20,-0.004996863448551594,-0.004996863448551594,0.0,0.0,0.9495336174271951
2018-11-21,0.0005770637852353473,0.0005770637852353473,0.0,0.0,0.9500815588906759
2018-11-22,-0.003092637815972811,-0.003092637815972811,0.0,0.0,0.9471433007333923
2018-11-23,-0.0045289564510404565,-0.0045289564510404565,0.0,0.0,0.942853729971476
2018-11-26,0.004951705030693567,0.004951705030693567,0.0,0.0,0.9475224635293839
2018-11-27,0.00027693698958026385,0.00027693698958026385,0.0,0.0,0.9477848675479934
2018-11-28,0.00862504072960632,0.00862504072960632,0.0,0.0,0.9559595506334992
2018-11-29,-0.0023971802814396507,-0.0023971802814396507,0.0,0.0,0.9536679432488667
2018-11-30,0.003887425963122672,0.003887425963122672,0.0,0.0,0.9573752567716503
2018-12-03,0.013640083462815943,0.013640083462815943,0.0,0.0,0.9704339351792504
2018-12-04,-0.0007531801586128051,-0.0007531801586128051,0.0,0.0,0.9697030235940288
2018-12-05,-0.010022530835059128,-0.010022530835059128,0.0,0.0,0.9599841451392076
2018-12-06,-0.015417418937850393,-0.015417418937850393,0.0,0.0,0.9451836673999022
2018-12-07,0.005862422524926813,0.005862422524926813,0.0,0.0,0.9507247334218604
2018-12-10,-0.01132997023667387,-0.01132997023667387,0.0,0.0,0.9399530504889211
2018-12-11,0.000368544242246337,0.000368544242246337,0.0,0.0,0.9402994647736607
2018-12-12,0.0055834770422450684,0.0055834770422450684,0.0,0.0,0.9455496052480598
2018-12-13,0.004742998072313067,0.004742998072313067,0.0,0.0,0.9500343452030277
2018-12-14,-0.003450661605699443,-0.003450661605699443,0.0,0.0,0.9467560981639398
2018-12-17,-0.0008013845600751936,-0.0008013845600751936,0.0,0.0,0.9459973824447142
2018-12-18,-0.00975020750603317,-0.00975020750603317,0.0,0.0,0.936773711665714
2018-12-19,0.004823285501858666,0.004823285501858666,0.0,0.0,0.9412920387277135
2018-12-20,-0.0067144446227745715,-0.0067144446227745715,0.0,0.0,0.9349717854598176
2018-12-21,-0.0021853090001630695,-0.0021853090001630695,0.0,0.0,0.9329285832021537
2018-12-22,2.7434109772809883e-05,2.7434109772809883e-05,0.0,0.0,0.9329541772673154
2018-12-24,0.005786253763673364,0.005786253763673364,0.0,0.0,0.9383524868868631
2018-12-25,-0.01081038952362817,-0.01081038952362817,0.0,0.0,0.928208530993151
2018-12-26,-0.005287786303135658,-0.005287786303135658,0.0,0.0,0.9233003626365118
2018-12-27,0.010181878108095758,0.010181878108095758,0.0,0.0,0.9327012943860374
2018-12-28,0.0074223697152819915,0.0074223697152819915,0.0,0.0,0.9396241482268927
2019-01-02,-0.010052862607036554,-0.010052862607036554,0.0,0.0,0.930178235762514
2019-01-03,-0.0008959815967627864,-0.0008959815967627864,0.0,0.0,0.9293448131815616
2019-01-04,-0.0031405901008094025,-0.0031405901008094025,0.0,0.0,0.926426122061045
2019-01-07,0.01686874216153518,0.01686874216153518,0.0,0.0,0.9420537654458038
2019-01-08,-0.003324447076482624,-0.003324447076482624,0.0,0.0,0.938921957559378
2019-01-09,0.014216314499946668,0.014216314499946668,0.0,0.0,0.9522699673989478
2019-01-10,-0.0013039717368777915,-0.0013039717368777915,0.0,0.0,0.951028234275582
2019-01-11,-0.0018594552896824754,-0.0018594552896824754,0.0,0.0,0.949259839794721
2019-01-14,-0.005596014394908132,-0.005596014394908132,0.0,0.0,0.9439477680667215
2019-01-15,0.0071450957623347125,0.0071450957623347125,0.0,0.0,0.9506923652642003
2019-01-16,-0.002848216659268111,-0.002848216659268111,0.0,0.0,0.9479845874316157
2019-01-17,0.0011201554931400616,0.0011201554931400616,0.0,0.0,0.9490464775746394
2019-01-18,0.0045640255893003995,0.0045640255893003995,0.0,0.0,0.9533779499837256
2019-01-21,0.0018310408224103498,0.0018310408224103498,0.0,0.0,0.9551236239293316
2019-01-22,-0.001314732686059114,-0.001314732686059114,0.0,0.0,0.9538678916817245
2019-01-23,0.00024822352923662214,0.00024822352923662214,0.0,0.0,0.9541046641362233
2019-01-24,0.0012229969962890312,0.0012229969962890312,0.0,0.0,0.9552715312746074
2019-01-25,0.00558747810400897,0.00558747810400897,0.0,0.0,0.9606090900389874
2019-01-28,0.0017849640946197207,0.0017849640946197207,0.0,0.0,0.9623237427736723
2019-01-29,-0.0006913834690911082,-0.0006913834690911082,0.0,0.0,0.9616584080460047
2019-01-30,0.00010380332326359555,0.00010380332326359555,0.0,0.0,0.9617582313846043
2019-02-11,-0.0020707602805132776,-0.0020707602805132776,0.0,0.0,0.9597666606395964
2019-02-12,0.005484519801054865,0.005484519801054865,0.0,0.0,0.9650305198942666
2019-02-13,0.00276563561808894,0.00276563561808894,0.0,0.0,0.9676994426726291
2019-02-14,-0.0007515944974072682,-0.0007515944974072682,0.0,0.0,0.9669721250963723
2019-02-15,-0.0025005659290282013,-0.0025005659290282013,0.0,0.0,0.9645541475460363
2019-02-18,0.006447541558312417,0.006447541558312417,0.0,0.0,0.9707731504975821
2019-02-19,0.0003991621119407546,0.0003991621119407546,0.0,0.0,0.9711606463585502
2019-02-20,0.006351877019381521,0.005817007973966142,0.3565793636102527,0.0005348690454153791,0.9768098955824199
2019-02-21,0.003106092649157839,0.003106092649157839,0.0,0.0,0.979843957618713
2019-02-22,0.0019330126805137695,0.0019330126805137695,0.0,0.0,0.9817380084137147
2019-02-25,0.003050735643756287,0.003050735643756287,0.0,0.0,0.9847330315488129
2019-02-26,0.00033348468170840673,0.00033348468170840673,0.0,0.0,0.9850614249304067
2019-02-27,0.003512345503287666,0.003512345503287666,0.0,0.0,0.9885213009967232
2019-03-04,-0.0034374858101315587,-0.0034374858101315587,0.0,0.0,0.9851232730515341
2019-03-05,-0.0018075570638724347,-0.0018075570638724347,0.0,0.0,0.9833426065205446
2019-03-06,0.0031368485902572947,0.0031368485902572947,0.0,0.0,0.9864272033895485
2019-03-07,-0.0032203293845206277,-0.0032203293845206277,0.0,0.0,0.9832505828807826
2019-03-08,-0.0039883842769275766,-0.0039883842769275766,0.0,0.0,0.979329001715741
2019-03-11,-0.0009114475892734586,-0.0009114475892734586,0.0,0.0,0.9784363946580217
2019-03-12,0.007915932216424507,0.007915932216424507,0.0,0.0,0.9861816308362175
2019-03-13,-0.0003711438500786686,-0.0003711438500786686,0.0,0.0,0.9858156155888721
2019-03-14,-0.0032897204397509005,-0.0032897204397509005,0.0,0.0,0.9825725578084438
2019-03-15,0.005894035224021105,0.005894035224021105,0.0,0.0,0.9883638750743232
2019-03-18,0.00654509968920818,0.00654509968920818,0.0,0.0,0.9948328151658968
2019-03-19,0.0012070817360847281,0.0012070817360847281,0.0,0.0,0.9960336596875413
2019-03-20,0.0023662427706678756,0.0023662427706678756,0.0,0.0,0.9983905171341189
2019-03-21,0.0023701787951634053,0.0023701787951634053,0.0,0.0,1.0007568811671224
2019-03-22,-0.0023764331646109363,-0.0023764331646109363,0.0,0.0,0.9983786493250042
2019-03-25,-0.005332903304237637,-0.005332903304237637,0.0,0.0,0.9930543925271386
2019-03-26,0.004286281849309214,0.004286281849309214,0.0,0.0,0.9973109035452045
2019-03-27,-0.0028044391856493116,-0.0028044391856493116,0.0,0.0,0.994514005767027
2019-03-28,-0.0011408157781069583,-0.0011408157781069583,0.0,0.0,0.9933794484976995
2019-03-29,0.008411511237042464,0.008411511237042464,0.0,0.0,1.001735270891385
2019-04-01,-0.003971143524136579,-0.003971143524136579,0.0,0.0,0.9977572363574854
2019-04-02,0.00043492939089824554,0.00043492939089824554,0.0,0.0,0.9981911903045587
2019-04-03,0.0015819535420149183,0.0015819535420149183,0.0,0.0,0.9997702823936692
2019-04-08,0.003546201552296973,0.003546201552296973,0.0,0.0,1.0033156693210339
2019-04-09,0.003987665069386246,0.003987665069386246,0.0,0.0,1.0073165561691533
2019-04-10,0.00020776006142144798,0.00020776006142144798,0.0,0.0,1.0075258363187338
2019-04-11,-0.0025629902788372547,-0.0025629902788372547,0.0,0.0,1.0049435573945715
2019-04-12,0.0009744358536813205,0.0009744358536813205,0.0,0.0,1.0059228104278228
2019-04-15,0.002541901970224688,0.002541901970224688,0.0,0.0,1.0084797676015431
2019-04-16,0.0016789182629084853,0.0016789182629084853,0.0,0.0,1.0101729227011431
2019-04-17,0.0025946366079256447,0.0025946366079256447,0.0,0.0,1.0127939543467188
2019-04-18,-0.006290604377119124,-0.006290604377119124,0.0,0.0,1.0064228682643854
2019-04-19,0.0026703930877819545,0.0026703930877819545,0.0,0.0,1.0091104129351844
2019-04-22,0.0005341452130177272,0.0005341452130177272,0.0,0.0,1.00964942443166
2019-04-23,0.0030062912330269553,0.0030062912330269553,0.0,0.0,1.0126847246447597
2019-04-24,0.0014135255543037749,0.0014135255543037749,0.0,0.0,1.014116180381498
2019-04-25,3.648810772929225e-05,3.648810772929225e-05,0.0,0.0,1.0141531835619377
2019-04-26,-2.0026188143983318e-05,-2.0026188143983318e-05,0.0,0.0,1.0141328739394768
2019-04-29,0.004380527068894672,0.004380527068894672,0.0,0.0,1.0185753104452246
2019-04-30,0.0025774634811495186,0.0025774634811495186,0.0,0.0,1.0212006511106977
2019-05-02,0.003088134454684675,0.003088134454684675,0.0,0.0,1.024354256026539
2019-05-03,0.000163974841853717,0.000163974841853717,0.0,0.0,1.0245222243536733
2019-05-06,-0.014197588631606832,-0.014197588631606832,0.0,0.0,1.0099764792683612
2019-05-07,0.005299019368098334,0.005299019368098334,0.0,0.0,1.0153283641933282
2019-05-08,-0.004549655891709788,-0.004549655891709788,0.0,0.0,1.010708969519156
2019-05-09,-0.011326104096869207,-0.011326104096869207,0.0,0.0,0.9992615745187426
2019-05-10,-0.002151642825618105,-0.002151642825618105,0.0,0.0,0.9971115205210136
2019-05-13,-0.006243989114466702,-0.006243989114466702,0.0,0.0,0.9908855670409711
2019-05-14,-0.004193596422800824,-0.004193596422800824,0.0,0.0,0.9867301928716231
2019-05-15,0.002290702271033986,0.002290702271033986,0.0,0.0,0.9889904979653319
2019-05-16,-0.006788518201965847,-0.006788518201965847,0.0,0.0,0.982276717968323
2019-05-17,-0.0005099215530895918,-0.0005099215530895918,0.0,0.0,0.9817758338987329
2019-05-20,0.009233068734497469,0.009233068734497469,0.0,0.0,0.9908406376549885
2019-05-21,0.010485384661165784,0.010485384661165784,0.0,0.0,1.001229982878716
2019-05-22,-0.0042817860446672145,-0.0042817860446672145,0.0,0.0,0.9969429303105234
2019-05-23,-0.003339489690682066,-0.003339489690682066,0.0,0.0,0.993613649672553
2019-05-24,0.0019127879113407234,0.0019127879113407234,0.0,0.0,0.9955142218501898
2019-05-27,0.0029763530091543224,0.0029763530091543224,0.0,0.0,0.9984772236000494
2019-05-28,-0.0008672218646972815,-0.0008672218646972815,0.0,0.0,0.9976113223203412
2019-05-29,-0.0006871955743989918,-0.0006871955743989918,0.0,0.0,0.9969257682346724
2019-05-30,0.007709557334569262,0.007709557334569262,0.0,0.0,1.004611624603187
2019-05-31,0.009123716303248692,0.009123716303248692,0.0,0.0,1.0137774160610125
2019-06-03,-0.0010108634861994217,-0.0010108634861994217,0.0,0.0,1.0127526254879828
2019-06-04,0.0002957498063522634,0.0002957498063522634,0.0,0.0,1.0130521468808538
2019-06-05,0.0015135209396255627,0.0015135209396255627,0.0,0.0,1.0145854225180906
2019-06-06,0.004340070442266124,0.004340070442266124,0.0,0.0,1.0189887947215153
2019-06-10,0.00498412174558775,0.00498412174558775,0.0,0.0,1.024067558931797
2019-06-11,-0.00476795736201799,-0.00476795736201799,0.0,0.0,1.0191848484749844
2019-06-12,-0.004967719845772315,-0.004967719845772315,0.0,0.0,1.0141218236767047
2019-06-13,-0.0007014366542026965,-0.0007014366542026965,0.0,0.0,1.013410481457751
2019-06-14,0.0008421653449752083,0.0008421653449752083,0.0,0.0,1.0142639406454694
2019-06-17,0.0017213039899555906,0.0017213039899555906,0.0,0.0,1.0160097972133704
2019-06-18,0.001515354270366676,0.001515354270366676,0.0,0.0,1.0175494119983122
2019-06-19,0.012790838593665164,0.012790838593665164,0.0,0.0,1.0305647222882615
2019-06-20,0.0016544164623325153,0.0016544164623325153,0.0,0.0,1.0322697055303143
2019-06-21,-0.003094104936004369,-0.003094104936004369,0.0,0.0,1.0290757547391451
2019-06-24,0.004654662444571778,0.004654662444571778,0.0,0.0,1.033865755007349
2019-06-25,-0.0021695075437558695,-0.0021695075437558695,0.0,0.0,1.0316227754526295
2019-06-26,-0.000993897529723174,-0.000993897529723174,0.0,0.0,1.030597448124501
2019-06-27,0.004182133480553688,0.004182133480553688,0.0,0.0,1.0349075442172757
2019-06-28,-0.003686322873609223,-0.003686322873609223,0.0,0.0,1.0310925408649567
2019-07-01,0.0015089406668271192,0.0015089406668271192,0.0,0.0,1.03264839833113
2019-07-02,-0.0021403045286789756,-0.0021403045286789756,0.0,0.0,1.0304382162876489
2019-07-03,-0.0030482134645380197,-0.0030482134645380197,0.0,0.0,1.0272972206423863
2019-07-04,0.001171177078343471,0.001171177078343471,0.0,0.0,1.0285003675998488
2019-07-05,0.0016481536343631081,0.0016481536343631081,0.0,0.0,1.0301954942186522
2019-07-08,-0.0034186000193505654,-0.0034186000193505654,0.0,0.0,1.0266736678821815
2019-07-09,-0.00584509383427768,-0.00584509383427768,0.0,0.0,1.020672663956228
2019-07-10,0.004765950900420463,0.004765950900420463,0.0,0.0,1.0255371397580448
2019-07-11,0.0021807203098749696,0.0021807203098749696,0.0,0.0,1.0277735494272462
2019-07-12,-0.0011266208660153235,-0.0011266208660153235,0.0,0.0,1.0266156383009228
2019-07-15,-0.002436053760982812,-0.002436053760982812,0.0,0.0,1.024114747414156
2019-07-16,-0.0019953710031537517,-0.0019953710031537517,0.0,0.0,1.0220712585432639
2019-07-17,0.002526157139256667,0.002526157139256667,0.0,0.0,1.024653171149862
2019-07-18,-0.0031654708772789167,-0.0031654708772789167,0.0,0.0,1.0214096613772756
2019-07-19,0.0014370772009300852,0.0014370772009300852,0.0,0.0,1.0228775059144506
2019-07-22,-0.0010236145010529057,-0.0010236145010529057,0.0,0.0,1.0218304736665957
2019-07-23,-0.0014500820378264875,-0.0014500820378264875,0.0,0.0,1.0203487356510281
2019-07-24,-0.0037295956748267306,-0.0037295956748267306,0.0,0.0,1.0165432474197291
2019-07-25,-0.003076418602928969,-0.003076418602928969,0.0,0.0,1.0134159348626852
2019-07-26,-0.00155145545915812,-0.00155145545915812,0.0,0.0,1.0118436651781446
2019-07-29,-0.00023120606720249056,-0.00023120606720249056,0.0,0.0,1.011609720783695
2019-07-30,-0.0020083953585380253,-0.0020083953585380253,0.0,0.0,1.009578008515821
2019-07-31,-0.0011743396591975806,-0.0011743396591975806,0.0,0.0,1.0083924210213673
2019-08-01,-0.009802359125937549,-0.009802359125937549,0.0,0.0,0.9985077963706422
2019-08-02,-0.011999501438657932,-0.011999501438657932,0.0,0.0,0.9865262006315816
2019-08-05,-0.0056486755812808235,-0.0056486755812808235,0.0,0.0,0.9809536341717803
2019-08-06,-0.008560257102017308,-0.008560257102017308,0.0,0.0,0.9725564188581115
2019-08-07,-0.0017612746672317709,-0.0017612746672317709,0.0,0.0,0.9708434798751231
2019-08-08,0.006528108728217363,0.006528108728217363,0.0,0.0,0.9771812516698288
2019-08-12,-0.0035120970060231126,-0.0035120970060231126,0.0,0.0,0.9737492963214973
2019-08-13,-0.008389481148511905,-0.008389481148511905,0.0,0.0,0.9655800449566314
2019-08-14,0.0006088537382829111,0.0006088537382829111,0.0,0.0,0.9661679419766146
2019-08-15,-0.010168150920662561,-0.010168150920662561,0.0,0.0,0.9563438005278904
2019-08-16,0.011647831333403915,0.011647831333403915,0.0,0.0,0.9674831318131857
2019-08-19,0.004922647028445145,0.004922647028445145,0.0,0.0,0.9722457097770767
2019-08-20,-0.0018558637805476817,-0.0018558637805476817,0.0,0.0,0.9704413541785085
2019-08-21,-0.00017680586259025046,-0.00017680586259025046,0.0,0.0,0.9702697744577897
2019-08-22,0.0012308797551002842,0.0012308797551002842,0.0,0.0,0.9714640598801556
2019-08-23,0.0025311880795545853,0.0025311880795545853,0.0,0.0,0.97392301812824
2019-08-26,-0.01153462454605773,-0.01153462454605773,0.0,0.0,0.9626891817773674
2019-08-27,-0.001210595774302834,-0.001210595774302834,0.0,0.0,0.9615237543219407
2019-08-28,0.0026935631945123346,0.0026935631945123346,0.0,0.0,0.9641136793172317
2019-08-29,0.0013230982390531566,0.0013230982390531566,0.0,0.0,0.9653892964285833
2019-08-30,0.013485741185588302,0.013485741185588302,0.0,0.0,0.9784082866235563
2019-09-02,0.0030031783376669777,0.0030031783376669777,0.0,0.0,0.981346621195338
2019-09-03,-0.00531844176412623,-0.00531844176412623,0.0,0.0,0.9761273863400886
2019-09-04,0.00709905205174261,0.00709905205174261,0.0,0.0,0.9830569654648483
2019-09-05,0.004294216098936712,0.004294216098936712,0.0,0.0,0.9872784245121194
2019-09-06,0.0028771270922853046,0.0028771270922853046,0.0,0.0,0.9901189500149121
2019-09-09,0.005390108080440454,0.005390108080440454,0.0,0.0,0.9954557981679847
2019-09-10,0.005100155112358191,0.005100155112358191,0.0,0.0,1.0005327771461376
2019-09-11,0.0027831012000119155,0.0027831012000119155,0.0,0.0,1.0033173611188644
2019-09-12,0.0005415373881855478,0.0005415373881855478,0.0,0.0,1.003860694982126
2019-09-16,0.0038150637054724643,0.0038150637054724643,0.0,0.0,1.0076904874849026
2019-09-17,-0.00028618395926579654,-0.00028618395926579654,0.0,0.0,1.0074021026314797
2019-09-18,0.0026381991377930998,0.0026381991377930998,0.0,0.0,1.010059829990053
2019-09-19,-0.0032302172729007294,-0.0032302172729007294,0.0,0.0,1.0067971172805559
2019-09-20,0.0040608321814893,0.0040608321814893,0.0,0.0,1.0108855514146393
2019-09-23,-0.004078326581702589,-0.004078326581702589,0.0,0.0,1.006762829999246
2019-09-24,-0.0014374736120277307,-0.0014374736120277307,0.0,0.0,1.0053156349975516
2019-09-25,-0.005111285279715084,-0.005111285279715084,0.0,0.0,1.0001771799909212
2019-09-26,-0.0022202338318700696,-0.0022202338318700696,0.0,0.0,0.9979565527780409
2019-09-27,-0.008125887875262468,-0.008125887875262468,0.0,0.0,0.9898472697257831
2019-10-01,0.009033267769245271,0.009033267769245271,0.0,0.0,0.9987888251638725
2019-10-02,-0.00372657759483635,-0.00372657759483635,0.0,0.0,0.9950667611060439
2019-10-03,-0.0062959493505949414,-0.0062959493505949414,0.0,0.0,0.9888018711776596
2019-10-04,0.0035398159425365284,0.0035398159425365284,0.0,0.0,0.9923020478052643
2019-10-07,0.0007550032989115331,0.0007550032989115331,0.0,0.0,0.9930512391248738
2019-10-08,0.001775187477415113,0.001775187477415113,0.0,0.0,0.9948140912489998
2019-10-09,-0.00980113393079864,-0.00980113393079864,0.0,0.0,0.9850637851044226
2019-10-14,0.010170577618502737,0.010170577618502737,0.0,0.0,0.9950824527900033
2019-10-15,0.0005006256741120019,0.0005006256741120019,0.0,0.0,0.9955806166137283
2019-10-16,0.004607290050467259,0.004607290050467259,0.0,0.0,1.0001675452830907
2019-10-17,0.0047525660830563185,0.0047525660830563185,0.0,0.0,1.0049209076361767
2019-10-18,-0.0007396204662147242,-0.0007396204662147242,0.0,0.0,1.004177647565962
2019-10-21,0.0038720059205662634,0.0038720059205662634,0.0,0.0,1.0080658293626379
2019-10-22,0.0034531625127446966,0.0034531625127446966,0.0,0.0,1.0115468444949718
2019-10-23,-0.004408656905557032,-0.004408656905557032,0.0,0.0,1.0070872815136946
2019-10-24,0.006178346246891013,0.006178346246891013,0.0,0.0,1.0133094154397264
2019-10-25,-0.0007282294507137157,-0.0007282294507137157,0.0,0.0,1.0125714936807177
2019-10-28,0.0006885646744045235,0.0006885646744045235,0.0,0.0,1.0132687146415753
2019-10-29,-0.00037326361494676504,-0.00037326361494676504,0.0,0.0,1.0128904982982359
2019-10-30,0.005750690677188701,0.005750690677188701,0.0,0.0,1.0187153182438125
2019-10-31,-0.0016078299963217704,-0.0016078299963217704,0.0,0.0,1.0170773971974276
2019-11-01,0.0023740615603015996,0.0023740615603015996,0.0,0.0,1.0194920015499656
2019-11-04,0.007246783408569683,0.007246783408569683,0.0,0.0,1.0268800392719672
2019-11-05,0.005217641317154083,0.005217641317154083,0.0,0.0,1.0322379309926335
2019-11-06,0.0025463659083857456,0.0025463659083857456,0.0,0.0,1.0348663864694558
2019-11-07,-0.0009156243279773514,-0.0009156243279773514,0.0,0.0,1.0339188376297985
2019-11-08,-0.0005559708645927969,-0.0005559708645927969,0.0,0.0,1.0333440088797228
2019-11-11,-0.008096590343399625,-0.008096590343399625,0.0,0.0,1.0249774457560175
2019-11-12,0.002973697800827865,0.002973697800827865,0.0,0.0,1.0280254189323603
2019-11-13,-0.006176175911652183,-0.006176175911652183,0.0,0.0,1.0216761531033842
2019-11-14,-0.0024910310227334574,-0.0024910310227334574,0.0,0.0,1.0191311261108167
2019-11-15,0.002890724701041356,0.002890724701041356,0.0,0.0,1.0220771536306654
2019-11-18,0.005548370850912361,0.005548370850912361,0.0,0.0,1.0277480167172532
2019-11-19,0.0002036540122660779,0.0002036540122660779,0.0,0.0,1.0279573217244562
2019-11-20,0.00038331229104543495,0.00038331229104543495,0.0,0.0,1.0283513504005435
2019-11-21,-0.0069491700758449355,-0.0069491700758449355,0.0,0.0,1.0212051619688853
2019-11-22,0.0030046669785174737,0.0030046669785174737,0.0,0.0,1.0242735433973449
2019-11-25,0.0018987679897868842,0.0018987679897868842,0.0,0.0,1.0262184012143334
2019-11-26,-0.00041561649215431773,-0.00041561649215431773,0.0,0.0,1.0257918879222365
2019-11-27,0.006408577882745717,0.006408577882745717,0.0,0.0,1.0323657551274747
2019-11-28,-0.0021738733762323875,-0.0021738733762323875,0.0,0.0,1.030121522697869
2019-11-29,-0.00615710081947197,-0.00615710081947197,0.0,0.0,1.0237789606263104
2019-12-02,-0.0019228375985807225,-0.0019228375985807225,0.0,0.0,1.0218103999481822
2019-12-03,0.0014908312050109307,0.0014908312050109307,0.0,0.0,1.0233337467780297
2019-12-04,-0.0006577425699741638,-0.0006577425699741638,0.0,0.0,1.0226606566094827
2019-12-05,0.00017155956680616516,0.00017155956680616516,0.0,0.0,1.0228361038287204
2019-12-06,-0.0009671721508466516,-0.0009671721508466516,0.0,0.0,1.0218468452342166
2019-12-09,0.0033071771357334216,0.0033071771357334216,0.0,0.0,1.0252262737569966
2019-12-10,0.000555104476796323,0.000555104476796323,0.0,0.0,1.0257953814512883
2019-12-11,0.001062530592361882,0.001062530592361882,0.0,0.0,1.026885320425584
2019-12-12,0.0033181518315688325,0.0033181518315688325,0.0,0.0,1.0302926818323652
2019-12-13,0.006016641114719424,0.006016641114719424,0.0,0.0,1.0364915831420722
2019-12-16,0.0007958533163828022,0.0007958533163828022,0.0,0.0,1.0373164784059188
2019-12-17,0.005953184473943893,0.005953184473943893,0.0,0.0,1.0434918147597312
2019-12-18,0.004346059635273089,0.004346059635273089,0.0,0.0,1.0480268924155964
2019-12-19,-0.002806388886505408,-0.002806388886505408,0.0,0.0,1.0450857213919624
2019-12-20,-0.000524544938402871,-0.000524544938402871,0.0,0.0,1.0445375269666093
2019-12-23,0.004553331602569473,0.004553331602569473,0.0,0.0,1.0492936526982162
2019-12-24,-0.0035665548048894953,-0.0035665548048894953,0.0,0.0,1.0455512893794452
2019-12-25,0.0015405944764656575,0.0015405944764656575,0.0,0.0,1.0471620599207248
2019-12-26,-0.0009840705280086174,-0.0009840705280086174,0.0,0.0,1.046131578599508
2019-12-27,0.002820881290372447,0.002820881290372447,0.0,0.0,1.0490825915968471
2019-12-30,-0.0018060941770226494,-0.0018060941770226494,0.0,0.0,1.0471878496369482
2019-12-31,-0.004785141399214945,-0.004785141399214945,0.0,0.0,1.0421769077048957
2020-01-02,0.002147303145491548,0.002147303145491548,0.0,0.0,1.044414777456969
2020-01-03,0.0015053731255678551,0.0015053731255678551,0.0,0.0,1.0459870113948986
2020-01-06,-0.009452253490664876,-0.009452253490664876,0.0,0.0,1.036100077015251
2020-01-07,-0.0022995662781043484,-0.0022995662781043484,0.0,0.0,1.0337174962174056
2020-01-08,-0.005780226739800535,-0.005780226739800535,0.0,0.0,1.0277423747043701
2020-01-09,0.006039993313476007,0.006039993313476007,0.0,0.0,1.0339499317755605
2020-01-10,0.0033886529901333362,0.0033886529901333362,0.0,0.0,1.03745362930352
2020-01-13,0.0077201532016504875,0.0077201532016504875,0.0,0.0,1.0454629302613514
2020-01-14,0.0023222284424505527,0.0023222284424505527,0.0,0.0,1.047890734013532
2020-01-15,-0.0029704886891103706,-0.0029704886891103706,0.0,0.0,1.0447779864407212
2020-01-16,0.0015643129057192852,0.0015643129057192852,0.0,0.0,1.0464123461285217
2020-01-17,0.004555585447597855,0.004555585447597855,0.0,0.0,1.0511793669847316
2020-01-20,0.003951496556310574,0.003951496556310574,0.0,0.0,1.0553330986334364
2020-01-30,-0.05103710620273407,-0.05103710620273407,0.0,0.0,1.0014719511992214
2020-01-31,0.007227330730033015,0.007227330730033015,0.0,0.0,1.0087099202073897
2020-02-03,-0.004730832629158757,-0.004730832629158757,0.0,0.0,1.0039378824035166
2020-02-04,0.010412586852513471,0.010412586852513471,0.0,0.0,1.0143914727985717
2020-02-05,0.00177228014507183,0.00177228014507183,0.0,0.0,1.0161892586651429
2020-02-06,0.01141946509719344,0.01141946509719344,0.0,0.0,1.0277935964366125
2020-02-07,-0.007960362742789896,-0.007960362742789896,0.0,0.0,1.0196119865842606
2020-02-10,-0.00032557310980131735,-0.00032557310980131735,0.0,0.0,1.0192800283389976
2020-02-11,0.0021711176222396155,0.0021711176222396155,0.0,0.0,1.0214930051705213
2020-02-12,0.0016867707857817435,0.0016867707857817435,0.0,0.0,1.0232160297295234
2020-02-13,0.003331990922661262,0.003331990922661262,0.0,0.0,1.0266253762525037
2020-02-14,0.0004406860798869397,0.0004406860798869397,0.0,0.0,1.0270777957650767
2020-02-17,-0.002332169173969521,-0.002332169173969521,0.0,0.0,1.024682476590525
2020-02-18,0.0016722720449592653,0.0016722720449592653,0.0,0.0,1.026396024451087
2020-02-19,0.009394108108462161,0.009394108108462161,0.0,0.0,1.0360380996668763
2020-02-20,-0.003903732216248827,-0.003903732216248827,0.0,0.0,1.0319936843599455
2020-02-21,-0.004568439073954329,-0.004568439073954329,0.0,0.0,1.0272790840882415
2020-02-24,-0.009530094633000134,-0.009530094633000134,0.0,0.0,1.017489017202379
2020-02-25,-0.003103042760589777,-0.003103042760589777,0.0,0.0,1.0143317052735694
2020-02-26,-0.006370810109571402,-0.006370810109571402,0.0,0.0,1.0078695905911537
2020-02-27,-0.006985882046516116,-0.006985882046516116,0.0,0.0,1.0008287325130134
2020-03-02,-0.01189818777946694,-0.01189818777946694,0.0,0.0,0.9889206843184877
2020-03-03,0.008352283229648254,0.008352283229648254,0.0,0.0,0.9971804299655733
2020-03-04,0.006697357903333626,0.006697357903333626,0.0,0.0,1.003858904199253
2020-03-05,0.009233347409339841,0.009233347409339841,0.0,0.0,1.0131278822116838
2020-03-06,-0.014485102237775507,-0.014928532395976624,0.2956201054674114,0.0004434301582011171,0.9980033698008196
2020-03-09,-0.02249886659548708,-0.02249886659548708,0.0,0.0,0.9755494251218244
2020-03-10,-0.00039199655865589827,-0.00039199655865589827,0.0,0.0,0.9751670131043779
2020-03-11,-0.0027465548327239245,-0.0027465548327239245,0.0,0.0,0.9724886634318232
2020-03-12,-0.038028563153503434,-0.038028563153503434,0.0,0.0,0.9355063168784399
2020-03-13,-0.027284571087699223,-0.027284571087699223,0.0,0.0,0.9099814282725784
2020-03-16,-0.03418998640653015,-0.03418998640653015,0.0,0.0,0.8788691756097441
2020-03-17,-0.033818171631993736,-0.033818171631993736,0.0,0.0,0.8491474269869049
2020-03-18,-0.019553892910310667,-0.019553892910310667,0.0,0.0,0.8325432891345372
2020-03-19,-0.06637618958661531,-0.06637618958661531,0.0,0.0,0.7772822379358789
2020-03-20,0.057608796231092746,0.057608796231092746,0.0,0.0,0.8220605319951747
2020-03-23,-0.03845680783936128,-0.03845680783936128,0.0,0.0,0.7904467080839132
2020-03-24,0.03893303966272076,0.03893303966272076,0.0,0.0,0.8212212011210112
2020-03-25,0.039844144684102106,0.039844144684102106,0.0,0.0,0.8539420574761287
2020-03-26,0.002365801113569133,0.002365801113569133,0.0,0.0,0.8559623145466293
2020-03-27,0.01083652092207139,0.01083652092207139,0.0,0.0,0.8652379680767185
2020-03-30,-0.009075703615561533,-0.009075703615561533,0.0,0.0,0.8573853247215235
2020-03-31,-0.0010071581476306614,-0.0010071581476306614,0.0,0.0,0.8565218021060713
2020-04-01,-0.0026470729461047365,-0.0026470729461047365,0.0,0.0,0.8542545264159674
2020-04-06,0.013845918911911378,0.013845918911911378,0.0,0.0,0.8660824653188561
2020-04-07,0.008755027832573245,0.008755027832573245,0.0,0.0,0.8736650414080264
2020-04-08,0.010343759558520814,0.010343759558520814,0.0,0.0,0.882702022531036
2020-04-09,0.005830314695183364,0.005830314695183364,0.0,0.0,0.8878484531044669
2020-04-10,0.015832736602694183,0.015832736602694183,0.0,0.0,0.9019055238055794
2020-04-13,-0.007847274525466293,-0.007847274525466293,0.0,0.0,0.8948280235642425
2020-04-14,0.02072925113862239,0.02072925113862239,0.0,0.0,0.9133771383905828
2020-04-15,0.014467055764793273,0.014467055764793273,0.0,0.0,0.9265910163859666
2020-04-16,-0.012341726941065924,-0.012341726941065924,0.0,0.0,0.9151552830756863
2020-04-17,0.0033615355848921114,0.0033615355848921114,0.0,0.0,0.9182316101254473
2020-04-20,-0.002887845790250575,-0.002887845790250575,0.0,0.0,0.9155798988356715
2020-04-21,-0.028074820070512277,-0.028074820070512277,0.0,0.0,0.8898751579156822
2020-04-22,0.00014026423437944998,0.00014026423437944998,0.0,0.0,0.8899999755734006
2020-04-23,0.0026525446212407955,0.0026525446212407955,0.0,0.0,0.8923607402215123
2020-04-24,-0.0010652580207031138,-0.0010652580207031138,0.0,0.0,0.8914101457856308
2020-04-27,0.022522730107371366,0.022522730107371366,0.0,0.0,0.9114871359141332
2020-04-28,0.008327919900508587,0.008327919900508587,0.0,0.0,0.9190779277723702
2020-04-29,0.013091662485233826,0.013091662485233826,0.0,0.0,0.9311101858003941
2020-04-30,0.01661213232934433,0.01661213232934433,0.0,0.0,0.9465779114201105
2020-05-04,-0.022583939803786007,-0.022583939803786007,0.0,0.0,0.9252004528490052
2020-05-05,0.005828318752217098,0.005828318752217098,0.0,0.0,0.9305928159979048
2020-05-06,-0.00576710138063269,-0.00576710138063269,0.0,0.0,0.9252259928839563
2020-05-07,0.002448587756417382,0.002448587756417382,0.0,0.0,0.9274914899220511
2020-05-08,0.004415955330224264,0.004415955330224264,0.0,0.0,0.93158725091071
2020-05-11,0.011116699638878442,0.011116699638878442,0.0,0.0,0.941943426566493
2020-05-12,-0.007920909175980671,-0.007920909175980671,0.0,0.0,0.9344823782357478
2020-05-13,0.0029410911795316316,0.0029410911795316316,0.0,0.0,0.9372307761158046
2020-05-14,-0.010481005526204224,-0.010481005526204224,0.0,0.0,0.9274076551720062
2020-05-15,-0.0008297773036862113,-0.0008297773036862113,0.0,0.0,0.9266381133484797
2020-05-18,-0.00021137849351249356,-0.00021137849351249356,0.0,0.0,0.9264422419800488
2020-05-19,0.011459122165148373,0.011459122165148373,0.0,0.0,0.937058456809852
2020-05-20,0.0018090866455379244,0.0018090866455379244,0.0,0.0,0.9387536767501552
2020-05-21,0.005830192670714045,0.005830192670714045,0.0,0.0,0.9442267915559498
2020-05-22,-0.015305238863935504,-0.015305238863935504,0.0,0.0,0.9297751749694585
2020-05-25,0.002414714861468083,0.002414714861468083,0.0,0.0,0.9320203169022814
2020-05-26,0.012391711186670533,0.012391711186670533,0.0,0.0,0.9435696434894435
2020-05-27,0.0017749211563509286,0.0017749211563509286,0.0,0.0,0.9452444052121634
2020-05-28,-0.004948588604951415,-0.004948588604951415,0.0,0.0,0.9405667795196364
2020-05-29,0.0021963280103122905,0.0021963280103122905,0.0,0.0,0.9426325726830647
2020-06-01,0.009129289908874207,0.009129289908874207,0.0,0.0,0.9512381387166363
2020-06-02,0.008595930303187456,0.008595930303187456,0.0,0.0,0.9594149154587783
2020-06-03,0.01786089773804866,0.01786089773804866,0.0,0.0,0.9765509271521461
2020-06-04,0.0007699027013606718,0.0007699027013606718,0.0,0.0,0.9773027763489767
2020-06-05,0.0022554401244241694,0.0022554401244241694,0.0,0.0,0.9795070242444652
2020-06-08,0.010314492404288774,0.010314492404288774,0.0,0.0,0.9896101420059823
2020-06-09,-0.0009657444854515553,-0.0009657444854515553,0.0,0.0,0.9886544314685931
2020-06-10,0.0067899887111217486,0.0067899887111217486,0.0,0.0,0.9953673838974654
2020-06-11,-0.021310865079071022,-0.021310865079071022,0.0,0.0,0.9741552438751186
2020-06-12,-0.00987006598247757,-0.00987006598247757,0.0,0.0,0.9645402673408947
2020-06-15,-0.008219941556945118,-0.008219941556945118,0.0,0.0,0.9566118027140322
2020-06-16,0.013833924386559117,0.013833924386559117,0.0,0.0,0.9698454980600681
2020-06-17,0.003577314421117361,0.003577314421117361,0.0,0.0,0.9733149403465341
2020-06-18,-0.005427711264317564,-0.005427711264317564,0.0,0.0,0.9680320678810866
2020-06-19,-0.006558252042147187,-0.006558252042147187,0.0,0.0,0.9616834695950415
2020-06-22,0.0042859192933964365,0.0042859192933964365,0.0,0.0,0.9658051673315192
2020-06-23,0.003432696900241173,0.003432696900241173,0.0,0.0,0.9691204837356551
2020-06-24,0.0026928003001645533,0.0026928003001645533,0.0,0.0,0.971730131665154
2020-06-29,-0.0077591086148465944,-0.0077591086148465944,0.0,0.0,0.9641903720292448
2020-06-30,0.005650599025175174,0.005650599025175174,0.0,0.0,0.9696386252055166
2020-07-01,0.0047556591233951125,0.0047556591233951125,0.0,0.0,0.9742498959798714
2020-07-02,0.005157316129422819,0.005157316129422819,0.0,0.0,0.9792744106824969
2020-07-03,0.0018656746063120903,0.0018656746063120903,0.0,0.0,0.9811014180831185
2020-07-06,0.01075723360278486,0.01075723360278486,0.0,0.0,0.991655355225462
2020-07-07,-0.003517022900842463,-0.003517022900842463,0.0,0.0,0.988167680631391
2020-07-08,0.0011086305505394797,0.0011086305505394797,0.0,0.0,0.9892631935111947
2020-07-09,-0.0029705203579938225,-0.0029705203579938225,0.0,0.0,0.9863245670554558
2020-07-10,-0.00705661914147173,-0.00705661914147173,0.0,0.0,0.9793644502358685
2020-07-13,0.005553560003422257,0.005553560003422257,0.0,0.0,0.984803409475472
2020-07-14,-0.003552709701270784,-0.003552709701270784,0.0,0.0,0.981304688848784
2020-07-15,0.0034534593947200304,0.0034534593947200304,0.0,0.0,0.9846935847455716
2020-07-16,-0.002303852660772694,-0.002303852660772694,0.0,0.0,0.9824249958103096
2020-07-17,-0.0035706067635201963,-0.0035706067635201963,0.0,0.0,0.978917142475618
2020-07-20,-0.00013511574153754707,-0.00013511574153754707,0.0,0.0,0.9787848753600086
2020-07-21,0.0013715835698395516,0.0013715835698395516,0.0,0.0,0.9801273606134598
2020-07-22,0.005316302802362795,0.005316302802362795,0.0,0.0,0.9853380144473617
2020-07-23,-0.005490403373131289,-0.005490403373131289,0.0,0.0,0.9799281112891653
2020-07-24,-0.012597419149498253,-0.012597419149498253,0.0,0.0,0.9675835461348795
2020-07-27,-0.01459103837527151,-0.01459103837527151,0.0,0.0,0.9534654974819442
2020-07-28,-0.006851268646396952,-0.006851268646396952,0.0,0.0,0.9469330492136249
2020-07-29,0.006123680509928875,0.006123680509928875,0.0,0.0,0.9527317646713019
2020-07-30,0.006411752586938416,0.006411752586938416,0.0,0.0,0.9588404450280916
2020-07-31,-0.006457639566050437,-0.006457639566050437,0.0,0.0,0.9526485990327489
2020-08-03,-0.008146241826969611,-0.008146241826969611,0.0,0.0,0.9448880931689043
2020-08-04,0.008830899802851223,0.008830899802851223,0.0,0.0,0.953232305244586
2020-08-05,0.004366129248134604,0.004366129248134604,0.0,0.0,0.9573942406927811
2020-08-06,0.0073775906659306395,0.0073775906659306395,0.0,0.0,0.9644575035065319
2020-08-07,-0.008110685335400273,-0.008110685335400273,0.0,0.0,0.9566350921762248
2020-08-10,0.007675050971579567,0.007675050971579567,0.0,0.0,0.963977315269879
2020-08-11,-0.007496364087576601,-0.007496364087576601,0.0,0.0,0.9567509903424514
2020-08-12,-0.002569669310970813,-0.002569669310970813,0.0,0.0,0.9542924566843275
2020-08-13,-0.0018121732702295508,-0.0018121732702295508,0.0,0.0,0.9525631134023425
2020-08-14,-0.0013013408828548643,-0.0013013408828548643,0.0,0.0,0.9513235040793725
2020-08-17,0.00655075071378621,0.00655075071378621,0.0,0.0,0.9575553872027621
2020-08-18,-0.0001096925804686973,-0.0001096925804686973,0.0,0.0,0.9574503504813981
2020-08-19,-0.00438571032881876,-0.00438571032881876,0.0,0.0,0.9532512505899607
2020-08-20,-0.0228092548486993,-0.0228092548486993,0.0,0.0,0.931508299880413
2020-08-21,0.01187011240663743,0.01187011240663743,0.0,0.0,0.9425654081077092
2020-08-24,-0.0027505551020334277,-0.0027505551020334277,0.0,0.0,0.9399728300154382
2020-08-25,0.005983863640311357,0.005983863640311357,0.0,0.0,0.9455974992558481
2020-08-26,0.0022687527112391585,0.0022687527112391585,0.0,0.0,0.9477428261460257
2020-08-27,-0.00278405299827716,-0.00278405299827716,0.0,0.0,0.9451042598892982
2020-08-28,0.0013925844018803043,0.0013925844018803043,0.0,0.0,0.9464203973397707
2020-08-31,-0.005259668558426477,-0.005259668558426477,0.0,0.0,0.9414425397328291
2020-09-01,-0.0009311314940156314,-0.0009311314940156314,0.0,0.0,0.9405659329342778
2020-09-02,-0.0021506984631516598,-0.0021506984631516598,0.0,0.0,0.9385430592278233
2020-09-03,0.002923548610649731,0.002923548610649731,0.0,0.0,0.9412869354846638
2020-09-04,-0.004588665868964847,-0.004588665868964847,0.0,0.0,0.9369676842509027
2020-09-07,0.005388142018295454,0.005388142018295454,0.0,0.0,0.9420161992002001
2020-09-08,0.00048009477325809463,0.00048009477325809463,0.0,0.0,0.9424684562537606
2020-09-09,-0.0020444257661995464,-0.0020444257661995464,0.0,0.0,0.9405416494579651
2020-09-10,0.004231960995280175,0.004231960995280175,0.0,0.0,0.9445219850329076
2020-09-11,-0.00033230624308629484,-0.00033230624308629484,0.0,0.0,0.9442081144805489
2020-09-14,0.0003100683738331504,0.0003100683738331504,0.0,0.0,0.9445008835551658
2020-09-15,0.00018565688526583763,0.00018565688526583763,0.0,0.0,0.9446762366473375
2020-09-16,0.000992250622415011,0.000992250622415011,0.0,0.0,0.9456135922311314
2020-09-17,-0.0048934353427988065,-0.0048934353427988065,0.0,0.0,0.9409862932582767
2020-09-18,3.7334359100897725e-05,3.7334359100897725e-05,0.0,0.0,0.9410214243784581
2020-09-21,-0.006547005175751413,-0.006547005175751413,0.0,0.0,0.9348605522425594
2020-09-22,-0.010996792097415798,-0.010996792097415798,0.0,0.0,0.9245800851094726
2020-09-23,-0.006241803211710951,-0.006241803211710951,0.0,0.0,0.9188090381647523
2020-09-24,-0.025264782777660325,-0.025264782777660325,0.0,0.0,0.8955955274013688
2020-09-25,0.006182597019863109,0.006182597019863109,0.0,0.0,0.9011326336400832
2020-09-28,0.016714944428710698,0.016714944428710698,0.0,0.0,0.916195015534275
2020-09-29,0.0005298115031192506,0.0005298115031192506,0.0,0.0,0.9166804261926055
2020-09-30,-0.0007127954732271314,-0.0007127954732271314,0.0,0.0,0.9160270205344195
2020-10-05,0.001258841444832971,0.001258841444832971,0.0,0.0,0.9171801533124551
2020-10-06,0.01173563453510669,0.01173563453510669,0.0,0.0,0.9279438443945832
2020-10-07,-0.005393458657000025,-0.005393458657000025,0.0,0.0,0.9229390176338234
2020-10-08,0.0030589223006097766,0.0030589223006097766,0.0,0.0,0.9257622163769662
2020-10-12,-0.001496517681029263,-0.001496517681029263,0.0,0.0,0.9243767968517292
2020-10-13,-0.0026105371812710255,-0.0026105371812710255,0.0,0.0,0.9219636768540436
2020-10-14,-0.00053429940858861,-0.00053429940858861,0.0,0.0,0.9214710722067603
2020-10-15,-0.005676854340283069,-0.005676854340283069,0.0,0.0,0.916240015151058
2020-10-16,-0.00407775840417643,-0.00407775840417643,0.0,0.0,0.912503809729033
2020-10-19,0.003728775921464884,0.003728775921464884,0.0,0.0,0.9159063319629955
2020-10-20,-0.00021032289119052107,-0.00021032289119052107,0.0,0.0,0.9157136958951974
2020-10-21,-0.0023788180008549927,-0.0023788180008549927,0.0,0.0,0.9135353796717723
2020-10-22,0.006574917541763052,0.006574917541763052,0.0,0.0,0.9195417994645975
2020-10-23,0.0002173932040098147,0.0002173932040098147,0.0,0.0,0.9197417016026039
2020-10-26,0.006145641857369016,0.006145641857369016,0.0,0.0,0.9253941047019407
2020-10-27,-0.002475118816156991,-0.002475118816156991,0.0,0.0,0.9231036443410322
2020-10-28,-0.002377744279493127,-0.002377744279493127,0.0,0.0,0.920908739931321
2020-10-29,-0.00914800482817186,-0.00914800482817186,0.0,0.0,0.9124842623321237
2020-10-30,-0.0049283854035610634,-0.0049283854035610634,0.0,0.0,0.9079871882126668
2020-11-02,0.01070092618920574,0.01070092618920574,0.0,0.0,0.917703492094475
2020-11-03,0.007428580299327933,0.007428580299327933,0.0,0.0,0.9245207261764724
2020-11-04,-0.0005675109380066818,-0.0005675109380066818,0.0,0.0,0.9239960505519534
2020-11-05,0.005501717731028324,0.005501717731028324,0.0,0.0,0.9290796160066753
2020-11-06,0.0037840605236268052,0.0037840605236268052,0.0,0.0,0.9325953095049125
2020-11-09,0.0070081129498622535,0.0070081129498622535,0.0,0.0,0.9391310427704347
2020-11-10,0.009975946920474453,0.009975946920474453,0.0,0.0,0.9484997642044825
2020-11-11,0.018479624834145114,0.018479624834145114,0.0,0.0,0.9660276840022562
2020-11-12,-0.009353668051404538,-0.009353668051404538,0.0,0.0,0.956991781717632
2020-11-13,0.00020110325386082733,0.00020110325386082733,0.0,0.0,0.9571842358788536
2020-11-16,0.007771431351359574,0.007771431351359574,0.0,0.0,0.9646229274585896
2020-11-17,0.0017066047165762229,0.0017066047165762229,0.0,0.0,0.9662691574963079
2020-11-18,0.0053275616703387235,0.0053275616703387235,0.0,0.0,0.9714170160230158
2020-11-19,-0.0031657386909373607,-0.0031657386909373607,0.0,0.0,0.9683417635903567
2020-11-20,-0.0021924458242785763,-0.0021924458242785763,0.0,0.0,0.9662187267342985
2020-11-23,0.007450178526430715,0.007450178526430715,0.0,0.0,0.9734172287440497
2020-11-24,-0.0049526491225703245,-0.0049526491225703245,0.0,0.0,0.9685962347602156
2020-11-25,0.001353764130702696,0.001353764130702696,0.0,0.0,0.9699074855999676
2020-11-26,0.003593606660976508,0.003593606660976508,0.0,0.0,0.9733929516007507
2020-11-27,-0.0012467897750513901,-0.0012467897750513901,0.0,0.0,0.9721793352215877
2020-11-30,-0.003000960657354015,-0.003000960657354015,0.0,0.0,0.9692618632846952
2020-12-01,0.006905518768577272,0.006905518768577272,0.0,0.0,0.9759551192732739
2020-12-02,0.001299579317991495,0.001299579317991495,0.0,0.0,0.9772234503615694
2020-12-03,-0.0007452814040331618,-0.0007452814040331618,0.0,0.0,0.9764951438964298
2020-12-04,0.009936492740746915,0.009936492740746915,0.0,0.0,0.9861980808051312
2020-12-07,0.0010110648836285578,0.0010110648836285578,0.0,0.0,0.9871951910529351
2020-12-08,-0.007976409643180521,-0.007976409643180521,0.0,0.0,0.979320917811319
2020-12-09,4.673777304715351e-05,4.673777304715351e-05,0.0,0.0,0.9793666890901159
2020-12-10,0.00044164850842454264,0.00044164850842454264,0.0,0.0,0.9797992249275533
2020-12-11,0.005750582673392608,0.005750582673392608,0.0,0.0,0.9854336413738252
2020-12-14,0.0005070286247467091,0.0005070286247467091,0.0,0.0,0.9859332844377899
2020-12-15,-0.008293225660460177,-0.008293225660460177,0.0,0.0,0.9777567172237887
2020-12-16,0.012967755874359308,0.012967755874359308,0.0,0.0,0.9904360276372617
2020-12-17,-0.001401780566140552,-0.001401780566140552,0.0,0.0,0.9890476536617143
2020-12-18,-0.005541188123873906,-0.005541188123873906,0.0,0.0,0.9835671545492987
2020-12-21,0.00822679340353458,0.00822679340353458,0.0,0.0,0.991658758328278
2020-12-22,-0.00888527023914081,-0.00888527023914081,0.0,0.0,0.9828476022755205
2020-12-23,-0.0006325599966154464,-0.0006325599966154464,0.0,0.0,0.9822258921995516
2020-12-24,0.004202867637371665,0.004202867637371665,0.0,0.0,0.9863540576144657
2020-12-25,0.0044773423290874305,0.0044773423290874305,0.0,0.0,0.99077030238809
2020-12-28,0.00606746573550798,0.00606746573550798,0.0,0.0,0.9967817672495887
2020-12-29,0.000796963846433464,0.000796963846433464,0.0,0.0,0.9975761662808708
2020-12-30,0.014731980665602766,0.014731980665602766,0.0,0.0,1.0122724390749867
2020-12-31,-0.0038535026599991057,-0.0038535026599991057,0.0,0.0,1.0083716445383675
2021-01-04,-0.0009633042581750307,-0.0009633042581750307,0.0,0.0,1.0074002758393608
2021-01-05,0.004784034241845007,0.004784034241845007,0.0,0.0,1.0122197132542203
2021-01-06,-0.008383570139964172,-0.008383570139964172,0.0,0.0,1.0037336982910992
2021-01-07,0.005794791443049223,0.005794791443049223,0.0,0.0,1.0095501257370565
2021-01-08,0.010921347386903958,0.010921347386903958,0.0,0.0,1.0205757733647234
2021-01-11,0.00593445634057542,0.00593445634057542,0.0,0.0,1.0266323357340053
2021-01-12,-0.010542318307223074,-0.010542318307223074,0.0,0.0,1.0158092508662095
2021-01-13,0.00867242795838919,0.00867242795838919,0.0,0.0,1.024618783413812
2021-01-14,0.0009295701401075382,0.0009295701401075382,0.0,0.0,1.0255712384398668
2021-01-15,-0.010942279133557416,-0.010942279133557416,0.0,0.0,1.0143491516775096
2021-01-18,-0.006232244542113717,-0.006232244542113717,0.0,0.0,1.0080274797131699
2021-01-19,0.0004132076179059477,0.0004132076179059477,0.0,0.0,1.008444004346846
2021-01-20,-0.023075583721817422,-0.023075583721817422,0.0,0.0,0.9851735702957755
2021-01-21,0.0035093770834207236,0.0035093770834207236,0.0,0.0,0.9886309158465632
2021-01-22,0.0007744519504352178,0.0007744519504352178,0.0,0.0,0.989396562987601
2021-01-25,0.010571663656552915,0.010571663656552915,0.0,0.0,0.9998561306744554
2021-01-26,-0.006612727485498784,-0.006612727485498784,0.0,0.0,0.9932443545576
2021-01-27,0.00019707790797799144,0.00019707790797799144,0.0,0.0,0.9934401010771072
2021-01-28,-0.0068668301086178204,-0.0068668301086178204,0.0,0.0,0.9866183166799226
2021-01-29,-0.014590813471357676,-0.014590813471357676,0.0,0.0,0.972222752853821
2021-02-01,0.009010597478246151,0.009010597478246151,0.0,0.0,0.9809830607389792
2021-02-02,0.009216691176746448,0.009216691176746448,0.0,0.0,0.9900244786594299
2021-02-03,0.00347192975810404,0.00347192975810404,0.0,0.0,0.9934617741081391
2021-02-04,-0.004057315658190136,-0.004057315658190136,0.0,0.0,0.9894309860962368
2021-02-05,0.0033644979360780447,0.0033644979360780447,0.0,0.0,0.9927599246068493
2021-02-17,0.015573255177156669,0.015573255177156669,0.0,0.0,1.0082204282424065
2021-02-18,0.004670657025182135,0.004670657025182135,0.0,0.0,1.0129294800685091
2021-02-19,-0.0005173624792092408,-0.0005173624792092408,0.0,0.0,1.0124054283614368
2021-02-22,0.003705687485936457,0.003705687485936457,0.0,0.0,1.0161570864880098
2021-02-23,0.013650085362656524,0.013650085362656524,0.0,0.0,1.0300277174604395
2021-02-24,-0.00044833003041520804,-0.00044833003041520804,0.0,0.0,1.029565925102542
2021-02-25,0.01596771005753315,0.01596771005753315,0.0,0.0,1.0460057352796952
2021-02-26,-0.018933723609288293,-0.018933723609288293,0.0,0.0,1.026200951794179
2021-03-02,-0.0006374549606549883,-0.0006374549606549883,0.0,0.0,1.0255467949068289
2021-03-03,0.011884281453492185,0.011884281453492185,0.0,0.0,1.0377346816612285
2021-03-04,-0.005611900521783428,-0.005611900521783428,0.0,0.0,1.031911017859741
2021-03-05,-0.0015850657947431423,-0.0015850657947431423,0.0,0.0,1.0302753710021129
2021-03-08,0.0012340883523942491,0.0012340883523942491,0.0,0.0,1.0315468218372252
2021-03-09,0.015182311577595147,0.015182311577595147,0.0,0.0,1.0472080870932359
2021-03-10,0.005165439970662716,0.005165439970662716,0.0,0.0,1.0526173776039085
2021-03-11,0.0049599723978350375,0.0049599723978350375,0.0,0.0,1.0578383307423054
2021-03-12,0.003908621450939295,0.003908621450939295,0.0,0.0,1.0619730203334707
2021-03-15,0.0038249873974695496,0.0038249873974695496,0.0,0.0,1.066035053752699
2021-03-16,0.004044205310645586,0.004044205310645586,0.0,0.0,1.07034631837842
2021-03-17,-0.003218993833112919,-0.003218993833112919,0.0,0.0,1.0669008801802649
2021-03-18,0.004100570391023524,0.003364648213931702,0.4906147847278815,0.0007359221770918223,1.0704906263212057
2021-03-19,-0.009060336053529947,-0.009060336053529947,0.0,0.0,1.0607916215045818
2021-03-22,0.00873218157176524,0.00873218157176524,0.0,0.0,1.070054646553367
2021-03-23,0.00299380960736674,0.00299380960736674,0.0,0.0,1.0732581864346258
2021-03-24,0.002038158199551011,0.002038158199551011,0.0,0.0,1.0754456564075427
2021-03-25,0.005466338930615238,0.005466338930615238,0.0,0.0,1.0813244068669245
2021-03-26,0.0035293303767168754,0.0035293303767168754,0.0,0.0,1.0851407579431653
2021-03-29,0.013179041472062582,0.013179041472062582,0.0,0.0,1.0994418729951236
2021-03-30,0.005776812562676819,0.005776812562676819,0.0,0.0,1.1057931426189749
2021-03-31,-0.0005584074248660721,-0.0005584074248660721,0.0,0.0,1.1051756595177704
2021-04-01,-0.0018988527928175578,-0.0018988527928175578,0.0,0.0,1.103077093630141
2021-04-06,0.002123482371369197,0.002123482371369197,0.0,0.0,1.1054194583927257
2021-04-07,0.005489876763297117,0.005489876763297117,0.0,0.0,1.1114880749910525
2021-04-08,-0.002586699147072794,-0.002586699147072794,0.0,0.0,1.1086129897354915
2021-04-09,-0.0016557991993326293,-0.0016557991993326293,0.0,0.0,1.1067773492347177
2021-04-12,0.011270260191245947,0.011270260191245947,0.0,0.0,1.1192510179343704
2021-04-13,-0.0032530897273263647,-0.0032530897273263647,0.0,0.0,1.1156099939456285
2021-04-14,-0.001714212802092681,-0.001714212802092681,0.0,0.0,1.1136976010118644
2021-04-15,0.010174860416747516,0.010174860416747516,0.0,0.0,1.1250293186486267
2021-04-16,0.008997635090109894,0.008997635090109894,0.0,0.0,1.135151921923502
2021-04-19,0.019498899536415717,0.019498899536415717,0.0,0.0,1.1572861352076578
2021-04-20,0.003632480211205496,0.003632480211205496,0.0,0.0,1.1614899541925021
2021-04-21,-0.001090932898384805,-0.001090932898384805,0.0,0.0,1.1602228465903301
2021-04-22,-0.003439891349436269,-0.003439891349436269,0.0,0.0,1.1562318060569259
2021-04-23,-0.0003254657391328804,-0.0003254657391328804,0.0,0.0,1.1558554922175586
2021-04-26,0.014999330351002094,0.014999330351002094,0.0,0.0,1.1731925505833498
2021-04-27,0.000359132990379955,0.000359132990379955,0.0,0.0,1.1736138827323324
2021-04-28,0.0011782162035994497,0.0011782162035994497,0.0,0.0,1.1749966536257368
2021-04-29,-0.004505004955994572,-0.004505004955994572,0.0,0.0,1.1697032878778757
2021-05-03,-0.01028453954992794,-0.01028453954992794,0.0,0.0,1.157673428152015
2021-05-04,-0.019175452738254523,-0.019175452738254523,0.0,0.0,1.1354745160441528
2021-05-05,0.0042733844511575894,0.0042733844511575894,0.0,0.0,1.1403268351857017
2021-05-06,0.009131927665074927,0.009131927665074927,0.0,0.0,1.1507402173591614
2021-05-07,0.010318673337775966,0.010318673337775966,0.0,0.0,1.162614329758732
2021-05-10,0.01100454039482348,0.01100454039482348,0.0,0.0,1.1754083661141626
2021-05-11,-0.02545016476059942,-0.02545016476059942,0.0,0.0,1.14549402953557
2021-05-12,-0.0433146342809927,-0.0433146342809927,0.0,0.0,1.0958773745751762
2021-05-13,-0.007442951263712058,-0.007442951263712058,0.0,0.0,1.0877208126852085
2021-05-14,0.010470805208733459,0.010470805208733459,0.0,0.0,1.0991101254363205
2021-05-17,-0.035101427711499086,-0.035101427711499086,0.0,0.0,1.060529790821341
2021-05-18,0.04230407575978637,0.04230407575978637,0.0,0.0,1.1053945234377573
2021-05-19,-0.0005143539522254044,-0.0005143539522254044,0.0,0.0,1.1048259593958587
2021-05-20,-0.0043656743298775965,-0.0043656743298775965,0.0,0.0,1.1000026490659418
2021-05-21,0.011298371206436961,0.011298371206436961,0.0,0.0,1.1124308873231528
2021-05-24,7.350432478417688e-05,7.350432478417688e-05,0.0,0.0,1.1125126558043945
2021-05-25,0.008595783354706676,0.008595783354706676,0.0,0.0,1.1220755735730583
2021-05-26,0.0008163319767320043,0.0008163319767320043,0.0,0.0,1.1229915597440758
2021-05-27,-0.005234138918930338,-0.005234138918930338,0.0,0.0,1.1171136659155891
2021-05-28,0.012051585141823489,0.012051585141823489,0.0,0.0,1.1305766563734654
2021-05-31,0.009708086707899006,0.009708086707899006,0.0,0.0,1.1415523925834654
2021-06-01,0.005492731516361403,0.005492731516361403,0.0,0.0,1.1478226333877863
2021-06-02,0.0026991394329845373,0.0026991394329845373,0.0,0.0,1.1509207667196355
2021-06-03,0.001278611366114478,0.001278611366114478,0.0,0.0,1.1523923470934605
2021-06-04,-0.0035878549104472602,-0.0035878549104472602,0.0,0.0,1.1482577305521795
2021-06-07,-0.0042213987260228784,-0.0042213987260228784,0.0,0.0,1.1434104768312805
2021-06-08,0.0012786636761289655,0.0012786636761289655,0.0,0.0,1.14487251427491
2021-06-09,-0.00748436658378029,-0.00748436658378029,0.0,0.0,1.1363038686863824
2021-06-10,0.002642724448068377,0.002642724448068377,0.0,0.0,1.1393068067005947
2021-06-11,0.001437674039105937,0.001437674039105937,0.0,0.0,1.140944758519165
2021-06-15,-0.0024310348248706066,-0.0024310348248706066,0.0,0.0,1.1381710820779514
2021-06-16,-0.0014953059479600305,-0.0014953059479600305,0.0,0.0,1.1364691680891241
2021-06-17,0.0021771357850499684,0.0021771357850499684,0.0,0.0,1.138943415783577
2021-06-18,-0.007041833697479663,-0.007041833697479663,0.0,0.0,1.1309231656587895
2021-06-21,-0.006561467187860241,-0.006561467187860241,0.0,0.0,1.1235026504153283
2021-06-22,0.00368458503734978,0.00368458503734978,0.0,0.0,1.1276422914704713
2021-06-23,0.011203787744818873,0.011203787744818873,0.0,0.0,1.1402761563561876
2021-06-24,0.0023692988044861853,0.0023692988044861853,0.0,0.0,1.1429778112902262
2021-06-25,0.005181134739555666,0.005181134739555666,0.0,0.0,1.1488997333348432
2021-06-28,0.0033153992373239865,0.0033153992373239865,0.0,0.0,1.1527087946345034
2021-06-29,-0.005650831372997703,-0.005650831372997703,0.0,0.0,1.1461950316138523
2021-06-30,0.004536948115765173,0.004536948115765173,0.0,0.0,1.151395259002832
2021-07-01,-0.003689033002403737,-0.003689033002403737,0.0,0.0,1.1471477238935595
2021-07-02,0.00030483311964371975,0.00030483311964371975,0.0,0.0,1.1474974125129263
2021-07-05,0.00968779184735774,0.00968779184735774,0.0,0.0,1.158614128590733
2021-07-06,0.001857019629128341,0.001857019629128341,0.0,0.0,1.1607656977701113
2021-07-07,-0.0011957017305939009,-0.0011957017305939009,0.0,0.0,1.1593777682164734
2021-07-08,0.006408031431310884,0.006408031431310884,0.0,0.0,1.1668070973959677
2021-07-09,-0.0023721274218862142,-0.0023721274218862142,0.0,0.0,1.1640392822841832
2021-07-12,0.0031574324306423754,0.0031574324306423754,0.0,0.0,1.1677146576646091
2021-07-13,0.0018603422894203309,0.0018603422894203309,0.0,0.0,1.1698870066242386
2021-07-14,-0.0012782139902063555,-0.0012782139902063555,0.0,0.0,1.168391640685411
2021-07-15,0.004410381653462367,0.004410381653462367,0.0,0.0,1.1735446937415488
2021-07-16,0.009076588457675637,0.009076588457675637,0.0,0.0,1.1841964759633297
2021-07-19,-0.0015066539335019241,-0.0015066539335019241,0.0,0.0,1.1824123016847805
2021-07-20,-0.012304264390275816,-0.012304264390275816,0.0,0.0,1.1678635881065365
2021-07-21,-0.00198647489097411,-0.00198647489097411,0.0,0.0,1.1655436564126798
2021-07-22,0.007611720499272709,0.007611720499272709,0.0,0.0,1.1744154489549934
2021-07-23,0.001999069786282101,0.001999069786282101,0.0,0.0,1.1767631873955424
2021-07-26,-0.007074275767140811,-0.007074275767140811,0.0,0.0,1.1684384400952867
2021-07-27,-0.006711895440051507,-0.006711895440051507,0.0,0.0,1.1605960034572302
2021-07-28,-0.005087377659755989,-0.005087377659755989,0.0,0.0,1.1546916132772398
2021-07-29,0.004990173610141934,0.004990173610141934,0.0,0.0,1.160453724893668
2021-07-30,-0.006505123580084369,-0.006505123580084369,0.0,0.0,1.1529048300042655
2021-08-02,0.010645873583606765,0.010645873583606765,0.0,0.0,1.1651785090784206
2021-08-03,0.0012573453126157336,0.0012573453126157336,0.0,0.0,1.1666435408151707
2021-08-04,0.004412434880546072,0.004412434880546072,0.0,0.0,1.1717912794678274
2021-08-05,0.0017805503521907506,0.0017805503521907506,0.0,0.0,1.1738777128431779
2021-08-06,-0.002020430214281818,-0.002020430214281818,0.0,0.0,1.1715059748442775
2021-08-09,-0.004299324670924316,-0.004299324670924316,0.0,0.0,1.1664692903044942
2021-08-10,-0.004876361484283498,-0.004876361484283498,0.0,0.0,1.160781164384654
2021-08-11,-0.002205729626070319,-0.002205729626070319,0.0,0.0,1.1582207949809862
2021-08-12,-0.004799061451305609,-0.004799061451305609,0.0,0.0,1.1526624222116924
2021-08-13,-0.005006031196612555,-0.005006031196612555,0.0,0.0,1.1468921581669376
2021-08-16,-0.012374824705094399,-0.012374824705094399,0.0,0.0,1.1326995687539743
2021-08-17,0.001683386863939395,0.001683386863939395,0.0,0.0,1.1346063403288045
2021-08-18,0.005885011930422283,0.005885011930422283,0.0,0.0,1.1412835121779723
2021-08-19,-0.014903767417903353,-0.014903767417903353,0.0,0.0,1.1242740881545839
2021-08-20,-0.0021037955082052234,-0.0021037955082052234,0.0,0.0,1.1219088453779327
2021-08-23,0.005914906852865772,0.005914906852865772,0.0,0.0,1.1285448316957492
2021-08-24,0.007328926247008549,0.007328926247008549,0.0,0.0,1.13681585353369
2021-08-25,0.0021765348454847325,0.0021765348454847325,0.0,0.0,1.1392901728518057
2021-08-26,-0.0028052626446988652,-0.0028052626446988652,0.0,0.0,1.136094164688432
2021-08-27,0.014009040329580573,0.014009040329580573,0.0,0.0,1.1520097536597533
2021-08-30,0.013605023749505802,0.013605023749505802,0.0,0.0,1.1676828737179565
2021-08-31,0.0013516247141365997,0.0013516247141365997,0.0,0.0,1.1692611427483477
2021-09-01,-0.006351063006148042,-0.006351063006148042,0.0,0.0,1.1618350915601123
2021-09-02,-0.009523272539588599,-0.009523272539588599,0.0,0.0,1.1507706193371274
2021-09-03,0.008197576743485962,0.008197576743485962,0.0,0.0,1.1602041498032922
2021-09-06,-0.006568126267384023,-0.006568126267384023,0.0,0.0,1.1525837824514413
2021-09-07,-0.0022969452127247687,-0.0022969452127247687,0.0,0.0,1.1499363606500754
2021-09-08,-0.005359104467420248,-0.005359104467420248,0.0,0.0,1.1437737315624665
2021-09-09,-0.0015111686147974653,-0.0015111686147974653,0.0,0.0,1.1420452965968995
2021-09-10,0.007501807245492864,0.007501807245492864,0.0,0.0,1.1506127002775912
2021-09-13,0.0044197855269396125,0.0044197855269396125,0.0,0.0,1.1556981616373911
2021-09-14,0.0023165047038335917,0.0023165047038335917,0.0,0.0,1.158375341865036
2021-09-15,0.00020734329590107634,0.00020734329590107634,0.0,0.0,1.158615523226309
2021-09-16,0.00010539919288363331,0.00010539919288363331,0.0,0.0,1.1587376403673195
2021-09-17,-0.004351033108025175,-0.004351033108025175,0.0,0.0,1.1536959345305664
2021-09-22,-0.0122624371705998,-0.0122624371705998,0.0,0.0,1.139548810619409
2021-09-23,0.006547646894837684,0.006547646894837684,0.0,0.0,1.1470101738507772
2021-09-24,0.0034152882826695755,0.0034152882826695755,0.0,0.0,1.1509275442576328
2021-09-27,0.0031273845026947313,0.0031273845026947313,0.0,0.0,1.1545269372232685
2021-09-28,-0.0012758443714748907,-0.0012758443714748907,0.0,0.0,1.1530539405286961
2021-09-29,-0.006888547518058053,-0.006888547518058053,0.0,0.0,1.1451110736684802
2021-09-30,0.0017993322797074842,0.0017993322797074842,0.0,0.0,1.1471715089871823
2021-10-01,-0.012652584462383308,-0.012652584462383308,0.0,0.0,1.1326568245768824
2021-10-04,-0.0021877046111948924,-0.0021877046111948924,0.0,0.0,1.1301789060188543
2021-10-05,0.002124618546718908,0.002124618546718908,0.0,0.0,1.1325801050836926
2021-10-06,0.002309489679106341,0.002309489679106341,0.0,0.0,1.1351957871471445
2021-10-07,0.008937157402375018,0.008937157402375018,0.0,0.0,1.1453412105793916
2021-10-08,-0.0015795781111716362,-0.0015795781111716362,0.0,0.0,1.1435320546733376
2021-10-12,-0.003841749896092935,-0.003841749896092935,0.0,0.0,1.1391388905211173
2021-10-13,-0.0018379463851914421,-0.0018379463851914421,0.0,0.0,1.1370452143150531
2021-10-14,-0.002514160433048233,-0.002514160433048233,0.0,0.0,1.1341865002266354
2021-10-15,0.008888198505328734,0.008888198505328734,0.0,0.0,1.1442673749827137
2021-10-18,0.0028364422859059758,0.0028364422859059758,0.0,0.0,1.1475130233514972
2021-10-19,0.0018333541324057428,0.0018333541324057428,0.0,0.0,1.149616821094848
2021-10-20,-0.00014187845658513066,-0.00014187845658513066,0.0,0.0,1.149453715234607
2021-10-21,0.0006504961096538645,0.0006504961096538645,0.0,0.0,1.1502014304045942
2021-10-22,0.0001854907914718978,0.0001854907914718978,0.0,0.0,1.150414782178272
2021-10-25,0.0019385716214544322,0.0019385716214544322,0.0,0.0,1.1526449436279045
2021-10-26,0.005735426611351813,0.005735426611351813,0.0,0.0,1.159255854111028
2021-10-27,0.0008089313006048089,0.0008089313006048089,0.0,0.0,1.1601936124568277
2021-10-28,0.0010306925325476294,0.0010306925325476294,0.0,0.0,1.1613894153494964
2021-10-29,-0.0031798816641627945,-0.0031798816641627945,0.0,0.0,1.1576963344426736
2021-11-01,0.0005814396371081924,0.0005814396371081924,0.0,0.0,1.1583694649792535
2021-11-02,-0.0010304105531571766,-0.0010304105531571766,0.0,0.0,1.1571758688580838
2021-11-03,0.0045595791641031055,0.0045595791641031055,0.0,0.0,1.162452103838932
2021-11-04,4.920257613434545e-06,4.920257613434545e-06,0.0,0.0,1.162457823402746
2021-11-05,0.0038420542939815614,0.0038420542939815614,0.0,0.0,1.166924049474723
2021-11-08,0.003871553689705471,0.003871553689705471,0.0,0.0,1.171441858584073
2021-11-09,0.00039707040126831894,0.00039707040126831894,0.0,0.0,1.1719070034729233
2021-11-10,0.0025236870026227073,0.0025236870026227073,0.0,0.0,1.1748645299458704
2021-11-11,0.0011254837435452475,0.0011254837435452475,0.0,0.0,1.1761868208751924
2021-11-12,0.007898041128116389,0.007898041128116389,0.0,0.0,1.1854763927608132
2021-11-15,0.004211048673512516,0.004211048673512516,0.0,0.0,1.190468491552029
2021-11-16,0.0016034495809338438,0.0016034495809338438,0.0,0.0,1.192377347755923
2021-11-17,0.012299913468636637,0.012299913468636637,0.0,0.0,1.2070434859552832
2021-11-18,0.0070534524918070335,0.0070534524918070335,0.0,0.0,1.215557309839014
2021-11-19,-0.00976887491488714,-0.00976887491488714,0.0,0.0,1.20368268252732
2021-11-22,-0.0020668959598882275,-0.0020668959598882275,0.0,0.0,1.201194795653817
2021-11-23,-0.003623189454663375,-0.003623189454663375,0.0,0.0,1.1968426393372076
2021-11-24,0.005800303819188493,0.005800303819188493,0.0,0.0,1.203784690269123
2021-11-25,0.0002503913026118253,0.0002503913026118253,0.0,0.0,1.2040861074857834
2021-11-26,-0.015382481159122975,-0.015382481159122975,0.0,0.0,1.1855642756234215
2021-11-29,-0.005880433942979123,-0.005880433942979123,0.0,0.0,1.178592643215462
2021-11-30,-0.000667008083505518,-0.000667008083505518,0.0,0.0,1.1778065123952772
2021-12-01,0.01046255243928705,0.01046255243928705,0.0,0.0,1.1901293747945465
2021-12-02,-0.0006054283774001613,-0.0006054283774001613,0.0,0.0,1.1894088366982682
2021-12-03,0.003593071662237331,0.003593071662237331,0.0,0.0,1.1936824678842235
2021-12-06,0.005303224192583887,0.005303224192583887,0.0,0.0,1.2000128336261704
2021-12-07,0.0073851038906870645,0.0073851038906870645,0.0,0.0,1.2088750530726575
2021-12-08,0.0014803537022521683,0.0014803537022521683,0.0,0.0,1.2106646157330339
2021-12-09,0.0044029043994201315,0.0044029043994201315,0.0,0.0,1.215995056295867
2021-12-10,-0.0008563007470055827,-0.0008563007470055827,0.0,0.0,1.2149537988208057
2021-12-13,-0.003637636740571409,-0.003637636740571409,0.0,0.0,1.2105342382441184
2021-12-14,-0.006664788091466105,-0.006664788091466105,0.0,0.0,1.202466284068757
2021-12-15,0.0001988749800162715,0.0001988749800162715,0.0,0.0,1.2027054245269715
2021-12-16,0.00410202105166097,0.00410202105166097,0.0,0.0,1.207638947497328
2021-12-17,0.004945512351637405,0.004945512351637405,0.0,0.0,1.2136113408284943
2021-12-20,-0.006048362028771448,-0.006048362028771448,0.0,0.0,1.206270980076941
2021-12-21,0.005462037655318702,0.005462037655318702,0.0,0.0,1.2128596775926395
2021-12-22,0.000150300934214898,0.000150300934214898,0.0,0.0,1.2130419715352534
2021-12-23,0.004260118827225391,0.004260118827225391,0.0,0.0,1.2182096744764053
2021-12-24,0.0018622871388007953,0.0018622871388007953,0.0,0.0,1.2204783306855453
2021-12-27,0.002328742457293387,0.002328742457293387,0.0,0.0,1.2233205103924192
2021-12-28,0.005977773743052648,0.005977773743052648,0.0,0.0,1.2306332436187808
2021-12-29,0.005782038326755009,0.005782038326755009,0.0,0.0,1.2377488121995635
2021-12-30,-0.0016515394472739172,-0.0016515394472739172,0.0,0.0,1.2357046212103995
2022-01-03,-0.00514247396197026,-0.00514247396197026,0.0,0.0,1.2293500423711388
2022-01-04,0.001652993005398512,0.001652993005398512,0.0,0.0,1.2313821493923647
2022-01-05,0.002995115846094729,0.002995115846094729,0.0,0.0,1.235070281580608
2022-01-06,0.002861039935972829,0.002861039935972829,0.0,0.0,1.2386038669799433
2022-01-07,0.0008055293304227273,0.0008055293304227273,0.0,0.0,1.2396015987235707
2022-01-10,0.0044238562540328315,0.0044238562540328315,0.0,0.0,1.245085418008593
2022-01-11,0.011505953618177606,0.011505953618177606,0.0,0.0,1.2594113130788693
2022-01-12,0.0029617841900497367,0.0029617841900497367,0.0,0.0,1.2631414175947162
2022-01-13,0.012856362725741291,0.012856362725741291,0.0,0.0,1.2793808218332208
2022-01-14,-0.006672256607510234,-0.006672256607510234,0.0,0.0,1.2708444646912223
2022-01-17,-0.0023929209789603847,-0.0023929209789603847,0.0,0.0,1.267803434310667
2022-01-18,0.004684894435009866,0.004684894435009866,0.0,0.0,1.2737429595647556
2022-01-19,-0.004210378718111021,-0.004210378718111021,0.0,0.0,1.2683800193154604
2022-01-20,-0.0006929506093124125,-0.0006929506093124125,0.0,0.0,1.2675010946082361
2022-01-21,-0.011680658892410996,-0.011680658892410996,0.0,0.0,1.2526958466763598
2022-01-24,-0.002948538968680032,-0.002948538968680032,0.0,0.0,1.2490022241565308
2022-01-25,-0.0078513005540167,-0.0078513005540167,0.0,0.0,1.2391959323020425
2022-01-26,0.0019397612487164761,0.0019397612487164761,0.0,0.0,1.241599676551089
2022-02-07,0.021640969401649893,0.021640969401649893,0.0,0.0,1.2684690971604295
2022-02-08,0.00917037860504545,0.00917037860504545,0.0,0.0,1.2801014390301908
2022-02-09,0.00796465589939878,0.00796465589939878,0.0,0.0,1.2902970065083916
2022-02-10,0.002870500656733582,0.002870500656733582,0.0,0.0,1.2940008049129552
2022-02-11,-0.002175416360590926,-0.002175416360590926,0.0,0.0,1.2911858143913297
2022-02-14,-0.009228799742826517,-0.009228799742826517,0.0,0.0,1.2792697190795337
2022-02-15,-0.003741589489514169,-0.003741589489514169,0.0,0.0,1.2744832169443718
2022-02-16,0.008112478999063533,0.008112478999063533,0.0,0.0,1.284822435276492
2022-02-17,0.003629217680824969,0.003629217680824969,0.0,0.0,1.2894853355753182
2022-02-18,0.00037818120622832565,0.00037818120622832565,0.0,0.0,1.2899729946949396
2022-02-21,0.003367494856614954,0.003367494856614954,0.0,0.0,1.294316972119747
2022-02-22,-0.008247477874068473,-0.008247477874068473,0.0,0.0,1.283642121530158
2022-02-23,0.004082693001318024,0.004082693001318024,0.0,0.0,1.2888828382359263
2022-02-24,-0.01661211458416949,-0.01661211458416949,0.0,0.0,1.2674717688415815
2022-02-25,-0.0017610357035001789,-0.0017610357035001789,0.0,0.0,1.265239705803473
2022-03-01,0.011753871752265785,0.011753871752265785,0.0,0.0,1.2801111710413615
2022-03-02,0.002104780212408404,0.002104780212408404,0.0,0.0,1.2828055237038523
2022-03-03,0.0018969944820194983,0.0018969944820194983,0.0,0.0,1.2852389987038226
2022-03-04,-0.009232995608212481,-0.009232995608212481,0.0,0.0,1.273372392673287
2022-03-07,-0.022106555573324155,-0.022106555573324155,0.0,0.0,1.245222515109118
2022-03-08,-0.012612272267209028,-0.012612272267209028,0.0,0.0,1.229517429715303
2022-03-09,0.004273987295170485,0.004273987295170485,0.0,0.0,1.234772371589097
2022-03-10,0.02260639613082149,0.02260639613082149,0.0,0.0,1.262686124952634
2022-03-11,-0.003950957057036882,-0.003950957057036882,0.0,0.0,1.2576973062964298
2022-03-14,0.00487737470412227,0.00487737470412227,0.0,0.0,1.2638315673236027
2022-03-15,-0.0011819362678106217,-0.0011819362678106217,0.0,0.0,1.262337798957779
2022-03-16,0.010035082398826813,0.010035082398826813,0.0,0.0,1.275005462785474
2022-03-17,0.011422791730186642,0.011422791730186642,0.0,0.0,1.2895695846417228
2022-03-18,0.006292739349459677,0.006292739349459677,0.0,0.0,1.297684509910864
2022-03-21,0.0005669346603546589,0.0005669346603546589,0.0,0.0,1.298420212237738
2022-03-22,0.003525589643342452,0.003525589643342452,0.0,0.0,1.3029979090907098
2022-03-23,0.010428765902666415,0.010428765902666415,0.0,0.0,1.3165865692562808
2022-03-24,0.0013829137051398022,0.0013829137051398022,0.0,0.0,1.3184072948669083
2022-03-25,-0.003748391138727573,-0.003748391138727573,0.0,0.0,1.3134653886455954
2022-03-28,0.0020943709504148006,0.0020943709504148006,0.0,0.0,1.31621627239995
2022-03-29,-0.0024812194684755047,-0.0027931293031500043,0.20793988978299976,0.0003119098346744997,1.3125399101602269
2022-03-30,0.008902563737873537,0.008902563737873537,0.0,0.0,1.324224880368931
2022-03-31,0.0058029382138312605,0.0058029382138312605,0.0,0.0,1.3319092755309299
2022-04-01,0.0031697363828787793,0.0031697363828787793,0.0,0.0,1.336131076820274
2022-04-06,0.013999239362153372,0.013999239362153372,0.0,0.0,1.3548358955838928
2022-04-07,-0.014886741709115713,-0.014886741709115713,0.0,0.0,1.3346668035480969
2022-04-08,0.012043825112313947,0.012043825112313947,0.0,0.0,1.3507412971132413
2022-04-11,-0.0036831352029236576,-0.0036831352029236576,0.0,0.0,1.3457663342918007
2022-04-12,-0.006140454833898593,-0.006140454833898593,0.0,0.0,1.3375027168991007
2022-04-13,0.007339705084651014,0.007339705084651014,0.0,0.0,1.3473195923910597
2022-04-14,-0.01516089877805103,-0.01516089877805103,0.0,0.0,1.326893016429134
2022-04-15,-0.004887485046457433,-0.004887485046457433,0.0,0.0,1.3204078466530877
2022-04-18,-0.013960628556983906,-0.013960628556983906,0.0,0.0,1.301974123162237
2022-04-19,0.0007509863559410348,0.0007509863559410348,0.0,0.0,1.30295188796452
2022-04-20,0.00867761539839365,0.00867761539839365,0.0,0.0,1.314258403330887
2022-04-21,-0.006269979903538501,-0.006269979903538501,0.0,0.0,1.3060180295539459
2022-04-22,0.004796234638205463,0.004796234638205463,0.0,0.0,1.3122819984654135
2022-04-25,-0.014979719725879,-0.014979719725879,0.0,0.0,1.2926243819270853
2022-04-26,0.010958105534801577,0.010958105534801577,0.0,0.0,1.3067890963211
2022-04-27,-0.013299498258245942,-0.013299498258245942,0.0,0.0,1.2894094570106827
2022-04-28,0.003452278910725102,0.003452278910725102,0.0,0.0,1.2938608580864102
2022-04-29,0.006158757575433083,0.006158757575433083,0.0,0.0,1.3018294334477063
2022-05-03,-0.007734513339142525,-0.007734513339142525,0.0,0.0,1.2917604163294167
2022-05-04,-0.0007967059402459544,-0.0007967059402459544,0.0,0.0,1.2907312631323524
2022-05-05,-0.004895039007139841,-0.004895039007139841,0.0,0.0,1.2844130832515848
2022-05-06,-0.010842586244725097,-0.010842586244725097,0.0,0.0,1.270486723622576
2022-05-09,-0.026997427672590828,-0.026997427672590828,0.0,0.0,1.2361868501925888
2022-05-10,0.0007987372056150884,0.0007987372056150884,0.0,0.0,1.2371742386229296
2022-05-11,-0.007028610148342782,-0.007028610148342782,0.0,0.0,1.2284786232140763
2022-05-12,-0.024577148333110945,-0.024577148333110945,0.0,0.0,1.198286121867288
2022-05-13,0.00474687580348629,0.00474687580348629,0.0,0.0,1.2039742372648332
2022-05-16,-0.0020335960752515866,-0.0020335960752515866,0.0,0.0,1.2015258399812274
2022-05-17,-0.0012171459973405962,-0.0012171459973405962,0.0,0.0,1.200063407614393
2022-05-18,0.023170469635442417,0.023170469635442417,0.0,0.0,1.2278694403611279
2022-05-19,-0.017634250176666748,-0.017634250176666748,0.0,0.0,1.206216883465516
2022-05-20,0.0066992883275948855,0.0066992883275948855,0.0,0.0,1.2142976781534645
2022-05-23,0.00016627454314669933,0.00016627454314669933,0.0,0.0,1.2144995849451437
2022-05-24,-0.003438325655314131,-0.003438325655314131,0.0,0.0,1.2103237398638584
2022-05-25,0.0035876621237105064,0.0035876621237105064,0.0,0.0,1.2146659725027957
2022-05-26,-0.0010515503157137321,-0.0010515503157137321,0.0,0.0,1.2133886901159237
2022-05-27,0.011752609137363928,0.011752609137363928,0.0,0.0,1.227649173122554
2022-05-30,0.0153929748052689,0.0153929748052689,0.0,0.0,1.2465463459141386
2022-05-31,0.005025206830950135,0.005025206830950135,0.0,0.0,1.2528104991267224
2022-06-01,-0.009530240085889105,-0.009530240085889105,0.0,0.0,1.2408709142879222
2022-06-02,-0.0035284179328808687,-0.0035284179328808687,0.0,0.0,1.2364926031015584
2022-06-06,0.006322016260251322,0.006322016260251322,0.0,0.0,1.2443097294440468
2022-06-07,-0.004674959399998878,-0.004674959399998878,0.0,0.0,1.2384926319778724
2022-06-08,0.004020760516453985,0.004020760516453985,0.0,0.0,1.2434723142524482
2022-06-09,-0.006301479568797581,-0.006301479568797581,0.0,0.0,1.235636598869821
2022-06-10,-0.006250782610665808,-0.006250782610665808,0.0,0.0,1.2279129031045033
2022-06-13,-0.012739513336207266,-0.012739513336207266,0.0,0.0,1.2122698902997024
2022-06-14,0.004786458520249901,0.004786458520249901,0.0,0.0,1.21807236984497
2022-06-15,-0.00023661879057088563,-0.00023661879057088563,0.0,0.0,1.2177841510339895
2022-06-16,-0.0050625499985310005,-0.0050625499985310005,0.0,0.0,1.2116190578819614
2022-06-17,-0.010110661258386276,-0.010110661258386276,0.0,0.0,1.199368788013512
2022-06-20,-0.01566914014405139,-0.01566914014405139,0.0,0.0,1.1805757103897272
2022-06-21,0.025562630489374332,0.025562630489374332,0.0,0.0,1.2107543310391504
2022-06-22,-0.012996544711998683,-0.012996544711998683,0.0,0.0,1.195018708240554
2022-06-23,0.001353342107666291,0.001353342107666291,0.0,0.0,1.196635977377865
2022-06-24,0.009188008505423471,0.009188008505423471,0.0,0.0,1.2076306789159086
2022-06-27,0.0026347128906211857,0.0026347128906211857,0.0,0.0,1.210812439032758
2022-06-28,-0.005590691202228325,-0.005590691202228325,0.0,0.0,1.2040431605823088
2022-06-29,-0.0054706072265674095,-0.0054706072265674095,0.0,0.0,1.197456313366928
2022-06-30,-0.020499893464029948,-0.020499893464029948,0.0,0.0,1.172908586515076
2022-07-01,-0.013515449639106052,-0.013515449639106052,0.0,0.0,1.1570561995827564
2022-07-04,-0.0021894497016293245,-0.0021894497016293245,0.0,0.0,1.1545228832318115
2022-07-05,0.005252926842111981,0.005252926842111981,0.0,0.0,1.1605875074749725
2022-07-06,-0.021788920716178502,-0.021788920716178502,0.0,0.0,1.135299558290413
2022-07-07,0.003850290568598941,0.003850290568598941,0.0,0.0,1.139670791472233
2022-07-08,-0.0017606222612775227,-0.0017606222612775227,0.0,0.0,1.1376642617062394
2022-07-11,-0.01103631291497168,-0.01103631291497168,0.0,0.0,1.125108642921869
2022-07-12,-0.020154333617135537,-0.020154333617135537,0.0,0.0,1.1024328279768991
2022-07-13,0.02403344661040126,0.02403344661040126,0.0,0.0,1.1289280884896356
2022-07-14,-0.006029647705889204,-0.006029647705889204,0.0,0.0,1.12212104983076
2022-07-15,-0.01316455330313685,-0.01316455330313685,0.0,0.0,1.1073488274576913
2022-07-18,0.0130489202197819,0.0130489202197819,0.0,0.0,1.1217985339626557
2022-07-19,-0.0007132588659224799,-0.0007132588659224799,0.0,0.0,1.120998401212528
2022-07-20,-0.0024321526781991617,-0.0024321526781991617,0.0,0.0,1.118271961948762
2022-07-21,0.006513492930356462,0.006513492930356462,0.0,0.0,1.1255558184671313
2022-07-22,0.003952426958243913,0.003952426958243913,0.0,0.0,1.130004495627049
2022-07-25,0.0071129232712710145,0.0071129232712710145,0.0,0.0,1.1380421309006354
2022-07-26,-0.0016246772186405826,-0.0016246772186405826,0.0,0.0,1.136193179776708
2022-07-27,0.004493072923416375,0.004493072923416375,0.0,0.0,1.141298178588533
2022-07-28,-0.001227770364946139,-0.001227770364946139,0.0,0.0,1.139896926507295
2022-07-29,-0.0003185959679818197,-0.0003185959679818197,0.0,0.0,1.1395337599425948
2022-08-01,0.0028351052486982288,0.0028351052486982288,0.0,0.0,1.1427644580864766
2022-08-02,-0.004951299078988897,-0.004951299078988897,0.0,0.0,1.1371062894776518
2022-08-03,-0.003389322646031593,-0.003389322646031593,0.0,0.0,1.1332522693797802
2022-08-04,-0.006240226247835919,-0.006240226247835919,0.0,0.0,1.1261805188229768
2022-08-05,0.012186053764875634,0.012186053764875634,0.0,0.0,1.139904215174309
2022-08-08,0.0048103707233300656,0.0048103707233300656,0.0,0.0,1.1453875770383841
2022-08-09,0.007906458396216145,0.007906458396216145,0.0,0.0,1.1544435362637808
2022-08-10,0.0008636127382410986,0.0008636127382410986,0.0,0.0,1.1554405284072784
2022-08-11,0.010434850887169066,0.010434850887169066,0.0,0.0,1.1674973780302
2022-08-12,-0.0013732053963238931,-0.0013732053963238931,0.0,0.0,1.165894164330495
2022-08-15,7.07794806696512e-05,7.07794806696512e-05,0.0,0.0,1.165976685713962
2022-08-16,0.0019029959293745805,0.0019029959293745805,0.0,0.0,1.1681955346006212
2022-08-17,0.004712479389163272,0.004712479389163272,0.0,0.0,1.1737006319799392
2022-08-18,-0.003458263614308295,-0.003458263614308295,0.0,0.0,1.1696416657902724
2022-08-19,0.0016897100721544375,0.0016897100721544375,0.0,0.0,1.1716180210937697
2022-08-22,-0.003138080253430563,-0.003138080253430563,0.0,0.0,1.167941389717212
2022-08-23,-0.010977253348213136,-0.010977253348213136,0.0,0.0,1.1551206011864221
2022-08-24,-0.004325496452823901,-0.004325496452823901,0.0,0.0,1.1501241311234065
2022-08-25,0.005985514708424864,0.005985514708424864,0.0,0.0,1.15700821602676
2022-08-26,0.0039504433256373934,0.0039504433256373934,0.0,0.0,1.1615789114114707
2022-08-29,-0.012901770035183308,-0.012901770035183308,0.0,0.0,1.1465924874187214
2022-08-30,0.0017933591270184726,0.0017933591270184726,0.0,0.0,1.1486487395210045
2022-08-31,0.0054922475476152505,0.0054922475476152505,0.0,0.0,1.1549574027437102
2022-09-01,-0.012557475793395853,-0.012557475793395853,0.0,0.0,1.1404540531163527
2022-09-02,-0.005651253696849049,-0.005651253696849049,0.0,0.0,1.1340090579325925
2022-09-05,0.005196403985988179,0.005196403985988179,0.0,0.0,1.13990182712138
2022-09-06,0.0026226015698632456,0.0026226015698632456,0.0,0.0,1.1428913354426786
2022-09-07,-0.013826836604417131,-0.013826836604417131,0.0,0.0,1.1270887636909086
2022-09-08,0.01326898035979783,0.01326898035979783,0.0,0.0,1.1420440823600722
2022-09-12,0.00834286428749278,0.00834286428749278,0.0,0.0,1.1515720011495365
2022-09-13,-0.00019178023665870133,-0.00019178023665870133,0.0,0.0,1.1513511523986266
2022-09-14,-0.013343769399020995,-0.013343769399020995,0.0,0.0,1.1359877881237221
2022-09-15,0.005628964911020556,0.005628964911020556,0.0,0.0,1.1423822235224186
2022-09-16,-0.0037251556223960795,-0.0037251556223960795,0.0,0.0,1.1381266719595386
2022-09-19,-0.006472887954446873,-0.006472887954446873,0.0,0.0,1.130759705533977
2022-09-20,0.0023536430501807674,0.0023536430501807674,0.0,0.0,1.1334211102563314
2022-09-21,-0.006217787254509351,-0.006217787254509351,0.0,0.0,1.1263737389229878
2022-09-22,-0.014265147796419877,-0.014265147796419877,0.0,0.0,1.1103058510632453
2022-09-23,-0.001641962959462537,-0.001641962959462537,0.0,0.0,1.108482769982125
2022-09-26,-0.01719821486534178,-0.01719821486534178,0.0,0.0,1.089418845129443
2022-09-27,-0.0011120512667023236,-0.0011120512667023236,0.0,0.0,1.0882073555227476
2022-09-28,-0.014178185115395795,-0.014178185115395795,0.0,0.0,1.0727785501922107
2022-09-29,0.007135615021909108,0.007135615021909108,0.0,0.0,1.080433484930144
2022-09-30,-0.008511507446591845,-0.008511507446591845,0.0,0.0,1.0712373672776139
2022-10-03,-0.013920404242293962,-0.013920404242293962,0.0,0.0,1.0563253100856587
2022-10-04,0.007519808566982983,0.007519808566982983,0.0,0.0,1.0642686742019618
2022-10-05,0.0050600943449019544,0.0050600943449019544,0.0,0.0,1.0696539741017475
2022-10-06,0.005584872777662385,0.005584872777662385,0.0,0.0,1.0756278554632266
2022-10-07,-0.0057776943606493245,-0.0057776943606493245,0.0,0.0,1.0694132064685593
2022-10-11,-0.020336695569063805,-0.020336695569063805,0.0,0.0,1.0476648756510718
2022-10-12,0.006092511541585483,0.006092511541585483,0.0,0.0,1.0540477859976898
2022-10-13,-0.022675969510664452,-0.022675969510664452,0.0,0.0,1.0301462305396227
2022-10-14,0.0026623963981142204,0.0026623963981142204,0.0,0.0,1.0328888881533425
2022-10-17,-0.0030804774159055247,-0.0030804774159055247,0.0,0.0,1.0297070972602462
2022-10-18,0.006068668941269129,0.006068668941269129,0.0,0.0,1.035956048739994
2022-10-19,-0.008677282223107739,-0.008677282223107739,0.0,0.0,1.0269667657343415
2022-10-20,0.0008155923740226154,0.0008155923740226154,0.0,0.0,1.027804351996849
2022-10-21,0.0010182752501870923,0.0010182752501870923,0.0,0.0,1.0288509397305219
2022-10-24,-0.0009360380764783507,-0.0009360380764783507,0.0,0.0,1.0278878960759137
2022-10-25,0.0050906461192791914,0.0050906461192791914,0.0,0.0,1.0331205096051266
2022-10-26,0.005914767464043435,0.005914767464043435,0.0,0.0,1.0392311771817748
2022-10-27,-0.0026836835639944623,-0.0026836835639944623,0.0,0.0,1.0364422095523815
2022-10-28,-0.00406724137707748,-0.00406724137707748,0.0,0.0,1.0322267489127406
2022-10-31,0.0037377765706277464,0.0037377765706277464,0.0,0.0,1.0360849818704019
2022-11-01,0.009103834157752766,0.009103834157752766,0.0,0.0,1.0455173277186882
2022-11-02,-0.0027669892516317732,-0.0027669892516317732,0.0,0.0,1.0426243925104959
2022-11-03,-0.005221102430999467,-0.005221102430999467,0.0,0.0,1.03718074376014
2022-11-04,0.00904812695584819,0.00904812695584819,0.0,0.0,1.0465652868058428
2022-11-07,0.009637968365767057,0.009637968365767057,0.0,0.0,1.0566520499327874
2022-11-08,0.006510235333166081,0.006510235333166081,0.0,0.0,1.0635311034431223
2022-11-09,0.008701555900393796,0.008701555900393796,0.0,0.0,1.07278547879154
2022-11-10,-0.007077103091611479,-0.007077103091611479,0.0,0.0,1.0651932653629486
2022-11-11,0.023546574403429655,0.023546574403429655,0.0,0.0,1.0902749178398492
2022-11-14,0.00868608773619003,0.00868608773619003,0.0,0.0,1.0997451414327735
2022-11-15,0.0027619446999183114,0.0027619446999183114,0.0,0.0,1.1027825766974146
2022-11-16,-0.008907695588016578,-0.008907695588016578,0.0,0.0,1.0929593252044254
2022-11-17,-0.003258587166748786,-0.003258587166748786,0.0,0.0,1.0893978219735359
2022-11-18,-0.003981464455575356,-0.003981464455575356,0.0,0.0,1.085060423267367
2022-11-21,-0.0013843680346002315,-0.0013843680346002315,0.0,0.0,1.083558300301786
2022-11-22,0.003639078459224045,0.003639078459224045,0.0,0.0,1.0875014539717274
2022-11-23,0.007359844505195567,0.007359844505195567,0.0,0.0,1.0955052955721334
2022-11-24,0.008305542020007932,0.008305542020007932,0.0,0.0,1.104604060837649
2022-11-25,0.00027937640772284574,0.00027937640772284574,0.0,0.0,1.104912661152122
2022-11-28,-0.004213902125095159,-0.004213902125095159,0.0,0.0,1.1002566673412486
2022-11-29,0.013196335054321408,0.013196335054321408,0.0,0.0,1.1147760229692347
2022-11-30,0.012089683242362918,0.012089683242362918,0.0,0.0,1.128253311973114
2022-12-01,-0.002195229215359507,-0.002195229215359507,0.0,0.0,1.1257765373403443
2022-12-02,-0.003923731267948209,-0.003923731267948209,0.0,0.0,1.1213592927400595
2022-12-05,0.0005561117156650254,0.0005561117156650254,0.0,0.0,1.121982893780222
2022-12-06,-0.01040919666740557,-0.01040919666740557,0.0,0.0,1.110303953181399
2022-12-07,0.0033722875241695947,0.0033722875241695947,0.0,0.0,1.1140482173507487
2022-12-08,-0.003194068565142749,-0.003194068565142749,0.0,0.0,1.1104898709596553
2022-12-09,0.004949831109757029,0.004949831109757029,0.0,0.0,1.1159866082700016
2022-12-12,-0.00031006582190385866,-0.00031006582190385866,0.0,0.0,1.1156405789650747
2022-12-13,-0.00797825448027676,-0.00797825448027676,0.0,0.0,1.1067397145175681
2022-12-14,0.009463227748352728,0.009463227748352728,0.0,0.0,1.1172130444941946
2022-12-15,-0.0008373742910962703,-0.0008373742910962703,0.0,0.0,1.1162775190130576
2022-12-16,-0.009185785380798145,-0.009185785380798145,0.0,0.0,1.1060236332979938
2022-12-19,-0.0012123949788730892,-0.0012123949788730892,0.0,0.0,1.1046826957984683
2022-12-20,-0.008906613277491737,-0.008906613277491737,0.0,0.0,1.0948437142326544
2022-12-21,0.00019247527586192987,0.00019247527586192987,0.0,0.0,1.095054444578577
2022-12-22,0.014981987710707134,0.014981987710707134,0.0,0.0,1.1114605368098085
2022-12-23,-0.007439356646988913,-0.007439356646988913,0.0,0.0,1.1031919854774266
2022-12-26,0.0031696570706621534,0.0031696570706621534,0.0,0.0,1.1066887257544928
2022-12-27,0.0024344330704492855,0.0024344330704492855,0.0,0.0,1.109382885387163
2022-12-28,-0.0063371755187841584,-0.0063371755187841584,0.0,0.0,1.1023525313249294
2022-12-29,-0.004409336898340407,-0.004409336898340407,0.0,0.0,1.0974918876335793
2022-12-30,0.004388048029659814,0.004388048029659814,0.0,0.0,1.1023077347486776
2023-01-03,0.00039040573010959374,0.00039040573010959374,0.0,0.0,1.1027380820046677
2023-01-04,0.001491002923230226,0.001491002923230226,0.0,0.0,1.104382267708494
2023-01-05,0.006376515310308922,0.006376515310308922,0.0,0.0,1.111424378146971
2023-01-06,0.0031759940275958047,0.0031759940275958047,0.0,0.0,1.11495425533409
2023-01-09,0.01784757677878214,0.01784757677878214,0.0,0.0,1.1348534870109952
2023-01-10,0.0006147427199208881,0.0006147427199208881,0.0,0.0,1.135551129930312
2023-01-11,-0.008200211249348143,-0.008200211249348143,0.0,0.0,1.1262393707804474
2023-01-12,-0.004952297603973645,-0.004952297603973645,0.0,0.0,1.1206618982430308
2023-01-13,0.0020002336586725823,0.0020002336586725823,0.0,0.0,1.1229034838918883
2023-01-16,0.0073760292443818,0.0073760292443818,0.0,0.0,1.1311860528276931
2023-01-17,0.00012890741945129647,0.00012890741945129647,0.0,0.0,1.1313318711026825
2023-01-30,0.019171718924986886,0.019171718924986886,0.0,0.0,1.1530214477463427
2023-01-31,-0.015794089085019874,-0.015794089085019874,0.0,0.0,1.1348105242836983
2023-02-01,0.0063689875365816944,0.0063689875365816944,0.0,0.0,1.142038118369243
2023-02-02,0.0028242337362840413,0.0028242337362840413,0.0,0.0,1.1452635009512637
2023-02-03,-0.0015527104149530868,-0.0015527104149530868,0.0,0.0,1.143485238385471
2023-02-06,-0.00507564143723233,-0.00507564143723233,0.0,0.0,1.1376813173266582
2023-02-07,0.0022243239601396807,0.0022243239601396807,0.0,0.0,1.1402118891397912
2023-02-08,0.00017419164306678686,0.00017419164306678686,0.0,0.0,1.1404105045222048
2023-02-09,-0.00014080664019495048,-0.00014080664019495048,0.0,0.0,1.14024992715062
2023-02-10,-0.0003757598511158794,-0.0003757598511158794,0.0,0.0,1.1398214670077589
2023-02-13,0.006266087035569532,0.006266087035569532,0.0,0.0,1.14696368752504
2023-02-14,0.004053111146768525,0.004053111146768525,0.0,0.0,1.1516124588318863
2023-02-15,-0.005754164804196498,-0.005754164804196498,0.0,0.0,1.1449858909532016
2023-02-16,0.005019588254397278,0.005019588254397278,0.0,0.0,1.150733248682881
2023-02-17,0.004438743720523964,0.004438743720523964,0.0,0.0,1.1558410586644703
2023-02-20,0.009524172703222077,0.009524172703222077,0.0,0.0,1.1668494885246656
2023-02-21,-0.005385849588461394,-0.005385849588461394,0.0,0.0,1.1605650126870986
2023-02-22,-2.8907885536833965e-05,-2.8907885536833965e-05,0.0,0.0,1.1605314632065538
2023-02-23,0.004531411848434004,0.004531411848434004,0.0,0.0,1.1657903092294084
2023-02-24,-0.0040906402910255,-0.0040906402910255,0.0,0.0,1.1610214804195875
2023-03-01,-0.006603233066378215,-0.006603233066378215,0.0,0.0,1.1533549849893054
2023-03-02,-0.0002863176409106211,-0.0002863176409106211,0.0,0.0,1.1530247591108709
2023-03-03,0.0029318403601502267,0.0029318403601502267,0.0,0.0,1.1564052436358845
2023-03-06,0.007704098925551619,0.007704098925551619,0.0,0.0,1.165314304030882
2023-03-07,0.0042831452485431725,0.0042831452485431725,0.0,0.0,1.1703055144552512
2023-03-08,-0.0003990818801810462,-0.0003990818801810462,0.0,0.0,1.1698384667301562
2023-03-09,-0.006809828402065676,-0.006809828402065676,0.0,0.0,1.1618720675135883
2023-03-10,-0.011904029528079427,-0.011904029528079427,0.0,0.0,1.1480411081140558
2023-03-13,-0.0021055114553213323,-0.0021055114553213323,0.0,0.0,1.1456238944097419
2023-03-14,-0.012297826708612132,-0.012297826708612132,0.0,0.0,1.1315352102830456
2023-03-15,-0.0025796077012272857,-0.0025796077012272857,0.0,0.0,1.1286162933403896
2023-03-16,-0.011717909015550174,-0.011717909015550174,0.0,0.0,1.1153912703015594
2023-03-17,0.005861984890897594,0.005861984890897594,0.0,0.0,1.1219296770755063
2023-03-20,-0.002256261500277335,-0.002256261500277335,0.0,0.0,1.1193983103391023
2023-03-21,0.005894005624244129,0.005894005624244129,0.0,0.0,1.1259960502760102
2023-03-22,0.011413958997786685,0.011413958997786685,0.0,0.0,1.1388481230255303
2023-03-23,0.0056239149275094345,0.0056239149275094345,0.0,0.0,1.1452529079847797
2023-03-24,0.0017515517146074351,0.0017515517146074351,0.0,0.0,1.1472588776794195
2023-03-27,-0.0002162727832840483,-0.0002162727832840483,0.0,0.0,1.1470107568087964
2023-03-28,-0.0020135362946470782,-0.0020135362946470782,0.0,0.0,1.1447012090196114
2023-03-29,0.00635207996127075,0.00635207996127075,0.0,0.0,1.1519724426310674
2023-03-30,-0.0004169387852970858,-0.0004169387852970858,0.0,0.0,1.151492140640141
2023-03-31,0.0030500111904458132,0.0030500111904458132,0.0,0.0,1.155004204554804
2023-04-06,0.0034932685604867693,0.0034932685604867693,0.0,0.0,1.1590389444298053
2023-04-07,-0.0005486457856386796,-0.0005486457856386796,0.0,0.0,1.1584030425975527
2023-04-10,0.0040894890814457685,0.0040894890814457685,0.0,0.0,1.163140319192169
2023-04-11,0.006125561398308009,0.006125561398308009,0.0,0.0,1.170265206632228
2023-04-12,0.0018236654880378952,0.0018236654880378952,0.0,0.0,1.1723993789014149
2023-04-13,0.0005698717452848031,-0.00015622629822415336,0.4840653623393043,0.0007260980435089564,1.1722162192864087
2023-04-14,0.002204382137479575,0.002204382137479575,0.0,0.0,1.1748002317814674
2023-04-17,-0.0007002829217752357,-0.0007002829217752357,0.0,0.0,1.1739775392426532
2023-04-18,0.0015521705146407786,0.0015521705146407786,0.0,0.0,1.1757997525639163
2023-04-19,-0.002271137535473973,-0.002271137535473973,0.0,0.0,1.1731293496116675
2023-04-20,-0.00670998698957374,-0.00670998698957374,0.0,0.0,1.165257666938686
2023-04-21,0.00011616077389246424,0.00011616077389246424,0.0,0.0,1.1653930241710617
2023-04-24,0.001586170756137499,0.001586170756137499,0.0,0.0,1.1672415365054085
2023-04-25,-0.005595660838337552,-0.005595660838337552,0.0,0.0,1.1607100487507043
2023-04-26,0.005279175787459805,0.005279175787459805,0.0,0.0,1.1668376411363302
2023-04-27,-0.00016884961987876344,-0.00016884961987876344,0.0,0.0,1.166640621044164
2023-04-28,0.0027301418007505155,0.0027301418007505155,0.0,0.0,1.1698257153701304
2023-05-02,0.0045144657888047494,0.0045144657888047494,0.0,0.0,1.175106853541033
2023-05-03,-0.0019854342504505777,-0.0019854342504505777,0.0,0.0,1.1727737561460734
2023-05-04,0.004621111224574874,0.004621111224574874,0.0,0.0,1.178193274114487
2023-05-05,0.0006877385435871278,0.0006877385435871278,0.0,0.0,1.1790035630408906
2023-05-08,0.0040794441676907265,0.0040794441676907265,0.0,0.0,1.1838132422498244
2023-05-09,0.003527884297535503,0.003527884297535503,0.0,0.0,1.1879895983983721
2023-05-10,0.0012270249393386485,0.0012270249393386485,0.0,0.0,1.1894472912632819
2023-05-11,-0.0033337488075111466,-0.0033337488075111466,0.0,0.0,1.1854819727744355
2023-05-12,-0.001482155697779152,-0.001482155697779152,0.0,0.0,1.1837249039138735
2023-05-15,0.0006368311661121664,0.0006368311661121664,0.0,0.0,1.184478736824789
2023-05-16,0.008836966830815687,0.008836966830815687,0.0,0.0,1.1949459361339163
2023-05-17,0.008984224461327971,0.008984224461327971,0.0,0.0,1.2056815986432952
2023-05-18,0.003973651172208669,0.003973651172208669,0.0,0.0,1.2104725567410544
2023-05-19,0.005549750144767642,0.005549750144767642,0.0,0.0,1.2171903769880652
2023-05-22,0.00024109590967378778,0.00024109590967378778,0.0,0.0,1.2174838366092513
2023-05-23,0.0011175826429757959,0.0011175826429757959,0.0,0.0,1.2188444754131496
2023-05-24,-0.000669259228795441,-0.000669259228795441,0.0,0.0,1.218028752499513
2023-05-25,-0.0016664587788566007,-0.0016664587788566007,0.0,0.0,1.2159989577920105
2023-05-26,0.0010759135092542936,0.0010759135092542936,0.0,0.0,1.2173072674979382
2023-05-29,0.005293082161401836,0.005293082161401836,0.0,0.0,1.2237505748804764
2023-05-30,0.0008738298675437721,0.0008738298675437721,0.0,0.0,1.2248199246832308
2023-05-31,0.0017420846682589344,0.0017420846682589344,0.0,0.0,1.2269536646953996
2023-06-01,-0.003628254398430616,-0.003628254398430616,0.0,0.0,1.2225019646647979
2023-06-02,0.007885734486220203,0.007885734486220203,0.0,0.0,1.232142290567027
2023-06-05,0.005452425199761366,0.005452425199761366,0.0,0.0,1.2388604542418065
2023-06-06,0.00102486689695452,0.00102486689695452,0.0,0.0,1.240130121311305
2023-06-07,0.004733231247035023,0.004733231247035023,0.0,0.0,1.245999943951885
2023-06-08,-0.00189341474716047,-0.00189341474716047,0.0,0.0,1.2436407492830455
2023-06-09,0.0069810030831290735,0.0069810030831290735,0.0,0.0,1.2523226091880952
2023-06-12,-0.0022661599652962477,-0.0022661599652962477,0.0,0.0,1.249484645827518
2023-06-13,0.00773325184145394,0.00773325184145394,0.0,0.0,1.259147225265732
2023-06-14,0.0006460005381304276,0.0006460005381304276,0.0,0.0,1.259960635050839
2023-06-15,0.004224517624730368,0.004224517624730368,0.0,0.0,1.2652833609600778
2023-06-16,-0.004617136747819171,-0.004617136747819171,0.0,0.0,1.2594413746577848
2023-06-19,0.003368476144464544,0.003368476144464544,0.0,0.0,1.2636837728836712
2023-06-20,-0.002403822880576785,-0.002403822880576785,0.0,0.0,1.2606461009165997
2023-06-21,0.004393340867196814,0.004393340867196814,0.0,0.0,1.2661845489508288
2023-06-26,-0.004046183777088625,-0.004046183777088625,0.0,0.0,1.2610613335700636
2023-06-27,-0.011615058909671981,-0.011615058909671981,0.0,0.0,1.246414031891938
2023-06-28,0.0019709460739784235,0.0019709460739784235,0.0,0.0,1.248870646734647
2023-06-29,-0.0017735117571073156,-0.0017735117571073156,0.0,0.0,1.2466557599595571
2023-06-30,-0.00532614528622149,-0.00532614528622149,0.0,0.0,1.2400158902601077
2023-07-03,0.006351231237687071,0.006351231237687071,0.0,0.0,1.247891517917556
2023-07-04,0.0024588001670615917,0.0024588001670615917,0.0,0.0,1.2509598337902865
2023-07-05,-0.00575055660886494,-0.00575055660886494,0.0,0.0,1.2437661184506592
2023-07-06,-0.013581305715151306,-0.013581305715151306,0.0,0.0,1.2268741505578338
2023-07-07,-0.008303322314375198,-0.008303322314375198,0.0,0.0,1.2166870190465768
2023-07-10,0.0008877688681648716,0.0008877688681648716,0.0,0.0,1.2177671559043866
2023-07-11,0.01592662784916077,0.01592662784916077,0.0,0.0,1.2371620802034067
2023-07-12,0.0060316033091969996,0.0060316033091969996,0.0,0.0,1.2446241511003746
2023-07-13,0.0035467644426307103,0.0035467644426307103,0.0,0.0,1.249038539783937
2023-07-14,0.013931762645570712,0.013931762645570712,0.0,0.0,1.266439848255377
2023-07-17,0.009345884696653591,0.009345884696653591,0.0,0.0,1.2782758490524193
2023-07-18,0.0021911584318080155,0.0021911584318080155,0.0,0.0,1.281076753957247
2023-07-19,-0.008564397258887751,-0.008564397258887751,0.0,0.0,1.2701051037172306
2023-07-20,0.001173504165933494,0.001173504165933494,0.0,0.0,1.2715955773476162
2023-07-21,-0.0015150534857845445,-0.0015150534857845445,0.0,0.0,1.2696690420356476
2023-07-24,-0.0005817222097639346,-0.0005817222097639346,0.0,0.0,1.2689304473548457
2023-07-25,0.0071859728497842956,0.0071859728497842956,0.0,0.0,1.2780489470978023
2023-07-26,0.003514144046005578,0.003514144046005578,0.0,0.0,1.2825401951957498
2023-07-27,0.0006713277209861239,0.0006713277209861239,0.0,0.0,1.2834011999820638
2023-07-28,0.0018783390562233135,0.0018783390562233135,0.0,0.0,1.2858118625807942
2023-07-31,-0.004073811253144802,-0.004073811253144802,0.0,0.0,1.2805737077455854
2023-08-01,0.0031874096569757693,0.0031874096569757693,0.0,0.0,1.284655420748123
2023-08-02,-0.016974664795816184,-0.016974664795816184,0.0,0.0,1.2628488256027952
2023-08-04,0.0013596646309113167,0.0013596646309113167,0.0,0.0,1.2645658764851553
2023-08-07,0.01196887299609255,0.01196887299609255,0.0,0.0,1.2797013048559984
2023-08-08,-0.003240237369816025,-0.003240237369816025,0.0,0.0,1.2755547688658018
2023-08-09,-0.00376165674676089,-0.00376165674676089,0.0,0.0,1.2707565696636347
2023-08-10,-0.009938404229451157,-0.009938404229451157,0.0,0.0,1.2581272771970868
2023-08-11,-0.005550064556745158,-0.005550064556745158,0.0,0.0,1.251144589588041
2023-08-14,-0.009662166001578583,-0.009662166001578583,0.0,0.0,1.2390558228714645
2023-08-15,-0.00043128217616642006,-0.00043128217616642006,0.0,0.0,1.2385214401797848
2023-08-16,-0.004976784755806188,-0.004976784755806188,0.0,0.0,1.232357585556559
2023-08-17,-0.0019288663268960744,-0.0019288663268960744,0.0,0.0,1.229980532507084
2023-08-18,-0.0026704192204378813,-0.0026704192204378813,0.0,0.0,1.2266959688523127
2023-08-21,0.0018156582711048555,0.0018156582711048555,0.0,0.0,1.2289232295342905
2023-08-22,-0.001012217700049749,-0.001012217700049749,0.0,0.0,1.2276792916893535
2023-08-23,0.0022660682463622787,0.0022660682463622787,0.0,0.0,1.2304612967489672
2023-08-24,0.0028697229193695574,0.0028697229193695574,0.0,0.0,1.2339923797336447
2023-08-25,-0.007891240357484343,-0.007891240357484343,0.0,0.0,1.2242546492658624
2023-08-28,0.0020366507811066616,0.0020366507811066616,0.0,0.0,1.2267480284535632
2023-08-29,0.005573725718927888,0.005573725718927888,0.0,0.0,1.233585585490399
2023-08-30,0.0029736356153251364,0.0029736356153251364,0.0,0.0,1.237253819521965
2023-08-31,-0.008369145786116583,-0.008369145786116583,0.0,0.0,1.226899061931956
2023-09-01,0.0029895346443647537,0.0029895346443647537,0.0,0.0,1.2305669191827402
2023-09-04,0.003998251423179621,0.003998251423179621,0.0,0.0,1.2354870351186802
2023-09-05,0.00015920096091393964,0.00015920096091393964,0.0,0.0,1.2356837258418678
2023-09-06,-0.0018451869091415964,-0.0018451869091415964,0.0,0.0,1.233403658407105
2023-09-07,-0.001443031510594253,-0.001443031510594253,0.0,0.0,1.2316238180627415
2023-09-08,0.0010035653222400188,0.0010035653222400188,0.0,0.0,1.232859833016594
2023-09-11,-0.0029774629347244165,-0.0029774629347244165,0.0,0.0,1.2291890385600766
2023-09-12,0.006323633260246089,0.006323633260246089,0.0,0.0,1.2369619792474449
2023-09-13,0.0016691766219846492,0.0016691766219846492,0.0,0.0,1.2390266872654887
2023-09-14,0.011994738297424038,0.011994738297424038,0.0,0.0,1.2538884881227625
2023-09-15,0.0004401054775139391,0.0004401054775139391,0.0,0.0,1.2544403313145769
2023-09-18,-0.004785597908692051,-0.004785597908692051,0.0,0.0,1.248437084288459
2023-09-19,0.0010178167649101697,0.0010178167649101697,0.0,0.0,1.2497077644827832
2023-09-20,-0.004641861173255685,-0.004641861173255685,0.0,0.0,1.2439067945329143
2023-09-21,-0.012996479245138243,-0.012996479245138243,0.0,0.0,1.2277403856948808
2023-09-22,0.004266227006028536,0.004266227006028536,0.0,0.0,1.2329782048847242
2023-09-25,0.0038903419931024742,0.0038903419931024742,0.0,0.0,1.2377749117717673
2023-09-26,-0.008546803170082409,-0.008546803170082409,0.0,0.0,1.227195893231988
2023-09-27,0.000768703815183285,0.000768703815183285,0.0,0.0,1.2281392433970928
2023-09-28,0.002955036281055646,0.002955036281055646,0.0,0.0,1.2317684394195196
2023-10-02,0.003126947273017768,0.003126947273017768,0.0,0.0,1.235620114382152
2023-10-03,-0.00542329924202004,-0.00542329924202004,0.0,0.0,1.2289189767523985
2023-10-04,-0.011303854344496435,-0.011303854344496435,0.0,0.0,1.2150274556380019
2023-10-05,0.00839443576907083,0.00839443576907083,0.0,0.0,1.2252269255720127
2023-10-06,0.00533777902582503,0.00533777902582503,0.0,0.0,1.2317669161572071
2023-10-11,0.01193205942096559,0.01193205942096559,0.0,0.0,1.2464644321935745
2023-10-12,0.006057819378507064,0.006057819378507064,0.0,0.0,1.2540152885855365
2023-10-13,-0.006664307844139858,-0.006664307844139858,0.0,0.0,1.2456581446611446
2023-10-16,-0.001321200510059675,-0.001321200510059675,0.0,0.0,1.2440123804850582
2023-10-17,-0.0034531696803419823,-0.0034531696803419823,0.0,0.0,1.2397165946507973
2023-10-18,-0.005354240072714475,-0.005354240072714475,0.0,0.0,1.2330788543809088
2023-10-19,-0.0048151873090987885,-0.0048151873090987885,0.0,0.0,1.2271413487301757
2023-10-20,-0.007081286052057723,-0.007081286052057723,0.0,0.0,1.2184516098135094
2023-10-23,-0.006342174450414619,-0.006342174450414619,0.0,0.0,1.2107239771446836
2023-10-24,0.0038270054893721427,0.0038270054893721427,0.0,0.0,1.2153574244513308
2023-10-25,0.00010135553382287378,0.00010135553382287378,0.0,0.0,1.2154806076518718
2023-10-26,-0.00856075545041991,-0.00856075545041991,0.0,0.0,1.2050751754150364
2023-10-27,0.005667953668300085,0.005667953668300085,0.0,0.0,1.2119054856761076
2023-10-30,-0.004089081150129219,-0.004089081150129219,0.0,0.0,1.2069499057988913
2023-10-31,-0.00253659787557816,-0.00253659787557816,0.0,0.0,1.2038883592319125
2023-11-01,0.004925841652797862,0.004925841652797862,0.0,0.0,1.2098185226571356
2023-11-02,0.012422922589063634,0.012422922589063634,0.0,0.0,1.2248480045109207
2023-11-03,0.006667461809767673,0.006667461809767673,0.0,0.0,1.2330146318037676
2023-11-06,0.008326800962923384,0.008326800962923384,0.0,0.0,1.2432816992271698
2023-11-07,-0.001275347910641029,-0.001275347910641029,0.0,0.0,1.2416960825097223
2023-11-08,0.003997570418575186,0.003997570418575186,0.0,0.0,1.246659850038024
2023-11-09,-0.0016939038891084536,-0.0016939038891084536,0.0,0.0,1.244548128069649
2023-11-10,-0.002379680689302759,-0.002379680689302759,0.0,0.0,1.2415865009223739
2023-11-13,-0.0007999934794504625,-0.0007999934794504625,0.0,0.0,1.2405932398174622
2023-11-14,0.0028990635551165767,0.0028990635551165767,0.0,0.0,1.2441897984657408
2023-11-15,0.009687912645225984,0.009687912645225984,0.0,0.0,1.2562434005473584
2023-11-16,0.0048017260160786255,0.0048017260160786255,0.0,0.0,1.2622755371662937
2023-11-17,0.0003710398162609127,0.0003710398162609127,0.0,0.0,1.2627438916496745
2023-11-20,0.0001281595693048398,0.0001281595693048398,0.0,0.0,1.2629057243629707
2023-11-21,0.011480129249414826,0.011480129249414826,0.0,0.0,1.2774040453084834
2023-11-22,-0.00592830840692591,-0.00592830840692591,0.0,0.0,1.26983120016764
2023-11-23,0.0004789824740329638,0.0004789824740329638,0.0,0.0,1.2704394270575006
2023-11-24,-0.00019461348059906006,-0.00019461348059906006,0.0,0.0,1.2701921824187108
2023-11-27,-0.0022265478424273047,-0.0022265478424273047,0.0,0.0,1.2673640387554785
2023-11-28,0.006317984723127093,0.006317984723127093,0.0,0.0,1.2753712253909764
2023-11-29,-0.00047505462940262223,-0.00047505462940262223,0.0,0.0,1.2747653543861475
2023-11-30,0.004017980438341501,0.004017980438341501,0.0,0.0,1.2798873366435466
2023-12-01,-0.00529611338487935,-0.00529611338487935,0.0,0.0,1.2731089081888112
2023-12-04,0.004361522200703933,0.004361522200703933,0.0,0.0,1.2786616009557905
2023-12-05,-0.0008734345862244634,-0.0008734345862244634,0.0,0.0,1.2775447736894385
2023-12-06,0.004295834304932208,0.004295834304932208,0.0,0.0,1.2830328943543405
2023-12-07,-0.005729295973120432,-0.005729295973120432,0.0,0.0,1.2756820191593352
2023-12-08,0.002875017456679174,0.002875017456679174,0.0,0.0,1.27934962723359
2023-12-11,0.0009945039691647397,0.0009945039691647397,0.0,0.0,1.2806219455158234
2023-12-12,0.0018275810262188765,0.0018275810262188765,0.0,0.0,1.2829623858852077
2023-12-13,0.0021817767107321414,0.0021817767107321414,0.0,0.0,1.2857615233394775
2023-12-14,0.009146519313524757,0.009146519313524757,0.0,0.0,1.297521765945289
2023-12-15,-0.006909472557289386,-0.006909472557289386,0.0,0.0,1.2885565749110044
2023-12-18,0.00066118121169086,0.00066118121169086,0.0,0.0,1.2894085443085361
2023-12-19,-0.005674478392652497,-0.005674478392652497,0.0,0.0,1.282091823384556
2023-12-20,0.002949351690471038,0.002949351690471038,0.0,0.0,1.2858731630711944
2023-12-21,-0.0025783430852754146,-0.0025783430852754146,0.0,0.0,1.2825577408926485
2023-12-22,4.65787161313148e-05,4.65787161313148e-05,0.0,0.0,1.2826174807855835
2023-12-25,0.0033255142232709884,0.0033255142232709884,0.0,0.0,1.286882843460952
2023-12-26,0.007745414639193068,0.007745414639193068,0.0,0.0,1.296850284675621
2023-12-27,0.006909066301407469,0.006909066301407469,0.0,0.0,1.305810309275444
2023-12-28,0.0023189412952735865,0.0023189412952735865,0.0,0.0,1.3088384067254168
2023-12-29,0.0029898756455883106,0.0029898756455883106,0.0,0.0,1.312751670801696
2024-01-02,-0.0019386186429375925,-0.0019386186429375925,0.0,0.0,1.3102067459391324
2024-01-03,-0.011919298125783549,-0.011919298125783549,0.0,0.0,1.2945900011278713
2024-01-04,0.002113591991349602,0.002113591991349602,0.0,0.0,1.2973262361863362
2024-01-05,0.0009356359476425172,0.0009356359476425172,0.0,0.0,1.298540061248732
2024-01-08,0.0035468172309736615,0.0035468172309736615,0.0,0.0,1.3031457455130784
2024-01-09,-0.006204240519863388,-0.006204240519863388,0.0,0.0,1.2950607158754786
2024-01-10,-0.005836728667823306,-0.005836728667823306,0.0,0.0,1.2875017978685563
2024-01-11,0.004299928666504715,0.004299928666504715,0.0,0.0,1.2930379637573877
2024-01-12,-0.0030388660474004103,-0.0030388660474004103,0.0,0.0,1.2891085945913254
2024-01-15,-0.0012408114011523092,-0.0012408114011523092,0.0,0.0,1.287509053949833
2024-01-16,-0.010350428821739885,-0.010350428821739885,0.0,0.0,1.2741827831295798
2024-01-17,-0.01403186074872224,-0.01403186074872224,0.0,0.0,1.2563036277482862
2024-01-18,0.0022491375285594965,0.0022491375285594965,0.0,0.0,1.2591292273847203
2024-01-19,0.010106849124902553,0.010106849124902553,0.0,0.0,1.271855056514653
2024-01-22,0.005938750010133373,0.005938750010133373,0.0,0.0,1.2794082857444173
2024-01-23,0.00286092772016872,0.00286092772016872,0.0,0.0,1.2830685803745172
2024-01-24,0.0015261691462201653,0.0015261691462201653,0.0,0.0,1.2850267600543692
2024-01-25,0.0013015861845469317,0.0013015861845469317,0.0,0.0,1.286699333132029
2024-01-26,0.002195832313194125,0.002195832313194125,0.0,0.0,1.2895247091050857
2024-01-29,0.004452459378093311,0.004452459378093311,0.0,0.0,1.2952662654894236
2024-01-30,-0.0074475481329320066,-0.0074475481329320066,0.0,0.0,1.285619707632228
2024-01-31,-0.00039378008824531626,-0.00039378008824531626,0.0,0.0,1.2851134561903066
2024-02-01,0.007112686561540396,0.007112686561540396,0.0,0.0,1.294254065400206
2024-02-02,0.0003715822703796098,0.0003715822703796098,0.0,0.0,1.2947349872642753
2024-02-05,-0.004818556943094279,-0.004818556943094279,0.0,0.0,1.2884962330019258
2024-02-15,0.001581549503434158,0.001581549503434158,0.0,0.0,1.2905340535794068
2024-02-16,0.0029781329879764607,0.0029781329879764607,0.0,0.0,1.2943774356164788
2024-02-19,0.00795418286583408,0.00795418286583408,0.0,0.0,1.3046731504367817
2024-02-20,0.0028196375174523035,0.0028196375174523035,0.0,0.0,1.308351855799766
2024-02-21,-0.002040464152585398,-0.002040464152585398,0.0,0.0,1.305682210739038
2024-02-22,0.0027997796493070526,0.0027997796493070526,0.0,0.0,1.3093378332211274
2024-02-23,-0.005588302635975381,-0.005588302635975381,0.0,0.0,1.3020208571563554
2024-02-26,-0.0020764655317947038,-0.0020764655317947038,0.0,0.0,1.2993172557247923
2024-02-27,-0.0012204626923888694,-0.0012204626923888694,0.0,0.0,1.297731487488603
2024-02-29,0.007456388522538325,0.007456388522538325,0.0,0.0,1.3074078776572495
2024-03-01,-0.0035486821430313776,-0.0035486821430313776,0.0,0.0,1.3027683026681487
2024-03-04,0.00368936116442719,0.00368936116442719,0.0,0.0,1.3075746854502592
2024-03-05,-6.863405291337658e-05,-6.863405291337658e-05,0.0,0.0,1.30748494130011
2024-03-06,0.0037770520345450833,0.0037770520345450833,0.0,0.0,1.3124233799577845
2024-03-07,-0.0004951844860295114,-0.0004951844860295114,0.0,0.0,1.311773488260927
2024-03-08,0.000701694568424479,0.000701694568424479,0.0,0.0,1.3126939525926429
2024-03-11,0.003739471088579063,0.003739471088579063,0.0,0.0,1.3176027336765155
2024-03-12,0.010715826098569466,0.010715826098569466,0.0,0.0,1.3317219354375927
2024-03-13,0.0059947446715173216,0.0059947446715173216,0.0,0.0,1.339705268414
2024-03-14,0.005273711976596439,0.005273711976596439,0.0,0.0,1.3467704881331444
2024-03-15,0.003222616643575192,0.003222616643575192,0.0,0.0,1.3511106131232782
2024-03-18,-0.0016646436493145693,-0.0016646436493145693,0.0,0.0,1.348861495421621
2024-03-19,-0.000270198427070845,-0.000270198427070845,0.0,0.0,1.3484970351672216
2024-03-20,-0.0030072564183566265,-0.0030072564183566265,0.0,0.0,1.3444417588030801
2024-03-21,0.014199618138672406,0.014199618138672406,0.0,0.0,1.3635323183877688
2024-03-22,0.0001442432576715221,0.0001442432576715221,0.0,0.0,1.3637289987313135
2024-03-25,-0.0009893445932208852,-0.0009893445932208852,0.0,0.0,1.3623798008198003
2024-03-26,0.003283591063893354,0.003283591063893354,0.0,0.0,1.3668532989594009
2024-03-27,0.0063825203380225865,0.0063825203380225865,0.0,0.0,1.3755772679391025
2024-03-28,0.00039553772940948903,0.00039553772940948903,0.0,0.0,1.3761213606482905
2024-03-29,0.0026429719929450253,0.0026429719929450253,0.0,0.0,1.3797584108633774
2024-04-01,-0.0012687895567282872,-0.0012687895567282872,0.0,0.0,1.3780077878008659
2024-04-02,0.00217514694954616,0.00217514694954616,0.0,0.0,1.3810051572369517
2024-04-03,-0.011433773594384187,-0.011433773594384187,0.0,0.0,1.3652150569364276
2024-04-08,0.0064777595165514314,0.0064777595165514314,0.0,0.0,1.374058591763637
2024-04-09,0.0036685323830480242,0.0036685323830480242,0.0,0.0,1.3790993702037273
2024-04-10,-0.000548063278593287,-0.000548063278593287,0.0,0.0,1.3783435364813876
2024-04-11,-0.0016018148992757593,-0.0016018148992757593,0.0,0.0,1.3761356852683313
2024-04-12,-0.005728693859095104,-0.005728693859095104,0.0,0.0,1.368252225218853
2024-04-15,-0.0028803298083271032,-0.0028803298083271032,0.0,0.0,1.3643112075492452
2024-04-16,-0.023156886164670442,-0.023156886164670442,0.0,0.0,1.3327180082228431
2024-04-17,0.005911748436434778,0.005911748436434778,0.0,0.0,1.3405967018241631
2024-04-18,0.006355444495817787,0.006355444495817787,0.0,0.0,1.349116789753883
2024-04-19,-0.01469048552146323,-0.01469048552146323,0.0,0.0,1.3292976090872406
2024-04-22,0.011825030015749907,0.011825030015749907,0.0,0.0,1.3450165932145617
2024-04-23,0.005100531845714383,0.005100531845714383,0.0,0.0,1.351876893181267
2024-04-24,0.004352044348157474,0.004352044348157474,0.0,0.0,1.3577603213736413
2024-04-25,-0.006084559115388857,-0.006829920359624847,0.4969074961573268,0.0007453612442359902,1.3484869265112007
2024-04-26,0.003214497085582569,0.003214497085582569,0.0,0.0,1.3528216338064172
2024-04-29,0.01687106832802892,0.01687106832802892,0.0,0.0,1.375645180026001
2024-04-30,-0.00286363746709959,-0.00286363746709959,0.0,0.0,1.3717058309470436
2024-05-02,0.0016191865915697393,0.0016191865915697393,0.0,0.0,1.3739268786360912
2024-05-03,0.000782692861036859,0.000782692861036859,0.0,0.0,1.3750022413955862
2024-05-06,0.015021288141985481,0.015021288141985481,0.0,0.0,1.3956565462594652
2024-05-07,-0.0004008694219272353,-0.0004008694219272353,0.0,0.0,1.3950970702265573
2024-05-08,0.0007433814082770748,0.0007433814082770748,0.0,0.0,1.3961341594513055
2024-05-09,-0.007505580043881176,-0.007505580043881176,0.0,0.0,1.385655362765547
2024-05-10,0.010901113235705407,0.010901113235705407,0.0,0.0,1.4007605487807167
2024-05-13,0.0010435321769846808,0.0010435321769846808,0.0,0.0,1.40222228748562
2024-05-14,-0.006455479258580649,-0.006455479258580649,0.0,0.0,1.393170270592837
2024-05-15,0.0013693502121582936,0.0013693502121582936,0.0,0.0,1.395078008598446
2024-05-16,0.008950871914654152,0.008950871914654152,0.0,0.0,1.4075651731643612
2024-05-17,0.001116512677226694,0.001116512677226694,0.0,0.0,1.409136737524222
2024-05-20,0.0079482117009703,0.0079482117009703,0.0,0.0,1.4203368546296793
2024-05-21,-0.004584150119673209,-0.004584150119673209,0.0,0.0,1.4138258172675524
2024-05-22,0.004339673747074713,0.004339673747074713,0.0,0.0,1.4199613600496848
2024-05-23,-0.001264866190240771,-0.001264866190240771,0.0,0.0,1.4181652989339095
2024-05-24,-0.004130190979392311,-0.004130190979392311,0.0,0.0,1.4123080054089656
2024-05-27,0.006376066569353433,0.006376066569353433,0.0,0.0,1.4213129752678841
2024-05-28,0.0009127427711273751,0.0009127427711273751,0.0,0.0,1.4226102684115693
2024-05-29,-0.011380760594226602,-0.011380760594226602,0.0,0.0,1.4064198815278888
2024-05-30,-0.004957095637930882,-0.004957095637930882,0.0,0.0,1.3994481236680676
2024-05-31,0.005748916333451076,0.005748916333451076,0.0,0.0,1.4074934338440404
2024-06-03,0.004654725911997944,0.004654725911997944,0.0,0.0,1.4140449300015212
2024-06-04,-0.0048805454402933695,-0.0048805454402933695,0.0,0.0,1.4071436194660323
2024-06-05,0.0007393491689484889,0.0007393491689484889,0.0,0.0,1.4081839899316757
2024-06-06,0.0036031448534426394,0.0036031448534426394,0.0,0.0,1.4132578808276983
2024-06-07,0.0039022191637481975,0.0039022191637481975,0.0,0.0,1.4187727228135822
2024-06-11,-0.004060717657449502,-0.004060717657449502,0.0,0.0,1.4130114873661455
2024-06-12,0.0014155727866799364,0.0014155727866799364,0.0,0.0,1.4150117079749271
2024-06-13,0.004395207776840471,0.004395207776840471,0.0,0.0,1.421230978438139
2024-06-14,0.006065638392313116,0.006065638392313116,0.0,0.0,1.4298516516252981
2024-06-17,0.000548013768415979,0.000548013768415979,0.0,0.0,1.4306352300171812
2024-06-18,0.006328772637349803,0.006328772637349803,0.0,0.0,1.4396893951149425
2024-06-19,0.0007348668800461278,0.0007348668800461278,0.0,0.0,1.4407473751689663
2024-06-20,0.00475602047172615,0.00475602047172615,0.0,0.0,1.4475995991798556
2024-06-21,-0.0017395297307136225,-0.0017395297307136225,0.0,0.0,1.445081456638913
2024-06-24,-0.0030675972054902863,-0.0030675972054902863,0.0,0.0,1.4406485288008215
2024-06-25,0.003973383880901955,0.003973383880901955,0.0,0.0,1.4463727784432039
2024-06-26,-0.007004228853522711,-0.007004228853522711,0.0,0.0,1.4362420524954822
2024-06-27,-0.009254718256748628,-0.009254718256748628,0.0,0.0,1.422950036951142
2024-06-28,0.0030512438274440954,0.0030512438274440954,0.0,0.0,1.4272918044681506
2024-07-01,0.0042981760101437755,0.0042981760101437755,0.0,0.0,1.4334265558615904
2024-07-02,0.0012725442083518239,0.0012725442083518239,0.0,0.0,1.4352506545233499
2024-07-03,0.008982349790708147,0.008982349790708147,0.0,0.0,1.4481425779396215
2024-07-04,0.002320162938104232,0.002320162938104232,0.0,0.0,1.4515025046780476
2024-07-05,0.0038179478131989417,0.0038179478131989417,0.0,0.0,1.457044265491636
2024-07-08,-0.006130029929490093,-0.006130029929490093,0.0,0.0,1.4481125405355804
2024-07-09,-0.007092673122844052,-0.007092673122844052,0.0,0.0,1.4378415516404703
2024-07-10,-0.0004964251029336382,-0.0004964251029336382,0.0,0.0,1.4371277710001948
2024-07-11,0.003100446840269721,0.003100446840269721,0.0,0.0,1.4415835092568563
2024-07-12,0.0035728888667369623,0.0035728888667369623,0.0,0.0,1.4467341269275518
2024-07-15,-0.00089158867628653,-0.00089158867628653,0.0,0.0,1.4454442351623857
2024-07-16,-0.0010899706102537655,-0.0010899706102537655,0.0,0.0,1.443868743427298
2024-07-17,0.002393635970982952,0.002393635970982952,0.0,0.0,1.4473248395889435
2024-07-18,0.0073778584667368585,0.0073778584667368585,0.0,0.0,1.4580029974108233
2024-07-19,-0.010139307669440961,-0.010139307669440961,0.0,0.0,1.443219856437108
2024-07-22,-0.011443648271550432,-0.011443648271550432,0.0,0.0,1.4267041560215241
2024-07-23,0.012920782463902523,0.012920782463902523,0.0,0.0,1.445138290061824
2024-07-26,-0.011755607274939031,-0.011755607274939031,0.0,0.0,1.4281498118658802
2024-07-29,-0.0009206194632682719,-0.0009206194632682719,0.0,0.0,1.4268350293526135
2024-07-30,-0.0016427115260289,-0.0016427115260289,0.0,0.0,1.4244911510041542
2024-07-31,0.0032645103227076995,0.0032645103227076995,0.0,0.0,1.4291414170712131
2024-08-01,0.006692163599034905,0.006692163599034905,0.0,0.0,1.4387054652404103
2024-08-02,-0.01221726291202911,-0.01221726291202911,0.0,0.0,1.4211284223185952
2024-08-05,-0.04931784205946922,-0.04931784205946922,0.0,0.0,1.351041435240464
2024-08-06,0.009619828825487413,0.009619828825487413,0.0,0.0,1.364038222583618
2024-08-07,0.012935399608911304,0.012935399608911304,0.0,0.0,1.381682602074566
2024-08-08,-0.016467371912002163,-0.016467371912002163,0.0,0.0,1.3589299208018613
2024-08-09,0.019575624014363257,0.019575624014363257,0.0,0.0,1.3855318219933468
2024-08-12,0.007946944002995256,0.007946944002995256,0.0,0.0,1.396542565797096
2024-08-13,-0.0010834339832146446,-0.0010834339832146446,0.0,0.0,1.3950295041223058
2024-08-14,0.0047824649869112525,0.0047824649869112525,0.0,0.0,1.4017011838814788
2024-08-15,-0.00908031619238459,-0.00908031619238459,0.0,0.0,1.3889732939245951
2024-08-16,0.01084727553776698,0.01084727553776698,0.0,0.0,1.404039869958395
2024-08-19,0.000246726044637045,0.000246726044637045,0.0,0.0,1.4043862831620224
2024-08-20,0.003123552744236774,0.003123552744236774,0.0,0.0,1.4087729577907617
2024-08-21,0.000974927917629363,0.000974927917629363,0.0,0.0,1.4101464098769134
2024-08-22,-0.00517495513597021,-0.00517495513597021,0.0,0.0,1.4028489654706509
2024-08-23,0.00028354084712960435,0.00028354084712960435,0.0,0.0,1.4032467304547152
2024-08-26,0.007009348995799742,0.007009348995799742,0.0,0.0,1.4130825765156871
2024-08-27,-0.0006298808980868269,-0.0006298808980868269,0.0,0.0,1.4121925027933206
2024-08-28,-0.0023075823389339077,-0.0023075823389339077,0.0,0.0,1.4089337523146999
2024-08-29,-0.00549458252111244,-0.00549458252111244,0.0,0.0,1.4011922495458262
2024-08-30,0.006355309610104429,0.006355309610104429,0.0,0.0,1.4100972601149686
2024-09-02,0.0005968377795474075,0.0005968377795474075,0.0,0.0,1.4109388594326413
2024-09-03,-0.006912059388492698,-0.006912059388492698,0.0,0.0,1.4011863662427106
2024-09-04,-0.02119733676912486,-0.02119733676912486,0.0,0.0,1.3714849469611576
2024-09-05,0.005760519556564797,0.005760519556564797,0.0,0.0,1.3793854128196616
2024-09-06,0.008655749255874347,0.008655749255874347,0.0,0.0,1.3913250270802393
2024-09-09,-0.00301895480923567,-0.00301895480923567,0.0,0.0,1.3871246796985255
2024-09-10,-0.001146036850195994,-0.001146036850195994,0.0,0.0,1.3855349836997746
2024-09-11,-0.004291665504438094,-0.004291665504438094,0.0,0.0,1.379588731005038
2024-09-12,0.008777238546144334,0.008777238546144334,0.0,0.0,1.391697710392642
2024-09-13,0.0027320307461536197,0.0027320307461536197,0.0,0.0,1.3954998713267863
2024-09-16,0.005440309641023761,0.005440309641023761,0.0,0.0,1.403091822730813
2024-09-18,-0.004676055968829598,-0.004676055968829598,0.0,0.0,1.3965308868383166
2024-09-19,0.005403595671771103,0.005403595671771103,0.0,0.0,1.4040771750939307
2024-09-20,0.004570627596113144,0.004570627596113144,0.0,0.0,1.4104946889774874
2024-09-23,0.004926451997139823,0.004926451997139823,0.0,0.0,1.4174434233549558
2024-09-24,0.0011098178730504205,0.0011098178730504205,0.0,0.0,1.4190165274002329
2024-09-25,0.0019704658431296783,0.0019704658431296783,0.0,0.0,1.4218126509983116
2024-09-26,0.0017712854874042598,0.0017712854874042598,0.0,0.0,1.4243310871128327
2024-09-27,-0.0001890285323178576,-0.0001890285323178576,0.0,0.0,1.424061847897901
2024-09-30,-0.006743793643069524,-0.006743793643069524,0.0,0.0,1.4144582686607092
2024-10-01,0.0023967371499068225,0.0023967371499068225,0.0,0.0,1.417848353340201
2024-10-04,-0.010772246632179284,-0.010772246632179284,0.0,0.0,1.4025749411909911
2024-10-07,0.005708262809866545,0.005708262809866545,0.0,0.0,1.4105812075658424
2024-10-08,-0.009074231554990632,-0.009074231554990632,0.0,0.0,1.3977812670612715
2024-10-09,-0.0024174738807814294,-0.0024174738807814294,0.0,0.0,1.3944021673571054
2024-10-11,-0.0016195601822023668,-0.0016195601822023668,0.0,0.0,1.3921438491288771
2024-10-14,0.0032756207424326994,0.0032756207424326994,0.0,0.0,1.3967039843975337
2024-10-15,0.007349796053352802,0.007349796053352802,0.0,0.0,1.406969473829761
2024-10-16,-0.006940727776523875,-0.006940727776523875,0.0,0.0,1.3972040817220295
2024-10-17,0.00804504789372635,0.00804504789372635,0.0,0.0,1.4084446554767933
2024-10-18,0.008462710226399934,0.008462710226399934,0.0,0.0,1.420363914466015
2024-10-21,-0.005826723361245613,-0.005826723361245613,0.0,0.0,1.4120878468641256
2024-10-22,0.004220345483172681,0.004220345483172681,0.0,0.0,1.4180473454304816
2024-10-23,-0.009022771203058302,-0.009022771203058302,0.0,0.0,1.4052526286775582
2024-10-24,-0.00042126794882877696,-0.00042126794882877696,0.0,0.0,1.404660640785089
2024-10-25,0.0028507375623308883,0.0028507375623308883,0.0,0.0,1.4086649596361027
2024-10-28,-0.002233452774347274,-0.002233452774347274,0.0,0.0,1.4055187729738776
2024-10-29,-0.003827672594135882,-0.003827672594135882,0.0,0.0,1.400138907286022
2024-10-30,-0.0018274959138272063,-0.0018274959138272063,0.0,0.0,1.3975801591541661
2024-11-01,-0.004640945496001102,-0.004640945496001102,0.0,0.0,1.391094065809239
2024-11-04,0.006056405735759124,0.006056405735759124,0.0,0.0,1.3995190958883865
2024-11-05,0.0034848807469797464,0.0034848807469797464,0.0,0.0,1.4043962530406786
2024-11-06,-0.0044843696830268,-0.0044843696830268,0.0,0.0,1.3980984210605865
2024-11-07,0.00831375469405495,0.00831375469405495,0.0,0.0,1.4097218683714299
2024-11-08,-0.0021832333689470323,-0.0021832333689470323,0.0,0.0,1.406644116547467
2024-11-11,0.0022483498038765827,0.0022483498038765827,0.0,0.0,1.4098067445710307
2024-11-12,-0.008165742563824423,-0.008165742563824423,0.0,0.0,1.3982946256301203
2024-11-13,0.0019196437769119674,0.0019196437769119674,0.0,0.0,1.4009788532065006
2024-11-14,-0.009812237781613694,-0.009812237781613694,0.0,0.0,1.387232115571826
2024-11-15,0.007523741951236303,0.007523741951236303,0.0,0.0,1.397669292035856
2024-11-18,-0.003131031602833602,-0.003131031602833602,0.0,0.0,1.3932931453121817
2024-11-19,0.011400161100462798,0.011400161100462798,0.0,0.0,1.4091769116289112
2024-11-20,-0.007612831413884075,-0.007612831413884075,0.0,0.0,1.3984490853683427
2024-11-21,-0.0015196898746875544,-0.0015196898746875544,0.0,0.0,1.3963238764530423
2024-11-22,0.00210442893920712,0.00210442893920712,0.0,0.0,1.399262340827156
2024-11-25,0.011965890856630648,0.011965890856630648,0.0,0.0,1.4160057612772874
2024-11-26,-0.005806463257750661,-0.005806463257750661,0.0,0.0,1.4077837758516676
2024-11-27,-0.004285258485163443,-0.004285258485163443,0.0,0.0,1.4017510584809239
2024-11-28,-0.0049710905834323025,-0.0049710905834323025,0.0,0.0,1.3947828269937932
2024-11-29,-0.0033220157508745676,-0.0033220157508745676,0.0,0.0,1.3901493364734705
2024-12-02,0.00999612608525938,0.00999612608525938,0.0,0.0,1.4040454445181991
2024-12-03,0.0058238726681453,0.0058238726681453,0.0,0.0,1.4122224264073624
2024-12-04,0.0007485164624811146,0.0007485164624811146,0.0,0.0,1.4132794981422134
2024-12-05,0.0013813127529742697,0.0013813127529742697,0.0,0.0,1.4152316791365143
2024-12-06,0.0016719546109817476,0.0016719546109817476,0.0,0.0,1.4175978822680542
2024-12-09,-0.00012582315611051265,-0.00012582315611051265,0.0,0.0,1.4174195156284115
2024-12-10,-0.005868411938798396,-0.005868411938798396,0.0,0.0,1.409101514020612
2024-12-11,-0.00475988069466029,-0.00475988069466029,0.0,0.0,1.4023943589272088
2024-12-12,0.002427801541317067,0.002427801541317067,0.0,0.0,1.4057990941133465
2024-12-13,-0.006894132432937048,-0.006894132432937048,0.0,0.0,1.3961073289844261
2024-12-16,-0.005355085429261579,-0.005355085429261579,0.0,0.0,1.3886310549692964
2024-12-17,-0.0007853109761134982,-0.0007853109761134982,0.0,0.0,1.387540547760057
2024-12-18,0.0017892088474876179,0.0017892088474876179,0.0,0.0,1.3900231475843572
2024-12-19,-0.005463068003190738,-0.005463068003190738,0.0,0.0,1.3824293566030945
2024-12-20,-0.010977054568287088,-0.010977054568287088,0.0,0.0,1.3672543541188602
2024-12-23,0.015893756607302623,0.015893756607302623,0.0,0.0,1.3889851620435
2024-12-24,0.0033482156837682047,0.0033482156837682047,0.0,0.0,1.3936357839475757
2024-12-25,0.0007259665184825546,0.0007259665184825546,0.0,0.0,1.3946475168656807
2024-12-26,0.000563079760732959,0.000563079760732959,0.0,0.0,1.3954328146557842
2024-12-27,-0.003625148503128816,-0.003625148503128816,0.0,0.0,1.3903741634765179
2024-12-30,-0.00658483457200951,-0.00658483457200951,0.0,0.0,1.381218779616829
2024-12-31,-0.0054659253041132476,-0.0054659253041132476,0.0,0.0,1.3736691409388049
2025-01-02,0.0005236632934500459,0.0005236632934500459,0.0,0.0,1.3743884810452596
2025-01-03,-0.0006345883446051473,-0.0006345883446051473,0.0,0.0,1.3735163101342287
2025-01-06,0.011481273817832132,0.011481273817832132,0.0,0.0,1.389286026984138
2025-01-07,-0.002461399251535294,-0.002461399251535294,0.0,0.0,1.3858664393971507
2025-01-08,0.000774283847014031,0.000774283847014031,0.0,0.0,1.3869394933952945
2025-01-09,-0.008119348393108532,-0.008119348393108532,0.0,0.0,1.3756784484482567
2025-01-10,-0.0033566142864195543,-0.0033566142864195543,0.0,0.0,1.3710608265146758
2025-01-13,-0.008185808824490774,-0.008185808824490774,0.0,0.0,1.3598375847020783
2025-01-14,0.010898546884611116,0.010898546884611116,0.0,0.0,1.3746578383744101
2025-01-15,-0.0007771258203643414,-0.0007771258203643414,0.0,0.0,1.373589556274043
2025-01-16,0.007045871999050027,0.007045871999050027,0.0,0.0,1.383267692466782
2025-01-17,-0.0019316777568597172,-0.0019316777568597172,0.0,0.0,1.3805956650334612
2025-01-20,-0.0013200614600558695,-0.0013200614600558695,0.0,0.0,1.3787731939041303
2025-01-21,0.004215409845047888,0.004215409845047888,0.0,0.0,1.384585287999802
2025-01-22,0.0017145944050919503,0.0017145944050919503,0.0,0.0,1.3869592901879793
2025-02-03,0.0010565305342267288,0.0010565305342267288,0.0,0.0,1.3884246550277923
2025-02-04,-0.005230861760390221,-0.005230861760390221,0.0,0.0,1.3811619975926244
2025-02-05,0.006989034802951921,0.006989034802951921,0.0,0.0,1.3908149868623139
2025-02-06,0.008695710439367293,0.008695710439367293,0.0,0.0,1.402909111262801
2025-02-07,-0.0032765709206166666,-0.0032765709206166666,0.0,0.0,1.3983123800645691
2025-02-10,-0.0013537014960718226,-0.0013537014960718226,0.0,0.0,1.3964194825037
2025-02-11,0.0005675083071932149,0.0005675083071932149,0.0,0.0,1.3972119621603472
2025-02-12,0.0028047792396561793,0.0028047792396561793,0.0,0.0,1.4011308332652137
2025-02-13,0.005485423332120167,0.005485423332120167,0.0,0.0,1.4088166290293598
2025-02-14,0.00027333884711522555,0.00027333884711522555,0.0,0.0,1.4092017133425354
2025-02-17,0.0050668204797599415,0.0050668204797599415,0.0,0.0,1.4163418854438121
2025-02-18,0.0034973336600436986,0.0034973336600436986,0.0,0.0,1.4212953055939046
2025-02-19,-0.0001680807831143722,-0.0001680807831143722,0.0,0.0,1.4210564131659036
2025-02-20,-0.0014843009114587833,-0.0014843009114587833,0.0,0.0,1.418947137836607
2025-02-21,0.00698927508765591,0.00698927508765591,0.0,0.0,1.428864549717789
2025-02-24,-0.0015310701972489624,-0.0015310701972489624,0.0,0.0,1.4266768577898106
2025-02-25,-0.00266121607885975,-0.00266121607885975,0.0,0.0,1.4228801623965233
2025-02-26,0.005441679859642762,0.005441679859642762,0.0,0.0,1.4306230207189217
2025-02-27,-0.004214055634824565,-0.004214055634824565,0.0,0.0,1.4245942957171513
2025-03-03,0.004307182782253411,0.004307182782253411,0.0,0.0,1.4307302837393607
2025-03-04,-0.0060461444741901176,-0.0060461444741901176,0.0,0.0,1.4220798817402736
2025-03-05,0.001756642156575066,0.001756642156575066,0.0,0.0,1.4245779672105559
2025-03-06,-0.0012722041938613904,-0.0012722041938613904,0.0,0.0,1.422765613146188
2025-03-07,-0.00403138095748725,-0.00403138095748725,0.0,0.0,1.4170299029463829
2025-03-10,-0.0012076558272339389,-0.0012076558272339389,0.0,0.0,1.415318618526725
2025-03-11,-0.005905096681983155,-0.005905096681983155,0.0,0.0,1.4069610252485139
2025-03-12,0.0007422907256861424,0.0007422907256861424,0.0,0.0,1.4080053993689579
2025-03-13,-0.0018747873692499632,-0.0018747873692499632,0.0,0.0,1.4053656886303851
2025-03-14,0.0031673459810386013,0.0031673459810386013,0.0,0.0,1.409816967996158
2025-03-17,0.0023765086974344863,0.0023765086974344863,0.0,0.0,1.4131674102823917
2025-03-18,0.005660604690833129,0.005660604690833129,0.0,0.0,1.4211667923539688
2025-03-19,-0.006531580430924933,-0.006531580430924933,0.0,0.0,1.4118843271439492
2025-03-20,0.00805547262878174,0.00805547262878174,0.0,0.0,1.4232577226962633
2025-03-21,-0.002086162632430663,-0.002086162632430663,0.0,0.0,1.420288575618856
2025-03-24,0.0008178419963031964,0.0008178419963031964,0.0,0.0,1.4214501472628667
2025-03-25,-0.003135375650845015,-0.003135375650845015,0.0,0.0,1.4169933670822488
2025-03-26,0.003943352654444024,0.003943352654444024,0.0,0.0,1.4225810716376623
2025-03-27,0.0005106972201653589,0.0005106972201653589,0.0,0.0,1.4233075798364077
2025-03-28,-0.009778326047084392,-0.009778326047084392,0.0,0.0,1.4093900142554807
2025-03-31,-0.022507930271289035,-0.022507930271289035,0.0,0.0,1.3776675620895673
2025-04-01,0.011136525630366503,0.011136525630366503,0.0,0.0,1.3930099922049024
2025-04-02,0.0032147532621110758,0.0032147532621110758,0.0,0.0,1.3974881756214965
2025-04-07,-0.08656047280776995,-0.08656047280776995,0.0,0.0,1.276520938396432
2025-04-08,-0.0032789395532005373,-0.0032789395532005373,0.0,0.0,1.2723353034010352
2025-04-09,-0.05062886695731039,-0.05062886695731039,0.0,0.0,1.207918408600055
2025-04-10,0.07264181090236402,0.07264181090236402,0.0,0.0,1.2956637892230647
2025-04-11,0.0054673103282768375,0.0054673103282768375,0.0,0.0,1.3027475852398582
2025-04-14,0.0025415642558745564,0.0025415642558745564,0.0,0.0,1.306058601936931
2025-04-15,0.01330816525910321,0.01330816525910321,0.0,0.0,1.3234398456495808
2025-04-16,-0.006492195874927594,-0.006492195874927594,0.0,0.0,1.31484781494294
2025-04-17,-0.006767943781325475,-0.006767943781325475,0.0,0.0,1.3059489988504074
2025-04-18,-0.00026563974834582197,-0.00026563974834582197,0.0,0.0,1.3056020868870002
2025-04-21,-0.005056459729569389,-0.005056459729569389,0.0,0.0,1.2990003625118143
2025-04-22,-0.007941427430207182,-0.007941427430207182,0.0,0.0,1.288684445401114
2025-04-23,0.016394453292155407,0.016394453292155407,0.0,0.0,1.3098117223495696
2025-04-24,-0.003704302056285418,-0.003704302056285418,0.0,0.0,1.3049597840931233
2025-04-25,0.0019284282248015823,0.0019284282248015823,0.0,0.0,1.3074763053729994
2025-04-28,0.004119912920459027,0.004119912920459027,0.0,0.0,1.3128629938966996
2025-04-29,0.009750677301684602,0.009750677301684602,0.0,0.0,1.3256642972915098
2025-04-30,0.003282264308335822,0.003282264308335822,0.0,0.0,1.330015477899345
2025-05-02,0.004250891869483702,0.004250891869483702,0.0,0.0,1.3356692298806347
2025-05-05,-0.007319968123589074,-0.007319968123589074,0.0,0.0,1.3258921736942497
2025-05-06,0.012029729378429298,0.012029729378429298,0.0,0.0,1.341842297728769
2025-05-07,0.0013797174141010117,0.0013797174141010117,0.0,0.0,1.3436936609139227
2025-05-08,-0.00015803836615020748,-0.00015803836615020748,0.0,0.0,1.3434813057631454
2025-05-09,0.010618455012965364,0.010618455012965364,0.0,0.0,1.3577470015691513
2025-05-12,0.007133923191286451,0.007133923191286451,0.0,0.0,1.3674330643915449
2025-05-13,-0.0006979596280247764,-0.0011725687414363335,0.31640607560770473,0.0004746091134115571,1.3658296551242328
2025-05-14,0.006412077869697374,0.006412077869697374,0.0,0.0,1.3745874612296314
2025-05-15,0.00648133338479547,0.00648133338479547,0.0,0.0,1.3834966208324202
2025-05-16,0.003093316746778273,0.003093316746778273,0.0,0.0,1.3877762140987524
2025-05-19,-0.005387514738643243,-0.005387514738643243,0.0,0.0,1.3802995492913568
2025-05-20,0.0028203123542931514,0.0028203123542931514,0.0,0.0,1.3841924251628483
2025-05-21,0.007023303492955874,0.007023303492955874,0.0,0.0,1.3939140286574176
2025-05-22,-0.0073122120702312325,-0.0073122120702312325,0.0,0.0,1.3837214336722041
2025-05-23,0.004290777134962173,0.004290777134962173,0.0,0.0,1.3896586739609618
2025-05-26,-0.0006716557747342439,-0.0006716557747342439,0.0,0.0,1.3887253016876864
2025-05-27,-0.008457417209672014,-0.008457417209672014,0.0,0.0,1.376980272421686
2025-05-28,-0.0020227229567784705,-0.0020227229567784705,0.0,0.0,1.3741950228136275
2025-05-29,-0.006911552480901978,-0.006911552480901978,0.0,0.0,1.3646972017944567
2025-06-02,-0.008203278915140316,-0.008203278915140316,0.0,0.0,1.3535022100134253
2025-06-03,0.0005822385255452427,0.0005822385255452427,0.0,0.0,1.3542902711445057
2025-06-04,0.004489263694916383,0.004489263694916383,0.0,0.0,1.3603700372911331
2025-06-05,0.005463572786417773,0.005463572786417773,0.0,0.0,1.3678025180063351
2025-06-06,0.004819101484312848,0.004819101484312848,0.0,0.0,1.3743940971511064
2025-06-09,0.007759028157420133,0.007759028157420133,0.0,0.0,1.3850580596502937
2025-06-10,0.005502269566029328,0.005502269566029328,0.0,0.0,1.3926790224590913
2025-06-11,0.002239017363588664,0.002239017363588664,0.0,0.0,1.3957972549722828
2025-06-12,0.0035161861662039093,0.0035161861662039093,0.0,0.0,1.4007051379710416
2025-06-13,9.39221276969166e-05,9.39221276969166e-05,0.0,0.0,1.400836695177876
2025-06-16,0.0036800587767786145,0.0036800587767786145,0.0,0.0,1.405991856552799
2025-06-17,-0.0009225771295454453,-0.0009225771295454453,0.0,0.0,1.404694720621616
2025-06-18,0.005599277579502145,0.005599277579502145,0.0,0.0,1.4125599962768378
2025-06-19,-0.01021599159578028,-0.01021599159578028,0.0,0.0,1.3981292952263382
2025-06-20,-0.007930822104449068,-0.007930822104449068,0.0,0.0,1.3870409805068793
2025-06-23,-0.009454919719459496,-0.009454919719459496,0.0,0.0,1.3739266193885864
2025-06-24,0.0014010510226472985,0.0014010510226472985,0.0,0.0,1.375851560683723
2025-06-25,0.007031458245277541,0.007031458245277541,0.0,0.0,1.3855258034843705
2025-06-26,-0.0009815986337131045,-0.0009815986337131045,0.0,0.0,1.384165773248696
2025-06-27,0.006523156461429597,0.006523156461429597,0.0,0.0,1.393194903156153
2025-06-30,-0.004245128194494041,-0.004245128194494041,0.0,0.0,1.3872806121923393
2025-07-01,0.0022274768135292305,0.0022274768135292305,0.0,0.0,1.3903707475898566
2025-07-02,7.825363107799707e-05,7.825363107799707e-05,0.0,0.0,1.3904795491494
2025-07-03,0.0044361495792599875,0.0044361495792599875,0.0,0.0,1.3966479244163288
2025-07-04,-0.003806222170333131,-0.003806222170333131,0.0,0.0,1.3913319721222657
2025-07-07,-0.0037592150154728355,-0.0037592150154728355,0.0,0.0,1.3861016560811563
2025-07-08,-0.0003126139025299,-0.0003126139025299,0.0,0.0,1.3856683414331457
2025-07-09,-0.008293771831267133,-0.008293771831267133,0.0,0.0,1.3741759243754887
2025-07-10,0.0069938160103500575,0.0069938160103500575,0.0,0.0,1.3837866579564235
2025-07-11,0.01020828060070989,0.01020828060070989,0.0,0.0,1.3979127404523615
2025-07-14,0.0034383186104605555,0.0034383186104605555,0.0,0.0,1.4027192098436587
2025-07-15,-0.002119397872739055,-0.002119397872739055,0.0,0.0,1.3997462897342658
2025-07-16,0.001398294747165717,0.001398294747165717,0.0,0.0,1.4017035476185662
2025-07-17,0.0024436129359163977,0.0024436129359163977,0.0,0.0,1.4051287685398468
2025-07-18,-0.003234258254080074,-0.003234258254080074,0.0,0.0,1.4005842192221514
2025-07-21,-0.0019705727416573027,-0.0019705727416573027,0.0,0.0,1.3978242661373568
2025-07-22,-0.007379614780428305,-0.007379614780428305,0.0,0.0,1.3875088615225282
2025-07-23,0.00810672095514612,0.00810672095514612,0.0,0.0,1.398757008685684
2025-07-24,-0.003449574059156594,-0.003449574059156594,0.0,0.0,1.3939318927934583
2025-07-25,-0.0016012637676977625,-0.0016012637676977625,0.0,0.0,1.3916998401588898
2025-07-28,-0.0019777295287216057,-0.0019777295287216057,0.0,0.0,1.3889474342898904
2025-07-29,-0.005367101272948296,-0.005367101272948296,0.0,0.0,1.381492812747255
2025-07-30,0.006558342897108717,0.006558342897108717,0.0,0.0,1.3905531163231428
2025-07-31,-0.009867593318220179,-0.009867593318220179,0.0,0.0,1.3768317036838824
2025-08-01,0.004591512301494308,0.004591512301494308,0.0,0.0,1.3831534433884345
2025-08-04,0.008059006763301938,0.008059006763301938,0.0,0.0,1.3943002863433862
2025-08-05,0.007750968281653139,0.007750968281653139,0.0,0.0,1.4051074636379337
2025-08-06,0.0033782801702921684,0.0033782801702921684,0.0,0.0,1.4098543103194712
2025-08-07,-0.009502791777012866,-0.009502791777012866,0.0,0.0,1.396456758372581
2025-08-08,0.0006663522787201527,0.0006663522787201527,0.0,0.0,1.397387290515657
2025-08-11,0.0014800781346773456,0.0014800781346773456,0.0,0.0,1.3994555328900253
2025-08-12,-0.0034597896632071593,-0.0034597896632071593,0.0,0.0,1.3946137111032144
2025-08-13,0.003760440982881905,0.003760440982881905,0.0,0.0,1.399858073657736
2025-08-14,0.0037242340025915284,0.0037242340025915284,0.0,0.0,1.4050714726944544
2025-08-15,-0.0012170920630840297,-0.0012170920630840297,0.0,0.0,1.4033613713569721
2025-08-18,0.004986802950226309,0.004986802950226309,0.0,0.0,1.4103596579838886
2025-08-19,-0.0025491907205165408,-0.0025491907205165408,0.0,0.0,1.4067643822311653
2025-08-20,-0.00641321074707416,-0.00641321074707416,0.0,0.0,1.3977425057764392
2025-08-21,0.0017269521265663647,0.0017269521265663647,0.0,0.0,1.4001563401691821
2025-08-22,-0.005421723046011635,-0.005421723046011635,0.0,0.0,1.3925650802716676
2025-08-25,0.004255104080774991,0.004255104080774991,0.0,0.0,1.3984905896274764
2025-08-26,-0.006211706325315214,-0.006211706325315214,0.0,0.0,1.3898035767859935
2025-08-27,0.0006961410455912209,0.0006961410455912209,0.0,0.0,1.3907710761011038
2025-08-28,0.00561411171618474,0.00561411171618474,0.0,0.0,1.3985790202939739
2025-08-29,-0.002293784414852099,-0.002293784414852099,0.0,0.0,1.3953709815342845
2025-09-01,-0.002492153380016051,-0.002492153380016051,0.0,0.0,1.3918935030262776
2025-09-02,0.0037109819151970188,0.0037109819151970188,0.0,0.0,1.3970587946438884
2025-09-03,0.0019099696124253488,0.0019099696124253488,0.0,0.0,1.39972713448843
2025-09-04,0.005734550946063519,0.005734550946063519,0.0,0.0,1.4077539410517415
2025-09-05,-0.0008242260882503534,-0.0008242260882503534,0.0,0.0,1.4065936335276894
2025-09-08,0.0018026869765944114,0.0018026869765944114,0.0,0.0,1.4091292815522103
2025-09-09,0.005629217944833814,0.005629217944833814,0.0,0.0,1.4170615773905149
2025-09-10,0.002981921792765141,0.002981921792765141,0.0,0.0,1.4212871441898258
2025-09-11,-0.007554200506277845,-0.007554200506277845,0.0,0.0,1.4105504561256208
2025-09-12,0.009664007804760393,0.009664007804760393,0.0,0.0,1.424182026742627
2025-09-15,-0.003535613081595267,-0.003535613081595267,0.0,0.0,1.419146670138303
2025-09-16,-0.0007709094109806768,-0.0007709094109806768,0.0,0.0,1.4180526366147317
2025-09-17,-0.004387905119679805,-0.004387905119679805,0.0,0.0,1.4118303561905545
2025-09-18,0.005814662905856998,0.005814662905856998,0.0,0.0,1.4200396737920586
2025-09-19,-0.0009114675643507853,-0.0009114675643507853,0.0,0.0,1.418745353689306
2025-09-22,0.003347599648510286,0.003347599648510286,0.0,0.0,1.423494745136642
2025-09-23,0.002047929761900096,0.002047929761900096,0.0,0.0,1.4264099623911157
2025-09-24,0.0043413196173731836,0.0043413196173731836,0.0,0.0,1.4326024639432609
2025-09-25,-0.001604856091455597,-0.001604856091455597,0.0,0.0,1.4303033431523673
2025-09-26,-0.003989448706938131,-0.003989448706938131,0.0,0.0,1.4245972213294986
2025-09-30,0.008905452475820018,0.008905452475820018,0.0,0.0,1.4372839041812338
2025-10-01,-0.0007021073171329748,-0.0007021073171329748,0.0,0.0,1.4362747766353108
2025-10-02,-0.0015651075496214235,-0.0015651075496214235,0.0,0.0,1.434026852139068
2025-10-03,-0.0028138046841191585,-0.0028138046841191585,0.0,0.0,1.4299917806653664
2025-10-07,0.005380043683160254,0.005380043683160254,0.0,0.0,1.4376851989119064
2025-10-08,0.0029775195926318022,0.0029775195926318022,0.0,0.0,1.4419659347597034
2025-10-09,-0.0017944194258182956,-0.0017944194258182956,0.0,0.0,1.4393784430750023
2025-10-13,-0.0082593594482262,-0.0082593594482262,0.0,0.0,1.4274900991316177
2025-10-14,-0.0018325663462173368,-0.0018325663462173368,0.0,0.0,1.4248741288163906
2025-10-15,-0.0009721740289864711,-0.0009721740289864711,0.0,0.0,1.4234889031937807
2025-10-16,0.003903265822788463,0.003903265822788463,0.0,0.0,1.4290451587787356
2025-10-17,0.0006566882331557393,0.0006566882331557393,0.0,0.0,1.4299835959191538
2025-10-20,0.005856723264616956,0.005856723264616956,0.0,0.0,1.4383586141133942
2025-10-21,0.0027082781793539078,0.0027082781793539078,0.0,0.0,1.4422540893620832
2025-10-22,0.005954312157078682,0.005954312157078682,0.0,0.0,1.4508417204199682
2025-10-23,-0.0008120480736024804,-0.0008120480736024804,0.0,0.0,1.4496635671957991
2025-10-27,-0.005854334721739619,-0.005854334721739619,0.0,0.0,1.441176751439524
2025-10-28,-0.00545567309860139,-0.00545567309860139,0.0,0.0,1.4333141622063656
2025-10-29,0.0024949889325114353,0.0024949889325114353,0.0,0.0,1.4368902651778823
2025-10-30,-0.004598414999115745,-0.004598414999115745,0.0,0.0,1.430282847430405
2025-10-31,-0.00670228451822647,-0.00670228451822647,0.0,0.0,1.4206966848453872
2025-11-03,0.004719227741706022,0.004719227741706022,0.0,0.0,1.4274012760530594
2025-11-04,-0.0037656590126237273,-0.0037656590126237273,0.0,0.0,1.4220261695732597
2025-11-05,0.0032594944845286975,0.0032594944845286975,0.0,0.0,1.4266612560298393
2025-11-06,0.0007908129952087112,0.0007908129952087112,0.0,0.0,1.4277894782908687
2025-11-07,-0.0029248823183721734,-0.0029248823183721734,0.0,0.0,1.423613362091458
2025-11-10,-0.002247854312930978,-0.002247854312930978,0.0,0.0,1.4204132866555346
2025-11-11,0.0001469347459517041,0.0001469347459517041,0.0,0.0,1.4206219947209557
2025-11-12,0.005899686493785326,0.005899686493785326,0.0,0.0,1.4290032191159852
2025-11-13,-0.006467815521003757,-0.006467815521003757,0.0,0.0,1.4197606899158226
2025-11-14,-0.006611238803069927,-0.006611238803069927,0.0,0.0,1.4103743129515778
2025-11-17,-0.003946527300438615,-0.003946527300438615,0.0,0.0,1.404808232221677
2025-11-18,-0.01091333518787021,-0.01091333518787021,0.0,0.0,1.3894770891087624
2025-11-19,-0.0023459699807134434,-0.0023459699807134434,0.0,0.0,1.3862174175688242
2025-11-20,0.016689288672890278,0.016689288672890278,0.0,0.0,1.4093524002140188
2025-11-21,-0.010492196413295728,-0.010492196413295728,0.0,0.0,1.3945651980154237
2025-11-24,0.007798669781571805,0.007798669781571805,0.0,0.0,1.4054409514836181
2025-11-25,-0.008427543106429956,-0.008427543106429956,0.0,0.0,1.393596537281448
2025-11-26,0.009392161082987219,0.009392161082987219,0.0,0.0,1.4066854204442887
2025-11-27,0.00405644466916631,0.00405644466916631,0.0,0.0,1.4123915620192438
2025-11-28,-0.0058859578927942195,-0.0058859578927942195,0.0,0.0,1.4040782847570605
2025-12-01,-0.002562977324817069,-0.002562977324817069,0.0,0.0,1.4004796639509602
2025-12-02,0.005683903759841377,0.005683903759841377,0.0,0.0,1.4084398555784723
2025-12-03,-0.0015090430847245,-0.0015090430847245,0.0,0.0,1.4063144591541612
2025-12-04,0.005577437546262572,0.005577437546262572,0.0,0.0,1.4141580902204995
2025-12-05,0.0015590458194371273,0.0015590458194371273,0.0,0.0,1.4163628274790812
2025-12-08,-0.0031965194511748515,-0.0031965194511748515,0.0,0.0,1.4118353961511232
2025-12-09,-0.00017904083273398267,-0.00017904083273398267,0.0,0.0,1.411582619966113
2025-12-10,-0.0034038905803344213,-0.0034038905803344213,0.0,0.0,1.4067777471826466
2025-12-11,0.0009844348808792248,0.0009844348808792248,0.0,0.0,1.4081626282666178
2025-12-12,0.0034327842881353853,0.0034327842881353853,0.0,0.0,1.4129965468120709
2025-12-15,0.0010103649138142768,0.0010103649138142768,0.0,0.0,1.4144241889463105
2025-12-16,0.0006009576301569993,0.0006009576301569993,0.0,0.0,1.4152741979549366
2025-12-17,0.006667982991891562,0.006667982991891562,0.0,0.0,1.4247112222357632
2025-12-18,-0.00042537253857714326,-0.00042537253857714326,0.0,0.0,1.4241051892064214
2025-12-19,0.012642109512075932,0.012642109512075932,0.0,0.0,1.4421088829650845
2025-12-22,0.0021986737839108286,0.0021986737839108286,0.0,0.0,1.4452796099596048
2025-12-23,-0.0032864163323951066,-0.0032864163323951066,0.0,0.0,1.440529819444556
2025-12-24,0.002229466695584586,0.002229466695584586,0.0,0.0,1.443741432701004
2025-12-26,0.005056719553437263,0.005056719553437263,0.0,0.0,1.4510420282338508
2025-12-29,-0.0007689910690641923,-0.0007689910690641923,0.0,0.0,1.4499261898733022
2025-12-30,-1.5859680618607384e-05,-1.5859680618607384e-05,0.0,0.0,1.4499031945070104
2025-12-31,-0.006027666422349346,-0.006027666422349346,0.0,0.0,1.4411636617058234
2026-01-02,0.005178136799724557,0.005178136799724557,0.0,0.0,1.4486262042969282
2026-01-05,0.0038287684101485074,0.0038287684101485074,0.0,0.0,1.4541726585460537
2026-01-06,0.008256630839270846,0.008256630839270846,0.0,0.0,1.4661792253642296
2026-01-07,0.005413543396522584,0.005413543396522584,0.0,0.0,1.4741164502278188
2026-01-08,-0.0019324455148827815,-0.0019324455148827815,0.0,0.0,1.4712678005051611
2026-01-09,0.0002886836151671907,0.0002886836151671907,0.0,0.0,1.47169253141269
2026-01-12,0.002098629502948533,0.002098629502948533,0.0,0.0,1.4747810687783818
2026-01-13,-0.0007840555506808943,-0.0007840555506808943,0.0,0.0,1.473624758495367
2026-01-14,0.006021094047044823,0.006021094047044823,0.0,0.0,1.4824975917563215
2026-01-15,0.008267420600235912,0.008267420600235912,0.0,0.0,1.494754022886208
2026-01-16,0.002808853403002159,0.002808853403002159,0.0,0.0,1.498952567810043
2026-01-19,0.006414455221667449,0.006414455221667449,0.0,0.0,1.508567531935664
2026-01-20,-0.007250860366144433,-0.007250860366144433,0.0,0.0,1.4976291194086992
2026-01-21,-0.0056853279176205355,-0.0056853279176205355,0.0,0.0,1.4891146067658836
2026-01-22,0.0028965698847043097,0.0028965698847043097,0.0,0.0,1.493427931290715
2026-01-23,-3.728914781604296e-05,-3.728914781604296e-05,0.0,0.0,1.4933722426358325
2026-01-26,0.0051778612117380236,0.0051778612117380236,0.0,0.0,1.5011047168456628
2026-01-27,-0.0041291042526648905,-0.0041291042526648905,0.0,0.0,1.49490649897564
2026-01-28,-0.0010844914873869532,-0.0010844914873869532,0.0,0.0,1.4932852856030614
2026-01-29,-0.0017819177973339327,-0.0017819177973339327,0.0,0.0,1.4906243739761484
2026-01-30,-0.007937136152414356,-0.007937136152414356,0.0,0.0,1.4787930853677924
2026-02-02,-0.008109378004805436,-0.008109378004805436,0.0,0.0,1.4668009932476525
2026-02-03,0.005235524094536523,0.005235524094536523,0.0,0.0,1.4744804651896906
2026-02-04,0.008807989930245126,0.008807989930245126,0.0,0.0,1.4874676742794244
2026-02-05,0.000540500949876679,0.000540500949876679,0.0,0.0,1.4882716519702832
2026-02-06,0.0019139691316748773,0.0019139691316748773,0.0,0.0,1.4911201579717013
2026-02-09,0.002262805995426835,0.002262805995426835,0.0,0.0,1.4944942736050615
2026-02-10,0.004678411559032183,0.004678411559032183,0.0,0.0,1.5014861328896028
2026-02-11,0.00817738696939792,0.00817738696939792,0.0,0.0,1.513764366027426
2026-02-23,0.023773160238200287,0.023773160238200287,0.0,0.0,1.5497513288638738
2026-02-24,0.007532799641486486,0.007532799641486486,0.0,0.0,1.5614252951183327
2026-02-25,0.0014126299018775365,0.0014126299018775365,0.0,0.0,1.5636310111797649
2026-02-26,0.00032744866896999673,0.00032744866896999673,0.0,0.0,1.5641430200731359
2026-03-02,-0.006705519211895316,-0.006705519211895316,0.0,0.0,1.5536546290018836
2026-03-03,-0.005463888094610721,-0.005463888094610721,0.0,0.0,1.5451656339713433
2026-03-04,-0.034696700481359935,-0.034696700481359935,0.0,0.0,1.4915534847753489
2026-03-05,0.0118275743186635,0.0118275743186635,0.0,0.0,1.509194944466791
2026-03-06,0.005590542631010538,0.005590542631010538,0.0,0.0,1.5176321631423382
2026-03-09,-0.018920721713945834,-0.018920721713945834,0.0,0.0,1.4889174673193883
2026-03-10,-0.002075035046215122,-0.002075035046215122,0.0,0.0,1.485827911393779
2026-03-11,0.011008275869323951,0.011008275869323951,0.0,0.0,1.502184314936743
2026-03-12,0.0022470027914633164,0.0022470027914633164,0.0,0.0,1.5055597272856984
2026-03-13,-0.0018857734132223013,-0.0018857734132223013,0.0,0.0,1.5027205827799648
2026-03-16,0.008978870967457019,0.008978870967457019,0.0,0.0,1.5162133169928877
2026-03-17,0.005857359995661372,0.005857359995661372,0.0,0.0,1.5250943242207309
2026-03-18,0.0018712903756604984,0.0018712903756604984,0.0,0.0,1.5279482185516198
2026-03-19,-0.013105134480060723,-0.013105134480060723,0.0,0.0,1.5079242516689317
2026-03-20,-0.000614944166400765,-0.000614944166400765,0.0,0.0,1.5069969624469937
2026-03-23,-0.01677191003565133,-0.01677191003565133,0.0,0.0,1.4817217449688327
2026-03-24,0.007448630327204305,0.007448630327204305,0.0,0.0,1.4927585424948857
2026-03-25,0.010613479549963618,0.010613479549963618,0.0,0.0,1.508601904758689
2026-03-26,-0.0004951157493328165,-0.0004951157493328165,0.0,0.0,1.5078549721961694
2026-03-27,-0.0012473099696547895,-0.0012473099696547895,0.0,0.0,1.5059742096565554
2026-03-30,-0.013014890000580152,-0.013014890000580152,0.0,0.0,1.4863741209741645
2026-03-31,-0.008201212124268456,-0.008201212124268456,0.0,0.0,1.4741840515120324
2026-04-01,0.02209533309529936,0.02209533309529936,0.0,0.0,1.5067566391739686
2026-04-02,-0.004654287873617653,-0.004654287873617653,0.0,0.0,1.4997437600197683
2026-04-07,0.006090286136128378,0.006090286136128378,0.0,0.0,1.5088776286491616
2026-04-08,0.011996060957837174,0.011996060957837174,0.0,0.0,1.5269782166603536
2026-04-09,0.008690609792141566,0.008690609792141566,0.0,0.0,1.5402485885024488
2026-04-10,-0.0061443164821818105,-0.0061443164821818105,0.0,0.0,1.5307848137134559
2026-04-13,-0.003711132426053275,-0.003711132426053275,0.0,0.0,1.525103868553974
2026-04-14,0.009445968093363526,0.009445968093363526,0.0,0.0,1.5395099510354002
2026-04-15,0.007967770631580325,0.007967770631580325,0.0,0.0,1.5517764132102858
2026-04-16,0.006971712876984424,0.006971712876984424,0.0,0.0,1.5625949528124645
2026-04-17,0.00565571317870036,0.00565571317870036,0.0,0.0,1.5714325416800565
