date,gross_ret,net_ret,turnover,total_cost,equity
2015-01-05,0.0,0.0,0.0,0.0,1.0
2015-01-06,0.0,0.0,0.0,0.0,1.0
2015-01-07,0.0,0.0,0.0,0.0,1.0
2015-01-08,0.0,0.0,0.0,0.0,1.0
2015-01-09,0.0,0.0,0.0,0.0,1.0
2015-01-12,0.0,0.0,0.0,0.0,1.0
2015-01-13,0.0,0.0,0.0,0.0,1.0
2015-01-14,0.0,0.0,0.0,0.0,1.0
2015-01-15,0.0,0.0,0.0,0.0,1.0
2015-01-16,0.0,0.0,0.0,0.0,1.0
2015-01-19,0.0,0.0,0.0,0.0,1.0
2015-01-20,0.0,0.0,0.0,0.0,1.0
2015-01-21,0.0,0.0,0.0,0.0,1.0
2015-01-22,0.0,0.0,0.0,0.0,1.0
2015-01-23,0.0,0.0,0.0,0.0,1.0
2015-01-26,0.0,0.0,0.0,0.0,1.0
2015-01-27,0.0,0.0,0.0,0.0,1.0
2015-01-28,0.0,0.0,0.0,0.0,1.0
2015-01-29,0.0,0.0,0.0,0.0,1.0
2015-01-30,0.0,0.0,0.0,0.0,1.0
2015-02-02,0.0,0.0,0.0,0.0,1.0
2015-02-03,0.0,0.0,0.0,0.0,1.0
2015-02-04,0.0,0.0,0.0,0.0,1.0
2015-02-05,0.0,0.0,0.0,0.0,1.0
2015-02-06,0.0,0.0,0.0,0.0,1.0
2015-02-09,0.0,0.0,0.0,0.0,1.0
2015-02-10,0.0,0.0,0.0,0.0,1.0
2015-02-11,0.0,0.0,0.0,0.0,1.0
2015-02-12,0.0,0.0,0.0,0.0,1.0
2015-02-13,0.0,0.0,0.0,0.0,1.0
2015-02-24,0.0,0.0,0.0,0.0,1.0
2015-02-25,0.0,0.0,0.0,0.0,1.0
2015-02-26,0.0,0.0,0.0,0.0,1.0
2015-03-02,0.0,0.0,0.0,0.0,1.0
2015-03-03,0.0,0.0,0.0,0.0,1.0
2015-03-04,0.0,0.0,0.0,0.0,1.0
2015-03-05,0.0,0.0,0.0,0.0,1.0
2015-03-06,0.0,0.0,0.0,0.0,1.0
2015-03-09,0.0,0.0,0.0,0.0,1.0
2015-03-10,0.0,0.0,0.0,0.0,1.0
2015-03-11,0.0,0.0,0.0,0.0,1.0
2015-03-12,0.0,0.0,0.0,0.0,1.0
2015-03-13,0.0,0.0,0.0,0.0,1.0
2015-03-16,0.0,0.0,0.0,0.0,1.0
2015-03-17,0.0,0.0,0.0,0.0,1.0
2015-03-18,0.0,0.0,0.0,0.0,1.0
2015-03-19,0.0,0.0,0.0,0.0,1.0
2015-03-20,0.0,0.0,0.0,0.0,1.0
2015-03-23,0.0,0.0,0.0,0.0,1.0
2015-03-24,0.0,0.0,0.0,0.0,1.0
2015-03-25,0.0,0.0,0.0,0.0,1.0
2015-03-26,0.0,0.0,0.0,0.0,1.0
2015-03-27,0.0,0.0,0.0,0.0,1.0
2015-03-30,0.0,0.0,0.0,0.0,1.0
2015-03-31,0.0,0.0,0.0,0.0,1.0
2015-04-01,0.0,0.0,0.0,0.0,1.0
2015-04-02,0.0,0.0,0.0,0.0,1.0
2015-04-07,0.0,0.0,0.0,0.0,1.0
2015-04-08,0.0,0.0,0.0,0.0,1.0
2015-04-09,0.0,0.0,0.0,0.0,1.0
2015-04-10,0.0,0.0,0.0,0.0,1.0
2015-04-13,0.0,0.0,0.0,0.0,1.0
2015-04-14,0.0,0.0,0.0,0.0,1.0
2015-04-15,0.0,0.0,0.0,0.0,1.0
2015-04-16,0.0,0.0,0.0,0.0,1.0
2015-04-17,0.0,0.0,0.0,0.0,1.0
2015-04-20,0.0,0.0,0.0,0.0,1.0
2015-04-21,0.0,0.0,0.0,0.0,1.0
2015-04-22,0.0,0.0,0.0,0.0,1.0
2015-04-23,0.0,0.0,0.0,0.0,1.0
2015-04-24,0.0,0.0,0.0,0.0,1.0
2015-04-27,0.0,0.0,0.0,0.0,1.0
2015-04-28,0.0,0.0,0.0,0.0,1.0
2015-04-29,0.0,0.0,0.0,0.0,1.0
2015-04-30,0.0,0.0,0.0,0.0,1.0
2015-05-04,0.0,0.0,0.0,0.0,1.0
2015-05-05,0.0,0.0,0.0,0.0,1.0
2015-05-06,0.0,0.0,0.0,0.0,1.0
2015-05-07,0.0,0.0,0.0,0.0,1.0
2015-05-08,0.0,0.0,0.0,0.0,1.0
2015-05-11,0.0,0.0,0.0,0.0,1.0
2015-05-12,0.0,0.0,0.0,0.0,1.0
2015-05-13,0.0,0.0,0.0,0.0,1.0
2015-05-14,0.0,0.0,0.0,0.0,1.0
2015-05-15,0.0,0.0,0.0,0.0,1.0
2015-05-18,0.0,0.0,0.0,0.0,1.0
2015-05-19,0.0,0.0,0.0,0.0,1.0
2015-05-20,0.0,0.0,0.0,0.0,1.0
2015-05-21,0.0,0.0,0.0,0.0,1.0
2015-05-22,0.0,0.0,0.0,0.0,1.0
2015-05-25,0.0,0.0,0.0,0.0,1.0
2015-05-26,0.0,0.0,0.0,0.0,1.0
2015-05-27,0.0,0.0,0.0,0.0,1.0
2015-05-28,0.0,0.0,0.0,0.0,1.0
2015-05-29,0.0,0.0,0.0,0.0,1.0
2015-06-01,0.0,0.0,0.0,0.0,1.0
2015-06-02,0.0,0.0,0.0,0.0,1.0
2015-06-03,0.0,0.0,0.0,0.0,1.0
2015-06-04,0.0,0.0,0.0,0.0,1.0
2015-06-05,0.0,0.0,0.0,0.0,1.0
2015-06-08,0.0,0.0,0.0,0.0,1.0
2015-06-09,0.0,0.0,0.0,0.0,1.0
2015-06-10,0.0,0.0,0.0,0.0,1.0
2015-06-11,0.0,0.0,0.0,0.0,1.0
2015-06-12,0.0,0.0,0.0,0.0,1.0
2015-06-15,0.0,0.0,0.0,0.0,1.0
2015-06-16,0.0,0.0,0.0,0.0,1.0
2015-06-17,0.0,0.0,0.0,0.0,1.0
2015-06-18,0.0,0.0,0.0,0.0,1.0
2015-06-22,0.0,0.0,0.0,0.0,1.0
2015-06-23,0.0,0.0,0.0,0.0,1.0
2015-06-24,0.0,0.0,0.0,0.0,1.0
2015-06-25,0.0,0.0,0.0,0.0,1.0
2015-06-26,0.0,0.0,0.0,0.0,1.0
2015-06-29,0.0,0.0,0.0,0.0,1.0
2015-06-30,0.0,0.0,0.0,0.0,1.0
2015-07-01,0.0,0.0,0.0,0.0,1.0
2015-07-02,0.0,0.0,0.0,0.0,1.0
2015-07-03,0.0,0.0,0.0,0.0,1.0
2015-07-06,0.0,0.0,0.0,0.0,1.0
2015-07-07,0.0,0.0,0.0,0.0,1.0
2015-07-08,0.0,0.0,0.0,0.0,1.0
2015-07-09,0.0,0.0,0.0,0.0,1.0
2015-07-13,0.0,0.0,0.0,0.0,1.0
2015-07-14,0.0,0.0,0.0,0.0,1.0
2015-07-15,0.0,0.0,0.0,0.0,1.0
2015-07-16,0.0,0.0,0.0,0.0,1.0
2015-07-17,0.0,0.0,0.0,0.0,1.0
2015-07-20,0.0,0.0,0.0,0.0,1.0
2015-07-21,0.0,0.0,0.0,0.0,1.0
2015-07-22,0.0,0.0,0.0,0.0,1.0
2015-07-23,0.0,0.0,0.0,0.0,1.0
2015-07-24,0.0,0.0,0.0,0.0,1.0
2015-07-27,0.0,0.0,0.0,0.0,1.0
2015-07-28,0.0,0.0,0.0,0.0,1.0
2015-07-29,0.0,0.0,0.0,0.0,1.0
2015-07-30,0.0,0.0,0.0,0.0,1.0
2015-07-31,0.0,0.0,0.0,0.0,1.0
2015-08-03,0.0,0.0,0.0,0.0,1.0
2015-08-04,0.0,0.0,0.0,0.0,1.0
2015-08-05,0.0,0.0,0.0,0.0,1.0
2015-08-06,0.0,0.0,0.0,0.0,1.0
2015-08-07,0.0,0.0,0.0,0.0,1.0
2015-08-10,0.0,0.0,0.0,0.0,1.0
2015-08-11,0.0,0.0,0.0,0.0,1.0
2015-08-12,0.0,0.0,0.0,0.0,1.0
2015-08-13,0.0,0.0,0.0,0.0,1.0
2015-08-14,0.0,0.0,0.0,0.0,1.0
2015-08-17,0.0,0.0,0.0,0.0,1.0
2015-08-18,0.0,0.0,0.0,0.0,1.0
2015-08-19,0.0,0.0,0.0,0.0,1.0
2015-08-20,0.0,0.0,0.0,0.0,1.0
2015-08-21,0.0,0.0,0.0,0.0,1.0
2015-08-24,0.0,0.0,0.0,0.0,1.0
2015-08-25,0.0,0.0,0.0,0.0,1.0
2015-08-26,0.0,0.0,0.0,0.0,1.0
2015-08-27,0.0,0.0,0.0,0.0,1.0
2015-08-28,0.0,0.0,0.0,0.0,1.0
2015-08-31,0.0,0.0,0.0,0.0,1.0
2015-09-01,0.0,0.0,0.0,0.0,1.0
2015-09-02,0.0,0.0,0.0,0.0,1.0
2015-09-03,0.0,0.0,0.0,0.0,1.0
2015-09-04,0.0,0.0,0.0,0.0,1.0
2015-09-07,0.0,0.0,0.0,0.0,1.0
2015-09-08,0.0,0.0,0.0,0.0,1.0
2015-09-09,0.0,0.0,0.0,0.0,1.0
2015-09-10,0.0,0.0,0.0,0.0,1.0
2015-09-11,0.0,0.0,0.0,0.0,1.0
2015-09-14,0.0,0.0,0.0,0.0,1.0
2015-09-15,0.0,0.0,0.0,0.0,1.0
2015-09-16,0.0,0.0,0.0,0.0,1.0
2015-09-17,0.0,0.0,0.0,0.0,1.0
2015-09-18,0.0,0.0,0.0,0.0,1.0
2015-09-21,0.0,0.0,0.0,0.0,1.0
2015-09-22,0.0,0.0,0.0,0.0,1.0
2015-09-23,0.0,0.0,0.0,0.0,1.0
2015-09-24,0.0,0.0,0.0,0.0,1.0
2015-09-25,0.0,0.0,0.0,0.0,1.0
2015-09-30,0.0,0.0,0.0,0.0,1.0
2015-10-01,0.0,0.0,0.0,0.0,1.0
2015-10-02,0.0,0.0,0.0,0.0,1.0
2015-10-05,0.0,0.0,0.0,0.0,1.0
2015-10-06,0.0,0.0,0.0,0.0,1.0
2015-10-07,0.0,0.0,0.0,0.0,1.0
2015-10-08,0.0,0.0,0.0,0.0,1.0
2015-10-12,0.0,0.0,0.0,0.0,1.0
2015-10-13,0.0,0.0,0.0,0.0,1.0
2015-10-14,0.0,0.0,0.0,0.0,1.0
2015-10-15,0.0,0.0,0.0,0.0,1.0
2015-10-16,0.0,0.0,0.0,0.0,1.0
2015-10-19,0.0,0.0,0.0,0.0,1.0
2015-10-20,0.0,0.0,0.0,0.0,1.0
2015-10-21,0.0,0.0,0.0,0.0,1.0
2015-10-22,0.0,0.0,0.0,0.0,1.0
2015-10-23,0.0,0.0,0.0,0.0,1.0
2015-10-26,0.0,0.0,0.0,0.0,1.0
2015-10-27,0.0,0.0,0.0,0.0,1.0
2015-10-28,0.0,0.0,0.0,0.0,1.0
2015-10-29,0.0,0.0,0.0,0.0,1.0
2015-10-30,0.0,0.0,0.0,0.0,1.0
2015-11-02,0.0,0.0,0.0,0.0,1.0
2015-11-03,0.0,0.0,0.0,0.0,1.0
2015-11-04,0.0,0.0,0.0,0.0,1.0
2015-11-05,0.0,0.0,0.0,0.0,1.0
2015-11-06,0.0,0.0,0.0,0.0,1.0
2015-11-09,0.0,0.0,0.0,0.0,1.0
2015-11-10,0.0,0.0,0.0,0.0,1.0
2015-11-11,0.0,0.0,0.0,0.0,1.0
2015-11-12,0.0,0.0,0.0,0.0,1.0
2015-11-13,0.0,0.0,0.0,0.0,1.0
2015-11-16,0.0,0.0,0.0,0.0,1.0
2015-11-17,0.0,0.0,0.0,0.0,1.0
2015-11-18,0.0,0.0,0.0,0.0,1.0
2015-11-19,0.0,0.0,0.0,0.0,1.0
2015-11-20,0.0,0.0,0.0,0.0,1.0
2015-11-23,0.0,0.0,0.0,0.0,1.0
2015-11-24,0.0,0.0,0.0,0.0,1.0
2015-11-25,0.0,0.0,0.0,0.0,1.0
2015-11-26,0.0,0.0,0.0,0.0,1.0
2015-11-27,0.0,0.0,0.0,0.0,1.0
2015-11-30,0.0,0.0,0.0,0.0,1.0
2015-12-01,0.0,0.0,0.0,0.0,1.0
2015-12-02,0.0,0.0,0.0,0.0,1.0
2015-12-03,0.0,0.0,0.0,0.0,1.0
2015-12-04,0.0,0.0,0.0,0.0,1.0
2015-12-07,0.0,0.0,0.0,0.0,1.0
2015-12-08,0.0,0.0,0.0,0.0,1.0
2015-12-09,0.0,0.0,0.0,0.0,1.0
2015-12-10,0.0,0.0,0.0,0.0,1.0
2015-12-11,0.0,0.0,0.0,0.0,1.0
2015-12-14,0.0,0.0,0.0,0.0,1.0
2015-12-15,0.0,0.0,0.0,0.0,1.0
2015-12-16,0.0,0.0,0.0,0.0,1.0
2015-12-17,0.0,0.0,0.0,0.0,1.0
2015-12-18,0.0,0.0,0.0,0.0,1.0
2015-12-21,0.0,0.0,0.0,0.0,1.0
2015-12-22,0.0,0.0,0.0,0.0,1.0
2015-12-23,0.0,0.0,0.0,0.0,1.0
2015-12-24,0.0,0.0,0.0,0.0,1.0
2015-12-25,0.0,0.0,0.0,0.0,1.0
2015-12-28,0.0,0.0,0.0,0.0,1.0
2015-12-29,0.0,0.0,0.0,0.0,1.0
2015-12-30,0.0,0.0,0.0,0.0,1.0
2015-12-31,0.0,0.0,0.0,0.0,1.0
2016-01-04,0.0,0.0,0.0,0.0,1.0
2016-01-05,0.0,0.0,0.0,0.0,1.0
2016-01-06,0.0,0.0,0.0,0.0,1.0
2016-01-07,0.0,0.0,0.0,0.0,1.0
2016-01-08,0.0,0.0,0.0,0.0,1.0
2016-01-11,0.0,0.0,0.0,0.0,1.0
2016-01-12,0.0,0.0,0.0,0.0,1.0
2016-01-13,0.0,0.0,0.0,0.0,1.0
2016-01-14,0.0,0.0,0.0,0.0,1.0
2016-01-15,0.0,0.0,0.0,0.0,1.0
2016-01-18,0.0,0.0,0.0,0.0,1.0
2016-01-19,0.0,0.0,0.0,0.0,1.0
2016-01-20,0.0,0.0,0.0,0.0,1.0
2016-01-21,0.0,0.0,0.0,0.0,1.0
2016-01-22,0.0,0.0,0.0,0.0,1.0
2016-01-25,0.0,0.0,0.0,0.0,1.0
2016-01-26,0.0,0.0,0.0,0.0,1.0
2016-01-27,0.0,0.0,0.0,0.0,1.0
2016-01-28,0.0,0.0,0.0,0.0,1.0
2016-01-29,0.0,0.0,0.0,0.0,1.0
2016-01-30,0.0,0.0,0.0,0.0,1.0
2016-02-01,0.0,0.0,0.0,0.0,1.0
2016-02-02,0.0,0.0,0.0,0.0,1.0
2016-02-03,0.0,0.0,0.0,0.0,1.0
2016-02-15,0.0,0.0,0.0,0.0,1.0
2016-02-16,0.0,0.0,0.0,0.0,1.0
2016-02-17,0.0,0.0,0.0,0.0,1.0
2016-02-18,0.0,0.0,0.0,0.0,1.0
2016-02-19,0.0,0.0,0.0,0.0,1.0
2016-02-22,0.0,0.0,0.0,0.0,1.0
2016-02-23,0.0,0.0,0.0,0.0,1.0
2016-02-24,0.0,0.0,0.0,0.0,1.0
2016-02-25,0.0,0.0,0.0,0.0,1.0
2016-02-26,0.0,0.0,0.0,0.0,1.0
2016-03-01,0.0,0.0,0.0,0.0,1.0
2016-03-02,0.0,0.0,0.0,0.0,1.0
2016-03-03,0.0,0.0,0.0,0.0,1.0
2016-03-04,0.0,0.0,0.0,0.0,1.0
2016-03-07,0.0,0.0,0.0,0.0,1.0
2016-03-08,0.0,0.0,0.0,0.0,1.0
2016-03-09,0.0,0.0,0.0,0.0,1.0
2016-03-10,0.0,0.0,0.0,0.0,1.0
2016-03-11,0.0,0.0,0.0,0.0,1.0
2016-03-14,0.0,0.0,0.0,0.0,1.0
2016-03-15,0.0,0.0,0.0,0.0,1.0
2016-03-16,0.0,0.0,0.0,0.0,1.0
2016-03-17,0.0,0.0,0.0,0.0,1.0
2016-03-18,0.0,0.0,0.0,0.0,1.0
2016-03-21,0.0,0.0,0.0,0.0,1.0
2016-03-22,0.0,0.0,0.0,0.0,1.0
2016-03-23,0.0,0.0,0.0,0.0,1.0
2016-03-24,0.0,0.0,0.0,0.0,1.0
2016-03-25,0.0,0.0,0.0,0.0,1.0
2016-03-28,0.0,0.0,0.0,0.0,1.0
2016-03-29,0.0,0.0,0.0,0.0,1.0
2016-03-30,0.0,0.0,0.0,0.0,1.0
2016-03-31,0.0,0.0,0.0,0.0,1.0
2016-04-01,0.0,0.0,0.0,0.0,1.0
2016-04-06,0.0,0.0,0.0,0.0,1.0
2016-04-07,0.0,0.0,0.0,0.0,1.0
2016-04-08,0.0,0.0,0.0,0.0,1.0
2016-04-11,0.0,0.0,0.0,0.0,1.0
2016-04-12,0.0,0.0,0.0,0.0,1.0
2016-04-13,0.0,0.0,0.0,0.0,1.0
2016-04-14,0.0,0.0,0.0,0.0,1.0
2016-04-15,0.0,0.0,0.0,0.0,1.0
2016-04-18,0.0,0.0,0.0,0.0,1.0
2016-04-19,0.0,0.0,0.0,0.0,1.0
2016-04-20,0.0,0.0,0.0,0.0,1.0
2016-04-21,0.0,0.0,0.0,0.0,1.0
2016-04-22,0.0,0.0,0.0,0.0,1.0
2016-04-25,0.0,0.0,0.0,0.0,1.0
2016-04-26,0.0,0.0,0.0,0.0,1.0
2016-04-27,0.0,0.0,0.0,0.0,1.0
2016-04-28,0.0,0.0,0.0,0.0,1.0
2016-04-29,0.0,0.0,0.0,0.0,1.0
2016-05-03,0.0,0.0,0.0,0.0,1.0
2016-05-04,0.0,0.0,0.0,0.0,1.0
2016-05-05,0.0,0.0,0.0,0.0,1.0
2016-05-06,0.0,0.0,0.0,0.0,1.0
2016-05-09,0.0,0.0,0.0,0.0,1.0
2016-05-10,0.0,0.0,0.0,0.0,1.0
2016-05-11,0.0,0.0,0.0,0.0,1.0
2016-05-12,0.0,0.0,0.0,0.0,1.0
2016-05-13,0.0,0.0,0.0,0.0,1.0
2016-05-16,0.0,0.0,0.0,0.0,1.0
2016-05-17,0.0,0.0,0.0,0.0,1.0
2016-05-18,0.0,0.0,0.0,0.0,1.0
2016-05-19,0.0,0.0,0.0,0.0,1.0
2016-05-20,0.0,0.0,0.0,0.0,1.0
2016-05-23,0.0,0.0,0.0,0.0,1.0
2016-05-24,0.0,0.0,0.0,0.0,1.0
2016-05-25,0.0,0.0,0.0,0.0,1.0
2016-05-26,0.0,0.0,0.0,0.0,1.0
2016-05-27,0.0,0.0,0.0,0.0,1.0
2016-05-30,0.0,0.0,0.0,0.0,1.0
2016-05-31,0.0,0.0,0.0,0.0,1.0
2016-06-01,0.0,0.0,0.0,0.0,1.0
2016-06-02,0.0,0.0,0.0,0.0,1.0
2016-06-03,0.0,0.0,0.0,0.0,1.0
2016-06-04,0.0,0.0,0.0,0.0,1.0
2016-06-06,0.0,0.0,0.0,0.0,1.0
2016-06-07,0.0,0.0,0.0,0.0,1.0
2016-06-08,0.0,0.0,0.0,0.0,1.0
2016-06-13,0.0,0.0,0.0,0.0,1.0
2016-06-14,0.0,0.0,0.0,0.0,1.0
2016-06-15,0.0,0.0,0.0,0.0,1.0
2016-06-16,0.0,0.0,0.0,0.0,1.0
2016-06-17,0.0,0.0,0.0,0.0,1.0
2016-06-20,0.0,0.0,0.0,0.0,1.0
2016-06-21,0.0,0.0,0.0,0.0,1.0
2016-06-22,0.0,0.0,0.0,0.0,1.0
2016-06-23,0.0,0.0,0.0,0.0,1.0
2016-06-24,0.0,0.0,0.0,0.0,1.0
2016-06-27,0.0,0.0,0.0,0.0,1.0
2016-06-28,0.0,0.0,0.0,0.0,1.0
2016-06-29,0.0,0.0,0.0,0.0,1.0
2016-06-30,0.0,0.0,0.0,0.0,1.0
2016-07-01,0.0,0.0,0.0,0.0,1.0
2016-07-04,0.0,0.0,0.0,0.0,1.0
2016-07-05,0.0,0.0,0.0,0.0,1.0
2016-07-06,0.0,0.0,0.0,0.0,1.0
2016-07-07,0.0,0.0,0.0,0.0,1.0
2016-07-11,0.0,0.0,0.0,0.0,1.0
2016-07-12,0.0,0.0,0.0,0.0,1.0
2016-07-13,0.0,0.0,0.0,0.0,1.0
2016-07-14,0.0,0.0,0.0,0.0,1.0
2016-07-15,0.0,0.0,0.0,0.0,1.0
2016-07-18,0.0,0.0,0.0,0.0,1.0
2016-07-19,0.0,0.0,0.0,0.0,1.0
2016-07-20,0.0,0.0,0.0,0.0,1.0
2016-07-21,0.0,0.0,0.0,0.0,1.0
2016-07-22,0.0,0.0,0.0,0.0,1.0
2016-07-25,0.0,0.0,0.0,0.0,1.0
2016-07-26,0.0,0.0,0.0,0.0,1.0
2016-07-27,0.0,0.0,0.0,0.0,1.0
2016-07-28,0.0,0.0,0.0,0.0,1.0
2016-07-29,0.0,0.0,0.0,0.0,1.0
2016-08-01,0.0,0.0,0.0,0.0,1.0
2016-08-02,0.0,0.0,0.0,0.0,1.0
2016-08-03,0.0,0.0,0.0,0.0,1.0
2016-08-04,0.0,0.0,0.0,0.0,1.0
2016-08-05,0.0,0.0,0.0,0.0,1.0
2016-08-08,0.0,0.0,0.0,0.0,1.0
2016-08-09,0.0,0.0,0.0,0.0,1.0
2016-08-10,0.0,0.0,0.0,0.0,1.0
2016-08-11,0.0,0.0,0.0,0.0,1.0
2016-08-12,0.0,0.0,0.0,0.0,1.0
2016-08-15,0.0,0.0,0.0,0.0,1.0
2016-08-16,0.0,0.0,0.0,0.0,1.0
2016-08-17,0.0,0.0,0.0,0.0,1.0
2016-08-18,0.0,0.0,0.0,0.0,1.0
2016-08-19,0.0,0.0,0.0,0.0,1.0
2016-08-22,0.0,0.0,0.0,0.0,1.0
2016-08-23,0.0,0.0,0.0,0.0,1.0
2016-08-24,0.0,0.0,0.0,0.0,1.0
2016-08-25,0.0,0.0,0.0,0.0,1.0
2016-08-26,0.0,0.0,0.0,0.0,1.0
2016-08-29,0.0,0.0,0.0,0.0,1.0
2016-08-30,0.0,0.0,0.0,0.0,1.0
2016-08-31,0.0,0.0,0.0,0.0,1.0
2016-09-01,0.0,0.0,0.0,0.0,1.0
2016-09-02,0.0,0.0,0.0,0.0,1.0
2016-09-05,0.0,0.0,0.0,0.0,1.0
2016-09-06,0.0,0.0,0.0,0.0,1.0
2016-09-07,0.0,0.0,0.0,0.0,1.0
2016-09-08,0.0,0.0,0.0,0.0,1.0
2016-09-09,0.0,0.0,0.0,0.0,1.0
2016-09-10,0.0,0.0,0.0,0.0,1.0
2016-09-12,0.0,0.0,0.0,0.0,1.0
2016-09-13,0.0,0.0,0.0,0.0,1.0
2016-09-14,0.0,0.0,0.0,0.0,1.0
2016-09-19,0.0,0.0,0.0,0.0,1.0
2016-09-20,0.0,0.0,0.0,0.0,1.0
2016-09-21,0.0,0.0,0.0,0.0,1.0
2016-09-22,0.0,0.0,0.0,0.0,1.0
2016-09-23,0.0,0.0,0.0,0.0,1.0
2016-09-26,0.0,0.0,0.0,0.0,1.0
2016-09-29,0.0,0.0,0.0,0.0,1.0
2016-09-30,0.0,0.0,0.0,0.0,1.0
2016-10-03,0.0,0.0,0.0,0.0,1.0
2016-10-04,0.0,0.0,0.0,0.0,1.0
2016-10-05,0.0,0.0,0.0,0.0,1.0
2016-10-06,0.0,0.0,0.0,0.0,1.0
2016-10-07,0.0,0.0,0.0,0.0,1.0
2016-10-11,0.0,0.0,0.0,0.0,1.0
2016-10-12,0.0,0.0,0.0,0.0,1.0
2016-10-13,0.0,0.0,0.0,0.0,1.0
2016-10-14,0.0,0.0,0.0,0.0,1.0
2016-10-17,0.0,0.0,0.0,0.0,1.0
2016-10-18,0.0,0.0,0.0,0.0,1.0
2016-10-19,0.0,0.0,0.0,0.0,1.0
2016-10-20,0.0,0.0,0.0,0.0,1.0
2016-10-21,0.0,0.0,0.0,0.0,1.0
2016-10-24,0.0,0.0,0.0,0.0,1.0
2016-10-25,0.0,0.0,0.0,0.0,1.0
2016-10-26,0.0,0.0,0.0,0.0,1.0
2016-10-27,0.0,0.0,0.0,0.0,1.0
2016-10-28,0.0,0.0,0.0,0.0,1.0
2016-10-31,0.0,0.0,0.0,0.0,1.0
2016-11-01,0.0,0.0,0.0,0.0,1.0
2016-11-02,0.0,0.0,0.0,0.0,1.0
2016-11-03,0.0,0.0,0.0,0.0,1.0
2016-11-04,0.0,0.0,0.0,0.0,1.0
2016-11-07,0.0,0.0,0.0,0.0,1.0
2016-11-08,0.0,0.0,0.0,0.0,1.0
2016-11-09,0.0,0.0,0.0,0.0,1.0
2016-11-10,0.0,0.0,0.0,0.0,1.0
2016-11-11,0.0,0.0,0.0,0.0,1.0
2016-11-14,0.0,0.0,0.0,0.0,1.0
2016-11-15,0.0,0.0,0.0,0.0,1.0
2016-11-16,0.0,0.0,0.0,0.0,1.0
2016-11-17,0.0,0.0,0.0,0.0,1.0
2016-11-18,0.0,0.0,0.0,0.0,1.0
2016-11-21,0.0,0.0,0.0,0.0,1.0
2016-11-22,0.0,0.0,0.0,0.0,1.0
2016-11-23,0.0,0.0,0.0,0.0,1.0
2016-11-24,0.0,0.0,0.0,0.0,1.0
2016-11-25,0.0,0.0,0.0,0.0,1.0
2016-11-28,0.0,0.0,0.0,0.0,1.0
2016-11-29,0.0,0.0,0.0,0.0,1.0
2016-11-30,0.0,0.0,0.0,0.0,1.0
2016-12-01,0.0,0.0,0.0,0.0,1.0
2016-12-02,0.0,0.0,0.0,0.0,1.0
2016-12-05,0.0,0.0,0.0,0.0,1.0
2016-12-06,0.0,0.0,0.0,0.0,1.0
2016-12-07,0.0,0.0,0.0,0.0,1.0
2016-12-08,0.0,0.0,0.0,0.0,1.0
2016-12-09,0.0,0.0,0.0,0.0,1.0
2016-12-12,0.0,0.0,0.0,0.0,1.0
2016-12-13,0.0,0.0,0.0,0.0,1.0
2016-12-14,0.0,0.0,0.0,0.0,1.0
2016-12-15,0.0,0.0,0.0,0.0,1.0
2016-12-16,0.0,0.0,0.0,0.0,1.0
2016-12-19,0.0,0.0,0.0,0.0,1.0
2016-12-20,0.0,0.0,0.0,0.0,1.0
2016-12-21,0.0,0.0,0.0,0.0,1.0
2016-12-22,0.0,0.0,0.0,0.0,1.0
2016-12-23,0.0,0.0,0.0,0.0,1.0
2016-12-26,0.0,0.0,0.0,0.0,1.0
2016-12-27,0.0,0.0,0.0,0.0,1.0
2016-12-28,0.0,0.0,0.0,0.0,1.0
2016-12-29,0.0,0.0,0.0,0.0,1.0
2016-12-30,0.0,0.0,0.0,0.0,1.0
2017-01-03,0.0,0.0,0.0,0.0,1.0
2017-01-04,0.0,0.0,0.0,0.0,1.0
2017-01-05,0.0,0.0,0.0,0.0,1.0
2017-01-06,0.0,0.0,0.0,0.0,1.0
2017-01-09,0.0,0.0,0.0,0.0,1.0
2017-01-10,0.0,0.0,0.0,0.0,1.0
2017-01-11,0.0,0.0,0.0,0.0,1.0
2017-01-12,0.0,0.0,0.0,0.0,1.0
2017-01-13,0.0,0.0,0.0,0.0,1.0
2017-01-16,0.0,0.0,0.0,0.0,1.0
2017-01-17,0.0,0.0,0.0,0.0,1.0
2017-01-18,0.0,0.0,0.0,0.0,1.0
2017-01-19,0.0,0.0,0.0,0.0,1.0
2017-01-20,0.0,0.0,0.0,0.0,1.0
2017-01-23,0.0,0.0,0.0,0.0,1.0
2017-01-24,0.0,0.0,0.0,0.0,1.0
2017-02-02,0.0,0.0,0.0,0.0,1.0
2017-02-03,0.0,0.0,0.0,0.0,1.0
2017-02-06,0.0,0.0,0.0,0.0,1.0
2017-02-07,0.0,0.0,0.0,0.0,1.0
2017-02-08,0.0,0.0,0.0,0.0,1.0
2017-02-09,0.0,0.0,0.0,0.0,1.0
2017-02-10,0.0,0.0,0.0,0.0,1.0
2017-02-13,0.0,0.0,0.0,0.0,1.0
2017-02-14,0.0,0.0,0.0,0.0,1.0
2017-02-15,0.0,0.0,0.0,0.0,1.0
2017-02-16,0.0,0.0,0.0,0.0,1.0
2017-02-17,0.0,0.0,0.0,0.0,1.0
2017-02-18,0.0,0.0,0.0,0.0,1.0
2017-02-20,0.0,0.0,0.0,0.0,1.0
2017-02-21,0.0,0.0,0.0,0.0,1.0
2017-02-22,0.0,0.0,0.0,0.0,1.0
2017-02-23,0.0,0.0,0.0,0.0,1.0
2017-02-24,0.0,0.0,0.0,0.0,1.0
2017-03-01,0.0,0.0,0.0,0.0,1.0
2017-03-02,0.0,0.0,0.0,0.0,1.0
2017-03-03,0.0,0.0,0.0,0.0,1.0
2017-03-06,0.0,0.0,0.0,0.0,1.0
2017-03-07,0.0,0.0,0.0,0.0,1.0
2017-03-08,0.0,0.0,0.0,0.0,1.0
2017-03-09,0.0,0.0,0.0,0.0,1.0
2017-03-10,0.0,0.0,0.0,0.0,1.0
2017-03-13,0.0,0.0,0.0,0.0,1.0
2017-03-14,0.0,0.0,0.0,0.0,1.0
2017-03-15,0.0,0.0,0.0,0.0,1.0
2017-03-16,0.0,0.0,0.0,0.0,1.0
2017-03-17,0.0,0.0,0.0,0.0,1.0
2017-03-20,0.0,0.0,0.0,0.0,1.0
2017-03-21,0.0,0.0,0.0,0.0,1.0
2017-03-22,0.0,0.0,0.0,0.0,1.0
2017-03-23,0.0,0.0,0.0,0.0,1.0
2017-03-24,0.0,0.0,0.0,0.0,1.0
2017-03-27,0.0,0.0,0.0,0.0,1.0
2017-03-28,0.0,0.0,0.0,0.0,1.0
2017-03-29,0.0,0.0,0.0,0.0,1.0
2017-03-30,0.0,0.0,0.0,0.0,1.0
2017-03-31,0.0,0.0,0.0,0.0,1.0
2017-04-05,0.0,0.0,0.0,0.0,1.0
2017-04-06,0.0,0.0,0.0,0.0,1.0
2017-04-07,0.0,0.0,0.0,0.0,1.0
2017-04-10,0.0,0.0,0.0,0.0,1.0
2017-04-11,0.0,0.0,0.0,0.0,1.0
2017-04-12,0.0,0.0,0.0,0.0,1.0
2017-04-13,0.0,0.0,0.0,0.0,1.0
2017-04-14,0.0,0.0,0.0,0.0,1.0
2017-04-17,0.0,0.0,0.0,0.0,1.0
2017-04-18,0.0,0.0,0.0,0.0,1.0
2017-04-19,0.0,0.0,0.0,0.0,1.0
2017-04-20,0.0,0.0,0.0,0.0,1.0
2017-04-21,0.0,0.0,0.0,0.0,1.0
2017-04-24,0.0,0.0,0.0,0.0,1.0
2017-04-25,0.0,0.0,0.0,0.0,1.0
2017-04-26,0.0,0.0,0.0,0.0,1.0
2017-04-27,0.0,0.0,0.0,0.0,1.0
2017-04-28,0.0,0.0,0.0,0.0,1.0
2017-05-02,0.0,0.0,0.0,0.0,1.0
2017-05-03,0.0,0.0,0.0,0.0,1.0
2017-05-04,0.0,0.0,0.0,0.0,1.0
2017-05-05,0.0,0.0,0.0,0.0,1.0
2017-05-08,0.0,0.0,0.0,0.0,1.0
2017-05-09,0.0,0.0,0.0,0.0,1.0
2017-05-10,0.0,0.0,0.0,0.0,1.0
2017-05-11,0.0,0.0,0.0,0.0,1.0
2017-05-12,0.0,0.0,0.0,0.0,1.0
2017-05-15,0.0,0.0,0.0,0.0,1.0
2017-05-16,0.0,0.0,0.0,0.0,1.0
2017-05-17,0.0,0.0,0.0,0.0,1.0
2017-05-18,0.0,0.0,0.0,0.0,1.0
2017-05-19,0.0,0.0,0.0,0.0,1.0
2017-05-22,0.0,0.0,0.0,0.0,1.0
2017-05-23,0.0,0.0,0.0,0.0,1.0
2017-05-24,0.0,0.0,0.0,0.0,1.0
2017-05-25,0.0,0.0,0.0,0.0,1.0
2017-05-26,0.0,0.0,0.0,0.0,1.0
2017-05-31,0.0,0.0,0.0,0.0,1.0
2017-06-01,0.0,0.0,0.0,0.0,1.0
2017-06-02,0.0,0.0,0.0,0.0,1.0
2017-06-03,0.0,0.0,0.0,0.0,1.0
2017-06-05,0.0,0.0,0.0,0.0,1.0
2017-06-06,0.0,0.0,0.0,0.0,1.0
2017-06-07,0.0,0.0,0.0,0.0,1.0
2017-06-08,0.0,0.0,0.0,0.0,1.0
2017-06-09,0.0,0.0,0.0,0.0,1.0
2017-06-12,0.0,0.0,0.0,0.0,1.0
2017-06-13,0.0,0.0,0.0,0.0,1.0
2017-06-14,0.0,0.0,0.0,0.0,1.0
2017-06-15,0.0,0.0,0.0,0.0,1.0
2017-06-16,0.0,0.0,0.0,0.0,1.0
2017-06-19,0.0,0.0,0.0,0.0,1.0
2017-06-20,0.0,0.0,0.0,0.0,1.0
2017-06-21,0.0,0.0,0.0,0.0,1.0
2017-06-22,0.0,0.0,0.0,0.0,1.0
2017-06-23,0.0,0.0,0.0,0.0,1.0
2017-06-26,0.0,0.0,0.0,0.0,1.0
2017-06-27,0.0,0.0,0.0,0.0,1.0
2017-06-28,0.0,0.0,0.0,0.0,1.0
2017-06-29,0.0,0.0,0.0,0.0,1.0
2017-06-30,0.0,0.0,0.0,0.0,1.0
2017-07-03,0.0,0.0,0.0,0.0,1.0
2017-07-04,0.0,0.0,0.0,0.0,1.0
2017-07-05,0.0,0.0,0.0,0.0,1.0
2017-07-06,0.0,0.0,0.0,0.0,1.0
2017-07-07,0.0,0.0,0.0,0.0,1.0
2017-07-10,0.0,0.0,0.0,0.0,1.0
2017-07-11,0.0,0.0,0.0,0.0,1.0
2017-07-12,0.0,0.0,0.0,0.0,1.0
2017-07-13,0.0,0.0,0.0,0.0,1.0
2017-07-14,0.0,0.0,0.0,0.0,1.0
2017-07-17,0.0,0.0,0.0,0.0,1.0
2017-07-18,0.0,0.0,0.0,0.0,1.0
2017-07-19,0.0,0.0,0.0,0.0,1.0
2017-07-20,0.0,0.0,0.0,0.0,1.0
2017-07-21,0.0,0.0,0.0,0.0,1.0
2017-07-24,0.0,0.0,0.0,0.0,1.0
2017-07-25,0.0,0.0,0.0,0.0,1.0
2017-07-26,0.0,0.0,0.0,0.0,1.0
2017-07-27,0.0,0.0,0.0,0.0,1.0
2017-07-28,0.0,0.0,0.0,0.0,1.0
2017-07-31,0.0,0.0,0.0,0.0,1.0
2017-08-01,0.0,0.0,0.0,0.0,1.0
2017-08-02,0.0,0.0,0.0,0.0,1.0
2017-08-03,0.0,0.0,0.0,0.0,1.0
2017-08-04,0.0,0.0,0.0,0.0,1.0
2017-08-07,0.0,0.0,0.0,0.0,1.0
2017-08-08,0.0,0.0,0.0,0.0,1.0
2017-08-09,0.0,0.0,0.0,0.0,1.0
2017-08-10,0.0,0.0,0.0,0.0,1.0
2017-08-11,0.0,0.0,0.0,0.0,1.0
2017-08-14,0.0,0.0,0.0,0.0,1.0
2017-08-15,0.0,0.0,0.0,0.0,1.0
2017-08-16,0.0,0.0,0.0,0.0,1.0
2017-08-17,0.0,0.0,0.0,0.0,1.0
2017-08-18,0.0,0.0,0.0,0.0,1.0
2017-08-21,0.0,0.0,0.0,0.0,1.0
2017-08-22,0.0,0.0,0.0,0.0,1.0
2017-08-23,0.0,0.0,0.0,0.0,1.0
2017-08-24,0.0,0.0,0.0,0.0,1.0
2017-08-25,0.0,0.0,0.0,0.0,1.0
2017-08-28,0.0,0.0,0.0,0.0,1.0
2017-08-29,0.0,0.0,0.0,0.0,1.0
2017-08-30,0.0,0.0,0.0,0.0,1.0
2017-08-31,0.0,0.0,0.0,0.0,1.0
2017-09-01,0.0,0.0,0.0,0.0,1.0
2017-09-04,0.0,0.0,0.0,0.0,1.0
2017-09-05,0.0,0.0,0.0,0.0,1.0
2017-09-06,0.0,0.0,0.0,0.0,1.0
2017-09-07,0.0,0.0,0.0,0.0,1.0
2017-09-08,0.0,0.0,0.0,0.0,1.0
2017-09-11,0.0,0.0,0.0,0.0,1.0
2017-09-12,0.0,0.0,0.0,0.0,1.0
2017-09-13,0.0,0.0,0.0,0.0,1.0
2017-09-14,0.0,0.0,0.0,0.0,1.0
2017-09-15,0.0,0.0,0.0,0.0,1.0
2017-09-18,0.0,0.0,0.0,0.0,1.0
2017-09-19,0.0,0.0,0.0,0.0,1.0
2017-09-20,0.0,0.0,0.0,0.0,1.0
2017-09-21,0.0,0.0,0.0,0.0,1.0
2017-09-22,0.0,0.0,0.0,0.0,1.0
2017-09-25,0.0,0.0,0.0,0.0,1.0
2017-09-26,0.0,0.0,0.0,0.0,1.0
2017-09-27,0.0,0.0,0.0,0.0,1.0
2017-09-28,0.0,0.0,0.0,0.0,1.0
2017-09-29,0.0,0.0,0.0,0.0,1.0
2017-09-30,0.0,0.0,0.0,0.0,1.0
2017-10-02,0.0,0.0,0.0,0.0,1.0
2017-10-03,0.0,0.0,0.0,0.0,1.0
2017-10-05,0.0,0.0,0.0,0.0,1.0
2017-10-06,0.0,0.0,0.0,0.0,1.0
2017-10-11,0.0,0.0,0.0,0.0,1.0
2017-10-12,0.0,0.0,0.0,0.0,1.0
2017-10-13,0.0,0.0,0.0,0.0,1.0
2017-10-16,0.0,0.0,0.0,0.0,1.0
2017-10-17,0.0,0.0,0.0,0.0,1.0
2017-10-18,0.0,0.0,0.0,0.0,1.0
2017-10-19,0.0,0.0,0.0,0.0,1.0
2017-10-20,0.0,0.0,0.0,0.0,1.0
2017-10-23,0.0,0.0,0.0,0.0,1.0
2017-10-24,0.0,0.0,0.0,0.0,1.0
2017-10-25,0.0,0.0,0.0,0.0,1.0
2017-10-26,0.0,0.0,0.0,0.0,1.0
2017-10-27,0.0,0.0,0.0,0.0,1.0
2017-10-30,0.0,0.0,0.0,0.0,1.0
2017-10-31,0.0,0.0,0.0,0.0,1.0
2017-11-01,0.0,0.0,0.0,0.0,1.0
2017-11-02,0.0,0.0,0.0,0.0,1.0
2017-11-03,0.0,0.0,0.0,0.0,1.0
2017-11-06,0.0,0.0,0.0,0.0,1.0
2017-11-07,0.0,0.0,0.0,0.0,1.0
2017-11-08,0.0,0.0,0.0,0.0,1.0
2017-11-09,0.0,0.0,0.0,0.0,1.0
2017-11-10,0.0,0.0,0.0,0.0,1.0
2017-11-13,0.0,0.0,0.0,0.0,1.0
2017-11-14,0.0,0.0,0.0,0.0,1.0
2017-11-15,0.0,0.0,0.0,0.0,1.0
2017-11-16,0.0,0.0,0.0,0.0,1.0
2017-11-17,0.0,0.0,0.0,0.0,1.0
2017-11-20,0.0,0.0,0.0,0.0,1.0
2017-11-21,0.0,0.0,0.0,0.0,1.0
2017-11-22,0.0,0.0,0.0,0.0,1.0
2017-11-23,0.0,0.0,0.0,0.0,1.0
2017-11-24,0.0,0.0,0.0,0.0,1.0
2017-11-27,0.0,0.0,0.0,0.0,1.0
2017-11-28,0.0,0.0,0.0,0.0,1.0
2017-11-29,0.0,0.0,0.0,0.0,1.0
2017-11-30,0.0,0.0,0.0,0.0,1.0
2017-12-01,0.0,0.0,0.0,0.0,1.0
2017-12-04,0.0,0.0,0.0,0.0,1.0
2017-12-05,0.0,0.0,0.0,0.0,1.0
2017-12-06,0.0,0.0,0.0,0.0,1.0
2017-12-07,0.0,0.0,0.0,0.0,1.0
2017-12-08,0.0,0.0,0.0,0.0,1.0
2017-12-11,0.0,0.0,0.0,0.0,1.0
2017-12-12,0.0,0.0,0.0,0.0,1.0
2017-12-13,0.0,0.0,0.0,0.0,1.0
2017-12-14,0.0,0.0,0.0,0.0,1.0
2017-12-15,0.0,0.0,0.0,0.0,1.0
2017-12-18,0.0,0.0,0.0,0.0,1.0
2017-12-19,0.0,0.0,0.0,0.0,1.0
2017-12-20,0.0,0.0,0.0,0.0,1.0
2017-12-21,0.0,0.0,0.0,0.0,1.0
2017-12-22,0.0,0.0,0.0,0.0,1.0
2017-12-25,0.0,0.0,0.0,0.0,1.0
2017-12-26,0.0,0.0,0.0,0.0,1.0
2017-12-27,0.0,0.0,0.0,0.0,1.0
2017-12-28,0.0,0.0,0.0,0.0,1.0
2017-12-29,0.0,0.0,0.0,0.0,1.0
2018-01-02,0.0,0.0,0.0,0.0,1.0
2018-01-03,0.0,0.0,0.0,0.0,1.0
2018-01-04,0.0,0.0,0.0,0.0,1.0
2018-01-05,0.0,0.0,0.0,0.0,1.0
2018-01-08,0.0,0.0,0.0,0.0,1.0
2018-01-09,0.0,0.0,0.0,0.0,1.0
2018-01-10,0.0,0.0,0.0,0.0,1.0
2018-01-11,0.0,0.0,0.0,0.0,1.0
2018-01-12,0.0,0.0,0.0,0.0,1.0
2018-01-15,0.0,0.0,0.0,0.0,1.0
2018-01-16,0.0,0.0,0.0,0.0,1.0
2018-01-17,0.0,0.0,0.0,0.0,1.0
2018-01-18,0.0,0.0,0.0,0.0,1.0
2018-01-19,0.0,0.0,0.0,0.0,1.0
2018-01-22,0.0,0.0,0.0,0.0,1.0
2018-01-23,0.0,0.0,0.0,0.0,1.0
2018-01-24,0.0,0.0,0.0,0.0,1.0
2018-01-25,0.0,0.0,0.0,0.0,1.0
2018-01-26,0.0,0.0,0.0,0.0,1.0
2018-01-29,0.0,0.0,0.0,0.0,1.0
2018-01-30,0.0,0.0,0.0,0.0,1.0
2018-01-31,0.0,0.0,0.0,0.0,1.0
2018-02-01,0.0,0.0,0.0,0.0,1.0
2018-02-02,-0.0044065590272486695,-0.006306559027248669,1.0,0.0018999999999999998,0.9936934409727514
2018-02-05,-0.01290859142520387,-0.01290859142520387,0.0,0.0,0.9808662583413292
2018-02-06,-0.042176445522153105,-0.042176445522153105,0.0,0.0,0.9394968060318779
2018-02-07,0.014757688240089398,0.014757688240089398,0.0,0.0,0.9533616069978562
2018-02-08,7.788710766383879e-05,7.788710766383879e-05,0.0,0.0,0.953435861575983
2018-02-09,-0.008065187526103806,-0.008065187526103806,0.0,0.0,0.9457462225582604
2018-02-12,0.004905090068435127,0.004905090068435127,0.0,0.0,0.9503851929617909
2018-02-21,0.021775091372780272,0.021775091372780272,0.0,0.0,0.9710799173778714
2018-02-22,0.0012695487358369672,0.0012695487358369672,0.0,0.0,0.9723127506593751
2018-02-23,0.008084174313338244,0.008084174313338244,0.0,0.0,0.9801730964227868
2018-02-26,0.004460451369798582,0.004460451369798582,0.0,0.0,0.9845451108533655
2018-02-27,-0.0027523511995426963,-0.0027523511995426963,0.0,0.0,0.9818352969365044
2018-03-01,0.0009677176236784732,0.0009677176236784732,0.0,0.0,0.9827854362568994
2018-03-02,-0.006142996120287056,-0.006142996120287056,0.0,0.0,0.9767481891348987
2018-03-05,-0.007828860127338041,-0.007828860127338041,0.0,0.0,0.9691013641825308
2018-03-06,0.007809033696362911,0.007809033696362911,0.0,0.0,0.9766691093906235
2018-03-07,0.000564831180446565,0.000564831180446565,0.0,0.0,0.9772207625565862
2018-03-08,0.005877228760677499,0.005877228760677499,0.0,0.0,0.9829641125278149
2018-03-09,0.0011873366306627917,0.0011873366306627917,0.0,0.0,0.984131221825246
2018-03-12,0.007832801605766436,0.007832801605766436,0.0,0.0,0.9918397264398437
2018-03-13,0.004598312373341359,0.004598312373341359,0.0,0.0,0.9964005153263036
2018-03-14,-0.0015951214650872037,-0.0015951214650872037,0.0,0.0,0.9948111354764826
2018-03-15,0.00011909819680796152,0.00011909819680796152,0.0,0.0,0.9949296156888824
2018-03-16,0.005649161939981463,0.005649161939981463,0.0,0.0,1.0005501342067924
2018-03-19,0.0003566547005418916,0.0003566547005418916,0.0,0.0,1.000906985115285
2018-03-20,-0.0016816290199199557,-0.0016816290199199557,0.0,0.0,0.9992238308828745
2018-03-21,0.0008670691755207456,0.0008670691755207456,0.0,0.0,1.0000902270660788
2018-03-22,0.0004911829916654716,0.0004911829916654716,0.0,0.0,1.0005814543757443
2018-03-23,-0.01201572584309478,-0.01201572584309478,0.0,0.0,0.9885587419362803
2018-03-26,0.0026546985880109616,0.0026546985880109616,0.0,0.0,0.9911830674326645
2018-03-27,0.00698866978124511,0.00698866978124511,0.0,0.0,0.998110118583713
2018-03-28,-0.004285811917219103,-0.004285811917219103,0.0,0.0,0.9938324063427899
2018-03-29,-0.001337155283383783,-0.001337155283383783,0.0,0.0,0.9925034980898507
2018-03-30,0.006267366233801174,0.006267366233801174,0.0,0.0,0.9987238810007085
2018-03-31,0.0018541256131515416,0.0018541256131515416,0.0,0.0,1.0005756405289379
2018-04-02,-0.0023500008057589106,-0.0023500008057589106,0.0,0.0,0.9982242869674722
2018-04-03,-0.005170618343754806,-0.005170618343754806,0.0,0.0,0.9930628501580967
2018-04-09,0.008393671249644586,0.008393671249644586,0.0,0.0,1.001398293252559
2018-04-10,0.004650314264843783,0.004650314264843783,0.0,0.0,1.0060551100204616
2018-04-11,0.001555445755191739,0.001555445755191739,0.0,0.0,1.007619974170832
2018-04-12,0.0010671818425533977,0.0010671818425533977,0.0,0.0,1.0086952879114612
2018-04-13,-0.0006262754983921424,-0.0006262754983921424,0.0,0.0,1.0080635667672988
2018-04-16,-0.0013745083949020032,-0.0013745083949020032,0.0,0.0,1.0066779749321821
2018-04-17,-0.007915585987083164,-0.007915585987083164,0.0,0.0,0.9987095288603036
2018-04-18,0.004311185731549525,0.004311185731549525,0.0,0.0,1.0030151511310885
2018-04-19,0.008324431189158845,0.008324431189158845,0.0,0.0,1.011364681738363
2018-04-20,-0.0027621475059168067,-0.0027621475059168067,0.0,0.0,1.008571143305127
2018-04-23,-0.0008053316337491724,-0.0008053316337491724,0.0,0.0,1.0077589090585368
2018-04-24,-0.011069330700877539,-0.011069330700877539,0.0,0.0,0.9966036924274123
2018-04-25,0.0007689834204991777,0.0007689834204991777,0.0,0.0,0.9973700641436972
2018-04-26,-0.0025819489222508865,-0.0025819489222508865,0.0,0.0,0.9947949055814962
2018-04-27,0.004641530854886397,0.004641530854886397,0.0,0.0,0.9994122768300365
2018-04-30,0.008861409364329982,0.008861409364329982,0.0,0.0,1.0082684781387645
2018-05-02,0.0008621354127041749,0.0008621354127041749,0.0,0.0,1.0091377420992813
2018-05-03,-0.007299111730590518,-0.007299111730590518,0.0,0.0,1.001771932968143
2018-05-04,-0.0007387528946151361,-0.0007387528946151361,0.0,0.0,1.0010318710529185
2018-05-07,0.0023287431967162287,0.0023287431967162287,0.0,0.0,1.0033630172123291
2018-05-08,0.004847794636596951,0.004847794636596951,0.0,0.0,1.008227115065731
2018-05-09,-0.0016800506376422981,-0.0016800506376422981,0.0,0.0,1.0065332424581765
2018-05-10,0.0024414774662663563,0.0024414774662663563,0.0,0.0,1.0089906706886862
2018-05-11,0.005603934364426634,0.005603934364426634,0.0,0.0,1.0146449881815445
2018-05-14,0.004100217992499697,0.004100217992499697,0.0,0.0,1.018805253818086
2018-05-15,-0.002105896010037434,-0.002105896010037434,0.0,0.0,1.0166597558990653
2018-05-16,0.005543233187574282,0.005543233187574282,0.0,0.0,1.022295337998436
2018-05-17,0.00017221868592176597,0.00017221868592176597,0.0,0.0,1.0224713963581702
2018-05-18,0.0034378361003237394,0.0034378361003237394,0.0,0.0,1.0259864854361187
2018-05-21,0.0078484604098276,0.0078484604098276,0.0,0.0,1.0340388997480823
2018-05-22,-0.0031714040015423067,-0.0031714040015423067,0.0,0.0,1.0307595446436708
2018-05-23,-0.001384712413476794,-0.001384712413476794,0.0,0.0,1.029332239106893
2018-05-24,0.004360044780542632,0.004360044780542632,0.0,0.0,1.0338201737634551
2018-05-25,0.0009022136847407323,0.0009022136847407323,0.0,0.0,1.0347529004717857
2018-05-28,0.003723899597689507,0.003723899597689507,0.0,0.0,1.0386062163815608
2018-05-29,-0.0016686106884690765,-0.0016686106884690765,0.0,0.0,1.036873186947796
2018-05-30,-0.012195931582684559,-0.012195931582684559,0.0,0.0,1.0242275524998607
2018-05-31,0.007864578887280585,0.007864578887280585,0.0,0.0,1.0322826708850223
2018-06-01,0.004522917546874232,0.004522917546874232,0.0,0.0,1.0369516002905024
2018-06-04,0.008244437408742254,0.008244437408742254,0.0,0.0,1.0455006828549926
2018-06-05,0.0018485780056699608,0.0018485780056699608,0.0,0.0,1.0474333724222313
2018-06-06,0.0062651475346953535,0.0062651475346953535,0.0,0.0,1.05399569703322
2018-06-07,0.004208703118545392,0.004208703118545392,0.0,0.0,1.0584316520102572
2018-06-08,-0.004259088593687048,-0.004259088593687048,0.0,0.0,1.053923697833983
2018-06-11,0.000277983396974842,0.000277983396974842,0.0,0.0,1.0542166711236591
2018-06-12,-0.0017179429406862816,-0.0017179429406862816,0.0,0.0,1.0524055870355484
2018-06-13,-0.002375121760634316,-0.002375121760634316,0.0,0.0,1.0499059956247672
2018-06-14,-0.01038463475375108,-0.01038463475375108,0.0,0.0,1.0390031053344306
2018-06-15,0.0012196873039648482,0.0012196873039648482,0.0,0.0,1.0402703642307871
2018-06-19,-0.01031467750521194,-0.01031467750521194,0.0,0.0,1.0295403109055172
2018-06-20,0.0033492581430076664,0.0033492581430076664,0.0,0.0,1.0329885071753722
2018-06-21,0.003080393961301213,0.003080393961301213,0.0,0.0,1.0361705187349686
2018-06-22,-0.001985539064402437,-0.001985539064402437,0.0,0.0,1.0341131616926382
2018-06-25,-0.0026192113807177618,-0.0026192113807177618,0.0,0.0,1.0314046007305828
2018-06-26,-0.0025208331458221444,-0.0025208331458221444,0.0,0.0,1.0288046018263077
2018-06-27,-0.0038164001371965165,-0.0038164001371965165,0.0,0.0,1.0248782718027494
2018-06-28,-0.005043361872726349,-0.005043361872726349,0.0,0.0,1.0197094398025537
2018-06-29,0.012666276803530503,0.012666276803530503,0.0,0.0,1.032625361826266
2018-07-02,-0.005739832564828823,-0.005739832564828823,0.0,0.0,1.0266982651471874
2018-07-03,-0.006829308401932701,-0.006829308401932701,0.0,0.0,1.019686626058768
2018-07-04,0.0019351013621111855,0.0019351013621111855,0.0,0.0,1.021659823037781
2018-07-05,-0.007014786625433738,-0.007014786625433738,0.0,0.0,1.0144930973753925
2018-07-06,-0.002520838888271418,-0.002520838888271418,0.0,0.0,1.0119357237236457
2018-07-09,0.009023495294112165,0.009023495294112165,0.0,0.0,1.02106692096461
2018-07-10,0.002637683681901725,0.002637683681901725,0.0,0.0,1.023760172520168
2018-07-11,-0.007232901312234819,-0.007232901312234819,0.0,0.0,1.016355416224933
2018-07-12,0.004845900468229051,0.004845900468229051,0.0,0.0,1.0212805734123047
2018-07-13,0.005958597699004572,0.005958597699004572,0.0,0.0,1.0273659734870775
2018-07-16,-0.00355770778147724,-0.00355770778147724,0.0,0.0,1.0237109055687776
2018-07-17,-2.3696308335310326e-06,-2.3696308335310326e-06,0.0,0.0,1.0237084797518512
2018-07-18,0.003503676371109727,0.003503676371109727,0.0,0.0,1.0272952229632626
2018-07-19,-0.004184152123833792,-0.004184152123833792,0.0,0.0,1.0229968634742965
2018-07-20,-6.843418447304229e-05,-6.843418447304229e-05,0.0,0.0,1.0229268555182263
2018-07-23,-0.0022064575686175716,-0.0022064575686175716,0.0,0.0,1.020669810815726
2018-07-24,0.005818538133686584,0.005818538133686584,0.0,0.0,1.02660861703186
2018-07-25,-0.0009070992577475242,-0.0009070992577475242,0.0,0.0,1.0256773811173532
2018-07-26,0.0030934828648951527,0.0030934828648951527,0.0,0.0,1.0288502965207502
2018-07-27,0.0010988165161480096,0.0010988165161480096,0.0,0.0,1.029980814219211
2018-07-30,-0.0025505710231916406,-0.0025505710231916406,0.0,0.0,1.0273537750000201
2018-07-31,0.005776963056392017,0.005776963056392017,0.0,0.0,1.0332887598040401
2018-08-01,0.002369654299770165,0.002369654299770165,0.0,0.0,1.0357372969566139
2018-08-02,-0.012032868335995076,-0.012032868335995076,0.0,0.0,1.0232744064316555
2018-08-03,0.006121177826931473,0.006121177826931473,0.0,0.0,1.0295380510391714
2018-08-06,0.0028160366539175643,0.0028160366539175643,0.0,0.0,1.0324372679275007
2018-08-07,0.0010851260008001664,0.0010851260008001664,0.0,0.0,1.033557592451124
2018-08-08,0.0034321310747665095,0.0034321310747665095,0.0,0.0,1.0371048975817363
2018-08-09,-0.005224368653158197,-0.005224368653158197,0.0,0.0,1.0316866792647734
2018-08-10,-0.003052220902642553,-0.003052220902642553,0.0,0.0,1.0285377436173435
2018-08-13,-0.016667845945845628,-0.016667845945845628,0.0,0.0,1.011394234957242
2018-08-14,0.006191096423690954,0.006191096423690954,0.0,0.0,1.0176558741882273
2018-08-15,-0.011585243150098824,-0.011585243150098824,0.0,0.0,1.0058660834426303
2018-08-16,-0.005655627889650773,-0.005655627889650773,0.0,0.0,1.0001772791678583
2018-08-17,0.0005629058460242588,0.0005629058460242588,0.0,0.0,1.0007402848053626
2018-08-20,0.0018290924763057835,0.0018290924763057835,0.0,0.0,1.0025707313310361
2018-08-21,0.007017723727018826,0.007017723727018826,0.0,0.0,1.0096064957403126
2018-08-22,0.0013504690381232808,0.0013504690381232808,0.0,0.0,1.010969938053498
2018-08-23,0.003970722449778062,0.003970722449778062,0.0,0.0,1.0149842190825777
2018-08-24,-0.007490501905977475,-0.007490501905977475,0.0,0.0,1.0073814778550028
2018-08-27,0.007509421623473414,0.007509421623473414,0.0,0.0,1.0149463301078938
2018-08-28,0.004489723331651674,0.004489723331651674,0.0,0.0,1.0195031583265535
2018-08-29,0.0016277101221966828,0.0016277101221966828,0.0,0.0,1.0211626139369732
2018-08-30,-0.0030602779315391845,-0.0030602779315391845,0.0,0.0,1.018037572525029
2018-08-31,0.0038066496256431953,0.0038066496256431953,0.0,0.0,1.0219128848693722
2018-09-03,-0.010489771771965003,-0.010489771771965003,0.0,0.0,1.011193251936262
2018-09-04,0.001950796443302585,0.001950796443302585,0.0,0.0,1.0131658841356308
2018-09-05,-0.0118762221906787,-0.0118762221906787,0.0,0.0,1.0011333009796206
2018-09-06,-0.004054715568249334,-0.004054715568249334,0.0,0.0,0.9970739901982457
2018-09-07,-0.008913700074707386,-0.008913700074707386,0.0,0.0,0.9881863716973268
2018-09-10,-0.010329091208058206,-0.010329091208058206,0.0,0.0,0.977979304533505
2018-09-11,0.006719925313890873,0.006719925313890873,0.0,0.0,0.9845512524185009
2018-09-12,-0.0010036248881562244,-0.0010036248881562244,0.0,0.0,0.9835631322779084
2018-09-13,0.005684190430277361,0.005684190430277361,0.0,0.0,0.989153892421976
2018-09-14,0.005986605565321105,0.005986605565321105,0.0,0.0,0.9950755666193084
2018-09-17,-0.0005106002186511734,-0.0005106002186511734,0.0,0.0,0.9945674808174182
2018-09-18,0.0010375770728199662,0.0010375770728199662,0.0,0.0,0.9955994212328866
2018-09-19,0.007012160433107344,0.007012160433107344,0.0,0.0,1.0025807241016804
2018-09-20,-0.0040232893487912175,-0.0040232893487912175,0.0,0.0,0.9985470517530987
2018-09-21,0.01274446102879948,0.01274446102879948,0.0,0.0,1.0112729957395885
2018-09-25,0.0006251268435847434,0.0006251268435847434,0.0,0.0,1.0119051696354178
2018-09-26,-0.002236029980784354,-0.002236029980784354,0.0,0.0,1.0096425193384024
2018-09-27,0.004966912600834978,0.004966912600834978,0.0,0.0,1.014657325490043
2018-09-28,-0.0014348754381742967,-0.0014348754381742967,0.0,0.0,1.0132014186155338
2018-10-01,0.0020141397054235536,0.0020141397054235536,0.0,0.0,1.015242147822359
2018-10-02,-0.00871635858694757,-0.00871635858694757,0.0,0.0,1.0063929332093566
2018-10-03,-0.0031563759108989052,-0.0031563759108989052,0.0,0.0,1.0032163787980757
2018-10-04,-0.007081079918274627,-0.007081079918274627,0.0,0.0,0.9961125234444844
2018-10-05,-0.013054041429518059,-0.013054041429518059,0.0,0.0,0.9831092292949783
2018-10-08,-0.00019729176157785042,-0.00019729176157785042,0.0,0.0,0.9829152699433072
2018-10-09,0.0026742103874728075,0.0026742103874728075,0.0,0.0,0.9855437921681953
2018-10-11,-0.05377392676337063,-0.05377392676337063,0.0,0.0,0.9325472324660482
2018-10-12,0.015576882261050595,0.015576882261050595,0.0,0.0,0.9470734109090405
2018-10-15,-0.012562981620736864,-0.012562981620736864,0.0,0.0,0.9351753450543017
2018-10-16,0.0013593448781578075,0.0013593448781578075,0.0,0.0,0.9364465708697806
2018-10-17,-0.0006953969366395653,-0.0006953969366395653,0.0,0.0,0.9357953687930711
2018-10-18,-9.940968713373984e-05,-9.940968713373984e-05,0.0,0.0,0.9357023416682382
2018-10-19,-0.004216765607095174,-0.004216765607095174,0.0,0.0,0.9317567042154131
2018-10-22,0.004089214662430547,0.004089214662430547,0.0,0.0,0.9355668573921088
2018-10-23,-0.012565765551424489,-0.012565765551424489,0.0,0.0,0.9238107436044365
2018-10-24,-0.0036633557831657615,-0.0036633557831657615,0.0,0.0,0.9204264961743025
2018-10-25,-0.01859691683416775,-0.01859691683416775,0.0,0.0,0.9033094011729845
2018-10-26,-0.0005909011393376762,-0.0005909011393376762,0.0,0.0,0.902775634618657
2018-10-29,0.00034928542224043604,0.00034928542224043604,0.0,0.0,0.9030909609873831
2018-10-30,0.003870341035983426,0.003870341035983426,0.0,0.0,0.9065862309929184
2018-10-31,0.020185194040448842,0.020185194040448842,0.0,0.0,0.9248858499799096
2018-11-01,0.00236075121426217,0.00236075121426217,0.0,0.0,0.9270692753733037
2018-11-02,0.01008034264189234,0.01008034264189234,0.0,0.0,0.9364144513218374
2018-11-05,0.0011324926673883858,0.0011324926673883858,0.0,0.0,0.9374749338215959
2018-11-06,-0.004234131504981501,-0.004234131504981501,0.0,0.0,0.9335055416691713
2018-11-07,0.010643874432318911,0.010643874432318911,0.0,0.0,0.9434416574365718
2018-11-08,0.004561172881430627,0.004561172881430627,0.0,0.0,0.9477448579396834
2018-11-09,-0.00603465531487148,-0.00603465531487148,0.0,0.0,0.9420255443955756
2018-11-12,-0.00035692002781221536,-0.00035692002781221536,0.0,0.0,0.9416893166120701
2018-11-13,-0.0007923755997384545,-0.0007923755997384545,0.0,0.0,0.9409431449750524
2018-11-14,0.004724264076976708,0.004724264076976708,0.0,0.0,0.9453884088733355
2018-11-15,0.0004931015746284918,0.0004931015746284918,0.0,0.0,0.9458545813863866
2018-11-16,0.0013991124968455414,0.0013991124968455414,0.0,0.0,0.9471779383514028
2018-11-19,0.007116094402599993,0.007116094402599993,0.0,0.0,0.9539181459767716
2018-11-20,-0.004996863448551594,-0.004996863448551594,0.0,0.0,0.9491515472602302
2018-11-21,0.0005770637852353473,0.0005770637852353473,0.0,0.0,0.9496992682448542
2018-11-22,-0.003092637815972811,-0.003092637815972811,0.0,0.0,0.9467621923740784
2018-11-23,-0.0045289564510404565,-0.0045289564510404565,0.0,0.0,0.9424743476353247
2018-11-26,0.004951705030693567,0.004951705030693567,0.0,0.0,0.9471412026038101
2018-11-27,0.00027693698958026385,0.00027693698958026385,0.0,0.0,0.9474035010371666
2018-11-28,0.00862504072960632,0.00862504072960632,0.0,0.0,0.9555748948209838
2018-11-29,-0.0023971802814396507,-0.0023971802814396507,0.0,0.0,0.9532842095256802
2018-11-30,0.003887425963122672,0.003887425963122672,0.0,0.0,0.9569900313120252
2018-12-03,0.013640083462815943,0.013640083462815943,0.0,0.0,0.970043455212204
2018-12-04,-0.0007531801586128051,-0.0007531801586128051,0.0,0.0,0.969312837728746
2018-12-05,-0.010022530835059128,-0.010022530835059128,0.0,0.0,0.959597869923791
2018-12-06,-0.015417418937850393,-0.015417418937850393,0.0,0.0,0.944803347551307
2018-12-07,0.005862422524926813,0.005862422524926813,0.0,0.0,0.950342183977618
2018-12-10,-0.01132997023667387,-0.01132997023667387,0.0,0.0,0.9395748353184961
2018-12-11,0.000368544242246337,0.000368544242246337,0.0,0.0,0.9399211102142122
2018-12-12,0.0055834770422450684,0.0055834770422450684,0.0,0.0,0.9451691381546148
2018-12-13,0.004742998072313067,0.004742998072313067,0.0,0.0,0.9496520735548919
2018-12-14,-0.003450661605699443,-0.003450661605699443,0.0,0.0,0.9463751456059032
2018-12-17,-0.0008013845600751936,-0.0008013845600751936,0.0,0.0,0.9456167351761757
2018-12-18,-0.00975020750603317,-0.00975020750603317,0.0,0.0,0.9363967757870304
2018-12-19,0.004823285501858666,0.004823285501858666,0.0,0.0,0.9409132847796712
2018-12-20,-0.0067144446227745715,-0.0067144446227745715,0.0,0.0,0.9345955746341851
2018-12-21,-0.0021853090001630695,-0.0021853090001630695,0.0,0.0,0.9325531945134243
2018-12-22,2.7434109772809883e-05,2.7434109772809883e-05,0.0,0.0,0.9325787782801316
2018-12-24,0.005786253763673364,0.005786253763673364,0.0,0.0,0.9379749157458768
2018-12-25,-0.01081038952362817,-0.01081038952362817,0.0,0.0,0.9278350415432716
2018-12-26,-0.005287786303135658,-0.005287786303135658,0.0,0.0,0.9229288481190298
2018-12-27,0.010181878108095758,0.010181878108095758,0.0,0.0,0.932325997153023
2018-12-28,0.0074223697152819915,0.0074223697152819915,0.0,0.0,0.9392460653990616
2019-01-02,-0.010052862607036554,-0.010052862607036554,0.0,0.0,0.9298039537494053
2019-01-03,-0.0008959815967627864,-0.0008959815967627864,0.0,0.0,0.9289708665182486
2019-01-04,-0.0031405901008094025,-0.0031405901008094025,0.0,0.0,0.926053349810921
2019-01-07,0.01686874216153518,0.01686874216153518,0.0,0.0,0.9416747049967075
2019-01-08,-0.003324447076482624,-0.003324447076482624,0.0,0.0,0.9385441572766835
2019-01-09,0.014216314499946668,0.014216314499946668,0.0,0.0,0.9518867961886164
2019-01-10,-0.0013039717368777915,-0.0013039717368777915,0.0,0.0,0.9506455627096793
2019-01-11,-0.0018594552896824754,-0.0018594552896824754,0.0,0.0,0.9488778797894856
2019-01-14,-0.005596014394908132,-0.005596014394908132,0.0,0.0,0.9435679455151738
2019-01-15,0.0071450957623347125,0.0071450957623347125,0.0,0.0,0.950309828844149
2019-01-16,-0.002848216659268111,-0.002848216659268111,0.0,0.0,0.9476031405581689
2019-01-17,0.0011201554931400616,0.0011201554931400616,0.0,0.0,0.9486646034213819
2019-01-18,0.0045640255893003995,0.0045640255893003995,0.0,0.0,0.9529943329470607
2019-01-21,0.0018310408224103498,0.0018310408224103498,0.0,0.0,0.9547393044742124
2019-01-22,-0.001314732686059114,-0.001314732686059114,0.0,0.0,0.9534840775039548
2019-01-23,0.00024822352923662214,0.00024822352923662214,0.0,0.0,0.9537207546867439
2019-01-24,0.0012229969962890312,0.0012229969962890312,0.0,0.0,0.9548871523050244
2019-01-25,0.00558747810400897,0.00558747810400897,0.0,0.0,0.9602225633603283
2019-01-28,0.0017849640946197207,0.0017849640946197207,0.0,0.0,0.9619365261587701
2019-01-29,-0.0006913834690911082,-0.0006913834690911082,0.0,0.0,0.961271459146269
2019-01-30,0.00010380332326359555,0.00010380332326359555,0.0,0.0,0.9613712423182869
2019-02-11,-0.0020707602805132776,-0.0020707602805132776,0.0,0.0,0.9593804729348665
2019-02-12,0.005484519801054865,0.005484519801054865,0.0,0.0,0.9646422141354232
2019-02-13,0.00276563561808894,0.00276563561808894,0.0,0.0,0.9673100630015483
2019-02-14,-0.0007515944974072682,-0.0007515944974072682,0.0,0.0,0.9665830380809097
2019-02-15,-0.0025005659290282013,-0.0025005659290282013,0.0,0.0,0.964166033468308
2019-02-18,0.006447541558312417,0.006447541558312417,0.0,0.0,0.9703825340382082
2019-02-19,0.0003991621119407546,0.0003991621119407546,0.0,0.0,0.9707698739798853
2019-02-20,0.006351877019381521,0.005674376228522042,0.3565793636102527,0.00067750079085948,0.9762783874761621
2019-02-21,0.003106092649157839,0.003106092649157839,0.0,0.0,0.9793107985990334
2019-02-22,0.0019330126805137695,0.0019330126805137695,0.0,0.0,0.9812038187908892
2019-02-25,0.003050735643756287,0.003050735643756287,0.0,0.0,0.9841972122546645
2019-02-26,0.00033348468170840673,0.00033348468170840673,0.0,0.0,0.9845254269487316
2019-02-27,0.003512345503287666,0.003512345503287666,0.0,0.0,0.9879834204049474
2019-03-04,-0.0034374858101315587,-0.0034374858101315587,0.0,0.0,0.9845872414166601
2019-03-05,-0.0018075570638724347,-0.0018075570638724347,0.0,0.0,0.9828075437934387
2019-03-06,0.0031368485902572947,0.0031368485902572947,0.0,0.0,0.9858904622516813
2019-03-07,-0.0032203293845206277,-0.0032203293845206277,0.0,0.0,0.9827155702261736
2019-03-08,-0.0039883842769275766,-0.0039883842769275766,0.0,0.0,0.9787961228971916
2019-03-11,-0.0009114475892734586,-0.0009114475892734586,0.0,0.0,0.9779040015305869
2019-03-12,0.007915932216424507,0.007915932216424507,0.0,0.0,0.9856450233208734
2019-03-13,-0.0003711438500786686,-0.0003711438500786686,0.0,0.0,0.9852792072321073
2019-03-14,-0.0032897204397509005,-0.0032897204397509005,0.0,0.0,0.9820379140852142
2019-03-15,0.005894035224021105,0.005894035224021105,0.0,0.0,0.9878260801421567
2019-03-18,0.00654509968920818,0.00654509968920818,0.0,0.0,0.9942915003122869
2019-03-19,0.0012070817360847281,0.0012070817360847281,0.0,0.0,0.9954916914226581
2019-03-20,0.0023662427706678756,0.0023662427706678756,0.0,0.0,0.997847266440747
2019-03-21,0.0023701787951634053,0.0023701787951634053,0.0,0.0,1.0002123428724765
2019-03-22,-0.0023764331646109363,-0.0023764331646109363,0.0,0.0,0.9978354050892212
2019-03-25,-0.005332903304237637,-0.005332903304237637,0.0,0.0,0.9925140453603356
2019-03-26,0.004286281849309214,0.004286281849309214,0.0,0.0,0.9967682402981481
2019-03-27,-0.0028044391856493116,-0.0028044391856493116,0.0,0.0,0.9939728643860453
2019-03-28,-0.0011408157781069583,-0.0011408157781069583,0.0,0.0,0.9928389244593435
2019-03-29,0.008411511237042464,0.008411511237042464,0.0,0.0,1.0011902002290065
2019-04-01,-0.003971143524136579,-0.003971143524136579,0.0,0.0,0.997214330248938
2019-04-02,0.00043492939089824554,0.00043492939089824554,0.0,0.0,0.9976480480701883
2019-04-03,0.0015819535420149183,0.0015819535420149183,0.0,0.0,0.9992262809335172
2019-04-08,0.003546201552296973,0.003546201552296973,0.0,0.0,1.0027697387220595
2019-04-09,0.003987665069386246,0.003987665069386246,0.0,0.0,1.006768448581799
2019-04-10,0.00020776006142144798,0.00020776006142144798,0.0,0.0,1.0069776148565135
2019-04-11,-0.0025629902788372547,-0.0025629902788372547,0.0,0.0,1.0043967410186296
2019-04-12,0.0009744358536813205,0.0009744358536813205,0.0,0.0,1.005375461214399
2019-04-15,0.002541901970224688,0.002541901970224688,0.0,0.0,1.0079310270800754
2019-04-16,0.0016789182629084853,0.0016789182629084853,0.0,0.0,1.0096232608891922
2019-04-17,0.0025946366079256447,0.0025946366079256447,0.0,0.0,1.0122428663621086
2019-04-18,-0.006290604377119124,-0.006290604377119124,0.0,0.0,1.0058752469562635
2019-04-19,0.0026703930877819545,0.0026703930877819545,0.0,0.0,1.0085613292629065
2019-04-22,0.0005341452130177272,0.0005341452130177272,0.0,0.0,1.009100047468967
2019-04-23,0.0030062912330269553,0.0030062912330269553,0.0,0.0,1.01213369609492
2019-04-24,0.0014135255543037749,0.0014135255543037749,0.0,0.0,1.0135643729387223
2019-04-25,3.648810772929225e-05,3.648810772929225e-05,0.0,0.0,1.0136013559847525
2019-04-26,-2.0026188143983318e-05,-2.0026188143983318e-05,0.0,0.0,1.0135810574132946
2019-04-29,0.004380527068894672,0.004380527068894672,0.0,0.0,1.0180210766718123
2019-04-30,0.0025774634811495186,0.0025774634811495186,0.0,0.0,1.0206449888199745
2019-05-02,0.003088134454684675,0.003088134454684675,0.0,0.0,1.0237968777759507
2019-05-03,0.000163974841853717,0.000163974841853717,0.0,0.0,1.0239647547070745
2019-05-06,-0.014197588631606832,-0.014197588631606832,0.0,0.0,1.0094269243464793
2019-05-07,0.005299019368098334,0.005299019368098334,0.0,0.0,1.0147758971692713
2019-05-08,-0.004549655891709788,-0.004549655891709788,0.0,0.0,1.01015901602995
2019-05-09,-0.011326104096869207,-0.011326104096869207,0.0,0.0,0.9987178498600039
2019-05-10,-0.002151642825618105,-0.002151642825618105,0.0,0.0,0.9965689657635359
2019-05-13,-0.006243989114466702,-0.006243989114466702,0.0,0.0,0.9903463999894931
2019-05-14,-0.004193596422800824,-0.004193596422800824,0.0,0.0,0.9861932868691635
2019-05-15,0.002290702271033986,0.002290702271033986,0.0,0.0,0.9884523620710731
2019-05-16,-0.006788518201965847,-0.006788518201965847,0.0,0.0,0.9817422352193775
2019-05-17,-0.0005099215530895918,-0.0005099215530895918,0.0,0.0,0.9812416236940608
2019-05-20,0.009233068734497469,0.009233068734497469,0.0,0.0,0.9903014950507779
2019-05-21,0.010485384661165784,0.010485384661165784,0.0,0.0,1.000685187156913
2019-05-22,-0.0042817860446672145,-0.0042817860446672145,0.0,0.0,0.9964004672874393
2019-05-23,-0.003339489690682066,-0.003339489690682066,0.0,0.0,0.9930729981991421
2019-05-24,0.0019127879113407234,0.0019127879113407234,0.0,0.0,0.9949725362251763
2019-05-27,0.0029763530091543224,0.0029763530091543224,0.0,0.0,0.9979339257273959
2019-05-28,-0.0008672218646972815,-0.0008672218646972815,0.0,0.0,0.997068495607482
2019-05-29,-0.0006871955743989918,-0.0006871955743989918,0.0,0.0,0.9963833145499279
2019-05-30,0.007709557334569262,0.007709557334569262,0.0,0.0,1.0040649888406588
2019-05-31,0.009123716303248692,0.009123716303248692,0.0,0.0,1.0132257929488655
2019-06-03,-0.0010108634861994217,-0.0010108634861994217,0.0,0.0,1.012201559991498
2019-06-04,0.0002957498063522634,0.0002957498063522634,0.0,0.0,1.012500918406855
2019-06-05,0.0015135209396255627,0.0015135209396255627,0.0,0.0,1.0140333597482538
2019-06-06,0.004340070442266124,0.004340070442266124,0.0,0.0,1.018434335960369
2019-06-10,0.00498412174558775,0.00498412174558775,0.0,0.0,1.0235103366806821
2019-06-11,-0.00476795736201799,-0.00476795736201799,0.0,0.0,1.018630283035804
2019-06-12,-0.004967719845772315,-0.004967719845772315,0.0,0.0,1.0135700131632626
2019-06-13,-0.0007014366542026965,-0.0007014366542026965,0.0,0.0,1.012859058004429
2019-06-14,0.0008421653449752083,0.0008421653449752083,0.0,0.0,1.0137120528024246
2019-06-17,0.0017213039899555906,0.0017213039899555906,0.0,0.0,1.0154569594035794
2019-06-18,0.001515354270366676,0.001515354270366676,0.0,0.0,1.0169957364433853
2019-06-19,0.012790838593665164,0.012790838593665164,0.0,0.0,1.0300039647586783
2019-06-20,0.0016544164623325153,0.0016544164623325153,0.0,0.0,1.0317080202742428
2019-06-21,-0.003094104936004369,-0.003094104936004369,0.0,0.0,1.0285158073961969
2019-06-24,0.004654662444571778,0.004654662444571778,0.0,0.0,1.0333032012985324
2019-06-25,-0.0021695075437558695,-0.0021695075437558695,0.0,0.0,1.0310614422083282
2019-06-26,-0.000993897529723174,-0.000993897529723174,0.0,0.0,1.0300366727879247
2019-06-27,0.004182133480553688,0.004182133480553688,0.0,0.0,1.0343444236433892
2019-06-28,-0.003686322873609223,-0.003686322873609223,0.0,0.0,1.0305314961353225
2019-07-01,0.0015089406668271192,0.0015089406668271192,0.0,0.0,1.0320865070182872
2019-07-02,-0.0021403045286789756,-0.0021403045286789756,0.0,0.0,1.0298775275933274
2019-07-03,-0.0030482134645380197,-0.0030482134645380197,0.0,0.0,1.0267382410468924
2019-07-04,0.001171177078343471,0.001171177078343471,0.0,0.0,1.0279407333402653
2019-07-05,0.0016481536343631081,0.0016481536343631081,0.0,0.0,1.0296349375958298
2019-07-08,-0.0034186000193505654,-0.0034186000193505654,0.0,0.0,1.0261150275782407
2019-07-09,-0.00584509383427768,-0.00584509383427768,0.0,0.0,1.0201172889572834
2019-07-10,0.004765950900420463,0.004765950900420463,0.0,0.0,1.0249791178691239
2019-07-11,0.0021807203098749696,0.0021807203098749696,0.0,0.0,1.0272143106486589
2019-07-12,-0.0011266208660153235,-0.0011266208660153235,0.0,0.0,1.0260570295724125
2019-07-15,-0.002436053760982812,-0.002436053760982812,0.0,0.0,1.0235574994865397
2019-07-16,-0.0019953710031537517,-0.0019953710031537517,0.0,0.0,1.0215151225320038
2019-07-17,0.002526157139256667,0.002526157139256667,0.0,0.0,1.0240956302516468
2019-07-18,-0.0031654708772789167,-0.0031654708772789167,0.0,0.0,1.0208538853585367
2019-07-19,0.0014370772009300852,0.0014370772009300852,0.0,0.0,1.0223209312026662
2019-07-22,-0.0010236145010529057,-0.0010236145010529057,0.0,0.0,1.0212744686727573
2019-07-23,-0.0014500820378264875,-0.0014500820378264875,0.0,0.0,1.0197935369100442
2019-07-24,-0.0037295956748267306,-0.0037295956748267306,0.0,0.0,1.015990119345568
2019-07-25,-0.003076418602928969,-0.003076418602928969,0.0,0.0,1.0128645084420214
2019-07-26,-0.00155145545915812,-0.00155145545915812,0.0,0.0,1.0112930942710114
2019-07-29,-0.00023120606720249056,-0.00023120606720249056,0.0,0.0,1.011059277171896
2019-07-30,-0.0020083953585380253,-0.0020083953585380253,0.0,0.0,1.0090286704124172
2019-07-31,-0.0011743396591975806,-0.0011743396591975806,0.0,0.0,1.0078437280274846
2019-08-01,-0.009802359125937549,-0.009802359125937549,0.0,0.0,0.9979644818625355
2019-08-02,-0.011999501438657932,-0.011999501438657932,0.0,0.0,0.9859894056266965
2019-08-05,-0.0056486755812808235,-0.0056486755812808235,0.0,0.0,0.9804198713477313
2019-08-06,-0.008560257102017308,-0.008560257102017308,0.0,0.0,0.972027225181068
2019-08-07,-0.0017612746672317709,-0.0017612746672317709,0.0,0.0,0.970315218253497
2019-08-08,0.006528108728217363,0.006528108728217363,0.0,0.0,0.9766495414988998
2019-08-12,-0.0035120970060231126,-0.0035120970060231126,0.0,0.0,0.9732194535682678
2019-08-13,-0.008389481148511905,-0.008389481148511905,0.0,0.0,0.9650546473091918
2019-08-14,0.0006088537382829111,0.0006088537382829111,0.0,0.0,0.9656422244388533
2019-08-15,-0.010168150920662561,-0.010168150920662561,0.0,0.0,0.9558234285653947
2019-08-16,0.011647831333403915,0.011647831333403915,0.0,0.0,0.9669566986458402
2019-08-19,0.004922647028445145,0.004922647028445145,0.0,0.0,0.9717166851650643
2019-08-20,-0.0018558637805476817,-0.0018558637805476817,0.0,0.0,0.9699133113641125
2019-08-21,-0.00017680586259025046,-0.00017680586259025046,0.0,0.0,0.969741825004459
2019-08-22,0.0012308797551002842,0.0012308797551002842,0.0,0.0,0.9709354605845312
2019-08-23,0.0025311880795545853,0.0025311880795545853,0.0,0.0,0.9733930808483796
2019-08-26,-0.01153462454605773,-0.01153462454605773,0.0,0.0,0.9621653571250631
2019-08-27,-0.001210595774302834,-0.001210595774302834,0.0,0.0,0.9610005638095469
2019-08-28,0.0026935631945123346,0.0026935631945123346,0.0,0.0,0.96358907955813
2019-08-29,0.0013230982390531566,0.0013230982390531566,0.0,0.0,0.9648640025724642
2019-08-30,0.013485741185588302,0.013485741185588302,0.0,0.0,0.9778759087904472
2019-09-02,0.0030031783376669777,0.0030031783376669777,0.0,0.0,0.9808126445366531
2019-09-03,-0.00531844176412623,-0.00531844176412623,0.0,0.0,0.9755962496051662
2019-09-04,0.00709905205174261,0.00709905205174261,0.0,0.0,0.9825220581625982
2019-09-05,0.004294216098936712,0.004294216098936712,0.0,0.0,0.9867412202023205
2019-09-06,0.0028771270922853046,0.0028771270922853046,0.0,0.0,0.9895802001000393
2019-09-09,0.005390108080440454,0.005390108080440454,0.0,0.0,0.9949141443328423
2019-09-10,0.005100155112358191,0.005100155112358191,0.0,0.0,0.9999883607924189
2019-09-11,0.0027831012000119155,0.0027831012000119155,0.0,0.0,1.0027714295993382
2019-09-12,0.0005415373881855478,0.0005415373881855478,0.0,0.0,1.0033144678202706
2019-09-16,0.0038150637054724643,0.0038150637054724643,0.0,0.0,1.007142176431627
2019-09-17,-0.00028618395926579654,-0.00028618395926579654,0.0,0.0,1.0068539484960322
2019-09-18,0.0026381991377930998,0.0026381991377930998,0.0,0.0,1.009510229714838
2019-09-19,-0.0032302172729007294,-0.0032302172729007294,0.0,0.0,1.006249292333643
2019-09-20,0.0040608321814893,0.0040608321814893,0.0,0.0,1.0103355018425522
2019-09-23,-0.004078326581702589,-0.004078326581702589,0.0,0.0,1.0062150237089498
2019-09-24,-0.0014374736120277307,-0.0014374736120277307,0.0,0.0,1.0047686161643423
2019-09-25,-0.005111285279715084,-0.005111285279715084,0.0,0.0,0.9996329571270218
2019-09-26,-0.0022202338318700696,-0.0022202338318700696,0.0,0.0,0.9974135382161561
2019-09-27,-0.008125887875262468,-0.008125887875262468,0.0,0.0,0.9893086676393428
2019-10-01,0.009033267769245271,0.009033267769245271,0.0,0.0,0.9982453577405642
2019-10-02,-0.00372657759483635,-0.00372657759483635,0.0,0.0,0.9945253189562588
2019-10-03,-0.0062959493505949414,-0.0062959493505949414,0.0,0.0,0.988263837920226
2019-10-04,0.0035398159425365284,0.0035398159425365284,0.0,0.0,0.9917621100091284
2019-10-07,0.0007550032989115331,0.0007550032989115331,0.0,0.0,0.9925108936739206
2019-10-08,0.001775187477415113,0.001775187477415113,0.0,0.0,0.9942727865835685
2019-10-09,-0.00980113393079864,-0.00980113393079864,0.0,0.0,0.9845277858385146
2019-10-14,0.010170577618502737,0.010170577618502737,0.0,0.0,0.994541002101958
2019-10-15,0.0005006256741120019,0.0005006256741120019,0.0,0.0,0.9950388948615673
2019-10-16,0.004607290050467259,0.004607290050467259,0.0,0.0,0.9996233276616908
2019-10-17,0.0047525660830563185,0.0047525660830563185,0.0,0.0,1.0043741035845677
2019-10-18,-0.0007396204662147242,-0.0007396204662147242,0.0,0.0,1.0036312479418206
2019-10-21,0.0038720059205662634,0.0038720059205662634,0.0,0.0,1.0075173140759166
2019-10-22,0.0034531625127446966,0.0034531625127446966,0.0,0.0,1.010996435095825
2019-10-23,-0.004408656905557032,-0.004408656905557032,0.0,0.0,1.0065392986807462
2019-10-24,0.006178346246891013,0.006178346246891013,0.0,0.0,1.0127580469790987
2019-10-25,-0.0007282294507137157,-0.0007282294507137157,0.0,0.0,1.0120205267428413
2019-10-28,0.0006885646744045235,0.0006885646744045235,0.0,0.0,1.0127173683273287
2019-10-29,-0.00037326361494676504,-0.00037326361494676504,0.0,0.0,1.0123393577815076
2019-10-30,0.005750690677188701,0.005750690677188701,0.0,0.0,1.018161008288453
2019-10-31,-0.0016078299963217704,-0.0016078299963217704,0.0,0.0,1.0165239784782414
2019-11-01,0.0023740615603015996,0.0023740615603015996,0.0,0.0,1.0189372689806715
2019-11-04,0.007246783408569683,0.007246783408569683,0.0,0.0,1.026321286675894
2019-11-05,0.005217641317154083,0.005217641317154083,0.0,0.0,1.0316762630259289
2019-11-06,0.0025463659083857456,0.0025463659083857456,0.0,0.0,1.034303288290589
2019-11-07,-0.0009156243279773514,-0.0009156243279773514,0.0,0.0,1.0333562550373232
2019-11-08,-0.0005559708645927969,-0.0005559708645927969,0.0,0.0,1.0327817390667777
2019-11-11,-0.008096590343399625,-0.008096590343399625,0.0,0.0,1.0244197284114103
2019-11-12,0.002973697800827865,0.002973697800827865,0.0,0.0,1.027466043104912
2019-11-13,-0.006176175911652183,-0.006176175911652183,0.0,0.0,1.021120232079447
2019-11-14,-0.0024910310227334574,-0.0024910310227334574,0.0,0.0,1.0185765899033963
2019-11-15,0.002890724701041356,0.002890724701041356,0.0,0.0,1.0215210144117326
2019-11-18,0.005548370850912361,0.005548370850912361,0.0,0.0,1.027188791831689
2019-11-19,0.0002036540122660779,0.0002036540122660779,0.0,0.0,1.0273979829505004
2019-11-20,0.00038331229104543495,0.00038331229104543495,0.0,0.0,1.0277917972251607
2019-11-21,-0.0069491700758449355,-0.0069491700758449355,0.0,0.0,1.0206494972236846
2019-11-22,0.0030046669785174737,0.0030046669785174737,0.0,0.0,1.023716209064633
2019-11-25,0.0018987679897868842,0.0018987679897868842,0.0,0.0,1.0256600086330308
2019-11-26,-0.00041561649215431773,-0.00041561649215431773,0.0,0.0,1.0252337274180998
2019-11-27,0.006408577882745717,0.006408577882745717,0.0,0.0,1.0318040176082763
2019-11-28,-0.0021738733762323875,-0.0021738733762323875,0.0,0.0,1.029561006324908
2019-11-29,-0.00615710081947197,-0.00615710081947197,0.0,0.0,1.0232218954091685
2019-12-02,-0.0019228375985807225,-0.0019228375985807225,0.0,0.0,1.0212544058769848
2019-12-03,0.0014908312050109307,0.0014908312050109307,0.0,0.0,1.0227769238135211
2019-12-04,-0.0006577425699741638,-0.0006577425699741638,0.0,0.0,1.0221041998911418
2019-12-05,0.00017155956680616516,0.00017155956680616516,0.0,0.0,1.022279551644906
2019-12-06,-0.0009671721508466516,-0.0009671721508466516,0.0,0.0,1.021290831332175
2019-12-09,0.0033071771357334216,0.0033071771357334216,0.0,0.0,1.0246684210184909
2019-12-10,0.000555104476796323,0.000555104476796323,0.0,0.0,1.0252372190462302
2019-12-11,0.001062530592361882,0.001062530592361882,0.0,0.0,1.026326564955895
2019-12-12,0.0033181518315688325,0.0033181518315688325,0.0,0.0,1.0297320723271912
2019-12-13,0.006016641114719424,0.006016641114719424,0.0,0.0,1.0359276006507
2019-12-16,0.0007958533163828022,0.0007958533163828022,0.0,0.0,1.0367520470672105
2019-12-17,0.005953184473943893,0.005953184473943893,0.0,0.0,1.0429240232571406
2019-12-18,0.004346059635273089,0.004346059635273089,0.0,0.0,1.0474566332572752
2019-12-19,-0.002806388886505408,-0.002806388886505408,0.0,0.0,1.0445170626026057
2019-12-20,-0.000524544938402871,-0.000524544938402871,0.0,0.0,1.043969166464342
2019-12-23,0.004553331602569473,0.004553331602569473,0.0,0.0,1.0487227042621121
2019-12-24,-0.0035665548048894953,-0.0035665548048894953,0.0,0.0,1.0449823772622293
2019-12-25,0.0015405944764656575,0.0015405944764656575,0.0,0.0,1.0465922713406435
2019-12-26,-0.0009840705280086174,-0.0009840705280086174,0.0,0.0,1.0455623507315754
2019-12-27,0.002820881290372447,0.002820881290372447,0.0,0.0,1.0485117580046721
2019-12-30,-0.0018060941770226494,-0.0018060941770226494,0.0,0.0,1.046618047024
2019-12-31,-0.004785141399214945,-0.004785141399214945,0.0,0.0,1.04160983167802
2020-01-02,0.002147303145491548,0.002147303145491548,0.0,0.0,1.0438464837459571
2020-01-03,0.0015053731255678551,0.0015053731255678551,0.0,0.0,1.0454178621898067
2020-01-06,-0.009452253490664876,-0.009452253490664876,0.0,0.0,1.0355363075527197
2020-01-07,-0.0022995662781043484,-0.0022995662781043484,0.0,0.0,1.0331550231801188
2020-01-08,-0.005780226739800535,-0.005780226739800535,0.0,0.0,1.0271831528887738
2020-01-09,0.006039993313476007,0.006039993313476007,0.0,0.0,1.0333873322639373
2020-01-10,0.0033886529901333362,0.0033886529901333362,0.0,0.0,1.0368891233373794
2020-01-13,0.0077201532016504875,0.0077201532016504875,0.0,0.0,1.044894066222669
2020-01-14,0.0023222284424505527,0.0023222284424505527,0.0,0.0,1.047320548942599
2020-01-15,-0.0029704886891103706,-0.0029704886891103706,0.0,0.0,1.0442094950980922
2020-01-16,0.0015643129057192852,0.0015643129057192852,0.0,0.0,1.0458429654875487
2020-01-17,0.004555585447597855,0.004555585447597855,0.0,0.0,1.0506073924815964
2020-01-20,0.003951496556310574,0.003951496556310574,0.0,0.0,1.0547588639750218
2020-01-30,-0.05103710620273407,-0.05103710620273407,0.0,0.0,1.0009270238160535
2020-01-31,0.007227330730033015,0.007227330730033015,0.0,0.0,1.0081610544537998
2020-02-03,-0.004730832629158757,-0.004730832629158757,0.0,0.0,1.0033916132419427
2020-02-04,0.010412586852513471,0.010412586852513471,0.0,0.0,1.0138395155619082
2020-02-05,0.00177228014507183,0.00177228014507183,0.0,0.0,1.0156363232056278
2020-02-06,0.01141946509719344,0.01141946509719344,0.0,0.0,1.0272343467499163
2020-02-07,-0.007960362742789896,-0.007960362742789896,0.0,0.0,1.0190571887279343
2020-02-10,-0.00032557310980131735,-0.00032557310980131735,0.0,0.0,1.0187254111099346
2020-02-11,0.0021711176222396155,0.0021711176222396155,0.0,0.0,1.0209371838022188
2020-02-12,0.0016867707857817435,0.0016867707857817435,0.0,0.0,1.0226592708179747
2020-02-13,0.003331990922661262,0.003331990922661262,0.0,0.0,1.0260667622253155
2020-02-14,0.0004406860798869397,0.0004406860798869397,0.0,0.0,1.0265189355644628
2020-02-17,-0.002332169173969521,-0.002332169173969521,0.0,0.0,1.0241249197464435
2020-02-18,0.0016722720449592653,0.0016722720449592653,0.0,0.0,1.0258375352202818
2020-02-19,0.009394108108462161,0.009394108108462161,0.0,0.0,1.0354743639278594
2020-02-20,-0.003903732216248827,-0.003903732216248827,0.0,0.0,1.0314321492942944
2020-02-21,-0.004568439073954329,-0.004568439073954329,0.0,0.0,1.0267201143613256
2020-02-24,-0.009530094633000134,-0.009530094633000134,0.0,0.0,1.0169353745098575
2020-02-25,-0.003103042760589777,-0.003103042760589777,0.0,0.0,1.013779780557997
2020-02-26,-0.006370810109571402,-0.006370810109571402,0.0,0.0,1.007321182083139
2020-02-27,-0.006985882046516116,-0.006985882046516116,0.0,0.0,1.000284155122149
2020-03-02,-0.01189818777946694,-0.01189818777946694,0.0,0.0,0.9883825864116803
2020-03-03,0.008352283229648254,0.008352283229648254,0.0,0.0,0.996637837712643
2020-03-04,0.006697357903333626,0.006697357903333626,0.0,0.0,1.0033126780118091
2020-03-05,0.009233347409339841,0.009233347409339841,0.0,0.0,1.0125766125280873
2020-03-06,-0.014485102237775507,-0.01504678043816359,0.2956201054674114,0.0005616782003880816,0.9973405945625577
2020-03-09,-0.02249886659548708,-0.02249886659548708,0.0,0.0,0.974901561575231
2020-03-10,-0.00039199655865589827,-0.00039199655865589827,0.0,0.0,0.9745194035180653
2020-03-11,-0.0027465548327239245,-0.0027465548327239245,0.0,0.0,0.9718428325407495
2020-03-12,-0.038028563153503434,-0.038028563153503434,0.0,0.0,0.934885046008194
2020-03-13,-0.027284571087699223,-0.027284571087699223,0.0,0.0,0.9093771085115565
2020-03-16,-0.03418998640653015,-0.03418998640653015,0.0,0.0,0.8782855175331367
2020-03-17,-0.033818171631993736,-0.033818171631993736,0.0,0.0,0.8485835071593066
2020-03-18,-0.019553892910310667,-0.019553892910310667,0.0,0.0,0.8319903961348577
2020-03-19,-0.06637618958661531,-0.06637618958661531,0.0,0.0,0.7767660438667673
2020-03-20,0.057608796231092746,0.057608796231092746,0.0,0.0,0.8215146006071199
2020-03-23,-0.03845680783936128,-0.03845680783936128,0.0,0.0,0.7899217714743423
2020-03-24,0.03893303966272076,0.03893303966272076,0.0,0.0,0.8206758271335995
2020-03-25,0.039844144684102106,0.039844144684102106,0.0,0.0,0.8533749535286558
2020-03-26,0.002365801113569133,0.002365801113569133,0.0,0.0,0.8553938689440059
2020-03-27,0.01083652092207139,0.01083652092207139,0.0,0.0,0.8646633625014292
2020-03-30,-0.009075703615561533,-0.009075703615561533,0.0,0.0,0.8568159340961313
2020-03-31,-0.0010071581476306614,-0.0010071581476306614,0.0,0.0,0.8559529849470866
2020-04-01,-0.0026470729461047365,-0.0026470729461047365,0.0,0.0,0.8536872149574956
2020-04-06,0.013845918911911378,0.013845918911911378,0.0,0.0,0.8655072989119325
2020-04-07,0.008755027832573245,0.008755027832573245,0.0,0.0,0.8730848394032017
2020-04-08,0.010343759558520814,0.010343759558520814,0.0,0.0,0.8821158190561781
2020-04-09,0.005830314695183364,0.005830314695183364,0.0,0.0,0.8872588318788751
2020-04-10,0.015832736602694183,0.015832736602694183,0.0,0.0,0.9013065672624275
2020-04-13,-0.007847274525466293,-0.007847274525466293,0.0,0.0,0.8942337671975136
2020-04-14,0.02072925113862239,0.02072925113862239,0.0,0.0,0.9127705635343871
2020-04-15,0.014467055764793273,0.014467055764793273,0.0,0.0,0.9259756661775008
2020-04-16,-0.012341726941065924,-0.012341726941065924,0.0,0.0,0.9145475273514665
2020-04-17,0.0033615355848921114,0.0033615355848921114,0.0,0.0,0.9176218114087336
2020-04-20,-0.002887845790250575,-0.002887845790250575,0.0,0.0,0.9149718611236147
2020-04-21,-0.028074820070512277,-0.028074820070512277,0.0,0.0,0.8892841907529875
2020-04-22,0.00014026423437944998,0.00014026423437944998,0.0,0.0,0.8894089255191493
2020-04-23,0.0026525446212407955,0.0026525446212407955,0.0,0.0,0.8917681223806188
2020-04-24,-0.0010652580207031138,-0.0010652580207031138,0.0,0.0,0.8908181592356454
2020-04-27,0.022522730107371366,0.022522730107371366,0.0,0.0,0.9108818162108553
2020-04-28,0.008327919900508587,0.008327919900508587,0.0,0.0,0.9184675670150891
2020-04-29,0.013091662485233826,0.013091662485233826,0.0,0.0,0.9304918344060845
2020-04-30,0.01661213232934433,0.01661213232934433,0.0,0.0,0.9459492878906126
2020-05-04,-0.022583939803786007,-0.022583939803786007,0.0,0.0,0.9245860261154567
2020-05-05,0.005828318752217098,0.005828318752217098,0.0,0.0,0.9299748081895032
2020-05-06,-0.00576710138063269,-0.00576710138063269,0.0,0.0,0.9246115491892398
2020-05-07,0.002448587756417382,0.002448587756417382,0.0,0.0,0.9268755417080267
2020-05-08,0.004415955330224264,0.004415955330224264,0.0,0.0,0.9309685826968868
2020-05-11,0.011116699638878442,0.011116699638878442,0.0,0.0,0.9413178808039605
2020-05-12,-0.007920909175980671,-0.007920909175980671,0.0,0.0,0.9338617873643857
2020-05-13,0.0029410911795316316,0.0029410911795316316,0.0,0.0,0.9366083600301047
2020-05-14,-0.010481005526204224,-0.010481005526204224,0.0,0.0,0.9267917626327401
2020-05-15,-0.0008297773036862113,-0.0008297773036862113,0.0,0.0,0.9260227318628642
2020-05-18,-0.00021137849351249356,-0.00021137849351249356,0.0,0.0,0.9258269905728447
2020-05-19,0.011459122165148373,0.011459122165148373,0.0,0.0,0.9364361551616105
2020-05-20,0.0018090866455379244,0.0018090866455379244,0.0,0.0,0.9381302493043123
2020-05-21,0.005830192670714045,0.005830192670714045,0.0,0.0,0.9435997294079814
2020-05-22,-0.015305238863935504,-0.015305238863935504,0.0,0.0,0.9291577101574473
2020-05-25,0.002414714861468083,0.002414714861468083,0.0,0.0,0.9314013610888122
2020-05-26,0.012391711186670533,0.012391711186670533,0.0,0.0,0.9429430177542966
2020-05-27,0.0017749211563509286,0.0017749211563509286,0.0,0.0,0.944616667265742
2020-05-28,-0.004948588604951415,-0.004948588604951415,0.0,0.0,0.9399421479900636
2020-05-29,0.0021963280103122905,0.0021963280103122905,0.0,0.0,0.9420065692577673
2020-06-01,0.009129289908874207,0.009129289908874207,0.0,0.0,0.9506064203245854
2020-06-02,0.008595930303187456,0.008595930303187456,0.0,0.0,0.9587777668594581
2020-06-03,0.01786089773804866,0.01786089773804866,0.0,0.0,0.9759023985068495
2020-06-04,0.0007699027013606718,0.0007699027013606718,0.0,0.0,0.9766537483997242
2020-06-05,0.0022554401244241694,0.0022554401244241694,0.0,0.0,0.9788565324515341
2020-06-08,0.010314492404288774,0.010314492404288774,0.0,0.0,0.988952940720394
2020-06-09,-0.0009657444854515553,-0.0009657444854515553,0.0,0.0,0.9879978648715222
2020-06-10,0.0067899887111217486,0.0067899887111217486,0.0,0.0,0.9947063592206122
2020-06-11,-0.021310865079071022,-0.021310865079071022,0.0,0.0,0.9735083062059678
2020-06-12,-0.00987006598247757,-0.00987006598247757,0.0,0.0,0.963899714989225
2020-06-15,-0.008219941556945118,-0.008219941556945118,0.0,0.0,0.9559765156652574
2020-06-16,0.013833924386559117,0.013833924386559117,0.0,0.0,0.9692014224982968
2020-06-17,0.003577314421117361,0.003577314421117361,0.0,0.0,0.9726685607239673
2020-06-18,-0.005427711264317564,-0.005427711264317564,0.0,0.0,0.9673891966204784
2020-06-19,-0.006558252042147187,-0.006558252042147187,0.0,0.0,0.9610448144461909
2020-06-22,0.0042859192933964365,0.0042859192933964365,0.0,0.0,0.9651637749582445
2020-06-23,0.003432696900241173,0.003432696900241173,0.0,0.0,0.9684768896567687
2020-06-24,0.0026928003001645533,0.0026928003001645533,0.0,0.0,0.9710848045159388
2020-06-29,-0.0077591086148465944,-0.0077591086148465944,0.0,0.0,0.9635500520434725
2020-06-30,0.005650599025175174,0.005650599025175174,0.0,0.0,0.9689946870282569
2020-07-01,0.0047556591233951125,0.0047556591233951125,0.0,0.0,0.9736028954521441
2020-07-02,0.005157316129422819,0.005157316129422819,0.0,0.0,0.9786240733685121
2020-07-03,0.0018656746063120903,0.0018656746063120903,0.0,0.0,0.9804498674513215
2020-07-06,0.01075723360278486,0.01075723360278486,0.0,0.0,0.9909967957113147
2020-07-07,-0.003517022900842463,-0.003517022900842463,0.0,0.0,0.9875114372861366
2020-07-08,0.0011086305505394797,0.0011086305505394797,0.0,0.0,0.988606222634519
2020-07-09,-0.0029705203579938225,-0.0029705203579938225,0.0,0.0,0.9856695477241438
2020-07-10,-0.00705661914147173,-0.00705661914147173,0.0,0.0,0.9787140531265078
2020-07-13,0.005553560003422257,0.005553560003422257,0.0,0.0,0.9841494003467385
2020-07-14,-0.003552709701270784,-0.003552709701270784,0.0,0.0,0.9806530032246268
2020-07-15,0.0034534593947200304,0.0034534593947200304,0.0,0.0,0.9840396485515732
2020-07-16,-0.002303852660772694,-0.002303852660772694,0.0,0.0,0.9817725661889518
2020-07-17,-0.0035706067635201963,-0.0035706067635201963,0.0,0.0,0.978267042423879
2020-07-20,-0.00013511574153754707,-0.00013511574153754707,0.0,0.0,0.9781348631470201
2020-07-21,0.0013715835698395516,0.0013715835698395516,0.0,0.0,0.9794764568543999
2020-07-22,0.005316302802362795,0.005316302802362795,0.0,0.0,0.9846836502868234
2020-07-23,-0.005490403373131289,-0.005490403373131289,0.0,0.0,0.9792773398518213
2020-07-24,-0.012597419149498253,-0.012597419149498253,0.0,0.0,0.9669409727381022
2020-07-27,-0.01459103837527151,-0.01459103837527151,0.0,0.0,0.9528322998982581
2020-07-28,-0.006851268646396952,-0.006851268646396952,0.0,0.0,0.9463041898366908
2020-07-29,0.006123680509928875,0.006123680509928875,0.0,0.0,0.9520990543604579
2020-07-30,0.006411752586938416,0.006411752586938416,0.0,0.0,0.9582036779352753
2020-07-31,-0.006457639566050437,-0.006457639566050437,0.0,0.0,0.9520159439523055
2020-08-03,-0.008146241826969611,-0.008146241826969611,0.0,0.0,0.9442605918497392
2020-08-04,0.008830899802851223,0.008830899802851223,0.0,0.0,0.9525992625241453
2020-08-05,0.004366129248134604,0.004366129248134604,0.0,0.0,0.9567584340260034
2020-08-06,0.0073775906659306395,0.0073775906659306395,0.0,0.0,0.9638170061184239
2020-08-07,-0.008110685335400273,-0.008110685335400273,0.0,0.0,0.9559997896608898
2020-08-10,0.007675050971579567,0.007675050971579567,0.0,0.0,0.9633371367753565
2020-08-11,-0.007496364087576601,-0.007496364087576601,0.0,0.0,0.9561156108590049
2020-08-12,-0.002569669310970813,-0.002569669310970813,0.0,0.0,0.9536587099160404
2020-08-13,-0.0018121732702295508,-0.0018121732702295508,0.0,0.0,0.951930515093009
2020-08-14,-0.0013013408828548643,-0.0013013408828548643,0.0,0.0,0.9506917289960813
2020-08-17,0.00655075071378621,0.00655075071378621,0.0,0.0,0.9569194735183931
2020-08-18,-0.0001096925804686973,-0.0001096925804686973,0.0,0.0,0.9568145065520421
2020-08-19,-0.00438571032881876,-0.00438571032881876,0.0,0.0,0.9526181952878933
2020-08-20,-0.0228092548486993,-0.0228092548486993,0.0,0.0,0.9308896840980637
2020-08-21,0.01187011240663743,0.01187011240663743,0.0,0.0,0.9419394492864869
2020-08-24,-0.0027505551020334277,-0.0027505551020334277,0.0,0.0,0.9393485929284453
2020-08-25,0.005983863640311357,0.005983863640311357,0.0,0.0,0.9449695268192474
2020-08-26,0.0022687527112391585,0.0022687527112391585,0.0,0.0,0.9471134289952569
2020-08-27,-0.00278405299827716,-0.00278405299827716,0.0,0.0,0.9444766150135541
2020-08-28,0.0013925844018803043,0.0013925844018803043,0.0,0.0,0.9457918784155627
2020-08-31,-0.005259668558426477,-0.005259668558426477,0.0,0.0,0.9408173266098452
2020-09-01,-0.0009311314940156314,-0.0009311314940156314,0.0,0.0,0.9399413019669232
2020-09-02,-0.0021506984631516598,-0.0021506984631516598,0.0,0.0,0.9379197716533302
2020-09-03,0.002923548610649731,0.002923548610649731,0.0,0.0,0.9406618256986483
2020-09-04,-0.004588665868964847,-0.004588665868964847,0.0,0.0,0.9363454428848267
2020-09-07,0.005388142018295454,0.005388142018295454,0.0,0.0,0.941390605109274
2020-09-08,0.00048009477325809463,0.00048009477325809463,0.0,0.0,0.9418425618183813
2020-09-09,-0.0020444257661995464,-0.0020444257661995464,0.0,0.0,0.9399170346172965
2020-09-10,0.004231960995280175,0.004231960995280175,0.0,0.0,0.9438947268465963
2020-09-11,-0.00033230624308629484,-0.00033230624308629484,0.0,0.0,0.9435810647360489
2020-09-14,0.0003100683738331504,0.0003100683738331504,0.0,0.0,0.9438736393823712
2020-09-15,0.00018565688526583763,0.00018565688526583763,0.0,0.0,0.9440488760223434
2020-09-16,0.000992250622415011,0.000992250622415011,0.0,0.0,0.9449856091071667
2020-09-17,-0.0048934353427988065,-0.0048934353427988065,0.0,0.0,0.9403613831291253
2020-09-18,3.7334359100897725e-05,3.7334359100897725e-05,0.0,0.0,0.9403964909186877
2020-09-21,-0.006547005175751413,-0.006547005175751413,0.0,0.0,0.9342397102253845
2020-09-22,-0.010996792097415798,-0.010996792097415798,0.0,0.0,0.923966070362886
2020-09-23,-0.006241803211710951,-0.006241803211710951,0.0,0.0,0.918198855977383
2020-09-24,-0.025264782777660325,-0.025264782777660325,0.0,0.0,0.8950007613344183
2020-09-25,0.006182597019863109,0.006182597019863109,0.0,0.0,0.9005341903742196
2020-09-28,0.016714944428710698,0.016714944428710698,0.0,0.0,0.9155865693224786
2020-09-29,0.0005298115031192506,0.0005298115031192506,0.0,0.0,0.9160716576190071
2020-09-30,-0.0007127954732271314,-0.0007127954732271314,0.0,0.0,0.9154186858883047
2020-10-05,0.001258841444832971,0.001258841444832971,0.0,0.0,0.9165710528694754
2020-10-06,0.01173563453510669,0.01173563453510669,0.0,0.0,0.9273275957714096
2020-10-07,-0.005393458657000025,-0.005393458657000025,0.0,0.0,0.9223260927221212
2020-10-08,0.0030589223006097766,0.0030589223006097766,0.0,0.0,0.9251474165755831
2020-10-12,-0.001496517681029263,-0.001496517681029263,0.0,0.0,0.9237629171091192
2020-10-13,-0.0026105371812710255,-0.0026105371812710255,0.0,0.0,0.9213513996673265
2020-10-14,-0.00053429940858861,-0.00053429940858861,0.0,0.0,0.9208591221593819
2020-10-15,-0.005676854340283069,-0.005676854340283069,0.0,0.0,0.9156315390549622
2020-10-16,-0.00407775840417643,-0.00407775840417643,0.0,0.0,0.9118978148514518
2020-10-19,0.003728775921464884,0.003728775921464884,0.0,0.0,0.9152980774663063
2020-10-20,-0.00021032289119052107,-0.00021032289119052107,0.0,0.0,0.9151055693283525
2020-10-21,-0.0023788180008549927,-0.0023788180008549927,0.0,0.0,0.9129286997273516
2020-10-22,0.006574917541763052,0.006574917541763052,0.0,0.0,0.9189311306495679
2020-10-23,0.0002173932040098147,0.0002173932040098147,0.0,0.0,0.919130900032324
2020-10-26,0.006145641857369016,0.006145641857369016,0.0,0.0,0.924779549363964
2020-10-27,-0.002475118816156991,-0.002475118816156991,0.0,0.0,0.922490610100536
2020-10-28,-0.002377744279493127,-0.002377744279493127,0.0,0.0,0.9202971633294833
2020-10-29,-0.00914800482817186,-0.00914800482817186,0.0,0.0,0.9118782804359923
2020-10-30,-0.0049283854035610634,-0.0049283854035610634,0.0,0.0,0.9073841928288672
2020-11-02,0.01070092618920574,0.01070092618920574,0.0,0.0,0.9170940441015809
2020-11-03,0.007428580299327933,0.007428580299327933,0.0,0.0,0.9239067508502249
2020-11-04,-0.0005675109380066818,-0.0005675109380066818,0.0,0.0,0.9233824236634192
2020-11-05,0.005501717731028324,0.005501717731028324,0.0,0.0,0.9284626131162081
2020-11-06,0.0037840605236268052,0.0037840605236268052,0.0,0.0,0.9319759718381646
2020-11-09,0.0070081129498622535,0.0070081129498622535,0.0,0.0,0.9385073647153641
2020-11-10,0.009975946920474453,0.009975946920474453,0.0,0.0,0.947869864370239
2020-11-11,0.018479624834145114,0.018479624834145114,0.0,0.0,0.9653861438553929
2020-11-12,-0.009353668051404538,-0.009353668051404538,0.0,0.0,0.956356242324344
2020-11-13,0.00020110325386082733,0.00020110325386082733,0.0,0.0,0.9565485686765256
2020-11-16,0.007771431351359574,0.007771431351359574,0.0,0.0,0.9639823202122364
2020-11-17,0.0017066047165762229,0.0017066047165762229,0.0,0.0,0.9656274569866066
2020-11-18,0.0053275616703387235,0.0053275616703387235,0.0,0.0,0.9707718968142751
2020-11-19,-0.0031657386909373607,-0.0031657386909373607,0.0,0.0,0.9676986866604554
2020-11-20,-0.0021924458242785763,-0.0021924458242785763,0.0,0.0,0.9655770597157268
2020-11-23,0.007450178526430715,0.007450178526430715,0.0,0.0,0.9727707811916351
2020-11-24,-0.0049526491225703245,-0.0049526491225703245,0.0,0.0,0.9679529888357042
2020-11-25,0.001353764130702696,0.001353764130702696,0.0,0.0,0.9692633688721964
2020-11-26,0.003593606660976508,0.003593606660976508,0.0,0.0,0.9727465201708161
2020-11-27,-0.0012467897750513901,-0.0012467897750513901,0.0,0.0,0.9715337097557503
2020-11-30,-0.003000960657354015,-0.003000960657354015,0.0,0.0,0.9686181753154801
2020-12-01,0.006905518768577272,0.006905518768577272,0.0,0.0,0.9753069863047064
2020-12-02,0.001299579317991495,0.001299579317991495,0.0,0.0,0.9765744750928006
2020-12-03,-0.0007452814040331618,-0.0007452814040331618,0.0,0.0,0.9758466522968605
2020-12-04,0.009936492740746915,0.009936492740746915,0.0,0.0,0.9855431454734903
2020-12-07,0.0010110648836285578,0.0010110648836285578,0.0,0.0,0.9865395935391794
2020-12-08,-0.007976409643180521,-0.007976409643180521,0.0,0.0,0.9786705496118941
2020-12-09,4.673777304715351e-05,4.673777304715351e-05,0.0,0.0,0.9787162904939298
2020-12-10,0.00044164850842454264,0.00044164850842454264,0.0,0.0,0.9791485390837974
2020-12-11,0.005750582673392608,0.005750582673392608,0.0,0.0,0.9847792137073303
2020-12-14,0.0005070286247467091,0.0005070286247467091,0.0,0.0,0.9852785249577354
2020-12-15,-0.008293225660460177,-0.008293225660460177,0.0,0.0,0.9771073878118555
2020-12-16,0.012967755874359308,0.012967755874359308,0.0,0.0,0.9897782778800325
2020-12-17,-0.001401780566140552,-0.001401780566140552,0.0,0.0,0.9883908259253121
2020-12-18,-0.005541188123873906,-0.005541188123873906,0.0,0.0,0.9829139664189488
2020-12-21,0.00822679340353458,0.00822679340353458,0.0,0.0,0.9910001965541261
2020-12-22,-0.00888527023914081,-0.00888527023914081,0.0,0.0,0.9821948920007011
2020-12-23,-0.0006325599966154464,-0.0006325599966154464,0.0,0.0,0.9815735948031413
2020-12-24,0.004202867637371665,0.004202867637371665,0.0,0.0,0.9856990186984381
2020-12-25,0.0044773423290874305,0.0044773423290874305,0.0,0.0,0.9901123306385965
2020-12-28,0.00606746573550798,0.00606746573550798,0.0,0.0,0.9961198032790501
2020-12-29,0.000796963846433464,0.000796963846433464,0.0,0.0,0.9969136747489801
2020-12-30,0.014731980665602766,0.014731980665602766,0.0,0.0,1.011600187730657
2020-12-31,-0.0038535026599991057,-0.0038535026599991057,0.0,0.0,1.0077019837163814
2021-01-04,-0.0009633042581750307,-0.0009633042581750307,0.0,0.0,1.006731260104496
2021-01-05,0.004784034241845007,0.004784034241845007,0.0,0.0,1.0115474969251717
2021-01-06,-0.008383570139964172,-0.008383570139964172,0.0,0.0,1.0030671175347943
2021-01-07,0.005794791443049223,0.005794791443049223,0.0,0.0,1.008879682284289
2021-01-08,0.010921347386903958,0.010921347386903958,0.0,0.0,1.0198980077661048
2021-01-11,0.00593445634057542,0.00593445634057542,0.0,0.0,1.0259505479650326
2021-01-12,-0.010542318307223074,-0.010542318307223074,0.0,0.0,1.0151346507209154
2021-01-13,0.00867242795838919,0.00867242795838919,0.0,0.0,1.023938332847357
2021-01-14,0.0009295701401075382,0.0009295701401075382,0.0,0.0,1.0248901553468834
2021-01-15,-0.010942279133557416,-0.010942279133557416,0.0,0.0,1.0136755211858428
2021-01-18,-0.006232244542113717,-0.006232244542113717,0.0,0.0,1.007358047451458
2021-01-19,0.0004132076179059477,0.0004132076179059477,0.0,0.0,1.007774295470624
2021-01-20,-0.023075583721817422,-0.023075583721817422,0.0,0.0,0.984519315342796
2021-01-21,0.0035093770834207236,0.0035093770834207236,0.0,0.0,0.987974364866245
2021-01-22,0.0007744519504352178,0.0007744519504352178,0.0,0.0,0.9887395035400955
2021-01-25,0.010571663656552915,0.010571663656552915,0.0,0.0,0.9991921250154686
2021-01-26,-0.006612727485498784,-0.006612727485498784,0.0,0.0,0.9925847397870848
2021-01-27,0.00019707790797799144,0.00019707790797799144,0.0,0.0,0.9927803563110931
2021-01-28,-0.0068668301086178204,-0.0068668301086178204,0.0,0.0,0.9859631022691318
2021-01-29,-0.014590813471357676,-0.014590813471357676,0.0,0.0,0.9715770985542816
2021-02-01,0.009010597478246151,0.009010597478246151,0.0,0.0,0.9803315887084366
2021-02-02,0.009216691176746448,0.009216691176746448,0.0,0.0,0.9893670022123714
2021-02-03,0.00347192975810404,0.00347192975810404,0.0,0.0,0.9928020149490387
2021-02-04,-0.004057315658190136,-0.004057315658190136,0.0,0.0,0.9887739037883033
2021-02-05,0.0033644979360780447,0.0033644979360780447,0.0,0.0,0.9921006315468469
2021-02-17,0.015573255177156669,0.015573255177156669,0.0,0.0,1.0075508678433442
2021-02-18,0.004670657025182135,0.004670657025182135,0.0,0.0,1.0122567923824652
2021-02-19,-0.0005173624792092408,-0.0005173624792092408,0.0,0.0,1.0117330886987619
2021-02-22,0.003705687485936457,0.003705687485936457,0.0,0.0,1.0154822553446607
2021-02-23,0.013650085362656524,0.013650085362656524,0.0,0.0,1.0293436748143783
2021-02-24,-0.00044833003041520804,-0.00044833003041520804,0.0,0.0,1.028882189133341
2021-02-25,0.01596771005753315,0.01596771005753315,0.0,0.0,1.0453110816127822
2021-02-26,-0.018933723609288293,-0.018933723609288293,0.0,0.0,1.0255194505077996
2021-03-02,-0.0006374549606549883,-0.0006374549606549883,0.0,0.0,1.0248657280468252
2021-03-03,0.011884281453492185,0.011884281453492185,0.0,0.0,1.037045520810972
2021-03-04,-0.005611900521783428,-0.005611900521783428,0.0,0.0,1.0312257245116196
2021-03-05,-0.0015850657947431423,-0.0015850657947431423,0.0,0.0,1.0295911638890372
2021-03-08,0.0012340883523942491,0.0012340883523942491,0.0,0.0,1.0308617703521206
2021-03-09,0.015182311577595147,0.015182311577595147,0.0,0.0,1.0465126349430378
2021-03-10,0.005165439970662716,0.005165439970662716,0.0,0.0,1.051918333137376
2021-03-11,0.0049599723978350375,0.0049599723978350375,0.0,0.0,1.0571358190345141
2021-03-12,0.003908621450939295,0.003908621450939295,0.0,0.0,1.0612677627733489
2021-03-15,0.0038249873974695496,0.0038249873974695496,0.0,0.0,1.0653270985912977
2021-03-16,0.004044205310645586,0.004044205310645586,0.0,0.0,1.0696355001009952
2021-03-17,-0.003218993833112919,-0.003218993833112919,0.0,0.0,1.0661923500224915
2021-03-18,0.004100570391023524,0.003168402300040549,0.4906147847278815,0.0009321680909829748,1.0695704763165883
2021-03-19,-0.009060336053529947,-0.009060336053529947,0.0,0.0,1.059879808368226
2021-03-22,0.00873218157176524,0.00873218157176524,0.0,0.0,1.0691348712991449
2021-03-23,0.00299380960736674,0.00299380960736674,0.0,0.0,1.072335657548411
2021-03-24,0.002038158199551011,0.002038158199551011,0.0,0.0,1.0745212472615142
2021-03-25,0.005466338930615238,0.005466338930615238,0.0,0.0,1.0803949445871932
2021-03-26,0.0035293303767168754,0.0035293303767168754,0.0,0.0,1.084208015283976
2021-03-29,0.013179041472062582,0.013179041472062582,0.0,0.0,1.098496837681746
2021-03-30,0.005776812562676819,0.005776812562676819,0.0,0.0,1.104842648013727
2021-03-31,-0.0005584074248660721,-0.0005584074248660721,0.0,0.0,1.1042256956757674
2021-04-01,-0.0018988527928175578,-0.0018988527928175578,0.0,0.0,1.1021289336296327
2021-04-06,0.002123482371369197,0.002123482371369197,0.0,0.0,1.104469284991171
2021-04-07,0.005489876763297117,0.005489876763297117,0.0,0.0,1.1105326852546196
2021-04-08,-0.002586699147072794,-0.002586699147072794,0.0,0.0,1.107660071304875
2021-04-09,-0.0016557991993326293,-0.0016557991993326293,0.0,0.0,1.1058260086456757
2021-04-12,0.011270260191245947,0.011270260191245947,0.0,0.0,1.1182889554893596
2021-04-13,-0.0032530897273263647,-0.0032530897273263647,0.0,0.0,1.1146510611760745
2021-04-14,-0.001714212802092681,-0.001714212802092681,0.0,0.0,1.1127403120571402
2021-04-15,0.010174860416747516,0.010174860416747516,0.0,0.0,1.1240622894124097
2021-04-16,0.008997635090109894,0.008997635090109894,0.0,0.0,1.1341761917110962
2021-04-19,0.019498899536415717,0.019498899536415717,0.0,0.0,1.1562913793298655
2021-04-20,0.003632480211205496,0.003632480211205496,0.0,0.0,1.1604915848836688
2021-04-21,-0.001090932898384805,-0.001090932898384805,0.0,0.0,1.1592255664354205
2021-04-22,-0.003439891349436269,-0.003439891349436269,0.0,0.0,1.155237956437394
2021-04-23,-0.0003254657391328804,-0.0003254657391328804,0.0,0.0,1.1548619660620278
2021-04-26,0.014999330351002094,0.014999330351002094,0.0,0.0,1.1721841222008
2021-04-27,0.000359132990379955,0.000359132990379955,0.0,0.0,1.172605092189882
2021-04-28,0.0011782162035994497,0.0011782162035994497,0.0,0.0,1.1739866745099232
2021-04-29,-0.004505004955994572,-0.004505004955994572,0.0,0.0,1.1686978587229844
2021-05-03,-0.01028453954992794,-0.01028453954992794,0.0,0.0,1.1566783393730318
2021-05-04,-0.019175452738254523,-0.019175452738254523,0.0,0.0,1.1344985085430215
2021-05-05,0.0042733844511575894,0.0042733844511575894,0.0,0.0,1.1393466568292907
2021-05-06,0.009131927665074927,0.009131927665074927,0.0,0.0,1.149751088084901
2021-05-07,0.010318673337775966,0.010318673337775966,0.0,0.0,1.1616149939826015
2021-05-10,0.01100454039482348,0.01100454039482348,0.0,0.0,1.1743980331071158
2021-05-11,-0.02545016476059942,-0.02545016476059942,0.0,0.0,1.1445094096700157
2021-05-12,-0.0433146342809927,-0.0433146342809927,0.0,0.0,1.0949354031590042
2021-05-13,-0.007442951263712058,-0.007442951263712058,0.0,0.0,1.0867858523163787
2021-05-14,0.010470805208733459,0.010470805208733459,0.0,0.0,1.0981653752795908
2021-05-17,-0.035101427711499086,-0.035101427711499086,0.0,0.0,1.059618202743943
2021-05-18,0.04230407575978637,0.04230407575978637,0.0,0.0,1.1044443714692713
2021-05-19,-0.0005143539522254044,-0.0005143539522254044,0.0,0.0,1.103876296141793
2021-05-20,-0.0043656743298775965,-0.0043656743298775965,0.0,0.0,1.0990571317323663
2021-05-21,0.011298371206436961,0.011298371206436961,0.0,0.0,1.1114746871837604
2021-05-24,7.350432478417688e-05,7.350432478417688e-05,0.0,0.0,1.1115563853801564
2021-05-25,0.008595783354706676,0.008595783354706676,0.0,0.0,1.121111083255425
2021-05-26,0.0008163319767320043,0.0008163319767320043,0.0,0.0,1.1220262820821552
2021-05-27,-0.005234138918930338,-0.005234138918930338,0.0,0.0,1.1161534406510463
2021-05-28,0.012051585141823489,0.012051585141823489,0.0,0.0,1.1296048588723915
2021-05-31,0.009708086707899006,0.009708086707899006,0.0,0.0,1.1405711607879885
2021-06-01,0.005492731516361403,0.005492731516361403,0.0,0.0,1.1468360119495016
2021-06-02,0.0026991394329845373,0.0026991394329845373,0.0,0.0,1.149931482252521
2021-06-03,0.001278611366114478,0.001278611366114478,0.0,0.0,1.151401797715982
2021-06-04,-0.0035878549104472602,-0.0035878549104472602,0.0,0.0,1.147270735122149
2021-06-07,-0.0042213987260228784,-0.0042213987260228784,0.0,0.0,1.1424276479025008
2021-06-08,0.0012786636761289655,0.0012786636761289655,0.0,0.0,1.1438884286384794
2021-06-09,-0.00748436658378029,-0.00748436658378029,0.0,0.0,1.1353271483076046
2021-06-10,0.002642724448068377,0.002642724448068377,0.0,0.0,1.138327505118993
2021-06-11,0.001437674039105937,0.001437674039105937,0.0,0.0,1.1399640490211027
2021-06-15,-0.0024310348248706066,-0.0024310348248706066,0.0,0.0,1.1371927567188318
2021-06-16,-0.0014953059479600305,-0.0014953059479600305,0.0,0.0,1.1354923056257331
2021-06-17,0.0021771357850499684,0.0021771357850499684,0.0,0.0,1.1379644265579598
2021-06-18,-0.007041833697479663,-0.007041833697479663,0.0,0.0,1.1299510703124909
2021-06-21,-0.006561467187860241,-0.006561467187860241,0.0,0.0,1.122536933440748
2021-06-22,0.00368458503734978,0.00368458503734978,0.0,0.0,1.1266730162295762
2021-06-23,0.011203787744818873,0.011203787744818873,0.0,0.0,1.1392960215612271
2021-06-24,0.0023692988044861853,0.0023692988044861853,0.0,0.0,1.1419953542630679
2021-06-25,0.005181134739555666,0.005181134739555666,0.0,0.0,1.1479121860654513
2021-06-28,0.0033153992373239865,0.0033153992373239865,0.0,0.0,1.1517179732516476
2021-06-29,-0.005650831372997703,-0.005650831372997703,0.0,0.0,1.1452098091955518
2021-06-30,0.004536948115765173,0.004536948115765173,0.0,0.0,1.1504055666815374
2021-07-01,-0.003689033002403737,-0.003689033002403737,0.0,0.0,1.1461616825799001
2021-07-02,0.00030483311964371975,0.00030483311964371975,0.0,0.0,1.1465110706212172
2021-07-05,0.00968779184735774,0.00968779184735774,0.0,0.0,1.1576182312240868
2021-07-06,0.001857019629128341,0.001857019629128341,0.0,0.0,1.1597679510025067
2021-07-07,-0.0011957017305939009,-0.0011957017305939009,0.0,0.0,1.1583812144564056
2021-07-08,0.006408031431310884,0.006408031431310884,0.0,0.0,1.1658041576880822
2021-07-09,-0.0023721274218862142,-0.0023721274218862142,0.0,0.0,1.1630387216770814
2021-07-12,0.0031574324306423754,0.0031574324306423754,0.0,0.0,1.1667109378549976
2021-07-13,0.0018603422894203309,0.0018603422894203309,0.0,0.0,1.1688814195522186
2021-07-14,-0.0012782139902063555,-0.0012782139902063555,0.0,0.0,1.1673873389688547
2021-07-15,0.004410381653462367,0.004410381653462367,0.0,0.0,1.1725359626711274
2021-07-16,0.009076588457675637,0.009076588457675637,0.0,0.0,1.1831785890561177
2021-07-19,-0.0015066539335019241,-0.0015066539335019241,0.0,0.0,1.1813959483808811
2021-07-20,-0.012304264390275816,-0.012304264390275816,0.0,0.0,1.1668597402824021
2021-07-21,-0.00198647489097411,-0.00198647489097411,0.0,0.0,1.1645418027070424
2021-07-22,0.007611720499272709,0.007611720499272709,0.0,0.0,1.1734059694189676
2021-07-23,0.001999069786282101,0.001999069786282101,0.0,0.0,1.1757516898394762
2021-07-26,-0.007074275767140811,-0.007074275767140811,0.0,0.0,1.1674340981518698
2021-07-27,-0.006711895440051507,-0.006711895440051507,0.0,0.0,1.1595984025519237
2021-07-28,-0.005087377659755989,-0.005087377659755989,0.0,0.0,1.1536990875444924
2021-07-29,0.004990173610141934,0.004990173610141934,0.0,0.0,1.1594562462852016
2021-07-30,-0.006505123580084369,-0.006505123580084369,0.0,0.0,1.1519138401174156
2021-08-02,0.010645873583606765,0.010645873583606765,0.0,0.0,1.1641769692385127
2021-08-03,0.0012573453126157336,0.0012573453126157336,0.0,0.0,1.16564074169384
2021-08-04,0.004412434880546072,0.004412434880546072,0.0,0.0,1.1707840555606754
2021-08-05,0.0017805503521907506,0.0017805503521907506,0.0,0.0,1.1728686955231433
2021-08-06,-0.002020430214281818,-0.002020430214281818,0.0,0.0,1.1704989961733232
2021-08-09,-0.004299324670924316,-0.004299324670924316,0.0,0.0,1.165466640961783
2021-08-10,-0.004876361484283498,-0.004876361484283498,0.0,0.0,1.1597834043225799
2021-08-11,-0.002205729626070319,-0.002205729626070319,0.0,0.0,1.1572252357078407
2021-08-12,-0.004799061451305609,-0.004799061451305609,0.0,0.0,1.1516716406886771
2021-08-13,-0.005006031196612555,-0.005006031196612555,0.0,0.0,1.1459063365271356
2021-08-16,-0.012374824705094399,-0.012374824705094399,0.0,0.0,1.1317259464841554
2021-08-17,0.001683386863939395,0.001683386863939395,0.0,0.0,1.1336310790760462
2021-08-18,0.005885011930422283,0.005885011930422283,0.0,0.0,1.1403025115011063
2021-08-19,-0.014903767417903353,-0.014903767417903353,0.0,0.0,1.1233077080836427
2021-08-20,-0.0021037955082052234,-0.0021037955082052234,0.0,0.0,1.1209444983730439
2021-08-23,0.005914906852865772,0.005914906852865772,0.0,0.0,1.1275747806681526
2021-08-24,0.007328926247008549,0.007328926247008549,0.0,0.0,1.1358386930736566
2021-08-25,0.0021765348454847325,0.0021765348454847325,0.0,0.0,1.1383108855679813
2021-08-26,-0.0028052626446988652,-0.0028052626446988652,0.0,0.0,1.1351176245626435
2021-08-27,0.014009040329580573,0.014009040329580573,0.0,0.0,1.1510195331439592
2021-08-30,0.013605023749505802,0.013605023749505802,0.0,0.0,1.1666791812285278
2021-08-31,0.0013516247141365997,0.0013516247141365997,0.0,0.0,1.1682560936433448
2021-09-01,-0.006351063006148042,-0.006351063006148042,0.0,0.0,1.1608364255852994
2021-09-02,-0.009523272539588599,-0.009523272539588599,0.0,0.0,1.1497814639305688
2021-09-03,0.008197576743485962,0.008197576743485962,0.0,0.0,1.1592068857193771
2021-09-06,-0.006568126267384023,-0.006568126267384023,0.0,0.0,1.1515930685239513
2021-09-07,-0.0022969452127247687,-0.0022969452127247687,0.0,0.0,1.1489479223381982
2021-09-08,-0.005359104467420248,-0.005359104467420248,0.0,0.0,1.1427905903947624
2021-09-09,-0.0015111686147974653,-0.0015111686147974653,0.0,0.0,1.141063641121272
2021-09-10,0.007501807245492864,0.007501807245492864,0.0,0.0,1.149623680611804
2021-09-13,0.0044197855269396125,0.0044197855269396125,0.0,0.0,1.1547047707167992
2021-09-14,0.0023165047038335917,0.0023165047038335917,0.0,0.0,1.1573796497497038
2021-09-15,0.00020734329590107634,0.00020734329590107634,0.0,0.0,1.1576196246608916
2021-09-16,0.00010539919288363331,0.00010539919288363331,0.0,0.0,1.157741636834997
2021-09-17,-0.004351033108025175,-0.004351033108025175,0.0,0.0,1.1527042646425887
2021-09-22,-0.0122624371705998,-0.0122624371705998,0.0,0.0,1.1385693010211264
2021-09-23,0.006547646894837684,0.006547646894837684,0.0,0.0,1.146024250769515
2021-09-24,0.0034152882826695755,0.0034152882826695755,0.0,0.0,1.1499382539648235
2021-09-27,0.0031273845026947313,0.0031273845026947313,0.0,0.0,1.1535345530393288
2021-09-28,-0.0012758443714748907,-0.0012758443714748907,0.0,0.0,1.1520628224725318
2021-09-29,-0.006888547518058053,-0.006888547518058053,0.0,0.0,1.1441267829761417
2021-09-30,0.0017993322797074842,0.0017993322797074842,0.0,0.0,1.1461854472288284
2021-10-01,-0.012652584462383308,-0.012652584462383308,0.0,0.0,1.1316832390482112
2021-10-04,-0.0021877046111948924,-0.0021877046111948924,0.0,0.0,1.1292074504077334
2021-10-05,0.002124618546718908,0.002124618546718908,0.0,0.0,1.1316065854999628
2021-10-06,0.002309489679106341,0.002309489679106341,0.0,0.0,1.1342200192299836
2021-10-07,0.008937157402375018,0.008937157402375018,0.0,0.0,1.1443567220707669
2021-10-08,-0.0015795781111716362,-0.0015795781111716362,0.0,0.0,1.1425491212412118
2021-10-12,-0.003841749896092935,-0.003841749896092935,0.0,0.0,1.1381597332734021
2021-10-13,-0.0018379463851914421,-0.0018379463851914421,0.0,0.0,1.136067856705862
2021-10-14,-0.002514160433048233,-0.002514160433048233,0.0,0.0,1.1332115998512742
2021-10-15,0.008888198505328734,0.008888198505328734,0.0,0.0,1.1432838094992934
2021-10-18,0.0028364422859059758,0.0028364422859059758,0.0,0.0,1.1465266680413488
2021-10-19,0.0018333541324057428,0.0018333541324057428,0.0,0.0,1.148628657446116
2021-10-20,-0.00014187845658513066,-0.00014187845658513066,0.0,0.0,1.148465691785008
2021-10-21,0.0006504961096538645,0.0006504961096538645,0.0,0.0,1.149212764249585
2021-10-22,0.0001854907914718978,0.0001854907914718978,0.0,0.0,1.1494259326347953
2021-10-25,0.0019385716214544322,0.0019385716214544322,0.0,0.0,1.151654177128765
2021-10-26,0.005735426611351813,0.005735426611351813,0.0,0.0,1.1582594051433437
2021-10-27,0.0008089313006048089,0.0008089313006048089,0.0,0.0,1.159196357430384
2021-10-28,0.0010306925325476294,0.0010306925325476294,0.0,0.0,1.160391132459744
2021-10-29,-0.0031798816641627945,-0.0031798816641627945,0.0,0.0,1.156701225974378
2021-11-01,0.0005814396371081924,0.0005814396371081924,0.0,0.0,1.1573737779154512
2021-11-02,-0.0010304105531571766,-0.0010304105531571766,0.0,0.0,1.1561812077607396
2021-11-03,0.0045595791641031055,0.0045595791641031055,0.0,0.0,1.161452907505573
2021-11-04,4.920257613434545e-06,4.920257613434545e-06,0.0,0.0,1.1614586221530838
2021-11-05,0.0038420542939815614,0.0038420542939815614,0.0,0.0,1.165921009239609
2021-11-08,0.003871553689705471,0.003871553689705471,0.0,0.0,1.1704349350248358
2021-11-09,0.00039707040126831894,0.00039707040126831894,0.0,0.0,1.1708996800941445
2021-11-10,0.0025236870026227073,0.0025236870026227073,0.0,0.0,1.173854664398173
2021-11-11,0.0011254837435452475,0.0011254837435452475,0.0,0.0,1.1751758187402381
2021-11-12,0.007898041128116389,0.007898041128116389,0.0,0.0,1.1844574056894164
2021-11-15,0.004211048673512516,0.004211048673512516,0.0,0.0,1.1894452134764768
2021-11-16,0.0016034495809338438,0.0016034495809338438,0.0,0.0,1.1913524289055695
2021-11-17,0.012299913468636637,0.012299913468636637,0.0,0.0,1.206005960691758
2021-11-18,0.0070534524918070335,0.0070534524918070335,0.0,0.0,1.2145124664403335
2021-11-19,-0.00976887491488714,-0.00976887491488714,0.0,0.0,1.2026480460731068
2021-11-22,-0.0020668959598882275,-0.0020668959598882275,0.0,0.0,1.2001622976855109
2021-11-23,-0.003623189454663375,-0.003623189454663375,0.0,0.0,1.1958138823046522
2021-11-24,0.005800303819188493,0.005800303819188493,0.0,0.0,1.2027499661332226
2021-11-25,0.0002503913026118253,0.0002503913026118253,0.0,0.0,1.203051124263959
2021-11-26,-0.015382481159122975,-0.015382481159122975,0.0,0.0,1.1845452130115068
2021-11-29,-0.005880433942979123,-0.005880433942979123,0.0,0.0,1.1775795731339205
2021-11-30,-0.000667008083505518,-0.000667008083505518,0.0,0.0,1.1767941180396693
2021-12-01,0.01046255243928705,0.01046255243928705,0.0,0.0,1.1891063882099038
2021-12-02,-0.0006054283774001613,-0.0006054283774001613,0.0,0.0,1.1883864694587336
2021-12-03,0.003593071662237331,0.003593071662237331,0.0,0.0,1.1926564272059321
2021-12-06,0.005303224192583887,0.005303224192583887,0.0,0.0,1.1989813516241312
2021-12-07,0.0073851038906870645,0.0073851038906870645,0.0,0.0,1.2078359534688718
2021-12-08,0.0014803537022521683,0.0014803537022521683,0.0,0.0,1.2096239778943028
2021-12-09,0.0044029043994201315,0.0044029043994201315,0.0,0.0,1.2149498366282176
2021-12-10,-0.0008563007470055827,-0.0008563007470055827,0.0,0.0,1.2139094741755385
2021-12-13,-0.003637636740571409,-0.003637636740571409,0.0,0.0,1.20949371247255
2021-12-14,-0.006664788091466105,-0.006664788091466105,0.0,0.0,1.2014326931809598
2021-12-15,0.0001988749800162715,0.0001988749800162715,0.0,0.0,1.2016716280838071
2021-12-16,0.00410202105166097,0.00410202105166097,0.0,0.0,1.2066009103993904
2021-12-17,0.004945512351637405,0.004945512351637405,0.0,0.0,1.2125681701052675
2021-12-20,-0.006048362028771448,-0.006048362028771448,0.0,0.0,1.2052341188279059
2021-12-21,0.005462037655318702,0.005462037655318702,0.0,0.0,1.2118171529684187
2021-12-22,0.000150300934214898,0.000150300934214898,0.0,0.0,1.2119992902186076
2021-12-23,0.004260118827225391,0.004260118827225391,0.0,0.0,1.2171625512134516
2021-12-24,0.0018622871388007953,0.0018622871388007953,0.0,0.0,1.2194292573784065
2021-12-27,0.002328742457293387,0.002328742457293387,0.0,0.0,1.2222689940637292
2021-12-28,0.005977773743052648,0.005977773743052648,0.0,0.0,1.2295754415633908
2021-12-29,0.005782038326755009,0.005782038326755009,0.0,0.0,1.236684893892147
2021-12-30,-0.0016515394472739172,-0.0016515394472739172,0.0,0.0,1.2346424600060364
2022-01-03,-0.00514247396197026,-0.00514247396197026,0.0,0.0,1.2282933433031125
2022-01-04,0.001652993005398512,0.001652993005398512,0.0,0.0,1.2303237036081702
2022-01-05,0.002995115846094729,0.002995115846094729,0.0,0.0,1.234008665628673
2022-01-06,0.002861039935972829,0.002861039935972829,0.0,0.0,1.237539213702373
2022-01-07,0.0008055293304227273,0.0008055293304227273,0.0,0.0,1.2385360878365588
2022-01-10,0.0044238562540328315,0.0044238562540328315,0.0,0.0,1.24401519345458
2022-01-11,0.011505953618177606,0.011505953618177606,0.0,0.0,1.2583287745707767
2022-01-12,0.0029617841900497367,0.0029617841900497367,0.0,0.0,1.2620556728411851
2022-01-13,0.012856362725741291,0.012856362725741291,0.0,0.0,1.2782811183513108
2022-01-14,-0.006672256607510234,-0.006672256607510234,0.0,0.0,1.2697520987131357
2022-01-17,-0.0023929209789603847,-0.0023929209789603847,0.0,0.0,1.266713682278046
2022-01-18,0.004684894435009866,0.004684894435009866,0.0,0.0,1.2726481021589013
2022-01-19,-0.004210378718111021,-0.004210378718111021,0.0,0.0,1.267289771673927
2022-01-20,-0.0006929506093124125,-0.0006929506093124125,0.0,0.0,1.2664116024544703
2022-01-21,-0.011680658892410996,-0.011680658892410996,0.0,0.0,1.251619080508808
2022-01-24,-0.002948538968680032,-0.002948538968680032,0.0,0.0,1.2479286328759844
2022-01-25,-0.0078513005540167,-0.0078513005540167,0.0,0.0,1.2381307701093118
2022-01-26,0.0019397612487164761,0.0019397612487164761,0.0,0.0,1.2405324481980133
2022-02-07,0.021640969401649893,0.021640969401649893,0.0,0.0,1.2673787729512205
2022-02-08,0.00917037860504545,0.00917037860504545,0.0,0.0,1.279001116135181
2022-02-09,0.00796465589939878,0.00796465589939878,0.0,0.0,1.2891879199201448
2022-02-10,0.002870500656733582,0.002870500656733582,0.0,0.0,1.2928885346909285
2022-02-11,-0.002175416360590926,-0.002175416360590926,0.0,0.0,1.2900759638201413
2022-02-14,-0.009228799742826517,-0.009228799742826517,0.0,0.0,1.2781701110970114
2022-02-15,-0.003741589489514169,-0.003741589489514169,0.0,0.0,1.2733877232435196
2022-02-16,0.008112478999063533,0.008112478999063533,0.0,0.0,1.283718054405998
2022-02-17,0.003629217680824969,0.003629217680824969,0.0,0.0,1.2883769466662427
2022-02-18,0.00037818120622832565,0.00037818120622832565,0.0,0.0,1.2888641866140096
2022-02-21,0.003367494856614954,0.003367494856614954,0.0,0.0,1.2932044301333074
2022-02-22,-0.008247477874068473,-0.008247477874068473,0.0,0.0,1.2825387552091356
2022-02-23,0.004082693001318024,0.004082693001318024,0.0,0.0,1.2877749672089471
2022-02-24,-0.01661211458416949,-0.01661211458416949,0.0,0.0,1.266382301895047
2022-02-25,-0.0017610357035001789,-0.0017610357035001789,0.0,0.0,1.2641521574471293
2022-03-01,0.011753871752265785,0.011753871752265785,0.0,0.0,1.279010839781113
2022-03-02,0.002104780212408404,0.002104780212408404,0.0,0.0,1.2817028764881402
2022-03-03,0.0018969944820194983,0.0018969944820194983,0.0,0.0,1.2841342597724268
2022-03-04,-0.009232995608212481,-0.009232995608212481,0.0,0.0,1.2722778537915929
2022-03-07,-0.022106555573324155,-0.022106555573324155,0.0,0.0,1.2441521727120395
2022-03-08,-0.012612272267209028,-0.012612272267209028,0.0,0.0,1.2284605867679554
2022-03-09,0.004273987295170485,0.004273987295170485,0.0,0.0,1.2337110117084193
2022-03-10,0.02260639613082149,0.02260639613082149,0.0,0.0,1.2616007715500563
2022-03-11,-0.003950957057036882,-0.003950957057036882,0.0,0.0,1.2566162410785375
2022-03-14,0.00487737470412227,0.00487737470412227,0.0,0.0,1.2627452293455632
2022-03-15,-0.0011819362678106217,-0.0011819362678106217,0.0,0.0,1.2612527449619948
2022-03-16,0.010035082398826813,0.010035082398826813,0.0,0.0,1.273909520183435
2022-03-17,0.011422791730186642,0.011422791730186642,0.0,0.0,1.2884611233155923
2022-03-18,0.006292739349459677,0.006292739349459677,0.0,0.0,1.2965690733265292
2022-03-21,0.0005669346603546589,0.0005669346603546589,0.0,0.0,1.297304143273742
2022-03-22,0.003525589643342452,0.003525589643342452,0.0,0.0,1.3018779053255332
2022-03-23,0.010428765902666415,0.010428765902666415,0.0,0.0,1.3154548852340269
2022-03-24,0.0013829137051398022,0.0013829137051398022,0.0,0.0,1.31727404582331
2022-03-25,-0.003748391138727573,-0.003748391138727573,0.0,0.0,1.3123363874626701
2022-03-28,0.0020943709504148006,0.0020943709504148006,0.0,0.0,1.3150849066697443
2022-03-29,-0.0024812194684755047,-0.002876305259063204,0.20793988978299976,0.0003950857905876995,1.3113023210365755
2022-03-30,0.008902563737873537,0.008902563737873537,0.0,0.0,1.322976273529225
2022-03-31,0.0058029382138312605,0.0058029382138312605,0.0,0.0,1.3306534231028797
2022-04-01,0.0031697363828787793,0.0031697363828787793,0.0,0.0,1.3348712436710912
2022-04-06,0.013999239362153372,0.013999239362153372,0.0,0.0,1.3535584257288982
2022-04-07,-0.014886741709115713,-0.014886741709115713,0.0,0.0,1.3334083510568748
2022-04-08,0.012043825112313947,0.012043825112313947,0.0,0.0,1.349467688040303
2022-04-11,-0.0036831352029236576,-0.0036831352029236576,0.0,0.0,1.3444974160932737
2022-04-12,-0.006140454833898593,-0.006140454833898593,0.0,0.0,1.3362415904354596
2022-04-13,0.007339705084651014,0.007339705084651014,0.0,0.0,1.346049209631101
2022-04-14,-0.01516089877805103,-0.01516089877805103,0.0,0.0,1.3256418938136083
2022-04-15,-0.004887485046457433,-0.004887485046457433,0.0,0.0,1.319162838880637
2022-04-18,-0.013960628556983906,-0.013960628556983906,0.0,0.0,1.300746496480848
2022-04-19,0.0007509863559410348,0.0007509863559410348,0.0,0.0,1.3017233393522432
2022-04-20,0.00867761539839365,0.00867761539839365,0.0,0.0,1.3130191938462545
2022-04-21,-0.006269979903538501,-0.006269979903538501,0.0,0.0,1.304786589887878
2022-04-22,0.004796234638205463,0.004796234638205463,0.0,0.0,1.3110446525257644
2022-04-25,-0.014979719725879,-0.014979719725879,0.0,0.0,1.291405571082816
2022-04-26,0.010958105534801577,0.010958105534801577,0.0,0.0,1.3055569296189722
2022-04-27,-0.013299498258245942,-0.013299498258245942,0.0,0.0,1.2881936775074638
2022-04-28,0.003452278910725102,0.003452278910725102,0.0,0.0,1.2926408813732524
2022-04-29,0.006158757575433083,0.006158757575433083,0.0,0.0,1.3006019431937246
2022-05-03,-0.007734513339142525,-0.007734513339142525,0.0,0.0,1.290542420115178
2022-05-04,-0.0007967059402459544,-0.0007967059402459544,0.0,0.0,1.289514237302933
2022-05-05,-0.004895039007139841,-0.004895039007139841,0.0,0.0,1.283202014811073
2022-05-06,-0.010842586244725097,-0.010842586244725097,0.0,0.0,1.2692887862960789
2022-05-09,-0.026997427672590828,-0.026997427672590828,0.0,0.0,1.23502125409242
2022-05-10,0.0007987372056150884,0.0007987372056150884,0.0,0.0,1.236007711517789
2022-05-11,-0.007028610148342782,-0.007028610148342782,0.0,0.0,1.2273202951731852
2022-05-12,-0.024577148333110945,-0.024577148333110945,0.0,0.0,1.1971562622264762
2022-05-13,0.00474687580348629,0.00474687580348629,0.0,0.0,1.2028390143206311
2022-05-16,-0.0020335960752515866,-0.0020335960752515866,0.0,0.0,1.2003929256219492
2022-05-17,-0.0012171459973405962,-0.0012171459973405962,0.0,0.0,1.1989318721772926
2022-05-18,0.023170469635442417,0.023170469635442417,0.0,0.0,1.2267116867165406
2022-05-19,-0.017634250176666748,-0.017634250176666748,0.0,0.0,1.2050795459383403
2022-05-20,0.0066992883275948855,0.0066992883275948855,0.0,0.0,1.2131527212742685
2022-05-23,0.00016627454314669933,0.00016627454314669933,0.0,0.0,1.2133544376887657
2022-05-24,-0.003438325655314131,-0.003438325655314131,0.0,0.0,1.2091825299966712
2022-05-25,0.0035876621237105064,0.0035876621237105064,0.0,0.0,1.2135206683601927
2022-05-26,-0.0010515503157137321,-0.0010515503157137321,0.0,0.0,1.2122445903182535
2022-05-27,0.011752609137363928,0.011752609137363928,0.0,0.0,1.2264916271671478
2022-05-30,0.0153929748052689,0.0153929748052689,0.0,0.0,1.2453709818830048
2022-05-31,0.005025206830950135,0.005025206830950135,0.0,0.0,1.2516292286482305
2022-06-01,-0.009530240085889105,-0.009530240085889105,0.0,0.0,1.2397009016006966
2022-06-02,-0.0035284179328808687,-0.0035284179328808687,0.0,0.0,1.23532671870808
2022-06-06,0.006322016260251322,0.006322016260251322,0.0,0.0,1.2431364743104754
2022-06-07,-0.004674959399998878,-0.004674959399998878,0.0,0.0,1.2373248617644161
2022-06-08,0.004020760516453985,0.004020760516453985,0.0,0.0,1.2422998487146253
2022-06-09,-0.006301479568797581,-0.006301479568797581,0.0,0.0,1.2344715215996298
2022-06-10,-0.006250782610665808,-0.006250782610665808,0.0,0.0,1.2267551084790527
2022-06-13,-0.012739513336207266,-0.012739513336207266,0.0,0.0,1.2111268454143234
2022-06-14,0.004786458520249901,0.004786458520249901,0.0,0.0,1.21692385382266
2022-06-15,-0.00023661879057088563,-0.00023661879057088563,0.0,0.0,1.2166359067721517
2022-06-16,-0.0050625499985310005,-0.0050625499985310005,0.0,0.0,1.2104766266641096
2022-06-17,-0.010110661258386276,-0.010110661258386276,0.0,0.0,1.1982379075307148
2022-06-20,-0.01566914014405139,-0.01566914014405139,0.0,0.0,1.179462549831701
2022-06-21,0.025562630489374332,0.025562630489374332,0.0,0.0,1.209612715169104
2022-06-22,-0.012996544711998683,-0.012996544711998683,0.0,0.0,1.1938919294322066
2022-06-23,0.001353342107666291,0.001353342107666291,0.0,0.0,1.1955076736523103
2022-06-24,0.009188008505423471,0.009188008505423471,0.0,0.0,1.2064920083261266
2022-06-27,0.0026347128906211857,0.0026347128906211857,0.0,0.0,1.209670768372895
2022-06-28,-0.005590691202228325,-0.005590691202228325,0.0,0.0,1.2029078726505598
2022-06-29,-0.0054706072265674095,-0.0054706072265674095,0.0,0.0,1.1963272361495427
2022-06-30,-0.020499893464029948,-0.020499893464029948,0.0,0.0,1.1718026552603598
2022-07-01,-0.013515449639106052,-0.013515449639106052,0.0,0.0,1.1559652154862177
2022-07-04,-0.0021894497016293245,-0.0021894497016293245,0.0,0.0,1.1534342877900774
2022-07-05,0.005252926842111981,0.005252926842111981,0.0,0.0,1.1594931937210222
2022-07-06,-0.021788920716178502,-0.021788920716178502,0.0,0.0,1.1342290884520863
2022-07-07,0.003850290568598941,0.003850290568598941,0.0,0.0,1.1385962000139838
2022-07-08,-0.0017606222612775227,-0.0017606222612775227,0.0,0.0,1.1365915621976332
2022-07-11,-0.01103631291497168,-0.01103631291497168,0.0,0.0,1.1240477820607038
2022-07-12,-0.020154333617135537,-0.020154333617135537,0.0,0.0,1.101393348059451
2022-07-13,0.02403344661040126,0.02403344661040126,0.0,0.0,1.1278636262870891
2022-07-14,-0.006029647705889204,-0.006029647705889204,0.0,0.0,1.1210630059602913
2022-07-15,-0.01316455330313685,-0.01316455330313685,0.0,0.0,1.1063047122621523
2022-07-18,0.0130489202197819,0.0130489202197819,0.0,0.0,1.12074079419123
2022-07-19,-0.0007132588659224799,-0.0007132588659224799,0.0,0.0,1.119941415883372
2022-07-20,-0.0024321526781991617,-0.0024321526781991617,0.0,0.0,1.1172175473693051
2022-07-21,0.006513492930356462,0.006513492930356462,0.0,0.0,1.1244945359657654
2022-07-22,0.003952426958243913,0.003952426958243913,0.0,0.0,1.1289390184841144
2022-07-25,0.0071129232712710145,0.0071129232712710145,0.0,0.0,1.136969075100536
2022-07-26,-0.0016246772186405826,-0.0016246772186405826,0.0,0.0,1.1351218673459211
2022-07-27,0.004493072923416375,0.004493072923416375,0.0,0.0,1.1402220526728708
2022-07-28,-0.001227770364946139,-0.001227770364946139,0.0,0.0,1.138822121827141
2022-07-29,-0.0003185959679818197,-0.0003185959679818197,0.0,0.0,1.1384592976908785
2022-08-01,0.0028351052486982288,0.0028351052486982288,0.0,0.0,1.141686949621191
2022-08-02,-0.004951299078988897,-0.004951299078988897,0.0,0.0,1.136034116079038
2022-08-03,-0.003389322646031593,-0.003389322646031593,0.0,0.0,1.1321837299227466
2022-08-04,-0.006240226247835919,-0.006240226247835919,0.0,0.0,1.1251186472939099
2022-08-05,0.012186053764875634,0.012186053764875634,0.0,0.0,1.1388294036216977
2022-08-08,0.0048103707233300656,0.0048103707233300656,0.0,0.0,1.144307595243747
2022-08-09,0.007906458396216145,0.007906458396216145,0.0,0.0,1.1533550156380157
2022-08-10,0.0008636127382410986,0.0008636127382410986,0.0,0.0,1.154351067721235
2022-08-11,0.010434850887169066,0.010434850887169066,0.0,0.0,1.1663965489843504
2022-08-12,-0.0013732053963238931,-0.0013732053963238931,0.0,0.0,1.1647948469490315
2022-08-15,7.07794806696512e-05,7.07794806696512e-05,0.0,0.0,1.164877290523385
2022-08-16,0.0019029959293745805,0.0019029959293745805,0.0,0.0,1.167094047265472
2022-08-17,0.004712479389163272,0.004712479389163272,0.0,0.0,1.1725939539084258
2022-08-18,-0.003458263614308295,-0.003458263614308295,0.0,0.0,1.1685388149032663
2022-08-19,0.0016897100721544375,0.0016897100721544375,0.0,0.0,1.1705133067085118
2022-08-22,-0.003138080253430563,-0.003138080253430563,0.0,0.0,1.1668401420143522
2022-08-23,-0.010977253348213136,-0.010977253348213136,0.0,0.0,1.1540314421585958
2022-08-24,-0.004325496452823901,-0.004325496452823901,0.0,0.0,1.1490396832490914
2022-08-25,0.005985514708424864,0.005985514708424864,0.0,0.0,1.1559172771737427
2022-08-26,0.0039504433256373934,0.0039504433256373934,0.0,0.0,1.1604836628663426
2022-08-29,-0.012901770035183308,-0.012901770035183308,0.0,0.0,1.1455113695184538
2022-08-30,0.0017933591270184726,0.0017933591270184726,0.0,0.0,1.1475656827880831
2022-08-31,0.0054922475476152505,0.0054922475476152505,0.0,0.0,1.1538683975951034
2022-09-01,-0.012557475793395853,-0.012557475793395853,0.0,0.0,1.1393787231235384
2022-09-02,-0.005651253696849049,-0.005651253696849049,0.0,0.0,1.1329398049023753
2022-09-05,0.005196403985988179,0.005196403985988179,0.0,0.0,1.1388270178204547
2022-09-06,0.0026226015698632456,0.0026226015698632456,0.0,0.0,1.1418137073451933
2022-09-07,-0.013826836604417131,-0.013826836604417131,0.0,0.0,1.1260260357810477
2022-09-08,0.01326898035979783,0.01326898035979783,0.0,0.0,1.1409672531344475
2022-09-12,0.00834286428749278,0.00834286428749278,0.0,0.0,1.1504861880838215
2022-09-13,-0.00019178023665870133,-0.00019178023665870133,0.0,0.0,1.1502655475703982
2022-09-14,-0.013343769399020995,-0.013343769399020995,0.0,0.0,1.1349166693559802
2022-09-15,0.005628964911020556,0.005628964911020556,0.0,0.0,1.1413050754647174
2022-09-16,-0.0037251556223960795,-0.0037251556223960795,0.0,0.0,1.1370535364459808
2022-09-19,-0.006472887954446873,-0.006472887954446873,0.0,0.0,1.1296935163063584
2022-09-20,0.0023536430501807674,0.0023536430501807674,0.0,0.0,1.1323524115998471
2022-09-21,-0.006217787254509351,-0.006217787254509351,0.0,0.0,1.1253116852073886
2022-09-22,-0.014265147796419877,-0.014265147796419877,0.0,0.0,1.109258947700867
2022-09-23,-0.001641962959462537,-0.001641962959462537,0.0,0.0,1.1074375855962897
2022-09-26,-0.01719821486534178,-0.01719821486534178,0.0,0.0,1.0883916360492494
2022-09-27,-0.0011120512667023236,-0.0011120512667023236,0.0,0.0,1.0871812887517125
2022-09-28,-0.014178185115395795,-0.014178185115395795,0.0,0.0,1.071767031185796
2022-09-29,0.007135615021909108,0.007135615021909108,0.0,0.0,1.0794147481135123
2022-09-30,-0.008511507446591845,-0.008511507446591845,0.0,0.0,1.0702273014469832
2022-10-03,-0.013920404242293962,-0.013920404242293962,0.0,0.0,1.0553293047797017
2022-10-04,0.007519808566982983,0.007519808566982983,0.0,0.0,1.0632651791267722
2022-10-05,0.0050600943449019544,0.0050600943449019544,0.0,0.0,1.0686454012468027
2022-10-06,0.005584872777662385,0.005584872777662385,0.0,0.0,1.0746136498572
2022-10-07,-0.0057776943606493245,-0.0057776943606493245,0.0,0.0,1.0684048606325434
2022-10-11,-0.020336695569063805,-0.020336695569063805,0.0,0.0,1.0466770362373512
2022-10-12,0.006092511541585483,0.006092511541585483,0.0,0.0,1.0530539281609397
2022-10-13,-0.022675969510664452,-0.022675969510664452,0.0,0.0,1.0291749093928768
2022-10-14,0.0026623963981142204,0.0026623963981142204,0.0,0.0,1.031914980964674
2022-10-17,-0.0030804774159055247,-0.0030804774159055247,0.0,0.0,1.0287361901706777
2022-10-18,0.006068668941269129,0.006068668941269129,0.0,0.0,1.0349792495367263
2022-10-19,-0.008677282223107739,-0.008677282223107739,0.0,0.0,1.0259984424934359
2022-10-20,0.0008155923740226154,0.0008155923740226154,0.0,0.0,1.0268352389988924
2022-10-21,0.0010182752501870923,0.0010182752501870923,0.0,0.0,1.0278808399087849
2022-10-24,-0.0009360380764783507,-0.0009360380764783507,0.0,0.0,1.0269187043045478
2022-10-25,0.0050906461192791914,0.0050906461192791914,0.0,0.0,1.0321463840214309
2022-10-26,0.005914767464043435,0.005914767464043435,0.0,0.0,1.0382512898717708
2022-10-27,-0.0026836835639944623,-0.0026836835639944623,0.0,0.0,1.0354649519498458
2022-10-28,-0.00406724137707748,-0.00406724137707748,0.0,0.0,1.031253466052762
2022-10-31,0.0037377765706277464,0.0037377765706277464,0.0,0.0,1.0351080610965526
2022-11-01,0.009103834157752766,0.009103834157752766,0.0,0.0,1.0445315132201287
2022-11-02,-0.0027669892516317732,-0.0027669892516317732,0.0,0.0,1.041641305750058
2022-11-03,-0.005221102430999467,-0.005221102430999467,0.0,0.0,1.0362027897963768
2022-11-04,0.00904812695584819,0.00904812695584819,0.0,0.0,1.0455784841904585
2022-11-07,0.009637968365767057,0.009637968365767057,0.0,0.0,1.0556557365450128
2022-11-08,0.006510235333166081,0.006510235333166081,0.0,0.0,1.0625283038207276
2022-11-09,0.008701555900393796,0.008701555900393796,0.0,0.0,1.0717739532521742
2022-11-10,-0.007077103091611479,-0.007077103091611479,0.0,0.0,1.0641888984941046
2022-11-11,0.023546574403429655,0.023546574403429655,0.0,0.0,1.0892469015717998
2022-11-14,0.00868608773619003,0.00868608773619003,0.0,0.0,1.0987081957252256
2022-11-15,0.0027619446999183114,0.0027619446999183114,0.0,0.0,1.1017427670031656
2022-11-16,-0.008907695588016578,-0.008907695588016578,0.0,0.0,1.0919287778184024
2022-11-17,-0.003258587166748786,-0.003258587166748786,0.0,0.0,1.0883706327159997
2022-11-18,-0.003981464455575356,-0.003981464455575356,0.0,0.0,1.0840373237273488
2022-11-21,-0.0013843680346002315,-0.0013843680346002315,0.0,0.0,1.0825366171080673
2022-11-22,0.003639078459224045,0.003639078459224045,0.0,0.0,1.0864760527927064
2022-11-23,0.007359844505195567,0.007359844505195567,0.0,0.0,1.0944723475998794
2022-11-24,0.008305542020007932,0.008305542020007932,0.0,0.0,1.103562533672607
2022-11-25,0.00027937640772284574,0.00027937640772284574,0.0,0.0,1.1038708430089619
2022-11-28,-0.004213902125095159,-0.004213902125095159,0.0,0.0,1.0992192393177758
2022-11-29,0.013196335054321408,0.013196335054321408,0.0,0.0,1.1137249046979694
2022-11-30,0.012089683242362918,0.012089683242362918,0.0,0.0,1.1271894860148985
2022-12-01,-0.002195229215359507,-0.002195229215359507,0.0,0.0,1.1247150467239526
2022-12-02,-0.003923731267948209,-0.003923731267948209,0.0,0.0,1.12030196712759
2022-12-05,0.0005561117156650254,0.0005561117156650254,0.0,0.0,1.1209249801765921
2022-12-06,-0.01040919666740557,-0.01040919666740557,0.0,0.0,1.1092570516085263
2022-12-07,0.0033722875241695947,0.0033722875241695947,0.0,0.0,1.1129977853247628
2022-12-08,-0.003194068565142749,-0.003194068565142749,0.0,0.0,1.1094427940855836
2022-12-09,0.004949831109757029,0.004949831109757029,0.0,0.0,1.1149343485422443
2022-12-12,-0.00031006582190385866,-0.00031006582190385866,0.0,0.0,1.1145886455070946
2022-12-13,-0.00797825448027676,-0.00797825448027676,0.0,0.0,1.105696173652412
2022-12-14,0.009463227748352728,0.009463227748352728,0.0,0.0,1.1161596283641668
2022-12-15,-0.0008373742910962703,-0.0008373742910962703,0.0,0.0,1.1152249849866152
2022-12-16,-0.009185785380798145,-0.009185785380798145,0.0,0.0,1.1049807676232242
2022-12-19,-0.0012123949788730892,-0.0012123949788730892,0.0,0.0,1.1036410944888064
2022-12-20,-0.008906613277491737,-0.008906613277491737,0.0,0.0,1.0938113900630468
2022-12-21,0.00019247527586192987,0.00019247527586192987,0.0,0.0,1.0940219217120901
2022-12-22,0.014981987710707134,0.014981987710707134,0.0,0.0,1.1104125446984248
2022-12-23,-0.007439356646988913,-0.007439356646988913,0.0,0.0,1.1021517897531226
2022-12-26,0.0031696570706621534,0.0031696570706621534,0.0,0.0,1.1056452329664563
2022-12-27,0.0024344330704492855,0.0024344330704492855,0.0,0.0,1.1083368522857746
2022-12-28,-0.0063371755187841584,-0.0063371755187841584,0.0,0.0,1.101313127118903
2022-12-29,-0.004409336898340407,-0.004409336898340407,0.0,0.0,1.0964570665108708
2022-12-30,0.004388048029659814,0.004388048029659814,0.0,0.0,1.1012683727811805
2023-01-03,0.00039040573010959374,0.00039040573010959374,0.0,0.0,1.1016983142643029
2023-01-04,0.001491002923230226,0.001491002923230226,0.0,0.0,1.1033409496713888
2023-01-05,0.006376515310308922,0.006376515310308922,0.0,0.0,1.1103764201294593
2023-01-06,0.0031759940275958047,0.0031759940275958047,0.0,0.0,1.1139029690081734
2023-01-09,0.01784757677878214,0.01784757677878214,0.0,0.0,1.1337834377716602
2023-01-10,0.0006147427199208881,0.0006147427199208881,0.0,0.0,1.134480422885997
2023-01-11,-0.008200211249348143,-0.008200211249348143,0.0,0.0,1.125177443760082
2023-01-12,-0.004952297603973645,-0.004952297603973645,0.0,0.0,1.1196052302013038
2023-01-13,0.0020002336586725823,0.0020002336586725823,0.0,0.0,1.1218447022671783
2023-01-16,0.0073760292443818,0.0073760292443818,0.0,0.0,1.1301194615987558
2023-01-17,0.00012890741945129647,0.00012890741945129647,0.0,0.0,1.130265142382222
2023-01-30,0.019171718924986886,0.019171718924986886,0.0,0.0,1.1519342680026843
2023-01-31,-0.015794089085019874,-0.015794089085019874,0.0,0.0,1.1337405155537628
2023-02-01,0.0063689875365816944,0.0063689875365816944,0.0,0.0,1.1409612947670424
2023-02-02,0.0028242337362840413,0.0028242337362840413,0.0,0.0,1.144183636147518
2023-02-03,-0.0015527104149530868,-0.0015527104149530868,0.0,0.0,1.1424070502990529
2023-02-06,-0.00507564143723233,-0.00507564143723233,0.0,0.0,1.1366086017363686
2023-02-07,0.0022243239601396807,0.0022243239601396807,0.0,0.0,1.1391367874825116
2023-02-08,0.00017419164306678686,0.00017419164306678686,0.0,0.0,1.139335215591201
2023-02-09,-0.00014080664019495048,-0.00014080664019495048,0.0,0.0,1.1391747896274378
2023-02-10,-0.0003757598511158794,-0.0003757598511158794,0.0,0.0,1.1387467334780923
2023-02-13,0.006266087035569532,0.006266087035569532,0.0,0.0,1.1458822196215366
2023-02-14,0.004053111146768525,0.004053111146768525,0.0,0.0,1.1505266076187686
2023-02-15,-0.005754164804196498,-0.005754164804196498,0.0,0.0,1.143906287906917
2023-02-16,0.005019588254397278,0.005019588254397278,0.0,0.0,1.149648226473826
2023-02-17,0.004438743720523964,0.004438743720523964,0.0,0.0,1.1547512203198982
2023-02-20,0.009524172703222077,0.009524172703222077,0.0,0.0,1.1657492703714813
2023-02-21,-0.005385849588461394,-0.005385849588461394,0.0,0.0,1.1594707201434018
2023-02-22,-2.8907885536833965e-05,-2.8907885536833965e-05,0.0,0.0,1.1594372022965405
2023-02-23,0.004531411848434004,0.004531411848434004,0.0,0.0,1.1646910897725422
2023-02-24,-0.0040906402910255,-0.0040906402910255,0.0,0.0,1.1599267574741203
2023-03-01,-0.006603233066378215,-0.006603233066378215,0.0,0.0,1.1522674907545905
2023-03-02,-0.0002863176409106211,-0.0002863176409106211,0.0,0.0,1.1519375762449395
2023-03-03,0.0029318403601502267,0.0029318403601502267,0.0,0.0,1.155314873323348
2023-03-06,0.007704098925551619,0.007704098925551619,0.0,0.0,1.1642155333975923
2023-03-07,0.0042831452485431725,0.0042831452485431725,0.0,0.0,1.1692020376277443
2023-03-08,-0.0003990818801810462,-0.0003990818801810462,0.0,0.0,1.1687354302802564
2023-03-09,-0.006809828402065676,-0.006809828402065676,0.0,0.0,1.1607765425526335
2023-03-10,-0.011904029528079427,-0.011904029528079427,0.0,0.0,1.146958624314585
2023-03-13,-0.0021055114553213323,-0.0021055114553213323,0.0,0.0,1.1445436897923111
2023-03-14,-0.012297826708612132,-0.012297826708612132,0.0,0.0,1.1304682898348097
2023-03-15,-0.0025796077012272857,-0.0025796077012272857,0.0,0.0,1.1275521251283587
2023-03-16,-0.011717909015550174,-0.011717909015550174,0.0,0.0,1.1143395719158145
2023-03-17,0.005861984890897594,0.005861984890897594,0.0,0.0,1.1208718136497142
2023-03-20,-0.002256261500277335,-0.002256261500277335,0.0,0.0,1.1183428337298302
2023-03-21,0.005894005624244129,0.005894005624244129,0.0,0.0,1.1249343526816669
2023-03-22,0.011413958997786685,0.011413958997786685,0.0,0.0,1.137774307258377
2023-03-23,0.0056239149275094345,0.0056239149275094345,0.0,0.0,1.1441730531691041
2023-03-24,0.0017515517146074351,0.0017515517146074351,0.0,0.0,1.14617713144219
2023-03-27,-0.0002162727832840483,-0.0002162727832840483,0.0,0.0,1.1459292445238365
2023-03-28,-0.0020135362946470782,-0.0020135362946470782,0.0,0.0,1.1436218743988902
2023-03-29,0.00635207996127075,0.00635207996127075,0.0,0.0,1.1508862519905303
2023-03-30,-0.0004169387852970858,-0.0004169387852970858,0.0,0.0,1.1504064028746102
2023-03-31,0.0030500111904458132,0.0030500111904458132,0.0,0.0,1.1539151552769384
2023-04-06,0.0034932685604867693,0.0034932685604867693,0.0,0.0,1.1579460908103365
2023-04-07,-0.0005486457856386796,-0.0005486457856386796,0.0,0.0,1.1573107885676166
2023-04-10,0.0040894890814457685,0.0040894890814457685,0.0,0.0,1.1620435984013033
2023-04-11,0.006125561398308009,0.006125561398308009,0.0,0.0,1.1691617678108213
2023-04-12,0.0018236654880378952,0.0018236654880378952,0.0,0.0,1.1712939277767112
2023-04-13,0.0005698717452848031,-0.000349852443159875,0.4840653623393043,0.0009197241884446781,1.17088414773442
2023-04-14,0.002204382137479575,0.002204382137479575,0.0,0.0,1.1734652238347438
2023-04-17,-0.0007002829217752357,-0.0007002829217752357,0.0,0.0,1.1726434661791951
2023-04-18,0.0015521705146407786,0.0015521705146407786,0.0,0.0,1.1744636087915847
2023-04-19,-0.002271137535473973,-0.002271137535473973,0.0,0.0,1.17179624040561
2023-04-20,-0.00670998698957374,-0.00670998698957374,0.0,0.0,1.1639335028780569
2023-04-21,0.00011616077389246424,0.00011616077389246424,0.0,0.0,1.1640687062945105
2023-04-24,0.001586170756137499,0.001586170756137499,0.0,0.0,1.1659151180345697
2023-04-25,-0.005595660838337552,-0.005595660838337552,0.0,0.0,1.159391052467758
2023-04-26,0.005279175787459805,0.005279175787459805,0.0,0.0,1.1655116816401432
2023-04-27,-0.00016884961987876344,-0.00016884961987876344,0.0,0.0,1.165314885435734
2023-04-28,0.0027301418007505155,0.0027301418007505155,0.0,0.0,1.168496360315499
2023-05-02,0.0045144657888047494,0.0045144657888047494,0.0,0.0,1.1737714971584863
2023-05-03,-0.0019854342504505777,-0.0019854342504505777,0.0,0.0,1.171441051025825
2023-05-04,0.004621111224574874,0.004621111224574874,0.0,0.0,1.1768544104156482
2023-05-05,0.0006877385435871278,0.0006877385435871278,0.0,0.0,1.1776637785538815
2023-05-08,0.0040794441676907265,0.0040794441676907265,0.0,0.0,1.1824679921868038
2023-05-09,0.003527884297535503,0.003527884297535503,0.0,0.0,1.186639602448778
2023-05-10,0.0012270249393386485,0.0012270249393386485,0.0,0.0,1.1880956388349895
2023-05-11,-0.0033337488075111466,-0.0033337488075111466,0.0,0.0,1.1841348264158142
2023-05-12,-0.001482155697779152,-0.001482155697779152,0.0,0.0,1.1823797542359034
2023-05-15,0.0006368311661121664,0.0006368311661121664,0.0,0.0,1.1831327305135808
2023-05-16,0.008836966830815687,0.008836966830815687,0.0,0.0,1.1935880352095818
2023-05-17,0.008984224461327971,0.008984224461327971,0.0,0.0,1.2043114980322602
2023-05-18,0.003973651172208669,0.003973651172208669,0.0,0.0,1.2090970118281203
2023-05-19,0.005549750144767642,0.005549750144767642,0.0,0.0,1.2158071981445515
2023-05-22,0.00024109590967378778,0.00024109590967378778,0.0,0.0,1.216100324286976
2023-05-23,0.0011175826429757959,0.0011175826429757959,0.0,0.0,1.2174594169015165
2023-05-24,-0.000669259228795441,-0.000669259228795441,0.0,0.0,1.2166446209510713
2023-05-25,-0.0016664587788566007,-0.0016664587788566007,0.0,0.0,1.2146171328417388
2023-05-26,0.0010759135092542936,0.0010759135092542936,0.0,0.0,1.215923955823535
2023-05-29,0.005293082161401836,0.005293082161401836,0.0,0.0,1.2223599412237258
2023-05-30,0.0008738298675437721,0.0008738298675437721,0.0,0.0,1.2234280758492562
2023-05-31,0.0017420846682589344,0.0017420846682589344,0.0,0.0,1.2255593911429108
2023-06-01,-0.003628254398430616,-0.003628254398430616,0.0,0.0,1.2211127498914587
2023-06-02,0.007885734486220203,0.007885734486220203,0.0,0.0,1.230742120814841
2023-06-05,0.005452425199761366,0.005452425199761366,0.0,0.0,1.2374526501687797
2023-06-06,0.00102486689695452,0.00102486689695452,0.0,0.0,1.2387208744264864
2023-06-07,0.004733231247035023,0.004733231247035023,0.0,0.0,1.2445840267756763
2023-06-08,-0.00189341474716047,-0.00189341474716047,0.0,0.0,1.2422275130252989
2023-06-09,0.0069810030831290735,0.0069810030831290735,0.0,0.0,1.2508995071236761
2023-06-12,-0.0022661599652962477,-0.0022661599652962477,0.0,0.0,1.2480647687400237
2023-06-13,0.00773325184145394,0.00773325184145394,0.0,0.0,1.2577163679111363
2023-06-14,0.0006460005381304276,0.0006460005381304276,0.0,0.0,1.2585288533616221
2023-06-15,0.004224517624730368,0.004224517624730368,0.0,0.0,1.26384553068388
2023-06-16,-0.004617136747819171,-0.004617136747819171,0.0,0.0,1.2580101830405925
2023-06-19,0.003368476144464544,0.003368476144464544,0.0,0.0,1.2622477603316582
2023-06-20,-0.002403822880576785,-0.002403822880576785,0.0,0.0,1.259213540284416
2023-06-21,0.004393340867196814,0.004393340867196814,0.0,0.0,1.264745694591475
2023-06-26,-0.004046183777088625,-0.004046183777088625,0.0,0.0,1.2596283010798763
2023-06-27,-0.011615058909671981,-0.011615058909671981,0.0,0.0,1.2449976441585435
2023-06-28,0.0019709460739784235,0.0019709460739784235,0.0,0.0,1.2474514673774104
2023-06-29,-0.0017735117571073156,-0.0017735117571073156,0.0,0.0,1.2452390975335959
2023-06-30,-0.00532614528622149,-0.00532614528622149,0.0,0.0,1.2386067731840487
2023-07-03,0.006351231237687071,0.006351231237687071,0.0,0.0,1.246473451213106
2023-07-04,0.0024588001670615917,0.0024588001670615917,0.0,0.0,1.2495382803431865
2023-07-05,-0.00575055660886494,-0.00575055660886494,0.0,0.0,1.2423527397271292
2023-07-06,-0.013581305715151306,-0.013581305715151306,0.0,0.0,1.2254799673628394
2023-07-07,-0.008303322314375198,-0.008303322314375198,0.0,0.0,1.2153044122040157
2023-07-10,0.0008877688681648716,0.0008877688681648716,0.0,0.0,1.2163833216265139
2023-07-11,0.01592662784916077,0.01592662784916077,0.0,0.0,1.2357562061119853
2023-07-12,0.0060316033091969996,0.0060316033091969996,0.0,0.0,1.243209797334131
2023-07-13,0.0035467644426307103,0.0035467644426307103,0.0,0.0,1.2476191696380459
2023-07-14,0.013931762645570712,0.013931762645570712,0.0,0.0,1.265000703781507
2023-07-17,0.009345884696653591,0.009345884696653591,0.0,0.0,1.2768232545002347
2023-07-18,0.0021911584318080155,0.0021911584318080155,0.0,0.0,1.2796209765402613
2023-07-19,-0.008564397258887751,-0.008564397258887751,0.0,0.0,1.2686617941563645
2023-07-20,0.001173504165933494,0.001173504165933494,0.0,0.0,1.2701505740569676
2023-07-21,-0.0015150534857845445,-0.0015150534857845445,0.0,0.0,1.2682262280022714
2023-07-24,-0.0005817222097639346,-0.0005817222097639346,0.0,0.0,1.2674884726384372
2023-07-25,0.0071859728497842956,0.0071859728497842956,0.0,0.0,1.2765966103902315
2023-07-26,0.003514144046005578,0.003514144046005578,0.0,0.0,1.2810827547677852
2023-07-27,0.0006713277209861239,0.0006713277209861239,0.0,0.0,1.2819427811339381
2023-07-28,0.0018783390562233135,0.0018783390562233135,0.0,0.0,1.2843507043275857
2023-07-31,-0.004073811253144802,-0.004073811253144802,0.0,0.0,1.2791185019753115
2023-08-01,0.0031874096569757693,0.0031874096569757693,0.0,0.0,1.283195576640924
2023-08-02,-0.016974664795816184,-0.016974664795816184,0.0,0.0,1.2614137618599701
2023-08-04,0.0013596646309113167,0.0013596646309113167,0.0,0.0,1.2631288615369158
2023-08-07,0.01196887299609255,0.01196887299609255,0.0,0.0,1.27824709045835
2023-08-08,-0.003240237369816025,-0.003240237369816025,0.0,0.0,1.2741052664679884
2023-08-09,-0.00376165674676089,-0.00376165674676089,0.0,0.0,1.2693125197962956
2023-08-10,-0.009938404229451157,-0.009938404229451157,0.0,0.0,1.2566975788810568
2023-08-11,-0.005550064556745158,-0.005550064556745158,0.0,0.0,1.2497228261899618
2023-08-14,-0.009662166001578583,-0.009662166001578583,0.0,0.0,1.2376477967873525
2023-08-15,-0.00043128217616642006,-0.00043128217616642006,0.0,0.0,1.2371140213522265
2023-08-16,-0.004976784755806188,-0.004976784755806188,0.0,0.0,1.2309571711495666
2023-08-17,-0.0019288663268960744,-0.0019288663268960744,0.0,0.0,1.228582819312285
2023-08-18,-0.0026704192204378813,-0.0026704192204378813,0.0,0.0,1.2253019881376936
2023-08-21,0.0018156582711048555,0.0018156582711048555,0.0,0.0,1.227526717827057
2023-08-22,-0.001012217700049749,-0.001012217700049749,0.0,0.0,1.2262841935559885
2023-08-23,0.0022660682463622787,0.0022660682463622787,0.0,0.0,1.2290630372280216
2023-08-24,0.0028697229193695574,0.0028697229193695574,0.0,0.0,1.2325901075953047
2023-08-25,-0.007891240357484343,-0.007891240357484343,0.0,0.0,1.2228634427940126
2023-08-28,0.0020366507811066616,0.0020366507811066616,0.0,0.0,1.2253539885799658
2023-08-29,0.005573725718927888,0.005573725718927888,0.0,0.0,1.2321837756209049
2023-08-30,0.0029736356153251364,0.0029736356153251364,0.0,0.0,1.235847841180717
2023-08-31,-0.008369145786116583,-0.008369145786116583,0.0,0.0,1.225504850428418
2023-09-01,0.0029895346443647537,0.0029895346443647537,0.0,0.0,1.2291685396356107
2023-09-04,0.003998251423179621,0.003998251423179621,0.0,0.0,1.2340830644985363
2023-09-05,0.00015920096091393964,0.00015920096091393964,0.0,0.0,1.234279531708252
2023-09-06,-0.0018451869091415964,-0.0018451869091415964,0.0,0.0,1.2320020552741224
2023-09-07,-0.001443031510594253,-0.001443031510594253,0.0,0.0,1.230224237487245
2023-09-08,0.0010035653222400188,0.0010035653222400188,0.0,0.0,1.2314588478705664
2023-09-11,-0.0029774629347244165,-0.0029774629347244165,0.0,0.0,1.2277922247953932
2023-09-12,0.006323633260246089,0.006323633260246089,0.0,0.0,1.235556332544781
2023-09-13,0.0016691766219846492,0.0016691766219846492,0.0,0.0,1.2376186942902099
2023-09-14,0.011994738297424038,0.011994738297424038,0.0,0.0,1.2524636066402208
2023-09-15,0.0004401054775139391,0.0004401054775139391,0.0,0.0,1.25301482273389
2023-09-18,-0.004785597908692051,-0.004785597908692051,0.0,0.0,1.2470183976186546
2023-09-19,0.0010178167649101697,0.0010178167649101697,0.0,0.0,1.2482876338499023
2023-09-20,-0.004641861173255685,-0.004641861173255685,0.0,0.0,1.2424932559492792
2023-09-21,-0.012996479245138243,-0.012996479245138243,0.0,0.0,1.22634521813611
2023-09-22,0.004266227006028536,0.004266227006028536,0.0,0.0,1.2315770852244363
2023-09-25,0.0038903419931024742,0.0038903419931024742,0.0,0.0,1.2363683412768276
2023-09-26,-0.008546803170082409,-0.008546803170082409,0.0,0.0,1.2258013444182132
2023-09-27,0.000768703815183285,0.000768703815183285,0.0,0.0,1.2267436225883244
2023-09-28,0.002955036281055646,0.002955036281055646,0.0,0.0,1.2303686945006267
2023-10-02,0.003126947273017768,0.003126947273017768,0.0,0.0,1.2342159925347018
2023-10-03,-0.00542329924202004,-0.00542329924202004,0.0,0.0,1.2275224698778995
2023-10-04,-0.011303854344496435,-0.011303854344496435,0.0,0.0,1.2136467346738031
2023-10-05,0.00839443576907083,0.00839443576907083,0.0,0.0,1.223834614234365
2023-10-06,0.00533777902582503,0.00533777902582503,0.0,0.0,1.230367172969304
2023-10-11,0.01193205942096559,0.01193205942096559,0.0,0.0,1.245047987186779
2023-10-12,0.006057819378507064,0.006057819378507064,0.0,0.0,1.2525902630107302
2023-10-13,-0.006664307844139858,-0.006664307844139858,0.0,0.0,1.2442426158954545
2023-10-16,-0.001321200510059675,-0.001321200510059675,0.0,0.0,1.2425987219166954
2023-10-17,-0.0034531696803419823,-0.0034531696803419823,0.0,0.0,1.238307817685341
2023-10-18,-0.005354240072714475,-0.005354240072714475,0.0,0.0,1.2316776203455346
2023-10-19,-0.0048151873090987885,-0.0048151873090987885,0.0,0.0,1.2257468618991458
2023-10-20,-0.007081286052057723,-0.007081286052057723,0.0,0.0,1.2170669977426258
2023-10-23,-0.006342174450414619,-0.006342174450414619,0.0,0.0,1.2093481465250997
2023-10-24,0.0038270054893721427,0.0038270054893721427,0.0,0.0,1.2139763285204133
2023-10-25,0.00010135553382287378,0.00010135553382287378,0.0,0.0,1.214099371739239
2023-10-26,-0.00856075545041991,-0.00856075545041991,0.0,0.0,1.2037057639252708
2023-10-27,0.005667953668300085,0.005667953668300085,0.0,0.0,1.210528312425465
2023-10-30,-0.004089081150129219,-0.004089081150129219,0.0,0.0,1.2055783639214284
2023-10-31,-0.00253659787557816,-0.00253659787557816,0.0,0.0,1.2025202964046624
2023-11-01,0.004925841652797862,0.004925841652797862,0.0,0.0,1.2084437209690275
2023-11-02,0.012422922589063634,0.012422922589063634,0.0,0.0,1.2234561237678658
2023-11-03,0.006667461809767673,0.006667461809767673,0.0,0.0,1.2316134707490145
2023-11-06,0.008326800962923384,0.008326800962923384,0.0,0.0,1.2418688709831969
2023-11-07,-0.001275347910641029,-0.001275347910641029,0.0,0.0,1.2402850561132983
2023-11-08,0.003997570418575186,0.003997570418575186,0.0,0.0,1.2452431829642179
2023-11-09,-0.0016939038891084536,-0.0016939038891084536,0.0,0.0,1.243133860693709
2023-11-10,-0.002379680689302759,-0.002379680689302759,0.0,0.0,1.2401755990511978
2023-11-13,-0.0007999934794504625,-0.0007999934794504625,0.0,0.0,1.2391834666585833
2023-11-14,0.0028990635551165767,0.0028990635551165767,0.0,0.0,1.242775938284876
2023-11-15,0.009687912645225984,0.009687912645225984,0.0,0.0,1.2548158430125687
2023-11-16,0.0048017260160786255,0.0048017260160786255,0.0,0.0,1.2608411248913498
2023-11-17,0.0003710398162609127,0.0003710398162609127,0.0,0.0,1.2613089471506636
2023-11-20,0.0001281595693048398,0.0001281595693048398,0.0,0.0,1.2614705959620907
2023-11-21,0.011480129249414826,0.011480129249414826,0.0,0.0,1.2759524414480719
2023-11-22,-0.00592830840692591,-0.00592830840692591,0.0,0.0,1.2683882018625976
2023-11-23,0.0004789824740329638,0.0004789824740329638,0.0,0.0,1.26899573758156
2023-11-24,-0.00019461348059906006,-0.00019461348059906006,0.0,0.0,1.2687487739042038
2023-11-27,-0.0022265478424273047,-0.0022265478424273047,0.0,0.0,1.2659238440590852
2023-11-28,0.006317984723127093,0.006317984723127093,0.0,0.0,1.273921931566493
2023-11-29,-0.00047505462940262223,-0.00047505462940262223,0.0,0.0,1.2733167490554047
2023-11-30,0.004017980438341501,0.004017980438341501,0.0,0.0,1.278432910844922
2023-12-01,-0.00529611338487935,-0.00529611338487935,0.0,0.0,1.2716621851941259
2023-12-04,0.004361522200703933,0.004361522200703933,0.0,0.0,1.2772085680466456
2023-12-05,-0.0008734345862244634,-0.0008734345862244634,0.0,0.0,1.2760930099094914
2023-12-06,0.004295834304932208,0.004295834304932208,0.0,0.0,1.2815748940377447
2023-12-07,-0.005729295973120432,-0.005729295973120432,0.0,0.0,1.274232372158082
2023-12-08,0.002875017456679174,0.002875017456679174,0.0,0.0,1.2778958124719022
2023-12-11,0.0009945039691647397,0.0009945039691647397,0.0,0.0,1.2791666849295846
2023-12-12,0.0018275810262188765,0.0018275810262188765,0.0,0.0,1.2815044656923333
2023-12-13,0.0021817767107321414,0.0021817767107321414,0.0,0.0,1.28430042229028
2023-12-14,0.009146519313524757,0.009146519313524757,0.0,0.0,1.296047300907126
2023-12-15,-0.006909472557289386,-0.006909472557289386,0.0,0.0,1.2870922976485593
2023-12-18,0.00066118121169086,0.00066118121169086,0.0,0.0,1.2879432988934765
2023-12-19,-0.005674478392652497,-0.005674478392652497,0.0,0.0,1.2806348924729438
2023-12-20,0.002949351690471038,0.002949351690471038,0.0,0.0,1.284411935157935
2023-12-21,-0.0025783430852754146,-0.0025783430852754146,0.0,0.0,1.2811002805262754
2023-12-22,4.65787161313148e-05,4.65787161313148e-05,0.0,0.0,1.2811599525325776
2023-12-25,0.0033255142232709884,0.0033255142232709884,0.0,0.0,1.28542046817701
2023-12-26,0.007745414639193068,0.007745414639193068,0.0,0.0,1.2953765826887467
2023-12-27,0.006909066301407469,0.006909066301407469,0.0,0.0,1.304326425383834
2023-12-28,0.0023189412952735865,0.0023189412952735865,0.0,0.0,1.3073510817941731
2023-12-29,0.0029898756455883106,0.0029898756455883106,0.0,0.0,1.311259898953863
2024-01-02,-0.0019386186429375925,-0.0019386186429375925,0.0,0.0,1.3087178660680148
2024-01-03,-0.011919298125783549,-0.011919298125783549,0.0,0.0,1.2931188676598109
2024-01-04,0.002113591991349602,0.002113591991349602,0.0,0.0,1.2958519933423596
2024-01-05,0.0009356359476425172,0.0009356359476425172,0.0,0.0,1.297064439050155
2024-01-08,0.0035468172309736615,0.0035468172309736615,0.0,0.0,1.3016648895522611
2024-01-09,-0.006204240519863388,-0.006204240519863388,0.0,0.0,1.2935890475012175
2024-01-10,-0.005836728667823306,-0.005836728667823306,0.0,0.0,1.286038719223285
2024-01-11,0.004299928666504715,0.004299928666504715,0.0,0.0,1.2915685939783081
2024-01-12,-0.0030388660474004103,-0.0030388660474004103,0.0,0.0,1.2876436900301786
2024-01-15,-0.0012408114011523092,-0.0012408114011523092,0.0,0.0,1.2860459670589675
2024-01-16,-0.010350428821739885,-0.010350428821739885,0.0,0.0,1.272734839815438
2024-01-17,-0.01403186074872224,-0.01403186074872224,0.0,0.0,1.2548760017731004
2024-01-18,0.0022491375285594965,0.0022491375285594965,0.0,0.0,1.257698390482377
2024-01-19,0.010106849124902553,0.010106849124902553,0.0,0.0,1.2704097583596152
2024-01-22,0.005938750010133373,0.005938750010133373,0.0,0.0,1.277954404324947
2024-01-23,0.00286092772016872,0.00286092772016872,0.0,0.0,1.2816105395053918
2024-01-24,0.0015261691462201653,0.0015261691462201653,0.0,0.0,1.2835664939682554
2024-01-25,0.0013015861845469317,0.0013015861845469317,0.0,0.0,1.2852371663837519
2024-01-26,0.002195832313194125,0.002195832313194125,0.0,0.0,1.2880593316838154
2024-01-29,0.004452459378093311,0.004452459378093311,0.0,0.0,1.2937943635347116
2024-01-30,-0.0074475481329320066,-0.0074475481329320066,0.0,0.0,1.2841587677381707
2024-01-31,-0.00039378008824531626,-0.00039378008824531626,0.0,0.0,1.2836530915852897
2024-02-01,0.007112686561540396,0.007112686561540396,0.0,0.0,1.2927833136794882
2024-02-02,0.0003715822703796098,0.0003715822703796098,0.0,0.0,1.293263689038294
2024-02-05,-0.004818556943094279,-0.004818556943094279,0.0,0.0,1.287032024310227
2024-02-15,0.001581549503434158,0.001581549503434158,0.0,0.0,1.2890675291691787
2024-02-16,0.0029781329879764607,0.0029781329879764607,0.0,0.0,1.2929065437015268
2024-02-19,0.00795418286583408,0.00795418286583408,0.0,0.0,1.3031905587785622
2024-02-20,0.0028196375174523035,0.0028196375174523035,0.0,0.0,1.3068650837704838
2024-02-21,-0.002040464152585398,-0.002040464152585398,0.0,0.0,1.3041984724147846
2024-02-22,0.0027997796493070526,0.0027997796493070526,0.0,0.0,1.307849940756509
2024-02-23,-0.005588302635975381,-0.005588302635975381,0.0,0.0,1.300541279485119
2024-02-26,-0.0020764655317947038,-0.0020764655317947038,0.0,0.0,1.297840750345592
2024-02-27,-0.0012204626923888694,-0.0012204626923888694,0.0,0.0,1.2962567841291333
2024-02-29,0.007456388522538325,0.007456388522538325,0.0,0.0,1.3059221783365762
2024-03-01,-0.0035486821430313776,-0.0035486821430313776,0.0,0.0,1.3012878756221244
2024-03-04,0.00368936116442719,0.00368936116442719,0.0,0.0,1.3060887965741845
2024-03-05,-6.863405291337658e-05,-6.863405291337658e-05,0.0,0.0,1.305999154406611
2024-03-06,0.0037770520345450833,0.0037770520345450833,0.0,0.0,1.3109319811698765
2024-03-07,-0.0004951844860295114,-0.0004951844860295114,0.0,0.0,1.3102828279905614
2024-03-08,0.000701694568424479,0.000701694568424479,0.0,0.0,1.311202246334062
2024-03-11,0.003739471088579063,0.003739471088579063,0.0,0.0,1.316105449225508
2024-03-12,0.010715826098569466,0.010715826098569466,0.0,0.0,1.330208606346788
2024-03-13,0.0059947446715173216,0.0059947446715173216,0.0,0.0,1.338182867301692
2024-03-14,0.005273711976596439,0.005273711976596439,0.0,0.0,1.345240058315857
2024-03-15,0.003222616643575192,0.003222616643575192,0.0,0.0,1.3495752513173898
2024-03-18,-0.0016646436493145693,-0.0016646436493145693,0.0,0.0,1.3473286894460121
2024-03-19,-0.000270198427070845,-0.000270198427070845,0.0,0.0,1.3469646433533764
2024-03-20,-0.0030072564183566265,-0.0030072564183566265,0.0,0.0,1.3429139752843524
2024-03-21,0.014199618138672406,0.014199618138672406,0.0,0.0,1.3619828409264767
2024-03-22,0.0001442432576715221,0.0001442432576715221,0.0,0.0,1.3621792977683447
2024-03-25,-0.0009893445932208852,-0.0009893445932208852,0.0,0.0,1.3608316330451002
2024-03-26,0.003283591063893354,0.003283591063893354,0.0,0.0,1.3653000476348305
2024-03-27,0.0063825203380225865,0.0063825203380225865,0.0,0.0,1.374014102956363
2024-03-28,0.00039553772940948903,0.00039553772940948903,0.0,0.0,1.374557577374823
2024-03-29,0.0026429719929450253,0.0026429719929450253,0.0,0.0,1.3781904945545151
2024-04-01,-0.0012687895567282872,-0.0012687895567282872,0.0,0.0,1.3764418608478421
2024-04-02,0.00217514694954616,0.00217514694954616,0.0,0.0,1.379435824162693
2024-04-03,-0.011433773594384187,-0.011433773594384187,0.0,0.0,1.3636636672612341
2024-04-08,0.0064777595165514314,0.0064777595165514314,0.0,0.0,1.3724971525592111
2024-04-09,0.0036685323830480242,0.0036685323830480242,0.0,0.0,1.3775322028090158
2024-04-10,-0.000548063278593287,-0.000548063278593287,0.0,0.0,1.3767772279935766
2024-04-11,-0.0016018148992757593,-0.0016018148992757593,0.0,0.0,1.3745718857167928
2024-04-12,-0.005728693859095104,-0.005728693859095104,0.0,0.0,1.3666973841962022
2024-04-15,-0.0028803298083271032,-0.0028803298083271032,0.0,0.0,1.3627608449815392
2024-04-16,-0.023156886164670442,-0.023156886164670442,0.0,0.0,1.3312035472246315
2024-04-17,0.005911748436434778,0.005911748436434778,0.0,0.0,1.3390732877135132
2024-04-18,0.006355444495817787,0.006355444495817787,0.0,0.0,1.3475836936694088
2024-04-19,-0.01469048552146323,-0.01469048552146323,0.0,0.0,1.3277870349285983
2024-04-22,0.011825030015749907,0.011825030015749907,0.0,0.0,1.3434881564711525
2024-04-23,0.005100531845714383,0.005100531845714383,0.0,0.0,1.3503406605975738
2024-04-24,0.004352044348157474,0.004352044348157474,0.0,0.0,1.3562174030376148
2024-04-25,-0.006084559115388857,-0.007028683358087778,0.4969074961573268,0.0009441242426989208,1.3466849803469352
2024-04-26,0.003214497085582569,0.003214497085582569,0.0,0.0,1.351013895291458
2024-04-29,0.01687106832802892,0.01687106832802892,0.0,0.0,1.3738069430310367
2024-04-30,-0.00286363746709959,-0.00286363746709959,0.0,0.0,1.3698728579964115
2024-05-02,0.0016191865915697393,0.0016191865915697393,0.0,0.0,1.3720909377602346
2024-05-03,0.000782692861036859,0.000782692861036859,0.0,0.0,1.373164863541913
2024-05-06,0.015021288141985481,0.015021288141985481,0.0,0.0,1.3937915686236262
2024-05-07,-0.0004008694219272353,-0.0004008694219272353,0.0,0.0,1.393232840203225
2024-05-08,0.0007433814082770748,0.0007433814082770748,0.0,0.0,1.3942685435940332
2024-05-09,-0.007505580043881176,-0.007505580043881176,0.0,0.0,1.3838037494374227
2024-05-10,0.010901113235705407,0.010901113235705407,0.0,0.0,1.3988887508060337
2024-05-13,0.0010435321769846808,0.0010435321769846808,0.0,0.0,1.4003485362295216
2024-05-14,-0.006455479258580649,-0.006455479258580649,0.0,0.0,1.391308615299108
2024-05-15,0.0013693502121582936,0.0013693502121582936,0.0,0.0,1.3932138040466457
2024-05-16,0.008950871914654152,0.008950871914654152,0.0,0.0,1.405684282356395
2024-05-17,0.001116512677226694,0.001116512677226694,0.0,0.0,1.4072537466778245
2024-05-20,0.0079482117009703,0.0079482117009703,0.0,0.0,1.4184388973734037
2024-05-21,-0.004584150119673209,-0.004584150119673209,0.0,0.0,1.4119365605322602
2024-05-22,0.004339673747074713,0.004339673747074713,0.0,0.0,1.418063904556537
2024-05-23,-0.001264866190240771,-0.001264866190240771,0.0,0.0,1.4162702434680627
2024-05-24,-0.004130190979392311,-0.004130190979392311,0.0,0.0,1.4104207768841093
2024-05-27,0.006376066569353433,0.006376066569353433,0.0,0.0,1.4194137136483216
2024-05-28,0.0009127427711273751,0.0009127427711273751,0.0,0.0,1.420709273254693
2024-05-29,-0.011380760594226602,-0.011380760594226602,0.0,0.0,1.4045405211417836
2024-05-30,-0.004957095637930882,-0.004957095637930882,0.0,0.0,1.3975780794511345
2024-05-31,0.005748916333451076,0.005748916333451076,0.0,0.0,1.4056126388993642
2024-06-03,0.004654725911997944,0.004654725911997944,0.0,0.0,1.412155380471881
2024-06-04,-0.0048805454402933695,-0.0048805454402933695,0.0,0.0,1.4052632919687331
2024-06-05,0.0007393491689484889,0.0007393491689484889,0.0,0.0,1.406302272215804
2024-06-06,0.0036031448534426394,0.0036031448534426394,0.0,0.0,1.411369383010323
2024-06-07,0.0039022191637481975,0.0039022191637481975,0.0,0.0,1.4168768556638334
2024-06-11,-0.004060717657449502,-0.004060717657449502,0.0,0.0,1.4111233187976078
2024-06-12,0.0014155727866799364,0.0014155727866799364,0.0,0.0,1.4131208665663473
2024-06-13,0.004395207776840471,0.004395207776840471,0.0,0.0,1.4193318263886954
2024-06-14,0.006065638392313116,0.006065638392313116,0.0,0.0,1.4279409800062708
2024-06-17,0.000548013768415979,0.000548013768415979,0.0,0.0,1.4287235113237995
2024-06-18,0.006328772637349803,0.006328772637349803,0.0,0.0,1.4377655775886038
2024-06-19,0.0007348668800461278,0.0007348668800461278,0.0,0.0,1.4388221438928441
2024-06-20,0.00475602047172615,0.00475602047172615,0.0,0.0,1.4456652114643713
2024-06-21,-0.0017395297307136225,-0.0017395297307136225,0.0,0.0,1.4431504338483705
2024-06-24,-0.0030675972054902863,-0.0030675972054902863,0.0,0.0,1.438723429610395
2024-06-25,0.003973383880901955,0.003973383880901955,0.0,0.0,1.444440030094685
2024-06-26,-0.007004228853522711,-0.007004228853522711,0.0,0.0,1.4343228415587126
2024-06-27,-0.009254718256748628,-0.009254718256748628,0.0,0.0,1.4210485877708676
2024-06-28,0.0030512438274440954,0.0030512438274440954,0.0,0.0,1.4253845535028018
2024-07-01,0.0042981760101437755,0.0042981760101437755,0.0,0.0,1.431511107195897
2024-07-02,0.0012725442083518239,0.0012725442083518239,0.0,0.0,1.4333327683645505
2024-07-03,0.008982349790708147,0.008982349790708147,0.0,0.0,1.446207464656485
2024-07-04,0.002320162938104232,0.002320162938104232,0.0,0.0,1.4495629016167908
2024-07-05,0.0038179478131989417,0.0038179478131989417,0.0,0.0,1.455097257127113
2024-07-08,-0.006130029929490093,-0.006130029929490093,0.0,0.0,1.446177467390605
2024-07-09,-0.007092673122844052,-0.007092673122844052,0.0,0.0,1.435920203336781
2024-07-10,-0.0004964251029336382,-0.0004964251029336382,0.0,0.0,1.435207376502035
2024-07-11,0.003100446840269721,0.003100446840269721,0.0,0.0,1.4396571606776427
2024-07-12,0.0035728888667369623,0.0035728888667369623,0.0,0.0,1.444800895718946
2024-07-15,-0.00089158867628653,-0.00089158867628653,0.0,0.0,1.4435127276008342
2024-07-16,-0.0010899706102537655,-0.0010899706102537655,0.0,0.0,1.441939341152222
2024-07-17,0.002393635970982952,0.002393635970982952,0.0,0.0,1.4453908190271794
2024-07-18,0.0073778584667368585,0.0073778584667368585,0.0,0.0,1.4560547079190826
2024-07-19,-0.010139307669440961,-0.010139307669440961,0.0,0.0,1.4412913212519531
2024-07-22,-0.011443648271550432,-0.011443648271550432,0.0,0.0,1.4247976903147077
2024-07-23,0.012920782463902523,0.012920782463902523,0.0,0.0,1.443207191326335
2024-07-26,-0.011755607274939031,-0.011755607274939031,0.0,0.0,1.4262414143687348
2024-07-29,-0.0009206194632682719,-0.0009206194632682719,0.0,0.0,1.4249283887633477
2024-07-30,-0.0016427115260289,-0.0016427115260289,0.0,0.0,1.4225876424753603
2024-07-31,0.0032645103227076995,0.0032645103227076995,0.0,0.0,1.4272316945191776
2024-08-01,0.006692163599034905,0.006692163599034905,0.0,0.0,1.4367829625126278
2024-08-02,-0.01221726291202911,-0.01221726291202911,0.0,0.0,1.419229407312087
2024-08-05,-0.04931784205946922,-0.04931784205946922,0.0,0.0,1.3492360755561155
2024-08-06,0.009619828825487413,0.009619828825487413,0.0,0.0,1.3622154956481376
2024-08-07,0.012935399608911304,0.012935399608911304,0.0,0.0,1.3798362974377973
2024-08-08,-0.016467371912002163,-0.016467371912002163,0.0,0.0,1.357114019950209
2024-08-09,0.019575624014363257,0.019575624014363257,0.0,0.0,1.3836803737493752
2024-08-12,0.007946944002995256,0.007946944002995256,0.0,0.0,1.3946764041976052
2024-08-13,-0.0010834339832146446,-0.0010834339832146446,0.0,0.0,1.3931653643857098
2024-08-14,0.0047824649869112525,0.0047824649869112525,0.0,0.0,1.399828128961862
2024-08-15,-0.00908031619238459,-0.00908031619238459,0.0,0.0,1.387117246935894
2024-08-16,0.01084727553776698,0.01084727553776698,0.0,0.0,1.4021636899165963
2024-08-19,0.000246726044637045,0.000246726044637045,0.0,0.0,1.402509640217743
2024-08-20,0.003123552744236774,0.003123552744236774,0.0,0.0,1.4068904530532638
2024-08-21,0.000974927917629363,0.000974927917629363,0.0,0.0,1.4082620698329917
2024-08-22,-0.00517495513597021,-0.00517495513597021,0.0,0.0,1.4009743768019174
2024-08-23,0.00028354084712960435,0.00028354084712960435,0.0,0.0,1.4013716102635225
2024-08-26,0.007009348995799742,0.007009348995799742,0.0,0.0,1.4111943129526652
2024-08-27,-0.0006298808980868269,-0.0006298808980868269,0.0,0.0,1.4103054286114476
2024-08-28,-0.0023075823389339077,-0.0023075823389339077,0.0,0.0,1.4070510327118813
2024-08-29,-0.00549458252111244,-0.00549458252111244,0.0,0.0,1.3993198747012294
2024-08-30,0.006355309610104429,0.006355309610104429,0.0,0.0,1.4082129857485282
2024-09-02,0.0005968377795474075,0.0005968377795474075,0.0,0.0,1.409053460460072
2024-09-03,-0.006912059388492698,-0.006912059388492698,0.0,0.0,1.3993139992598107
2024-09-04,-0.02119733676912486,-0.02119733676912486,0.0,0.0,1.3696522691717496
2024-09-05,0.005760519556564797,0.005760519556564797,0.0,0.0,1.377542177854007
2024-09-06,0.008655749255874347,0.008655749255874347,0.0,0.0,1.3894658375349023
2024-09-09,-0.00301895480923567,-0.00301895480923567,0.0,0.0,1.3852711029624076
2024-09-10,-0.001146036850195994,-0.001146036850195994,0.0,0.0,1.383683531230901
2024-09-11,-0.004291665504438094,-0.004291665504438094,0.0,0.0,1.3777452243508583
2024-09-12,0.008777238546144334,0.008777238546144334,0.0,0.0,1.3898380228407972
2024-09-13,0.0027320307461536197,0.0027320307461536197,0.0,0.0,1.3936351030513716
2024-09-16,0.005440309641023761,0.005440309641023761,0.0,0.0,1.4012169095385711
2024-09-18,-0.004676055968829598,-0.004676055968829598,0.0,0.0,1.3946647408450983
2024-09-19,0.005403595671771103,0.005403595671771103,0.0,0.0,1.4022009452023005
2024-09-20,0.004570627596113144,0.004570627596113144,0.0,0.0,1.4086098835377379
2024-09-23,0.004926451997139823,0.004926451997139823,0.0,0.0,1.4155493325116835
2024-09-24,0.0011098178730504205,0.0011098178730504205,0.0,0.0,1.4171203344610894
2024-09-25,0.0019704658431296783,0.0019704658431296783,0.0,0.0,1.4199127216757494
2024-09-26,0.0017712854874042598,0.0017712854874042598,0.0,0.0,1.4224277924730344
2024-09-27,-0.0001890285323178576,-0.0001890285323178576,0.0,0.0,1.4221589130350951
2024-09-30,-0.006743793643069524,-0.006743793643069524,0.0,0.0,1.4125681667979344
2024-10-01,0.0023967371499068225,0.0023967371499068225,0.0,0.0,1.4159537214000746
2024-10-04,-0.010772246632179284,-0.010772246632179284,0.0,0.0,1.400700718693401
2024-10-07,0.005708262809866545,0.005708262809866545,0.0,0.0,1.408696286513672
2024-10-08,-0.009074231554990632,-0.009074231554990632,0.0,0.0,1.3959134502191914
2024-10-09,-0.0024174738807814294,-0.0024174738807814294,0.0,0.0,1.3925388659134552
2024-10-11,-0.0016195601822023668,-0.0016195601822023668,0.0,0.0,1.3902835654140526
2024-10-14,0.0032756207424326994,0.0032756207424326994,0.0,0.0,1.3948376070987862
2024-10-15,0.007349796053352802,0.007349796053352802,0.0,0.0,1.405089379038509
2024-10-16,-0.006940727776523875,-0.006940727776523875,0.0,0.0,1.3953370361569177
2024-10-17,0.00804504789372635,0.00804504789372635,0.0,0.0,1.4065625894406903
2024-10-18,0.008462710226399934,0.008462710226399934,0.0,0.0,1.4184659210504216
2024-10-21,-0.005826723361245613,-0.005826723361245613,0.0,0.0,1.4102009125311064
2024-10-22,0.004220345483172681,0.004220345483172681,0.0,0.0,1.416152447582673
2024-10-23,-0.009022771203058302,-0.009022771203058302,0.0,0.0,1.4033748280594835
2024-10-24,-0.00042126794882877696,-0.00042126794882877696,0.0,0.0,1.402783631224229
2024-10-25,0.0028507375623308883,0.0028507375623308883,0.0,0.0,1.4067825992135827
2024-10-28,-0.002233452774347274,-0.002233452774347274,0.0,0.0,1.4036406167144657
2024-10-29,-0.003827672594135882,-0.003827672594135882,0.0,0.0,1.3982679399938518
2024-10-30,-0.0018274959138272063,-0.0018274959138272063,0.0,0.0,1.3957126110470774
2024-11-01,-0.004640945496001102,-0.004640945496001102,0.0,0.0,1.3892351848911266
2024-11-04,0.006056405735759124,0.006056405735759124,0.0,0.0,1.3976489568332195
2024-11-05,0.0034848807469797464,0.0034848807469797464,0.0,0.0,1.4025195967739241
2024-11-06,-0.0044843696830268,-0.0044843696830268,0.0,0.0,1.3962301804143002
2024-11-07,0.00831375469405495,0.00831375469405495,0.0,0.0,1.407838095630701
2024-11-08,-0.0021832333689470323,-0.0021832333689470323,0.0,0.0,1.4047644565222452
2024-11-11,0.0022483498038765827,0.0022483498038765827,0.0,0.0,1.4079228584125598
2024-11-12,-0.008165742563824423,-0.008165742563824423,0.0,0.0,1.396426122801039
2024-11-13,0.0019196437769119674,0.0019196437769119674,0.0,0.0,1.3991067635175913
2024-11-14,-0.009812237781613694,-0.009812237781613694,0.0,0.0,1.3853783952720928
2024-11-15,0.007523741951236303,0.007523741951236303,0.0,0.0,1.3958016248229381
2024-11-18,-0.003131031602833602,-0.003131031602833602,0.0,0.0,1.3914313258243312
2024-11-19,0.011400161100462798,0.011400161100462798,0.0,0.0,1.4072938670989592
2024-11-20,-0.007612831413884075,-0.007612831413884075,0.0,0.0,1.396580376138942
2024-11-21,-0.0015196898746875544,-0.0015196898746875544,0.0,0.0,1.3944580070821362
2024-11-22,0.00210442893920712,0.00210442893920712,0.0,0.0,1.397392544866749
2024-11-25,0.011965890856630648,0.011965890856630648,0.0,0.0,1.414113591542494
2024-11-26,-0.005806463257750661,-0.005806463257750661,0.0,0.0,1.4059025929309168
2024-11-27,-0.004285258485163443,-0.004285258485163443,0.0,0.0,1.3998779369152463
2024-11-28,-0.0049710905834323025,-0.0049710905834323025,0.0,0.0,1.3929190168850925
2024-11-29,-0.0033220157508745676,-0.0033220157508745676,0.0,0.0,1.3882917179713075
2024-12-02,0.00999612608525938,0.00999612608525938,0.0,0.0,1.4021692570272701
2024-12-03,0.0058238726681453,0.0058238726681453,0.0,0.0,1.4103353122393847
2024-12-04,0.0007485164624811146,0.0007485164624811146,0.0,0.0,1.4113909714382145
2024-12-05,0.0013813127529742697,0.0013813127529742697,0.0,0.0,1.4133405437864948
2024-12-06,0.0016719546109817476,0.0016719546109817476,0.0,0.0,1.4157035850255661
2024-12-09,-0.00012582315611051265,-0.00012582315611051265,0.0,0.0,1.4155254567323812
2024-12-10,-0.005868411938798396,-0.005868411938798396,0.0,0.0,1.4072185702424198
2024-12-11,-0.00475988069466029,-0.00475988069466029,0.0,0.0,1.4005203777367554
2024-12-12,0.002427801541317067,0.002427801541317067,0.0,0.0,1.4039205632684706
2024-12-13,-0.006894132432937048,-0.006894132432937048,0.0,0.0,1.3942417489799743
2024-12-16,-0.005355085429261579,-0.005355085429261579,0.0,0.0,1.3867754653051436
2024-12-17,-0.0007853109761134982,-0.0007853109761134982,0.0,0.0,1.3856864153108346
2024-12-18,0.0017892088474876179,0.0017892088474876179,0.0,0.0,1.3881656977049521
2024-12-19,-0.005463068003190738,-0.005463068003190738,0.0,0.0,1.3805820540986933
2024-12-20,-0.010977054568287088,-0.010977054568287088,0.0,0.0,1.365427329554854
2024-12-23,0.015893756607302623,0.015893756607302623,0.0,0.0,1.3871290991957579
2024-12-24,0.0033482156837682047,0.0033482156837682047,0.0,0.0,1.3917735066010966
2024-12-25,0.0007259665184825546,0.0007259665184825546,0.0,0.0,1.3927838875682
2024-12-26,0.000563079760732959,0.000563079760732959,0.0,0.0,1.3935681359863645
2024-12-27,-0.003625148503128816,-0.003625148503128816,0.0,0.0,1.3885162445441857
2024-12-30,-0.00658483457200951,-0.00658483457200951,0.0,0.0,1.3793730947733143
2024-12-31,-0.0054659253041132476,-0.0054659253041132476,0.0,0.0,1.3718335444707799
2025-01-02,0.0005236632934500459,0.0005236632934500459,0.0,0.0,1.3725519233427426
2025-01-03,-0.0006345883446051473,-0.0006345883446051473,0.0,0.0,1.371680917889824
2025-01-06,0.011481273817832132,0.011481273817832132,0.0,0.0,1.3874295620988122
2025-01-07,-0.002461399251535294,-0.002461399251535294,0.0,0.0,1.3840145440131042
2025-01-08,0.000774283847014031,0.000774283847014031,0.0,0.0,1.3850861641185659
2025-01-09,-0.008119348393108532,-0.008119348393108532,0.0,0.0,1.3738401669976128
2025-01-10,-0.0033566142864195543,-0.0033566142864195543,0.0,0.0,1.3692287154658116
2025-01-13,-0.008185808824490774,-0.008185808824490774,0.0,0.0,1.3580204709640054
2025-01-14,0.010898546884611116,0.010898546884611116,0.0,0.0,1.372820920737068
2025-01-15,-0.0007771258203643414,-0.0007771258203643414,0.0,0.0,1.371754066152827
2025-01-16,0.007045871999050027,0.007045871999050027,0.0,0.0,1.3814192697171161
2025-01-17,-0.0019316777568597172,-0.0019316777568597172,0.0,0.0,1.378750812840906
2025-01-20,-0.0013200614600558695,-0.0013200614600558695,0.0,0.0,1.376930777029854
2025-01-21,0.004215409845047888,0.004215409845047888,0.0,0.0,1.3827351045832952
2025-01-22,0.0017145944050919503,0.0017145944050919503,0.0,0.0,1.385105934457338
2025-02-03,0.0010565305342267288,0.0010565305342267288,0.0,0.0,1.386569341170231
2025-02-04,-0.005230861760390221,-0.005230861760390221,0.0,0.0,1.379316388625374
2025-02-05,0.006989034802951921,0.006989034802951921,0.0,0.0,1.3889564788697588
2025-02-06,0.008695710439367293,0.008695710439367293,0.0,0.0,1.4010344422228933
2025-02-07,-0.0032765709206166666,-0.0032765709206166666,0.0,0.0,1.3964438535107235
2025-02-10,-0.0013537014960718226,-0.0013537014960718226,0.0,0.0,1.3945534853770458
2025-02-11,0.0005675083071932149,0.0005675083071932149,0.0,0.0,1.3953449060648226
2025-02-12,0.0028047792396561793,0.0028047792396561793,0.0,0.0,1.3992585404895133
2025-02-13,0.005485423332120167,0.005485423332120167,0.0,0.0,1.406934065935183
2025-02-14,0.00027333884711522555,0.00027333884711522555,0.0,0.0,1.4073186356707328
2025-02-17,0.0050668204797599415,0.0050668204797599415,0.0,0.0,1.414449266555497
2025-02-18,0.0034973336600436986,0.0034973336600436986,0.0,0.0,1.4193960675858457
2025-02-19,-0.0001680807831143722,-0.0001680807831143722,0.0,0.0,1.4191574943832563
2025-02-20,-0.0014843009114587833,-0.0014843009114587833,0.0,0.0,1.4170510376208396
2025-02-21,0.00698927508765591,0.00698927508765591,0.0,0.0,1.42695519713602
2025-02-24,-0.0015310701972489624,-0.0015310701972489624,0.0,0.0,1.4247704285608755
2025-02-25,-0.00266121607885975,-0.00266121607885975,0.0,0.0,1.4209788065877056
2025-02-26,0.005441679859642762,0.005441679859642762,0.0,0.0,1.4287113183404931
2025-02-27,-0.004214055634824565,-0.004214055634824565,0.0,0.0,1.4226906493589027
2025-03-03,0.004307182782253411,0.004307182782253411,0.0,0.0,1.4288184380282942
2025-03-04,-0.0060461444741901176,-0.0060461444741901176,0.0,0.0,1.4201795953245884
2025-03-05,0.001756642156575066,0.001756642156575066,0.0,0.0,1.4226743426716433
2025-03-06,-0.0012722041938613904,-0.0012722041938613904,0.0,0.0,1.4208644104063974
2025-03-07,-0.00403138095748725,-0.00403138095748725,0.0,0.0,1.4151363646791137
2025-03-10,-0.0012076558272339389,-0.0012076558272339389,0.0,0.0,1.4134273670019784
2025-03-11,-0.005905096681983155,-0.005905096681983155,0.0,0.0,1.4050809417468708
2025-03-12,0.0007422907256861424,0.0007422907256861424,0.0,0.0,1.4061239202987679
2025-03-13,-0.0018747873692499632,-0.0018747873692499632,0.0,0.0,1.4034877369333916
2025-03-14,0.0031673459810386013,0.0031673459810386013,0.0,0.0,1.4079330681764046
2025-03-17,0.0023765086974344863,0.0023765086974344863,0.0,0.0,1.4112790333583316
2025-03-18,0.005660604690833129,0.005660604690833129,0.0,0.0,1.4192677260746343
2025-03-19,-0.006531580430924933,-0.006531580430924933,0.0,0.0,1.4099976647687618
2025-03-20,0.00805547262878174,0.00805547262878174,0.0,0.0,1.4213558623639528
2025-03-21,-0.002086162632430663,-0.002086162632430663,0.0,0.0,1.418390682876503
2025-03-24,0.0008178419963031964,0.0008178419963031964,0.0,0.0,1.4195507023441245
2025-03-25,-0.003135375650845015,-0.003135375650845015,0.0,0.0,1.4150998776368549
2025-03-26,0.003943352654444024,0.003943352654444024,0.0,0.0,1.4206801154956377
2025-03-27,0.0005106972201653589,0.0005106972201653589,0.0,0.0,1.4214056528813654
2025-03-28,-0.009778326047084392,-0.009778326047084392,0.0,0.0,1.4075066849623226
2025-03-31,-0.022507930271289035,-0.022507930271289035,0.0,0.0,1.3758266226408173
2025-04-01,0.011136525630366503,0.011136525630366503,0.0,0.0,1.3911485510867976
2025-04-02,0.0032147532621110758,0.0032147532621110758,0.0,0.0,1.395620750429485
2025-04-07,-0.08656047280776995,-0.08656047280776995,0.0,0.0,1.2748151584119742
2025-04-08,-0.0032789395532005373,-0.0032789395532005373,0.0,0.0,1.2706351165660374
2025-04-09,-0.05062886695731039,-0.05062886695731039,0.0,0.0,1.2063043002981289
2025-04-10,0.07264181090236402,0.07264181090236402,0.0,0.0,1.293932429171094
2025-04-11,0.0054673103282768375,0.0054673103282768375,0.0,0.0,1.3010067593051935
2025-04-14,0.0025415642558745564,0.0025415642558745564,0.0,0.0,1.3043133515812948
2025-04-15,0.01330816525910321,0.01330816525910321,0.0,0.0,1.3216713692137934
2025-04-16,-0.006492195874927594,-0.006492195874927594,0.0,0.0,1.3130908198025737
2025-04-17,-0.006767943781325475,-0.006767943781325475,0.0,0.0,1.3042038949543753
2025-04-18,-0.00026563974834582197,-0.00026563974834582197,0.0,0.0,1.303857446559928
2025-04-21,-0.005056459729569389,-0.005056459729569389,0.0,0.0,1.2972645438882986
2025-04-22,-0.007941427430207182,-0.007941427430207182,0.0,0.0,1.2869624116552287
2025-04-23,0.016394453292155407,0.016394453292155407,0.0,0.0,1.30806145680187
2025-04-24,-0.003704302056285418,-0.003704302056285418,0.0,0.0,1.303216002057691
2025-04-25,0.0019284282248015823,0.0019284282248015823,0.0,0.0,1.3057291605790722
2025-04-28,0.004119912920459027,0.004119912920459027,0.0,0.0,1.311108651018362
2025-04-29,0.009750677301684602,0.009750677301684602,0.0,0.0,1.3238928483818893
2025-04-30,0.003282264308335822,0.003282264308335822,0.0,0.0,1.3282382146261942
2025-05-02,0.004250891869483702,0.004250891869483702,0.0,0.0,1.3338844116534863
2025-05-05,-0.007319968123589074,-0.007319968123589074,0.0,0.0,1.3241204202796304
2025-05-06,0.012029729378429298,0.012029729378429298,0.0,0.0,1.3400492306000464
2025-05-07,0.0013797174141010117,0.0013797174141010117,0.0,0.0,1.341898119859258
2025-05-08,-0.00015803836615020748,-0.00015803836615020748,0.0,0.0,1.3416860484728554
2025-05-09,0.010618455012965364,0.010618455012965364,0.0,0.0,1.3559326814200876
2025-05-12,0.007133923191286451,0.007133923191286451,0.0,0.0,1.3656058010218934
2025-05-13,-0.0006979596280247764,-0.0012991311716794153,0.31640607560770473,0.000601171543654639,1.3638316999575597
2025-05-14,0.006412077869697374,0.006412077869697374,0.0,0.0,1.3725766950188494
2025-05-15,0.00648133338479547,0.00648133338479547,0.0,0.0,1.3814728221754673
2025-05-16,0.003093316746778273,0.003093316746778273,0.0,0.0,1.3857461551915218
2025-05-19,-0.005387514738643243,-0.005387514738643243,0.0,0.0,1.378280427356409
2025-05-20,0.0028203123542931514,0.0028203123542931514,0.0,0.0,1.3821676086733627
2025-05-21,0.007023303492955874,0.007023303492955874,0.0,0.0,1.3918749912672088
2025-05-22,-0.0073122120702312325,-0.0073122120702312325,0.0,0.0,1.3816973061558118
2025-05-23,0.004290777134962173,0.004290777134962173,0.0,0.0,1.3876258613645038
2025-05-26,-0.0006716557747342439,-0.0006716557747342439,0.0,0.0,1.3866938544415477
2025-05-27,-0.008457417209672014,-0.008457417209672014,0.0,0.0,1.3749660059724473
2025-05-28,-0.0020227229567784705,-0.0020227229567784705,0.0,0.0,1.3721848306673767
2025-05-29,-0.006911552480901978,-0.006911552480901978,0.0,0.0,1.3627009031967214
2025-06-02,-0.008203278915140316,-0.008203278915140316,0.0,0.0,1.3515222876098851
2025-06-03,0.0005822385255452427,0.0005822385255452427,0.0,0.0,1.3523091959538645
2025-06-04,0.004489263694916383,0.004489263694916383,0.0,0.0,1.3583800685315617
2025-06-05,0.005463572786417773,0.005463572786417773,0.0,0.0,1.3658016769076031
2025-06-06,0.004819101484312848,0.004819101484312848,0.0,0.0,1.3723836137960654
2025-06-09,0.007759028157420133,0.007759028157420133,0.0,0.0,1.383031976898291
2025-06-10,0.005502269566029328,0.005502269566029328,0.0,0.0,1.390641791653624
2025-06-11,0.002239017363588664,0.002239017363588664,0.0,0.0,1.3937554627716686
2025-06-12,0.0035161861662039093,0.0035161861662039093,0.0,0.0,1.3986561664489374
2025-06-13,9.39221276969166e-05,9.39221276969166e-05,0.0,0.0,1.3987875312120068
2025-06-16,0.0036800587767786145,0.0036800587767786145,0.0,0.0,1.4039351515430922
2025-06-17,-0.0009225771295454453,-0.0009225771295454453,0.0,0.0,1.4026399130809137
2025-06-18,0.005599277579502145,0.005599277579502145,0.0,0.0,1.4104936832983426
2025-06-19,-0.01021599159578028,-0.01021599159578028,0.0,0.0,1.3960840916838655
2025-06-20,-0.007930822104449068,-0.007930822104449068,0.0,0.0,1.3850119971098693
2025-06-23,-0.009454919719459496,-0.009454919719459496,0.0,0.0,1.3719168198667073
2025-06-24,0.0014010510226472985,0.0014010510226472985,0.0,0.0,1.3738389453301685
2025-06-25,0.007031458245277541,0.007031458245277541,0.0,0.0,1.3834990365099937
2025-06-26,-0.0009815986337131045,-0.0009815986337131045,0.0,0.0,1.3821409957460122
2025-06-27,0.006523156461429597,0.006523156461429597,0.0,0.0,1.3911569177130196
2025-06-30,-0.004245128194494041,-0.004245128194494041,0.0,0.0,1.3852512782586706
2025-07-01,0.0022274768135292305,0.0022274768135292305,0.0,0.0,1.3883368933619036
2025-07-02,7.825363107799707e-05,7.825363107799707e-05,0.0,0.0,1.3884455357649685
2025-07-03,0.0044361495792599875,0.0044361495792599875,0.0,0.0,1.3946048878442776
2025-07-04,-0.003806222170333131,-0.003806222170333131,0.0,0.0,1.3892967118013098
2025-07-07,-0.0037592150154728355,-0.0037592150154728355,0.0,0.0,1.3840740467413593
2025-07-08,-0.0003126139025299,-0.0003126139025299,0.0,0.0,1.383641365952217
2025-07-09,-0.008293771831267133,-0.008293771831267133,0.0,0.0,1.3721657601667065
2025-07-10,0.0069938160103500575,0.0069938160103500575,0.0,0.0,1.3817624350290145
2025-07-11,0.01020828060070989,0.01020828060070989,0.0,0.0,1.395867853689311
2025-07-14,0.0034383186104605555,0.0034383186104605555,0.0,0.0,1.4006672921083945
2025-07-15,-0.002119397872739055,-0.002119397872739055,0.0,0.0,1.3976987208290848
2025-07-16,0.001398294747165717,0.001398294747165717,0.0,0.0,1.3996531156085403
2025-07-17,0.0024436129359163977,0.0024436129359163977,0.0,0.0,1.4030733260676371
2025-07-18,-0.003234258254080074,-0.003234258254080074,0.0,0.0,1.3985354245817232
2025-07-21,-0.0019705727416573027,-0.0019705727416573027,0.0,0.0,1.3957795087958003
2025-07-22,-0.007379614780428305,-0.007379614780428305,0.0,0.0,1.385479193702472
2025-07-23,0.00810672095514612,0.00810672095514612,0.0,0.0,1.396710886914979
2025-07-24,-0.003449574059156594,-0.003449574059156594,0.0,0.0,1.3918928292713355
2025-07-25,-0.0016012637676977625,-0.0016012637676977625,0.0,0.0,1.389664041715305
2025-07-28,-0.0019777295287216057,-0.0019777295287216057,0.0,0.0,1.386915662105002
2025-07-29,-0.005367101272948296,-0.005367101272948296,0.0,0.0,1.3794719452894464
2025-07-30,0.006558342897108717,0.006558342897108717,0.0,0.0,1.3885189953235964
2025-07-31,-0.009867593318220179,-0.009867593318220179,0.0,0.0,1.3748176545631194
2025-08-01,0.004591512301494308,0.004591512301494308,0.0,0.0,1.3811301467363577
2025-08-04,0.008059006763301938,0.008059006763301938,0.0,0.0,1.3922606839299063
2025-08-05,0.007750968281653139,0.007750968281653139,0.0,0.0,1.4030520523308398
2025-08-06,0.0033782801702921684,0.0033782801702921684,0.0,0.0,1.407791955257117
2025-08-07,-0.009502791777012866,-0.009502791777012866,0.0,0.0,1.3944140014409547
2025-08-08,0.0006663522787201527,0.0006663522787201527,0.0,0.0,1.3953431723882943
2025-08-11,0.0014800781346773456,0.0014800781346773456,0.0,0.0,1.3974083893081175
2025-08-12,-0.0034597896632071593,-0.0034597896632071593,0.0,0.0,1.3925736502075103
2025-08-13,0.003760440982881905,0.003760440982881905,0.0,0.0,1.3978103412334322
2025-08-14,0.0037242340025915284,0.0037242340025915284,0.0,0.0,1.4030161140354278
2025-08-15,-0.0012170920630840297,-0.0012170920630840297,0.0,0.0,1.4013085142586563
2025-08-18,0.004986802950226309,0.004986802950226309,0.0,0.0,1.4082965636917386
2025-08-19,-0.0025491907205165408,-0.0025491907205165408,0.0,0.0,1.4047065471598403
2025-08-20,-0.00641321074707416,-0.00641321074707416,0.0,0.0,1.3956978680351095
2025-08-21,0.0017269521265663647,0.0017269521265663647,0.0,0.0,1.398108171436357
2025-08-22,-0.005421723046011635,-0.005421723046011635,0.0,0.0,1.3905280161424634
2025-08-25,0.004255104080774991,0.004255104080774991,0.0,0.0,1.3964448575783832
2025-08-26,-0.006211706325315214,-0.006211706325315214,0.0,0.0,1.3877705522236097
2025-08-27,0.0006961410455912209,0.0006961410455912209,0.0,0.0,1.3887366362668754
2025-08-28,0.00561411171618474,0.00561411171618474,0.0,0.0,1.3965331588872363
2025-08-29,-0.002293784414852099,-0.002293784414852099,0.0,0.0,1.3933298128925566
2025-09-01,-0.002492153380016051,-0.002492153380016051,0.0,0.0,1.3898574212898793
2025-09-02,0.0037109819151970188,0.0037109819151970188,0.0,0.0,1.3950151570449885
2025-09-03,0.0019099696124253488,0.0019099696124253488,0.0,0.0,1.3976795936038173
2025-09-04,0.005734550946063519,0.005734550946063519,0.0,0.0,1.405694658439612
2025-09-05,-0.0008242260882503534,-0.0008242260882503534,0.0,0.0,1.4045360482300118
2025-09-08,0.0018026869765944114,0.0018026869765944114,0.0,0.0,1.4070679870723133
2025-09-09,0.005629217944833814,0.005629217944833814,0.0,0.0,1.414988679434742
2025-09-10,0.002981921792765141,0.002981921792765141,0.0,0.0,1.4192080650144643
2025-09-11,-0.007554200506277845,-0.007554200506277845,0.0,0.0,1.4084870827312184
2025-09-12,0.009664007804760393,0.009664007804760393,0.0,0.0,1.422098712891637
2025-09-15,-0.003535613081595267,-0.003535613081595267,0.0,0.0,1.4170707220790175
2025-09-16,-0.0007709094109806768,-0.0007709094109806768,0.0,0.0,1.4159782889233417
2025-09-17,-0.004387905119679805,-0.004387905119679805,0.0,0.0,1.4097651105400195
2025-09-18,0.005814662905856998,0.005814662905856998,0.0,0.0,1.4179624194342482
2025-09-19,-0.0009114675643507853,-0.0009114675643507853,0.0,0.0,1.4166699926814654
2025-09-22,0.003347599648510286,0.003347599648510286,0.0,0.0,1.421412436651021
2025-09-23,0.002047929761900096,0.002047929761900096,0.0,0.0,1.4243233894839735
2025-09-24,0.0043413196173731836,0.0043413196173731836,0.0,0.0,1.4305068325562238
2025-09-25,-0.001604856091455597,-0.001604856091455597,0.0,0.0,1.428211074952127
2025-09-26,-0.003989448706938131,-0.003989448706938131,0.0,0.0,1.4225133001259245
2025-09-30,0.008905452475820018,0.008905452475820018,0.0,0.0,1.4351814247164179
2025-10-01,-0.0007021073171329748,-0.0007021073171329748,0.0,0.0,1.4341737733367113
2025-10-02,-0.0015651075496214235,-0.0015651075496214235,0.0,0.0,1.4319291371365928
2025-10-03,-0.0028138046841191585,-0.0028138046841191585,0.0,0.0,1.427899968223191
2025-10-07,0.005380043683160254,0.005380043683160254,0.0,0.0,1.435582132427415
2025-10-08,0.0029775195926318022,0.0029775195926318022,0.0,0.0,1.4398566063535498
2025-10-09,-0.0017944194258182956,-0.0017944194258182956,0.0,0.0,1.4372728996887163
2025-10-13,-0.0082593594482262,-0.0082593594482262,0.0,0.0,1.425401946184993
2025-10-14,-0.0018325663462173368,-0.0018325663462173368,0.0,0.0,1.4227898025485817
2025-10-15,-0.0009721740289864711,-0.0009721740289864711,0.0,0.0,1.4214066032538373
2025-10-16,0.003903265822788463,0.003903265822788463,0.0,0.0,1.4269547310686037
2025-10-17,0.0006566882331557393,0.0006566882331557393,0.0,0.0,1.4278917954497425
2025-10-20,0.005856723264616956,0.005856723264616956,0.0,0.0,1.4362545625475087
2025-10-21,0.0027082781793539078,0.0027082781793539078,0.0,0.0,1.4401443394392537
2025-10-22,0.005954312157078682,0.005954312157078682,0.0,0.0,1.4487194083875248
2025-10-23,-0.0008120480736024804,-0.0008120480736024804,0.0,0.0,1.4475429785827532
2025-10-27,-0.005854334721739619,-0.005854334721739619,0.0,0.0,1.4390685774620258
2025-10-28,-0.00545567309860139,-0.00545567309860139,0.0,0.0,1.4312174897369236
2025-10-29,0.0024949889325114353,0.0024949889325114353,0.0,0.0,1.4347883615338342
2025-10-30,-0.004598414999115745,-0.004598414999115745,0.0,0.0,1.4281906092116003
2025-10-31,-0.00670228451822647,-0.00670228451822647,0.0,0.0,1.4186184694024049
2025-11-03,0.004719227741706022,0.004719227741706022,0.0,0.0,1.4253132530381054
2025-11-04,-0.0037656590126237273,-0.0037656590126237273,0.0,0.0,1.4199460093409904
2025-11-05,0.0032594944845286975,0.0032594944845286975,0.0,0.0,1.424574315526766
2025-11-06,0.0007908129952087112,0.0007908129952087112,0.0,0.0,1.4257008874081252
2025-11-07,-0.0029248823183721734,-0.0029248823183721734,0.0,0.0,1.4215308800912576
2025-11-10,-0.002247854312930978,-0.002247854312930978,0.0,0.0,1.41833548577148
2025-11-11,0.0001469347459517041,0.0001469347459517041,0.0,0.0,1.4185438885357562
2025-11-12,0.005899686493785326,0.005899686493785326,0.0,0.0,1.4269128527557922
2025-11-13,-0.006467815521003757,-0.006467815521003757,0.0,0.0,1.4176838436596186
2025-11-14,-0.006611238803069927,-0.006611238803069927,0.0,0.0,1.4083111972219309
2025-11-17,-0.003946527300438615,-0.003946527300438615,0.0,0.0,1.402753258634581
2025-11-18,-0.01091333518787021,-0.01091333518787021,0.0,0.0,1.3874445421372246
2025-11-19,-0.0023459699807134434,-0.0023459699807134434,0.0,0.0,1.3841896388914658
2025-11-20,0.016689288672890278,0.016689288672890278,0.0,0.0,1.4072907793529492
2025-11-21,-0.010492196413295728,-0.010492196413295728,0.0,0.0,1.392525208085358
2025-11-24,0.007798669781571805,0.007798669781571805,0.0,0.0,1.4033850523457303
2025-11-25,-0.008427543106429956,-0.008427543106429956,0.0,0.0,1.3915579643221672
2025-11-26,0.009392161082987219,0.009392161082987219,0.0,0.0,1.4046277008793948
2025-11-27,0.00405644466916631,0.00405644466916631,0.0,0.0,1.4103254954287903
2025-11-28,-0.0058859578927942195,-0.0058859578927942195,0.0,0.0,1.4020243789475622
2025-12-01,-0.002562977324817069,-0.002562977324817069,0.0,0.0,1.3984310222554788
2025-12-02,0.005683903759841377,0.005683903759841377,0.0,0.0,1.4063795696007555
2025-12-03,-0.0015090430847245,-0.0015090430847245,0.0,0.0,1.4042572822367516
2025-12-04,0.005577437546262572,0.005577437546262572,0.0,0.0,1.4120894395273114
2025-12-05,0.0015590458194371273,0.0015590458194371273,0.0,0.0,1.4142909516646778
2025-12-08,-0.0031965194511748515,-0.0031965194511748515,0.0,0.0,1.4097701431280611
2025-12-09,-0.00017904083273398267,-0.00017904083273398267,0.0,0.0,1.4095177367076719
2025-12-10,-0.0034038905803344213,-0.0034038905803344213,0.0,0.0,1.4047198925608784
2025-12-11,0.0009844348808792248,0.0009844348808792248,0.0,0.0,1.4061027478209802
2025-12-12,0.0034327842881353853,0.0034327842881353853,0.0,0.0,1.4109295952412042
2025-12-15,0.0010103649138142768,0.0010103649138142768,0.0,0.0,1.412355149000098
2025-12-16,0.0006009576301569993,0.0006009576301569993,0.0,0.0,1.4132039146033812
2025-12-17,0.006667982991891562,0.006667982991891562,0.0,0.0,1.4226271342700312
2025-12-18,-0.00042537253857714326,-0.00042537253857714326,0.0,0.0,1.422021987754478
2025-12-19,0.012642109512075932,0.012642109512075932,0.0,0.0,1.43999934545225
2025-12-22,0.0021986737839108286,0.0021986737839108286,0.0,0.0,1.4431654342619444
2025-12-23,-0.0032864163323951066,-0.0032864163323951066,0.0,0.0,1.438422591808438
2025-12-24,0.002229466695584586,0.002229466695584586,0.0,0.0,1.4416295070710514
2025-12-26,0.005056719553437263,0.005056719553437263,0.0,0.0,1.4489194231882696
2025-12-29,-0.0007689910690641923,-0.0007689910690641923,0.0,0.0,1.4478052170920443
2025-12-30,-1.5859680618607384e-05,-1.5859680618607384e-05,0.0,0.0,1.4477822553637034
2025-12-31,-0.006027666422349346,-0.006027666422349346,0.0,0.0,1.4390555068761746
2026-01-02,0.005178136799724557,0.005178136799724557,0.0,0.0,1.4465071331531765
2026-01-05,0.0038287684101485074,0.0038287684101485074,0.0,0.0,1.452045473969648
2026-01-06,0.008256630839270846,0.008256630839270846,0.0,0.0,1.4640344774100496
2026-01-07,0.005413543396522584,0.005413543396522584,0.0,0.0,1.4719600915875142
2026-01-08,-0.0019324455148827815,-0.0019324455148827815,0.0,0.0,1.4691156089104394
2026-01-09,0.0002886836151671907,0.0002886836151671907,0.0,0.0,1.4695397185155181
2026-01-12,0.002098629502948533,0.002098629502948533,0.0,0.0,1.4726237379245495
2026-01-13,-0.0007840555506808943,-0.0007840555506808943,0.0,0.0,1.4714691191087654
2026-01-14,0.006021094047044823,0.006021094047044823,0.0,0.0,1.4803289730622415
2026-01-15,0.008267420600235912,0.008267420600235912,0.0,0.0,1.4925674753092626
2026-01-16,0.002808853403002159,0.002808853403002159,0.0,0.0,1.4967598785414955
2026-01-19,0.006414455221667449,0.006414455221667449,0.0,0.0,1.5063607777599883
2026-01-20,-0.007250860366144433,-0.007250860366144433,0.0,0.0,1.495438366099414
2026-01-21,-0.0056853279176205355,-0.0056853279176205355,0.0,0.0,1.486936308607548
2026-01-22,0.0028965698847043097,0.0028965698847043097,0.0,0.0,1.491243323539534
2026-01-23,-3.728914781604296e-05,-3.728914781604296e-05,0.0,0.0,1.4911877163468128
2026-01-26,0.0051778612117380236,0.0051778612117380236,0.0,0.0,1.4989088793827052
2026-01-27,-0.0041291042526648905,-0.0041291042526648905,0.0,0.0,1.4927197283544889
2026-01-28,-0.0010844914873869532,-0.0010844914873869532,0.0,0.0,1.4911008865160338
2026-01-29,-0.0017819177973339327,-0.0017819177973339327,0.0,0.0,1.4884438673087304
2026-01-30,-0.007937136152414356,-0.007937136152414356,0.0,0.0,1.4766298856786748
2026-02-02,-0.008109378004805436,-0.008109378004805436,0.0,0.0,1.4646553357625138
2026-02-03,0.005235524094536523,0.005235524094536523,0.0,0.0,1.47232357406309
2026-02-04,0.008807989930245126,0.008807989930245126,0.0,0.0,1.4852917852775003
2026-02-05,0.000540500949876679,0.000540500949876679,0.0,0.0,1.4860945868982869
2026-02-06,0.0019139691316748773,0.0019139691316748773,0.0,0.0,1.4889389260643595
2026-02-09,0.002262805995426835,0.002262805995426835,0.0,0.0,1.4923081059930823
2026-02-10,0.004678411559032183,0.004678411559032183,0.0,0.0,1.4992897374857976
2026-02-11,0.00817738696939792,0.00817738696939792,0.0,0.0,1.511550009848466
2026-02-23,0.023773160238200287,0.023773160238200287,0.0,0.0,1.547484330440647
2026-02-24,0.007532799641486486,0.007532799641486486,0.0,0.0,1.5591412198501962
2026-02-25,0.0014126299018775365,0.0014126299018775365,0.0,0.0,1.5613437093586062
2026-02-26,0.00032744866896999673,0.00032744866896999673,0.0,0.0,1.5618549692780404
2026-03-02,-0.006705519211895316,-0.006705519211895316,0.0,0.0,1.5513819207753523
2026-03-03,-0.005463888094610721,-0.005463888094610721,0.0,0.0,1.5429053435682336
2026-03-04,-0.034696700481359935,-0.034696700481359935,0.0,0.0,1.4893716189913568
2026-03-05,0.0118275743186635,0.0118275743186635,0.0,0.0,1.5069872725030853
2026-03-06,0.005590542631010538,0.005590542631010538,0.0,0.0,1.5154121490944041
2026-03-09,-0.018920721713945834,-0.018920721713945834,0.0,0.0,1.4867394575394564
2026-03-10,-0.002075035046215122,-0.002075035046215122,0.0,0.0,1.4836544210604712
2026-03-11,0.011008275869323951,0.011008275869323951,0.0,0.0,1.499986898222247
2026-03-12,0.0022470027914633164,0.0022470027914633164,0.0,0.0,1.503357372969711
2026-03-13,-0.0018857734132223013,-0.0018857734132223013,0.0,0.0,1.500522381605193
2026-03-16,0.008978870967457019,0.008978870967457019,0.0,0.0,1.5139953784534073
2026-03-17,0.005857359995661372,0.005857359995661372,0.0,0.0,1.5228633944167762
2026-03-18,0.0018712903756604984,0.0018712903756604984,0.0,0.0,1.525713114030194
2026-03-19,-0.013105134480060723,-0.013105134480060723,0.0,0.0,1.5057184384928362
2026-03-20,-0.000614944166400765,-0.000614944166400765,0.0,0.0,1.504792505722843
2026-03-23,-0.01677191003565133,-0.01677191003565133,0.0,0.0,1.4795542611945371
2026-03-24,0.007448630327204305,0.007448630327204305,0.0,0.0,1.4905749139352151
2026-03-25,0.010613479549963618,0.010613479549963618,0.0,0.0,1.5063951003019556
2026-03-26,-0.0004951157493328165,-0.0004951157493328165,0.0,0.0,1.5056492603630782
2026-03-27,-0.0012473099696547895,-0.0012473099696547895,0.0,0.0,1.5037712490298238
2026-03-30,-0.013014890000580152,-0.013014890000580152,0.0,0.0,1.4841998316376657
2026-03-31,-0.008201212124268456,-0.008201212124268456,0.0,0.0,1.4720275939836016
2026-04-01,0.02209533309529936,0.02209533309529936,0.0,0.0,1.5045525339981414
2026-04-02,-0.004654287873617653,-0.004654287873617653,0.0,0.0,1.4975499133839332
2026-04-07,0.006090286136128378,0.006090286136128378,0.0,0.0,1.5066704208595754
2026-04-08,0.011996060957837174,0.011996060957837174,0.0,0.0,1.524744531071577
2026-04-09,0.008690609792141566,0.008690609792141566,0.0,0.0,1.537995490823822
2026-04-10,-0.0061443164821818105,-0.0061443164821818105,0.0,0.0,1.528545559780032
2026-04-13,-0.003711132426053275,-0.003711132426053275,0.0,0.0,1.5228729247884325
2026-04-14,0.009445968093363526,0.009445968093363526,0.0,0.0,1.5372579338462313
2026-04-15,0.007967770631580325,0.007967770631580325,0.0,0.0,1.5495064524646953
2026-04-16,0.006971712876984424,0.006971712876984424,0.0,0.0,1.5603091665523139
2026-04-17,0.00565571317870036,0.00565571317870036,0.0,0.0,1.5691338276684306
