date,gross_ret,net_ret,turnover,total_cost,equity
2015-01-05,0.0,0.0,0.0,0.0,1.0
2015-01-06,0.0,0.0,0.0,0.0,1.0
2015-01-07,0.0,0.0,0.0,0.0,1.0
2015-01-08,0.0,0.0,0.0,0.0,1.0
2015-01-09,0.0,0.0,0.0,0.0,1.0
2015-01-12,0.0,0.0,0.0,0.0,1.0
2015-01-13,0.0,0.0,0.0,0.0,1.0
2015-01-14,0.0,0.0,0.0,0.0,1.0
2015-01-15,0.0,0.0,0.0,0.0,1.0
2015-01-16,0.0,0.0,0.0,0.0,1.0
2015-01-19,0.0,0.0,0.0,0.0,1.0
2015-01-20,0.0,0.0,0.0,0.0,1.0
2015-01-21,0.0,0.0,0.0,0.0,1.0
2015-01-22,0.0,0.0,0.0,0.0,1.0
2015-01-23,0.0,0.0,0.0,0.0,1.0
2015-01-26,0.0,0.0,0.0,0.0,1.0
2015-01-27,0.0,0.0,0.0,0.0,1.0
2015-01-28,0.0,0.0,0.0,0.0,1.0
2015-01-29,0.0,0.0,0.0,0.0,1.0
2015-01-30,0.0,0.0,0.0,0.0,1.0
2015-02-02,0.0,0.0,0.0,0.0,1.0
2015-02-03,0.0,0.0,0.0,0.0,1.0
2015-02-04,0.0,0.0,0.0,0.0,1.0
2015-02-05,0.0,0.0,0.0,0.0,1.0
2015-02-06,0.0,0.0,0.0,0.0,1.0
2015-02-09,0.0,0.0,0.0,0.0,1.0
2015-02-10,0.0,0.0,0.0,0.0,1.0
2015-02-11,0.0,0.0,0.0,0.0,1.0
2015-02-12,0.0,0.0,0.0,0.0,1.0
2015-02-13,0.0,0.0,0.0,0.0,1.0
2015-02-24,0.0,0.0,0.0,0.0,1.0
2015-02-25,0.0,0.0,0.0,0.0,1.0
2015-02-26,0.0,0.0,0.0,0.0,1.0
2015-03-02,0.0,0.0,0.0,0.0,1.0
2015-03-03,0.0,0.0,0.0,0.0,1.0
2015-03-04,0.0,0.0,0.0,0.0,1.0
2015-03-05,0.0,0.0,0.0,0.0,1.0
2015-03-06,0.0,0.0,0.0,0.0,1.0
2015-03-09,0.0,0.0,0.0,0.0,1.0
2015-03-10,0.0,0.0,0.0,0.0,1.0
2015-03-11,0.0,0.0,0.0,0.0,1.0
2015-03-12,0.0,0.0,0.0,0.0,1.0
2015-03-13,0.0,0.0,0.0,0.0,1.0
2015-03-16,0.0,0.0,0.0,0.0,1.0
2015-03-17,0.0,0.0,0.0,0.0,1.0
2015-03-18,0.0,0.0,0.0,0.0,1.0
2015-03-19,0.0,0.0,0.0,0.0,1.0
2015-03-20,0.0,0.0,0.0,0.0,1.0
2015-03-23,0.0,0.0,0.0,0.0,1.0
2015-03-24,0.0,0.0,0.0,0.0,1.0
2015-03-25,0.0,0.0,0.0,0.0,1.0
2015-03-26,0.0,0.0,0.0,0.0,1.0
2015-03-27,0.0,0.0,0.0,0.0,1.0
2015-03-30,0.0,0.0,0.0,0.0,1.0
2015-03-31,0.0,0.0,0.0,0.0,1.0
2015-04-01,0.0,0.0,0.0,0.0,1.0
2015-04-02,0.0,0.0,0.0,0.0,1.0
2015-04-07,0.0,0.0,0.0,0.0,1.0
2015-04-08,0.0,0.0,0.0,0.0,1.0
2015-04-09,0.0,0.0,0.0,0.0,1.0
2015-04-10,0.0,0.0,0.0,0.0,1.0
2015-04-13,0.0,0.0,0.0,0.0,1.0
2015-04-14,0.0,0.0,0.0,0.0,1.0
2015-04-15,0.0,0.0,0.0,0.0,1.0
2015-04-16,0.0,0.0,0.0,0.0,1.0
2015-04-17,0.0,0.0,0.0,0.0,1.0
2015-04-20,0.0,0.0,0.0,0.0,1.0
2015-04-21,0.0,0.0,0.0,0.0,1.0
2015-04-22,0.0,0.0,0.0,0.0,1.0
2015-04-23,0.0,0.0,0.0,0.0,1.0
2015-04-24,0.0,0.0,0.0,0.0,1.0
2015-04-27,0.0,0.0,0.0,0.0,1.0
2015-04-28,0.0,0.0,0.0,0.0,1.0
2015-04-29,0.0,0.0,0.0,0.0,1.0
2015-04-30,0.0,0.0,0.0,0.0,1.0
2015-05-04,0.0,0.0,0.0,0.0,1.0
2015-05-05,0.0,0.0,0.0,0.0,1.0
2015-05-06,0.0,0.0,0.0,0.0,1.0
2015-05-07,0.0,0.0,0.0,0.0,1.0
2015-05-08,0.0,0.0,0.0,0.0,1.0
2015-05-11,0.0,0.0,0.0,0.0,1.0
2015-05-12,0.0,0.0,0.0,0.0,1.0
2015-05-13,0.0,0.0,0.0,0.0,1.0
2015-05-14,0.0,0.0,0.0,0.0,1.0
2015-05-15,0.0,0.0,0.0,0.0,1.0
2015-05-18,0.0,0.0,0.0,0.0,1.0
2015-05-19,0.0,0.0,0.0,0.0,1.0
2015-05-20,0.0,0.0,0.0,0.0,1.0
2015-05-21,0.0,0.0,0.0,0.0,1.0
2015-05-22,0.0,0.0,0.0,0.0,1.0
2015-05-25,0.0,0.0,0.0,0.0,1.0
2015-05-26,0.0,0.0,0.0,0.0,1.0
2015-05-27,0.0,0.0,0.0,0.0,1.0
2015-05-28,0.0,0.0,0.0,0.0,1.0
2015-05-29,0.0,0.0,0.0,0.0,1.0
2015-06-01,0.0,0.0,0.0,0.0,1.0
2015-06-02,0.0,0.0,0.0,0.0,1.0
2015-06-03,0.0,0.0,0.0,0.0,1.0
2015-06-04,0.0,0.0,0.0,0.0,1.0
2015-06-05,0.0,0.0,0.0,0.0,1.0
2015-06-08,0.0,0.0,0.0,0.0,1.0
2015-06-09,0.0,0.0,0.0,0.0,1.0
2015-06-10,0.0,0.0,0.0,0.0,1.0
2015-06-11,0.0,0.0,0.0,0.0,1.0
2015-06-12,0.0,0.0,0.0,0.0,1.0
2015-06-15,0.0,0.0,0.0,0.0,1.0
2015-06-16,0.0,0.0,0.0,0.0,1.0
2015-06-17,0.0,0.0,0.0,0.0,1.0
2015-06-18,0.0,0.0,0.0,0.0,1.0
2015-06-22,0.0,0.0,0.0,0.0,1.0
2015-06-23,0.0,0.0,0.0,0.0,1.0
2015-06-24,0.0,0.0,0.0,0.0,1.0
2015-06-25,0.0,0.0,0.0,0.0,1.0
2015-06-26,0.0,0.0,0.0,0.0,1.0
2015-06-29,0.0,0.0,0.0,0.0,1.0
2015-06-30,0.0,0.0,0.0,0.0,1.0
2015-07-01,0.0,0.0,0.0,0.0,1.0
2015-07-02,0.0,0.0,0.0,0.0,1.0
2015-07-03,0.0,0.0,0.0,0.0,1.0
2015-07-06,0.0,0.0,0.0,0.0,1.0
2015-07-07,0.0,0.0,0.0,0.0,1.0
2015-07-08,0.0,0.0,0.0,0.0,1.0
2015-07-09,0.0,0.0,0.0,0.0,1.0
2015-07-13,0.0,0.0,0.0,0.0,1.0
2015-07-14,0.0,0.0,0.0,0.0,1.0
2015-07-15,0.0,0.0,0.0,0.0,1.0
2015-07-16,0.0,0.0,0.0,0.0,1.0
2015-07-17,0.0,0.0,0.0,0.0,1.0
2015-07-20,0.0,0.0,0.0,0.0,1.0
2015-07-21,0.0,0.0,0.0,0.0,1.0
2015-07-22,0.0,0.0,0.0,0.0,1.0
2015-07-23,0.0,0.0,0.0,0.0,1.0
2015-07-24,0.0,0.0,0.0,0.0,1.0
2015-07-27,0.0,0.0,0.0,0.0,1.0
2015-07-28,0.0,0.0,0.0,0.0,1.0
2015-07-29,0.0,0.0,0.0,0.0,1.0
2015-07-30,0.0,0.0,0.0,0.0,1.0
2015-07-31,0.0,0.0,0.0,0.0,1.0
2015-08-03,0.0,0.0,0.0,0.0,1.0
2015-08-04,0.0,0.0,0.0,0.0,1.0
2015-08-05,0.0,0.0,0.0,0.0,1.0
2015-08-06,0.0,0.0,0.0,0.0,1.0
2015-08-07,0.0,0.0,0.0,0.0,1.0
2015-08-10,0.0,0.0,0.0,0.0,1.0
2015-08-11,0.0,0.0,0.0,0.0,1.0
2015-08-12,0.0,0.0,0.0,0.0,1.0
2015-08-13,0.0,0.0,0.0,0.0,1.0
2015-08-14,0.0,0.0,0.0,0.0,1.0
2015-08-17,0.0,0.0,0.0,0.0,1.0
2015-08-18,0.0,0.0,0.0,0.0,1.0
2015-08-19,0.0,0.0,0.0,0.0,1.0
2015-08-20,0.0,0.0,0.0,0.0,1.0
2015-08-21,0.0,0.0,0.0,0.0,1.0
2015-08-24,0.0,0.0,0.0,0.0,1.0
2015-08-25,0.0,0.0,0.0,0.0,1.0
2015-08-26,0.0,0.0,0.0,0.0,1.0
2015-08-27,0.0,0.0,0.0,0.0,1.0
2015-08-28,0.0,0.0,0.0,0.0,1.0
2015-08-31,0.0,0.0,0.0,0.0,1.0
2015-09-01,0.0,0.0,0.0,0.0,1.0
2015-09-02,0.0,0.0,0.0,0.0,1.0
2015-09-03,0.0,0.0,0.0,0.0,1.0
2015-09-04,0.0,0.0,0.0,0.0,1.0
2015-09-07,0.0,0.0,0.0,0.0,1.0
2015-09-08,0.0,0.0,0.0,0.0,1.0
2015-09-09,0.0,0.0,0.0,0.0,1.0
2015-09-10,0.0,0.0,0.0,0.0,1.0
2015-09-11,0.0,0.0,0.0,0.0,1.0
2015-09-14,0.0,0.0,0.0,0.0,1.0
2015-09-15,0.0,0.0,0.0,0.0,1.0
2015-09-16,0.0,0.0,0.0,0.0,1.0
2015-09-17,0.0,0.0,0.0,0.0,1.0
2015-09-18,0.0,0.0,0.0,0.0,1.0
2015-09-21,0.0,0.0,0.0,0.0,1.0
2015-09-22,0.0,0.0,0.0,0.0,1.0
2015-09-23,0.0,0.0,0.0,0.0,1.0
2015-09-24,0.0,0.0,0.0,0.0,1.0
2015-09-25,0.0,0.0,0.0,0.0,1.0
2015-09-30,0.0,0.0,0.0,0.0,1.0
2015-10-01,0.0,0.0,0.0,0.0,1.0
2015-10-02,0.0,0.0,0.0,0.0,1.0
2015-10-05,0.0,0.0,0.0,0.0,1.0
2015-10-06,0.0,0.0,0.0,0.0,1.0
2015-10-07,0.0,0.0,0.0,0.0,1.0
2015-10-08,0.0,0.0,0.0,0.0,1.0
2015-10-12,0.0,0.0,0.0,0.0,1.0
2015-10-13,0.0,0.0,0.0,0.0,1.0
2015-10-14,0.0,0.0,0.0,0.0,1.0
2015-10-15,0.0,0.0,0.0,0.0,1.0
2015-10-16,0.0,0.0,0.0,0.0,1.0
2015-10-19,0.0,0.0,0.0,0.0,1.0
2015-10-20,0.0,0.0,0.0,0.0,1.0
2015-10-21,0.0,0.0,0.0,0.0,1.0
2015-10-22,0.0,0.0,0.0,0.0,1.0
2015-10-23,0.0,0.0,0.0,0.0,1.0
2015-10-26,0.0,0.0,0.0,0.0,1.0
2015-10-27,0.0,0.0,0.0,0.0,1.0
2015-10-28,0.0,0.0,0.0,0.0,1.0
2015-10-29,0.0,0.0,0.0,0.0,1.0
2015-10-30,0.0,0.0,0.0,0.0,1.0
2015-11-02,0.0,0.0,0.0,0.0,1.0
2015-11-03,0.0,0.0,0.0,0.0,1.0
2015-11-04,0.0,0.0,0.0,0.0,1.0
2015-11-05,0.0,0.0,0.0,0.0,1.0
2015-11-06,0.0,0.0,0.0,0.0,1.0
2015-11-09,0.0,0.0,0.0,0.0,1.0
2015-11-10,0.0,0.0,0.0,0.0,1.0
2015-11-11,0.0,0.0,0.0,0.0,1.0
2015-11-12,0.0,0.0,0.0,0.0,1.0
2015-11-13,0.0,0.0,0.0,0.0,1.0
2015-11-16,0.0,0.0,0.0,0.0,1.0
2015-11-17,0.0,0.0,0.0,0.0,1.0
2015-11-18,0.0,0.0,0.0,0.0,1.0
2015-11-19,0.0,0.0,0.0,0.0,1.0
2015-11-20,0.0,0.0,0.0,0.0,1.0
2015-11-23,0.0,0.0,0.0,0.0,1.0
2015-11-24,0.0,0.0,0.0,0.0,1.0
2015-11-25,0.0,0.0,0.0,0.0,1.0
2015-11-26,0.0,0.0,0.0,0.0,1.0
2015-11-27,0.0,0.0,0.0,0.0,1.0
2015-11-30,0.0,0.0,0.0,0.0,1.0
2015-12-01,0.0,0.0,0.0,0.0,1.0
2015-12-02,0.0,0.0,0.0,0.0,1.0
2015-12-03,0.0,0.0,0.0,0.0,1.0
2015-12-04,0.0,0.0,0.0,0.0,1.0
2015-12-07,0.0,0.0,0.0,0.0,1.0
2015-12-08,0.0,0.0,0.0,0.0,1.0
2015-12-09,0.0,0.0,0.0,0.0,1.0
2015-12-10,0.0,0.0,0.0,0.0,1.0
2015-12-11,0.0,0.0,0.0,0.0,1.0
2015-12-14,0.0,0.0,0.0,0.0,1.0
2015-12-15,0.0,0.0,0.0,0.0,1.0
2015-12-16,0.0,0.0,0.0,0.0,1.0
2015-12-17,0.0,0.0,0.0,0.0,1.0
2015-12-18,0.0,0.0,0.0,0.0,1.0
2015-12-21,0.0,0.0,0.0,0.0,1.0
2015-12-22,0.0,0.0,0.0,0.0,1.0
2015-12-23,0.0,0.0,0.0,0.0,1.0
2015-12-24,0.0,0.0,0.0,0.0,1.0
2015-12-25,0.0,0.0,0.0,0.0,1.0
2015-12-28,0.0,0.0,0.0,0.0,1.0
2015-12-29,0.0,0.0,0.0,0.0,1.0
2015-12-30,0.0,0.0,0.0,0.0,1.0
2015-12-31,0.0,0.0,0.0,0.0,1.0
2016-01-04,0.0,0.0,0.0,0.0,1.0
2016-01-05,0.0,0.0,0.0,0.0,1.0
2016-01-06,0.0,0.0,0.0,0.0,1.0
2016-01-07,0.0,0.0,0.0,0.0,1.0
2016-01-08,0.0,0.0,0.0,0.0,1.0
2016-01-11,0.0,0.0,0.0,0.0,1.0
2016-01-12,0.0,0.0,0.0,0.0,1.0
2016-01-13,0.0,0.0,0.0,0.0,1.0
2016-01-14,0.0,0.0,0.0,0.0,1.0
2016-01-15,0.0,0.0,0.0,0.0,1.0
2016-01-18,0.0,0.0,0.0,0.0,1.0
2016-01-19,0.0,0.0,0.0,0.0,1.0
2016-01-20,0.0,0.0,0.0,0.0,1.0
2016-01-21,0.0,0.0,0.0,0.0,1.0
2016-01-22,0.0,0.0,0.0,0.0,1.0
2016-01-25,0.0,0.0,0.0,0.0,1.0
2016-01-26,0.0,0.0,0.0,0.0,1.0
2016-01-27,0.0,0.0,0.0,0.0,1.0
2016-01-28,0.0,0.0,0.0,0.0,1.0
2016-01-29,0.0,0.0,0.0,0.0,1.0
2016-01-30,0.0,0.0,0.0,0.0,1.0
2016-02-01,0.0,0.0,0.0,0.0,1.0
2016-02-02,0.0,0.0,0.0,0.0,1.0
2016-02-03,0.0,0.0,0.0,0.0,1.0
2016-02-15,0.0,0.0,0.0,0.0,1.0
2016-02-16,0.0,0.0,0.0,0.0,1.0
2016-02-17,0.0,0.0,0.0,0.0,1.0
2016-02-18,0.0,0.0,0.0,0.0,1.0
2016-02-19,0.0,0.0,0.0,0.0,1.0
2016-02-22,0.0,0.0,0.0,0.0,1.0
2016-02-23,0.0,0.0,0.0,0.0,1.0
2016-02-24,0.0,0.0,0.0,0.0,1.0
2016-02-25,0.0,0.0,0.0,0.0,1.0
2016-02-26,0.0,0.0,0.0,0.0,1.0
2016-03-01,0.0,0.0,0.0,0.0,1.0
2016-03-02,0.0,0.0,0.0,0.0,1.0
2016-03-03,0.0,0.0,0.0,0.0,1.0
2016-03-04,0.0,0.0,0.0,0.0,1.0
2016-03-07,0.0,0.0,0.0,0.0,1.0
2016-03-08,0.0,0.0,0.0,0.0,1.0
2016-03-09,0.0,0.0,0.0,0.0,1.0
2016-03-10,0.0,0.0,0.0,0.0,1.0
2016-03-11,0.0,0.0,0.0,0.0,1.0
2016-03-14,0.0,0.0,0.0,0.0,1.0
2016-03-15,0.0,0.0,0.0,0.0,1.0
2016-03-16,0.0,0.0,0.0,0.0,1.0
2016-03-17,0.0,0.0,0.0,0.0,1.0
2016-03-18,0.0,0.0,0.0,0.0,1.0
2016-03-21,0.0,0.0,0.0,0.0,1.0
2016-03-22,0.0,0.0,0.0,0.0,1.0
2016-03-23,0.0,0.0,0.0,0.0,1.0
2016-03-24,0.0,0.0,0.0,0.0,1.0
2016-03-25,0.0,0.0,0.0,0.0,1.0
2016-03-28,0.0,0.0,0.0,0.0,1.0
2016-03-29,0.0,0.0,0.0,0.0,1.0
2016-03-30,0.0,0.0,0.0,0.0,1.0
2016-03-31,0.0,0.0,0.0,0.0,1.0
2016-04-01,0.0,0.0,0.0,0.0,1.0
2016-04-06,0.0,0.0,0.0,0.0,1.0
2016-04-07,0.0,0.0,0.0,0.0,1.0
2016-04-08,0.0,0.0,0.0,0.0,1.0
2016-04-11,0.0,0.0,0.0,0.0,1.0
2016-04-12,0.0,0.0,0.0,0.0,1.0
2016-04-13,0.0,0.0,0.0,0.0,1.0
2016-04-14,0.0,0.0,0.0,0.0,1.0
2016-04-15,0.0,0.0,0.0,0.0,1.0
2016-04-18,0.0,0.0,0.0,0.0,1.0
2016-04-19,0.0,0.0,0.0,0.0,1.0
2016-04-20,0.0,0.0,0.0,0.0,1.0
2016-04-21,0.0,0.0,0.0,0.0,1.0
2016-04-22,0.0,0.0,0.0,0.0,1.0
2016-04-25,0.0,0.0,0.0,0.0,1.0
2016-04-26,0.0,0.0,0.0,0.0,1.0
2016-04-27,0.0,0.0,0.0,0.0,1.0
2016-04-28,0.0,0.0,0.0,0.0,1.0
2016-04-29,0.0,0.0,0.0,0.0,1.0
2016-05-03,0.0,0.0,0.0,0.0,1.0
2016-05-04,0.0,0.0,0.0,0.0,1.0
2016-05-05,0.0,0.0,0.0,0.0,1.0
2016-05-06,0.0,0.0,0.0,0.0,1.0
2016-05-09,0.0,0.0,0.0,0.0,1.0
2016-05-10,0.0,0.0,0.0,0.0,1.0
2016-05-11,0.0,0.0,0.0,0.0,1.0
2016-05-12,0.0,0.0,0.0,0.0,1.0
2016-05-13,0.0,0.0,0.0,0.0,1.0
2016-05-16,0.0,0.0,0.0,0.0,1.0
2016-05-17,0.0,0.0,0.0,0.0,1.0
2016-05-18,0.0,0.0,0.0,0.0,1.0
2016-05-19,0.0,0.0,0.0,0.0,1.0
2016-05-20,0.0,0.0,0.0,0.0,1.0
2016-05-23,0.0,0.0,0.0,0.0,1.0
2016-05-24,0.0,0.0,0.0,0.0,1.0
2016-05-25,0.0,0.0,0.0,0.0,1.0
2016-05-26,0.0,0.0,0.0,0.0,1.0
2016-05-27,0.0,0.0,0.0,0.0,1.0
2016-05-30,0.0,0.0,0.0,0.0,1.0
2016-05-31,0.0,0.0,0.0,0.0,1.0
2016-06-01,0.0,0.0,0.0,0.0,1.0
2016-06-02,0.0,0.0,0.0,0.0,1.0
2016-06-03,0.0,0.0,0.0,0.0,1.0
2016-06-04,0.0,0.0,0.0,0.0,1.0
2016-06-06,0.0,0.0,0.0,0.0,1.0
2016-06-07,0.0,0.0,0.0,0.0,1.0
2016-06-08,0.0,0.0,0.0,0.0,1.0
2016-06-13,0.0,0.0,0.0,0.0,1.0
2016-06-14,0.0,0.0,0.0,0.0,1.0
2016-06-15,0.0,0.0,0.0,0.0,1.0
2016-06-16,0.0,0.0,0.0,0.0,1.0
2016-06-17,0.0,0.0,0.0,0.0,1.0
2016-06-20,0.0,0.0,0.0,0.0,1.0
2016-06-21,0.0,0.0,0.0,0.0,1.0
2016-06-22,0.0,0.0,0.0,0.0,1.0
2016-06-23,0.0,0.0,0.0,0.0,1.0
2016-06-24,0.0,0.0,0.0,0.0,1.0
2016-06-27,0.0,0.0,0.0,0.0,1.0
2016-06-28,0.0,0.0,0.0,0.0,1.0
2016-06-29,0.0,0.0,0.0,0.0,1.0
2016-06-30,0.0,0.0,0.0,0.0,1.0
2016-07-01,0.0,0.0,0.0,0.0,1.0
2016-07-04,0.0,0.0,0.0,0.0,1.0
2016-07-05,0.0,0.0,0.0,0.0,1.0
2016-07-06,0.0,0.0,0.0,0.0,1.0
2016-07-07,0.0,0.0,0.0,0.0,1.0
2016-07-11,0.0,0.0,0.0,0.0,1.0
2016-07-12,0.0,0.0,0.0,0.0,1.0
2016-07-13,0.0,0.0,0.0,0.0,1.0
2016-07-14,0.0,0.0,0.0,0.0,1.0
2016-07-15,0.0,0.0,0.0,0.0,1.0
2016-07-18,0.0,0.0,0.0,0.0,1.0
2016-07-19,0.0,0.0,0.0,0.0,1.0
2016-07-20,0.0,0.0,0.0,0.0,1.0
2016-07-21,0.0,0.0,0.0,0.0,1.0
2016-07-22,0.0,0.0,0.0,0.0,1.0
2016-07-25,0.0,0.0,0.0,0.0,1.0
2016-07-26,0.0,0.0,0.0,0.0,1.0
2016-07-27,0.0,0.0,0.0,0.0,1.0
2016-07-28,0.0,0.0,0.0,0.0,1.0
2016-07-29,0.0,0.0,0.0,0.0,1.0
2016-08-01,0.0,0.0,0.0,0.0,1.0
2016-08-02,0.0,0.0,0.0,0.0,1.0
2016-08-03,0.0,0.0,0.0,0.0,1.0
2016-08-04,0.0,0.0,0.0,0.0,1.0
2016-08-05,0.0,0.0,0.0,0.0,1.0
2016-08-08,0.0,0.0,0.0,0.0,1.0
2016-08-09,0.0,0.0,0.0,0.0,1.0
2016-08-10,0.0,0.0,0.0,0.0,1.0
2016-08-11,0.0,0.0,0.0,0.0,1.0
2016-08-12,0.0,0.0,0.0,0.0,1.0
2016-08-15,0.0,0.0,0.0,0.0,1.0
2016-08-16,0.0,0.0,0.0,0.0,1.0
2016-08-17,0.0,0.0,0.0,0.0,1.0
2016-08-18,0.0,0.0,0.0,0.0,1.0
2016-08-19,0.0,0.0,0.0,0.0,1.0
2016-08-22,0.0,0.0,0.0,0.0,1.0
2016-08-23,0.0,0.0,0.0,0.0,1.0
2016-08-24,0.0,0.0,0.0,0.0,1.0
2016-08-25,0.0,0.0,0.0,0.0,1.0
2016-08-26,0.0,0.0,0.0,0.0,1.0
2016-08-29,0.0,0.0,0.0,0.0,1.0
2016-08-30,0.0,0.0,0.0,0.0,1.0
2016-08-31,0.0,0.0,0.0,0.0,1.0
2016-09-01,0.0,0.0,0.0,0.0,1.0
2016-09-02,0.0,0.0,0.0,0.0,1.0
2016-09-05,0.0,0.0,0.0,0.0,1.0
2016-09-06,0.0,0.0,0.0,0.0,1.0
2016-09-07,0.0,0.0,0.0,0.0,1.0
2016-09-08,0.0,0.0,0.0,0.0,1.0
2016-09-09,0.0,0.0,0.0,0.0,1.0
2016-09-10,0.0,0.0,0.0,0.0,1.0
2016-09-12,0.0,0.0,0.0,0.0,1.0
2016-09-13,0.0,0.0,0.0,0.0,1.0
2016-09-14,0.0,0.0,0.0,0.0,1.0
2016-09-19,0.0,0.0,0.0,0.0,1.0
2016-09-20,0.0,0.0,0.0,0.0,1.0
2016-09-21,0.0,0.0,0.0,0.0,1.0
2016-09-22,0.0,0.0,0.0,0.0,1.0
2016-09-23,0.0,0.0,0.0,0.0,1.0
2016-09-26,0.0,0.0,0.0,0.0,1.0
2016-09-29,0.0,0.0,0.0,0.0,1.0
2016-09-30,0.0,0.0,0.0,0.0,1.0
2016-10-03,0.0,0.0,0.0,0.0,1.0
2016-10-04,0.0,0.0,0.0,0.0,1.0
2016-10-05,0.0,0.0,0.0,0.0,1.0
2016-10-06,0.0,0.0,0.0,0.0,1.0
2016-10-07,0.0,0.0,0.0,0.0,1.0
2016-10-11,0.0,0.0,0.0,0.0,1.0
2016-10-12,0.0,0.0,0.0,0.0,1.0
2016-10-13,0.0,0.0,0.0,0.0,1.0
2016-10-14,0.0,0.0,0.0,0.0,1.0
2016-10-17,0.0,0.0,0.0,0.0,1.0
2016-10-18,0.0,0.0,0.0,0.0,1.0
2016-10-19,0.0,0.0,0.0,0.0,1.0
2016-10-20,0.0,0.0,0.0,0.0,1.0
2016-10-21,0.0,0.0,0.0,0.0,1.0
2016-10-24,0.0,0.0,0.0,0.0,1.0
2016-10-25,0.0,0.0,0.0,0.0,1.0
2016-10-26,0.0,0.0,0.0,0.0,1.0
2016-10-27,0.0,0.0,0.0,0.0,1.0
2016-10-28,0.0,0.0,0.0,0.0,1.0
2016-10-31,0.0,0.0,0.0,0.0,1.0
2016-11-01,0.0,0.0,0.0,0.0,1.0
2016-11-02,0.0,0.0,0.0,0.0,1.0
2016-11-03,0.0,0.0,0.0,0.0,1.0
2016-11-04,0.0,0.0,0.0,0.0,1.0
2016-11-07,0.0,0.0,0.0,0.0,1.0
2016-11-08,0.0,0.0,0.0,0.0,1.0
2016-11-09,0.0,0.0,0.0,0.0,1.0
2016-11-10,0.0,0.0,0.0,0.0,1.0
2016-11-11,0.0,0.0,0.0,0.0,1.0
2016-11-14,0.0,0.0,0.0,0.0,1.0
2016-11-15,0.0,0.0,0.0,0.0,1.0
2016-11-16,0.0,0.0,0.0,0.0,1.0
2016-11-17,0.0,0.0,0.0,0.0,1.0
2016-11-18,0.0,0.0,0.0,0.0,1.0
2016-11-21,0.0,0.0,0.0,0.0,1.0
2016-11-22,0.0,0.0,0.0,0.0,1.0
2016-11-23,0.0,0.0,0.0,0.0,1.0
2016-11-24,0.0,0.0,0.0,0.0,1.0
2016-11-25,0.0,0.0,0.0,0.0,1.0
2016-11-28,0.0,0.0,0.0,0.0,1.0
2016-11-29,0.0,0.0,0.0,0.0,1.0
2016-11-30,0.0,0.0,0.0,0.0,1.0
2016-12-01,0.0,0.0,0.0,0.0,1.0
2016-12-02,0.0,0.0,0.0,0.0,1.0
2016-12-05,0.0,0.0,0.0,0.0,1.0
2016-12-06,0.0,0.0,0.0,0.0,1.0
2016-12-07,0.0,0.0,0.0,0.0,1.0
2016-12-08,0.0,0.0,0.0,0.0,1.0
2016-12-09,0.0,0.0,0.0,0.0,1.0
2016-12-12,0.0,0.0,0.0,0.0,1.0
2016-12-13,0.0,0.0,0.0,0.0,1.0
2016-12-14,0.0,0.0,0.0,0.0,1.0
2016-12-15,0.0,0.0,0.0,0.0,1.0
2016-12-16,0.0,0.0,0.0,0.0,1.0
2016-12-19,0.0,0.0,0.0,0.0,1.0
2016-12-20,0.0,0.0,0.0,0.0,1.0
2016-12-21,0.0,0.0,0.0,0.0,1.0
2016-12-22,0.0,0.0,0.0,0.0,1.0
2016-12-23,0.0,0.0,0.0,0.0,1.0
2016-12-26,0.0,0.0,0.0,0.0,1.0
2016-12-27,0.0,0.0,0.0,0.0,1.0
2016-12-28,0.0,0.0,0.0,0.0,1.0
2016-12-29,0.0,0.0,0.0,0.0,1.0
2016-12-30,0.0,0.0,0.0,0.0,1.0
2017-01-03,0.0,0.0,0.0,0.0,1.0
2017-01-04,0.0,0.0,0.0,0.0,1.0
2017-01-05,0.0,0.0,0.0,0.0,1.0
2017-01-06,0.0,0.0,0.0,0.0,1.0
2017-01-09,0.0,0.0,0.0,0.0,1.0
2017-01-10,0.0,0.0,0.0,0.0,1.0
2017-01-11,0.0,0.0,0.0,0.0,1.0
2017-01-12,0.0,0.0,0.0,0.0,1.0
2017-01-13,0.0,0.0,0.0,0.0,1.0
2017-01-16,0.0,0.0,0.0,0.0,1.0
2017-01-17,0.0,0.0,0.0,0.0,1.0
2017-01-18,0.0,0.0,0.0,0.0,1.0
2017-01-19,0.0,0.0,0.0,0.0,1.0
2017-01-20,0.0,0.0,0.0,0.0,1.0
2017-01-23,0.0,0.0,0.0,0.0,1.0
2017-01-24,0.0,0.0,0.0,0.0,1.0
2017-02-02,0.0,0.0,0.0,0.0,1.0
2017-02-03,0.0,0.0,0.0,0.0,1.0
2017-02-06,0.0,0.0,0.0,0.0,1.0
2017-02-07,0.0,0.0,0.0,0.0,1.0
2017-02-08,0.0,0.0,0.0,0.0,1.0
2017-02-09,0.0,0.0,0.0,0.0,1.0
2017-02-10,0.0,0.0,0.0,0.0,1.0
2017-02-13,0.0,0.0,0.0,0.0,1.0
2017-02-14,0.0,0.0,0.0,0.0,1.0
2017-02-15,0.0,0.0,0.0,0.0,1.0
2017-02-16,0.0,0.0,0.0,0.0,1.0
2017-02-17,0.0,0.0,0.0,0.0,1.0
2017-02-18,0.0,0.0,0.0,0.0,1.0
2017-02-20,0.0,0.0,0.0,0.0,1.0
2017-02-21,0.0,0.0,0.0,0.0,1.0
2017-02-22,0.0,0.0,0.0,0.0,1.0
2017-02-23,0.0,0.0,0.0,0.0,1.0
2017-02-24,0.0,0.0,0.0,0.0,1.0
2017-03-01,0.0,0.0,0.0,0.0,1.0
2017-03-02,0.0,0.0,0.0,0.0,1.0
2017-03-03,0.0,0.0,0.0,0.0,1.0
2017-03-06,0.0,0.0,0.0,0.0,1.0
2017-03-07,0.0,0.0,0.0,0.0,1.0
2017-03-08,0.0,0.0,0.0,0.0,1.0
2017-03-09,0.0,0.0,0.0,0.0,1.0
2017-03-10,0.0,0.0,0.0,0.0,1.0
2017-03-13,0.0,0.0,0.0,0.0,1.0
2017-03-14,0.0,0.0,0.0,0.0,1.0
2017-03-15,0.0,0.0,0.0,0.0,1.0
2017-03-16,0.0,0.0,0.0,0.0,1.0
2017-03-17,0.0,0.0,0.0,0.0,1.0
2017-03-20,0.0,0.0,0.0,0.0,1.0
2017-03-21,0.0,0.0,0.0,0.0,1.0
2017-03-22,0.0,0.0,0.0,0.0,1.0
2017-03-23,0.0,0.0,0.0,0.0,1.0
2017-03-24,0.0,0.0,0.0,0.0,1.0
2017-03-27,0.0,0.0,0.0,0.0,1.0
2017-03-28,0.0,0.0,0.0,0.0,1.0
2017-03-29,0.0,0.0,0.0,0.0,1.0
2017-03-30,0.0,0.0,0.0,0.0,1.0
2017-03-31,0.0,0.0,0.0,0.0,1.0
2017-04-05,0.0,0.0,0.0,0.0,1.0
2017-04-06,0.0,0.0,0.0,0.0,1.0
2017-04-07,0.0,0.0,0.0,0.0,1.0
2017-04-10,0.0,0.0,0.0,0.0,1.0
2017-04-11,0.0,0.0,0.0,0.0,1.0
2017-04-12,0.0,0.0,0.0,0.0,1.0
2017-04-13,0.0,0.0,0.0,0.0,1.0
2017-04-14,0.0,0.0,0.0,0.0,1.0
2017-04-17,0.0,0.0,0.0,0.0,1.0
2017-04-18,0.0,0.0,0.0,0.0,1.0
2017-04-19,0.0,0.0,0.0,0.0,1.0
2017-04-20,0.0,0.0,0.0,0.0,1.0
2017-04-21,0.0,0.0,0.0,0.0,1.0
2017-04-24,0.0,0.0,0.0,0.0,1.0
2017-04-25,0.0,0.0,0.0,0.0,1.0
2017-04-26,0.0,0.0,0.0,0.0,1.0
2017-04-27,0.0,0.0,0.0,0.0,1.0
2017-04-28,0.0,0.0,0.0,0.0,1.0
2017-05-02,0.0,0.0,0.0,0.0,1.0
2017-05-03,0.0,0.0,0.0,0.0,1.0
2017-05-04,0.0,0.0,0.0,0.0,1.0
2017-05-05,0.0,0.0,0.0,0.0,1.0
2017-05-08,0.0,0.0,0.0,0.0,1.0
2017-05-09,0.0,0.0,0.0,0.0,1.0
2017-05-10,0.0,0.0,0.0,0.0,1.0
2017-05-11,0.0,0.0,0.0,0.0,1.0
2017-05-12,0.0,0.0,0.0,0.0,1.0
2017-05-15,0.0,0.0,0.0,0.0,1.0
2017-05-16,0.0,0.0,0.0,0.0,1.0
2017-05-17,0.0,0.0,0.0,0.0,1.0
2017-05-18,0.0,0.0,0.0,0.0,1.0
2017-05-19,0.0,0.0,0.0,0.0,1.0
2017-05-22,0.0,0.0,0.0,0.0,1.0
2017-05-23,0.0,0.0,0.0,0.0,1.0
2017-05-24,0.0,0.0,0.0,0.0,1.0
2017-05-25,0.0,0.0,0.0,0.0,1.0
2017-05-26,0.0,0.0,0.0,0.0,1.0
2017-05-31,0.0,0.0,0.0,0.0,1.0
2017-06-01,0.0,0.0,0.0,0.0,1.0
2017-06-02,0.0,0.0,0.0,0.0,1.0
2017-06-03,0.0,0.0,0.0,0.0,1.0
2017-06-05,0.0,0.0,0.0,0.0,1.0
2017-06-06,0.0,0.0,0.0,0.0,1.0
2017-06-07,0.0,0.0,0.0,0.0,1.0
2017-06-08,0.0,0.0,0.0,0.0,1.0
2017-06-09,0.0,0.0,0.0,0.0,1.0
2017-06-12,0.0,0.0,0.0,0.0,1.0
2017-06-13,0.0,0.0,0.0,0.0,1.0
2017-06-14,0.0,0.0,0.0,0.0,1.0
2017-06-15,0.0,0.0,0.0,0.0,1.0
2017-06-16,0.0,0.0,0.0,0.0,1.0
2017-06-19,0.0,0.0,0.0,0.0,1.0
2017-06-20,0.0,0.0,0.0,0.0,1.0
2017-06-21,0.0,0.0,0.0,0.0,1.0
2017-06-22,0.0,0.0,0.0,0.0,1.0
2017-06-23,0.0,0.0,0.0,0.0,1.0
2017-06-26,0.0,0.0,0.0,0.0,1.0
2017-06-27,0.0,0.0,0.0,0.0,1.0
2017-06-28,0.0,0.0,0.0,0.0,1.0
2017-06-29,0.0,0.0,0.0,0.0,1.0
2017-06-30,0.0,0.0,0.0,0.0,1.0
2017-07-03,0.0,0.0,0.0,0.0,1.0
2017-07-04,0.0,0.0,0.0,0.0,1.0
2017-07-05,0.0,0.0,0.0,0.0,1.0
2017-07-06,0.0,0.0,0.0,0.0,1.0
2017-07-07,0.0,0.0,0.0,0.0,1.0
2017-07-10,0.0,0.0,0.0,0.0,1.0
2017-07-11,0.0,0.0,0.0,0.0,1.0
2017-07-12,0.0,0.0,0.0,0.0,1.0
2017-07-13,0.0,0.0,0.0,0.0,1.0
2017-07-14,0.0,0.0,0.0,0.0,1.0
2017-07-17,0.0,0.0,0.0,0.0,1.0
2017-07-18,0.0,0.0,0.0,0.0,1.0
2017-07-19,0.0,0.0,0.0,0.0,1.0
2017-07-20,0.0,0.0,0.0,0.0,1.0
2017-07-21,0.0,0.0,0.0,0.0,1.0
2017-07-24,0.0,0.0,0.0,0.0,1.0
2017-07-25,0.0,0.0,0.0,0.0,1.0
2017-07-26,0.0,0.0,0.0,0.0,1.0
2017-07-27,0.0,0.0,0.0,0.0,1.0
2017-07-28,0.0,0.0,0.0,0.0,1.0
2017-07-31,0.0,0.0,0.0,0.0,1.0
2017-08-01,0.0,0.0,0.0,0.0,1.0
2017-08-02,0.0,0.0,0.0,0.0,1.0
2017-08-03,0.0,0.0,0.0,0.0,1.0
2017-08-04,0.0,0.0,0.0,0.0,1.0
2017-08-07,0.0,0.0,0.0,0.0,1.0
2017-08-08,0.0,0.0,0.0,0.0,1.0
2017-08-09,0.0,0.0,0.0,0.0,1.0
2017-08-10,0.0,0.0,0.0,0.0,1.0
2017-08-11,0.0,0.0,0.0,0.0,1.0
2017-08-14,0.0,0.0,0.0,0.0,1.0
2017-08-15,0.0,0.0,0.0,0.0,1.0
2017-08-16,0.0,0.0,0.0,0.0,1.0
2017-08-17,0.0,0.0,0.0,0.0,1.0
2017-08-18,0.0,0.0,0.0,0.0,1.0
2017-08-21,0.0,0.0,0.0,0.0,1.0
2017-08-22,0.0,0.0,0.0,0.0,1.0
2017-08-23,0.0,0.0,0.0,0.0,1.0
2017-08-24,0.0,0.0,0.0,0.0,1.0
2017-08-25,0.0,0.0,0.0,0.0,1.0
2017-08-28,0.0,0.0,0.0,0.0,1.0
2017-08-29,0.0,0.0,0.0,0.0,1.0
2017-08-30,0.0,0.0,0.0,0.0,1.0
2017-08-31,0.0,0.0,0.0,0.0,1.0
2017-09-01,0.0,0.0,0.0,0.0,1.0
2017-09-04,0.0,0.0,0.0,0.0,1.0
2017-09-05,0.0,0.0,0.0,0.0,1.0
2017-09-06,0.0,0.0,0.0,0.0,1.0
2017-09-07,0.0,0.0,0.0,0.0,1.0
2017-09-08,0.0,0.0,0.0,0.0,1.0
2017-09-11,0.0,0.0,0.0,0.0,1.0
2017-09-12,0.0,0.0,0.0,0.0,1.0
2017-09-13,0.0,0.0,0.0,0.0,1.0
2017-09-14,0.0,0.0,0.0,0.0,1.0
2017-09-15,0.0,0.0,0.0,0.0,1.0
2017-09-18,0.0,0.0,0.0,0.0,1.0
2017-09-19,0.0,0.0,0.0,0.0,1.0
2017-09-20,0.0,0.0,0.0,0.0,1.0
2017-09-21,0.0,0.0,0.0,0.0,1.0
2017-09-22,0.0,0.0,0.0,0.0,1.0
2017-09-25,0.0,0.0,0.0,0.0,1.0
2017-09-26,0.0,0.0,0.0,0.0,1.0
2017-09-27,0.0,0.0,0.0,0.0,1.0
2017-09-28,0.0,0.0,0.0,0.0,1.0
2017-09-29,0.0,0.0,0.0,0.0,1.0
2017-09-30,0.0,0.0,0.0,0.0,1.0
2017-10-02,0.0,0.0,0.0,0.0,1.0
2017-10-03,0.0,0.0,0.0,0.0,1.0
2017-10-05,0.0,0.0,0.0,0.0,1.0
2017-10-06,0.0,0.0,0.0,0.0,1.0
2017-10-11,0.0,0.0,0.0,0.0,1.0
2017-10-12,0.0,0.0,0.0,0.0,1.0
2017-10-13,0.0,0.0,0.0,0.0,1.0
2017-10-16,0.0,0.0,0.0,0.0,1.0
2017-10-17,0.0,0.0,0.0,0.0,1.0
2017-10-18,0.0,0.0,0.0,0.0,1.0
2017-10-19,0.0,0.0,0.0,0.0,1.0
2017-10-20,0.0,0.0,0.0,0.0,1.0
2017-10-23,0.0,0.0,0.0,0.0,1.0
2017-10-24,0.0,0.0,0.0,0.0,1.0
2017-10-25,0.0,0.0,0.0,0.0,1.0
2017-10-26,0.0,0.0,0.0,0.0,1.0
2017-10-27,0.0,0.0,0.0,0.0,1.0
2017-10-30,0.0,0.0,0.0,0.0,1.0
2017-10-31,0.0,0.0,0.0,0.0,1.0
2017-11-01,0.0,0.0,0.0,0.0,1.0
2017-11-02,0.0,0.0,0.0,0.0,1.0
2017-11-03,0.0,0.0,0.0,0.0,1.0
2017-11-06,0.0,0.0,0.0,0.0,1.0
2017-11-07,0.0,0.0,0.0,0.0,1.0
2017-11-08,0.0,0.0,0.0,0.0,1.0
2017-11-09,0.0,0.0,0.0,0.0,1.0
2017-11-10,0.0,0.0,0.0,0.0,1.0
2017-11-13,0.0,0.0,0.0,0.0,1.0
2017-11-14,0.0,0.0,0.0,0.0,1.0
2017-11-15,0.0,0.0,0.0,0.0,1.0
2017-11-16,0.0,0.0,0.0,0.0,1.0
2017-11-17,0.0,0.0,0.0,0.0,1.0
2017-11-20,0.0,0.0,0.0,0.0,1.0
2017-11-21,0.0,0.0,0.0,0.0,1.0
2017-11-22,0.0,0.0,0.0,0.0,1.0
2017-11-23,0.0,0.0,0.0,0.0,1.0
2017-11-24,0.0,0.0,0.0,0.0,1.0
2017-11-27,0.0,0.0,0.0,0.0,1.0
2017-11-28,0.0,0.0,0.0,0.0,1.0
2017-11-29,0.0,0.0,0.0,0.0,1.0
2017-11-30,0.0,0.0,0.0,0.0,1.0
2017-12-01,0.0,0.0,0.0,0.0,1.0
2017-12-04,0.0,0.0,0.0,0.0,1.0
2017-12-05,0.0,0.0,0.0,0.0,1.0
2017-12-06,0.0,0.0,0.0,0.0,1.0
2017-12-07,0.0,0.0,0.0,0.0,1.0
2017-12-08,0.0,0.0,0.0,0.0,1.0
2017-12-11,0.0,0.0,0.0,0.0,1.0
2017-12-12,0.0,0.0,0.0,0.0,1.0
2017-12-13,0.0,0.0,0.0,0.0,1.0
2017-12-14,0.0,0.0,0.0,0.0,1.0
2017-12-15,0.0,0.0,0.0,0.0,1.0
2017-12-18,0.0,0.0,0.0,0.0,1.0
2017-12-19,0.0,0.0,0.0,0.0,1.0
2017-12-20,0.0,0.0,0.0,0.0,1.0
2017-12-21,0.0,0.0,0.0,0.0,1.0
2017-12-22,0.0,0.0,0.0,0.0,1.0
2017-12-25,0.0,0.0,0.0,0.0,1.0
2017-12-26,0.0,0.0,0.0,0.0,1.0
2017-12-27,0.0,0.0,0.0,0.0,1.0
2017-12-28,0.0,0.0,0.0,0.0,1.0
2017-12-29,0.0,0.0,0.0,0.0,1.0
2018-01-02,0.0,0.0,0.0,0.0,1.0
2018-01-03,0.0,0.0,0.0,0.0,1.0
2018-01-04,0.0,0.0,0.0,0.0,1.0
2018-01-05,0.0,0.0,0.0,0.0,1.0
2018-01-08,0.0,0.0,0.0,0.0,1.0
2018-01-09,0.0,0.0,0.0,0.0,1.0
2018-01-10,0.0,0.0,0.0,0.0,1.0
2018-01-11,0.0,0.0,0.0,0.0,1.0
2018-01-12,0.0,0.0,0.0,0.0,1.0
2018-01-15,0.0,0.0,0.0,0.0,1.0
2018-01-16,0.0,0.0,0.0,0.0,1.0
2018-01-17,0.0,0.0,0.0,0.0,1.0
2018-01-18,0.0,0.0,0.0,0.0,1.0
2018-01-19,0.0,0.0,0.0,0.0,1.0
2018-01-22,0.0,0.0,0.0,0.0,1.0
2018-01-23,0.0,0.0,0.0,0.0,1.0
2018-01-24,0.0,0.0,0.0,0.0,1.0
2018-01-25,0.0,0.0,0.0,0.0,1.0
2018-01-26,0.0,0.0,0.0,0.0,1.0
2018-01-29,0.0,0.0,0.0,0.0,1.0
2018-01-30,0.0,0.0,0.0,0.0,1.0
2018-01-31,0.0,0.0,0.0,0.0,1.0
2018-02-01,0.0,0.0,0.0,0.0,1.0
2018-02-02,-0.0044065590272486695,-0.00595655902724867,1.0,0.00155,0.9940434409727513
2018-02-05,-0.01290859142520387,-0.01290859142520387,0.0,0.0,0.9812117403343303
2018-02-06,-0.042176445522153105,-0.042176445522153105,0.0,0.0,0.9398277168224224
2018-02-07,0.014757688240089398,0.014757688240089398,0.0,0.0,0.9536974012666828
2018-02-08,7.788710766383879e-05,7.788710766383879e-05,0.0,0.0,0.953771681998854
2018-02-09,-0.008065187526103806,-0.008065187526103806,0.0,0.0,0.9460793345264458
2018-02-12,0.004905090068435127,0.004905090068435127,0.0,0.0,0.9507199388741832
2018-02-21,0.021775091372780272,0.021775091372780272,0.0,0.0,0.9714219524130926
2018-02-22,0.0012695487358369672,0.0012695487358369672,0.0,0.0,0.9726552199247429
2018-02-23,0.008084174313338244,0.008084174313338244,0.0,0.0,0.9805183342693928
2018-02-26,0.004460451369798582,0.004460451369798582,0.0,0.0,0.9848918886165974
2018-02-27,-0.0027523511995426963,-0.0027523511995426963,0.0,0.0,0.9821811202455437
2018-03-01,0.0009677176236784732,0.0009677176236784732,0.0,0.0,0.9831315942252495
2018-03-02,-0.006142996120287056,-0.006142996120287056,0.0,0.0,0.9770922206561923
2018-03-05,-0.007828860127338041,-0.007828860127338041,0.0,0.0,0.9694427023291649
2018-03-06,0.007809033696362911,0.007809033696362911,0.0,0.0,0.9770131130583465
2018-03-07,0.000564831180446565,0.000564831180446565,0.0,0.0,0.9775649605283069
2018-03-08,0.005877228760677499,0.005877228760677499,0.0,0.0,0.9833103334297544
2018-03-09,0.0011873366306627917,0.0011873366306627917,0.0,0.0,0.9844778538079447
2018-03-12,0.007832801605766436,0.007832801605766436,0.0,0.0,0.9921890735220932
2018-03-13,0.004598312373341359,0.004598312373341359,0.0,0.0,0.9967514688155639
2018-03-14,-0.0015951214650872037,-0.0015951214650872037,0.0,0.0,0.9951615291522989
2018-03-15,0.00011909819680796152,0.00011909819680796152,0.0,0.0,0.9952800510959536
2018-03-16,0.005649161939981463,0.005649161939981463,0.0,0.0,1.0009025492802277
2018-03-19,0.0003566547005418916,0.0003566547005418916,0.0,0.0,1.0012595258792127
2018-03-20,-0.0016816290199199557,-0.0016816290199199557,0.0,0.0,0.9995757788040229
2018-03-21,0.0008670691755207456,0.0008670691755207456,0.0,0.0,1.000442480150421
2018-03-22,0.0004911829916654716,0.0004911829916654716,0.0,0.0,1.0009338804808106
2018-03-23,-0.01201572584309478,-0.01201572584309478,0.0,0.0,0.9889069333858882
2018-03-26,0.0026546985880109616,0.0026546985880109616,0.0,0.0,0.991532183225622
2018-03-27,0.00698866978124511,0.00698866978124511,0.0,0.0,0.9984616742316629
2018-03-28,-0.004285811917219103,-0.004285811917219103,0.0,0.0,0.9941824552893542
2018-03-29,-0.001337155283383783,-0.001337155283383783,0.0,0.0,0.9928530789666167
2018-03-30,0.006267366233801174,0.006267366233801174,0.0,0.0,0.9990756528288575
2018-03-31,0.0018541256131515416,0.0018541256131515416,0.0,0.0,1.0009280645862435
2018-04-02,-0.0023500008057589106,-0.0023500008057589106,0.0,0.0,0.9985758828279592
2018-04-03,-0.005170618343754806,-0.005170618343754806,0.0,0.0,0.9934126280505778
2018-04-09,0.008393671249644586,0.008393671249644586,0.0,0.0,1.0017510070656799
2018-04-10,0.004650314264843783,0.004650314264843783,0.0,0.0,1.006409464063659
2018-04-11,0.001555445755191739,0.001555445755191739,0.0,0.0,1.0079748793925216
2018-04-12,0.0010671818425533977,0.0010671818425533977,0.0,0.0,1.0090505718815592
2018-04-13,-0.0006262754983921424,-0.0006262754983921424,0.0,0.0,1.0084186282317513
2018-04-16,-0.0013745083949020032,-0.0013745083949020032,0.0,0.0,1.007032548361671
2018-04-17,-0.007915585987083164,-0.007915585987083164,0.0,0.0,0.9990612956333228
2018-04-18,0.004311185731549525,0.004311185731549525,0.0,0.0,1.0033684344360005
2018-04-19,0.008324431189158845,0.008324431189158845,0.0,0.0,1.011720905925837
2018-04-20,-0.0027621475059168067,-0.0027621475059168067,0.0,0.0,1.00892638354885
2018-04-23,-0.0008053316337491724,-0.0008053316337491724,0.0,0.0,1.008113863216054
2018-04-24,-0.011069330700877539,-0.011069330700877539,0.0,0.0,0.9969547174799762
2018-04-25,0.0007689834204991777,0.0007689834204991777,0.0,0.0,0.9977213591287067
2018-04-26,-0.0025819489222508865,-0.0025819489222508865,0.0,0.0,0.9951452935407977
2018-04-27,0.004641530854886397,0.004641530854886397,0.0,0.0,0.9997642911258623
2018-04-30,0.008861409364329982,0.008861409364329982,0.0,0.0,1.0086236117773677
2018-05-02,0.0008621354127041749,0.0008621354127041749,0.0,0.0,1.0094931819111705
2018-05-03,-0.007299111730590518,-0.007299111730590518,0.0,0.0,1.0021247783851317
2018-05-04,-0.0007387528946151361,-0.0007387528946151361,0.0,0.0,1.001384455804334
2018-05-07,0.0023287431967162287,0.0023287431967162287,0.0,0.0,1.003716423043086
2018-05-08,0.004847794636596951,0.004847794636596951,0.0,0.0,1.0085822341353785
2018-05-09,-0.0016800506376422981,-0.0016800506376422981,0.0,0.0,1.0068877649098047
2018-05-10,0.0024414774662663563,0.0024414774662663563,0.0,0.0,1.0093460586988914
2018-05-11,0.005603934364426634,0.005603934364426634,0.0,0.0,1.0150023677628328
2018-05-14,0.004100217992499697,0.004100217992499697,0.0,0.0,1.0191640987335637
2018-05-15,-0.002105896010037434,-0.002105896010037434,0.0,0.0,1.0170178451244674
2018-05-16,0.005543233187574282,0.005543233187574282,0.0,0.0,1.0226554121959166
2018-05-17,0.00017221868592176597,0.00017221868592176597,0.0,0.0,1.022831532567156
2018-05-18,0.0034378361003237394,0.0034378361003237394,0.0,0.0,1.026347859734365
2018-05-21,0.0078484604098276,0.0078484604098276,0.0,0.0,1.0344031102782014
2018-05-22,-0.0031714040015423067,-0.0031714040015423067,0.0,0.0,1.0311226001150573
2018-05-23,-0.001384712413476794,-0.001384712413476794,0.0,0.0,1.0296947918508614
2018-05-24,0.004360044780542632,0.004360044780542632,0.0,0.0,1.0341843072536225
2018-05-25,0.0009022136847407323,0.0009022136847407323,0.0,0.0,1.0351173624881709
2018-05-28,0.003723899597689507,0.003723899597689507,0.0,0.0,1.0389720356179022
2018-05-29,-0.0016686106884690765,-0.0016686106884690765,0.0,0.0,1.0372383957742497
2018-05-30,-0.012195931582684559,-0.012195931582684559,0.0,0.0,1.0245883072644535
2018-05-31,0.007864578887280585,0.007864578887280585,0.0,0.0,1.0326462628339201
2018-06-01,0.004522917546874232,0.004522917546874232,0.0,0.0,1.0373168367358057
2018-06-04,0.008244437408742254,0.008244437408742254,0.0,0.0,1.0458689304693085
2018-06-05,0.0018485780056699608,0.0018485780056699608,0.0,0.0,1.0478023007709878
2018-06-06,0.0062651475346953535,0.0062651475346953535,0.0,0.0,1.0543669367725113
2018-06-07,0.004208703118545392,0.004208703118545392,0.0,0.0,1.0588044541873969
2018-06-08,-0.004259088593687048,-0.004259088593687048,0.0,0.0,1.0542949122136223
2018-06-11,0.000277983396974842,0.000277983396974842,0.0,0.0,1.0545879886947327
2018-06-12,-0.0017179429406862816,-0.0017179429406862816,0.0,0.0,1.052776266704222
2018-06-13,-0.002375121760634316,-0.002375121760634316,0.0,0.0,1.0502757948840933
2018-06-14,-0.01038463475375108,-0.01038463475375108,0.0,0.0,1.0393690643635165
2018-06-15,0.0012196873039648482,0.0012196873039648482,0.0,0.0,1.0406367696154546
2018-06-19,-0.01031467750521194,-0.01031467750521194,0.0,0.0,1.0299029369368056
2018-06-20,0.0033492581430076664,0.0033492581430076664,0.0,0.0,1.0333523477348487
2018-06-21,0.003080393961301213,0.003080393961301213,0.0,0.0,1.0365354800667075
2018-06-22,-0.001985539064402437,-0.001985539064402437,0.0,0.0,1.0344773983793958
2018-06-25,-0.0026192113807177618,-0.0026192113807177618,0.0,0.0,1.0317678834044652
2018-06-26,-0.0025208331458221444,-0.0025208331458221444,0.0,0.0,1.0291669687251845
2018-06-27,-0.0038164001371965165,-0.0038164001371965165,0.0,0.0,1.0252392557645436
2018-06-28,-0.005043361872726349,-0.005043361872726349,0.0,0.0,1.0200686031915982
2018-06-29,0.012666276803530503,0.012666276803530503,0.0,0.0,1.0329890744782138
2018-07-02,-0.005739832564828823,-0.005739832564828823,0.0,0.0,1.0270598901494112
2018-07-03,-0.006829308401932701,-0.006829308401932701,0.0,0.0,1.0200457814123258
2018-07-04,0.0019351013621111855,0.0019351013621111855,0.0,0.0,1.0220196733933526
2018-07-05,-0.007014786625433738,-0.007014786625433738,0.0,0.0,1.0148504234575029
2018-07-06,-0.002520838888271418,-0.002520838888271418,0.0,0.0,1.0122921490442724
2018-07-09,0.009023495294112165,0.009023495294112165,0.0,0.0,1.0214265624874401
2018-07-10,0.002637683681901725,0.002637683681901725,0.0,0.0,1.0241207626635742
2018-07-11,-0.007232901312234819,-0.007232901312234819,0.0,0.0,1.016713398255418
2018-07-12,0.004845900468229051,0.004845900468229051,0.0,0.0,1.0216402901880786
2018-07-13,0.005958597699004572,0.005958597699004572,0.0,0.0,1.0277278336704037
2018-07-16,-0.00355770778147724,-0.00355770778147724,0.0,0.0,1.0240714783593137
2018-07-17,-2.3696308335310326e-06,-2.3696308335310326e-06,0.0,0.0,1.0240690516879627
2018-07-18,0.003503676371109727,0.003503676371109727,0.0,0.0,1.0276570582267466
2018-07-19,-0.004184152123833792,-0.004184152123833792,0.0,0.0,1.0233571847639944
2018-07-20,-6.843418447304229e-05,-6.843418447304229e-05,0.0,0.0,1.0232871521496305
2018-07-23,-0.0022064575686175716,-0.0022064575686175716,0.0,0.0,1.0210293124679009
2018-07-24,0.005818538133686584,0.005818538133686584,0.0,0.0,1.026970210458107
2018-07-25,-0.0009070992577475242,-0.0009070992577475242,0.0,0.0,1.0260386465424718
2018-07-26,0.0030934828648951527,0.0030934828648951527,0.0,0.0,1.029212679514271
2018-07-27,0.0010988165161480096,0.0010988165161480096,0.0,0.0,1.0303435954051503
2018-07-30,-0.0025505710231916406,-0.0025505710231916406,0.0,0.0,1.0277156308867788
2018-07-31,0.005776963056392017,0.005776963056392017,0.0,0.0,1.0336527061188883
2018-08-01,0.002369654299770165,0.002369654299770165,0.0,0.0,1.036102105698412
2018-08-02,-0.012032868335995076,-0.012032868335995076,0.0,0.0,1.023634825477896
2018-08-03,0.006121177826931473,0.006121177826931473,0.0,0.0,1.029900676274486
2018-08-06,0.0028160366539175643,0.0028160366539175643,0.0,0.0,1.0328009143287695
2018-08-07,0.0010851260008001664,0.0010851260008001664,0.0,0.0,1.033921633454558
2018-08-08,0.0034321310747665095,0.0034321310747665095,0.0,0.0,1.0374701880216106
2018-08-09,-0.005224368653158197,-0.005224368653158197,0.0,0.0,1.0320500612927244
2018-08-10,-0.003052220902642553,-0.003052220902642553,0.0,0.0,1.028900016523073
2018-08-13,-0.016667845945845628,-0.016667845945845628,0.0,0.0,1.0117504695539885
2018-08-14,0.006191096423690954,0.006191096423690954,0.0,0.0,1.0180143142677118
2018-08-15,-0.011585243150098824,-0.011585243150098824,0.0,0.0,1.0062203709066393
2018-08-16,-0.005655627889650773,-0.005655627889650773,0.0,0.0,1.000529562913805
2018-08-17,0.0005629058460242588,0.0005629058460242588,0.0,0.0,1.0010927668538894
2018-08-20,0.0018290924763057835,0.0018290924763057835,0.0,0.0,1.002923858101826
2018-08-21,0.007017723727018826,0.007017723727018826,0.0,0.0,1.0099621006572206
2018-08-22,0.0013504690381232808,0.0013504690381232808,0.0,0.0,1.011326023203836
2018-08-23,0.003970722449778062,0.003970722449778062,0.0,0.0,1.015341718148216
2018-08-24,-0.007490501905977475,-0.007490501905977475,0.0,0.0,1.0077362990732084
2018-08-27,0.007509421623473414,0.007509421623473414,0.0,0.0,1.015303815828228
2018-08-28,0.004489723331651674,0.004489723331651674,0.0,0.0,1.019862249058867
2018-08-29,0.0016277101221966828,0.0016277101221966828,0.0,0.0,1.0215222891649063
2018-08-30,-0.0030602779315391845,-0.0030602779315391845,0.0,0.0,1.0183961470467995
2018-08-31,0.0038066496256431953,0.0038066496256431953,0.0,0.0,1.0222728243587118
2018-09-03,-0.010489771771965003,-0.010489771771965003,0.0,0.0,1.011549415742507
2018-09-04,0.001950796443302585,0.001950796443302585,0.0,0.0,1.0135227427449622
2018-09-05,-0.0118762221906787,-0.0118762221906787,0.0,0.0,1.001485921456817
2018-09-06,-0.004054715568249334,-0.004054715568249334,0.0,0.0,0.9974251808997036
2018-09-07,-0.008913700074707386,-0.008913700074707386,0.0,0.0,0.9885344319902029
2018-09-10,-0.010329091208058206,-0.010329091208058206,0.0,0.0,0.97832376967987
2018-09-11,0.006719925313890873,0.006719925313890873,0.0,0.0,0.9848980323449228
2018-09-12,-0.0010036248881562244,-0.0010036248881562244,0.0,0.0,0.9839095641673654
2018-09-13,0.005684190430277361,0.005684190430277361,0.0,0.0,0.989502293496264
2018-09-14,0.005986605565321105,0.005986605565321105,0.0,0.0,0.9954260534334066
2018-09-17,-0.0005106002186511734,-0.0005106002186511734,0.0,0.0,0.9949177886728725
2018-09-18,0.0010375770728199662,0.0010375770728199662,0.0,0.0,0.9959500925597402
2018-09-19,0.007012160433107344,0.007012160433107344,0.0,0.0,1.0029338543921371
2018-09-20,-0.0040232893487912175,-0.0040232893487912175,0.0,0.0,0.9988987612982191
2018-09-21,0.01274446102879948,0.01274446102879948,0.0,0.0,1.0116291876333003
2018-09-25,0.0006251268435847434,0.0006251268435847434,0.0,0.0,1.012261584194244
2018-09-26,-0.002236029980784354,-0.002236029980784354,0.0,0.0,1.0099981369435893
2018-09-27,0.004966912600834978,0.004966912600834978,0.0,0.0,1.0150147094167943
2018-09-28,-0.0014348754381742967,-0.0014348754381742967,0.0,0.0,1.0135582897408664
2018-10-01,0.0020141397054235536,0.0020141397054235536,0.0,0.0,1.0155997377359947
2018-10-02,-0.00871635858694757,-0.00871635858694757,0.0,0.0,1.006747406241078
2018-10-03,-0.0031563759108989052,-0.0031563759108989052,0.0,0.0,1.0035697329796587
2018-10-04,-0.007081079918274627,-0.007081079918274627,0.0,0.0,0.9964633754968681
2018-10-05,-0.013054041429518059,-0.013054041429518059,0.0,0.0,0.9834555013101346
2018-10-08,-0.00019729176157785042,-0.00019729176157785042,0.0,0.0,0.9832614736418477
2018-10-09,0.0026742103874728075,0.0026742103874728075,0.0,0.0,0.9858909216882625
2018-10-11,-0.05377392676337063,-0.05377392676337063,0.0,0.0,0.9328756954687258
2018-10-12,0.015576882261050595,0.015576882261050595,0.0,0.0,0.947406990341238
2018-10-15,-0.012562981620736864,-0.012562981620736864,0.0,0.0,0.9355047337342234
2018-10-16,0.0013593448781578075,0.0013593448781578075,0.0,0.0,0.9367764073025173
2018-10-17,-0.0006953969366395653,-0.0006953969366395653,0.0,0.0,0.9361249758585629
2018-10-18,-9.940968713373984e-05,-9.940968713373984e-05,0.0,0.0,0.9360319159675947
2018-10-19,-0.004216765607095174,-0.004216765607095174,0.0,0.0,0.9320848887771992
2018-10-22,0.004089214662430547,0.004089214662430547,0.0,0.0,0.9358963839710168
2018-10-23,-0.012565765551424489,-0.012565765551424489,0.0,0.0,0.924136129429611
2018-10-24,-0.0036633557831657615,-0.0036633557831657615,0.0,0.0,0.9207506899954325
2018-10-25,-0.01859691683416775,-0.01859691683416775,0.0,0.0,0.9036275659885848
2018-10-26,-0.0005909011393376762,-0.0005909011393376762,0.0,0.0,0.9030936114303052
2018-10-29,0.00034928542224043604,0.00034928542224043604,0.0,0.0,0.9034090488636963
2018-10-30,0.003870341035983426,0.003870341035983426,0.0,0.0,0.9069055499777923
2018-10-31,0.020185194040448842,0.020185194040448842,0.0,0.0,0.9252116144804541
2018-11-01,0.00236075121426217,0.00236075121426217,0.0,0.0,0.9273958089227884
2018-11-02,0.01008034264189234,0.01008034264189234,0.0,0.0,0.9367442764413849
2018-11-05,0.0011324926673883858,0.0011324926673883858,0.0,0.0,0.9378051324656728
2018-11-06,-0.004234131504981501,-0.004234131504981501,0.0,0.0,0.9338343422087665
2018-11-07,0.010643874432318911,0.010643874432318911,0.0,0.0,0.9437739576878238
2018-11-08,0.004561172881430627,0.004561172881430627,0.0,0.0,0.9480786738698299
2018-11-09,-0.00603465531487148,-0.00603465531487148,0.0,0.0,0.9423573458616451
2018-11-12,-0.00035692002781221536,-0.00035692002781221536,0.0,0.0,0.9420209996515512
2018-11-13,-0.0007923755997384545,-0.0007923755997384545,0.0,0.0,0.941274565196986
2018-11-14,0.004724264076976708,0.004724264076976708,0.0,0.0,0.945721394811918
2018-11-15,0.0004931015746284918,0.0004931015746284918,0.0,0.0,0.9461877315208597
2018-11-16,0.0013991124968455414,0.0013991124968455414,0.0,0.0,0.9475115546003925
2018-11-19,0.007116094402599993,0.007116094402599993,0.0,0.0,0.9542541362704833
2018-11-20,-0.004996863448551594,-0.004996863448551594,0.0,0.0,0.9494858586563242
2018-11-21,0.0005770637852353473,0.0005770637852353473,0.0,0.0,0.9500337725599478
2018-11-22,-0.003092637815972811,-0.003092637815972811,0.0,0.0,0.9470956621884776
2018-11-23,-0.0045289564510404565,-0.0045289564510404565,0.0,0.0,0.9428063071794567
2018-11-26,0.004951705030693567,0.004951705030693567,0.0,0.0,0.9474748059136868
2018-11-27,0.00027693698958026385,0.00027693698958026385,0.0,0.0,0.9477371967341397
2018-11-28,0.00862504072960632,0.00862504072960632,0.0,0.0,0.9559114686569344
2018-11-29,-0.0023971802814396507,-0.0023971802814396507,0.0,0.0,0.953619976533468
2018-11-30,0.003887425963122672,0.003887425963122672,0.0,0.0,0.9573271035891967
2018-12-03,0.013640083462815943,0.013640083462815943,0.0,0.0,0.9703851251833692
2018-12-04,-0.0007531801586128051,-0.0007531801586128051,0.0,0.0,0.969654250360868
2018-12-05,-0.010022530835059128,-0.010022530835059128,0.0,0.0,0.9599358607372801
2018-12-06,-0.015417418937850393,-0.015417418937850393,0.0,0.0,0.9451361274188275
2018-12-07,0.005862422524926813,0.005862422524926813,0.0,0.0,0.9506769147413298
2018-12-10,-0.01132997023667387,-0.01132997023667387,0.0,0.0,0.9399057735926176
2018-12-11,0.000368544242246337,0.000368544242246337,0.0,0.0,0.9402521704537292
2018-12-12,0.0055834770422450684,0.0055834770422450684,0.0,0.0,0.9455020468613788
2018-12-13,0.004742998072313067,0.004742998072313067,0.0,0.0,0.9499865612470104
2018-12-14,-0.003450661605699443,-0.003450661605699443,0.0,0.0,0.946708479094185
2018-12-17,-0.0008013845600751936,-0.0008013845600751936,0.0,0.0,0.9459498015361466
2018-12-18,-0.00975020750603317,-0.00975020750603317,0.0,0.0,0.9367265946808783
2018-12-19,0.004823285501858666,0.004823285501858666,0.0,0.0,0.9412446944842079
2018-12-20,-0.0067144446227745715,-0.0067144446227745715,0.0,0.0,0.9349247591066133
2018-12-21,-0.0021853090001630695,-0.0021853090001630695,0.0,0.0,0.9328816596160623
2018-12-22,2.7434109772809883e-05,2.7434109772809883e-05,0.0,0.0,0.9329072523939173
2018-12-24,0.005786253763673364,0.005786253763673364,0.0,0.0,0.9383052904942396
2018-12-25,-0.01081038952362817,-0.01081038952362817,0.0,0.0,0.9281618448119159
2018-12-26,-0.005287786303135658,-0.005287786303135658,0.0,0.0,0.9232539233218263
2018-12-27,0.010181878108095758,0.010181878108095758,0.0,0.0,0.9326543822319103
2018-12-28,0.0074223697152819915,0.0074223697152819915,0.0,0.0,0.9395768878734135
2019-01-02,-0.010052862607036554,-0.010052862607036554,0.0,0.0,0.9301314505108751
2019-01-03,-0.0008959815967627864,-0.0008959815967627864,0.0,0.0,0.9292980698486472
2019-01-04,-0.0031405901008094025,-0.0031405901008094025,0.0,0.0,0.9263795255297792
2019-01-07,0.01686874216153518,0.01686874216153518,0.0,0.0,0.9420063828896664
2019-01-08,-0.003324447076482624,-0.003324447076482624,0.0,0.0,0.938874732524041
2019-01-09,0.014216314499946668,0.014216314499946668,0.0,0.0,0.9522220709976561
2019-01-10,-0.0013039717368777915,-0.0013039717368777915,0.0,0.0,0.9509804003298439
2019-01-11,-0.0018594552896824754,-0.0018594552896824754,0.0,0.0,0.9492120947940662
2019-01-14,-0.005596014394908132,-0.005596014394908132,0.0,0.0,0.9439002902477778
2019-01-15,0.0071450957623347125,0.0071450957623347125,0.0,0.0,0.9506445482116936
2019-01-16,-0.002848216659268111,-0.002848216659268111,0.0,0.0,0.9479369065724347
2019-01-17,0.0011201554931400616,0.0011201554931400616,0.0,0.0,0.9489987433054821
2019-01-18,0.0045640255893003995,0.0045640255893003995,0.0,0.0,0.9533299978541423
2019-01-21,0.0018310408224103498,0.0018310408224103498,0.0,0.0,0.9550755839974415
2019-01-22,-0.001314732686059114,-0.001314732686059114,0.0,0.0,0.9538199149095031
2019-01-23,0.00024822352923662214,0.00024822352923662214,0.0,0.0,0.9540566754550382
2019-01-24,0.0012229969962890312,0.0012229969962890312,0.0,0.0,0.9552234839034094
2019-01-25,0.00558747810400897,0.00558747810400897,0.0,0.0,0.960560774204155
2019-01-28,0.0017849640946197207,0.0017849640946197207,0.0,0.0,0.9622753406968095
2019-01-29,-0.0006913834690911082,-0.0006913834690911082,0.0,0.0,0.9616100394335377
2019-01-30,0.00010380332326359555,0.00010380332326359555,0.0,0.0,0.9617098577513147
2019-02-11,-0.0020707602805132776,-0.0020707602805132776,0.0,0.0,0.9597183871765053
2019-02-12,0.005484519801054865,0.005484519801054865,0.0,0.0,0.9649819816744113
2019-02-13,0.00276563561808894,0.00276563561808894,0.0,0.0,0.9676507702137441
2019-02-14,-0.0007515944974072682,-0.0007515944974072682,0.0,0.0,0.9669234892194396
2019-02-15,-0.0025005659290282013,-0.0025005659290282013,0.0,0.0,0.9645056332863203
2019-02-18,0.006447541558312417,0.006447541558312417,0.0,0.0,0.9707243234401604
2019-02-19,0.0003991621119407546,0.0003991621119407546,0.0,0.0,0.971111799811217
2019-02-20,0.006351877019381521,0.00579917900578563,0.3565793636102527,0.0005526980135958917,0.9767434509729529
2019-02-21,0.003106092649157839,0.003106092649157839,0.0,0.0,0.9797773066261329
2019-02-22,0.0019330126805137695,0.0019330126805137695,0.0,0.0,0.9816712285839209
2019-02-25,0.003050735643756287,0.003050735643756287,0.0,0.0,0.9846660479914119
2019-02-26,0.00033348468170840673,0.00033348468170840673,0.0,0.0,0.9849944190350154
2019-02-27,0.003512345503287666,0.003512345503287666,0.0,0.0,0.9884540597534766
2019-03-04,-0.0034374858101315587,-0.0034374858101315587,0.0,0.0,0.985056262949107
2019-03-05,-0.0018075570638724347,-0.0018075570638724347,0.0,0.0,0.9832757175427015
2019-03-06,0.0031368485902572947,0.0031368485902572947,0.0,0.0,0.9863601045911095
2019-03-07,-0.0032203293845206277,-0.0032203293845206277,0.0,0.0,0.9831837001625758
2019-03-08,-0.0039883842769275766,-0.0039883842769275766,0.0,0.0,0.9792623857515159
2019-03-11,-0.0009114475892734586,-0.0009114475892734586,0.0,0.0,0.9783698394107566
2019-03-12,0.007915932216424507,0.007915932216424507,0.0,0.0,0.9861145487421265
2019-03-13,-0.0003711438500786686,-0.0003711438500786686,0.0,0.0,0.9857485583918877
2019-03-14,-0.0032897204397509005,-0.0032897204397509005,0.0,0.0,0.9825057212108909
2019-03-15,0.005894035224021105,0.005894035224021105,0.0,0.0,0.98829664453951
2019-03-18,0.00654509968920818,0.00654509968920818,0.0,0.0,0.9947651446005311
2019-03-19,0.0012070817360847281,0.0012070817360847281,0.0,0.0,0.9959659074382721
2019-03-20,0.0023662427706678756,0.0023662427706678756,0.0,0.0,0.9983226045665795
2019-03-21,0.0023701787951634053,0.0023701787951634053,0.0,0.0,1.0006888076346554
2019-03-22,-0.0023764331646109363,-0.0023764331646109363,0.0,0.0,0.9983107375647374
2019-03-25,-0.005332903304237637,-0.005332903304237637,0.0,0.0,0.9929868429337225
2019-03-26,0.004286281849309214,0.004286281849309214,0.0,0.0,0.9972430644151922
2019-03-27,-0.0028044391856493116,-0.0028044391856493116,0.0,0.0,0.9944463568877292
2019-03-28,-0.0011408157781069583,-0.0011408157781069583,0.0,0.0,0.9933118767933107
2019-03-29,0.008411511237042464,0.008411511237042464,0.0,0.0,1.0016671308068452
2019-04-01,-0.003971143524136579,-0.003971143524136579,0.0,0.0,0.997689366867001
2019-04-02,0.00043492939089824554,0.00043492939089824554,0.0,0.0,0.9981232912956383
2019-04-03,0.0015819535420149183,0.0015819535420149183,0.0,0.0,0.999702275971671
2019-04-08,0.003546201552296973,0.003546201552296973,0.0,0.0,1.0032474217345566
2019-04-09,0.003987665069386246,0.003987665069386246,0.0,0.0,1.0072480364341592
2019-04-10,0.00020776006142144798,0.00020776006142144798,0.0,0.0,1.0074573023480753
2019-04-11,-0.0025629902788372547,-0.0025629902788372547,0.0,0.0,1.0048751990758136
2019-04-12,0.0009744358536813205,0.0009744358536813205,0.0,0.0,1.0058543854982682
2019-04-15,0.002541901970224688,0.002541901970224688,0.0,0.0,1.0084111687425255
2019-04-16,0.0016789182629084853,0.0016789182629084853,0.0,0.0,1.010104208670248
2019-04-17,0.0025946366079256447,0.0025946366079256447,0.0,0.0,1.0127250620278838
2019-04-18,-0.006290604377119124,-0.006290604377119124,0.0,0.0,1.0063544093198729
2019-04-19,0.0026703930877819545,0.0026703930877819545,0.0,0.0,1.0090417711783797
2019-04-22,0.0005341452130177272,0.0005341452130177272,0.0,0.0,1.0095807460101895
2019-04-23,0.0030062912330269553,0.0030062912330269553,0.0,0.0,1.0126158397559526
2019-04-24,0.0014135255543037749,0.0014135255543037749,0.0,0.0,1.0140471981221404
2019-04-25,3.648810772929225e-05,3.648810772929225e-05,0.0,0.0,1.014084198785548
2019-04-26,-2.0026188143983318e-05,-2.0026188143983318e-05,0.0,0.0,1.0140638905445893
2019-04-29,0.004380527068894672,0.004380527068894672,0.0,0.0,1.0185060248667084
2019-04-30,0.0025774634811495186,0.0025774634811495186,0.0,0.0,1.021131186951133
2019-05-02,0.003088134454684675,0.003088134454684675,0.0,0.0,1.02428457735231
2019-05-03,0.000163974841853717,0.000163974841853717,0.0,0.0,1.0244525342538946
2019-05-06,-0.014197588631606832,-0.014197588631606832,0.0,0.0,1.0099077785999506
2019-05-07,0.005299019368098334,0.005299019368098334,0.0,0.0,1.015259299478745
2019-05-08,-0.004549655891709788,-0.004549655891709788,0.0,0.0,1.0106402190252584
2019-05-09,-0.011326104096869207,-0.011326104096869207,0.0,0.0,0.9991936027000956
2019-05-10,-0.002151642825618105,-0.002151642825618105,0.0,0.0,0.9970436949534425
2019-05-13,-0.006243989114466702,-0.006243989114466702,0.0,0.0,0.9908181649755056
2019-05-14,-0.004193596422800824,-0.004193596422800824,0.0,0.0,0.9866630734632182
2019-05-15,0.002290702271033986,0.002290702271033986,0.0,0.0,0.9889232248063458
2019-05-16,-0.006788518201965847,-0.006788518201965847,0.0,0.0,0.9822099014944011
2019-05-17,-0.0005099215530895918,-0.0005099215530895918,0.0,0.0,0.9817090514959711
2019-05-20,0.009233068734497469,0.009233068734497469,0.0,0.0,0.9907732386457118
2019-05-21,0.010485384661165784,0.010485384661165784,0.0,0.0,1.0011618771649011
2019-05-22,-0.0042817860446672145,-0.0042817860446672145,0.0,0.0,0.9968751162108036
2019-05-23,-0.003339489690682066,-0.003339489690682066,0.0,0.0,0.9935460620373201
2019-05-24,0.0019127879113407234,0.0019127879113407234,0.0,0.0,0.9954465049341453
2019-05-27,0.0029763530091543224,0.0029763530091543224,0.0,0.0,0.9984093051345582
2019-05-28,-0.0008672218646972815,-0.0008672218646972815,0.0,0.0,0.9975434627552283
2019-05-29,-0.0006871955743989918,-0.0006871955743989918,0.0,0.0,0.9968579553023522
2019-05-30,0.007709557334569262,0.007709557334569262,0.0,0.0,1.0045432888631773
2019-05-31,0.009123716303248692,0.009123716303248692,0.0,0.0,1.0137084568450974
2019-06-03,-0.0010108634861994217,-0.0010108634861994217,0.0,0.0,1.012683735980421
2019-06-04,0.0002957498063522634,0.0002957498063522634,0.0,0.0,1.0129832369992333
2019-06-05,0.0015135209396255627,0.0015135209396255627,0.0,0.0,1.0145164083399214
2019-06-06,0.004340070442266124,0.004340070442266124,0.0,0.0,1.0189194810169513
2019-06-10,0.00498412174558775,0.00498412174558775,0.0,0.0,1.023997899759291
2019-06-11,-0.00476795736201799,-0.00476795736201799,0.0,0.0,1.0191155214344427
2019-06-12,-0.004967719845772315,-0.004967719845772315,0.0,0.0,1.0140528410334784
2019-06-13,-0.0007014366542026965,-0.0007014366542026965,0.0,0.0,1.013341547201479
2019-06-14,0.0008421653449752083,0.0008421653449752083,0.0,0.0,1.0141949483351558
2019-06-17,0.0017213039899555906,0.0017213039899555906,0.0,0.0,1.0159406861463178
2019-06-18,0.001515354270366676,0.001515354270366676,0.0,0.0,1.017480196203509
2019-06-19,0.012790838593665164,0.012790838593665164,0.0,0.0,1.030494621165399
2019-06-20,0.0016544164623325153,0.0016544164623325153,0.0,0.0,1.032199488431
2019-06-21,-0.003094104936004369,-0.003094104936004369,0.0,0.0,1.0290057548989044
2019-06-24,0.004654662444571778,0.004654662444571778,0.0,0.0,1.0337954293414806
2019-06-25,-0.0021695075437558695,-0.0021695075437558695,0.0,0.0,1.031552602358824
2019-06-26,-0.000993897529723174,-0.000993897529723174,0.0,0.0,1.03052734477556
2019-06-27,0.004182133480553688,0.004182133480553688,0.0,0.0,1.034837147686772
2019-06-28,-0.003686322873609223,-0.003686322873609223,0.0,0.0,1.0310224038387936
2019-07-01,0.0015089406668271192,0.0015089406668271192,0.0,0.0,1.0325781554723559
2019-07-02,-0.0021403045286789756,-0.0021403045286789756,0.0,0.0,1.0303681237699833
2019-07-03,-0.0030482134645380197,-0.0030482134645380197,0.0,0.0,1.0272273417816769
2019-07-04,0.001171177078343471,0.001171177078343471,0.0,0.0,1.0284304068986194
2019-07-05,0.0016481536343631081,0.0016481536343631081,0.0,0.0,1.030125418211439
2019-07-08,-0.0034186000193505654,-0.0034186000193505654,0.0,0.0,1.0266038314368078
2019-07-09,-0.00584509383427768,-0.00584509383427768,0.0,0.0,1.0206032357114307
2019-07-10,0.004765950900420463,0.004765950900420463,0.0,0.0,1.0254673806216417
2019-07-11,0.0021807203098749696,0.0021807203098749696,0.0,0.0,1.0277036381656774
2019-07-12,-0.0011266208660153235,-0.0011266208660153235,0.0,0.0,1.02654580580284
2019-07-15,-0.002436053760982812,-0.002436053760982812,0.0,0.0,1.024045085031793
2019-07-16,-0.0019953710031537517,-0.0019953710031537517,0.0,0.0,1.0220017351631985
2019-07-17,0.002526157139256667,0.002526157139256667,0.0,0.0,1.0245834721428138
2019-07-18,-0.0031654708772789167,-0.0031654708772789167,0.0,0.0,1.0213401830004043
2019-07-19,0.0014370772009300852,0.0014370772009300852,0.0,0.0,1.0228079276917879
2019-07-22,-0.0010236145010529057,-0.0010236145010529057,0.0,0.0,1.0217609666652105
2019-07-23,-0.0014500820378264875,-0.0014500820378264875,0.0,0.0,1.020279329440497
2019-07-24,-0.0037295956748267306,-0.0037295956748267306,0.0,0.0,1.0164741000663007
2019-07-25,-0.003076418602928969,-0.003076418602928969,0.0,0.0,1.0133470002354612
2019-07-26,-0.00155145545915812,-0.00155145545915812,0.0,0.0,1.0117748374999245
2019-07-29,-0.00023120606720249056,-0.00023120606720249056,0.0,0.0,1.0115409090188516
2019-07-30,-0.0020083953585380253,-0.0020083953585380253,0.0,0.0,1.0095093349522068
2019-07-31,-0.0011743396591975806,-0.0011743396591975806,0.0,0.0,1.0083238281038422
2019-08-01,-0.009802359125937549,-0.009802359125937549,0.0,0.0,0.9984398758255283
2019-08-02,-0.011999501438657932,-0.011999501438657932,0.0,0.0,0.9864590950991464
2019-08-05,-0.0056486755812808235,-0.0056486755812808235,0.0,0.0,0.9808869076967275
2019-08-06,-0.008560257102017308,-0.008560257102017308,0.0,0.0,0.9724902635788407
2019-08-07,-0.0017612746672317709,-0.0017612746672317709,0.0,0.0,0.9707774411134698
2019-08-08,0.006528108728217363,0.006528108728217363,0.0,0.0,0.9771147817999591
2019-08-12,-0.0035120970060231126,-0.0035120970060231126,0.0,0.0,0.9736830599002586
2019-08-13,-0.008389481148511905,-0.008389481148511905,0.0,0.0,0.9655143642246
2019-08-14,0.0006088537382829111,0.0006088537382829111,0.0,0.0,0.966102221254624
2019-08-15,-0.010168150920662561,-0.010168150920662561,0.0,0.0,0.9562787480641196
2019-08-16,0.011647831333403915,0.011647831333403915,0.0,0.0,0.9674173216292891
2019-08-19,0.004922647028445145,0.004922647028445145,0.0,0.0,0.9721795756328738
2019-08-20,-0.0018558637805476817,-0.0018558637805476817,0.0,0.0,0.9703753427702686
2019-08-21,-0.00017680586259025046,-0.00017680586259025046,0.0,0.0,0.9702037747207538
2019-08-22,0.0012308797551002842,0.0012308797551002842,0.0,0.0,0.9713979789053796
2019-08-23,0.0025311880795545853,0.0025311880795545853,0.0,0.0,0.9738567698900884
2019-08-26,-0.01153462454605773,-0.01153462454605773,0.0,0.0,0.9626236976877698
2019-08-27,-0.001210595774302834,-0.001210595774302834,0.0,0.0,0.9614583495071052
2019-08-28,0.0026935631945123346,0.0026935631945123346,0.0,0.0,0.9640480983303942
2019-08-29,0.0013230982390531566,0.0013230982390531566,0.0,0.0,0.9653236286716576
2019-08-30,0.013485741185588302,0.013485741185588302,0.0,0.0,0.9783417332882564
2019-09-02,0.0030031783376669777,0.0030031783376669777,0.0,0.0,0.9812798679885032
2019-09-03,-0.00531844176412623,-0.00531844176412623,0.0,0.0,0.9760609881562969
2019-09-04,0.00709905205174261,0.00709905205174261,0.0,0.0,0.9829900959168939
2019-09-05,0.004294216098936712,0.004294216098936712,0.0,0.0,0.9872112678118756
2019-09-06,0.0028771270922853046,0.0028771270922853046,0.0,0.0,0.9900516000963065
2019-09-09,0.005390108080440454,0.005390108080440454,0.0,0.0,0.9953880852260386
2019-09-10,0.005100155112358191,0.005100155112358191,0.0,0.0,1.0004647188576845
2019-09-11,0.0027831012000119155,0.0027831012000119155,0.0,0.0,1.003249113417307
2019-09-12,0.0005415373881855478,0.0005415373881855478,0.0,0.0,1.0037924103218865
2019-09-16,0.0038150637054724643,0.0038150637054724643,0.0,0.0,1.0076219423143342
2019-09-17,-0.00028618395926579654,-0.00028618395926579654,0.0,0.0,1.0073335770774396
2019-09-18,0.0026381991377930998,0.0026381991377930998,0.0,0.0,1.0099911236519554
2019-09-19,-0.0032302172729007294,-0.0032302172729007294,0.0,0.0,1.0067286328788585
2019-09-20,0.0040608321814893,0.0040608321814893,0.0,0.0,1.0108167889092796
2019-09-23,-0.004078326581702589,-0.004078326581702589,0.0,0.0,1.0066943479298396
2019-09-24,-0.0014374736120277307,-0.0014374736120277307,0.0,0.0,1.005247251369313
2019-09-25,-0.005111285279715084,-0.005111285279715084,0.0,0.0,1.000109145890915
2019-09-26,-0.0022202338318700696,-0.0022202338318700696,0.0,0.0,0.9978886697296453
2019-09-27,-0.008125887875262468,-0.008125887875262468,0.0,0.0,0.9897799382874274
2019-10-01,0.009033267769245271,0.009033267769245271,0.0,0.0,0.9987208855026048
2019-10-02,-0.00372657759483635,-0.00372657759483635,0.0,0.0,0.9949990746271957
2019-10-03,-0.0062959493505949414,-0.0062959493505949414,0.0,0.0,0.988734610849454
2019-10-04,0.0035398159425365284,0.0035398159425365284,0.0,0.0,0.9922345493878767
2019-10-07,0.0007550032989115331,0.0007550032989115331,0.0,0.0,0.9929836897459584
2019-10-08,0.001775187477415113,0.001775187477415113,0.0,0.0,0.9947464219572728
2019-10-09,-0.00980113393079864,-0.00980113393079864,0.0,0.0,0.9849967790484868
2019-10-14,0.010170577618502737,0.010170577618502737,0.0,0.0,0.9950147652437747
2019-10-15,0.0005006256741120019,0.0005006256741120019,0.0,0.0,0.9955128951813763
2019-10-16,0.004607290050467259,0.004607290050467259,0.0,0.0,1.0000995118384572
2019-10-17,0.0047525660830563185,0.0047525660830563185,0.0,0.0,1.0048525508581019
2019-10-18,-0.0007396204662147242,-0.0007396204662147242,0.0,0.0,1.0041093413459592
2019-10-21,0.0038720059205662634,0.0038720059205662634,0.0,0.0,1.0079972586605468
2019-10-22,0.0034531625127446966,0.0034531625127446966,0.0,0.0,1.0114780370071028
2019-10-23,-0.004408656905557032,-0.004408656905557032,0.0,0.0,1.0070187773744321
2019-10-24,0.006178346246891013,0.006178346246891013,0.0,0.0,1.0132404880581722
2019-10-25,-0.0007282294507137157,-0.0007282294507137157,0.0,0.0,1.0125026164941127
2019-10-28,0.0006885646744045235,0.0006885646744045235,0.0,0.0,1.0131997900285727
2019-10-29,-0.00037326361494676504,-0.00037326361494676504,0.0,0.0,1.0128215994122833
2019-10-30,0.005750690677188701,0.005750690677188701,0.0,0.0,1.018646023141679
2019-10-31,-0.0016078299963217704,-0.0016078299963217704,0.0,0.0,1.0170082135100378
2019-11-01,0.0023740615603015996,0.0023740615603015996,0.0,0.0,1.019422653616243
2019-11-04,0.007246783408569683,0.007246783408569683,0.0,0.0,1.0268101887887893
2019-11-05,0.005217641317154083,0.005217641317154083,0.0,0.0,1.0321677160546885
2019-11-06,0.0025463659083857456,0.0025463659083857456,0.0,0.0,1.0347959927385866
2019-11-07,-0.0009156243279773514,-0.0009156243279773514,0.0,0.0,1.0338485083531417
2019-11-08,-0.0005559708645927969,-0.0005559708645927969,0.0,0.0,1.0332737187040946
2019-11-11,-0.008096590343399625,-0.008096590343399625,0.0,0.0,1.0249077246911464
2019-11-12,0.002973697800827865,0.002973697800827865,0.0,0.0,1.027955490538112
2019-11-13,-0.006176175911652183,-0.006176175911652183,0.0,0.0,1.0216066565992
2019-11-14,-0.0024910310227334574,-0.0024910310227334574,0.0,0.0,1.0190618027245804
2019-11-15,0.002890724701041356,0.002890724701041356,0.0,0.0,1.0220076298496041
2019-11-18,0.005548370850912361,0.005548370850912361,0.0,0.0,1.0276781071924717
2019-11-19,0.0002036540122660779,0.0002036540122660779,0.0,0.0,1.0278873979623193
2019-11-20,0.00038331229104543495,0.00038331229104543495,0.0,0.0,1.028281399835769
2019-11-21,-0.0069491700758449355,-0.0069491700758449355,0.0,0.0,1.0211356975024823
2019-11-22,0.0030046669785174737,0.0030046669785174737,0.0,0.0,1.0242038702133536
2019-11-25,0.0018987679897868842,0.0018987679897868842,0.0,0.0,1.0261485957371306
2019-11-26,-0.00041561649215431773,-0.00041561649215431773,0.0,0.0,1.0257221114573414
2019-11-27,0.006408577882745717,0.006408577882745717,0.0,0.0,1.03229553149467
2019-11-28,-0.0021738733762323875,-0.0021738733762323875,0.0,0.0,1.03005145172235
2019-11-29,-0.00615710081947197,-0.00615710081947197,0.0,0.0,1.023709321084852
2019-12-02,-0.0019228375985807225,-0.0019228375985807225,0.0,0.0,1.0217408943122526
2019-12-03,0.0014908312050109307,0.0014908312050109307,0.0,0.0,1.0232641375209293
2019-12-04,-0.0006577425699741638,-0.0006577425699741638,0.0,0.0,1.0225910931373539
2019-12-05,0.00017155956680616516,0.00017155956680616516,0.0,0.0,1.0227665284223124
2019-12-06,-0.0009671721508466516,-0.0009671721508466516,0.0,0.0,1.0217773371192043
2019-12-09,0.0033071771357334216,0.0033071771357334216,0.0,0.0,1.0251565357663355
2019-12-10,0.000555104476796323,0.000555104476796323,0.0,0.0,1.0257256047487564
2019-12-11,0.001062530592361882,0.001062530592361882,0.0,0.0,1.0268154695831708
2019-12-12,0.0033181518315688325,0.0033181518315688325,0.0,0.0,1.0302225992142513
2019-12-13,0.006016641114719424,0.006016641114719424,0.0,0.0,1.0364210788619967
2019-12-16,0.0007958533163828022,0.0007958533163828022,0.0,0.0,1.0372459180147782
2019-12-17,0.005953184473943893,0.005953184473943893,0.0,0.0,1.0434208343095654
2019-12-18,0.004346059635273089,0.004346059635273089,0.0,0.0,1.0479556034801614
2019-12-19,-0.002806388886505408,-0.002806388886505408,0.0,0.0,1.0450146325210035
2019-12-20,-0.000524544938402871,-0.000524544938402871,0.0,0.0,1.0444664753849577
2019-12-23,0.004553331602569473,0.004553331602569473,0.0,0.0,1.0492222775951523
2019-12-24,-0.0035665548048894953,-0.0035665548048894953,0.0,0.0,1.0454801688395983
2019-12-25,0.0015405944764656575,0.0015405944764656575,0.0,0.0,1.047090829812967
2019-12-26,-0.0009840705280086174,-0.0009840705280086174,0.0,0.0,1.0460604185872
2019-12-27,0.002820881290372447,0.002820881290372447,0.0,0.0,1.049011230850592
2019-12-30,-0.0018060941770226494,-0.0018060941770226494,0.0,0.0,1.0471166177749214
2019-12-31,-0.004785141399214945,-0.004785141399214945,0.0,0.0,1.0421060166974008
2020-01-02,0.002147303145491548,0.002147303145491548,0.0,0.0,1.0443437342249906
2020-01-03,0.0015053731255678551,0.0015053731255678551,0.0,0.0,1.0459158612163482
2020-01-06,-0.009452253490664876,-0.009452253490664876,0.0,0.0,1.036029599366224
2020-01-07,-0.0022995662781043484,-0.0022995662781043484,0.0,0.0,1.0336471806364036
2020-01-08,-0.005780226739800535,-0.005780226739800535,0.0,0.0,1.0276724655633696
2020-01-09,0.006039993313476007,0.006039993313476007,0.0,0.0,1.0338796003838158
2020-01-10,0.0033886529901333362,0.0033886529901333362,0.0,0.0,1.0373830595830942
2020-01-13,0.0077201532016504875,0.0077201532016504875,0.0,0.0,1.0453918157318725
2020-01-14,0.0023222284424505527,0.0023222284424505527,0.0,0.0,1.04781945433987
2020-01-15,-0.0029704886891103706,-0.0029704886891103706,0.0,0.0,1.0447069185025237
2020-01-16,0.0015643129057192852,0.0015643129057192852,0.0,0.0,1.0463411670178313
2020-01-17,0.004555585447597855,0.004555585447597855,0.0,0.0,1.0511078636115203
2020-01-20,0.003951496556310574,0.003951496556310574,0.0,0.0,1.0552613127148922
2020-01-30,-0.05103710620273407,-0.05103710620273407,0.0,0.0,1.0014038290262257
2020-01-31,0.007227330730033015,0.007227330730033015,0.0,0.0,1.0086413056929198
2020-02-03,-0.004730832629158757,-0.004730832629158757,0.0,0.0,1.0038695924928305
2020-02-04,0.010412586852513471,0.010412586852513471,0.0,0.0,1.0143224718132595
2020-02-05,0.00177228014507183,0.00177228014507183,0.0,0.0,1.0161201353907545
2020-02-06,0.01141946509719344,0.01141946509719344,0.0,0.0,1.0277236838114048
2020-02-07,-0.007960362742789896,-0.007960362742789896,0.0,0.0,1.0195426304889097
2020-02-10,-0.00032557310980131735,-0.00032557310980131735,0.0,0.0,1.0192106948241264
2020-02-11,0.0021711176222396155,0.0021711176222396155,0.0,0.0,1.0214235211244342
2020-02-12,0.0016867707857817435,0.0016867707857817435,0.0,0.0,1.0231464284797773
2020-02-13,0.003331990922661262,0.003331990922661262,0.0,0.0,1.0265555430920252
2020-02-14,0.0004406860798869397,0.0004406860798869397,0.0,0.0,1.0270079318300966
2020-02-17,-0.002332169173969521,-0.002332169173969521,0.0,0.0,1.0246127755900603
2020-02-18,0.0016722720449592653,0.0016722720449592653,0.0,0.0,1.0263262068915877
2020-02-19,0.009394108108462161,0.009394108108462161,0.0,0.0,1.0359676262336752
2020-02-20,-0.003903732216248827,-0.003903732216248827,0.0,0.0,1.031923486036156
2020-02-21,-0.004568439073954329,-0.004568439073954329,0.0,0.0,1.0272092064612173
2020-02-24,-0.009530094633000134,-0.009530094633000134,0.0,0.0,1.0174198055157528
2020-02-25,-0.003103042760589777,-0.003103042760589777,0.0,0.0,1.0142627083537665
2020-02-26,-0.006370810109571402,-0.006370810109571402,0.0,0.0,1.007801033237625
2020-02-27,-0.006985882046516116,-0.006985882046516116,0.0,0.0,1.00076065409307
2020-03-02,-0.01189818777946694,-0.01189818777946694,0.0,0.0,0.9888534159083685
2020-03-03,0.008352283229648254,0.008352283229648254,0.0,0.0,0.9971125997106404
2020-03-04,0.006697357903333626,0.006697357903333626,0.0,0.0,1.003790619660826
2020-03-05,0.009233347409339841,0.009233347409339841,0.0,0.0,1.0130589671783907
2020-03-06,-0.014485102237775507,-0.014943313401249995,0.2956201054674114,0.00045821116347448767,0.9979205095378973
2020-03-09,-0.02249886659548708,-0.02249886659548708,0.0,0.0,0.9754684291209037
2020-03-10,-0.00039199655865589827,-0.00039199655865589827,0.0,0.0,0.9750860488536108
2020-03-11,-0.0027465548327239245,-0.0027465548327239245,0.0,0.0,0.9724079215538103
2020-03-12,-0.038028563153503434,-0.038028563153503434,0.0,0.0,0.9354286454980342
2020-03-13,-0.027284571087699223,-0.027284571087699223,0.0,0.0,0.9099058761224729
2020-03-16,-0.03418998640653015,-0.03418998640653015,0.0,0.0,0.8787962065866236
2020-03-17,-0.033818171631993736,-0.033818171631993736,0.0,0.0,0.8490769256427322
2020-03-18,-0.019553892910310667,-0.019553892910310667,0.0,0.0,0.8324741663660984
2020-03-19,-0.06637618958661531,-0.06637618958661531,0.0,0.0,0.7772177032734228
2020-03-20,0.057608796231092746,0.057608796231092746,0.0,0.0,0.8219922795684993
2020-03-23,-0.03845680783936128,-0.03845680783936128,0.0,0.0,0.7903810804276951
2020-03-24,0.03893303966272076,0.03893303966272076,0.0,0.0,0.8211530183806506
2020-03-25,0.039844144684102106,0.039844144684102106,0.0,0.0,0.8538711580527963
2020-03-26,0.002365801113569133,0.002365801113569133,0.0,0.0,0.8558912473893623
2020-03-27,0.01083652092207139,0.01083652092207139,0.0,0.0,0.8651661307987148
2020-03-30,-0.009075703615561533,-0.009075703615561533,0.0,0.0,0.8573141394173636
2020-03-31,-0.0010071581476306614,-0.0010071581476306614,0.0,0.0,0.8564506884967704
2020-04-01,-0.0026470729461047365,-0.0026470729461047365,0.0,0.0,0.8541836010495778
2020-04-06,0.013845918911911378,0.013845918911911378,0.0,0.0,0.8660105579255947
2020-04-07,0.008755027832573245,0.008755027832573245,0.0,0.0,0.8735925044635355
2020-04-08,0.010343759558520814,0.010343759558520814,0.0,0.0,0.8826287352818323
2020-04-09,0.005830314695183364,0.005830314695183364,0.0,0.0,0.8877747385675372
2020-04-10,0.015832736602694183,0.015832736602694183,0.0,0.0,0.9018306421658028
2020-04-13,-0.007847274525466293,-0.007847274525466293,0.0,0.0,0.8947537295412502
2020-04-14,0.02072925113862239,0.02072925113862239,0.0,0.0,0.9133013043081297
2020-04-15,0.014467055764793273,0.014467055764793273,0.0,0.0,0.9265140852076138
2020-04-16,-0.012341726941065924,-0.012341726941065924,0.0,0.0,0.91507930136093
2020-04-17,0.0033615355848921114,0.0033615355848921114,0.0,0.0,0.918155372995453
2020-04-20,-0.002887845790250575,-0.002887845790250575,0.0,0.0,0.9155038818667521
2020-04-21,-0.028074820070512277,-0.028074820070512277,0.0,0.0,0.8898012751094875
2020-04-22,0.00014026423437944998,0.00014026423437944998,0.0,0.0,0.8899260824040907
2020-04-23,0.0026525446212407955,0.0026525446212407955,0.0,0.0,0.8922866510472736
2020-04-24,-0.0010652580207031138,-0.0010652580207031138,0.0,0.0,0.8913361355354791
2020-04-27,0.022522730107371366,0.022522730107371366,0.0,0.0,0.9114114587510921
2020-04-28,0.008327919900508587,0.008327919900508587,0.0,0.0,0.9190016203759769
2020-04-29,0.013091662485233826,0.013091662485233826,0.0,0.0,0.9310328794133221
2020-04-30,0.01661213232934433,0.01661213232934433,0.0,0.0,0.9464993208091066
2020-05-04,-0.022583939803786007,-0.022583939803786007,0.0,0.0,0.9251236371236293
2020-05-05,0.005828318752217098,0.005828318752217098,0.0,0.0,0.9305155525659962
2020-05-06,-0.00576710138063269,-0.00576710138063269,0.0,0.0,0.9251491750380926
2020-05-07,0.002448587756417382,0.002448587756417382,0.0,0.0,0.9274144839809504
2020-05-08,0.004415955330224264,0.004415955330224264,0.0,0.0,0.9315099049148133
2020-05-11,0.011116699638878442,0.011116699638878442,0.0,0.0,0.9418652207383916
2020-05-12,-0.007920909175980671,-0.007920909175980671,0.0,0.0,0.9344047918689079
2020-05-13,0.0029410911795316316,0.0029410911795316316,0.0,0.0,0.9371529615603855
2020-05-14,-0.010481005526204224,-0.010481005526204224,0.0,0.0,0.9273306561913724
2020-05-15,-0.0008297773036862113,-0.0008297773036862113,0.0,0.0,0.9265611782598524
2020-05-18,-0.00021137849351249356,-0.00021137849351249356,0.0,0.0,0.9263653231538447
2020-05-19,0.011459122165148373,0.011459122165148373,0.0,0.0,0.9369806565614217
2020-05-20,0.0018090866455379244,0.0018090866455379244,0.0,0.0,0.9386757357543344
2020-05-21,0.005830192670714045,0.005830192670714045,0.0,0.0,0.9441483961491064
2020-05-22,-0.015305238863935504,-0.015305238863935504,0.0,0.0,0.9296979794230427
2020-05-25,0.002414714861468083,0.002414714861468083,0.0,0.0,0.9319429349506324
2020-05-26,0.012391711186670533,0.012391711186670533,0.0,0.0,0.9434913026429986
2020-05-27,0.0017749211563509286,0.0017749211563509286,0.0,0.0,0.9451659253168928
2020-05-28,-0.004948588604951415,-0.004948588604951415,0.0,0.0,0.9404886879890813
2020-05-29,0.0021963280103122905,0.0021963280103122905,0.0,0.0,0.9425543096378936
2020-06-01,0.009129289908874207,0.009129289908874207,0.0,0.0,0.9511591611854366
2020-06-02,0.008595930303187456,0.008595930303187456,0.0,0.0,0.9593352590422249
2020-06-03,0.01786089773804866,0.01786089773804866,0.0,0.0,0.9764698480004824
2020-06-04,0.0007699027013606718,0.0007699027013606718,0.0,0.0,0.9772216347742552
2020-06-05,0.0022554401244241694,0.0022554401244241694,0.0,0.0,0.9794256996597803
2020-06-08,0.010314492404288774,0.010314492404288774,0.0,0.0,0.9895279785994864
2020-06-09,-0.0009657444854515553,-0.0009657444854515553,0.0,0.0,0.9885723474109539
2020-06-10,0.0067899887111217486,0.0067899887111217486,0.0,0.0,0.9952847424900014
2020-06-11,-0.021310865079071022,-0.021310865079071022,0.0,0.0,0.9740743636275391
2020-06-12,-0.00987006598247757,-0.00987006598247757,0.0,0.0,0.9644601853866954
2020-06-15,-0.008219941556945118,-0.008219941556945118,0.0,0.0,0.9565323790288163
2020-06-16,0.013833924386559117,0.013833924386559117,0.0,0.0,0.9697649756335963
2020-06-17,0.003577314421117361,0.003577314421117361,0.0,0.0,0.9732341298660249
2020-06-18,-0.005427711264317564,-0.005427711264317564,0.0,0.0,0.9679516960165327
2020-06-19,-0.006558252042147187,-0.006558252042147187,0.0,0.0,0.9616036248294325
2020-06-22,0.0042859192933964365,0.0042859192933964365,0.0,0.0,0.9657249803576888
2020-06-23,0.003432696900241173,0.003432696900241173,0.0,0.0,0.9690400215042482
2020-06-24,0.0026928003001645533,0.0026928003001645533,0.0,0.0,0.9716494527650262
2020-06-29,-0.0077591086148465944,-0.0077591086148465944,0.0,0.0,0.9641103191254661
2020-06-30,0.005650599025175174,0.005650599025175174,0.0,0.0,0.9695581199548777
2020-07-01,0.0047556591233951125,0.0047556591233951125,0.0,0.0,0.9741690078737029
2020-07-02,0.005157316129422819,0.005157316129422819,0.0,0.0,0.9791931054107936
2020-07-03,0.0018656746063120903,0.0018656746063120903,0.0,0.0,0.9810199611222344
2020-07-06,0.01075723360278486,0.01075723360278486,0.0,0.0,0.9915730220130212
2020-07-07,-0.003517022900842463,-0.003517022900842463,0.0,0.0,0.9880856369867439
2020-07-08,0.0011086305505394797,0.0011086305505394797,0.0,0.0,0.9891810589104566
2020-07-09,-0.0029705203579938225,-0.0029705203579938225,0.0,0.0,0.9862426764372212
2020-07-10,-0.00705661914147173,-0.00705661914147173,0.0,0.0,0.979283137488538
2020-07-13,0.005553560003422257,0.005553560003422257,0.0,0.0,0.9847216451529202
2020-07-14,-0.003552709701270784,-0.003552709701270784,0.0,0.0,0.9812232150111341
2020-07-15,0.0034534593947200304,0.0034534593947200304,0.0,0.0,0.9846118295413316
2020-07-16,-0.002303852660772694,-0.002303852660772694,0.0,0.0,0.9823434289580145
2020-07-17,-0.0035706067635201963,-0.0035706067635201963,0.0,0.0,0.9788358668664774
2020-07-20,-0.00013511574153754707,-0.00013511574153754707,0.0,0.0,0.9787036107324821
2020-07-21,0.0013715835698395516,0.0013715835698395516,0.0,0.0,0.9800459845247055
2020-07-22,0.005316302802362795,0.005316302802362795,0.0,0.0,0.9852562057386787
2020-07-23,-0.005490403373131289,-0.005490403373131289,0.0,0.0,0.9798467517432925
2020-07-24,-0.012597419149498253,-0.012597419149498253,0.0,0.0,0.9675032115093078
2020-07-27,-0.01459103837527151,-0.01459103837527151,0.0,0.0,0.9533863350219771
2020-07-28,-0.006851268646396952,-0.006851268646396952,0.0,0.0,0.9468544291169377
2020-07-29,0.006123680509928875,0.006123680509928875,0.0,0.0,0.952652663130261
2020-07-30,0.006411752586938416,0.006411752586938416,0.0,0.0,0.9587608363075403
2020-07-31,-0.006457639566050437,-0.006457639566050437,0.0,0.0,0.9525695043966211
2020-08-03,-0.008146241826969611,-0.008146241826969611,0.0,0.0,0.9448096428568096
2020-08-04,0.008830899802851223,0.008830899802851223,0.0,0.0,0.9531531621456457
2020-08-05,0.004366129248134604,0.004366129248134604,0.0,0.0,0.9573147520448417
2020-08-06,0.0073775906659306395,0.0073775906659306395,0.0,0.0,0.9643774284238854
2020-08-07,-0.008110685335400273,-0.008110685335400273,0.0,0.0,0.9565556665573768
2020-08-10,0.007675050971579567,0.007675050971579567,0.0,0.0,0.9638972800553579
2020-08-11,-0.007496364087576601,-0.007496364087576601,0.0,0.0,0.9566715551010382
2020-08-12,-0.002569669310970813,-0.002569669310970813,0.0,0.0,0.9542132255652164
2020-08-13,-0.0018121732702295508,-0.0018121732702295508,0.0,0.0,0.9524840258637476
2020-08-14,-0.0013013408828548643,-0.0013013408828548643,0.0,0.0,0.9512445194606249
2020-08-17,0.00655075071378621,0.00655075071378621,0.0,0.0,0.9574758851754669
2020-08-18,-0.0001096925804686973,-0.0001096925804686973,0.0,0.0,0.9573708571748855
2020-08-19,-0.00438571032881876,-0.00438571032881876,0.0,0.0,0.9531721059180636
2020-08-20,-0.0228092548486993,-0.0228092548486993,0.0,0.0,0.931430960439507
2020-08-21,0.01187011240663743,0.01187011240663743,0.0,0.0,0.9424871506389462
2020-08-24,-0.0027505551020334277,-0.0027505551020334277,0.0,0.0,0.9398947877981553
2020-08-25,0.005983863640311357,0.005983863640311357,0.0,0.0,0.9455189900445788
2020-08-26,0.0022687527112391585,0.0022687527112391585,0.0,0.0,0.9476641388167705
2020-08-27,-0.00278405299827716,-0.00278405299827716,0.0,0.0,0.945025791629738
2020-08-28,0.0013925844018803043,0.0013925844018803043,0.0,0.0,0.9463418198065361
2020-08-31,-0.005259668558426477,-0.005259668558426477,0.0,0.0,0.9413643754913755
2020-09-01,-0.0009311314940156314,-0.0009311314940156314,0.0,0.0,0.9404878414740112
2020-09-02,-0.0021506984631516598,-0.0021506984631516598,0.0,0.0,0.9384651357187402
2020-09-03,0.002923548610649731,0.002923548610649731,0.0,0.0,0.941208784162414
2020-09-04,-0.004588665868964847,-0.004588665868964847,0.0,0.0,0.9368898915389581
2020-09-07,0.005388142018295454,0.005388142018295454,0.0,0.0,0.9419379873300755
2020-09-08,0.00048009477325809463,0.00048009477325809463,0.0,0.0,0.942390206834526
2020-09-09,-0.0020444257661995464,-0.0020444257661995464,0.0,0.0,0.9404635600138593
2020-09-10,0.004231960995280175,0.004231960995280175,0.0,0.0,0.9444435651173203
2020-09-11,-0.00033230624308629484,-0.00033230624308629484,0.0,0.0,0.9441297206243892
2020-09-14,0.0003100683738331504,0.0003100683738331504,0.0,0.0,0.9444224653915506
2020-09-15,0.00018565688526583763,0.00018565688526583763,0.0,0.0,0.9445978039248503
2020-09-16,0.000992250622415011,0.000992250622415011,0.0,0.0,0.9455350816837265
2020-09-17,-0.0048934353427988065,-0.0048934353427988065,0.0,0.0,0.9409081668971592
2020-09-18,3.7334359100897725e-05,3.7334359100897725e-05,0.0,0.0,0.9409432951005431
2020-09-21,-0.006547005175751413,-0.006547005175751413,0.0,0.0,0.9347829344774312
2020-09-22,-0.010996792097415798,-0.010996792097415798,0.0,0.0,0.9245033208907707
2020-09-23,-0.006241803211710951,-0.006241803211710951,0.0,0.0,0.9187327530931972
2020-09-24,-0.025264782777660325,-0.025264782777660325,0.0,0.0,0.8955211696555758
2020-09-25,0.006182597019863109,0.006182597019863109,0.0,0.0,0.9010578161703127
2020-09-28,0.016714944428710698,0.016714944428710698,0.0,0.0,0.9161189474946548
2020-09-29,0.0005298115031192506,0.0005298115031192506,0.0,0.0,0.916604317851263
2020-09-30,-0.0007127954732271314,-0.0007127954732271314,0.0,0.0,0.9159509664427582
2020-10-05,0.001258841444832971,0.001258841444832971,0.0,0.0,0.917104003480751
2020-10-06,0.01173563453510669,0.01173563453510669,0.0,0.0,0.9278668008962844
2020-10-07,-0.005393458657000025,-0.005393458657000025,0.0,0.0,0.9228623896664474
2020-10-08,0.0030589223006097766,0.0030589223006097766,0.0,0.0,0.925685354010592
2020-10-12,-0.001496517681029263,-0.001496517681029263,0.0,0.0,0.9243000495112454
2020-10-13,-0.0026105371812710255,-0.0026105371812710255,0.0,0.0,0.9218871298653457
2020-10-14,-0.00053429940858861,-0.00053429940858861,0.0,0.0,0.9213945661170732
2020-10-15,-0.005676854340283069,-0.005676854340283069,0.0,0.0,0.9161639433752982
2020-10-16,-0.00407775840417643,-0.00407775840417643,0.0,0.0,0.9124280481555961
2020-10-19,0.003728775921464884,0.003728775921464884,0.0,0.0,0.9158302878916278
2020-10-20,-0.00021032289119052107,-0.00021032289119052107,0.0,0.0,0.9156376678176386
2020-10-21,-0.0023788180008549927,-0.0023788180008549927,0.0,0.0,0.9134595324511731
2020-10-22,0.006574917541763052,0.006574917541763052,0.0,0.0,0.919465453554777
2020-10-23,0.0002173932040098147,0.0002173932040098147,0.0,0.0,0.9196653390957016
2020-10-26,0.006145641857369016,0.006145641857369016,0.0,0.0,0.9253172728984197
2020-10-27,-0.002475118816156991,-0.002475118816156991,0.0,0.0,0.9230270027053538
2020-10-28,-0.002377744279493127,-0.002377744279493127,0.0,0.0,0.9208322805298534
2020-10-29,-0.00914800482817186,-0.00914800482817186,0.0,0.0,0.9124085023816298
2020-10-30,-0.0049283854035610634,-0.0049283854035610634,0.0,0.0,0.9079118016364072
2020-11-02,0.01070092618920574,0.01070092618920574,0.0,0.0,0.9176272988120271
2020-11-03,0.007428580299327933,0.007428580299327933,0.0,0.0,0.9244439668861076
2020-11-04,-0.0005675109380066818,-0.0005675109380066818,0.0,0.0,0.9239193348233254
2020-11-05,0.005501717731028324,0.005501717731028324,0.0,0.0,0.9290024782097629
2020-11-06,0.0037840605236268052,0.0037840605236268052,0.0,0.0,0.9325178798139079
2020-11-09,0.0070081129498622535,0.0070081129498622535,0.0,0.0,0.9390530704434098
2020-11-10,0.009975946920474453,0.009975946920474453,0.0,0.0,0.948421014029662
2020-11-11,0.018479624834145114,0.018479624834145114,0.0,0.0,0.9659474785537495
2020-11-12,-0.009353668051404538,-0.009353668051404538,0.0,0.0,0.9569123264842665
2020-11-13,0.00020110325386082733,0.00020110325386082733,0.0,0.0,0.9571047646667821
2020-11-16,0.007771431351359574,0.007771431351359574,0.0,0.0,0.9645428386414491
2020-11-17,0.0017066047165762229,0.0017066047165762229,0.0,0.0,0.9661889319992143
2020-11-18,0.0053275616703387235,0.0053275616703387235,0.0,0.0,0.9713363631196389
2020-11-19,-0.0031657386909373607,-0.0031657386909373607,0.0,0.0,0.9682613660129966
2020-11-20,-0.0021924458242785763,-0.0021924458242785763,0.0,0.0,0.9661385054242712
2020-11-23,0.007450178526430715,0.007450178526430715,0.0,0.0,0.9733364097709409
2020-11-24,-0.0049526491225703245,-0.0049526491225703245,0.0,0.0,0.9685158160551232
2020-11-25,0.001353764130702696,0.001353764130702696,0.0,0.0,0.9698269580269168
2020-11-26,0.003593606660976508,0.003593606660976508,0.0,0.0,0.9733121346432769
2020-11-27,-0.0012467897750513901,-0.0012467897750513901,0.0,0.0,0.9720986190258702
2020-11-30,-0.003000960657354015,-0.003000960657354015,0.0,0.0,0.9691813893151054
2020-12-01,0.006905518768577272,0.006905518768577272,0.0,0.0,0.9758740895891768
2020-12-02,0.001299579317991495,0.001299579317991495,0.0,0.0,0.9771423153729707
2020-12-03,-0.0007452814040331618,-0.0007452814040331618,0.0,0.0,0.9764140693762293
2020-12-04,0.009936492740746915,0.009936492740746915,0.0,0.0,0.9861162006885493
2020-12-07,0.0010110648836285578,0.0010110648836285578,0.0,0.0,0.9871132281502427
2020-12-08,-0.007976409643180521,-0.007976409643180521,0.0,0.0,0.9792396086783142
2020-12-09,4.673777304715351e-05,4.673777304715351e-05,0.0,0.0,0.9792853761569033
2020-12-10,0.00044164850842454264,0.00044164850842454264,0.0,0.0,0.9797178760826051
2020-12-11,0.005750582673392608,0.005750582673392608,0.0,0.0,0.9853518247256187
2020-12-14,0.0005070286247467091,0.0005070286247467091,0.0,0.0,0.9858514263062008
2020-12-15,-0.008293225660460177,-0.008293225660460177,0.0,0.0,0.9776755379601569
2020-12-16,0.012967755874359308,0.012967755874359308,0.0,0.0,0.9903537956607571
2020-12-17,-0.001401780566140552,-0.001401780566140552,0.0,0.0,0.9889655369563962
2020-12-18,-0.005541188123873906,-0.005541188123873906,0.0,0.0,0.9834854928680928
2020-12-21,0.00822679340353458,0.00822679340353458,0.0,0.0,0.9915764248332919
2020-12-22,-0.00888527023914081,-0.00888527023914081,0.0,0.0,0.982766000335887
2020-12-23,-0.0006325599966154464,-0.0006325599966154464,0.0,0.0,0.9821443418780407
2020-12-24,0.004202867637371665,0.004202867637371665,0.0,0.0,0.9862721645477477
2020-12-25,0.0044773423290874305,0.0044773423290874305,0.0,0.0,0.990688042658078
2020-12-28,0.00606746573550798,0.00606746573550798,0.0,0.0,0.9966990084114833
2020-12-29,0.000796963846433464,0.000796963846433464,0.0,0.0,0.9974933414869634
2020-12-30,0.014731980665602766,0.014731980665602766,0.0,0.0,1.012188394107817
2020-12-31,-0.0038535026599991057,-0.0038535026599991057,0.0,0.0,1.0082879234387023
2021-01-04,-0.0009633042581750307,-0.0009633042581750307,0.0,0.0,1.0073166353885874
2021-01-05,0.004784034241845007,0.004784034241845007,0.0,0.0,1.0121356726646666
2021-01-06,-0.008383570139964172,-0.008383570139964172,0.0,0.0,1.0036503622617226
2021-01-07,0.005794791443049223,0.005794791443049223,0.0,0.0,1.00946630679277
2021-01-08,0.010921347386903958,0.010921347386903958,0.0,0.0,1.0204910390046287
2021-01-11,0.00593445634057542,0.00593445634057542,0.0,0.0,1.0265470985215501
2021-01-12,-0.010542318307223074,-0.010542318307223074,0.0,0.0,1.0157249122515797
2021-01-13,0.00867242795838919,0.00867242795838919,0.0,0.0,1.0245337133786228
2021-01-14,0.0009295701401075382,0.0009295701401075382,0.0,0.0,1.025486089326113
2021-01-15,-0.010942279133557416,-0.010942279133557416,0.0,0.0,1.0142649342891266
2021-01-18,-0.006232244542113717,-0.006232244542113717,0.0,0.0,1.0079437871881458
2021-01-19,0.0004132076179059477,0.0004132076179059477,0.0,0.0,1.008360277239433
2021-01-20,-0.023075583721817422,-0.023075583721817422,0.0,0.0,0.9850917752402394
2021-01-21,0.0035093770834207236,0.0035093770834207236,0.0,0.0,0.9885488337413337
2021-01-22,0.0007744519504352178,0.0007744519504352178,0.0,0.0,0.989314417313725
2021-01-25,0.010571663656552915,0.010571663656552915,0.0,0.0,0.9997731165841444
2021-01-26,-0.006612727485498784,-0.006612727485498784,0.0,0.0,0.9931618894168456
2021-01-27,0.00019707790797799144,0.00019707790797799144,0.0,0.0,0.9933576196842954
2021-01-28,-0.0068668301086178204,-0.0068668301086178204,0.0,0.0,0.9865364016728224
2021-01-29,-0.014590813471357676,-0.014590813471357676,0.0,0.0,0.9721420330533098
2021-02-01,0.009010597478246151,0.009010597478246151,0.0,0.0,0.9809016136048371
2021-02-02,0.009216691176746448,0.009216691176746448,0.0,0.0,0.989942280852205
2021-02-03,0.00347192975810404,0.00347192975810404,0.0,0.0,0.9933792909159013
2021-02-04,-0.004057315658190136,-0.004057315658190136,0.0,0.0,0.9893488375643464
2021-02-05,0.0033644979360780447,0.0033644979360780447,0.0,0.0,0.992677499686393
2021-02-17,0.015573255177156669,0.015573255177156669,0.0,0.0,1.008136719697631
2021-02-18,0.004670657025182135,0.004670657025182135,0.0,0.0,1.0128453805498308
2021-02-19,-0.0005173624792092408,-0.0005173624792092408,0.0,0.0,1.0123213723526938
2021-02-22,0.003705687485936457,0.003705687485936457,0.0,0.0,1.0160727189939671
2021-02-23,0.013650085362656524,0.013650085362656524,0.0,0.0,1.0299421983429011
2021-02-24,-0.00044833003041520804,-0.00044833003041520804,0.0,0.0,1.029480444325792
2021-02-25,0.01596771005753315,0.01596771005753315,0.0,0.0,1.0459188895706866
2021-02-26,-0.018933723609288293,-0.018933723609288293,0.0,0.0,1.0261157503978215
2021-03-02,-0.0006374549606549883,-0.0006374549606549883,0.0,0.0,1.0254616478225242
2021-03-03,0.011884281453492185,0.011884281453492185,0.0,0.0,1.0376485226650092
2021-03-04,-0.005611900521783428,-0.005611900521783428,0.0,0.0,1.0318253423792376
2021-03-05,-0.0015850657947431423,-0.0015850657947431423,0.0,0.0,1.0301898313228832
2021-03-08,0.0012340883523942491,0.0012340883523942491,0.0,0.0,1.031461176594474
2021-03-09,0.015182311577595147,0.015182311577595147,0.0,0.0,1.047121141557724
2021-03-10,0.005165439970662716,0.005165439970662716,0.0,0.0,1.052529982956452
2021-03-11,0.0049599723978350375,0.0049599723978350375,0.0,0.0,1.05775050261981
2021-03-12,0.003908621450939295,0.003908621450939295,0.0,0.0,1.0618848489240917
2021-03-15,0.0038249873974695496,0.0038249873974695496,0.0,0.0,1.0659465450887904
2021-03-16,0.004044205310645586,0.004044205310645586,0.0,0.0,1.0702574517673027
2021-03-17,-0.003218993833112919,-0.003218993833112919,0.0,0.0,1.0668122996302205
2021-03-18,0.004100570391023524,0.0033401174746953075,0.4906147847278815,0.0007604529163282163,1.0703755780344353
2021-03-19,-0.009060336053529947,-0.009060336053529947,0.0,0.0,1.060677615593952
2021-03-22,0.00873218157176524,0.00873218157176524,0.0,0.0,1.0699396451224252
2021-03-23,0.00299380960736674,0.00299380960736674,0.0,0.0,1.0731428407112953
2021-03-24,0.002038158199551011,0.002038158199551011,0.0,0.0,1.0753300755913804
2021-03-25,0.005466338930615238,0.005466338930615238,0.0,0.0,1.081208194246847
2021-03-26,0.0035293303767168754,0.0035293303767168754,0.0,0.0,1.0850241351703576
2021-03-29,0.013179041472062582,0.013179041472062582,0.0,0.0,1.0993237132459563
2021-03-30,0.005776812562676819,0.005776812562676819,0.0,0.0,1.1056743002830842
2021-03-31,-0.0005584074248660721,-0.0005584074248660721,0.0,0.0,1.1050568835443224
2021-04-01,-0.0018988527928175578,-0.0018988527928175578,0.0,0.0,1.102958543194782
2021-04-06,0.002123482371369197,0.002123482371369197,0.0,0.0,1.105300656217607
2021-04-07,0.005489876763297117,0.005489876763297117,0.0,0.0,1.1113686206066333
2021-04-08,-0.002586699147072794,-0.002586699147072794,0.0,0.0,1.1084938443436267
2021-04-09,-0.0016557991993326293,-0.0016557991993326293,0.0,0.0,1.1066584011236973
2021-04-12,0.011270260191245947,0.011270260191245947,0.0,0.0,1.1191307292471897
2021-04-13,-0.0032530897273263647,-0.0032530897273263647,0.0,0.0,1.1154900965683403
2021-04-14,-0.001714212802092681,-0.001714212802092681,0.0,0.0,1.1135779091641953
2021-04-15,0.010174860416747516,0.010174860416747516,0.0,0.0,1.1249084089531145
2021-04-16,0.008997635090109894,0.008997635090109894,0.0,0.0,1.1350299243266708
2021-04-19,0.019498899536415717,0.019498899536415717,0.0,0.0,1.1571617587919423
2021-04-20,0.003632480211205496,0.003632480211205496,0.0,0.0,1.1613651259819178
2021-04-21,-0.001090932898384805,-0.001090932898384805,0.0,0.0,1.1600981545589473
2021-04-22,-0.003439891349436269,-0.003439891349436269,0.0,0.0,1.1561075429525831
2021-04-23,-0.0003254657391328804,-0.0003254657391328804,0.0,0.0,1.155731269556599
2021-04-26,0.014999330351002094,0.014999330351002094,0.0,0.0,1.1730664646656617
2021-04-27,0.000359132990379955,0.000359132990379955,0.0,0.0,1.1734877515330315
2021-04-28,0.0011782162035994497,0.0011782162035994497,0.0,0.0,1.174870373816613
2021-04-29,-0.004505004955994572,-0.004505004955994572,0.0,0.0,1.169577576959918
2021-05-03,-0.01028453954992794,-0.01028453954992794,0.0,0.0,1.1575490101129648
2021-05-04,-0.019175452738254523,-0.019175452738254523,0.0,0.0,1.1353524837773303
2021-05-05,0.0042733844511575894,0.0042733844511575894,0.0,0.0,1.1402042814280875
2021-05-06,0.009131927665074927,0.009131927665074927,0.0,0.0,1.1506165444494976
2021-05-07,0.010318673337775966,0.010318673337775966,0.0,0.0,1.1624893807087127
2021-05-10,0.01100454039482348,0.01100454039482348,0.0,0.0,1.1752820420572752
2021-05-11,-0.02545016476059942,-0.02545016476059942,0.0,0.0,1.1453709204467437
2021-05-12,-0.0433146342809927,-0.0433146342809927,0.0,0.0,1.0957595979115091
2021-05-13,-0.007442951263712058,-0.007442951263712058,0.0,0.0,1.087603912627509
2021-05-14,0.010470805208733459,0.010470805208733459,0.0,0.0,1.098992001340888
2021-05-17,-0.035101427711499086,-0.035101427711499086,0.0,0.0,1.0604158130503052
2021-05-18,0.04230407575978637,0.04230407575978637,0.0,0.0,1.1052757239424607
2021-05-19,-0.0005143539522254044,-0.0005143539522254044,0.0,0.0,1.104707221005552
2021-05-20,-0.0043656743298775965,-0.0043656743298775965,0.0,0.0,1.0998844290487777
2021-05-21,0.011298371206436961,0.011298371206436961,0.0,0.0,1.1123113316123507
2021-05-24,7.350432478417688e-05,7.350432478417688e-05,0.0,0.0,1.1123930913057307
2021-05-25,0.008595783354706676,0.008595783354706676,0.0,0.0,1.1219549813238672
2021-05-26,0.0008163319767320043,0.0008163319767320043,0.0,0.0,1.1228708690515756
2021-05-27,-0.005234138918930338,-0.005234138918930338,0.0,0.0,1.1169936069349398
2021-05-28,0.012051585141823489,0.012051585141823489,0.0,0.0,1.1304551504917888
2021-05-31,0.009708086707899006,0.009708086707899006,0.0,0.0,1.141429707112154
2021-06-01,0.005492731516361403,0.005492731516361403,0.0,0.0,1.14769927403812
2021-06-02,0.0026991394329845373,0.0026991394329845373,0.0,0.0,1.150797074405884
2021-06-03,0.001278611366114478,0.001278611366114478,0.0,0.0,1.1522684966253107
2021-06-04,-0.0035878549104472602,-0.0035878549104472602,0.0,0.0,1.14813432444154
2021-06-07,-0.0042213987260228784,-0.0042213987260228784,0.0,0.0,1.1432875916670393
2021-06-08,0.0012786636761289655,0.0012786636761289655,0.0,0.0,1.144749471981873
2021-06-09,-0.00748436658378029,-0.00748436658378029,0.0,0.0,1.1361817472869717
2021-06-10,0.002642724448068377,0.002642724448068377,0.0,0.0,1.139184362567976
2021-06-11,0.001437674039105937,0.001437674039105937,0.0,0.0,1.1408221383517956
2021-06-15,-0.0024310348248706066,-0.0024310348248706066,0.0,0.0,1.138048760004479
2021-06-16,-0.0014953059479600305,-0.0014953059479600305,0.0,0.0,1.1363470289245758
2021-06-17,0.0021771357850499684,0.0021771357850499684,0.0,0.0,1.1388210107054828
2021-06-18,-0.007041833697479663,-0.007041833697479663,0.0,0.0,1.130801622536899
2021-06-21,-0.006561467187860241,-0.006561467187860241,0.0,0.0,1.123381904794644
2021-06-22,0.00368458503734978,0.00368458503734978,0.0,0.0,1.1275211009522799
2021-06-23,0.011203787744818873,0.011203787744818873,0.0,0.0,1.1401536080451535
2021-06-24,0.0023692988044861853,0.0023692988044861853,0.0,0.0,1.1428549726256254
2021-06-25,0.005181134739555666,0.005181134739555666,0.0,0.0,1.14877625822657
2021-06-28,0.0033153992373239865,0.0033153992373239865,0.0,0.0,1.1525849101569503
2021-06-29,-0.005650831372997703,-0.005650831372997703,0.0,0.0,1.1460718471865916
2021-06-30,0.004536948115765173,0.004536948115765173,0.0,0.0,1.1512715156942162
2021-07-01,-0.003689033002403737,-0.003689033002403737,0.0,0.0,1.1470244370780929
2021-07-02,0.00030483311964371975,0.00030483311964371975,0.0,0.0,1.147374088115555
2021-07-05,0.00968779184735774,0.00968779184735774,0.0,0.0,1.1584896094522703
2021-07-06,0.001857019629128341,0.001857019629128341,0.0,0.0,1.1606409473971644
2021-07-07,-0.0011957017305939009,-0.0011957017305939009,0.0,0.0,1.1592531670077635
2021-07-08,0.006408031431310884,0.006408031431310884,0.0,0.0,1.166681697738796
2021-07-09,-0.0023721274218862142,-0.0023721274218862142,0.0,0.0,1.163914180090977
2021-07-12,0.0031574324306423754,0.0031574324306423754,0.0,0.0,1.1675891604696809
2021-07-13,0.0018603422894203309,0.0018603422894203309,0.0,0.0,1.1697612759615714
2021-07-14,-0.0012782139902063555,-0.0012782139902063555,0.0,0.0,1.1682660707334358
2021-07-15,0.004410381653462367,0.004410381653462367,0.0,0.0,1.1734185699781612
2021-07-16,0.009076588457675637,0.009076588457675637,0.0,0.0,1.1840692074264472
2021-07-19,-0.0015066539335019241,-0.0015066539335019241,0.0,0.0,1.1822852248975395
2021-07-20,-0.012304264390275816,-0.012304264390275816,0.0,0.0,1.1677380749056836
2021-07-21,-0.00198647489097411,-0.00198647489097411,0.0,0.0,1.165418392540649
2021-07-22,0.007611720499272709,0.007611720499272709,0.0,0.0,1.17428923160938
2021-07-23,0.001999069786282101,0.001999069786282101,0.0,0.0,1.1766367177326469
2021-07-26,-0.007074275767140811,-0.007074275767140811,0.0,0.0,1.1683128651136627
2021-07-27,-0.006711895440051507,-0.006711895440051507,0.0,0.0,1.1604712713217529
2021-07-28,-0.005087377659755989,-0.005087377659755989,0.0,0.0,1.154567515701242
2021-07-29,0.004990173610141934,0.004990173610141934,0.0,0.0,1.1603290080492215
2021-07-30,-0.006505123580084369,-0.006505123580084369,0.0,0.0,1.1527809244583045
2021-08-02,0.010645873583606765,0.010645873583606765,0.0,0.0,1.165053284449681
2021-08-03,0.0012573453126157336,0.0012573453126157336,0.0,0.0,1.1665181587358313
2021-08-04,0.004412434880546072,0.004412434880546072,0.0,0.0,1.1716653441482276
2021-08-05,0.0017805503521907506,0.0017805503521907506,0.0,0.0,1.1737515532894005
2021-08-06,-0.002020430214281818,-0.002020430214281818,0.0,0.0,1.1713800701870745
2021-08-09,-0.004299324670924316,-0.004299324670924316,0.0,0.0,1.1663439269522902
2021-08-10,-0.004876361484283498,-0.004876361484283498,0.0,0.0,1.160656412349472
2021-08-11,-0.002205729626070319,-0.002205729626070319,0.0,0.0,1.1580963181150643
2021-08-12,-0.004799061451305609,-0.004799061451305609,0.0,0.0,1.1525385427178994
2021-08-13,-0.005006031196612555,-0.005006031196612555,0.0,0.0,1.1467688988177551
2021-08-16,-0.012374824705094399,-0.012374824705094399,0.0,0.0,1.1325778347176312
2021-08-17,0.001683386863939395,0.001683386863939395,0.0,0.0,1.1344844013669837
2021-08-18,0.005885011930422283,0.005885011930422283,0.0,0.0,1.1411608556039063
2021-08-19,-0.014903767417903353,-0.014903767417903353,0.0,0.0,1.1241532596255701
2021-08-20,-0.0021037955082052234,-0.0021037955082052234,0.0,0.0,1.1217882710474356
2021-08-23,0.005914906852865772,0.005914906852865772,0.0,0.0,1.1284235441793184
2021-08-24,0.007328926247008549,0.007328926247008549,0.0,0.0,1.1366936771099967
2021-08-25,0.0021765348454847325,0.0021765348454847325,0.0,0.0,1.1391677305068688
2021-08-26,-0.0028052626446988652,-0.0028052626446988652,0.0,0.0,1.1359720658264316
2021-08-27,0.014009040329580573,0.014009040329580573,0.0,0.0,1.151885944309871
2021-08-30,0.013605023749505802,0.013605023749505802,0.0,0.0,1.1675573799389287
2021-08-31,0.0013516247141365997,0.0013516247141365997,0.0,0.0,1.1691354793488267
2021-09-01,-0.006351063006148042,-0.006351063006148042,0.0,0.0,1.1617102262567591
2021-09-02,-0.009523272539588599,-0.009523272539588599,0.0,0.0,1.1506469431600888
2021-09-03,0.008197576743485962,0.008197576743485962,0.0,0.0,1.160079459781301
2021-09-06,-0.006568126267384023,-0.006568126267384023,0.0,0.0,1.1524599114092586
2021-09-07,-0.0022969452127247687,-0.0022969452127247687,0.0,0.0,1.14981277413289
2021-09-08,-0.005359104467420248,-0.005359104467420248,0.0,0.0,1.1436508073583376
2021-09-09,-0.0015111686147974653,-0.0015111686147974653,0.0,0.0,1.1419225581519699
2021-09-10,0.007501807245492864,0.007501807245492864,0.0,0.0,1.1504890410725062
2021-09-13,0.0044197855269396125,0.0044197855269396125,0.0,0.0,1.1555739558851412
2021-09-14,0.0023165047038335917,0.0023165047038335917,0.0,0.0,1.1582508483895768
2021-09-15,0.00020734329590107634,0.00020734329590107634,0.0,0.0,1.1584910039379621
2021-09-16,0.00010539919288363331,0.00010539919288363331,0.0,0.0,1.1586131079547402
2021-09-17,-0.004351033108025175,-0.004351033108025175,0.0,0.0,1.153571943962637
2021-09-22,-0.0122624371705998,-0.0122624371705998,0.0,0.0,1.1394263404780285
2021-09-23,0.006547646894837684,0.006547646894837684,0.0,0.0,1.1468869018181558
2021-09-24,0.0034152882826695755,0.0034152882826695755,0.0,0.0,1.1508038512154826
2021-09-27,0.0031273845026947313,0.0031273845026947313,0.0,0.0,1.1544028573454153
2021-09-28,-0.0012758443714748907,-0.0012758443714748907,0.0,0.0,1.1529300189574565
2021-09-29,-0.006888547518058053,-0.006888547518058053,0.0,0.0,1.1449880057368726
2021-09-30,0.0017993322797074842,0.0017993322797074842,0.0,0.0,1.1470482196154728
2021-10-01,-0.012652584462383308,-0.012652584462383308,0.0,0.0,1.1325350951343616
2021-10-04,-0.0021877046111948924,-0.0021877046111948924,0.0,0.0,1.1300574428843961
2021-10-05,0.002124618546718908,0.002124618546718908,0.0,0.0,1.1324583838864062
2021-10-06,0.002309489679106341,0.002309489679106341,0.0,0.0,1.1350737848360093
2021-10-07,0.008937157402375018,0.008937157402375018,0.0,0.0,1.1452181179143983
2021-10-08,-0.0015795781111716362,-0.0015795781111716362,0.0,0.0,1.1434091564428237
2021-10-12,-0.003841749896092935,-0.003841749896092935,0.0,0.0,1.1390164644348677
2021-10-13,-0.0018379463851914421,-0.0018379463851914421,0.0,0.0,1.1369230132413861
2021-10-14,-0.002514160433048233,-0.002514160433048233,0.0,0.0,1.1340646063860726
2021-10-15,0.008888198505328734,0.008888198505328734,0.0,0.0,1.1441443977254995
2021-10-18,0.0028364422859059758,0.0028364422859059758,0.0,0.0,1.1473896972763904
2021-10-19,0.0018333541324057428,0.0018333541324057428,0.0,0.0,1.149493268919372
2021-10-20,-0.00014187845658513066,-0.00014187845658513066,0.0,0.0,1.1493301805885228
2021-10-21,0.0006504961096538645,0.0006504961096538645,0.0,0.0,1.1500778153997033
2021-10-22,0.0001854907914718978,0.0001854907914718978,0.0,0.0,1.1502911442439359
2021-10-25,0.0019385716214544322,0.0019385716214544322,0.0,0.0,1.1525210660125775
2021-10-26,0.005735426611351813,0.005735426611351813,0.0,0.0,1.1591312660047297
2021-10-27,0.0008089313006048089,0.0008089313006048089,0.0,0.0,1.1600689235673105
2021-10-28,0.0010306925325476294,0.0010306925325476294,0.0,0.0,1.1612645979440719
2021-10-29,-0.0031798816641627945,-0.0031798816641627945,0.0,0.0,1.1575719139418281
2021-11-01,0.0005814396371081924,0.0005814396371081924,0.0,0.0,1.1582449721353971
2021-11-02,-0.0010304105531571766,-0.0010304105531571766,0.0,0.0,1.1570515042929674
2021-11-03,0.0045595791641031055,0.0045595791641031055,0.0,0.0,1.1623271722237358
2021-11-04,4.920257613434545e-06,4.920257613434545e-06,0.0,0.0,1.162332891172854
2021-11-05,0.0038420542939815614,0.0038420542939815614,0.0,0.0,1.166798637248421
2021-11-08,0.003871553689705471,0.003871553689705471,0.0,0.0,1.1713159608176031
2021-11-09,0.00039707040126831894,0.00039707040126831894,0.0,0.0,1.171781055716177
2021-11-10,0.0025236870026227073,0.0025236870026227073,0.0,0.0,1.1747382643364073
2021-11-11,0.0011254837435452475,0.0011254837435452475,0.0,0.0,1.1760604131558385
2021-11-12,0.007898041128116389,0.007898041128116389,0.0,0.0,1.1853489866680929
2021-11-15,0.004211048673512516,0.004211048673512516,0.0,0.0,1.190340548946051
2021-11-16,0.0016034495809338438,0.0016034495809338438,0.0,0.0,1.192249200000427
2021-11-17,0.012299913468636637,0.012299913468636637,0.0,0.0,1.2069137619934833
2021-11-18,0.0070534524918070335,0.0070534524918070335,0.0,0.0,1.2154266708754125
2021-11-19,-0.00976887491488714,-0.00976887491488714,0.0,0.0,1.2035533197594128
2021-11-22,-0.0020668959598882275,-0.0020668959598882275,0.0,0.0,1.201065700265292
2021-11-23,-0.003623189454663375,-0.003623189454663375,0.0,0.0,1.1967140116857329
2021-11-24,0.005800303819188493,0.005800303819188493,0.0,0.0,1.20365531653819
2021-11-25,0.0002503913026118253,0.0002503913026118253,0.0,0.0,1.2039567013607935
2021-11-26,-0.015382481159122975,-0.015382481159122975,0.0,0.0,1.1854368600857113
2021-11-29,-0.005880433942979123,-0.005880433942979123,0.0,0.0,1.1784659769364048
2021-11-30,-0.000667008083505518,-0.000667008083505518,0.0,0.0,1.177679930603652
2021-12-01,0.01046255243928705,0.01046255243928705,0.0,0.0,1.1900014686342886
2021-12-02,-0.0006054283774001613,-0.0006054283774001613,0.0,0.0,1.1892810079760294
2021-12-03,0.003593071662237331,0.003593071662237331,0.0,0.0,1.1935541798642253
2021-12-06,0.005303224192583887,0.005303224192583887,0.0,0.0,1.1998838652660408
2021-12-07,0.0073851038906870645,0.0073851038906870645,0.0,0.0,1.2087451322677898
2021-12-08,0.0014803537022521683,0.0014803537022521683,0.0,0.0,1.2105345025994216
2021-12-09,0.0044029043994201315,0.0044029043994201315,0.0,0.0,1.2158643702865664
2021-12-10,-0.0008563007470055827,-0.0008563007470055827,0.0,0.0,1.2148232247180324
2021-12-13,-0.003637636740571409,-0.003637636740571409,0.0,0.0,1.2104041391224987
2021-12-14,-0.006664788091466105,-0.006664788091466105,0.0,0.0,1.2023370520302137
2021-12-15,0.0001988749800162715,0.0001988749800162715,0.0,0.0,1.202576166787409
2021-12-16,0.00410202105166097,0.00410202105166097,0.0,0.0,1.2075091595397967
2021-12-17,0.004945512351637405,0.004945512351637405,0.0,0.0,1.2134809110030158
2021-12-20,-0.006048362028771448,-0.006048362028771448,0.0,0.0,1.2061413391382663
2021-12-21,0.005462037655318702,0.005462037655318702,0.0,0.0,1.212729328550276
2021-12-22,0.000150300934214898,0.000150300934214898,0.0,0.0,1.212911602901307
2021-12-23,0.004260118827225391,0.004260118827225391,0.0,0.0,1.2180787504565869
2021-12-24,0.0018622871388007953,0.0018622871388007953,0.0,0.0,1.2203471628476086
2021-12-27,0.002328742457293387,0.002328742457293387,0.0,0.0,1.2231890370983693
2021-12-28,0.005977773743052648,0.005977773743052648,0.0,0.0,1.2305009844071257
2021-12-29,0.005782038326755009,0.005782038326755009,0.0,0.0,1.2376157882600776
2021-12-30,-0.0016515394472739172,-0.0016515394472739172,0.0,0.0,1.235571816965197
2022-01-03,-0.00514247396197026,-0.00514247396197026,0.0,0.0,1.2292179210683092
2022-01-04,0.001652993005398512,0.001652993005398512,0.0,0.0,1.2312498096939457
2022-01-05,0.002995115846094729,0.002995115846094729,0.0,0.0,1.2349375455094613
2022-01-06,0.002861039935972829,0.002861039935972829,0.0,0.0,1.2384707511455961
2022-01-07,0.0008055293304227273,0.0008055293304227273,0.0,0.0,1.2394683756605147
2022-01-10,0.0044238562540328315,0.0044238562540328315,0.0,0.0,1.2449516055858565
2022-01-11,0.011505953618177606,0.011505953618177606,0.0,0.0,1.259275961016603
2022-01-12,0.0029617841900497367,0.0029617841900497367,0.0,0.0,1.263005664648852
2022-01-13,0.012856362725741291,0.012856362725741291,0.0,0.0,1.2792433235982434
2022-01-14,-0.006672256607510234,-0.006672256607510234,0.0,0.0,1.2707078838797516
2022-01-17,-0.0023929209789603847,-0.0023929209789603847,0.0,0.0,1.2676671803262853
2022-01-18,0.004684894435009866,0.004684894435009866,0.0,0.0,1.2736060672448408
2022-01-19,-0.004210378718111021,-0.004210378718111021,0.0,0.0,1.2682437033640561
2022-01-20,-0.0006929506093124125,-0.0006929506093124125,0.0,0.0,1.2673648731170535
2022-01-21,-0.011680658892410996,-0.011680658892410996,0.0,0.0,1.2525612163419495
2022-01-24,-0.002948538968680032,-0.002948538968680032,0.0,0.0,1.2488679907849078
2022-01-25,-0.0078513005540167,-0.0078513005540167,0.0,0.0,1.2390627528369644
2022-01-26,0.0019397612487164761,0.0019397612487164761,0.0,0.0,1.2414662387496456
2022-02-07,0.021640969401649893,0.021640969401649893,0.0,0.0,1.268332771635608
2022-02-08,0.00917037860504545,0.00917037860504545,0.0,0.0,1.2799638633486932
2022-02-09,0.00796465589939878,0.00796465589939878,0.0,0.0,1.2901583350839307
2022-02-10,0.002870500656733582,0.002870500656733582,0.0,0.0,1.2938617354320794
2022-02-11,-0.002175416360590926,-0.002175416360590926,0.0,0.0,1.291047047444478
2022-02-14,-0.009228799742826517,-0.009228799742826517,0.0,0.0,1.2791322327850454
2022-02-15,-0.003741589489514169,-0.003741589489514169,0.0,0.0,1.274346245067158
2022-02-16,0.008112478999063533,0.008112478999063533,0.0,0.0,1.284684352217801
2022-02-17,0.003629217680824969,0.003629217680824969,0.0,0.0,1.2893467513831491
2022-02-18,0.00037818120622832565,0.00037818120622832565,0.0,0.0,1.2898343580928338
2022-02-21,0.003367494856614954,0.003367494856614954,0.0,0.0,1.2941778686595966
2022-02-22,-0.008247477874068473,-0.008247477874068473,0.0,0.0,1.2835041653227175
2022-02-23,0.004082693001318024,0.004082693001318024,0.0,0.0,1.288744318795643
2022-02-24,-0.01661211458416949,-0.01661211458416949,0.0,0.0,1.2673355505021124
2022-02-25,-0.0017610357035001789,-0.0017610357035001789,0.0,0.0,1.2651037273493633
2022-03-01,0.011753871752265785,0.011753871752265785,0.0,0.0,1.2799735943139412
2022-03-02,0.002104780212408404,0.002104780212408404,0.0,0.0,1.2826676574076583
2022-03-03,0.0018969944820194983,0.0018969944820194983,0.0,0.0,1.2851008708760256
2022-03-04,-0.009232995608212481,-0.009232995608212481,0.0,0.0,1.2732355401791173
2022-03-07,-0.022106555573324155,-0.022106555573324155,0.0,0.0,1.2450886879522163
2022-03-08,-0.012612272267209028,-0.012612272267209028,0.0,0.0,1.2293852904229408
2022-03-09,0.004273987295170485,0.004273987295170485,0.0,0.0,1.234639667535078
2022-03-10,0.02260639613082149,0.02260639613082149,0.0,0.0,1.2625504209382015
2022-03-11,-0.003950957057036882,-0.003950957057036882,0.0,0.0,1.257562138442731
2022-03-14,0.00487737470412227,0.00487737470412227,0.0,0.0,1.2636957402056332
2022-03-15,-0.0011819362678106217,-0.0011819362678106217,0.0,0.0,1.2622021323788064
2022-03-16,0.010035082398826813,0.010035082398826813,0.0,0.0,1.2748684347812027
2022-03-17,0.011422791730186642,0.011422791730186642,0.0,0.0,1.2894309913950974
2022-03-18,0.006292739349459677,0.006292739349459677,0.0,0.0,1.297545044533062
2022-03-21,0.0005669346603546589,0.0005669346603546589,0.0,0.0,1.2982806677921794
2022-03-22,0.003525589643342452,0.003525589643342452,0.0,0.0,1.3028578726686992
2022-03-23,0.010428765902666415,0.010428765902666415,0.0,0.0,1.3164450724272072
2022-03-24,0.0013829137051398022,0.0013829137051398022,0.0,0.0,1.3182656023599304
2022-03-25,-0.003748391138727573,-0.003748391138727573,0.0,0.0,1.313324227257555
2022-03-28,0.0020943709504148006,0.0020943709504148006,0.0,0.0,1.3160748153675992
2022-03-29,-0.0024812194684755047,-0.0028035262976391544,0.20793988978299976,0.00032230682916364965,1.3123851650130556
2022-03-30,0.008902563737873537,0.008902563737873537,0.0,0.0,1.324068757593224
2022-03-31,0.0058029382138312605,0.0058029382138312605,0.0,0.0,1.3317522467844016
2022-04-01,0.0031697363828787793,0.0031697363828787793,0.0,0.0,1.3359735503340149
2022-04-06,0.013999239362153372,0.013999239362153372,0.0,0.0,1.3546761638466465
2022-04-07,-0.014886741709115713,-0.014886741709115713,0.0,0.0,1.3345094496959657
2022-04-08,0.012043825112313947,0.012043825112313947,0.0,0.0,1.3505820481188344
2022-04-11,-0.0036831352029236576,-0.0036831352029236576,0.0,0.0,1.3456076718329713
2022-04-12,-0.006140454833898593,-0.006140454833898593,0.0,0.0,1.3373450286999335
2022-04-13,0.007339705084651014,0.007339705084651014,0.0,0.0,1.3471607468070153
2022-04-14,-0.01516089877805103,-0.01516089877805103,0.0,0.0,1.3267365790869103
2022-04-15,-0.004887485046457433,-0.004887485046457433,0.0,0.0,1.3202521738960349
2022-04-18,-0.013960628556983906,-0.013960628556983906,0.0,0.0,1.3018206236947218
2022-04-19,0.0007509863559410348,0.0007509863559410348,0.0,0.0,1.302798273220999
2022-04-20,0.00867761539839365,0.00867761539839365,0.0,0.0,1.3141034555777023
2022-04-21,-0.006269979903538501,-0.006269979903538501,0.0,0.0,1.3058640533200596
2022-04-22,0.004796234638205463,0.004796234638205463,0.0,0.0,1.3121272837253808
2022-04-25,-0.014979719725879,-0.014979719725879,0.0,0.0,1.2924719847704957
2022-04-26,0.010958105534801577,0.010958105534801577,0.0,0.0,1.3066350291803852
2022-04-27,-0.013299498258245942,-0.013299498258245942,0.0,0.0,1.2892574388856375
2022-04-28,0.003452278910725102,0.003452278910725102,0.0,0.0,1.293708315152398
2022-04-29,0.006158757575433083,0.006158757575433083,0.0,0.0,1.3016759510387437
2022-05-03,-0.007734513339142525,-0.007734513339142525,0.0,0.0,1.2916081210321935
2022-05-04,-0.0007967059402459544,-0.0007967059402459544,0.0,0.0,1.2905790891696973
2022-05-05,-0.004895039007139841,-0.004895039007139841,0.0,0.0,1.2842616541864127
2022-05-06,-0.010842586244725097,-0.010842586244725097,0.0,0.0,1.2703369364401031
2022-05-09,-0.026997427672590828,-0.026997427672590828,0.0,0.0,1.236041106878741
2022-05-10,0.0007987372056150884,0.0007987372056150884,0.0,0.0,1.2370283788984746
2022-05-11,-0.007028610148342782,-0.007028610148342782,0.0,0.0,1.2283337886807608
2022-05-12,-0.024577148333110945,-0.024577148333110945,0.0,0.0,1.1981448469537817
2022-05-13,0.00474687580348629,0.00474687580348629,0.0,0.0,1.2038322917368585
2022-05-16,-0.0020335960752515866,-0.0020335960752515866,0.0,0.0,1.2013841831131213
2022-05-17,-0.0012171459973405962,-0.0012171459973405962,0.0,0.0,1.1999219231633769
2022-05-18,0.023170469635442417,0.023170469635442417,0.0,0.0,1.2277246776489357
2022-05-19,-0.017634250176666748,-0.017634250176666748,0.0,0.0,1.2060746735352068
2022-05-20,0.0066992883275948855,0.0066992883275948855,0.0,0.0,1.214154515517829
2022-05-23,0.00016627454314669933,0.00016627454314669933,0.0,0.0,1.2143563985052064
2022-05-24,-0.003438325655314131,-0.003438325655314131,0.0,0.0,1.210181045745531
2022-05-25,0.0035876621237105064,0.0035876621237105064,0.0,0.0,1.2145227664461848
2022-05-26,-0.0010515503157137321,-0.0010515503157137321,0.0,0.0,1.213245634647687
2022-05-27,0.011752609137363928,0.011752609137363928,0.0,0.0,1.2275044363793142
2022-05-30,0.0153929748052689,0.0153929748052689,0.0,0.0,1.2463993812418566
2022-05-31,0.005025206830950135,0.005025206830950135,0.0,0.0,1.2526627959265653
2022-06-01,-0.009530240085889105,-0.009530240085889105,0.0,0.0,1.240724618734724
2022-06-02,-0.0035284179328808687,-0.0035284179328808687,0.0,0.0,1.2363468237402138
2022-06-06,0.006322016260251322,0.006322016260251322,0.0,0.0,1.2441630284632095
2022-06-07,-0.004674959399998878,-0.004674959399998878,0.0,0.0,1.2383466168181643
2022-06-08,0.004020760516453985,0.004020760516453985,0.0,0.0,1.243325712000751
2022-06-09,-0.006301479568797581,-0.006301479568797581,0.0,0.0,1.2354909204292177
2022-06-10,-0.006250782610665808,-0.006250782610665808,0.0,0.0,1.2277681352681633
2022-06-13,-0.012739513336207266,-0.012739513336207266,0.0,0.0,1.2121269667351442
2022-06-14,0.004786458520249901,0.004786458520249901,0.0,0.0,1.2179287621826984
2022-06-15,-0.00023661879057088563,-0.00023661879057088563,0.0,0.0,1.2176405773519892
2022-06-16,-0.0050625499985310005,-0.0050625499985310005,0.0,0.0,1.2114762110489046
2022-06-17,-0.010110661258386276,-0.010110661258386276,0.0,0.0,1.199227385456396
2022-06-20,-0.01566914014405139,-0.01566914014405139,0.0,0.0,1.1804365234890952
2022-06-21,0.025562630489374332,0.025562630489374332,0.0,0.0,1.2106115861552087
2022-06-22,-0.012996544711998683,-0.012996544711998683,0.0,0.0,1.194877818546879
2022-06-23,0.001353342107666291,0.001353342107666291,0.0,0.0,1.1964948970122349
2022-06-24,0.009188008505423471,0.009188008505423471,0.0,0.0,1.207488302302679
2022-06-27,0.0026347128906211857,0.0026347128906211857,0.0,0.0,1.2106696872980303
2022-06-28,-0.005590691202228325,-0.005590691202228325,0.0,0.0,1.2039012069284487
2022-06-29,-0.0054706072265674095,-0.0054706072265674095,0.0,0.0,1.1973151362857526
2022-06-30,-0.020499893464029948,-0.020499893464029948,0.0,0.0,1.1727703035490242
2022-07-01,-0.013515449639106052,-0.013515449639106052,0.0,0.0,1.1569197855731683
2022-07-04,-0.0021894497016293245,-0.0021894497016293245,0.0,0.0,1.154386767893836
2022-07-05,0.005252926842111981,0.005252926842111981,0.0,0.0,1.1604506771330845
2022-07-06,-0.021788920716178502,-0.021788920716178502,0.0,0.0,1.135165709333996
2022-07-07,0.003850290568598941,0.003850290568598941,0.0,0.0,1.1395364271584414
2022-07-08,-0.0017606222612775227,-0.0017606222612775227,0.0,0.0,1.1375301339572497
2022-07-11,-0.01103631291497168,-0.01103631291497168,0.0,0.0,1.1249759954486878
2022-07-12,-0.020154333617135537,-0.020154333617135537,0.0,0.0,1.1023028539251456
2022-07-13,0.02403344661040126,0.02403344661040126,0.0,0.0,1.1287949907134485
2022-07-14,-0.006029647705889204,-0.006029647705889204,0.0,0.0,1.121988754587274
2022-07-15,-0.01316455330313685,-0.01316455330313685,0.0,0.0,1.1072182738219898
2022-07-18,0.0130489202197819,0.0130489202197819,0.0,0.0,1.1216662767429775
2022-07-19,-0.0007132588659224799,-0.0007132588659224799,0.0,0.0,1.1208662383264842
2022-07-20,-0.0024321526781991617,-0.0024321526781991617,0.0,0.0,1.1181401205030355
2022-07-21,0.006513492930356462,0.006513492930356462,0.0,0.0,1.12542311827308
2022-07-22,0.003952426958243913,0.003952426958243913,0.0,0.0,1.1298712709451735
2022-07-25,0.0071129232712710145,0.0071129232712710145,0.0,0.0,1.13790795860182
2022-07-26,-0.0016246772186405826,-0.0016246772186405826,0.0,0.0,1.1360592254645698
2022-07-27,0.004493072923416375,0.004493072923416375,0.0,0.0,1.141163622409902
2022-07-28,-0.001227770364946139,-0.001227770364946139,0.0,0.0,1.1397625355327525
2022-07-29,-0.0003185959679818197,-0.0003185959679818197,0.0,0.0,1.139399411784475
2022-08-01,0.0028351052486982288,0.0028351052486982288,0.0,0.0,1.1426297290371887
2022-08-02,-0.004951299078988897,-0.004951299078988897,0.0,0.0,1.1369722275121814
2022-08-03,-0.003389322646031593,-0.003389322646031593,0.0,0.0,1.1331186617935654
2022-08-04,-0.006240226247835919,-0.006240226247835919,0.0,0.0,1.1260477449783284
2022-08-05,0.012186053764875634,0.012186053764875634,0.0,0.0,1.1397698233404514
2022-08-08,0.0048103707233300656,0.0048103707233300656,0.0,0.0,1.1452525387299832
2022-08-09,0.007906458396216145,0.007906458396216145,0.0,0.0,1.1543074302806127
2022-08-10,0.0008636127382410986,0.0008636127382410986,0.0,0.0,1.1553043048812492
2022-08-11,0.010434850887169066,0.010434850887169066,0.0,0.0,1.1673597330319896
2022-08-12,-0.0013732053963238931,-0.0013732053963238931,0.0,0.0,1.1657567083471387
2022-08-15,7.07794806696512e-05,7.07794806696512e-05,0.0,0.0,1.1658392200015426
2022-08-16,0.0019029959293745805,0.0019029959293745805,0.0,0.0,1.1680578072915109
2022-08-17,0.004712479389163272,0.004712479389163272,0.0,0.0,1.1735622556337233
2022-08-18,-0.003458263614308295,-0.003458263614308295,0.0,0.0,1.1695037679859395
2022-08-19,0.0016897100721544375,0.0016897100721544375,0.0,0.0,1.171479890282128
2022-08-22,-0.003138080253430563,-0.003138080253430563,0.0,0.0,1.1678036923711426
2022-08-23,-0.010977253348213136,-0.010977253348213136,0.0,0.0,1.1549844153790059
2022-08-24,-0.004325496452823901,-0.004325496452823901,0.0,0.0,1.1499885343872172
2022-08-25,0.005985514708424864,0.005985514708424864,0.0,0.0,1.1568718076743119
2022-08-26,0.0039504433256373934,0.0039504433256373934,0.0,0.0,1.161441964185557
2022-08-29,-0.012901770035183308,-0.012901770035183308,0.0,0.0,1.1464573070544233
2022-08-30,0.0017933591270184726,0.0017933591270184726,0.0,0.0,1.1485133167297663
2022-08-31,0.0054922475476152505,0.0054922475476152505,0.0,0.0,1.154821236176979
2022-09-01,-0.012557475793395853,-0.012557475793395853,0.0,0.0,1.140319596457987
2022-09-02,-0.005651253696849049,-0.005651253696849049,0.0,0.0,1.1338753611229144
2022-09-05,0.005196403985988179,0.005196403985988179,0.0,0.0,1.1397674355690675
2022-09-06,0.0026226015698632456,0.0026226015698632456,0.0,0.0,1.1427565914348699
2022-09-07,-0.013826836604417131,-0.013826836604417131,0.0,0.0,1.1269558827664794
2022-09-08,0.01326898035979783,0.01326898035979783,0.0,0.0,1.1419094382412665
2022-09-12,0.00834286428749278,0.00834286428749278,0.0,0.0,1.1514362337131205
2022-09-13,-0.00019178023665870133,-0.00019178023665870133,0.0,0.0,1.1512154109997217
2022-09-14,-0.013343769399020995,-0.013343769399020995,0.0,0.0,1.135853858026742
2022-09-15,0.005628964911020556,0.005628964911020556,0.0,0.0,1.142247539537622
2022-09-16,-0.0037251556223960795,-0.0037251556223960795,0.0,0.0,1.1379924896935454
2022-09-19,-0.006472887954446873,-0.006472887954446873,0.0,0.0,1.130626391814757
2022-09-20,0.0023536430501807674,0.0023536430501807674,0.0,0.0,1.1332874827642028
2022-09-21,-0.006217787254509351,-0.006217787254509351,0.0,0.0,1.1262409422981765
2022-09-22,-0.014265147796419877,-0.014265147796419877,0.0,0.0,1.110174948801914
2022-09-23,-0.001641962959462537,-0.001641962959462537,0.0,0.0,1.108352082657458
2022-09-26,-0.01719821486534178,-0.01719821486534178,0.0,0.0,1.089290405393466
2022-09-27,-0.0011120512667023236,-0.0011120512667023236,0.0,0.0,1.0880790586183415
2022-09-28,-0.014178185115395795,-0.014178185115395795,0.0,0.0,1.072652072305065
2022-09-29,0.007135615021909108,0.007135615021909108,0.0,0.0,1.080306104545487
2022-09-30,-0.008511507446591845,-0.008511507446591845,0.0,0.0,1.0711110710920495
2022-10-03,-0.013920404242293962,-0.013920404242293962,0.0,0.0,1.0562007719940516
2022-10-04,0.007519808566982983,0.007519808566982983,0.0,0.0,1.0641431996077466
2022-10-05,0.0050600943449019544,0.0050600943449019544,0.0,0.0,1.0695278645942476
2022-10-06,0.005584872777662385,0.005584872777662385,0.0,0.0,1.0755010416501714
2022-10-07,-0.0057776943606493245,-0.0057776943606493245,0.0,0.0,1.0692871253469567
2022-10-11,-0.020336695569063805,-0.020336695569063805,0.0,0.0,1.0475413586028564
2022-10-12,0.006092511541585483,0.006092511541585483,0.0,0.0,1.0539235164204324
2022-10-13,-0.022675969510664452,-0.022675969510664452,0.0,0.0,1.0300247788955104
2022-10-14,0.0026623963981142204,0.0026623963981142204,0.0,0.0,1.0327671131568101
2022-10-17,-0.0030804774159055247,-0.0030804774159055247,0.0,0.0,1.0295856973888406
2022-10-18,0.006068668941269129,0.006068668941269129,0.0,0.0,1.0358339121329594
2022-10-19,-0.008677282223107739,-0.008677282223107739,0.0,0.0,1.026845688941116
2022-10-20,0.0008155923740226154,0.0008155923740226154,0.0,0.0,1.0276831764543142
2022-10-21,0.0010182752501870923,0.0010182752501870923,0.0,0.0,1.0287296407979312
2022-10-24,-0.0009360380764783507,-0.0009360380764783507,0.0,0.0,1.0277667106837425
2022-10-25,0.0050906461192791914,0.0050906461192791914,0.0,0.0,1.032998707301009
2022-10-26,0.005914767464043435,0.005914767464043435,0.0,0.0,1.0391086544453518
2022-10-27,-0.0026836835639944623,-0.0026836835639944623,0.0,0.0,1.0363200156282124
2022-10-28,-0.00406724137707748,-0.00406724137707748,0.0,0.0,1.0321050519807557
2022-10-31,0.0037377765706277464,0.0037377765706277464,0.0,0.0,1.035962830062476
2022-11-01,0.009103834157752766,0.009103834157752766,0.0,0.0,1.045394063860961
2022-11-02,-0.0027669892516317732,-0.0027669892516317732,0.0,0.0,1.0425014697225379
2022-11-03,-0.005221102430999467,-0.005221102430999467,0.0,0.0,1.037058462764649
2022-11-04,0.00904812695584819,0.00904812695584819,0.0,0.0,1.0464418993963804
2022-11-07,0.009637968365767057,0.009637968365767057,0.0,0.0,1.056527473319376
2022-11-08,0.006510235333166081,0.006510235333166081,0.0,0.0,1.0634057158066403
2022-11-09,0.008701555900393796,0.008701555900393796,0.0,0.0,1.07265900008753
2022-11-10,-0.007077103091611479,-0.007077103091611479,0.0,0.0,1.0650676817617657
2022-11-11,0.023546574403429655,0.023546574403429655,0.0,0.0,1.0901463771750572
2022-11-14,0.00868608773619003,0.00868608773619003,0.0,0.0,1.0996154842524895
2022-11-15,0.0027619446999183114,0.0027619446999183114,0.0,0.0,1.1026525614111686
2022-11-16,-0.008907695588016578,-0.008907695588016578,0.0,0.0,1.0928304680547711
2022-11-17,-0.003258587166748786,-0.003258587166748786,0.0,0.0,1.0892693847161359
2022-11-18,-0.003981464455575356,-0.003981464455575356,0.0,0.0,1.084932497378342
2022-11-21,-0.0013843680346002315,-0.0013843680346002315,0.0,0.0,1.0834305515092726
2022-11-22,0.003639078459224045,0.003639078459224045,0.0,0.0,1.0873732402913352
2022-11-23,0.007359844505195567,0.007359844505195567,0.0,0.0,1.0953761382589902
2022-11-24,0.008305542020007932,0.008305542020007932,0.0,0.0,1.1044738308030142
2022-11-25,0.00027937640772284574,0.00027937640772284574,0.0,0.0,1.1047823947342879
2022-11-28,-0.004213902125095159,-0.004213902125095159,0.0,0.0,1.1001269498533492
2022-11-29,0.013196335054321408,0.013196335054321408,0.0,0.0,1.1146445936859026
2022-11-30,0.012089683242362918,0.012089683242362918,0.0,0.0,1.1281202937513775
2022-12-01,-0.002195229215359507,-0.002195229215359507,0.0,0.0,1.1256438111240945
2022-12-02,-0.003923731267948209,-0.003923731267948209,0.0,0.0,1.1212270873058146
2022-12-05,0.0005561117156650254,0.0005561117156650254,0.0,0.0,1.1218506148249863
2022-12-06,-0.01040919666740557,-0.01040919666740557,0.0,0.0,1.110173051143823
2022-12-07,0.0033722875241695947,0.0033722875241695947,0.0,0.0,1.1139168738738645
2022-12-08,-0.003194068565142749,-0.003194068565142749,0.0,0.0,1.1103589470028419
2022-12-09,0.004949831109757029,0.004949831109757029,0.0,0.0,1.1158550362617137
2022-12-12,-0.00031006582190385866,-0.00031006582190385866,0.0,0.0,1.1155090477527696
2022-12-13,-0.00797825448027676,-0.00797825448027676,0.0,0.0,1.1066092326947468
2022-12-14,0.009463227748352728,0.009463227748352728,0.0,0.0,1.117081327892167
2022-12-15,-0.0008373742910962703,-0.0008373742910962703,0.0,0.0,1.1161459127071263
2022-12-16,-0.009185785380798145,-0.009185785380798145,0.0,0.0,1.1058932358993434
2022-12-19,-0.0012123949788730892,-0.0012123949788730892,0.0,0.0,1.1045524564929694
2022-12-20,-0.008906613277491737,-0.008906613277491737,0.0,0.0,1.094714634918283
2022-12-21,0.00019247527586192987,0.00019247527586192987,0.0,0.0,1.094925340419629
2022-12-22,0.014981987710707134,0.014981987710707134,0.0,0.0,1.1113294984139377
2022-12-23,-0.007439356646988913,-0.007439356646988913,0.0,0.0,1.1030619219229172
2022-12-26,0.0031696570706621534,0.0031696570706621534,0.0,0.0,1.1065582499431184
2022-12-27,0.0024344330704492855,0.0024344330704492855,0.0,0.0,1.1092520919411584
2022-12-28,-0.0063371755187841584,-0.0063371755187841584,0.0,0.0,1.1022225667399488
2022-12-29,-0.004409336898340407,-0.004409336898340407,0.0,0.0,1.0973624961062387
2022-12-30,0.004388048029659814,0.004388048029659814,0.0,0.0,1.1021777754451003
2023-01-03,0.00039040573010959374,0.00039040573010959374,0.0,0.0,1.1026080719642335
2023-01-04,0.001491002923230226,0.001491002923230226,0.0,0.0,1.1042520638227094
2023-01-05,0.006376515310308922,0.006376515310308922,0.0,0.0,1.1112933440141153
2023-01-06,0.0031759940275958047,0.0031759940275958047,0.0,0.0,1.114822805037611
2023-01-09,0.01784757677878214,0.01784757677878214,0.0,0.0,1.1347196906452572
2023-01-10,0.0006147427199208881,0.0006147427199208881,0.0,0.0,1.1354172513142322
2023-01-11,-0.008200211249348143,-0.008200211249348143,0.0,0.0,1.1261065899973013
2023-01-12,-0.004952297603973645,-0.004952297603973645,0.0,0.0,1.1205297750298386
2023-01-13,0.0020002336586725823,0.0020002336586725823,0.0,0.0,1.1227710964013982
2023-01-16,0.0073760292443818,0.0073760292443818,0.0,0.0,1.1310526888432015
2023-01-17,0.00012890741945129647,0.00012890741945129647,0.0,0.0,1.1311984899265837
2023-01-30,0.019171718924986886,0.019171718924986886,0.0,0.0,1.1528855094238257
2023-01-31,-0.015794089085019874,-0.015794089085019874,0.0,0.0,1.1346767329831573
2023-02-01,0.0063689875365816944,0.0063689875365816944,0.0,0.0,1.1419034749535764
2023-02-02,0.0028242337362840413,0.0028242337362840413,0.0,0.0,1.1451284772711203
2023-02-03,-0.0015527104149530868,-0.0015527104149530868,0.0,0.0,1.1433504243580022
2023-02-06,-0.00507564143723233,-0.00507564143723233,0.0,0.0,1.1375471875668535
2023-02-07,0.0022243239601396807,0.0022243239601396807,0.0,0.0,1.1400774610319477
2023-02-08,0.00017419164306678686,0.00017419164306678686,0.0,0.0,1.1402760529981084
2023-02-09,-0.00014080664019495048,-0.00014080664019495048,0.0,0.0,1.1401154945581908
2023-02-10,-0.0003757598511158794,-0.0003757598511158794,0.0,0.0,1.1396870849297007
2023-02-13,0.006266087035569532,0.006266087035569532,0.0,0.0,1.1468284633971848
2023-02-14,0.004053111146768525,0.004053111146768525,0.0,0.0,1.1514766866256114
2023-02-15,-0.005754164804196498,-0.005754164804196498,0.0,0.0,1.1448509000025775
2023-02-16,0.005019588254397278,0.005019588254397278,0.0,0.0,1.1505975801332666
2023-02-17,0.004438743720523964,0.004438743720523964,0.0,0.0,1.1557047879169333
2023-02-20,0.009524172703222077,0.009524172703222077,0.0,0.0,1.1667119199109948
2023-02-21,-0.005385849588461394,-0.005385849588461394,0.0,0.0,1.160428184997289
2023-02-22,-2.8907885536833965e-05,-2.8907885536833965e-05,0.0,0.0,1.1603946394721434
2023-02-23,0.004531411848434004,0.004531411848434004,0.0,0.0,1.1656528654903069
2023-02-24,-0.0040906402910255,-0.0040906402910255,0.0,0.0,1.160884598913383
2023-03-01,-0.006603233066378215,-0.006603233066378215,0.0,0.0,1.1532190073435888
2023-03-02,-0.0002863176409106211,-0.0002863176409106211,0.0,0.0,1.152888820397953
2023-03-03,0.0029318403601502267,0.0029318403601502267,0.0,0.0,1.1562689063723617
2023-03-06,0.007704098925551619,0.007704098925551619,0.0,0.0,1.1651769164115937
2023-03-07,0.0042831452485431725,0.0042831452485431725,0.0,0.0,1.1701675383848342
2023-03-08,-0.0003990818801810462,-0.0003990818801810462,0.0,0.0,1.1697005457234888
2023-03-09,-0.006809828402065676,-0.006809828402065676,0.0,0.0,1.1617350857253093
2023-03-10,-0.011904029528079427,-0.011904029528079427,0.0,0.0,1.1479057569610294
2023-03-13,-0.0021055114553213323,-0.0021055114553213323,0.0,0.0,1.1454888282401186
2023-03-14,-0.012297826708612132,-0.012297826708612132,0.0,0.0,1.1314018051337704
2023-03-15,-0.0025796077012272857,-0.0025796077012272857,0.0,0.0,1.1284832323240648
2023-03-16,-0.011717909015550174,-0.011717909015550174,0.0,0.0,1.1152597684821175
2023-03-17,0.005861984890897594,0.005861984890897594,0.0,0.0,1.1217974043943857
2023-03-20,-0.002256261500277335,-0.002256261500277335,0.0,0.0,1.1192663360997395
2023-03-21,0.005894005624244129,0.005894005624244129,0.0,0.0,1.1258632981797383
2023-03-22,0.011413958997786685,0.011413958997786685,0.0,0.0,1.1387138557022747
2023-03-23,0.0056239149275094345,0.0056239149275094345,0.0,0.0,1.1451178855535205
2023-03-24,0.0017515517146074351,0.0017515517146074351,0.0,0.0,1.1471236187493894
2023-03-27,-0.0002162727832840483,-0.0002162727832840483,0.0,0.0,1.1468755271315916
2023-03-28,-0.0020135362946470782,-0.0020135362946470782,0.0,0.0,1.1445662516322697
2023-03-29,0.00635207996127075,0.00635207996127075,0.0,0.0,1.1518366279836099
2023-03-30,-0.0004169387852970858,-0.0004169387852970858,0.0,0.0,1.1513563826190776
2023-03-31,0.0030500111904458132,0.0030500111904458132,0.0,0.0,1.1548680324702572
2023-04-06,0.0034932685604867693,0.0034932685604867693,0.0,0.0,1.1589022966595965
2023-04-07,-0.0005486457856386796,-0.0005486457856386796,0.0,0.0,1.1582664697985672
2023-04-10,0.0040894890814457685,0.0040894890814457685,0.0,0.0,1.1630031878802132
2023-04-11,0.006125561398308009,0.006125561398308009,0.0,0.0,1.1701272353140013
2023-04-12,0.0018236654880378952,0.0018236654880378952,0.0,0.0,1.1722611559696567
2023-04-13,0.0005698717452848031,-0.0001804295663411186,0.4840653623393043,0.0007503013116259217,1.1720496453976466
2023-04-14,0.002204382137479575,0.002204382137479575,0.0,0.0,1.1746332907002004
2023-04-17,-0.0007002829217752357,-0.0007002829217752357,0.0,0.0,1.1738107150673744
2023-04-18,0.0015521705146407786,0.0015521705146407786,0.0,0.0,1.1756326694490715
2023-04-19,-0.002271137535473973,-0.002271137535473973,0.0,0.0,1.1729626459655564
2023-04-20,-0.00670998698957374,-0.00670998698957374,0.0,0.0,1.1650920818718715
2023-04-21,0.00011616077389246424,0.00011616077389246424,0.0,0.0,1.1652274198697576
2023-04-24,0.001586170756137499,0.001586170756137499,0.0,0.0,1.1670756695274047
2023-04-25,-0.005595660838337552,-0.005595660838337552,0.0,0.0,1.1605451099080537
2023-04-26,0.005279175787459805,0.005279175787459805,0.0,0.0,1.166671831552535
2023-04-27,-0.00016884961987876344,-0.00016884961987876344,0.0,0.0,1.1664748394572542
2023-04-28,0.0027301418007505155,0.0027301418007505155,0.0,0.0,1.1696594811759802
2023-05-02,0.0045144657888047494,0.0045144657888047494,0.0,0.0,1.1749398688883004
2023-05-03,-0.0019854342504505777,-0.0019854342504505777,0.0,0.0,1.1726071030303895
2023-05-04,0.004621111224574874,0.004621111224574874,0.0,0.0,1.1780258508762194
2023-05-05,0.0006877385435871278,0.0006877385435871278,0.0,0.0,1.178836024659209
2023-05-08,0.0040794441676907265,0.0040794441676907265,0.0,0.0,1.1836450204046687
2023-05-09,0.003527884297535503,0.003527884297535503,0.0,0.0,1.1878207830860104
2023-05-10,0.0012270249393386485,0.0012270249393386485,0.0,0.0,1.1892782688103216
2023-05-11,-0.0033337488075111466,-0.0033337488075111466,0.0,0.0,1.1853135137998763
2023-05-12,-0.001482155697779152,-0.001482155697779152,0.0,0.0,1.1835566946217433
2023-05-15,0.0006368311661121664,0.0006368311661121664,0.0,0.0,1.1843104204117392
2023-05-16,0.008836966830815687,0.008836966830815687,0.0,0.0,1.1947761323143071
2023-05-17,0.008984224461327971,0.008984224461327971,0.0,0.0,1.2055102692680564
2023-05-18,0.003973651172208669,0.003973651172208669,0.0,0.0,1.2103005465626429
2023-05-19,0.005549750144767642,0.005549750144767642,0.0,0.0,1.2170174121961412
2023-05-22,0.00024109590967378778,0.00024109590967378778,0.0,0.0,1.2173108301162234
2023-05-23,0.0011175826429757959,0.0011175826429757959,0.0,0.0,1.2186712755710678
2023-05-24,-0.000669259228795441,-0.000669259228795441,0.0,0.0,1.217855668573024
2023-05-25,-0.0016664587788566007,-0.0016664587788566007,0.0,0.0,1.2158261623027502
2023-05-26,0.0010759135092542936,0.0010759135092542936,0.0,0.0,1.2171342860956766
2023-05-29,0.005293082161401836,0.005293082161401836,0.0,0.0,1.2235766778734403
2023-05-30,0.0008738298675437721,0.0008738298675437721,0.0,0.0,1.224645875719796
2023-05-31,0.0017420846682589344,0.0017420846682589344,0.0,0.0,1.2267793125239341
2023-06-01,-0.003628254398430616,-0.003628254398430616,0.0,0.0,1.2223282450873654
2023-06-02,0.007885734486220203,0.007885734486220203,0.0,0.0,1.2319672010831317
2023-06-05,0.005452425199761366,0.005452425199761366,0.0,0.0,1.238684410095597
2023-06-06,0.00102486689695452,0.00102486689695452,0.0,0.0,1.2399538967432777
2023-06-07,0.004733231247035023,0.004733231247035023,0.0,0.0,1.2458228852722257
2023-06-08,-0.00189341474716047,-0.00189341474716047,0.0,0.0,1.2434640258489014
2023-06-09,0.0069810030831290735,0.0069810030831290735,0.0,0.0,1.2521446520471124
2023-06-12,-0.0022661599652962477,-0.0022661599652962477,0.0,0.0,1.2493070919658835
2023-06-13,0.00773325184145394,0.00773325184145394,0.0,0.0,1.25896829833537
2023-06-14,0.0006460005381304276,0.0006460005381304276,0.0,0.0,1.2597815925335838
2023-06-15,0.004224517624730368,0.004224517624730368,0.0,0.0,1.2651035620745528
2023-06-16,-0.004617136747819171,-0.004617136747819171,0.0,0.0,1.2592624059283015
2023-06-19,0.003368476144464544,0.003368476144464544,0.0,0.0,1.2635042013022921
2023-06-20,-0.002403822880576785,-0.002403822880576785,0.0,0.0,1.2604669609934966
2023-06-21,0.004393340867196814,0.004393340867196814,0.0,0.0,1.2660046220049808
2023-06-26,-0.004046183777088625,-0.004046183777088625,0.0,0.0,1.260882134641705
2023-06-27,-0.011615058909671981,-0.011615058909671981,0.0,0.0,1.2462369143696885
2023-06-28,0.0019709460739784235,0.0019709460739784235,0.0,0.0,1.2486931801233125
2023-06-29,-0.0017735117571073156,-0.0017735117571073156,0.0,0.0,1.2464786080873442
2023-06-30,-0.00532614528622149,-0.00532614528622149,0.0,0.0,1.239839681924504
2023-07-03,0.006351231237687071,0.006351231237687071,0.0,0.0,1.2477141904420668
2023-07-04,0.0024588001670615917,0.0024588001670615917,0.0,0.0,1.2507820703019707
2023-07-05,-0.00575055660886494,-0.00575055660886494,0.0,0.0,1.243589377201346
2023-07-06,-0.013581305715151306,-0.013581305715151306,0.0,0.0,1.22669980968546
2023-07-07,-0.008303322314375198,-0.008303322314375198,0.0,0.0,1.2165141257826588
2023-07-10,0.0008877688681648716,0.0008877688681648716,0.0,0.0,1.2175941091512115
2023-07-11,0.01592662784916077,0.01592662784916077,0.0,0.0,1.2369862773989933
2023-07-12,0.0060316033091969996,0.0060316033091969996,0.0,0.0,1.2444472879231843
2023-07-13,0.0035467644426307103,0.0035467644426307103,0.0,0.0,1.2488610493147185
2023-07-14,0.013931762645570712,0.013931762645570712,0.0,0.0,1.2662598850310693
2023-07-17,0.009345884696653591,0.009345884696653591,0.0,0.0,1.2780942039125676
2023-07-18,0.0021911584318080155,0.0021911584318080155,0.0,0.0,1.2808947108041155
2023-07-19,-0.008564397258887751,-0.008564397258887751,0.0,0.0,1.2699246196539808
2023-07-20,0.001173504165933494,0.001173504165933494,0.0,0.0,1.2714148814855664
2023-07-21,-0.0015150534857845445,-0.0015150534857845445,0.0,0.0,1.2694886199374933
2023-07-24,-0.0005817222097639346,-0.0005817222097639346,0.0,0.0,1.268750130212233
2023-07-25,0.0071859728497842956,0.0071859728497842956,0.0,0.0,1.2778673342010984
2023-07-26,0.003514144046005578,0.003514144046005578,0.0,0.0,1.2823579440851662
2023-07-27,0.0006713277209861239,0.0006713277209861239,0.0,0.0,1.2832188265212574
2023-07-28,0.0018783390562233135,0.0018783390562233135,0.0,0.0,1.2856291465607934
2023-07-31,-0.004073811253144802,-0.004073811253144802,0.0,0.0,1.2803917360761632
2023-08-01,0.0031874096569757693,0.0031874096569757693,0.0,0.0,1.2844728690604443
2023-08-02,-0.016974664795816184,-0.016974664795816184,0.0,0.0,1.262669372668823
2023-08-04,0.0013596646309113167,0.0013596646309113167,0.0,0.0,1.2643861795553757
2023-08-07,0.01196887299609255,0.01196887299609255,0.0,0.0,1.2795194571564885
2023-08-08,-0.003240237369816025,-0.003240237369816025,0.0,0.0,1.2753735103960033
2023-08-09,-0.00376165674676089,-0.00376165674676089,0.0,0.0,1.2705759930259821
2023-08-10,-0.009938404229451157,-0.009938404229451157,0.0,0.0,1.2579484952030535
2023-08-11,-0.005550064556745158,-0.005550064556745158,0.0,0.0,1.2509667998456162
2023-08-14,-0.009662166001578583,-0.009662166001578583,0.0,0.0,1.2388797509630445
2023-08-15,-0.00043128217616642006,-0.00043128217616642006,0.0,0.0,1.2383454442080406
2023-08-16,-0.004976784755806188,-0.004976784755806188,0.0,0.0,1.232182465478884
2023-08-17,-0.0019288663268960744,-0.0019288663268960744,0.0,0.0,1.22980575021263
2023-08-18,-0.0026704192204378813,-0.0026704192204378813,0.0,0.0,1.2265216532998573
2023-08-21,0.0018156582711048555,0.0018156582711048555,0.0,0.0,1.2287485974843604
2023-08-22,-0.001012217700049749,-0.001012217700049749,0.0,0.0,1.2275048364050754
2023-08-23,0.0022660682463622787,0.0022660682463622787,0.0,0.0,1.230286446137109
2023-08-24,0.0028697229193695574,0.0028697229193695574,0.0,0.0,1.2338170273489784
2023-08-25,-0.007891240357484343,-0.007891240357484343,0.0,0.0,1.2240806806290108
2023-08-28,0.0020366507811066616,0.0020366507811066616,0.0,0.0,1.2265737055033514
2023-08-29,0.005573725718927888,0.005573725718927888,0.0,0.0,1.233410290911876
2023-08-30,0.0029736356153251364,0.0029736356153251364,0.0,0.0,1.23707800368124
2023-08-31,-0.008369145786116583,-0.008369145786116583,0.0,0.0,1.2267247175196336
2023-09-01,0.0029895346443647537,0.0029895346443647537,0.0,0.0,1.230392053561757
2023-09-04,0.003998251423179621,0.003998251423179621,0.0,0.0,1.235311470340979
2023-09-05,0.00015920096091393964,0.00015920096091393964,0.0,0.0,1.2355081331140854
2023-09-06,-0.0018451869091415964,-0.0018451869091415964,0.0,0.0,1.2332283896807252
2023-09-07,-0.001443031510594253,-0.001443031510594253,0.0,0.0,1.2314488022546566
2023-09-08,0.0010035653222400188,0.0010035653222400188,0.0,0.0,1.2326846415687134
2023-09-11,-0.0029774629347244165,-0.0029774629347244165,0.0,0.0,1.2290143687382384
2023-09-12,0.006323633260246089,0.006323633260246089,0.0,0.0,1.2367862048777118
2023-09-13,0.0016691766219846492,0.0016691766219846492,0.0,0.0,1.238850619497287
2023-09-14,0.011994738297424038,0.011994738297424038,0.0,0.0,1.2537103084677588
2023-09-15,0.0004401054775139391,0.0004401054775139391,0.0,0.0,1.254262073241731
2023-09-18,-0.004785597908692051,-0.004785597908692051,0.0,0.0,1.2482596792870735
2023-09-19,0.0010178167649101697,0.0010178167649101697,0.0,0.0,1.2495301789156132
2023-09-20,-0.004641861173255685,-0.004641861173255685,0.0,0.0,1.2437300332932937
2023-09-21,-0.012996479245138243,-0.012996479245138243,0.0,0.0,1.2275659217290422
2023-09-22,0.004266227006028536,0.004266227006028536,0.0,0.0,1.232802996616003
2023-09-25,0.0038903419931024742,0.0038903419931024742,0.0,0.0,1.237599021882961
2023-09-26,-0.008546803170082409,-0.008546803170082409,0.0,0.0,1.2270215066394408
2023-09-27,0.000768703815183285,0.000768703815183285,0.0,0.0,1.2279647227529065
2023-09-28,0.002955036281055646,0.002955036281055646,0.0,0.0,1.2315934030604978
2023-10-02,0.003126947273017768,0.003126947273017768,0.0,0.0,1.2354445306936646
2023-10-03,-0.00542329924202004,-0.00542329924202004,0.0,0.0,1.2287443453067959
2023-10-04,-0.011303854344496435,-0.011303854344496435,0.0,0.0,1.2148547982008242
2023-10-05,0.00839443576907083,0.00839443576907083,0.0,0.0,1.2250528187730685
2023-10-06,0.00533777902582503,0.00533777902582503,0.0,0.0,1.2315918800146433
2023-10-11,0.01193205942096559,0.01193205942096559,0.0,0.0,1.2462873075093566
2023-10-12,0.006057819378507064,0.006057819378507064,0.0,0.0,1.253837090911974
2023-10-13,-0.006664307844139858,-0.006664307844139858,0.0,0.0,1.2454811345517358
2023-10-16,-0.001321200510059675,-0.001321200510059675,0.0,0.0,1.2438356042414964
2023-10-17,-0.0034531696803419823,-0.0034531696803419823,0.0,0.0,1.2395404288456
2023-10-18,-0.005354240072714475,-0.005354240072714475,0.0,0.0,1.2329036318097253
2023-10-19,-0.0048151873090987885,-0.0048151873090987885,0.0,0.0,1.2269669698884933
2023-10-20,-0.007081286052057723,-0.007081286052057723,0.0,0.0,1.2182784657982864
2023-10-23,-0.006342174450414619,-0.006342174450414619,0.0,0.0,1.21055193123901
2023-10-24,0.0038270054893721427,0.0038270054893721427,0.0,0.0,1.2151847201250316
2023-10-25,0.00010135553382287378,0.00010135553382287378,0.0,0.0,1.2153078858210333
2023-10-26,-0.00856075545041991,-0.00856075545041991,0.0,0.0,1.2049039322135526
2023-10-27,0.005667953668300085,0.005667953668300085,0.0,0.0,1.2117332718760918
2023-10-30,-0.004089081150129219,-0.004089081150129219,0.0,0.0,1.2067783961950789
2023-10-31,-0.00253659787557816,-0.00253659787557816,0.0,0.0,1.2037172846789967
2023-11-01,0.004925841652797862,0.004925841652797862,0.0,0.0,1.2096466054180615
2023-11-02,0.012422922589063634,0.012422922589063634,0.0,0.0,1.2246739515572937
2023-11-03,0.006667461809767673,0.006667461809767673,0.0,0.0,1.2328394183587192
2023-11-06,0.008326800962923384,0.008326800962923384,0.0,0.0,1.2431050268146384
2023-11-07,-0.001275347910641029,-0.001275347910641029,0.0,0.0,1.241519635415983
2023-11-08,0.003997570418575186,0.003997570418575186,0.0,0.0,1.2464826975846024
2023-11-09,-0.0016939038891084536,-0.0016939038891084536,0.0,0.0,1.2443712756954575
2023-11-10,-0.002379680689302759,-0.002379680689302759,0.0,0.0,1.241410069400362
2023-11-13,-0.0007999934794504625,-0.0007999934794504625,0.0,0.0,1.2404169494395176
2023-11-14,0.0028990635551165767,0.0028990635551165767,0.0,0.0,1.2440129970107865
2023-11-15,0.009687912645225984,0.009687912645225984,0.0,0.0,1.256064886255353
2023-11-16,0.0048017260160786255,0.0048017260160786255,0.0,0.0,1.2620961656975682
2023-11-17,0.0003710398162609127,0.0003710398162609127,0.0,0.0,1.2625644536269922
2023-11-20,0.0001281595693048398,0.0001281595693048398,0.0,0.0,1.2627262633435885
2023-11-21,0.011480129249414826,0.011480129249414826,0.0,0.0,1.2772225240534036
2023-11-22,-0.00592830840692591,-0.00592830840692591,0.0,0.0,1.2696507550265428
2023-11-23,0.0004789824740329638,0.0004789824740329638,0.0,0.0,1.2702588954863432
2023-11-24,-0.00019461348059906006,-0.00019461348059906006,0.0,0.0,1.2700116859814308
2023-11-27,-0.0022265478424273047,-0.0022265478424273047,0.0,0.0,1.2671839442021513
2023-11-28,0.006317984723127093,0.006317984723127093,0.0,0.0,1.2751899930030126
2023-11-29,-0.00047505462940262223,-0.00047505462940262223,0.0,0.0,1.2745842080934686
2023-11-30,0.004017980438341501,0.004017980438341501,0.0,0.0,1.2797054625086073
2023-12-01,-0.00529611338487935,-0.00529611338487935,0.0,0.0,1.2729279972799123
2023-12-04,0.004361522200703933,0.004361522200703933,0.0,0.0,1.2784799009999461
2023-12-05,-0.0008734345862244634,-0.0008734345862244634,0.0,0.0,1.27736323243662
2023-12-06,0.004295834304932208,0.004295834304932208,0.0,0.0,1.2828505732303803
2023-12-07,-0.005729295973120432,-0.005729295973120432,0.0,0.0,1.2755007426070561
2023-12-08,0.002875017456679174,0.002875017456679174,0.0,0.0,1.2791678295080586
2023-12-11,0.0009945039691647397,0.0009945039691647397,0.0,0.0,1.2804399669917323
2023-12-12,0.0018275810262188765,0.0018275810262188765,0.0,0.0,1.2827800747806188
2023-12-13,0.0021817767107321414,0.0021817767107321414,0.0,0.0,1.2855788144727665
2023-12-14,0.009146519313524757,0.009146519313524757,0.0,0.0,1.2973373859283999
2023-12-15,-0.006909472557289386,-0.006909472557289386,0.0,0.0,1.2883734688627821
2023-12-18,0.00066118121169086,0.00066118121169086,0.0,0.0,1.289225317194035
2023-12-19,-0.005674478392652497,-0.005674478392652497,0.0,0.0,1.281909635988357
2023-12-20,0.002949351690471038,0.002949351690471038,0.0,0.0,1.2856904383402905
2023-12-21,-0.0025783430852754146,-0.0025783430852754146,0.0,0.0,1.2823754872887911
2023-12-22,4.65787161313148e-05,4.65787161313148e-05,0.0,0.0,1.2824352186925871
2023-12-25,0.0033255142232709884,0.0033255142232709884,0.0,0.0,1.286699975252773
2023-12-26,0.007745414639193068,0.007745414639193068,0.0,0.0,1.2966660000773453
2023-12-27,0.006909066301407469,0.006909066301407469,0.0,0.0,1.3056247514426607
2023-12-28,0.0023189412952735865,0.0023189412952735865,0.0,0.0,1.3086524185949122
2023-12-29,0.0029898756455883106,0.0029898756455883106,0.0,0.0,1.3125651265898095
2024-01-02,-0.0019386186429375925,-0.0019386186429375925,0.0,0.0,1.3100205633653328
2024-01-03,-0.011919298125783549,-0.011919298125783549,0.0,0.0,1.2944060377196744
2024-01-04,0.002113591991349602,0.002113591991349602,0.0,0.0,1.2971418839545532
2024-01-05,0.0009356359476425172,0.0009356359476425172,0.0,0.0,1.2983555365303738
2024-01-08,0.0035468172309736615,0.0035468172309736615,0.0,0.0,1.3029605663192698
2024-01-09,-0.006204240519863388,-0.006204240519863388,0.0,0.0,1.2948766855779277
2024-01-10,-0.005836728667823306,-0.005836728667823306,0.0,0.0,1.287318841705919
2024-01-11,0.004299928666504715,0.004299928666504715,0.0,0.0,1.2928542208963016
2024-01-12,-0.0030388660474004103,-0.0030388660474004103,0.0,0.0,1.2889254101001815
2024-01-15,-0.0012408114011523092,-0.0012408114011523092,0.0,0.0,1.2873260967560942
2024-01-16,-0.010350428821739885,-0.010350428821739885,0.0,0.0,1.274001719621252
2024-01-17,-0.01403186074872224,-0.01403186074872224,0.0,0.0,1.256125104897894
2024-01-18,0.0022491375285594965,0.0022491375285594965,0.0,0.0,1.2589503030118858
2024-01-19,0.010106849124902553,0.010106849124902553,0.0,0.0,1.2716743237801773
2024-01-22,0.005938750010133373,0.005938750010133373,0.0,0.0,1.2792264796834132
2024-01-23,0.00286092772016872,0.00286092772016872,0.0,0.0,1.2828862541795134
2024-01-24,0.0015261691462201653,0.0015261691462201653,0.0,0.0,1.284844155598752
2024-01-25,0.0013015861845469317,0.0013015861845469317,0.0,0.0,1.2865164910009752
2024-01-26,0.002195832313194125,0.002195832313194125,0.0,0.0,1.2893414654833721
2024-01-29,0.004452459378093311,0.004452459378093311,0.0,0.0,1.2950822059829281
2024-01-30,-0.0074475481329320066,-0.0074475481329320066,0.0,0.0,1.2854370189177664
2024-01-31,-0.00039378008824531626,-0.00039378008824531626,0.0,0.0,1.2849308394150232
2024-02-01,0.007112686561540396,0.007112686561540396,0.0,0.0,1.294070149729039
2024-02-02,0.0003715822703796098,0.0003715822703796098,0.0,0.0,1.2945510032533059
2024-02-05,-0.004818556943094279,-0.004818556943094279,0.0,0.0,1.2883131355283899
2024-02-15,0.001581549503434158,0.001581549503434158,0.0,0.0,1.2903506665281526
2024-02-16,0.0029781329879764607,0.0029781329879764607,0.0,0.0,1.2941935024141975
2024-02-19,0.00795418286583408,0.00795418286583408,0.0,0.0,1.3044877541961744
2024-02-20,0.0028196375174523035,0.0028196375174523035,0.0,0.0,1.3081659368089629
2024-02-21,-0.002040464152585398,-0.002040464152585398,0.0,0.0,1.3054966711092708
2024-02-22,0.0027997796493070526,0.0027997796493070526,0.0,0.0,1.3091517741212808
2024-02-23,-0.005588302635975381,-0.005588302635975381,0.0,0.0,1.301835837811067
2024-02-26,-0.0020764655317947038,-0.0020764655317947038,0.0,0.0,1.2991326205657971
2024-02-27,-0.0012204626923888694,-0.0012204626923888694,0.0,0.0,1.2975470776699312
2024-02-29,0.007456388522538325,0.007456388522538325,0.0,0.0,1.3072220928073224
2024-03-01,-0.0035486821430313776,-0.0035486821430313776,0.0,0.0,1.3025831771096008
2024-03-04,0.00368936116442719,0.00368936116442719,0.0,0.0,1.307388876896665
2024-03-05,-6.863405291337658e-05,-6.863405291337658e-05,0.0,0.0,1.3072991454993097
2024-03-06,0.0037770520345450833,0.0037770520345450833,0.0,0.0,1.3122368823965769
2024-03-07,-0.0004951844860295114,-0.0004951844860295114,0.0,0.0,1.3115870830504184
2024-03-08,0.000701694568424479,0.000701694568424479,0.0,0.0,1.3125074165826105
2024-03-11,0.003739471088579063,0.003739471088579063,0.0,0.0,1.3174155001204666
2024-03-12,0.010715826098569466,0.010715826098569466,0.0,0.0,1.3315326955193172
2024-03-13,0.0059947446715173216,0.0059947446715173216,0.0,0.0,1.3395148940507329
2024-03-14,0.005273711976596439,0.005273711976596439,0.0,0.0,1.3465791097903175
2024-03-15,0.003222616643575192,0.003222616643575192,0.0,0.0,1.3509186180414183
2024-03-18,-0.0016646436493145693,-0.0016646436493145693,0.0,0.0,1.3486698199431548
2024-03-19,-0.000270198427070845,-0.000270198427070845,0.0,0.0,1.3483054114791682
2024-03-20,-0.0030072564183566265,-0.0030072564183566265,0.0,0.0,1.3442507113765925
2024-03-21,0.014199618138672406,0.014199618138672406,0.0,0.0,1.3633385581607786
2024-03-22,0.0001442432576715221,0.0001442432576715221,0.0,0.0,1.3635352105557168
2024-03-25,-0.0009893445932208852,-0.0009893445932208852,0.0,0.0,1.3621862043674873
2024-03-26,0.003283591063893354,0.003283591063893354,0.0,0.0,1.3666590668155072
2024-03-27,0.0063825203380225865,0.0063825203380225865,0.0,0.0,1.3753817961046002
2024-03-28,0.00039553772940948903,0.00039553772940948903,0.0,0.0,1.3759258114973028
2024-03-29,0.0026429719929450253,0.0026429719929450253,0.0,0.0,1.3795623448814602
2024-04-01,-0.0012687895567282872,-0.0012687895567282872,0.0,0.0,1.377811970585419
2024-04-02,0.00217514694954616,0.00217514694954616,0.0,0.0,1.380808914090286
2024-04-03,-0.011433773594384187,-0.011433773594384187,0.0,0.0,1.3650210575894701
2024-04-08,0.0064777595165514314,0.0064777595165514314,0.0,0.0,1.3738633357355634
2024-04-09,0.0036685323830480242,0.0036685323830480242,0.0,0.0,1.3789033978725918
2024-04-10,-0.000548063278593287,-0.000548063278593287,0.0,0.0,1.3781476715554903
2024-04-11,-0.0016018148992757593,-0.0016018148992757593,0.0,0.0,1.3759401340817905
2024-04-12,-0.005728693859095104,-0.005728693859095104,0.0,0.0,1.3680577942851937
2024-04-15,-0.0028803298083271032,-0.0028803298083271032,0.0,0.0,1.3641173366408
2024-04-16,-0.023156886164670442,-0.023156886164670442,0.0,0.0,1.3325286267609555
2024-04-17,0.005911748436434778,0.005911748436434778,0.0,0.0,1.3404062007867141
2024-04-18,0.006355444495817787,0.006355444495817787,0.0,0.0,1.348925077997664
2024-04-19,-0.01469048552146323,-0.01469048552146323,0.0,0.0,1.3291087136698008
2024-04-22,0.011825030015749907,0.011825030015749907,0.0,0.0,1.3448254641031407
2024-04-23,0.005100531845714383,0.005100531845714383,0.0,0.0,1.3516847892097266
2024-04-24,0.004352044348157474,0.004352044348157474,0.0,0.0,1.3575673813570972
2024-04-25,-0.006084559115388857,-0.006854765734432714,0.4969074961573268,0.0007702066190438566,1.348261574989187
2024-04-26,0.003214497085582569,0.003214497085582569,0.0,0.0,1.3525955578925928
2024-04-29,0.01687106832802892,0.01687106832802892,0.0,0.0,1.375415289969987
2024-04-30,-0.00286363746709959,-0.00286363746709959,0.0,0.0,1.3714765992128073
2024-05-02,0.0016191865915697393,0.0016191865915697393,0.0,0.0,1.3736972757329045
2024-05-03,0.000782692861036859,0.000782692861036859,0.0,0.0,1.3747724587838464
2024-05-06,0.015021288141985481,0.015021288141985481,0.0,0.0,1.3954233120169044
2024-05-07,-0.0004008694219272353,-0.0004008694219272353,0.0,0.0,1.3948639294804726
2024-05-08,0.0007433814082770748,0.0007433814082770748,0.0,0.0,1.3959008453927246
2024-05-09,-0.007505580043881176,-0.007505580043881176,0.0,0.0,1.3854237998643082
2024-05-10,0.010901113235705407,0.010901113235705407,0.0,0.0,1.4005264615860702
2024-05-13,0.0010435321769846808,0.0010435321769846808,0.0,0.0,1.4019879560134536
2024-05-14,-0.006455479258580649,-0.006455479258580649,0.0,0.0,1.3929374518426287
2024-05-15,0.0013693502121582936,0.0013693502121582936,0.0,0.0,1.3948448710378327
2024-05-16,0.008950871914654152,0.008950871914654152,0.0,0.0,1.4073299488193045
2024-05-17,0.001116512677226694,0.001116512677226694,0.0,0.0,1.4089012505482021
2024-05-20,0.0079482117009703,0.0079482117009703,0.0,0.0,1.420099495953321
2024-05-21,-0.004584150119673209,-0.004584150119673209,0.0,0.0,1.413589546678999
2024-05-22,0.004339673747074713,0.004339673747074713,0.0,0.0,1.4197240641238609
2024-05-23,-0.001264866190240771,-0.001264866190240771,0.0,0.0,1.4179283031556793
2024-05-24,-0.004130190979392311,-0.004130190979392311,0.0,0.0,1.4120719884685606
2024-05-27,0.006376066569353433,0.006376066569353433,0.0,0.0,1.4210754534677557
2024-05-28,0.0009127427711273751,0.0009127427711273751,0.0,0.0,1.4223725298151348
2024-05-29,-0.011380760594226602,-0.011380760594226602,0.0,0.0,1.4061848485775044
2024-05-30,-0.004957095637930882,-0.004957095637930882,0.0,0.0,1.3992142557984963
2024-05-31,0.005748916333451076,0.005748916333451076,0.0,0.0,1.4072582214876537
2024-06-03,0.004654725911997944,0.004654725911997944,0.0,0.0,1.4138086227960844
2024-06-04,-0.0048805454402933695,-0.0048805454402933695,0.0,0.0,1.4069084655686495
2024-06-05,0.0007393491689484889,0.0007393491689484889,0.0,0.0,1.4079486621734543
2024-06-06,0.0036031448534426394,0.0036031448534426394,0.0,0.0,1.413021705149476
2024-06-07,0.0039022191637481975,0.0039022191637481975,0.0,0.0,1.4185356255261024
2024-06-11,-0.004060717657449502,-0.004060717657449502,0.0,0.0,1.4127753528638074
2024-06-12,0.0014155727866799364,0.0014155727866799364,0.0,0.0,1.4147752392070136
2024-06-13,0.004395207776840471,0.004395207776840471,0.0,0.0,1.4209934703408578
2024-06-14,0.006065638392313116,0.006065638392313116,0.0,0.0,1.4296127028897836
2024-06-17,0.000548013768415979,0.000548013768415979,0.0,0.0,1.4303961503344695
2024-06-18,0.006328772637349803,0.006328772637349803,0.0,0.0,1.4394488023512768
2024-06-19,0.0007348668800461278,0.0007348668800461278,0.0,0.0,1.440506605601647
2024-06-20,0.00475602047172615,0.00475602047172615,0.0,0.0,1.4473576845075449
2024-06-21,-0.0017395297307136225,-0.0017395297307136225,0.0,0.0,1.444839962784367
2024-06-24,-0.0030675972054902863,-0.0030675972054902863,0.0,0.0,1.440407775752149
2024-06-25,0.003973383880901955,0.003973383880901955,0.0,0.0,1.4461310687902484
2024-06-26,-0.007004228853522711,-0.007004228853522711,0.0,0.0,1.436002035832252
2024-06-27,-0.009254718256748628,-0.009254718256748628,0.0,0.0,1.422712241574507
2024-06-28,0.0030512438274440954,0.0030512438274440954,0.0,0.0,1.4270532835198404
2024-07-01,0.0042981760101437755,0.0042981760101437755,0.0,0.0,1.4331870097082622
2024-07-02,0.0012725442083518239,0.0012725442083518239,0.0,0.0,1.4350108035369515
2024-07-03,0.008982349790708147,0.008982349790708147,0.0,0.0,1.4479005725277656
2024-07-04,0.002320162938104232,0.002320162938104232,0.0,0.0,1.4512599377742044
2024-07-05,0.0038179478131989417,0.0038179478131989417,0.0,0.0,1.4568007724800127
2024-07-08,-0.006130029929490093,-0.006130029929490093,0.0,0.0,1.447870540143406
2024-07-09,-0.007092673122844052,-0.007092673122844052,0.0,0.0,1.4376012676779732
2024-07-10,-0.0004964251029336382,-0.0004964251029336382,0.0,0.0,1.4368876063206886
2024-07-11,0.003100446840269721,0.003100446840269721,0.0,0.0,1.4413425999595284
2024-07-12,0.0035728888667369623,0.0035728888667369623,0.0,0.0,1.4464923568880776
2024-07-15,-0.00089158867628653,-0.00089158867628653,0.0,0.0,1.4452026806823413
2024-07-16,-0.0010899706102537655,-0.0010899706102537655,0.0,0.0,1.4436274522345376
2024-07-17,0.002393635970982952,0.002393635970982952,0.0,0.0,1.4470829708329045
2024-07-18,0.0073778584667368585,0.0073778584667368585,0.0,0.0,1.4577593441813346
2024-07-19,-0.010139307669440961,-0.010139307669440961,0.0,0.0,1.4429786736826775
2024-07-22,-0.011443648271550432,-0.011443648271550432,0.0,0.0,1.4264657332777047
2024-07-23,0.012920782463902523,0.012920782463902523,0.0,0.0,1.4448967867095972
2024-07-26,-0.011755607274939031,-0.011755607274939031,0.0,0.0,1.4279111475322177
2024-07-29,-0.0009206194632682719,-0.0009206194632682719,0.0,0.0,1.4265965847379818
2024-07-30,-0.0016427115260289,-0.0016427115260289,0.0,0.0,1.4242530980852393
2024-07-31,0.0032645103227076995,0.0032645103227076995,0.0,0.0,1.4289025870260872
2024-08-01,0.006692163599034905,0.006692163599034905,0.0,0.0,1.43846503690555
2024-08-02,-0.01221726291202911,-0.01221726291202911,0.0,0.0,1.4208909313599134
2024-08-05,-0.04931784205946922,-0.04931784205946922,0.0,0.0,1.3508156568233731
2024-08-06,0.009619828825487413,0.009619828825487413,0.0,0.0,1.3638102722168024
2024-08-07,0.012935399608911304,0.012935399608911304,0.0,0.0,1.3814517030786648
2024-08-08,-0.016467371912002163,-0.016467371912002163,0.0,0.0,1.3587028241055996
2024-08-09,0.019575624014363257,0.019575624014363257,0.0,0.0,1.3853002797375442
2024-08-12,0.007946944002995256,0.007946944002995256,0.0,0.0,1.3963091834879522
2024-08-13,-0.0010834339832146446,-0.0010834339832146446,0.0,0.0,1.3947963746674867
2024-08-14,0.0047824649869112525,0.0047824649869112525,0.0,0.0,1.4014669394932047
2024-08-15,-0.00908031619238459,-0.00908031619238459,0.0,0.0,1.3887411765494329
2024-08-16,0.01084727553776698,0.01084727553776698,0.0,0.0,1.403805234742107
2024-08-19,0.000246726044637045,0.000246726044637045,0.0,0.0,1.4041515900551158
2024-08-20,0.003123552744236774,0.003123552744236774,0.0,0.0,1.408537531607557
2024-08-21,0.000974927917629363,0.000974927917629363,0.0,0.0,1.40991075417015
2024-08-22,-0.00517495513597021,-0.00517495513597021,0.0,0.0,1.4026145292715977
2024-08-23,0.00028354084712960435,0.00028354084712960435,0.0,0.0,1.4030122277834236
2024-08-26,0.007009348995799742,0.007009348995799742,0.0,0.0,1.4128464301333319
2024-08-27,-0.0006298808980868269,-0.0006298808980868269,0.0,0.0,1.4119565051550609
2024-08-28,-0.0023075823389339077,-0.0023075823389339077,0.0,0.0,1.4086982992604222
2024-08-29,-0.00549458252111244,-0.00549458252111244,0.0,0.0,1.4009580902077852
2024-08-30,0.006355309610104429,0.006355309610104429,0.0,0.0,1.4098616126218362
2024-09-02,0.0005968377795474075,0.0005968377795474075,0.0,0.0,1.4107030712961823
2024-09-03,-0.006912059388492698,-0.006912059388492698,0.0,0.0,1.400952207887854
2024-09-04,-0.02119733676912486,-0.02119733676912486,0.0,0.0,1.371255752139806
2024-09-05,0.005760519556564797,0.005760519556564797,0.0,0.0,1.3791548977170596
2024-09-06,0.008655749255874347,0.008655749255874347,0.0,0.0,1.3910925166967094
2024-09-09,-0.00301895480923567,-0.00301895480923567,0.0,0.0,1.3868928712533362
2024-09-10,-0.001146036850195994,-0.001146036850195994,0.0,0.0,1.3853034409156058
2024-09-11,-0.004291665504438094,-0.004291665504438094,0.0,0.0,1.3793581819250489
2024-09-12,0.008777238546144334,0.008777238546144334,0.0,0.0,1.391465137728381
2024-09-13,0.0027320307461536197,0.0027320307461536197,0.0,0.0,1.3952666632668558
2024-09-16,0.005440309641023761,0.005440309641023761,0.0,0.0,1.4028573459468257
2024-09-18,-0.004676055968829598,-0.004676055968829598,0.0,0.0,1.3962975064808945
2024-09-19,0.005403595671771103,0.005403595671771103,0.0,0.0,1.4038425336434193
2024-09-20,0.004570627596113144,0.004570627596113144,0.0,0.0,1.4102589750682872
2024-09-23,0.004926451997139823,0.004926451997139823,0.0,0.0,1.417206548212497
2024-09-24,0.0011098178730504205,0.0011098178730504205,0.0,0.0,1.4187793893695073
2024-09-25,0.0019704658431296783,0.0019704658431296783,0.0,0.0,1.4215750456951963
2024-09-26,0.0017712854874042598,0.0017712854874042598,0.0,0.0,1.4240930609428923
2024-09-27,-0.0001890285323178576,-0.0001890285323178576,0.0,0.0,1.4238238667216983
2024-09-30,-0.006743793643069524,-0.006743793643069524,0.0,0.0,1.4142218923804497
2024-10-01,0.0023967371499068225,0.0023967371499068225,0.0,0.0,1.4176114105281294
2024-10-04,-0.010772246632179284,-0.010772246632179284,0.0,0.0,1.402340550785329
2024-10-07,0.005708262809866545,0.005708262809866545,0.0,0.0,1.4103454791981447
2024-10-08,-0.009074231554990632,-0.009074231554990632,0.0,0.0,1.3975476777473665
2024-10-09,-0.0024174738807814294,-0.0024174738807814294,0.0,0.0,1.3941691427392655
2024-10-11,-0.0016195601822023668,-0.0016195601822023668,0.0,0.0,1.3919112019084299
2024-10-14,0.0032756207424326994,0.0032756207424326994,0.0,0.0,1.3964705751130255
2024-10-15,0.007349796053352802,0.007349796053352802,0.0,0.0,1.4067343490346147
2024-10-16,-0.006940727776523875,-0.006940727776523875,0.0,0.0,1.39697058886408
2024-10-17,0.00804504789372635,0.00804504789372635,0.0,0.0,1.4082092841576186
2024-10-18,0.008462710226399934,0.008462710226399934,0.0,0.0,1.4201265512675705
2024-10-21,-0.005826723361245613,-0.005826723361245613,0.0,0.0,1.4118518667153745
2024-10-22,0.004220345483172681,0.004220345483172681,0.0,0.0,1.4178103693639756
2024-10-23,-0.009022771203058302,-0.009022771203058302,0.0,0.0,1.405017790791881
2024-10-24,-0.00042126794882877696,-0.00042126794882877696,0.0,0.0,1.404425901829086
2024-10-25,0.0028507375623308883,0.0028507375623308883,0.0,0.0,1.4084295515009406
2024-10-28,-0.002233452774347274,-0.002233452774347274,0.0,0.0,1.4052838906116683
2024-10-29,-0.003827672594135882,-0.003827672594135882,0.0,0.0,1.3999049239765933
2024-10-30,-0.0018274959138272063,-0.0018274959138272063,0.0,0.0,1.3973466034482793
2024-11-01,-0.004640945496001102,-0.004640945496001102,0.0,0.0,1.3908615940226536
2024-11-04,0.006056405735759124,0.006056405735759124,0.0,0.0,1.3992852161583393
2024-11-05,0.0034848807469797464,0.0034848807469797464,0.0,0.0,1.404161558267663
2024-11-06,-0.0044843696830268,-0.0044843696830268,0.0,0.0,1.397864778745696
2024-11-07,0.00831375469405495,0.00831375469405495,0.0,0.0,1.409486283611647
2024-11-08,-0.0021832333689470323,-0.0021832333689470323,0.0,0.0,1.4064090461241932
2024-11-11,0.0022483498038765827,0.0022483498038765827,0.0,0.0,1.4095711456272166
2024-11-12,-0.008165742563824423,-0.008165742563824423,0.0,0.0,1.3980609505266297
2024-11-13,0.0019196437769119674,0.0019196437769119674,0.0,0.0,1.400744729530052
2024-11-14,-0.009812237781613694,-0.009812237781613694,0.0,0.0,1.387000289172561
2024-11-15,0.007523741951236303,0.007523741951236303,0.0,0.0,1.3974357214345856
2024-11-18,-0.003131031602833602,-0.003131031602833602,0.0,0.0,1.3930603060278455
2024-11-19,0.011400161100462798,0.011400161100462798,0.0,0.0,1.408941417939223
2024-11-20,-0.007612831413884075,-0.007612831413884075,0.0,0.0,1.398215384452413
2024-11-21,-0.0015196898746875544,-0.0015196898746875544,0.0,0.0,1.3960905306900284
2024-11-22,0.00210442893920712,0.00210442893920712,0.0,0.0,1.3990285040045656
2024-11-25,0.011965890856630648,0.011965890856630648,0.0,0.0,1.4157691263887995
2024-11-26,-0.005806463257750661,-0.005806463257750661,0.0,0.0,1.4075485149749651
2024-11-27,-0.004285258485163443,-0.004285258485163443,0.0,0.0,1.4015168057578895
2024-11-28,-0.0049710905834323025,-0.0049710905834323025,0.0,0.0,1.3945497387622645
2024-11-29,-0.0033220157508745676,-0.0033220157508745676,0.0,0.0,1.3899170225647184
2024-12-02,0.00999612608525938,0.00999612608525938,0.0,0.0,1.4038108083703238
2024-12-03,0.0058238726681453,0.0058238726681453,0.0,0.0,1.4119864237684385
2024-12-04,0.0007485164624811146,0.0007485164624811146,0.0,0.0,1.413043318851429
2024-12-05,0.0013813127529742697,0.0013813127529742697,0.0,0.0,1.4149951736082635
2024-12-06,0.0016719546109817476,0.0016719546109817476,0.0,0.0,1.4173609813132948
2024-12-09,-0.00012582315611051265,-0.00012582315611051265,0.0,0.0,1.417182644481278
2024-12-10,-0.005868411938798396,-0.005868411938798396,0.0,0.0,1.4088660329309464
2024-12-11,-0.00475988069466029,-0.00475988069466029,0.0,0.0,1.4021599986994358
2024-12-12,0.002427801541317067,0.002427801541317067,0.0,0.0,1.4055641649054513
2024-12-13,-0.006894132432937048,-0.006894132432937048,0.0,0.0,1.3958740194096027
2024-12-16,-0.005355085429261579,-0.005355085429261579,0.0,0.0,1.3883989947871775
2024-12-17,-0.0007853109761134982,-0.0007853109761134982,0.0,0.0,1.3873086698173462
2024-12-18,0.0017892088474876179,0.0017892088474876179,0.0,0.0,1.3897908547635796
2024-12-19,-0.005463068003190738,-0.005463068003190738,0.0,0.0,1.3821983328137935
2024-12-20,-0.010977054568287088,-0.010977054568287088,0.0,0.0,1.367025866290301
2024-12-23,0.015893756607302623,0.015893756607302623,0.0,0.0,1.3887530426850059
2024-12-24,0.0033482156837682047,0.0033482156837682047,0.0,0.0,1.3934028874034048
2024-12-25,0.0007259665184825546,0.0007259665184825546,0.0,0.0,1.3944144512464165
2024-12-26,0.000563079760732959,0.000563079760732959,0.0,0.0,1.395199617801987
2024-12-27,-0.003625148503128816,-0.003625148503128816,0.0,0.0,1.3901418119959463
2024-12-30,-0.00658483457200951,-0.00658483457200951,0.0,0.0,1.3809879581323194
2024-12-31,-0.0054659253041132476,-0.0054659253041132476,0.0,0.0,1.3734395811072884
2025-01-02,0.0005236632934500459,0.0005236632934500459,0.0,0.0,1.3741588010016856
2025-01-03,-0.0006345883446051473,-0.0006345883446051473,0.0,0.0,1.3732867758429335
2025-01-06,0.011481273817832132,0.011481273817832132,0.0,0.0,1.3890538573467939
2025-01-07,-0.002461399251535294,-0.002461399251535294,0.0,0.0,1.3856348412219783
2025-01-08,0.000774283847014031,0.000774283847014031,0.0,0.0,1.3867077158973962
2025-01-09,-0.008119348393108532,-0.008119348393108532,0.0,0.0,1.3754485528326135
2025-01-10,-0.0033566142864195543,-0.0033566142864195543,0.0,0.0,1.3708317025699404
2025-01-13,-0.008185808824490774,-0.008185808824490774,0.0,0.0,1.3596103363221514
2025-01-14,0.010898546884611116,0.010898546884611116,0.0,0.0,1.3744281133173601
2025-01-15,-0.0007771258203643414,-0.0007771258203643414,0.0,0.0,1.3733600097422665
2025-01-16,0.007045871999050027,0.007045871999050027,0.0,0.0,1.3830365285795245
2025-01-17,-0.0019316777568597172,-0.0019316777568597172,0.0,0.0,1.380364947680343
2025-01-20,-0.0013200614600558695,-0.0013200614600558695,0.0,0.0,1.378542781112098
2025-01-21,0.004215409845047888,0.004215409845047888,0.0,0.0,1.3843539039234178
2025-01-22,0.0017145944050919503,0.0017145944050919503,0.0,0.0,1.3867275093817522
2025-02-03,0.0010565305342267288,0.0010565305342267288,0.0,0.0,1.3881926293380662
2025-02-04,-0.005230861760390221,-0.005230861760390221,0.0,0.0,1.3809311855972062
2025-02-05,0.006989034802951921,0.006989034802951921,0.0,0.0,1.3905825617138268
2025-02-06,0.008695710439367293,0.008695710439367293,0.0,0.0,1.4026746650125237
2025-02-07,-0.0032765709206166666,-0.0032765709206166666,0.0,0.0,1.398078701994058
2025-02-10,-0.0013537014960718226,-0.0013537014960718226,0.0,0.0,1.3961861207635424
2025-02-11,0.0005675083071932149,0.0005675083071932149,0.0,0.0,1.3969784679854635
2025-02-12,0.0028047792396561793,0.0028047792396561793,0.0,0.0,1.4008966841907158
2025-02-13,0.005485423332120167,0.005485423332120167,0.0,0.0,1.4085811955480654
2025-02-14,0.00027333884711522555,0.00027333884711522555,0.0,0.0,1.4089662155081246
2025-02-17,0.0050668204797599415,0.0050668204797599415,0.0,0.0,1.416105194384151
2025-02-18,0.0034973336600436986,0.0034973336600436986,0.0,0.0,1.4210577867466334
2025-02-19,-0.0001680807831143722,-0.0001680807831143722,0.0,0.0,1.4208189342409863
2025-02-20,-0.0014843009114587833,-0.0014843009114587833,0.0,0.0,1.4187100114018745
2025-02-21,0.00698927508765591,0.00698927508765591,0.0,0.0,1.4286257659411736
2025-02-24,-0.0015310701972489624,-0.0015310701972489624,0.0,0.0,1.426438439607919
2025-02-25,-0.00266121607885975,-0.00266121607885975,0.0,0.0,1.4226423786969309
2025-02-26,0.005441679859642762,0.005441679859642762,0.0,0.0,1.4303839430765604
2025-02-27,-0.004214055634824565,-0.004214055634824565,0.0,0.0,1.424356225561276
2025-03-03,0.004307182782253411,0.004307182782253411,0.0,0.0,1.430491188171809
2025-03-04,-0.0060461444741901176,-0.0060461444741901176,0.0,0.0,1.4218422317790662
2025-03-05,0.001756642156575066,0.001756642156575066,0.0,0.0,1.4243398997834082
2025-03-06,-0.0012722041938613904,-0.0012722041938613904,0.0,0.0,1.4225278485894197
2025-03-07,-0.00403138095748725,-0.00403138095748725,0.0,0.0,1.4167930969091211
2025-03-10,-0.0012076558272339389,-0.0012076558272339389,0.0,0.0,1.415082098469654
2025-03-11,-0.005905096681983155,-0.005905096681983155,0.0,0.0,1.4067259018652472
2025-03-12,0.0007422907256861424,0.0007422907256861424,0.0,0.0,1.4077701014557844
2025-03-13,-0.0018747873692499632,-0.0018747873692499632,0.0,0.0,1.4051308318507674
2025-03-14,0.0031673459810386013,0.0031673459810386013,0.0,0.0,1.4095813673438633
2025-03-17,0.0023765086974344863,0.0023765086974344863,0.0,0.0,1.4129312497230977
2025-03-18,0.005660604690833129,0.005660604690833129,0.0,0.0,1.420929294983105
2025-03-19,-0.006531580430924933,-0.006531580430924933,0.0,0.0,1.4116483810062652
2025-03-20,0.00805547262878174,0.00805547262878174,0.0,0.0,1.4230198759009254
2025-03-21,-0.002086162632430663,-0.002086162632430663,0.0,0.0,1.4200512250106148
2025-03-24,0.0008178419963031964,0.0008178419963031964,0.0,0.0,1.4212126025393301
2025-03-25,-0.003135375650845015,-0.003135375650845015,0.0,0.0,1.4167565671506543
2025-03-26,0.003943352654444024,0.003943352654444024,0.0,0.0,1.422343337920429
2025-03-27,0.0005106972201653589,0.0005106972201653589,0.0,0.0,1.4230697247092259
2025-03-28,-0.009778326047084392,-0.009778326047084392,0.0,0.0,1.4091544849532844
2025-03-31,-0.022507930271289035,-0.022507930271289035,0.0,0.0,1.3774373340644817
2025-04-01,0.011136525630366503,0.011136525630366503,0.0,0.0,1.3927772002395147
2025-04-02,0.0032147532621110758,0.0032147532621110758,0.0,0.0,1.3972546352873787
2025-04-07,-0.08656047280776995,-0.08656047280776995,0.0,0.0,1.2763076134240552
2025-04-08,-0.0032789395532005373,-0.0032789395532005373,0.0,0.0,1.272122677908348
2025-04-09,-0.05062886695731039,-0.05062886695731039,0.0,0.0,1.2077165480951488
2025-04-10,0.07264181090236402,0.07264181090236402,0.0,0.0,1.2954472652055327
2025-04-11,0.0054673103282768375,0.0054673103282768375,0.0,0.0,1.3025298774183287
2025-04-14,0.0025415642558745564,0.0025415642558745564,0.0,0.0,1.3058403407969839
2025-04-15,0.01330816525910321,0.01330816525910321,0.0,0.0,1.3232186798543137
2025-04-16,-0.006492195874927594,-0.006492195874927594,0.0,0.0,1.3146280849993366
2025-04-17,-0.006767943781325475,-0.006767943781325475,0.0,0.0,1.3057307560267095
2025-04-18,-0.00026563974834582197,-0.00026563974834582197,0.0,0.0,1.3053839020372713
2025-04-21,-0.005056459729569389,-0.005056459729569389,0.0,0.0,1.2987832809049917
2025-04-22,-0.007941427430207182,-0.007941427430207182,0.0,0.0,1.2884690877321183
2025-04-23,0.016394453292155407,0.016394453292155407,0.0,0.0,1.3095928340093286
2025-04-24,-0.003704302056285418,-0.003704302056285418,0.0,0.0,1.304741706581411
2025-04-25,0.0019284282248015823,0.0019284282248015823,0.0,0.0,1.3072578073144585
2025-04-28,0.004119912920459027,0.004119912920459027,0.0,0.0,1.3126435956451843
2025-04-29,0.009750677301684602,0.009750677301684602,0.0,0.0,1.3254427597584435
2025-04-30,0.003282264308335822,0.003282264308335822,0.0,0.0,1.3297932132215409
2025-05-02,0.004250891869483702,0.004250891869483702,0.0,0.0,1.335446020379719
2025-05-05,-0.007319968123589074,-0.007319968123589074,0.0,0.0,1.3256705980797656
2025-05-06,0.012029729378429298,0.012029729378429298,0.0,0.0,1.3416180566196056
2025-05-07,0.0013797174141010117,0.0013797174141010117,0.0,0.0,1.3434691104153962
2025-05-08,-0.00015803836615020748,-0.00015803836615020748,0.0,0.0,1.3432567907522128
2025-05-09,0.010618455012965364,0.010618455012965364,0.0,0.0,1.3575201025556753
2025-05-12,0.007133923191286451,0.007133923191286451,0.0,0.0,1.3672045466979348
2025-05-13,-0.0006979596280247764,-0.0011883890452167188,0.31640607560770473,0.0004904294171919424,1.3655797757920685
2025-05-14,0.006412077869697374,0.006412077869697374,0.0,0.0,1.3743359796517312
2025-05-15,0.00648133338479547,0.00648133338479547,0.0,0.0,1.3832435093185735
2025-05-16,0.003093316746778273,0.003093316746778273,0.0,0.0,1.387522319630821
2025-05-19,-0.005387514738643243,-0.005387514738643243,0.0,0.0,1.3800470226836135
2025-05-20,0.0028203123542931514,0.0028203123542931514,0.0,0.0,1.3839391863511936
2025-05-21,0.007023303492955874,0.007023303492955874,0.0,0.0,1.3936590112727325
2025-05-22,-0.0073122120702312325,-0.0073122120702312325,0.0,0.0,1.3834682810287176
2025-05-23,0.004290777134962173,0.004290777134962173,0.0,0.0,1.389404435095901
2025-05-26,-0.0006716557747342439,-0.0006716557747342439,0.0,0.0,1.3884712335836273
2025-05-27,-0.008457417209672014,-0.008457417209672014,0.0,0.0,1.3767283530775827
2025-05-28,-0.0020227229567784705,-0.0020227229567784705,0.0,0.0,1.3739436130325648
2025-05-29,-0.006911552480901978,-0.006911552480901978,0.0,0.0,1.36444752964529
2025-06-02,-0.008203278915140316,-0.008203278915140316,0.0,0.0,1.3532545859945355
2025-06-03,0.0005822385255452427,0.0005822385255452427,0.0,0.0,1.3540425029493721
2025-06-04,0.004489263694916383,0.004489263694916383,0.0,0.0,1.3601211567992364
2025-06-05,0.005463572786417773,0.005463572786417773,0.0,0.0,1.3675522777377558
2025-06-06,0.004819101484312848,0.004819101484312848,0.0,0.0,1.3741426509492773
2025-06-09,0.007759028157420133,0.007759028157420133,0.0,0.0,1.3848046624703045
2025-06-10,0.005502269566029328,0.005502269566029328,0.0,0.0,1.3924242310195105
2025-06-11,0.002239017363588664,0.002239017363588664,0.0,0.0,1.3955418930502448
2025-06-12,0.0035161861662039093,0.0035161861662039093,0.0,0.0,1.400448878148946
2025-06-13,9.39221276969166e-05,9.39221276969166e-05,0.0,0.0,1.4005804112873126
2025-06-16,0.0036800587767786145,0.0036800587767786145,0.0,0.0,1.4057346295224549
2025-06-17,-0.0009225771295454453,-0.0009225771295454453,0.0,0.0,1.4044377309030474
2025-06-18,0.005599277579502145,0.005599277579502145,0.0,0.0,1.4123015676014996
2025-06-19,-0.01021599159578028,-0.01021599159578028,0.0,0.0,1.3978735066561754
2025-06-20,-0.007930822104449068,-0.007930822104449068,0.0,0.0,1.3867872205503629
2025-06-23,-0.009454919719459496,-0.009454919719459496,0.0,0.0,1.3736752587120868
2025-06-24,0.0014010510226472985,0.0014010510226472985,0.0,0.0,1.3755998478380906
2025-06-25,0.007031458245277541,0.007031458245277541,0.0,0.0,1.3852723207303743
2025-06-26,-0.0009815986337131045,-0.0009815986337131045,0.0,0.0,1.383912539313025
2025-06-27,0.006523156461429597,0.006523156461429597,0.0,0.0,1.3929400173358981
2025-06-30,-0.004245128194494041,-0.004245128194494041,0.0,0.0,1.3870268083950665
2025-07-01,0.0022274768135292305,0.0022274768135292305,0.0,0.0,1.3901163784505102
2025-07-02,7.825363107799707e-05,7.825363107799707e-05,0.0,0.0,1.3902251601047448
2025-07-03,0.0044361495792599875,0.0044361495792599875,0.0,0.0,1.39639240686382
2025-07-04,-0.003806222170333131,-0.003806222170333131,0.0,0.0,1.3910774271263302
2025-07-07,-0.0037592150154728355,-0.0037592150154728355,0.0,0.0,1.3858480679745917
2025-07-08,-0.0003126139025299,-0.0003126139025299,0.0,0.0,1.3854148326017486
2025-07-09,-0.008293771831267133,-0.008293771831267133,0.0,0.0,1.3739245180884965
2025-07-10,0.0069938160103500575,0.0069938160103500575,0.0,0.0,1.3835334933801162
2025-07-11,0.01020828060070989,0.01020828060070989,0.0,0.0,1.397656991501021
2025-07-14,0.0034383186104605555,0.0034383186104605555,0.0,0.0,1.4024625815459393
2025-07-15,-0.002119397872739055,-0.002119397872739055,0.0,0.0,1.3994902053340146
2025-07-16,0.001398294747165717,0.001398294747165717,0.0,0.0,1.4014471051368431
2025-07-17,0.0024436129359163977,0.0024436129359163977,0.0,0.0,1.404871699411958
2025-07-18,-0.003234258254080074,-0.003234258254080074,0.0,0.0,1.4003279815222114
2025-07-21,-0.0019705727416573027,-0.0019705727416573027,0.0,0.0,1.3975685333724437
2025-07-22,-0.007379614780428305,-0.007379614780428305,0.0,0.0,1.387255015966907
2025-07-23,0.00810672095514612,0.00810672095514612,0.0,0.0,1.3985011052749776
2025-07-24,-0.003449574059156594,-0.003449574059156594,0.0,0.0,1.3936768721405193
2025-07-25,-0.0016012637676977625,-0.0016012637676977625,0.0,0.0,1.3914452278612823
2025-07-28,-0.0019777295287216057,-0.0019777295287216057,0.0,0.0,1.3886933255465423
2025-07-29,-0.005367101272948296,-0.005367101272948296,0.0,0.0,1.3812400678312668
2025-07-30,0.006558342897108717,0.006558342897108717,0.0,0.0,1.3902987138193301
2025-07-31,-0.009867593318220179,-0.009867593318220179,0.0,0.0,1.3765798115205163
2025-08-01,0.004591512301494308,0.004591512301494308,0.0,0.0,1.3829003946591016
2025-08-04,0.008059006763301938,0.008059006763301938,0.0,0.0,1.3940451982926323
2025-08-05,0.007750968281653139,0.007750968281653139,0.0,0.0,1.4048503984077894
2025-08-06,0.0033782801702921684,0.0033782801702921684,0.0,0.0,1.4095963766509574
2025-08-07,-0.009502791777012866,-0.009502791777012866,0.0,0.0,1.3962012757940117
2025-08-08,0.0006663522787201527,0.0006663522787201527,0.0,0.0,1.397131637695689
2025-08-11,0.0014800781346773456,0.0014800781346773456,0.0,0.0,1.3991995016839083
2025-08-12,-0.0034597896632071593,-0.0034597896632071593,0.0,0.0,1.3943585657112176
2025-08-13,0.003760440982881905,0.003760440982881905,0.0,0.0,1.3996019688065506
2025-08-14,0.0037242340025915284,0.0037242340025915284,0.0,0.0,1.404814414048874
2025-08-15,-0.0012170920630840297,-0.0012170920630840297,0.0,0.0,1.4031046255754291
2025-08-18,0.004986802950226309,0.004986802950226309,0.0,0.0,1.4101016318617248
2025-08-19,-0.0025491907205165408,-0.0025491907205165408,0.0,0.0,1.4065070138667977
2025-08-20,-0.00641321074707416,-0.00641321074707416,0.0,0.0,1.397486787969632
2025-08-21,0.0017269521265663647,0.0017269521265663647,0.0,0.0,1.3999001807499645
2025-08-22,-0.005421723046011635,-0.005421723046011635,0.0,0.0,1.3923103096778766
2025-08-25,0.004255104080774991,0.004255104080774991,0.0,0.0,1.398234734958292
2025-08-26,-0.006211706325315214,-0.006211706325315214,0.0,0.0,1.3895493114108761
2025-08-27,0.0006961410455912209,0.0006961410455912209,0.0,0.0,1.3905166337214223
2025-08-28,0.00561411171618474,0.00561411171618474,0.0,0.0,1.3983231494463475
2025-08-29,-0.002293784414852099,-0.002293784414852099,0.0,0.0,1.3951156975992207
2025-09-01,-0.002492153380016051,-0.002492153380016051,0.0,0.0,1.3916388552979353
2025-09-02,0.0037109819151970188,0.0037109819151970188,0.0,0.0,1.3968032019224315
2025-09-03,0.0019099696124253488,0.0019099696124253488,0.0,0.0,1.3994710535926418
2025-09-04,0.005734550946063519,0.005734550946063519,0.0,0.0,1.40749639164701
2025-09-05,-0.0008242260882503534,-0.0008242260882503534,0.0,0.0,1.4063362964018962
2025-09-08,0.0018026869765944114,0.0018026869765944114,0.0,0.0,1.4088714805281317
2025-09-09,0.005629217944833814,0.005629217944833814,0.0,0.0,1.4168023251482853
2025-09-10,0.002981921792765141,0.002981921792765141,0.0,0.0,1.4210271188776853
2025-09-11,-0.007554200506277845,-0.007554200506277845,0.0,0.0,1.410292395096825
2025-09-12,0.009664007804760393,0.009664007804760393,0.0,0.0,1.4239214718100348
2025-09-15,-0.003535613081595267,-0.003535613081595267,0.0,0.0,1.4188870364271389
2025-09-16,-0.0007709094109806768,-0.0007709094109806768,0.0,0.0,1.4177932030576388
2025-09-17,-0.004387905119679805,-0.004387905119679805,0.0,0.0,1.411572061003295
2025-09-18,0.005814662905856998,0.005814662905856998,0.0,0.0,1.419779876705355
2025-09-19,-0.0009114675643507853,-0.0009114675643507853,0.0,0.0,1.4184857933992203
2025-09-22,0.003347599648510286,0.003347599648510286,0.0,0.0,1.4232343159426206
2025-09-23,0.002047929761900096,0.002047929761900096,0.0,0.0,1.426148999856397
2025-09-24,0.0043413196173731836,0.0043413196173731836,0.0,0.0,1.4323403684867706
2025-09-25,-0.001604856091455597,-0.001604856091455597,0.0,0.0,1.4300416683213668
2025-09-26,-0.003989448706938131,-0.003989448706938131,0.0,0.0,1.4243365904368144
2025-09-30,0.008905452475820018,0.008905452475820018,0.0,0.0,1.437020952252521
2025-10-01,-0.0007021073171329748,-0.0007021073171329748,0.0,0.0,1.4360120093270712
2025-10-02,-0.0015651075496214235,-0.0015651075496214235,0.0,0.0,1.4337644960899263
2025-10-03,-0.0028138046841191585,-0.0028138046841191585,0.0,0.0,1.4297301628349046
2025-10-07,0.005380043683160254,0.005380043683160254,0.0,0.0,1.4374221735660884
2025-10-08,0.0029775195926318022,0.0029775195926318022,0.0,0.0,1.4417021262507648
2025-10-09,-0.0017944194258182956,-0.0017944194258182956,0.0,0.0,1.4391151079491769
2025-10-13,-0.0082593594482262,-0.0082593594482262,0.0,0.0,1.4272289389852517
2025-10-14,-0.0018325663462173368,-0.0018325663462173368,0.0,0.0,1.4246134472633198
2025-10-15,-0.0009721740289864711,-0.0009721740289864711,0.0,0.0,1.4232284750685456
2025-10-16,0.003903265822788463,0.003903265822788463,0.0,0.0,1.4287837141333
2025-10-17,0.0006566882331557393,0.0006566882331557393,0.0,0.0,1.429721979586096
2025-10-20,0.005856723264616956,0.005856723264616956,0.0,0.0,1.4380954655658722
2025-10-21,0.0027082781793539078,0.0027082781793539078,0.0,0.0,1.441990228135092
2025-10-22,0.005954312157078682,0.005954312157078682,0.0,0.0,1.4505762880808655
2025-10-23,-0.0008120480736024804,-0.0008120480736024804,0.0,0.0,1.449398350400516
2025-10-27,-0.005854334721739619,-0.005854334721739619,0.0,0.0,1.440913087312134
2025-10-28,-0.00545567309860139,-0.00545567309860139,0.0,0.0,1.4330519365442627
2025-10-29,0.0024949889325114353,0.0024949889325114353,0.0,0.0,1.4366273852656546
2025-10-30,-0.004598414999115745,-0.004598414999115745,0.0,0.0,1.4300211763491086
2025-10-31,-0.00670228451822647,-0.00670228451822647,0.0,0.0,1.420436767558128
2025-11-03,0.004719227741706022,0.004719227741706022,0.0,0.0,1.4271401321569277
2025-11-04,-0.0037656590126237273,-0.0037656590126237273,0.0,0.0,1.421766009055994
2025-11-05,0.0032594944845286975,0.0032594944845286975,0.0,0.0,1.4264002475208026
2025-11-06,0.0007908129952087112,0.0007908129952087112,0.0,0.0,1.4275282633729112
2025-11-07,-0.0029248823183721734,-0.0029248823183721734,0.0,0.0,1.4233529111963952
2025-11-10,-0.002247854312930978,-0.002247854312930978,0.0,0.0,1.4201534212161395
2025-11-11,0.0001469347459517041,0.0001469347459517041,0.0,0.0,1.4203620910982984
2025-11-12,0.005899686493785326,0.005899686493785326,0.0,0.0,1.4287417821434356
2025-11-13,-0.006467815521003757,-0.006467815521003757,0.0,0.0,1.4195009438693817
2025-11-14,-0.006611238803069927,-0.006611238803069927,0.0,0.0,1.4101162841482782
2025-11-17,-0.003946527300438615,-0.003946527300438615,0.0,0.0,1.4045512217360938
2025-11-18,-0.01091333518787021,-0.01091333518787021,0.0,0.0,1.3892228834647553
2025-11-19,-0.0023459699807134434,-0.0023459699807134434,0.0,0.0,1.3859638082836268
2025-11-20,0.016689288672890278,0.016689288672890278,0.0,0.0,1.4090945583702505
2025-11-21,-0.010492196413295728,-0.010492196413295728,0.0,0.0,1.3943100614989237
2025-11-24,0.007798669781571805,0.007798669781571805,0.0,0.0,1.4051838252416768
2025-11-25,-0.008427543106429956,-0.008427543106429956,0.0,0.0,1.3933415779819947
2025-11-26,0.009392161082987219,0.009392161082987219,0.0,0.0,1.4064280665260251
2025-11-27,0.00405644466916631,0.00405644466916631,0.0,0.0,1.4121331641590504
2025-11-28,-0.0058859578927942195,-0.0058859578927942195,0.0,0.0,1.403821407815792
2025-12-01,-0.002562977324817069,-0.002562977324817069,0.0,0.0,1.4002234453794675
2025-12-02,0.005683903759841377,0.005683903759841377,0.0,0.0,1.408182180685278
2025-12-03,-0.0015090430847245,-0.0015090430847245,0.0,0.0,1.4060571731034825
2025-12-04,0.005577437546262572,0.005577437546262572,0.0,0.0,1.4138993691729416
2025-12-05,0.0015590458194371273,0.0015590458194371273,0.0,0.0,1.4161037030735555
2025-12-08,-0.0031965194511748515,-0.0031965194511748515,0.0,0.0,1.4115771000418003
2025-12-09,-0.00017904083273398267,-0.00017904083273398267,0.0,0.0,1.4113243701023406
2025-12-10,-0.0034038905803344213,-0.0034038905803344213,0.0,0.0,1.4065203763731529
2025-12-11,0.0009844348808792248,0.0009844348808792248,0.0,0.0,1.407905004092322
2025-12-12,0.0034327842881353853,0.0034327842881353853,0.0,0.0,1.4127380382695574
2025-12-15,0.0010103649138142768,0.0010103649138142768,0.0,0.0,1.4141654192158357
2025-12-16,0.0006009576301569993,0.0006009576301569993,0.0,0.0,1.4150152727148178
2025-12-17,0.006667982991891562,0.006667982991891562,0.0,0.0,1.424450570486547
2025-12-18,-0.00042537253857714326,-0.00042537253857714326,0.0,0.0,1.4238446483313016
2025-12-19,0.012642109512075932,0.012642109512075932,0.0,0.0,1.441845048303689
2025-12-22,0.0021986737839108286,0.0021986737839108286,0.0,0.0,1.445015195211856
2025-12-23,-0.0032864163323951066,-0.0032864163323951066,0.0,0.0,1.4402662736737526
2025-12-24,0.002229466695584586,0.002229466695584586,0.0,0.0,1.443477299363682
2025-12-26,0.005056719553437263,0.005056719553437263,0.0,0.0,1.450776559248317
2025-12-29,-0.0007689910690641923,-0.0007689910690641923,0.0,0.0,1.4496609250310475
2025-12-30,-1.5859680618607384e-05,-1.5859680618607384e-05,0.0,0.0,1.4496379338717713
2025-12-31,-0.006027666422349346,-0.006027666422349346,0.0,0.0,1.4408999999732086
2026-01-02,0.005178136799724557,0.005178136799724557,0.0,0.0,1.448361177287793
2026-01-05,0.0038287684101485074,0.0038287684101485074,0.0,0.0,1.453906616809878
2026-01-06,0.008256630839270846,0.008256630839270846,0.0,0.0,1.4659109870196503
2026-01-07,0.005413543396522584,0.005413543396522584,0.0,0.0,1.4738467597633205
2026-01-08,-0.0019324455148827815,-0.0019324455148827815,0.0,0.0,1.4709986312027912
2026-01-09,0.0002886836151671907,0.0002886836151671907,0.0,0.0,1.4714232844055528
2026-01-12,0.002098629502948533,0.002098629502948533,0.0,0.0,1.4745112567215317
2026-01-13,-0.0007840555506808943,-0.0007840555506808943,0.0,0.0,1.473355157986158
2026-01-14,0.006021094047044823,0.006021094047044823,0.0,0.0,1.4822263679570913
2026-01-15,0.008267420600235912,0.008267420600235912,0.0,0.0,1.4944805567657526
2026-01-16,0.002808853403002159,0.002808853403002159,0.0,0.0,1.4986783335633447
2026-01-19,0.006414455221667449,0.006414455221667449,0.0,0.0,1.50829153862567
2026-01-20,-0.007250860366144433,-0.007250860366144433,0.0,0.0,1.497355127287658
2026-01-21,-0.0056853279176205355,-0.0056853279176205355,0.0,0.0,1.4888421723798972
2026-01-22,0.0028965698847043097,0.0028965698847043097,0.0,0.0,1.4931547077794907
2026-01-23,-3.728914781604296e-05,-3.728914781604296e-05,0.0,0.0,1.49309902931288
2026-01-26,0.0051778612117380236,0.0051778612117380236,0.0,0.0,1.5008300888620432
2026-01-27,-0.0041291042526648905,-0.0041291042526648905,0.0,0.0,1.4946330049595955
2026-01-28,-0.0010844914873869532,-0.0010844914873869532,0.0,0.0,1.4930120881889493
2026-01-29,-0.0017819177973339327,-0.0017819177973339327,0.0,0.0,1.4903516633773706
2026-01-30,-0.007937136152414356,-0.007937136152414356,0.0,0.0,1.4785225393101673
2026-02-02,-0.008109378004805436,-0.008109378004805436,0.0,0.0,1.4665326411502764
2026-02-03,0.005235524094536523,0.005235524094536523,0.0,0.0,1.474210708128443
2026-02-04,0.008807989930245126,0.008807989930245126,0.0,0.0,1.4871955412006979
2026-02-05,0.000540500949876679,0.000540500949876679,0.0,0.0,1.4879993718033693
2026-02-06,0.0019139691316748773,0.0019139691316748773,0.0,0.0,1.4908473566689526
2026-02-09,0.002262805995426835,0.002262805995426835,0.0,0.0,1.4942208550058893
2026-02-10,0.004678411559032183,0.004678411559032183,0.0,0.0,1.5012114351256958
2026-02-11,0.00817738696939792,0.00817738696939792,0.0,0.0,1.5134874219536039
2026-02-23,0.023773160238200287,0.023773160238200287,0.0,0.0,1.5494678009542076
2026-02-24,0.007532799641486486,0.007532799641486486,0.0,0.0,1.5611396314497301
2026-02-25,0.0014126299018775365,0.0014126299018775365,0.0,0.0,1.563344943974122
2026-02-26,0.00032744866896999673,0.00032744866896999673,0.0,0.0,1.5638568591951674
2026-03-02,-0.006705519211895316,-0.006705519211895316,0.0,0.0,1.55337038698118
2026-03-03,-0.005463888094610721,-0.005463888094610721,0.0,0.0,1.5448829450172326
2026-03-04,-0.034696700481359935,-0.034696700481359935,0.0,0.0,1.4912806041952082
2026-03-05,0.0118275743186635,0.0118275743186635,0.0,0.0,1.5089188363713086
2026-03-06,0.005590542631010538,0.005590542631010538,0.0,0.0,1.5173545114527773
2026-03-09,-0.018920721713945834,-0.018920721713945834,0.0,0.0,1.4886450690001791
2026-03-10,-0.002075035046215122,-0.002075035046215122,0.0,0.0,1.4855560783106285
2026-03-11,0.011008275869323951,0.011008275869323951,0.0,0.0,1.501909489440023
2026-03-12,0.0022470027914633164,0.0022470027914633164,0.0,0.0,1.50528428425532
2026-03-13,-0.0018857734132223013,-0.0018857734132223013,0.0,0.0,1.50244565917273
2026-03-16,0.008978870967457019,0.008978870967457019,0.0,0.0,1.5159359248820579
2026-03-17,0.005857359995661372,0.005857359995661372,0.0,0.0,1.524815307324448
2026-03-18,0.0018712903756604984,0.0018712903756604984,0.0,0.0,1.527668679533704
2026-03-19,-0.013105134480060723,-0.013105134480060723,0.0,0.0,1.5076483760474382
2026-03-20,-0.000614944166400765,-0.000614944166400765,0.0,0.0,1.5067212564736043
2026-03-23,-0.01677191003565133,-0.01677191003565133,0.0,0.0,1.4814506631112254
2026-03-24,0.007448630327204305,0.007448630327204305,0.0,0.0,1.4924854414487327
2026-03-25,0.010613479549963618,0.010613479549963618,0.0,0.0,1.5083259051601674
2026-03-26,-0.0004951157493328165,-0.0004951157493328165,0.0,0.0,1.507579109249396
2026-03-27,-0.0012473099696547895,-0.0012473099696547895,0.0,0.0,1.5056986907963859
2026-03-30,-0.013014890000580152,-0.013014890000580152,0.0,0.0,1.4861021879616532
2026-03-31,-0.008201212124268456,-0.008201212124268456,0.0,0.0,1.47391434867984
2026-04-01,0.02209533309529936,0.02209533309529936,0.0,0.0,1.5064809771678622
2026-04-02,-0.004654287873617653,-0.004654287873617653,0.0,0.0,1.499469381023994
2026-04-07,0.006090286136128378,0.006090286136128378,0.0,0.0,1.5086015786067934
2026-04-08,0.011996060957837174,0.011996060957837174,0.0,0.0,1.52669885510485
2026-04-09,0.008690609792141566,0.008690609792141566,0.0,0.0,1.5399667991246755
2026-04-10,-0.0061443164821818105,-0.0061443164821818105,0.0,0.0,1.530504755738801
2026-04-13,-0.003711132426053275,-0.003711132426053275,0.0,0.0,1.52482484991155
2026-04-14,0.009445968093363526,0.009445968093363526,0.0,0.0,1.5392282967917825
2026-04-15,0.007967770631580325,0.007967770631580325,0.0,0.0,1.5514925148102576
2026-04-16,0.006971712876984424,0.006971712876984424,0.0,0.0,1.5623090751543052
2026-04-17,0.00565571317870036,0.00565571317870036,0.0,0.0,1.5711450471798585
