date,gross_ret,net_ret,turnover,total_cost,equity
2015-01-05,0.0,0.0,0.0,0.0,1.0
2015-01-06,0.0,0.0,0.0,0.0,1.0
2015-01-07,0.0,0.0,0.0,0.0,1.0
2015-01-08,0.0,0.0,0.0,0.0,1.0
2015-01-09,0.0,0.0,0.0,0.0,1.0
2015-01-12,0.0,0.0,0.0,0.0,1.0
2015-01-13,0.0,0.0,0.0,0.0,1.0
2015-01-14,0.0,0.0,0.0,0.0,1.0
2015-01-15,0.0,0.0,0.0,0.0,1.0
2015-01-16,0.0,0.0,0.0,0.0,1.0
2015-01-19,0.0,0.0,0.0,0.0,1.0
2015-01-20,0.0,0.0,0.0,0.0,1.0
2015-01-21,0.0,0.0,0.0,0.0,1.0
2015-01-22,0.0,0.0,0.0,0.0,1.0
2015-01-23,0.0,0.0,0.0,0.0,1.0
2015-01-26,0.0,0.0,0.0,0.0,1.0
2015-01-27,0.0,0.0,0.0,0.0,1.0
2015-01-28,0.0,0.0,0.0,0.0,1.0
2015-01-29,0.0,0.0,0.0,0.0,1.0
2015-01-30,0.0,0.0,0.0,0.0,1.0
2015-02-02,0.0,0.0,0.0,0.0,1.0
2015-02-03,0.0,0.0,0.0,0.0,1.0
2015-02-04,0.0,0.0,0.0,0.0,1.0
2015-02-05,0.0,0.0,0.0,0.0,1.0
2015-02-06,0.0,0.0,0.0,0.0,1.0
2015-02-09,0.0,0.0,0.0,0.0,1.0
2015-02-10,0.0,0.0,0.0,0.0,1.0
2015-02-11,0.0,0.0,0.0,0.0,1.0
2015-02-12,0.0,0.0,0.0,0.0,1.0
2015-02-13,0.0,0.0,0.0,0.0,1.0
2015-02-24,0.0,0.0,0.0,0.0,1.0
2015-02-25,0.0,0.0,0.0,0.0,1.0
2015-02-26,0.0,0.0,0.0,0.0,1.0
2015-03-02,0.0,0.0,0.0,0.0,1.0
2015-03-03,0.0,0.0,0.0,0.0,1.0
2015-03-04,0.0,0.0,0.0,0.0,1.0
2015-03-05,0.0,0.0,0.0,0.0,1.0
2015-03-06,0.0,0.0,0.0,0.0,1.0
2015-03-09,0.0,0.0,0.0,0.0,1.0
2015-03-10,0.0,0.0,0.0,0.0,1.0
2015-03-11,0.0,0.0,0.0,0.0,1.0
2015-03-12,0.0,0.0,0.0,0.0,1.0
2015-03-13,0.0,0.0,0.0,0.0,1.0
2015-03-16,0.0,0.0,0.0,0.0,1.0
2015-03-17,0.0,0.0,0.0,0.0,1.0
2015-03-18,0.0,0.0,0.0,0.0,1.0
2015-03-19,0.0,0.0,0.0,0.0,1.0
2015-03-20,0.0,0.0,0.0,0.0,1.0
2015-03-23,0.0,0.0,0.0,0.0,1.0
2015-03-24,0.0,0.0,0.0,0.0,1.0
2015-03-25,0.0,0.0,0.0,0.0,1.0
2015-03-26,0.0,0.0,0.0,0.0,1.0
2015-03-27,0.0,0.0,0.0,0.0,1.0
2015-03-30,0.0,0.0,0.0,0.0,1.0
2015-03-31,0.0,0.0,0.0,0.0,1.0
2015-04-01,0.0,0.0,0.0,0.0,1.0
2015-04-02,0.0,0.0,0.0,0.0,1.0
2015-04-07,0.0,0.0,0.0,0.0,1.0
2015-04-08,0.0,0.0,0.0,0.0,1.0
2015-04-09,0.0,0.0,0.0,0.0,1.0
2015-04-10,0.0,0.0,0.0,0.0,1.0
2015-04-13,0.0,0.0,0.0,0.0,1.0
2015-04-14,0.0,0.0,0.0,0.0,1.0
2015-04-15,0.0,0.0,0.0,0.0,1.0
2015-04-16,0.0,0.0,0.0,0.0,1.0
2015-04-17,0.0,0.0,0.0,0.0,1.0
2015-04-20,0.0,0.0,0.0,0.0,1.0
2015-04-21,0.0,0.0,0.0,0.0,1.0
2015-04-22,0.0,0.0,0.0,0.0,1.0
2015-04-23,0.0,0.0,0.0,0.0,1.0
2015-04-24,0.0,0.0,0.0,0.0,1.0
2015-04-27,0.0,0.0,0.0,0.0,1.0
2015-04-28,0.0,0.0,0.0,0.0,1.0
2015-04-29,0.0,0.0,0.0,0.0,1.0
2015-04-30,0.0,0.0,0.0,0.0,1.0
2015-05-04,0.0,0.0,0.0,0.0,1.0
2015-05-05,0.0,0.0,0.0,0.0,1.0
2015-05-06,0.0,0.0,0.0,0.0,1.0
2015-05-07,0.0,0.0,0.0,0.0,1.0
2015-05-08,0.0,0.0,0.0,0.0,1.0
2015-05-11,0.0,0.0,0.0,0.0,1.0
2015-05-12,0.0,0.0,0.0,0.0,1.0
2015-05-13,0.0,0.0,0.0,0.0,1.0
2015-05-14,0.0,0.0,0.0,0.0,1.0
2015-05-15,0.0,0.0,0.0,0.0,1.0
2015-05-18,0.0,0.0,0.0,0.0,1.0
2015-05-19,0.0,0.0,0.0,0.0,1.0
2015-05-20,0.0,0.0,0.0,0.0,1.0
2015-05-21,0.0,0.0,0.0,0.0,1.0
2015-05-22,0.0,0.0,0.0,0.0,1.0
2015-05-25,0.0,0.0,0.0,0.0,1.0
2015-05-26,0.0,0.0,0.0,0.0,1.0
2015-05-27,0.0,0.0,0.0,0.0,1.0
2015-05-28,0.0,0.0,0.0,0.0,1.0
2015-05-29,0.0,0.0,0.0,0.0,1.0
2015-06-01,0.0,0.0,0.0,0.0,1.0
2015-06-02,0.0,0.0,0.0,0.0,1.0
2015-06-03,0.0,0.0,0.0,0.0,1.0
2015-06-04,0.0,0.0,0.0,0.0,1.0
2015-06-05,0.0,0.0,0.0,0.0,1.0
2015-06-08,0.0,0.0,0.0,0.0,1.0
2015-06-09,0.0,0.0,0.0,0.0,1.0
2015-06-10,0.0,0.0,0.0,0.0,1.0
2015-06-11,0.0,0.0,0.0,0.0,1.0
2015-06-12,0.0,0.0,0.0,0.0,1.0
2015-06-15,0.0,0.0,0.0,0.0,1.0
2015-06-16,0.0,0.0,0.0,0.0,1.0
2015-06-17,0.0,0.0,0.0,0.0,1.0
2015-06-18,0.0,0.0,0.0,0.0,1.0
2015-06-22,0.0,0.0,0.0,0.0,1.0
2015-06-23,0.0,0.0,0.0,0.0,1.0
2015-06-24,0.0,0.0,0.0,0.0,1.0
2015-06-25,0.0,0.0,0.0,0.0,1.0
2015-06-26,0.0,0.0,0.0,0.0,1.0
2015-06-29,0.0,0.0,0.0,0.0,1.0
2015-06-30,0.0,0.0,0.0,0.0,1.0
2015-07-01,0.0,0.0,0.0,0.0,1.0
2015-07-02,0.0,0.0,0.0,0.0,1.0
2015-07-03,0.0,0.0,0.0,0.0,1.0
2015-07-06,0.0,0.0,0.0,0.0,1.0
2015-07-07,0.0,0.0,0.0,0.0,1.0
2015-07-08,0.0,0.0,0.0,0.0,1.0
2015-07-09,0.0,0.0,0.0,0.0,1.0
2015-07-13,0.0,0.0,0.0,0.0,1.0
2015-07-14,0.0,0.0,0.0,0.0,1.0
2015-07-15,0.0,0.0,0.0,0.0,1.0
2015-07-16,0.0,0.0,0.0,0.0,1.0
2015-07-17,0.0,0.0,0.0,0.0,1.0
2015-07-20,0.0,0.0,0.0,0.0,1.0
2015-07-21,0.0,0.0,0.0,0.0,1.0
2015-07-22,0.0,0.0,0.0,0.0,1.0
2015-07-23,0.0,0.0,0.0,0.0,1.0
2015-07-24,0.0,0.0,0.0,0.0,1.0
2015-07-27,0.0,0.0,0.0,0.0,1.0
2015-07-28,0.0,0.0,0.0,0.0,1.0
2015-07-29,0.0,0.0,0.0,0.0,1.0
2015-07-30,0.0,0.0,0.0,0.0,1.0
2015-07-31,0.0,0.0,0.0,0.0,1.0
2015-08-03,0.0,0.0,0.0,0.0,1.0
2015-08-04,0.0,0.0,0.0,0.0,1.0
2015-08-05,0.0,0.0,0.0,0.0,1.0
2015-08-06,0.0,0.0,0.0,0.0,1.0
2015-08-07,0.0,0.0,0.0,0.0,1.0
2015-08-10,0.0,0.0,0.0,0.0,1.0
2015-08-11,0.0,0.0,0.0,0.0,1.0
2015-08-12,0.0,0.0,0.0,0.0,1.0
2015-08-13,0.0,0.0,0.0,0.0,1.0
2015-08-14,0.0,0.0,0.0,0.0,1.0
2015-08-17,0.0,0.0,0.0,0.0,1.0
2015-08-18,0.0,0.0,0.0,0.0,1.0
2015-08-19,0.0,0.0,0.0,0.0,1.0
2015-08-20,0.0,0.0,0.0,0.0,1.0
2015-08-21,0.0,0.0,0.0,0.0,1.0
2015-08-24,0.0,0.0,0.0,0.0,1.0
2015-08-25,0.0,0.0,0.0,0.0,1.0
2015-08-26,0.0,0.0,0.0,0.0,1.0
2015-08-27,0.0,0.0,0.0,0.0,1.0
2015-08-28,0.0,0.0,0.0,0.0,1.0
2015-08-31,0.0,0.0,0.0,0.0,1.0
2015-09-01,0.0,0.0,0.0,0.0,1.0
2015-09-02,0.0,0.0,0.0,0.0,1.0
2015-09-03,0.0,0.0,0.0,0.0,1.0
2015-09-04,0.0,0.0,0.0,0.0,1.0
2015-09-07,0.0,0.0,0.0,0.0,1.0
2015-09-08,0.0,0.0,0.0,0.0,1.0
2015-09-09,0.0,0.0,0.0,0.0,1.0
2015-09-10,0.0,0.0,0.0,0.0,1.0
2015-09-11,0.0,0.0,0.0,0.0,1.0
2015-09-14,0.0,0.0,0.0,0.0,1.0
2015-09-15,0.0,0.0,0.0,0.0,1.0
2015-09-16,0.0,0.0,0.0,0.0,1.0
2015-09-17,0.0,0.0,0.0,0.0,1.0
2015-09-18,0.0,0.0,0.0,0.0,1.0
2015-09-21,0.0,0.0,0.0,0.0,1.0
2015-09-22,0.0,0.0,0.0,0.0,1.0
2015-09-23,0.0,0.0,0.0,0.0,1.0
2015-09-24,0.0,0.0,0.0,0.0,1.0
2015-09-25,0.0,0.0,0.0,0.0,1.0
2015-09-30,0.0,0.0,0.0,0.0,1.0
2015-10-01,0.0,0.0,0.0,0.0,1.0
2015-10-02,0.0,0.0,0.0,0.0,1.0
2015-10-05,0.0,0.0,0.0,0.0,1.0
2015-10-06,0.0,0.0,0.0,0.0,1.0
2015-10-07,0.0,0.0,0.0,0.0,1.0
2015-10-08,0.0,0.0,0.0,0.0,1.0
2015-10-12,0.0,0.0,0.0,0.0,1.0
2015-10-13,0.0,0.0,0.0,0.0,1.0
2015-10-14,0.0,0.0,0.0,0.0,1.0
2015-10-15,0.0,0.0,0.0,0.0,1.0
2015-10-16,0.0,0.0,0.0,0.0,1.0
2015-10-19,0.0,0.0,0.0,0.0,1.0
2015-10-20,0.0,0.0,0.0,0.0,1.0
2015-10-21,0.0,0.0,0.0,0.0,1.0
2015-10-22,0.0,0.0,0.0,0.0,1.0
2015-10-23,0.0,0.0,0.0,0.0,1.0
2015-10-26,0.0,0.0,0.0,0.0,1.0
2015-10-27,0.0,0.0,0.0,0.0,1.0
2015-10-28,0.0,0.0,0.0,0.0,1.0
2015-10-29,0.0,0.0,0.0,0.0,1.0
2015-10-30,0.0,0.0,0.0,0.0,1.0
2015-11-02,0.0,0.0,0.0,0.0,1.0
2015-11-03,0.0,0.0,0.0,0.0,1.0
2015-11-04,0.0,0.0,0.0,0.0,1.0
2015-11-05,0.0,0.0,0.0,0.0,1.0
2015-11-06,0.0,0.0,0.0,0.0,1.0
2015-11-09,0.0,0.0,0.0,0.0,1.0
2015-11-10,0.0,0.0,0.0,0.0,1.0
2015-11-11,0.0,0.0,0.0,0.0,1.0
2015-11-12,0.0,0.0,0.0,0.0,1.0
2015-11-13,0.0,0.0,0.0,0.0,1.0
2015-11-16,0.0,0.0,0.0,0.0,1.0
2015-11-17,0.0,0.0,0.0,0.0,1.0
2015-11-18,0.0,0.0,0.0,0.0,1.0
2015-11-19,0.0,0.0,0.0,0.0,1.0
2015-11-20,0.0,0.0,0.0,0.0,1.0
2015-11-23,0.0,0.0,0.0,0.0,1.0
2015-11-24,0.0,0.0,0.0,0.0,1.0
2015-11-25,0.0,0.0,0.0,0.0,1.0
2015-11-26,0.0,0.0,0.0,0.0,1.0
2015-11-27,0.0,0.0,0.0,0.0,1.0
2015-11-30,0.0,0.0,0.0,0.0,1.0
2015-12-01,0.0,0.0,0.0,0.0,1.0
2015-12-02,0.0,0.0,0.0,0.0,1.0
2015-12-03,0.0,0.0,0.0,0.0,1.0
2015-12-04,0.0,0.0,0.0,0.0,1.0
2015-12-07,0.0,0.0,0.0,0.0,1.0
2015-12-08,0.0,0.0,0.0,0.0,1.0
2015-12-09,0.0,0.0,0.0,0.0,1.0
2015-12-10,0.0,0.0,0.0,0.0,1.0
2015-12-11,0.0,0.0,0.0,0.0,1.0
2015-12-14,0.0,0.0,0.0,0.0,1.0
2015-12-15,0.0,0.0,0.0,0.0,1.0
2015-12-16,0.0,0.0,0.0,0.0,1.0
2015-12-17,0.0,0.0,0.0,0.0,1.0
2015-12-18,0.0,0.0,0.0,0.0,1.0
2015-12-21,0.0,0.0,0.0,0.0,1.0
2015-12-22,0.0,0.0,0.0,0.0,1.0
2015-12-23,0.0,0.0,0.0,0.0,1.0
2015-12-24,0.0,0.0,0.0,0.0,1.0
2015-12-25,0.0,0.0,0.0,0.0,1.0
2015-12-28,0.0,0.0,0.0,0.0,1.0
2015-12-29,0.0,0.0,0.0,0.0,1.0
2015-12-30,0.0,0.0,0.0,0.0,1.0
2015-12-31,0.0,0.0,0.0,0.0,1.0
2016-01-04,0.0,0.0,0.0,0.0,1.0
2016-01-05,0.0,0.0,0.0,0.0,1.0
2016-01-06,0.0,0.0,0.0,0.0,1.0
2016-01-07,0.0,0.0,0.0,0.0,1.0
2016-01-08,0.0,0.0,0.0,0.0,1.0
2016-01-11,0.0,0.0,0.0,0.0,1.0
2016-01-12,0.0,0.0,0.0,0.0,1.0
2016-01-13,0.0,0.0,0.0,0.0,1.0
2016-01-14,0.0,0.0,0.0,0.0,1.0
2016-01-15,0.0,0.0,0.0,0.0,1.0
2016-01-18,0.0,0.0,0.0,0.0,1.0
2016-01-19,0.0,0.0,0.0,0.0,1.0
2016-01-20,0.0,0.0,0.0,0.0,1.0
2016-01-21,0.0,0.0,0.0,0.0,1.0
2016-01-22,0.0,0.0,0.0,0.0,1.0
2016-01-25,0.0,0.0,0.0,0.0,1.0
2016-01-26,0.0,0.0,0.0,0.0,1.0
2016-01-27,0.0,0.0,0.0,0.0,1.0
2016-01-28,0.0,0.0,0.0,0.0,1.0
2016-01-29,0.0,0.0,0.0,0.0,1.0
2016-01-30,0.0,0.0,0.0,0.0,1.0
2016-02-01,0.0,0.0,0.0,0.0,1.0
2016-02-02,0.0,0.0,0.0,0.0,1.0
2016-02-03,0.0,0.0,0.0,0.0,1.0
2016-02-15,0.0,0.0,0.0,0.0,1.0
2016-02-16,0.0,0.0,0.0,0.0,1.0
2016-02-17,0.0,0.0,0.0,0.0,1.0
2016-02-18,0.0,0.0,0.0,0.0,1.0
2016-02-19,0.0,0.0,0.0,0.0,1.0
2016-02-22,0.0,0.0,0.0,0.0,1.0
2016-02-23,0.0,0.0,0.0,0.0,1.0
2016-02-24,0.0,0.0,0.0,0.0,1.0
2016-02-25,0.0,0.0,0.0,0.0,1.0
2016-02-26,0.0,0.0,0.0,0.0,1.0
2016-03-01,0.0,0.0,0.0,0.0,1.0
2016-03-02,0.0,0.0,0.0,0.0,1.0
2016-03-03,0.0,0.0,0.0,0.0,1.0
2016-03-04,0.0,0.0,0.0,0.0,1.0
2016-03-07,0.0,0.0,0.0,0.0,1.0
2016-03-08,0.0,0.0,0.0,0.0,1.0
2016-03-09,0.0,0.0,0.0,0.0,1.0
2016-03-10,0.0,0.0,0.0,0.0,1.0
2016-03-11,0.0,0.0,0.0,0.0,1.0
2016-03-14,0.0,0.0,0.0,0.0,1.0
2016-03-15,0.0,0.0,0.0,0.0,1.0
2016-03-16,0.0,0.0,0.0,0.0,1.0
2016-03-17,0.0,0.0,0.0,0.0,1.0
2016-03-18,0.0,0.0,0.0,0.0,1.0
2016-03-21,0.0,0.0,0.0,0.0,1.0
2016-03-22,0.0,0.0,0.0,0.0,1.0
2016-03-23,0.0,0.0,0.0,0.0,1.0
2016-03-24,0.0,0.0,0.0,0.0,1.0
2016-03-25,0.0,0.0,0.0,0.0,1.0
2016-03-28,0.0,0.0,0.0,0.0,1.0
2016-03-29,0.0,0.0,0.0,0.0,1.0
2016-03-30,0.0,0.0,0.0,0.0,1.0
2016-03-31,0.0,0.0,0.0,0.0,1.0
2016-04-01,0.0,0.0,0.0,0.0,1.0
2016-04-06,0.0,0.0,0.0,0.0,1.0
2016-04-07,0.0,0.0,0.0,0.0,1.0
2016-04-08,0.0,0.0,0.0,0.0,1.0
2016-04-11,0.0,0.0,0.0,0.0,1.0
2016-04-12,0.0,0.0,0.0,0.0,1.0
2016-04-13,0.0,0.0,0.0,0.0,1.0
2016-04-14,0.0,0.0,0.0,0.0,1.0
2016-04-15,0.0,0.0,0.0,0.0,1.0
2016-04-18,0.0,0.0,0.0,0.0,1.0
2016-04-19,0.0,0.0,0.0,0.0,1.0
2016-04-20,0.0,0.0,0.0,0.0,1.0
2016-04-21,0.0,0.0,0.0,0.0,1.0
2016-04-22,0.0,0.0,0.0,0.0,1.0
2016-04-25,0.0,0.0,0.0,0.0,1.0
2016-04-26,0.0,0.0,0.0,0.0,1.0
2016-04-27,0.0,0.0,0.0,0.0,1.0
2016-04-28,0.0,0.0,0.0,0.0,1.0
2016-04-29,0.0,0.0,0.0,0.0,1.0
2016-05-03,0.0,0.0,0.0,0.0,1.0
2016-05-04,0.0,0.0,0.0,0.0,1.0
2016-05-05,0.0,0.0,0.0,0.0,1.0
2016-05-06,0.0,0.0,0.0,0.0,1.0
2016-05-09,0.0,0.0,0.0,0.0,1.0
2016-05-10,0.0,0.0,0.0,0.0,1.0
2016-05-11,0.0,0.0,0.0,0.0,1.0
2016-05-12,0.0,0.0,0.0,0.0,1.0
2016-05-13,0.0,0.0,0.0,0.0,1.0
2016-05-16,0.0,0.0,0.0,0.0,1.0
2016-05-17,0.0,0.0,0.0,0.0,1.0
2016-05-18,0.0,0.0,0.0,0.0,1.0
2016-05-19,0.0,0.0,0.0,0.0,1.0
2016-05-20,0.0,0.0,0.0,0.0,1.0
2016-05-23,0.0,0.0,0.0,0.0,1.0
2016-05-24,0.0,0.0,0.0,0.0,1.0
2016-05-25,0.0,0.0,0.0,0.0,1.0
2016-05-26,0.0,0.0,0.0,0.0,1.0
2016-05-27,0.0,0.0,0.0,0.0,1.0
2016-05-30,0.0,0.0,0.0,0.0,1.0
2016-05-31,0.0,0.0,0.0,0.0,1.0
2016-06-01,0.0,0.0,0.0,0.0,1.0
2016-06-02,0.0,0.0,0.0,0.0,1.0
2016-06-03,0.0,0.0,0.0,0.0,1.0
2016-06-04,0.0,0.0,0.0,0.0,1.0
2016-06-06,0.0,0.0,0.0,0.0,1.0
2016-06-07,0.0,0.0,0.0,0.0,1.0
2016-06-08,0.0,0.0,0.0,0.0,1.0
2016-06-13,0.0,0.0,0.0,0.0,1.0
2016-06-14,0.0,0.0,0.0,0.0,1.0
2016-06-15,0.0,0.0,0.0,0.0,1.0
2016-06-16,0.0,0.0,0.0,0.0,1.0
2016-06-17,0.0,0.0,0.0,0.0,1.0
2016-06-20,0.0,0.0,0.0,0.0,1.0
2016-06-21,0.0,0.0,0.0,0.0,1.0
2016-06-22,0.0,0.0,0.0,0.0,1.0
2016-06-23,0.0,0.0,0.0,0.0,1.0
2016-06-24,0.0,0.0,0.0,0.0,1.0
2016-06-27,0.0,0.0,0.0,0.0,1.0
2016-06-28,0.0,0.0,0.0,0.0,1.0
2016-06-29,0.0,0.0,0.0,0.0,1.0
2016-06-30,0.0,0.0,0.0,0.0,1.0
2016-07-01,0.0,0.0,0.0,0.0,1.0
2016-07-04,0.0,0.0,0.0,0.0,1.0
2016-07-05,0.0,0.0,0.0,0.0,1.0
2016-07-06,0.0,0.0,0.0,0.0,1.0
2016-07-07,0.0,0.0,0.0,0.0,1.0
2016-07-11,0.0,0.0,0.0,0.0,1.0
2016-07-12,0.0,0.0,0.0,0.0,1.0
2016-07-13,0.0,0.0,0.0,0.0,1.0
2016-07-14,0.0,0.0,0.0,0.0,1.0
2016-07-15,0.0,0.0,0.0,0.0,1.0
2016-07-18,0.0,0.0,0.0,0.0,1.0
2016-07-19,0.0,0.0,0.0,0.0,1.0
2016-07-20,0.0,0.0,0.0,0.0,1.0
2016-07-21,0.0,0.0,0.0,0.0,1.0
2016-07-22,0.0,0.0,0.0,0.0,1.0
2016-07-25,0.0,0.0,0.0,0.0,1.0
2016-07-26,0.0,0.0,0.0,0.0,1.0
2016-07-27,0.0,0.0,0.0,0.0,1.0
2016-07-28,0.0,0.0,0.0,0.0,1.0
2016-07-29,0.0,0.0,0.0,0.0,1.0
2016-08-01,0.0,0.0,0.0,0.0,1.0
2016-08-02,0.0,0.0,0.0,0.0,1.0
2016-08-03,0.0,0.0,0.0,0.0,1.0
2016-08-04,0.0,0.0,0.0,0.0,1.0
2016-08-05,0.0,0.0,0.0,0.0,1.0
2016-08-08,0.0,0.0,0.0,0.0,1.0
2016-08-09,0.0,0.0,0.0,0.0,1.0
2016-08-10,0.0,0.0,0.0,0.0,1.0
2016-08-11,0.0,0.0,0.0,0.0,1.0
2016-08-12,0.0,0.0,0.0,0.0,1.0
2016-08-15,0.0,0.0,0.0,0.0,1.0
2016-08-16,0.0,0.0,0.0,0.0,1.0
2016-08-17,0.0,0.0,0.0,0.0,1.0
2016-08-18,0.0,0.0,0.0,0.0,1.0
2016-08-19,0.0,0.0,0.0,0.0,1.0
2016-08-22,0.0,0.0,0.0,0.0,1.0
2016-08-23,0.0,0.0,0.0,0.0,1.0
2016-08-24,0.0,0.0,0.0,0.0,1.0
2016-08-25,0.0,0.0,0.0,0.0,1.0
2016-08-26,0.0,0.0,0.0,0.0,1.0
2016-08-29,0.0,0.0,0.0,0.0,1.0
2016-08-30,0.0,0.0,0.0,0.0,1.0
2016-08-31,0.0,0.0,0.0,0.0,1.0
2016-09-01,0.0,0.0,0.0,0.0,1.0
2016-09-02,0.0,0.0,0.0,0.0,1.0
2016-09-05,0.0,0.0,0.0,0.0,1.0
2016-09-06,0.0,0.0,0.0,0.0,1.0
2016-09-07,0.0,0.0,0.0,0.0,1.0
2016-09-08,0.0,0.0,0.0,0.0,1.0
2016-09-09,0.0,0.0,0.0,0.0,1.0
2016-09-10,0.0,0.0,0.0,0.0,1.0
2016-09-12,0.0,0.0,0.0,0.0,1.0
2016-09-13,0.0,0.0,0.0,0.0,1.0
2016-09-14,0.0,0.0,0.0,0.0,1.0
2016-09-19,0.0,0.0,0.0,0.0,1.0
2016-09-20,0.0,0.0,0.0,0.0,1.0
2016-09-21,0.0,0.0,0.0,0.0,1.0
2016-09-22,0.0,0.0,0.0,0.0,1.0
2016-09-23,0.0,0.0,0.0,0.0,1.0
2016-09-26,0.0,0.0,0.0,0.0,1.0
2016-09-29,0.0,0.0,0.0,0.0,1.0
2016-09-30,0.0,0.0,0.0,0.0,1.0
2016-10-03,0.0,0.0,0.0,0.0,1.0
2016-10-04,0.0,0.0,0.0,0.0,1.0
2016-10-05,0.0,0.0,0.0,0.0,1.0
2016-10-06,0.0,0.0,0.0,0.0,1.0
2016-10-07,0.0,0.0,0.0,0.0,1.0
2016-10-11,0.0,0.0,0.0,0.0,1.0
2016-10-12,0.0,0.0,0.0,0.0,1.0
2016-10-13,0.0,0.0,0.0,0.0,1.0
2016-10-14,0.0,0.0,0.0,0.0,1.0
2016-10-17,0.0,0.0,0.0,0.0,1.0
2016-10-18,0.0,0.0,0.0,0.0,1.0
2016-10-19,0.0,0.0,0.0,0.0,1.0
2016-10-20,0.0,0.0,0.0,0.0,1.0
2016-10-21,0.0,0.0,0.0,0.0,1.0
2016-10-24,0.0,0.0,0.0,0.0,1.0
2016-10-25,0.0,0.0,0.0,0.0,1.0
2016-10-26,0.0,0.0,0.0,0.0,1.0
2016-10-27,0.0,0.0,0.0,0.0,1.0
2016-10-28,0.0,0.0,0.0,0.0,1.0
2016-10-31,0.0,0.0,0.0,0.0,1.0
2016-11-01,0.0,0.0,0.0,0.0,1.0
2016-11-02,0.0,0.0,0.0,0.0,1.0
2016-11-03,0.0,0.0,0.0,0.0,1.0
2016-11-04,0.0,0.0,0.0,0.0,1.0
2016-11-07,0.0,0.0,0.0,0.0,1.0
2016-11-08,0.0,0.0,0.0,0.0,1.0
2016-11-09,0.0,0.0,0.0,0.0,1.0
2016-11-10,0.0,0.0,0.0,0.0,1.0
2016-11-11,0.0,0.0,0.0,0.0,1.0
2016-11-14,0.0,0.0,0.0,0.0,1.0
2016-11-15,0.0,0.0,0.0,0.0,1.0
2016-11-16,0.0,0.0,0.0,0.0,1.0
2016-11-17,0.0,0.0,0.0,0.0,1.0
2016-11-18,0.0,0.0,0.0,0.0,1.0
2016-11-21,0.0,0.0,0.0,0.0,1.0
2016-11-22,0.0,0.0,0.0,0.0,1.0
2016-11-23,0.0,0.0,0.0,0.0,1.0
2016-11-24,0.0,0.0,0.0,0.0,1.0
2016-11-25,0.0,0.0,0.0,0.0,1.0
2016-11-28,0.0,0.0,0.0,0.0,1.0
2016-11-29,0.0,0.0,0.0,0.0,1.0
2016-11-30,0.0,0.0,0.0,0.0,1.0
2016-12-01,0.0,0.0,0.0,0.0,1.0
2016-12-02,0.0,0.0,0.0,0.0,1.0
2016-12-05,0.0,0.0,0.0,0.0,1.0
2016-12-06,0.0,0.0,0.0,0.0,1.0
2016-12-07,0.0,0.0,0.0,0.0,1.0
2016-12-08,0.0,0.0,0.0,0.0,1.0
2016-12-09,0.0,0.0,0.0,0.0,1.0
2016-12-12,0.0,0.0,0.0,0.0,1.0
2016-12-13,0.0,0.0,0.0,0.0,1.0
2016-12-14,0.0,0.0,0.0,0.0,1.0
2016-12-15,0.0,0.0,0.0,0.0,1.0
2016-12-16,0.0,0.0,0.0,0.0,1.0
2016-12-19,0.0,0.0,0.0,0.0,1.0
2016-12-20,0.0,0.0,0.0,0.0,1.0
2016-12-21,0.0,0.0,0.0,0.0,1.0
2016-12-22,0.0,0.0,0.0,0.0,1.0
2016-12-23,0.0,0.0,0.0,0.0,1.0
2016-12-26,0.0,0.0,0.0,0.0,1.0
2016-12-27,0.0,0.0,0.0,0.0,1.0
2016-12-28,0.0,0.0,0.0,0.0,1.0
2016-12-29,0.0,0.0,0.0,0.0,1.0
2016-12-30,0.0,0.0,0.0,0.0,1.0
2017-01-03,0.0,0.0,0.0,0.0,1.0
2017-01-04,0.0,0.0,0.0,0.0,1.0
2017-01-05,0.0,0.0,0.0,0.0,1.0
2017-01-06,0.0,0.0,0.0,0.0,1.0
2017-01-09,0.0,0.0,0.0,0.0,1.0
2017-01-10,0.0,0.0,0.0,0.0,1.0
2017-01-11,0.0,0.0,0.0,0.0,1.0
2017-01-12,0.0,0.0,0.0,0.0,1.0
2017-01-13,0.0,0.0,0.0,0.0,1.0
2017-01-16,0.0,0.0,0.0,0.0,1.0
2017-01-17,0.0,0.0,0.0,0.0,1.0
2017-01-18,0.0,0.0,0.0,0.0,1.0
2017-01-19,0.0,0.0,0.0,0.0,1.0
2017-01-20,0.0,0.0,0.0,0.0,1.0
2017-01-23,0.0,0.0,0.0,0.0,1.0
2017-01-24,0.0,0.0,0.0,0.0,1.0
2017-02-02,0.0,0.0,0.0,0.0,1.0
2017-02-03,0.0,0.0,0.0,0.0,1.0
2017-02-06,0.0,0.0,0.0,0.0,1.0
2017-02-07,0.0,0.0,0.0,0.0,1.0
2017-02-08,0.0,0.0,0.0,0.0,1.0
2017-02-09,0.0,0.0,0.0,0.0,1.0
2017-02-10,0.0,0.0,0.0,0.0,1.0
2017-02-13,0.0,0.0,0.0,0.0,1.0
2017-02-14,0.0,0.0,0.0,0.0,1.0
2017-02-15,0.0,0.0,0.0,0.0,1.0
2017-02-16,0.0,0.0,0.0,0.0,1.0
2017-02-17,0.0,0.0,0.0,0.0,1.0
2017-02-18,0.0,0.0,0.0,0.0,1.0
2017-02-20,0.0,0.0,0.0,0.0,1.0
2017-02-21,0.0,0.0,0.0,0.0,1.0
2017-02-22,0.0,0.0,0.0,0.0,1.0
2017-02-23,0.0,0.0,0.0,0.0,1.0
2017-02-24,0.0,0.0,0.0,0.0,1.0
2017-03-01,0.0,0.0,0.0,0.0,1.0
2017-03-02,0.0,0.0,0.0,0.0,1.0
2017-03-03,0.0,0.0,0.0,0.0,1.0
2017-03-06,0.0,0.0,0.0,0.0,1.0
2017-03-07,0.0,0.0,0.0,0.0,1.0
2017-03-08,0.0,0.0,0.0,0.0,1.0
2017-03-09,0.0,0.0,0.0,0.0,1.0
2017-03-10,0.0,0.0,0.0,0.0,1.0
2017-03-13,0.0,0.0,0.0,0.0,1.0
2017-03-14,0.0,0.0,0.0,0.0,1.0
2017-03-15,0.0,0.0,0.0,0.0,1.0
2017-03-16,0.0,0.0,0.0,0.0,1.0
2017-03-17,0.0,0.0,0.0,0.0,1.0
2017-03-20,0.0,0.0,0.0,0.0,1.0
2017-03-21,0.0,0.0,0.0,0.0,1.0
2017-03-22,0.0,0.0,0.0,0.0,1.0
2017-03-23,0.0,0.0,0.0,0.0,1.0
2017-03-24,0.0,0.0,0.0,0.0,1.0
2017-03-27,0.0,0.0,0.0,0.0,1.0
2017-03-28,0.0,0.0,0.0,0.0,1.0
2017-03-29,0.0,0.0,0.0,0.0,1.0
2017-03-30,0.0,0.0,0.0,0.0,1.0
2017-03-31,0.0,0.0,0.0,0.0,1.0
2017-04-05,0.0,0.0,0.0,0.0,1.0
2017-04-06,0.0,0.0,0.0,0.0,1.0
2017-04-07,0.0,0.0,0.0,0.0,1.0
2017-04-10,0.0,0.0,0.0,0.0,1.0
2017-04-11,0.0,0.0,0.0,0.0,1.0
2017-04-12,0.0,0.0,0.0,0.0,1.0
2017-04-13,0.0,0.0,0.0,0.0,1.0
2017-04-14,0.0,0.0,0.0,0.0,1.0
2017-04-17,0.0,0.0,0.0,0.0,1.0
2017-04-18,0.0,0.0,0.0,0.0,1.0
2017-04-19,0.0,0.0,0.0,0.0,1.0
2017-04-20,0.0,0.0,0.0,0.0,1.0
2017-04-21,0.0,0.0,0.0,0.0,1.0
2017-04-24,0.0,0.0,0.0,0.0,1.0
2017-04-25,0.0,0.0,0.0,0.0,1.0
2017-04-26,0.0,0.0,0.0,0.0,1.0
2017-04-27,0.0,0.0,0.0,0.0,1.0
2017-04-28,0.0,0.0,0.0,0.0,1.0
2017-05-02,0.0,0.0,0.0,0.0,1.0
2017-05-03,0.0,0.0,0.0,0.0,1.0
2017-05-04,0.0,0.0,0.0,0.0,1.0
2017-05-05,0.0,0.0,0.0,0.0,1.0
2017-05-08,0.0,0.0,0.0,0.0,1.0
2017-05-09,0.0,0.0,0.0,0.0,1.0
2017-05-10,0.0,0.0,0.0,0.0,1.0
2017-05-11,0.0,0.0,0.0,0.0,1.0
2017-05-12,0.0,0.0,0.0,0.0,1.0
2017-05-15,0.0,0.0,0.0,0.0,1.0
2017-05-16,0.0,0.0,0.0,0.0,1.0
2017-05-17,0.0,0.0,0.0,0.0,1.0
2017-05-18,0.0,0.0,0.0,0.0,1.0
2017-05-19,0.0,0.0,0.0,0.0,1.0
2017-05-22,0.0,0.0,0.0,0.0,1.0
2017-05-23,0.0,0.0,0.0,0.0,1.0
2017-05-24,0.0,0.0,0.0,0.0,1.0
2017-05-25,0.0,0.0,0.0,0.0,1.0
2017-05-26,0.0,0.0,0.0,0.0,1.0
2017-05-31,0.0,0.0,0.0,0.0,1.0
2017-06-01,0.0,0.0,0.0,0.0,1.0
2017-06-02,0.0,0.0,0.0,0.0,1.0
2017-06-03,0.0,0.0,0.0,0.0,1.0
2017-06-05,0.0,0.0,0.0,0.0,1.0
2017-06-06,0.0,0.0,0.0,0.0,1.0
2017-06-07,0.0,0.0,0.0,0.0,1.0
2017-06-08,0.0,0.0,0.0,0.0,1.0
2017-06-09,0.0,0.0,0.0,0.0,1.0
2017-06-12,0.0,0.0,0.0,0.0,1.0
2017-06-13,0.0,0.0,0.0,0.0,1.0
2017-06-14,0.0,0.0,0.0,0.0,1.0
2017-06-15,0.0,0.0,0.0,0.0,1.0
2017-06-16,0.0,0.0,0.0,0.0,1.0
2017-06-19,0.0,0.0,0.0,0.0,1.0
2017-06-20,0.0,0.0,0.0,0.0,1.0
2017-06-21,0.0,0.0,0.0,0.0,1.0
2017-06-22,0.0,0.0,0.0,0.0,1.0
2017-06-23,0.0,0.0,0.0,0.0,1.0
2017-06-26,0.0,0.0,0.0,0.0,1.0
2017-06-27,0.0,0.0,0.0,0.0,1.0
2017-06-28,0.0,0.0,0.0,0.0,1.0
2017-06-29,0.0,0.0,0.0,0.0,1.0
2017-06-30,0.0,0.0,0.0,0.0,1.0
2017-07-03,0.0,0.0,0.0,0.0,1.0
2017-07-04,0.0,0.0,0.0,0.0,1.0
2017-07-05,0.0,0.0,0.0,0.0,1.0
2017-07-06,0.0,0.0,0.0,0.0,1.0
2017-07-07,0.0,0.0,0.0,0.0,1.0
2017-07-10,0.0,0.0,0.0,0.0,1.0
2017-07-11,0.0,0.0,0.0,0.0,1.0
2017-07-12,0.0,0.0,0.0,0.0,1.0
2017-07-13,0.0,0.0,0.0,0.0,1.0
2017-07-14,0.0,0.0,0.0,0.0,1.0
2017-07-17,0.0,0.0,0.0,0.0,1.0
2017-07-18,0.0,0.0,0.0,0.0,1.0
2017-07-19,0.0,0.0,0.0,0.0,1.0
2017-07-20,0.0,0.0,0.0,0.0,1.0
2017-07-21,0.0,0.0,0.0,0.0,1.0
2017-07-24,0.0,0.0,0.0,0.0,1.0
2017-07-25,0.0,0.0,0.0,0.0,1.0
2017-07-26,0.0,0.0,0.0,0.0,1.0
2017-07-27,0.0,0.0,0.0,0.0,1.0
2017-07-28,0.0,0.0,0.0,0.0,1.0
2017-07-31,0.0,0.0,0.0,0.0,1.0
2017-08-01,0.0,0.0,0.0,0.0,1.0
2017-08-02,0.0,0.0,0.0,0.0,1.0
2017-08-03,0.0,0.0,0.0,0.0,1.0
2017-08-04,0.0,0.0,0.0,0.0,1.0
2017-08-07,0.0,0.0,0.0,0.0,1.0
2017-08-08,0.0,0.0,0.0,0.0,1.0
2017-08-09,0.0,0.0,0.0,0.0,1.0
2017-08-10,0.0,0.0,0.0,0.0,1.0
2017-08-11,0.0,0.0,0.0,0.0,1.0
2017-08-14,0.0,0.0,0.0,0.0,1.0
2017-08-15,0.0,0.0,0.0,0.0,1.0
2017-08-16,0.0,0.0,0.0,0.0,1.0
2017-08-17,0.0,0.0,0.0,0.0,1.0
2017-08-18,0.0,0.0,0.0,0.0,1.0
2017-08-21,0.0,0.0,0.0,0.0,1.0
2017-08-22,0.0,0.0,0.0,0.0,1.0
2017-08-23,0.0,0.0,0.0,0.0,1.0
2017-08-24,0.0,0.0,0.0,0.0,1.0
2017-08-25,0.0,0.0,0.0,0.0,1.0
2017-08-28,0.0,0.0,0.0,0.0,1.0
2017-08-29,0.0,0.0,0.0,0.0,1.0
2017-08-30,0.0,0.0,0.0,0.0,1.0
2017-08-31,0.0,0.0,0.0,0.0,1.0
2017-09-01,0.0,0.0,0.0,0.0,1.0
2017-09-04,0.0,0.0,0.0,0.0,1.0
2017-09-05,0.0,0.0,0.0,0.0,1.0
2017-09-06,0.0,0.0,0.0,0.0,1.0
2017-09-07,0.0,0.0,0.0,0.0,1.0
2017-09-08,0.0,0.0,0.0,0.0,1.0
2017-09-11,0.0,0.0,0.0,0.0,1.0
2017-09-12,0.0,0.0,0.0,0.0,1.0
2017-09-13,0.0,0.0,0.0,0.0,1.0
2017-09-14,0.0,0.0,0.0,0.0,1.0
2017-09-15,0.0,0.0,0.0,0.0,1.0
2017-09-18,0.0,0.0,0.0,0.0,1.0
2017-09-19,0.0,0.0,0.0,0.0,1.0
2017-09-20,0.0,0.0,0.0,0.0,1.0
2017-09-21,0.0,0.0,0.0,0.0,1.0
2017-09-22,0.0,0.0,0.0,0.0,1.0
2017-09-25,0.0,0.0,0.0,0.0,1.0
2017-09-26,0.0,0.0,0.0,0.0,1.0
2017-09-27,0.0,0.0,0.0,0.0,1.0
2017-09-28,0.0,0.0,0.0,0.0,1.0
2017-09-29,0.0,0.0,0.0,0.0,1.0
2017-09-30,0.0,0.0,0.0,0.0,1.0
2017-10-02,0.0,0.0,0.0,0.0,1.0
2017-10-03,0.0,0.0,0.0,0.0,1.0
2017-10-05,0.0,0.0,0.0,0.0,1.0
2017-10-06,0.0,0.0,0.0,0.0,1.0
2017-10-11,0.0,0.0,0.0,0.0,1.0
2017-10-12,0.0,0.0,0.0,0.0,1.0
2017-10-13,0.0,0.0,0.0,0.0,1.0
2017-10-16,0.0,0.0,0.0,0.0,1.0
2017-10-17,0.0,0.0,0.0,0.0,1.0
2017-10-18,0.0,0.0,0.0,0.0,1.0
2017-10-19,0.0,0.0,0.0,0.0,1.0
2017-10-20,0.0,0.0,0.0,0.0,1.0
2017-10-23,0.0,0.0,0.0,0.0,1.0
2017-10-24,0.0,0.0,0.0,0.0,1.0
2017-10-25,0.0,0.0,0.0,0.0,1.0
2017-10-26,0.0,0.0,0.0,0.0,1.0
2017-10-27,0.0,0.0,0.0,0.0,1.0
2017-10-30,0.0,0.0,0.0,0.0,1.0
2017-10-31,0.0,0.0,0.0,0.0,1.0
2017-11-01,0.0,0.0,0.0,0.0,1.0
2017-11-02,0.0,0.0,0.0,0.0,1.0
2017-11-03,0.0,0.0,0.0,0.0,1.0
2017-11-06,0.0,0.0,0.0,0.0,1.0
2017-11-07,0.0,0.0,0.0,0.0,1.0
2017-11-08,0.0,0.0,0.0,0.0,1.0
2017-11-09,0.0,0.0,0.0,0.0,1.0
2017-11-10,0.0,0.0,0.0,0.0,1.0
2017-11-13,0.0,0.0,0.0,0.0,1.0
2017-11-14,0.0,0.0,0.0,0.0,1.0
2017-11-15,0.0,0.0,0.0,0.0,1.0
2017-11-16,0.0,0.0,0.0,0.0,1.0
2017-11-17,0.0,0.0,0.0,0.0,1.0
2017-11-20,0.0,0.0,0.0,0.0,1.0
2017-11-21,0.0,0.0,0.0,0.0,1.0
2017-11-22,0.0,0.0,0.0,0.0,1.0
2017-11-23,0.0,0.0,0.0,0.0,1.0
2017-11-24,0.0,0.0,0.0,0.0,1.0
2017-11-27,0.0,0.0,0.0,0.0,1.0
2017-11-28,0.0,0.0,0.0,0.0,1.0
2017-11-29,0.0,0.0,0.0,0.0,1.0
2017-11-30,0.0,0.0,0.0,0.0,1.0
2017-12-01,0.0,0.0,0.0,0.0,1.0
2017-12-04,0.0,0.0,0.0,0.0,1.0
2017-12-05,0.0,0.0,0.0,0.0,1.0
2017-12-06,0.0,0.0,0.0,0.0,1.0
2017-12-07,0.0,0.0,0.0,0.0,1.0
2017-12-08,0.0,0.0,0.0,0.0,1.0
2017-12-11,0.0,0.0,0.0,0.0,1.0
2017-12-12,0.0,0.0,0.0,0.0,1.0
2017-12-13,0.0,0.0,0.0,0.0,1.0
2017-12-14,0.0,0.0,0.0,0.0,1.0
2017-12-15,0.0,0.0,0.0,0.0,1.0
2017-12-18,0.0,0.0,0.0,0.0,1.0
2017-12-19,0.0,0.0,0.0,0.0,1.0
2017-12-20,0.0,0.0,0.0,0.0,1.0
2017-12-21,0.0,0.0,0.0,0.0,1.0
2017-12-22,0.0,0.0,0.0,0.0,1.0
2017-12-25,0.0,0.0,0.0,0.0,1.0
2017-12-26,0.0,0.0,0.0,0.0,1.0
2017-12-27,0.0,0.0,0.0,0.0,1.0
2017-12-28,0.0,0.0,0.0,0.0,1.0
2017-12-29,0.0,0.0,0.0,0.0,1.0
2018-01-02,0.0,0.0,0.0,0.0,1.0
2018-01-03,0.0,0.0,0.0,0.0,1.0
2018-01-04,0.0,0.0,0.0,0.0,1.0
2018-01-05,0.0,0.0,0.0,0.0,1.0
2018-01-08,0.0,0.0,0.0,0.0,1.0
2018-01-09,0.0,0.0,0.0,0.0,1.0
2018-01-10,0.0,0.0,0.0,0.0,1.0
2018-01-11,0.0,0.0,0.0,0.0,1.0
2018-01-12,0.0,0.0,0.0,0.0,1.0
2018-01-15,0.0,0.0,0.0,0.0,1.0
2018-01-16,0.0,0.0,0.0,0.0,1.0
2018-01-17,0.0,0.0,0.0,0.0,1.0
2018-01-18,0.0,0.0,0.0,0.0,1.0
2018-01-19,0.0,0.0,0.0,0.0,1.0
2018-01-22,0.0,0.0,0.0,0.0,1.0
2018-01-23,0.0,0.0,0.0,0.0,1.0
2018-01-24,0.0,0.0,0.0,0.0,1.0
2018-01-25,0.0,0.0,0.0,0.0,1.0
2018-01-26,0.0,0.0,0.0,0.0,1.0
2018-01-29,0.0,0.0,0.0,0.0,1.0
2018-01-30,0.0,0.0,0.0,0.0,1.0
2018-01-31,0.0,0.0,0.0,0.0,1.0
2018-02-01,0.0,0.0,0.0,0.0,1.0
2018-02-02,-0.0044065590272486695,-0.005456559027248669,1.0,0.00105,0.9945434409727514
2018-02-05,-0.01290859142520387,-0.01290859142520387,0.0,0.0,0.9817052860386178
2018-02-06,-0.042176445522153105,-0.042176445522153105,0.0,0.0,0.9403004465232003
2018-02-07,0.014757688240089398,0.014757688240089398,0.0,0.0,0.9541771073650067
2018-02-08,7.788710766383879e-05,7.788710766383879e-05,0.0,0.0,0.9542514254600984
2018-02-09,-0.008065187526103806,-0.008065187526103806,0.0,0.0,0.9465552087667108
2018-02-12,0.004905090068435127,0.004905090068435127,0.0,0.0,0.9511981473204579
2018-02-21,0.021775091372780272,0.021775091372780272,0.0,0.0,0.9719105738919803
2018-02-22,0.0012695487358369672,0.0012695487358369672,0.0,0.0,0.9731444617324114
2018-02-23,0.008084174313338244,0.008084174313338244,0.0,0.0,0.9810115311931159
2018-02-26,0.004460451369798582,0.004460451369798582,0.0,0.0,0.9853872854212145
2018-02-27,-0.0027523511995426963,-0.0027523511995426963,0.0,0.0,0.9826751535441713
2018-03-01,0.0009677176236784732,0.0009677176236784732,0.0,0.0,0.983626105608607
2018-03-02,-0.006142996120287056,-0.006142996120287056,0.0,0.0,0.9775836942580403
2018-03-05,-0.007828860127338041,-0.007828860127338041,0.0,0.0,0.9699303282529276
2018-03-06,0.007809033696362911,0.007809033696362911,0.0,0.0,0.9775045468693792
2018-03-07,0.000564831180446565,0.000564831180446565,0.0,0.0,0.9780566719164792
2018-03-08,0.005877228760677499,0.005877228760677499,0.0,0.0,0.9838049347182392
2018-03-09,0.0011873366306627917,0.0011873366306627917,0.0,0.0,0.9849730423546569
2018-03-12,0.007832801605766436,0.007832801605766436,0.0,0.0,0.9926881407824492
2018-03-13,0.004598312373341359,0.004598312373341359,0.0,0.0,0.9972528309430783
2018-03-14,-0.0015951214650872037,-0.0015951214650872037,0.0,0.0,0.9956620915463219
2018-03-15,0.00011909819680796152,0.00011909819680796152,0.0,0.0,0.9957806731060551
2018-03-16,0.005649161939981463,0.005649161939981463,0.0,0.0,1.001405999385135
2018-03-19,0.0003566547005418916,0.0003566547005418916,0.0,0.0,1.0017631555419664
2018-03-20,-0.0016816290199199557,-0.0016816290199199557,0.0,0.0,1.0000785615485204
2018-03-21,0.0008670691755207456,0.0008670691755207456,0.0,0.0,1.0009456988423382
2018-03-22,0.0004911829916654716,0.0004911829916654716,0.0,0.0,1.0014373463451902
2018-03-23,-0.01201572584309478,-0.01201572584309478,0.0,0.0,0.98940434974247
2018-03-26,0.0026546985880109616,0.0026546985880109616,0.0,0.0,0.9920309200727032
2018-03-27,0.00698866978124511,0.00698866978124511,0.0,0.0,0.9989638965858761
2018-03-28,-0.004285811917219103,-0.004285811917219103,0.0,0.0,0.9946825252130168
2018-03-29,-0.001337155283383783,-0.001337155283383783,0.0,0.0,0.9933524802191388
2018-03-30,0.006267366233801174,0.006267366233801174,0.0,0.0,0.9995781840119268
2018-03-31,0.0018541256131515416,0.0018541256131515416,0.0,0.0,1.0014315275252508
2018-04-02,-0.0023500008057589106,-0.0023500008057589106,0.0,0.0,0.9990781626286541
2018-04-03,-0.005170618343754806,-0.005170618343754806,0.0,0.0,0.9939123107541216
2018-04-09,0.008393671249644586,0.008393671249644586,0.0,0.0,1.0022548839415664
2018-04-10,0.004650314264843783,0.004650314264843783,0.0,0.0,1.0069156841253692
2018-04-11,0.001555445755191739,0.001555445755191739,0.0,0.0,1.0084818868520782
2018-04-12,0.0010671818425533977,0.0010671818425533977,0.0,0.0,1.0095581204102706
2018-04-13,-0.0006262754983921424,-0.0006262754983921424,0.0,0.0,1.0089258588952548
2018-04-16,-0.0013745083949020032,-0.0013745083949020032,0.0,0.0,1.0075390818323695
2018-04-17,-0.007915585987083164,-0.007915585987083164,0.0,0.0,0.9995638195947786
2018-04-18,0.004311185731549525,0.004311185731549525,0.0,0.0,1.0038731248715886
2018-04-19,0.008324431189158845,0.008324431189158845,0.0,0.0,1.012229797622228
2018-04-20,-0.0027621475059168067,-0.0027621475059168067,0.0,0.0,1.0094338696113112
2018-04-23,-0.0008053316337491724,-0.0008053316337491724,0.0,0.0,1.0086209405839355
2018-04-24,-0.011069330700877539,-0.011069330700877539,0.0,0.0,0.9974561818407817
2018-04-25,0.0007689834204991777,0.0007689834204991777,0.0,0.0,0.9982232091072916
2018-04-26,-0.0025819489222508865,-0.0025819489222508865,0.0,0.0,0.9956458477683712
2018-04-27,0.004641530854886397,0.004641530854886397,0.0,0.0,1.0002671686913276
2018-04-30,0.008861409364329982,0.008861409364329982,0.0,0.0,1.0091309455468007
2018-05-02,0.0008621354127041749,0.0008621354127041749,0.0,0.0,1.0100009530710121
2018-05-03,-0.007299111730590518,-0.007299111730590518,0.0,0.0,1.002628843266544
2018-05-04,-0.0007387528946151361,-0.0007387528946151361,0.0,0.0,1.0018881483063562
2018-05-07,0.0023287431967162287,0.0023287431967162287,0.0,0.0,1.0042212885155952
2018-05-08,0.004847794636596951,0.004847794636596951,0.0,0.0,1.0090895470920176
2018-05-09,-0.0016800506376422981,-0.0016800506376422981,0.0,0.0,1.0073942255549875
2018-05-10,0.0024414774662663563,0.0024414774662663563,0.0,0.0,1.009853755856327
2018-05-11,0.005603934364426634,0.005603934364426634,0.0,0.0,1.0155129100218157
2018-05-14,0.004100217992499697,0.004100217992499697,0.0,0.0,1.0196767343271027
2018-05-15,-0.002105896010037434,-0.002105896010037434,0.0,0.0,1.0175294011607552
2018-05-16,0.005543233187574282,0.005543233187574282,0.0,0.0,1.023169803906602
2018-05-17,0.00017221868592176597,0.00017221868592176597,0.0,0.0,1.0233460128657057
2018-05-18,0.0034378361003237394,0.0034378361003237394,0.0,0.0,1.0268641087318577
2018-05-21,0.0078484604098276,0.0078484604098276,0.0,0.0,1.0349234110355128
2018-05-22,-0.0031714040015423067,-0.0031714040015423067,0.0,0.0,1.031641250788465
2018-05-23,-0.001384712413476794,-0.001384712413476794,0.0,0.0,1.0302127243422434
2018-05-24,0.004360044780542632,0.004360044780542632,0.0,0.0,1.0347044979538602
2018-05-25,0.0009022136847407323,0.0009022136847407323,0.0,0.0,1.0356380225115769
2018-05-28,0.003723899597689507,0.003723899597689507,0.0,0.0,1.0394946345269598
2018-05-29,-0.0016686106884690765,-0.0016686106884690765,0.0,0.0,1.0377601226691817
2018-05-30,-0.012195931582684559,-0.012195931582684559,0.0,0.0,1.0251036712138701
2018-05-31,0.007864578887280585,0.007864578887280585,0.0,0.0,1.0331656799037727
2018-06-01,0.004522917546874232,0.004522917546874232,0.0,0.0,1.0378386030862377
2018-06-04,0.008244437408742254,0.008244437408742254,0.0,0.0,1.0463949984897587
2018-06-05,0.0018485780056699608,0.0018485780056699608,0.0,0.0,1.04832934126921
2018-06-06,0.0062651475346953535,0.0062651475346953535,0.0,0.0,1.0548972792572116
2018-06-07,0.004208703118545392,0.004208703118545392,0.0,0.0,1.0593370287261663
2018-06-08,-0.004259088593687048,-0.004259088593687048,0.0,0.0,1.0548252184702482
2018-06-11,0.000277983396974842,0.000277983396974842,0.0,0.0,1.0551184423676934
2018-06-12,-0.0017179429406862816,-0.0017179429406862816,0.0,0.0,1.0533058090880398
2018-06-13,-0.002375121760634316,-0.002375121760634316,0.0,0.0,1.0508040795402722
2018-06-14,-0.01038463475375108,-0.01038463475375108,0.0,0.0,1.0398918629764948
2018-06-15,0.0012196873039648482,0.0012196873039648482,0.0,0.0,1.0411602058792637
2018-06-19,-0.01031467750521194,-0.01031467750521194,0.0,0.0,1.030420974124359
2018-06-20,0.0033492581430076664,0.0033492581430076664,0.0,0.0,1.033872119962671
2018-06-21,0.003080393961301213,0.003080393961301213,0.0,0.0,1.0370568533977615
2018-06-22,-0.001985539064402437,-0.001985539064402437,0.0,0.0,1.034997736503334
2018-06-25,-0.0026192113807177618,-0.0026192113807177618,0.0,0.0,1.0322868586528675
2018-06-26,-0.0025208331458221444,-0.0025208331458221444,0.0,0.0,1.0296846357235787
2018-06-27,-0.0038164001371965165,-0.0038164001371965165,0.0,0.0,1.025754947138534
2018-06-28,-0.005043361872726349,-0.005043361872726349,0.0,0.0,1.0205816937473753
2018-06-29,0.012666276803530503,0.012666276803530503,0.0,0.0,1.0335086639809956
2018-07-02,-0.005739832564828823,-0.005739832564828823,0.0,0.0,1.0275764972954449
2018-07-03,-0.006829308401932701,-0.006829308401932701,0.0,0.0,1.0205588604888365
2018-07-04,0.0019351013621111855,0.0019351013621111855,0.0,0.0,1.022533745329883
2018-07-05,-0.007014786625433738,-0.007014786625433738,0.0,0.0,1.0153608892890884
2018-07-06,-0.002520838888271418,-0.002520838888271418,0.0,0.0,1.0128013280737387
2018-07-09,0.009023495294112165,0.009023495294112165,0.0,0.0,1.0219403360914827
2018-07-10,0.002637683681901725,0.002637683681901725,0.0,0.0,1.0246358914398683
2018-07-11,-0.007232901312234819,-0.007232901312234819,0.0,0.0,1.01722480115611
2018-07-12,0.004845900468229051,0.004845900468229051,0.0,0.0,1.0221541712963267
2018-07-13,0.005958597699004572,0.005958597699004572,0.0,0.0,1.028244776789441
2018-07-16,-0.00355770778147724,-0.00355770778147724,0.0,0.0,1.0245865823457938
2018-07-17,-2.3696308335310326e-06,-2.3696308335310326e-06,0.0,0.0,1.0245841544538365
2018-07-18,0.003503676371109727,0.003503676371109727,0.0,0.0,1.02817396574601
2018-07-19,-0.004184152123833792,-0.004184152123833792,0.0,0.0,1.0238719294635632
2018-07-20,-6.843418447304229e-05,-6.843418447304229e-05,0.0,0.0,1.0238018616230655
2018-07-23,-0.0022064575686175716,-0.0022064575686175716,0.0,0.0,1.0215428862567226
2018-07-24,0.005818538133686584,0.005818538133686584,0.0,0.0,1.0274867724956036
2018-07-25,-0.0009070992577475242,-0.0009070992577475242,0.0,0.0,1.0265547400069275
2018-07-26,0.0030934828648951527,0.0030934828648951527,0.0,0.0,1.029730369505016
2018-07-27,0.0010988165161480096,0.0010988165161480096,0.0,0.0,1.0308618542422072
2018-07-30,-0.0025505710231916406,-0.0025505710231916406,0.0,0.0,1.0282325678678634
2018-07-31,0.005776963056392017,0.005776963056392017,0.0,0.0,1.0341726294258151
2018-08-01,0.002369654299770165,0.002369654299770165,0.0,0.0,1.0366232610438386
2018-08-02,-0.012032868335995076,-0.012032868335995076,0.0,0.0,1.0241497098296684
2018-08-03,0.006121177826931473,0.006121177826931473,0.0,0.0,1.030418712324936
2018-08-06,0.0028160366539175643,0.0028160366539175643,0.0,0.0,1.0333204091877255
2018-08-07,0.0010851260008001664,0.0010851260008001664,0.0,0.0,1.0344416920308925
2018-08-08,0.0034321310747665095,0.0034321310747665095,0.0,0.0,1.0379920315071458
2018-08-09,-0.005224368653158197,-0.005224368653158197,0.0,0.0,1.0325691784755118
2018-08-10,-0.003052220902642553,-0.003052220902642553,0.0,0.0,1.0294175492455444
2018-08-13,-0.016667845945845628,-0.016667845945845628,0.0,0.0,1.0122593761207697
2018-08-14,0.006191096423690954,0.006191096423690954,0.0,0.0,1.0185263715241184
2018-08-15,-0.011585243150098824,-0.011585243150098824,0.0,0.0,1.0067264958552236
2018-08-16,-0.005655627889650773,-0.005655627889650773,0.0,0.0,1.0010328254080143
2018-08-17,0.0005629058460242588,0.0005629058460242588,0.0,0.0,1.0015963126374987
2018-08-20,0.0018290924763057835,0.0018290924763057835,0.0,0.0,1.0034283249172395
2018-08-21,0.007017723727018826,0.007017723727018826,0.0,0.0,1.010470107681374
2018-08-22,0.0013504690381232808,0.0013504690381232808,0.0,0.0,1.0118347162757466
2018-08-23,0.003970722449778062,0.003970722449778062,0.0,0.0,1.0158524310991275
2018-08-24,-0.007490501905977475,-0.007490501905977475,0.0,0.0,1.0082431865277877
2018-08-27,0.007509421623473414,0.007509421623473414,0.0,0.0,1.0158145097144191
2018-08-28,0.004489723331651674,0.004489723331651674,0.0,0.0,1.0203752358193143
2018-08-29,0.0016277101221966828,0.0016277101221966828,0.0,0.0,1.0220361109190963
2018-08-30,-0.0030602779315391845,-0.0030602779315391845,0.0,0.0,1.0189083963636145
2018-08-31,0.0038066496256431953,0.0038066496256431953,0.0,0.0,1.022787023629197
2018-09-03,-0.010489771771965003,-0.010489771771965003,0.0,0.0,1.0120582211799993
2018-09-04,0.001950796443302585,0.001950796443302585,0.0,0.0,1.0140325407582924
2018-09-05,-0.0118762221906787,-0.0118762221906787,0.0,0.0,1.0019896649956683
2018-09-06,-0.004054715568249334,-0.004054715568249334,0.0,0.0,0.9979268819017855
2018-09-07,-0.008913700074707386,-0.008913700074707386,0.0,0.0,0.989031660980025
2018-09-10,-0.010329091208058206,-0.010329091208058206,0.0,0.0,0.978815862746105
2018-09-11,0.006719925313890873,0.006719925313890873,0.0,0.0,0.9853934322398104
2018-09-12,-0.0010036248881562244,-0.0010036248881562244,0.0,0.0,0.9844044668665888
2018-09-13,0.005684190430277361,0.005684190430277361,0.0,0.0,0.9900000093166741
2018-09-14,0.005986605565321105,0.005986605565321105,0.0,0.0,0.9959267488821172
2018-09-17,-0.0005106002186511734,-0.0005106002186511734,0.0,0.0,0.9954182284663775
2018-09-18,0.0010375770728199662,0.0010375770728199662,0.0,0.0,0.9964510515981012
2018-09-19,0.007012160433107344,0.007012160433107344,0.0,0.0,1.0034383262356454
2018-09-20,-0.0040232893487912175,-0.0040232893487912175,0.0,0.0,0.9994012035055326
2018-09-21,0.01274446102879948,0.01274446102879948,0.0,0.0,1.0121380331957441
2018-09-25,0.0006251268435847434,0.0006251268435847434,0.0,0.0,1.0127707478497079
2018-09-26,-0.002236029980784354,-0.002236029980784354,0.0,0.0,1.0105061620938547
2018-09-27,0.004966912600834978,0.004966912600834978,0.0,0.0,1.01552525788358
2018-09-28,-0.0014348754381742967,-0.0014348754381742967,0.0,0.0,1.0140681056341974
2018-10-01,0.0020141397054235536,0.0020141397054235536,0.0,0.0,1.016110580469759
2018-10-02,-0.00871635858694757,-0.00871635858694757,0.0,0.0,1.0072537962863932
2018-10-03,-0.0031563759108989052,-0.0031563759108989052,0.0,0.0,1.0040745246676335
2018-10-04,-0.007081079918274627,-0.007081079918274627,0.0,0.0,0.9969645927145583
2018-10-05,-0.013054041429518059,-0.013054041429518059,0.0,0.0,0.9839501756174999
2018-10-08,-0.00019729176157785042,-0.00019729176157785042,0.0,0.0,0.9837560503540475
2018-10-09,0.0026742103874728075,0.0026742103874728075,0.0,0.0,0.9863868210026435
2018-10-11,-0.05377392676337063,-0.05377392676337063,0.0,0.0,0.9333449283296934
2018-10-12,0.015576882261050595,0.015576882261050595,0.0,0.0,0.9478835323872339
2018-10-15,-0.012562981620736864,-0.012562981620736864,0.0,0.0,0.9359752889912539
2018-10-16,0.0013593448781578075,0.0013593448781578075,0.0,0.0,0.9372476022064263
2018-10-17,-0.0006953969366395653,-0.0006953969366395653,0.0,0.0,0.9365958430949792
2018-10-18,-9.940968713373984e-05,-9.940968713373984e-05,0.0,0.0,0.9365027363952464
2018-10-19,-0.004216765607095174,-0.004216765607095174,0.0,0.0,0.9325537238654644
2018-10-22,0.004089214662430547,0.004089214662430547,0.0,0.0,0.9363671362265993
2018-10-23,-0.012565765551424489,-0.012565765551424489,0.0,0.0,0.924600966322717
2018-10-24,-0.0036633557831657615,-0.0036633557831657615,0.0,0.0,0.921213824025618
2018-10-25,-0.01859691683416775,-0.01859691683416775,0.0,0.0,0.904082087153728
2018-10-26,-0.0005909011393376762,-0.0005909011393376762,0.0,0.0,0.9035478640183741
2018-10-29,0.00034928542224043604,0.00034928542224043604,0.0,0.0,0.9038634601155722
2018-10-30,0.003870341035983426,0.003870341035983426,0.0,0.0,0.9073617199561835
2018-10-31,0.020185194040448842,0.020185194040448842,0.0,0.0,0.9256769923383746
2018-11-01,0.00236075121426217,0.00236075121426217,0.0,0.0,0.9278622854220521
2018-11-02,0.01008034264189234,0.01008034264189234,0.0,0.0,0.9372154551835956
2018-11-05,0.0011324926673883858,0.0011324926673883858,0.0,0.0,0.938276844814354
2018-11-06,-0.004234131504981501,-0.004234131504981501,0.0,0.0,0.934304057265331
2018-11-07,0.010643874432318911,0.010643874432318911,0.0,0.0,0.9442486723324692
2018-11-08,0.004561172881430627,0.004561172881430627,0.0,0.0,0.9485555537700389
2018-11-09,-0.00603465531487148,-0.00603465531487148,0.0,0.0,0.9428313479560296
2018-11-12,-0.00035692002781221536,-0.00035692002781221536,0.0,0.0,0.9424948325650949
2018-11-13,-0.0007923755997384545,-0.0007923755997384545,0.0,0.0,0.9417480226568907
2018-11-14,0.004724264076976708,0.004724264076976708,0.0,0.0,0.9461970890098925
2018-11-15,0.0004931015746284918,0.0004931015746284918,0.0,0.0,0.9466636602843923
2018-11-16,0.0013991124968455414,0.0013991124968455414,0.0,0.0,0.9479881492418057
2018-11-19,0.007116094402599993,0.007116094402599993,0.0,0.0,0.9547341224043566
2018-11-20,-0.004996863448551594,-0.004996863448551594,0.0,0.0,0.9499634463650294
2018-11-21,0.0005770637852353473,0.0005770637852353473,0.0,0.0,0.950511635867224
2018-11-22,-0.003092637815972811,-0.003092637815972811,0.0,0.0,0.9475720476376188
2018-11-23,-0.0045289564510404565,-0.0045289564510404565,0.0,0.0,0.9432805350996448
2018-11-26,0.004951705030693567,0.004951705030693567,0.0,0.0,0.947951382070653
2018-11-27,0.00027693698958026385,0.00027693698958026385,0.0,0.0,0.9482139048726721
2018-11-28,0.00862504072960632,0.00862504072960632,0.0,0.0,0.9563922884225778
2018-11-29,-0.0023971802814396507,-0.0023971802814396507,0.0,0.0,0.9540996436874503
2018-11-30,0.003887425963122672,0.003887425963122672,0.0,0.0,0.9578086354137271
2018-12-03,0.013640083462815943,0.013640083462815943,0.0,0.0,0.9708732251421761
2018-12-04,-0.0007531801586128051,-0.0007531801586128051,0.0,0.0,0.9701419826924707
2018-12-05,-0.010022530835059128,-0.010022530835059128,0.0,0.0,0.96041870475655
2018-12-06,-0.015417418937850393,-0.015417418937850393,0.0,0.0,0.9456115272295705
2018-12-07,0.005862422524926813,0.005862422524926813,0.0,0.0,0.9511551015466316
2018-12-10,-0.01132997023667387,-0.01132997023667387,0.0,0.0,0.9403785425556478
2018-12-11,0.000368544242246337,0.000368544242246337,0.0,0.0,0.9407251136530387
2018-12-12,0.0055834770422450684,0.0055834770422450684,0.0,0.0,0.9459776307281839
2018-12-13,0.004742998072313067,0.004742998072313067,0.0,0.0,0.9504644008071789
2018-12-14,-0.003450661605699443,-0.003450661605699443,0.0,0.0,0.9471846697917294
2018-12-17,-0.0008013845600751936,-0.0008013845600751936,0.0,0.0,0.9464256106218184
2018-12-18,-0.00975020750603317,-0.00975020750603317,0.0,0.0,0.9371977645292315
2018-12-19,0.004823285501858666,0.004823285501858666,0.0,0.0,0.9417181369192597
2018-12-20,-0.0067144446227745715,-0.0067144446227745715,0.0,0.0,0.9353950226386528
2018-12-21,-0.0021853090001630695,-0.0021853090001630695,0.0,0.0,0.9333508954769728
2018-12-22,2.7434109772809883e-05,2.7434109772809883e-05,0.0,0.0,0.9333765011278958
2018-12-24,0.005786253763673364,0.005786253763673364,0.0,0.0,0.9387772544204713
2018-12-25,-0.01081038952362817,-0.01081038952362817,0.0,0.0,0.9286287066242639
2018-12-26,-0.005287786303135658,-0.005287786303135658,0.0,0.0,0.9237183164686775
2018-12-27,0.010181878108095758,0.010181878108095758,0.0,0.0,0.9331235037731771
2018-12-28,0.0074223697152819915,0.0074223697152819915,0.0,0.0,0.9400494914082009
2019-01-02,-0.010052862607036554,-0.010052862607036554,0.0,0.0,0.9305993030272597
2019-01-03,-0.0008959815967627864,-0.0008959815967627864,0.0,0.0,0.9297655031777871
2019-01-04,-0.0031405901008094025,-0.0031405901008094025,0.0,0.0,0.9268454908424328
2019-01-07,0.01686874216153518,0.01686874216153518,0.0,0.0,0.9424802084510354
2019-01-08,-0.003324447076482624,-0.003324447076482624,0.0,0.0,0.9393469828774077
2019-01-09,0.014216314499946668,0.014216314499946668,0.0,0.0,0.952701035010569
2019-01-10,-0.0013039717368777915,-0.0013039717368777915,0.0,0.0,0.9514587397872211
2019-01-11,-0.0018594552896824754,-0.0018594552896824754,0.0,0.0,0.9496895448006091
2019-01-14,-0.005596014394908132,-0.005596014394908132,0.0,0.0,0.9443750684372112
2019-01-15,0.0071450957623347125,0.0071450957623347125,0.0,0.0,0.9511227187367565
2019-01-16,-0.002848216659268111,-0.002848216659268111,0.0,0.0,0.948413715164242
2019-01-17,0.0011201554931400616,0.0011201554931400616,0.0,0.0,0.9494760859970527
2019-01-18,0.0045640255893003995,0.0045640255893003995,0.0,0.0,0.9538095191499721
2019-01-21,0.0018310408224103498,0.0018310408224103498,0.0,0.0,0.9555559833163393
2019-01-22,-0.001314732686059114,-0.001314732686059114,0.0,0.0,0.9542996826317139
2019-01-23,0.00024822352923662214,0.00024822352923662214,0.0,0.0,0.9545365622668862
2019-01-24,0.0012229969962890312,0.0012229969962890312,0.0,0.0,0.9557039576153867
2019-01-25,0.00558747810400897,0.00558747810400897,0.0,0.0,0.9610439325524776
2019-01-28,0.0017849640946197207,0.0017849640946197207,0.0,0.0,0.9627593614654358
2019-01-29,-0.0006913834690911082,-0.0006913834690911082,0.0,0.0,0.9620937255582059
2019-01-30,0.00010380332326359555,0.00010380332326359555,0.0,0.0,0.96219359408421
2019-02-11,-0.0020707602805132776,-0.0020707602805132776,0.0,0.0,0.9602011218074161
2019-02-12,0.005484519801054865,0.005484519801054865,0.0,0.0,0.9654673638729641
2019-02-13,0.00276563561808894,0.00276563561808894,0.0,0.0,0.9681374948025936
2019-02-14,-0.0007515944974072682,-0.0007515944974072682,0.0,0.0,0.9674098479887663
2019-02-15,-0.0025005659290282013,-0.0025005659290282013,0.0,0.0,0.9649907758834791
2019-02-18,0.006447541558312417,0.006447541558312417,0.0,0.0,0.9712125940143761
2019-02-19,0.0003991621119407546,0.0003991621119407546,0.0,0.0,0.9716002652845463
2019-02-20,0.006351877019381521,0.005977468687590756,0.3565793636102527,0.00037440833179076534,0.9774079754471396
2019-02-21,0.003106092649157839,0.003106092649157839,0.0,0.0,0.9804438951749042
2019-02-22,0.0019330126805137695,0.0019330126805137695,0.0,0.0,0.9823391056568095
2019-02-25,0.003050735643756287,0.003050735643756287,0.0,0.0,0.9853359625806924
2019-02-26,0.00033348468170840673,0.00033348468170840673,0.0,0.0,0.9856645570305496
2019-02-27,0.003512345503287666,0.003512345503287666,0.0,0.0,0.9891265515051859
2019-03-04,-0.0034374858101315587,-0.0034374858101315587,0.0,0.0,0.9857264430199625
2019-03-05,-0.0018075570638724347,-0.0018075570638724347,0.0,0.0,0.9839446862248359
2019-03-06,0.0031368485902572947,0.0031368485902572947,0.0,0.0,0.9870311717267113
2019-03-07,-0.0032203293845206277,-0.0032203293845206277,0.0,0.0,0.9838526062409619
2019-03-08,-0.0039883842769275766,-0.0039883842769275766,0.0,0.0,0.9799286239754162
2019-03-11,-0.0009114475892734586,-0.0009114475892734586,0.0,0.0,0.9790354703934339
2019-03-12,0.007915932216424507,0.007915932216424507,0.0,0.0,0.9867854488145437
2019-03-13,-0.0003711438500786686,-0.0003711438500786686,0.0,0.0,0.9864192094638691
2019-03-14,-0.0032897204397509005,-0.0032897204397509005,0.0,0.0,0.9831741660283329
2019-03-15,0.005894035224021105,0.005894035224021105,0.0,0.0,0.9889690291942514
2019-03-18,0.00654509968920818,0.00654509968920818,0.0,0.0,0.9954419300798674
2019-03-19,0.0012070817360847281,0.0012070817360847281,0.0,0.0,0.9966435098529998
2019-03-20,0.0023662427706678756,0.0023662427706678756,0.0,0.0,0.9990018103531225
2019-03-21,0.0023701787951634053,0.0023701787951634053,0.0,0.0,1.0013696232603513
2019-03-22,-0.0023764331646109363,-0.0023764331646109363,0.0,0.0,0.9989899352776015
2019-03-25,-0.005332903304237637,-0.005332903304237637,0.0,0.0,0.9936624185508595
2019-03-26,0.004286281849309214,0.004286281849309214,0.0,0.0,0.9979215357398348
2019-03-27,-0.0028044391856493116,-0.0028044391856493116,0.0,0.0,0.9951229254808026
2019-03-28,-0.0011408157781069583,-0.0011408157781069583,0.0,0.0,0.9939876735462582
2019-03-29,0.008411511237042464,0.008411511237042464,0.0,0.0,1.0023486120317742
2019-04-01,-0.003971143524136579,-0.003971143524136579,0.0,0.0,0.9983681418321768
2019-04-02,0.00043492939089824554,0.00043492939089824554,0.0,0.0,0.9988023614799961
2019-04-03,0.0015819535420149183,0.0015819535420149183,0.0,0.0,1.0003824204135123
2019-04-08,0.003546201552296973,0.003546201552296973,0.0,0.0,1.0039299781056732
2019-04-09,0.003987665069386246,0.003987665069386246,0.0,0.0,1.0079333146114748
2019-04-10,0.00020776006142144798,0.00020776006142144798,0.0,0.0,1.0081427228988271
2019-04-11,-0.0025629902788372547,-0.0025629902788372547,0.0,0.0,1.005558862900357
2019-04-12,0.0009744358536813205,0.0009744358536813205,0.0,0.0,1.0065387155093541
2019-04-15,0.002541901970224688,0.002541901970224688,0.0,0.0,1.0090972382534147
2019-04-16,0.0016789182629084853,0.0016789182629084853,0.0,0.0,1.0107914300357688
2019-04-17,0.0025946366079256447,0.0025946366079256447,0.0,0.0,1.013414066483117
2019-04-18,-0.006290604377119124,-0.006290604377119124,0.0,0.0,1.0070390795206643
2019-04-19,0.0026703930877819545,0.0026703930877819545,0.0,0.0,1.0097282697177428
2019-04-22,0.0005341452130177272,0.0005341452130177272,0.0,0.0,1.010267611239461
2019-04-23,0.0030062912330269553,0.0030062912330269553,0.0,0.0,1.0133047699021414
2019-04-24,0.0014135255543037749,0.0014135255543037749,0.0,0.0,1.014737102088696
2019-04-25,3.648810772929225e-05,3.648810772929225e-05,0.0,0.0,1.014774127925394
2019-04-26,-2.0026188143983318e-05,-2.0026188143983318e-05,0.0,0.0,1.0147538058677843
2019-04-29,0.004380527068894672,0.004380527068894672,0.0,0.0,1.0191989623826518
2019-04-30,0.0025774634811495186,0.0025774634811495186,0.0,0.0,1.0218259104882186
2019-05-02,0.003088134454684675,0.003088134454684675,0.0,0.0,1.0249814462890867
2019-05-03,0.000163974841853717,0.000163974841853717,0.0,0.0,1.025149517459645
2019-05-06,-0.014197588631606832,-0.014197588631606832,0.0,0.0,1.0105948663248627
2019-05-07,0.005299019368098334,0.005299019368098334,0.0,0.0,1.015950028094819
2019-05-08,-0.004549655891709788,-0.004549655891709788,0.0,0.0,1.0113278050638148
2019-05-09,-0.011326104096869207,-0.011326104096869207,0.0,0.0,0.9998734010676038
2019-05-10,-0.002151642825618105,-0.002151642825618105,0.0,0.0,0.9977220306376704
2019-05-13,-0.006243989114466702,-0.006243989114466702,0.0,0.0,0.9914922651391052
2019-05-14,-0.004193596422800824,-0.004193596422800824,0.0,0.0,0.9873343467227831
2019-05-15,0.002290702271033986,0.002290702271033986,0.0,0.0,0.9895960357530907
2019-05-16,-0.006788518201965847,-0.006788518201965847,0.0,0.0,0.9828781450517877
2019-05-17,-0.0005099215530895918,-0.0005099215530895918,0.0,0.0,0.9823769543015651
2019-05-20,0.009233068734497469,0.009233068734497469,0.0,0.0,0.9914473082438178
2019-05-21,0.010485384661165784,0.010485384661165784,0.0,0.0,1.0018430146420316
2019-05-22,-0.0042817860446672145,-0.0042817860446672145,0.0,0.0,0.99755333720299
2019-05-23,-0.003339489690682066,-0.003339489690682066,0.0,0.0,0.9942220181174951
2019-05-24,0.0019127879113407234,0.0019127879113407234,0.0,0.0,0.996123753974939
2019-05-27,0.0029763530091543224,0.0029763530091543224,0.0,0.0,0.9990885699075723
2019-05-28,-0.0008672218646972815,-0.0008672218646972815,0.0,0.0,0.9982221384549794
2019-05-29,-0.0006871955743989918,-0.0006871955743989918,0.0,0.0,0.997536164619166
2019-05-30,0.007709557334569262,0.007709557334569262,0.0,0.0,1.005226726873604
2019-05-31,0.009123716303248692,0.009123716303248692,0.0,0.0,1.014398130350042
2019-06-03,-0.0010108634861994217,-0.0010108634861994217,0.0,0.0,1.0133727123196021
2019-06-04,0.0002957498063522634,0.0002957498063522634,0.0,0.0,1.0136724171030334
2019-06-05,0.0015135209396255627,0.0015135209396255627,0.0,0.0,1.0152066315322397
2019-06-06,0.004340070442266124,0.004340070442266124,0.0,0.0,1.0196126998265451
2019-06-10,0.00498412174558775,0.00498412174558775,0.0,0.0,1.024694573655828
2019-06-11,-0.00476795736201799,-0.00476795736201799,0.0,0.0,1.0198088736195459
2019-06-12,-0.004967719845772315,-0.004967719845772315,0.0,0.0,1.0147427488391714
2019-06-13,-0.0007014366542026965,-0.0007014366542026965,0.0,0.0,1.014030971080549
2019-06-14,0.0008421653449752083,0.0008421653449752083,0.0,0.0,1.0148849528231247
2019-06-17,0.0017213039899555906,0.0017213039899555906,0.0,0.0,1.016631878341765
2019-06-18,0.001515354270366676,0.001515354270366676,0.0,0.0,1.018172435800001
2019-06-19,0.012790838593665164,0.012790838593665164,0.0,0.0,1.0311957150868378
2019-06-20,0.0016544164623325153,0.0016544164623325153,0.0,0.0,1.032901742253764
2019-06-21,-0.003094104936004369,-0.003094104936004369,0.0,0.0,1.0297058358746491
2019-06-24,0.004654662444571778,0.004654662444571778,0.0,0.0,1.0344987689578513
2019-06-25,-0.0021695075437558695,-0.0021695075437558695,0.0,0.0,1.032254416074591
2019-06-26,-0.000993897529723174,-0.000993897529723174,0.0,0.0,1.0312284609604088
2019-06-27,0.004182133480553688,0.004182133480553688,0.0,0.0,1.0355411960330911
2019-06-28,-0.003686322873609223,-0.003686322873609223,0.0,0.0,1.0317238568355898
2019-07-01,0.0015089406668271192,0.0015089406668271192,0.0,0.0,1.0332806669201047
2019-07-02,-0.0021403045286789756,-0.0021403045286789756,0.0,0.0,1.0310691316292993
2019-07-03,-0.0030482134645380197,-0.0030482134645380197,0.0,0.0,1.0279262128193973
2019-07-04,0.001171177078343471,0.001171177078343471,0.0,0.0,1.0291300964380798
2019-07-05,0.0016481536343631081,0.0016481536343631081,0.0,0.0,1.0308262609467567
2019-07-08,-0.0034186000193505654,-0.0034186000193505654,0.0,0.0,1.027302278271137
2019-07-09,-0.00584509383427768,-0.00584509383427768,0.0,0.0,1.021297600058475
2019-07-10,0.004765950900420463,0.004765950900420463,0.0,0.0,1.026165054275071
2019-07-11,0.0021807203098749696,0.0021807203098749696,0.0,0.0,1.0284028332502126
2019-07-12,-0.0011266208660153235,-0.0011266208660153235,0.0,0.0,1.0272442131596036
2019-07-15,-0.002436053760982812,-0.002436053760982812,0.0,0.0,1.0247417910306884
2019-07-16,-0.0019953710031537517,-0.0019953710031537517,0.0,0.0,1.022697050975146
2019-07-17,0.002526157139256667,0.002526157139256667,0.0,0.0,1.0252805444317639
2019-07-18,-0.0031654708772789167,-0.0031654708772789167,0.0,0.0,1.0220350487273244
2019-07-19,0.0014370772009300852,0.0014370772009300852,0.0,0.0,1.023503791994402
2019-07-22,-0.0010236145010529057,-0.0010236145010529057,0.0,0.0,1.0224561186710337
2019-07-23,-0.0014500820378264875,-0.0014500820378264875,0.0,0.0,1.0209734734188831
2019-07-24,-0.0037295956748267306,-0.0037295956748267306,0.0,0.0,1.0171656551683073
2019-07-25,-0.003076418602928969,-0.003076418602928969,0.0,0.0,1.014036427824487
2019-07-26,-0.00155145545915812,-0.00155145545915812,0.0,0.0,1.0124631954727537
2019-07-29,-0.00023120606720249056,-0.00023120606720249056,0.0,0.0,1.0122291078391412
2019-07-30,-0.0020083953585380253,-0.0020083953585380253,0.0,0.0,1.01019615159718
2019-07-31,-0.0011743396591975806,-0.0011743396591975806,0.0,0.0,1.0090098381927908
2019-08-01,-0.009802359125937549,-0.009802359125937549,0.0,0.0,0.9991191613972209
2019-08-02,-0.011999501438657932,-0.011999501438657932,0.0,0.0,0.9871302295826443
2019-08-05,-0.0056486755812808235,-0.0056486755812808235,0.0,0.0,0.9815542511592567
2019-08-06,-0.008560257102017308,-0.008560257102017308,0.0,0.0,0.9731518944097552
2019-08-07,-0.0017612746672317709,-0.0017612746672317709,0.0,0.0,0.9714379066307628
2019-08-08,0.006528108728217363,0.006528108728217363,0.0,0.0,0.9777795589079603
2019-08-12,-0.0035120970060231126,-0.0035120970060231126,0.0,0.0,0.9743455022465691
2019-08-13,-0.008389481148511905,-0.008389481148511905,0.0,0.0,0.9661712490233342
2019-08-14,0.0006088537382829111,0.0006088537382829111,0.0,0.0,0.9667595060001235
2019-08-15,-0.010168150920662561,-0.010168150920662561,0.0,0.0,0.956929349439129
2019-08-16,0.011647831333403915,0.011647831333403915,0.0,0.0,0.9680755010993799
2019-08-19,0.004922647028445145,0.004922647028445145,0.0,0.0,0.9728409950881773
2019-08-20,-0.0018558637805476817,-0.0018558637805476817,0.0,0.0,0.9710355347211612
2019-08-21,-0.00017680586259025046,-0.00017680586259025046,0.0,0.0,0.9708638499458391
2019-08-22,0.0012308797551002842,0.0012308797551002842,0.0,0.0,0.9720588666036962
2019-08-23,0.0025311880795545853,0.0025311880795545853,0.0,0.0,0.9745193304194689
2019-08-26,-0.01153462454605773,-0.01153462454605773,0.0,0.0,0.9632786158302048
2019-08-27,-0.001210595774302834,-0.001210595774302834,0.0,0.0,0.9621124748084044
2019-08-28,0.0026935631945123346,0.0026935631945123346,0.0,0.0,0.9647039855595296
2019-08-29,0.0013230982390531566,0.0013230982390531566,0.0,0.0,0.9659803837040309
2019-08-30,0.013485741185588302,0.013485741185588302,0.0,0.0,0.9790073451490187
2019-09-02,0.0030031783376669777,0.0030031783376669777,0.0,0.0,0.981947478800387
2019-09-03,-0.00531844176412623,-0.00531844176412623,0.0,0.0,0.9767250483189566
2019-09-04,0.00709905205174261,0.00709905205174261,0.0,0.0,0.9836588702772137
2019-09-05,0.004294216098936712,0.004294216098936712,0.0,0.0,0.98788291403382
2019-09-06,0.0028771270922853046,0.0028771270922853046,0.0,0.0,0.9907251787297925
2019-09-09,0.005390108080440454,0.005390108080440454,0.0,0.0,0.9960652945211597
2019-09-10,0.005100155112358191,0.005100155112358191,0.0,0.0,1.0011453820252543
2019-09-11,0.0027831012000119155,0.0027831012000119155,0.0,0.0,1.003931670939355
2019-09-12,0.0005415373881855478,0.0005415373881855478,0.0,0.0,1.0044753374743525
2019-09-16,0.0038150637054724643,0.0038150637054724643,0.0,0.0,1.008307474877393
2019-09-17,-0.00028618395926579654,-0.00028618395926579654,0.0,0.0,1.0080189134520754
2019-09-18,0.0026381991377930998,0.0026381991377930998,0.0,0.0,1.0106782680804238
2019-09-19,-0.0032302172729007294,-0.0032302172729007294,0.0,0.0,1.007413557681525
2019-09-20,0.0040608321814893,0.0040608321814893,0.0,0.0,1.0115044950766268
2019-09-23,-0.004078326581702589,-0.004078326581702589,0.0,0.0,1.007379249406844
2019-09-24,-0.0014374736120277307,-0.0014374736120277307,0.0,0.0,1.0059311683185175
2019-09-25,-0.005111285279715084,-0.005111285279715084,0.0,0.0,1.0007895671454845
2019-09-26,-0.0022202338318700696,-0.0022202338318700696,0.0,0.0,0.9985675802899254
2019-09-27,-0.008125887875262468,-0.008125887875262468,0.0,0.0,0.9904533320966173
2019-10-01,0.009033267769245271,0.009033267769245271,0.0,0.0,0.9994003622583874
2019-10-02,-0.00372657759483635,-0.00372657759483635,0.0,0.0,0.995676019260124
2019-10-03,-0.0062959493505949414,-0.0062959493505949414,0.0,0.0,0.9894072934732602
2019-10-04,0.0035398159425365284,0.0035398159425365284,0.0,0.0,0.9929096131843588
2019-10-07,0.0007550032989115331,0.0007550032989115331,0.0,0.0,0.9936592632178338
2019-10-08,0.001775187477415113,0.001775187477415113,0.0,0.0,0.9954231946987155
2019-10-09,-0.00980113393079864,-0.00980113393079864,0.0,0.0,0.98566691864965
2019-10-14,0.010170577618502737,0.010170577618502737,0.0,0.0,0.9956917205517667
2019-10-15,0.0005006256741120019,0.0005006256741120019,0.0,0.0,0.9961901893905757
2019-10-16,0.004607290050467259,0.004607290050467259,0.0,0.0,1.000779926538528
2019-10-17,0.0047525660830563185,0.0047525660830563185,0.0,0.0,1.0055361992739986
2019-10-18,-0.0007396204662147242,-0.0007396204662147242,0.0,0.0,1.004792484121496
2019-10-21,0.0038720059205662634,0.0038720059205662634,0.0,0.0,1.008683046568955
2019-10-22,0.0034531625127446966,0.0034531625127446966,0.0,0.0,1.012166193052608
2019-10-23,-0.004408656905557032,-0.004408656905557032,0.0,0.0,1.0077038995760352
2019-10-24,0.006178346246891013,0.006178346246891013,0.0,0.0,1.0139298431819581
2019-10-25,-0.0007282294507137157,-0.0007282294507137157,0.0,0.0,1.0131914696091955
2019-10-28,0.0006885646744045235,0.0006885646744045235,0.0,0.0,1.0138891174635765
2019-10-29,-0.00037326361494676504,-0.00037326361494676504,0.0,0.0,1.0135106695464369
2019-10-30,0.005750690677188701,0.005750690677188701,0.0,0.0,1.0193390559050288
2019-10-31,-0.0016078299963217704,-0.0016078299963217704,0.0,0.0,1.0177001319945225
2019-11-01,0.0023740615603015996,0.0023740615603015996,0.0,0.0,1.0201162147578045
2019-11-04,0.007246783408569683,0.007246783408569683,0.0,0.0,1.0275087760177242
2019-11-05,0.005217641317154083,0.005217641317154083,0.0,0.0,1.0328699482612127
2019-11-06,0.0025463659083857456,0.0025463659083857456,0.0,0.0,1.0355000130852612
2019-11-07,-0.0009156243279773514,-0.0009156243279773514,0.0,0.0,1.0345518840816594
2019-11-08,-0.0005559708645927969,-0.0005559708645927969,0.0,0.0,1.0339767033762004
2019-11-11,-0.008096590343399625,-0.008096590343399625,0.0,0.0,1.0256050175843445
2019-11-12,0.002973697800827865,0.002973697800827865,0.0,0.0,1.0286548569696532
2019-11-13,-0.006176175911652183,-0.006176175911652183,0.0,0.0,1.0223017036206332
2019-11-14,-0.0024910310227334574,-0.0024910310227334574,0.0,0.0,1.019755118362321
2019-11-15,0.002890724701041356,0.002890724701041356,0.0,0.0,1.0227029496719844
2019-11-18,0.005548370850912361,0.005548370850912361,0.0,0.0,1.0283772849070865
2019-11-19,0.0002036540122660779,0.0002036540122660779,0.0,0.0,1.0285867180672812
2019-11-20,0.00038331229104543495,0.00038331229104543495,0.0,0.0,1.0289809879987226
2019-11-21,-0.0069491700758449355,-0.0069491700758449355,0.0,0.0,1.0218304241083085
2019-11-22,0.0030046669785174737,0.0030046669785174737,0.0,0.0,1.0249006842412713
2019-11-25,0.0018987679897868842,0.0018987679897868842,0.0,0.0,1.0268467328532194
2019-11-26,-0.00041561649215431773,-0.00041561649215431773,0.0,0.0,1.0264199584161309
2019-11-27,0.006408577882745717,0.006408577882745717,0.0,0.0,1.0329978506600452
2019-11-28,-0.0021738733762323875,-0.0021738733762323875,0.0,0.0,1.03075224413479
2019-11-29,-0.00615710081947197,-0.00615710081947197,0.0,0.0,1.0244057986477553
2019-12-02,-0.0019228375985807225,-0.0019228375985807225,0.0,0.0,1.0224360326619113
2019-12-03,0.0014908312050109307,0.0014908312050109307,0.0,0.0,1.0239603122045313
2019-12-04,-0.0006577425699741638,-0.0006577425699741638,0.0,0.0,1.0232868099172303
2019-12-05,0.00017155956680616516,0.00017155956680616516,0.0,0.0,1.0234623645590581
2019-12-06,-0.0009671721508466516,-0.0009671721508466516,0.0,0.0,1.022472500262617
2019-12-09,0.0033071771357334216,0.0033071771357334216,0.0,0.0,1.0258539979374015
2019-12-10,0.000555104476796323,0.000555104476796323,0.0,0.0,1.026423454084196
2019-12-11,0.001062530592361882,0.001062530592361882,0.0,0.0,1.0275140604048785
2019-12-12,0.0033181518315688325,0.0033181518315688325,0.0,0.0,1.0309235080663737
2019-12-13,0.006016641114719424,0.006016641114719424,0.0,0.0,1.0371262048311365
2019-12-16,0.0007958533163828022,0.0007958533163828022,0.0,0.0,1.037951605160759
2019-12-17,0.005953184473943893,0.005953184473943893,0.0,0.0,1.0441307225413072
2019-12-18,0.004346059635273089,0.004346059635273089,0.0,0.0,1.0486685769284925
2019-12-19,-0.002806388886505408,-0.002806388886505408,0.0,0.0,1.0457256050885728
2019-12-20,-0.000524544938402871,-0.000524544938402871,0.0,0.0,1.0451770750154654
2019-12-23,0.004553331602569473,0.004553331602569473,0.0,0.0,1.0499361128214144
2019-12-24,-0.0035665548048894953,-0.0035665548048894953,0.0,0.0,1.0461914581334042
2019-12-25,0.0015405944764656575,0.0015405944764656575,0.0,0.0,1.0478032149151302
2019-12-26,-0.0009840705280086174,-0.0009840705280086174,0.0,0.0,1.0467721026521795
2019-12-27,0.002820881290372447,0.002820881290372447,0.0,0.0,1.0497249224918348
2019-12-30,-0.0018060941770226494,-0.0018060941770226494,0.0,0.0,1.0478290204218468
2019-12-31,-0.004785141399214945,-0.004785141399214945,0.0,0.0,1.0428150103969274
2020-01-02,0.002147303145491548,0.002147303145491548,0.0,0.0,1.0450542503489184
2020-01-03,0.0015053731255678551,0.0015053731255678551,0.0,0.0,1.0466274469321541
2020-01-06,-0.009452253490664876,-0.009452253490664876,0.0,0.0,1.036734458993464
2020-01-07,-0.0022995662781043484,-0.0022995662781043484,0.0,0.0,1.0343504193922137
2020-01-08,-0.005780226739800535,-0.005780226739800535,0.0,0.0,1.028371639439719
2020-01-09,0.006039993313476007,0.006039993313476007,0.0,0.0,1.0345829972657035
2020-01-10,0.0033886529901333362,0.0033886529901333362,0.0,0.0,1.038088840032929
2020-01-13,0.0077201532016504875,0.0077201532016504875,0.0,0.0,1.0461030449149067
2020-01-14,0.0023222284424505527,0.0023222284424505527,0.0,0.0,1.0485323351595421
2020-01-15,-0.0029704886891103706,-0.0029704886891103706,0.0,0.0,1.0454176817177843
2020-01-16,0.0015643129057192852,0.0015643129057192852,0.0,0.0,1.0470530420891624
2020-01-17,0.004555585447597855,0.004555585447597855,0.0,0.0,1.0518229816905669
2020-01-20,0.003951496556310574,0.003951496556310574,0.0,0.0,1.0559792565805655
2020-01-30,-0.05103710620273407,-0.05103710620273407,0.0,0.0,1.002085131114579
2020-01-31,0.007227330730033015,0.007227330730033015,0.0,0.0,1.0093275317767927
2020-02-03,-0.004730832629158757,-0.004730832629158757,0.0,0.0,1.0045525721559547
2020-02-04,0.010412586852513471,0.010412586852513471,0.0,0.0,1.0150125630614446
2020-02-05,0.00177228014507183,0.00177228014507183,0.0,0.0,1.0168114496739569
2020-02-06,0.01141946509719344,0.01141946509719344,0.0,0.0,1.0284228925339354
2020-02-07,-0.007960362742789896,-0.007960362742789896,0.0,0.0,1.0202362732563761
2020-02-10,-0.00032557310980131735,-0.00032557310980131735,0.0,0.0,1.01990411176016
2020-02-11,0.0021711176222396155,0.0021711176222396155,0.0,0.0,1.022118443550197
2020-02-12,0.0016867707857817435,0.0016867707857817435,0.0,0.0,1.0238425230803863
2020-02-13,0.003331990922661262,0.003331990922661262,0.0,0.0,1.0272539570735246
2020-02-14,0.0004406860798869397,0.0004406860798869397,0.0,0.0,1.0277066535929156
2020-02-17,-0.002332169173969521,-0.002332169173969521,0.0,0.0,1.0253098678155228
2020-02-18,0.0016722720449592653,0.0016722720449592653,0.0,0.0,1.0270244648448916
2020-02-19,0.009394108108462161,0.009394108108462161,0.0,0.0,1.03667244369768
2020-02-20,-0.003903732216248827,-0.003903732216248827,0.0,0.0,1.03262555208152
2020-02-21,-0.004568439073954329,-0.004568439073954329,0.0,0.0,1.0279080651606272
2020-02-24,-0.009530094633000134,-0.009530094633000134,0.0,0.0,1.0181120040256224
2020-02-25,-0.003103042760589777,-0.003103042760589777,0.0,0.0,1.014952758942061
2020-02-26,-0.006370810109571402,-0.006370810109571402,0.0,0.0,1.0084866876446557
2020-02-27,-0.006985882046516116,-0.006985882046516116,0.0,0.0,1.0014415185992884
2020-03-02,-0.01189818777946694,-0.01189818777946694,0.0,0.0,0.9895261793608395
2020-03-03,0.008352283229648254,0.008352283229648254,0.0,0.0,0.9977909822740131
2020-03-04,0.006697357903333626,0.006697357903333626,0.0,0.0,1.004473545595021
2020-03-05,0.009233347409339841,0.009233347409339841,0.0,0.0,1.013748198804991
2020-03-06,-0.014485102237775507,-0.014795503348516289,0.2956201054674114,0.00031040111074078197,0.9987492839350194
2020-03-09,-0.02249886659548708,-0.02249886659548708,0.0,0.0,0.9762785570334271
2020-03-10,-0.00039199655865589827,-0.00039199655865589827,0.0,0.0,0.9758958591987805
2020-03-11,-0.0027465548327239245,-0.0027465548327239245,0.0,0.0,0.9732155077104628
2020-03-12,-0.038028563153503434,-0.038028563153503434,0.0,0.0,0.9362055203135266
2020-03-13,-0.027284571087699223,-0.027284571087699223,0.0,0.0,0.9106615542418357
2020-03-16,-0.03418998640653015,-0.03418998640653015,0.0,0.0,0.8795260480813577
2020-03-17,-0.033818171631993736,-0.033818171631993736,0.0,0.0,0.8497820852325332
2020-03-18,-0.019553892910310667,-0.019553892910310667,0.0,0.0,0.8331655373407958
2020-03-19,-0.06637618958661531,-0.06637618958661531,0.0,0.0,0.777863183677229
2020-03-20,0.057608796231092746,0.057608796231092746,0.0,0.0,0.8226749453213594
2020-03-23,-0.03845680783936128,-0.03845680783936128,0.0,0.0,0.7910374930348789
2020-03-24,0.03893303966272076,0.03893303966272076,0.0,0.0,0.8218349871259051
2020-03-25,0.039844144684102106,0.039844144684102106,0.0,0.0,0.8545802992594068
2020-03-26,0.002365801113569133,0.002365801113569133,0.0,0.0,0.856602066283029
2020-03-27,0.01083652092207139,0.01083652092207139,0.0,0.0,0.8658846524961946
2020-03-30,-0.009075703615561533,-0.009075703615561533,0.0,0.0,0.8580261400248756
2020-03-31,-0.0010071581476306614,-0.0010071581476306614,0.0,0.0,0.8571619720070696
2020-04-01,-0.0026470729461047365,-0.0026470729461047365,0.0,0.0,0.8548930017405398
2020-04-06,0.013845918911911378,0.013845918911911378,0.0,0.0,0.8667297809209998
2020-04-07,0.008755027832573245,0.008755027832573245,0.0,0.0,0.8743180242762832
2020-04-08,0.010343759558520814,0.010343759558520814,0.0,0.0,0.883361759697078
2020-04-09,0.005830314695183364,0.005830314695183364,0.0,0.0,0.8885120367458029
2020-04-10,0.015832736602694183,0.015832736602694183,0.0,0.0,0.9025796137919226
2020-04-13,-0.007847274525466293,-0.007847274525466293,0.0,0.0,0.895496823781408
2020-04-14,0.02072925113862239,0.02072925113862239,0.0,0.0,0.9140598023354115
2020-04-15,0.014467055764793273,0.014467055764793273,0.0,0.0,0.9272835564681537
2020-04-16,-0.012341726941065924,-0.012341726941065924,0.0,0.0,0.9158392760172833
2020-04-17,0.0033615355848921114,0.0033615355848921114,0.0,0.0,0.9189179023336573
2020-04-20,-0.002887845790250575,-0.002887845790250575,0.0,0.0,0.9162642091378171
2020-04-21,-0.028074820070512277,-0.028074820070512277,0.0,0.0,0.8905402563292226
2020-04-22,0.00014026423437944998,0.00014026423437944998,0.0,0.0,0.8906651672764608
2020-04-23,0.0026525446212407955,0.0026525446212407955,0.0,0.0,0.8930276963752466
2020-04-24,-0.0010652580207031138,-0.0010652580207031138,0.0,0.0,0.8920763914589729
2020-04-27,0.022522730107371366,0.022522730107371366,0.0,0.0,0.9121683872589611
2020-04-28,0.008327919900508587,0.008327919900508587,0.0,0.0,0.9197648525238299
2020-04-29,0.013091662485233826,0.013091662485233826,0.0,0.0,0.9318061035388526
2020-04-30,0.01661213232934433,0.01661213232934433,0.0,0.0,0.9472853898361306
2020-05-04,-0.022583939803786007,-0.022583939803786007,0.0,0.0,0.9258919536150655
2020-05-05,0.005828318752217098,0.005828318752217098,0.0,0.0,0.9312883470508471
2020-05-06,-0.00576710138063269,-0.00576710138063269,0.0,0.0,0.925917512738803
2020-05-07,0.002448587756417382,0.002448587756417382,0.0,0.0,0.9281847030239476
2020-05-08,0.004415955330224264,0.004415955330224264,0.0,0.0,0.9322835252106989
2020-05-11,0.011116699638878442,0.011116699638878442,0.0,0.0,0.9426474411387411
2020-05-12,-0.007920909175980671,-0.007920909175980671,0.0,0.0,0.9351808163725106
2020-05-13,0.0029410911795316316,0.0029410911795316316,0.0,0.0,0.9379312684228109
2020-05-14,-0.010481005526204224,-0.010481005526204224,0.0,0.0,0.9281008056152718
2020-05-15,-0.0008297773036862113,-0.0008297773036862113,0.0,0.0,0.9273306886312394
2020-05-18,-0.00021137849351249356,-0.00021137849351249356,0.0,0.0,0.9271346708672886
2020-05-19,0.011459122165148373,0.011459122165148373,0.0,0.0,0.9377588203243015
2020-05-20,0.0018090866455379244,0.0018090866455379244,0.0,0.0,0.9394553072828856
2020-05-21,0.005830192670714045,0.005830192670714045,0.0,0.0,0.9449325127298697
2020-05-22,-0.015305238863935504,-0.015305238863935504,0.0,0.0,0.9304700949122402
2020-05-25,0.002414714861468083,0.002414714861468083,0.0,0.0,0.9327169148785764
2020-05-26,0.012391711186670533,0.012391711186670533,0.0,0.0,0.944274873506674
2020-05-27,0.0017749211563509286,0.0017749211563509286,0.0,0.0,0.9459508869570716
2020-05-28,-0.004948588604951415,-0.004948588604951415,0.0,0.0,0.9412697651770322
2020-05-29,0.0021963280103122905,0.0021963280103122905,0.0,0.0,0.9433371023275506
2020-06-01,0.009129289908874207,0.009129289908874207,0.0,0.0,0.9519491002164961
2020-06-02,0.008595930303187456,0.008595930303187456,0.0,0.0,0.9601319883341392
2020-06-03,0.01786089773804866,0.01786089773804866,0.0,0.0,0.9772808075928044
2020-06-04,0.0007699027013606718,0.0007699027013606718,0.0,0.0,0.978033218726558
2020-06-05,0.0022554401244241694,0.0022554401244241694,0.0,0.0,0.9802391140910935
2020-06-08,0.010314492404288774,0.010314492404288774,0.0,0.0,0.990349782987773
2020-06-09,-0.0009657444854515553,-0.0009657444854515553,0.0,0.0,0.9893933581461845
2020-06-10,0.0067899887111217486,0.0067899887111217486,0.0,0.0,0.9961113278788559
2020-06-11,-0.021310865079071022,-0.021310865079071022,0.0,0.0,0.9748833337666953
2020-06-12,-0.00987006598247757,-0.00987006598247757,0.0,0.0,0.9652611709372004
2020-06-15,-0.008219941556945118,-0.008219941556945118,0.0,0.0,0.9573267805249082
2020-06-16,0.013833924386559117,0.013833924386559117,0.0,0.0,0.9705703668199177
2020-06-17,0.003577314421117361,0.003577314421117361,0.0,0.0,0.9740424021898517
2020-06-18,-0.005427711264317564,-0.005427711264317564,0.0,0.0,0.9687555812715629
2020-06-19,-0.006558252042147187,-0.006558252042147187,0.0,0.0,0.9624022380023471
2020-06-22,0.0042859192933964365,0.0042859192933964365,0.0,0.0,0.9665270163222093
2020-06-23,0.003432696900241173,0.003432696900241173,0.0,0.0,0.9698448106151378
2020-06-24,0.0026928003001645533,0.0026928003001645533,0.0,0.0,0.9724564090122753
2020-06-29,-0.0077591086148465944,-0.0077591086148465944,0.0,0.0,0.9649110141115453
2020-06-30,0.005650599025175174,0.005650599025175174,0.0,0.0,0.9703633393472648
2020-07-01,0.0047556591233951125,0.0047556591233951125,0.0,0.0,0.9749780566150397
2020-07-02,0.005157316129422819,0.005157316129422819,0.0,0.0,0.9800063266722536
2020-07-03,0.0018656746063120903,0.0018656746063120903,0.0,0.0,0.9818346995899513
2020-07-06,0.01075723360278486,0.01075723360278486,0.0,0.0,0.9923965248127604
2020-07-07,-0.003517022900842463,-0.003517022900842463,0.0,0.0,0.9889062435082775
2020-07-08,0.0011086305505394797,0.0011086305505394797,0.0,0.0,0.99000257518145
2020-07-09,-0.0029705203579938225,-0.0029705203579938225,0.0,0.0,0.9870617523774071
2020-07-10,-0.00705661914147173,-0.00705661914147173,0.0,0.0,0.9800964335217661
2020-07-13,0.005553560003422257,0.005553560003422257,0.0,0.0,0.9855394578744694
2020-07-14,-0.003552709701270784,-0.003552709701270784,0.0,0.0,0.9820381222814937
2020-07-15,0.0034534593947200304,0.0034534593947200304,0.0,0.0,0.9854295510608598
2020-07-16,-0.002303852660772694,-0.002303852660772694,0.0,0.0,0.9831592665676442
2020-07-17,-0.0035706067635201963,-0.0035706067635201963,0.0,0.0,0.9796487914408202
2020-07-20,-0.00013511574153754707,-0.00013511574153754707,0.0,0.0,0.9795164254679183
2020-07-21,0.0013715835698395516,0.0013715835698395516,0.0,0.0,0.9808599141034781
2020-07-22,0.005316302802362795,0.005316302802362795,0.0,0.0,0.9860744624135518
2020-07-23,-0.005490403373131289,-0.005490403373131289,0.0,0.0,0.9806605158589577
2020-07-24,-0.012597419149498253,-0.012597419149498253,0.0,0.0,0.9683067242973192
2020-07-27,-0.01459103837527151,-0.01459103837527151,0.0,0.0,0.9541781237240635
2020-07-28,-0.006851268646396952,-0.006851268646396952,0.0,0.0,0.947640793061915
2020-07-29,0.006123680509928875,0.006123680509928875,0.0,0.0,0.9534438425168018
2020-07-30,0.006411752586938416,0.006411752586938416,0.0,0.0,0.9595570885405594
2020-07-31,-0.006457639566050437,-0.006457639566050437,0.0,0.0,0.9533606147197158
2020-08-03,-0.008146241826969611,-0.008146241826969611,0.0,0.0,0.9455943086039005
2020-08-04,0.008830899802851223,0.008830899802851223,0.0,0.0,0.953944757197328
2020-08-05,0.004366129248134604,0.004366129248134604,0.0,0.0,0.9581098033028318
2020-08-06,0.0073775906659306395,0.0073775906659306395,0.0,0.0,0.9651783452446153
2020-08-07,-0.008110685335400273,-0.008110685335400273,0.0,0.0,0.9573500873937939
2020-08-10,0.007675050971579567,0.007675050971579567,0.0,0.0,0.9646977981121874
2020-08-11,-0.007496364087576601,-0.007496364087576601,0.0,0.0,0.9574660721830549
2020-08-12,-0.002569669310970813,-0.002569669310970813,0.0,0.0,0.9550057010010704
2020-08-13,-0.0018121732702295508,-0.0018121732702295508,0.0,0.0,0.9532750651967995
2020-08-14,-0.0013013408828548643,-0.0013013408828548643,0.0,0.0,0.9520345293818528
2020-08-17,0.00655075071378621,0.00655075071378621,0.0,0.0,0.9582710702547502
2020-08-18,-0.0001096925804686973,-0.0001096925804686973,0.0,0.0,0.9581659550282655
2020-08-19,-0.00438571032881876,-0.00438571032881876,0.0,0.0,0.9539637167025756
2020-08-20,-0.0228092548486993,-0.0228092548486993,0.0,0.0,0.9322045151718942
2020-08-21,0.01187011240663743,0.01187011240663743,0.0,0.0,0.9432698875529595
2020-08-24,-0.0027505551020334277,-0.0027505551020334277,0.0,0.0,0.9406753717511561
2020-08-25,0.005983863640311357,0.005983863640311357,0.0,0.0,0.9463042449055142
2020-08-26,0.0022687527112391585,0.0022687527112391585,0.0,0.0,0.9484511752268007
2020-08-27,-0.00278405299827716,-0.00278405299827716,0.0,0.0,0.945810636888691
2020-08-28,0.0013925844018803043,0.0013925844018803043,0.0,0.0,0.9471277580287547
2020-08-31,-0.005259668558426477,-0.005259668558426477,0.0,0.0,0.9421461799390378
2020-09-01,-0.0009311314940156314,-0.0009311314940156314,0.0,0.0,0.9412689179589301
2020-09-02,-0.0021506984631516598,-0.0021506984631516598,0.0,0.0,0.9392445323436635
2020-09-03,0.002923548610649731,0.002923548610649731,0.0,0.0,0.9419904593912573
2020-09-04,-0.004588665868964847,-0.004588665868964847,0.0,0.0,0.937667979921358
2020-09-07,0.005388142018295454,0.005388142018295454,0.0,0.0,0.9427202681631826
2020-09-08,0.00048009477325809463,0.00048009477325809463,0.0,0.0,0.9431728632365722
2020-09-09,-0.0020444257661995464,-0.0020444257661995464,0.0,0.0,0.9412446163329912
2020-09-10,0.004231960995280175,0.004231960995280175,0.0,0.0,0.9452279268363298
2020-09-11,-0.00033230624308629484,-0.00033230624308629484,0.0,0.0,0.9449138216951025
2020-09-14,0.0003100683738331504,0.0003100683738331504,0.0,0.0,0.9452068095872079
2020-09-15,0.00018565688526583763,0.00018565688526583763,0.0,0.0,0.945382293739408
2020-09-16,0.000992250622415011,0.000992250622415011,0.0,0.0,0.946320349908791
2020-09-17,-0.0048934353427988065,-0.0048934353427988065,0.0,0.0,0.9416895924629376
2020-09-18,3.7334359100897725e-05,3.7334359100897725e-05,0.0,0.0,0.9417247498403442
2020-09-21,-0.006547005175751413,-0.006547005175751413,0.0,0.0,0.9355592730290062
2020-09-22,-0.010996792097415798,-0.010996792097415798,0.0,0.0,0.9252711222086968
2020-09-23,-0.006241803211710951,-0.006241803211710951,0.0,0.0,0.9194957619463912
2020-09-24,-0.025264782777660325,-0.025264782777660325,0.0,0.0,0.8962649012558364
2020-09-25,0.006182597019863109,0.006182597019863109,0.0,0.0,0.9018061459633485
2020-09-28,0.016714944428710698,0.016714944428710698,0.0,0.0,0.9168797855785956
2020-09-29,0.0005298115031192506,0.0005298115031192506,0.0,0.0,0.9173655590359726
2020-09-30,-0.0007127954732271314,-0.0007127954732271314,0.0,0.0,0.9167116650181973
2020-10-05,0.001258841444832971,0.001258841444832971,0.0,0.0,0.917865659655084
2020-10-06,0.01173563453510669,0.01173563453510669,0.0,0.0,0.9286373955891207
2020-10-07,-0.005393458657000025,-0.005393458657000025,0.0,0.0,0.9236288281886667
2020-10-08,0.0030589223006097766,0.0030589223006097766,0.0,0.0,0.9264541370086989
2020-10-12,-0.001496517681029263,-0.001496517681029263,0.0,0.0,0.9250676820120027
2020-10-13,-0.0026105371812710255,-0.0026105371812710255,0.0,0.0,0.9226527584329182
2020-10-14,-0.00053429940858861,-0.00053429940858861,0.0,0.0,0.9221597856097548
2020-10-15,-0.005676854340283069,-0.005676854340283069,0.0,0.0,0.9169248188283815
2020-10-16,-0.00407775840417643,-0.00407775840417643,0.0,0.0,0.9131858209424061
2020-10-19,0.003728775921464884,0.003728775921464884,0.0,0.0,0.9165908862433592
2020-10-20,-0.00021032289119052107,-0.00021032289119052107,0.0,0.0,0.9163981061981256
2020-10-21,-0.0023788180008549927,-0.0023788180008549927,0.0,0.0,0.914218161887152
2020-10-22,0.006574917541763052,0.006574917541763052,0.0,0.0,0.9202290709167422
2020-10-23,0.0002173932040098147,0.0002173932040098147,0.0,0.0,0.9204291224628917
2020-10-26,0.006145641857369016,0.006145641857369016,0.0,0.0,0.9260857502046411
2020-10-27,-0.002475118816156991,-0.002475118816156991,0.0,0.0,0.9237935779389347
2020-10-28,-0.002377744279493127,-0.002377744279493127,0.0,0.0,0.9215970330435579
2020-10-29,-0.00914800482817186,-0.00914800482817186,0.0,0.0,0.9131662589356465
2020-10-30,-0.0049283854035610634,-0.0049283854035610634,0.0,0.0,0.9086658236740836
2020-11-02,0.01070092618920574,0.01070092618920574,0.0,0.0,0.9183893895838737
2020-11-03,0.007428580299327933,0.007428580299327933,0.0,0.0,0.9252117189104483
2020-11-04,-0.0005675109380066818,-0.0005675109380066818,0.0,0.0,0.9246866511399947
2020-11-05,0.005501717731028324,0.005501717731028324,0.0,0.0,0.9297740160842168
2020-11-06,0.0037840605236268052,0.0037840605236268052,0.0,0.0,0.9332923372343751
2020-11-09,0.0070081129498622535,0.0070081129498622535,0.0,0.0,0.9398329553489545
2020-11-10,0.009975946920474453,0.009975946920474453,0.0,0.0,0.9492086790256284
2020-11-11,0.018479624834145114,0.018479624834145114,0.0,0.0,0.9667496993033364
2020-11-12,-0.009353668051404538,-0.009353668051404538,0.0,0.0,0.9577070435272578
2020-11-13,0.00020110325386082733,0.00020110325386082733,0.0,0.0,0.9578996415299567
2020-11-16,0.007771431351359574,0.007771431351359574,0.0,0.0,0.9653438928355986
2020-11-17,0.0017066047165762229,0.0017066047165762229,0.0,0.0,0.9669913532762299
2020-11-18,0.0053275616703387235,0.0053275616703387235,0.0,0.0,0.9721430593454933
2020-11-19,-0.0031657386909373607,-0.0031657386909373607,0.0,0.0,0.969065508449397
2020-11-20,-0.0021924458242785763,-0.0021924458242785763,0.0,0.0,0.9669408848219447
2020-11-23,0.007450178526430715,0.007450178526430715,0.0,0.0,0.974144767038373
2020-11-24,-0.0049526491225703245,-0.0049526491225703245,0.0,0.0,0.969320169812644
2020-11-25,0.001353764130702696,0.001353764130702696,0.0,0.0,0.970632400689703
2020-11-26,0.003593606660976508,0.003593606660976508,0.0,0.0,0.9741204717501811
2020-11-27,-0.0012467897750513901,-0.0012467897750513901,0.0,0.0,0.9729059483063347
2020-11-30,-0.003000960657354015,-0.003000960657354015,0.0,0.0,0.9699862958321617
2020-12-01,0.006905518768577272,0.006905518768577272,0.0,0.0,0.9766845544032935
2020-12-02,0.001299579317991495,0.001299579317991495,0.0,0.0,0.9779538334503978
2020-12-03,-0.0007452814040331618,-0.0007452814040331618,0.0,0.0,0.9772249826443242
2020-12-04,0.009936492740746915,0.009936492740746915,0.0,0.0,0.986935171590446
2020-12-07,0.0010110648836285578,0.0010110648836285578,0.0,0.0,0.987933027084859
2020-12-08,-0.007976409643180521,-0.007976409643180521,0.0,0.0,0.9800528685608029
2020-12-09,4.673777304715351e-05,4.673777304715351e-05,0.0,0.0,0.9800986740493478
2020-12-10,0.00044164850842454264,0.00044164850842454264,0.0,0.0,0.9805315331668507
2020-12-11,0.005750582673392608,0.005750582673392608,0.0,0.0,0.9861701608121951
2020-12-14,0.0005070286247467091,0.0005070286247467091,0.0,0.0,0.9866701773125979
2020-12-15,-0.008293225660460177,-0.008293225660460177,0.0,0.0,0.9784874988796982
2020-12-16,0.012967755874359308,0.012967755874359308,0.0,0.0,0.9911762858912825
2020-12-17,-0.001401780566140552,-0.001401780566140552,0.0,0.0,0.9897868742361007
2020-12-18,-0.005541188123873906,-0.005541188123873906,0.0,0.0,0.9843022789634173
2020-12-21,0.00822679340353458,0.00822679340353458,0.0,0.0,0.9923999304590775
2020-12-22,-0.00888527023914081,-0.00888527023914081,0.0,0.0,0.9835821888916441
2020-12-23,-0.0006325599966154464,-0.0006325599966154464,0.0,0.0,0.9829600141455677
2020-12-24,0.004202867637371665,0.004202867637371665,0.0,0.0,0.9870912649778506
2020-12-25,0.0044773423290874305,0.0044773423290874305,0.0,0.0,0.9915108104812084
2020-12-28,0.00606746573550798,0.00606746573550798,0.0,0.0,0.9975267683501888
2020-12-29,0.000796963846433464,0.000796963846433464,0.0,0.0,0.9983217611204136
2020-12-30,0.014731980665602766,0.014731980665602766,0.0,0.0,1.0130290180032901
2020-12-31,-0.0038535026599991057,-0.0038535026599991057,0.0,0.0,1.0091253079877582
2021-01-04,-0.0009633042581750307,-0.0009633042581750307,0.0,0.0,1.0081532132815414
2021-01-05,0.004784034241845007,0.004784034241845007,0.0,0.0,1.0129762527749064
2021-01-06,-0.008383570139964172,-0.008383570139964172,0.0,0.0,1.00448389530965
2021-01-07,0.005794791443049223,0.005794791443049223,0.0,0.0,1.010304669990871
2021-01-08,0.010921347386903958,0.010921347386903958,0.0,0.0,1.0213385582584527
2021-01-11,0.00593445634057542,0.00593445634057542,0.0,0.0,1.0273996473413838
2021-01-12,-0.010542318307223074,-0.010542318307223074,0.0,0.0,1.0165684732303821
2021-01-13,0.00867242795838919,0.00867242795838919,0.0,0.0,1.0253845900792422
2021-01-14,0.0009295701401075382,0.0009295701401075382,0.0,0.0,1.0263377569763064
2021-01-15,-0.010942279133557416,-0.010942279133557416,0.0,0.0,1.0151072827541625
2021-01-18,-0.006232244542113717,-0.006232244542113717,0.0,0.0,1.0087808859315581
2021-01-19,0.0004132076179059477,0.0004132076179059477,0.0,0.0,1.009197721878423
2021-01-20,-0.023075583721817422,-0.023075583721817422,0.0,0.0,0.98590989535535
2021-01-21,0.0035093770834207236,0.0035093770834207236,0.0,0.0,0.9893698249484277
2021-01-22,0.0007744519504352178,0.0007744519504352178,0.0,0.0,0.9901360443390607
2021-01-25,0.010571663656552915,0.010571663656552915,0.0,0.0,1.000603429574043
2021-01-26,-0.006612727485498784,-0.006612727485498784,0.0,0.0,0.9939867117732143
2021-01-27,0.00019707790797799144,0.00019707790797799144,0.0,0.0,0.9941826045949286
2021-01-28,-0.0068668301086178204,-0.0068668301086178204,0.0,0.0,0.9873557215522321
2021-01-29,-0.014590813471357676,-0.014590813471357676,0.0,0.0,0.9729493983891856
2021-02-01,0.009010597478246151,0.009010597478246151,0.0,0.0,0.9817162537847723
2021-02-02,0.009216691176746448,0.009216691176746448,0.0,0.0,0.990764429319099
2021-02-03,0.00347192975810404,0.00347192975810404,0.0,0.0,0.994204293824523
2021-02-04,-0.004057315658190136,-0.004057315658190136,0.0,0.0,0.9901704931757489
2021-02-05,0.0033644979360780447,0.0033644979360780447,0.0,0.0,0.9935019197564041
2021-02-17,0.015573255177156669,0.015573255177156669,0.0,0.0,1.0089739786717655
2021-02-18,0.004670657025182135,0.004670657025182135,0.0,0.0,1.0136865500734749
2021-02-19,-0.0005173624792092408,-0.0005173624792092408,0.0,0.0,1.0131621066867877
2021-02-22,0.003705687485936457,0.003705687485936457,0.0,0.0,1.016916568826762
2021-02-23,0.013650085362656524,0.013650085362656524,0.0,0.0,1.030797566797947
2021-02-24,-0.00044833003041520804,-0.00044833003041520804,0.0,0.0,1.0303354292934725
2021-02-25,0.01596771005753315,0.01596771005753315,0.0,0.0,1.0467875266904345
2021-02-26,-0.018933723609288293,-0.018933723609288293,0.0,0.0,1.0269679409824273
2021-03-02,-0.0006374549606549883,-0.0006374549606549883,0.0,0.0,1.0263132951740144
2021-03-03,0.011884281453492185,0.011884281453492185,0.0,0.0,1.0385102912333235
2021-03-04,-0.005611900521783428,-0.005611900521783428,0.0,0.0,1.0326822747880737
2021-03-05,-0.0015850657947431423,-0.0015850657947431423,0.0,0.0,1.0310454054374696
2021-03-08,0.0012340883523942491,0.0012340883523942491,0.0,0.0,1.0323178065631096
2021-03-09,0.015182311577595147,0.015182311577595147,0.0,0.0,1.0479907771494503
2021-03-10,0.005165439970662716,0.005165439970662716,0.0,0.0,1.0534041105986238
2021-03-11,0.0049599723978350375,0.0049599723978350375,0.0,0.0,1.058628965910959
2021-03-12,0.003908621450939295,0.003908621450939295,0.0,0.0,1.0627667457957042
2021-03-15,0.0038249873974695496,0.0038249873974695496,0.0,0.0,1.0668318152048226
2021-03-16,0.004044205310645586,0.004044205310645586,0.0,0.0,1.0711463020974397
2021-03-17,-0.003218993833112919,-0.003218993833112919,0.0,0.0,1.0676982887566262
2021-03-18,0.004100570391023524,0.0035854248670592484,0.4906147847278815,0.0005151455239642756,1.071526440751651
2021-03-19,-0.009060336053529947,-0.009060336053529947,0.0,0.0,1.061818051108198
2021-03-22,0.00873218157176524,0.00873218157176524,0.0,0.0,1.0710900391266527
2021-03-23,0.00299380960736674,0.00299380960736674,0.0,0.0,1.0742966787761448
2021-03-24,0.002038158199551011,0.002038158199551011,0.0,0.0,1.0764862653607428
2021-03-25,0.005466338930615238,0.005466338930615238,0.0,0.0,1.0823707041413568
2021-03-26,0.0035293303767168754,0.0035293303767168754,0.0,0.0,1.0861907479463513
2021-03-29,0.013179041472062582,0.013179041472062582,0.0,0.0,1.100505700860107
2021-03-30,0.005776812562676819,0.005776812562676819,0.0,0.0,1.1068631160181333
2021-03-31,-0.0005584074248660721,-0.0005584074248660721,0.0,0.0,1.1062450354358382
2021-04-01,-0.0018988527928175578,-0.0018988527928175578,0.0,0.0,1.1041444389607602
2021-04-06,0.002123482371369197,0.002123482371369197,0.0,0.0,1.1064890702123387
2021-04-07,0.005489876763297117,0.005489876763297117,0.0,0.0,1.1125635588477396
2021-04-08,-0.002586699147072794,-0.002586699147072794,0.0,0.0,1.1096856916390039
2021-04-09,-0.0016557991993326293,-0.0016557991993326293,0.0,0.0,1.107848274959277
2021-04-12,0.011270260191245947,0.011270260191245947,0.0,0.0,1.120334013270491
2021-04-13,-0.0032530897273263647,-0.0032530897273263647,0.0,0.0,1.1166894662007465
2021-04-14,-0.001714212802092681,-0.001714212802092681,0.0,0.0,1.114775222821823
2021-04-15,0.010174860416747516,0.010174860416747516,0.0,0.0,1.1261179051100838
2021-04-16,0.008997635090109894,0.008997635090109894,0.0,0.0,1.1362503030887035
2021-04-19,0.019498899536415717,0.019498899536415717,0.0,0.0,1.1584059335968522
2021-04-20,0.003632480211205496,0.003632480211205496,0.0,0.0,1.1626138202271858
2021-04-21,-0.001090932898384805,-0.001090932898384805,0.0,0.0,1.1613454865625832
2021-04-22,-0.003439891349436269,-0.003439891349436269,0.0,0.0,1.1573505842696497
2021-04-23,-0.0003254657391328804,-0.0003254657391328804,0.0,0.0,1.1569739063063045
2021-04-26,0.014999330351002094,0.014999330351002094,0.0,0.0,1.174327740134482
2021-04-27,0.000359132990379955,0.000359132990379955,0.0,0.0,1.1747494799674827
2021-04-28,0.0011782162035994497,0.0011782162035994497,0.0,0.0,1.1761335888399502
2021-04-29,-0.004505004955994572,-0.004505004955994572,0.0,0.0,1.1708351011933145
2021-05-03,-0.01028453954992794,-0.01028453954992794,0.0,0.0,1.158793601288648
2021-05-04,-0.019175452738254523,-0.019175452738254523,0.0,0.0,1.1365732093537457
2021-05-05,0.0042733844511575894,0.0042733844511575894,0.0,0.0,1.1414302236342002
2021-05-06,0.009131927665074927,0.009131927665074927,0.0,0.0,1.151853681871158
2021-05-07,0.010318673337775966,0.010318673337775966,0.0,0.0,1.163739283747301
2021-05-10,0.01100454039482348,0.01100454039482348,0.0,0.0,1.1765456997043413
2021-05-11,-0.02545016476059942,-0.02545016476059942,0.0,0.0,1.146602417798491
2021-05-12,-0.0433146342809927,-0.0433146342809927,0.0,0.0,1.0969377534058473
2021-05-13,-0.007442951263712058,-0.007442951263712058,0.0,0.0,1.0887732991679218
2021-05-14,0.010470805208733459,0.010470805208733459,0.0,0.0,1.100173632299979
2021-05-17,-0.035101427711499086,-0.035101427711499086,0.0,0.0,1.061555967075704
2021-05-18,0.04230407575978637,0.04230407575978637,0.0,0.0,1.1064641111301279
2021-05-19,-0.0005143539522254044,-0.0005143539522254044,0.0,0.0,1.1058949969415726
2021-05-20,-0.0043656743298775965,-0.0043656743298775965,0.0,0.0,1.1010670195418848
2021-05-21,0.011298371206436961,0.011298371206436961,0.0,0.0,1.1135072834518343
2021-05-24,7.350432478417688e-05,7.350432478417688e-05,0.0,0.0,1.1135891310528465
2021-05-25,0.008595783354706676,0.008595783354706676,0.0,0.0,1.1231613019695328
2021-05-26,0.0008163319767320043,0.0008163319767320043,0.0,0.0,1.1240781744553585
2021-05-27,-0.005234138918930338,-0.005234138918930338,0.0,0.0,1.1181945931345216
2021-05-28,0.012051585141823489,0.012051585141823489,0.0,0.0,1.131670610478809
2021-05-31,0.009708086707899006,0.009708086707899006,0.0,0.0,1.142656966890118
2021-06-01,0.005492731516361403,0.005492731516361403,0.0,0.0,1.1489332748245453
2021-06-02,0.0026991394329845373,0.0026991394329845373,0.0,0.0,1.1520344059324923
2021-06-03,0.001278611366114478,0.001278611366114478,0.0,0.0,1.1535074102180725
2021-06-04,-0.0035878549104472602,-0.0035878549104472602,0.0,0.0,1.1493687929920844
2021-06-07,-0.0042213987260228784,-0.0042213987260228784,0.0,0.0,1.144516849033617
2021-06-08,0.0012786636761289655,0.0012786636761289655,0.0,0.0,1.1459803011551941
2021-06-09,-0.00748436658378029,-0.00748436658378029,0.0,0.0,1.1374033644835577
2021-06-10,0.002642724448068377,0.002642724448068377,0.0,0.0,1.1404092081621937
2021-06-11,0.001437674039105937,0.001437674039105937,0.0,0.0,1.1420487448747259
2021-06-15,-0.0024310348248706066,-0.0024310348248706066,0.0,0.0,1.1392723846042356
2021-06-16,-0.0014953059479600305,-0.0014953059479600305,0.0,0.0,1.1375688238311903
2021-06-17,0.0021771357850499684,0.0021771357850499684,0.0,0.0,1.1400454656255103
2021-06-18,-0.007041833697479663,-0.007041833697479663,0.0,0.0,1.1320174550490096
2021-06-21,-0.006561467187860241,-0.006561467187860241,0.0,0.0,1.1245897596616206
2021-06-22,0.00368458503734978,0.00368458503734978,0.0,0.0,1.1287334062632264
2021-06-23,0.011203787744818873,0.011203787744818873,0.0,0.0,1.1413794957674859
2021-06-24,0.0023692988044861853,0.0023692988044861853,0.0,0.0,1.1440837648422728
2021-06-25,0.005181134739555666,0.005181134739555666,0.0,0.0,1.1500114169812587
2021-06-28,0.0033153992373239865,0.0033153992373239865,0.0,0.0,1.1538241639560323
2021-06-29,-0.005650831372997703,-0.005650831372997703,0.0,0.0,1.1473040981714266
2021-06-30,0.004536948115765173,0.004536948115765173,0.0,0.0,1.152509357337835
2021-07-01,-0.003689033002403737,-0.003689033002403737,0.0,0.0,1.1482577122830366
2021-07-02,0.00030483311964371975,0.00030483311964371975,0.0,0.0,1.148607739263627
2021-07-05,0.00968779184735774,0.00968779184735774,0.0,0.0,1.159735211955877
2021-07-06,0.001857019629128341,0.001857019629128341,0.0,0.0,1.1618888630090705
2021-07-07,-0.0011957017305939009,-0.0011957017305939009,0.0,0.0,1.1604995904848128
2021-07-08,0.006408031431310884,0.006408031431310884,0.0,0.0,1.1679361083366628
2021-07-09,-0.0023721274218862142,-0.0023721274218862142,0.0,0.0,1.1651656150670664
2021-07-12,0.0031574324306423754,0.0031574324306423754,0.0,0.0,1.1688445467671487
2021-07-13,0.0018603422894203309,0.0018603422894203309,0.0,0.0,1.171018997707258
2021-07-14,-0.0012782139902063555,-0.0012782139902063555,0.0,0.0,1.1695221848415913
2021-07-15,0.004410381653462367,0.004410381653462367,0.0,0.0,1.174680224028934
2021-07-16,0.009076588457675637,0.009076588457675637,0.0,0.0,1.1853423129918148
2021-07-19,-0.0015066539335019241,-0.0015066539335019241,0.0,0.0,1.1835564123333995
2021-07-20,-0.012304264390275816,-0.012304264390275816,0.0,0.0,1.168993621315243
2021-07-21,-0.00198647489097411,-0.00198647489097411,0.0,0.0,1.1666714448387914
2021-07-22,0.007611720499272709,0.007611720499272709,0.0,0.0,1.175551821791387
2021-07-23,0.001999069786282101,0.001999069786282101,0.0,0.0,1.177901831920539
2021-07-26,-0.007074275767140811,-0.007074275767140811,0.0,0.0,1.1695690295349128
2021-07-27,-0.006711895440051507,-0.006711895440051507,0.0,0.0,1.161719004498752
2021-07-28,-0.005087377659755989,-0.005087377659755989,0.0,0.0,1.155808901188351
2021-07-29,0.004990173610141934,0.004990173610141934,0.0,0.0,1.161576588265428
2021-07-30,-0.006505123580084369,-0.006505123580084369,0.0,0.0,1.1540203890110288
2021-08-02,0.010645873583606765,0.010645873583606765,0.0,0.0,1.166305944185345
2021-08-03,0.0012573453126157336,0.0012573453126157336,0.0,0.0,1.1677723934973423
2021-08-04,0.004412434880546072,0.004412434880546072,0.0,0.0,1.1729251131389489
2021-08-05,0.0017805503521907506,0.0017805503521907506,0.0,0.0,1.175013565362242
2021-08-06,-0.002020430214281818,-0.002020430214281818,0.0,0.0,1.1726395324525931
2021-08-09,-0.004299324670924316,-0.004299324670924316,0.0,0.0,1.1675979743806186
2021-08-10,-0.004876361484283498,-0.004876361484283498,0.0,0.0,1.1619043445892216
2021-08-11,-0.002205729626070319,-0.002205729626070319,0.0,0.0,1.1593414977537013
2021-08-12,-0.004799061451305609,-0.004799061451305609,0.0,0.0,1.1537777466629326
2021-08-13,-0.005006031196612555,-0.005006031196612555,0.0,0.0,1.1480018992691807
2021-08-16,-0.012374824705094399,-0.012374824705094399,0.0,0.0,1.133795577004609
2021-08-17,0.001683386863939395,0.001683386863939395,0.0,0.0,1.1357041935853314
2021-08-18,0.005885011930422283,0.005885011930422283,0.0,0.0,1.1423878263140117
2021-08-19,-0.014903767417903353,-0.014903767417903353,0.0,0.0,1.1253619438495834
2021-08-20,-0.0021037955082052234,-0.0021037955082052234,0.0,0.0,1.1229944124470075
2021-08-23,0.005914906852865772,0.005914906852865772,0.0,0.0,1.12963681979292
2021-08-24,0.007328926247008549,0.007328926247008549,0.0,0.0,1.1379158447310878
2021-08-25,0.0021765348454847325,0.0021765348454847325,0.0,0.0,1.1403925582183743
2021-08-26,-0.0028052626446988652,-0.0028052626446988652,0.0,0.0,1.1371934575745117
2021-08-27,0.014009040329580573,0.014009040329580573,0.0,0.0,1.153124446584208
2021-08-30,0.013605023749505802,0.013605023749505802,0.0,0.0,1.168812732066122
2021-08-31,0.0013516247141365997,0.0013516247141365997,0.0,0.0,1.17039252824098
2021-09-01,-0.006351063006148042,-0.006351063006148042,0.0,0.0,1.1629592915521965
2021-09-02,-0.009523272539588599,-0.009523272539588599,0.0,0.0,1.151884113266298
2021-09-03,0.008197576743485962,0.008197576743485962,0.0,0.0,1.1613267716844007
2021-09-06,-0.006568126267384023,-0.006568126267384023,0.0,0.0,1.1536990308102841
2021-09-07,-0.0022969452127247687,-0.0022969452127247687,0.0,0.0,1.1510490473445394
2021-09-08,-0.005359104467420248,-0.005359104467420248,0.0,0.0,1.1448804552526954
2021-09-09,-0.0015111686147974653,-0.0015111686147974653,0.0,0.0,1.1431503478410225
2021-09-10,0.007501807245492864,0.007501807245492864,0.0,0.0,1.151726041403144
2021-09-13,0.0044197855269396125,0.0044197855269396125,0.0,0.0,1.1568164234919371
2021-09-14,0.0023165047038335917,0.0023165047038335917,0.0,0.0,1.159496194178428
2021-09-15,0.00020734329590107634,0.00020734329590107634,0.0,0.0,1.159736607940914
2021-09-16,0.00010539919288363331,0.00010539919288363331,0.0,0.0,1.1598588432433485
2021-09-17,-0.004351033108025175,-0.004351033108025175,0.0,0.0,1.154812259015761
2021-09-22,-0.0122624371705998,-0.0122624371705998,0.0,0.0,1.1406514462457418
2021-09-23,0.006547646894837684,0.006547646894837684,0.0,0.0,1.1481200291458449
2021-09-24,0.0034152882826695755,0.0034152882826695755,0.0,0.0,1.152041190028485
2021-09-27,0.0031273845026947313,0.0031273845026947313,0.0,0.0,1.1556440657926461
2021-09-28,-0.0012758443714748907,-0.0012758443714748907,0.0,0.0,1.1541696438158762
2021-09-29,-0.006888547518058053,-0.006888547518058053,0.0,0.0,1.1462190913805503
2021-09-30,0.0017993322797074842,0.0017993322797074842,0.0,0.0,1.1482815203912882
2021-10-01,-0.012652584462383308,-0.012652584462383308,0.0,0.0,1.1337527914679435
2021-10-04,-0.0021877046111948924,-0.0021877046111948924,0.0,0.0,1.131272475258094
2021-10-05,0.002124618546718908,0.002124618546718908,0.0,0.0,1.13367599774042
2021-10-06,0.002309489679106341,0.002309489679106341,0.0,0.0,1.136294210756652
2021-10-07,0.008937157402375018,0.008937157402375018,0.0,0.0,1.1464494509735919
2021-10-08,-0.0015795781111716362,-0.0015795781111716362,0.0,0.0,1.1446385445152694
2021-10-12,-0.003841749896092935,-0.003841749896092935,0.0,0.0,1.140241129505814
2021-10-13,-0.0018379463851914421,-0.0018379463851914421,0.0,0.0,1.138145427443592
2021-10-14,-0.002514160433048233,-0.002514160433048233,0.0,0.0,1.1352839472428586
2021-10-15,0.008888198505328734,0.008888198505328734,0.0,0.0,1.1453745763258663
2021-10-18,0.0028364422859059758,0.0028364422859059758,0.0,0.0,1.1486233652073585
2021-10-19,0.0018333541324057428,0.0018333541324057428,0.0,0.0,1.1507291986005392
2021-10-20,-0.00014187845658513066,-0.00014187845658513066,0.0,0.0,1.1505659349178945
2021-10-21,0.0006504961096538645,0.0006504961096538645,0.0,0.0,1.151314373582459
2021-10-22,0.0001854907914718978,0.0001854907914718978,0.0,0.0,1.1515279317968476
2021-10-25,0.0019385716214544322,0.0019385716214544322,0.0,0.0,1.153760251166741
2021-10-26,0.005735426611351813,0.005735426611351813,0.0,0.0,1.1603775584144027
2021-10-27,0.0008089313006048089,0.0008089313006048089,0.0,0.0,1.1613162241419235
2021-10-28,0.0010306925325476294,0.0010306925325476294,0.0,0.0,1.162513184102073
2021-10-29,-0.0031798816641627945,-0.0031798816641627945,0.0,0.0,1.1588165297435993
2021-11-01,0.0005814396371081924,0.0005814396371081924,0.0,0.0,1.1594903116061284
2021-11-02,-0.0010304105531571766,-0.0010304105531571766,0.0,0.0,1.1582955605527658
2021-11-03,0.0045595791641031055,0.0045595791641031055,0.0,0.0,1.1635769008565353
2021-11-04,4.920257613434545e-06,4.920257613434545e-06,0.0,0.0,1.1635826259546405
2021-11-05,0.0038420542939815614,0.0038420542939815614,0.0,0.0,1.168053173579092
2021-11-08,0.003871553689705471,0.003871553689705471,0.0,0.0,1.1725753541530342
2021-11-09,0.00039707040126831894,0.00039707040126831894,0.0,0.0,1.1730409491194251
2021-11-10,0.0025236870026227073,0.0025236870026227073,0.0,0.0,1.1760013373162619
2021-11-11,0.0011254837435452475,0.0011254837435452475,0.0,0.0,1.1773249077037988
2021-11-12,0.007898041128116389,0.007898041128116389,0.0,0.0,1.1866234682459993
2021-11-15,0.004211048673512516,0.004211048673512516,0.0,0.0,1.1916203974279154
2021-11-16,0.0016034495809338438,0.0016034495809338438,0.0,0.0,1.1935311006548033
2021-11-17,0.012299913468636637,0.012299913468636637,0.0,0.0,1.208211429914984
2021-11-18,0.0070534524918070335,0.0070534524918070335,0.0,0.0,1.2167334918359476
2021-11-19,-0.00976887491488714,-0.00976887491488714,0.0,0.0,1.2048473745494483
2021-11-22,-0.0020668959598882275,-0.0020668959598882275,0.0,0.0,1.2023570803787103
2021-11-23,-0.003623189454663375,-0.003623189454663375,0.0,0.0,1.1980007128843424
2021-11-24,0.005800303819188493,0.005800303819188493,0.0,0.0,1.204949480994676
2021-11-25,0.0002503913026118253,0.0002503913026118253,0.0,0.0,1.2052511898648035
2021-11-26,-0.015382481159122975,-0.015382481159122975,0.0,0.0,1.1867114361446975
2021-11-29,-0.005880433942979123,-0.005880433942979123,0.0,0.0,1.1797330579350709
2021-11-30,-0.000667008083505518,-0.000667008083505518,0.0,0.0,1.1789461664490495
2021-12-01,0.01046255243928705,0.01046255243928705,0.0,0.0,1.191280952538619
2021-12-02,-0.0006054283774001613,-0.0006054283774001613,0.0,0.0,1.1905597172444957
2021-12-03,0.003593071662237331,0.003593071662237331,0.0,0.0,1.1948374836267284
2021-12-06,0.005303224192583887,0.005303224192583887,0.0,0.0,1.2011739746761037
2021-12-07,0.0073851038906870645,0.0073851038906870645,0.0,0.0,1.2100447692698764
2021-12-08,0.0014803537022521683,0.0014803537022521683,0.0,0.0,1.2118360635239558
2021-12-09,0.0044029043994201315,0.0044029043994201315,0.0,0.0,1.2171716618594213
2021-12-10,-0.0008563007470055827,-0.0008563007470055827,0.0,0.0,1.216129396856137
2021-12-13,-0.003637636740571409,-0.003637636740571409,0.0,0.0,1.2117055598808444
2021-12-14,-0.006664788091466105,-0.006664788091466105,0.0,0.0,1.2036297990949874
2021-12-15,0.0001988749800162715,0.0001988749800162715,0.0,0.0,1.2038691709472296
2021-12-16,0.00410202105166097,0.00410202105166097,0.0,0.0,1.2088074676299008
2021-12-17,0.004945512351637405,0.004945512351637405,0.0,0.0,1.2147856398918158
2021-12-20,-0.006048362028771448,-0.006048362028771448,0.0,0.0,1.2074381765543973
2021-12-21,0.005462037655318702,0.005462037655318702,0.0,0.0,1.214033249341207
2021-12-22,0.000150300934214898,0.000150300934214898,0.0,0.0,1.214215719672751
2021-12-23,0.004260118827225391,0.004260118827225391,0.0,0.0,1.219388422920442
2021-12-24,0.0018622871388007953,0.0018622871388007953,0.0,0.0,1.2216592742976493
2021-12-27,0.002328742457293387,0.002328742457293387,0.0,0.0,1.2245042041180523
2021-12-28,0.005977773743052648,0.005977773743052648,0.0,0.0,1.2318240131976868
2021-12-29,0.005782038326755009,0.005782038326755009,0.0,0.0,1.238946466853813
2021-12-30,-0.0016515394472739172,-0.0016515394472739172,0.0,0.0,1.2369002978907433
2022-01-03,-0.00514247396197026,-0.00514247396197026,0.0,0.0,1.230539570315287
2022-01-04,0.001652993005398512,0.001652993005398512,0.0,0.0,1.2325736436178845
2022-01-05,0.002995115846094729,0.002995115846094729,0.0,0.0,1.2362653444693632
2022-01-06,0.002861039935972829,0.002861039935972829,0.0,0.0,1.2398023489913492
2022-01-07,0.0008055293304227273,0.0008055293304227273,0.0,0.0,1.2408010461473888
2022-01-10,0.0044238562540328315,0.0044238562540328315,0.0,0.0,1.2462901716153985
2022-01-11,0.011505953618177606,0.011505953618177606,0.0,0.0,1.260629928524796
2022-01-12,0.0029617841900497367,0.0029617841900497367,0.0,0.0,1.2643636423166043
2022-01-13,0.012856362725741291,0.012856362725741291,0.0,0.0,1.2806187599194658
2022-01-14,-0.006672256607510234,-0.006672256607510234,0.0,0.0,1.2720741429368916
2022-01-17,-0.0023929209789603847,-0.0023929209789603847,0.0,0.0,1.2690301700334647
2022-01-18,0.004684894435009866,0.004684894435009866,0.0,0.0,1.2749754424149142
2022-01-19,-0.004210378718111021,-0.004210378718111021,0.0,0.0,1.2696073129460563
2022-01-20,-0.0006929506093124125,-0.0006929506093124125,0.0,0.0,1.268727537784963
2022-01-21,-0.011680658892410996,-0.011680658892410996,0.0,0.0,1.2539079641886883
2022-01-24,-0.002948538968680032,-0.002948538968680032,0.0,0.0,1.2502107676931398
2022-01-25,-0.0078513005540167,-0.0078513005540167,0.0,0.0,1.240394987200113
2022-01-26,0.0019397612487164761,0.0019397612487164761,0.0,0.0,1.242801057329386
2022-02-07,0.021640969401649893,0.021640969401649893,0.0,0.0,1.2696964769833894
2022-02-08,0.00917037860504545,0.00917037860504545,0.0,0.0,1.2813400743908194
2022-02-09,0.00796465589939878,0.00796465589939878,0.0,0.0,1.2915455071734525
2022-02-10,0.002870500656733582,0.002870500656733582,0.0,0.0,1.2952528893999953
2022-02-11,-0.002175416360590926,-0.002175416360590926,0.0,0.0,1.2924351750732919
2022-02-14,-0.009228799742826517,-0.009228799742826517,0.0,0.0,1.2805075496619556
2022-02-15,-0.003741589489514169,-0.003741589489514169,0.0,0.0,1.2757164160728969
2022-02-16,0.008112478999063533,0.008112478999063533,0.0,0.0,1.286065638707049
2022-02-17,0.003629217680824969,0.003629217680824969,0.0,0.0,1.2907330508617463
2022-02-18,0.00037818120622832565,0.00037818120622832565,0.0,0.0,1.2912211818438397
2022-02-21,0.003367494856614954,0.003367494856614954,0.0,0.0,1.2955693625324511
2022-02-22,-0.008247477874068473,-0.008247477874068473,0.0,0.0,1.2848841828806439
2022-02-23,0.004082693001318024,0.004082693001318024,0.0,0.0,1.290129970541595
2022-02-24,-0.01661211458416949,-0.01661211458416949,0.0,0.0,1.2686981836424869
2022-02-25,-0.0017610357035001789,-0.0017610357035001789,0.0,0.0,1.2664639608441266
2022-03-01,0.011753871752265785,0.011753871752265785,0.0,0.0,1.281349815818755
2022-03-02,0.002104780212408404,0.002104780212408404,0.0,0.0,1.2840467755562635
2022-03-03,0.0018969944820194983,0.0018969944820194983,0.0,0.0,1.2864826052041487
2022-03-04,-0.009232995608212481,-0.009232995608212481,0.0,0.0,1.2746045169602571
2022-03-07,-0.022106555573324155,-0.022106555573324155,0.0,0.0,1.246427401372065
2022-03-08,-0.012612272267209028,-0.012612272267209028,0.0,0.0,1.2307071196246506
2022-03-09,0.004273987295170485,0.004273987295170485,0.0,0.0,1.2359671462180022
2022-03-10,0.02260639613082149,0.02260639613082149,0.0,0.0,1.263907909130087
2022-03-11,-0.003950957057036882,-0.003950957057036882,0.0,0.0,1.258914263257065
2022-03-14,0.00487737470412227,0.00487737470412227,0.0,0.0,1.2650544598393336
2022-03-15,-0.0011819362678106217,-0.0011819362678106217,0.0,0.0,1.263559246092494
2022-03-16,0.010035082398826813,0.010035082398826813,0.0,0.0,1.2762391672428317
2022-03-17,0.011422791730186642,0.011422791730186642,0.0,0.0,1.2908173814481534
2022-03-18,0.006292739349459677,0.006292739349459677,0.0,0.0,1.2989401587773586
2022-03-21,0.0005669346603546589,0.0005669346603546589,0.0,0.0,1.299676572975096
2022-03-22,0.003525589643342452,0.003525589643342452,0.0,0.0,1.3042586992404719
2022-03-23,0.010428765902666415,0.010428765902666415,0.0,0.0,1.317860507891367
2022-03-24,0.0013829137051398022,0.0013829137051398022,0.0,0.0,1.3196829952491924
2022-03-25,-0.003748391138727573,-0.003748391138727573,0.0,0.0,1.314736307203871
2022-03-28,0.0020943709504148006,0.0020943709504148006,0.0,0.0,1.3174898527331345
2022-03-29,-0.0024812194684755047,-0.0026995563527476545,0.20793988978299976,0.00021833688427214974,1.3139332146315081
2022-03-30,0.008902563737873537,0.008902563737873537,0.0,0.0,1.325630588822074
2022-03-31,0.0058029382138312605,0.0058029382138312605,0.0,0.0,1.3333231412233733
2022-04-01,0.0031697363828787793,0.0031697363828787793,0.0,0.0,1.3375494240942434
2022-04-06,0.013999239362153372,0.013999239362153372,0.0,0.0,1.356274098640849
2022-04-07,-0.014886741709115713,-0.014886741709115713,0.0,0.0,1.336083596447619
2022-04-08,0.012043825112313947,0.012043825112313947,0.0,0.0,1.3521751536186657
2022-04-11,-0.0036831352029236576,-0.0036831352029236576,0.0,0.0,1.3471949097098541
2022-04-12,-0.006140454833898593,-0.006140454833898593,0.0,0.0,1.3389225202143227
2022-04-13,0.007339705084651014,0.007339705084651014,0.0,0.0,1.3487498166438936
2022-04-14,-0.01516089877805103,-0.01516089877805103,0.0,0.0,1.3283015571968406
2022-04-15,-0.004887485046457433,-0.004887485046457433,0.0,0.0,1.321809503198855
2022-04-18,-0.013960628556983906,-0.013960628556983906,0.0,0.0,1.3033562117016044
2022-04-19,0.0007509863559410348,0.0007509863559410348,0.0,0.0,1.3043350144335233
2022-04-20,0.00867761539839365,0.00867761539839365,0.0,0.0,1.3156535320394356
2022-04-21,-0.006269979903538501,-0.006269979903538501,0.0,0.0,1.3074044108335288
2022-04-22,0.004796234638205463,0.004796234638205463,0.0,0.0,1.3136750291549113
2022-04-25,-0.014979719725879,-0.014979719725879,0.0,0.0,1.2939965454072848
2022-04-26,0.010958105534801577,0.010958105534801577,0.0,0.0,1.3081762961135266
2022-04-27,-0.013299498258245942,-0.013299498258245942,0.0,0.0,1.2907782077418861
2022-04-28,0.003452278910725102,0.003452278910725102,0.0,0.0,1.295234334126897
2022-04-29,0.006158757575433083,0.006158757575433083,0.0,0.0,1.3032113683941622
2022-05-03,-0.007734513339142525,-0.007734513339142525,0.0,0.0,1.2931316626815954
2022-05-04,-0.0007967059402459544,-0.0007967059402459544,0.0,0.0,1.292101417004417
2022-05-05,-0.004895039007139841,-0.004895039007139841,0.0,0.0,1.2857765301669997
2022-05-06,-0.010842586244725097,-0.010842586244725097,0.0,0.0,1.2718353872472206
2022-05-09,-0.026997427672590828,-0.026997427672590828,0.0,0.0,1.2374991033685723
2022-05-10,0.0007987372056150884,0.0007987372056150884,0.0,0.0,1.238487539944348
2022-05-11,-0.007028610148342782,-0.007028610148342782,0.0,0.0,1.2297826938524992
2022-05-12,-0.024577148333110945,-0.024577148333110945,0.0,0.0,1.1995581421681936
2022-05-13,0.00474687580348629,0.00474687580348629,0.0,0.0,1.2052522956881269
2022-05-16,-0.0020335960752515866,-0.0020335960752515866,0.0,0.0,1.2028012993499275
2022-05-17,-0.0012171459973405962,-0.0012171459973405962,0.0,0.0,1.2013373145628277
2022-05-18,0.023170469635442417,0.023170469635442417,0.0,0.0,1.2291728643318296
2022-05-19,-0.017634250176666748,-0.017634250176666748,0.0,0.0,1.207497322531832
2022-05-20,0.0066992883275948855,0.0066992883275948855,0.0,0.0,1.2155866952502716
2022-05-23,0.00016627454314669933,0.00016627454314669933,0.0,0.0,1.2157888163726798
2022-05-24,-0.003438325655314131,-0.003438325655314131,0.0,0.0,1.2116085384939017
2022-05-25,0.0035876621237105064,0.0035876621237105064,0.0,0.0,1.2159553805562207
2022-05-26,-0.0010515503157137321,-0.0010515503157137321,0.0,0.0,1.214676742291903
2022-05-27,0.011752609137363928,0.011752609137363928,0.0,0.0,1.228952363272306
2022-05-30,0.0153929748052689,0.0153929748052689,0.0,0.0,1.2478695960370323
2022-05-31,0.005025206830950135,0.005025206830950135,0.0,0.0,1.2541403988551727
2022-06-01,-0.009530240085889105,-0.009530240085889105,0.0,0.0,1.2421881397526702
2022-06-02,-0.0035284179328808687,-0.0035284179328808687,0.0,0.0,1.2378051808443549
2022-06-06,0.006322016260251322,0.006322016260251322,0.0,0.0,1.2456306053246762
2022-06-07,-0.004674959399998878,-0.004674959399998878,0.0,0.0,1.2398073328173873
2022-06-08,0.004020760516453985,0.004020760516453985,0.0,0.0,1.2447923011891895
2022-06-09,-0.006301479568797581,-0.006301479568797581,0.0,0.0,1.2369482679358492
2022-06-10,-0.006250782610665808,-0.006250782610665808,0.0,0.0,1.2292163732123427
2022-06-13,-0.012739513336207266,-0.012739513336207266,0.0,0.0,1.2135567548327197
2022-06-14,0.004786458520249901,0.004786458520249901,0.0,0.0,1.2193653939016957
2022-06-15,-0.00023661879057088563,-0.00023661879057088563,0.0,0.0,1.2190768691369267
2022-06-16,-0.0050625499985310005,-0.0050625499985310005,0.0,0.0,1.2129052315348685
2022-06-17,-0.010110661258386276,-0.010110661258386276,0.0,0.0,1.200641957600295
2022-06-20,-0.01566914014405139,-0.01566914014405139,0.0,0.0,1.1818289305038276
2022-06-21,0.025562630489374332,0.025562630489374332,0.0,0.0,1.2120395867559495
2022-06-22,-0.012996544711998683,-0.012996544711998683,0.0,0.0,1.1962872600739634
2022-06-23,0.001353342107666291,0.001353342107666291,0.0,0.0,1.1979062459958862
2022-06-24,0.009188008505423471,0.009188008505423471,0.0,0.0,1.2089126187727963
2022-06-27,0.0026347128906211857,0.0026347128906211857,0.0,0.0,1.2120977564331117
2022-06-28,-0.005590691202228325,-0.005590691202228325,0.0,0.0,1.2053212921699803
2022-06-29,-0.0054706072265674095,-0.0054706072265674095,0.0,0.0,1.1987274527986995
2022-06-30,-0.020499893464029948,-0.020499893464029948,0.0,0.0,1.1741536677239182
2022-07-01,-0.013515449639106052,-0.013515449639106052,0.0,0.0,1.158284452959224
2022-07-04,-0.0021894497016293245,-0.0021894497016293245,0.0,0.0,1.1557484474092905
2022-07-05,0.005252926842111981,0.005252926842111981,0.0,0.0,1.161819509451416
2022-07-06,-0.021788920716178502,-0.021788920716178502,0.0,0.0,1.1365047162734698
2022-07-07,0.003850290568598941,0.003850290568598941,0.0,0.0,1.1408805896637058
2022-07-08,-0.0017606222612775227,-0.0017606222612775227,0.0,0.0,1.1388719299000845
2022-07-11,-0.01103631291497168,-0.01103631291497168,0.0,0.0,1.1263029829116296
2022-07-12,-0.020154333617135537,-0.020154333617135537,0.0,0.0,1.1036030968400536
2022-07-13,0.02403344661040126,0.02403344661040126,0.0,0.0,1.1301264829470326
2022-07-14,-0.006029647705889204,-0.006029647705889204,0.0,0.0,1.1233122183917663
2022-07-15,-0.01316455330313685,-0.01316455330313685,0.0,0.0,1.108524314816683
2022-07-18,0.0130489202197819,0.0130489202197819,0.0,0.0,1.1229893601624144
2022-07-19,-0.0007132588659224799,-0.0007132588659224799,0.0,0.0,1.122188378044942
2022-07-20,-0.0024321526781991617,-0.0024321526781991617,0.0,0.0,1.119459044575836
2022-07-21,0.006513492930356462,0.006513492930356462,0.0,0.0,1.1267506331485042
2022-07-22,0.003952426958243913,0.003952426958243913,0.0,0.0,1.1312040327261788
2022-07-25,0.0071129232712710145,0.0071129232712710145,0.0,0.0,1.1392502002151124
2022-07-26,-0.0016246772186405826,-0.0016246772186405826,0.0,0.0,1.1373992863684912
2022-07-27,0.004493072923416375,0.004493072923416375,0.0,0.0,1.1425097043051864
2022-07-28,-0.001227770364946139,-0.001227770364946139,0.0,0.0,1.1411069647485772
2022-07-29,-0.0003185959679818197,-0.0003185959679818197,0.0,0.0,1.1407434126705724
2022-08-01,0.0028351052486982288,0.0028351052486982288,0.0,0.0,1.1439775403072525
2022-08-02,-0.004951299078988897,-0.004951299078988897,0.0,0.0,1.1383133653655453
2022-08-03,-0.003389322646031593,-0.003389322646031593,0.0,0.0,1.1344552540980313
2022-08-04,-0.006240226247835919,-0.006240226247835919,0.0,0.0,1.1273759966444135
2022-08-05,0.012186053764875634,0.012186053764875634,0.0,0.0,1.1411142611527525
2022-08-08,0.0048103707233300656,0.0048103707233300656,0.0,0.0,1.146603443786576
2022-08-09,0.007906458396216145,0.007906458396216145,0.0,0.0,1.1556690162118326
2022-08-10,0.0008636127382410986,0.0008636127382410986,0.0,0.0,1.1566670666954237
2022-08-11,0.010434850887169066,0.010434850887169066,0.0,0.0,1.1687367150624897
2022-08-12,-0.0013732053963238931,-0.0013732053963238931,0.0,0.0,1.167131799498484
2022-08-15,7.07794806696512e-05,7.07794806696512e-05,0.0,0.0,1.1672144084811256
2022-08-16,0.0019029959293745805,0.0019029959293745805,0.0,0.0,1.1694356127491725
2022-08-17,0.004712479389163272,0.004712479389163272,0.0,0.0,1.1749465539712065
2022-08-18,-0.003458263614308295,-0.003458263614308295,0.0,0.0,1.170883279054851
2022-08-19,0.0016897100721544375,0.0016897100721544375,0.0,0.0,1.1728617323247872
2022-08-22,-0.003138080253430563,-0.003138080253430563,0.0,0.0,1.1691811980825744
2022-08-23,-0.010977253348213136,-0.010977253348213136,0.0,0.0,1.1563467998612547
2022-08-24,-0.004325496452823901,-0.004325496452823901,0.0,0.0,1.1513450258802205
2022-08-25,0.005985514708424864,0.005985514708424864,0.0,0.0,1.1582364184670983
2022-08-26,0.0039504433256373934,0.0039504433256373934,0.0,0.0,1.162811965795942
2022-08-29,-0.012901770035183308,-0.012901770035183308,0.0,0.0,1.1478096332190832
2022-08-30,0.0017933591270184726,0.0017933591270184726,0.0,0.0,1.1498680681008964
2022-08-31,0.0054922475476152505,0.0054922475476152505,0.0,0.0,1.1561834281780048
2022-09-01,-0.012557475793395853,-0.012557475793395853,0.0,0.0,1.141664682765934
2022-09-02,-0.005651253696849049,-0.005651253696849049,0.0,0.0,1.135212846006891
2022-09-05,0.005196403985988179,0.005196403985988179,0.0,0.0,1.1411118705648262
2022-09-06,0.0026226015698632456,0.0026226015698632456,0.0,0.0,1.144104552347959
2022-09-07,-0.013826836604417131,-0.013826836604417131,0.0,0.0,1.128285205644274
2022-09-08,0.01326898035979783,0.01326898035979783,0.0,0.0,1.1432563998782184
2022-09-12,0.00834286428749278,0.00834286428749278,0.0,0.0,1.1527944328682098
2022-09-13,-0.00019178023665870133,-0.00019178023665870133,0.0,0.0,1.1525733496790556
2022-09-14,-0.013343769399020995,-0.013343769399020995,0.0,0.0,1.137193676685481
2022-09-15,0.005628964911020556,0.005628964911020556,0.0,0.0,1.143594899988578
2022-09-16,-0.0037251556223960795,-0.0037251556223960795,0.0,0.0,1.1393348310171423
2022-09-19,-0.006472887954446873,-0.006472887954446873,0.0,0.0,1.1319600443133697
2022-09-20,0.0023536430501807674,0.0023536430501807674,0.0,0.0,1.13462427420475
2022-09-21,-0.006217787254509351,-0.006217787254509351,0.0,0.0,1.127569421853943
2022-09-22,-0.014265147796419877,-0.014265147796419877,0.0,0.0,1.1114844774004728
2022-09-23,-0.001641962959462537,-0.001641962959462537,0.0,0.0,1.1096594610585637
2022-09-26,-0.01719821486534178,-0.01719821486534178,0.0,0.0,1.0905752992199191
2022-09-27,-0.0011120512667023236,-0.0011120512667023236,0.0,0.0,1.0893625235769873
2022-09-28,-0.014178185115395795,-0.014178185115395795,0.0,0.0,1.073917340059938
2022-09-29,0.007135615021909108,0.007135615021909108,0.0,0.0,1.0815804007639582
2022-09-30,-0.008511507446591845,-0.008511507446591845,0.0,0.0,1.072374521128768
2022-10-03,-0.013920404242293962,-0.013920404242293962,0.0,0.0,1.057446634295519
2022-10-04,0.007519808566982983,0.007519808566982983,0.0,0.0,1.0653984305552218
2022-10-05,0.0050600943449019544,0.0050600943449019544,0.0,0.0,1.0707894471287416
2022-10-06,0.005584872777662385,0.005584872777662385,0.0,0.0,1.076769669962619
2022-10-07,-0.0057776943606493245,-0.0057776943606493245,0.0,0.0,1.0705484239127578
2022-10-11,-0.020336695569063805,-0.020336695569063805,0.0,0.0,1.048777006523703
2022-10-12,0.006092511541585483,0.006092511541585483,0.0,0.0,1.055166692540498
2022-10-13,-0.022675969510664452,-0.022675969510664452,0.0,0.0,1.0312397647917813
2022-10-14,0.0026623963981142204,0.0026623963981142204,0.0,0.0,1.0339853338271552
2022-10-17,-0.0030804774159055247,-0.0030804774159055247,0.0,0.0,1.030800165357923
2022-10-18,0.006068668941269129,0.006068668941269129,0.0,0.0,1.037055750306086
2022-10-19,-0.008677282223107739,-0.008677282223107739,0.0,0.0,1.0280569248795834
2022-10-20,0.0008155923740226154,0.0008155923740226154,0.0,0.0,1.0288954002675763
2022-10-21,0.0010182752501870923,0.0010182752501870923,0.0,0.0,1.0299430989887002
2022-10-24,-0.0009360380764783507,-0.0009360380764783507,0.0,0.0,1.0289790330314406
2022-10-25,0.0050906461192791914,0.0050906461192791914,0.0,0.0,1.0342172011527617
2022-10-26,0.005914767464043435,0.005914767464043435,0.0,0.0,1.040334355404894
2022-10-27,-0.0026836835639944623,-0.0026836835639944623,0.0,0.0,1.037542427194235
2022-10-28,-0.00406724137707748,-0.00406724137707748,0.0,0.0,1.0333224917038772
2022-10-31,0.0037377765706277464,0.0037377765706277464,0.0,0.0,1.0371848203032705
2022-11-01,0.009103834157752766,0.009103834157752766,0.0,0.0,1.04662717889825
2022-11-02,-0.0027669892516317732,-0.0027669892516317732,0.0,0.0,1.0437311727437728
2022-11-03,-0.005221102430999467,-0.005221102430999467,0.0,0.0,1.0382817453804503
2022-11-04,0.00904812695584819,0.00904812695584819,0.0,0.0,1.0476762504285924
2022-11-07,0.009637968365767057,0.009637968365767057,0.0,0.0,1.0577737209877884
2022-11-08,0.006510235333166081,0.006510235333166081,0.0,0.0,1.0646600768406578
2022-11-09,0.008701555900393796,0.008701555900393796,0.0,0.0,1.0739242760142043
2022-11-10,-0.007077103091611479,-0.007077103091611479,0.0,0.0,1.0663240032002674
2022-11-11,0.023546574403429655,0.023546574403429655,0.0,0.0,1.0914322806797854
2022-11-14,0.00868608773619003,0.00868608773619003,0.0,0.0,1.10091255722788
2022-11-15,0.0027619446999183114,0.0027619446999183114,0.0,0.0,1.103953216830389
2022-11-16,-0.008907695588016578,-0.008907695588016578,0.0,0.0,1.094119537631452
2022-11-17,-0.003258587166748786,-0.003258587166748786,0.0,0.0,1.0905542537472372
2022-11-18,-0.003981464455575356,-0.003981464455575356,0.0,0.0,1.0862122507490661
2022-11-21,-0.0013843680346002315,-0.0013843680346002315,0.0,0.0,1.0847085332303381
2022-11-22,0.003639078459224045,0.003639078459224045,0.0,0.0,1.088655872688153
2022-11-23,0.007359844505195567,0.007359844505195567,0.0,0.0,1.0966682106308059
2022-11-24,0.008305542020007932,0.008305542020007932,0.0,0.0,1.105776634536207
2022-11-25,0.00027937640772284574,0.00027937640772284574,0.0,0.0,1.1060855624401076
2022-11-28,-0.004213902125095159,-0.004213902125095159,0.0,0.0,1.101424626138004
2022-11-29,0.013196335054321408,0.013196335054321408,0.0,0.0,1.1159593945416018
2022-11-30,0.012089683242362918,0.012089683242362918,0.0,0.0,1.1294509901329488
2022-12-01,-0.002195229215359507,-0.002195229215359507,0.0,0.0,1.1269715863220922
2022-12-02,-0.003923731267948209,-0.003923731267948209,0.0,0.0,1.122549652670751
2022-12-05,0.0005561117156650254,0.0005561117156650254,0.0,0.0,1.1231739156840168
2022-12-06,-0.01040919666740557,-0.01040919666740557,0.0,0.0,1.1114825775039618
2022-12-07,0.0033722875241695947,0.0033722875241695947,0.0,0.0,1.1152308163334101
2022-12-08,-0.003194068565142749,-0.003194068565142749,0.0,0.0,1.1116686926400812
2022-12-09,0.004949831109757029,0.004949831109757029,0.0,0.0,1.117171264918654
2022-12-12,-0.00031006582190385866,-0.00031006582190385866,0.0,0.0,1.1168248682921897
2022-12-13,-0.00797825448027676,-0.00797825448027676,0.0,0.0,1.1079145552830532
2022-12-14,0.009463227748352728,0.009463227748352728,0.0,0.0,1.1183990030454114
2022-12-15,-0.0008373742910962703,-0.0008373742910962703,0.0,0.0,1.1174624844730734
2022-12-16,-0.009185785380798145,-0.009185785380798145,0.0,0.0,1.1071977139196103
2022-12-19,-0.0012123949788730892,-0.0012123949788730892,0.0,0.0,1.1058553529706345
2022-12-20,-0.008906613277491737,-0.008906613277491737,0.0,0.0,1.0960059270008808
2022-12-21,0.00019247527586192987,0.00019247527586192987,0.0,0.0,1.0962168810440267
2022-12-22,0.014981987710707134,0.014981987710707134,0.0,0.0,1.112640388884098
2022-12-23,-0.007439356646988913,-0.007439356646988913,0.0,0.0,1.1043630602113448
2022-12-26,0.0031696570706621534,0.0031696570706621534,0.0,0.0,1.1078635123937217
2022-12-27,0.0024344330704492855,0.0024344330704492855,0.0,0.0,1.1105605319658371
2022-12-28,-0.0063371755187841584,-0.0063371755187841584,0.0,0.0,1.1035227149505353
2022-12-29,-0.004409336898340407,-0.004409336898340407,0.0,0.0,1.098656911525347
2022-12-30,0.004388048029659814,0.004388048029659814,0.0,0.0,1.103477870821238
2023-01-03,0.00039040573010959374,0.00039040573010959374,0.0,0.0,1.1039086749050557
2023-01-04,0.001491002923230226,0.001491002923230226,0.0,0.0,1.1055546059663184
2023-01-05,0.006376515310308922,0.006376515310308922,0.0,0.0,1.1126041918376453
2023-01-06,0.0031759940275958047,0.0031759940275958047,0.0,0.0,1.1161378161059996
2023-01-09,0.01784757677878214,0.01784757677878214,0.0,0.0,1.1360581714746538
2023-01-10,0.0006147427199208881,0.0006147427199208881,0.0,0.0,1.1367565549649743
2023-01-11,-0.008200211249348143,-0.008200211249348143,0.0,0.0,1.1274349110751802
2023-01-12,-0.004952297603973645,-0.004952297603973645,0.0,0.0,1.1218515178664263
2023-01-13,0.0020002336586725823,0.0020002336586725823,0.0,0.0,1.1240954830324958
2023-01-16,0.0073760292443818,0.0073760292443818,0.0,0.0,1.1323868441888212
2023-01-17,0.00012890741945129647,0.00012890741945129647,0.0,0.0,1.1325328172547262
2023-01-30,0.019171718924986886,0.019171718924986886,0.0,0.0,1.1542454181004573
2023-01-31,-0.015794089085019874,-0.015794089085019874,0.0,0.0,1.1360151631410027
2023-02-01,0.0063689875365816944,0.0063689875365816944,0.0,0.0,1.1432504295564156
2023-02-02,0.0028242337362840413,0.0028242337362840413,0.0,0.0,1.14647923598859
2023-02-03,-0.0015527104149530868,-0.0015527104149530868,0.0,0.0,1.144699085738343
2023-02-06,-0.00507564143723233,-0.00507564143723233,0.0,0.0,1.1388890036256074
2023-02-07,0.0022243239601396807,0.0022243239601396807,0.0,0.0,1.1414222617243113
2023-02-08,0.00017419164306678686,0.00017419164306678686,0.0,0.0,1.141621087943514
2023-02-09,-0.00014080664019495048,-0.00014080664019495048,0.0,0.0,1.1414603401137449
2023-02-10,-0.0003757598511158794,-0.0003757598511158794,0.0,0.0,1.141031425146289
2023-02-13,0.006266087035569532,0.006266087035569532,0.0,0.0,1.1481812273665755
2023-02-14,0.004053111146768525,0.004053111146768525,0.0,0.0,1.1528349334977253
2023-02-15,-0.005754164804196498,-0.005754164804196498,0.0,0.0,1.1462013312983443
2023-02-16,0.005019588254397278,0.005019588254397278,0.0,0.0,1.151954790038104
2023-02-17,0.004438743720523964,0.004438743720523964,0.0,0.0,1.157068022128713
2023-02-20,0.009524172703222077,0.009524172703222077,0.0,0.0,1.1680881378008425
2023-02-21,-0.005385849588461394,-0.005385849588461394,0.0,0.0,1.161796990784581
2023-02-22,-2.8907885536833965e-05,-2.8907885536833965e-05,0.0,0.0,1.1617634056901545
2023-02-23,0.004531411848434004,0.004531411848434004,0.0,0.0,1.167027834151776
2023-02-24,-0.0040906402910255,-0.0040906402910255,0.0,0.0,1.1622539430726464
2023-03-01,-0.006603233066378215,-0.006603233066378215,0.0,0.0,1.1545793094042207
2023-03-02,-0.0002863176409106211,-0.0002863176409106211,0.0,0.0,1.1542487329801079
2023-03-03,0.0029318403601502267,0.0029318403601502267,0.0,0.0,1.1576328060011112
2023-03-06,0.007704098925551619,0.007704098925551619,0.0,0.0,1.1665513236580076
2023-03-07,0.0042831452485431725,0.0042831452485431725,0.0,0.0,1.1715478324171151
2023-03-08,-0.0003990818801810462,-0.0003990818801810462,0.0,0.0,1.1710802889054321
2023-03-09,-0.006809828402065676,-0.006809828402065676,0.0,0.0,1.1631054330929447
2023-03-10,-0.011904029528079427,-0.011904029528079427,0.0,0.0,1.1492597916731366
2023-03-13,-0.0021055114553213323,-0.0021055114553213323,0.0,0.0,1.1468400120166287
2023-03-14,-0.012297826708612132,-0.012297826708612132,0.0,0.0,1.1327363722863455
2023-03-15,-0.0025796077012272857,-0.0025796077012272857,0.0,0.0,1.1298143568169354
2023-03-16,-0.011717909015550174,-0.011717909015550174,0.0,0.0,1.1165752949792922
2023-03-17,0.005861984890897594,0.005861984890897594,0.0,0.0,1.1231206424880105
2023-03-20,-0.002256261500277335,-0.002256261500277335,0.0,0.0,1.120586588622198
2023-03-21,0.005894005624244129,0.005894005624244129,0.0,0.0,1.1271913322779896
2023-03-22,0.011413958997786685,0.011413958997786685,0.0,0.0,1.1400570479272711
2023-03-23,0.0056239149275094345,0.0056239149275094345,0.0,0.0,1.1464686317773216
2023-03-24,0.0017515517146074351,0.0017515517146074351,0.0,0.0,1.1484767308750548
2023-03-27,-0.0002162727832840483,-0.0002162727832840483,0.0,0.0,1.1482283466159313
2023-03-28,-0.0020135362946470782,-0.0020135362946470782,0.0,0.0,1.1459163471654776
2023-03-29,0.00635207996127075,0.00635207996127075,0.0,0.0,1.1531952994316002
2023-03-30,-0.0004169387852970858,-0.0004169387852970858,0.0,0.0,1.1527144875842448
2023-03-31,0.0030500111904458132,0.0030500111904458132,0.0,0.0,1.1562302796707657
2023-04-06,0.0034932685604867693,0.0034932685604867693,0.0,0.0,1.1602693025554225
2023-04-07,-0.0005486457856386796,-0.0005486457856386796,0.0,0.0,1.1596327256923695
2023-04-10,0.0040894890814457685,0.0040894890814457685,0.0,0.0,1.1643750310625758
2023-04-11,0.006125561398308009,0.006125561398308009,0.0,0.0,1.1715074818060063
2023-04-12,0.0018236654880378952,0.0018236654880378952,0.0,0.0,1.173643919569554
2023-04-13,0.0005698717452848031,6.160311482853354e-05,0.4840653623393043,0.0005082686304562695,1.1737162196906992
2023-04-14,0.002204382137479575,0.002204382137479575,0.0,0.0,1.1763035387598553
2023-04-17,-0.0007002829217752357,-0.0007002829217752357,0.0,0.0,1.1754797934808379
2023-04-18,0.0015521705146407786,0.0015521705146407786,0.0,0.0,1.177304338556835
2023-04-19,-0.002271137535473973,-0.002271137535473973,0.0,0.0,1.1746305184828623
2023-04-20,-0.00670998698957374,-0.00670998698957374,0.0,0.0,1.166748762986286
2023-04-21,0.00011616077389246424,0.00011616077389246424,0.0,0.0,1.1668842934255326
2023-04-24,0.001586170756137499,0.001586170756137499,0.0,0.0,1.1687351711675604
2023-04-25,-0.005595660838337552,-0.005595660838337552,0.0,0.0,1.1621953255398705
2023-04-26,0.005279175787459805,0.005279175787459805,0.0,0.0,1.1683307589627594
2023-04-27,-0.00016884961987876344,-0.00016884961987876344,0.0,0.0,1.1681334867582158
2023-04-28,0.0027301418007505155,0.0027301418007505155,0.0,0.0,1.171322656819271
2023-05-02,0.0045144657888047494,0.0045144657888047494,0.0,0.0,1.1766105528811335
2023-05-03,-0.0019854342504505777,-0.0019854342504505777,0.0,0.0,1.1742744699900016
2023-05-04,0.004621111224574874,0.004621111224574874,0.0,0.0,1.179700922924004
2023-05-05,0.0006877385435871278,0.0006877385435871278,0.0,0.0,1.1805122487186042
2023-05-08,0.0040794441676907265,0.0040794441676907265,0.0,0.0,1.1853280825265269
2023-05-09,0.003527884297535503,0.003527884297535503,0.0,0.0,1.1895097828563002
2023-05-10,0.0012270249393386485,0.0012270249393386485,0.0,0.0,1.1909693410254523
2023-05-11,-0.0033337488075111466,-0.0033337488075111466,0.0,0.0,1.1869989484050263
2023-05-12,-0.001482155697779152,-0.001482155697779152,0.0,0.0,1.1852396311503899
2023-05-15,0.0006368311661121664,0.0006368311661121664,0.0,0.0,1.1859944286868178
2023-05-16,0.008836966830815687,0.008836966830815687,0.0,0.0,1.1964750221146554
2023-05-17,0.008984224461327971,0.008984224461327971,0.0,0.0,1.207224422275706
2023-05-18,0.003973651172208669,0.003973651172208669,0.0,0.0,1.2120215110164008
2023-05-19,0.005549750144767642,0.005549750144767642,0.0,0.0,1.2187479275726256
2023-05-22,0.00024109590967378778,0.00024109590967378778,0.0,0.0,1.2190417627128867
2023-05-23,0.0011175826429757959,0.0011175826429757959,0.0,0.0,1.2204041426279573
2023-05-24,-0.000669259228795441,-0.000669259228795441,0.0,0.0,1.2195873758926432
2023-05-25,-0.0016664587788566007,-0.0016664587788566007,0.0,0.0,1.2175549838035042
2023-05-26,0.0010759135092542936,0.0010759135092542936,0.0,0.0,1.2188649676588386
2023-05-29,0.005293082161401836,0.005293082161401836,0.0,0.0,1.2253165200763112
2023-05-30,0.0008738298675437721,0.0008738298675437721,0.0,0.0,1.2263872382487486
2023-05-31,0.0017420846682589344,0.0017420846682589344,0.0,0.0,1.2285237086538503
2023-06-01,-0.003628254398430616,-0.003628254398430616,0.0,0.0,1.2240663121043507
2023-06-02,0.007885734486220203,0.007885734486220203,0.0,0.0,1.2337189740351324
2023-06-05,0.005452425199761366,0.005452425199761366,0.0,0.0,1.2404457344585853
2023-06-06,0.00102486689695452,0.00102486689695452,0.0,0.0,1.2417170262293005
2023-06-07,0.004733231247035023,0.004733231247035023,0.0,0.0,1.2475943600578243
2023-06-08,-0.00189341474716047,-0.00189341474716047,0.0,0.0,1.2452321464980167
2023-06-09,0.0069810030831290735,0.0069810030831290735,0.0,0.0,1.2539251159519307
2023-06-12,-0.0022661599652962477,-0.0022661599652962477,0.0,0.0,1.251083521054681
2023-06-13,0.00773325184145394,0.00773325184145394,0.0,0.0,1.2607584649976897
2023-06-14,0.0006460005381304276,0.0006460005381304276,0.0,0.0,1.2615729156445306
2023-06-15,0.004224517624730368,0.004224517624730368,0.0,0.0,1.2669024526615533
2023-06-16,-0.004617136747819171,-0.004617136747819171,0.0,0.0,1.2610529907914674
2023-06-19,0.003368476144464544,0.003368476144464544,0.0,0.0,1.2653008177078542
2023-06-20,-0.002403822880576785,-0.002403822880576785,0.0,0.0,1.2622592586514354
2023-06-21,0.004393340867196814,0.004393340867196814,0.0,0.0,1.2678047938374664
2023-06-26,-0.004046183777088625,-0.004046183777088625,0.0,0.0,1.262675022648126
2023-06-27,-0.011615058909671981,-0.011615058909671981,0.0,0.0,1.2480089778762966
2023-06-28,0.0019709460739784235,0.0019709460739784235,0.0,0.0,1.2504687362715319
2023-06-29,-0.0017735117571073156,-0.0017735117571073156,0.0,0.0,1.2482510152658592
2023-06-30,-0.00532614528622149,-0.00532614528622149,0.0,0.0,1.24160264900488
2023-07-03,0.006351231237687071,0.006351231237687071,0.0,0.0,1.2494883545340347
2023-07-04,0.0024588001670615917,0.0024588001670615917,0.0,0.0,1.2525605967089044
2023-07-05,-0.00575055660886494,-0.00575055660886494,0.0,0.0,1.2453576760914962
2023-07-06,-0.013581305715151306,-0.013581305715151306,0.0,0.0,1.2284440927677873
2023-07-07,-0.008303322314375198,-0.008303322314375198,0.0,0.0,1.218243925520346
2023-07-10,0.0008877688681648716,0.0008877688681648716,0.0,0.0,1.219325444551254
2023-07-11,0.01592662784916077,0.01592662784916077,0.0,0.0,1.2387451871336344
2023-07-12,0.0060316033091969996,0.0060316033091969996,0.0,0.0,1.2462168067036015
2023-07-13,0.0035467644426307103,0.0035467644426307103,0.0,0.0,1.2506368441614266
2023-07-14,0.013931762645570712,0.013931762645570712,0.0,0.0,1.268060419830089
2023-07-17,0.009345884696653591,0.009345884696653591,0.0,0.0,1.2799115663022114
2023-07-18,0.0021911584318080155,0.0021911584318080155,0.0,0.0,1.282716055322683
2023-07-19,-0.008564397258887751,-0.008564397258887751,0.0,0.0,1.2717303654545462
2023-07-20,0.001173504165933494,0.001173504165933494,0.0,0.0,1.2732227463363512
2023-07-21,-0.0015150534857845445,-0.0015150534857845445,0.0,0.0,1.2712937457763342
2023-07-24,-0.0005817222097639346,-0.0005817222097639346,0.0,0.0,1.2705542059692823
2023-07-25,0.0071859728497842956,0.0071859728497842956,0.0,0.0,1.2796843739975567
2023-07-26,0.003514144046005578,0.003514144046005578,0.0,0.0,1.2841813692212067
2023-07-27,0.0006713277209861239,0.0006713277209861239,0.0,0.0,1.285043475773139
2023-07-28,0.0018783390562233135,0.0018783390562233135,0.0,0.0,1.2874572231226287
2023-07-31,-0.004073811253144802,-0.004073811253144802,0.0,0.0,1.282212365399129
2023-08-01,0.0031874096569757693,0.0031874096569757693,0.0,0.0,1.286299301474896
2023-08-02,-0.016974664795816184,-0.016974664795816184,0.0,0.0,1.2644648020052671
2023-08-04,0.0013596646309113167,0.0013596646309113167,0.0,0.0,1.266184050073586
2023-08-07,0.01196887299609255,0.01196887299609255,0.0,0.0,1.2813388461585946
2023-08-08,-0.003240237369816025,-0.003240237369816025,0.0,0.0,1.2771870041458746
2023-08-09,-0.00376165674676089,-0.00376165674676089,0.0,0.0,1.272382665034854
2023-08-10,-0.009938404229451157,-0.009938404229451157,0.0,0.0,1.2597372117751913
2023-08-11,-0.005550064556745158,-0.005550064556745158,0.0,0.0,1.252745588925305
2023-08-14,-0.009662166001578583,-0.009662166001578583,0.0,0.0,1.2406413530873635
2023-08-15,-0.00043128217616642006,-0.00043128217616642006,0.0,0.0,1.2401062865847619
2023-08-16,-0.004976784755806188,-0.004976784755806188,0.0,0.0,1.2339345445221073
2023-08-17,-0.0019288663268960744,-0.0019288663268960744,0.0,0.0,1.2315544497295847
2023-08-18,-0.0026704192204378813,-0.0026704192204378813,0.0,0.0,1.228265683056011
2023-08-21,0.0018156582711048555,0.0018156582711048555,0.0,0.0,1.230495793802566
2023-08-22,-0.001012217700049749,-0.001012217700049749,0.0,0.0,1.2292502641802423
2023-08-23,0.0022660682463622787,0.0022660682463622787,0.0,0.0,1.2320358291707336
2023-08-24,0.0028697229193695574,0.0028697229193695574,0.0,0.0,1.2355714306271892
2023-08-25,-0.007891240357484343,-0.007891240357484343,0.0,0.0,1.2258212394892694
2023-08-28,0.0020366507811066616,0.0020366507811066616,0.0,0.0,1.2283178092741724
2023-08-29,0.005573725718927888,0.005573725718927888,0.0,0.0,1.235164115838741
2023-08-30,0.0029736356153251364,0.0029736356153251364,0.0,0.0,1.2388370438443708
2023-08-31,-0.008369145786116583,-0.008369145786116583,0.0,0.0,1.2284690360191954
2023-09-01,0.0029895346443647537,0.0029895346443647537,0.0,0.0,1.232141586761904
2023-09-04,0.003998251423179621,0.003998251423179621,0.0,0.0,1.2370679986147337
2023-09-05,0.00015920096091393964,0.00015920096091393964,0.0,0.0,1.237264941028829
2023-09-06,-0.0018451869091415964,-0.0018451869091415964,0.0,0.0,1.2349819559565027
2023-09-07,-0.001443031510594253,-0.001443031510594253,0.0,0.0,1.2331998380790423
2023-09-08,0.0010035653222400188,0.0010035653222400188,0.0,0.0,1.2344374346719305
2023-09-11,-0.0029774629347244165,-0.0029774629347244165,0.0,0.0,1.2307619429649586
2023-09-12,0.006323633260246089,0.006323633260246089,0.0,0.0,1.238544830122937
2023-09-13,0.0016691766219846492,0.0016691766219846492,0.0,0.0,1.2406121801986583
2023-09-14,0.011994738297424038,0.011994738297424038,0.0,0.0,1.255492998628738
2023-09-15,0.0004401054775139391,0.0004401054775139391,0.0,0.0,1.2560455479744148
2023-09-18,-0.004785597908692051,-0.004785597908692051,0.0,0.0,1.2500346190268066
2023-09-19,0.0010178167649101697,0.0010178167649101697,0.0,0.0,1.2513069252187703
2023-09-20,-0.004641861173255685,-0.004641861173255685,0.0,0.0,1.2454985321867713
2023-09-21,-0.012996479245138243,-0.012996479245138243,0.0,0.0,1.2293114363633557
2023-09-22,0.004266227006028536,0.004266227006028536,0.0,0.0,1.2345559580119887
2023-09-25,0.0038903419931024742,0.0038903419931024742,0.0,0.0,1.2393588028982776
2023-09-26,-0.008546803170082409,-0.008546803170082409,0.0,0.0,1.2287662471527971
2023-09-27,0.000768703815183285,0.000768703815183285,0.0,0.0,1.229710804454952
2023-09-28,0.002955036281055646,0.002955036281055646,0.0,0.0,1.2333446444973226
2023-10-02,0.003126947273017768,0.003126947273017768,0.0,0.0,1.2372012481701247
2023-10-03,-0.00542329924202004,-0.00542329924202004,0.0,0.0,1.2304915355786974
2023-10-04,-0.011303854344496435,-0.011303854344496435,0.0,0.0,1.21658223848838
2023-10-05,0.00839443576907083,0.00839443576907083,0.0,0.0,1.2267947599471631
2023-10-06,0.00533777902582503,0.00533777902582503,0.0,0.0,1.2333431192858013
2023-10-11,0.01193205942096559,0.01193205942096559,0.0,0.0,1.2480594426715585
2023-10-12,0.006057819378507064,0.006057819378507064,0.0,0.0,1.255619961348903
2023-10-13,-0.006664307844139858,-0.006664307844139858,0.0,0.0,1.2472521233912268
2023-10-16,-0.001321200510059675,-0.001321200510059675,0.0,0.0,1.2456042532496292
2023-10-17,-0.0034531696803419823,-0.0034531696803419823,0.0,0.0,1.2413029704086027
2023-10-18,-0.005354240072714475,-0.005354240072714475,0.0,0.0,1.2346567363020615
2023-10-19,-0.0048151873090987885,-0.0048151873090987885,0.0,0.0,1.2287116328543264
2023-10-20,-0.007081286052057723,-0.007081286052057723,0.0,0.0,1.220010774306594
2023-10-23,-0.006342174450414619,-0.006342174450414619,0.0,0.0,1.2122732531445561
2023-10-24,0.0038270054893721427,0.0038270054893721427,0.0,0.0,1.2169126295389594
2023-10-25,0.00010135553382287378,0.00010135553382287378,0.0,0.0,1.2170359703681422
2023-10-26,-0.00856075545041991,-0.00856075545041991,0.0,0.0,1.206617223051456
2023-10-27,0.005667953668300085,0.005667953668300085,0.0,0.0,1.2134562735670846
2023-10-30,-0.004089081150129219,-0.004089081150129219,0.0,0.0,1.2084943523923355
2023-10-31,-0.00253659787557816,-0.00253659787557816,0.0,0.0,1.205428888185409
2023-11-01,0.004925841652797862,0.004925841652797862,0.0,0.0,1.2113666400123186
2023-11-02,0.012422922589063634,0.012422922589063634,0.0,0.0,1.226415354008166
2023-11-03,0.006667461809767673,0.006667461809767673,0.0,0.0,1.234592431543928
2023-11-06,0.008326800962923384,0.008326800962923384,0.0,0.0,1.244872636991726
2023-11-07,-0.001275347910641029,-0.001275347910641029,0.0,0.0,1.2432849912751245
2023-11-08,0.003997570418575186,0.003997570418575186,0.0,0.0,1.2482551105781046
2023-11-09,-0.0016939038891084536,-0.0016939038891084536,0.0,0.0,1.2461406863916968
2023-11-10,-0.002379680689302759,-0.002379680689302759,0.0,0.0,1.243175269464136
2023-11-13,-0.0007999934794504625,-0.0007999934794504625,0.0,0.0,1.2421807373547507
2023-11-14,0.0028990635551165767,0.0028990635551165767,0.0,0.0,1.2457818982592834
2023-11-15,0.009687912645225984,0.009687912645225984,0.0,0.0,1.2578509244646232
2023-11-16,0.0048017260160786255,0.0048017260160786255,0.0,0.0,1.2638907799729735
2023-11-17,0.0003710398162609127,0.0003710398162609127,0.0,0.0,1.2643597337757484
2023-11-20,0.0001281595693048398,0.0001281595693048398,0.0,0.0,1.2645217735746754
2023-11-21,0.011480129249414826,0.011480129249414826,0.0,0.0,1.279038646974012
2023-11-22,-0.00592830840692591,-0.00592830840692591,0.0,0.0,1.2714561114103728
2023-11-23,0.0004789824740329638,0.0004789824740329638,0.0,0.0,1.2720651166042405
2023-11-24,-0.00019461348059906006,-0.00019461348059906006,0.0,0.0,1.2718175555843496
2023-11-27,-0.0022265478424273047,-0.0022265478424273047,0.0,0.0,1.2689857929500021
2023-11-28,0.006317984723127093,0.006317984723127093,0.0,0.0,1.2770032258037256
2023-11-29,-0.00047505462940262223,-0.00047505462940262223,0.0,0.0,1.2763965795095453
2023-11-30,0.004017980438341501,0.004017980438341501,0.0,0.0,1.2815251159975807
2023-12-01,-0.00529611338487935,-0.00529611338487935,0.0,0.0,1.274738013677687
2023-12-04,0.004361522200703933,0.004361522200703933,0.0,0.0,1.2802978118244233
2023-12-05,-0.0008734345862244634,-0.0008734345862244634,0.0,0.0,1.2791795554349084
2023-12-06,0.004295834304932208,0.004295834304932208,0.0,0.0,1.2846746988513136
2023-12-07,-0.005729295973120432,-0.005729295973120432,0.0,0.0,1.2773144172724151
2023-12-08,0.002875017456679174,0.002875017456679174,0.0,0.0,1.2809867185197412
2023-12-11,0.0009945039691647397,0.0009945039691647397,0.0,0.0,1.2822606648957564
2023-12-12,0.0018275810262188765,0.0018275810262188765,0.0,0.0,1.2846041001575867
2023-12-13,0.0021817767107321414,0.0021817767107321414,0.0,0.0,1.2874068194658217
2023-12-14,0.009146519313524757,0.009146519313524757,0.0,0.0,1.2991821108044292
2023-12-15,-0.006909472557289386,-0.006909472557289386,0.0,0.0,1.2902054476629048
2023-12-18,0.00066118121169086,0.00066118121169086,0.0,0.0,1.2910585072641205
2023-12-19,-0.005674478392652497,-0.005674478392652497,0.0,0.0,1.2837324236610002
2023-12-20,0.002949351690471038,0.002949351690471038,0.0,0.0,1.2875186020548373
2023-12-21,-0.0025783430852754146,-0.0025783430852754146,0.0,0.0,1.2841989373700657
2023-12-22,4.65787161313148e-05,4.65787161313148e-05,0.0,0.0,1.2842587537078256
2023-12-25,0.0033255142232709884,0.0033255142232709884,0.0,0.0,1.2885295744596414
2023-12-26,0.007745414639193068,0.007745414639193068,0.0,0.0,1.2985097702886943
2023-12-27,0.006909066301407469,0.006909066301407469,0.0,0.0,1.3074812603846444
2023-12-28,0.0023189412952735865,0.0023189412952735865,0.0,0.0,1.3105132326721467
2023-12-29,0.0029898756455883106,0.0029898756455883106,0.0,0.0,1.3144315042697345
2024-01-02,-0.0019386186429375925,-0.0019386186429375925,0.0,0.0,1.3118833228506928
2024-01-03,-0.011919298125783549,-0.011919298125783549,0.0,0.0,1.296246594419392
2024-01-04,0.002113591991349602,0.002113591991349602,0.0,0.0,1.2989863308401708
2024-01-05,0.0009356359476425172,0.0009356359476425172,0.0,0.0,1.300201709146801
2024-01-08,0.0035468172309736615,0.0035468172309736615,0.0,0.0,1.3048132869725442
2024-01-09,-0.006204240519863388,-0.006204240519863388,0.0,0.0,1.296717911506653
2024-01-10,-0.005836728667823306,-0.005836728667823306,0.0,0.0,1.289149320898482
2024-01-11,0.004299928666504715,0.004299928666504715,0.0,0.0,1.2946925710188184
2024-01-12,-0.0030388660474004103,-0.0030388660474004103,0.0,0.0,1.2907581737229277
2024-01-15,-0.0012408114011523092,-0.0012408114011523092,0.0,0.0,1.2891565862648418
2024-01-16,-0.010350428821739885,-0.010350428821739885,0.0,0.0,1.2758132627786303
2024-01-17,-0.01403186074872224,-0.01403186074872224,0.0,0.0,1.2579112287339476
2024-01-18,0.0022491375285594965,0.0022491375285594965,0.0,0.0,1.2607404440860897
2024-01-19,0.010106849124902553,0.010106849124902553,0.0,0.0,1.2734825575401305
2024-01-22,0.005938750010133373,0.005938750010133373,0.0,0.0,1.2810454520916266
2024-01-23,0.00286092772016872,0.00286092772016872,0.0,0.0,1.2847104305363117
2024-01-24,0.0015261691462201653,0.0015261691462201653,0.0,0.0,1.2866711159572233
2024-01-25,0.0013015861845469317,0.0013015861845469317,0.0,0.0,1.2883458293058088
2024-01-26,0.002195832313194125,0.002195832313194125,0.0,0.0,1.2911748207083673
2024-01-29,0.004452459378093311,0.004452459378093311,0.0,0.0,1.2969237241475882
2024-01-30,-0.0074475481329320066,-0.0074475481329320066,0.0,0.0,1.2872648222872576
2024-01-31,-0.00039378008824531626,-0.00039378008824531626,0.0,0.0,1.2867579230319421
2024-02-01,0.007112686561540396,0.007112686561540396,0.0,0.0,1.295910228819047
2024-02-02,0.0003715822703796098,0.0003715822703796098,0.0,0.0,1.2963917660840796
2024-02-05,-0.004818556943094279,-0.004818556943094279,0.0,0.0,1.2901450285386449
2024-02-15,0.001581549503434158,0.001581549503434158,0.0,0.0,1.292185456767888
2024-02-16,0.0029781329879764607,0.0029781329879764607,0.0,0.0,1.296033756903272
2024-02-19,0.00795418286583408,0.00795418286583408,0.0,0.0,1.3063426464059746
2024-02-20,0.0028196375174523035,0.0028196375174523035,0.0,0.0,1.3100260591424289
2024-02-21,-0.002040464152585398,-0.002040464152585398,0.0,0.0,1.307352997929796
2024-02-22,0.0027997796493070526,0.0027997796493070526,0.0,0.0,1.3110132982478604
2024-02-23,-0.005588302635975381,-0.005588302635975381,0.0,0.0,1.3036869591774631
2024-02-26,-0.0020764655317947038,-0.0020764655317947038,0.0,0.0,1.3009798981424807
2024-02-27,-0.0012204626923888694,-0.0012204626923888694,0.0,0.0,1.29939210071325
2024-02-29,0.007456388522538325,0.007456388522538325,0.0,0.0,1.3090808730592853
2024-03-01,-0.0035486821430313776,-0.0035486821430313776,0.0,0.0,1.304435361141276
2024-03-04,0.00368936116442719,0.00368936116442719,0.0,0.0,1.309247894304176
2024-03-05,-6.863405291337658e-05,-6.863405291337658e-05,0.0,0.0,1.3091580353149217
2024-03-06,0.0037770520345450833,0.0037770520345450833,0.0,0.0,1.314102793335749
2024-03-07,-0.0004951844860295114,-0.0004951844860295114,0.0,0.0,1.3134520700194412
2024-03-08,0.000701694568424479,0.000701694568424479,0.0,0.0,1.3143737122028596
2024-03-11,0.003739471088579063,0.003739471088579063,0.0,0.0,1.3192887746992303
2024-03-12,0.010715826098569466,0.010715826098569466,0.0,0.0,1.333426043782702
2024-03-13,0.0059947446715173216,0.0059947446715173216,0.0,0.0,1.3414195924535308
2024-03-14,0.005273711976596439,0.005273711976596439,0.0,0.0,1.3484938530238941
2024-03-15,0.003222616643575192,0.003222616643575192,0.0,0.0,1.3528395317584077
2024-03-18,-0.0016646436493145693,-0.0016646436493145693,0.0,0.0,1.3505875360233242
2024-03-19,-0.000270198427070845,-0.000270198427070845,0.0,0.0,1.350222609395469
2024-03-20,-0.0030072564183566265,-0.0030072564183566265,0.0,0.0,1.3461621437871543
2024-03-21,0.014199618138672406,0.014199618138672406,0.0,0.0,1.3652771321816684
2024-03-22,0.0001442432576715221,0.0001442432576715221,0.0,0.0,1.3654740642028387
2024-03-25,-0.0009893445932208852,-0.0009893445932208852,0.0,0.0,1.3641231398202363
2024-03-26,0.003283591063893354,0.003283591063893354,0.0,0.0,1.3686023623722001
2024-03-27,0.0063825203380225865,0.0063825203380225865,0.0,0.0,1.3773374947847064
2024-03-28,0.00039553772940948903,0.00039553772940948903,0.0,0.0,1.3778822837300242
2024-03-29,0.0026429719929450253,0.0026429719929450253,0.0,0.0,1.381523988015498
2024-04-01,-0.0012687895567282872,-0.0012687895567282872,0.0,0.0,1.3797711248071343
2024-04-02,0.00217514694954616,0.00217514694954616,0.0,0.0,1.3827723297603303
2024-04-03,-0.011433773594384187,-0.011433773594384187,0.0,0.0,1.3669620240092715
2024-04-08,0.0064777595165514314,0.0064777595165514314,0.0,0.0,1.375816875269062
2024-04-09,0.0036685323830480242,0.0036685323830480242,0.0,0.0,1.3808641040291307
2024-04-10,-0.000548063278593287,-0.000548063278593287,0.0,0.0,1.3801073031209847
2024-04-11,-0.0016018148992757593,-0.0016018148992757593,0.0,0.0,1.3778966266802462
2024-04-12,-0.005728693859095104,-0.005728693859095104,0.0,0.0,1.3700030787365152
2024-04-15,-0.0028803298083271032,-0.0028803298083271032,0.0,0.0,1.3660570180313305
2024-04-16,-0.023156886164670442,-0.023156886164670442,0.0,0.0,1.3344233911703298
2024-04-17,0.005911748436434778,0.005911748436434778,0.0,0.0,1.342312166566623
2024-04-18,0.006355444495817787,0.006355444495817787,0.0,0.0,1.3508431570372983
2024-04-19,-0.01469048552146323,-0.01469048552146323,0.0,0.0,1.330998615197074
2024-04-22,0.011825030015749907,0.011825030015749907,0.0,0.0,1.346737713772701
2024-04-23,0.005100531845714383,0.005100531845714383,0.0,0.0,1.3536067923696233
2024-04-24,0.004352044348157474,0.004352044348157474,0.0,0.0,1.3594977491599831
2024-04-25,-0.006084559115388857,-0.006606311986354051,0.4969074961573268,0.0005217528709651931,1.3505164828842862
2024-04-26,0.003214497085582569,0.003214497085582569,0.0,0.0,1.3548577141825489
2024-04-29,0.01687106832802892,0.01687106832802892,0.0,0.0,1.3777156112532796
2024-04-30,-0.00286363746709959,-0.00286363746709959,0.0,0.0,1.3737703332098867
2024-05-02,0.0016191865915697393,0.0016191865915697393,0.0,0.0,1.3759947237133165
2024-05-03,0.000782692861036859,0.000782692861036859,0.0,0.0,1.3770717049603913
2024-05-06,0.015021288141985481,0.015021288141985481,0.0,0.0,1.3977570958327767
2024-05-07,-0.0004008694219272353,-0.0004008694219272353,0.0,0.0,1.3971967777537757
2024-05-08,0.0007433814082770748,0.0007433814082770748,0.0,0.0,1.3982354278620626
2024-05-09,-0.007505580043881176,-0.007505580043881176,0.0,0.0,1.3877408599380534
2024-05-10,0.010901113235705407,0.010901113235705407,0.0,0.0,1.4028687801940531
2024-05-13,0.0010435321769846808,0.0010435321769846808,0.0,0.0,1.4043327189062729
2024-05-14,-0.006455479258580649,-0.006455479258580649,0.0,0.0,1.3952670781672272
2024-05-15,0.0013693502121582936,0.0013693502121582936,0.0,0.0,1.397177687436733
2024-05-16,0.008950871914654152,0.008950871914654152,0.0,0.0,1.4096836459589916
2024-05-17,0.001116512677226694,0.001116512677226694,0.0,0.0,1.411257575620584
2024-05-20,0.0079482117009703,0.0079482117009703,0.0,0.0,1.4224745495962148
2024-05-21,-0.004584150119673209,-0.004584150119673209,0.0,0.0,1.4159537127194513
2024-05-22,0.004339673747074713,0.004339673747074713,0.0,0.0,1.4220984898736129
2024-05-23,-0.001264866190240771,-0.001264866190240771,0.0,0.0,1.4202997255745793
2024-05-24,-0.004130190979392311,-0.004130190979392311,0.0,0.0,1.4144336164599778
2024-05-27,0.006376066569353433,0.006376066569353433,0.0,0.0,1.423452139356458
2024-05-28,0.0009127427711273751,0.0009127427711273751,0.0,0.0,1.4247513850067013
2024-05-29,-0.011380760594226602,-0.011380760594226602,0.0,0.0,1.4085366305876472
2024-05-30,-0.004957095637930882,-0.004957095637930882,0.0,0.0,1.4015543798002954
2024-05-31,0.005748916333451076,0.005748916333451076,0.0,0.0,1.409611798666549
2024-06-03,0.004654725911997944,0.004654725911997944,0.0,0.0,1.4161731552316603
2024-06-04,-0.0048805454402933695,-0.0048805454402933695,0.0,0.0,1.4092614577962286
2024-06-05,0.0007393491689484889,0.0007393491689484889,0.0,0.0,1.4103033940838814
2024-06-06,0.0036031448534426394,0.0036031448534426394,0.0,0.0,1.4153849215000673
2024-06-07,0.0039022191637481975,0.0039022191637481975,0.0,0.0,1.420908063664825
2024-06-11,-0.004060717657449502,-0.004060717657449502,0.0,0.0,1.4151381572010888
2024-06-12,0.0014155727866799364,0.0014155727866799364,0.0,0.0,1.4171413882658153
2024-06-13,0.004395207776840471,0.004395207776840471,0.0,0.0,1.4233700191164038
2024-06-14,0.006065638392313116,0.006065638392313116,0.0,0.0,1.4320036669508238
2024-06-17,0.000548013768415979,0.000548013768415979,0.0,0.0,1.432788424676735
2024-06-18,0.006328772637349803,0.006328772637349803,0.0,0.0,1.4418562168539406
2024-06-19,0.0007348668800461278,0.0007348668800461278,0.0,0.0,1.4429157892334954
2024-06-20,0.00475602047172615,0.00475602047172615,0.0,0.0,1.4497783262660666
2024-06-21,-0.0017395297307136225,-0.0017395297307136225,0.0,0.0,1.4472563937645826
2024-06-24,-0.0030675972054902863,-0.0030675972054902863,0.0,0.0,1.4428167940954424
2024-06-25,0.003973383880901955,0.003973383880901955,0.0,0.0,1.4485496590881959
2024-06-26,-0.007004228853522711,-0.007004228853522711,0.0,0.0,1.4384036857702498
2024-06-27,-0.009254718256748628,-0.009254718256748628,0.0,0.0,1.4250916649189773
2024-06-28,0.0030512438274440954,0.0030512438274440954,0.0,0.0,1.4294399670651035
2024-07-01,0.0042981760101437755,0.0042981760101437755,0.0,0.0,1.4355839516394833
2024-07-02,0.0012725442083518239,0.0012725442083518239,0.0,0.0,1.437410795682745
2024-07-03,0.008982349790708147,0.008982349790708147,0.0,0.0,1.4503221222425078
2024-07-04,0.002320162938104232,0.002320162938104232,0.0,0.0,1.4536871058788474
2024-07-05,0.0038179478131989417,0.0038179478131989417,0.0,0.0,1.459237207385813
2024-07-08,-0.006130029929490093,-0.006130029929490093,0.0,0.0,1.4502920396303125
2024-07-09,-0.007092673122844052,-0.007092673122844052,0.0,0.0,1.440005592260552
2024-07-10,-0.0004964251029336382,-0.0004964251029336382,0.0,0.0,1.439290737336189
2024-07-11,0.003100446840269721,0.003100446840269721,0.0,0.0,1.4437531817549925
2024-07-12,0.0035728888667369623,0.0035728888667369623,0.0,0.0,1.448911551424401
2024-07-15,-0.00089158867628653,-0.00089158867628653,0.0,0.0,1.4476197182922104
2024-07-16,-0.0010899706102537655,-0.0010899706102537655,0.0,0.0,1.446041855344448
2024-07-17,0.002393635970982952,0.002393635970982952,0.0,0.0,1.4495031531449474
2024-07-18,0.0073778584667368585,0.0073778584667368585,0.0,0.0,1.4601973822559395
2024-07-19,-0.010139307669440961,-0.010139307669440961,0.0,0.0,1.4453919917391342
2024-07-22,-0.011443648271550432,-0.011443648271550432,0.0,0.0,1.4288514341711558
2024-07-23,0.012920782463902523,0.012920782463902523,0.0,0.0,1.4473133127253166
2024-07-26,-0.011755607274939031,-0.011755607274939031,0.0,0.0,1.4302992658171267
2024-07-29,-0.0009206194632682719,-0.0009206194632682719,0.0,0.0,1.428982504474717
2024-07-30,-0.0016427115260289,-0.0016427115260289,0.0,0.0,1.4266350984441227
2024-07-31,0.0032645103227076995,0.0032645103227076995,0.0,0.0,1.4312923634497308
2024-08-01,0.006692163599034905,0.006692163599034905,0.0,0.0,1.4408708061039857
2024-08-02,-0.01221726291202911,-0.01221726291202911,0.0,0.0,1.4232673086435461
2024-08-05,-0.04931784205946922,-0.04931784205946922,0.0,0.0,1.3530748363074578
2024-08-06,0.009619828825487413,0.009619828825487413,0.0,0.0,1.36609118462081
2024-08-07,0.012935399608911304,0.012935399608911304,0.0,0.0,1.383762119996091
2024-08-08,-0.016467371912002163,-0.016467371912002163,0.0,0.0,1.3609751945283748
2024-08-09,0.019575624014363257,0.019575624014363257,0.0,0.0,1.387617133229337
2024-08-12,0.007946944002995256,0.007946944002995256,0.0,0.0,1.3986444488847074
2024-08-13,-0.0010834339832146446,-0.0010834339832146446,0.0,0.0,1.3971291099583512
2024-08-14,0.0047824649869112525,0.0047824649869112525,0.0,0.0,1.4038108310089215
2024-08-15,-0.00908031619238459,-0.00908031619238459,0.0,0.0,1.3910637847890663
2024-08-16,0.01084727553776698,0.01084727553776698,0.0,0.0,1.4061530369532822
2024-08-19,0.000246726044637045,0.000246726044637045,0.0,0.0,1.406499971530244
2024-08-20,0.003123552744236774,0.003123552744236774,0.0,0.0,1.4108932483760863
2024-08-21,0.000974927917629363,0.000974927917629363,0.0,0.0,1.412268767592723
2024-08-22,-0.00517495513597021,-0.00517495513597021,0.0,0.0,1.4049603400804986
2024-08-23,0.00028354084712960435,0.00028354084712960435,0.0,0.0,1.4053587037255084
2024-08-26,0.007009348995799742,0.007009348995799742,0.0,0.0,1.4152093533442052
2024-08-27,-0.0006298808980868269,-0.0006298808980868269,0.0,0.0,1.41431794000574
2024-08-28,-0.0023075823389339077,-0.0023075823389339077,0.0,0.0,1.4110542849057452
2024-08-29,-0.00549458252111244,-0.00549458252111244,0.0,0.0,1.4033011306955614
2024-08-30,0.006355309610104429,0.006355309610104429,0.0,0.0,1.4122195438573413
2024-09-02,0.0005968377795474075,0.0005968377795474075,0.0,0.0,1.4130624098341305
2024-09-03,-0.006912059388492698,-0.006912059388492698,0.0,0.0,1.4032952385377102
2024-09-04,-0.02119733676912486,-0.02119733676912486,0.0,0.0,1.373549116779917
2024-09-05,0.005760519556564797,0.005760519556564797,0.0,0.0,1.38146147332903
2024-09-06,0.008655749255874347,0.008655749255874347,0.0,0.0,1.3934190574488168
2024-09-09,-0.00301895480923567,-0.00301895480923567,0.0,0.0,1.389212388284051
2024-09-10,-0.001146036850195994,-0.001146036850195994,0.0,0.0,1.3876202996943288
2024-09-11,-0.004291665504438094,-0.004291665504438094,0.0,0.0,1.3816650975208726
2024-09-12,0.008777238546144334,0.008777238546144334,0.0,0.0,1.3937923016726952
2024-09-13,0.0027320307461536197,0.0027320307461536197,0.0,0.0,1.3976001850946171
2024-09-16,0.005440309641023761,0.005440309641023761,0.0,0.0,1.405203562855884
2024-09-18,-0.004676055968829598,-0.004676055968829598,0.0,0.0,1.3986327523483713
2024-09-19,0.005403595671771103,0.005403595671771103,0.0,0.0,1.406190398235358
2024-09-20,0.004570627596113144,0.004570627596113144,0.0,0.0,1.4126175708749218
2024-09-23,0.004926451997139823,0.004926451997139823,0.0,0.0,1.4195767635281535
2024-09-24,0.0011098178730504205,0.0011098178730504205,0.0,0.0,1.4211522351924841
2024-09-25,0.0019704658431296783,0.0019704658431296783,0.0,0.0,1.4239525671298183
2024-09-26,0.0017712854874042598,0.0017712854874042598,0.0,0.0,1.4264747936467275
2024-09-27,-0.0001890285323178576,-0.0001890285323178576,0.0,0.0,1.426205149210096
2024-09-30,-0.006743793643069524,-0.006743793643069524,0.0,0.0,1.4165871159911398
2024-10-01,0.0023967371499068225,0.0023967371499068225,0.0,0.0,1.4199823029581151
2024-10-04,-0.010772246632179284,-0.010772246632179284,0.0,0.0,1.4046859033773205
2024-10-07,0.005708262809866545,0.005708262809866545,0.0,0.0,1.412704219679113
2024-10-08,-0.009074231554990632,-0.009074231554990632,0.0,0.0,1.3998850144710324
2024-10-09,-0.0024174738807814294,-0.0024174738807814294,0.0,0.0,1.3965008290124514
2024-10-11,-0.0016195601822023668,-0.0016195601822023668,0.0,0.0,1.3942391118753703
2024-10-14,0.0032756207424326994,0.0032756207424326994,0.0,0.0,1.3988061104301401
2024-10-15,0.007349796053352802,0.007349796053352802,0.0,0.0,1.4090870500599855
2024-10-16,-0.006940727776523875,-0.006940727776523875,0.0,0.0,1.399306960432094
2024-10-17,0.00804504789372635,0.00804504789372635,0.0,0.0,1.410564451946795
2024-10-18,0.008462710226399934,0.008462710226399934,0.0,0.0,1.4225016501592813
2024-10-21,-0.005826723361245613,-0.005826723361245613,0.0,0.0,1.414213126562888
2024-10-22,0.004220345483172681,0.004220345483172681,0.0,0.0,1.420181594543821
2024-10-23,-0.009022771203058302,-0.009022771203058302,0.0,0.0,1.4073676209494577
2024-10-24,-0.00042126794882877696,-0.00042126794882877696,0.0,0.0,1.4067747420785321
2024-10-25,0.0028507375623308883,0.0028507375623308883,0.0,0.0,1.4107850876775136
2024-10-28,-0.002233452774347274,-0.002233452774347274,0.0,0.0,1.4076341658094325
2024-10-29,-0.003827672594135882,-0.003827672594135882,0.0,0.0,1.4022462030903944
2024-10-30,-0.0018274959138272063,-0.0018274959138272063,0.0,0.0,1.399683603884067
2024-11-01,-0.004640945496001102,-0.004640945496001102,0.0,0.0,1.3931877485667945
2024-11-04,0.006056405735759124,0.006056405735759124,0.0,0.0,1.4016254588382038
2024-11-05,0.0034848807469797464,0.0034848807469797464,0.0,0.0,1.4065099564141859
2024-11-06,-0.0044843696830268,-0.0044843696830268,0.0,0.0,1.4002026458067667
2024-11-07,0.00831375469405495,0.00831375469405495,0.0,0.0,1.411843587125971
2024-11-08,-0.0021832333689470323,-0.0021832333689470323,0.0,0.0,1.4087612030948238
2024-11-11,0.0022483498038765827,0.0022483498038765827,0.0,0.0,1.411928591069511
2024-11-12,-0.008165742563824423,-0.008165742563824423,0.0,0.0,1.400399145676334
2024-11-13,0.0019196437769119674,0.0019196437769119674,0.0,0.0,1.4030874131815245
2024-11-14,-0.009812237781613694,-0.009812237781613694,0.0,0.0,1.3893199858549983
2024-11-15,0.007523741951236303,0.007523741951236303,0.0,0.0,1.3997728709162667
2024-11-18,-0.003131031602833602,-0.003131031602833602,0.0,0.0,1.3953901378206388
2024-11-19,0.011400161100462798,0.011400161100462798,0.0,0.0,1.411297810189791
2024-11-20,-0.007612831413884075,-0.007612831413884075,0.0,0.0,1.4005538378860325
2024-11-21,-0.0015196898746875544,-0.0015196898746875544,0.0,0.0,1.3984254303996424
2024-11-22,0.00210442893920712,0.00210442893920712,0.0,0.0,1.4013683173446987
2024-11-25,0.011965890856630648,0.011965890856630648,0.0,0.0,1.4181369376799855
2024-11-26,-0.005806463257750661,-0.005806463257750661,0.0,0.0,1.4099025776568876
2024-11-27,-0.004285258485163443,-0.004285258485163443,0.0,0.0,1.4038607806727297
2024-11-28,-0.0049710905834323025,-0.0049710905834323025,0.0,0.0,1.3968820615654776
2024-11-29,-0.0033220157508745676,-0.0033220157508745676,0.0,0.0,1.392241597354843
2024-12-02,0.00999612608525938,0.00999612608525938,0.0,0.0,1.406158619903145
2024-12-03,0.0058238726681453,0.0058238726681453,0.0,0.0,1.4143479086566757
2024-12-04,0.0007485164624811146,0.0007485164624811146,0.0,0.0,1.415406571349981
2024-12-05,0.0013813127529742697,0.0013813127529742697,0.0,0.0,1.4173616904976303
2024-12-06,0.0016719546109817476,0.0016719546109817476,0.0,0.0,1.4197314549114868
2024-12-09,-0.00012582315611051265,-0.00012582315611051265,0.0,0.0,1.4195528198190004
2024-12-10,-0.005868411938798396,-0.005868411938798396,0.0,0.0,1.4112222991034196
2024-12-11,-0.00475988069466029,-0.00475988069466029,0.0,0.0,1.4045050493260431
2024-12-12,0.002427801541317067,0.002427801541317067,0.0,0.0,1.4079149088495846
2024-12-13,-0.006894132432937048,-0.006894132432937048,0.0,0.0,1.398208557013669
2024-12-16,-0.005355085429261579,-0.005355085429261579,0.0,0.0,1.3907210307429363
2024-12-17,-0.0007853109761134982,-0.0007853109761134982,0.0,0.0,1.389628882252782
2024-12-18,0.0017892088474876179,0.0017892088474876179,0.0,0.0,1.392115218543633
2024-12-19,-0.005463068003190738,-0.005463068003190738,0.0,0.0,1.3845099984364524
2024-12-20,-0.010977054568287088,-0.010977054568287088,0.0,0.0,1.3693121566332764
2024-12-23,0.015893756607302623,0.015893756607302623,0.0,0.0,1.3910756707702263
2024-12-24,0.0033482156837682047,0.0033482156837682047,0.0,0.0,1.3957332921484078
2024-12-25,0.0007259665184825546,0.0007259665184825546,0.0,0.0,1.3967465477872387
2024-12-26,0.000563079760732959,0.000563079760732959,0.0,0.0,1.3975330274991713
2024-12-27,-0.003625148503128816,-0.003625148503128816,0.0,0.0,1.3924667627364598
2024-12-30,-0.00658483457200951,-0.00658483457200951,0.0,0.0,1.3832975994568184
2024-12-31,-0.0054659253041132476,-0.0054659253041132476,0.0,0.0,1.3757365981048282
2025-01-02,0.0005236632934500459,0.0005236632934500459,0.0,0.0,1.3764570208627114
2025-01-03,-0.0006345883446051473,-0.0006345883446051473,0.0,0.0,1.375583537280422
2025-01-06,0.011481273817832132,0.011481273817832132,0.0,0.0,1.3913769885312404
2025-01-07,-0.002461399251535294,-0.002461399251535294,0.0,0.0,1.387952254253066
2025-01-08,0.000774283847014031,0.000774283847014031,0.0,0.0,1.3890269232639607
2025-01-09,-0.008119348393108532,-0.008119348393108532,0.0,0.0,1.377748929746573
2025-01-10,-0.0033566142864195543,-0.0033566142864195543,0.0,0.0,1.3731243580058865
2025-01-13,-0.008185808824490774,-0.008185808824490774,0.0,0.0,1.3618842245189986
2025-01-14,0.010898546884611116,0.010898546884611116,0.0,0.0,1.376726783591331
2025-01-15,-0.0007771258203643414,-0.0007771258203643414,0.0,0.0,1.375656893660215
2025-01-16,0.007045871999050027,0.007045871999050027,0.0,0.0,1.3853495960475557
2025-01-17,-0.0019316777568597172,-0.0019316777568597172,0.0,0.0,1.3826735470473959
2025-01-20,-0.0013200614600558695,-0.0013200614600558695,0.0,0.0,1.3808483329860999
2025-01-21,0.004215409845047888,0.004215409845047888,0.0,0.0,1.3866691746434876
2025-01-22,0.0017145944050919503,0.0017145944050919503,0.0,0.0,1.389046749852045
2025-02-03,0.0010565305342267288,0.0010565305342267288,0.0,0.0,1.390514320156732
2025-02-04,-0.005230861760390221,-0.005230861760390221,0.0,0.0,1.3832407319721491
2025-02-05,0.006989034802951921,0.006989034802951921,0.0,0.0,1.3929082495887632
2025-02-06,0.008695710439367293,0.008695710439367293,0.0,0.0,1.405020576395793
2025-02-07,-0.0032765709206166666,-0.0032765709206166666,0.0,0.0,1.4004169268323066
2025-02-10,-0.0013537014960718226,-0.0013537014960718226,0.0,0.0,1.3985211803433293
2025-02-11,0.0005675083071932149,0.0005675083071932149,0.0,0.0,1.3993148527309598
2025-02-12,0.0028047792396561793,0.0028047792396561793,0.0,0.0,1.4032396219796421
2025-02-13,0.005485423332120167,0.005485423332120167,0.0,0.0,1.4109369853426048
2025-02-14,0.00027333884711522555,0.00027333884711522555,0.0,0.0,1.4113226492315305
2025-02-17,0.0050668204797599415,0.0050668204797599415,0.0,0.0,1.418473567734206
2025-02-18,0.0034973336600436986,0.0034973336600436986,0.0,0.0,1.423434443088525
2025-02-19,-0.0001680807831143722,-0.0001680807831143722,0.0,0.0,1.4231951911126188
2025-02-20,-0.0014843009114587833,-0.0014843009114587833,0.0,0.0,1.4210827411932665
2025-02-21,0.00698927508765591,0.00698927508765591,0.0,0.0,1.4310150793937864
2025-02-24,-0.0015310701972489624,-0.0015310701972489624,0.0,0.0,1.4288240948539126
2025-02-25,-0.00266121607885975,-0.00266121607885975,0.0,0.0,1.425021685198825
2025-02-26,0.005441679859642762,0.005441679859642762,0.0,0.0,1.4327761970027257
2025-02-27,-0.004214055634824565,-0.004214055634824565,0.0,0.0,1.4267383983963038
2025-03-03,0.004307182782253411,0.004307182782253411,0.0,0.0,1.4328836214606562
2025-03-04,-0.0060461444741901176,-0.0060461444741901176,0.0,0.0,1.4242202000706043
2025-03-05,0.001756642156575066,0.001756642156575066,0.0,0.0,1.4267220453142941
2025-03-06,-0.0012722041938613904,-0.0012722041938613904,0.0,0.0,1.4249069635447706
2025-03-07,-0.00403138095748725,-0.00403138095748725,0.0,0.0,1.4191626207457453
2025-03-10,-0.0012076558272339389,-0.0012076558272339389,0.0,0.0,1.4174487607370092
2025-03-11,-0.005905096681983155,-0.005905096681983155,0.0,0.0,1.4090785887630999
2025-03-12,0.0007422907256861424,0.0007422907256861424,0.0,0.0,1.4101245347313018
2025-03-13,-0.0018747873692499632,-0.0018747873692499632,0.0,0.0,1.407480851064518
2025-03-14,0.0031673459810386013,0.0031673459810386013,0.0,0.0,1.411938829881526
2025-03-17,0.0023765086974344863,0.0023765086974344863,0.0,0.0,1.415294314790985
2025-03-18,0.005660604690833129,0.005660604690833129,0.0,0.0,1.4233057364282005
2025-03-19,-0.006531580430924933,-0.006531580430924933,0.0,0.0,1.4140093005329228
2025-03-20,0.00805547262878174,0.00805547262878174,0.0,0.0,1.4253998137502086
2025-03-21,-0.002086162632430663,-0.002086162632430663,0.0,0.0,1.4224261979224893
2025-03-24,0.0008178419963031964,0.0008178419963031964,0.0,0.0,1.423589517803792
2025-03-25,-0.003135375650845015,-0.003135375650845015,0.0,0.0,1.4191260298928718
2025-03-26,0.003943352654444024,0.003943352654444024,0.0,0.0,1.4247221442898406
2025-03-27,0.0005106972201653589,0.0005106972201653589,0.0,0.0,1.4254497459284374
2025-03-28,-0.009778326047084392,-0.009778326047084392,0.0,0.0,1.4115112335490156
2025-03-31,-0.022507930271289035,-0.022507930271289035,0.0,0.0,1.3797410371271532
2025-04-01,0.011136525630366503,0.011136525630366503,0.0,0.0,1.3951065585503883
2025-04-02,0.0032147532621110758,0.0032147532621110758,0.0,0.0,1.3995914819104809
2025-04-07,-0.08656047280776995,-0.08656047280776995,0.0,0.0,1.2784421814985822
2025-04-08,-0.0032789395532005373,-0.0032789395532005373,0.0,0.0,1.2742502468631864
2025-04-09,-0.05062886695731039,-0.05062886695731039,0.0,0.0,1.2097364006444302
2025-04-10,0.07264181090236402,0.07264181090236402,0.0,0.0,1.2976138435017495
2025-04-11,0.0054673103282768375,0.0054673103282768375,0.0,0.0,1.3047083010704414
2025-04-14,0.0025415642558745564,0.0025415642558745564,0.0,0.0,1.308024301052785
2025-04-15,0.01330816525910321,0.01330816525910321,0.0,0.0,1.3254317046141184
2025-04-16,-0.006492195874927594,-0.006492195874927594,0.0,0.0,1.3168267423689244
2025-04-17,-0.006767943781325475,-0.006767943781325475,0.0,0.0,1.3079145330068256
2025-04-18,-0.00026563974834582197,-0.00026563974834582197,0.0,0.0,1.30756709891942
2025-04-21,-0.005056459729569389,-0.005056459729569389,0.0,0.0,1.300955438540024
2025-04-22,-0.007941427430207182,-0.007941427430207182,0.0,0.0,1.290623995334925
2025-04-23,0.016394453292155407,0.016394453292155407,0.0,0.0,1.3117830701441784
2025-04-24,-0.003704302056285418,-0.003704302056285418,0.0,0.0,1.306923829420043
2025-04-25,0.0019284282248015823,0.0019284282248015823,0.0,0.0,1.3094441382203623
2025-04-28,0.004119912920459027,0.004119912920459027,0.0,0.0,1.3148389340440356
2025-04-29,0.009750677301684602,0.009750677301684602,0.0,0.0,1.3276595041935901
2025-04-30,0.003282264308335822,0.003282264308335822,0.0,0.0,1.3320172335978278
2025-05-02,0.004250891869483702,0.004250891869483702,0.0,0.0,1.337679494826141
2025-05-05,-0.007319968123589074,-0.007319968123589074,0.0,0.0,1.327887723564435
2025-05-06,0.012029729378429298,0.012029729378429298,0.0,0.0,1.3438618535238538
2025-05-07,0.0013797174141010117,0.0013797174141010117,0.0,0.0,1.3457160031253068
2025-05-08,-0.00015803836615020748,-0.00015803836615020748,0.0,0.0,1.3455033283668707
2025-05-09,0.010618455012965364,0.010618455012965364,0.0,0.0,1.3597904949289294
2025-05-12,0.007133923191286451,0.007133923191286451,0.0,0.0,1.3694911358759938
2025-05-13,-0.0006979596280247764,-0.0010301860074128663,0.31640607560770473,0.00033222637938808993,1.3680803052705384
2025-05-14,0.006412077869697374,0.006412077869697374,0.0,0.0,1.3768525427199325
2025-05-15,0.00648133338479547,0.00648133338479547,0.0,0.0,1.3857763830710037
2025-05-16,0.003093316746778273,0.003093316746778273,0.0,0.0,1.3900630283640472
2025-05-19,-0.005387514738643243,-0.005387514738643243,0.0,0.0,1.3825740433110927
2025-05-20,0.0028203123542931514,0.0028203123542931514,0.0,0.0,1.386473333966168
2025-05-21,0.007023303492955874,0.007023303492955874,0.0,0.0,1.3962109569755026
2025-05-22,-0.0073122120702312325,-0.0073122120702312325,0.0,0.0,1.3860015663633172
2025-05-23,0.004290777134962173,0.004290777134962173,0.0,0.0,1.3919485901932904
2025-05-26,-0.0006716557747342439,-0.0006716557747342439,0.0,0.0,1.3910136798845538
2025-05-27,-0.008457417209672014,-0.008457417209672014,0.0,0.0,1.379249296849409
2025-05-28,-0.0020227229567784705,-0.0020227229567784705,0.0,0.0,1.3764594576335512
2025-05-29,-0.006911552480901978,-0.006911552480901978,0.0,0.0,1.366945985854283
2025-06-02,-0.008203278915140316,-0.008203278915140316,0.0,0.0,1.355732546670389
2025-06-03,0.0005822385255452427,0.0005822385255452427,0.0,0.0,1.3565219063893958
2025-06-04,0.004489263694916383,0.004489263694916383,0.0,0.0,1.3626116909351085
2025-06-05,0.005463572786417773,0.005463572786417773,0.0,0.0,1.3700564190881563
2025-06-06,0.004819101484312848,0.004819101484312848,0.0,0.0,1.3766588600109764
2025-06-09,0.007759028157420133,0.007759028157420133,0.0,0.0,1.3873403948689633
2025-06-10,0.005502269566029328,0.005502269566029328,0.0,0.0,1.394973915701374
2025-06-11,0.002239017363588664,0.002239017363588664,0.0,0.0,1.3980972865203827
2025-06-12,0.0035161861662039093,0.0035161861662039093,0.0,0.0,1.4030132568582527
2025-06-13,9.39221276969166e-05,9.39221276969166e-05,0.0,0.0,1.403145030848524
2025-06-16,0.0036800587767786145,0.0036800587767786145,0.0,0.0,1.4083086870343915
2025-06-17,-0.0009225771295454453,-0.0009225771295454453,0.0,0.0,1.4070094136483933
2025-06-18,0.005599277579502145,0.005599277579502145,0.0,0.0,1.4148876499123832
2025-06-19,-0.01021599159578028,-0.01021599159578028,0.0,0.0,1.400433169571905
2025-06-20,-0.007930822104449068,-0.007930822104449068,0.0,0.0,1.3893265832348605
2025-06-23,-0.009454919719459496,-0.009454919719459496,0.0,0.0,1.376190611926264
2025-06-24,0.0014010510226472985,0.0014010510226472985,0.0,0.0,1.3781187251904607
2025-06-25,0.007031458245277541,0.007031458245277541,0.0,0.0,1.3878089094636725
2025-06-26,-0.0009815986337131045,-0.0009815986337131045,0.0,0.0,1.3864466381342881
2025-06-27,0.006523156461429597,0.006523156461429597,0.0,0.0,1.3954906464802612
2025-06-30,-0.004245128194494041,-0.004245128194494041,0.0,0.0,1.3895666097917352
2025-07-01,0.0022274768135292305,0.0022274768135292305,0.0,0.0,1.3926618371959008
2025-07-02,7.825363107799707e-05,7.825363107799707e-05,0.0,0.0,1.392770818041525
2025-07-03,0.0044361495792599875,0.0044361495792599875,0.0,0.0,1.3989493577199854
2025-07-04,-0.003806222170333131,-0.003806222170333131,0.0,0.0,1.3936246456594583
2025-07-07,-0.0037592150154728355,-0.0037592150154728355,0.0,0.0,1.3883857109655622
2025-07-08,-0.0003126139025299,-0.0003126139025299,0.0,0.0,1.3879516822902405
2025-07-09,-0.008293771831267133,-0.008293771831267133,0.0,0.0,1.3764403277245019
2025-07-10,0.0069938160103500575,0.0069938160103500575,0.0,0.0,1.3860668981258328
2025-07-11,0.01020828060070989,0.01020828060070989,0.0,0.0,1.400216257953257
2025-07-14,0.0034383186104605555,0.0034383186104605555,0.0,0.0,1.4050306475716472
2025-07-15,-0.002119397872739055,-0.002119397872739055,0.0,0.0,1.4020528286060507
2025-07-16,0.001398294747165717,0.001398294747165717,0.0,0.0,1.4040133117115394
2025-07-17,0.0024436129359163977,0.0024436129359163977,0.0,0.0,1.4074441768022365
2025-07-18,-0.003234258254080074,-0.003234258254080074,0.0,0.0,1.402892138856257
2025-07-21,-0.0019705727416573027,-0.0019705727416573027,0.0,0.0,1.4001276378479415
2025-07-22,-0.007379614780428305,-0.007379614780428305,0.0,0.0,1.3897952352371927
2025-07-23,0.00810672095514612,0.00810672095514612,0.0,0.0,1.4010619173940524
2025-07-24,-0.003449574059156594,-0.003449574059156594,0.0,0.0,1.3962288505485376
2025-07-25,-0.0016012637676977625,-0.0016012637676977625,0.0,0.0,1.3939931198787399
2025-07-28,-0.0019777295287216057,-0.0019777295287216057,0.0,0.0,1.391236178522721
2025-07-29,-0.005367101272948296,-0.005367101272948296,0.0,0.0,1.383769273058
2025-07-30,0.006558342897108717,0.006558342897108717,0.0,0.0,1.3928445064411974
2025-07-31,-0.009867593318220179,-0.009867593318220179,0.0,0.0,1.3791004832961185
2025-08-01,0.004591512301494308,0.004591512301494308,0.0,0.0,1.3854326401301693
2025-08-04,0.008059006763301938,0.008059006763301938,0.0,0.0,1.3965978511470776
2025-08-05,0.007750968281653139,0.007750968281653139,0.0,0.0,1.4074228367935435
2025-08-06,0.0033782801702921684,0.0033782801702921684,0.0,0.0,1.4121775054542995
2025-08-07,-0.009502791777012866,-0.009502791777012866,0.0,0.0,1.398757876667786
2025-08-08,0.0006663522787201527,0.0006663522787201527,0.0,0.0,1.3996899421662814
2025-08-11,0.0014800781346773456,0.0014800781346773456,0.0,0.0,1.4017615926450095
2025-08-12,-0.0034597896632071593,-0.0034597896632071593,0.0,0.0,1.3969117923764955
2025-08-13,0.003760440982881905,0.003760440982881905,0.0,0.0,1.4021647967300193
2025-08-14,0.0037242340025915284,0.0037242340025915284,0.0,0.0,1.4073867865432381
2025-08-15,-0.0012170920630840297,-0.0012170920630840297,0.0,0.0,1.405673867255647
2025-08-18,0.004986802950226309,0.004986802950226309,0.0,0.0,1.4126836858439333
2025-08-19,-0.0025491907205165408,-0.0025491907205165408,0.0,0.0,1.409082485700955
2025-08-20,-0.00641321074707416,-0.00641321074707416,0.0,0.0,1.4000457427601436
2025-08-21,0.0017269521265663647,0.0017269521265663647,0.0,0.0,1.4024635547328934
2025-08-22,-0.005421723046011635,-0.005421723046011635,0.0,0.0,1.3948597857570066
2025-08-25,0.004255104080774991,0.004255104080774991,0.0,0.0,1.4007950593234901
2025-08-26,-0.006211706325315214,-0.006211706325315214,0.0,0.0,1.3920937317930202
2025-08-27,0.0006961410455912209,0.0006961410455912209,0.0,0.0,1.3930628253790316
2025-08-28,0.00561411171618474,0.00561411171618474,0.0,0.0,1.4008836357083734
2025-08-29,-0.002293784414852099,-0.002293784414852099,0.0,0.0,1.3976703106577641
2025-09-01,-0.002492153380016051,-0.002492153380016051,0.0,0.0,1.3941871018689103
2025-09-02,0.0037109819151970188,0.0037109819151970188,0.0,0.0,1.3993609049903468
2025-09-03,0.0019099696124253488,0.0019099696124253488,0.0,0.0,1.4020336417956945
2025-09-04,0.005734550946063519,0.005734550946063519,0.0,0.0,1.4100736751426668
2025-09-05,-0.0008242260882503534,-0.0008242260882503534,0.0,0.0,1.4089114556332591
2025-09-08,0.0018026869765944114,0.0018026869765944114,0.0,0.0,1.4114512819655038
2025-09-09,0.005629217944833814,0.005629217944833814,0.0,0.0,1.4193966488502028
2025-09-10,0.002981921792765141,0.002981921792765141,0.0,0.0,1.423629178649987
2025-09-11,-0.007554200506277845,-0.007554200506277845,0.0,0.0,1.4128747983878773
2025-09-12,0.009664007804760393,0.009664007804760393,0.0,0.0,1.4265288314666469
2025-09-15,-0.003535613081595267,-0.003535613081595267,0.0,0.0,1.4214851774688406
2025-09-16,-0.0007709094109806768,-0.0007709094109806768,0.0,0.0,1.4203893411679605
2025-09-17,-0.004387905119679805,-0.004387905119679805,0.0,0.0,1.414156807505911
2025-09-18,0.005814662905856998,0.005814662905856998,0.0,0.0,1.422379652637581
2025-09-19,-0.0009114675643507853,-0.0009114675643507853,0.0,0.0,1.4210831997200093
2025-09-22,0.003347599648510286,0.003347599648510286,0.0,0.0,1.425840417339896
2025-09-23,0.002047929761900096,0.002047929761900096,0.0,0.0,1.4287604383662864
2025-09-24,0.0043413196173731836,0.0043413196173731836,0.0,0.0,1.4349631440858928
2025-09-25,-0.001604856091455597,-0.001604856091455597,0.0,0.0,1.4326602347430923
2025-09-26,-0.003989448706938131,-0.003989448706938131,0.0,0.0,1.4269447102221147
2025-09-30,0.008905452475820018,0.008905452475820018,0.0,0.0,1.4396522985246205
2025-10-01,-0.0007021073171329748,-0.0007021073171329748,0.0,0.0,1.4386415081116992
2025-10-02,-0.0015651075496214235,-0.0015651075496214235,0.0,0.0,1.4363898794261547
2025-10-03,-0.0028138046841191585,-0.0028138046841191585,0.0,0.0,1.432348158855204
2025-10-07,0.005380043683160254,0.005380043683160254,0.0,0.0,1.4400542545193393
2025-10-08,0.0029775195926318022,0.0029775195926318022,0.0,0.0,1.4443420442766235
2025-10-09,-0.0017944194258182956,-0.0017944194258182956,0.0,0.0,1.4417502888548475
2025-10-13,-0.0082593594482262,-0.0082593594482262,0.0,0.0,1.4298423549846113
2025-10-14,-0.0018325663462173368,-0.0018325663462173368,0.0,0.0,1.4272220740044703
2025-10-15,-0.0009721740289864711,-0.0009721740289864711,0.0,0.0,1.4258345657705271
2025-10-16,0.003903265822788463,0.003903265822788463,0.0,0.0,1.4313999771000496
2025-10-17,0.0006566882331557393,0.0006566882331557393,0.0,0.0,1.4323399606219507
2025-10-20,0.005856723264616956,0.005856723264616956,0.0,0.0,1.4407287793921657
2025-10-21,0.0027082781793539078,0.0027082781793539078,0.0,0.0,1.4446306737077608
2025-10-22,0.005954312157078682,0.005954312157078682,0.0,0.0,1.4532324556907077
2025-10-23,-0.0008120480736024804,-0.0008120480736024804,0.0,0.0,1.4520523610745675
2025-10-27,-0.005854334721739619,-0.005854334721739619,0.0,0.0,1.4435515605193447
2025-10-28,-0.00545567309860139,-0.00545567309860139,0.0,0.0,1.4356760151041752
2025-10-29,0.0024949889325114353,0.0024949889325114353,0.0,0.0,1.4392580108725321
2025-10-30,-0.004598414999115745,-0.004598414999115745,0.0,0.0,1.4326397052477384
2025-10-31,-0.00670228451822647,-0.00670228451822647,0.0,0.0,1.42303774633106
2025-11-03,0.004719227741706022,0.004719227741706022,0.0,0.0,1.4297533855410405
2025-11-04,-0.0037656590126237273,-0.0037656590126237273,0.0,0.0,1.4243694218189487
2025-11-05,0.0032594944845286975,0.0032594944845286975,0.0,0.0,1.429012146093299
2025-11-06,0.0007908129952087112,0.0007908129952087112,0.0,0.0,1.4301422274687408
2025-11-07,-0.0029248823183721734,-0.0029248823183721734,0.0,0.0,1.42595922975486
2025-11-10,-0.002247854312930978,-0.002247854312930978,0.0,0.0,1.4227538811501919
2025-11-11,0.0001469347459517041,0.0001469347459517041,0.0,0.0,1.4229629331302704
2025-11-12,0.005899686493785326,0.005899686493785326,0.0,0.0,1.4313579683280162
2025-11-13,-0.006467815521003757,-0.006467815521003757,0.0,0.0,1.422100209044352
2025-11-14,-0.006611238803069927,-0.006611238803069927,0.0,0.0,1.412698364960464
2025-11-17,-0.003946527300438615,-0.003946527300438615,0.0,0.0,1.4071231122958625
2025-11-18,-0.01091333518787021,-0.01091333518787021,0.0,0.0,1.3917667061207786
2025-11-19,-0.0023459699807134434,-0.0023459699807134434,0.0,0.0,1.3885016632080627
2025-11-20,0.016689288672890278,0.016689288672890278,0.0,0.0,1.4116747682881303
2025-11-21,-0.010492196413295728,-0.010492196413295728,0.0,0.0,1.3968631993475575
2025-11-24,0.007798669781571805,0.007798669781571805,0.0,0.0,1.407756874169299
2025-11-25,-0.008427543106429956,-0.008427543106429956,0.0,0.0,1.3958929424288642
2025-11-26,0.009392161082987219,0.009392161082987219,0.0,0.0,1.4090033937987612
2025-11-27,0.00405644466916631,0.00405644466916631,0.0,0.0,1.4147189381043732
2025-11-28,-0.0058859578927942195,-0.0058859578927942195,0.0,0.0,1.4063919620045524
2025-12-01,-0.002562977324817069,-0.002562977324817069,0.0,0.0,1.4027874112961298
2025-12-02,0.005683903759841377,0.005683903759841377,0.0,0.0,1.4107607199374539
2025-12-03,-0.0015090430847245,-0.0015090430847245,0.0,0.0,1.4086318212288313
2025-12-04,0.005577437546262572,0.005577437546262572,0.0,0.0,1.416488377237413
2025-12-05,0.0015590458194371273,0.0015590458194371273,0.0,0.0,1.4186967475202266
2025-12-08,-0.0031965194511748515,-0.0031965194511748515,0.0,0.0,1.4141618557714597
2025-12-09,-0.00017904083273398267,-0.00017904083273398267,0.0,0.0,1.4139086630551816
2025-12-10,-0.0034038905803344213,-0.0034038905803344213,0.0,0.0,1.409095872675555
2025-12-11,0.0009844348808792248,0.0009844348808792248,0.0,0.0,1.4104830358031197
2025-12-12,0.0034327842881353853,0.0034327842881353853,0.0,0.0,1.4153249198071063
2025-12-15,0.0010103649138142768,0.0010103649138142768,0.0,0.0,1.4167549144477263
2025-12-16,0.0006009576301569993,0.0006009576301569993,0.0,0.0,1.4176063241236263
2025-12-17,0.006667982991891562,0.006667982991891562,0.0,0.0,1.4270588989820807
2025-12-18,-0.00042537253857714326,-0.00042537253857714326,0.0,0.0,1.4264518673155218
2025-12-19,0.012642109512075932,0.012642109512075932,0.0,0.0,1.4444852280358298
2025-12-22,0.0021986737839108286,0.0021986737839108286,0.0,0.0,1.4476611798379586
2025-12-23,-0.0032864163323951066,-0.0032864163323951066,0.0,0.0,1.4429035624927649
2025-12-24,0.002229466695584586,0.002229466695584586,0.0,0.0,1.446120467930283
2025-12-26,0.005056719553437263,0.005056719553437263,0.0,0.0,1.4534330935770918
2025-12-29,-0.0007689910690641923,-0.0007689910690641923,0.0,0.0,1.4523154165086487
2025-12-30,-1.5859680618607384e-05,-1.5859680618607384e-05,0.0,0.0,1.4522923832499854
2025-12-31,-0.006027666422349346,-0.006027666422349346,0.0,0.0,1.443538449216036
2026-01-02,0.005178136799724557,0.005178136799724557,0.0,0.0,1.4510132887817389
2026-01-05,0.0038287684101485074,0.0038287684101485074,0.0,0.0,1.4565688826245322
2026-01-06,0.008256630839270846,0.008256630839270846,0.0,0.0,1.4685952341803323
2026-01-07,0.005413543396522584,0.005413543396522584,0.0,0.0,1.4765455382124937
2026-01-08,-0.0019324455148827815,-0.0019324455148827815,0.0,0.0,1.4736921944096548
2026-01-09,0.0002886836151671907,0.0002886836151671907,0.0,0.0,1.4741176251999808
2026-01-12,0.002098629502948533,0.002098629502948533,0.0,0.0,1.477211251939042
2026-01-13,-0.0007840555506808943,-0.0007840555506808943,0.0,0.0,1.476053036257431
2026-01-14,0.006021094047044823,0.006021094047044823,0.0,0.0,1.484940490407163
2026-01-15,0.008267420600235912,0.008267420600235912,0.0,0.0,1.4972171180076796
2026-01-16,0.002808853403002159,0.002808853403002159,0.0,0.0,1.5014225814046287
2026-01-19,0.006414455221667449,0.006414455221667449,0.0,0.0,1.511053389321849
2026-01-20,-0.007250860366144433,-0.007250860366144433,0.0,0.0,1.5000969521900869
2026-01-21,-0.0056853279176205355,-0.0056853279176205355,0.0,0.0,1.4915684091086632
2026-01-22,0.0028965698847043097,0.0028965698847043097,0.0,0.0,1.4958888412434637
2026-01-23,-3.728914781604296e-05,-3.728914781604296e-05,0.0,0.0,1.495833060823346
2026-01-26,0.0051778612117380236,0.0051778612117380236,0.0,0.0,1.5035782768082189
2026-01-27,-0.0041291042526648905,-0.0041291042526648905,0.0,0.0,1.4973698453512356
2026-01-28,-0.0010844914873869532,-0.0010844914873869532,0.0,0.0,1.4957459605004821
2026-01-29,-0.0017819177973339327,-0.0017819177973339327,0.0,0.0,1.493080664153176
2026-01-30,-0.007937136152414356,-0.007937136152414356,0.0,0.0,1.481229879635255
2026-02-02,-0.008109378004805436,-0.008109378004805436,0.0,0.0,1.4692180266292802
2026-02-03,0.005235524094536523,0.005235524094536523,0.0,0.0,1.4769101530078252
2026-02-04,0.008807989930245126,0.008807989930245126,0.0,0.0,1.489918762763395
2026-02-05,0.000540500949876679,0.000540500949876679,0.0,0.0,1.4907240652699076
2026-02-06,0.0019139691316748773,0.0019139691316748773,0.0,0.0,1.4935772651146793
2026-02-09,0.002262805995426835,0.002262805995426835,0.0,0.0,1.496956940704814
2026-02-10,0.004678411559032183,0.004678411559032183,0.0,0.0,1.503960321359581
2026-02-11,0.00817738696939792,0.00817738696939792,0.0,0.0,1.5162587868939583
2026-02-23,0.023773160238200287,0.023773160238200287,0.0,0.0,1.5523050499973676
2026-02-24,0.007532799641486486,0.007532799641486486,0.0,0.0,1.5639982529214653
2026-02-25,0.0014126299018775365,0.0014126299018775365,0.0,0.0,1.5662076036200263
2026-02-26,0.00032744866896999673,0.00032744866896999673,0.0,0.0,1.5667204562151622
2026-03-02,-0.006705519211895316,-0.006705519211895316,0.0,0.0,1.5562147820963421
2026-03-03,-0.005463888094610721,-0.005463888094610721,0.0,0.0,1.5477117986757887
2026-03-04,-0.034696700481359935,-0.034696700481359935,0.0,0.0,1.494011305965668
2026-03-05,0.0118275743186635,0.0118275743186635,0.0,0.0,1.5116818357199004
2026-03-06,0.005590542631010538,0.005590542631010538,0.0,0.0,1.5201329574670168
2026-03-09,-0.018920721713945834,-0.018920721713945834,0.0,0.0,1.4913709448105859
2026-03-10,-0.002075035046215122,-0.002075035046215122,0.0,0.0,1.488276297833197
2026-03-11,0.011008275869323951,0.011008275869323951,0.0,0.0,1.504659653889521
2026-03-12,0.0022470027914633164,0.0022470027914633164,0.0,0.0,1.5080406283320131
2026-03-13,-0.0018857734132223013,-0.0018857734132223013,0.0,0.0,1.5051968054090457
2026-03-16,0.008978870967457019,0.008978870967457019,0.0,0.0,1.5187117733054418
2026-03-17,0.005857359995661372,0.005857359995661372,0.0,0.0,1.527607414891341
2026-03-18,0.0018712903756604984,0.0018712903756604984,0.0,0.0,1.530466011944615
2026-03-19,-0.013105134480060723,-0.013105134480060723,0.0,0.0,1.5104090490409185
2026-03-20,-0.000614944166400765,-0.000614944166400765,0.0,0.0,1.509480231807332
2026-03-23,-0.01677191003565133,-0.01677191003565133,0.0,0.0,1.4841633651588653
2026-03-24,0.007448630327204305,0.007448630327204305,0.0,0.0,1.4952183494111133
2026-03-25,0.010613479549963618,0.010613479549963618,0.0,0.0,1.5110878187853187
2026-03-26,-0.0004951157493328165,-0.0004951157493328165,0.0,0.0,1.5103396554076132
2026-03-27,-0.0012473099696547895,-0.0012473099696547895,0.0,0.0,1.5084557936978582
2026-03-30,-0.013014890000580152,-0.013014890000580152,0.0,0.0,1.4888234074721427
2026-03-31,-0.008201212124268456,-0.008201212124268456,0.0,0.0,1.4766132508918874
2026-04-01,0.02209533309529936,0.02209533309529936,0.0,0.0,1.5092395125232765
2026-04-02,-0.004654287873617653,-0.004654287873617653,0.0,0.0,1.5022150773617549
2026-04-07,0.006090286136128378,0.006090286136128378,0.0,0.0,1.511363997020894
2026-04-08,0.011996060957837174,0.011996060957837174,0.0,0.0,1.529494411658637
2026-04-09,0.008690609792141566,0.008690609792141566,0.0,0.0,1.5427866507696233
2026-04-10,-0.0061443164821818105,-0.0061443164821818105,0.0,0.0,1.5333072813228095
2026-04-13,-0.003711132426053275,-0.003711132426053275,0.0,0.0,1.5276169749519888
2026-04-14,0.009445968093363526,0.009445968093363526,0.0,0.0,1.5420467961562658
2026-04-15,0.007967770631580325,0.007967770631580325,0.0,0.0,1.5543334713312023
2026-04-16,0.006971712876984424,0.006971712876984424,0.0,0.0,1.5651698380084098
2026-04-17,0.00565571317870036,0.00565571317870036,0.0,0.0,1.5740219896881382
