date,gross_ret,net_ret,turnover,total_cost,equity
2015-01-05,0.0,0.0,0.0,0.0,1.0
2015-01-06,0.0,0.0,0.0,0.0,1.0
2015-01-07,0.0,0.0,0.0,0.0,1.0
2015-01-08,0.0,0.0,0.0,0.0,1.0
2015-01-09,0.0,0.0,0.0,0.0,1.0
2015-01-12,0.0,0.0,0.0,0.0,1.0
2015-01-13,0.0,0.0,0.0,0.0,1.0
2015-01-14,0.0,0.0,0.0,0.0,1.0
2015-01-15,0.0,0.0,0.0,0.0,1.0
2015-01-16,0.0,0.0,0.0,0.0,1.0
2015-01-19,0.0,0.0,0.0,0.0,1.0
2015-01-20,0.0,0.0,0.0,0.0,1.0
2015-01-21,0.0,0.0,0.0,0.0,1.0
2015-01-22,0.0,0.0,0.0,0.0,1.0
2015-01-23,0.0,0.0,0.0,0.0,1.0
2015-01-26,0.0,0.0,0.0,0.0,1.0
2015-01-27,0.0,0.0,0.0,0.0,1.0
2015-01-28,0.0,0.0,0.0,0.0,1.0
2015-01-29,0.0,0.0,0.0,0.0,1.0
2015-01-30,0.0,0.0,0.0,0.0,1.0
2015-02-02,0.0,0.0,0.0,0.0,1.0
2015-02-03,0.0,0.0,0.0,0.0,1.0
2015-02-04,0.0,0.0,0.0,0.0,1.0
2015-02-05,0.0,0.0,0.0,0.0,1.0
2015-02-06,0.0,0.0,0.0,0.0,1.0
2015-02-09,0.0,0.0,0.0,0.0,1.0
2015-02-10,0.0,0.0,0.0,0.0,1.0
2015-02-11,0.0,0.0,0.0,0.0,1.0
2015-02-12,0.0,0.0,0.0,0.0,1.0
2015-02-13,0.0,0.0,0.0,0.0,1.0
2015-02-24,0.0,0.0,0.0,0.0,1.0
2015-02-25,0.0,0.0,0.0,0.0,1.0
2015-02-26,0.0,0.0,0.0,0.0,1.0
2015-03-02,0.0,0.0,0.0,0.0,1.0
2015-03-03,0.0,0.0,0.0,0.0,1.0
2015-03-04,0.0,0.0,0.0,0.0,1.0
2015-03-05,0.0,0.0,0.0,0.0,1.0
2015-03-06,0.0,0.0,0.0,0.0,1.0
2015-03-09,0.0,0.0,0.0,0.0,1.0
2015-03-10,0.0,0.0,0.0,0.0,1.0
2015-03-11,0.0,0.0,0.0,0.0,1.0
2015-03-12,0.0,0.0,0.0,0.0,1.0
2015-03-13,0.0,0.0,0.0,0.0,1.0
2015-03-16,0.0,0.0,0.0,0.0,1.0
2015-03-17,0.0,0.0,0.0,0.0,1.0
2015-03-18,0.0,0.0,0.0,0.0,1.0
2015-03-19,0.0,0.0,0.0,0.0,1.0
2015-03-20,0.0,0.0,0.0,0.0,1.0
2015-03-23,0.0,0.0,0.0,0.0,1.0
2015-03-24,0.0,0.0,0.0,0.0,1.0
2015-03-25,0.0,0.0,0.0,0.0,1.0
2015-03-26,0.0,0.0,0.0,0.0,1.0
2015-03-27,0.0,0.0,0.0,0.0,1.0
2015-03-30,0.0,0.0,0.0,0.0,1.0
2015-03-31,0.0,0.0,0.0,0.0,1.0
2015-04-01,0.0,0.0,0.0,0.0,1.0
2015-04-02,0.0,0.0,0.0,0.0,1.0
2015-04-07,0.0,0.0,0.0,0.0,1.0
2015-04-08,0.0,0.0,0.0,0.0,1.0
2015-04-09,0.0,0.0,0.0,0.0,1.0
2015-04-10,0.0,0.0,0.0,0.0,1.0
2015-04-13,0.0,0.0,0.0,0.0,1.0
2015-04-14,0.0,0.0,0.0,0.0,1.0
2015-04-15,0.0,0.0,0.0,0.0,1.0
2015-04-16,0.0,0.0,0.0,0.0,1.0
2015-04-17,0.0,0.0,0.0,0.0,1.0
2015-04-20,0.0,0.0,0.0,0.0,1.0
2015-04-21,0.0,0.0,0.0,0.0,1.0
2015-04-22,0.0,0.0,0.0,0.0,1.0
2015-04-23,0.0,0.0,0.0,0.0,1.0
2015-04-24,0.0,0.0,0.0,0.0,1.0
2015-04-27,0.0,0.0,0.0,0.0,1.0
2015-04-28,0.0,0.0,0.0,0.0,1.0
2015-04-29,0.0,0.0,0.0,0.0,1.0
2015-04-30,0.0,0.0,0.0,0.0,1.0
2015-05-04,0.0,0.0,0.0,0.0,1.0
2015-05-05,0.0,0.0,0.0,0.0,1.0
2015-05-06,0.0,0.0,0.0,0.0,1.0
2015-05-07,0.0,0.0,0.0,0.0,1.0
2015-05-08,0.0,0.0,0.0,0.0,1.0
2015-05-11,0.0,0.0,0.0,0.0,1.0
2015-05-12,0.0,0.0,0.0,0.0,1.0
2015-05-13,0.0,0.0,0.0,0.0,1.0
2015-05-14,0.0,0.0,0.0,0.0,1.0
2015-05-15,0.0,0.0,0.0,0.0,1.0
2015-05-18,0.0,0.0,0.0,0.0,1.0
2015-05-19,0.0,0.0,0.0,0.0,1.0
2015-05-20,0.0,0.0,0.0,0.0,1.0
2015-05-21,0.0,0.0,0.0,0.0,1.0
2015-05-22,0.0,0.0,0.0,0.0,1.0
2015-05-25,0.0,0.0,0.0,0.0,1.0
2015-05-26,0.0,0.0,0.0,0.0,1.0
2015-05-27,0.0,0.0,0.0,0.0,1.0
2015-05-28,0.0,0.0,0.0,0.0,1.0
2015-05-29,0.0,0.0,0.0,0.0,1.0
2015-06-01,0.0,0.0,0.0,0.0,1.0
2015-06-02,0.0,0.0,0.0,0.0,1.0
2015-06-03,0.0,0.0,0.0,0.0,1.0
2015-06-04,0.0,0.0,0.0,0.0,1.0
2015-06-05,0.0,0.0,0.0,0.0,1.0
2015-06-08,0.0,0.0,0.0,0.0,1.0
2015-06-09,0.0,0.0,0.0,0.0,1.0
2015-06-10,0.0,0.0,0.0,0.0,1.0
2015-06-11,0.0,0.0,0.0,0.0,1.0
2015-06-12,0.0,0.0,0.0,0.0,1.0
2015-06-15,0.0,0.0,0.0,0.0,1.0
2015-06-16,0.0,0.0,0.0,0.0,1.0
2015-06-17,0.0,0.0,0.0,0.0,1.0
2015-06-18,0.0,0.0,0.0,0.0,1.0
2015-06-22,0.0,0.0,0.0,0.0,1.0
2015-06-23,0.0,0.0,0.0,0.0,1.0
2015-06-24,0.0,0.0,0.0,0.0,1.0
2015-06-25,0.0,0.0,0.0,0.0,1.0
2015-06-26,0.0,0.0,0.0,0.0,1.0
2015-06-29,0.0,0.0,0.0,0.0,1.0
2015-06-30,0.0,0.0,0.0,0.0,1.0
2015-07-01,0.0,0.0,0.0,0.0,1.0
2015-07-02,0.0,0.0,0.0,0.0,1.0
2015-07-03,0.0,0.0,0.0,0.0,1.0
2015-07-06,0.0,0.0,0.0,0.0,1.0
2015-07-07,0.0,0.0,0.0,0.0,1.0
2015-07-08,0.0,0.0,0.0,0.0,1.0
2015-07-09,0.0,0.0,0.0,0.0,1.0
2015-07-13,0.0,0.0,0.0,0.0,1.0
2015-07-14,0.0,0.0,0.0,0.0,1.0
2015-07-15,0.0,0.0,0.0,0.0,1.0
2015-07-16,0.0,0.0,0.0,0.0,1.0
2015-07-17,0.0,0.0,0.0,0.0,1.0
2015-07-20,0.0,0.0,0.0,0.0,1.0
2015-07-21,0.0,0.0,0.0,0.0,1.0
2015-07-22,0.0,0.0,0.0,0.0,1.0
2015-07-23,0.0,0.0,0.0,0.0,1.0
2015-07-24,0.0,0.0,0.0,0.0,1.0
2015-07-27,0.0,0.0,0.0,0.0,1.0
2015-07-28,0.0,0.0,0.0,0.0,1.0
2015-07-29,0.0,0.0,0.0,0.0,1.0
2015-07-30,0.0,0.0,0.0,0.0,1.0
2015-07-31,0.0,0.0,0.0,0.0,1.0
2015-08-03,0.0,0.0,0.0,0.0,1.0
2015-08-04,0.0,0.0,0.0,0.0,1.0
2015-08-05,0.0,0.0,0.0,0.0,1.0
2015-08-06,0.0,0.0,0.0,0.0,1.0
2015-08-07,0.0,0.0,0.0,0.0,1.0
2015-08-10,0.0,0.0,0.0,0.0,1.0
2015-08-11,0.0,0.0,0.0,0.0,1.0
2015-08-12,0.0,0.0,0.0,0.0,1.0
2015-08-13,0.0,0.0,0.0,0.0,1.0
2015-08-14,0.0,0.0,0.0,0.0,1.0
2015-08-17,0.0,0.0,0.0,0.0,1.0
2015-08-18,0.0,0.0,0.0,0.0,1.0
2015-08-19,0.0,0.0,0.0,0.0,1.0
2015-08-20,0.0,0.0,0.0,0.0,1.0
2015-08-21,0.0,0.0,0.0,0.0,1.0
2015-08-24,0.0,0.0,0.0,0.0,1.0
2015-08-25,0.0,0.0,0.0,0.0,1.0
2015-08-26,0.0,0.0,0.0,0.0,1.0
2015-08-27,0.0,0.0,0.0,0.0,1.0
2015-08-28,0.0,0.0,0.0,0.0,1.0
2015-08-31,0.0,0.0,0.0,0.0,1.0
2015-09-01,0.0,0.0,0.0,0.0,1.0
2015-09-02,0.0,0.0,0.0,0.0,1.0
2015-09-03,0.0,0.0,0.0,0.0,1.0
2015-09-04,0.0,0.0,0.0,0.0,1.0
2015-09-07,0.0,0.0,0.0,0.0,1.0
2015-09-08,0.0,0.0,0.0,0.0,1.0
2015-09-09,0.0,0.0,0.0,0.0,1.0
2015-09-10,0.0,0.0,0.0,0.0,1.0
2015-09-11,0.0,0.0,0.0,0.0,1.0
2015-09-14,0.0,0.0,0.0,0.0,1.0
2015-09-15,0.0,0.0,0.0,0.0,1.0
2015-09-16,0.0,0.0,0.0,0.0,1.0
2015-09-17,0.0,0.0,0.0,0.0,1.0
2015-09-18,0.0,0.0,0.0,0.0,1.0
2015-09-21,0.0,0.0,0.0,0.0,1.0
2015-09-22,0.0,0.0,0.0,0.0,1.0
2015-09-23,0.0,0.0,0.0,0.0,1.0
2015-09-24,0.0,0.0,0.0,0.0,1.0
2015-09-25,0.0,0.0,0.0,0.0,1.0
2015-09-30,0.0,0.0,0.0,0.0,1.0
2015-10-01,0.0,0.0,0.0,0.0,1.0
2015-10-02,0.0,0.0,0.0,0.0,1.0
2015-10-05,0.0,0.0,0.0,0.0,1.0
2015-10-06,0.0,0.0,0.0,0.0,1.0
2015-10-07,0.0,0.0,0.0,0.0,1.0
2015-10-08,0.0,0.0,0.0,0.0,1.0
2015-10-12,0.0,0.0,0.0,0.0,1.0
2015-10-13,0.0,0.0,0.0,0.0,1.0
2015-10-14,0.0,0.0,0.0,0.0,1.0
2015-10-15,0.0,0.0,0.0,0.0,1.0
2015-10-16,0.0,0.0,0.0,0.0,1.0
2015-10-19,0.0,0.0,0.0,0.0,1.0
2015-10-20,0.0,0.0,0.0,0.0,1.0
2015-10-21,0.0,0.0,0.0,0.0,1.0
2015-10-22,0.0,0.0,0.0,0.0,1.0
2015-10-23,0.0,0.0,0.0,0.0,1.0
2015-10-26,0.0,0.0,0.0,0.0,1.0
2015-10-27,0.0,0.0,0.0,0.0,1.0
2015-10-28,0.0,0.0,0.0,0.0,1.0
2015-10-29,0.0,0.0,0.0,0.0,1.0
2015-10-30,0.0,0.0,0.0,0.0,1.0
2015-11-02,0.0,0.0,0.0,0.0,1.0
2015-11-03,0.0,0.0,0.0,0.0,1.0
2015-11-04,0.0,0.0,0.0,0.0,1.0
2015-11-05,0.0,0.0,0.0,0.0,1.0
2015-11-06,0.0,0.0,0.0,0.0,1.0
2015-11-09,0.0,0.0,0.0,0.0,1.0
2015-11-10,0.0,0.0,0.0,0.0,1.0
2015-11-11,0.0,0.0,0.0,0.0,1.0
2015-11-12,0.0,0.0,0.0,0.0,1.0
2015-11-13,0.0,0.0,0.0,0.0,1.0
2015-11-16,0.0,0.0,0.0,0.0,1.0
2015-11-17,0.0,0.0,0.0,0.0,1.0
2015-11-18,0.0,0.0,0.0,0.0,1.0
2015-11-19,0.0,0.0,0.0,0.0,1.0
2015-11-20,0.0,0.0,0.0,0.0,1.0
2015-11-23,0.0,0.0,0.0,0.0,1.0
2015-11-24,0.0,0.0,0.0,0.0,1.0
2015-11-25,0.0,0.0,0.0,0.0,1.0
2015-11-26,0.0,0.0,0.0,0.0,1.0
2015-11-27,0.0,0.0,0.0,0.0,1.0
2015-11-30,0.0,0.0,0.0,0.0,1.0
2015-12-01,0.0,0.0,0.0,0.0,1.0
2015-12-02,0.0,0.0,0.0,0.0,1.0
2015-12-03,0.0,0.0,0.0,0.0,1.0
2015-12-04,0.0,0.0,0.0,0.0,1.0
2015-12-07,0.0,0.0,0.0,0.0,1.0
2015-12-08,0.0,0.0,0.0,0.0,1.0
2015-12-09,0.0,0.0,0.0,0.0,1.0
2015-12-10,0.0,0.0,0.0,0.0,1.0
2015-12-11,0.0,0.0,0.0,0.0,1.0
2015-12-14,0.0,0.0,0.0,0.0,1.0
2015-12-15,0.0,0.0,0.0,0.0,1.0
2015-12-16,0.0,0.0,0.0,0.0,1.0
2015-12-17,0.0,0.0,0.0,0.0,1.0
2015-12-18,0.0,0.0,0.0,0.0,1.0
2015-12-21,0.0,0.0,0.0,0.0,1.0
2015-12-22,0.0,0.0,0.0,0.0,1.0
2015-12-23,0.0,0.0,0.0,0.0,1.0
2015-12-24,0.0,0.0,0.0,0.0,1.0
2015-12-25,0.0,0.0,0.0,0.0,1.0
2015-12-28,0.0,0.0,0.0,0.0,1.0
2015-12-29,0.0,0.0,0.0,0.0,1.0
2015-12-30,0.0,0.0,0.0,0.0,1.0
2015-12-31,0.0,0.0,0.0,0.0,1.0
2016-01-04,0.0,0.0,0.0,0.0,1.0
2016-01-05,0.0,0.0,0.0,0.0,1.0
2016-01-06,0.0,0.0,0.0,0.0,1.0
2016-01-07,0.0,0.0,0.0,0.0,1.0
2016-01-08,0.0,0.0,0.0,0.0,1.0
2016-01-11,0.0,0.0,0.0,0.0,1.0
2016-01-12,0.0,0.0,0.0,0.0,1.0
2016-01-13,0.0,0.0,0.0,0.0,1.0
2016-01-14,0.0,0.0,0.0,0.0,1.0
2016-01-15,0.0,0.0,0.0,0.0,1.0
2016-01-18,0.0,0.0,0.0,0.0,1.0
2016-01-19,0.0,0.0,0.0,0.0,1.0
2016-01-20,0.0,0.0,0.0,0.0,1.0
2016-01-21,0.0,0.0,0.0,0.0,1.0
2016-01-22,0.0,0.0,0.0,0.0,1.0
2016-01-25,0.0,0.0,0.0,0.0,1.0
2016-01-26,0.0,0.0,0.0,0.0,1.0
2016-01-27,0.0,0.0,0.0,0.0,1.0
2016-01-28,0.0,0.0,0.0,0.0,1.0
2016-01-29,0.0,0.0,0.0,0.0,1.0
2016-01-30,0.0,0.0,0.0,0.0,1.0
2016-02-01,0.0,0.0,0.0,0.0,1.0
2016-02-02,0.0,0.0,0.0,0.0,1.0
2016-02-03,0.0,0.0,0.0,0.0,1.0
2016-02-15,0.0,0.0,0.0,0.0,1.0
2016-02-16,0.0,0.0,0.0,0.0,1.0
2016-02-17,0.0,0.0,0.0,0.0,1.0
2016-02-18,0.0,0.0,0.0,0.0,1.0
2016-02-19,0.0,0.0,0.0,0.0,1.0
2016-02-22,0.0,0.0,0.0,0.0,1.0
2016-02-23,0.0,0.0,0.0,0.0,1.0
2016-02-24,0.0,0.0,0.0,0.0,1.0
2016-02-25,0.0,0.0,0.0,0.0,1.0
2016-02-26,0.0,0.0,0.0,0.0,1.0
2016-03-01,0.0,0.0,0.0,0.0,1.0
2016-03-02,0.0,0.0,0.0,0.0,1.0
2016-03-03,0.0,0.0,0.0,0.0,1.0
2016-03-04,0.0,0.0,0.0,0.0,1.0
2016-03-07,0.0,0.0,0.0,0.0,1.0
2016-03-08,0.0,0.0,0.0,0.0,1.0
2016-03-09,0.0,0.0,0.0,0.0,1.0
2016-03-10,0.0,0.0,0.0,0.0,1.0
2016-03-11,0.0,0.0,0.0,0.0,1.0
2016-03-14,0.0,0.0,0.0,0.0,1.0
2016-03-15,0.0,0.0,0.0,0.0,1.0
2016-03-16,0.0,0.0,0.0,0.0,1.0
2016-03-17,0.0,0.0,0.0,0.0,1.0
2016-03-18,0.0,0.0,0.0,0.0,1.0
2016-03-21,0.0,0.0,0.0,0.0,1.0
2016-03-22,0.0,0.0,0.0,0.0,1.0
2016-03-23,0.0,0.0,0.0,0.0,1.0
2016-03-24,0.0,0.0,0.0,0.0,1.0
2016-03-25,0.0,0.0,0.0,0.0,1.0
2016-03-28,0.0,0.0,0.0,0.0,1.0
2016-03-29,0.0,0.0,0.0,0.0,1.0
2016-03-30,0.0,0.0,0.0,0.0,1.0
2016-03-31,0.0,0.0,0.0,0.0,1.0
2016-04-01,0.0,0.0,0.0,0.0,1.0
2016-04-06,0.0,0.0,0.0,0.0,1.0
2016-04-07,0.0,0.0,0.0,0.0,1.0
2016-04-08,0.0,0.0,0.0,0.0,1.0
2016-04-11,0.0,0.0,0.0,0.0,1.0
2016-04-12,0.0,0.0,0.0,0.0,1.0
2016-04-13,0.0,0.0,0.0,0.0,1.0
2016-04-14,0.0,0.0,0.0,0.0,1.0
2016-04-15,0.0,0.0,0.0,0.0,1.0
2016-04-18,0.0,0.0,0.0,0.0,1.0
2016-04-19,0.0,0.0,0.0,0.0,1.0
2016-04-20,0.0,0.0,0.0,0.0,1.0
2016-04-21,0.0,0.0,0.0,0.0,1.0
2016-04-22,0.0,0.0,0.0,0.0,1.0
2016-04-25,0.0,0.0,0.0,0.0,1.0
2016-04-26,0.0,0.0,0.0,0.0,1.0
2016-04-27,0.0,0.0,0.0,0.0,1.0
2016-04-28,0.0,0.0,0.0,0.0,1.0
2016-04-29,0.0,0.0,0.0,0.0,1.0
2016-05-03,0.0,0.0,0.0,0.0,1.0
2016-05-04,0.0,0.0,0.0,0.0,1.0
2016-05-05,0.0,0.0,0.0,0.0,1.0
2016-05-06,0.0,0.0,0.0,0.0,1.0
2016-05-09,0.0,0.0,0.0,0.0,1.0
2016-05-10,0.0,0.0,0.0,0.0,1.0
2016-05-11,0.0,0.0,0.0,0.0,1.0
2016-05-12,0.0,0.0,0.0,0.0,1.0
2016-05-13,0.0,0.0,0.0,0.0,1.0
2016-05-16,0.0,0.0,0.0,0.0,1.0
2016-05-17,0.0,0.0,0.0,0.0,1.0
2016-05-18,0.0,0.0,0.0,0.0,1.0
2016-05-19,0.0,0.0,0.0,0.0,1.0
2016-05-20,0.0,0.0,0.0,0.0,1.0
2016-05-23,0.0,0.0,0.0,0.0,1.0
2016-05-24,0.0,0.0,0.0,0.0,1.0
2016-05-25,0.0,0.0,0.0,0.0,1.0
2016-05-26,0.0,0.0,0.0,0.0,1.0
2016-05-27,0.0,0.0,0.0,0.0,1.0
2016-05-30,0.0,0.0,0.0,0.0,1.0
2016-05-31,0.0,0.0,0.0,0.0,1.0
2016-06-01,0.0,0.0,0.0,0.0,1.0
2016-06-02,0.0,0.0,0.0,0.0,1.0
2016-06-03,0.0,0.0,0.0,0.0,1.0
2016-06-04,0.0,0.0,0.0,0.0,1.0
2016-06-06,0.0,0.0,0.0,0.0,1.0
2016-06-07,0.0,0.0,0.0,0.0,1.0
2016-06-08,0.0,0.0,0.0,0.0,1.0
2016-06-13,0.0,0.0,0.0,0.0,1.0
2016-06-14,0.0,0.0,0.0,0.0,1.0
2016-06-15,0.0,0.0,0.0,0.0,1.0
2016-06-16,0.0,0.0,0.0,0.0,1.0
2016-06-17,0.0,0.0,0.0,0.0,1.0
2016-06-20,0.0,0.0,0.0,0.0,1.0
2016-06-21,0.0,0.0,0.0,0.0,1.0
2016-06-22,0.0,0.0,0.0,0.0,1.0
2016-06-23,0.0,0.0,0.0,0.0,1.0
2016-06-24,0.0,0.0,0.0,0.0,1.0
2016-06-27,0.0,0.0,0.0,0.0,1.0
2016-06-28,0.0,0.0,0.0,0.0,1.0
2016-06-29,0.0,0.0,0.0,0.0,1.0
2016-06-30,0.0,0.0,0.0,0.0,1.0
2016-07-01,0.0,0.0,0.0,0.0,1.0
2016-07-04,0.0,0.0,0.0,0.0,1.0
2016-07-05,0.0,0.0,0.0,0.0,1.0
2016-07-06,0.0,0.0,0.0,0.0,1.0
2016-07-07,0.0,0.0,0.0,0.0,1.0
2016-07-11,0.0,0.0,0.0,0.0,1.0
2016-07-12,0.0,0.0,0.0,0.0,1.0
2016-07-13,0.0,0.0,0.0,0.0,1.0
2016-07-14,0.0,0.0,0.0,0.0,1.0
2016-07-15,0.0,0.0,0.0,0.0,1.0
2016-07-18,0.0,0.0,0.0,0.0,1.0
2016-07-19,0.0,0.0,0.0,0.0,1.0
2016-07-20,0.0,0.0,0.0,0.0,1.0
2016-07-21,0.0,0.0,0.0,0.0,1.0
2016-07-22,0.0,0.0,0.0,0.0,1.0
2016-07-25,0.0,0.0,0.0,0.0,1.0
2016-07-26,0.0,0.0,0.0,0.0,1.0
2016-07-27,0.0,0.0,0.0,0.0,1.0
2016-07-28,0.0,0.0,0.0,0.0,1.0
2016-07-29,0.0,0.0,0.0,0.0,1.0
2016-08-01,0.0,0.0,0.0,0.0,1.0
2016-08-02,0.0,0.0,0.0,0.0,1.0
2016-08-03,0.0,0.0,0.0,0.0,1.0
2016-08-04,0.0,0.0,0.0,0.0,1.0
2016-08-05,0.0,0.0,0.0,0.0,1.0
2016-08-08,0.0,0.0,0.0,0.0,1.0
2016-08-09,0.0,0.0,0.0,0.0,1.0
2016-08-10,0.0,0.0,0.0,0.0,1.0
2016-08-11,0.0,0.0,0.0,0.0,1.0
2016-08-12,0.0,0.0,0.0,0.0,1.0
2016-08-15,0.0,0.0,0.0,0.0,1.0
2016-08-16,0.0,0.0,0.0,0.0,1.0
2016-08-17,0.0,0.0,0.0,0.0,1.0
2016-08-18,0.0,0.0,0.0,0.0,1.0
2016-08-19,0.0,0.0,0.0,0.0,1.0
2016-08-22,0.0,0.0,0.0,0.0,1.0
2016-08-23,0.0,0.0,0.0,0.0,1.0
2016-08-24,0.0,0.0,0.0,0.0,1.0
2016-08-25,0.0,0.0,0.0,0.0,1.0
2016-08-26,0.0,0.0,0.0,0.0,1.0
2016-08-29,0.0,0.0,0.0,0.0,1.0
2016-08-30,0.0,0.0,0.0,0.0,1.0
2016-08-31,0.0,0.0,0.0,0.0,1.0
2016-09-01,0.0,0.0,0.0,0.0,1.0
2016-09-02,0.0,0.0,0.0,0.0,1.0
2016-09-05,0.0,0.0,0.0,0.0,1.0
2016-09-06,0.0,0.0,0.0,0.0,1.0
2016-09-07,0.0,0.0,0.0,0.0,1.0
2016-09-08,0.0,0.0,0.0,0.0,1.0
2016-09-09,0.0,0.0,0.0,0.0,1.0
2016-09-10,0.0,0.0,0.0,0.0,1.0
2016-09-12,0.0,0.0,0.0,0.0,1.0
2016-09-13,0.0,0.0,0.0,0.0,1.0
2016-09-14,0.0,0.0,0.0,0.0,1.0
2016-09-19,0.0,0.0,0.0,0.0,1.0
2016-09-20,0.0,0.0,0.0,0.0,1.0
2016-09-21,0.0,0.0,0.0,0.0,1.0
2016-09-22,0.0,0.0,0.0,0.0,1.0
2016-09-23,0.0,0.0,0.0,0.0,1.0
2016-09-26,0.0,0.0,0.0,0.0,1.0
2016-09-29,0.0,0.0,0.0,0.0,1.0
2016-09-30,0.0,0.0,0.0,0.0,1.0
2016-10-03,0.0,0.0,0.0,0.0,1.0
2016-10-04,0.0,0.0,0.0,0.0,1.0
2016-10-05,0.0,0.0,0.0,0.0,1.0
2016-10-06,0.0,0.0,0.0,0.0,1.0
2016-10-07,0.0,0.0,0.0,0.0,1.0
2016-10-11,0.0,0.0,0.0,0.0,1.0
2016-10-12,0.0,0.0,0.0,0.0,1.0
2016-10-13,0.0,0.0,0.0,0.0,1.0
2016-10-14,0.0,0.0,0.0,0.0,1.0
2016-10-17,0.0,0.0,0.0,0.0,1.0
2016-10-18,0.0,0.0,0.0,0.0,1.0
2016-10-19,0.0,0.0,0.0,0.0,1.0
2016-10-20,0.0,0.0,0.0,0.0,1.0
2016-10-21,0.0,0.0,0.0,0.0,1.0
2016-10-24,0.0,0.0,0.0,0.0,1.0
2016-10-25,0.0,0.0,0.0,0.0,1.0
2016-10-26,0.0,0.0,0.0,0.0,1.0
2016-10-27,0.0,0.0,0.0,0.0,1.0
2016-10-28,0.0,0.0,0.0,0.0,1.0
2016-10-31,0.0,0.0,0.0,0.0,1.0
2016-11-01,0.0,0.0,0.0,0.0,1.0
2016-11-02,0.0,0.0,0.0,0.0,1.0
2016-11-03,0.0,0.0,0.0,0.0,1.0
2016-11-04,0.0,0.0,0.0,0.0,1.0
2016-11-07,0.0,0.0,0.0,0.0,1.0
2016-11-08,0.0,0.0,0.0,0.0,1.0
2016-11-09,0.0,0.0,0.0,0.0,1.0
2016-11-10,0.0,0.0,0.0,0.0,1.0
2016-11-11,0.0,0.0,0.0,0.0,1.0
2016-11-14,0.0,0.0,0.0,0.0,1.0
2016-11-15,0.0,0.0,0.0,0.0,1.0
2016-11-16,0.0,0.0,0.0,0.0,1.0
2016-11-17,0.0,0.0,0.0,0.0,1.0
2016-11-18,0.0,0.0,0.0,0.0,1.0
2016-11-21,0.0,0.0,0.0,0.0,1.0
2016-11-22,0.0,0.0,0.0,0.0,1.0
2016-11-23,0.0,0.0,0.0,0.0,1.0
2016-11-24,0.0,0.0,0.0,0.0,1.0
2016-11-25,0.0,0.0,0.0,0.0,1.0
2016-11-28,0.0,0.0,0.0,0.0,1.0
2016-11-29,0.0,0.0,0.0,0.0,1.0
2016-11-30,0.0,0.0,0.0,0.0,1.0
2016-12-01,0.0,0.0,0.0,0.0,1.0
2016-12-02,0.0,0.0,0.0,0.0,1.0
2016-12-05,0.0,0.0,0.0,0.0,1.0
2016-12-06,0.0,0.0,0.0,0.0,1.0
2016-12-07,0.0,0.0,0.0,0.0,1.0
2016-12-08,0.0,0.0,0.0,0.0,1.0
2016-12-09,0.0,0.0,0.0,0.0,1.0
2016-12-12,0.0,0.0,0.0,0.0,1.0
2016-12-13,0.0,0.0,0.0,0.0,1.0
2016-12-14,0.0,0.0,0.0,0.0,1.0
2016-12-15,0.0,0.0,0.0,0.0,1.0
2016-12-16,0.0,0.0,0.0,0.0,1.0
2016-12-19,0.0,0.0,0.0,0.0,1.0
2016-12-20,0.0,0.0,0.0,0.0,1.0
2016-12-21,0.0,0.0,0.0,0.0,1.0
2016-12-22,0.0,0.0,0.0,0.0,1.0
2016-12-23,0.0,0.0,0.0,0.0,1.0
2016-12-26,0.0,0.0,0.0,0.0,1.0
2016-12-27,0.0,0.0,0.0,0.0,1.0
2016-12-28,0.0,0.0,0.0,0.0,1.0
2016-12-29,0.0,0.0,0.0,0.0,1.0
2016-12-30,0.0,0.0,0.0,0.0,1.0
2017-01-03,0.0,0.0,0.0,0.0,1.0
2017-01-04,0.0,0.0,0.0,0.0,1.0
2017-01-05,0.0,0.0,0.0,0.0,1.0
2017-01-06,0.0,0.0,0.0,0.0,1.0
2017-01-09,0.0,0.0,0.0,0.0,1.0
2017-01-10,0.0,0.0,0.0,0.0,1.0
2017-01-11,0.0,0.0,0.0,0.0,1.0
2017-01-12,0.0,0.0,0.0,0.0,1.0
2017-01-13,0.0,0.0,0.0,0.0,1.0
2017-01-16,0.0,0.0,0.0,0.0,1.0
2017-01-17,0.0,0.0,0.0,0.0,1.0
2017-01-18,0.0,0.0,0.0,0.0,1.0
2017-01-19,0.0,0.0,0.0,0.0,1.0
2017-01-20,0.0,0.0,0.0,0.0,1.0
2017-01-23,0.0,0.0,0.0,0.0,1.0
2017-01-24,0.0,0.0,0.0,0.0,1.0
2017-02-02,0.0,0.0,0.0,0.0,1.0
2017-02-03,0.0,0.0,0.0,0.0,1.0
2017-02-06,0.0,0.0,0.0,0.0,1.0
2017-02-07,0.0,0.0,0.0,0.0,1.0
2017-02-08,0.0,0.0,0.0,0.0,1.0
2017-02-09,0.0,0.0,0.0,0.0,1.0
2017-02-10,0.0,0.0,0.0,0.0,1.0
2017-02-13,0.0,0.0,0.0,0.0,1.0
2017-02-14,0.0,0.0,0.0,0.0,1.0
2017-02-15,0.0,0.0,0.0,0.0,1.0
2017-02-16,0.0,0.0,0.0,0.0,1.0
2017-02-17,0.0,0.0,0.0,0.0,1.0
2017-02-18,0.0,0.0,0.0,0.0,1.0
2017-02-20,0.0,0.0,0.0,0.0,1.0
2017-02-21,0.0,0.0,0.0,0.0,1.0
2017-02-22,0.0,0.0,0.0,0.0,1.0
2017-02-23,0.0,0.0,0.0,0.0,1.0
2017-02-24,0.0,0.0,0.0,0.0,1.0
2017-03-01,0.0,0.0,0.0,0.0,1.0
2017-03-02,0.0,0.0,0.0,0.0,1.0
2017-03-03,0.0,0.0,0.0,0.0,1.0
2017-03-06,0.0,0.0,0.0,0.0,1.0
2017-03-07,0.0,0.0,0.0,0.0,1.0
2017-03-08,0.0,0.0,0.0,0.0,1.0
2017-03-09,0.0,0.0,0.0,0.0,1.0
2017-03-10,0.0,0.0,0.0,0.0,1.0
2017-03-13,0.0,0.0,0.0,0.0,1.0
2017-03-14,0.0,0.0,0.0,0.0,1.0
2017-03-15,0.0,0.0,0.0,0.0,1.0
2017-03-16,0.0,0.0,0.0,0.0,1.0
2017-03-17,0.0,0.0,0.0,0.0,1.0
2017-03-20,0.0,0.0,0.0,0.0,1.0
2017-03-21,0.0,0.0,0.0,0.0,1.0
2017-03-22,0.0,0.0,0.0,0.0,1.0
2017-03-23,0.0,0.0,0.0,0.0,1.0
2017-03-24,0.0,0.0,0.0,0.0,1.0
2017-03-27,0.0,0.0,0.0,0.0,1.0
2017-03-28,0.0,0.0,0.0,0.0,1.0
2017-03-29,0.0,0.0,0.0,0.0,1.0
2017-03-30,0.0,0.0,0.0,0.0,1.0
2017-03-31,0.0,0.0,0.0,0.0,1.0
2017-04-05,0.0,0.0,0.0,0.0,1.0
2017-04-06,0.0,0.0,0.0,0.0,1.0
2017-04-07,0.0,0.0,0.0,0.0,1.0
2017-04-10,0.0,0.0,0.0,0.0,1.0
2017-04-11,0.0,0.0,0.0,0.0,1.0
2017-04-12,0.0,0.0,0.0,0.0,1.0
2017-04-13,0.0,0.0,0.0,0.0,1.0
2017-04-14,0.0,0.0,0.0,0.0,1.0
2017-04-17,0.0,0.0,0.0,0.0,1.0
2017-04-18,0.0,0.0,0.0,0.0,1.0
2017-04-19,0.0,0.0,0.0,0.0,1.0
2017-04-20,0.0,0.0,0.0,0.0,1.0
2017-04-21,0.0,0.0,0.0,0.0,1.0
2017-04-24,0.0,0.0,0.0,0.0,1.0
2017-04-25,0.0,0.0,0.0,0.0,1.0
2017-04-26,0.0,0.0,0.0,0.0,1.0
2017-04-27,0.0,0.0,0.0,0.0,1.0
2017-04-28,0.0,0.0,0.0,0.0,1.0
2017-05-02,0.0,0.0,0.0,0.0,1.0
2017-05-03,0.0,0.0,0.0,0.0,1.0
2017-05-04,0.0,0.0,0.0,0.0,1.0
2017-05-05,0.0,0.0,0.0,0.0,1.0
2017-05-08,0.0,0.0,0.0,0.0,1.0
2017-05-09,0.0,0.0,0.0,0.0,1.0
2017-05-10,0.0,0.0,0.0,0.0,1.0
2017-05-11,0.0,0.0,0.0,0.0,1.0
2017-05-12,0.0,0.0,0.0,0.0,1.0
2017-05-15,0.0,0.0,0.0,0.0,1.0
2017-05-16,0.0,0.0,0.0,0.0,1.0
2017-05-17,0.0,0.0,0.0,0.0,1.0
2017-05-18,0.0,0.0,0.0,0.0,1.0
2017-05-19,0.0,0.0,0.0,0.0,1.0
2017-05-22,0.0,0.0,0.0,0.0,1.0
2017-05-23,0.0,0.0,0.0,0.0,1.0
2017-05-24,0.0,0.0,0.0,0.0,1.0
2017-05-25,0.0,0.0,0.0,0.0,1.0
2017-05-26,0.0,0.0,0.0,0.0,1.0
2017-05-31,0.0,0.0,0.0,0.0,1.0
2017-06-01,0.0,0.0,0.0,0.0,1.0
2017-06-02,0.0,0.0,0.0,0.0,1.0
2017-06-03,0.0,0.0,0.0,0.0,1.0
2017-06-05,0.0,0.0,0.0,0.0,1.0
2017-06-06,0.0,0.0,0.0,0.0,1.0
2017-06-07,0.0,0.0,0.0,0.0,1.0
2017-06-08,0.0,0.0,0.0,0.0,1.0
2017-06-09,0.0,0.0,0.0,0.0,1.0
2017-06-12,0.0,0.0,0.0,0.0,1.0
2017-06-13,0.0,0.0,0.0,0.0,1.0
2017-06-14,0.0,0.0,0.0,0.0,1.0
2017-06-15,0.0,0.0,0.0,0.0,1.0
2017-06-16,0.0,0.0,0.0,0.0,1.0
2017-06-19,0.0,0.0,0.0,0.0,1.0
2017-06-20,0.0,0.0,0.0,0.0,1.0
2017-06-21,0.0,0.0,0.0,0.0,1.0
2017-06-22,0.0,0.0,0.0,0.0,1.0
2017-06-23,0.0,0.0,0.0,0.0,1.0
2017-06-26,0.0,0.0,0.0,0.0,1.0
2017-06-27,0.0,0.0,0.0,0.0,1.0
2017-06-28,0.0,0.0,0.0,0.0,1.0
2017-06-29,0.0,0.0,0.0,0.0,1.0
2017-06-30,0.0,0.0,0.0,0.0,1.0
2017-07-03,0.0,0.0,0.0,0.0,1.0
2017-07-04,0.0,0.0,0.0,0.0,1.0
2017-07-05,0.0,0.0,0.0,0.0,1.0
2017-07-06,0.0,0.0,0.0,0.0,1.0
2017-07-07,0.0,0.0,0.0,0.0,1.0
2017-07-10,0.0,0.0,0.0,0.0,1.0
2017-07-11,0.0,0.0,0.0,0.0,1.0
2017-07-12,0.0,0.0,0.0,0.0,1.0
2017-07-13,0.0,0.0,0.0,0.0,1.0
2017-07-14,0.0,0.0,0.0,0.0,1.0
2017-07-17,0.0,0.0,0.0,0.0,1.0
2017-07-18,0.0,0.0,0.0,0.0,1.0
2017-07-19,0.0,0.0,0.0,0.0,1.0
2017-07-20,0.0,0.0,0.0,0.0,1.0
2017-07-21,0.0,0.0,0.0,0.0,1.0
2017-07-24,0.0,0.0,0.0,0.0,1.0
2017-07-25,0.0,0.0,0.0,0.0,1.0
2017-07-26,0.0,0.0,0.0,0.0,1.0
2017-07-27,0.0,0.0,0.0,0.0,1.0
2017-07-28,0.0,0.0,0.0,0.0,1.0
2017-07-31,0.0,0.0,0.0,0.0,1.0
2017-08-01,0.0,0.0,0.0,0.0,1.0
2017-08-02,0.0,0.0,0.0,0.0,1.0
2017-08-03,0.0,0.0,0.0,0.0,1.0
2017-08-04,0.0,0.0,0.0,0.0,1.0
2017-08-07,0.0,0.0,0.0,0.0,1.0
2017-08-08,0.0,0.0,0.0,0.0,1.0
2017-08-09,0.0,0.0,0.0,0.0,1.0
2017-08-10,0.0,0.0,0.0,0.0,1.0
2017-08-11,0.0,0.0,0.0,0.0,1.0
2017-08-14,0.0,0.0,0.0,0.0,1.0
2017-08-15,0.0,0.0,0.0,0.0,1.0
2017-08-16,0.0,0.0,0.0,0.0,1.0
2017-08-17,0.0,0.0,0.0,0.0,1.0
2017-08-18,0.0,0.0,0.0,0.0,1.0
2017-08-21,0.0,0.0,0.0,0.0,1.0
2017-08-22,0.0,0.0,0.0,0.0,1.0
2017-08-23,0.0,0.0,0.0,0.0,1.0
2017-08-24,0.0,0.0,0.0,0.0,1.0
2017-08-25,0.0,0.0,0.0,0.0,1.0
2017-08-28,0.0,0.0,0.0,0.0,1.0
2017-08-29,0.0,0.0,0.0,0.0,1.0
2017-08-30,0.0,0.0,0.0,0.0,1.0
2017-08-31,0.0,0.0,0.0,0.0,1.0
2017-09-01,0.0,0.0,0.0,0.0,1.0
2017-09-04,0.0,0.0,0.0,0.0,1.0
2017-09-05,0.0,0.0,0.0,0.0,1.0
2017-09-06,0.0,0.0,0.0,0.0,1.0
2017-09-07,0.0,0.0,0.0,0.0,1.0
2017-09-08,0.0,0.0,0.0,0.0,1.0
2017-09-11,0.0,0.0,0.0,0.0,1.0
2017-09-12,0.0,0.0,0.0,0.0,1.0
2017-09-13,0.0,0.0,0.0,0.0,1.0
2017-09-14,0.0,0.0,0.0,0.0,1.0
2017-09-15,0.0,0.0,0.0,0.0,1.0
2017-09-18,0.0,0.0,0.0,0.0,1.0
2017-09-19,0.0,0.0,0.0,0.0,1.0
2017-09-20,0.0,0.0,0.0,0.0,1.0
2017-09-21,0.0,0.0,0.0,0.0,1.0
2017-09-22,0.0,0.0,0.0,0.0,1.0
2017-09-25,0.0,0.0,0.0,0.0,1.0
2017-09-26,0.0,0.0,0.0,0.0,1.0
2017-09-27,0.0,0.0,0.0,0.0,1.0
2017-09-28,0.0,0.0,0.0,0.0,1.0
2017-09-29,0.0,0.0,0.0,0.0,1.0
2017-09-30,0.0,0.0,0.0,0.0,1.0
2017-10-02,0.0,0.0,0.0,0.0,1.0
2017-10-03,0.0,0.0,0.0,0.0,1.0
2017-10-05,0.0,0.0,0.0,0.0,1.0
2017-10-06,0.0,0.0,0.0,0.0,1.0
2017-10-11,0.0,0.0,0.0,0.0,1.0
2017-10-12,0.0,0.0,0.0,0.0,1.0
2017-10-13,0.0,0.0,0.0,0.0,1.0
2017-10-16,0.0,0.0,0.0,0.0,1.0
2017-10-17,0.0,0.0,0.0,0.0,1.0
2017-10-18,0.0,0.0,0.0,0.0,1.0
2017-10-19,0.0,0.0,0.0,0.0,1.0
2017-10-20,0.0,0.0,0.0,0.0,1.0
2017-10-23,0.0,0.0,0.0,0.0,1.0
2017-10-24,0.0,0.0,0.0,0.0,1.0
2017-10-25,0.0,0.0,0.0,0.0,1.0
2017-10-26,0.0,0.0,0.0,0.0,1.0
2017-10-27,0.0,0.0,0.0,0.0,1.0
2017-10-30,0.0,0.0,0.0,0.0,1.0
2017-10-31,0.0,0.0,0.0,0.0,1.0
2017-11-01,0.0,0.0,0.0,0.0,1.0
2017-11-02,0.0,0.0,0.0,0.0,1.0
2017-11-03,0.0,0.0,0.0,0.0,1.0
2017-11-06,0.0,0.0,0.0,0.0,1.0
2017-11-07,0.0,0.0,0.0,0.0,1.0
2017-11-08,0.0,0.0,0.0,0.0,1.0
2017-11-09,0.0,0.0,0.0,0.0,1.0
2017-11-10,0.0,0.0,0.0,0.0,1.0
2017-11-13,0.0,0.0,0.0,0.0,1.0
2017-11-14,0.0,0.0,0.0,0.0,1.0
2017-11-15,0.0,0.0,0.0,0.0,1.0
2017-11-16,0.0,0.0,0.0,0.0,1.0
2017-11-17,0.0,0.0,0.0,0.0,1.0
2017-11-20,0.0,0.0,0.0,0.0,1.0
2017-11-21,0.0,0.0,0.0,0.0,1.0
2017-11-22,0.0,0.0,0.0,0.0,1.0
2017-11-23,0.0,0.0,0.0,0.0,1.0
2017-11-24,0.0,0.0,0.0,0.0,1.0
2017-11-27,0.0,0.0,0.0,0.0,1.0
2017-11-28,0.0,0.0,0.0,0.0,1.0
2017-11-29,0.0,0.0,0.0,0.0,1.0
2017-11-30,0.0,0.0,0.0,0.0,1.0
2017-12-01,0.0,0.0,0.0,0.0,1.0
2017-12-04,0.0,0.0,0.0,0.0,1.0
2017-12-05,0.0,0.0,0.0,0.0,1.0
2017-12-06,0.0,0.0,0.0,0.0,1.0
2017-12-07,0.0,0.0,0.0,0.0,1.0
2017-12-08,0.0,0.0,0.0,0.0,1.0
2017-12-11,0.0,0.0,0.0,0.0,1.0
2017-12-12,0.0,0.0,0.0,0.0,1.0
2017-12-13,0.0,0.0,0.0,0.0,1.0
2017-12-14,0.0,0.0,0.0,0.0,1.0
2017-12-15,0.0,0.0,0.0,0.0,1.0
2017-12-18,0.0,0.0,0.0,0.0,1.0
2017-12-19,0.0,0.0,0.0,0.0,1.0
2017-12-20,0.0,0.0,0.0,0.0,1.0
2017-12-21,0.0,0.0,0.0,0.0,1.0
2017-12-22,0.0,0.0,0.0,0.0,1.0
2017-12-25,0.0,0.0,0.0,0.0,1.0
2017-12-26,0.0,0.0,0.0,0.0,1.0
2017-12-27,0.0,0.0,0.0,0.0,1.0
2017-12-28,0.0,0.0,0.0,0.0,1.0
2017-12-29,0.0,0.0,0.0,0.0,1.0
2018-01-02,0.0,0.0,0.0,0.0,1.0
2018-01-03,0.0,0.0,0.0,0.0,1.0
2018-01-04,0.0,0.0,0.0,0.0,1.0
2018-01-05,0.0,0.0,0.0,0.0,1.0
2018-01-08,0.0,0.0,0.0,0.0,1.0
2018-01-09,0.0,0.0,0.0,0.0,1.0
2018-01-10,0.0,0.0,0.0,0.0,1.0
2018-01-11,0.0,0.0,0.0,0.0,1.0
2018-01-12,0.0,0.0,0.0,0.0,1.0
2018-01-15,0.0,0.0,0.0,0.0,1.0
2018-01-16,0.0,0.0,0.0,0.0,1.0
2018-01-17,0.0,0.0,0.0,0.0,1.0
2018-01-18,0.0,0.0,0.0,0.0,1.0
2018-01-19,0.0,0.0,0.0,0.0,1.0
2018-01-22,0.0,0.0,0.0,0.0,1.0
2018-01-23,0.0,0.0,0.0,0.0,1.0
2018-01-24,0.0,0.0,0.0,0.0,1.0
2018-01-25,0.0,0.0,0.0,0.0,1.0
2018-01-26,0.0,0.0,0.0,0.0,1.0
2018-01-29,0.0,0.0,0.0,0.0,1.0
2018-01-30,0.0,0.0,0.0,0.0,1.0
2018-01-31,0.0,0.0,0.0,0.0,1.0
2018-02-01,0.0,0.0,0.0,0.0,1.0
2018-02-02,-0.0044065590272486695,-0.00783155902724867,1.0,0.003425,0.9921684409727514
2018-02-05,-0.01290859142520387,-0.01290859142520387,0.0,0.0,0.9793609439432527
2018-02-06,-0.042176445522153105,-0.042176445522153105,0.0,0.0,0.9380549804445056
2018-02-07,0.014757688240089398,0.014757688240089398,0.0,0.0,0.9518985033979689
2018-02-08,7.788710766383879e-05,7.788710766383879e-05,0.0,0.0,0.9519726440191881
2018-02-09,-0.008065187526103806,-0.008065187526103806,0.0,0.0,0.9442948061254525
2018-02-12,0.004905090068435127,0.004905090068435127,0.0,0.0,0.9489266572006533
2018-02-21,0.021775091372780272,0.021775091372780272,0.0,0.0,0.9695896218672645
2018-02-22,0.0012695487358369672,0.0012695487358369672,0.0,0.0,0.9708205631459867
2018-02-23,0.008084174313338244,0.008084174313338244,0.0,0.0,0.978668845805432
2018-02-26,0.004460451369798582,0.004460451369798582,0.0,0.0,0.983034150599284
2018-02-27,-0.0027523511995426963,-0.0027523511995426963,0.0,0.0,0.9803284953756907
2018-03-01,0.0009677176236784732,0.0009677176236784732,0.0,0.0,0.9812771765376599
2018-03-02,-0.006142996120287056,-0.006142996120287056,0.0,0.0,0.9752491946492629
2018-03-05,-0.007828860127338041,-0.007828860127338041,0.0,0.0,0.9676141051150546
2018-03-06,0.007809033696362911,0.007809033696362911,0.0,0.0,0.9751702362669742
2018-03-07,0.000564831180446565,0.000564831180446565,0.0,0.0,0.9757210428226611
2018-03-08,0.005877228760677499,0.005877228760677499,0.0,0.0,0.9814555785979366
2018-03-09,0.0011873366306627917,0.0011873366306627917,0.0,0.0,0.9826208967577742
2018-03-12,0.007832801605766436,0.007832801605766436,0.0,0.0,0.9903175712957581
2018-03-13,0.004598312373341359,0.004598312373341359,0.0,0.0,0.9948713608373847
2018-03-14,-0.0015951214650872037,-0.0015951214650872037,0.0,0.0,0.9932844201747124
2018-03-15,0.00011909819680796152,0.00011909819680796152,0.0,0.0,0.9934027185580727
2018-03-16,0.005649161939981463,0.005649161939981463,0.0,0.0,0.9990146113868251
2018-03-19,0.0003566547005418916,0.0003566547005418916,0.0,0.0,0.9993709146438862
2018-03-20,-0.0016816290199199557,-0.0016816290199199557,0.0,0.0,0.997690343512157
2018-03-21,0.0008670691755207456,0.0008670691755207456,0.0,0.0,0.9985554100557312
2018-03-22,0.0004911829916654716,0.0004911829916654716,0.0,0.0,0.999045883489386
2018-03-23,-0.01201572584309478,-0.01201572584309478,0.0,0.0,0.9870416220487053
2018-03-26,0.0026546985880109616,0.0026546985880109616,0.0,0.0,0.989661920049066
2018-03-27,0.00698866978124511,0.00698866978124511,0.0,0.0,0.9965783404033619
2018-03-28,-0.004285811917219103,-0.004285811917219103,0.0,0.0,0.9923071930756188
2018-03-29,-0.001337155283383783,-0.001337155283383783,0.0,0.0,0.990980324269658
2018-03-30,0.006267366233801174,0.006267366233801174,0.0,0.0,0.9971911608923469
2018-03-31,0.0018541256131515416,0.0018541256131515416,0.0,0.0,0.9990400785649657
2018-04-02,-0.0023500008057589106,-0.0023500008057589106,0.0,0.0,0.9966923335753526
2018-04-03,-0.005170618343754806,-0.005170618343754806,0.0,0.0,0.9915388179122882
2018-04-09,0.008393671249644586,0.008393671249644586,0.0,0.0,0.9998614687811052
2018-04-10,0.004650314264843783,0.004650314264843783,0.0,0.0,1.0045111388322456
2018-04-11,0.001555445755191739,0.001555445755191739,0.0,0.0,1.0060736014191851
2018-04-12,0.0010671818425533977,0.0010671818425533977,0.0,0.0,1.007147264898892
2018-04-13,-0.0006262754983921424,-0.0006262754983921424,0.0,0.0,1.0065165132436131
2018-04-16,-0.0013745083949020032,-0.0013745083949020032,0.0,0.0,1.0051330478465523
2018-04-17,-0.007915585987083164,-0.007915585987083164,0.0,0.0,0.9971768307778639
2018-04-18,0.004311185731549525,0.004311185731549525,0.0,0.0,1.0014758453025452
2018-04-19,0.008324431189158845,0.008324431189158845,0.0,0.0,1.009812562064371
2018-04-20,-0.0027621475059168067,-0.0027621475059168067,0.0,0.0,1.0070233108146214
2018-04-23,-0.0008053316337491724,-0.0008053316337491724,0.0,0.0,1.0062123230864994
2018-04-24,-0.011069330700877539,-0.011069330700877539,0.0,0.0,0.9950742261269567
2018-04-25,0.0007689834204991777,0.0007689834204991777,0.0,0.0,0.9958394217090144
2018-04-26,-0.0025819489222508865,-0.0025819489222508865,0.0,0.0,0.9932682151873979
2018-04-27,0.004641530854886397,0.004641530854886397,0.0,0.0,0.9978785002553682
2018-04-30,0.008861409364329982,0.008861409364329982,0.0,0.0,1.0067211101419946
2018-05-02,0.0008621354127041749,0.0008621354127041749,0.0,0.0,1.0075890400617649
2018-05-03,-0.007299111730590518,-0.007299111730590518,0.0,0.0,1.0002345350798356
2018-05-04,-0.0007387528946151361,-0.0007387528946151361,0.0,0.0,0.9994956089217514
2018-05-07,0.0023287431967162287,0.0023287431967162287,0.0,0.0,1.0018231775211757
2018-05-08,0.004847794636596951,0.004847794636596951,0.0,0.0,1.0066798105479815
2018-05-09,-0.0016800506376422981,-0.0016800506376422981,0.0,0.0,1.0049885374903686
2018-05-10,0.0024414774662663563,0.0024414774662663563,0.0,0.0,1.0074421943585075
2018-05-11,0.005603934364426634,0.005603934364426634,0.0,0.0,1.0130878342916465
2018-05-14,0.004100217992499697,0.004100217992499697,0.0,0.0,1.0172417152577915
2018-05-15,-0.002105896010037434,-0.002105896010037434,0.0,0.0,1.0150995099883866
2018-05-16,0.005543233187574282,0.005543233187574282,0.0,0.0,1.0207264432808445
2018-05-17,0.00017221868592176597,0.00017221868592176597,0.0,0.0,1.020902231447592
2018-05-18,0.0034378361003237394,0.0034378361003237394,0.0,0.0,1.0244119259937636
2018-05-21,0.0078484604098276,0.0078484604098276,0.0,0.0,1.032451982438281
2018-05-22,-0.0031714040015423067,-0.0031714040015423067,0.0,0.0,1.029177660089776
2018-05-23,-0.001384712413476794,-0.001384712413476794,0.0,0.0,1.0277525450081766
2018-05-24,0.004360044780542632,0.004360044780542632,0.0,0.0,1.0322335921277288
2018-05-25,0.0009022136847407323,0.0009022136847407323,0.0,0.0,1.0331648874003956
2018-05-28,0.003723899597689507,0.003723899597689507,0.0,0.0,1.0370122897089329
2018-05-29,-0.0016686106884690765,-0.0016686106884690765,0.0,0.0,1.0352819199182508
2018-05-30,-0.012195931582684559,-0.012195931582684559,0.0,0.0,1.0226556924541375
2018-05-31,0.007864578887280585,0.007864578887280585,0.0,0.0,1.0306984488219697
2018-06-01,0.004522917546874232,0.004522917546874232,0.0,0.0,1.0353602129216826
2018-06-04,0.008244437408742254,0.008244437408742254,0.0,0.0,1.0438961753926175
2018-06-05,0.0018485780056699608,0.0018485780056699608,0.0,0.0,1.0458258989026514
2018-06-06,0.0062651475346953535,0.0062651475346953535,0.0,0.0,1.0523781524548819
2018-06-07,0.004208703118545392,0.004208703118545392,0.0,0.0,1.0568072996670077
2018-06-08,-0.004259088593687048,-0.004259088593687048,0.0,0.0,1.0523062637512708
2018-06-11,0.000277983396974842,0.000277983396974842,0.0,0.0,1.0525987874211262
2018-06-12,-0.0017179429406862816,-0.0017179429406862816,0.0,0.0,1.050790482764901
2018-06-13,-0.002375121760634316,-0.002375121760634316,0.0,0.0,1.0482947274234187
2018-06-14,-0.01038463475375108,-0.01038463475375108,0.0,0.0,1.0374085695648434
2018-06-15,0.0012196873039648482,0.0012196873039648482,0.0,0.0,1.038673883626166
2018-06-19,-0.01031467750521194,-0.01031467750521194,0.0,0.0,1.027960297483476
2018-06-20,0.0033492581430076664,0.0033492581430076664,0.0,0.0,1.0314032018805113
2018-06-21,0.003080393961301213,0.003080393961301213,0.0,0.0,1.0345803300752505
2018-06-22,-0.001985539064402437,-0.001985539064402437,0.0,0.0,1.0325261304146238
2018-06-25,-0.0026192113807177618,-0.0026192113807177618,0.0,0.0,1.0298217262229534
2018-06-26,-0.0025208331458221444,-0.0025208331458221444,0.0,0.0,1.0272257174812027
2018-06-27,-0.0038164001371965165,-0.0038164001371965165,0.0,0.0,1.0233054131120756
2018-06-28,-0.005043361872726349,-0.005043361872726349,0.0,0.0,1.0181445136074316
2018-06-29,0.012666276803530503,0.012666276803530503,0.0,0.0,1.0310406138427795
2018-07-02,-0.005739832564828823,-0.005739832564828823,0.0,0.0,1.0251226133517837
2018-07-03,-0.006829308401932701,-0.006829308401932701,0.0,0.0,1.018121734875409
2018-07-04,0.0019351013621111855,0.0019351013621111855,0.0,0.0,1.0200919036313614
2018-07-05,-0.007014786625433738,-0.007014786625433738,0.0,0.0,1.0129361765890548
2018-07-06,-0.002520838888271418,-0.002520838888271418,0.0,0.0,1.0103827276837722
2018-07-09,0.009023495294112165,0.009023495294112165,0.0,0.0,1.019499911472279
2018-07-10,0.002637683681901725,0.002637683681901725,0.0,0.0,1.0221890297524696
2018-07-11,-0.007232901312234819,-0.007232901312234819,0.0,0.0,1.0147956373778209
2018-07-12,0.004845900468229051,0.004845900468229051,0.0,0.0,1.0197132360321468
2018-07-13,0.005958597699004572,0.005958597699004572,0.0,0.0,1.0257892969740126
2018-07-16,-0.00355770778147724,-0.00355770778147724,0.0,0.0,1.022139838410012
2018-07-17,-2.3696308335310326e-06,-2.3696308335310326e-06,0.0,0.0,1.0221374163159347
2018-07-18,0.003503676371109727,0.003503676371109727,0.0,0.0,1.025718655029508
2018-07-19,-0.004184152123833792,-0.004184152123833792,0.0,0.0,1.0214268921406104
2018-07-20,-6.843418447304229e-05,-6.843418447304229e-05,0.0,0.0,1.021356991624248
2018-07-23,-0.0022064575686175716,-0.0022064575686175716,0.0,0.0,1.0191034107598183
2018-07-24,0.005818538133686584,0.005818538133686584,0.0,0.0,1.0250331028174944
2018-07-25,-0.0009070992577475242,-0.0009070992577475242,0.0,0.0,1.024103296050762
2018-07-26,0.0030934828648951527,0.0030934828648951527,0.0,0.0,1.0272713420489776
2018-07-27,0.0010988165161480096,0.0010988165161480096,0.0,0.0,1.0284001247661867
2018-07-30,-0.0025505710231916406,-0.0025505710231916406,0.0,0.0,1.0257771172077113
2018-07-31,0.005776963056392017,0.005776963056392017,0.0,0.0,1.0317029937179125
2018-08-01,0.002369654299770165,0.002369654299770165,0.0,0.0,1.034147773153062
2018-08-02,-0.012032868335995076,-0.012032868335995076,0.0,0.0,1.0217040091587486
2018-08-03,0.006121177826931473,0.006121177826931473,0.0,0.0,1.027958041085298
2018-08-06,0.0028160366539175643,0.0028160366539175643,0.0,0.0,1.0308528086076836
2018-08-07,0.0010851260008001664,0.0010851260008001664,0.0,0.0,1.0319714137933018
2018-08-08,0.0034321310747665095,0.0034321310747665095,0.0,0.0,1.0355132749508524
2018-08-09,-0.005224368653158197,-0.005224368653158197,0.0,0.0,1.03010337185727
2018-08-10,-0.003052220902642553,-0.003052220902642553,0.0,0.0,1.0269592688138047
2018-08-13,-0.016667845945845628,-0.016667845945845628,0.0,0.0,1.009842069928558
2018-08-14,0.006191096423690954,0.006191096423690954,0.0,0.0,1.0160940995561853
2018-08-15,-0.011585243150098824,-0.011585243150098824,0.0,0.0,1.0043224023494464
2018-08-16,-0.005655627889650773,-0.005655627889650773,0.0,0.0,0.9986423285605177
2018-08-17,0.0005629058460242588,0.0005629058460242588,0.0,0.0,0.9992044701653519
2018-08-20,0.0018290924763057835,0.0018290924763057835,0.0,0.0,1.0010321075440225
2018-08-21,0.007017723727018826,0.007017723727018826,0.0,0.0,1.008057074316642
2018-08-22,0.0013504690381232808,0.0013504690381232808,0.0,0.0,1.0094184241841677
2018-08-23,0.003970722449778062,0.003970722449778062,0.0,0.0,1.0134265445822954
2018-08-24,-0.007490501905977475,-0.007490501905977475,0.0,0.0,1.0058354711185336
2018-08-27,0.007509421623473414,0.007509421623473414,0.0,0.0,1.0133887137550077
2018-08-28,0.004489723331651674,0.004489723331651674,0.0,0.0,1.0179385487071861
2018-08-29,0.0016277101221966828,0.0016277101221966828,0.0,0.0,1.019595457586691
2018-08-30,-0.0030602779315391845,-0.0030602779315391845,0.0,0.0,1.0164752121087408
2018-08-31,0.0038066496256431953,0.0038066496256431953,0.0,0.0,1.0203445770943902
2018-09-03,-0.010489771771965003,-0.010489771771965003,0.0,0.0,1.0096413953519079
2018-09-04,0.001950796443302585,0.001950796443302585,0.0,0.0,1.0116110001949714
2018-09-05,-0.0118762221906787,-0.0118762221906787,0.0,0.0,0.9995968831861212
2018-09-06,-0.004054715568249334,-0.004054715568249334,0.0,0.0,0.9955438021418929
2018-09-07,-0.008913700074707386,-0.008913700074707386,0.0,0.0,0.9866698232783662
2018-09-10,-0.010329091208058206,-0.010329091208058206,0.0,0.0,0.9764784206814852
2018-09-11,0.006719925313890873,0.006719925313890873,0.0,0.0,0.9830402827390907
2018-09-12,-0.0010036248881562244,-0.0010036248881562244,0.0,0.0,0.9820536790452736
2018-09-13,0.005684190430277361,0.005684190430277361,0.0,0.0,0.9876358591697214
2018-09-14,0.005986605565321105,0.005986605565321105,0.0,0.0,0.9935484455007375
2018-09-17,-0.0005106002186511734,-0.0005106002186511734,0.0,0.0,0.9930411394472244
2018-09-18,0.0010375770728199662,0.0010375770728199662,0.0,0.0,0.9940714961658818
2018-09-19,0.007012160433107344,0.007012160433107344,0.0,0.0,1.0010420849789758
2018-09-20,-0.0040232893487912175,-0.0040232893487912175,0.0,0.0,0.9970146030207881
2018-09-21,0.01274446102879948,0.01274446102879948,0.0,0.0,1.0097210167741306
2018-09-25,0.0006251268435847434,0.0006251268435847434,0.0,0.0,1.0103522204862478
2018-09-26,-0.002236029980784354,-0.002236029980784354,0.0,0.0,1.0080930426300887
2018-09-27,0.004966912600834978,0.004966912600834978,0.0,0.0,1.0131001526663421
2018-09-28,-0.0014348754381742967,-0.0014348754381742967,0.0,0.0,1.0116464801408704
2018-10-01,0.0020141397054235536,0.0020141397054235536,0.0,0.0,1.0136840774843743
2018-10-02,-0.00871635858694757,-0.00871635858694757,0.0,0.0,1.0048484435711413
2018-10-03,-0.0031563759108989052,-0.0031563759108989052,0.0,0.0,1.001676764149749
2018-10-04,-0.007081079918274627,-0.007081079918274627,0.0,0.0,0.994583810930526
2018-10-05,-0.013054041429518059,-0.013054041429518059,0.0,0.0,0.9816004726575109
2018-10-08,-0.00019729176157785042,-0.00019729176157785042,0.0,0.0,0.9814068109710946
2018-10-09,0.0026742103874728075,0.0026742103874728075,0.0,0.0,0.9840312992593301
2018-10-11,-0.05377392676337063,-0.05377392676337063,0.0,0.0,0.9311160722400944
2018-10-12,0.015576882261050595,0.015576882261050595,0.0,0.0,0.9456199576687503
2018-10-15,-0.012562981620736864,-0.012562981620736864,0.0,0.0,0.9337401515203558
2018-10-16,0.0013593448781578075,0.0013593448781578075,0.0,0.0,0.9350094264128552
2018-10-17,-0.0006953969366395653,-0.0006953969366395653,0.0,0.0,0.9343592237219986
2018-10-18,-9.940968713373984e-05,-9.940968713373984e-05,0.0,0.0,0.9342663393638979
2018-10-19,-0.004216765607095174,-0.004216765607095174,0.0,0.0,0.9303267571962015
2018-10-22,0.004089214662430547,0.004089214662430547,0.0,0.0,0.9341310630125796
2018-10-23,-0.012565765551424489,-0.012565765551424489,0.0,0.0,0.9223929910804606
2018-10-24,-0.0036633557831657615,-0.0036633557831657615,0.0,0.0,0.9190139373822344
2018-10-25,-0.01859691683416775,-0.01859691683416775,0.0,0.0,0.901923111619296
2018-10-26,-0.0005909011393376762,-0.0005909011393376762,0.0,0.0,0.9013901642250451
2018-10-29,0.00034928542224043604,0.00034928542224043604,0.0,0.0,0.9017050066691599
2018-10-30,0.003870341035983426,0.003870341035983426,0.0,0.0,0.9051949125588233
2018-10-31,0.020185194040448842,0.020185194040448842,0.0,0.0,0.9234664475132504
2018-11-01,0.00236075121426217,0.00236075121426217,0.0,0.0,0.9256465220505478
2018-11-02,0.01008034264189234,0.01008034264189234,0.0,0.0,0.9349773561580932
2018-11-05,0.0011324926673883858,0.0011324926673883858,0.0,0.0,0.9360362111581164
2018-11-06,-0.004234131504981501,-0.004234131504981501,0.0,0.0,0.9320729107466483
2018-11-07,0.010643874432318911,0.010643874432318911,0.0,0.0,0.9419937777704017
2018-11-08,0.004561172881430627,0.004561172881430627,0.0,0.0,0.9462903742440444
2018-11-09,-0.00603465531487148,-0.00603465531487148,0.0,0.0,0.9405798380077008
2018-11-12,-0.00035692002781221536,-0.00035692002781221536,0.0,0.0,0.9402441262257596
2018-11-13,-0.0007923755997384545,-0.0007923755997384545,0.0,0.0,0.9394990997223409
2018-11-14,0.004724264076976708,0.004724264076976708,0.0,0.0,0.9439375415695112
2018-11-15,0.0004931015746284918,0.0004931015746284918,0.0,0.0,0.9444029986576101
2018-11-16,0.0013991124968455414,0.0013991124968455414,0.0,0.0,0.9457243246950904
2018-11-19,0.007116094402599993,0.007116094402599993,0.0,0.0,0.9524541882684558
2018-11-20,-0.004996863448551594,-0.004996863448551594,0.0,0.0,0.9476949047486773
2018-11-21,0.0005770637852353473,0.0005770637852353473,0.0,0.0,0.9482417851576599
2018-11-22,-0.003092637815972811,-0.003092637815972811,0.0,0.0,0.9453092167541958
2018-11-23,-0.0045289564510404565,-0.0045289564510404565,0.0,0.0,0.9410279524787488
2018-11-26,0.004951705030693567,0.004951705030693567,0.0,0.0,0.9456876453250611
2018-11-27,0.00027693698958026385,0.00027693698958026385,0.0,0.0,0.9459495412146407
2018-11-28,0.00862504072960632,0.00862504072960632,0.0,0.0,0.9541083945357693
2018-11-29,-0.0023971802814396507,-0.0023971802814396507,0.0,0.0,0.9518212247060321
2018-11-30,0.003887425963122672,0.003887425963122672,0.0,0.0,0.9555213592472057
2018-12-03,0.013640083462815943,0.013640083462815943,0.0,0.0,0.9685547503378409
2018-12-04,-0.0007531801586128051,-0.0007531801586128051,0.0,0.0,0.9678252541173562
2018-12-05,-0.010022530835059128,-0.010022530835059128,0.0,0.0,0.9581251956650161
2018-12-06,-0.015417418937850393,-0.015417418937850393,0.0,0.0,0.9433533781285386
2018-12-07,0.005862422524926813,0.005862422524926813,0.0,0.0,0.9488837142214451
2018-12-10,-0.01132997023667387,-0.01132997023667387,0.0,0.0,0.9381328899812517
2018-12-11,0.000368544242246337,0.000368544242246337,0.0,0.0,0.9384786334563161
2018-12-12,0.0055834770422450684,0.0055834770422450684,0.0,0.0,0.943718607360857
2018-12-13,0.004742998072313067,0.004742998072313067,0.0,0.0,0.9481946628963754
2018-12-14,-0.003450661605699443,-0.003450661605699443,0.0,0.0,0.9449227639783898
2018-12-17,-0.0008013845600751936,-0.0008013845600751936,0.0,0.0,0.944165517464874
2018-12-18,-0.00975020750603317,-0.00975020750603317,0.0,0.0,0.9349597077495503
2018-12-19,0.004823285501858666,0.004823285501858666,0.0,0.0,0.9394692853527606
2018-12-20,-0.0067144446227745715,-0.0067144446227745715,0.0,0.0,0.9331612708614619
2018-12-21,-0.0021853090001630695,-0.0021853090001630695,0.0,0.0,0.9311220251376447
2018-12-22,2.7434109772809883e-05,2.7434109772809883e-05,0.0,0.0,0.9311475696414943
2018-12-24,0.005786253763673364,0.005786253763673364,0.0,0.0,0.9365354257708676
2018-12-25,-0.01081038952362817,-0.01081038952362817,0.0,0.0,0.9264111130156076
2018-12-26,-0.005287786303135658,-0.005287786303135658,0.0,0.0,0.921512449021131
2018-12-27,0.010181878108095758,0.010181878108095758,0.0,0.0,0.930895176452157
2018-12-28,0.0074223697152819915,0.0074223697152819915,0.0,0.0,0.9378046246179575
2019-01-02,-0.010052862607036554,-0.010052862607036554,0.0,0.0,0.9283770035744298
2019-01-03,-0.0008959815967627864,-0.0008959815967627864,0.0,0.0,0.9275451948643694
2019-01-04,-0.0031405901008094025,-0.0031405901008094025,0.0,0.0,0.924632155607325
2019-01-07,0.01686874216153518,0.01686874216153518,0.0,0.0,0.9402295370345295
2019-01-08,-0.003324447076482624,-0.003324447076482624,0.0,0.0,0.9371037936989125
2019-01-09,0.014216314499946668,0.014216314499946668,0.0,0.0,0.9504259559492295
2019-01-10,-0.0013039717368777915,-0.0013039717368777915,0.0,0.0,0.9491866273646766
2019-01-11,-0.0018594552896824754,-0.0018594552896824754,0.0,0.0,0.9474216572695275
2019-01-14,-0.005596014394908132,-0.005596014394908132,0.0,0.0,0.9421198720373996
2019-01-15,0.0071450957623347125,0.0071450957623347125,0.0,0.0,0.9488514087427052
2019-01-16,-0.002848216659268111,-0.002848216659268111,0.0,0.0,0.9461488743531542
2019-01-17,0.0011201554931400616,0.0011201554931400616,0.0,0.0,0.9472087082120892
2019-01-18,0.0045640255893003995,0.0045640255893003995,0.0,0.0,0.9515317929947774
2019-01-21,0.0018310408224103498,0.0018310408224103498,0.0,0.0,0.9532740865515721
2019-01-22,-0.001314732686059114,-0.001314732686059114,0.0,0.0,0.9520207859512096
2019-01-23,0.00024822352923662214,0.00024822352923662214,0.0,0.0,0.9522570999106051
2019-01-24,0.0012229969962890312,0.0012229969962890312,0.0,0.0,0.9534217074834909
2019-01-25,0.00558747810400897,0.00558747810400897,0.0,0.0,0.9587489303979418
2019-01-28,0.0017849640946197207,0.0017849640946197207,0.0,0.0,0.9604602628144572
2019-01-29,-0.0006913834690911082,-0.0006913834690911082,0.0,0.0,0.9597962164660283
2019-01-30,0.00010380332326359555,0.00010380332326359555,0.0,0.0,0.9598958465029533
2019-02-11,-0.0020707602805132776,-0.0020707602805132776,0.0,0.0,0.9579081323105854
2019-02-12,0.005484519801054865,0.005484519801054865,0.0,0.0,0.9631617984298343
2019-02-13,0.00276563561808894,0.00276563561808894,0.0,0.0,0.9658255530055545
2019-02-14,-0.0007515944974072682,-0.0007515944974072682,0.0,0.0,0.9650996438344602
2019-02-15,-0.0025005659290282013,-0.0025005659290282013,0.0,0.0,0.9626863485469704
2019-02-18,0.006447541558312417,0.006447541558312417,0.0,0.0,0.9688933087868471
2019-02-19,0.0003991621119407546,0.0003991621119407546,0.0,0.0,0.9692800542862278
2019-02-20,0.006351877019381521,0.005130592699016405,0.3565793636102527,0.0012212843203651155,0.9742530354560509
2019-02-21,0.003106092649157839,0.003106092649157839,0.0,0.0,0.9772791556479006
2019-02-22,0.0019330126805137695,0.0019330126805137695,0.0,0.0,0.9791682486481696
2019-02-25,0.003050735643756287,0.003050735643756287,0.0,0.0,0.9821554321255551
2019-02-26,0.00033348468170840673,0.00033348468170840673,0.0,0.0,0.9824829659172257
2019-02-27,0.003512345503287666,0.003512345503287666,0.0,0.0,0.9859337855446219
2019-03-04,-0.0034374858101315587,-0.0034374858101315587,0.0,0.0,0.9825446521470829
2019-03-05,-0.0018075570638724347,-0.0018075570638724347,0.0,0.0,0.9807686466205243
2019-03-06,0.0031368485902572947,0.0031368485902572947,0.0,0.0,0.9838451693670444
2019-03-07,-0.0032203293845206277,-0.0032203293845206277,0.0,0.0,0.980676863858313
2019-03-08,-0.0039883842769275766,-0.0039883842769275766,0.0,0.0,0.9767655476737538
2019-03-11,-0.0009114475892734586,-0.0009114475892734586,0.0,0.0,0.9758752770700412
2019-03-12,0.007915932216424507,0.007915932216424507,0.0,0.0,0.9836002396150122
2019-03-13,-0.0003711438500786686,-0.0003711438500786686,0.0,0.0,0.9832351824351432
2019-03-14,-0.0032897204397509005,-0.0032897204397509005,0.0,0.0,0.9800006135584041
2019-03-15,0.005894035224021105,0.005894035224021105,0.0,0.0,0.9857767716942796
2019-03-18,0.00654509968920818,0.00654509968920818,0.0,0.0,0.9922287789363246
2019-03-19,0.0012070817360847281,0.0012070817360847281,0.0,0.0,0.9934264801733963
2019-03-20,0.0023662427706678756,0.0023662427706678756,0.0,0.0,0.9957771684002966
2019-03-21,0.0023701787951634053,0.0023701787951634053,0.0,0.0,0.9981373383295468
2019-03-22,-0.0023764331646109363,-0.0023764331646109363,0.0,0.0,0.995765331655904
2019-03-25,-0.005332903304237637,-0.005332903304237637,0.0,0.0,0.9904550114284709
2019-03-26,0.004286281849309214,0.004286281849309214,0.0,0.0,0.9947003807665141
2019-03-27,-0.0028044391856493116,-0.0028044391856493116,0.0,0.0,0.9919108040407122
2019-03-28,-0.0011408157781069583,-0.0011408157781069583,0.0,0.0,0.9907792165449878
2019-03-29,0.008411511237042464,0.008411511237042464,0.0,0.0,0.999113167058384
2019-04-01,-0.003971143524136579,-0.003971143524136579,0.0,0.0,0.9951455452751405
2019-04-02,0.00043492939089824554,0.00043492939089824554,0.0,0.0,0.9955783633210022
2019-04-03,0.0015819535420149183,0.0015819535420149183,0.0,0.0,0.9971533220392114
2019-04-08,0.003546201552296973,0.003546201552296973,0.0,0.0,1.0006894286977048
2019-04-09,0.003987665069386246,0.003987665069386246,0.0,0.0,1.0046798429778268
2019-04-10,0.00020776006142144798,0.00020776006142144798,0.0,0.0,1.0048885753237127
2019-04-11,-0.0025629902788372547,-0.0025629902788372547,0.0,0.0,1.0023130556738433
2019-04-12,0.0009744358536813205,0.0009744358536813205,0.0,0.0,1.003289745451905
2019-04-15,0.002541901970224688,0.002541901970224688,0.0,0.0,1.0058400096325752
2019-04-16,0.0016789182629084853,0.0016789182629084853,0.0,0.0,1.0075287327943114
2019-04-17,0.0025946366079256447,0.0025946366079256447,0.0,0.0,1.0101429037279566
2019-04-18,-0.006290604377119124,-0.006290604377119124,0.0,0.0,1.0037884943562496
2019-04-19,0.0026703930877819545,0.0026703930877819545,0.0,0.0,1.0064690042131736
2019-04-22,0.0005341452130177272,0.0005341452130177272,0.0,0.0,1.0070066048138246
2019-04-23,0.0030062912330269553,0.0030062912330269553,0.0,0.0,1.0100339599414767
2019-04-24,0.0014135255543037749,0.0014135255543037749,0.0,0.0,1.0114616687545686
2019-04-25,3.648810772929225e-05,3.648810772929225e-05,0.0,0.0,1.011498575076902
2019-04-26,-2.0026188143983318e-05,-2.0026188143983318e-05,0.0,0.0,1.0114783186161302
2019-04-29,0.004380527068894672,0.004380527068894672,0.0,0.0,1.015909126770428
2019-04-30,0.0025774634811495186,0.0025774634811495186,0.0,0.0,1.0185275954448454
2019-05-02,0.003088134454684675,0.003088134454684675,0.0,0.0,1.0216729456053857
2019-05-03,0.000163974841853717,0.000163974841853717,0.0,0.0,1.0218404742650677
2019-05-06,-0.014197588631606832,-0.014197588631606832,0.0,0.0,1.0073328035643263
2019-05-07,0.005299019368098334,0.005299019368098334,0.0,0.0,1.0126706796005345
2019-05-08,-0.004549655891709788,-0.004549655891709788,0.0,0.0,1.0080633764767282
2019-05-09,-0.011326104096869207,-0.011326104096869207,0.0,0.0,0.9966459457385113
2019-05-10,-0.002151642825618105,-0.002151642825618105,0.0,0.0,0.9945015196396817
2019-05-13,-0.006243989114466702,-0.006243989114466702,0.0,0.0,0.988291862976731
2019-05-14,-0.004193596422800824,-0.004193596422800824,0.0,0.0,0.9841473657554686
2019-05-15,0.002290702271033986,0.002290702271033986,0.0,0.0,0.9864017543612367
2019-05-16,-0.006788518201965847,-0.006788518201965847,0.0,0.0,0.9797055480973044
2019-05-17,-0.0005099215530895918,-0.0005099215530895918,0.0,0.0,0.9792059751226481
2019-05-20,0.009233068734497469,0.009233068734497469,0.0,0.0,0.988247051196186
2019-05-21,0.010485384661165784,0.010485384661165784,0.0,0.0,0.998609201668241
2019-05-22,-0.0042817860446672145,-0.0042817860446672145,0.0,0.0,0.9943333707244616
2019-05-23,-0.003339489690682066,-0.003339489690682066,0.0,0.0,0.9910128046838261
2019-05-24,0.0019127879113407234,0.0019127879113407234,0.0,0.0,0.9929084019966092
2019-05-27,0.0029763530091543224,0.0029763530091543224,0.0,0.0,0.9958636479067063
2019-05-28,-0.0008672218646972815,-0.0008672218646972815,0.0,0.0,0.9950000131769845
2019-05-29,-0.0006871955743989918,-0.0006871955743989918,0.0,0.0,0.9943162535714023
2019-05-30,0.007709557334569262,0.007709557334569262,0.0,0.0,1.0019819917370052
2019-05-31,0.009123716303248692,0.009123716303248692,0.0,0.0,1.0111237911705777
2019-06-03,-0.0010108634861994217,-0.0010108634861994217,0.0,0.0,1.010101683050056
2019-06-04,0.0002957498063522634,0.0002957498063522634,0.0,0.0,1.0104004204272141
2019-06-05,0.0015135209396255627,0.0015135209396255627,0.0,0.0,1.0119296826209372
2019-06-06,0.004340070442266124,0.004340070442266124,0.0,0.0,1.016321528726132
2019-06-10,0.00498412174558775,0.00498412174558775,0.0,0.0,1.021386998957965
2019-06-11,-0.00476795736201799,-0.00476795736201799,0.0,0.0,1.016517069296814
2019-06-12,-0.004967719845772315,-0.004967719845772315,0.0,0.0,1.0114672972781018
2019-06-13,-0.0007014366542026965,-0.0007014366542026965,0.0,0.0,1.0107578170412637
2019-06-14,0.0008421653449752083,0.0008421653449752083,0.0,0.0,1.0116090422469386
2019-06-17,0.0017213039899555906,0.0017213039899555906,0.0,0.0,1.0133503289276333
2019-06-18,0.001515354270366676,0.001515354270366676,0.0,0.0,1.0148859136759514
2019-06-19,0.012790838593665164,0.012790838593665164,0.0,0.0,1.027867155588765
2019-06-20,0.0016544164623325153,0.0016544164623325153,0.0,0.0,1.029567675932062
2019-06-21,-0.003094104936004369,-0.003094104936004369,0.0,0.0,1.02638208550401
2019-06-24,0.004654662444571778,0.004654662444571778,0.0,0.0,1.0311595476511868
2019-06-25,-0.0021695075437558695,-0.0021695075437558695,0.0,0.0,1.0289224392337417
2019-06-26,-0.000993897529723174,-0.000993897529723174,0.0,0.0,1.0278997957631106
2019-06-27,0.004182133480553688,0.004182133480553688,0.0,0.0,1.0321986099136258
2019-06-28,-0.003686322873609223,-0.003686322873609223,0.0,0.0,1.0283935925677934
2019-07-01,0.0015089406668271192,0.0015089406668271192,0.0,0.0,1.0299453774811234
2019-07-02,-0.0021403045286789756,-0.0021403045286789756,0.0,0.0,1.0277409807254085
2019-07-03,-0.0030482134645380197,-0.0030482134645380197,0.0,0.0,1.0246082068299038
2019-07-04,0.001171177078343471,0.001171177078343471,0.0,0.0,1.0258082044760257
2019-07-05,0.0016481536343631081,0.0016481536343631081,0.0,0.0,1.0274988939963923
2019-07-08,-0.0034186000193505654,-0.0034186000193505654,0.0,0.0,1.0239862862574935
2019-07-09,-0.00584509383427768,-0.00584509383427768,0.0,0.0,1.018000990329305
2019-07-10,0.004765950900420463,0.004765950900420463,0.0,0.0,1.022852733065794
2019-07-11,0.0021807203098749696,0.0021807203098749696,0.0,0.0,1.0250832887948016
2019-07-12,-0.0011266208660153235,-0.0011266208660153235,0.0,0.0,1.0239284085722418
2019-07-15,-0.002436053760982812,-0.002436053760982812,0.0,0.0,1.0214340639215622
2019-07-16,-0.0019953710031537517,-0.0019953710031537517,0.0,0.0,1.0193959240087798
2019-07-17,0.002526157139256667,0.002526157139256667,0.0,0.0,1.0219710782999438
2019-07-18,-0.0031654708772789167,-0.0031654708772789167,0.0,0.0,1.018736058614164
2019-07-19,0.0014370772009300852,0.0014370772009300852,0.0,0.0,1.0202000609777637
2019-07-22,-0.0010236145010529057,-0.0010236145010529057,0.0,0.0,1.0191557694013718
2019-07-23,-0.0014500820378264875,-0.0014500820378264875,0.0,0.0,1.0176779099264155
2019-07-24,-0.0037295956748267306,-0.0037295956748267306,0.0,0.0,1.0138823827951873
2019-07-25,-0.003076418602928969,-0.003076418602928969,0.0,0.0,1.0107632561715743
2019-07-26,-0.00155145545915812,-0.00155145545915812,0.0,0.0,1.0091951019998704
2019-07-29,-0.00023120606720249056,-0.00023120606720249056,0.0,0.0,1.008961769969297
2019-07-30,-0.0020083953585380253,-0.0020083953585380253,0.0,0.0,1.0069353758335484
2019-07-31,-0.0011743396591975806,-0.0011743396591975806,0.0,0.0,1.005752891687458
2019-08-01,-0.009802359125937549,-0.009802359125937549,0.0,0.0,0.9958941406511874
2019-08-02,-0.011999501438657932,-0.011999501438657932,0.0,0.0,0.9839439074776926
2019-08-05,-0.0056486755812808235,-0.0056486755812808235,0.0,0.0,0.9783859275541733
2019-08-06,-0.008560257102017308,-0.008560257102017308,0.0,0.0,0.9700106924693138
2019-08-07,-0.0017612746672317709,-0.0017612746672317709,0.0,0.0,0.9683022372097236
2019-08-08,0.006528108728217363,0.006528108728217363,0.0,0.0,0.9746234194960048
2019-08-12,-0.0035120970060231126,-0.0035120970060231126,0.0,0.0,0.971200447502393
2019-08-13,-0.008389481148511905,-0.008389481148511905,0.0,0.0,0.9630525796566454
2019-08-14,0.0006088537382829111,0.0006088537382829111,0.0,0.0,0.9636389378199323
2019-08-15,-0.010168150920662561,-0.010168150920662561,0.0,0.0,0.9538405116671522
2019-08-16,0.011647831333403915,0.011647831333403915,0.0,0.0,0.9649506850660189
2019-08-19,0.004922647028445145,0.004922647028445145,0.0,0.0,0.9697007966884552
2019-08-20,-0.0018558637805476817,-0.0018558637805476817,0.0,0.0,0.9679011641019128
2019-08-21,-0.00017680586259025046,-0.00017680586259025046,0.0,0.0,0.9677300335016916
2019-08-22,0.0012308797551002842,0.0012308797551002842,0.0,0.0,0.9689211928083314
2019-08-23,0.0025311880795545853,0.0025311880795545853,0.0,0.0,0.9713737145815958
2019-08-26,-0.01153462454605773,-0.01153462454605773,0.0,0.0,0.9601692834899878
2019-08-27,-0.001210595774302834,-0.001210595774302834,0.0,0.0,0.9590069066127794
2019-08-28,0.0026935631945123346,0.0026935631945123346,0.0,0.0,0.9615900523197148
2019-08-29,0.0013230982390531566,0.0013230982390531566,0.0,0.0,0.96286233042463
2019-08-30,0.013485741185588302,0.013485741185588302,0.0,0.0,0.9758472426100888
2019-09-02,0.0030031783376669777,0.0030031783376669777,0.0,0.0,0.9787778859099675
2019-09-03,-0.00531844176412623,-0.00531844176412623,0.0,0.0,0.9735723127237408
2019-09-04,0.00709905205174261,0.00709905205174261,0.0,0.0,0.9804837532479022
2019-09-05,0.004294216098936712,0.004294216098936712,0.0,0.0,0.9846941623658453
2019-09-06,0.0028771270922853046,0.0028771270922853046,0.0,0.0,0.9875272526180033
2019-09-09,0.005390108080440454,0.005390108080440454,0.0,0.0,0.9928501312419947
2019-09-10,0.005100155112358191,0.005100155112358191,0.0,0.0,0.9979138209146541
2019-09-11,0.0027831012000119155,0.0027831012000119155,0.0,0.0,1.00069111606715
2019-09-12,0.0005415373881855478,0.0005415373881855478,0.0,0.0,1.0012330277205257
2019-09-16,0.0038150637054724643,0.0038150637054724643,0.0,0.0,1.0050527955053026
2019-09-17,-0.00028618395926579654,-0.00028618395926579654,0.0,0.0,1.0047651655170138
2019-09-18,0.0026381991377930998,0.0026381991377930998,0.0,0.0,1.0074159361103652
2019-09-19,-0.0032302172729007294,-0.0032302172729007294,0.0,0.0,1.004161763752546
2019-09-20,0.0040608321814893,0.0040608321814893,0.0,0.0,1.0082394961582133
2019-09-23,-0.004078326581702589,-0.004078326581702589,0.0,0.0,1.0041275662203089
2019-09-24,-0.0014374736120277307,-0.0014374736120277307,0.0,0.0,1.0026841593407576
2019-09-25,-0.005111285279715084,-0.005111285279715084,0.0,0.0,0.9975591545569157
2019-09-26,-0.0022202338318700696,-0.0022202338318700696,0.0,0.0,0.9953443399726767
2019-09-27,-0.008125887875262468,-0.008125887875262468,0.0,0.0,0.9872562834687816
2019-10-01,0.009033267769245271,0.009033267769245271,0.0,0.0,0.996174433834225
2019-10-02,-0.00372657759483635,-0.00372657759483635,0.0,0.0,0.9924621125085497
2019-10-03,-0.0062959493505949414,-0.0062959493505949414,0.0,0.0,0.9862136213158114
2019-10-04,0.0035398159425365284,0.0035398159425365284,0.0,0.0,0.9897046360152918
2019-10-07,0.0007550032989115331,0.0007550032989115331,0.0,0.0,0.9904518662804312
2019-10-08,0.001775187477415113,0.001775187477415113,0.0,0.0,0.9922101040304346
2019-10-09,-0.00980113393079864,-0.00980113393079864,0.0,0.0,0.9824853199133408
2019-10-14,0.010170577618502737,0.010170577618502737,0.0,0.0,0.992477763118559
2019-10-15,0.0005006256741120019,0.0005006256741120019,0.0,0.0,0.9929746229677614
2019-10-16,0.004607290050467259,0.004607290050467259,0.0,0.0,0.9975495450685272
2019-10-17,0.0047525660830563185,0.0047525660830563185,0.0,0.0,1.0022904652025881
2019-10-18,-0.0007396204662147242,-0.0007396204662147242,0.0,0.0,1.0015491506614325
2019-10-21,0.0038720059205662634,0.0038720059205662634,0.0,0.0,1.0054271549025318
2019-10-22,0.0034531625127446966,0.0034531625127446966,0.0,0.0,1.0088990582631367
2019-10-23,-0.004408656905557032,-0.004408656905557032,0.0,0.0,1.004451168462915
2019-10-24,0.006178346246891013,0.006178346246891013,0.0,0.0,1.010657015569773
2019-10-25,-0.0007282294507137157,-0.0007282294507137157,0.0,0.0,1.0099210253664646
2019-10-28,0.0006885646744045235,0.0006885646744045235,0.0,0.0,1.0106164213084703
2019-10-29,-0.00037326361494676504,-0.00037326361494676504,0.0,0.0,1.0102391949697282
2019-10-30,0.005750690677188701,0.005750690677188701,0.0,0.0,1.0160487680899712
2019-10-31,-0.0016078299963217704,-0.0016078299963217704,0.0,0.0,1.0144151344029104
2019-11-01,0.0023740615603015996,0.0023740615603015996,0.0,0.0,1.0168234183796845
2019-11-04,0.007246783408569683,0.007246783408569683,0.0,0.0,1.0241921174574435
2019-11-05,0.005217641317154083,0.005217641317154083,0.0,0.0,1.029535984566193
2019-11-06,0.0025463659083857456,0.0025463659083857456,0.0,0.0,1.032157559898749
2019-11-07,-0.0009156243279773514,-0.0009156243279773514,0.0,0.0,1.0312124913265999
2019-11-08,-0.0005559708645927969,-0.0005559708645927969,0.0,0.0,1.030639167226218
2019-11-11,-0.008096590343399625,-0.008096590343399625,0.0,0.0,1.0222945040973248
2019-11-12,0.002973697800827865,0.002973697800827865,0.0,0.0,1.0253344990159574
2019-11-13,-0.006176175911652183,-0.006176175911652183,0.0,0.0,1.019001852781749
2019-11-14,-0.0024910310227334574,-0.0024910310227334574,0.0,0.0,1.0164634875542469
2019-11-15,0.002890724701041356,0.002890724701041356,0.0,0.0,1.0194018036654267
2019-11-18,0.005548370850912361,0.005548370850912361,0.0,0.0,1.0250578229182514
2019-11-19,0.0002036540122660779,0.0002036540122660779,0.0,0.0,1.0252665800566934
2019-11-20,0.00038331229104543495,0.00038331229104543495,0.0,0.0,1.0256595773384272
2019-11-21,-0.0069491700758449355,-0.0069491700758449355,0.0,0.0,1.0185320944955831
2019-11-22,0.0030046669785174737,0.0030046669785174737,0.0,0.0,1.0215924442464743
2019-11-25,0.0018987679897868842,0.0018987679897868842,0.0,0.0,1.0235322112782177
2019-11-26,-0.00041561649215431773,-0.00041561649215431773,0.0,0.0,1.0231068144109594
2019-11-27,0.006408577882745717,0.006408577882745717,0.0,0.0,1.0296634741134798
2019-11-28,-0.0021738733762323875,-0.0021738733762323875,0.0,0.0,1.0274251161006256
2019-11-29,-0.00615710081947197,-0.00615710081947197,0.0,0.0,1.0210991560763363
2019-12-02,-0.0019228375985807225,-0.0019228375985807225,0.0,0.0,1.0191357482271537
2019-12-03,0.0014908312050109307,0.0014908312050109307,0.0,0.0,1.020655107602753
2019-12-04,-0.0006577425699741638,-0.0006577425699741638,0.0,0.0,1.019983779289221
2019-12-05,0.00017155956680616516,0.00017155956680616516,0.0,0.0,1.0201587672645451
2019-12-06,-0.0009671721508466516,-0.0009671721508466516,0.0,0.0,1.0191720981154049
2019-12-09,0.0033071771357334216,0.0033071771357334216,0.0,0.0,1.0225426807756695
2019-12-10,0.000555104476796323,0.000555104476796323,0.0,0.0,1.0231102987954834
2019-12-11,0.001062530592361882,0.001062530592361882,0.0,0.0,1.0241973847873143
2019-12-12,0.0033181518315688325,0.0033181518315688325,0.0,0.0,1.0275958272155343
2019-12-13,0.006016641114719424,0.006016641114719424,0.0,0.0,1.0337785025188733
2019-12-16,0.0007958533163828022,0.0007958533163828022,0.0,0.0,1.0346012385685082
2019-12-17,0.005953184473943893,0.005953184473943893,0.0,0.0,1.0407604105986774
2019-12-18,0.004346059635273089,0.004346059635273089,0.0,0.0,1.0452836174091706
2019-12-19,-0.002806388886505408,-0.002806388886505408,0.0,0.0,1.0423501450820274
2019-12-20,-0.000524544938402871,-0.000524544938402871,0.0,0.0,1.0418033855893811
2019-12-23,0.004553331602569473,0.004553331602569473,0.0,0.0,1.046547061868649
2019-12-24,-0.0035665548048894953,-0.0035665548048894953,0.0,0.0,1.0428144944165982
2019-12-25,0.0015405944764656575,0.0015405944764656575,0.0,0.0,1.0444210486666747
2019-12-26,-0.0009840705280086174,-0.0009840705280086174,0.0,0.0,1.04339326469385
2019-12-27,0.002820881290372447,0.002820881290372447,0.0,0.0,1.0463365532327256
2019-12-30,-0.0018060941770226494,-0.0018060941770226494,0.0,0.0,1.044446770876726
2019-12-31,-0.004785141399214945,-0.004785141399214945,0.0,0.0,1.0394489453941274
2020-01-02,0.002147303145491548,0.002147303145491548,0.0,0.0,1.04168095738415
2020-01-03,0.0015053731255678551,0.0015053731255678551,0.0,0.0,1.043249075902812
2020-01-06,-0.009452253490664876,-0.009452253490664876,0.0,0.0,1.0333880211834765
2020-01-07,-0.0022995662781043484,-0.0022995662781043484,0.0,0.0,1.031011676937766
2020-01-08,-0.005780226739800535,-0.005780226739800535,0.0,0.0,1.0250521956736838
2020-01-09,0.006039993313476007,0.006039993313476007,0.0,0.0,1.0312435040815167
2020-01-10,0.0033886529901333362,0.0033886529901333362,0.0,0.0,1.0347380304651779
2020-01-13,0.0077201532016504875,0.0077201532016504875,0.0,0.0,1.042726366583943
2020-01-14,0.0023222284424505527,0.0023222284424505527,0.0,0.0,1.0451478154101173
2020-01-15,-0.0029704886891103706,-0.0029704886891103706,0.0,0.0,1.0420432156459931
2020-01-16,0.0015643129057192852,0.0015643129057192852,0.0,0.0,1.0436732972965452
2020-01-17,0.004555585447597855,0.004555585447597855,0.0,0.0,1.0484278401817557
2020-01-20,0.003951496556310574,0.003951496556310574,0.0,0.0,1.052570699181774
2020-01-30,-0.05103710620273407,-0.05103710620273407,0.0,0.0,0.9988505366217478
2020-01-31,0.007227330730033015,0.007227330730033015,0.0,0.0,1.0060695597997842
2020-02-03,-0.004730832629158757,-0.004730832629158757,0.0,0.0,1.00131001309908
2020-02-04,0.010412586852513471,0.010412586852513471,0.0,0.0,1.0117362405767656
2020-02-05,0.00177228014507183,0.00177228014507183,0.0,0.0,1.0135293206279894
2020-02-06,0.01141946509719344,0.01141946509719344,0.0,0.0,1.025103283329883
2020-02-07,-0.007960362742789896,-0.007960362742789896,0.0,0.0,1.0169430893457523
2020-02-10,-0.00032557310980131735,-0.00032557310980131735,0.0,0.0,1.016612000021663
2020-02-11,0.0021711176222396155,0.0021711176222396155,0.0,0.0,1.0188191842498904
2020-02-12,0.0016867707857817435,0.0016867707857817435,0.0,0.0,1.020537698685877
2020-02-13,0.003331990922661262,0.003331990922661262,0.0,0.0,1.0239381210341318
2020-02-14,0.0004406860798869397,0.0004406860798869397,0.0,0.0,1.0243893563107371
2020-02-17,-0.002332169173969521,-0.002332169173969521,0.0,0.0,1.0220003070318067
2020-02-18,0.0016722720449592653,0.0016722720449592653,0.0,0.0,1.0237093695751958
2020-02-19,0.009394108108462161,0.009394108108462161,0.0,0.0,1.0333262060646307
2020-02-20,-0.003903732216248827,-0.003903732216248827,0.0,0.0,1.029292377264122
2020-02-21,-0.004568439073954329,-0.004568439073954329,0.0,0.0,1.0245901177493053
2020-02-24,-0.009530094633000134,-0.009530094633000134,0.0,0.0,1.0148256769671176
2020-02-25,-0.003103042760589777,-0.003103042760589777,0.0,0.0,1.0116766294969441
2020-02-26,-0.006370810109571402,-0.006370810109571402,0.0,0.0,1.005231429798128
2020-02-27,-0.006985882046516116,-0.006985882046516116,0.0,0.0,0.9982090016001075
2020-03-02,-0.01189818777946694,-0.01189818777946694,0.0,0.0,0.9863321234559153
2020-03-03,0.008352283229648254,0.008352283229648254,0.0,0.0,0.9945702487095195
2020-03-04,0.006697357903333626,0.006697357903333626,0.0,0.0,1.0012312416251345
2020-03-05,0.009233347409339841,0.009233347409339841,0.0,0.0,1.010475957516144
2020-03-06,-0.014485102237775507,-0.015497601099001392,0.2956201054674114,0.0010124988612258841,0.9948160042064272
2020-03-09,-0.02249886659548708,-0.02249886659548708,0.0,0.0,0.9724337716407313
2020-03-10,-0.00039199655865589827,-0.00039199655865589827,0.0,0.0,0.9720525809487274
2020-03-11,-0.0027465548327239245,-0.0027465548327239245,0.0,0.0,0.9693827852348609
2020-03-12,-0.038028563153503434,-0.038028563153503434,0.0,0.0,0.9325185507666379
2020-03-13,-0.027284571087699223,-0.027284571087699223,0.0,0.0,0.9070751820776474
2020-03-16,-0.03418998640653015,-0.03418998640653015,0.0,0.0,0.8760622939327117
2020-03-17,-0.033818171631993736,-0.033818171631993736,0.0,0.0,0.8464354689161772
2020-03-18,-0.019553892910310667,-0.019553892910310667,0.0,0.0,0.8298843604015017
2020-03-19,-0.06637618958661531,-0.06637618958661531,0.0,0.0,0.7747997987605246
2020-03-20,0.057608796231092746,0.057608796231092746,0.0,0.0,0.8194350824872113
2020-03-23,-0.03845680783936128,-0.03845680783936128,0.0,0.0,0.7879222249831696
2020-03-24,0.03893303966272076,0.03893303966272076,0.0,0.0,0.8185984322195785
2020-03-25,0.039844144684102106,0.039844144684102106,0.0,0.0,0.8512147865911145
2020-03-26,0.002365801113569133,0.002365801113569133,0.0,0.0,0.8532285914811183
2020-03-27,0.01083652092207139,0.01083652092207139,0.0,0.0,0.8624746209640128
2020-03-30,-0.009075703615561533,-0.009075703615561533,0.0,0.0,0.8546470569281996
2020-03-31,-0.0010071581476306614,-0.0010071581476306614,0.0,0.0,0.8537862921814658
2020-04-01,-0.0026470729461047365,-0.0026470729461047365,0.0,0.0,0.8515262575856771
2020-04-06,0.013845918911911378,0.013845918911911378,0.0,0.0,0.8633164210995717
2020-04-07,0.008755027832573245,0.008755027832573245,0.0,0.0,0.870874780394616
2020-04-08,0.010343759558520814,0.010343759558520814,0.0,0.0,0.8798828997285975
2020-04-09,0.005830314695183364,0.005830314695183364,0.0,0.0,0.8850128939289258
2020-04-10,0.015832736602694183,0.015832736602694183,0.0,0.0,0.8990250699684906
2020-04-13,-0.007847274525466293,-0.007847274525466293,0.0,0.0,0.8919701734391713
2020-04-14,0.02072925113862239,0.02072925113862239,0.0,0.0,0.9104600471725524
2020-04-15,0.014467055764793273,0.014467055764793273,0.0,0.0,0.9236317234466139
2020-04-16,-0.012341726941065924,-0.012341726941065924,0.0,0.0,0.9122325129217297
2020-04-17,0.0033615355848921114,0.0033615355848921114,0.0,0.0,0.9152990149756117
2020-04-20,-0.002887845790250575,-0.002887845790250575,0.0,0.0,0.9126557725683939
2020-04-21,-0.028074820070512277,-0.028074820070512277,0.0,0.0,0.8870331259672218
2020-04-22,0.00014026423437944998,0.00014026423437944998,0.0,0.0,0.8871575449895049
2020-04-23,0.0026525446212407955,0.0026525446212407955,0.0,0.0,0.8895107699636601
2020-04-24,-0.0010652580207031138,-0.0010652580207031138,0.0,0.0,0.8885632114814545
2020-04-27,0.022522730107371366,0.022522730107371366,0.0,0.0,0.9085760808769904
2020-04-28,0.008327919900508587,0.008327919900508587,0.0,0.0,0.916142629702052
2020-04-29,0.013091662485233826,0.013091662485233826,0.0,0.0,0.9281364597984457
2020-04-30,0.01661213232934433,0.01661213232934433,0.0,0.0,0.9435547854883066
2020-05-04,-0.022583939803786007,-0.022583939803786007,0.0,0.0,0.9222456010112645
2020-05-05,0.005828318752217098,0.005828318752217098,0.0,0.0,0.9276207423417882
2020-05-06,-0.00576710138063269,-0.00576710138063269,0.0,0.0,0.9222710594779252
2020-05-07,0.002448587756417382,0.002448587756417382,0.0,0.0,0.9245293211022608
2020-05-08,0.004415955330224264,0.004415955330224264,0.0,0.0,0.9286120012857311
2020-05-11,0.011116699638878442,0.011116699638878442,0.0,0.0,0.9389351019850825
2020-05-12,-0.007920909175980671,-0.007920909175980671,0.0,0.0,0.9314978823201185
2020-05-13,0.0029410911795316316,0.0029410911795316316,0.0,0.0,0.9342375025255626
2020-05-14,-0.010481005526204224,-0.010481005526204224,0.0,0.0,0.9244457540988049
2020-05-15,-0.0008297773036862113,-0.0008297773036862113,0.0,0.0,0.9236786699935647
2020-05-18,-0.00021137849351249356,-0.00021137849351249356,0.0,0.0,0.9234834241878119
2020-05-19,0.011459122165148373,0.011459122165148373,0.0,0.0,0.9340657335630695
2020-05-20,0.0018090866455379244,0.0018090866455379244,0.0,0.0,0.9357555394077132
2020-05-21,0.005830192670714045,0.005830192670714045,0.0,0.0,0.9412111744951481
2020-05-22,-0.015305238863935504,-0.015305238863935504,0.0,0.0,0.9268057126480945
2020-05-25,0.002414714861468083,0.002414714861468083,0.0,0.0,0.9290436841761195
2020-05-26,0.012391711186670533,0.012391711186670533,0.0,0.0,0.9405561251902302
2020-05-27,0.0017749211563509286,0.0017749211563509286,0.0,0.0,0.9422255381555659
2020-05-28,-0.004948588604951415,-0.004948588604951415,0.0,0.0,0.9375628515941551
2020-05-29,0.0021963280103122905,0.0021963280103122905,0.0,0.0,0.9396220471465396
2020-06-01,0.009129289908874207,0.009129289908874207,0.0,0.0,0.9482001292197102
2020-06-02,0.008595930303187456,0.008595930303187456,0.0,0.0,0.9563507914439562
2020-06-03,0.01786089773804866,0.01786089773804866,0.0,0.0,0.9734320751316384
2020-06-04,0.0007699027013606718,0.0007699027013606718,0.0,0.0,0.9741815231158732
2020-06-05,0.0022554401244241694,0.0022554401244241694,0.0,0.0,0.9763787312115814
2020-06-08,0.010314492404288774,0.010314492404288774,0.0,0.0,0.9864495822183724
2020-06-09,-0.0009657444854515553,-0.0009657444854515553,0.0,0.0,0.9854969239741691
2020-06-10,0.0067899887111217486,0.0067899887111217486,0.0,0.0,0.992188436962799
2020-06-11,-0.021310865079071022,-0.021310865079071022,0.0,0.0,0.9710440430496705
2020-06-12,-0.00987006598247757,-0.00987006598247757,0.0,0.0,0.9614597742728785
2020-06-15,-0.008219941556945118,-0.008219941556945118,0.0,0.0,0.9535566311190018
2020-06-16,0.013833924386559117,0.013833924386559117,0.0,0.0,0.966748061452204
2020-06-17,0.003577314421117361,0.003577314421117361,0.0,0.0,0.9702064232340242
2020-06-18,-0.005427711264317564,-0.005427711264317564,0.0,0.0,0.9649404229019236
2020-06-19,-0.006558252042147187,-0.006558252042147187,0.0,0.0,0.9586121004028767
2020-06-22,0.0042859192933964365,0.0042859192933964365,0.0,0.0,0.9627206344988766
2020-06-23,0.003432696900241173,0.003432696900241173,0.0,0.0,0.9660253626367191
2020-06-24,0.0026928003001645533,0.0026928003001645533,0.0,0.0,0.9686266760231937
2020-06-29,-0.0077591086148465944,-0.0077591086148465944,0.0,0.0,0.961110996436692
2020-06-30,0.005650599025175174,0.005650599025175174,0.0,0.0,0.9665418492962423
2020-07-01,0.0047556591233951125,0.0047556591233951125,0.0,0.0,0.9711383928599912
2020-07-02,0.005157316129422819,0.005157316129422819,0.0,0.0,0.9761468605573896
2020-07-03,0.0018656746063120903,0.0018656746063120903,0.0,0.0,0.9779680329671628
2020-07-06,0.01075723360278486,0.01075723360278486,0.0,0.0,0.9884882635538466
2020-07-07,-0.003517022900842463,-0.003517022900842463,0.0,0.0,0.9850117276937137
2020-07-08,0.0011086305505394797,0.0011086305505394797,0.0,0.0,0.9861037417876746
2020-07-09,-0.0029705203579938225,-0.0029705203579938225,0.0,0.0,0.9831745005476004
2020-07-10,-0.00705661914147173,-0.00705661914147173,0.0,0.0,0.9762366125476293
2020-07-13,0.005553560003422257,0.005553560003422257,0.0,0.0,0.9816582011529502
2020-07-14,-0.003552709701270784,-0.003552709701270784,0.0,0.0,0.9781706545383821
2020-07-15,0.0034534593947200304,0.0034534593947200304,0.0,0.0,0.9815487271749371
2020-07-16,-0.002303852660772694,-0.002303852660772694,0.0,0.0,0.9792873835281571
2020-07-17,-0.0035706067635201963,-0.0035706067635201963,0.0,0.0,0.9757907333731015
2020-07-20,-0.00013511574153754707,-0.00013511574153754707,0.0,0.0,0.9756588886845763
2020-07-21,0.0013715835698395516,0.0013715835698395516,0.0,0.0,0.976997086386064
2020-07-22,0.005316302802362795,0.005316302802362795,0.0,0.0,0.9821910987343185
2020-07-23,-0.005490403373131289,-0.005490403373131289,0.0,0.0,0.976798473412768
2020-07-24,-0.012597419149498253,-0.012597419149498253,0.0,0.0,0.9644933336185973
2020-07-27,-0.01459103837527151,-0.01459103837527151,0.0,0.0,0.9504203743750749
2020-07-28,-0.006851268646396952,-0.006851268646396952,0.0,0.0,0.9439087890632221
2020-07-29,0.006123680509928875,0.006123680509928875,0.0,0.0,0.9496889849179592
2020-07-30,0.006411752586938416,0.006411752586938416,0.0,0.0,0.9557781557237939
2020-07-31,-0.006457639566050437,-0.006457639566050437,0.0,0.0,0.9496060848890252
2020-08-03,-0.008146241826969611,-0.008146241826969611,0.0,0.0,0.9418703640811573
2020-08-04,0.008830899802851223,0.008830899802851223,0.0,0.0,0.9501879268936331
2020-08-05,0.004366129248134604,0.004366129248134604,0.0,0.0,0.9543365701924676
2020-08-06,0.0073775906659306395,0.0073775906659306395,0.0,0.0,0.9613772747648758
2020-08-07,-0.008110685335400273,-0.008110685335400273,0.0,0.0,0.9535798462006532
2020-08-10,0.007675050971579567,0.007675050971579567,0.0,0.0,0.9608986201257141
2020-08-11,-0.007496364087576601,-0.007496364087576601,0.0,0.0,0.9536953742180019
2020-08-12,-0.002569669310970813,-0.002569669310970813,0.0,0.0,0.951244692482859
2020-08-13,-0.0018121732702295508,-0.0018121732702295508,0.0,0.0,0.9495208722776939
2020-08-14,-0.0013013408828548643,-0.0013013408828548643,0.0,0.0,0.9482852219474749
2020-08-17,0.00655075071378621,0.00655075071378621,0.0,0.0,0.9544972020420203
2020-08-18,-0.0001096925804686973,-0.0001096925804686973,0.0,0.0,0.9543925007808781
2020-08-19,-0.00438571032881876,-0.00438571032881876,0.0,0.0,0.9502068117324562
2020-08-20,-0.0228092548486993,-0.0228092548486993,0.0,0.0,0.9285333024046806
2020-08-21,0.01187011240663743,0.01187011240663743,0.0,0.0,0.9395550970775304
2020-08-24,-0.0027505551020334277,-0.0027505551020334277,0.0,0.0,0.9369707990116222
2020-08-25,0.005983863640311357,0.005983863640311357,0.0,0.0,0.9425775045078613
2020-08-26,0.0022687527112391585,0.0022687527112391585,0.0,0.0,0.9447159797767665
2020-08-27,-0.00278405299827716,-0.00278405299827716,0.0,0.0,0.9420858404207486
2020-08-28,0.0013925844018803043,0.0013925844018803043,0.0,0.0,0.9433977744673508
2020-08-31,-0.005259668558426477,-0.005259668558426477,0.0,0.0,0.9384358148548954
2020-09-01,-0.0009311314940156314,-0.0009311314940156314,0.0,0.0,0.9375620077125718
2020-09-02,-0.0021506984631516598,-0.0021506984631516598,0.0,0.0,0.935545594543475
2020-09-03,0.002923548610649731,0.002923548610649731,0.0,0.0,0.9382807075666021
2020-09-04,-0.004588665868964847,-0.004588665868964847,0.0,0.0,0.933975250908283
2020-09-07,0.005388142018295454,0.005388142018295454,0.0,0.0,0.93900764220175
2020-09-08,0.00048009477325809463,0.00048009477325809463,0.0,0.0,0.9394584548628205
2020-09-09,-0.0020444257661995464,-0.0020444257661995464,0.0,0.0,0.937537801791425
2020-09-10,0.004231960995280175,0.004231960995280175,0.0,0.0,0.941505425200207
2020-09-11,-0.00033230624308629484,-0.00033230624308629484,0.0,0.0,0.9411925570695133
2020-09-14,0.0003100683738331504,0.0003100683738331504,0.0,0.0,0.9414843911151477
2020-09-15,0.00018565688526583763,0.00018565688526583763,0.0,0.0,0.9416591841747285
2020-09-16,0.000992250622415011,0.000992250622415011,0.0,0.0,0.9425935460863286
2020-09-17,-0.0048934353427988065,-0.0048934353427988065,0.0,0.0,0.9379810255140156
2020-09-18,3.7334359100897725e-05,3.7334359100897725e-05,0.0,0.0,0.938016044434452
2020-09-21,-0.006547005175751413,-0.006547005175751413,0.0,0.0,0.9318748485366017
2020-09-22,-0.010996792097415798,-0.010996792097415798,0.0,0.0,0.9216272145664339
2020-09-23,-0.006241803211710951,-0.006241803211710951,0.0,0.0,0.9158745988585529
2020-09-24,-0.025264782777660325,-0.025264782777660325,0.0,0.0,0.8927352260668148
2020-09-25,0.006182597019863109,0.006182597019863109,0.0,0.0,0.8982546482150222
2020-09-28,0.016714944428710698,0.016714944428710698,0.0,0.0,0.9132689247427673
2020-09-29,0.0005298115031192506,0.0005298115031192506,0.0,0.0,0.9137527851245373
2020-09-30,-0.0007127954732271314,-0.0007127954732271314,0.0,0.0,0.9131014662756518
2020-10-05,0.001258841444832971,0.001258841444832971,0.0,0.0,0.9142509162447373
2020-10-06,0.01173563453510669,0.01173563453510669,0.0,0.0,0.924980230871172
2020-10-07,-0.005393458657000025,-0.005393458657000025,0.0,0.0,0.919991388237426
2020-10-08,0.0030589223006097766,0.0030589223006097766,0.0,0.0,0.9228055704112743
2020-10-12,-0.001496517681029263,-0.001496517681029263,0.0,0.0,0.9214245755590016
2020-10-13,-0.0026105371812710255,-0.0026105371812710255,0.0,0.0,0.919019162444768
2020-10-14,-0.00053429940858861,-0.00053429940858861,0.0,0.0,0.9185281310497921
2020-10-15,-0.005676854340283069,-0.005676854340283069,0.0,0.0,0.91331378064237
2020-10-16,-0.00407775840417643,-0.00407775840417643,0.0,0.0,0.9095895076977054
2020-10-19,0.003728775921464884,0.003728775921464884,0.0,0.0,0.9129811631524256
2020-10-20,-0.00021032289119052107,-0.00021032289119052107,0.0,0.0,0.912789142314589
2020-10-21,-0.0023788180008549927,-0.0023788180008549927,0.0,0.0,0.910617783071866
2020-10-22,0.006574917541763052,0.006574917541763052,0.0,0.0,0.9166050199076267
2020-10-23,0.0002173932040098147,0.0002173932040098147,0.0,0.0,0.9168042836097158
2020-10-26,0.006145641857369016,0.006145641857369016,0.0,0.0,0.9224386343900829
2020-10-27,-0.002475118816156991,-0.002475118816156991,0.0,0.0,0.9201554891693537
2020-10-28,-0.002377744279493127,-0.002377744279493127,0.0,0.0,0.9179675947187371
2020-10-29,-0.00914800482817186,-0.00914800482817186,0.0,0.0,0.9095700227301448
2020-10-30,-0.0049283854035610634,-0.0049283854035610634,0.0,0.0,0.9050873111066048
2020-11-02,0.01070092618920574,0.01070092618920574,0.0,0.0,0.9147725836175432
2020-11-03,0.007428580299327933,0.007428580299327933,0.0,0.0,0.9215680452105698
2020-11-04,-0.0005675109380066818,-0.0005675109380066818,0.0,0.0,0.9210450452647954
2020-11-05,0.005501717731028324,0.005501717731028324,0.0,0.0,0.9261123751214045
2020-11-06,0.0037840605236268052,0.0037840605236268052,0.0,0.0,0.9296168404005437
2020-11-09,0.0070081129498622535,0.0070081129498622535,0.0,0.0,0.9361317002181648
2020-11-10,0.009975946920474453,0.009975946920474453,0.0,0.0,0.9454705003701148
2020-11-11,0.018479624834145114,0.018479624834145114,0.0,0.0,0.9629424405087059
2020-11-12,-0.009353668051404538,-0.009353668051404538,0.0,0.0,0.9539353965675781
2020-11-13,0.00020110325386082733,0.00020110325386082733,0.0,0.0,0.9541272360798009
2020-11-16,0.007771431351359574,0.007771431351359574,0.0,0.0,0.9615421703954574
2020-11-17,0.0017066047165762229,0.0017066047165762229,0.0,0.0,0.9631831427986411
2020-11-18,0.0053275616703387235,0.0053275616703387235,0.0,0.0,0.9683145603917316
2020-11-19,-0.0031657386909373607,-0.0031657386909373607,0.0,0.0,0.9652491295229014
2020-11-20,-0.0021924458242785763,-0.0021924458242785763,0.0,0.0,0.9631328730994904
2020-11-23,0.007450178526430715,0.007450178526430715,0.0,0.0,0.9703083849487557
2020-11-24,-0.0049526491225703245,-0.0049526491225703245,0.0,0.0,0.9655027879774166
2020-11-25,0.001353764130702696,0.001353764130702696,0.0,0.0,0.9668098510198738
2020-11-26,0.003593606660976508,0.003593606660976508,0.0,0.0,0.9702841853403965
2020-11-27,-0.0012467897750513901,-0.0012467897750513901,0.0,0.0,0.96907444493922
2020-11-30,-0.003000960657354015,-0.003000960657354015,0.0,0.0,0.9661662906559102
2020-12-01,0.006905518768577272,0.006905518768577272,0.0,0.0,0.9728381701096014
2020-12-02,0.001299579317991495,0.001299579317991495,0.0,0.0,0.9741024504752286
2020-12-03,-0.0007452814040331618,-0.0007452814040331618,0.0,0.0,0.9733764700332662
2020-12-04,0.009936492740746915,0.009936492740746915,0.0,0.0,0.9830484182617655
2020-12-07,0.0010110648836285578,0.0010110648836285578,0.0,0.0,0.9840423439963766
2020-12-08,-0.007976409643180521,-0.007976409643180521,0.0,0.0,0.9761932191544259
2020-12-09,4.673777304715351e-05,4.673777304715351e-05,0.0,0.0,0.9762388442515528
2020-12-10,0.00044164850842454264,0.00044164850842454264,0.0,0.0,0.9766699986809827
2020-12-11,0.005750582673392608,0.005750582673392608,0.0,0.0,0.9822864202530199
2020-12-14,0.0005070286247467091,0.0005070286247467091,0.0,0.0,0.9827844675857881
2020-12-15,-0.008293225660460177,-0.008293225660460177,0.0,0.0,0.9746340142205039
2020-12-16,0.012967755874359308,0.012967755874359308,0.0,0.0,0.9872728301837622
2020-12-17,-0.001401780566140552,-0.001401780566140552,0.0,0.0,0.9858888903169319
2020-12-18,-0.005541188123873906,-0.005541188123873906,0.0,0.0,0.9804258945064485
2020-12-21,0.00822679340353458,0.00822679340353458,0.0,0.0,0.9884916557880286
2020-12-22,-0.00888527023914081,-0.00888527023914081,0.0,0.0,0.9797086402972162
2020-12-23,-0.0006325599966154464,-0.0006325599966154464,0.0,0.0,0.9790889158030256
2020-12-24,0.004202867637371665,0.004202867637371665,0.0,0.0,0.9832038969213636
2020-12-25,0.0044773423290874305,0.0044773423290874305,0.0,0.0,0.9876060373471732
2020-12-28,0.00606746573550798,0.00606746573550798,0.0,0.0,0.993598303138958
2020-12-29,0.000796963846433464,0.000796963846433464,0.0,0.0,0.9943901650644376
2020-12-30,0.014731980665602766,0.014731980665602766,0.0,0.0,1.0090395017502325
2020-12-31,-0.0038535026599991057,-0.0038535026599991057,0.0,0.0,1.0051511653461938
2021-01-04,-0.0009633042581750307,-0.0009633042581750307,0.0,0.0,1.0041828989485062
2021-01-05,0.004784034241845007,0.004784034241845007,0.0,0.0,1.008986944322151
2021-01-06,-0.008383570139964172,-0.008383570139964172,0.0,0.0,1.0005280315041183
2021-01-07,0.005794791443049223,0.005794791443049223,0.0,0.0,1.006325882779609
2021-01-08,0.010921347386903958,0.010921347386903958,0.0,0.0,1.0173163173298778
2021-01-11,0.00593445634057542,0.00593445634057542,0.0,0.0,1.023353536599627
2021-01-12,-0.010542318307223074,-0.010542318307223074,0.0,0.0,1.012565017875971
2021-01-13,0.00867242795838919,0.00867242795838919,0.0,0.0,1.0213464150466856
2021-01-14,0.0009295701401075382,0.0009295701401075382,0.0,0.0,1.0222958281768189
2021-01-15,-0.010942279133557416,-0.010942279133557416,0.0,0.0,1.0111095818678368
2021-01-18,-0.006232244542113717,-0.006232244542113717,0.0,0.0,1.0048080996947621
2021-01-19,0.0004132076179059477,0.0004132076179059477,0.0,0.0,1.0052232940560897
2021-01-20,-0.023075583721817422,-0.023075583721817422,0.0,0.0,0.9820271797749773
2021-01-21,0.0035093770834207236,0.0035093770834207236,0.0,0.0,0.9854734834549759
2021-01-22,0.0007744519504352178,0.0007744519504352178,0.0,0.0,0.9862366853163397
2021-01-25,0.010571663656552915,0.010571663656552915,0.0,0.0,0.9966628478392576
2021-01-26,-0.006612727485498784,-0.006612727485498784,0.0,0.0,0.9900721880315755
2021-01-27,0.00019707790797799144,0.00019707790797799144,0.0,0.0,0.99026730938714
2021-01-28,-0.0068668301086178204,-0.0068668301086178204,0.0,0.0,0.9834673120114605
2021-01-29,-0.014590813471357676,-0.014590813471357676,0.0,0.0,0.9691177239067238
2021-02-01,0.009010597478246151,0.009010597478246151,0.0,0.0,0.9778500536258814
2021-02-02,0.009216691176746448,0.009216691176746448,0.0,0.0,0.986862595587316
2021-02-03,0.00347192975810404,0.00347192975810404,0.0,0.0,0.9902889132000955
2021-02-04,-0.004057315658190136,-0.004057315658190136,0.0,0.0,0.9862709984864366
2021-02-05,0.0033644979360780447,0.0033644979360780447,0.0,0.0,0.9895893052252579
2021-02-17,0.015573255177156669,0.015573255177156669,0.0,0.0,1.0050004319961159
2021-02-18,0.004670657025182135,0.004670657025182135,0.0,0.0,1.0096944443241298
2021-02-19,-0.0005173624792092408,-0.0005173624792092408,0.0,0.0,1.0091720663031705
2021-02-22,0.003705687485936457,0.003705687485936457,0.0,0.0,1.0129117426004268
2021-02-23,0.013650085362656524,0.013650085362656524,0.0,0.0,1.0267380743517598
2021-02-24,-0.00044833003041520804,-0.00044833003041520804,0.0,0.0,1.0262777568396573
2021-02-25,0.01596771005753315,0.01596771005753315,0.0,0.0,1.0426650624993683
2021-02-26,-0.018933723609288293,-0.018933723609288293,0.0,0.0,1.022923530388944
2021-03-02,-0.0006374549606549883,-0.0006374549606549883,0.0,0.0,1.0222714627101268
2021-03-03,0.011884281453492185,0.011884281453492185,0.0,0.0,1.0344204244948472
2021-03-04,-0.005611900521783428,-0.005611900521783428,0.0,0.0,1.028615359974881
2021-03-05,-0.0015850657947431423,-0.0015850657947431423,0.0,0.0,1.0269849369518376
2021-03-08,0.0012340883523942491,0.0012340883523942491,0.0,0.0,1.028252327100614
2021-03-09,0.015182311577595147,0.015182311577595147,0.0,0.0,1.043863574311043
2021-03-10,0.005165439970662716,0.005165439970662716,0.0,0.0,1.049255588941708
2021-03-11,0.0049599723978350375,0.0049599723978350375,0.0,0.0,1.054459867701133
2021-03-12,0.003908621450939295,0.003908621450939295,0.0,0.0,1.0585813521591843
2021-03-15,0.0038249873974695496,0.0038249873974695496,0.0,0.0,1.0626304124903896
2021-03-16,0.004044205310645586,0.004044205310645586,0.0,0.0,1.0669279080478367
2021-03-17,-0.003218993833112919,-0.003218993833112919,0.0,0.0,1.0634934736914545
2021-03-18,0.004100570391023524,0.0024202147533305294,0.4906147847278815,0.0016803556376929942,1.0660673562865532
2021-03-19,-0.009060336053529947,-0.009060336053529947,0.0,0.0,1.056408427782899
2021-03-22,0.00873218157176524,0.00873218157176524,0.0,0.0,1.0656331779882422
2021-03-23,0.00299380960736674,0.00299380960736674,0.0,0.0,1.0688234808344321
2021-03-24,0.002038158199551011,0.002038158199551011,0.0,0.0,1.0710019121757675
2021-03-25,0.005466338930615238,0.005466338930615238,0.0,0.0,1.0768563716230573
2021-03-26,0.0035293303767168754,0.0035293303767168754,0.0,0.0,1.0806569535267876
2021-03-29,0.013179041472062582,0.013179041472062582,0.0,0.0,1.09489897633439
2021-03-30,0.005776812562676819,0.005776812562676819,0.0,0.0,1.1012240024957405
2021-03-31,-0.0005584074248660721,-0.0005584074248660721,0.0,0.0,1.100609070836306
2021-04-01,-0.0018988527928175578,-0.0018988527928175578,0.0,0.0,1.0985191762283482
2021-04-06,0.002123482371369197,0.002123482371369197,0.0,0.0,1.10085186233368
2021-04-07,0.005489876763297117,0.005489876763297117,0.0,0.0,1.106895403392538
2021-04-08,-0.002586699147072794,-0.002586699147072794,0.0,0.0,1.1040321979966838
2021-04-09,-0.0016557991993326293,-0.0016557991993326293,0.0,0.0,1.1022041423672035
2021-04-12,0.011270260191245947,0.011270260191245947,0.0,0.0,1.1146262698355511
2021-04-13,-0.0032530897273263647,-0.0032530897273263647,0.0,0.0,1.1110002905673408
2021-04-14,-0.001714212802092681,-0.001714212802092681,0.0,0.0,1.1090957996461215
2021-04-15,0.010174860416747516,0.010174860416747516,0.0,0.0,1.1203806945963217
2021-04-16,0.008997635090109894,0.008997635090109894,0.0,0.0,1.1304614712483034
2021-04-19,0.019498899536415717,0.019498899536415717,0.0,0.0,1.152504225905963
2021-04-20,0.003632480211205496,0.003632480211205496,0.0,0.0,1.1566906746998973
2021-04-21,-0.001090932898384805,-0.001090932898384805,0.0,0.0,1.1554288027896122
2021-04-22,-0.003439891349436269,-0.003439891349436269,0.0,0.0,1.1514542532460068
2021-04-23,-0.0003254657391328804,-0.0003254657391328804,0.0,0.0,1.1510794943363964
2021-04-26,0.014999330351002094,0.014999330351002094,0.0,0.0,1.1683449159322126
2021-04-27,0.000359132990379955,0.000359132990379955,0.0,0.0,1.1687645071356667
2021-04-28,0.0011782162035994497,0.0011782162035994497,0.0,0.0,1.1701415644161657
2021-04-29,-0.004505004955994572,-0.004505004955994572,0.0,0.0,1.1648700708692556
2021-05-03,-0.01028453954992794,-0.01028453954992794,0.0,0.0,1.1528899185548735
2021-05-04,-0.019175452738254523,-0.019175452738254523,0.0,0.0,1.1307827324092146
2021-05-05,0.0042733844511575894,0.0042733844511575894,0.0,0.0,1.1356150017555295
2021-05-06,0.009131927665074927,0.009131927665074927,0.0,0.0,1.145985355806935
2021-05-07,0.010318673337775966,0.010318673337775966,0.0,0.0,1.157810404343382
2021-05-10,0.01100454039482348,0.01100454039482348,0.0,0.0,1.1705515757075255
2021-05-11,-0.02545016476059942,-0.02545016476059942,0.0,0.0,1.1407608452449898
2021-05-12,-0.0433146342809927,-0.0433146342809927,0.0,0.0,1.091349206431127
2021-05-13,-0.007442951263712058,-0.007442951263712058,0.0,0.0,1.0832263474759694
2021-05-14,0.010470805208733459,0.010470805208733459,0.0,0.0,1.094568599557358
2021-05-17,-0.035101427711499086,-0.035101427711499086,0.0,0.0,1.0561476789847186
2021-05-18,0.04230407575978637,0.04230407575978637,0.0,0.0,1.1008270304100107
2021-05-19,-0.0005143539522254044,-0.0005143539522254044,0.0,0.0,1.1002608156762028
2021-05-20,-0.0043656743298775965,-0.0043656743298775965,0.0,0.0,1.095457435277035
2021-05-21,0.011298371206436961,0.011298371206436961,0.0,0.0,1.1078343200216463
2021-05-24,7.350432478417688e-05,7.350432478417688e-05,0.0,0.0,1.1079157506353121
2021-05-25,0.008595783354706676,0.008595783354706676,0.0,0.0,1.1174391544030404
2021-05-26,0.0008163319767320043,0.0008163319767320043,0.0,0.0,1.118351355716832
2021-05-27,-0.005234138918930338,-0.005234138918930338,0.0,0.0,1.1124977493608361
2021-05-28,0.012051585141823489,0.012051585141823489,0.0,0.0,1.1259051107073452
2021-05-31,0.009708086707899006,0.009708086707899006,0.0,0.0,1.1368354951469586
2021-06-01,0.005492731516361403,0.005492731516361403,0.0,0.0,1.1430798273000704
2021-06-02,0.0026991394329845373,0.0026991394329845373,0.0,0.0,1.1461651591369852
2021-06-03,0.001278611366114478,0.001278611366114478,0.0,0.0,1.1476306589369023
2021-06-04,-0.0035878549104472602,-0.0035878549104472602,0.0,0.0,1.1435131266418557
2021-06-07,-0.0042213987260228784,-0.0042213987260228784,0.0,0.0,1.1386859017858593
2021-06-08,0.0012786636761289655,0.0012786636761289655,0.0,0.0,1.140141898086993
2021-06-09,-0.00748436658378029,-0.00748436658378029,0.0,0.0,1.1316086581641829
2021-06-10,0.002642724448068377,0.002642724448068377,0.0,0.0,1.1345991880307593
2021-06-11,0.001437674039105937,0.001437674039105937,0.0,0.0,1.1362303718281819
2021-06-15,-0.0024310348248706066,-0.0024310348248706066,0.0,0.0,1.1334681562251918
2021-06-16,-0.0014953059479600305,-0.0014953059479600305,0.0,0.0,1.131773274549365
2021-06-17,0.0021771357850499684,0.0021771357850499684,0.0,0.0,1.1342372986459495
2021-06-18,-0.007041833697479663,-0.007041833697479663,0.0,0.0,1.1262501882154061
2021-06-21,-0.006561467187860241,-0.006561467187860241,0.0,0.0,1.1188603345601094
2021-06-22,0.00368458503734978,0.00368458503734978,0.0,0.0,1.1229828706077136
2021-06-23,0.011203787744818873,0.011203787744818873,0.0,0.0,1.1355645323310697
2021-06-24,0.0023692988044861853,0.0023692988044861853,0.0,0.0,1.1382550240199385
2021-06-25,0.005181134739555666,0.005181134739555666,0.0,0.0,1.1441524766673619
2021-06-28,0.0033153992373239865,0.0033153992373239865,0.0,0.0,1.1479457989158872
2021-06-29,-0.005650831372997703,-0.005650831372997703,0.0,0.0,1.1414589507808723
2021-06-30,0.004536948115765173,0.004536948115765173,0.0,0.0,1.1466376908168407
2021-07-01,-0.003689033002403737,-0.003689033002403737,0.0,0.0,1.1424077065336173
2021-07-02,0.00030483311964371975,0.00030483311964371975,0.0,0.0,1.142755950238705
2021-07-05,0.00968779184735774,0.00968779184735774,0.0,0.0,1.153826732016947
2021-07-06,0.001857019629128341,0.001857019629128341,0.0,0.0,1.1559694109069156
2021-07-07,-0.0011957017305939009,-0.0011957017305939009,0.0,0.0,1.1545872162817805
2021-07-08,0.006408031431310884,0.006408031431310884,0.0,0.0,1.1619858474539038
2021-07-09,-0.0023721274218862142,-0.0023721274218862142,0.0,0.0,1.1592294689613147
2021-07-12,0.0031574324306423754,0.0031574324306423754,0.0,0.0,1.1628896576811696
2021-07-13,0.0018603422894203309,0.0018603422894203309,0.0,0.0,1.1650530304892834
2021-07-14,-0.0012782139902063555,-0.0012782139902063555,0.0,0.0,1.1635638434063797
2021-07-15,0.004410381653462367,0.004410381653462367,0.0,0.0,1.1686956040339715
2021-07-16,0.009076588457675637,0.009076588457675637,0.0,0.0,1.1793033730640825
2021-07-19,-0.0015066539335019241,-0.0015066539335019241,0.0,0.0,1.1775265709982634
2021-07-20,-0.012304264390275816,-0.012304264390275816,0.0,0.0,1.163037972742126
2021-07-21,-0.00198647489097411,-0.00198647489097411,0.0,0.0,1.1607276270120244
2021-07-22,0.007611720499272709,0.007611720499272709,0.0,0.0,1.169562761284624
2021-07-23,0.001999069786282101,0.001999069786282101,0.0,0.0,1.1719007988638688
2021-07-26,-0.007074275767140811,-0.007074275767140811,0.0,0.0,1.1636104494409731
2021-07-27,-0.006711895440051507,-0.006711895440051507,0.0,0.0,1.155800417771374
2021-07-28,-0.005087377659755989,-0.005087377659755989,0.0,0.0,1.1499204245468675
2021-07-29,0.004990173610141934,0.004990173610141934,0.0,0.0,1.1556587271032044
2021-07-30,-0.006505123580084369,-0.006505123580084369,0.0,0.0,1.148141024266995
2021-08-02,0.010645873583606765,0.010645873583606765,0.0,0.0,1.1603639884674941
2021-08-03,0.0012573453126157336,0.0012573453126157336,0.0,0.0,1.1618229666893218
2021-08-04,0.004412434880546072,0.004412434880546072,0.0,0.0,1.1669494348725613
2021-08-05,0.0017805503521907506,0.0017805503521907506,0.0,0.0,1.1690272470998124
2021-08-06,-0.002020430214281818,-0.002020430214281818,0.0,0.0,1.1666653091284533
2021-08-09,-0.004299324670924316,-0.004299324670924316,0.0,0.0,1.1616494361822058
2021-08-10,-0.004876361484283498,-0.004876361484283498,0.0,0.0,1.1559848136133672
2021-08-11,-0.002205729626070319,-0.002205729626070319,0.0,0.0,1.153435023662693
2021-08-12,-0.004799061451305609,-0.004799061451305609,0.0,0.0,1.1478996181040475
2021-08-13,-0.005006031196612555,-0.005006031196612555,0.0,0.0,1.142153196805239
2021-08-16,-0.012374824705094399,-0.012374824705094399,0.0,0.0,1.1280192512084108
2021-08-17,0.001683386863939395,0.001683386863939395,0.0,0.0,1.1299181439981658
2021-08-18,0.005885011930422283,0.005885011930422283,0.0,0.0,1.1365677257559956
2021-08-19,-0.014903767417903353,-0.014903767417903353,0.0,0.0,1.119628584716633
2021-08-20,-0.0021037955082052234,-0.0021037955082052234,0.0,0.0,1.1172731151292479
2021-08-23,0.005914906852865772,0.005914906852865772,0.0,0.0,1.1238816815344483
2021-08-24,0.007328926247008549,0.007328926247008549,0.0,0.0,1.1321185274887784
2021-08-25,0.0021765348454847325,0.0021765348454847325,0.0,0.0,1.1345826229130767
2021-08-26,-0.0028052626446988652,-0.0028052626446988652,0.0,0.0,1.1313998206636942
2021-08-27,0.014009040329580573,0.014009040329580573,0.0,0.0,1.147249646380252
2021-08-30,0.013605023749505802,0.013605023749505802,0.0,0.0,1.1628580050658675
2021-08-31,0.0013516247141365997,0.0013516247141365997,0.0,0.0,1.164429752684546
2021-09-01,-0.006351063006148042,-0.006351063006148042,0.0,0.0,1.157034385959013
2021-09-02,-0.009523272539588599,-0.009523272539588599,0.0,0.0,1.14601563216385
2021-09-03,0.008197576743485962,0.008197576743485962,0.0,0.0,1.1554101832577475
2021-09-06,-0.006568126267384023,-0.006568126267384023,0.0,0.0,1.1478213032834892
2021-09-07,-0.0022969452127247687,-0.0022969452127247687,0.0,0.0,1.1451848206358488
2021-09-08,-0.005359104467420248,-0.005359104467420248,0.0,0.0,1.1390476555475573
2021-09-09,-0.0015111686147974653,-0.0015111686147974653,0.0,0.0,1.1373263624797352
2021-09-10,0.007501807245492864,0.007501807245492864,0.0,0.0,1.1458583656262757
2021-09-13,0.0044197855269396125,0.0044197855269396125,0.0,0.0,1.1509228138465935
2021-09-14,0.0023165047038335917,0.0023165047038335917,0.0,0.0,1.1535889319586186
2021-09-15,0.00020734329590107634,0.00020734329590107634,0.0,0.0,1.153828120889886
2021-09-16,0.00010539919288363331,0.00010539919288363331,0.0,0.0,1.1539497334425541
2021-09-17,-0.004351033108025175,-0.004351033108025175,0.0,0.0,1.1489288599473488
2021-09-22,-0.0122624371705998,-0.0122624371705998,0.0,0.0,1.1348401919887556
2021-09-23,0.006547646894837684,0.006547646894837684,0.0,0.0,1.142270724847968
2021-09-24,0.0034152882826695755,0.0034152882826695755,0.0,0.0,1.1461719086701778
2021-09-27,0.0031273845026947313,0.0031273845026947313,0.0,0.0,1.1497564289347768
2021-09-28,-0.0012758443714748907,-0.0012758443714748907,0.0,0.0,1.1482895186663533
2021-09-29,-0.006888547518058053,-0.006888547518058053,0.0,0.0,1.1403794717525322
2021-09-30,0.0017993322797074842,0.0017993322797074842,0.0,0.0,1.1424313933471721
2021-10-01,-0.012652584462383308,-0.012652584462383308,0.0,0.0,1.1279766836503688
2021-10-04,-0.0021877046111948924,-0.0021877046111948924,0.0,0.0,1.1255090038582267
2021-10-05,0.002124618546718908,0.002124618546718908,0.0,0.0,1.127900281162323
2021-10-06,0.002309489679106341,0.002309489679106341,0.0,0.0,1.1305051552207286
2021-10-07,0.008937157402375018,0.008937157402375018,0.0,0.0,1.1406086577371328
2021-10-08,-0.0015795781111716362,-0.0015795781111716362,0.0,0.0,1.1388069772679585
2021-10-12,-0.003841749896092935,-0.003841749896092935,0.0,0.0,1.1344319656813695
2021-10-13,-0.0018379463851914421,-0.0018379463851914421,0.0,0.0,1.1323469405507998
2021-10-14,-0.002514160433048233,-0.002514160433048233,0.0,0.0,1.1295000386763838
2021-10-15,0.008888198505328734,0.008888198505328734,0.0,0.0,1.1395392592319158
2021-10-18,0.0028364422859059758,0.0028364422859059758,0.0,0.0,1.1427714965732512
2021-10-19,0.0018333541324057428,0.0018333541324057428,0.0,0.0,1.1448666014188893
2021-10-20,-0.00014187845658513066,-0.00014187845658513066,0.0,0.0,1.1447041695124842
2021-10-21,0.0006504961096538645,0.0006504961096538645,0.0,0.0,1.1454487951214567
2021-10-22,0.0001854907914718978,0.0001854907914718978,0.0,0.0,1.1456612653250542
2021-10-25,0.0019385716214544322,0.0019385716214544322,0.0,0.0,1.1478822117418128
2021-10-26,0.005735426611351813,0.005735426611351813,0.0,0.0,1.1544658059257342
2021-10-27,0.0008089313006048089,0.0008089313006048089,0.0,0.0,1.1553996894516254
2021-10-28,0.0010306925325476294,0.0010306925325476294,0.0,0.0,1.156590551283651
2021-10-29,-0.0031798816641627945,-0.0031798816641627945,0.0,0.0,1.1529127301966802
2021-11-01,0.0005814396371081924,0.0005814396371081924,0.0,0.0,1.1535830793561432
2021-11-02,-0.0010304105531571766,-0.0010304105531571766,0.0,0.0,1.152394415177231
2021-11-03,0.0045595791641031055,0.0045595791641031055,0.0,0.0,1.1576488487415018
2021-11-04,4.920257613434545e-06,4.920257613434545e-06,0.0,0.0,1.1576545446720634
2021-11-05,0.0038420542939815614,0.0038420542939815614,0.0,0.0,1.1621023162863682
2021-11-08,0.003871553689705471,0.003871553689705471,0.0,0.0,1.1666014577968018
2021-11-09,0.00039707040126831894,0.00039707040126831894,0.0,0.0,1.1670646807057694
2021-11-10,0.0025236870026227073,0.0025236870026227073,0.0,0.0,1.1700099866716864
2021-11-11,0.0011254837435452475,0.0011254837435452475,0.0,0.0,1.171326813891471
2021-11-12,0.007898041128116389,0.007898041128116389,0.0,0.0,1.1805780012420515
2021-11-15,0.004211048673512516,0.004211048673512516,0.0,0.0,1.18554947266816
2021-11-16,0.0016034495809338438,0.0016034495809338438,0.0,0.0,1.187450441473286
2021-11-17,0.012299913468636637,0.012299913468636637,0.0,0.0,1.2020559791517018
2021-11-18,0.0070534524918070335,0.0070534524918070335,0.0,0.0,1.210534623893141
2021-11-19,-0.00976887491488714,-0.00976887491488714,0.0,0.0,1.198709062572189
2021-11-22,-0.0020668959598882275,-0.0020668959598882275,0.0,0.0,1.1962314556536773
2021-11-23,-0.003623189454663375,-0.003623189454663375,0.0,0.0,1.1918972824582164
2021-11-24,0.005800303819188493,0.005800303819188493,0.0,0.0,1.1988106488177392
2021-11-25,0.0002503913026118253,0.0002503913026118253,0.0,0.0,1.1991108205776815
2021-11-26,-0.015382481159122975,-0.015382481159122975,0.0,0.0,1.1806655209724448
2021-11-29,-0.005880433942979123,-0.005880433942979123,0.0,0.0,1.1737226953676134
2021-11-30,-0.000667008083505518,-0.000667008083505518,0.0,0.0,1.1729398128420094
2021-12-01,0.01046255243928705,0.01046255243928705,0.0,0.0,1.1852117571419964
2021-12-02,-0.0006054283774001613,-0.0006054283774001613,0.0,0.0,1.1844941963109943
2021-12-03,0.003593071662237331,0.003593071662237331,0.0,0.0,1.188750168841844
2021-12-06,0.005303224192583887,0.005303224192583887,0.0,0.0,1.1950543774961844
2021-12-07,0.0073851038906870645,0.0073851038906870645,0.0,0.0,1.2038799782290142
2021-12-08,0.0014803537022521683,0.0014803537022521683,0.0,0.0,1.2056621464118527
2021-12-09,0.0044029043994201315,0.0044029043994201315,0.0,0.0,1.2109705615805035
2021-12-10,-0.0008563007470055827,-0.0008563007470055827,0.0,0.0,1.2099336065840203
2021-12-13,-0.003637636740571409,-0.003637636740571409,0.0,0.0,1.2055323076430582
2021-12-14,-0.006664788091466105,-0.006664788091466105,0.0,0.0,1.197497690275201
2021-12-15,0.0001988749800162715,0.0001988749800162715,0.0,0.0,1.1977358426044242
2021-12-16,0.00410202105166097,0.00410202105166097,0.0,0.0,1.2026489802451164
2021-12-17,0.004945512351637405,0.004945512351637405,0.0,0.0,1.2085966956316025
2021-12-20,-0.006048362028771448,-0.006048362028771448,0.0,0.0,1.2012866652696457
2021-12-21,0.005462037655318702,0.005462037655318702,0.0,0.0,1.2078481382701807
2021-12-22,0.000150300934214898,0.000150300934214898,0.0,0.0,1.2080296789737526
2021-12-23,0.004260118827225391,0.004260118827225391,0.0,0.0,1.2131760289529956
2021-12-24,0.0018622871388007953,0.0018622871388007953,0.0,0.0,1.215435311068816
2021-12-27,0.002328742457293387,0.002328742457293387,0.0,0.0,1.2182657468817955
2021-12-28,0.005977773743052648,0.005977773743052648,0.0,0.0,1.225548263875566
2021-12-29,0.005782038326755009,0.005782038326755009,0.0,0.0,1.2326344309085826
2021-12-30,-0.0016515394472739172,-0.0016515394472739172,0.0,0.0,1.230598686521869
2022-01-03,-0.00514247396197026,-0.00514247396197026,0.0,0.0,1.2242703648187956
2022-01-04,0.001652993005398512,0.001652993005398512,0.0,0.0,1.2262940751685578
2022-01-05,0.002995115846094729,0.002995115846094729,0.0,0.0,1.2299669679850673
2022-01-06,0.002861039935972829,0.002861039935972829,0.0,0.0,1.2334859526003998
2022-01-07,0.0008055293304227273,0.0008055293304227273,0.0,0.0,1.234479561713884
2022-01-10,0.0044238562540328315,0.0044238562540328315,0.0,0.0,1.2399407218434477
2022-01-11,0.011505953618177606,0.011505953618177606,0.0,0.0,1.2542074222782682
2022-01-12,0.0029617841900497367,0.0029617841900497367,0.0,0.0,1.257922113992615
2022-01-13,0.012856362725741291,0.012856362725741291,0.0,0.0,1.2740944169708353
2022-01-14,-0.006672256607510234,-0.006672256607510234,0.0,0.0,1.2655933320786097
2022-01-17,-0.0023929209789603847,-0.0023929209789603847,0.0,0.0,1.2625648672434464
2022-01-18,0.004684894435009866,0.004684894435009866,0.0,0.0,1.2684798503638344
2022-01-19,-0.004210378718111021,-0.004210378718111021,0.0,0.0,1.2631390697975098
2022-01-20,-0.0006929506093124125,-0.0006929506093124125,0.0,0.0,1.2622637768094473
2022-01-21,-0.011680658892410996,-0.011680658892410996,0.0,0.0,1.24751970420029
2022-01-24,-0.002948538968680032,-0.002948538968680032,0.0,0.0,1.2438413437382592
2022-01-25,-0.0078513005540167,-0.0078513005540167,0.0,0.0,1.2340755715070582
2022-01-26,0.0019397612487164761,0.0019397612487164761,0.0,0.0,1.236469383478655
2022-02-07,0.021640969401649893,0.021640969401649893,0.0,0.0,1.2632277795725937
2022-02-08,0.00917037860504545,0.00917037860504545,0.0,0.0,1.2748120565756853
2022-02-09,0.00796465589939878,0.00796465589939878,0.0,0.0,1.2849654959427157
2022-02-10,0.002870500656733582,0.002870500656733582,0.0,0.0,1.2886539902426992
2022-02-11,-0.002175416360590926,-0.002175416360590926,0.0,0.0,1.2858506312691844
2022-02-14,-0.009228799742826517,-0.009228799742826517,0.0,0.0,1.273983773294014
2022-02-15,-0.003741589489514169,-0.003741589489514169,0.0,0.0,1.2692170489980454
2022-02-16,0.008112478999063533,0.008112478999063533,0.0,0.0,1.2795135456532956
2022-02-17,0.003629217680824969,0.003629217680824969,0.0,0.0,1.2841571788360355
2022-02-18,0.00037818120622832565,0.00037818120622832565,0.0,0.0,1.2846428229469145
2022-02-21,0.003367494856614954,0.003367494856614954,0.0,0.0,1.2889688510457755
2022-02-22,-0.008247477874068473,-0.008247477874068473,0.0,0.0,1.278338108966412
2022-02-23,0.004082693001318024,0.004082693001318024,0.0,0.0,1.2835571710172073
2022-02-24,-0.01661211458416949,-0.01661211458416949,0.0,0.0,1.262234572216937
2022-02-25,-0.0017610357035001789,-0.0017610357035001789,0.0,0.0,1.2600117320690707
2022-03-01,0.011753871752265785,0.011753871752265785,0.0,0.0,1.2748217483741608
2022-03-02,0.002104780212408404,0.002104780212408404,0.0,0.0,1.2775049679644865
2022-03-03,0.0018969944820194983,0.0018969944820194983,0.0,0.0,1.2799283878394676
2022-03-04,-0.009232995608212481,-0.009232995608212481,0.0,0.0,1.2681108146557194
2022-03-07,-0.022106555573324155,-0.022106555573324155,0.0,0.0,1.2400772524583994
2022-03-08,-0.012612272267209028,-0.012612272267209028,0.0,0.0,1.2244370605180215
2022-03-09,0.004273987295170485,0.004273987295170485,0.0,0.0,1.2296702889584115
2022-03-10,0.02260639613082149,0.02260639613082149,0.0,0.0,1.2574687026209068
2022-03-11,-0.003950957057036882,-0.003950957057036882,0.0,0.0,1.2525004977762837
2022-03-14,0.00487737470412227,0.00487737470412227,0.0,0.0,1.2586094120210383
2022-03-15,-0.0011819362678106217,-0.0011819362678106217,0.0,0.0,1.2571218159099629
2022-03-16,0.010035082398826813,0.010035082398826813,0.0,0.0,1.2697371369179822
2022-03-17,0.011422791730186642,0.011422791730186642,0.0,0.0,1.2842410797850796
2022-03-18,0.006292739349459677,0.006292739349459677,0.0,0.0,1.2923224741620356
2022-03-21,0.0005669346603546589,0.0005669346603546589,0.0,0.0,1.2930551365649934
2022-03-22,0.003525589643342452,0.003525589643342452,0.0,0.0,1.2976139183627375
2022-03-23,0.010428765902666415,0.010428765902666415,0.0,0.0,1.3111464301493843
2022-03-24,0.0013829137051398022,0.0013829137051398022,0.0,0.0,1.312959632517083
2022-03-25,-0.003748391138727573,-0.003748391138727573,0.0,0.0,1.3080381462650488
2022-03-28,0.0020943709504148006,0.0020943709504148006,0.0,0.0,1.3107776633606207
2022-03-29,-0.0024812194684755047,-0.0031934135909822787,0.20793988978299976,0.0007121941225067742,1.306591808155689
2022-03-30,0.008902563737873537,0.008902563737873537,0.0,0.0,1.3182238250071785
2022-03-31,0.0058029382138312605,0.0058029382138312605,0.0,0.0,1.3258733964156952
2022-04-01,0.0031697363828787793,0.0031697363828787793,0.0,0.0,1.3300760655594053
2022-04-06,0.013999239362153372,0.013999239362153372,0.0,0.0,1.3486961187710425
2022-04-07,-0.014886741709115713,-0.014886741709115713,0.0,0.0,1.328618428006811
2022-04-08,0.012043825112313947,0.012043825112313947,0.0,0.0,1.3446200759947227
2022-04-11,-0.0036831352029236576,-0.0036831352029236576,0.0,0.0,1.3396676584582687
2022-04-12,-0.006140454833898593,-0.006140454833898593,0.0,0.0,1.3314414897090712
2022-04-13,0.007339705084651014,0.007339705084651014,0.0,0.0,1.3412138775810043
2022-04-14,-0.01516089877805103,-0.01516089877805103,0.0,0.0,1.3208798697432813
2022-04-15,-0.004887485046457433,-0.004887485046457433,0.0,0.0,1.3144240891317445
2022-04-18,-0.013960628556983906,-0.013960628556983906,0.0,0.0,1.2960739026570243
2022-04-19,0.0007509863559410348,0.0007509863559410348,0.0,0.0,1.297047236474211
2022-04-20,0.00867761539839365,0.00867761539839365,0.0,0.0,1.3083025135458834
2022-04-21,-0.006269979903538501,-0.006269979903538501,0.0,0.0,1.3000994830782018
2022-04-22,0.004796234638205463,0.004796234638205463,0.0,0.0,1.3063350652520547
2022-04-25,-0.014979719725879,-0.014979719725879,0.0,0.0,1.2867665321064912
2022-04-26,0.010958105534801577,0.010958105534801577,0.0,0.0,1.3008670555639648
2022-04-27,-0.013299498258245942,-0.013299498258245942,0.0,0.0,1.2835661764242823
2022-04-28,0.003452278910725102,0.003452278910725102,0.0,0.0,1.287997404865672
2022-04-29,0.006158757575433083,0.006158757575433083,0.0,0.0,1.2959298686400267
2022-05-03,-0.007734513339142525,-0.007734513339142525,0.0,0.0,1.2859064817844372
2022-05-04,-0.0007967059402459544,-0.0007967059402459544,0.0,0.0,1.284881992451799
2022-05-05,-0.004895039007139841,-0.004895039007139841,0.0,0.0,1.278592444979176
2022-05-06,-0.010842586244725097,-0.010842586244725097,0.0,0.0,1.2647291961226352
2022-05-09,-0.026997427672590828,-0.026997427672590828,0.0,0.0,1.2305847611249003
2022-05-10,0.0007987372056150884,0.0007987372056150884,0.0,0.0,1.2315676749582738
2022-05-11,-0.007028610148342782,-0.007028610148342782,0.0,0.0,1.2229114658996911
2022-05-12,-0.024577148333110945,-0.024577148333110945,0.0,0.0,1.1928557894040122
2022-05-13,0.00474687580348629,0.00474687580348629,0.0,0.0,1.1985181276877825
2022-05-16,-0.0020335960752515866,-0.0020335960752515866,0.0,0.0,1.1960808259271989
2022-05-17,-0.0012171459973405962,-0.0012171459973405962,0.0,0.0,1.1946250209374258
2022-05-18,0.023170469635442417,0.023170469635442417,0.0,0.0,1.2223050437107963
2022-05-19,-0.017634250176666748,-0.017634250176666748,0.0,0.0,1.2007506107777985
2022-05-20,0.0066992883275948855,0.0066992883275948855,0.0,0.0,1.2087947853289347
2022-05-23,0.00016627454314669933,0.00016627454314669933,0.0,0.0,1.2089957771296234
2022-05-24,-0.003438325655314131,-0.003438325655314131,0.0,0.0,1.2048388559319523
2022-05-25,0.0035876621237105064,0.0035876621237105064,0.0,0.0,1.2091614106605542
2022-05-26,-0.0010515503157137321,-0.0010515503157137321,0.0,0.0,1.2078899165974253
2022-05-27,0.011752609137363928,0.011752609137363928,0.0,0.0,1.222085774668158
2022-05-30,0.0153929748052689,0.0153929748052689,0.0,0.0,1.2408973102075023
2022-05-31,0.005025206830950135,0.005025206830950135,0.0,0.0,1.2471330758472647
2022-06-01,-0.009530240085889105,-0.009530240085889105,0.0,0.0,1.235247598215387
2022-06-02,-0.0035284179328808687,-0.0035284179328808687,0.0,0.0,1.230889128438296
2022-06-06,0.006322016260251322,0.006322016260251322,0.0,0.0,1.2386708295228495
2022-06-07,-0.004674959399998878,-0.004674959399998878,0.0,0.0,1.2328800936848672
2022-06-08,0.004020760516453985,0.004020760516453985,0.0,0.0,1.2378372092870773
2022-06-09,-0.006301479568797581,-0.006301479568797581,0.0,0.0,1.2300370034032573
2022-06-10,-0.006250782610665808,-0.006250782610665808,0.0,0.0,1.2223483094919088
2022-06-13,-0.012739513336207266,-0.012739513336207266,0.0,0.0,1.2067761869016462
2022-06-14,0.004786458520249901,0.004786458520249901,0.0,0.0,1.2125523710634765
2022-06-15,-0.00023661879057088563,-0.00023661879057088563,0.0,0.0,1.2122654583879315
2022-06-16,-0.0050625499985310005,-0.0050625499985310005,0.0,0.0,1.2061283038933506
2022-06-17,-0.010110661258386276,-0.010110661258386276,0.0,0.0,1.193933549178533
2022-06-20,-0.01566914014405139,-0.01566914014405139,0.0,0.0,1.17522563707377
2022-06-21,0.025562630489374332,0.025562630489374332,0.0,0.0,1.2052674957759262
2022-06-22,-0.012996544711998683,-0.012996544711998683,0.0,0.0,1.1896031828771556
2022-06-23,0.001353342107666291,0.001353342107666291,0.0,0.0,1.1912131229559573
2022-06-24,0.009188008505423471,0.009188008505423471,0.0,0.0,1.2021579992614486
2022-06-27,0.0026347128906211857,0.0026347128906211857,0.0,0.0,1.2053253404386661
2022-06-28,-0.005590691202228325,-0.005590691202228325,0.0,0.0,1.1985867386620528
2022-06-29,-0.0054706072265674095,-0.0054706072265674095,0.0,0.0,1.1920297413878602
2022-06-30,-0.020499893464029948,-0.020499893464029948,0.0,0.0,1.1675932586834539
2022-07-01,-0.013515449639106052,-0.013515449639106052,0.0,0.0,1.151812710796758
2022-07-04,-0.0021894497016293245,-0.0021894497016293245,0.0,0.0,1.149290874800771
2022-07-05,0.005252926842111981,0.005252926842111981,0.0,0.0,1.1553280156864063
2022-07-06,-0.021788920716178502,-0.021788920716178502,0.0,0.0,1.1301546651514354
2022-07-07,0.003850290568598941,0.003850290568598941,0.0,0.0,1.134506088999726
2022-07-08,-0.0017606222612775227,-0.0017606222612775227,0.0,0.0,1.1325086523238783
2022-07-11,-0.01103631291497168,-0.01103631291497168,0.0,0.0,1.1200099324579191
2022-07-12,-0.020154333617135537,-0.020154333617135537,0.0,0.0,1.0974368786246567
2022-07-13,0.02403344661040126,0.02403344661040126,0.0,0.0,1.1238120692553677
2022-07-14,-0.006029647705889204,-0.006029647705889204,0.0,0.0,1.1170358783901315
2022-07-15,-0.01316455330313685,-0.01316455330313685,0.0,0.0,1.1023306000275483
2022-07-18,0.0130489202197819,0.0130489202197819,0.0,0.0,1.1167148240831322
2022-07-19,-0.0007132588659224799,-0.0007132588659224799,0.0,0.0,1.1159183173341478
2022-07-20,-0.0024321526781991617,-0.0024321526781991617,0.0,0.0,1.113204233609992
2022-07-21,0.006513492930356462,0.006513492930356462,0.0,0.0,1.1204550815156538
2022-07-22,0.003952426958243913,0.003952426958243913,0.0,0.0,1.1248835983853376
2022-07-25,0.0071129232712710145,0.0071129232712710145,0.0,0.0,1.1328848091097636
2022-07-26,-0.0016246772186405826,-0.0016246772186405826,0.0,0.0,1.131044236969059
2022-07-27,0.004493072923416375,0.004493072923416375,0.0,0.0,1.1361261012053707
2022-07-28,-0.001227770364946139,-0.001227770364946139,0.0,0.0,1.134731199247469
2022-07-29,-0.0003185959679818197,-0.0003185959679818197,0.0,0.0,1.1343696784626456
2022-08-01,0.0028351052486982288,0.0028351052486982288,0.0,0.0,1.137585735892019
2022-08-02,-0.004951299078988897,-0.004951299078988897,0.0,0.0,1.1319532086856259
2022-08-03,-0.003389322646031593,-0.003389322646031593,0.0,0.0,1.1281166540411796
2022-08-04,-0.006240226247835919,-0.006240226247835919,0.0,0.0,1.121076950886011
2022-08-05,0.012186053764875634,0.012186053764875634,0.0,0.0,1.1347384548840709
2022-08-08,0.0048103707233300656,0.0048103707233300656,0.0,0.0,1.140196967526082
2022-08-09,0.007906458396216145,0.007906458396216145,0.0,0.0,1.1492118874133186
2022-08-10,0.0008636127382410986,0.0008636127382410986,0.0,0.0,1.150204361438227
2022-08-11,0.010434850887169066,0.010434850887169066,0.0,0.0,1.1622065724396062
2022-08-12,-0.0013732053963238931,-0.0013732053963238931,0.0,0.0,1.160610624102689
2022-08-15,7.07794806696512e-05,7.07794806696512e-05,0.0,0.0,1.1606927715199227
2022-08-16,0.0019029959293745805,0.0019029959293745805,0.0,0.0,1.1629015651393797
2022-08-17,0.004712479389163272,0.004712479389163272,0.0,0.0,1.1683817147967248
2022-08-18,-0.003458263614308295,-0.003458263614308295,0.0,0.0,1.16434114282482
2022-08-19,0.0016897100721544375,0.0016897100721544375,0.0,0.0,1.166308541781275
2022-08-22,-0.003138080253430563,-0.003138080253430563,0.0,0.0,1.162648571976904
2022-08-23,-0.010977253348213136,-0.010977253348213136,0.0,0.0,1.1498858840473754
2022-08-24,-0.004325496452823901,-0.004325496452823901,0.0,0.0,1.1449120567347761
2022-08-25,0.005985514708424864,0.005985514708424864,0.0,0.0,1.1517649446902152
2022-08-26,0.0039504433256373934,0.0039504433256373934,0.0,0.0,1.1563149268286699
2022-08-29,-0.012901770035183308,-0.012901770035183308,0.0,0.0,1.1413964175544766
2022-08-30,0.0017933591270184726,0.0017933591270184726,0.0,0.0,1.1434433512374442
2022-08-31,0.0054922475476152505,0.0054922475476152505,0.0,0.0,1.149723425179115
2022-09-01,-0.012557475793395853,-0.012557475793395853,0.0,0.0,1.1352858010983282
2022-09-02,-0.005651253696849049,-0.005651253696849049,0.0,0.0,1.128870013017891
2022-09-05,0.005196403985988179,0.005196403985988179,0.0,0.0,1.1347360776531998
2022-09-06,0.0026226015698632456,0.0026226015698632456,0.0,0.0,1.1377120382718335
2022-09-07,-0.013826836604417131,-0.013826836604417131,0.0,0.0,1.1219810798157706
2022-09-08,0.01326898035979783,0.01326898035979783,0.0,0.0,1.1368686247279107
2022-09-12,0.00834286428749278,0.00834286428749278,0.0,0.0,1.1463533653767242
2022-09-13,-0.00019178023665870133,-0.00019178023665870133,0.0,0.0,1.1461335174570177
2022-09-14,-0.013343769399020995,-0.013343769399020995,0.0,0.0,1.1308397760995825
2022-09-15,0.005628964911020556,0.005628964911020556,0.0,0.0,1.1372052335192335
2022-09-16,-0.0037251556223960795,-0.0037251556223960795,0.0,0.0,1.1329689670497711
2022-09-19,-0.006472887954446873,-0.006472887954446873,0.0,0.0,1.1256353858701926
2022-09-20,0.0023536430501807674,0.0023536430501807674,0.0,0.0,1.1282847297731835
2022-09-21,-0.006217787254509351,-0.006217787254509351,0.0,0.0,1.1212692953609422
2022-09-22,-0.014265147796419877,-0.014265147796419877,0.0,0.0,1.1052742231430308
2022-09-23,-0.001641962959462537,-0.001641962959462537,0.0,0.0,1.1034594038085812
2022-09-26,-0.01719821486534178,-0.01719821486534178,0.0,0.0,1.0844818718866993
2022-09-27,-0.0011120512667023236,-0.0011120512667023236,0.0,0.0,1.083275872447352
2022-09-28,-0.014178185115395795,-0.014178185115395795,0.0,0.0,1.0679169865967515
2022-09-29,0.007135615021909108,0.007135615021909108,0.0,0.0,1.0755372310884632
2022-09-30,-0.008511507446591845,-0.008511507446591845,0.0,0.0,1.066382787936967
2022-10-03,-0.013920404242293962,-0.013920404242293962,0.0,0.0,1.05153830845186
2022-10-04,0.007519808566982983,0.007519808566982983,0.0,0.0,1.059445675232267
2022-10-05,0.0050600943449019544,0.0050600943449019544,0.0,0.0,1.0648065703022407
2022-10-06,0.005584872777662385,0.005584872777662385,0.0,0.0,1.0707533795301978
2022-10-07,-0.0057776943606493245,-0.0057776943606493245,0.0,0.0,1.06456689376764
2022-10-11,-0.020336695569063805,-0.020336695569063805,0.0,0.0,1.0429171209361836
2022-10-12,0.006092511541585483,0.006092511541585483,0.0,0.0,1.0492711055324044
2022-10-13,-0.022675969510664452,-0.022675969510664452,0.0,0.0,1.0254778659349304
2022-10-14,0.0026623963981142204,0.0026623963981142204,0.0,0.0,1.0282080945115415
2022-10-17,-0.0030804774159055247,-0.0030804774159055247,0.0,0.0,1.0250407226975473
2022-10-18,0.006068668941269129,0.006068668941269129,0.0,0.0,1.0312613554949182
2022-10-19,-0.008677282223107739,-0.008677282223107739,0.0,0.0,1.022312809667504
2022-10-20,0.0008155923740226154,0.0008155923740226154,0.0,0.0,1.0231466001989344
2022-10-21,0.0010182752501870923,0.0010182752501870923,0.0,0.0,1.02418844505923
2022-10-24,-0.0009360380764783507,-0.0009360380764783507,0.0,0.0,1.0232297656771654
2022-10-25,0.0050906461192791914,0.0050906461192791914,0.0,0.0,1.0284386663129408
2022-10-26,0.005914767464043435,0.005914767464043435,0.0,0.0,1.0345216418752128
2022-10-27,-0.0026836835639944623,-0.0026836835639944623,0.0,0.0,1.0317453131483156
2022-10-28,-0.00406724137707748,-0.00406724137707748,0.0,0.0,1.027548955920073
2022-10-31,0.0037377765706277464,0.0037377765706277464,0.0,0.0,1.031389704332684
2022-11-01,0.009103834157752766,0.009103834157752766,0.0,0.0,1.0407793051529424
2022-11-02,-0.0027669892516317732,-0.0027669892516317732,0.0,0.0,1.0378994800022634
2022-11-03,-0.005221102430999467,-0.005221102430999467,0.0,0.0,1.0324805005040905
2022-11-04,0.00904812695584819,0.00904812695584819,0.0,0.0,1.0418225151520892
2022-11-07,0.009637968365767057,0.009637968365767057,0.0,0.0,1.051863567595869
2022-11-08,0.006510235333166081,0.006510235333166081,0.0,0.0,1.0587114469593017
2022-11-09,0.008701555900393796,0.008701555900393796,0.0,0.0,1.067923883797405
2022-11-10,-0.007077103091611479,-0.007077103091611479,0.0,0.0,1.0603660763777767
2022-11-11,0.023546574403429655,0.023546574403429655,0.0,0.0,1.0853340650900787
2022-11-14,0.00868608773619003,0.00868608773619003,0.0,0.0,1.0947613720025269
2022-11-15,0.0027619446999183114,0.0027619446999183114,0.0,0.0,1.0977850423716045
2022-11-16,-0.008907695588016578,-0.008907695588016578,0.0,0.0,1.0880063073930804
2022-11-17,-0.003258587166748786,-0.003258587166748786,0.0,0.0,1.0844609440024675
2022-11-18,-0.003981464455575356,-0.003981464455575356,0.0,0.0,1.080143201300462
2022-11-21,-0.0013843680346002315,-0.0013843680346002315,0.0,0.0,1.078647885579791
2022-11-22,0.003639078459224045,0.003639078459224045,0.0,0.0,1.0825731698652918
2022-11-23,0.007359844505195567,0.007359844505195567,0.0,0.0,1.0905407400609972
2022-11-24,0.008305542020007932,0.008305542020007932,0.0,0.0,1.0995982720021045
2022-11-25,0.00027937640772284574,0.00027937640772284574,0.0,0.0,1.0999054738172747
2022-11-28,-0.004213902125095159,-0.004213902125095159,0.0,0.0,1.0952705798037523
2022-11-29,0.013196335054321408,0.013196335054321408,0.0,0.0,1.1097241373499835
2022-11-30,0.012089683242362918,0.012089683242362918,0.0,0.0,1.1231403506569493
2022-12-01,-0.002195229215359507,-0.002195229215359507,0.0,0.0,1.120674800146238
2022-12-02,-0.003923731267948209,-0.003923731267948209,0.0,0.0,1.1162775733917027
2022-12-05,0.0005561117156650254,0.0005561117156650254,0.0,0.0,1.1168983484282
2022-12-06,-0.01040919666740557,-0.01040919666740557,0.0,0.0,1.1052723338619104
2022-12-07,0.0033722875241695947,0.0033722875241695947,0.0,0.0,1.1089996299642026
2022-12-08,-0.003194068565142749,-0.003194068565142749,0.0,0.0,1.105457409107379
2022-12-09,0.004949831109757029,0.004949831109757029,0.0,0.0,1.1109292365814902
2022-12-12,-0.00031006582190385866,-0.00031006582190385866,0.0,0.0,1.1105847753946725
2022-12-13,-0.00797825448027676,-0.00797825448027676,0.0,0.0,1.1017242474346527
2022-12-14,0.009463227748352728,0.009463227748352728,0.0,0.0,1.1121501149040092
2022-12-15,-0.0008373742910962703,-0.0008373742910962703,0.0,0.0,1.1112188289899487
2022-12-16,-0.009185785380798145,-0.009185785380798145,0.0,0.0,1.1010114113157452
2022-12-19,-0.0012123949788730892,-0.0012123949788730892,0.0,0.0,1.099676550608984
2022-12-20,-0.008906613277491737,-0.008906613277491737,0.0,0.0,1.0898821568423838
2022-12-21,0.00019247527586192987,0.00019247527586192987,0.0,0.0,1.090091932211179
2022-12-22,0.014981987710707134,0.014981987710707134,0.0,0.0,1.1064236761431079
2022-12-23,-0.007439356646988913,-0.007439356646988913,0.0,0.0,1.0981925958136067
2022-12-26,0.0031696570706621534,0.0031696570706621534,0.0,0.0,1.101673489739876
2022-12-27,0.0024344330704492855,0.0024344330704492855,0.0,0.0,1.1043554401161362
2022-12-28,-0.0063371755187841584,-0.0063371755187841584,0.0,0.0,1.097356945856996
2022-12-29,-0.004409336898340407,-0.004409336898340407,0.0,0.0,1.0925183293849787
2022-12-30,0.004388048029659814,0.004388048029659814,0.0,0.0,1.0973123522876038
2023-01-03,0.00039040573010959374,0.00039040573010959374,0.0,0.0,1.097740749317657
2023-01-04,0.001491002923230226,0.001491002923230226,0.0,0.0,1.0993774839838386
2023-01-05,0.006376515310308922,0.006376515310308922,0.0,0.0,1.1063876813422706
2023-01-06,0.0031759940275958047,0.0031759940275958047,0.0,0.0,1.1099015620104191
2023-01-09,0.01784757677878214,0.01784757677878214,0.0,0.0,1.1297106153552905
2023-01-10,0.0006147427199208881,0.0006147427199208881,0.0,0.0,1.1304050967316974
2023-01-11,-0.008200211249348143,-0.008200211249348143,0.0,0.0,1.1211355361411577
2023-01-12,-0.004952297603973645,-0.004952297603973645,0.0,0.0,1.1155833393117962
2023-01-13,0.0020002336586725823,0.0020002336586725823,0.0,0.0,1.117814766656142
2023-01-16,0.0073760292443818,0.0073760292443818,0.0,0.0,1.1260598010647995
2023-01-17,0.00012890741945129647,0.00012890741945129647,0.0,0.0,1.1262049585279026
2023-01-30,0.019171718924986886,0.019171718924986886,0.0,0.0,1.1477962434447262
2023-01-31,-0.015794089085019874,-0.015794089085019874,0.0,0.0,1.129667847324309
2023-02-01,0.0063689875365816944,0.0063689875365816944,0.0,0.0,1.1368626877643946
2023-02-02,0.0028242337362840413,0.0028242337362840413,0.0,0.0,1.1400734537207013
2023-02-03,-0.0015527104149530868,-0.0015527104149530868,0.0,0.0,1.1383032497952976
2023-02-06,-0.00507564143723233,-0.00507564143723233,0.0,0.0,1.1325256306525002
2023-02-07,0.0022243239601396807,0.0022243239601396807,0.0,0.0,1.1350447345482328
2023-02-08,0.00017419164306678686,0.00017419164306678686,0.0,0.0,1.1352424498554983
2023-02-09,-0.00014080664019495048,-0.00014080664019495048,0.0,0.0,1.1350826001803274
2023-02-10,-0.0003757598511158794,-0.0003757598511158794,0.0,0.0,1.1346560817114792
2023-02-13,0.006266087035569532,0.006266087035569532,0.0,0.0,1.1417659354749217
2023-02-14,0.004053111146768525,0.004053111146768525,0.0,0.0,1.1463936397149956
2023-02-15,-0.005754164804196498,-0.005754164804196498,0.0,0.0,1.1397971017815929
2023-02-16,0.005019588254397278,0.005019588254397278,0.0,0.0,1.1455184139260919
2023-02-17,0.004438743720523964,0.004438743720523964,0.0,0.0,1.150603076592651
2023-02-20,0.009524172703222077,0.009524172703222077,0.0,0.0,1.161561619006978
2023-02-21,-0.005385849588461394,-0.005385849588461394,0.0,0.0,1.1553056228392766
2023-02-22,-2.8907885536833965e-05,-2.8907885536833965e-05,0.0,0.0,1.1552722253965715
2023-02-23,0.004531411848434004,0.004531411848434004,0.0,0.0,1.1605072396469003
2023-02-24,-0.0040906402910255,-0.0040906402910255,0.0,0.0,1.155760021974374
2023-03-01,-0.006603233066378215,-0.006603233066378215,0.0,0.0,1.1481282691804748
2023-03-02,-0.0002863176409106211,-0.0002863176409106211,0.0,0.0,1.1477995398029803
2023-03-03,0.0029318403601502267,0.0029318403601502267,0.0,0.0,1.1511647048191365
2023-03-06,0.007704098925551619,0.007704098925551619,0.0,0.0,1.1600333915846666
2023-03-07,0.0042831452485431725,0.0042831452485431725,0.0,0.0,1.165001983093984
2023-03-08,-0.0003990818801810462,-0.0003990818801810462,0.0,0.0,1.1645370519121563
2023-03-09,-0.006809828402065676,-0.006809828402065676,0.0,0.0,1.156606754420787
2023-03-10,-0.011904029528079427,-0.011904029528079427,0.0,0.0,1.1428384734637858
2023-03-13,-0.0021055114553213323,-0.0021055114553213323,0.0,0.0,1.1404322139663259
2023-03-14,-0.012297826708612132,-0.012297826708612132,0.0,0.0,1.1264073762260491
2023-03-15,-0.0025796077012272857,-0.0025796077012272857,0.0,0.0,1.1235016870836172
2023-03-16,-0.011717909015550174,-0.011717909015550174,0.0,0.0,1.1103365965355543
2023-03-17,0.005861984890897594,0.005861984890897594,0.0,0.0,1.1168453728882564
2023-03-20,-0.002256261500277335,-0.002256261500277335,0.0,0.0,1.1143254776716456
2023-03-21,0.005894005624244129,0.005894005624244129,0.0,0.0,1.1208933183042806
2023-03-22,0.011413958997786685,0.011413958997786685,0.0,0.0,1.1336871486802986
2023-03-23,0.0056239149275094345,0.0056239149275094345,0.0,0.0,1.1400629087588874
2023-03-24,0.0017515517146074351,0.0017515517146074351,0.0,0.0,1.1420597879014842
2023-03-27,-0.0002162727832840483,-0.0002162727832840483,0.0,0.0,1.141812791452478
2023-03-28,-0.0020135362946470782,-0.0020135362946470782,0.0,0.0,1.1395137099551962
2023-03-29,0.00635207996127075,0.00635207996127075,0.0,0.0,1.146751992157796
2023-03-30,-0.0004169387852970858,-0.0004169387852970858,0.0,0.0,1.1462738667751486
2023-03-31,0.0030500111904458132,0.0030500111904458132,0.0,0.0,1.1497700148961285
2023-04-06,0.0034932685604867693,0.0034932685604867693,0.0,0.0,1.1537864703409555
2023-04-07,-0.0005486457856386796,-0.0005486457856386796,0.0,0.0,1.153153450256476
2023-04-10,0.0040894890814457685,0.0040894890814457685,0.0,0.0,1.1578692587005315
2023-04-11,0.006125561398308009,0.006125561398308009,0.0,0.0,1.164961857935915
2023-04-12,0.0018236654880378952,0.0018236654880378952,0.0,0.0,1.167086358671113
2023-04-13,0.0005698717452848031,-0.0010880521207273142,0.4840653623393043,0.0016579238660121172,1.1658165078834892
2023-04-14,0.002204382137479575,0.002204382137479575,0.0,0.0,1.1683864129690464
2023-04-17,-0.0007002829217752357,-0.0007002829217752357,0.0,0.0,1.16756821191801
2023-04-18,0.0015521705146407786,0.0015521705146407786,0.0,0.0,1.169380476870381
2023-04-19,-0.002271137535473973,-0.002271137535473973,0.0,0.0,1.1667246529761104
2023-04-20,-0.00670998698957374,-0.00670998698957374,0.0,0.0,1.1588959457342258
2023-04-21,0.00011616077389246424,0.00011616077389246424,0.0,0.0,1.1590305639841432
2023-04-24,0.001586170756137499,0.001586170756137499,0.0,0.0,1.1608689843702045
2023-04-25,-0.005595660838337552,-0.005595660838337552,0.0,0.0,1.1543731552559235
2023-04-26,0.005279175787459805,0.005279175787459805,0.0,0.0,1.1604672940668441
2023-04-27,-0.00016884961987876344,-0.00016884961987876344,0.0,0.0,1.1602713496053592
2023-04-28,0.0027301418007505155,0.0027301418007505155,0.0,0.0,1.16343905491713
2023-05-02,0.0045144657888047494,0.0045144657888047494,0.0,0.0,1.1686913607279128
2023-05-03,-0.0019854342504505777,-0.0019854342504505777,0.0,0.0,1.1663710008721178
2023-05-04,0.004621111224574874,0.004621111224574874,0.0,0.0,1.1717609309962664
2023-05-05,0.0006877385435871278,0.0006877385435871278,0.0,0.0,1.172566796152382
2023-05-08,0.0040794441676907265,0.0040794441676907265,0.0,0.0,1.1773502169301737
2023-05-09,0.003527884297535503,0.003527884297535503,0.0,0.0,1.1815037722731816
2023-05-10,0.0012270249393386485,0.0012270249393386485,0.0,0.0,1.1829535068676835
2023-05-11,-0.0033337488075111466,-0.0033337488075111466,0.0,0.0,1.1790098370248223
2023-05-12,-0.001482155697779152,-0.001482155697779152,0.0,0.0,1.1772623608771384
2023-05-15,0.0006368311661121664,0.0006368311661121664,0.0,0.0,1.1780120782392358
2023-05-16,0.008836966830815687,0.008836966830815687,0.0,0.0,1.1884221319009363
2023-05-17,0.008984224461327971,0.008984224461327971,0.0,0.0,1.1990991830887443
2023-05-18,0.003973651172208669,0.003973651172208669,0.0,0.0,1.2038639849632193
2023-05-19,0.005549750144767642,0.005549750144767642,0.0,0.0,1.2105451292880496
2023-05-22,0.00024109590967378778,0.00024109590967378778,0.0,0.0,1.2108369867671964
2023-05-23,0.0011175826429757959,0.0011175826429757959,0.0,0.0,1.2121901971670808
2023-05-24,-0.000669259228795441,-0.000669259228795441,0.0,0.0,1.2113789276905713
2023-05-25,-0.0016664587788566007,-0.0016664587788566007,0.0,0.0,1.2093602146419995
2023-05-26,0.0010759135092542936,0.0010759135092542936,0.0,0.0,1.2106613816344876
2023-05-29,0.005293082161401836,0.005293082161401836,0.0,0.0,1.2170695117971153
2023-05-30,0.0008738298675437721,0.0008738298675437721,0.0,0.0,1.2181330234874004
2023-05-31,0.0017420846682589344,0.0017420846682589344,0.0,0.0,1.2202551143515177
2023-06-01,-0.003628254398430616,-0.003628254398430616,0.0,0.0,1.2158277183656643
2023-06-02,0.007885734486220203,0.007885734486220203,0.0,0.0,1.2254154129336827
2023-06-05,0.005452425199761366,0.005452425199761366,0.0,0.0,1.2320968988113383
2023-06-06,0.00102486689695452,0.00102486689695452,0.0,0.0,1.2333596341367705
2023-06-07,0.004733231247035023,0.004733231247035023,0.0,0.0,1.2391974104958983
2023-06-08,-0.00189341474716047,-0.00189341474716047,0.0,0.0,1.2368510958442223
2023-06-09,0.0069810030831290735,0.0069810030831290735,0.0,0.0,1.2454855571576822
2023-06-12,-0.0022661599652962477,-0.0022661599652962477,0.0,0.0,1.2426630876506968
2023-06-13,0.00773325184145394,0.00773325184145394,0.0,0.0,1.2522729142615783
2023-06-14,0.0006460005381304276,0.0006460005381304276,0.0,0.0,1.2530818832380772
2023-06-15,0.004224517624730368,0.004224517624730368,0.0,0.0,1.258375549739047
2023-06-16,-0.004617136747819171,-0.004617136747819171,0.0,0.0,1.2525654577457896
2023-06-19,0.003368476144464544,0.003368476144464544,0.0,0.0,1.2567846946095866
2023-06-20,-0.002403822880576785,-0.002403822880576785,0.0,0.0,1.2537636068047253
2023-06-21,0.004393340867196814,0.004393340867196814,0.0,0.0,1.2592718176963045
2023-06-26,-0.004046183777088625,-0.004046183777088625,0.0,0.0,1.2541765724965968
2023-06-27,-0.011615058909671981,-0.011615058909671981,0.0,0.0,1.2396092377239183
2023-06-28,0.0019709460739784235,0.0019709460739784235,0.0,0.0,1.2420524406842777
2023-06-29,-0.0017735117571073156,-0.0017735117571073156,0.0,0.0,1.2398496460777804
2023-06-30,-0.00532614528622149,-0.00532614528622149,0.0,0.0,1.2332460267296999
2023-07-03,0.006351231237687071,0.006351231237687071,0.0,0.0,1.241078657418419
2023-07-04,0.0024588001670615917,0.0024588001670615917,0.0,0.0,1.2441302218286159
2023-07-05,-0.00575055660886494,-0.00575055660886494,0.0,0.0,1.2369757805591908
2023-07-06,-0.013581305715151306,-0.013581305715151306,0.0,0.0,1.2201760343211785
2023-07-07,-0.008303322314375198,-0.008303322314375198,0.0,0.0,1.2100445194279335
2023-07-10,0.0008877688681648716,0.0008877688681648716,0.0,0.0,1.211118759281375
2023-07-11,0.01592662784916077,0.01592662784916077,0.0,0.0,1.2304077970415868
2023-07-12,0.0060316033091969996,0.0060316033091969996,0.0,0.0,1.2378291287818846
2023-07-13,0.0035467644426307103,0.0035467644426307103,0.0,0.0,1.2422194171219008
2023-07-14,0.013931762645570712,0.013931762645570712,0.0,0.0,1.2595257231949621
2023-07-17,0.009345884696653591,0.009345884696653591,0.0,0.0,1.2712971053764115
2023-07-18,0.0021911584318080155,0.0021911584318080155,0.0,0.0,1.27408271874819
2023-07-19,-0.008564397258887751,-0.008564397258887751,0.0,0.0,1.2631709682041468
2023-07-20,0.001173504165933494,0.001173504165933494,0.0,0.0,1.2646533045976207
2023-07-21,-0.0015150534857845445,-0.0015150534857845445,0.0,0.0,1.2627372872001812
2023-07-24,-0.0005817222097639346,-0.0005817222097639346,0.0,0.0,1.2620027248751198
2023-07-25,0.0071859728497842956,0.0071859728497842956,0.0,0.0,1.271071442192426
2023-07-26,0.003514144046005578,0.003514144046005578,0.0,0.0,1.2755381703330544
2023-07-27,0.0006713277209861239,0.0006713277209861239,0.0,0.0,1.276394474465975
2023-07-28,0.0018783390562233135,0.0018783390562233135,0.0,0.0,1.278791976058512
2023-07-31,-0.004073811253144802,-0.004073811253144802,0.0,0.0,1.2735824189160136
2023-08-01,0.0031874096569757693,0.0031874096569757693,0.0,0.0,1.277641847817021
2023-08-02,-0.016974664795816184,-0.016974664795816184,0.0,0.0,1.25595430572122
2023-08-04,0.0013596646309113167,0.0013596646309113167,0.0,0.0,1.2576619823687498
2023-08-07,0.01196887299609255,0.01196887299609255,0.0,0.0,1.2727147789077353
2023-08-08,-0.003240237369816025,-0.003240237369816025,0.0,0.0,1.2685908809200013
2023-08-09,-0.00376165674676089,-0.00376165674676089,0.0,0.0,1.2638188774739092
2023-08-10,-0.009938404229451157,-0.009938404229451157,0.0,0.0,1.2512585345967624
2023-08-11,-0.005550064556745158,-0.005550064556745158,0.0,0.0,1.2443139689525722
2023-08-14,-0.009662166001578583,-0.009662166001578583,0.0,0.0,1.2322912008264695
2023-08-15,-0.00043128217616642006,-0.00043128217616642006,0.0,0.0,1.2317597355957064
2023-08-16,-0.004976784755806188,-0.004976784755806188,0.0,0.0,1.2256295325207778
2023-08-17,-0.0019288663268960744,-0.0019288663268960744,0.0,0.0,1.2232654569862491
2023-08-18,-0.0026704192204378813,-0.0026704192204378813,0.0,0.0,1.2199988253982152
2023-08-21,0.0018156582711048555,0.0018156582711048555,0.0,0.0,1.2222139263562877
2023-08-22,-0.001012217700049749,-0.001012217700049749,0.0,0.0,1.2209767797867825
2023-08-23,0.0022660682463622787,0.0022660682463622787,0.0,0.0,1.223743596497003
2023-08-24,0.0028697229193695574,0.0028697229193695574,0.0,0.0,1.227255401543302
2023-08-25,-0.007891240357484343,-0.007891240357484343,0.0,0.0,1.2175708341897027
2023-08-28,0.0020366507811066616,0.0020366507811066616,0.0,0.0,1.2200506007802079
2023-08-29,0.005573725718927888,0.005573725718927888,0.0,0.0,1.22685082819217
2023-08-30,0.0029736356153251364,0.0029736356153251364,0.0,0.0,1.2304990355095733
2023-08-31,-0.008369145786116583,-0.008369145786116583,0.0,0.0,1.2202008096917178
2023-09-01,0.0029895346443647537,0.0029895346443647537,0.0,0.0,1.2238486422853732
2023-09-04,0.003998251423179621,0.003998251423179621,0.0,0.0,1.228741896861147
2023-09-05,0.00015920096091393964,0.00015920096091393964,0.0,0.0,1.2289375137518426
2023-09-06,-0.0018451869091415964,-0.0018451869091415964,0.0,0.0,1.2266698943393146
2023-09-07,-0.001443031510594253,-0.001443031510594253,0.0,0.0,1.2248997710286857
2023-09-08,0.0010035653222400188,0.0010035653222400188,0.0,0.0,1.22612903796211
2023-09-11,-0.0029774629347244165,-0.0029774629347244165,0.0,0.0,1.2224782841983883
2023-09-12,0.006323633260246089,0.006323633260246089,0.0,0.0,1.2302087885362738
2023-09-13,0.0016691766219846492,0.0016691766219846492,0.0,0.0,1.2322622242862586
2023-09-14,0.011994738297424038,0.011994738297424038,0.0,0.0,1.247042887180374
2023-09-15,0.0004401054775139391,0.0004401054775139391,0.0,0.0,1.2475917175857167
2023-09-18,-0.004785597908692051,-0.004785597908692051,0.0,0.0,1.241621245271137
2023-09-19,0.0010178167649101697,0.0010178167649101697,0.0,0.0,1.2428849881902426
2023-09-20,-0.004641861173255685,-0.004641861173255685,0.0,0.0,1.23711568862074
2023-09-21,-0.012996479245138243,-0.012996479245138243,0.0,0.0,1.2210375402497455
2023-09-22,0.004266227006028536,0.004266227006028536,0.0,0.0,1.2262467635793337
2023-09-25,0.0038903419931024742,0.0038903419931024742,0.0,0.0,1.2310172828575923
2023-09-26,-0.008546803170082409,-0.008546803170082409,0.0,0.0,1.2204960204420388
2023-09-27,0.000768703815183285,0.000768703815183285,0.0,0.0,1.2214342203893687
2023-09-28,0.002955036281055646,0.002955036281055646,0.0,0.0,1.2250436028255423
2023-10-02,0.003126947273017768,0.003126947273017768,0.0,0.0,1.2288742495787255
2023-10-03,-0.00542329924202004,-0.00542329924202004,0.0,0.0,1.2222096967924472
2023-10-04,-0.011303854344496435,-0.011303854344496435,0.0,0.0,1.2083940164014741
2023-10-05,0.00839443576907083,0.00839443576907083,0.0,0.0,1.218537802355886
2023-10-06,0.00533777902582503,0.00533777902582503,0.0,0.0,1.225042087879476
2023-10-11,0.01193205942096559,0.01193205942096559,0.0,0.0,1.2396593628652377
2023-10-12,0.006057819378507064,0.006057819378507064,0.0,0.0,1.2471689953763505
2023-10-13,-0.006664307844139858,-0.006664307844139858,0.0,0.0,1.2388574772574958
2023-10-16,-0.001321200510059675,-0.001321200510059675,0.0,0.0,1.237220698126652
2023-10-17,-0.0034531696803419823,-0.0034531696803419823,0.0,0.0,1.2329483651239896
2023-10-18,-0.005354240072714475,-0.005354240072714475,0.0,0.0,1.226346863579855
2023-10-19,-0.0048151873090987885,-0.0048151873090987885,0.0,0.0,1.220441773725792
2023-10-20,-0.007081286052057723,-0.007081286052057723,0.0,0.0,1.211799476416159
2023-10-23,-0.006342174450414619,-0.006342174450414619,0.0,0.0,1.2041140327378066
2023-10-24,0.0038270054893721427,0.0038270054893721427,0.0,0.0,1.208722183750924
2023-10-25,0.00010135553382287378,0.00010135553382287378,0.0,0.0,1.208844694433102
2023-10-26,-0.00856075545041991,-0.00856075545041991,0.0,0.0,1.1984960706265226
2023-10-27,0.005667953668300085,0.005667953668300085,0.0,0.0,1.2052890908264735
2023-10-30,-0.004089081150129219,-0.004089081150129219,0.0,0.0,1.2003605659247187
2023-10-31,-0.00253659787557816,-0.00253659787557816,0.0,0.0,1.1973157338632663
2023-11-01,0.004925841652797862,0.004925841652797862,0.0,0.0,1.2032135215766804
2023-11-02,0.012422922589063634,0.012422922589063634,0.0,0.0,1.2181609500133423
2023-11-03,0.006667461809767673,0.006667461809767673,0.0,0.0,1.2262829916257068
2023-11-06,0.008326800962923384,0.008326800962923384,0.0,0.0,1.2364940060211922
2023-11-07,-0.001275347910641029,-0.001275347910641029,0.0,0.0,1.234917045974093
2023-11-08,0.003997570418575186,0.003997570418575186,0.0,0.0,1.2398537138264734
2023-11-09,-0.0016939038891084536,-0.0016939038891084536,0.0,0.0,1.2377535207986972
2023-11-10,-0.002379680689302759,-0.002379680689302759,0.0,0.0,1.234808062647136
2023-11-13,-0.0007999934794504625,-0.0007999934794504625,0.0,0.0,1.2338202242486456
2023-11-14,0.0028990635551165767,0.0028990635551165767,0.0,0.0,1.2373971474943304
2023-11-15,0.009687912645225984,0.009687912645225984,0.0,0.0,1.2493849429667074
2023-11-16,0.0048017260160786255,0.0048017260160786255,0.0,0.0,1.2553841471514475
2023-11-17,0.0003710398162609127,0.0003710398162609127,0.0,0.0,1.2558499446547433
2023-11-20,0.0001281595693048398,0.0001281595693048398,0.0,0.0,1.2560108938427617
2023-11-21,0.011480129249414826,0.011480129249414826,0.0,0.0,1.2704300612427497
2023-11-22,-0.00592830840692591,-0.00592830840692591,0.0,0.0,1.262898560030273
2023-11-23,0.0004789824740329638,0.0004789824740329638,0.0,0.0,1.2635034663070088
2023-11-24,-0.00019461348059906006,-0.00019461348059906006,0.0,0.0,1.2632575714996819
2023-11-27,-0.0022265478424273047,-0.0022265478424273047,0.0,0.0,1.2604448680794293
2023-11-28,0.006317984723127093,0.006317984723127093,0.0,0.0,1.2684083395002992
2023-11-29,-0.00047505462940262223,-0.00047505462940262223,0.0,0.0,1.2678057762466466
2023-11-30,0.004017980438341501,0.004017980438341501,0.0,0.0,1.272899795055222
2023-12-01,-0.00529611338487935,-0.00529611338487935,0.0,0.0,1.26615837341302
2023-12-04,0.004361522200703933,0.004361522200703933,0.0,0.0,1.271680751268268
2023-12-05,-0.0008734345862244634,-0.0008734345862244634,0.0,0.0,1.2705700213174744
2023-12-06,0.004295834304932208,0.004295834304932208,0.0,0.0,1.2760281796018684
2023-12-07,-0.005729295973120432,-0.005729295973120432,0.0,0.0,1.2687174364908873
2023-12-08,0.002875017456679174,0.002875017456679174,0.0,0.0,1.272365021268392
2023-12-11,0.0009945039691647397,0.0009945039691647397,0.0,0.0,1.2736303933322697
2023-12-12,0.0018275810262188765,0.0018275810262188765,0.0,0.0,1.2759580560735395
2023-12-13,0.0021817767107321414,0.0021817767107321414,0.0,0.0,1.2787419116441519
2023-12-14,0.009146519313524757,0.009146519313524757,0.0,0.0,1.2904379492360185
2023-12-15,-0.006909472557289386,-0.006909472557289386,0.0,0.0,1.2815217036388875
2023-12-18,0.00066118121169086,0.00066118121169086,0.0,0.0,1.2823690217117074
2023-12-19,-0.005674478392652497,-0.005674478392652497,0.0,0.0,1.2750922464065975
2023-12-20,0.002949351690471038,0.002949351690471038,0.0,0.0,1.2788529418790433
2023-12-21,-0.0025783430852754146,-0.0025783430852754146,0.0,0.0,1.2755556202392655
2023-12-22,4.65787161313148e-05,4.65787161313148e-05,0.0,0.0,1.2756150339824102
2023-12-25,0.0033255142232709884,0.0033255142232709884,0.0,0.0,1.2798571099213372
2023-12-26,0.007745414639193068,0.007745414639193068,0.0,0.0,1.2897701339165972
2023-12-27,0.006909066301407469,0.006909066301407469,0.0,0.0,1.2986812412854023
2023-12-28,0.0023189412952735865,0.0023189412952735865,0.0,0.0,1.301692806845216
2023-12-29,0.0029898756455883106,0.0029898756455883106,0.0,0.0,1.30558470646644
2024-01-02,-0.0019386186429375925,-0.0019386186429375925,0.0,0.0,1.30305367561455
2024-01-03,-0.011919298125783549,-0.011919298125783549,0.0,0.0,1.2875221903810024
2024-01-04,0.002113591991349602,0.002113591991349602,0.0,0.0,1.2902434869712764
2024-01-05,0.0009356359476425172,0.0009356359476425172,0.0,0.0,1.2914506851588983
2024-01-08,0.0035468172309736615,0.0035468172309736615,0.0,0.0,1.2960312247019725
2024-01-09,-0.006204240519863388,-0.006204240519863388,0.0,0.0,1.2879903352626685
2024-01-10,-0.005836728667823306,-0.005836728667823306,0.0,0.0,1.2804726851489616
2024-01-11,0.004299928666504715,0.004299928666504715,0.0,0.0,1.2859786263545099
2024-01-12,-0.0030388660474004103,-0.0030388660474004103,0.0,0.0,1.2820707095691986
2024-01-15,-0.0012408114011523092,-0.0012408114011523092,0.0,0.0,1.2804799016156816
2024-01-16,-0.010350428821739885,-0.010350428821739885,0.0,0.0,1.26722638553634
2024-01-17,-0.01403186074872224,-0.01403186074872224,0.0,0.0,1.2494448413573875
2024-01-18,0.0022491375285594965,0.0022491375285594965,0.0,0.0,1.2522550146399496
2024-01-19,0.010106849124902553,0.010106849124902553,0.0,0.0,1.2649113671388181
2024-01-22,0.005938750010133373,0.005938750010133373,0.0,0.0,1.2724233595332315
2024-01-23,0.00286092772016872,0.00286092772016872,0.0,0.0,1.2760636707943105
2024-01-24,0.0015261691462201653,0.0015261691462201653,0.0,0.0,1.278011159797289
2024-01-25,0.0013015861845469317,0.0013015861845469317,0.0,0.0,1.2796746014665779
2024-01-26,0.002195832313194125,0.002195832313194125,0.0,0.0,1.282484552306852
2024-01-29,0.004452459378093311,0.004452459378093311,0.0,0.0,1.2881947626790304
2024-01-30,-0.0074475481329320066,-0.0074475481329320066,0.0,0.0,1.2786008701793874
2024-01-31,-0.00039378008824531626,-0.00039378008824531626,0.0,0.0,1.2780973826158977
2024-02-01,0.007112686561540396,0.007112686561540396,0.0,0.0,1.2871880886935696
2024-02-02,0.0003715822703796098,0.0003715822703796098,0.0,0.0,1.287666384965972
2024-02-05,-0.004818556943094279,-0.004818556943094279,0.0,0.0,1.281461691166305
2024-02-15,0.001581549503434158,0.001581549503434158,0.0,0.0,1.283488386267639
2024-02-16,0.0029781329879764607,0.0029781329879764607,0.0,0.0,1.2873107853704675
2024-02-19,0.00795418286583408,0.00795418286583408,0.0,0.0,1.2975502907624648
2024-02-20,0.0028196375174523035,0.0028196375174523035,0.0,0.0,1.3012089122430797
2024-02-21,-0.002040464152585398,-0.002040464152585398,0.0,0.0,1.298553842102623
2024-02-22,0.0027997796493070526,0.0027997796493070526,0.0,0.0,1.3021895067232716
2024-02-23,-0.005588302635975381,-0.005588302635975381,0.0,0.0,1.2949124776703105
2024-02-26,-0.0020764655317947038,-0.0020764655317947038,0.0,0.0,1.2922236365437372
2024-02-27,-0.0012204626923888694,-0.0012204626923888694,0.0,0.0,1.2906465258051125
2024-02-29,0.007456388522538325,0.007456388522538325,0.0,0.0,1.3002700877467797
2024-03-01,-0.0035486821430313776,-0.0035486821430313776,0.0,0.0,1.2956558425052749
2024-03-04,0.00368936116442719,0.00368936116442719,0.0,0.0,1.3004359848530769
2024-03-05,-6.863405291337658e-05,-6.863405291337658e-05,0.0,0.0,1.300346730660882
2024-03-06,0.0037770520345450833,0.0037770520345450833,0.0,0.0,1.3052582079255386
2024-03-07,-0.0004951844860295114,-0.0004951844860295114,0.0,0.0,1.3046118643107112
2024-03-08,0.000701694568424479,0.000701694568424479,0.0,0.0,1.3055273033698
2024-03-11,0.003739471088579063,0.003739471088579063,0.0,0.0,1.310409284976102
2024-03-12,0.010715826098569466,0.010715826098569466,0.0,0.0,1.3244514029918566
2024-03-13,0.0059947446715173216,0.0059947446715173216,0.0,0.0,1.3323911509826258
2024-03-14,0.005273711976596439,0.005273711976596439,0.0,0.0,1.339417798153074
2024-03-15,0.003222616643575192,0.003222616643575192,0.0,0.0,1.3437342282421028
2024-03-18,-0.0016646436493145693,-0.0016646436493145693,0.0,0.0,1.341497389592693
2024-03-19,-0.000270198427070845,-0.000270198427070845,0.0,0.0,1.3411349191081052
2024-03-20,-0.0030072564183566265,-0.0030072564183566265,0.0,0.0,1.337101782514735
2024-03-21,0.014199618138672406,0.014199618138672406,0.0,0.0,1.3560881172389825
2024-03-22,0.0001442432576715221,0.0001442432576715221,0.0,0.0,1.3562837238067027
2024-03-25,-0.0009893445932208852,-0.0009893445932208852,0.0,0.0,1.354941891837681
2024-03-26,0.003283591063893354,0.003283591063893354,0.0,0.0,1.359390966925814
2024-03-27,0.0063825203380225865,0.0063825203380225865,0.0,0.0,1.3680673074195422
2024-03-28,0.00039553772940948903,0.00039553772940948903,0.0,0.0,1.3686084296559984
2024-03-29,0.0026429719929450253,0.0026429719929450253,0.0,0.0,1.3722256234048877
2024-04-01,-0.0012687895567282872,-0.0012687895567282872,0.0,0.0,1.3704845578644367
2024-04-02,0.00217514694954616,0.00217514694954616,0.0,0.0,1.3734655631698756
2024-04-03,-0.011433773594384187,-0.011433773594384187,0.0,0.0,1.357761668880908
2024-04-08,0.0064777595165514314,0.0064777595165514314,0.0,0.0,1.36655692245271
2024-04-09,0.0036685323830480242,0.0036685323830480242,0.0,0.0,1.3715701807760063
2024-04-10,-0.000548063278593287,-0.000548063278593287,0.0,0.0,1.3708184735259095
2024-04-11,-0.0016018148992757593,-0.0016018148992757593,0.0,0.0,1.3686226760708131
2024-04-12,-0.005728693859095104,-0.005728693859095104,0.0,0.0,1.3607822557509879
2024-04-15,-0.0028803298083271032,-0.0028803298083271032,0.0,0.0,1.3568627540571057
2024-04-16,-0.023156886164670442,-0.023156886164670442,0.0,0.0,1.325442037720324
2024-04-17,0.005911748436434778,0.005911748436434778,0.0,0.0,1.3332777176144022
2024-04-18,0.006355444495817787,0.006355444495817787,0.0,0.0,1.3417512901462112
2024-04-19,-0.01469048552146323,-0.01469048552146323,0.0,0.0,1.3220403122449136
2024-04-22,0.011825030015749907,0.011825030015749907,0.0,0.0,1.337673478619241
2024-04-23,0.005100531845714383,0.005100531845714383,0.0,0.0,1.3444963247961061
2024-04-24,0.004352044348157474,0.004352044348157474,0.0,0.0,1.3503476324275536
2024-04-25,-0.006084559115388857,-0.007786467289727702,0.4969074961573268,0.0017019081743388444,1.3398331947578952
2024-04-26,0.003214497085582569,0.003214497085582569,0.0,0.0,1.3441400846576113
2024-04-29,0.01687106832802892,0.01687106832802892,0.0,0.0,1.3668171638683124
2024-04-30,-0.00286363746709959,-0.00286363746709959,0.0,0.0,1.3629030950271843
2024-05-02,0.0016191865915697393,0.0016191865915697393,0.0,0.0,1.3651098894442613
2024-05-03,0.000782692861036859,0.000782692861036859,0.0,0.0,1.36617835120926
2024-05-06,0.015021288141985481,0.015021288141985481,0.0,0.0,1.3867001098761171
2024-05-07,-0.0004008694219272353,-0.0004008694219272353,0.0,0.0,1.3861442242046846
2024-05-08,0.0007433814082770748,0.0007433814082770748,0.0,0.0,1.3871746580501492
2024-05-09,-0.007505580043881176,-0.007505580043881176,0.0,0.0,1.3767631076193103
2024-05-10,0.010901113235705407,0.010901113235705407,0.0,0.0,1.39177135815421
2024-05-13,0.0010435321769846808,0.0010435321769846808,0.0,0.0,1.3932237163494494
2024-05-14,-0.006455479258580649,-0.006455479258580649,0.0,0.0,1.3842297895459927
2024-05-15,0.0013693502121582936,0.0013693502121582936,0.0,0.0,1.3861252849019834
2024-05-16,0.008950871914654152,0.008950871914654152,0.0,0.0,1.3985323147848043
2024-05-17,0.001116512677226694,0.001116512677226694,0.0,0.0,1.400093793843773
2024-05-20,0.0079482117009703,0.0079482117009703,0.0,0.0,1.411222035718458
2024-05-21,-0.004584150119673209,-0.004584150119673209,0.0,0.0,1.4047527820545338
2024-05-22,0.004339673747074713,0.004339673747074713,0.0,0.0,1.410848950823946
2024-05-23,-0.001264866190240771,-0.001264866190240771,0.0,0.0,1.409064415686512
2024-05-24,-0.004130190979392311,-0.004130190979392311,0.0,0.0,1.4032447105474608
2024-05-27,0.006376066569353433,0.006376066569353433,0.0,0.0,1.4121918922350045
2024-05-28,0.0009127427711273751,0.0009127427711273751,0.0,0.0,1.4134808601760867
2024-05-29,-0.011380760594226602,-0.011380760594226602,0.0,0.0,1.397394372901901
2024-05-30,-0.004957095637930882,-0.004957095637930882,0.0,0.0,1.3904673553515197
2024-05-31,0.005748916333451076,0.005748916333451076,0.0,0.0,1.3984610358418303
2024-06-03,0.004654725911997944,0.004654725911997944,0.0,0.0,1.404970488662283
2024-06-04,-0.0048805454402933695,-0.0048805454402933695,0.0,0.0,1.3981134663500954
2024-06-05,0.0007393491689484889,0.0007393491689484889,0.0,0.0,1.399147160379537
2024-06-06,0.0036031448534426394,0.0036031448534426394,0.0,0.0,1.4041884902696673
2024-06-07,0.0039022191637481975,0.0039022191637481975,0.0,0.0,1.4096679415059121
2024-06-11,-0.004060717657449502,-0.004060717657449502,0.0,0.0,1.4039436780046985
2024-06-12,0.0014155727866799364,0.0014155727866799364,0.0,0.0,1.4059310624693135
2024-06-13,0.004395207776840471,0.004395207776840471,0.0,0.0,1.4121104216087803
2024-06-14,0.006065638392313116,0.006065638392313116,0.0,0.0,1.4206757727962762
2024-06-17,0.000548013768415979,0.000548013768415979,0.0,0.0,1.4214543226802236
2024-06-18,0.006328772637349803,0.006328772637349803,0.0,0.0,1.4304503839028448
2024-06-19,0.0007348668800461278,0.0007348668800461278,0.0,0.0,1.4315015745135244
2024-06-20,0.00475602047172615,0.00475602047172615,0.0,0.0,1.4383098253072188
2024-06-21,-0.0017395297307136225,-0.0017395297307136225,0.0,0.0,1.4358078426041194
2024-06-24,-0.0030675972054902863,-0.0030675972054902863,0.0,0.0,1.4314033624785258
2024-06-25,0.003973383880901955,0.003973383880901955,0.0,0.0,1.437090877526067
2024-06-26,-0.007004228853522711,-0.007004228853522711,0.0,0.0,1.4270251641365646
2024-06-27,-0.009254718256748628,-0.009254718256748628,0.0,0.0,1.4138184482971903
2024-06-28,0.0030512438274440954,0.0030512438274440954,0.0,0.0,1.4181323531106838
2024-07-01,0.0042981760101437755,0.0042981760101437755,0.0,0.0,1.4242277355700328
2024-07-02,0.0012725442083518239,0.0012725442083518239,0.0,0.0,1.4260401283263064
2024-07-03,0.008982349790708147,0.008982349790708147,0.0,0.0,1.4388493195745198
2024-07-04,0.002320162938104232,0.002320162938104232,0.0,0.0,1.4421876844393131
2024-07-05,0.0038179478131989417,0.0038179478131989417,0.0,0.0,1.4476938817553406
2024-07-08,-0.006130029929490093,-0.006130029929490093,0.0,0.0,1.4388194749314407
2024-07-09,-0.007092673122844052,-0.007092673122844052,0.0,0.0,1.42861439871297
2024-07-10,-0.0004964251029336382,-0.0004964251029336382,0.0,0.0,1.4279051986630364
2024-07-11,0.003100446840269721,0.003100446840269721,0.0,0.0,1.4323323428244361
2024-07-12,0.0035728888667369623,0.0035728888667369623,0.0,0.0,1.4374499071055808
2024-07-15,-0.00089158867628653,-0.00089158867628653,0.0,0.0,1.4361682930456763
2024-07-16,-0.0010899706102537655,-0.0010899706102537655,0.0,0.0,1.4346029118148782
2024-07-17,0.002393635970982952,0.002393635970982952,0.0,0.0,1.4380368289486751
2024-07-18,0.0073778584667368585,0.0073778584667368585,0.0,0.0,1.4486464611426133
2024-07-19,-0.010139307669440961,-0.010139307669440961,0.0,0.0,1.4339581889688415
2024-07-22,-0.011443648271550432,-0.011443648271550432,0.0,0.0,1.4175484758181727
2024-07-23,0.012920782463902523,0.012920782463902523,0.0,0.0,1.435864311306256
2024-07-26,-0.011755607274939031,-0.011755607274939031,0.0,0.0,1.4189848543624388
2024-07-29,-0.0009206194632682719,-0.0009206194632682719,0.0,0.0,1.4176785092874298
2024-07-30,-0.0016427115260289,-0.0016427115260289,0.0,0.0,1.4153496724600199
2024-07-31,0.0032645103227076995,0.0032645103227076995,0.0,0.0,1.4199700960760067
2024-08-01,0.006692163599034905,0.006692163599034905,0.0,0.0,1.4294727682646846
2024-08-02,-0.01221726291202911,-0.01221726291202911,0.0,0.0,1.412008523629209
2024-08-05,-0.04931784205946922,-0.04931784205946922,0.0,0.0,1.3423713102742394
2024-08-06,0.009619828825487413,0.009619828825487413,0.0,0.0,1.3552846924993227
2024-08-07,0.012935399608911304,0.012935399608911304,0.0,0.0,1.3728158415806417
2024-08-08,-0.016467371912002163,-0.016467371912002163,0.0,0.0,1.350209172550645
2024-08-09,0.019575624014363257,0.019575624014363257,0.0,0.0,1.376640359653241
2024-08-12,0.007946944002995256,0.007946944002995256,0.0,0.0,1.3875804435036687
2024-08-13,-0.0010834339832146446,-0.0010834339832146446,0.0,0.0,1.3860770916967329
2024-08-14,0.0047824649869112525,0.0047824649869112525,0.0,0.0,1.3927059568569322
2024-08-15,-0.00908031619238459,-0.00908031619238459,0.0,0.0,1.3800597464056537
2024-08-16,0.01084727553776698,0.01084727553776698,0.0,0.0,1.3950296347334965
2024-08-19,0.000246726044637045,0.000246726044637045,0.0,0.0,1.3953738248774257
2024-08-20,0.003123552744236774,0.003123552744236774,0.0,0.0,1.3997323486173578
2024-08-21,0.000974927917629363,0.000974927917629363,0.0,0.0,1.401096986761234
2024-08-22,-0.00517495513597021,-0.00517495513597021,0.0,0.0,1.3938463727136015
2024-08-23,0.00028354084712960435,0.00028354084712960435,0.0,0.0,1.394241585094889
2024-08-26,0.007009348995799742,0.007009348995799742,0.0,0.0,1.404014310949276
2024-08-27,-0.0006298808980868269,-0.0006298808980868269,0.0,0.0,1.4031299491541684
2024-08-28,-0.0023075823389339077,-0.0023075823389339077,0.0,0.0,1.399892111264271
2024-08-29,-0.00549458252111244,-0.00549458252111244,0.0,0.0,1.3922002885382752
2024-08-30,0.006355309610104429,0.006355309610104429,0.0,0.0,1.4010481524112124
2024-09-02,0.0005968377795474075,0.0005968377795474075,0.0,0.0,1.4018843508795364
2024-09-03,-0.006912059388492698,-0.006912059388492698,0.0,0.0,1.3921944429904585
2024-09-04,-0.02119733676912486,-0.02119733676912486,0.0,0.0,1.3626836285342856
2024-09-05,0.005760519556564797,0.005760519556564797,0.0,0.0,1.3705333942258682
2024-09-06,0.008655749255874347,0.008655749255874347,0.0,0.0,1.3823963876330896
2024-09-09,-0.00301895480923567,-0.00301895480923567,0.0,0.0,1.3782229954103746
2024-09-10,-0.001146036850195994,-0.001146036850195994,0.0,0.0,1.3766435010698468
2024-09-11,-0.004291665504438094,-0.004291665504438094,0.0,0.0,1.3707354076443965
2024-09-12,0.008777238546144334,0.008777238546144334,0.0,0.0,1.3827666793009379
2024-09-13,0.0027320307461536197,0.0027320307461536197,0.0,0.0,1.3865444403835447
2024-09-16,0.005440309641023761,0.005440309641023761,0.0,0.0,1.3940876714702712
2024-09-18,-0.004676055968829598,-0.004676055968829598,0.0,0.0,1.387568839493021
2024-09-19,0.005403595671771103,0.005403595671771103,0.0,0.0,1.3950667004683899
2024-09-20,0.004570627596113144,0.004570627596113144,0.0,0.0,1.401443030827969
2024-09-23,0.004926451997139823,0.004926451997139823,0.0,0.0,1.4083471726460692
2024-09-24,0.0011098178730504205,0.0011098178730504205,0.0,0.0,1.409910181509732
2024-09-25,0.0019704658431296783,0.0019704658431296783,0.0,0.0,1.4126883613642776
2024-09-26,0.0017712854874042598,0.0017712854874042598,0.0,0.0,1.4151906357569872
2024-09-27,-0.0001890285323178576,-0.0001890285323178576,0.0,0.0,1.4149231243481601
2024-09-30,-0.006743793643069524,-0.006743793643069524,0.0,0.0,1.4053811747767488
2024-10-01,0.0023967371499068225,0.0023967371499068225,0.0,0.0,1.408749504048116
2024-10-04,-0.010772246632179284,-0.010772246632179284,0.0,0.0,1.3935741069475494
2024-10-07,0.005708262809866545,0.005708262809866545,0.0,0.0,1.401528994195031
2024-10-08,-0.009074231554990632,-0.009074231554990632,0.0,0.0,1.3888111955706721
2024-10-09,-0.0024174738807814294,-0.0024174738807814294,0.0,0.0,1.3854537807800433
2024-10-11,-0.0016195601822023668,-0.0016195601822023668,0.0,0.0,1.3832099550024104
2024-10-14,0.0032756207424326994,0.0032756207424326994,0.0,0.0,1.3877408262221558
2024-10-15,0.007349796053352802,0.007349796053352802,0.0,0.0,1.3979404382698
2024-10-16,-0.006940727776523875,-0.006940727776523875,0.0,0.0,1.3882377142399749
2024-10-17,0.00804504789372635,0.00804504789372635,0.0,0.0,1.3994061531389128
2024-10-18,0.008462710226399934,0.008462710226399934,0.0,0.0,1.4112489219019684
2024-10-21,-0.005826723361245613,-0.005826723361245613,0.0,0.0,1.4030259648401895
2024-10-22,0.004220345483172681,0.004220345483172681,0.0,0.0,1.4089472191336767
2024-10-23,-0.009022771203058302,-0.009022771203058302,0.0,0.0,1.3962346107382484
2024-10-24,-0.00042126794882877696,-0.00042126794882877696,0.0,0.0,1.395646421847699
2024-10-25,0.0028507375623308883,0.0028507375623308883,0.0,0.0,1.3996250435261928
2024-10-28,-0.002233452774347274,-0.002233452774347274,0.0,0.0,1.3964990470896832
2024-10-29,-0.003827672594135882,-0.003827672594135882,0.0,0.0,1.3911537059594012
2024-10-30,-0.0018274959138272063,-0.0018274959138272063,0.0,0.0,1.3886113782462548
2024-11-01,-0.004640945496001102,-0.004640945496001102,0.0,0.0,1.3821669085246868
2024-11-04,0.006056405735759124,0.006056405735759124,0.0,0.0,1.390537872117252
2024-11-05,0.0034848807469797464,0.0034848807469797464,0.0,0.0,1.3953837307757397
2024-11-06,-0.0044843696830268,-0.0044843696830268,0.0,0.0,1.3891263142772603
2024-11-07,0.00831375469405495,0.00831375469405495,0.0,0.0,1.4006751696932183
2024-11-08,-0.0021832333689470323,-0.0021832333689470323,0.0,0.0,1.3976171689236885
2024-11-11,0.0022483498038765827,0.0022483498038765827,0.0,0.0,1.4007595012113325
2024-11-12,-0.008165742563824423,-0.008165742563824423,0.0,0.0,1.3893212597306097
2024-11-13,0.0019196437769119674,0.0019196437769119674,0.0,0.0,1.391988261640983
2024-11-14,-0.009812237781613694,-0.009812237781613694,0.0,0.0,1.3783297418285467
2024-11-15,0.007523741951236303,0.007523741951236303,0.0,0.0,1.388699939129779
2024-11-18,-0.003131031602833602,-0.003131031602833602,0.0,0.0,1.3843518757335105
2024-11-19,0.011400161100462798,0.011400161100462798,0.0,0.0,1.4001337101366005
2024-11-20,-0.007612831413884075,-0.007612831413884075,0.0,0.0,1.3894747282444346
2024-11-21,-0.0015196898746875544,-0.0015196898746875544,0.0,0.0,1.3873631575687873
2024-11-22,0.00210442893920712,0.00210442893920712,0.0,0.0,1.3902827647467648
2024-11-25,0.011965890856630648,0.011965890856630648,0.0,0.0,1.4069187365695794
2024-11-26,-0.005806463257750661,-0.005806463257750661,0.0,0.0,1.3987495146190472
2024-11-27,-0.004285258485163443,-0.004285258485163443,0.0,0.0,1.3927555113929075
2024-11-28,-0.0049710905834323025,-0.0049710905834323025,0.0,0.0,1.385831997585199
2024-11-29,-0.0033220157508745676,-0.0033220157508745676,0.0,0.0,1.381228241861155
2024-12-02,0.00999612608525938,0.00999612608525938,0.0,0.0,1.3950351735193203
2024-12-03,0.0058238726681453,0.0058238726681453,0.0,0.0,1.4031596807374807
2024-12-04,0.0007485164624811146,0.0007485164624811146,0.0,0.0,1.4042099688580025
2024-12-05,0.0013813127529742697,0.0013813127529742697,0.0,0.0,1.4061496219958396
2024-12-06,0.0016719546109817476,0.0016719546109817476,0.0,0.0,1.408500640340066
2024-12-09,-0.00012582315611051265,-0.00012582315611051265,0.0,0.0,1.4083234183441147
2024-12-10,-0.005868411938798396,-0.005868411938798396,0.0,0.0,1.4000587963822146
2024-12-11,-0.00475988069466029,-0.00475988069466029,0.0,0.0,1.3933946835459257
2024-12-12,0.002427801541317067,0.002427801541317067,0.0,0.0,1.3967775693063014
2024-12-13,-0.006894132432937048,-0.006894132432937048,0.0,0.0,1.3871479997641478
2024-12-16,-0.005355085429261579,-0.005355085429261579,0.0,0.0,1.3797197037223816
2024-12-17,-0.0007853109761134982,-0.0007853109761134982,0.0,0.0,1.3786361946950885
2024-12-18,0.0017892088474876179,0.0017892088474876179,0.0,0.0,1.3811028627721036
2024-12-19,-0.005463068003190738,-0.005463068003190738,0.0,0.0,1.3735578039133782
2024-12-20,-0.010977054568287088,-0.010977054568287088,0.0,0.0,1.3584801849471244
2024-12-23,0.015893756607302623,0.015893756607302623,0.0,0.0,1.3800715383625173
2024-12-24,0.0033482156837682047,0.0033482156837682047,0.0,0.0,1.384692315531985
2024-12-25,0.0007259665184825546,0.0007259665184825546,0.0,0.0,1.3856975557914613
2024-12-26,0.000563079760732959,0.000563079760732959,0.0,0.0,1.3864778140396246
2024-12-27,-0.003625148503128816,-0.003625148503128816,0.0,0.0,1.3814516260674377
2024-12-30,-0.00658483457200951,-0.00658483457200951,0.0,0.0,1.37235499564055
2024-12-31,-0.0054659253041132476,-0.0054659253041132476,0.0,0.0,1.3648538057436521
2025-01-02,0.0005236632934500459,0.0005236632934500459,0.0,0.0,1.3655685295826456
2025-01-03,-0.0006345883446051473,-0.0006345883446051473,0.0,0.0,1.3647019557100128
2025-01-06,0.011481273817832132,0.011481273817832132,0.0,0.0,1.3803704725432504
2025-01-07,-0.002461399251535294,-0.002461399251535294,0.0,0.0,1.376972829695291
2025-01-08,0.000774283847014031,0.000774283847014031,0.0,0.0,1.378038997515101
2025-01-09,-0.008119348393108532,-0.008119348393108532,0.0,0.0,1.3668502187949858
2025-01-10,-0.0033566142864195543,-0.0033566142864195543,0.0,0.0,1.3622622298231828
2025-01-13,-0.008185808824490774,-0.008185808824490774,0.0,0.0,1.3511110116410256
2025-01-14,0.010898546884611116,0.010898546884611116,0.0,0.0,1.3658361583477097
2025-01-15,-0.0007771258203643414,-0.0007771258203643414,0.0,0.0,1.3647747318026704
2025-01-16,0.007045871999050027,0.007045871999050027,0.0,0.0,1.3743907598704899
2025-01-17,-0.0019316777568597172,-0.0019316777568597172,0.0,0.0,1.3717358798104144
2025-01-20,-0.0013200614600558695,-0.0013200614600558695,0.0,0.0,1.3699251041421008
2025-01-21,0.004215409845047888,0.004215409845047888,0.0,0.0,1.3756998999130798
2025-01-22,0.0017145944050919503,0.0017145944050919503,0.0,0.0,1.3780586672645565
2025-02-03,0.0010565305342267288,0.0010565305342267288,0.0,0.0,1.3795146283244772
2025-02-04,-0.005230861760390221,-0.005230861760390221,0.0,0.0,1.3722985780072758
2025-02-05,0.006989034802951921,0.006989034802951921,0.0,0.0,1.3818896205290103
2025-02-06,0.008695710439367293,0.008695710439367293,0.0,0.0,1.3939061325282978
2025-02-07,-0.0032765709206166666,-0.0032765709206166666,0.0,0.0,1.3893389002283865
2025-02-10,-0.0013537014960718226,-0.0013537014960718226,0.0,0.0,1.3874581500805965
2025-02-11,0.0005675083071932149,0.0005675083071932149,0.0,0.0,1.3882455441066501
2025-02-12,0.0028047792396561793,0.0028047792396561793,0.0,0.0,1.3921392663883057
2025-02-13,0.005485423332120167,0.005485423332120167,0.0,0.0,1.3997757396017128
2025-02-14,0.00027333884711522555,0.00027333884711522555,0.0,0.0,1.4001583526885955
2025-02-17,0.0050668204797599415,0.0050668204797599415,0.0,0.0,1.407252703704905
2025-02-18,0.0034973336600436986,0.0034973336600436986,0.0,0.0,1.4121743359537595
2025-02-19,-0.0001680807831143722,-0.0001680807831143722,0.0,0.0,1.4119369765854783
2025-02-20,-0.0014843009114587833,-0.0014843009114587833,0.0,0.0,1.4098412372442102
2025-02-21,0.00698927508765591,0.00698927508765591,0.0,0.0,1.4196950054812312
2025-02-24,-0.0015310701972489624,-0.0015310701972489624,0.0,0.0,1.4175213527691557
2025-02-25,-0.00266121607885975,-0.00266121607885975,0.0,0.0,1.4137490221530395
2025-02-26,0.005441679859642762,0.005441679859642762,0.0,0.0,1.4214421917334794
2025-02-27,-0.004214055634824565,-0.004214055634824565,0.0,0.0,1.4154521552558275
2025-03-03,0.004307182782253411,0.004307182782253411,0.0,0.0,1.4215487664080488
2025-03-04,-0.0060461444741901176,-0.0060461444741901176,0.0,0.0,1.412953877189239
2025-03-05,0.001756642156575066,0.001756642156575066,0.0,0.0,1.4154359315352059
2025-03-06,-0.0012722041938613904,-0.0012722041938613904,0.0,0.0,1.4136352080069645
2025-03-07,-0.00403138095748725,-0.00403138095748725,0.0,0.0,1.4079363059485717
2025-03-10,-0.0012076558272339389,-0.0012076558272339389,0.0,0.0,1.4062360034643187
2025-03-11,-0.005905096681983155,-0.005905096681983155,0.0,0.0,1.3979320439061762
2025-03-12,0.0007422907256861424,0.0007422907256861424,0.0,0.0,1.3989697158975074
2025-03-13,-0.0018747873692499632,-0.0018747873692499632,0.0,0.0,1.3963469451441795
2025-03-14,0.0031673459810386013,0.0031673459810386013,0.0,0.0,1.4007696590290175
2025-03-17,0.0023765086974344863,0.0023765086974344863,0.0,0.0,1.4040986003068023
2025-03-18,0.005660604690833129,0.005660604690833129,0.0,0.0,1.4120466474300912
2025-03-19,-0.006531580430924933,-0.006531580430924933,0.0,0.0,1.4028237511801838
2025-03-20,0.00805547262878174,0.00805547262878174,0.0,0.0,1.4141241595108207
2025-03-21,-0.002086162632430663,-0.002086162632430663,0.0,0.0,1.411174066531632
2025-03-24,0.0008178419963031964,0.0008178419963031964,0.0,0.0,1.4123281839473354
2025-03-25,-0.003135375650845015,-0.003135375650845015,0.0,0.0,1.4079000045483847
2025-03-26,0.003943352654444024,0.003943352654444024,0.0,0.0,1.4134518507685125
2025-03-27,0.0005106972201653589,0.0005106972201653589,0.0,0.0,1.4141736966995377
2025-03-28,-0.009778326047084392,-0.009778326047084392,0.0,0.0,1.4003454452059991
2025-03-31,-0.022507930271289035,-0.022507930271289035,0.0,0.0,1.3688265675695852
2025-04-01,0.011136525630366503,0.011136525630366503,0.0,0.0,1.3840705397228505
2025-04-02,0.0032147532621110758,0.0032147532621110758,0.0,0.0,1.3885199850054166
2025-04-07,-0.08656047280776995,-0.08656047280776995,0.0,0.0,1.26832903860031
2025-04-08,-0.0032789395532005373,-0.0032789395532005373,0.0,0.0,1.2641702643491708
2025-04-09,-0.05062886695731039,-0.05062886695731039,0.0,0.0,1.2001667562240488
2025-04-10,0.07264181090236402,0.07264181090236402,0.0,0.0,1.28734904278098
2025-04-11,0.0054673103282768375,0.0054673103282768375,0.0,0.0,1.2943873794986736
2025-04-14,0.0025415642558745564,0.0025415642558745564,0.0,0.0,1.2976771481956626
2025-04-15,0.01330816525910321,0.01330816525910321,0.0,0.0,1.3149468501368122
2025-04-16,-0.006492195874927594,-0.006492195874927594,0.0,0.0,1.306409957620605
2025-04-17,-0.006767943781325475,-0.006767943781325475,0.0,0.0,1.297568248472065
2025-04-18,-0.00026563974834582197,-0.00026563974834582197,0.0,0.0,1.2972235627690794
2025-04-21,-0.005056459729569389,-0.005056459729569389,0.0,0.0,1.290664204063689
2025-04-22,-0.007941427430207182,-0.007941427430207182,0.0,0.0,1.2804144879503512
2025-04-23,0.016394453292155407,0.016394453292155407,0.0,0.0,1.3014061834676522
2025-04-24,-0.003704302056285418,-0.003704302056285418,0.0,0.0,1.2965853818661703
2025-04-25,0.0019284282248015823,0.0019284282248015823,0.0,0.0,1.299085753712426
2025-04-28,0.004119912920459027,0.004119912920459027,0.0,0.0,1.3044378738939302
2025-04-29,0.009750677301684602,0.009750677301684602,0.0,0.0,1.3171570266623656
2025-04-30,0.003282264308335822,0.003282264308335822,0.0,0.0,1.3214802841594533
2025-05-02,0.004250891869483702,0.004250891869483702,0.0,0.0,1.3270977539550697
2025-05-05,-0.007319968123589074,-0.007319968123589074,0.0,0.0,1.317383440699232
2025-05-06,0.012029729378429298,0.012029729378429298,0.0,0.0,1.3332312069784678
2025-05-07,0.0013797174141010117,0.0013797174141010117,0.0,0.0,1.335070689291759
2025-05-08,-0.00015803836615020748,-0.00015803836615020748,0.0,0.0,1.3348596969013282
2025-05-09,0.010618455012965364,0.010618455012965364,0.0,0.0,1.3490338445414956
2025-05-12,0.007133923191286451,0.007133923191286451,0.0,0.0,1.3586577483709004
2025-05-13,-0.0006979596280247764,-0.001781650436981165,0.31640607560770473,0.0010836908089563886,1.3562370951998075
2025-05-14,0.006412077869697374,0.006412077869697374,0.0,0.0,1.3649333930640009
2025-05-15,0.00648133338479547,0.00648133338479547,0.0,0.0,1.3737799814324887
2025-05-16,0.003093316746778273,0.003093316746778273,0.0,0.0,1.3780295180554427
2025-05-19,-0.005387514738643243,-0.005387514738643243,0.0,0.0,1.3706053637166336
2025-05-20,0.0028203123542931514,0.0028203123542931514,0.0,0.0,1.374470898956784
2025-05-21,0.007023303492955874,0.007023303492955874,0.0,0.0,1.3841242252223933
2025-05-22,-0.0073122120702312325,-0.0073122120702312325,0.0,0.0,1.3740032153560227
2025-05-23,0.004290777134962173,0.004290777134962173,0.0,0.0,1.3798987569358367
2025-05-26,-0.0006716557747342439,-0.0006716557747342439,0.0,0.0,1.3789719399671923
2025-05-27,-0.008457417209672014,-0.008457417209672014,0.0,0.0,1.367309398950459
2025-05-28,-0.0020227229567784705,-0.0020227229567784705,0.0,0.0,1.3645437108401828
2025-05-29,-0.006911552480901978,-0.006911552480901978,0.0,0.0,1.355112595370226
2025-06-02,-0.008203278915140316,-0.008203278915140316,0.0,0.0,1.3439962287889846
2025-06-03,0.0005822385255452427,0.0005822385255452427,0.0,0.0,1.344778755171573
2025-06-04,0.004489263694916383,0.004489263694916383,0.0,0.0,1.3508158216148596
2025-06-05,0.005463572786417773,0.005463572786417773,0.0,0.0,1.3581961021772972
2025-06-06,0.004819101484312848,0.004819101484312848,0.0,0.0,1.3647413870292877
2025-06-09,0.007759028157420133,0.007759028157420133,0.0,0.0,1.3753304538788444
2025-06-10,0.005502269566029328,0.005502269566029328,0.0,0.0,1.3828978927784554
2025-06-11,0.002239017363588664,0.002239017363588664,0.0,0.0,1.3859942251724566
2025-06-12,0.0035161861662039093,0.0035161861662039093,0.0,0.0,1.3908676388934464
2025-06-13,9.39221276969166e-05,9.39221276969166e-05,0.0,0.0,1.3909982721414362
2025-06-16,0.0036800587767786145,0.0036800587767786145,0.0,0.0,1.3961172275413143
2025-06-17,-0.0009225771295454453,-0.0009225771295454453,0.0,0.0,1.3948292017170203
2025-06-18,0.005599277579502145,0.005599277579502145,0.0,0.0,1.4026392375934293
2025-06-19,-0.01021599159578028,-0.01021599159578028,0.0,0.0,1.3883098869302632
2025-06-20,-0.007930822104449068,-0.007930822104449068,0.0,0.0,1.3772994481911716
2025-06-23,-0.009454919719459496,-0.009454919719459496,0.0,0.0,1.3642771924788681
2025-06-24,0.0014010510226472985,0.0014010510226472985,0.0,0.0,1.366188614434565
2025-06-25,0.007031458245277541,0.007031458245277541,0.0,0.0,1.3757949126321352
2025-06-26,-0.0009815986337131045,-0.0009815986337131045,0.0,0.0,1.3744444342256261
2025-06-27,0.006523156461429597,0.006523156461429597,0.0,0.0,1.383410150317621
2025-06-30,-0.004245128194494041,-0.004245128194494041,0.0,0.0,1.3775373968839584
2025-07-01,0.0022274768135292305,0.0022274768135292305,0.0,0.0,1.380605829495287
2025-07-02,7.825363107799707e-05,7.825363107799707e-05,0.0,0.0,1.3807138669145325
2025-07-03,0.0044361495792599875,0.0044361495792599875,0.0,0.0,1.3868389201543239
2025-07-04,-0.003806222170333131,-0.003806222170333131,0.0,0.0,1.3815603031097516
2025-07-07,-0.0037592150154728355,-0.0037592150154728355,0.0,0.0,1.3763667208735202
2025-07-08,-0.0003126139025299,-0.0003126139025299,0.0,0.0,1.3759364495015955
2025-07-09,-0.008293771831267133,-0.008293771831267133,0.0,0.0,1.3645247465351056
2025-07-10,0.0069938160103500575,0.0069938160103500575,0.0,0.0,1.3740679815539416
2025-07-11,0.01020828060070989,0.01020828060070989,0.0,0.0,1.3880948530740955
2025-07-14,0.0034383186104605555,0.0034383186104605555,0.0,0.0,1.3928675654405047
2025-07-15,-0.002119397872739055,-0.002119397872739055,0.0,0.0,1.3899155248853028
2025-07-16,0.001398294747165717,0.001398294747165717,0.0,0.0,1.391859036462754
2025-07-17,0.0024436129359163977,0.0024436129359163977,0.0,0.0,1.3952602012092268
2025-07-18,-0.003234258254080074,-0.003234258254080074,0.0,0.0,1.3907475693868765
2025-07-21,-0.0019705727416573027,-0.0019705727416573027,0.0,0.0,1.3880070001361164
2025-07-22,-0.007379614780428305,-0.007379614780428305,0.0,0.0,1.3777640431625742
2025-07-23,0.00810672095514612,0.00810672095514612,0.0,0.0,1.3889331918025272
2025-07-24,-0.003449574059156594,-0.003449574059156594,0.0,0.0,1.3841419638941836
2025-07-25,-0.0016012637676977625,-0.0016012637676977625,0.0,0.0,1.3819255875180498
2025-07-28,-0.0019777295287216057,-0.0019777295287216057,0.0,0.0,1.3791925124771196
2025-07-29,-0.005367101272948296,-0.005367101272948296,0.0,0.0,1.371790246587763
2025-07-30,0.006558342897108717,0.006558342897108717,0.0,0.0,1.380786917407795
2025-07-31,-0.009867593318220179,-0.009867593318220179,0.0,0.0,1.3671618736476958
2025-08-01,0.004591512301494308,0.004591512301494308,0.0,0.0,1.3734392142086833
2025-08-04,0.008059006763301938,0.008059006763301938,0.0,0.0,1.3845077701249753
2025-08-05,0.007750968281653139,0.007750968281653139,0.0,0.0,1.3952390459369164
2025-08-06,0.0033782801702921684,0.0033782801702921684,0.0,0.0,1.3999525543386224
2025-08-07,-0.009502791777012866,-0.009502791777012866,0.0,0.0,1.3866490967170453
2025-08-08,0.0006663522787201527,0.0006663522787201527,0.0,0.0,1.387573093502428
2025-08-11,0.0014800781346773456,0.0014800781346773456,0.0,0.0,1.3896268100983875
2025-08-12,-0.0034597896632071593,-0.0034597896632071593,0.0,0.0,1.3848189936250936
2025-08-13,0.003760440982881905,0.003760440982881905,0.0,0.0,1.3900265237225948
2025-08-14,0.0037242340025915284,0.0037242340025915284,0.0,0.0,1.3952033077667467
2025-08-15,-0.0012170920630840297,-0.0012170920630840297,0.0,0.0,1.3935052168944753
2025-08-18,0.004986802950226309,0.004986802950226309,0.0,0.0,1.4004543528212403
2025-08-19,-0.0025491907205165408,-0.0025491907205165408,0.0,0.0,1.3968843275805214
2025-08-20,-0.00641321074707416,-0.00641321074707416,0.0,0.0,1.3879258139984625
2025-08-21,0.0017269521265663647,0.0017269521265663647,0.0,0.0,1.3903226954344634
2025-08-22,-0.005421723046011635,-0.005421723046011635,0.0,0.0,1.3827847508352333
2025-08-25,0.004255104080774991,0.004255104080774991,0.0,0.0,1.3886686438713458
2025-08-26,-0.006211706325315214,-0.006211706325315214,0.0,0.0,1.3800426420724432
2025-08-27,0.0006961410455912209,0.0006961410455912209,0.0,0.0,1.381003346400256
2025-08-28,0.00561411171618474,0.00561411171618474,0.0,0.0,1.388756453467372
2025-08-29,-0.002293784414852099,-0.002293784414852099,0.0,0.0,1.3855709455583833
2025-09-01,-0.002492153380016051,-0.002492153380016051,0.0,0.0,1.382117890243158
2025-09-02,0.0037109819151970188,0.0037109819151970188,0.0,0.0,1.3872469047385205
2025-09-03,0.0019099696124253488,0.0019099696124253488,0.0,0.0,1.3898965041715023
2025-09-04,0.005734550946063519,0.005734550946063519,0.0,0.0,1.3978669364844294
2025-09-05,-0.0008242260882503534,-0.0008242260882503534,0.0,0.0,1.3967147780874762
2025-09-08,0.0018026869765944114,0.0018026869765944114,0.0,0.0,1.3992326176279515
2025-09-09,0.005629217944833814,0.005629217944833814,0.0,0.0,1.4071092029880996
2025-09-10,0.002981921792765141,0.002981921792765141,0.0,0.0,1.4113050925852901
2025-09-11,-0.007554200506277845,-0.007554200506277845,0.0,0.0,1.4006438109403698
2025-09-12,0.009664007804760393,0.009664007804760393,0.0,0.0,1.4141796436609868
2025-09-15,-0.003535613081595267,-0.003535613081595267,0.0,0.0,1.4091796516131334
2025-09-16,-0.0007709094109806768,-0.0007709094109806768,0.0,0.0,1.4080933017579425
2025-09-17,-0.004387905119679805,-0.004387905119679805,0.0,0.0,1.401914721950172
2025-09-18,0.005814662905856998,0.005814662905856998,0.0,0.0,1.4100663834810705
2025-09-19,-0.0009114675643507853,-0.0009114675643507853,0.0,0.0,1.408781153708946
2025-09-22,0.003347599648510286,0.003347599648510286,0.0,0.0,1.4134971890039303
2025-09-23,0.002047929761900096,0.002047929761900096,0.0,0.0,1.4163919319656535
2025-09-24,0.0043413196173731836,0.0043413196173731836,0.0,0.0,1.422540942045785
2025-09-25,-0.001604856091455597,-0.001604856091455597,0.0,0.0,1.420257968549598
2025-09-26,-0.003989448706938131,-0.003989448706938131,0.0,0.0,1.414591922233449
2025-09-30,0.008905452475820018,0.008905452475820018,0.0,0.0,1.427189503369578
2025-10-01,-0.0007021073171329748,-0.0007021073171329748,0.0,0.0,1.426187463176327
2025-10-02,-0.0015651075496214235,-0.0015651075496214235,0.0,0.0,1.4239553264105342
2025-10-03,-0.0028138046841191585,-0.0028138046841191585,0.0,0.0,1.4199485942431038
2025-10-07,0.005380043683160254,0.005380043683160254,0.0,0.0,1.4275879797079738
2025-10-08,0.0029775195926318022,0.0029775195926318022,0.0,0.0,1.4318386508877599
2025-10-09,-0.0017944194258182956,-0.0017944194258182956,0.0,0.0,1.4292693317979694
2025-10-13,-0.0082593594482262,-0.0082593594482262,0.0,0.0,1.417464482638324
2025-10-14,-0.0018325663462173368,-0.0018325663462173368,0.0,0.0,1.4148668849304826
2025-10-15,-0.0009721740289864711,-0.0009721740289864711,0.0,0.0,1.4134913880904802
2025-10-16,0.003903265822788463,0.003903265822788463,0.0,0.0,1.4190086207164196
2025-10-17,0.0006566882331557393,0.0006566882331557393,0.0,0.0,1.4199404669803908
2025-10-20,0.005856723264616956,0.005856723264616956,0.0,0.0,1.428256665347726
2025-10-21,0.0027082781793539078,0.0027082781793539078,0.0,0.0,1.4321247817090041
2025-10-22,0.005954312157078682,0.005954312157078682,0.0,0.0,1.4406520997071877
2025-10-23,-0.0008120480736024804,-0.0008120480736024804,0.0,0.0,1.439482220944889
2025-10-27,-0.005854334721739619,-0.005854334721739619,0.0,0.0,1.4310550101974846
2025-10-28,-0.00545567309860139,-0.00545567309860139,0.0,0.0,1.4232476418757314
2025-10-29,0.0024949889325114353,0.0024949889325114353,0.0,0.0,1.4267986289904344
2025-10-30,-0.004598414999115745,-0.004598414999115745,0.0,0.0,1.420237616774167
2025-10-31,-0.00670228451822647,-0.00670228451822647,0.0,0.0,1.4107187801830585
2025-11-03,0.004719227741706022,0.004719227741706022,0.0,0.0,1.4173762833862442
2025-11-04,-0.0037656590126237273,-0.0037656590126237273,0.0,0.0,1.4120389276104317
2025-11-05,0.0032594944845286975,0.0032594944845286975,0.0,0.0,1.4166414607069178
2025-11-06,0.0007908129952087112,0.0007908129952087112,0.0,0.0,1.4177617591835963
2025-11-07,-0.0029248823183721734,-0.0029248823183721734,0.0,0.0,1.4136149728824958
2025-11-10,-0.002247854312930978,-0.002247854312930978,0.0,0.0,1.4104373723688781
2025-11-11,0.0001469347459517041,0.0001469347459517041,0.0,0.0,1.410644614625868
2025-11-12,0.005899686493785326,0.005899686493785326,0.0,0.0,1.418966975606307
2025-11-13,-0.006467815521003757,-0.006467815521003757,0.0,0.0,1.4097893589776889
2025-11-14,-0.006611238803069927,-0.006611238803069927,0.0,0.0,1.4004689048634604
2025-11-17,-0.003946527300438615,-0.003946527300438615,0.0,0.0,1.3949419160970014
2025-11-18,-0.01091333518787021,-0.01091333518787021,0.0,0.0,1.379718447399025
2025-11-19,-0.0023459699807134434,-0.0023459699807134434,0.0,0.0,1.3764816693395903
2025-11-20,0.016689288672890278,0.016689288672890278,0.0,0.0,1.3994541692721405
2025-11-21,-0.010492196413295728,-0.010492196413295728,0.0,0.0,1.3847708212567316
2025-11-24,0.007798669781571805,0.007798669781571805,0.0,0.0,1.3955701916148686
2025-11-25,-0.008427543106429956,-0.008427543106429956,0.0,0.0,1.3838089636669857
2025-11-26,0.009392161082987219,0.009392161082987219,0.0,0.0,1.3968059203618277
2025-11-27,0.00405644466916631,0.00405644466916631,0.0,0.0,1.4024719862913393
2025-11-28,-0.0058859578927942195,-0.0058859578927942195,0.0,0.0,1.394217095234205
2025-12-01,-0.002562977324817069,-0.002562977324817069,0.0,0.0,1.3906437484332475
2025-12-02,0.005683903759841377,0.005683903759841377,0.0,0.0,1.398548033663567
2025-12-03,-0.0015090430847245,-0.0015090430847245,0.0,0.0,1.3964375644247118
2025-12-04,0.005577437546262572,0.005577437546262572,0.0,0.0,1.4042261077275455
2025-12-05,0.0015590458194371273,0.0015590458194371273,0.0,0.0,1.4064153605703427
2025-12-08,-0.0031965194511748515,-0.0031965194511748515,0.0,0.0,1.4019197265138486
2025-12-09,-0.00017904083273398267,-0.00017904083273398267,0.0,0.0,1.4016687256385874
2025-12-10,-0.0034038905803344213,-0.0034038905803344213,0.0,0.0,1.3968975986666368
2025-12-11,0.0009844348808792248,0.0009844348808792248,0.0,0.0,1.3982727533877806
2025-12-12,0.0034327842881353853,0.0034327842881353853,0.0,0.0,1.403072722126138
2025-12-15,0.0010103649138142768,0.0010103649138142768,0.0,0.0,1.4044903375761042
2025-12-16,0.0006009576301569993,0.0006009576301569993,0.0,0.0,1.4053343767609525
2025-12-17,0.006667982991891562,0.006667982991891562,0.0,0.0,1.414705122483115
2025-12-18,-0.00042537253857714326,-0.00042537253857714326,0.0,0.0,1.4141033457738263
2025-12-19,0.012642109512075932,0.012642109512075932,0.0,0.0,1.431980595132492
2025-12-22,0.0021986737839108286,0.0021986737839108286,0.0,0.0,1.4351290533260788
2025-12-23,-0.0032864163323951066,-0.0032864163323951066,0.0,0.0,1.4304126217661333
2025-12-24,0.002229466695584586,0.002229466695584586,0.0,0.0,1.4336016790673047
2025-12-26,0.005056719553437263,0.005056719553437263,0.0,0.0,1.4408510007096849
2025-12-29,-0.0007689910690641923,-0.0007689910690641923,0.0,0.0,1.439742999158287
2025-12-30,-1.5859680618607384e-05,-1.5859680618607384e-05,0.0,0.0,1.4397201652941476
2025-12-31,-0.006027666422349346,-0.006027666422349346,0.0,0.0,1.4310420123962249
2026-01-02,0.005178136799724557,0.005178136799724557,0.0,0.0,1.4384521437025657
2026-01-05,0.0038287684101485074,0.0038287684101485074,0.0,0.0,1.4439596438298845
2026-01-06,0.008256630839270846,0.008256630839270846,0.0,0.0,1.455881885555793
2026-01-07,0.005413543396522584,0.005413543396522584,0.0,0.0,1.4637633653234603
2026-01-08,-0.0019324455148827815,-0.0019324455148827815,0.0,0.0,1.4609347223732911
2026-01-09,0.0002886836151671907,0.0002886836151671907,0.0,0.0,1.4613564702904691
2026-01-12,0.002098629502948533,0.002098629502948533,0.0,0.0,1.4644233160933455
2026-01-13,-0.0007840555506808943,-0.0007840555506808943,0.0,0.0,1.463275126863816
2026-01-14,0.006021094047044823,0.006021094047044823,0.0,0.0,1.4720856440193646
2026-01-15,0.008267420600235912,0.008267420600235912,0.0,0.0,1.4842559951980419
2026-01-16,0.002808853403002159,0.002808853403002159,0.0,0.0,1.4884250527010803
2026-01-19,0.006414455221667449,0.006414455221667449,0.0,0.0,1.4979724885524393
2026-01-20,-0.007250860366144433,-0.007250860366144433,0.0,0.0,1.4871108992056197
2026-01-21,-0.0056853279176205355,-0.0056853279176205355,0.0,0.0,1.4786561860937681
2026-01-22,0.0028965698847043097,0.0028965698847043097,0.0,0.0,1.482939217072239
2026-01-23,-3.728914781604296e-05,-3.728914781604296e-05,0.0,0.0,1.4828839195325714
2026-01-26,0.0051778612117380236,0.0051778612117380236,0.0,0.0,1.4905620866610292
2026-01-27,-0.0041291042526648905,-0.0041291042526648905,0.0,0.0,1.4844074004101362
2026-01-28,-0.0010844914873869532,-0.0010844914873869532,0.0,0.0,1.4827975732205771
2026-01-29,-0.0017819177973339327,-0.0017819177973339327,0.0,0.0,1.4801553498350117
2026-01-30,-0.007937136152414356,-0.007937136152414356,0.0,0.0,1.468407155296647
2026-02-02,-0.008109378004805436,-0.008109378004805436,0.0,0.0,1.4564992866093853
2026-02-03,0.005235524094536523,0.005235524094536523,0.0,0.0,1.464124823718104
2026-02-04,0.008807989930245126,0.008807989930245126,0.0,0.0,1.477020820422035
2026-02-05,0.000540500949876679,0.000540500949876679,0.0,0.0,1.4778191515784607
2026-02-06,0.0019139691316748773,0.0019139691316748773,0.0,0.0,1.48064765181678
2026-02-09,0.002262805995426835,0.002262805995426835,0.0,0.0,1.4839980702004256
2026-02-10,0.004678411559032183,0.004678411559032183,0.0,0.0,1.4909408239256328
2026-02-11,0.00817738696939792,0.00817738696939792,0.0,0.0,1.5031328239913457
2026-02-23,0.023773160238200287,0.023773160238200287,0.0,0.0,1.5388670414753904
2026-02-24,0.007532799641486486,0.007532799641486486,0.0,0.0,1.5504590185737115
2026-02-25,0.0014126299018775365,0.0014126299018775365,0.0,0.0,1.5526492433449843
2026-02-26,0.00032744866896999673,0.00032744866896999673,0.0,0.0,1.5531576562730949
2026-03-02,-0.006705519211895316,-0.006705519211895316,0.0,0.0,1.5427429277698532
2026-03-03,-0.005463888094610721,-0.005463888094610721,0.0,0.0,1.5343135530537666
2026-03-04,-0.034696700481359935,-0.034696700481359935,0.0,0.0,1.481077935258969
2026-03-05,0.0118275743186635,0.0118275743186635,0.0,0.0,1.498595494609977
2026-03-06,0.005590542631010538,0.005590542631010538,0.0,0.0,1.5069734566092345
2026-03-09,-0.018920721713945834,-0.018920721713945834,0.0,0.0,1.4784604312064282
2026-03-10,-0.002075035046215122,-0.002075035046215122,0.0,0.0,1.4753925739972327
2026-03-11,0.011008275869323951,0.011008275869323951,0.0,0.0,1.491634102467346
2026-03-12,0.0022470027914633164,0.0022470027914633164,0.0,0.0,1.4949858084594323
2026-03-13,-0.0018857734132223013,-0.0018857734132223013,0.0,0.0,1.492166603968695
2026-03-16,0.008978870967457019,0.008978870967457019,0.0,0.0,1.5055645753676783
2026-03-17,0.005857359995661372,0.005857359995661372,0.0,0.0,1.5143832090823217
2026-03-18,0.0018712903756604984,0.0018712903756604984,0.0,0.0,1.5172170598065395
2026-03-19,-0.013105134480060723,-0.013105134480060723,0.0,0.0,1.4973337262023325
2026-03-20,-0.000614944166400765,-0.000614944166400765,0.0,0.0,1.4964129495622494
2026-03-23,-0.01677191003565133,-0.01677191003565133,0.0,0.0,1.4713152461960075
2026-03-24,0.007448630327204305,0.007448630327204305,0.0,0.0,1.4822745295597013
2026-03-25,0.010613479549963618,0.010613479549963618,0.0,0.0,1.4980066199666153
2026-03-26,-0.0004951157493328165,-0.0004951157493328165,0.0,0.0,1.4972649332964652
2026-03-27,-0.0012473099696547895,-0.0012473099696547895,0.0,0.0,1.4953973798179498
2026-03-30,-0.013014890000580152,-0.013014890000580152,0.0,0.0,1.4759349474124634
2026-03-31,-0.008201212124268456,-0.008201212124268456,0.0,0.0,1.4638304918271128
2026-04-01,0.02209533309529936,0.02209533309529936,0.0,0.0,1.4961743141390886
2026-04-02,-0.004654287873617653,-0.004654287873617653,0.0,0.0,1.4892106881719729
2026-04-07,0.006090286136128378,0.006090286136128378,0.0,0.0,1.4982804073799207
2026-04-08,0.011996060957837174,0.011996060957837174,0.0,0.0,1.5162538704787833
2026-04-09,0.008690609792141566,0.008690609792141566,0.0,0.0,1.5294310412129388
2026-04-10,-0.0061443164821818105,-0.0061443164821818105,0.0,0.0,1.5200337328580535
2026-04-13,-0.003711132426053275,-0.003711132426053275,0.0,0.0,1.5143926863833492
2026-04-14,0.009445968093363526,0.009445968093363526,0.0,0.0,1.5286975913797496
2026-04-15,0.007967770631580325,0.007967770631580325,0.0,0.0,1.5408779031529127
2026-04-16,0.006971712876984424,0.006971712876984424,0.0,0.0,1.5516204614721847
2026-04-17,0.00565571317870036,0.00565571317870036,0.0,0.0,1.560395981764474
