date,gross_ret,net_ret,turnover,total_cost,equity
2015-01-05,0.0,0.0,0.0,0.0,1.0
2015-01-06,0.0,0.0,0.0,0.0,1.0
2015-01-07,0.0,0.0,0.0,0.0,1.0
2015-01-08,0.0,0.0,0.0,0.0,1.0
2015-01-09,0.0,0.0,0.0,0.0,1.0
2015-01-12,0.0,0.0,0.0,0.0,1.0
2015-01-13,0.0,0.0,0.0,0.0,1.0
2015-01-14,0.0,0.0,0.0,0.0,1.0
2015-01-15,0.0,0.0,0.0,0.0,1.0
2015-01-16,0.0,0.0,0.0,0.0,1.0
2015-01-19,0.0,0.0,0.0,0.0,1.0
2015-01-20,0.0,0.0,0.0,0.0,1.0
2015-01-21,0.0,0.0,0.0,0.0,1.0
2015-01-22,0.0,0.0,0.0,0.0,1.0
2015-01-23,0.0,0.0,0.0,0.0,1.0
2015-01-26,0.0,0.0,0.0,0.0,1.0
2015-01-27,0.0,0.0,0.0,0.0,1.0
2015-01-28,0.0,0.0,0.0,0.0,1.0
2015-01-29,0.0,0.0,0.0,0.0,1.0
2015-01-30,0.0,0.0,0.0,0.0,1.0
2015-02-02,0.0,0.0,0.0,0.0,1.0
2015-02-03,0.0,0.0,0.0,0.0,1.0
2015-02-04,0.0,0.0,0.0,0.0,1.0
2015-02-05,0.0,0.0,0.0,0.0,1.0
2015-02-06,0.0,0.0,0.0,0.0,1.0
2015-02-09,0.0,0.0,0.0,0.0,1.0
2015-02-10,0.0,0.0,0.0,0.0,1.0
2015-02-11,0.0,0.0,0.0,0.0,1.0
2015-02-12,0.0,0.0,0.0,0.0,1.0
2015-02-13,0.0,0.0,0.0,0.0,1.0
2015-02-24,0.0,0.0,0.0,0.0,1.0
2015-02-25,0.0,0.0,0.0,0.0,1.0
2015-02-26,0.0,0.0,0.0,0.0,1.0
2015-03-02,0.0,0.0,0.0,0.0,1.0
2015-03-03,0.0,0.0,0.0,0.0,1.0
2015-03-04,0.0,0.0,0.0,0.0,1.0
2015-03-05,0.0,0.0,0.0,0.0,1.0
2015-03-06,0.0,0.0,0.0,0.0,1.0
2015-03-09,0.0,0.0,0.0,0.0,1.0
2015-03-10,0.0,0.0,0.0,0.0,1.0
2015-03-11,0.0,0.0,0.0,0.0,1.0
2015-03-12,0.0,0.0,0.0,0.0,1.0
2015-03-13,0.0,0.0,0.0,0.0,1.0
2015-03-16,0.0,0.0,0.0,0.0,1.0
2015-03-17,0.0,0.0,0.0,0.0,1.0
2015-03-18,0.0,0.0,0.0,0.0,1.0
2015-03-19,0.0,0.0,0.0,0.0,1.0
2015-03-20,0.0,0.0,0.0,0.0,1.0
2015-03-23,0.0,0.0,0.0,0.0,1.0
2015-03-24,0.0,0.0,0.0,0.0,1.0
2015-03-25,0.0,0.0,0.0,0.0,1.0
2015-03-26,0.0,0.0,0.0,0.0,1.0
2015-03-27,0.0,0.0,0.0,0.0,1.0
2015-03-30,0.0,0.0,0.0,0.0,1.0
2015-03-31,0.0,0.0,0.0,0.0,1.0
2015-04-01,0.0,0.0,0.0,0.0,1.0
2015-04-02,0.0,0.0,0.0,0.0,1.0
2015-04-07,0.0,0.0,0.0,0.0,1.0
2015-04-08,0.0,0.0,0.0,0.0,1.0
2015-04-09,0.0,0.0,0.0,0.0,1.0
2015-04-10,0.0,0.0,0.0,0.0,1.0
2015-04-13,0.0,0.0,0.0,0.0,1.0
2015-04-14,0.0,0.0,0.0,0.0,1.0
2015-04-15,0.0,0.0,0.0,0.0,1.0
2015-04-16,0.0,0.0,0.0,0.0,1.0
2015-04-17,0.0,0.0,0.0,0.0,1.0
2015-04-20,0.0,0.0,0.0,0.0,1.0
2015-04-21,0.0,0.0,0.0,0.0,1.0
2015-04-22,0.0,0.0,0.0,0.0,1.0
2015-04-23,0.0,0.0,0.0,0.0,1.0
2015-04-24,0.0,0.0,0.0,0.0,1.0
2015-04-27,0.0,0.0,0.0,0.0,1.0
2015-04-28,0.0,0.0,0.0,0.0,1.0
2015-04-29,0.0,0.0,0.0,0.0,1.0
2015-04-30,0.0,0.0,0.0,0.0,1.0
2015-05-04,0.0,0.0,0.0,0.0,1.0
2015-05-05,0.0,0.0,0.0,0.0,1.0
2015-05-06,0.0,0.0,0.0,0.0,1.0
2015-05-07,0.0,0.0,0.0,0.0,1.0
2015-05-08,0.0,0.0,0.0,0.0,1.0
2015-05-11,0.0,0.0,0.0,0.0,1.0
2015-05-12,0.0,0.0,0.0,0.0,1.0
2015-05-13,0.0,0.0,0.0,0.0,1.0
2015-05-14,0.0,0.0,0.0,0.0,1.0
2015-05-15,0.0,0.0,0.0,0.0,1.0
2015-05-18,0.0,0.0,0.0,0.0,1.0
2015-05-19,0.0,0.0,0.0,0.0,1.0
2015-05-20,0.0,0.0,0.0,0.0,1.0
2015-05-21,0.0,0.0,0.0,0.0,1.0
2015-05-22,0.0,0.0,0.0,0.0,1.0
2015-05-25,0.0,0.0,0.0,0.0,1.0
2015-05-26,0.0,0.0,0.0,0.0,1.0
2015-05-27,0.0,0.0,0.0,0.0,1.0
2015-05-28,0.0,0.0,0.0,0.0,1.0
2015-05-29,0.0,0.0,0.0,0.0,1.0
2015-06-01,0.0,0.0,0.0,0.0,1.0
2015-06-02,0.0,0.0,0.0,0.0,1.0
2015-06-03,0.0,0.0,0.0,0.0,1.0
2015-06-04,0.0,0.0,0.0,0.0,1.0
2015-06-05,0.0,0.0,0.0,0.0,1.0
2015-06-08,0.0,0.0,0.0,0.0,1.0
2015-06-09,0.0,0.0,0.0,0.0,1.0
2015-06-10,0.0,0.0,0.0,0.0,1.0
2015-06-11,0.0,0.0,0.0,0.0,1.0
2015-06-12,0.0,0.0,0.0,0.0,1.0
2015-06-15,0.0,0.0,0.0,0.0,1.0
2015-06-16,0.0,0.0,0.0,0.0,1.0
2015-06-17,0.0,0.0,0.0,0.0,1.0
2015-06-18,0.0,0.0,0.0,0.0,1.0
2015-06-22,0.0,0.0,0.0,0.0,1.0
2015-06-23,0.0,0.0,0.0,0.0,1.0
2015-06-24,0.0,0.0,0.0,0.0,1.0
2015-06-25,0.0,0.0,0.0,0.0,1.0
2015-06-26,0.0,0.0,0.0,0.0,1.0
2015-06-29,0.0,0.0,0.0,0.0,1.0
2015-06-30,0.0,0.0,0.0,0.0,1.0
2015-07-01,0.0,0.0,0.0,0.0,1.0
2015-07-02,0.0,0.0,0.0,0.0,1.0
2015-07-03,0.0,0.0,0.0,0.0,1.0
2015-07-06,0.0,0.0,0.0,0.0,1.0
2015-07-07,0.0,0.0,0.0,0.0,1.0
2015-07-08,0.0,0.0,0.0,0.0,1.0
2015-07-09,0.0,0.0,0.0,0.0,1.0
2015-07-13,0.0,0.0,0.0,0.0,1.0
2015-07-14,0.0,0.0,0.0,0.0,1.0
2015-07-15,0.0,0.0,0.0,0.0,1.0
2015-07-16,0.0,0.0,0.0,0.0,1.0
2015-07-17,0.0,0.0,0.0,0.0,1.0
2015-07-20,0.0,0.0,0.0,0.0,1.0
2015-07-21,0.0,0.0,0.0,0.0,1.0
2015-07-22,0.0,0.0,0.0,0.0,1.0
2015-07-23,0.0,0.0,0.0,0.0,1.0
2015-07-24,0.0,0.0,0.0,0.0,1.0
2015-07-27,0.0,0.0,0.0,0.0,1.0
2015-07-28,0.0,0.0,0.0,0.0,1.0
2015-07-29,0.0,0.0,0.0,0.0,1.0
2015-07-30,0.0,0.0,0.0,0.0,1.0
2015-07-31,0.0,0.0,0.0,0.0,1.0
2015-08-03,0.0,0.0,0.0,0.0,1.0
2015-08-04,0.0,0.0,0.0,0.0,1.0
2015-08-05,0.0,0.0,0.0,0.0,1.0
2015-08-06,0.0,0.0,0.0,0.0,1.0
2015-08-07,0.0,0.0,0.0,0.0,1.0
2015-08-10,0.0,0.0,0.0,0.0,1.0
2015-08-11,0.0,0.0,0.0,0.0,1.0
2015-08-12,0.0,0.0,0.0,0.0,1.0
2015-08-13,0.0,0.0,0.0,0.0,1.0
2015-08-14,0.0,0.0,0.0,0.0,1.0
2015-08-17,0.0,0.0,0.0,0.0,1.0
2015-08-18,0.0,0.0,0.0,0.0,1.0
2015-08-19,0.0,0.0,0.0,0.0,1.0
2015-08-20,0.0,0.0,0.0,0.0,1.0
2015-08-21,0.0,0.0,0.0,0.0,1.0
2015-08-24,0.0,0.0,0.0,0.0,1.0
2015-08-25,0.0,0.0,0.0,0.0,1.0
2015-08-26,0.0,0.0,0.0,0.0,1.0
2015-08-27,0.0,0.0,0.0,0.0,1.0
2015-08-28,0.0,0.0,0.0,0.0,1.0
2015-08-31,0.0,0.0,0.0,0.0,1.0
2015-09-01,0.0,0.0,0.0,0.0,1.0
2015-09-02,0.0,0.0,0.0,0.0,1.0
2015-09-03,0.0,0.0,0.0,0.0,1.0
2015-09-04,0.0,0.0,0.0,0.0,1.0
2015-09-07,0.0,0.0,0.0,0.0,1.0
2015-09-08,0.0,0.0,0.0,0.0,1.0
2015-09-09,0.0,0.0,0.0,0.0,1.0
2015-09-10,0.0,0.0,0.0,0.0,1.0
2015-09-11,0.0,0.0,0.0,0.0,1.0
2015-09-14,0.0,0.0,0.0,0.0,1.0
2015-09-15,0.0,0.0,0.0,0.0,1.0
2015-09-16,0.0,0.0,0.0,0.0,1.0
2015-09-17,0.0,0.0,0.0,0.0,1.0
2015-09-18,0.0,0.0,0.0,0.0,1.0
2015-09-21,0.0,0.0,0.0,0.0,1.0
2015-09-22,0.0,0.0,0.0,0.0,1.0
2015-09-23,0.0,0.0,0.0,0.0,1.0
2015-09-24,0.0,0.0,0.0,0.0,1.0
2015-09-25,0.0,0.0,0.0,0.0,1.0
2015-09-30,0.0,0.0,0.0,0.0,1.0
2015-10-01,0.0,0.0,0.0,0.0,1.0
2015-10-02,0.0,0.0,0.0,0.0,1.0
2015-10-05,0.0,0.0,0.0,0.0,1.0
2015-10-06,0.0,0.0,0.0,0.0,1.0
2015-10-07,0.0,0.0,0.0,0.0,1.0
2015-10-08,0.0,0.0,0.0,0.0,1.0
2015-10-12,0.0,0.0,0.0,0.0,1.0
2015-10-13,0.0,0.0,0.0,0.0,1.0
2015-10-14,0.0,0.0,0.0,0.0,1.0
2015-10-15,0.0,0.0,0.0,0.0,1.0
2015-10-16,0.0,0.0,0.0,0.0,1.0
2015-10-19,0.0,0.0,0.0,0.0,1.0
2015-10-20,0.0,0.0,0.0,0.0,1.0
2015-10-21,0.0,0.0,0.0,0.0,1.0
2015-10-22,0.0,0.0,0.0,0.0,1.0
2015-10-23,0.0,0.0,0.0,0.0,1.0
2015-10-26,0.0,0.0,0.0,0.0,1.0
2015-10-27,0.0,0.0,0.0,0.0,1.0
2015-10-28,0.0,0.0,0.0,0.0,1.0
2015-10-29,0.0,0.0,0.0,0.0,1.0
2015-10-30,0.0,0.0,0.0,0.0,1.0
2015-11-02,0.0,0.0,0.0,0.0,1.0
2015-11-03,0.0,0.0,0.0,0.0,1.0
2015-11-04,0.0,0.0,0.0,0.0,1.0
2015-11-05,0.0,0.0,0.0,0.0,1.0
2015-11-06,0.0,0.0,0.0,0.0,1.0
2015-11-09,0.0,0.0,0.0,0.0,1.0
2015-11-10,0.0,0.0,0.0,0.0,1.0
2015-11-11,0.0,0.0,0.0,0.0,1.0
2015-11-12,0.0,0.0,0.0,0.0,1.0
2015-11-13,0.0,0.0,0.0,0.0,1.0
2015-11-16,0.0,0.0,0.0,0.0,1.0
2015-11-17,0.0,0.0,0.0,0.0,1.0
2015-11-18,0.0,0.0,0.0,0.0,1.0
2015-11-19,0.0,0.0,0.0,0.0,1.0
2015-11-20,0.0,0.0,0.0,0.0,1.0
2015-11-23,0.0,0.0,0.0,0.0,1.0
2015-11-24,0.0,0.0,0.0,0.0,1.0
2015-11-25,0.0,0.0,0.0,0.0,1.0
2015-11-26,0.0,0.0,0.0,0.0,1.0
2015-11-27,0.0,0.0,0.0,0.0,1.0
2015-11-30,0.0,0.0,0.0,0.0,1.0
2015-12-01,0.0,0.0,0.0,0.0,1.0
2015-12-02,0.0,0.0,0.0,0.0,1.0
2015-12-03,0.0,0.0,0.0,0.0,1.0
2015-12-04,0.0,0.0,0.0,0.0,1.0
2015-12-07,0.0,0.0,0.0,0.0,1.0
2015-12-08,0.0,0.0,0.0,0.0,1.0
2015-12-09,0.0,0.0,0.0,0.0,1.0
2015-12-10,0.0,0.0,0.0,0.0,1.0
2015-12-11,0.0,0.0,0.0,0.0,1.0
2015-12-14,0.0,0.0,0.0,0.0,1.0
2015-12-15,0.0,0.0,0.0,0.0,1.0
2015-12-16,0.0,0.0,0.0,0.0,1.0
2015-12-17,0.0,0.0,0.0,0.0,1.0
2015-12-18,0.0,0.0,0.0,0.0,1.0
2015-12-21,0.0,0.0,0.0,0.0,1.0
2015-12-22,0.0,0.0,0.0,0.0,1.0
2015-12-23,0.0,0.0,0.0,0.0,1.0
2015-12-24,0.0,0.0,0.0,0.0,1.0
2015-12-25,0.0,0.0,0.0,0.0,1.0
2015-12-28,0.0,0.0,0.0,0.0,1.0
2015-12-29,0.0,0.0,0.0,0.0,1.0
2015-12-30,0.0,0.0,0.0,0.0,1.0
2015-12-31,0.0,0.0,0.0,0.0,1.0
2016-01-04,0.0,0.0,0.0,0.0,1.0
2016-01-05,0.0,0.0,0.0,0.0,1.0
2016-01-06,0.0,0.0,0.0,0.0,1.0
2016-01-07,0.0,0.0,0.0,0.0,1.0
2016-01-08,0.0,0.0,0.0,0.0,1.0
2016-01-11,0.0,0.0,0.0,0.0,1.0
2016-01-12,0.0,0.0,0.0,0.0,1.0
2016-01-13,0.0,0.0,0.0,0.0,1.0
2016-01-14,0.0,0.0,0.0,0.0,1.0
2016-01-15,0.0,0.0,0.0,0.0,1.0
2016-01-18,0.0,0.0,0.0,0.0,1.0
2016-01-19,0.0,0.0,0.0,0.0,1.0
2016-01-20,0.0,0.0,0.0,0.0,1.0
2016-01-21,0.0,0.0,0.0,0.0,1.0
2016-01-22,0.0,0.0,0.0,0.0,1.0
2016-01-25,0.0,0.0,0.0,0.0,1.0
2016-01-26,0.0,0.0,0.0,0.0,1.0
2016-01-27,0.0,0.0,0.0,0.0,1.0
2016-01-28,0.0,0.0,0.0,0.0,1.0
2016-01-29,0.0,0.0,0.0,0.0,1.0
2016-01-30,0.0,0.0,0.0,0.0,1.0
2016-02-01,0.0,0.0,0.0,0.0,1.0
2016-02-02,0.0,0.0,0.0,0.0,1.0
2016-02-03,0.0,0.0,0.0,0.0,1.0
2016-02-15,0.0,0.0,0.0,0.0,1.0
2016-02-16,0.0,0.0,0.0,0.0,1.0
2016-02-17,0.0,0.0,0.0,0.0,1.0
2016-02-18,0.0,0.0,0.0,0.0,1.0
2016-02-19,0.0,0.0,0.0,0.0,1.0
2016-02-22,0.0,0.0,0.0,0.0,1.0
2016-02-23,0.0,0.0,0.0,0.0,1.0
2016-02-24,0.0,0.0,0.0,0.0,1.0
2016-02-25,0.0,0.0,0.0,0.0,1.0
2016-02-26,0.0,0.0,0.0,0.0,1.0
2016-03-01,0.0,0.0,0.0,0.0,1.0
2016-03-02,0.0,0.0,0.0,0.0,1.0
2016-03-03,0.0,0.0,0.0,0.0,1.0
2016-03-04,0.0,0.0,0.0,0.0,1.0
2016-03-07,0.0,0.0,0.0,0.0,1.0
2016-03-08,0.0,0.0,0.0,0.0,1.0
2016-03-09,0.0,0.0,0.0,0.0,1.0
2016-03-10,0.0,0.0,0.0,0.0,1.0
2016-03-11,0.0,0.0,0.0,0.0,1.0
2016-03-14,0.0,0.0,0.0,0.0,1.0
2016-03-15,0.0,0.0,0.0,0.0,1.0
2016-03-16,0.0,0.0,0.0,0.0,1.0
2016-03-17,0.0,0.0,0.0,0.0,1.0
2016-03-18,0.0,0.0,0.0,0.0,1.0
2016-03-21,0.0,0.0,0.0,0.0,1.0
2016-03-22,0.0,0.0,0.0,0.0,1.0
2016-03-23,0.0,0.0,0.0,0.0,1.0
2016-03-24,0.0,0.0,0.0,0.0,1.0
2016-03-25,0.0,0.0,0.0,0.0,1.0
2016-03-28,0.0,0.0,0.0,0.0,1.0
2016-03-29,0.0,0.0,0.0,0.0,1.0
2016-03-30,0.0,0.0,0.0,0.0,1.0
2016-03-31,0.0,0.0,0.0,0.0,1.0
2016-04-01,0.0,0.0,0.0,0.0,1.0
2016-04-06,0.0,0.0,0.0,0.0,1.0
2016-04-07,0.0,0.0,0.0,0.0,1.0
2016-04-08,0.0,0.0,0.0,0.0,1.0
2016-04-11,0.0,0.0,0.0,0.0,1.0
2016-04-12,0.0,0.0,0.0,0.0,1.0
2016-04-13,0.0,0.0,0.0,0.0,1.0
2016-04-14,0.0,0.0,0.0,0.0,1.0
2016-04-15,0.0,0.0,0.0,0.0,1.0
2016-04-18,0.0,0.0,0.0,0.0,1.0
2016-04-19,0.0,0.0,0.0,0.0,1.0
2016-04-20,0.0,0.0,0.0,0.0,1.0
2016-04-21,0.0,0.0,0.0,0.0,1.0
2016-04-22,0.0,0.0,0.0,0.0,1.0
2016-04-25,0.0,0.0,0.0,0.0,1.0
2016-04-26,0.0,0.0,0.0,0.0,1.0
2016-04-27,0.0,0.0,0.0,0.0,1.0
2016-04-28,0.0,0.0,0.0,0.0,1.0
2016-04-29,0.0,0.0,0.0,0.0,1.0
2016-05-03,0.0,0.0,0.0,0.0,1.0
2016-05-04,0.0,0.0,0.0,0.0,1.0
2016-05-05,0.0,0.0,0.0,0.0,1.0
2016-05-06,0.0,0.0,0.0,0.0,1.0
2016-05-09,0.0,0.0,0.0,0.0,1.0
2016-05-10,0.0,0.0,0.0,0.0,1.0
2016-05-11,0.0,0.0,0.0,0.0,1.0
2016-05-12,0.0,0.0,0.0,0.0,1.0
2016-05-13,0.0,0.0,0.0,0.0,1.0
2016-05-16,0.0,0.0,0.0,0.0,1.0
2016-05-17,0.0,0.0,0.0,0.0,1.0
2016-05-18,0.0,0.0,0.0,0.0,1.0
2016-05-19,0.0,0.0,0.0,0.0,1.0
2016-05-20,0.0,0.0,0.0,0.0,1.0
2016-05-23,0.0,0.0,0.0,0.0,1.0
2016-05-24,0.0,0.0,0.0,0.0,1.0
2016-05-25,0.0,0.0,0.0,0.0,1.0
2016-05-26,0.0,0.0,0.0,0.0,1.0
2016-05-27,0.0,0.0,0.0,0.0,1.0
2016-05-30,0.0,0.0,0.0,0.0,1.0
2016-05-31,0.0,0.0,0.0,0.0,1.0
2016-06-01,0.0,0.0,0.0,0.0,1.0
2016-06-02,0.0,0.0,0.0,0.0,1.0
2016-06-03,0.0,0.0,0.0,0.0,1.0
2016-06-04,0.0,0.0,0.0,0.0,1.0
2016-06-06,0.0,0.0,0.0,0.0,1.0
2016-06-07,0.0,0.0,0.0,0.0,1.0
2016-06-08,0.0,0.0,0.0,0.0,1.0
2016-06-13,0.0,0.0,0.0,0.0,1.0
2016-06-14,0.0,0.0,0.0,0.0,1.0
2016-06-15,0.0,0.0,0.0,0.0,1.0
2016-06-16,0.0,0.0,0.0,0.0,1.0
2016-06-17,0.0,0.0,0.0,0.0,1.0
2016-06-20,0.0,0.0,0.0,0.0,1.0
2016-06-21,0.0,0.0,0.0,0.0,1.0
2016-06-22,0.0,0.0,0.0,0.0,1.0
2016-06-23,0.0,0.0,0.0,0.0,1.0
2016-06-24,0.0,0.0,0.0,0.0,1.0
2016-06-27,0.0,0.0,0.0,0.0,1.0
2016-06-28,0.0,0.0,0.0,0.0,1.0
2016-06-29,0.0,0.0,0.0,0.0,1.0
2016-06-30,0.0,0.0,0.0,0.0,1.0
2016-07-01,0.0,0.0,0.0,0.0,1.0
2016-07-04,0.0,0.0,0.0,0.0,1.0
2016-07-05,0.0,0.0,0.0,0.0,1.0
2016-07-06,0.0,0.0,0.0,0.0,1.0
2016-07-07,0.0,0.0,0.0,0.0,1.0
2016-07-11,0.0,0.0,0.0,0.0,1.0
2016-07-12,0.0,0.0,0.0,0.0,1.0
2016-07-13,0.0,0.0,0.0,0.0,1.0
2016-07-14,0.0,0.0,0.0,0.0,1.0
2016-07-15,0.0,0.0,0.0,0.0,1.0
2016-07-18,0.0,0.0,0.0,0.0,1.0
2016-07-19,0.0,0.0,0.0,0.0,1.0
2016-07-20,0.0,0.0,0.0,0.0,1.0
2016-07-21,0.0,0.0,0.0,0.0,1.0
2016-07-22,0.0,0.0,0.0,0.0,1.0
2016-07-25,0.0,0.0,0.0,0.0,1.0
2016-07-26,0.0,0.0,0.0,0.0,1.0
2016-07-27,0.0,0.0,0.0,0.0,1.0
2016-07-28,0.0,0.0,0.0,0.0,1.0
2016-07-29,0.0,0.0,0.0,0.0,1.0
2016-08-01,0.0,0.0,0.0,0.0,1.0
2016-08-02,0.0,0.0,0.0,0.0,1.0
2016-08-03,0.0,0.0,0.0,0.0,1.0
2016-08-04,0.0,0.0,0.0,0.0,1.0
2016-08-05,0.0,0.0,0.0,0.0,1.0
2016-08-08,0.0,0.0,0.0,0.0,1.0
2016-08-09,0.0,0.0,0.0,0.0,1.0
2016-08-10,0.0,0.0,0.0,0.0,1.0
2016-08-11,0.0,0.0,0.0,0.0,1.0
2016-08-12,0.0,0.0,0.0,0.0,1.0
2016-08-15,0.0,0.0,0.0,0.0,1.0
2016-08-16,0.0,0.0,0.0,0.0,1.0
2016-08-17,0.0,0.0,0.0,0.0,1.0
2016-08-18,0.0,0.0,0.0,0.0,1.0
2016-08-19,0.0,0.0,0.0,0.0,1.0
2016-08-22,0.0,0.0,0.0,0.0,1.0
2016-08-23,0.0,0.0,0.0,0.0,1.0
2016-08-24,0.0,0.0,0.0,0.0,1.0
2016-08-25,0.0,0.0,0.0,0.0,1.0
2016-08-26,0.0,0.0,0.0,0.0,1.0
2016-08-29,0.0,0.0,0.0,0.0,1.0
2016-08-30,0.0,0.0,0.0,0.0,1.0
2016-08-31,0.0,0.0,0.0,0.0,1.0
2016-09-01,0.0,0.0,0.0,0.0,1.0
2016-09-02,0.0,0.0,0.0,0.0,1.0
2016-09-05,0.0,0.0,0.0,0.0,1.0
2016-09-06,0.0,0.0,0.0,0.0,1.0
2016-09-07,0.0,0.0,0.0,0.0,1.0
2016-09-08,0.0,0.0,0.0,0.0,1.0
2016-09-09,0.0,0.0,0.0,0.0,1.0
2016-09-10,0.0,0.0,0.0,0.0,1.0
2016-09-12,0.0,0.0,0.0,0.0,1.0
2016-09-13,0.0,0.0,0.0,0.0,1.0
2016-09-14,0.0,0.0,0.0,0.0,1.0
2016-09-19,0.0,0.0,0.0,0.0,1.0
2016-09-20,0.0,0.0,0.0,0.0,1.0
2016-09-21,0.0,0.0,0.0,0.0,1.0
2016-09-22,0.0,0.0,0.0,0.0,1.0
2016-09-23,0.0,0.0,0.0,0.0,1.0
2016-09-26,0.0,0.0,0.0,0.0,1.0
2016-09-29,0.0,0.0,0.0,0.0,1.0
2016-09-30,0.0,0.0,0.0,0.0,1.0
2016-10-03,0.0,0.0,0.0,0.0,1.0
2016-10-04,0.0,0.0,0.0,0.0,1.0
2016-10-05,0.0,0.0,0.0,0.0,1.0
2016-10-06,0.0,0.0,0.0,0.0,1.0
2016-10-07,0.0,0.0,0.0,0.0,1.0
2016-10-11,0.0,0.0,0.0,0.0,1.0
2016-10-12,0.0,0.0,0.0,0.0,1.0
2016-10-13,0.0,0.0,0.0,0.0,1.0
2016-10-14,0.0,0.0,0.0,0.0,1.0
2016-10-17,0.0,0.0,0.0,0.0,1.0
2016-10-18,0.0,0.0,0.0,0.0,1.0
2016-10-19,0.0,0.0,0.0,0.0,1.0
2016-10-20,0.0,0.0,0.0,0.0,1.0
2016-10-21,0.0,0.0,0.0,0.0,1.0
2016-10-24,0.0,0.0,0.0,0.0,1.0
2016-10-25,0.0,0.0,0.0,0.0,1.0
2016-10-26,0.0,0.0,0.0,0.0,1.0
2016-10-27,0.0,0.0,0.0,0.0,1.0
2016-10-28,0.0,0.0,0.0,0.0,1.0
2016-10-31,0.0,0.0,0.0,0.0,1.0
2016-11-01,0.0,0.0,0.0,0.0,1.0
2016-11-02,0.0,0.0,0.0,0.0,1.0
2016-11-03,0.0,0.0,0.0,0.0,1.0
2016-11-04,0.0,0.0,0.0,0.0,1.0
2016-11-07,0.0,0.0,0.0,0.0,1.0
2016-11-08,0.0,0.0,0.0,0.0,1.0
2016-11-09,0.0,0.0,0.0,0.0,1.0
2016-11-10,0.0,0.0,0.0,0.0,1.0
2016-11-11,0.0,0.0,0.0,0.0,1.0
2016-11-14,0.0,0.0,0.0,0.0,1.0
2016-11-15,0.0,0.0,0.0,0.0,1.0
2016-11-16,0.0,0.0,0.0,0.0,1.0
2016-11-17,0.0,0.0,0.0,0.0,1.0
2016-11-18,0.0,0.0,0.0,0.0,1.0
2016-11-21,0.0,0.0,0.0,0.0,1.0
2016-11-22,0.0,0.0,0.0,0.0,1.0
2016-11-23,0.0,0.0,0.0,0.0,1.0
2016-11-24,0.0,0.0,0.0,0.0,1.0
2016-11-25,0.0,0.0,0.0,0.0,1.0
2016-11-28,0.0,0.0,0.0,0.0,1.0
2016-11-29,0.0,0.0,0.0,0.0,1.0
2016-11-30,0.0,0.0,0.0,0.0,1.0
2016-12-01,0.0,0.0,0.0,0.0,1.0
2016-12-02,0.0,0.0,0.0,0.0,1.0
2016-12-05,0.0,0.0,0.0,0.0,1.0
2016-12-06,0.0,0.0,0.0,0.0,1.0
2016-12-07,0.0,0.0,0.0,0.0,1.0
2016-12-08,0.0,0.0,0.0,0.0,1.0
2016-12-09,0.0,0.0,0.0,0.0,1.0
2016-12-12,0.0,0.0,0.0,0.0,1.0
2016-12-13,0.0,0.0,0.0,0.0,1.0
2016-12-14,0.0,0.0,0.0,0.0,1.0
2016-12-15,0.0,0.0,0.0,0.0,1.0
2016-12-16,0.0,0.0,0.0,0.0,1.0
2016-12-19,0.0,0.0,0.0,0.0,1.0
2016-12-20,0.0,0.0,0.0,0.0,1.0
2016-12-21,0.0,0.0,0.0,0.0,1.0
2016-12-22,0.0,0.0,0.0,0.0,1.0
2016-12-23,0.0,0.0,0.0,0.0,1.0
2016-12-26,0.0,0.0,0.0,0.0,1.0
2016-12-27,0.0,0.0,0.0,0.0,1.0
2016-12-28,0.0,0.0,0.0,0.0,1.0
2016-12-29,0.0,0.0,0.0,0.0,1.0
2016-12-30,0.0,0.0,0.0,0.0,1.0
2017-01-03,0.0,0.0,0.0,0.0,1.0
2017-01-04,0.0,0.0,0.0,0.0,1.0
2017-01-05,0.0,0.0,0.0,0.0,1.0
2017-01-06,0.0,0.0,0.0,0.0,1.0
2017-01-09,0.0,0.0,0.0,0.0,1.0
2017-01-10,0.0,0.0,0.0,0.0,1.0
2017-01-11,0.0,0.0,0.0,0.0,1.0
2017-01-12,0.0,0.0,0.0,0.0,1.0
2017-01-13,0.0,0.0,0.0,0.0,1.0
2017-01-16,0.0,0.0,0.0,0.0,1.0
2017-01-17,0.0,0.0,0.0,0.0,1.0
2017-01-18,0.0,0.0,0.0,0.0,1.0
2017-01-19,0.0,0.0,0.0,0.0,1.0
2017-01-20,0.0,0.0,0.0,0.0,1.0
2017-01-23,0.0,0.0,0.0,0.0,1.0
2017-01-24,0.0,0.0,0.0,0.0,1.0
2017-02-02,0.0,0.0,0.0,0.0,1.0
2017-02-03,0.0,0.0,0.0,0.0,1.0
2017-02-06,0.0,0.0,0.0,0.0,1.0
2017-02-07,0.0,0.0,0.0,0.0,1.0
2017-02-08,0.0,0.0,0.0,0.0,1.0
2017-02-09,0.0,0.0,0.0,0.0,1.0
2017-02-10,0.0,0.0,0.0,0.0,1.0
2017-02-13,0.0,0.0,0.0,0.0,1.0
2017-02-14,0.0,0.0,0.0,0.0,1.0
2017-02-15,0.0,0.0,0.0,0.0,1.0
2017-02-16,0.0,0.0,0.0,0.0,1.0
2017-02-17,0.0,0.0,0.0,0.0,1.0
2017-02-18,0.0,0.0,0.0,0.0,1.0
2017-02-20,0.0,0.0,0.0,0.0,1.0
2017-02-21,0.0,0.0,0.0,0.0,1.0
2017-02-22,0.0,0.0,0.0,0.0,1.0
2017-02-23,0.0,0.0,0.0,0.0,1.0
2017-02-24,0.0,0.0,0.0,0.0,1.0
2017-03-01,0.0,0.0,0.0,0.0,1.0
2017-03-02,0.0,0.0,0.0,0.0,1.0
2017-03-03,0.0,0.0,0.0,0.0,1.0
2017-03-06,0.0,0.0,0.0,0.0,1.0
2017-03-07,0.0,0.0,0.0,0.0,1.0
2017-03-08,0.0,0.0,0.0,0.0,1.0
2017-03-09,0.0,0.0,0.0,0.0,1.0
2017-03-10,0.0,0.0,0.0,0.0,1.0
2017-03-13,0.0,0.0,0.0,0.0,1.0
2017-03-14,0.0,0.0,0.0,0.0,1.0
2017-03-15,0.0,0.0,0.0,0.0,1.0
2017-03-16,0.0,0.0,0.0,0.0,1.0
2017-03-17,0.0,0.0,0.0,0.0,1.0
2017-03-20,0.0,0.0,0.0,0.0,1.0
2017-03-21,0.0,0.0,0.0,0.0,1.0
2017-03-22,0.0,0.0,0.0,0.0,1.0
2017-03-23,0.0,0.0,0.0,0.0,1.0
2017-03-24,0.0,0.0,0.0,0.0,1.0
2017-03-27,0.0,0.0,0.0,0.0,1.0
2017-03-28,0.0,0.0,0.0,0.0,1.0
2017-03-29,0.0,0.0,0.0,0.0,1.0
2017-03-30,0.0,0.0,0.0,0.0,1.0
2017-03-31,0.0,0.0,0.0,0.0,1.0
2017-04-05,0.0,0.0,0.0,0.0,1.0
2017-04-06,0.0,0.0,0.0,0.0,1.0
2017-04-07,0.0,0.0,0.0,0.0,1.0
2017-04-10,0.0,0.0,0.0,0.0,1.0
2017-04-11,0.0,0.0,0.0,0.0,1.0
2017-04-12,0.0,0.0,0.0,0.0,1.0
2017-04-13,0.0,0.0,0.0,0.0,1.0
2017-04-14,0.0,0.0,0.0,0.0,1.0
2017-04-17,0.0,0.0,0.0,0.0,1.0
2017-04-18,0.0,0.0,0.0,0.0,1.0
2017-04-19,0.0,0.0,0.0,0.0,1.0
2017-04-20,0.0,0.0,0.0,0.0,1.0
2017-04-21,0.0,0.0,0.0,0.0,1.0
2017-04-24,0.0,0.0,0.0,0.0,1.0
2017-04-25,0.0,0.0,0.0,0.0,1.0
2017-04-26,0.0,0.0,0.0,0.0,1.0
2017-04-27,0.0,0.0,0.0,0.0,1.0
2017-04-28,0.0,0.0,0.0,0.0,1.0
2017-05-02,0.0,0.0,0.0,0.0,1.0
2017-05-03,0.0,0.0,0.0,0.0,1.0
2017-05-04,0.0,0.0,0.0,0.0,1.0
2017-05-05,0.0,0.0,0.0,0.0,1.0
2017-05-08,0.0,0.0,0.0,0.0,1.0
2017-05-09,0.0,0.0,0.0,0.0,1.0
2017-05-10,0.0,0.0,0.0,0.0,1.0
2017-05-11,0.0,0.0,0.0,0.0,1.0
2017-05-12,0.0,0.0,0.0,0.0,1.0
2017-05-15,0.0,0.0,0.0,0.0,1.0
2017-05-16,0.0,0.0,0.0,0.0,1.0
2017-05-17,0.0,0.0,0.0,0.0,1.0
2017-05-18,0.0,0.0,0.0,0.0,1.0
2017-05-19,0.0,0.0,0.0,0.0,1.0
2017-05-22,0.0,0.0,0.0,0.0,1.0
2017-05-23,0.0,0.0,0.0,0.0,1.0
2017-05-24,0.0,0.0,0.0,0.0,1.0
2017-05-25,0.0,0.0,0.0,0.0,1.0
2017-05-26,0.0,0.0,0.0,0.0,1.0
2017-05-31,0.0,0.0,0.0,0.0,1.0
2017-06-01,0.0,0.0,0.0,0.0,1.0
2017-06-02,0.0,0.0,0.0,0.0,1.0
2017-06-03,0.0,0.0,0.0,0.0,1.0
2017-06-05,0.0,0.0,0.0,0.0,1.0
2017-06-06,0.0,0.0,0.0,0.0,1.0
2017-06-07,0.0,0.0,0.0,0.0,1.0
2017-06-08,0.0,0.0,0.0,0.0,1.0
2017-06-09,0.0,0.0,0.0,0.0,1.0
2017-06-12,0.0,0.0,0.0,0.0,1.0
2017-06-13,0.0,0.0,0.0,0.0,1.0
2017-06-14,0.0,0.0,0.0,0.0,1.0
2017-06-15,0.0,0.0,0.0,0.0,1.0
2017-06-16,0.0,0.0,0.0,0.0,1.0
2017-06-19,0.0,0.0,0.0,0.0,1.0
2017-06-20,0.0,0.0,0.0,0.0,1.0
2017-06-21,0.0,0.0,0.0,0.0,1.0
2017-06-22,0.0,0.0,0.0,0.0,1.0
2017-06-23,0.0,0.0,0.0,0.0,1.0
2017-06-26,0.0,0.0,0.0,0.0,1.0
2017-06-27,0.0,0.0,0.0,0.0,1.0
2017-06-28,0.0,0.0,0.0,0.0,1.0
2017-06-29,0.0,0.0,0.0,0.0,1.0
2017-06-30,0.0,0.0,0.0,0.0,1.0
2017-07-03,0.0,0.0,0.0,0.0,1.0
2017-07-04,0.0,0.0,0.0,0.0,1.0
2017-07-05,0.0,0.0,0.0,0.0,1.0
2017-07-06,0.0,0.0,0.0,0.0,1.0
2017-07-07,0.0,0.0,0.0,0.0,1.0
2017-07-10,0.0,0.0,0.0,0.0,1.0
2017-07-11,0.0,0.0,0.0,0.0,1.0
2017-07-12,0.0,0.0,0.0,0.0,1.0
2017-07-13,0.0,0.0,0.0,0.0,1.0
2017-07-14,0.0,0.0,0.0,0.0,1.0
2017-07-17,0.0,0.0,0.0,0.0,1.0
2017-07-18,0.0,0.0,0.0,0.0,1.0
2017-07-19,0.0,0.0,0.0,0.0,1.0
2017-07-20,0.0,0.0,0.0,0.0,1.0
2017-07-21,0.0,0.0,0.0,0.0,1.0
2017-07-24,0.0,0.0,0.0,0.0,1.0
2017-07-25,0.0,0.0,0.0,0.0,1.0
2017-07-26,0.0,0.0,0.0,0.0,1.0
2017-07-27,0.0,0.0,0.0,0.0,1.0
2017-07-28,0.0,0.0,0.0,0.0,1.0
2017-07-31,0.0,0.0,0.0,0.0,1.0
2017-08-01,0.0,0.0,0.0,0.0,1.0
2017-08-02,0.0,0.0,0.0,0.0,1.0
2017-08-03,0.0,0.0,0.0,0.0,1.0
2017-08-04,0.0,0.0,0.0,0.0,1.0
2017-08-07,0.0,0.0,0.0,0.0,1.0
2017-08-08,0.0,0.0,0.0,0.0,1.0
2017-08-09,0.0,0.0,0.0,0.0,1.0
2017-08-10,0.0,0.0,0.0,0.0,1.0
2017-08-11,0.0,0.0,0.0,0.0,1.0
2017-08-14,0.0,0.0,0.0,0.0,1.0
2017-08-15,0.0,0.0,0.0,0.0,1.0
2017-08-16,0.0,0.0,0.0,0.0,1.0
2017-08-17,0.0,0.0,0.0,0.0,1.0
2017-08-18,0.0,0.0,0.0,0.0,1.0
2017-08-21,0.0,0.0,0.0,0.0,1.0
2017-08-22,0.0,0.0,0.0,0.0,1.0
2017-08-23,0.0,0.0,0.0,0.0,1.0
2017-08-24,0.0,0.0,0.0,0.0,1.0
2017-08-25,0.0,0.0,0.0,0.0,1.0
2017-08-28,0.0,0.0,0.0,0.0,1.0
2017-08-29,0.0,0.0,0.0,0.0,1.0
2017-08-30,0.0,0.0,0.0,0.0,1.0
2017-08-31,0.0,0.0,0.0,0.0,1.0
2017-09-01,0.0,0.0,0.0,0.0,1.0
2017-09-04,0.0,0.0,0.0,0.0,1.0
2017-09-05,0.0,0.0,0.0,0.0,1.0
2017-09-06,0.0,0.0,0.0,0.0,1.0
2017-09-07,0.0,0.0,0.0,0.0,1.0
2017-09-08,0.0,0.0,0.0,0.0,1.0
2017-09-11,0.0,0.0,0.0,0.0,1.0
2017-09-12,0.0,0.0,0.0,0.0,1.0
2017-09-13,0.0,0.0,0.0,0.0,1.0
2017-09-14,0.0,0.0,0.0,0.0,1.0
2017-09-15,0.0,0.0,0.0,0.0,1.0
2017-09-18,0.0,0.0,0.0,0.0,1.0
2017-09-19,0.0,0.0,0.0,0.0,1.0
2017-09-20,0.0,0.0,0.0,0.0,1.0
2017-09-21,0.0,0.0,0.0,0.0,1.0
2017-09-22,0.0,0.0,0.0,0.0,1.0
2017-09-25,0.0,0.0,0.0,0.0,1.0
2017-09-26,0.0,0.0,0.0,0.0,1.0
2017-09-27,0.0,0.0,0.0,0.0,1.0
2017-09-28,0.0,0.0,0.0,0.0,1.0
2017-09-29,0.0,0.0,0.0,0.0,1.0
2017-09-30,0.0,0.0,0.0,0.0,1.0
2017-10-02,0.0,0.0,0.0,0.0,1.0
2017-10-03,0.0,0.0,0.0,0.0,1.0
2017-10-05,0.0,0.0,0.0,0.0,1.0
2017-10-06,0.0,0.0,0.0,0.0,1.0
2017-10-11,0.0,0.0,0.0,0.0,1.0
2017-10-12,0.0,0.0,0.0,0.0,1.0
2017-10-13,0.0,0.0,0.0,0.0,1.0
2017-10-16,0.0,0.0,0.0,0.0,1.0
2017-10-17,0.0,0.0,0.0,0.0,1.0
2017-10-18,0.0,0.0,0.0,0.0,1.0
2017-10-19,0.0,0.0,0.0,0.0,1.0
2017-10-20,0.0,0.0,0.0,0.0,1.0
2017-10-23,0.0,0.0,0.0,0.0,1.0
2017-10-24,0.0,0.0,0.0,0.0,1.0
2017-10-25,0.0,0.0,0.0,0.0,1.0
2017-10-26,0.0,0.0,0.0,0.0,1.0
2017-10-27,0.0,0.0,0.0,0.0,1.0
2017-10-30,0.0,0.0,0.0,0.0,1.0
2017-10-31,0.0,0.0,0.0,0.0,1.0
2017-11-01,0.0,0.0,0.0,0.0,1.0
2017-11-02,0.0,0.0,0.0,0.0,1.0
2017-11-03,0.0,0.0,0.0,0.0,1.0
2017-11-06,0.0,0.0,0.0,0.0,1.0
2017-11-07,0.0,0.0,0.0,0.0,1.0
2017-11-08,0.0,0.0,0.0,0.0,1.0
2017-11-09,0.0,0.0,0.0,0.0,1.0
2017-11-10,0.0,0.0,0.0,0.0,1.0
2017-11-13,0.0,0.0,0.0,0.0,1.0
2017-11-14,0.0,0.0,0.0,0.0,1.0
2017-11-15,0.0,0.0,0.0,0.0,1.0
2017-11-16,0.0,0.0,0.0,0.0,1.0
2017-11-17,0.0,0.0,0.0,0.0,1.0
2017-11-20,0.0,0.0,0.0,0.0,1.0
2017-11-21,0.0,0.0,0.0,0.0,1.0
2017-11-22,0.0,0.0,0.0,0.0,1.0
2017-11-23,0.0,0.0,0.0,0.0,1.0
2017-11-24,0.0,0.0,0.0,0.0,1.0
2017-11-27,0.0,0.0,0.0,0.0,1.0
2017-11-28,0.0,0.0,0.0,0.0,1.0
2017-11-29,0.0,0.0,0.0,0.0,1.0
2017-11-30,0.0,0.0,0.0,0.0,1.0
2017-12-01,0.0,0.0,0.0,0.0,1.0
2017-12-04,0.0,0.0,0.0,0.0,1.0
2017-12-05,0.0,0.0,0.0,0.0,1.0
2017-12-06,0.0,0.0,0.0,0.0,1.0
2017-12-07,0.0,0.0,0.0,0.0,1.0
2017-12-08,0.0,0.0,0.0,0.0,1.0
2017-12-11,0.0,0.0,0.0,0.0,1.0
2017-12-12,0.0,0.0,0.0,0.0,1.0
2017-12-13,0.0,0.0,0.0,0.0,1.0
2017-12-14,0.0,0.0,0.0,0.0,1.0
2017-12-15,0.0,0.0,0.0,0.0,1.0
2017-12-18,0.0,0.0,0.0,0.0,1.0
2017-12-19,0.0,0.0,0.0,0.0,1.0
2017-12-20,0.0,0.0,0.0,0.0,1.0
2017-12-21,0.0,0.0,0.0,0.0,1.0
2017-12-22,0.0,0.0,0.0,0.0,1.0
2017-12-25,0.0,0.0,0.0,0.0,1.0
2017-12-26,0.0,0.0,0.0,0.0,1.0
2017-12-27,0.0,0.0,0.0,0.0,1.0
2017-12-28,0.0,0.0,0.0,0.0,1.0
2017-12-29,0.0,0.0,0.0,0.0,1.0
2018-01-02,0.0,0.0,0.0,0.0,1.0
2018-01-03,0.0,0.0,0.0,0.0,1.0
2018-01-04,0.0,0.0,0.0,0.0,1.0
2018-01-05,0.0,0.0,0.0,0.0,1.0
2018-01-08,0.0,0.0,0.0,0.0,1.0
2018-01-09,0.0,0.0,0.0,0.0,1.0
2018-01-10,0.0,0.0,0.0,0.0,1.0
2018-01-11,0.0,0.0,0.0,0.0,1.0
2018-01-12,0.0,0.0,0.0,0.0,1.0
2018-01-15,0.0,0.0,0.0,0.0,1.0
2018-01-16,0.0,0.0,0.0,0.0,1.0
2018-01-17,0.0,0.0,0.0,0.0,1.0
2018-01-18,0.0,0.0,0.0,0.0,1.0
2018-01-19,0.0,0.0,0.0,0.0,1.0
2018-01-22,0.0,0.0,0.0,0.0,1.0
2018-01-23,0.0,0.0,0.0,0.0,1.0
2018-01-24,0.0,0.0,0.0,0.0,1.0
2018-01-25,0.0,0.0,0.0,0.0,1.0
2018-01-26,0.0,0.0,0.0,0.0,1.0
2018-01-29,0.0,0.0,0.0,0.0,1.0
2018-01-30,0.0,0.0,0.0,0.0,1.0
2018-01-31,0.0,0.0,0.0,0.0,1.0
2018-02-01,0.0,0.0,0.0,0.0,1.0
2018-02-02,-0.0044065590272486695,-0.0051065590272486696,1.0,0.0007,0.9948934409727513
2018-02-05,-0.01290859142520387,-0.01290859142520387,0.0,0.0,0.982050768031619
2018-02-06,-0.042176445522153105,-0.042176445522153105,0.0,0.0,0.9406313573137447
2018-02-07,0.014757688240089398,0.014757688240089398,0.0,0.0,0.9545129016338332
2018-02-08,7.788710766383879e-05,7.788710766383879e-05,0.0,0.0,0.9545872458829693
2018-02-09,-0.008065187526103806,-0.008065187526103806,0.0,0.0,0.9468883207348961
2018-02-12,0.004905090068435127,0.004905090068435127,0.0,0.0,0.9515328932328501
2018-02-21,0.021775091372780272,0.021775091372780272,0.0,0.0,0.9722526089272014
2018-02-22,0.0012695487358369672,0.0012695487358369672,0.0,0.0,0.9734869309977792
2018-02-23,0.008084174313338244,0.008084174313338244,0.0,0.0,0.9813567690397218
2018-02-26,0.004460451369798582,0.004460451369798582,0.0,0.0,0.9857340631844461
2018-02-27,-0.0027523511995426963,-0.0027523511995426963,0.0,0.0,0.9830209768532103
2018-03-01,0.0009677176236784732,0.0009677176236784732,0.0,0.0,0.9839722635769568
2018-03-02,-0.006142996120287056,-0.006142996120287056,0.0,0.0,0.9779277257793335
2018-03-05,-0.007828860127338041,-0.007828860127338041,0.0,0.0,0.9702716663995613
2018-03-06,0.007809033696362911,0.007809033696362911,0.0,0.0,0.9778485505371017
2018-03-07,0.000564831180446565,0.000564831180446565,0.0,0.0,0.9784008698881995
2018-03-08,0.005877228760677499,0.005877228760677499,0.0,0.0,0.9841511556201783
2018-03-09,0.0011873366306627917,0.0011873366306627917,0.0,0.0,0.9853196743373552
2018-03-12,0.007832801605766436,0.007832801605766436,0.0,0.0,0.9930374878646981
2018-03-13,0.004598312373341359,0.004598312373341359,0.0,0.0,0.9976037844323381
2018-03-14,-0.0015951214650872037,-0.0015951214650872037,0.0,0.0,0.9960124852221378
2018-03-15,0.00011909819680796152,0.00011909819680796152,0.0,0.0,0.996131108513126
2018-03-16,0.005649161939981463,0.005649161939981463,0.0,0.0,1.0017584144585698
2018-03-19,0.0003566547005418916,0.0003566547005418916,0.0,0.0,1.0021156963058937
2018-03-20,-0.0016816290199199557,-0.0016816290199199557,0.0,0.0,1.0004305094696684
2018-03-21,0.0008670691755207456,0.0008670691755207456,0.0,0.0,1.00129795192668
2018-03-22,0.0004911829916654716,0.0004911829916654716,0.0,0.0,1.0017897724502558
2018-03-23,-0.01201572584309478,-0.01201572584309478,0.0,0.0,0.9897525411920772
2018-03-26,0.0026546985880109616,0.0026546985880109616,0.0,0.0,0.99238003586566
2018-03-27,0.00698866978124511,0.00698866978124511,0.0,0.0,0.9993154522338253
2018-03-28,-0.004285811917219103,-0.004285811917219103,0.0,0.0,0.9950325741595805
2018-03-29,-0.001337155283383783,-0.001337155283383783,0.0,0.0,0.9937020610959041
2018-03-30,0.006267366233801174,0.006267366233801174,0.0,0.0,0.999929955840075
2018-03-31,0.0018541256131515416,0.0018541256131515416,0.0,0.0,1.0017839515825555
2018-04-02,-0.0023500008057589106,-0.0023500008057589106,0.0,0.0,0.9994297584891402
2018-04-03,-0.005170618343754806,-0.005170618343754806,0.0,0.0,0.9942620886466018
2018-04-09,0.008393671249644586,0.008393671249644586,0.0,0.0,1.0026075977546864
2018-04-10,0.004650314264843783,0.004650314264843783,0.0,0.0,1.0072700381685658
2018-04-11,0.001555445755191739,0.001555445755191739,0.0,0.0,1.0088367920737669
2018-04-12,0.0010671818425533977,0.0010671818425533977,0.0,0.0,1.0099134043803677
2018-04-13,-0.0006262754983921424,-0.0006262754983921424,0.0,0.0,1.0092809203597064
2018-04-16,-0.0013745083949020032,-0.0013745083949020032,0.0,0.0,1.0078936552618576
2018-04-17,-0.007915585987083164,-0.007915585987083164,0.0,0.0,0.9999155863677968
2018-04-18,0.004311185731549525,0.004311185731549525,0.0,0.0,1.0042264081764996
2018-04-19,0.008324431189158845,0.008324431189158845,0.0,0.0,1.012586021809701
2018-04-20,-0.0027621475059168067,-0.0027621475059168067,0.0,0.0,1.009789109855033
2018-04-23,-0.0008053316337491724,-0.0008053316337491724,0.0,0.0,1.008975894741451
2018-04-24,-0.011069330700877539,-0.011069330700877539,0.0,0.0,0.9978072068933441
2018-04-25,0.0007689834204991777,0.0007689834204991777,0.0,0.0,0.9985745040922996
2018-04-26,-0.0025819489222508865,-0.0025819489222508865,0.0,0.0,0.9959962357276714
2018-04-27,0.004641530854886397,0.004641530854886397,0.0,0.0,1.000619182987152
2018-04-30,0.008861409364329982,0.008861409364329982,0.0,0.0,1.0094860791854026
2018-05-02,0.0008621354127041749,0.0008621354127041749,0.0,0.0,1.0103563928829
2018-05-03,-0.007299111730590518,-0.007299111730590518,0.0,0.0,1.0029816886835314
2018-05-04,-0.0007387528946151361,-0.0007387528946151361,0.0,0.0,1.0022407330577705
2018-05-07,0.0023287431967162287,0.0023287431967162287,0.0,0.0,1.0045746943463507
2018-05-08,0.004847794636596951,0.004847794636596951,0.0,0.0,1.009444666161664
2018-05-09,-0.0016800506376422981,-0.0016800506376422981,0.0,0.0,1.0077487480066145
2018-05-10,0.0024414774662663563,0.0024414774662663563,0.0,0.0,1.0102091438665308
2018-05-11,0.005603934364426634,0.005603934364426634,0.0,0.0,1.0158702896031027
2018-05-14,0.004100217992499697,0.004100217992499697,0.0,0.0,1.020035579242579
2018-05-15,-0.002105896010037434,-0.002105896010037434,0.0,0.0,1.017887490386156
2018-05-16,0.005543233187574282,0.005543233187574282,0.0,0.0,1.0235298781040811
2018-05-17,0.00017221868592176597,0.00017221868592176597,0.0,0.0,1.02370614907469
2018-05-18,0.0034378361003237394,0.0034378361003237394,0.0,0.0,1.0272254830301024
2018-05-21,0.0078484604098276,0.0078484604098276,0.0,0.0,1.0352876215656304
2018-05-22,-0.0031714040015423067,-0.0031714040015423067,0.0,0.0,1.03200430625985
2018-05-23,-0.001384712413476794,-0.001384712413476794,0.0,0.0,1.0305752770862104
2018-05-24,0.004360044780542632,0.004360044780542632,0.0,0.0,1.0350686314440263
2018-05-25,0.0009022136847407323,0.0009022136847407323,0.0,0.0,1.036002484527961
2018-05-28,0.003723899597689507,0.003723899597689507,0.0,0.0,1.0398604537633
2018-05-29,-0.0016686106884690765,-0.0016686106884690765,0.0,0.0,1.0381253314956342
2018-05-30,-0.012195931582684559,-0.012195931582684559,0.0,0.0,1.0254644259784618
2018-05-31,0.007864578887280585,0.007864578887280585,0.0,0.0,1.0335292718526694
2018-06-01,0.004522917546874232,0.004522917546874232,0.0,0.0,1.0382038395315398
2018-06-04,0.008244437408742254,0.008244437408742254,0.0,0.0,1.0467632461040735
2018-06-05,0.0018485780056699608,0.0018485780056699608,0.0,0.0,1.0486982696179652
2018-06-06,0.0062651475346953535,0.0062651475346953535,0.0,0.0,1.0552685189965014
2018-06-07,0.004208703118545392,0.004208703118545392,0.0,0.0,1.0597098309033048
2018-06-08,-0.004259088593687048,-0.004259088593687048,0.0,0.0,1.0551964328498866
2018-06-11,0.000277983396974842,0.000277983396974842,0.0,0.0,1.055489759938766
2018-06-12,-0.0017179429406862816,-0.0017179429406862816,0.0,0.0,1.0536764887567125
2018-06-13,-0.002375121760634316,-0.002375121760634316,0.0,0.0,1.0511738787995977
2018-06-14,-0.01038463475375108,-0.01038463475375108,0.0,0.0,1.04025782200558
2018-06-15,0.0012196873039648482,0.0012196873039648482,0.0,0.0,1.0415266112639305
2018-06-19,-0.01031467750521194,-0.01031467750521194,0.0,0.0,1.0307836001556467
2018-06-20,0.0033492581430076664,0.0033492581430076664,0.0,0.0,1.0342359605221467
2018-06-21,0.003080393961301213,0.003080393961301213,0.0,0.0,1.0374218147294996
2018-06-22,-0.001985539064402437,-0.001985539064402437,0.0,0.0,1.035361973190091
2018-06-25,-0.0026192113807177618,-0.0026192113807177618,0.0,0.0,1.032650141326749
2018-06-26,-0.0025208331458221444,-0.0025208331458221444,0.0,0.0,1.0300470026224546
2018-06-27,-0.0038164001371965165,-0.0038164001371965165,0.0,0.0,1.0261159311003274
2018-06-28,-0.005043361872726349,-0.005043361872726349,0.0,0.0,1.020940857136419
2018-06-29,0.012666276803530503,0.012666276803530503,0.0,0.0,1.0338723766329425
2018-07-02,-0.005739832564828823,-0.005739832564828823,0.0,0.0,1.0279381222976678
2018-07-03,-0.006829308401932701,-0.006829308401932701,0.0,0.0,1.0209180158423934
2018-07-04,0.0019351013621111855,0.0019351013621111855,0.0,0.0,1.022893595685454
2018-07-05,-0.007014786625433738,-0.007014786625433738,0.0,0.0,1.0157182153711977
2018-07-06,-0.002520838888271418,-0.002520838888271418,0.0,0.0,1.0131577533943643
2018-07-09,0.009023495294112165,0.009023495294112165,0.0,0.0,1.0222999776143116
2018-07-10,0.002637683681901725,0.002637683681901725,0.0,0.0,1.0249964815832733
2018-07-11,-0.007232901312234819,-0.007232901312234819,0.0,0.0,1.0175827831865936
2018-07-12,0.004845900468229051,0.004845900468229051,0.0,0.0,1.0225138880720994
2018-07-13,0.005958597699004572,0.005958597699004572,0.0,0.0,1.0286066369727662
2018-07-16,-0.00355770778147724,-0.00355770778147724,0.0,0.0,1.0249471551363292
2018-07-17,-2.3696308335310326e-06,-2.3696308335310326e-06,0.0,0.0,1.0249447263899476
2018-07-18,0.003503676371109727,0.003503676371109727,0.0,0.0,1.0285358010094936
2018-07-19,-0.004184152123833792,-0.004184152123833792,0.0,0.0,1.0242322507532606
2018-07-20,-6.843418447304229e-05,-6.843418447304229e-05,0.0,0.0,1.0241621582544693
2018-07-23,-0.0022064575686175716,-0.0022064575686175716,0.0,0.0,1.021902387908897
2018-07-24,0.005818538133686584,0.005818538133686584,0.0,0.0,1.0278483659218505
2018-07-25,-0.0009070992577475242,-0.0009070992577475242,0.0,0.0,1.0269160054320456
2018-07-26,0.0030934828648951527,0.0030934828648951527,0.0,0.0,1.0300927524985364
2018-07-27,0.0010988165161480096,0.0010988165161480096,0.0,0.0,1.0312246354281462
2018-07-30,-0.0025505710231916406,-0.0025505710231916406,0.0,0.0,1.0285944237546218
2018-07-31,0.005776963056392017,0.005776963056392017,0.0,0.0,1.034536575740663
2018-08-01,0.002369654299770165,0.002369654299770165,0.0,0.0,1.0369880697856364
2018-08-02,-0.012032868335995076,-0.012032868335995076,0.0,0.0,1.0245101288759082
2018-08-03,0.006121177826931473,0.006121177826931473,0.0,0.0,1.0307813375602501
2018-08-06,0.0028160366539175643,0.0028160366539175643,0.0,0.0,1.0336840555889941
2018-08-07,0.0010851260008001664,0.0010851260008001664,0.0,0.0,1.0348057330343263
2018-08-08,0.0034321310747665095,0.0034321310747665095,0.0,0.0,1.03835732194702
2018-08-09,-0.005224368653158197,-0.005224368653158197,0.0,0.0,1.0329325605034625
2018-08-10,-0.003052220902642553,-0.003052220902642553,0.0,0.0,1.0297798221512737
2018-08-13,-0.016667845945845628,-0.016667845945845628,0.0,0.0,1.012615610717516
2018-08-14,0.006191096423690954,0.006191096423690954,0.0,0.0,1.0188848116036027
2018-08-15,-0.011585243150098824,-0.011585243150098824,0.0,0.0,1.0070807833192323
2018-08-16,-0.005655627889650773,-0.005655627889650773,0.0,0.0,1.0013851091539607
2018-08-17,0.0005629058460242588,0.0005629058460242588,0.0,0.0,1.0019487946860253
2018-08-20,0.0018290924763057835,0.0018290924763057835,0.0,0.0,1.0037814516880292
2018-08-21,0.007017723727018826,0.007017723727018826,0.0,0.0,1.0108257125982818
2018-08-22,0.0013504690381232808,0.0013504690381232808,0.0,0.0,1.0121908014260845
2018-08-23,0.003970722449778062,0.003970722449778062,0.0,0.0,1.0162099301647658
2018-08-24,-0.007490501905977475,-0.007490501905977475,0.0,0.0,1.0085980077459935
2018-08-27,0.007509421623473414,0.007509421623473414,0.0,0.0,1.0161719954347535
2018-08-28,0.004489723331651674,0.004489723331651674,0.0,0.0,1.0207343265516278
2018-08-29,0.0016277101221966828,0.0016277101221966828,0.0,0.0,1.0223957861470294
2018-08-30,-0.0030602779315391845,-0.0030602779315391845,0.0,0.0,1.019266970885385
2018-08-31,0.0038066496256431953,0.0038066496256431953,0.0,0.0,1.0231469631185364
2018-09-03,-0.010489771771965003,-0.010489771771965003,0.0,0.0,1.012414384986244
2018-09-04,0.001950796443302585,0.001950796443302585,0.0,0.0,1.0143893993676234
2018-09-05,-0.0118762221906787,-0.0118762221906787,0.0,0.0,1.0023422854728643
2018-09-06,-0.004054715568249334,-0.004054715568249334,0.0,0.0,0.9982780726032429
2018-09-07,-0.008913700074707386,-0.008913700074707386,0.0,0.0,0.9893797212729006
2018-09-10,-0.010329091208058206,-0.010329091208058206,0.0,0.0,0.9791603278924697
2018-09-11,0.006719925313890873,0.006719925313890873,0.0,0.0,0.9857402121662319
2018-09-12,-0.0010036248881562244,-0.0010036248881562244,0.0,0.0,0.9847508987560455
2018-09-13,0.005684190430277361,0.005684190430277361,0.0,0.0,0.9903484103909617
2018-09-14,0.005986605565321105,0.005986605565321105,0.0,0.0,0.9962772356962151
2018-09-17,-0.0005106002186511734,-0.0005106002186511734,0.0,0.0,0.9957685363218315
2018-09-18,0.0010375770728199662,0.0010375770728199662,0.0,0.0,0.9968017229249545
2018-09-19,0.007012160433107344,0.007012160433107344,0.0,0.0,1.003791456526102
2018-09-20,-0.0040232893487912175,-0.0040232893487912175,0.0,0.0,0.9997529130506528
2018-09-21,0.01274446102879948,0.01274446102879948,0.0,0.0,1.0124942250894555
2018-09-25,0.0006251268435847434,0.0006251268435847434,0.0,0.0,1.0131271624085336
2018-09-26,-0.002236029980784354,-0.002236029980784354,0.0,0.0,1.0108617796990411
2018-09-27,0.004966912600834978,0.004966912600834978,0.0,0.0,1.0158826418103306
2018-09-28,-0.0014348754381742967,-0.0014348754381742967,0.0,0.0,1.0144249767595293
2018-10-01,0.0020141397054235536,0.0020141397054235536,0.0,0.0,1.016468170383394
2018-10-02,-0.00871635858694757,-0.00871635858694757,0.0,0.0,1.0076082693181139
2018-10-03,-0.0031563759108989052,-0.0031563759108989052,0.0,0.0,1.0044278788492156
2018-10-04,-0.007081079918274627,-0.007081079918274627,0.0,0.0,0.9973154447669412
2018-10-05,-0.013054041429518059,-0.013054041429518059,0.0,0.0,0.9842964476326553
2018-10-08,-0.00019729176157785042,-0.00019729176157785042,0.0,0.0,0.984102254052587
2018-10-09,0.0026742103874728075,0.0026742103874728075,0.0,0.0,0.9867339505227098
2018-10-11,-0.05377392676337063,-0.05377392676337063,0.0,0.0,0.9336733913323703
2018-10-12,0.015576882261050595,0.015576882261050595,0.0,0.0,0.9482171118194305
2018-10-15,-0.012562981620736864,-0.012562981620736864,0.0,0.0,0.9363046776711748
2018-10-16,0.0013593448781578075,0.0013593448781578075,0.0,0.0,0.9375774386391622
2018-10-17,-0.0006953969366395653,-0.0006953969366395653,0.0,0.0,0.9369254501604701
2018-10-18,-9.940968713373984e-05,-9.940968713373984e-05,0.0,0.0,0.936832310694602
2018-10-19,-0.004216765607095174,-0.004216765607095174,0.0,0.0,0.9328819084272496
2018-10-22,0.004089214662430547,0.004089214662430547,0.0,0.0,0.9366966628055065
2018-10-23,-0.012565765551424489,-0.012565765551424489,0.0,0.0,0.9249263521478907
2018-10-24,-0.0036633557831657615,-0.0036633557831657615,0.0,0.0,0.9215380178467473
2018-10-25,-0.01859691683416775,-0.01859691683416775,0.0,0.0,0.9044002519693275
2018-10-26,-0.0005909011393376762,-0.0005909011393376762,0.0,0.0,0.9038658408300215
2018-10-29,0.00034928542224043604,0.00034928542224043604,0.0,0.0,0.9041815479918845
2018-10-30,0.003870341035983426,0.003870341035983426,0.0,0.0,0.9076810389410567
2018-10-31,0.020185194040448842,0.020185194040448842,0.0,0.0,0.9260027568389182
2018-11-01,0.00236075121426217,0.00236075121426217,0.0,0.0,0.9281888189715359
2018-11-02,0.01008034264189234,0.01008034264189234,0.0,0.0,0.9375452803031423
2018-11-05,0.0011324926673883858,0.0011324926673883858,0.0,0.0,0.9386070434584302
2018-11-06,-0.004234131504981501,-0.004234131504981501,0.0,0.0,0.9346328578049252
2018-11-07,0.010643874432318911,0.010643874432318911,0.0,0.0,0.9445809725837203
2018-11-08,0.004561172881430627,0.004561172881430627,0.0,0.0,0.9488893697001844
2018-11-09,-0.00603465531487148,-0.00603465531487148,0.0,0.0,0.9431631494220982
2018-11-12,-0.00035692002781221536,-0.00035692002781221536,0.0,0.0,0.9428265156045751
2018-11-13,-0.0007923755997384545,-0.0007923755997384545,0.0,0.0,0.9420794428788236
2018-11-14,0.004724264076976708,0.004724264076976708,0.0,0.0,0.9465300749484743
2018-11-15,0.0004931015746284918,0.0004931015746284918,0.0,0.0,0.9469968104188646
2018-11-16,0.0013991124968455414,0.0013991124968455414,0.0,0.0,0.9483217654907945
2018-11-19,0.007116094402599993,0.007116094402599993,0.0,0.0,0.9550701126980674
2018-11-20,-0.004996863448551594,-0.004996863448551594,0.0,0.0,0.9502977577611225
2018-11-21,0.0005770637852353473,0.0005770637852353473,0.0,0.0,0.9508461401823167
2018-11-22,-0.003092637815972811,-0.003092637815972811,0.0,0.0,0.9479055174520171
2018-11-23,-0.0045289564510404565,-0.0045289564510404565,0.0,0.0,0.943612494643776
2018-11-26,0.004951705030693567,0.004951705030693567,0.0,0.0,0.9482849853805289
2018-11-27,0.00027693698958026385,0.00027693698958026385,0.0,0.0,0.9485476005696444
2018-11-28,0.00862504072960632,0.00862504072960632,0.0,0.0,0.9567288622585278
2018-11-29,-0.0023971802814396507,-0.0023971802814396507,0.0,0.0,0.9544354106952375
2018-11-30,0.003887425963122672,0.003887425963122672,0.0,0.0,0.9581457076908979
2018-12-03,0.013640083462815943,0.013640083462815943,0.0,0.0,0.9712148951133406
2018-12-04,-0.0007531801586128051,-0.0007531801586128051,0.0,0.0,0.970483395324592
2018-12-05,-0.010022530835059128,-0.010022530835059128,0.0,0.0,0.9607566955700385
2018-12-06,-0.015417418937850393,-0.015417418937850393,0.0,0.0,0.9459443070970904
2018-12-07,0.005862422524926813,0.005862422524926813,0.0,0.0,0.9514898323103428
2018-12-10,-0.01132997023667387,-0.01132997023667387,0.0,0.0,0.9407094808297688
2018-12-11,0.000368544242246337,0.000368544242246337,0.0,0.0,0.9410561738925551
2018-12-12,0.0055834770422450684,0.0055834770422450684,0.0,0.0,0.9463105394349473
2018-12-13,0.004742998072313067,0.004742998072313067,0.0,0.0,0.9507988884992967
2018-12-14,-0.003450661605699443,-0.003450661605699443,0.0,0.0,0.9475180032800106
2018-12-17,-0.0008013845600751936,-0.0008013845600751936,0.0,0.0,0.9467586769817887
2018-12-18,-0.00975020750603317,-0.00975020750603317,0.0,0.0,0.9375275834230788
2018-12-19,0.004823285501858666,0.004823285501858666,0.0,0.0,0.9420495466237959
2018-12-20,-0.0067144446227745715,-0.0067144446227745715,0.0,0.0,0.9357242071110805
2018-12-21,-0.0021853090001630695,-0.0021853090001630695,0.0,0.0,0.9336793605796102
2018-12-22,2.7434109772809883e-05,2.7434109772809883e-05,0.0,0.0,0.933704975241681
2018-12-24,0.005786253763673364,0.005786253763673364,0.0,0.0,0.9391076291688336
2018-12-25,-0.01081038952362817,-0.01081038952362817,0.0,0.0,0.9289555098929076
2018-12-26,-0.005287786303135658,-0.005287786303135658,0.0,0.0,0.9240433916714735
2018-12-27,0.010181878108095758,0.010181878108095758,0.0,0.0,0.9334518888520639
2018-12-28,0.0074223697152819915,0.0074223697152819915,0.0,0.0,0.9403803138825522
2019-01-02,-0.010052862607036554,-0.010052862607036554,0.0,0.0,0.9309267997887289
2019-01-03,-0.0008959815967627864,-0.0008959815967627864,0.0,0.0,0.930092706508185
2019-01-04,-0.0031405901008094025,-0.0031405901008094025,0.0,0.0,0.9271716665612904
2019-01-07,0.01686874216153518,0.01686874216153518,0.0,0.0,0.9428118863439937
2019-01-08,-0.003324447076482624,-0.003324447076482624,0.0,0.0,0.9396775581247644
2019-01-09,0.014216314499946668,0.014216314499946668,0.0,0.0,0.9530363098196081
2019-01-10,-0.0013039717368777915,-0.0013039717368777915,0.0,0.0,0.951793577407385
2019-01-11,-0.0018594552896824754,-0.0018594552896824754,0.0,0.0,0.950023759805189
2019-01-14,-0.005596014394908132,-0.005596014394908132,0.0,0.0,0.9447074131698145
2019-01-15,0.0071450957623347125,0.0071450957623347125,0.0,0.0,0.9514574381043004
2019-01-16,-0.002848216659268111,-0.002848216659268111,0.0,0.0,0.9487474811785072
2019-01-17,0.0011201554931400616,0.0011201554931400616,0.0,0.0,0.9498102258811522
2019-01-18,0.0045640255893003995,0.0045640255893003995,0.0,0.0,0.954145184057053
2019-01-21,0.0018310408224103498,0.0018310408224103498,0.0,0.0,0.9558922628395675
2019-01-22,-0.001314732686059114,-0.001314732686059114,0.0,0.0,0.9546355200372614
2019-01-23,0.00024822352923662214,0.00024822352923662214,0.0,0.0,0.9548724830351797
2019-01-24,0.0012229969962890312,0.0012229969962890312,0.0,0.0,0.9560402892137708
2019-01-25,0.00558747810400897,0.00558747810400897,0.0,0.0,0.9613821433963032
2019-01-28,0.0017849640946197207,0.0017849640946197207,0.0,0.0,0.9630981760034741
2019-01-29,-0.0006913834690911082,-0.0006913834690911082,0.0,0.0,0.9624323058454735
2019-01-30,0.00010380332326359555,0.00010380332326359555,0.0,0.0,0.9625322095172365
2019-02-11,-0.0020707602805132776,-0.0020707602805132776,0.0,0.0,0.9605390360490536
2019-02-12,0.005484519801054865,0.005484519801054865,0.0,0.0,0.9658071314119507
2019-02-13,0.00276563561808894,0.00276563561808894,0.0,0.0,0.968478202014788
2019-02-14,-0.0007515944974072682,-0.0007515944974072682,0.0,0.0,0.9677502991272948
2019-02-15,-0.0025005659290282013,-0.0025005659290282013,0.0,0.0,0.9653303757014902
2019-02-18,0.006447541558312417,0.006447541558312417,0.0,0.0,0.9715543834163269
2019-02-19,0.0003991621119407546,0.0003991621119407546,0.0,0.0,0.9719421911158768
2019-02-20,0.006351877019381521,0.0061022714648543445,0.3565793636102527,0.0002496055545271769,0.9778732462142112
2019-02-21,0.003106092649157839,0.003106092649157839,0.0,0.0,0.9809106111160852
2019-02-22,0.0019330126805137695,0.0019330126805137695,0.0,0.0,0.9828067237658231
2019-02-25,0.003050735643756287,0.003050735643756287,0.0,0.0,0.9858050072689389
2019-02-26,0.00033348468170840673,0.00033348468170840673,0.0,0.0,0.9861337581380146
2019-02-27,0.003512345503287666,0.003512345503287666,0.0,0.0,0.9895974006090509
2019-03-04,-0.0034374858101315587,-0.0034374858101315587,0.0,0.0,0.9861956735867141
2019-03-05,-0.0018075570638724347,-0.0018075570638724347,0.0,0.0,0.984413068630562
2019-03-06,0.0031368485902572947,0.0031368485902572947,0.0,0.0,0.9875010233771265
2019-03-07,-0.0032203293845206277,-0.0032203293845206277,0.0,0.0,0.984320944814301
2019-03-08,-0.0039883842769275766,-0.0039883842769275766,0.0,0.0,0.9803950946345531
2019-03-11,-0.0009114475892734586,-0.0009114475892734586,0.0,0.0,0.9795015158890129
2019-03-12,0.007915932216424507,0.007915932216424507,0.0,0.0,0.9872551834946754
2019-03-13,-0.0003711438500786686,-0.0003711438500786686,0.0,0.0,0.9868887698048632
2019-03-14,-0.0032897204397509005,-0.0032897204397509005,0.0,0.0,0.9836421816470754
2019-03-15,0.005894035224021105,0.005894035224021105,0.0,0.0,0.9894398033135362
2019-03-18,0.00654509968920818,0.00654509968920818,0.0,0.0,0.9959157854626939
2019-03-19,0.0012070817360847281,0.0012070817360847281,0.0,0.0,0.9971179372180043
2019-03-20,0.0023662427706678756,0.0023662427706678756,0.0,0.0,0.9994773603284497
2019-03-21,0.0023701787951634053,0.0023701787951634053,0.0,0.0,1.001846300374146
2019-03-22,-0.0023764331646109363,-0.0023764331646109363,0.0,0.0,0.9994654796000941
2019-03-25,-0.005332903304237637,-0.005332903304237637,0.0,0.0,0.9941354268414634
2019-03-26,0.004286281849309214,0.004286281849309214,0.0,0.0,0.9983965714772892
2019-03-27,-0.0028044391856493116,-0.0028044391856493116,0.0,0.0,0.9955966290094204
2019-03-28,-0.0011408157781069583,-0.0011408157781069583,0.0,0.0,0.9944608366664163
2019-03-29,0.008411511237042464,0.008411511237042464,0.0,0.0,1.0028257551688344
2019-04-01,-0.003971143524136579,-0.003971143524136579,0.0,0.0,0.9988433901653583
2019-04-02,0.00043492939089824554,0.00043492939089824554,0.0,0.0,0.9992778165126457
2019-04-03,0.0015819535420149183,0.0015819535420149183,0.0,0.0,1.0008586275939348
2019-04-08,0.003546201552296973,0.003546201552296973,0.0,0.0,1.0044078740127382
2019-04-09,0.003987665069386246,0.003987665069386246,0.0,0.0,1.0084131162073553
2019-04-10,0.00020776006142144798,0.00020776006142144798,0.0,0.0,1.0086226241783167
2019-04-11,-0.0025629902788372547,-0.0025629902788372547,0.0,0.0,1.0060375341975325
2019-04-12,0.0009744358536813205,0.0009744358536813205,0.0,0.0,1.007017853241004
2019-04-15,0.002541901970224688,0.002541901970224688,0.0,0.0,1.0095775939062086
2019-04-16,0.0016789182629084853,0.0016789182629084853,0.0,0.0,1.011272592166441
2019-04-17,0.0025946366079256447,0.0025946366079256447,0.0,0.0,1.013896477054668
2019-04-18,-0.006290604377119124,-0.006290604377119124,0.0,0.0,1.0075184554381622
2019-04-19,0.0026703930877819545,0.0026703930877819545,0.0,0.0,1.0102089257573772
2019-04-22,0.0005341452130177272,0.0005341452130177272,0.0,0.0,1.0107485240192182
2019-04-23,0.0030062912330269553,0.0030062912330269553,0.0,0.0,1.013787128445772
2019-04-24,0.0014135255543037749,0.0014135255543037749,0.0,0.0,1.0152201424584544
2019-04-25,3.648810772929225e-05,3.648810772929225e-05,0.0,0.0,1.0152571859203814
2019-04-26,-2.0026188143983318e-05,-2.0026188143983318e-05,0.0,0.0,1.0152368541889616
2019-04-29,0.004380527068894672,0.004380527068894672,0.0,0.0,1.0196841267100758
2019-04-30,0.0025774634811495186,0.0025774634811495186,0.0,0.0,1.0223123253089788
2019-05-02,0.003088134454684675,0.003088134454684675,0.0,0.0,1.0254693632242142
2019-05-03,0.000163974841853717,0.000163974841853717,0.0,0.0,1.025637514400875
2019-05-06,-0.014197588631606832,-0.014197588631606832,0.0,0.0,1.0110759348862677
2019-05-07,0.005299019368098334,0.005299019368098334,0.0,0.0,1.0164336458478482
2019-05-08,-0.004549655891709788,-0.004549655891709788,0.0,0.0,1.0118092225224846
2019-05-09,-0.011326104096869207,-0.011326104096869207,0.0,0.0,1.0003493659420226
2019-05-10,-0.002151642825618105,-0.002151642825618105,0.0,0.0,0.9981969714056819
2019-05-13,-0.006243989114466702,-0.006243989114466702,0.0,0.0,0.9919642403821312
2019-05-14,-0.004193596422800824,-0.004193596422800824,0.0,0.0,0.9878043426921184
2019-05-15,0.002290702271033986,0.002290702271033986,0.0,0.0,0.9900671083432604
2019-05-16,-0.006788518201965847,-0.006788518201965847,0.0,0.0,0.9833460197571046
2019-05-17,-0.0005099215530895918,-0.0005099215530895918,0.0,0.0,0.9828445904274855
2019-05-20,0.009233068734497469,0.009233068734497469,0.0,0.0,0.9919192620862315
2019-05-21,0.010485384661165784,0.010485384661165784,0.0,0.0,1.0023199171020254
2019-05-22,-0.0042817860446672145,-0.0042817860446672145,0.0,0.0,0.9980281976686859
2019-05-23,-0.003339489690682066,-0.003339489690682066,0.0,0.0,0.9946952927915613
2019-05-24,0.0019127879113407234,0.0019127879113407234,0.0,0.0,0.9965979339230806
2019-05-27,0.0029763530091543224,0.0029763530091543224,0.0,0.0,0.9995641611826295
2019-05-28,-0.0008672218646972815,-0.0008672218646972815,0.0,0.0,0.9986973172868842
2019-05-29,-0.0006871955743989918,-0.0006871955743989918,0.0,0.0,0.9980110169102805
2019-05-30,0.007709557334569262,0.007709557334569262,0.0,0.0,1.005705240065682
2019-05-31,0.009123716303248692,0.009123716303248692,0.0,0.0,1.014881009360732
2019-06-03,-0.0010108634861994217,-0.0010108634861994217,0.0,0.0,1.0138551032055318
2019-06-04,0.0002957498063522634,0.0002957498063522634,0.0,0.0,1.0141549506559742
2019-06-05,0.0015135209396255627,0.0015135209396255627,0.0,0.0,1.0156898954098168
2019-06-06,0.004340070442266124,0.004340070442266124,0.0,0.0,1.0200980611033932
2019-06-10,0.00498412174558775,0.00498412174558775,0.0,0.0,1.0251823540323706
2019-06-11,-0.00476795736201799,-0.00476795736201799,0.0,0.0,1.020294328280051
2019-06-12,-0.004967719845772315,-0.004967719845772315,0.0,0.0,1.0152257918969252
2019-06-13,-0.0007014366542026965,-0.0007014366542026965,0.0,0.0,1.0145136753141968
2019-06-14,0.0008421653449752083,0.0008421653449752083,0.0,0.0,1.0153680635735498
2019-06-17,0.0017213039899555906,0.0017213039899555906,0.0,0.0,1.0171158206726523
2019-06-18,0.001515354270366676,0.001515354270366676,0.0,0.0,1.018657111474966
2019-06-19,0.012790838593665164,0.012790838593665164,0.0,0.0,1.0316865901701315
2019-06-20,0.0016544164623325153,0.0016544164623325153,0.0,0.0,1.0333934294488767
2019-06-21,-0.003094104936004369,-0.003094104936004369,0.0,0.0,1.0301960017379845
2019-06-24,0.004654662444571778,0.004654662444571778,0.0,0.0,1.0349912163778223
2019-06-25,-0.0021695075437558695,-0.0021695075437558695,0.0,0.0,1.0327457951261696
2019-06-26,-0.000993897529723174,-0.000993897529723174,0.0,0.0,1.0317193516315617
2019-06-27,0.004182133480553688,0.004182133480553688,0.0,0.0,1.0360341396745552
2019-06-28,-0.003686322873609223,-0.003686322873609223,0.0,0.0,1.0322149833276328
2019-07-01,0.0015089406668271192,0.0015089406668271192,0.0,0.0,1.0337725344928843
2019-07-02,-0.0021403045286789756,-0.0021403045286789756,0.0,0.0,1.0315599464556853
2019-07-03,-0.0030482134645380197,-0.0030482134645380197,0.0,0.0,1.028415531537421
2019-07-04,0.001171177078343471,0.001171177078343471,0.0,0.0,1.0296199882349701
2019-07-05,0.0016481536343631081,0.0016481536343631081,0.0,0.0,1.0313169601605925
2019-07-08,-0.0034186000193505654,-0.0034186000193505654,0.0,0.0,1.027791299980631
2019-07-09,-0.00584509383427768,-0.00584509383427768,0.0,0.0,1.0217837633901898
2019-07-10,0.004765950900420463,0.004765950900420463,0.0,0.0,1.0266535346373544
2019-07-11,0.0021807203098749696,0.0021807203098749696,0.0,0.0,1.028892378851543
2019-07-12,-0.0011266208660153235,-0.0011266208660153235,0.0,0.0,1.0277332072286447
2019-07-15,-0.002436053760982812,-0.002436053760982812,0.0,0.0,1.0252295938838885
2019-07-16,-0.0019953710031537517,-0.0019953710031537517,0.0,0.0,1.0231838804806774
2019-07-17,0.002526157139256667,0.002526157139256667,0.0,0.0,1.0257686037451261
2019-07-18,-0.0031654708772789167,-0.0031654708772789167,0.0,0.0,1.022521563103144
2019-07-19,0.0014370772009300852,0.0014370772009300852,0.0,0.0,1.0239910055289387
2019-07-22,-0.0010236145010529057,-0.0010236145010529057,0.0,0.0,1.0229428334867317
2019-07-23,-0.0014500820378264875,-0.0014500820378264875,0.0,0.0,1.0214594824581693
2019-07-24,-0.0037295956748267306,-0.0037295956748267306,0.0,0.0,1.0176498515903825
2019-07-25,-0.003076418602928969,-0.003076418602928969,0.0,0.0,1.0145191346556819
2019-07-26,-0.00155145545915812,-0.00155145545915812,0.0,0.0,1.0129451534058
2019-07-29,-0.00023120606720249056,-0.00023120606720249056,0.0,0.0,1.0127109543405892
2019-07-30,-0.0020083953585380253,-0.0020083953585380253,0.0,0.0,1.010677030360351
2019-07-31,-0.0011743396591975806,-0.0011743396591975806,0.0,0.0,1.0094901522409587
2019-08-01,-0.009802359125937549,-0.009802359125937549,0.0,0.0,0.9995947672345955
2019-08-02,-0.011999501438657932,-0.011999501438657932,0.0,0.0,0.9876001283870891
2019-08-05,-0.0056486755812808235,-0.0056486755812808235,0.0,0.0,0.9820214956577992
2019-08-06,-0.008560257102017308,-0.008560257102017308,0.0,0.0,0.9736151391752608
2019-08-07,-0.0017612746672317709,-0.0017612746672317709,0.0,0.0,0.9719003354949981
2019-08-08,0.006528108728217363,0.006528108728217363,0.0,0.0,0.9782450065581004
2019-08-12,-0.0035120970060231126,-0.0035120970060231126,0.0,0.0,0.9748093151994107
2019-08-13,-0.008389481148511905,-0.008389481148511905,0.0,0.0,0.9666311708261515
2019-08-14,0.0006088537382829111,0.0006088537382829111,0.0,0.0,0.9672197078280498
2019-08-15,-0.010168150920662561,-0.010168150920662561,0.0,0.0,0.957384871865415
2019-08-16,0.011647831333403915,0.011647831333403915,0.0,0.0,0.9685363293740558
2019-08-19,0.004922647028445145,0.004922647028445145,0.0,0.0,0.9733040918577901
2019-08-20,-0.0018558637805476817,-0.0018558637805476817,0.0,0.0,0.9714977720462523
2019-08-21,-0.00017680586259025046,-0.00017680586259025046,0.0,0.0,0.9713260055446612
2019-08-22,0.0012308797551002842,0.0012308797551002842,0.0,0.0,0.9725215910604886
2019-08-23,0.0025311880795545853,0.0025311880795545853,0.0,0.0,0.9749832261188904
2019-08-26,-0.01153462454605773,-0.01153462454605773,0.0,0.0,0.963737160666905
2019-08-27,-0.001210595774302834,-0.001210595774302834,0.0,0.0,0.962570464532663
2019-08-28,0.0026935631945123346,0.0026935631945123346,0.0,0.0,0.965163208908053
2019-08-29,0.0013230982390531566,0.0013230982390531566,0.0,0.0,0.9664402146501581
2019-08-30,0.013485741185588302,0.013485741185588302,0.0,0.0,0.9794733772562744
2019-09-02,0.0030031783376669777,0.0030031783376669777,0.0,0.0,0.9824149104851719
2019-09-03,-0.00531844176412623,-0.00531844176412623,0.0,0.0,0.9771899939955473
2019-09-04,0.00709905205174261,0.00709905205174261,0.0,0.0,0.9841271166273637
2019-09-05,0.004294216098936712,0.004294216098936712,0.0,0.0,0.9883531711349852
2019-09-06,0.0028771270922853046,0.0028771270922853046,0.0,0.0,0.9911967888204039
2019-09-09,0.005390108080440454,0.005390108080440454,0.0,0.0,0.9965394466411313
2019-09-10,0.005100155112358191,0.005100155112358191,0.0,0.0,1.0016219523945846
2019-09-11,0.0027831012000119155,0.0027831012000119155,0.0,0.0,1.0044095676522522
2019-09-12,0.0005415373881855478,0.0005415373881855478,0.0,0.0,1.0049534929861872
2019-09-16,0.0038150637054724643,0.0038150637054724643,0.0,0.0,1.0087874545829665
2019-09-17,-0.00028618395926579654,-0.00028618395926579654,0.0,0.0,1.0084987557951561
2019-09-18,0.0026381991377930998,0.0026381991377930998,0.0,0.0,1.0111593763431603
2019-09-19,-0.0032302172729007294,-0.0032302172729007294,0.0,0.0,1.0078931118600412
2019-09-20,0.0040608321814893,0.0040608321814893,0.0,0.0,1.0119859966441838
2019-09-23,-0.004078326581702589,-0.004078326581702589,0.0,0.0,1.007858787253759
2019-09-24,-0.0014374736120277307,-0.0014374736120277307,0.0,0.0,1.0064100168424315
2019-09-25,-0.005111285279715084,-0.005111285279715084,0.0,0.0,1.001265968137987
2019-09-26,-0.0022202338318700696,-0.0022202338318700696,0.0,0.0,0.9990429235608268
2019-09-27,-0.008125887875262468,-0.008125887875262468,0.0,0.0,0.9909248127813971
2019-10-01,0.009033267769245271,0.009033267769245271,0.0,0.0,0.9998761019544408
2019-10-02,-0.00372657759483635,-0.00372657759483635,0.0,0.0,0.996149986075285
2019-10-03,-0.0062959493505949414,-0.0062959493505949414,0.0,0.0,0.9898782762173591
2019-10-04,0.0035398159425365284,0.0035398159425365284,0.0,0.0,0.993382263120684
2019-10-07,0.0007550032989115331,0.0007550032989115331,0.0,0.0,0.9941322700064202
2019-10-08,0.001775187477415113,0.001775187477415113,0.0,0.0,0.9958970411630298
2019-10-09,-0.00980113393079864,-0.00980113393079864,0.0,0.0,0.9861361208813049
2019-10-14,0.010170577618502737,0.010170577618502737,0.0,0.0,0.9961656948411375
2019-10-15,0.0005006256741120019,0.0005006256741120019,0.0,0.0,0.9966644009636446
2019-10-16,0.004607290050467259,0.004607290050467259,0.0,0.0,1.0012563229418594
2019-10-17,0.0047525660830563185,0.0047525660830563185,0.0,0.0,1.0060148597827185
2019-10-18,-0.0007396204662147242,-0.0007396204662147242,0.0,0.0,1.005270790603107
2019-10-21,0.0038720059205662634,0.0038720059205662634,0.0,0.0,1.0091632050560948
2019-10-22,0.0034531625127446966,0.0034531625127446966,0.0,0.0,1.0126480096050359
2019-10-23,-0.004408656905557032,-0.004408656905557032,0.0,0.0,1.008183591964592
2019-10-24,0.006178346246891013,0.006178346246891013,0.0,0.0,1.0144124992761836
2019-10-25,-0.0007282294507137157,-0.0007282294507137157,0.0,0.0,1.0136737742190385
2019-10-28,0.0006885646744045235,0.0006885646744045235,0.0,0.0,1.0143717541713362
2019-10-29,-0.00037326361494676504,-0.00037326361494676504,0.0,0.0,1.0139931261034743
2019-10-30,0.005750690677188701,0.005750690677188701,0.0,0.0,1.019824286920491
2019-10-31,-0.0016078299963217704,-0.0016078299963217704,0.0,0.0,1.0181845828410028
2019-11-01,0.0023740615603015996,0.0023740615603015996,0.0,0.0,1.0206018157204173
2019-11-04,0.007246783408569683,0.007246783408569683,0.0,0.0,1.0279978960253362
2019-11-05,0.005217641317154083,0.005217641317154083,0.0,0.0,1.0333616203215854
2019-11-06,0.0025463659083857456,0.0025463659083857456,0.0,0.0,1.0359929371226066
2019-11-07,-0.0009156243279773514,-0.0009156243279773514,0.0,0.0,1.0350443567857646
2019-11-08,-0.0005559708645927969,-0.0005559708645927969,0.0,0.0,1.0344689022798306
2019-11-11,-0.008096590343399625,-0.008096590343399625,0.0,0.0,1.0260932313550846
2019-11-12,0.002973697800827865,0.002973697800827865,0.0,0.0,1.0291445225406095
2019-11-13,-0.006176175911652183,-0.006176175911652183,0.0,0.0,1.0227883449308854
2019-11-14,-0.0024910310227334574,-0.0024910310227334574,0.0,0.0,1.0202405474339724
2019-11-15,0.002890724701041356,0.002890724701041356,0.0,0.0,1.0231897819854439
2019-11-18,0.005548370850912361,0.005548370850912361,0.0,0.0,1.0288668183467633
2019-11-19,0.0002036540122660779,0.0002036540122660779,0.0,0.0,1.029076351202407
2019-11-20,0.00038331229104543495,0.00038331229104543495,0.0,0.0,1.0294708088162472
2019-11-21,-0.0069491700758449355,-0.0069491700758449355,0.0,0.0,1.0223168410776655
2019-11-22,0.0030046669785174737,0.0030046669785174737,0.0,0.0,1.025388562731634
2019-11-25,0.0018987679897868842,0.0018987679897868842,0.0,0.0,1.0273355377116422
2019-11-26,-0.00041561649215431773,-0.00041561649215431773,0.0,0.0,1.0269085601191932
2019-11-27,0.006408577882745717,0.006408577882745717,0.0,0.0,1.0334895836051752
2019-11-28,-0.0021738733762323875,-0.0021738733762323875,0.0,0.0,1.0312429081147623
2019-11-29,-0.00615710081947197,-0.00615710081947197,0.0,0.0,1.0248934415601343
2019-12-02,-0.0019228375985807225,-0.0019228375985807225,0.0,0.0,1.0229227379161636
2019-12-03,0.0014908312050109307,0.0014908312050109307,0.0,0.0,1.0244477430541643
2019-12-04,-0.0006577425699741638,-0.0006577425699741638,0.0,0.0,1.0237739201628435
2019-12-05,0.00017155956680616516,0.00017155956680616516,0.0,0.0,1.023949558373094
2019-12-06,-0.0009671721508466516,-0.0009671721508466516,0.0,0.0,1.0229592228763638
2019-12-09,0.0033071771357334216,0.0033071771357334216,0.0,0.0,1.026342330229048
2019-12-10,0.000555104476796323,0.000555104476796323,0.0,0.0,1.0269120574512838
2019-12-11,0.001062530592361882,0.001062530592361882,0.0,0.0,1.0280031829279912
2019-12-12,0.0033181518315688325,0.0033181518315688325,0.0,0.0,1.0314142535722823
2019-12-13,0.006016641114719424,0.006016641114719424,0.0,0.0,1.0376199029766329
2019-12-16,0.0007958533163828022,0.0007958533163828022,0.0,0.0,1.0384456962175617
2019-12-17,0.005953184473943893,0.005953184473943893,0.0,0.0,1.044627755013318
2019-12-18,0.004346059635273089,0.004346059635273089,0.0,0.0,1.0491677695332675
2019-12-19,-0.002806388886505408,-0.002806388886505408,0.0,0.0,1.0462233967647696
2019-12-20,-0.000524544938402871,-0.000524544938402871,0.0,0.0,1.045674605577558
2019-12-23,0.004553331602569473,0.004553331602569473,0.0,0.0,1.0504359088051387
2019-12-24,-0.0035665548048894953,-0.0035665548048894953,0.0,0.0,1.0466894715673611
2019-12-25,0.0015405944764656575,0.0015405944764656575,0.0,0.0,1.0483019955858326
2019-12-26,-0.0009840705280086174,-0.0009840705280086174,0.0,0.0,1.047270392487524
2019-12-27,0.002820881290372447,0.002820881290372447,0.0,0.0,1.0502246179436532
2019-12-30,-0.0018060941770226494,-0.0018060941770226494,0.0,0.0,1.0483278133766194
2019-12-31,-0.004785141399214945,-0.004785141399214945,0.0,0.0,1.0433114165568824
2020-01-02,0.002147303145491548,0.002147303145491548,0.0,0.0,1.0455517224433821
2020-01-03,0.0015053731255678551,0.0015053731255678551,0.0,0.0,1.0471256679077396
2020-01-06,-0.009452253490664876,-0.009452253490664876,0.0,0.0,1.0372279706580938
2020-01-07,-0.0022995662781043484,-0.0022995662781043484,0.0,0.0,1.0348427961940618
2020-01-08,-0.005780226739800535,-0.005780226739800535,0.0,0.0,1.028861170192011
2020-01-09,0.006039993313476007,0.006039993313476007,0.0,0.0,1.0350754847804657
2020-01-10,0.0033886529901333362,0.0033886529901333362,0.0,0.0,1.0385829964169806
2020-01-13,0.0077201532016504875,0.0077201532016504875,0.0,0.0,1.0466010162619488
2020-01-14,0.0023222284424505527,0.0023222284424505527,0.0,0.0,1.0490314629098099
2020-01-15,-0.0029704886891103706,-0.0029704886891103706,0.0,0.0,1.0459153268147154
2020-01-16,0.0015643129057192852,0.0015643129057192852,0.0,0.0,1.0475514656587412
2020-01-17,0.004555585447597855,0.004555585447597855,0.0,0.0,1.052323675871306
2020-01-20,0.003951496556310574,0.003951496556310574,0.0,0.0,1.0564819292526355
2020-01-30,-0.05103710620273407,-0.05103710620273407,0.0,0.0,1.0025621488280994
2020-01-31,0.007227330730033015,0.007227330730033015,0.0,0.0,1.0098079970550926
2020-02-03,-0.004730832629158757,-0.004730832629158757,0.0,0.0,1.0050307644334389
2020-02-04,0.010412586852513471,0.010412586852513471,0.0,0.0,1.0154957345575502
2020-02-05,0.00177228014507183,0.00177228014507183,0.0,0.0,1.0172954774853118
2020-02-06,0.01141946509719344,0.01141946509719344,0.0,0.0,1.0289124476839882
2020-02-07,-0.007960362742789896,-0.007960362742789896,0.0,0.0,1.0207219313698517
2020-02-10,-0.00032557310980131735,-0.00032557310980131735,0.0,0.0,1.0203896117564133
2020-02-11,0.0021711176222396155,0.0021711176222396155,0.0,0.0,1.0226049976240479
2020-02-12,0.0016867707857817435,0.0016867707857817435,0.0,0.0,1.0243298978594346
2020-02-13,0.003331990922661262,0.003331990922661262,0.0,0.0,1.0277429557809128
2020-02-14,0.0004406860798869397,0.0004406860798869397,0.0,0.0,1.0281958677952272
2020-02-17,-0.002332169173969521,-0.002332169173969521,0.0,0.0,1.0257979410875524
2020-02-18,0.0016722720449592653,0.0016722720449592653,0.0,0.0,1.02751335430821
2020-02-19,0.009394108108462161,0.009394108108462161,0.0,0.0,1.0371659258414698
2020-02-20,-0.003903732216248827,-0.003903732216248827,0.0,0.0,1.033117107803167
2020-02-21,-0.004568439073954329,-0.004568439073954329,0.0,0.0,1.0283973752399083
2020-02-24,-0.009530094633000134,-0.009530094633000134,0.0,0.0,1.018596650933543
2020-02-25,-0.003103042760589777,-0.003103042760589777,0.0,0.0,1.0154359019699026
2020-02-26,-0.006370810109571402,-0.006370810109571402,0.0,0.0,1.008966752660011
2020-02-27,-0.006985882046516116,-0.006985882046516116,0.0,0.0,1.001918229937072
2020-03-02,-0.01189818777946694,-0.01189818777946694,0.0,0.0,0.9899972186976095
2020-03-03,0.008352283229648254,0.008352283229648254,0.0,0.0,0.998265955864736
2020-03-04,0.006697357903333626,0.006697357903333626,0.0,0.0,1.0049517002538755
2020-03-05,0.009233347409339841,0.009233347409339841,0.0,0.0,1.0142307684319263
2020-03-06,-0.014485102237775507,-0.014692036311602695,0.2956201054674114,0.000206934073827188,0.9993296531537798
2020-03-09,-0.02249886659548708,-0.02249886659548708,0.0,0.0,0.9768458686025585
2020-03-10,-0.00039199655865589827,-0.00039199655865589827,0.0,0.0,0.9764629483837292
2020-03-11,-0.0027465548327239245,-0.0027465548327239245,0.0,0.0,0.97378103935387
2020-03-12,-0.038028563153503434,-0.038028563153503434,0.0,0.0,0.9367495456011171
2020-03-13,-0.027284571087699223,-0.027284571087699223,0.0,0.0,0.9111907360327935
2020-03-16,-0.03418998640653015,-0.03418998640653015,0.0,0.0,0.8800371371540762
2020-03-17,-0.033818171631993736,-0.033818171631993736,0.0,0.0,0.8502758902072712
2020-03-18,-0.019553892910310667,-0.019553892910310667,0.0,0.0,0.8336496865059392
2020-03-19,-0.06637618958661531,-0.06637618958661531,0.0,0.0,0.7783151968655986
2020-03-20,0.057608796231092746,0.057608796231092746,0.0,0.0,0.8231529984453917
2020-03-23,-0.03845680783936128,-0.03845680783936128,0.0,0.0,0.7914971617617832
2020-03-24,0.03893303966272076,0.03893303966272076,0.0,0.0,0.8223125521535857
2020-03-25,0.039844144684102106,0.039844144684102106,0.0,0.0,0.8550768924571464
2020-03-26,0.002365801113569133,0.002365801113569133,0.0,0.0,0.8570998343215088
2020-03-27,0.01083652092207139,0.01083652092207139,0.0,0.0,0.8663878146084377
2020-03-30,-0.009075703615561533,-0.009075703615561533,0.0,0.0,0.8585247355869174
2020-03-31,-0.0010071581476306614,-0.0010071581476306614,0.0,0.0,0.8576600654045287
2020-04-01,-0.0026470729461047365,-0.0026470729461047365,0.0,0.0,0.8553897766484418
2020-04-06,0.013845918911911378,0.013845918911911378,0.0,0.0,0.8672334341339941
2020-04-07,0.008755027832573245,0.008755027832573245,0.0,0.0,0.8748260869871752
2020-04-08,0.010343759558520814,0.010343759558520814,0.0,0.0,0.8838750776864921
2020-04-09,0.005830314695183364,0.005830314695183364,0.0,0.0,0.8890283475406341
2020-04-10,0.015832736602694183,0.015832736602694183,0.0,0.0,0.9031040991995735
2020-04-13,-0.007847274525466293,-0.007847274525466293,0.0,0.0,0.8960171934080805
2020-04-14,0.02072925113862239,0.02072925113862239,0.0,0.0,0.9145909588347602
2020-04-15,0.014467055764793273,0.014467055764793273,0.0,0.0,0.9278223972381984
2020-04-16,-0.012341726941065924,-0.012341726941065924,0.0,0.0,0.9163714665616793
2020-04-17,0.0033615355848921114,0.0033615355848921114,0.0,0.0,0.9194518818555062
2020-04-20,-0.002887845790250575,-0.002887845790250575,0.0,0.0,0.9167966466091518
2020-04-21,-0.028074820070512277,-0.028074820070512277,0.0,0.0,0.8910577457143508
2020-04-22,0.00014026423437944998,0.00014026423437944998,0.0,0.0,0.8911827292468414
2020-04-23,0.0026525446212407955,0.0026525446212407955,0.0,0.0,0.8935466312018479
2020-04-24,-0.0010652580207031138,-0.0010652580207031138,0.0,0.0,0.8925947734860878
2020-04-27,0.022522730107371366,0.022522730107371366,0.0,0.0,0.9126984446645653
2020-04-28,0.008327919900508587,0.008327919900508587,0.0,0.0,0.9202993242050506
2020-04-29,0.013091662485233826,0.013091662485233826,0.0,0.0,0.9323475723429318
2020-04-30,0.01661213232934433,0.01661213232934433,0.0,0.0,0.9478358535916354
2020-05-04,-0.022583939803786007,-0.022583939803786007,0.0,0.0,0.9264299857302517
2020-05-05,0.005828318752217098,0.005828318752217098,0.0,0.0,0.9318295149886995
2020-05-06,-0.00576710138063269,-0.00576710138063269,0.0,0.0,0.9264555597062938
2020-05-07,0.002448587756417382,0.002448587756417382,0.0,0.0,0.9287240674466554
2020-05-08,0.004415955330224264,0.004415955330224264,0.0,0.0,0.9328252714426041
2020-05-11,0.011116699638878442,0.011116699638878442,0.0,0.0,0.9431952098007869
2020-05-12,-0.007920909175980671,-0.007920909175980671,0.0,0.0,0.9357242462087348
2020-05-13,0.0029410911795316316,0.0029410911795316316,0.0,0.0,0.9384762965357332
2020-05-14,-0.010481005526204224,-0.010481005526204224,0.0,0.0,0.9286401212855304
2020-05-15,-0.0008297773036862113,-0.0008297773036862113,0.0,0.0,0.9278695567895954
2020-05-18,-0.00021137849351249356,-0.00021137849351249356,0.0,0.0,0.9276734251205051
2020-05-19,0.011459122165148373,0.011459122165148373,0.0,0.0,0.9383037482283225
2020-05-20,0.0018090866455379244,0.0018090866455379244,0.0,0.0,0.9400012210087006
2020-05-21,0.005830192670714045,0.005830192670714045,0.0,0.0,0.9454816092378878
2020-05-22,-0.015305238863935504,-0.015305238863935504,0.0,0.0,0.9310107873670438
2020-05-25,0.002414714861468083,0.002414714861468083,0.0,0.0,0.9332589129514861
2020-05-26,0.012391711186670533,0.012391711186670533,0.0,0.0,0.944823587863167
2020-05-27,0.0017749211563509286,0.0017749211563509286,0.0,0.0,0.9465005752382847
2020-05-28,-0.004948588604951415,-0.004948588604951415,0.0,0.0,0.9418167332770806
2020-05-29,0.0021963280103122905,0.0021963280103122905,0.0,0.0,0.9438852717489579
2020-06-01,0.009129289908874207,0.009129289908874207,0.0,0.0,0.9525022740354706
2020-06-02,0.008595930303187456,0.008595930303187456,0.0,0.0,0.9606899171967072
2020-06-03,0.01786089773804866,0.01786089773804866,0.0,0.0,0.9778487015657319
2020-06-04,0.0007699027013606718,0.0007699027013606718,0.0,0.0,0.9786015499225893
2020-06-05,0.0022554401244241694,0.0022554401244241694,0.0,0.0,0.9808087271241084
2020-06-08,0.010314492404288774,0.010314492404288774,0.0,0.0,0.9909252712900902
2020-06-09,-0.0009657444854515553,-0.0009657444854515553,0.0,0.0,0.9899682906738473
2020-06-10,0.0067899887111217486,0.0067899887111217486,0.0,0.0,0.9966901641918913
2020-06-11,-0.021310865079071022,-0.021310865079071022,0.0,0.0,0.9754498345771607
2020-06-12,-0.00987006598247757,-0.00987006598247757,0.0,0.0,0.9658220803472873
2020-06-15,-0.008219941556945118,-0.008219941556945118,0.0,0.0,0.9578830792924254
2020-06-16,0.013833924386559117,0.013833924386559117,0.0,0.0,0.9711343613825212
2020-06-17,0.003577314421117361,0.003577314421117361,0.0,0.0,0.9746084143383374
2020-06-18,-0.005427711264317564,-0.005427711264317564,0.0,0.0,0.9693185212695347
2020-06-19,-0.006558252042147187,-0.006558252042147187,0.0,0.0,0.9629614860979276
2020-06-22,0.0042859192933964365,0.0042859192933964365,0.0,0.0,0.9670886613099924
2020-06-23,0.003432696900241173,0.003432696900241173,0.0,0.0,0.9704083835599295
2020-06-24,0.0026928003001645533,0.0026928003001645533,0.0,0.0,0.9730214995464619
2020-06-29,-0.0077591086148465944,-0.0077591086148465944,0.0,0.0,0.9654717200469
2020-06-30,0.005650599025175174,0.005650599025175174,0.0,0.0,0.9709272136070312
2020-07-01,0.0047556591233951125,0.0047556591233951125,0.0,0.0,0.9755446124685739
2020-07-02,0.005157316129422819,0.005157316129422819,0.0,0.0,0.9805758044334295
2020-07-03,0.0018656746063120903,0.0018656746063120903,0.0,0.0,0.9824052398113251
2020-07-06,0.01075723360278486,0.01075723360278486,0.0,0.0,0.9929732024685753
2020-07-07,-0.003517022900842463,-0.003517022900842463,0.0,0.0,0.9894808929755705
2020-07-08,0.0011086305505394797,0.0011086305505394797,0.0,0.0,0.9905778617226982
2020-07-09,-0.0029705203579938225,-0.0029705203579938225,0.0,0.0,0.987635330018273
2020-07-10,-0.00705661914147173,-0.00705661914147173,0.0,0.0,0.9806659636436723
2020-07-13,0.005553560003422257,0.005553560003422257,0.0,0.0,0.9861121509160813
2020-07-14,-0.003552709701270784,-0.003552709701270784,0.0,0.0,0.9826087807109808
2020-07-15,0.0034534593947200304,0.0034534593947200304,0.0,0.0,0.9860021802360615
2020-07-16,-0.002303852660772694,-0.002303852660772694,0.0,0.0,0.9837305764895969
2020-07-17,-0.0035706067635201963,-0.0035706067635201963,0.0,0.0,0.9802180614397016
2020-07-20,-0.00013511574153754707,-0.00013511574153754707,0.0,0.0,0.9800856185494616
2020-07-21,0.0013715835698395516,0.0013715835698395516,0.0,0.0,0.9814298878809001
2020-07-22,0.005316302802362795,0.005316302802362795,0.0,0.0,0.986647466344164
2020-07-23,-0.005490403373131289,-0.005490403373131289,0.0,0.0,0.9812303737668565
2020-07-24,-0.012597419149498253,-0.012597419149498253,0.0,0.0,0.9688694034662966
2020-07-27,-0.01459103837527151,-0.01459103837527151,0.0,0.0,0.9547325928196934
2020-07-28,-0.006851268646396952,-0.006851268646396952,0.0,0.0,0.9481914633408145
2020-07-29,0.006123680509928875,0.006123680509928875,0.0,0.0,0.9539978849245556
2020-07-30,0.006411752586938416,0.006411752586938416,0.0,0.0,0.9601146833311545
2020-07-31,-0.006457639566050437,-0.006457639566050437,0.0,0.0,0.9539146087641293
2020-08-03,-0.008146241826969611,-0.008146241826969611,0.0,0.0,0.9461437896788575
2020-08-04,0.008830899802851223,0.008830899802851223,0.0,0.0,0.9544990906846014
2020-08-05,0.004366129248134604,0.004366129248134604,0.0,0.0,0.9586665570817572
2020-08-06,0.0073775906659306395,0.0073775906659306395,0.0,0.0,0.9657392065250233
2020-08-07,-0.008110685335400273,-0.008110685335400273,0.0,0.0,0.9579063997048397
2020-08-10,0.007675050971579567,0.007675050971579567,0.0,0.0,0.9652583801485766
2020-08-11,-0.007496364087576601,-0.007496364087576601,0.0,0.0,0.9580224518923984
2020-08-12,-0.002569669310970813,-0.002569669310970813,0.0,0.0,0.9555606509985496
2020-08-13,-0.0018121732702295508,-0.0018121732702295508,0.0,0.0,0.9538290095287268
2020-08-14,-0.0013013408828548643,-0.0013013408828548643,0.0,0.0,0.9525877528433742
2020-08-17,0.00655075071378621,0.00655075071378621,0.0,0.0,0.958827917745257
2020-08-18,-0.0001096925804686973,-0.0001096925804686973,0.0,0.0,0.9587227414367341
2020-08-19,-0.00438571032881876,-0.00438571032881876,0.0,0.0,0.9545180612071416
2020-08-20,-0.0228092548486993,-0.0228092548486993,0.0,0.0,0.9327462154913815
2020-08-21,0.01187011240663743,0.01187011240663743,0.0,0.0,0.9438180179161297
2020-08-24,-0.0027505551020334277,-0.0027505551020334277,0.0,0.0,0.9412219944515594
2020-08-25,0.005983863640311357,0.005983863640311357,0.0,0.0,0.9468541385216194
2020-08-26,0.0022687527112391585,0.0022687527112391585,0.0,0.0,0.9490023164155382
2020-08-27,-0.00278405299827716,-0.00278405299827716,0.0,0.0,0.9463602436711497
2020-08-28,0.0013925844018803043,0.0013925844018803043,0.0,0.0,0.9476781301850458
2020-08-31,-0.005259668558426477,-0.005259668558426477,0.0,0.0,0.942693657320203
2020-09-01,-0.0009311314940156314,-0.0009311314940156314,0.0,0.0,0.9418158855666635
2020-09-02,-0.0021506984631516598,-0.0021506984631516598,0.0,0.0,0.9397903235890035
2020-09-03,0.002923548610649731,0.002923548610649731,0.0,0.0,0.9425378462838343
2020-09-04,-0.004588665868964847,-0.004588665868964847,0.0,0.0,0.938212855038384
2020-09-07,0.005388142018295454,0.005388142018295454,0.0,0.0,0.9432680791447213
2020-09-08,0.00048009477325809463,0.00048009477325809463,0.0,0.0,0.9437209372193
2020-09-09,-0.0020444257661995464,-0.0020444257661995464,0.0,0.0,0.9417915698191468
2020-09-10,0.004231960995280175,0.004231960995280175,0.0,0.0,0.945777195008305
2020-09-11,-0.00033230624308629484,-0.00033230624308629484,0.0,0.0,0.9454629073418351
2020-09-14,0.0003100683738331504,0.0003100683738331504,0.0,0.0,0.9457560654880341
2020-09-15,0.00018565688526583763,0.00018565688526583763,0.0,0.0,0.9459316516133739
2020-09-16,0.000992250622415011,0.000992250622415011,0.0,0.0,0.9468702528834493
2020-09-17,-0.0048934353427988065,-0.0048934353427988065,0.0,0.0,0.9422368045229446
2020-09-18,3.7334359100897725e-05,3.7334359100897725e-05,0.0,0.0,0.9422719823301627
2020-09-21,-0.006547005175751413,-0.006547005175751413,0.0,0.0,0.9361029227848816
2020-09-22,-0.010996792097415798,-0.010996792097415798,0.0,0.0,0.925808793561233
2020-09-23,-0.006241803211710951,-0.006241803211710951,0.0,0.0,0.9200300772601523
2020-09-24,-0.025264782777660325,-0.025264782777660325,0.0,0.0,0.8967857172092605
2020-09-25,0.006182597019863109,0.006182597019863109,0.0,0.0,0.9023301819119341
2020-09-28,0.016714944428710698,0.016714944428710698,0.0,0.0,0.9174125807589405
2020-09-29,0.0005298115031192506,0.0005298115031192506,0.0,0.0,0.9178986364973328
2020-09-30,-0.0007127954732271314,-0.0007127954732271314,0.0,0.0,0.9172443625043561
2020-10-05,0.001258841444832971,0.001258841444832971,0.0,0.0,0.9183990277229159
2020-10-06,0.01173563453510669,0.01173563453510669,0.0,0.0,0.9291770230696694
2020-10-07,-0.005393458657000025,-0.005393458657000025,0.0,0.0,0.9241655452107088
2020-10-08,0.0030589223006097766,0.0030589223006097766,0.0,0.0,0.926992495806409
2020-10-12,-0.001496517681029263,-0.001496517681029263,0.0,0.0,0.9256052351462533
2020-10-13,-0.0026105371812710255,-0.0026105371812710255,0.0,0.0,0.9231889082647249
2020-10-14,-0.00053429940858861,-0.00053429940858861,0.0,0.0,0.9226956489770235
2020-10-15,-0.005676854340283069,-0.005676854340283069,0.0,0.0,0.917457640177368
2020-10-16,-0.00407775840417643,-0.00407775840417643,0.0,0.0,0.9137164695746588
2020-10-19,0.003728775921464884,0.003728775921464884,0.0,0.0,0.9171235135454546
2020-10-20,-0.00021032289119052107,-0.00021032289119052107,0.0,0.0,0.916930621476507
2020-10-21,-0.0023788180008549927,-0.0023788180008549927,0.0,0.0,0.9147494104086035
2020-10-22,0.006574917541763052,0.006574917541763052,0.0,0.0,0.9207638123534164
2020-10-23,0.0002173932040098147,0.0002173932040098147,0.0,0.0,0.9209639801487202
2020-10-26,0.006145641857369016,0.006145641857369016,0.0,0.0,0.9266238949342513
2020-10-27,-0.002475118816156991,-0.002475118816156991,0.0,0.0,0.9243303906963989
2020-10-28,-0.002377744279493127,-0.002377744279493127,0.0,0.0,0.9221325693975589
2020-10-29,-0.00914800482817186,-0.00914800482817186,0.0,0.0,0.9136968962004955
2020-10-30,-0.0049283854035610634,-0.0049283854035610634,0.0,0.0,0.909193845753982
2020-11-02,0.01070092618920574,0.01070092618920574,0.0,0.0,0.9189230619890755
2020-11-03,0.007428580299327933,0.007428580299327933,0.0,0.0,0.9257493557439656
2020-11-04,-0.0005675109380066818,-0.0005675109380066818,0.0,0.0,0.9252239828587282
2020-11-05,0.005501717731028324,0.005501717731028324,0.0,0.0,0.9303143040503947
2020-11-06,0.0037840605236268052,0.0037840605236268052,0.0,0.0,0.9338346696829172
2020-11-09,0.0070081129498622535,0.0070081129498622535,0.0,0.0,0.9403790885245523
2020-11-10,0.009975946920474453,0.009975946920474453,0.0,0.0,0.9497602603967975
2020-11-11,0.018479624834145114,0.018479624834145114,0.0,0.0,0.9673114736913102
2020-11-12,-0.009353668051404538,-0.009353668051404538,0.0,0.0,0.9582635632640867
2020-11-13,0.00020110325386082733,0.00020110325386082733,0.0,0.0,0.9584562731847155
2020-11-16,0.007771431351359574,0.007771431351359574,0.0,0.0,0.9659048503150504
2020-11-17,0.0017066047165762229,0.0017066047165762229,0.0,0.0,0.9675532680883617
2020-11-18,0.0053275616703387235,0.0053275616703387235,0.0,0.0,0.9727079677934403
2020-11-19,-0.0031657386909373607,-0.0031657386909373607,0.0,0.0,0.9696286285448135
2020-11-20,-0.0021924458242785763,-0.0021924458242785763,0.0,0.0,0.9675027703070594
2020-11-23,0.007450178526430715,0.007450178526430715,0.0,0.0,0.9747108386706633
2020-11-24,-0.0049526491225703245,-0.0049526491225703245,0.0,0.0,0.9698834378907613
2020-11-25,0.001353764130702696,0.001353764130702696,0.0,0.0,0.9711964312999404
2020-11-26,0.003593606660976508,0.003593606660976508,0.0,0.0,0.9746865292645764
2020-11-27,-0.0012467897750513901,-0.0012467897750513901,0.0,0.0,0.973471300066009
2020-11-30,-0.003000960657354015,-0.003000960657354015,0.0,0.0,0.9705499509934477
2020-12-01,0.006905518768577272,0.006905518768577272,0.0,0.0,0.9772521018958747
2020-12-02,0.001299579317991495,0.001299579317991495,0.0,0.0,0.9785221185159624
2020-12-03,-0.0007452814040331618,-0.0007452814040331618,0.0,0.0,0.9777928441775973
2020-12-04,0.009936492740746915,0.009936492740746915,0.0,0.0,0.9875086756757221
2020-12-07,0.0010110648836285578,0.0010110648836285578,0.0,0.0,0.9885071110199763
2020-12-08,-0.007976409643180521,-0.007976409643180521,0.0,0.0,0.9806223733672842
2020-12-09,4.673777304715351e-05,4.673777304715351e-05,0.0,0.0,0.9806682054732155
2020-12-10,0.00044164850842454264,0.00044164850842454264,0.0,0.0,0.9811013161234222
2020-12-11,0.005750582673392608,0.005750582673392608,0.0,0.0,0.9867432203527642
2020-12-14,0.0005070286247467091,0.0005070286247467091,0.0,0.0,0.9872435274107577
2020-12-15,-0.008293225660460177,-0.008293225660460177,0.0,0.0,0.9790560940561116
2020-12-16,0.012967755874359308,0.012967755874359308,0.0,0.0,0.991752254471135
2020-12-17,-0.001401780566140552,-0.001401780566140552,0.0,0.0,0.9903620354343913
2020-12-18,-0.005541188123873906,-0.005541188123873906,0.0,0.0,0.9848742530853066
2020-12-21,0.00822679340353458,0.00822679340353458,0.0,0.0,0.9929766100938998
2020-12-22,-0.00888527023914081,-0.00888527023914081,0.0,0.0,0.9841537445720696
2020-12-23,-0.0006325599966154464,-0.0006325599966154464,0.0,0.0,0.983531208282734
2020-12-24,0.004202867637371665,0.004202867637371665,0.0,0.0,0.9876648597683706
2020-12-25,0.0044773423290874305,0.0044773423290874305,0.0,0.0,0.9920869734519636
2020-12-28,0.00606746573550798,0.00606746573550798,0.0,0.0,0.9981064271700272
2020-12-29,0.000796963846433464,0.000796963846433464,0.0,0.0,0.9989018819073747
2020-12-30,0.014731980665602766,0.014731980665602766,0.0,0.0,1.0136176851184684
2020-12-31,-0.0038535026599991057,-0.0038535026599991057,0.0,0.0,1.0097117066726422
2021-01-04,-0.0009633042581750307,-0.0009633042581750307,0.0,0.0,1.0087390470860753
2021-01-05,0.004784034241845007,0.004784034241845007,0.0,0.0,1.0135648892284213
2021-01-06,-0.008383570139964172,-0.008383570139964172,0.0,0.0,1.0050675968881697
2021-01-07,0.005794791443049223,0.005794791443049223,0.0,0.0,1.0108917539983033
2021-01-08,0.010921347386903958,0.010921347386903958,0.0,0.0,1.0219320540142753
2021-01-11,0.00593445634057542,0.00593445634057542,0.0,0.0,1.0279966651718577
2021-01-12,-0.010542318307223074,-0.010542318307223074,0.0,0.0,1.0171591971088523
2021-01-13,0.00867242795838919,0.00867242795838919,0.0,0.0,1.0259804369679917
2021-01-14,0.0009295701401075382,0.0009295701401075382,0.0,0.0,1.0269341577465316
2021-01-15,-0.010942279133557416,-0.010942279133557416,0.0,0.0,1.0156971575406843
2021-01-18,-0.006232244542113717,-0.006232244542113717,0.0,0.0,1.0093670844741611
2021-01-19,0.0004132076179059477,0.0004132076179059477,0.0,0.0,1.0097841626427293
2021-01-20,-0.023075583721817422,-0.023075583721817422,0.0,0.0,0.9864828036567017
2021-01-21,0.0035093770834207236,0.0035093770834207236,0.0,0.0,0.9899447438010431
2021-01-22,0.0007744519504352178,0.0007744519504352178,0.0,0.0,0.9907114084387029
2021-01-25,0.010571663656552915,0.010571663656552915,0.0,0.0,1.0011848762294266
2021-01-26,-0.006612727485498784,-0.006612727485498784,0.0,0.0,0.9945643134803186
2021-01-27,0.00019707790797799144,0.00019707790797799144,0.0,0.0,0.9947603201345689
2021-01-28,-0.0068668301086178204,-0.0068668301086178204,0.0,0.0,0.9879294700174106
2021-01-29,-0.014590813471357676,-0.014590813471357676,0.0,0.0,0.9735147753975293
2021-02-01,0.009010597478246151,0.009010597478246151,0.0,0.0,0.9822867251777616
2021-02-02,0.009216691176746448,0.009216691176746448,0.0,0.0,0.9913401585707426
2021-02-03,0.00347192975810404,0.00347192975810404,0.0,0.0,0.9947820219676881
2021-02-04,-0.004057315658190136,-0.004057315658190136,0.0,0.0,0.9907458772934725
2021-02-05,0.0033644979360780447,0.0033644979360780447,0.0,0.0,0.9940792397528042
2021-02-17,0.015573255177156669,0.015573255177156669,0.0,0.0,1.0095602894197884
2021-02-18,0.004670657025182135,0.004670657025182135,0.0,0.0,1.014275599277912
2021-02-19,-0.0005173624792092408,-0.0005173624792092408,0.0,0.0,1.013750851139268
2021-02-22,0.003705687485936457,0.003705687485936457,0.0,0.0,1.0175074949821923
2021-02-23,0.013650085362656524,0.013650085362656524,0.0,0.0,1.0313965591458418
2021-02-24,-0.00044833003041520804,-0.00044833003041520804,0.0,0.0,1.0309341530951097
2021-02-25,0.01596771005753315,0.01596771005753315,0.0,0.0,1.0473958107401409
2021-02-26,-0.018933723609288293,-0.018933723609288293,0.0,0.0,1.0275647079500607
2021-03-02,-0.0006374549606549883,-0.0006374549606549883,0.0,0.0,1.026909681729584
2021-03-03,0.011884281453492185,0.011884281453492185,0.0,0.0,1.0391137654145746
2021-03-04,-0.005611900521783428,-0.005611900521783428,0.0,0.0,1.0332823623322522
2021-03-05,-0.0015850657947431423,-0.0015850657947431423,0.0,0.0,1.031644541803408
2021-03-08,0.0012340883523942491,0.0012340883523942491,0.0,0.0,1.0329176823162587
2021-03-09,0.015182311577595147,0.015182311577595147,0.0,0.0,1.0485997604031916
2021-03-10,0.005165439970662716,0.005165439970662716,0.0,0.0,1.0540162395188055
2021-03-11,0.0049599723978350375,0.0049599723978350375,0.0,0.0,1.0592441309736886
2021-03-12,0.003908621450939295,0.003908621450939295,0.0,0.0,1.063384315305794
2021-03-15,0.0038249873974695496,0.0038249873974695496,0.0,0.0,1.0674517469105056
2021-03-16,0.004044205310645586,0.004044205310645586,0.0,0.0,1.071768740934219
2021-03-17,-0.003218993833112919,-0.003218993833112919,0.0,0.0,1.0683187239666285
2021-03-18,0.004100570391023524,0.0037571400417140068,0.4906147847278815,0.00034343034930951706,1.0723325470217564
2021-03-19,-0.009060336053529947,-0.009060336053529947,0.0,0.0,1.0626168537846015
2021-03-22,0.00873218157176524,0.00873218157176524,0.0,0.0,1.0718958170930664
2021-03-23,0.00299380960736674,0.00299380960736674,0.0,0.0,1.0751048690883758
2021-03-24,0.002038158199551011,0.002038158199551011,0.0,0.0,1.0772961028926855
2021-03-25,0.005466338930615238,0.005466338930615238,0.0,0.0,1.083184968519728
2021-03-26,0.0035293303767168754,0.0035293303767168754,0.0,0.0,1.0870078861327275
2021-03-29,0.013179041472062582,0.013179041472062582,0.0,0.0,1.1013336081445297
2021-03-30,0.005776812562676819,0.005776812562676819,0.0,0.0,1.1076958059677573
2021-03-31,-0.0005584074248660721,-0.0005584074248660721,0.0,0.0,1.107077260405212
2021-04-01,-0.0018988527928175578,-0.0018988527928175578,0.0,0.0,1.1049750836574268
2021-04-06,0.002123482371369197,0.002123482371369197,0.0,0.0,1.1073214787683756
2021-04-07,0.005489876763297117,0.005489876763297117,0.0,0.0,1.113400537224166
2021-04-08,-0.002586699147072794,-0.002586699147072794,0.0,0.0,1.110520505004178
2021-04-09,-0.0016557991993326293,-0.0016557991993326293,0.0,0.0,1.1086817060411496
2021-04-12,0.011270260191245947,0.011270260191245947,0.0,0.0,1.1211768373375077
2021-04-13,-0.0032530897273263647,-0.0032530897273263647,0.0,0.0,1.1175295484854488
2021-04-14,-0.001714212802092681,-0.001714212802092681,0.0,0.0,1.1156138650267182
2021-04-15,0.010174860416747516,0.010174860416747516,0.0,0.0,1.1269650803823532
2021-04-16,0.008997635090109894,0.008997635090109894,0.0,0.0,1.13710510093493
2021-04-19,0.019498899536415717,0.019498899536415717,0.0,0.0,1.1592773990604062
2021-04-20,0.003632480211205496,0.003632480211205496,0.0,0.0,1.163488451271791
2021-04-21,-0.001090932898384805,-0.001090932898384805,0.0,0.0,1.1622191634434078
2021-04-22,-0.003439891349436269,-0.003439891349436269,0.0,0.0,1.1582212557969298
2021-04-23,-0.0003254657391328804,-0.0003254657391328804,0.0,0.0,1.1578442944598324
2021-04-26,0.014999330351002094,0.014999330351002094,0.0,0.0,1.1752111835274583
2021-04-27,0.000359132990379955,0.000359132990379955,0.0,0.0,1.1756332406341266
2021-04-28,0.0011782162035994497,0.0011782162035994497,0.0,0.0,1.1770183907677316
2021-04-29,-0.004505004955994572,-0.004505004955994572,0.0,0.0,1.1717159170840261
2021-05-03,-0.01028453954992794,-0.01028453954992794,0.0,0.0,1.1596653583934955
2021-05-04,-0.019175452738254523,-0.019175452738254523,0.0,0.0,1.1374282501214301
2021-05-05,0.0042733844511575894,0.0042733844511575894,0.0,0.0,1.1422889183198064
2021-05-06,0.009131927665074927,0.009131927665074927,0.0,0.0,1.1527202180945195
2021-05-07,0.010318673337775966,0.010318673337775966,0.0,0.0,1.1646147614748867
2021-05-10,0.01100454039482348,0.01100454039482348,0.0,0.0,1.177430811661945
2021-05-11,-0.02545016476059942,-0.02545016476059942,0.0,0.0,1.1474650035109422
2021-05-12,-0.0433146342809927,-0.0433146342809927,0.0,0.0,1.0977629765336276
2021-05-13,-0.007442951263712058,-0.007442951263712058,0.0,0.0,1.0895923802001803
2021-05-14,0.010470805208733459,0.010470805208733459,0.0,0.0,1.1010012897701766
2021-05-17,-0.035101427711499086,-0.035101427711499086,0.0,0.0,1.0623545725870416
2021-05-18,0.04230407575978637,0.04230407575978637,0.0,0.0,1.1072965009095193
2021-05-19,-0.0005143539522254044,-0.0005143539522254044,0.0,0.0,1.106726958577991
2021-05-20,-0.0043656743298775965,-0.0043656743298775965,0.0,0.0,1.1018953491047436
2021-05-21,0.011298371206436961,0.011298371206436961,0.0,0.0,1.1143449717895755
2021-05-24,7.350432478417688e-05,7.350432478417688e-05,0.0,0.0,1.1144268809643034
2021-05-25,0.008595783354706676,0.008595783354706676,0.0,0.0,1.124006252997734
2021-05-26,0.0008163319767320043,0.0008163319767320043,0.0,0.0,1.1249238152441028
2021-05-27,-0.005234138918930338,-0.005234138918930338,0.0,0.0,1.119035807721902
2021-05-28,0.012051585141823489,0.012051585141823489,0.0,0.0,1.1325219630354117
2021-05-31,0.009708086707899006,0.009708086707899006,0.0,0.0,1.1435165844511594
2021-06-01,0.005492731516361403,0.005492731516361403,0.0,0.0,1.1497976140340562
2021-06-02,0.0026991394329845373,0.0026991394329845373,0.0,0.0,1.152901078114047
2021-06-03,0.001278611366114478,0.001278611366114478,0.0,0.0,1.1543751905365291
2021-06-04,-0.0035878549104472602,-0.0035878549104472602,0.0,0.0,1.1502334598406643
2021-06-07,-0.0042213987260228784,-0.0042213987260228784,0.0,0.0,1.145377865778664
2021-06-08,0.0012786636761289655,0.0012786636761289655,0.0,0.0,1.1468424188510773
2021-06-09,-0.00748436658378029,-0.00748436658378029,0.0,0.0,1.1382590297745665
2021-06-10,0.002642724448068377,0.002642724448068377,0.0,0.0,1.1412671347407863
2021-06-11,0.001437674039105937,0.001437674039105937,0.0,0.0,1.142907904872088
2021-06-15,-0.0024310348248706066,-0.0024310348248706066,0.0,0.0,1.140129455953724
2021-06-16,-0.0014953059479600305,-0.0014953059479600305,0.0,0.0,1.1384246135967921
2021-06-17,0.0021771357850499684,0.0021771357850499684,0.0,0.0,1.1409031185616354
2021-06-18,-0.007041833697479663,-0.007041833697479663,0.0,0.0,1.1328690685357885
2021-06-21,-0.006561467187860241,-0.006561467187860241,0.0,0.0,1.1254357853144492
2021-06-22,0.00368458503734978,0.00368458503734978,0.0,0.0,1.1295825491695168
2021-06-23,0.011203787744818873,0.011203787744818873,0.0,0.0,1.1422381522906635
2021-06-24,0.0023692988044861853,0.0023692988044861853,0.0,0.0,1.1449444557793242
2021-06-25,0.005181134739555666,0.005181134739555666,0.0,0.0,1.1508765672740242
2021-06-28,0.0033153992373239865,0.0033153992373239865,0.0,0.0,1.1546921825674186
2021-06-29,-0.005650831372997703,-0.005650831372997703,0.0,0.0,1.1481672117560113
2021-06-30,0.004536948115765173,0.004536948115765173,0.0,0.0,1.153376386823971
2021-07-01,-0.003689033002403737,-0.003689033002403737,0.0,0.0,1.1491215432687842
2021-07-02,0.00030483311964371975,0.00030483311964371975,0.0,0.0,1.1494718335736687
2021-07-05,0.00968779184735774,0.00968779184735774,0.0,0.0,1.1606076774317309
2021-07-06,0.001857019629128341,0.001857019629128341,0.0,0.0,1.1627629486704387
2021-07-07,-0.0011957017305939009,-0.0011957017305939009,0.0,0.0,1.161372631000443
2021-07-08,0.006408031431310884,0.006408031431310884,0.0,0.0,1.168814743323358
2021-07-09,-0.0023721274218862142,-0.0023721274218862142,0.0,0.0,1.1660421658196158
2021-07-12,0.0031574324306423754,0.0031574324306423754,0.0,0.0,1.1697238651694712
2021-07-13,0.0018603422894203309,0.0018603422894203309,0.0,0.0,1.1718999519427902
2021-07-14,-0.0012782139902063555,-0.0012782139902063555,0.0,0.0,1.1704020130290949
2021-07-15,0.004410381653462367,0.004410381653462367,0.0,0.0,1.175563932594534
2021-07-16,0.009076588457675637,0.009076588457675637,0.0,0.0,1.186234042616381
2021-07-19,-0.0015066539335019241,-0.0015066539335019241,0.0,0.0,1.1844467984300193
2021-07-20,-0.012304264390275816,-0.012304264390275816,0.0,0.0,1.1698730518659206
2021-07-21,-0.00198647489097411,-0.00198647489097411,0.0,0.0,1.1675491284227617
2021-07-22,0.007611720499272709,0.007611720499272709,0.0,0.0,1.1764361860574852
2021-07-23,0.001999069786282101,0.001999069786282101,0.0,0.0,1.1787879640925218
2021-07-26,-0.007074275767140811,-0.007074275767140811,0.0,0.0,1.1704488929635448
2021-07-27,-0.006711895440051507,-0.006711895440051507,0.0,0.0,1.1625929623760496
2021-07-28,-0.005087377659755989,-0.005087377659755989,0.0,0.0,1.1566784129118681
2021-07-29,0.004990173610141934,0.004990173610141934,0.0,0.0,1.1624504390034016
2021-07-30,-0.006505123580084369,-0.006505123580084369,0.0,0.0,1.1548885552419612
2021-08-02,0.010645873583606765,0.010645873583606765,0.0,0.0,1.1671833528042215
2021-08-03,0.0012573453126157336,0.0012573453126157336,0.0,0.0,1.168650905321833
2021-08-04,0.004412434880546072,0.004412434880546072,0.0,0.0,1.173807501339657
2021-08-05,0.0017805503521907506,0.0017805503521907506,0.0,0.0,1.1758975246995715
2021-08-06,-0.002020430214281818,-0.002020430214281818,0.0,0.0,1.1735217058117693
2021-08-09,-0.004299324670924316,-0.004299324670924316,0.0,0.0,1.1684763549901076
2021-08-10,-0.004876361484283498,-0.004876361484283498,0.0,0.0,1.162778441897338
2021-08-11,-0.002205729626070319,-0.002205729626070319,0.0,0.0,1.1602136670394891
2021-08-12,-0.004799061451305609,-0.004799061451305609,0.0,0.0,1.154645730354722
2021-08-13,-0.005006031196612555,-0.005006031196612555,0.0,0.0,1.1488655378075308
2021-08-16,-0.012374824705094399,-0.012374824705094399,0.0,0.0,1.1346485281674386
2021-08-17,0.001683386863939395,0.001683386863939395,0.0,0.0,1.1365585805949439
2021-08-18,0.005885011930422283,0.005885011930422283,0.0,0.0,1.143247241401369
2021-08-19,-0.014903767417903353,-0.014903767417903353,0.0,0.0,1.1262085504143635
2021-08-20,-0.0021037955082052234,-0.0021037955082052234,0.0,0.0,1.1238392379246993
2021-08-23,0.005914906852865772,0.005914906852865772,0.0,0.0,1.1304866423346194
2021-08-24,0.007328926247008549,0.007328926247008549,0.0,0.0,1.1387718955595183
2021-08-25,0.0021765348454847325,0.0021765348454847325,0.0,0.0,1.1412504722712622
2021-08-26,-0.0028052626446988652,-0.0028052626446988652,0.0,0.0,1.1380489649531547
2021-08-27,0.014009040329580573,0.014009040329580573,0.0,0.0,1.1539919388002207
2021-08-30,0.013605023749505802,0.013605023749505802,0.0,0.0,1.1696920265343358
2021-08-31,0.0013516247141365997,0.0013516247141365997,0.0,0.0,1.171273011185328
2021-09-01,-0.006351063006148042,-0.006351063006148042,0.0,0.0,1.1638341824938891
2021-09-02,-0.009523272539588599,-0.009523272539588599,0.0,0.0,1.1527506723831105
2021-09-03,0.008197576743485962,0.008197576743485962,0.0,0.0,1.162200434486076
2021-09-06,-0.006568126267384023,-0.006568126267384023,0.0,0.0,1.1545669552843627
2021-09-07,-0.0022969452127247687,-0.0022969452127247687,0.0,0.0,1.1519149782436522
2021-09-08,-0.005359104467420248,-0.005359104467420248,0.0,0.0,1.1457417455376584
2021-09-09,-0.0015111686147974653,-0.0015111686147974653,0.0,0.0,1.1440103365711385
2021-09-10,0.007501807245492864,0.007501807245492864,0.0,0.0,1.1525924816029467
2021-09-13,0.0044197855269396125,0.0044197855269396125,0.0,0.0,1.1576866931715948
2021-09-14,0.0023165047038335917,0.0023165047038335917,0.0,0.0,1.1603684798418923
2021-09-15,0.00020734329590107634,0.00020734329590107634,0.0,0.0,1.1606090744669624
2021-09-16,0.00010539919288363331,0.00010539919288363331,0.0,0.0,1.1607314017266646
2021-09-17,-0.004351033108025175,-0.004351033108025175,0.0,0.0,1.1556810209682273
2021-09-22,-0.0122624371705998,-0.0122624371705998,0.0,0.0,1.1415095550593497
2021-09-23,0.006547646894837684,0.006547646894837684,0.0,0.0,1.1489837565529617
2021-09-24,0.0034152882826695755,0.0034152882826695755,0.0,0.0,1.1529078673136948
2021-09-27,0.0031273845026947313,0.0031273845026947313,0.0,0.0,1.1565134535109665
2021-09-28,-0.0012758443714748907,-0.0012758443714748907,0.0,0.0,1.1550379223307696
2021-09-29,-0.006888547518058053,-0.006888547518058053,0.0,0.0,1.1470813887176352
2021-09-30,0.0017993322797074842,0.0017993322797074842,0.0,0.0,1.1491453692878064
2021-10-01,-0.012652584462383308,-0.012652584462383308,0.0,0.0,1.1346057104433358
2021-10-04,-0.0021877046111948924,-0.0021877046111948924,0.0,0.0,1.1321235282987108
2021-10-05,0.002124618546718908,0.002124618546718908,0.0,0.0,1.1345288589441112
2021-10-06,0.002309489679106341,0.002309489679106341,0.0,0.0,1.1371490416344907
2021-10-07,0.008937157402375018,0.008937157402375018,0.0,0.0,1.1473119216095382
2021-10-08,-0.0015795781111716362,-0.0015795781111716362,0.0,0.0,1.1454996528114776
2021-10-12,-0.003841749896092935,-0.003841749896092935,0.0,0.0,1.1410989296393146
2021-10-13,-0.0018379463851914421,-0.0018379463851914421,0.0,0.0,1.1390016509864382
2021-10-14,-0.002514160433048233,-0.002514160433048233,0.0,0.0,1.1361380181023515
2021-10-15,0.008888198505328734,0.008888198505328734,0.0,0.0,1.1462362383366957
2021-10-18,0.0028364422859059758,0.0028364422859059758,0.0,0.0,1.1494874712727516
2021-10-19,0.0018333541324057428,0.0018333541324057428,0.0,0.0,1.1515948888783583
2021-10-20,-0.00014187845658513066,-0.00014187845658513066,0.0,0.0,1.151431502372913
2021-10-21,0.0006504961096538645,0.0006504961096538645,0.0,0.0,1.1521805040857394
2021-10-22,0.0001854907914718978,0.0001854907914718978,0.0,0.0,1.1523942229593607
2021-10-25,0.0019385716214544322,0.0019385716214544322,0.0,0.0,1.1546282216967176
2021-10-26,0.005735426611351813,0.005735426611351813,0.0,0.0,1.161250507125655
2021-10-27,0.0008089313006048089,0.0008089313006048089,0.0,0.0,1.162189879008712
2021-10-28,0.0010306925325476294,0.0010306925325476294,0.0,0.0,1.1633877394384087
2021-10-29,-0.0031798816641627945,-0.0031798816641627945,0.0,0.0,1.1596883040974566
2021-11-01,0.0005814396371081924,0.0005814396371081924,0.0,0.0,1.1603625928441497
2021-11-02,-0.0010304105531571766,-0.0010304105531571766,0.0,0.0,1.1591669429829943
2021-11-03,0.0045595791641031055,0.0045595791641031055,0.0,0.0,1.1644522564239366
2021-11-04,4.920257613434545e-06,4.920257613434545e-06,0.0,0.0,1.1644579858290167
2021-11-05,0.0038420542939815614,0.0038420542939815614,0.0,0.0,1.1689318966336324
2021-11-08,0.003871553689705471,0.003871553689705471,0.0,0.0,1.1734574792310586
2021-11-09,0.00039707040126831894,0.00039707040126831894,0.0,0.0,1.1739234244632082
2021-11-10,0.0025236870026227073,0.0025236870026227073,0.0,0.0,1.1768860397516003
2021-11-11,0.0011254837435452475,0.0011254837435452475,0.0,0.0,1.178210605857346
2021-11-12,0.007898041128116389,0.007898041128116389,0.0,0.0,1.1875161616799903
2021-11-15,0.004211048673512516,0.004211048673512516,0.0,0.0,1.1925168500374075
2021-11-16,0.0016034495809338438,0.0016034495809338438,0.0,0.0,1.1944289906808565
2021-11-17,0.012299913468636637,0.012299913468636637,0.0,0.0,1.209120363910662
2021-11-18,0.0070534524918070335,0.0070534524918070335,0.0,0.0,1.2176488369543823
2021-11-19,-0.00976887491488714,-0.00976887491488714,0.0,0.0,1.2057537777759173
2021-11-22,-0.0020668959598882275,-0.0020668959598882275,0.0,0.0,1.2032616101640123
2021-11-23,-0.003623189454663375,-0.003623189454663375,0.0,0.0,1.1989019653868649
2021-11-24,0.005800303819188493,0.005800303819188493,0.0,0.0,1.2058559610355308
2021-11-25,0.0002503913026118253,0.0002503913026118253,0.0,0.0,1.2061578968803766
2021-11-26,-0.015382481159122975,-0.015382481159122975,0.0,0.0,1.1876041957566867
2021-11-29,-0.005880433942979123,-0.005880433942979123,0.0,0.0,1.1806205677331347
2021-11-30,-0.000667008083505518,-0.000667008083505518,0.0,0.0,1.179833084270904
2021-12-01,0.01046255243928705,0.01046255243928705,0.0,0.0,1.192177149784694
2021-12-02,-0.0006054283774001613,-0.0006054283774001613,0.0,0.0,1.1914553719073262
2021-12-03,0.003593071662237331,0.003593071662237331,0.0,0.0,1.195736356440947
2021-12-06,0.005303224192583887,0.005303224192583887,0.0,0.0,1.2020776144143765
2021-12-07,0.0073851038906870645,0.0073851038906870645,0.0,0.0,1.210955082481496
2021-12-08,0.0014803537022521683,0.0014803537022521683,0.0,0.0,1.2127477243211084
2021-12-09,0.0044029043994201315,0.0044029043994201315,0.0,0.0,1.2180873366119085
2021-12-10,-0.0008563007470055827,-0.0008563007470055827,0.0,0.0,1.2170442875156497
2021-12-13,-0.003637636740571409,-0.003637636740571409,0.0,0.0,1.2126171225004803
2021-12-14,-0.006664788091466105,-0.006664788091466105,0.0,0.0,1.2045352863429313
2021-12-15,0.0001988749800162715,0.0001988749800162715,0.0,0.0,1.2047748382739318
2021-12-16,0.00410202105166097,0.00410202105166097,0.0,0.0,1.2097168500230429
2021-12-17,0.004945512351637405,0.004945512351637405,0.0,0.0,1.2156995196468157
2021-12-20,-0.006048362028771448,-0.006048362028771448,0.0,0.0,1.2083465288337882
2021-12-21,0.005462037655318702,0.005462037655318702,0.0,0.0,1.214946563074952
2021-12-22,0.000150300934214898,0.000150300934214898,0.0,0.0,1.2151291706784035
2021-12-23,0.004260118827225391,0.004260118827225391,0.0,0.0,1.2203057653359213
2021-12-24,0.0018622871388007953,0.0018622871388007953,0.0,0.0,1.2225783250681108
2021-12-27,0.002328742457293387,0.002328742457293387,0.0,0.0,1.2254253951210634
2021-12-28,0.005977773743052648,0.005977773743052648,0.0,0.0,1.232750710872088
2021-12-29,0.005782038326755009,0.005782038326755009,0.0,0.0,1.2398785227296851
2021-12-30,-0.0016515394472739172,-0.0016515394472739172,0.0,0.0,1.2378308144395693
2022-01-03,-0.00514247396197026,-0.00514247396197026,0.0,0.0,1.2314653017069894
2022-01-04,0.001652993005398512,0.001652993005398512,0.0,0.0,1.2335009052371022
2022-01-05,0.002995115846094729,0.002995115846094729,0.0,0.0,1.2371953833445501
2022-01-06,0.002861039935972829,0.002861039935972829,0.0,0.0,1.2407350487449
2022-01-07,0.0008055293304227273,0.0008055293304227273,0.0,0.0,1.2417344972179476
2022-01-10,0.0044238562540328315,0.0044238562540328315,0.0,0.0,1.2472277521393136
2022-01-11,0.011505953618177606,0.011505953618177606,0.0,0.0,1.2615782968067324
2022-01-12,0.0029617841900497367,0.0029617841900497367,0.0,0.0,1.2653148194607244
2022-01-13,0.012856362725741291,0.012856362725741291,0.0,0.0,1.2815821657419673
2022-01-14,-0.006672256607510234,-0.006672256607510234,0.0,0.0,1.273031120668528
2022-01-17,-0.0023929209789603847,-0.0023929209789603847,0.0,0.0,1.2699848577930108
2022-01-18,0.004684894435009866,0.004684894435009866,0.0,0.0,1.2759346027858323
2022-01-19,-0.004210378718111021,-0.004210378718111021,0.0,0.0,1.2705624348885614
2022-01-20,-0.0006929506093124125,-0.0006929506093124125,0.0,0.0,1.269681997875136
2022-01-21,-0.011680658892410996,-0.011680658892410996,0.0,0.0,1.2548512755561216
2022-01-24,-0.002948538968680032,-0.002948538968680032,0.0,0.0,1.2511512976702466
2022-01-25,-0.0078513005540167,-0.0078513005540167,0.0,0.0,1.2413281327936894
2022-01-26,0.0019397612487164761,0.0019397612487164761,0.0,0.0,1.243736013002624
2022-02-07,0.021640969401649893,0.021640969401649893,0.0,0.0,1.270651666003744
2022-02-08,0.00917037860504545,0.00917037860504545,0.0,0.0,1.28230402285613
2022-02-09,0.00796465589939878,0.00796465589939878,0.0,0.0,1.292517133156594
2022-02-10,0.002870500656733582,0.002870500656733582,0.0,0.0,1.2962273044361592
2022-02-11,-0.002175416360590926,-0.002175416360590926,0.0,0.0,1.293407470351044
2022-02-14,-0.009228799742826517,-0.009228799742826517,0.0,0.0,1.2814708718212984
2022-02-15,-0.003741589489514169,-0.003741589489514169,0.0,0.0,1.2766761338761732
2022-02-16,0.008112478999063533,0.008112478999063533,0.0,0.0,1.2870331422008494
2022-02-17,0.003629217680824969,0.003629217680824969,0.0,0.0,1.2917040656363326
2022-02-18,0.00037818120622832565,0.00037818120622832565,0.0,0.0,1.2921925638379648
2022-02-21,0.003367494856614954,0.003367494856614954,0.0,0.0,1.296544015650445
2022-02-22,-0.008247477874068473,-0.008247477874068473,0.0,0.0,1.2858507975686122
2022-02-23,0.004082693001318024,0.004082693001318024,0.0,0.0,1.2911005316205848
2022-02-24,-0.01661211458416949,-0.01661211458416949,0.0,0.0,1.2696526216496216
2022-02-25,-0.0017610357035001789,-0.0017610357035001789,0.0,0.0,1.267416718051854
2022-03-01,0.011753871752265785,0.011753871752265785,0.0,0.0,1.2823137716125133
2022-03-02,0.002104780212408404,0.002104780212408404,0.0,0.0,1.285012760265102
2022-03-03,0.0018969944820194983,0.0018969944820194983,0.0,0.0,1.2874504223806496
2022-03-04,-0.009232995608212481,-0.009232995608212481,0.0,0.0,1.2755633982850179
2022-03-07,-0.022106555573324155,-0.022106555573324155,0.0,0.0,1.2473650851335318
2022-03-08,-0.012612272267209028,-0.012612272267209028,0.0,0.0,1.2316329770632173
2022-03-09,0.004273987295170485,0.004273987295170485,0.0,0.0,1.2368969607594984
2022-03-10,0.02260639613082149,0.02260639613082149,0.0,0.0,1.2648587434274368
2022-03-11,-0.003950957057036882,-0.003950957057036882,0.0,0.0,1.2598613408489374
2022-03-14,0.00487737470412227,0.00487737470412227,0.0,0.0,1.2660061566834955
2022-03-15,-0.0011819362678106217,-0.0011819362678106217,0.0,0.0,1.2645098180916396
2022-03-16,0.010035082398826813,0.010035082398826813,0.0,0.0,1.2771992783103148
2022-03-17,0.011422791730186642,0.011422791730186642,0.0,0.0,1.291788459664398
2022-03-18,0.006292739349459677,0.006292739349459677,0.0,0.0,1.299917347735706
2022-03-21,0.0005669346603546589,0.0005669346603546589,0.0,0.0,1.3006543159357338
2022-03-22,0.003525589643342452,0.003525589643342452,0.0,0.0,1.3052398893215653
2022-03-23,0.010428765902666415,0.010428765902666415,0.0,0.0,1.3188519305741222
2022-03-24,0.0013829137051398022,0.0013829137051398022,0.0,0.0,1.320675788983963
2022-03-25,-0.003748391138727573,-0.003748391138727573,0.0,0.0,1.3157253795594035
2022-03-28,0.0020943709504148006,0.0020943709504148006,0.0,0.0,1.3184809965730764
2022-03-29,-0.0024812194684755047,-0.0026267773913236044,0.20793988978299976,0.00014555792284809985,1.3150176405003884
2022-03-30,0.008902563737873537,0.008902563737873537,0.0,0.0,1.326724668861371
2022-03-31,0.0058029382138312605,0.0058029382138312605,0.0,0.0,1.334423570141539
2022-04-01,0.0031697363828787793,0.0031697363828787793,0.0,0.0,1.3386533410819879
2022-04-06,0.013999239362153372,0.013999239362153372,0.0,0.0,1.357393469626741
2022-04-07,-0.014886741709115713,-0.014886741709115713,0.0,0.0,1.337186303646767
2022-04-08,0.012043825112313947,0.012043825112313947,0.0,0.0,1.3532911416304705
2022-04-11,-0.0036831352029236576,-0.0036831352029236576,0.0,0.0,1.3483067873869266
2022-04-12,-0.006140454833898593,-0.006140454833898593,0.0,0.0,1.3400275704567381
2022-04-13,0.007339705084651014,0.007339705084651014,0.0,0.0,1.3498629776291922
2022-04-14,-0.01516089877805103,-0.01516089877805103,0.0,0.0,1.3293978416611174
2022-04-15,-0.004887485046457433,-0.004887485046457433,0.0,0.0,1.322900429589206
2022-04-18,-0.013960628556983906,-0.013960628556983906,0.0,0.0,1.3044319080738367
2022-04-19,0.0007509863559410348,0.0007509863559410348,0.0,0.0,1.3054115186390542
2022-04-20,0.00867761539839365,0.00867761539839365,0.0,0.0,1.316739377734437
2022-04-21,-0.006269979903538501,-0.006269979903538501,0.0,0.0,1.3084834482978442
2022-04-22,0.004796234638205463,0.004796234638205463,0.0,0.0,1.314759241936089
2022-04-25,-0.014979719725879,-0.014979719725879,0.0,0.0,1.2950645169848773
2022-04-26,0.010958105534801577,0.010958105534801577,0.0,0.0,1.3092559706363744
2022-04-27,-0.013299498258245942,-0.013299498258245942,0.0,0.0,1.2918435231352978
2022-04-28,0.003452278910725102,0.003452278910725102,0.0,0.0,1.2963033272861748
2022-04-29,0.006158757575433083,0.006158757575433083,0.0,0.0,1.3042869452231578
2022-05-03,-0.007734513339142525,-0.007734513339142525,0.0,0.0,1.2941989204472597
2022-05-04,-0.0007967059402459544,-0.0007967059402459544,0.0,0.0,1.2931678244794795
2022-05-05,-0.004895039007139841,-0.004895039007139841,0.0,0.0,1.2868377175358743
2022-05-06,-0.010842586244725097,-0.010842586244725097,0.0,0.0,1.2728850686005264
2022-05-09,-0.026997427672590828,-0.026997427672590828,0.0,0.0,1.2385204460254629
2022-05-10,0.0007987372056150884,0.0007987372056150884,0.0,0.0,1.2395096983856184
2022-05-11,-0.007028610148342782,-0.007028610148342782,0.0,0.0,1.2307976679405759
2022-05-12,-0.024577148333110945,-0.024577148333110945,0.0,0.0,1.2005481710875532
2022-05-13,0.00474687580348629,0.00474687580348629,0.0,0.0,1.2062470241518084
2022-05-16,-0.0020335960752515866,-0.0020335960752515866,0.0,0.0,1.2037940049377094
2022-05-17,-0.0012171459973405962,-0.0012171459973405962,0.0,0.0,1.202328811882977
2022-05-18,0.023170469635442417,0.023170469635442417,0.0,0.0,1.230187335110529
2022-05-19,-0.017634250176666748,-0.017634250176666748,0.0,0.0,1.208493903879023
2022-05-20,0.0066992883275948855,0.0066992883275948855,0.0,0.0,1.2165899529832493
2022-05-23,0.00016627454314669933,0.00016627454314669933,0.0,0.0,1.2167922409218785
2022-05-24,-0.003438325655314131,-0.003438325655314131,0.0,0.0,1.2126085129427298
2022-05-25,0.0035876621237105064,0.0035876621237105064,0.0,0.0,1.2169589425755034
2022-05-26,-0.0010515503157137321,-0.0010515503157137321,0.0,0.0,1.2156792490152275
2022-05-27,0.011752609137363928,0.011752609137363928,0.0,0.0,1.2299666520653074
2022-05-30,0.0153929748052689,0.0153929748052689,0.0,0.0,1.2488994977518695
2022-05-31,0.005025206830950135,0.005025206830950135,0.0,0.0,1.2551754760391425
2022-06-01,-0.009530240085889105,-0.009530240085889105,0.0,0.0,1.2432133524025692
2022-06-02,-0.0035284179328808687,-0.0035284179328808687,0.0,0.0,1.2388267761155551
2022-06-06,0.006322016260251322,0.006322016260251322,0.0,0.0,1.2466586591377924
2022-06-07,-0.004674959399998878,-0.004674959399998878,0.0,0.0,1.2408305805206663
2022-06-08,0.004020760516453985,0.004020760516453985,0.0,0.0,1.2458196631264324
2022-06-09,-0.006301479568797581,-0.006301479568797581,0.0,0.0,1.237969155972835
2022-06-10,-0.006250782610665808,-0.006250782610665808,0.0,0.0,1.2302308799001394
2022-06-13,-0.012739513336207266,-0.012739513336207266,0.0,0.0,1.2145583371990376
2022-06-14,0.004786458520249901,0.004786458520249901,0.0,0.0,1.2203717703004646
2022-06-15,-0.00023661879057088563,-0.00023661879057088563,0.0,0.0,1.2200830074081292
2022-06-16,-0.0050625499985310005,-0.0050625499985310005,0.0,0.0,1.2139062761807675
2022-06-17,-0.010110661258386276,-0.010110661258386276,0.0,0.0,1.2016328810228747
2022-06-20,-0.01566914014405139,-0.01566914014405139,0.0,0.0,1.182804327008427
2022-06-21,0.025562630489374332,0.025562630489374332,0.0,0.0,1.2130399169609765
2022-06-22,-0.012996544711998683,-0.012996544711998683,0.0,0.0,1.197274589442754
2022-06-23,0.001353342107666291,0.001353342107666291,0.0,0.0,1.1988949115590857
2022-06-24,0.009188008505423471,0.009188008505423471,0.0,0.0,1.2099103682035994
2022-06-27,0.0026347128906211857,0.0026347128906211857,0.0,0.0,1.2130981346472016
2022-06-28,-0.005590691202228325,-0.005590691202228325,0.0,0.0,1.2063160775783899
2022-06-29,-0.0054706072265674095,-0.0054706072265674095,0.0,0.0,1.199716796126865
2022-06-30,-0.020499893464029948,-0.020499893464029948,0.0,0.0,1.175122729619257
2022-07-01,-0.013515449639106052,-0.013515449639106052,0.0,0.0,1.1592404175473192
2022-07-04,-0.0021894497016293245,-0.0021894497016293245,0.0,0.0,1.1567023189610035
2022-07-05,0.005252926842111981,0.005252926842111981,0.0,0.0,1.162778391620607
2022-07-06,-0.021788920716178502,-0.021788920716178502,0.0,0.0,1.1374427054351
2022-07-07,0.003850290568598941,0.003850290568598941,0.0,0.0,1.1418221903561583
2022-07-08,-0.0017606222612775227,-0.0017606222612775227,0.0,0.0,1.1398118727893967
2022-07-11,-0.01103631291497168,-0.01103631291497168,0.0,0.0,1.127232552297093
2022-07-12,-0.020154333617135537,-0.020154333617135537,0.0,0.0,1.104513931374002
2022-07-13,0.02403344661040126,0.02403344661040126,0.0,0.0,1.1310592079741235
2022-07-14,-0.006029647705889204,-0.006029647705889204,0.0,0.0,1.1242393194155376
2022-07-15,-0.01316455330313685,-0.01316455330313685,0.0,0.0,1.1094392109696094
2022-07-18,0.0130489202197819,0.0130489202197819,0.0,0.0,1.1239161947222496
2022-07-19,-0.0007132588659224799,-0.0007132588659224799,0.0,0.0,1.1231145515318102
2022-07-20,-0.0024321526781991617,-0.0024321526781991617,0.0,0.0,1.1203829654673776
2022-07-21,0.006513492930356462,0.006513492930356462,0.0,0.0,1.1276805719922411
2022-07-22,0.003952426958243913,0.003952426958243913,0.0,0.0,1.132137647085271
2022-07-25,0.0071129232712710145,0.0071129232712710145,0.0,0.0,1.1401904553015059
2022-07-26,-0.0016246772186405826,-0.0016246772186405826,0.0,0.0,1.1383380138438661
2022-07-27,0.004493072923416375,0.004493072923416375,0.0,0.0,1.1434526495515636
2022-07-28,-0.001227770364946139,-0.001227770364946139,0.0,0.0,1.142048752274725
2022-07-29,-0.0003185959679818197,-0.0003185959679818197,0.0,0.0,1.1416849001470115
2022-08-01,0.0028351052486982288,0.0028351052486982288,0.0,0.0,1.1449216969997777
2022-08-02,-0.004951299078988897,-0.004951299078988897,0.0,0.0,1.1392528472559083
2022-08-03,-0.003389322646031593,-0.003389322646031593,0.0,0.0,1.1353915517811477
2022-08-04,-0.006240226247835919,-0.006240226247835919,0.0,0.0,1.1283064516181518
2022-08-05,0.012186053764875634,0.012186053764875634,0.0,0.0,1.1420560547008267
2022-08-08,0.0048103707233300656,0.0048103707233300656,0.0,0.0,1.1475497677107613
2022-08-09,0.007906458396216145,0.007906458396216145,0.0,0.0,1.1566228222067538
2022-08-10,0.0008636127382410986,0.0008636127382410986,0.0,0.0,1.157621696409352
2022-08-11,0.010434850887169066,0.010434850887169066,0.0,0.0,1.1697013061951351
2022-08-12,-0.0013732053963238931,-0.0013732053963238931,0.0,0.0,1.1680950660493807
2022-08-15,7.07794806696512e-05,7.07794806696512e-05,0.0,0.0,1.1681777432115283
2022-08-16,0.0019029959293745805,0.0019029959293745805,0.0,0.0,1.1704007807016459
2022-08-17,0.004712479389163272,0.004712479389163272,0.0,0.0,1.175916270257763
2022-08-18,-0.003458263614308295,-0.003458263614308295,0.0,0.0,1.1718496418068574
2022-08-19,0.0016897100721544375,0.0016897100721544375,0.0,0.0,1.173829727949669
2022-08-22,-0.003138080253430563,-0.003138080253430563,0.0,0.0,1.1701461560595003
2022-08-23,-0.010977253348213136,-0.010977253348213136,0.0,0.0,1.1573011652499976
2022-08-24,-0.004325496452823901,-0.004325496452823901,0.0,0.0,1.1522952631648598
2022-08-25,0.005985514708424864,0.005985514708424864,0.0,0.0,1.1591923434109814
2022-08-26,0.0039504433256373934,0.0039504433256373934,0.0,0.0,1.1637716670671394
2022-08-29,-0.012901770035183308,-0.012901770035183308,0.0,0.0,1.1487569526451773
2022-08-30,0.0017933591270184726,0.0017933591270184726,0.0,0.0,1.1508170864109295
2022-08-31,0.0054922475476152505,0.0054922475476152505,0.0,0.0,1.1571376587315239
2022-09-01,-0.012557475793395853,-0.012557475793395853,0.0,0.0,1.142606930592376
2022-09-02,-0.005651253696849049,-0.005651253696849049,0.0,0.0,1.1361497689518205
2022-09-05,0.005196403985988179,0.005196403985988179,0.0,0.0,1.1420536621398814
2022-09-06,0.0026226015698632456,0.0026226015698632456,0.0,0.0,1.1450488138670774
2022-09-07,-0.013826836604417131,-0.013826836604417131,0.0,0.0,1.1292164110136558
2022-09-08,0.01326898035979783,0.01326898035979783,0.0,0.0,1.1441999613933573
2022-09-12,0.00834286428749278,0.00834286428749278,0.0,0.0,1.1537458663890166
2022-09-13,-0.00019178023665870133,-0.00019178023665870133,0.0,0.0,1.1535246007337165
2022-09-14,-0.013343769399020995,-0.013343769399020995,0.0,0.0,1.138132234465428
2022-09-15,0.005628964911020556,0.005628964911020556,0.0,0.0,1.1445387408773355
2022-09-16,-0.0037251556223960795,-0.0037251556223960795,0.0,0.0,1.1402751559517061
2022-09-19,-0.006472887954446873,-0.006472887954446873,0.0,0.0,1.1328942826299913
2022-09-20,0.0023536430501807674,0.0023536430501807674,0.0,0.0,1.135560711384893
2022-09-21,-0.006217787254509351,-0.006217787254509351,0.0,0.0,1.1285000364669222
2022-09-22,-0.014265147796419877,-0.014265147796419877,0.0,0.0,1.1124018166584564
2022-09-23,-0.001641962959462537,-0.001641962959462537,0.0,0.0,1.1105752940794644
2022-09-26,-0.01719821486534178,-0.01719821486534178,0.0,0.0,1.0914753815477456
2022-09-27,-0.0011120512667023236,-0.0011120512667023236,0.0,0.0,1.090261604967121
2022-09-28,-0.014178185115395795,-0.014178185115395795,0.0,0.0,1.0748036741076885
2022-09-29,0.007135615021909108,0.007135615021909108,0.0,0.0,1.0824730593502543
2022-09-30,-0.008511507446591845,-0.008511507446591845,0.0,0.0,1.0732595818448596
2022-10-03,-0.013920404242293962,-0.013920404242293962,0.0,0.0,1.0583193746086637
2022-10-04,0.007519808566982983,0.007519808566982983,0.0,0.0,1.06627773370845
2022-10-05,0.0050600943449019544,0.0050600943449019544,0.0,0.0,1.0716731996388829
2022-10-06,0.005584872777662385,0.005584872777662385,0.0,0.0,1.0776583581180965
2022-10-07,-0.0057776943606493245,-0.0057776943606493245,0.0,0.0,1.071431977499691
2022-10-11,-0.020336695569063805,-0.020336695569063805,0.0,0.0,1.0496425915503198
2022-10-12,0.006092511541585483,0.006092511541585483,0.0,0.0,1.0560375511538798
2022-10-13,-0.022675969510664452,-0.022675969510664452,0.0,0.0,1.0320908758417977
2022-10-14,0.0026623963981142204,0.0026623963981142204,0.0,0.0,1.0348387108721655
2022-10-17,-0.0030804774159055247,-0.0030804774159055247,0.0,0.0,1.031650913594219
2022-10-18,0.006068668941269129,0.006068668941269129,0.0,0.0,1.0379116614517803
2022-10-19,-0.008677282223107739,-0.008677282223107739,0.0,0.0,1.0289054090427086
2022-10-20,0.0008155923740226154,0.0008155923740226154,0.0,0.0,1.0297445764479143
2022-10-21,0.0010182752501870923,0.0010182752501870923,0.0,0.0,1.0307931398641255
2022-10-24,-0.0009360380764783507,-0.0009360380764783507,0.0,0.0,1.02982827823624
2022-10-25,0.0050906461192791914,0.0050906461192791914,0.0,0.0,1.0350707695643673
2022-10-26,0.005914767464043435,0.005914767464043435,0.0,0.0,1.041192972475169
2022-10-27,-0.0026836835639944623,-0.0026836835639944623,0.0,0.0,1.0383987400079908
2022-10-28,-0.00406724137707748,-0.00406724137707748,0.0,0.0,1.034175321686725
2022-10-31,0.0037377765706277464,0.0037377765706277464,0.0,0.0,1.0380408379740471
2022-11-01,0.009103834157752766,0.009103834157752766,0.0,0.0,1.0474909896119375
2022-11-02,-0.0027669892516317732,-0.0027669892516317732,0.0,0.0,1.0445925933025002
2022-11-03,-0.005221102430999467,-0.005221102430999467,0.0,0.0,1.0391386683742045
2022-11-04,0.00904812695584819,0.00904812695584819,0.0,0.0,1.0485409269703854
2022-11-07,0.009637968365767057,0.009637968365767057,0.0,0.0,1.058646731254738
2022-11-08,0.006510235333166081,0.006510235333166081,0.0,0.0,1.0655387706098935
2022-11-09,0.008701555900393796,0.008701555900393796,0.0,0.0,1.0748106157863924
2022-11-10,-0.007077103091611479,-0.007077103091611479,0.0,0.0,1.0672040702545136
2022-11-11,0.023546574403429655,0.023546574403429655,0.0,0.0,1.0923330702984044
2022-11-14,0.00868608773619003,0.00868608773619003,0.0,0.0,1.1018211711841583
2022-11-15,0.0027619446999183114,0.0027619446999183114,0.0,0.0,1.1048643403281682
2022-11-16,-0.008907695588016578,-0.008907695588016578,0.0,0.0,1.09502254511847
2022-11-17,-0.003258587166748786,-0.003258587166748786,0.0,0.0,1.0914543187056465
2022-11-18,-0.003981464455575356,-0.003981464455575356,0.0,0.0,1.0871087321308357
2022-11-21,-0.0013843680346002315,-0.0013843680346002315,0.0,0.0,1.085603773551939
2022-11-22,0.003639078459224045,0.003639078459224045,0.0,0.0,1.0895543708595241
2022-11-23,0.007359844505195567,0.007359844505195567,0.0,0.0,1.0975733216090064
2022-11-24,0.008305542020007932,0.008305542020007932,0.0,0.0,1.1066892629516698
2022-11-25,0.00027937640772284574,0.00027937640772284574,0.0,0.0,1.1069984458224187
2022-11-28,-0.004213902125095159,-0.004213902125095159,0.0,0.0,1.1023336627190905
2022-11-29,0.013196335054321408,0.013196335054321408,0.0,0.0,1.116880427073989
2022-11-30,0.012089683242362918,0.012089683242362918,0.0,0.0,1.1303831576569086
2022-12-01,-0.002195229215359507,-0.002195229215359507,0.0,0.0,1.1279017075246698
2022-12-02,-0.003923731267948209,-0.003923731267948209,0.0,0.0,1.123476124327683
2022-12-05,0.0005561117156650254,0.0005561117156650254,0.0,0.0,1.1241009025626914
2022-12-06,-0.01040919666740557,-0.01040919666740557,0.0,0.0,1.1123999151939081
2022-12-07,0.0033722875241695947,0.0033722875241695947,0.0,0.0,1.1161512475498039
2022-12-08,-0.003194068565142749,-0.003194068565142749,0.0,0.0,1.1125861839360602
2022-12-09,0.004949831109757029,0.004949831109757029,0.0,0.0,1.118093297641593
2022-12-12,-0.00031006582190385866,-0.00031006582190385866,0.0,0.0,1.1177466151242945
2022-12-13,-0.00797825448027676,-0.00797825448027676,0.0,0.0,1.108828948184365
2022-12-14,0.009463227748352728,0.009463227748352728,0.0,0.0,1.119322049055
2022-12-15,-0.0008373742910962703,-0.0008373742910962703,0.0,0.0,1.118384757547664
2022-12-16,-0.009185785380798145,-0.009185785380798145,0.0,0.0,1.1081115151916752
2022-12-19,-0.0012123949788730892,-0.0012123949788730892,0.0,0.0,1.1067680463546254
2022-12-20,-0.008906613277491737,-0.008906613277491737,0.0,0.0,1.0969104913778598
2022-12-21,0.00019247527586192987,0.00019247527586192987,0.0,0.0,1.0971216195272837
2022-12-22,0.014981987710707134,0.014981987710707134,0.0,0.0,1.1135586821481926
2022-12-23,-0.007439356646988913,-0.007439356646988913,0.0,0.0,1.1052745219643412
2022-12-26,0.0031696570706621534,0.0031696570706621534,0.0,0.0,1.1087778631679082
2022-12-27,0.0024344330704492855,0.0024344330704492855,0.0,0.0,1.1114771086657862
2022-12-28,-0.0063371755187841584,-0.0063371755187841584,0.0,0.0,1.1044334831430602
2022-12-29,-0.004409336898340407,-0.004409336898340407,0.0,0.0,1.099563663834075
2022-12-30,0.004388048029659814,0.004388048029659814,0.0,0.0,1.1043886020026477
2023-01-03,0.00039040573010959374,0.00039040573010959374,0.0,0.0,1.1048197616411373
2023-01-04,0.001491002923230226,0.001491002923230226,0.0,0.0,1.1064670511353867
2023-01-05,0.006376515310308922,0.006376515310308922,0.0,0.0,1.113522455227304
2023-01-06,0.0031759940275958047,0.0031759940275958047,0.0,0.0,1.1170589958946997
2023-01-09,0.01784757677878214,0.01784757677878214,0.0,0.0,1.1369957920903597
2023-01-10,0.0006147427199208881,0.0006147427199208881,0.0,0.0,1.1376947519761278
2023-01-11,-0.008200211249348143,-0.008200211249348143,0.0,0.0,1.128365414672649
2023-01-12,-0.004952297603973645,-0.004952297603973645,0.0,0.0,1.122777413333159
2023-01-13,0.0020002336586725823,0.0020002336586725823,0.0,0.0,1.1250232305065053
2023-01-16,0.0073760292443818,0.0073760292443818,0.0,0.0,1.1333214347553302
2023-01-17,0.00012890741945129647,0.00012890741945129647,0.0,0.0,1.1334675282968933
2023-01-30,0.019171718924986886,0.019171718924986886,0.0,0.0,1.1551980491600011
2023-01-31,-0.015794089085019874,-0.015794089085019874,0.0,0.0,1.136952748260727
2023-02-01,0.0063689875365816944,0.0063689875365816944,0.0,0.0,1.144193986144082
2023-02-02,0.0028242337362840413,0.0028242337362840413,0.0,0.0,1.1474254574006033
2023-02-03,-0.0015527104149530868,-0.0015527104149530868,0.0,0.0,1.1456438379425151
2023-02-06,-0.00507564143723233,-0.00507564143723233,0.0,0.0,1.139828960606344
2023-02-07,0.0022243239601396807,0.0022243239601396807,0.0,0.0,1.1423643094738818
2023-02-08,0.00017419164306678686,0.00017419164306678686,0.0,0.0,1.14256329978993
2023-02-09,-0.00014080664019495048,-0.00014080664019495048,0.0,0.0,1.1424024192904765
2023-02-10,-0.0003757598511158794,-0.0003757598511158794,0.0,0.0,1.1419731503274895
2023-02-13,0.006266087035569532,0.006266087035569532,0.0,0.0,1.149128853479725
2023-02-14,0.004053111146768525,0.004053111146768525,0.0,0.0,1.153786400444837
2023-02-15,-0.005754164804196498,-0.005754164804196498,0.0,0.0,1.1471473233478366
2023-02-16,0.005019588254397278,0.005019588254397278,0.0,0.0,1.1529055305781768
2023-02-17,0.004438743720523964,0.004438743720523964,0.0,0.0,1.158022982762388
2023-02-20,0.009524172703222077,0.009524172703222077,0.0,0.0,1.1690521936445173
2023-02-21,-0.005385849588461394,-0.005385849588461394,0.0,0.0,1.162755854368487
2023-02-22,-2.8907885536833965e-05,-2.8907885536833965e-05,0.0,0.0,1.1627222415553415
2023-02-23,0.004531411848434004,0.004531411848434004,0.0,0.0,1.1679910148971633
2023-02-24,-0.0040906402910255,-0.0040906402910255,0.0,0.0,1.1632131837920692
2023-03-01,-0.006603233066378215,-0.006603233066378215,0.0,0.0,1.1555322160336063
2023-03-02,-0.0002863176409106211,-0.0002863176409106211,0.0,0.0,1.1552013667755154
2023-03-03,0.0029318403601502267,0.0029318403601502267,0.0,0.0,1.1585882327667285
2023-03-06,0.007704098925551619,0.007704098925551619,0.0,0.0,1.1675141111259435
2023-03-07,0.0042831452485431725,0.0042831452485431725,0.0,0.0,1.1725147436436199
2023-03-08,-0.0003990818801810462,-0.0003990818801810462,0.0,0.0,1.1720468142551865
2023-03-09,-0.006809828402065676,-0.006809828402065676,0.0,0.0,1.164065376570921
2023-03-10,-0.011904029528079427,-0.011904029528079427,0.0,0.0,1.1502083079556058
2023-03-13,-0.0021055114553213323,-0.0021055114553213323,0.0,0.0,1.1477865311871995
2023-03-14,-0.012297826708612132,-0.012297826708612132,0.0,0.0,1.1336712513281804
2023-03-15,-0.0025796077012272857,-0.0025796077012272857,0.0,0.0,1.1307468242375942
2023-03-16,-0.011717909015550174,-0.011717909015550174,0.0,0.0,1.1174968358315558
2023-03-17,0.005861984890897594,0.005861984890897594,0.0,0.0,1.1240475853988263
2023-03-20,-0.002256261500277335,-0.002256261500277335,0.0,0.0,1.1215114401074113
2023-03-21,0.005894005624244129,0.005894005624244129,0.0,0.0,1.1281216348430585
2023-03-22,0.011413958997786685,0.011413958997786685,0.0,0.0,1.1409979689276732
2023-03-23,0.0056239149275094345,0.0056239149275094345,0.0,0.0,1.1474148444373835
2023-03-24,0.0017515517146074351,0.0017515517146074351,0.0,0.0,1.1494246008755238
2023-03-27,-0.0002162727832840483,-0.0002162727832840483,0.0,0.0,1.1491760116179173
2023-03-28,-0.0020135362946470782,-0.0020135362946470782,0.0,0.0,1.1468621040095868
2023-03-29,0.00635207996127075,0.00635207996127075,0.0,0.0,1.154147063798807
2023-03-30,-0.0004169387852970858,-0.0004169387852970858,0.0,0.0,1.1536658551239725
2023-03-31,0.0030500111904458132,0.0030500111904458132,0.0,0.0,1.157184548892136
2023-04-06,0.0034932685604867693,0.0034932685604867693,0.0,0.0,1.1612269052954618
2023-04-07,-0.0005486457856386796,-0.0005486457856386796,0.0,0.0,1.160589803047701
2023-04-10,0.0040894890814457685,0.0040894890814457685,0.0,0.0,1.165336022375302
2023-04-11,0.006125561398308009,0.006125561398308009,0.0,0.0,1.172474359730022
2023-04-12,0.0018236654880378952,0.0018236654880378952,0.0,0.0,1.174612560755471
2023-04-13,0.0005698717452848031,0.00023102599164729004,0.4840653623393043,0.000338845753637513,1.174883926787121
2023-04-14,0.002204382137479575,0.002204382137479575,0.0,0.0,1.1774738199289423
2023-04-17,-0.0007002829217752357,-0.0007002829217752357,0.0,0.0,1.1766492551220085
2023-04-18,0.0015521705146407786,0.0015521705146407786,0.0,0.0,1.178475615401883
2023-04-19,-0.002271137535473973,-0.002271137535473973,0.0,0.0,1.175799135197103
2023-04-20,-0.00670998698957374,-0.00670998698957374,0.0,0.0,1.1679095382975786
2023-04-21,0.00011616077389246424,0.00011616077389246424,0.0,0.0,1.1680452035733835
2023-04-24,0.001586170756137499,0.001586170756137499,0.0,0.0,1.1698979227171382
2023-04-25,-0.005595660838337552,-0.005595660838337552,0.0,0.0,1.1633515707261375
2023-04-26,0.005279175787459805,0.005279175787459805,0.0,0.0,1.1694931081706181
2023-04-27,-0.00016884961987876344,-0.00016884961987876344,0.0,0.0,1.1692956397038528
2023-04-28,0.0027301418007505155,0.0027301418007505155,0.0,0.0,1.1724879826072436
2023-05-02,0.0045144657888047494,0.0045144657888047494,0.0,0.0,1.1777811394925088
2023-05-03,-0.0019854342504505777,-0.0019854342504505777,0.0,0.0,1.1754427324786256
2023-05-04,0.004621111224574874,0.004621111224574874,0.0,0.0,1.1808745840835275
2023-05-05,0.0006877385435871278,0.0006877385435871278,0.0,0.0,1.1816867170501442
2023-05-08,0.0040794441676907265,0.0040794441676907265,0.0,0.0,1.1865073420360521
2023-05-09,0.003527884297535503,0.003527884297535503,0.0,0.0,1.1906932026569317
2023-05-10,0.0012270249393386485,0.0012270249393386485,0.0,0.0,1.1921542129116929
2023-05-11,-0.0033337488075111466,-0.0033337488075111466,0.0,0.0,1.1881798702260291
2023-05-12,-0.001482155697779152,-0.001482155697779152,0.0,0.0,1.186418802661387
2023-05-15,0.0006368311661121664,0.0006368311661121664,0.0,0.0,1.1871743511309834
2023-05-16,0.008836966830815687,0.008836966830815687,0.0,0.0,1.197665371494323
2023-05-17,0.008984224461327971,0.008984224461327971,0.0,0.0,1.208425466021388
2023-05-18,0.003973651172208669,0.003973651172208669,0.0,0.0,1.2132273272909706
2023-05-19,0.005549750144767642,0.005549750144767642,0.0,0.0,1.2199604358262397
2023-05-22,0.00024109590967378778,0.00024109590967378778,0.0,0.0,1.2202545632972812
2023-05-23,0.0011175826429757959,0.0011175826429757959,0.0,0.0,1.2216182986172344
2023-05-24,-0.000669259228795441,-0.000669259228795441,0.0,0.0,1.2208007192968193
2023-05-25,-0.0016664587788566007,-0.0016664587788566007,0.0,0.0,1.2187663052209126
2023-05-26,0.0010759135092542936,0.0010759135092542936,0.0,0.0,1.2200775923533238
2023-05-29,0.005293082161401836,0.005293082161401836,0.0,0.0,1.2265355632929353
2023-05-30,0.0008738298675437721,0.0008738298675437721,0.0,0.0,1.2276073467017452
2023-05-31,0.0017420846682589344,0.0017420846682589344,0.0,0.0,1.2297459426390764
2023-06-01,-0.003628254398430616,-0.003628254398430616,0.0,0.0,1.225284111513744
2023-06-02,0.007885734486220203,0.007885734486220203,0.0,0.0,1.2349463766873257
2023-06-05,0.005452425199761366,0.005452425199761366,0.0,0.0,1.2416798294319298
2023-06-06,0.00102486689695452,0.00102486689695452,0.0,0.0,1.2429523859857308
2023-06-07,0.004733231247035023,0.004733231247035023,0.0,0.0,1.248835567057655
2023-06-08,-0.00189341474716047,-0.00189341474716047,0.0,0.0,1.2464710033782096
2023-06-09,0.0069810030831290735,0.0069810030831290735,0.0,0.0,1.2551726212958239
2023-06-12,-0.0022661599652962477,-0.0022661599652962477,0.0,0.0,1.2523281993519073
2023-06-13,0.00773325184145394,0.00773325184145394,0.0,0.0,1.2620127687056502
2023-06-14,0.0006460005381304276,0.0006460005381304276,0.0,0.0,1.2628280296333614
2023-06-15,0.004224517624730368,0.004224517624730368,0.0,0.0,1.2681628689015512
2023-06-16,-0.004617136747819171,-0.004617136747819171,0.0,0.0,1.262307587517326
2023-06-19,0.003368476144464544,0.003368476144464544,0.0,0.0,1.2665596405128547
2023-06-20,-0.002403822880576785,-0.002403822880576785,0.0,0.0,1.2635150554693748
2023-06-21,0.004393340867196814,0.004393340867196814,0.0,0.0,1.2690661077988867
2023-06-26,-0.004046183777088625,-0.004046183777088625,0.0,0.0,1.2639312331014578
2023-06-27,-0.011615058909671981,-0.011615058909671981,0.0,0.0,1.24925059737121
2023-06-28,0.0019709460739784235,0.0019709460739784235,0.0,0.0,1.251712802931514
2023-06-29,-0.0017735117571073156,-0.0017735117571073156,0.0,0.0,1.2494928755589934
2023-06-30,-0.00532614528622149,-0.00532614528622149,0.0,0.0,1.2428378949696675
2023-07-03,0.006351231237687071,0.006351231237687071,0.0,0.0,1.25073144583158
2023-07-04,0.0024588001670615917,0.0024588001670615917,0.0,0.0,1.2538067445195398
2023-07-05,-0.00575055660886494,-0.00575055660886494,0.0,0.0,1.2465966578586036
2023-07-06,-0.013581305715151306,-0.013581305715151306,0.0,0.0,1.2296662475447402
2023-07-07,-0.008303322314375198,-0.008303322314375198,0.0,0.0,1.2194559323522678
2023-07-10,0.0008877688681648716,0.0008877688681648716,0.0,0.0,1.220538527365109
2023-07-11,0.01592662784916077,0.01592662784916077,0.0,0.0,1.239977590266016
2023-07-12,0.0060316033091969996,0.0060316033091969996,0.0,0.0,1.2474566432027945
2023-07-13,0.0035467644426307103,0.0035467644426307103,0.0,0.0,1.2518810780686298
2023-07-14,0.013931762645570712,0.013931762645570712,0.0,0.0,1.269321988108763
2023-07-17,0.009345884696653591,0.009345884696653591,0.0,0.0,1.2811849250525547
2023-07-18,0.0021911584318080155,0.0021911584318080155,0.0,0.0,1.2839922042037888
2023-07-19,-0.008564397258887751,-0.008564397258887751,0.0,0.0,1.2729955848896726
2023-07-20,0.001173504165933494,0.001173504165933494,0.0,0.0,1.2744894505117557
2023-07-21,-0.0015150534857845445,-0.0015150534857845445,0.0,0.0,1.2725585308271623
2023-07-24,-0.0005817222097639346,-0.0005817222097639346,0.0,0.0,1.2718182552665556
2023-07-25,0.0071859728497842956,0.0071859728497842956,0.0,0.0,1.280957506718761
2023-07-26,0.003514144046005578,0.003514144046005578,0.0,0.0,1.285458975914183
2023-07-27,0.0006713277209861239,0.0006713277209861239,0.0,0.0,1.2863219401589048
2023-07-28,0.0018783390562233135,0.0018783390562233135,0.0,0.0,1.2887380888979822
2023-07-31,-0.004073811253144802,-0.004073811253144802,0.0,0.0,1.2834880131690733
2023-08-01,0.0031874096569757693,0.0031874096569757693,0.0,0.0,1.2875790152568611
2023-08-02,-0.016974664795816184,-0.016974664795816184,0.0,0.0,1.2657227930747488
2023-08-04,0.0013596646309113167,0.0013596646309113167,0.0,0.0,1.2674437515890309
2023-08-07,0.01196887299609255,0.01196887299609255,0.0,0.0,1.282613624881491
2023-08-08,-0.003240237369816025,-0.003240237369816025,0.0,0.0,1.2784576522831148
2023-08-09,-0.00376165674676089,-0.00376165674676089,0.0,0.0,1.2736485334299559
2023-08-10,-0.009938404229451157,-0.009938404229451157,0.0,0.0,1.2609904994584813
2023-08-11,-0.005550064556745158,-0.005550064556745158,0.0,0.0,1.2539919207810444
2023-08-14,-0.009662166001578583,-0.009662166001578583,0.0,0.0,1.2418756426778197
2023-08-15,-0.00043128217616642006,-0.00043128217616642006,0.0,0.0,1.2413400438481175
2023-08-16,-0.004976784755806188,-0.004976784755806188,0.0,0.0,1.2351621616411224
2023-08-17,-0.0019288663268960744,-0.0019288663268960744,0.0,0.0,1.2327796989392767
2023-08-18,-0.0026704192204378813,-0.0026704192204378813,0.0,0.0,1.2294876603366638
2023-08-21,0.0018156582711048555,0.0018156582711048555,0.0,0.0,1.2317199897763753
2023-08-22,-0.001012217700049749,-0.001012217700049749,0.0,0.0,1.2304732210012186
2023-08-23,0.0022660682463622787,0.0022660682463622787,0.0,0.0,1.2332615572953285
2023-08-24,0.0028697229193695574,0.0028697229193695574,0.0,0.0,1.2368006762518762
2023-08-25,-0.007891240357484343,-0.007891240357484343,0.0,0.0,1.2270407848412734
2023-08-28,0.0020366507811066616,0.0020366507811066616,0.0,0.0,1.2295398384141702
2023-08-29,0.005573725718927888,0.005573725718927888,0.0,0.0,1.2363929562339857
2023-08-30,0.0029736356153251364,0.0029736356153251364,0.0,0.0,1.2400695383631803
2023-08-31,-0.008369145786116583,-0.008369145786116583,0.0,0.0,1.2296912156116966
2023-09-01,0.0029895346443647537,0.0029895346443647537,0.0,0.0,1.2333674201026388
2023-09-04,0.003998251423179621,0.003998251423179621,0.0,0.0,1.2382987331453674
2023-09-05,0.00015920096091393964,0.00015920096091393964,0.0,0.0,1.2384958714935828
2023-09-06,-0.0018451869091415964,-0.0018451869091415964,0.0,0.0,1.236210615124477
2023-09-07,-0.001443031510594253,-0.001443031510594253,0.0,0.0,1.2344267242531213
2023-09-08,0.0010035653222400188,0.0010035653222400188,0.0,0.0,1.235665552106428
2023-09-11,-0.0029774629347244165,-0.0029774629347244165,0.0,0.0,1.2319864037253152
2023-09-12,0.006323633260246089,0.006323633260246089,0.0,0.0,1.2397770339240837
2023-09-13,0.0016691766219846492,0.0016691766219846492,0.0,0.0,1.2418464407655834
2023-09-14,0.011994738297424038,0.011994738297424038,0.0,0.0,1.2567420638281541
2023-09-15,0.0004401054775139391,0.0004401054775139391,0.0,0.0,1.257295162894267
2023-09-18,-0.004785597908692051,-0.004785597908692051,0.0,0.0,1.2512782537921117
2023-09-19,0.0010178167649101697,0.0010178167649101697,0.0,0.0,1.2525518257763888
2023-09-20,-0.004641861173255685,-0.004641861173255685,0.0,0.0,1.2467376540888269
2023-09-21,-0.012996479245138243,-0.012996479245138243,0.0,0.0,1.2305344540433292
2023-09-22,0.004266227006028536,0.004266227006028536,0.0,0.0,1.2357841933630174
2023-09-25,0.0038903419931024742,0.0038903419931024742,0.0,0.0,1.2405918165048697
2023-09-26,-0.008546803170082409,-0.008546803170082409,0.0,0.0,1.2299887224347876
2023-09-27,0.000768703815183285,0.000768703815183285,0.0,0.0,1.2309342194583557
2023-09-28,0.002955036281055646,0.002955036281055646,0.0,0.0,1.2345716747364481
2023-10-02,0.003126947273017768,0.003126947273017768,0.0,0.0,1.2384321152681101
2023-10-03,-0.00542329924202004,-0.00542329924202004,0.0,0.0,1.2317157273160835
2023-10-04,-0.011303854344496435,-0.011303854344496435,0.0,0.0,1.217792592140677
2023-10-05,0.00839443576907083,0.00839443576907083,0.0,0.0,1.2280152738354522
2023-10-06,0.00533777902582503,0.00533777902582503,0.0,0.0,1.234570148007524
2023-10-11,0.01193205942096559,0.01193205942096559,0.0,0.0,1.2493011123728999
2023-10-12,0.006057819378507064,0.006057819378507064,0.0,0.0,1.2568691528610227
2023-10-13,-0.006664307844139858,-0.006664307844139858,0.0,0.0,1.2484929899065536
2023-10-16,-0.001321200510059675,-0.001321200510059675,0.0,0.0,1.2468434803314832
2023-10-17,-0.0034531696803419823,-0.0034531696803419823,0.0,0.0,1.2425379182290706
2023-10-18,-0.005354240072714475,-0.005354240072714475,0.0,0.0,1.2358850719154213
2023-10-19,-0.0048151873090987885,-0.0048151873090987885,0.0,0.0,1.2299340538016295
2023-10-20,-0.007081286052057723,-0.007081286052057723,0.0,0.0,1.221224538941493
2023-10-23,-0.006342174450414619,-0.006342174450414619,0.0,0.0,1.213479319872399
2023-10-24,0.0038270054893721427,0.0038270054893721427,0.0,0.0,1.2181233118907902
2023-10-25,0.00010135553382287378,0.00010135553382287378,0.0,0.0,1.2182467754293291
2023-10-26,-0.00856075545041991,-0.00856075545041991,0.0,0.0,1.207817662706616
2023-10-27,0.005667953668300085,0.005667953668300085,0.0,0.0,1.2146635172585918
2023-10-30,-0.004089081150129219,-0.004089081150129219,0.0,0.0,1.20969665956642
2023-10-31,-0.00253659787557816,-0.00253659787557816,0.0,0.0,1.20662814558967
2023-11-01,0.004925841652797862,0.004925841652797862,0.0,0.0,1.2125718047686538
2023-11-02,0.012422922589063634,0.012422922589063634,0.0,0.0,1.227635490432976
2023-11-03,0.006667461809767673,0.006667461809767673,0.0,0.0,1.2358207031817534
2023-11-06,0.008326800962923384,0.008326800962923384,0.0,0.0,1.246111136203008
2023-11-07,-0.001275347910641029,-0.001275347910641029,0.0,0.0,1.2445219109690249
2023-11-08,0.003997570418575186,0.003997570418575186,0.0,0.0,1.2494969749455835
2023-11-09,-0.0016939038891084536,-0.0016939038891084536,0.0,0.0,1.2473804471602938
2023-11-10,-0.002379680689302759,-0.002379680689302759,0.0,0.0,1.2444120799979728
2023-11-13,-0.0007999934794504625,-0.0007999934794504625,0.0,0.0,1.243416558448225
2023-11-14,0.0028990635551165767,0.0028990635551165767,0.0,0.0,1.2470213020766507
2023-11-15,0.009687912645225984,0.009687912645225984,0.0,0.0,1.2591023355179054
2023-11-16,0.0048017260160786255,0.0048017260160786255,0.0,0.0,1.265148199959267
2023-11-17,0.0003710398162609127,0.0003710398162609127,0.0,0.0,1.2656176203149228
2023-11-20,0.0001281595693048398,0.0001281595693048398,0.0,0.0,1.2657798213240468
2023-11-21,0.011480129249414826,0.011480129249414826,0.0,0.0,1.280311137274148
2023-11-22,-0.00592830840692591,-0.00592830840692591,0.0,0.0,1.2727210579955648
2023-11-23,0.0004789824740329638,0.0004789824740329638,0.0,0.0,1.2733306690766775
2023-11-24,-0.00019461348059906006,-0.00019461348059906006,0.0,0.0,1.273082861763215
2023-11-27,-0.0022265478424273047,-0.0022265478424273047,0.0,0.0,1.270248281864125
2023-11-28,0.006317984723127093,0.006317984723127093,0.0,0.0,1.278273691103521
2023-11-29,-0.00047505462940262223,-0.00047505462940262223,0.0,0.0,1.2776664412689187
2023-11-30,0.004017980438341501,0.004017980438341501,0.0,0.0,1.2828000800366628
2023-12-01,-0.00529611338487935,-0.00529611338487935,0.0,0.0,1.2760062253626563
2023-12-04,0.004361522200703933,0.004361522200703933,0.0,0.0,1.281571554842812
2023-12-05,-0.0008734345862244634,-0.0008734345862244634,0.0,0.0,1.2804521859220908
2023-12-06,0.004295834304932208,0.004295834304932208,0.0,0.0,1.2859527963482003
2023-12-07,-0.005729295973120432,-0.005729295973120432,0.0,0.0,1.2785851921704596
2023-12-08,0.002875017456679174,0.002875017456679174,0.0,0.0,1.2822611469178011
2023-12-11,0.0009945039691647397,0.0009945039691647397,0.0,0.0,1.2835363607179167
2023-12-12,0.0018275810262188765,0.0018275810262188765,0.0,0.0,1.2858821274172267
2023-12-13,0.0021817767107321414,0.0021817767107321414,0.0,0.0,1.2886876350955723
2023-12-14,0.009146519313524757,0.009146519313524757,0.0,0.0,1.3004746414390744
2023-12-15,-0.006909472557289386,-0.006909472557289386,0.0,0.0,1.2914890475926004
2023-12-18,0.00066118121169086,0.00066118121169086,0.0,0.0,1.2923429558859731
2023-12-19,-0.005674478392652497,-0.005674478392652497,0.0,0.0,1.2850095837069015
2023-12-20,0.002949351690471038,0.002949351690471038,0.0,0.0,1.288799528894879
2023-12-21,-0.0025783430852754146,-0.0025783430852754146,0.0,0.0,1.2854765615412467
2023-12-22,4.65787161313148e-05,4.65787161313148e-05,0.0,0.0,1.2855364373891
2023-12-25,0.0033255142232709884,0.0033255142232709884,0.0,0.0,1.2898115070961709
2023-12-26,0.007745414639193068,0.007745414639193068,0.0,0.0,1.2998016320250332
2023-12-27,0.006909066301407469,0.006909066301407469,0.0,0.0,1.308782047679372
2023-12-28,0.0023189412952735865,0.0023189412952735865,0.0,0.0,1.3118170364162482
2023-12-29,0.0029898756455883106,0.0029898756455883106,0.0,0.0,1.3157392062248972
2024-01-02,-0.0019386186429375925,-0.0019386186429375925,0.0,0.0,1.3131884896704658
2024-01-03,-0.011919298125783549,-0.011919298125783549,0.0,0.0,1.297536204566736
2024-01-04,0.002113591991349602,0.002113591991349602,0.0,0.0,1.3002786666971944
2024-01-05,0.0009356359476425172,0.0009356359476425172,0.0,0.0,1.301495254159709
2024-01-08,0.0035468172309736615,0.0035468172309736615,0.0,0.0,1.306111419953193
2024-01-09,-0.006204240519863388,-0.006204240519863388,0.0,0.0,1.298007990558063
2024-01-10,-0.005836728667823306,-0.005836728667823306,0.0,0.0,1.2904318701085091
2024-01-11,0.004299928666504715,0.004299928666504715,0.0,0.0,1.29598063509896
2024-01-12,-0.0030388660474004103,-0.0030388660474004103,0.0,0.0,1.2920423235488694
2024-01-15,-0.0012408114011523092,-0.0012408114011523092,0.0,0.0,1.2904391427030386
2024-01-16,-0.010350428821739885,-0.010350428821739885,0.0,0.0,1.2770825442077038
2024-01-17,-0.01403186074872224,-0.01403186074872224,0.0,0.0,1.2591626997827574
2024-01-18,0.0022491375285594965,0.0022491375285594965,0.0,0.0,1.2619947298654013
2024-01-19,0.010106849124902553,0.010106849124902553,0.0,0.0,1.274749520196573
2024-01-22,0.005938750010133373,0.005938750010133373,0.0,0.0,1.282319938922558
2024-01-23,0.00286092772016872,0.00286092772016872,0.0,0.0,1.2859885635819466
2024-01-24,0.0015261691462201653,0.0015261691462201653,0.0,0.0,1.2879511996500772
2024-01-25,0.0013015861845469317,0.0013015861845469317,0.0,0.0,1.2896275791379124
2024-01-26,0.002195832313194125,0.002195832313194125,0.0,0.0,1.2924593850481696
2024-01-29,0.004452459378093311,0.004452459378093311,0.0,0.0,1.2982140079579318
2024-01-30,-0.0074475481329320066,-0.0074475481329320066,0.0,0.0,1.2885454966468186
2024-01-31,-0.00039378008824531626,-0.00039378008824531626,0.0,0.0,1.2880380930874409
2024-02-01,0.007112686561540396,0.007112686561540396,0.0,0.0,1.2971995043228959
2024-02-02,0.0003715822703796098,0.0003715822703796098,0.0,0.0,1.2976815206598475
2024-02-05,-0.004818556943094279,-0.004818556943094279,0.0,0.0,1.291428568358547
2024-02-15,0.001581549503434158,0.001581549503434158,0.0,0.0,1.293471026569555
2024-02-16,0.0029781329879764607,0.0029781329879764607,0.0,0.0,1.2973231553027738
2024-02-19,0.00795418286583408,0.00795418286583408,0.0,0.0,1.3076423009161329
2024-02-20,0.0028196375174523035,0.0028196375174523035,0.0,0.0,1.3113293782072037
2024-02-21,-0.002040464152585398,-0.002040464152585398,0.0,0.0,1.3086536576187398
2024-02-22,0.0027997796493070526,0.0027997796493070526,0.0,0.0,1.312317599497332
2024-02-23,-0.005588302635975381,-0.005588302635975381,0.0,0.0,1.304983971596824
2024-02-26,-0.0020764655317947038,-0.0020764655317947038,0.0,0.0,1.3022742173602586
2024-02-27,-0.0012204626923888694,-0.0012204626923888694,0.0,0.0,1.3006848402627105
2024-02-29,0.007456388522538325,0.007456388522538325,0.0,0.0,1.3103832517770848
2024-03-01,-0.0035486821430313776,-0.0035486821430313776,0.0,0.0,1.3057331181309761
2024-03-04,0.00368936116442719,0.00368936116442719,0.0,0.0,1.3105504391881149
2024-03-05,-6.863405291337658e-05,-6.863405291337658e-05,0.0,0.0,1.310460490799926
2024-03-06,0.0037770520345450833,0.0037770520345450833,0.0,0.0,1.3154101682628927
2024-03-07,-0.0004951844860295114,-0.0004951844860295114,0.0,0.0,1.3147587975548034
2024-03-08,0.000701694568424479,0.000701694568424479,0.0,0.0,1.3156813566618357
2024-03-11,0.003739471088579063,0.003739471088579063,0.0,0.0,1.320601309056855
2024-03-12,0.010715826098569466,0.010715826098569466,0.0,0.0,1.3347526430302512
2024-03-13,0.0059947446715173216,0.0059947446715173216,0.0,0.0,1.3427541443248505
2024-03-14,0.005273711976596439,0.005273711976596439,0.0,0.0,1.3498354429374009
2024-03-15,0.003222616643575192,0.003222616643575192,0.0,0.0,1.3541854451018986
2024-03-18,-0.0016646436493145693,-0.0016646436493145693,0.0,0.0,1.3519312089007154
2024-03-19,-0.000270198427070845,-0.000270198427070845,0.0,0.0,1.3515659192145624
2024-03-20,-0.0030072564183566265,-0.0030072564183566265,0.0,0.0,1.3475014139291723
2024-03-21,0.014199618138672406,0.014199618138672406,0.0,0.0,1.3666354194482877
2024-03-22,0.0001442432576715221,0.0001442432576715221,0.0,0.0,1.3668325473932381
2024-03-25,-0.0009893445932208852,-0.0009893445932208852,0.0,0.0,1.3654802790026364
2024-03-26,0.003283591063893354,0.003283591063893354,0.0,0.0,1.369963957844692
2024-03-27,0.0063825203380225865,0.0063825203380225865,0.0,0.0,1.3787077806679937
2024-03-28,0.00039553772940948903,0.00039553772940948903,0.0,0.0,1.3792531116130784
2024-03-29,0.0026429719929450253,0.0026429719929450253,0.0,0.0,1.3828984389582542
2024-04-01,-0.0012687895567282872,-0.0012687895567282872,0.0,0.0,1.3811438318608882
2024-04-02,0.00217514694954616,0.00217514694954616,0.0,0.0,1.384148022653645
2024-04-03,-0.011433773594384187,-0.011433773594384187,0.0,0.0,1.3683219875415087
2024-04-08,0.0064777595165514314,0.0064777595165514314,0.0,0.0,1.3771856483180123
2024-04-09,0.0036685323830480242,0.0036685323830480242,0.0,0.0,1.382237898466336
2024-04-10,-0.000548063278593287,-0.000548063278593287,0.0,0.0,1.3814803446319066
2024-04-11,-0.0016018148992757593,-0.0016018148992757593,0.0,0.0,1.3792674688328186
2024-04-12,-0.005728693859095104,-0.005728693859095104,0.0,0.0,1.3713660677540662
2024-04-15,-0.0028803298083271032,-0.0028803298083271032,0.0,0.0,1.367416081190986
2024-04-16,-0.023156886164670442,-0.023156886164670442,0.0,0.0,1.3357509826591065
2024-04-17,0.005911748436434778,0.005911748436434778,0.0,0.0,1.3436476064423077
2024-04-18,0.006355444495817787,0.006355444495817787,0.0,0.0,1.3521870842269903
2024-04-19,-0.01469048552146323,-0.01469048552146323,0.0,0.0,1.332322799443844
2024-04-22,0.011825030015749907,0.011825030015749907,0.0,0.0,1.3480775565379353
2024-04-23,0.005100531845714383,0.005100531845714383,0.0,0.0,1.35495346904555
2024-04-24,0.004352044348157474,0.004352044348157474,0.0,0.0,1.360850286632526
2024-04-25,-0.006084559115388857,-0.0064323943626989856,0.4969074961573268,0.00034783524731012876,1.3520967609203138
2024-04-26,0.003214497085582569,0.003214497085582569,0.0,0.0,1.3564430720177179
2024-04-29,0.01687106832802892,0.01687106832802892,0.0,0.0,1.3793277157688102
2024-04-30,-0.00286363746709959,-0.00286363746709959,0.0,0.0,1.3753778212425256
2024-05-02,0.0016191865915697393,0.0016191865915697393,0.0,0.0,1.377604814569024
2024-05-03,0.000782692861036859,0.000782692861036859,0.0,0.0,1.3786830560227172
2024-05-06,0.015021288141985481,0.015021288141985481,0.0,0.0,1.3993926514637076
2024-05-07,-0.0004008694219272353,-0.0004008694219272353,0.0,0.0,1.3988316777404661
2024-05-08,0.0007433814082770748,0.0007433814082770748,0.0,0.0,1.3998715432030076
2024-05-09,-0.007505580043881176,-0.007505580043881176,0.0,0.0,1.389364695284346
2024-05-10,0.010901113235705407,0.010901113235705407,0.0,0.0,1.4045103171533317
2024-05-13,0.0010435321769846808,0.0010435321769846808,0.0,0.0,1.405975968862188
2024-05-14,-0.006455479258580649,-0.006455479258580649,0.0,0.0,1.3968997201571351
2024-05-15,0.0013693502121582936,0.0013693502121582936,0.0,0.0,1.3988125650852963
2024-05-16,0.008950871914654152,0.008950871914654152,0.0,0.0,1.4113331571879835
2024-05-17,0.001116512677226694,0.001116512677226694,0.0,0.0,1.4129089285497745
2024-05-20,0.0079482117009703,0.0079482117009703,0.0,0.0,1.4241390278280792
2024-05-21,-0.004584150119673209,-0.004584150119673209,0.0,0.0,1.4176105607332299
2024-05-22,0.004339673747074713,0.004339673747074713,0.0,0.0,1.4237625280672197
2024-05-23,-0.001264866190240771,-0.001264866190240771,0.0,0.0,1.4219616589825357
2024-05-24,-0.004130190979392311,-0.004130190979392311,0.0,0.0,1.4160886857655643
2024-05-27,0.006376066569353433,0.006376066569353433,0.0,0.0,1.425117761494114
2024-05-28,0.0009127427711273751,0.0009127427711273751,0.0,0.0,1.4264185274289227
2024-05-29,-0.011380760594226602,-0.011380760594226602,0.0,0.0,1.4101847996610848
2024-05-30,-0.004957095637930882,-0.004957095637930882,0.0,0.0,1.4031943787420085
2024-05-31,0.005748916333451076,0.005748916333451076,0.0,0.0,1.411261225824965
2024-06-03,0.004654725911997944,0.004654725911997944,0.0,0.0,1.4178302600214105
2024-06-04,-0.0048805454402933695,-0.0048805454402933695,0.0,0.0,1.410910475010753
2024-06-05,0.0007393491689484889,0.0007393491689484889,0.0,0.0,1.411953630497913
2024-06-06,0.0036031448534426394,0.0036031448534426394,0.0,0.0,1.417041103954941
2024-06-07,0.0039022191637481975,0.0039022191637481975,0.0,0.0,1.4225707089066129
2024-06-11,-0.004060717657449502,-0.004060717657449502,0.0,0.0,1.4167940509099852
2024-06-12,0.0014155727866799364,0.0014155727866799364,0.0,0.0,1.4187996260127835
2024-06-13,0.004395207776840471,0.004395207776840471,0.0,0.0,1.4250355451628134
2024-06-14,0.006065638392313116,0.006065638392313116,0.0,0.0,1.4336792954759638
2024-06-17,0.000548013768415979,0.000548013768415979,0.0,0.0,1.4344649714693776
2024-06-18,0.006328772637349803,0.006328772637349803,0.0,0.0,1.4435433741300496
2024-06-19,0.0007348668800461278,0.0007348668800461278,0.0,0.0,1.444604186345608
2024-06-20,0.00475602047172615,0.00475602047172615,0.0,0.0,1.451474753429409
2024-06-21,-0.0017395297307136225,-0.0017395297307136225,0.0,0.0,1.4489498699424384
2024-06-24,-0.0030675972054902863,-0.0030675972054902863,0.0,0.0,1.4445050753705073
2024-06-25,0.003973383880901955,0.003973383880901955,0.0,0.0,1.4502446485528655
2024-06-26,-0.007004228853522711,-0.007004228853522711,0.0,0.0,1.4400868031408047
2024-06-27,-0.009254718256748628,-0.009254718256748628,0.0,0.0,1.4267592055124747
2024-06-28,0.0030512438274440954,0.0030512438274440954,0.0,0.0,1.4311125957315438
2024-07-01,0.0042981760101437755,0.0042981760101437755,0.0,0.0,1.4372637695583317
2024-07-02,0.0012725442083518239,0.0012725442083518239,0.0,0.0,1.4390927512441571
2024-07-03,0.008982349790708147,0.008982349790708147,0.0,0.0,1.4520191857171048
2024-07-04,0.002320162938104232,0.002320162938104232,0.0,0.0,1.4553881068172219
2024-07-05,0.0038179478131989417,0.0038179478131989417,0.0,0.0,1.4609447026570006
2024-07-08,-0.006130029929490093,-0.006130029929490093,0.0,0.0,1.4519890679043832
2024-07-09,-0.007092673122844052,-0.007092673122844052,0.0,0.0,1.4416905840677945
2024-07-10,-0.0004964251029336382,-0.0004964251029336382,0.0,0.0,1.4409748926712
2024-07-11,0.003100446840269721,0.003100446840269721,0.0,0.0,1.4454425587240904
2024-07-12,0.0035728888667369623,0.0035728888667369623,0.0,0.0,1.4506069643496635
2024-07-15,-0.00089158867628653,-0.00089158867628653,0.0,0.0,1.4493136196065068
2024-07-16,-0.0010899706102537655,-0.0010899706102537655,0.0,0.0,1.4477339103560953
2024-07-17,0.002393635970982952,0.002393635970982952,0.0,0.0,1.4511992583203353
2024-07-18,0.0073778584667368585,0.0073778584667368585,0.0,0.0,1.461906001055256
2024-07-19,-0.010139307669440961,-0.010139307669440961,0.0,0.0,1.4470832863267546
2024-07-22,-0.011443648271550432,-0.011443648271550432,0.0,0.0,1.430523374178392
2024-07-23,0.012920782463902523,0.012920782463902523,0.0,0.0,1.449006855505679
2024-07-26,-0.011755607274939031,-0.011755607274939031,0.0,0.0,1.4319728999736598
2024-07-29,-0.0009206194632682719,-0.0009206194632682719,0.0,0.0,1.4306545978510714
2024-07-30,-0.0016427115260289,-0.0016427115260289,0.0,0.0,1.4283044450534153
2024-07-31,0.0032645103227076995,0.0032645103227076995,0.0,0.0,1.4329671596582616
2024-08-01,0.006692163599034905,0.006692163599034905,0.0,0.0,1.442556810322739
2024-08-02,-0.01221726291202911,-0.01221726291202911,0.0,0.0,1.4249327145054882
2024-08-05,-0.04931784205946922,-0.04931784205946922,0.0,0.0,1.3546581079461357
2024-08-06,0.009619828825487413,0.009619828825487413,0.0,0.0,1.3676896870616362
2024-08-07,0.012935399608911304,0.012935399608911304,0.0,0.0,1.3853812997047652
2024-08-08,-0.016467371912002163,-0.016467371912002163,0.0,0.0,1.3625677106025937
2024-08-09,0.019575624014363257,0.019575624014363257,0.0,0.0,1.3892408237994618
2024-08-12,0.007946944002995256,0.007946944002995256,0.0,0.0,1.4002810428328711
2024-08-13,-0.0010834339832146446,-0.0010834339832146446,0.0,0.0,1.3987639307650148
2024-08-14,0.0047824649869112525,0.0047824649869112525,0.0,0.0,1.4054534702888528
2024-08-15,-0.00908031619238459,-0.00908031619238459,0.0,0.0,1.3926915083849458
2024-08-16,0.01084727553776698,0.01084727553776698,0.0,0.0,1.4077984169155056
2024-08-19,0.000246726044637045,0.000246726044637045,0.0,0.0,1.4081457574505574
2024-08-20,0.003123552744236774,0.003123552744236774,0.0,0.0,1.4125441749955274
2024-08-21,0.000974927917629363,0.000974927917629363,0.0,0.0,1.4139213037466154
2024-08-22,-0.00517495513597021,-0.00517495513597021,0.0,0.0,1.4066043244339341
2024-08-23,0.00028354084712960435,0.00028354084712960435,0.0,0.0,1.4070031542156602
2024-08-26,0.007009348995799742,0.007009348995799742,0.0,0.0,1.4168653303617487
2024-08-27,-0.0006298808980868269,-0.0006298808980868269,0.0,0.0,1.4159728739549924
2024-08-28,-0.0023075823389339077,-0.0023075823389339077,0.0,0.0,1.4127053999586443
2024-08-29,-0.00549458252111244,-0.00549458252111244,0.0,0.0,1.4049431735605504
2024-08-30,0.006355309610104429,0.006355309610104429,0.0,0.0,1.4138720224131303
2024-09-02,0.0005968377795474075,0.0005968377795474075,0.0,0.0,1.4147158746515514
2024-09-03,-0.006912059388492698,-0.006912059388492698,0.0,0.0,1.4049372745081163
2024-09-04,-0.02119733676912486,-0.02119733676912486,0.0,0.0,1.3751563459608713
2024-09-05,0.005760519556564797,0.005760519556564797,0.0,0.0,1.3830779609851132
2024-09-06,0.008655749255874347,0.008655749255874347,0.0,0.0,1.3950495370167262
2024-09-09,-0.00301895480923567,-0.00301895480923567,0.0,0.0,1.3908379455078277
2024-09-10,-0.001146036850195994,-0.001146036850195994,0.0,0.0,1.3892439939696248
2024-09-11,-0.004291665504438094,-0.004291665504438094,0.0,0.0,1.3832818234434576
2024-09-12,0.008777238546144334,0.008777238546144334,0.0,0.0,1.3954232179843664
2024-09-13,0.0027320307461536197,0.0027320307461536197,0.0,0.0,1.3992355571197963
2024-09-16,0.005440309641023761,0.005440309641023761,0.0,0.0,1.4068478318112585
2024-09-18,-0.004676055968829598,-0.004676055968829598,0.0,0.0,1.4002693326100826
2024-09-19,0.005403595671771103,0.005403595671771103,0.0,0.0,1.4078358219150882
2024-09-20,0.004570627596113144,0.004570627596113144,0.0,0.0,1.4142705151735298
2024-09-23,0.004926451997139823,0.004926451997139823,0.0,0.0,1.4212378509775025
2024-09-24,0.0011098178730504205,0.0011098178730504205,0.0,0.0,1.422815166146373
2024-09-25,0.0019704658431296783,0.0019704658431296783,0.0,0.0,1.4256187748323512
2024-09-26,0.0017712854874042598,0.0017712854874042598,0.0,0.0,1.428143952678783
2024-09-27,-0.0001890285323178576,-0.0001890285323178576,0.0,0.0,1.4278739927234694
2024-09-30,-0.006743793643069524,-0.006743793643069524,0.0,0.0,1.4182447051682365
2024-10-01,0.0023967371499068225,0.0023967371499068225,0.0,0.0,1.4216438649407717
2024-10-04,-0.010772246632179284,-0.010772246632179284,0.0,0.0,1.4063295666045053
2024-10-07,0.005708262809866545,0.005708262809866545,0.0,0.0,1.4143572653679695
2024-10-08,-0.009074231554990632,-0.009074231554990632,0.0,0.0,1.401523060040537
2024-10-09,-0.0024174738807814294,-0.0024174738807814294,0.0,0.0,1.3981349146495763
2024-10-11,-0.0016195601822023668,-0.0016195601822023668,0.0,0.0,1.395870551012463
2024-10-14,0.0032756207424326994,0.0032756207424326994,0.0,0.0,1.4004428935431104
2024-10-15,0.007349796053352802,0.007349796053352802,0.0,0.0,1.4107358631950195
2024-10-16,-0.006940727776523875,-0.006940727776523875,0.0,0.0,1.4009443296040034
2024-10-17,0.00804504789372635,0.00804504789372635,0.0,0.0,1.412214993832112
2024-10-18,0.008462710226399934,0.008462710226399934,0.0,0.0,1.4241661601022904
2024-10-21,-0.005826723361245613,-0.005826723361245613,0.0,0.0,1.415867937866927
2024-10-22,0.004220345483172681,0.004220345483172681,0.0,0.0,1.4218433897232727
2024-10-23,-0.009022771203058302,-0.009022771203058302,0.0,0.0,1.4090144221312189
2024-10-24,-0.00042126794882877696,-0.00042126794882877696,0.0,0.0,1.4084208495157375
2024-10-25,0.0028507375623308883,0.0028507375623308883,0.0,0.0,1.4124358877350218
2024-10-28,-0.002233452774347274,-0.002233452774347274,0.0,0.0,1.4092812788829723
2024-10-29,-0.003827672594135882,-0.003827672594135882,0.0,0.0,1.4038870115543631
2024-10-30,-0.0018274959138272063,-0.0018274959138272063,0.0,0.0,1.4013214137772725
2024-11-01,-0.004640945496001102,-0.004640945496001102,0.0,0.0,1.3948179574735529
2024-11-04,0.006056405735759124,0.006056405735759124,0.0,0.0,1.4032655409515353
2024-11-05,0.0034848807469797464,0.0034848807469797464,0.0,0.0,1.4081557540180976
2024-11-06,-0.0044843696830268,-0.0044843696830268,0.0,0.0,1.4018410630457991
2024-11-07,0.00831375469405495,0.00831375469405495,0.0,0.0,1.4134956257640152
2024-11-08,-0.0021832333689470323,-0.0021832333689470323,0.0,0.0,1.4104096349469866
2024-11-11,0.0022483498038765827,0.0022483498038765827,0.0,0.0,1.4135807291731053
2024-11-12,-0.008165742563824423,-0.008165742563824423,0.0,0.0,1.4020377928454946
2024-11-13,0.0019196437769119674,0.0019196437769119674,0.0,0.0,1.4047292059695258
2024-11-14,-0.009812237781613694,-0.009812237781613694,0.0,0.0,1.3909456689817754
2024-11-15,0.007523741951236303,0.007523741951236303,0.0,0.0,1.4014107852633841
2024-11-18,-0.003131031602833602,-0.003131031602833602,0.0,0.0,1.3970229238061727
2024-11-19,0.011400161100462798,0.011400161100462798,0.0,0.0,1.4129492101986025
2024-11-20,-0.007612831413884075,-0.007612831413884075,0.0,0.0,1.40219266606498
2024-11-21,-0.0015196898746875544,-0.0015196898746875544,0.0,0.0,1.4000617680679999
2024-11-22,0.00210442893920712,0.00210442893920712,0.0,0.0,1.4030080985693998
2024-11-25,0.011965890856630648,0.011965890856630648,0.0,0.0,1.4197963403478502
2024-11-26,-0.005806463257750661,-0.005806463257750661,0.0,0.0,1.4115523450641314
2024-11-27,-0.004285258485163443,-0.004285258485163443,0.0,0.0,1.405503478400193
2024-11-28,-0.0049710905834323025,-0.0049710905834323025,0.0,0.0,1.3985165932937365
2024-11-29,-0.0033220157508745676,-0.0033220157508745676,0.0,0.0,1.3938706991429552
2024-12-02,0.00999612608525938,0.00999612608525938,0.0,0.0,1.407804006398137
2024-12-03,0.0058238726681453,0.0058238726681453,0.0,0.0,1.4160028776731044
2024-12-04,0.0007485164624811146,0.0007485164624811146,0.0,0.0,1.4170627791379635
2024-12-05,0.0013813127529742697,0.0013813127529742697,0.0,0.0,1.4190201860265519
2024-12-06,0.0016719546109817476,0.0016719546109817476,0.0,0.0,1.4213927233696553
2024-12-09,-0.00012582315611051265,-0.00012582315611051265,0.0,0.0,1.4212138792511284
2024-12-10,-0.005868411938798396,-0.005868411938798396,0.0,0.0,1.4128736107545452
2024-12-11,-0.00475988069466029,-0.00475988069466029,0.0,0.0,1.4061485009307197
2024-12-12,0.002427801541317067,0.002427801541317067,0.0,0.0,1.4095623504286001
2024-12-13,-0.006894132432937048,-0.006894132432937048,0.0,0.0,1.3998446409122633
2024-12-16,-0.005355085429261579,-0.005355085429261579,0.0,0.0,1.3923483532724843
2024-12-17,-0.0007853109761134982,-0.0007853109761134982,0.0,0.0,1.3912549268280858
2024-12-18,0.0017892088474876179,0.0017892088474876179,0.0,0.0,1.3937441724522772
2024-12-19,-0.005463068003190738,-0.005463068003190738,0.0,0.0,1.3861300532591196
2024-12-20,-0.010977054568287088,-0.010977054568287088,0.0,0.0,1.3709144280257515
2024-12-23,0.015893756607302623,0.015893756607302623,0.0,0.0,1.3927034082742322
2024-12-24,0.0033482156837682047,0.0033482156837682047,0.0,0.0,1.3973664796686536
2024-12-25,0.0007259665184825546,0.0007259665184825546,0.0,0.0,1.3983809209469427
2024-12-26,0.000563079760732959,0.000563079760732959,0.0,0.0,1.399168320941323
2024-12-27,-0.003625148503128816,-0.003625148503128816,0.0,0.0,1.3940961279970374
2024-12-30,-0.00658483457200951,-0.00658483457200951,0.0,0.0,1.384916235616698
2024-12-31,-0.0054659253041132476,-0.0054659253041132476,0.0,0.0,1.3773463869203633
2025-01-02,0.0005236632934500459,0.0005236632934500459,0.0,0.0,1.3780676526655595
2025-01-03,-0.0006345883446051473,-0.0006345883446051473,0.0,0.0,1.3771931469951006
2025-01-06,0.011481273817832132,0.011481273817832132,0.0,0.0,1.3930050786157933
2025-01-07,-0.002461399251535294,-0.002461399251535294,0.0,0.0,1.3895763369579035
2025-01-08,0.000774283847014031,0.000774283847014031,0.0,0.0,1.3906522634698029
2025-01-09,-0.008119348393108532,-0.008119348393108532,0.0,0.0,1.3793610732490265
2025-01-10,-0.0033566142864195543,-0.0033566142864195543,0.0,0.0,1.3747310901644278
2025-01-13,-0.008185808824490774,-0.008185808824490774,0.0,0.0,1.363477804275258
2025-01-14,0.010898546884611116,0.010898546884611116,0.0,0.0,1.3783377310512783
2025-01-15,-0.0007771258203643414,-0.0007771258203643414,0.0,0.0,1.3772665892112959
2025-01-16,0.007045871999050027,0.007045871999050027,0.0,0.0,1.386970633307447
2025-01-17,-0.0019316777568597172,-0.0019316777568597172,0.0,0.0,1.3842914529856694
2025-01-20,-0.0013200614600558695,-0.0013200614600558695,0.0,0.0,1.382464103189098
2025-01-21,0.004215409845047888,0.004215409845047888,0.0,0.0,1.388291755980107
2025-01-22,0.0017145944050919503,0.0017145944050919503,0.0,0.0,1.3906721132575457
2025-02-03,0.0010565305342267288,0.0010565305342267288,0.0,0.0,1.3921414008083
2025-02-04,-0.005230861760390221,-0.005230861760390221,0.0,0.0,1.3848593015897557
2025-02-05,0.006989034802951921,0.006989034802951921,0.0,0.0,1.3945381314457583
2025-02-06,0.008695710439367293,0.008695710439367293,0.0,0.0,1.406664631233467
2025-02-07,-0.0032765709206166666,-0.0032765709206166666,0.0,0.0,1.4020555948077076
2025-02-10,-0.0013537014960718226,-0.0013537014960718226,0.0,0.0,1.4001576300514404
2025-02-11,0.0005675083071932149,0.0005675083071932149,0.0,0.0,1.4009522311378746
2025-02-12,0.0028047792396561793,0.0028047792396561793,0.0,0.0,1.4048815928715201
2025-02-13,0.005485423332120167,0.005485423332120167,0.0,0.0,1.4125879631399239
2025-02-14,0.00027333884711522555,0.00027333884711522555,0.0,0.0,1.4129740783052174
2025-02-17,0.0050668204797599415,0.0050668204797599415,0.0,0.0,1.4201333643025442
2025-02-18,0.0034973336600436986,0.0034973336600436986,0.0,0.0,1.4251000445192705
2025-02-19,-0.0001680807831143722,-0.0001680807831143722,0.0,0.0,1.4248605125877714
2025-02-20,-0.0014843009114587833,-0.0014843009114587833,0.0,0.0,1.4227455908302358
2025-02-21,0.00698927508765591,0.00698927508765591,0.0,0.0,1.4326895511442979
2025-02-24,-0.0015310701972489624,-0.0015310701972489624,0.0,0.0,1.4304960028706308
2025-02-25,-0.00266121607885975,-0.00266121607885975,0.0,0.0,1.426689143907047
2025-02-26,0.005441679859642762,0.005441679859642762,0.0,0.0,1.4344527294874172
2025-02-27,-0.004214055634824565,-0.004214055634824565,0.0,0.0,1.4284078658798312
2025-03-03,0.004307182782253411,0.004307182782253411,0.0,0.0,1.4345602796457841
2025-03-04,-0.0060461444741901176,-0.0060461444741901176,0.0,0.0,1.4258867209381112
2025-03-05,0.001756642156575066,0.001756642156575066,0.0,0.0,1.4283914936626116
2025-03-06,-0.0012722041938613904,-0.0012722041938613904,0.0,0.0,1.426574288013898
2025-03-07,-0.00403138095748725,-0.00403138095748725,0.0,0.0,1.420823223594758
2025-03-10,-0.0012076558272339389,-0.0012076558272339389,0.0,0.0,1.4191073581493145
2025-03-11,-0.005905096681983155,-0.005905096681983155,0.0,0.0,1.410727391997329
2025-03-12,0.0007422907256861424,0.0007422907256861424,0.0,0.0,1.4117745618568802
2025-03-13,-0.0018747873692499632,-0.0018747873692499632,0.0,0.0,1.4091277847400825
2025-03-14,0.0031673459810386013,0.0031673459810386013,0.0,0.0,1.4135909799658488
2025-03-17,0.0023765086974344863,0.0023765086974344863,0.0,0.0,1.4169503912243526
2025-03-18,0.005660604690833129,0.005660604690833129,0.0,0.0,1.424971187255595
2025-03-19,-0.006531580430924933,-0.006531580430924933,0.0,0.0,1.4156638733342846
2025-03-20,0.00805547262878174,0.00805547262878174,0.0,0.0,1.4270677149174842
2025-03-21,-0.002086162632430663,-0.002086162632430663,0.0,0.0,1.4240906195766752
2025-03-24,0.0008178419963031964,0.0008178419963031964,0.0,0.0,1.4252553006919064
2025-03-25,-0.003135375650845015,-0.003135375650845015,0.0,0.0,1.4207865899258794
2025-03-26,0.003943352654444024,0.003943352654444024,0.0,0.0,1.4263892524966622
2025-03-27,0.0005106972201653589,0.0005106972201653589,0.0,0.0,1.427117705522786
2025-03-28,-0.009778326047084392,-0.009778326047084392,0.0,0.0,1.4131628832906171
2025-03-31,-0.022507930271289035,-0.022507930271289035,0.0,0.0,1.3813555116515381
2025-04-01,0.011136525630366503,0.011136525630366503,0.0,0.0,1.3967390127116937
2025-04-02,0.0032147532621110758,0.0032147532621110758,0.0,0.0,1.4012291840091264
2025-04-07,-0.08656047280776995,-0.08656047280776995,0.0,0.0,1.2799381233292508
2025-04-08,-0.0032789395532005373,-0.0032789395532005373,0.0,0.0,1.2757412835910171
2025-04-09,-0.05062886695731039,-0.05062886695731039,0.0,0.0,1.211151947872139
2025-04-10,0.07264181090236402,0.07264181090236402,0.0,0.0,1.299132218643497
2025-04-11,0.0054673103282768375,0.0054673103282768375,0.0,0.0,1.3062349776402837
2025-04-14,0.0025415642558745564,0.0025415642558745564,0.0,0.0,1.3095548577692275
2025-04-15,0.01330816525910321,0.01330816525910321,0.0,0.0,1.3269826302322818
2025-04-16,-0.006492195874927594,-0.006492195874927594,0.0,0.0,1.3183675990741872
2025-04-17,-0.006767943781325475,-0.006767943781325475,0.0,0.0,1.3094449612805321
2025-04-18,-0.00026563974834582197,-0.00026563974834582197,0.0,0.0,1.3090971206505448
2025-04-21,-0.005056459729569389,-0.005056459729569389,0.0,0.0,1.3024777237778802
2025-04-22,-0.007941427430207182,-0.007941427430207182,0.0,0.0,1.2921341914550366
2025-04-23,0.016394453292155407,0.016394453292155407,0.0,0.0,1.3133180251040433
2025-04-24,-0.003704302056285418,-0.003704302056285418,0.0,0.0,1.3084530984430935
2025-04-25,0.0019284282248015823,0.0019284282248015823,0.0,0.0,1.3109763563289603
2025-04-28,0.004119912920459027,0.004119912920459027,0.0,0.0,1.3163774647578161
2025-04-29,0.009750677301684602,0.009750677301684602,0.0,0.0,1.3292130366238795
2025-04-30,0.003282264308335822,0.003282264308335822,0.0,0.0,1.3335758651321648
2025-05-02,0.004250891869483702,0.004250891869483702,0.0,0.0,1.3392447519345947
2025-05-05,-0.007319968123589074,-0.007319968123589074,0.0,0.0,1.3294415230407495
2025-05-06,0.012029729378429298,0.012029729378429298,0.0,0.0,1.3454343447873764
2025-05-07,0.0013797174141010117,0.0013797174141010117,0.0,0.0,1.3472906639824092
2025-05-08,-0.00015803836615020748,-0.00015803836615020748,0.0,0.0,1.347077740367144
2025-05-09,0.010618455012965364,0.010618455012965364,0.0,0.0,1.3613816247521995
2025-05-12,0.007133923191286451,0.007133923191286451,0.0,0.0,1.3710936166972103
2025-05-13,-0.0006979596280247764,-0.0009194438809501697,0.31640607560770473,0.0002214842529253933,1.369832973061128
2025-05-14,0.006412077869697374,0.006412077869697374,0.0,0.0,1.3786164487528751
2025-05-15,0.00648133338479547,0.00648133338479547,0.0,0.0,1.3875517215670055
2025-05-16,0.003093316746778273,0.003093316746778273,0.0,0.0,1.3918438585443498
2025-05-19,-0.005387514738643243,-0.005387514738643243,0.0,0.0,1.384345279242552
2025-05-20,0.0028203123542931514,0.0028203123542931514,0.0,0.0,1.388249565336207
2025-05-21,0.007023303492955874,0.007023303492955874,0.0,0.0,1.3979996633575273
2025-05-22,-0.0073122120702312325,-0.0073122120702312325,0.0,0.0,1.3877771933449452
2025-05-23,0.004290777134962173,0.004290777134962173,0.0,0.0,1.3937318359945716
2025-05-26,-0.0006716557747342439,-0.0006716557747342439,0.0,0.0,1.3927957279584948
2025-05-27,-0.008457417209672014,-0.008457417209672014,0.0,0.0,1.381016273399301
2025-05-28,-0.0020227229567784705,-0.0020227229567784705,0.0,0.0,1.3782228600794115
2025-05-29,-0.006911552480901978,-0.006911552480901978,0.0,0.0,1.3686972004515938
2025-06-02,-0.008203278915140316,-0.008203278915140316,0.0,0.0,1.3574693955659178
2025-06-03,0.0005822385255452427,0.0005822385255452427,0.0,0.0,1.358259766545265
2025-06-04,0.004489263694916383,0.004489263694916383,0.0,0.0,1.364357352803482
2025-06-05,0.005463572786417773,0.005463572786417773,0.0,0.0,1.3718116185072082
2025-06-06,0.004819101484312848,0.004819101484312848,0.0,0.0,1.378422517914154
2025-06-09,0.007759028157420133,0.007759028157420133,0.0,0.0,1.3891177370434717
2025-06-10,0.005502269566029328,0.005502269566029328,0.0,0.0,1.3967610372916377
2025-06-11,0.002239017363588664,0.002239017363588664,0.0,0.0,1.3998884095069177
2025-06-12,0.0035161861662039093,0.0035161861662039093,0.0,0.0,1.4048106777666551
2025-06-13,9.39221276969166e-05,9.39221276969166e-05,0.0,0.0,1.4049426205745223
2025-06-16,0.0036800587767786145,0.0036800587767786145,0.0,0.0,1.410112891996238
2025-06-17,-0.0009225771295454453,-0.0009225771295454453,0.0,0.0,1.408811954092005
2025-06-18,0.005599277579502145,0.005599277579502145,0.0,0.0,1.416700283280287
2025-06-19,-0.01021599159578028,-0.01021599159578028,0.0,0.0,1.4022272850925561
2025-06-20,-0.007930822104449068,-0.007930822104449068,0.0,0.0,1.3911064699444824
2025-06-23,-0.009454919719459496,-0.009454919719459496,0.0,0.0,1.3779536699499366
2025-06-24,0.0014010510226472985,0.0014010510226472985,0.0,0.0,1.3798842533483804
2025-06-25,0.007031458245277541,0.007031458245277541,0.0,0.0,1.3895868518591155
2025-06-26,-0.0009815986337131045,-0.0009815986337131045,0.0,0.0,1.388222835303905
2025-06-27,0.006523156461429597,0.006523156461429597,0.0,0.0,1.3972784300619219
2025-06-30,-0.004245128194494041,-0.004245128194494041,0.0,0.0,1.3913468040029076
2025-07-01,0.0022274768135292305,0.0022274768135292305,0.0,0.0,1.3944459967484022
2025-07-02,7.825363107799707e-05,7.825363107799707e-05,0.0,0.0,1.3945551172109898
2025-07-03,0.0044361495792599875,0.0044361495792599875,0.0,0.0,1.40074157230746
2025-07-04,-0.003806222170333131,-0.003806222170333131,0.0,0.0,1.395410038680036
2025-07-07,-0.0037592150154728355,-0.0037592150154728355,0.0,0.0,1.3901643923098885
2025-07-08,-0.0003126139025299,-0.0003126139025299,0.0,0.0,1.3897298075940505
2025-07-09,-0.008293771831267133,-0.008293771831267133,0.0,0.0,1.3782037056627547
2025-07-10,0.0069938160103500575,0.0069938160103500575,0.0,0.0,1.3878426088049427
2025-07-11,0.01020828060070989,0.01020828060070989,0.0,0.0,1.402010095585245
2025-07-14,0.0034383186104605555,0.0034383186104605555,0.0,0.0,1.4068306529889494
2025-07-15,-0.002119397872739055,-0.002119397872739055,0.0,0.0,1.4038490190957005
2025-07-16,0.001398294747165717,0.001398294747165717,0.0,0.0,1.405812013804916
2025-07-17,0.0024436129359163977,0.0024436129359163977,0.0,0.0,1.4092472742273163
2025-07-18,-0.003234258254080074,-0.003234258254080074,0.0,0.0,1.4046894045986067
2025-07-21,-0.0019705727416573027,-0.0019705727416573027,0.0,0.0,1.4019213619474098
2025-07-22,-0.007379614780428305,-0.007379614780428305,0.0,0.0,1.3915757223437846
2025-07-23,0.00810672095514612,0.00810672095514612,0.0,0.0,1.4028568384127815
2025-07-24,-0.003449574059156594,-0.003449574059156594,0.0,0.0,1.3980175798542824
2025-07-25,-0.0016012637676977625,-0.0016012637676977625,0.0,0.0,1.3957789849570572
2025-07-28,-0.0019777295287216057,-0.0019777295287216057,0.0,0.0,1.3930185116429386
2025-07-29,-0.005367101272948296,-0.005367101272948296,0.0,0.0,1.3855420402158591
2025-07-30,0.006558342897108717,0.006558342897108717,0.0,0.0,1.3946289000139545
2025-07-31,-0.009867593318220179,-0.009867593318220179,0.0,0.0,1.38086726919878
2025-08-01,0.004591512301494308,0.004591512301494308,0.0,0.0,1.387207538252037
2025-08-04,0.008059006763301938,0.008059006763301938,0.0,0.0,1.3983870531849136
2025-08-05,0.007750968281653139,0.007750968281653139,0.0,0.0,1.4092259068796245
2025-08-06,0.0033782801702921684,0.0033782801702921684,0.0,0.0,1.413986666816298
2025-08-07,-0.009502791777012866,-0.009502791777012866,0.0,0.0,1.4005498459460701
2025-08-08,0.0006663522787201527,0.0006663522787201527,0.0,0.0,1.4014831055273775
2025-08-11,0.0014800781346773456,0.0014800781346773456,0.0,0.0,1.4035574100279882
2025-08-12,-0.0034597896632071593,-0.0034597896632071593,0.0,0.0,1.3987013966090556
2025-08-13,0.003760440982881905,0.003760440982881905,0.0,0.0,1.4039611306636786
2025-08-14,0.0037242340025915284,0.0037242340025915284,0.0,0.0,1.409189810444813
2025-08-15,-0.0012170920630840297,-0.0012170920630840297,0.0,0.0,1.4074746967111418
2025-08-18,0.004986802950226309,0.004986802950226309,0.0,0.0,1.4144934956810697
2025-08-19,-0.0025491907205165408,-0.0025491907205165408,0.0,0.0,1.4108876819876486
2025-08-20,-0.00641321074707416,-0.00641321074707416,0.0,0.0,1.4018393619426108
2025-08-21,0.0017269521265663647,0.0017269521265663647,0.0,0.0,1.404260271409822
2025-08-22,-0.005421723046011635,-0.005421723046011635,0.0,0.0,1.3966467611337208
2025-08-25,0.004255104080774991,0.004255104080774991,0.0,0.0,1.402589638466422
2025-08-26,-0.006211706325315214,-0.006211706325315214,0.0,0.0,1.3938771635373386
2025-08-27,0.0006961410455912209,0.0006961410455912209,0.0,0.0,1.3948474986433892
2025-08-28,0.00561411171618474,0.00561411171618474,0.0,0.0,1.4026783283278141
2025-08-29,-0.002293784414852099,-0.002293784414852099,0.0,0.0,1.399460886639245
2025-09-01,-0.002492153380016051,-0.002492153380016051,0.0,0.0,1.3959732154604068
2025-09-02,0.0037109819151970188,0.0037109819151970188,0.0,0.0,1.4011536468170798
2025-09-03,0.0019099696124253488,0.0019099696124253488,0.0,0.0,1.4038298077048394
2025-09-04,0.005734550946063519,0.005734550946063519,0.0,0.0,1.4118801412567255
2025-09-05,-0.0008242260882503534,-0.0008242260882503534,0.0,0.0,1.410716432810819
2025-09-08,0.0018026869765944114,0.0018026869765944114,0.0,0.0,1.4132595129519148
2025-09-09,0.005629217944833814,0.005629217944833814,0.0,0.0,1.4212150587629309
2025-09-10,0.002981921792765141,0.002981921792765141,0.0,0.0,1.4254530109188621
2025-09-11,-0.007554200506277845,-0.007554200506277845,0.0,0.0,1.4146848530621035
2025-09-12,0.009664007804760393,0.009664007804760393,0.0,0.0,1.4283563785233717
2025-09-15,-0.003535613081595267,-0.003535613081595267,0.0,0.0,1.4233062630262845
2025-09-16,-0.0007709094109806768,-0.0007709094109806768,0.0,0.0,1.4222090228334099
2025-09-17,-0.004387905119679805,-0.004387905119679805,0.0,0.0,1.4159685045808643
2025-09-18,0.005814662905856998,0.005814662905856998,0.0,0.0,1.4242018841203126
2025-09-19,-0.0009114675643507853,-0.0009114675643507853,0.0,0.0,1.4229037702978495
2025-09-22,0.003347599648510286,0.003347599648510286,0.0,0.0,1.4276670824591626
2025-09-23,0.002047929761900096,0.002047929761900096,0.0,0.0,1.4305908443674158
2025-09-24,0.0043413196173731836,0.0043413196173731836,0.0,0.0,1.4368014964645024
2025-09-25,-0.001604856091455597,-0.001604856091455597,0.0,0.0,1.434495636830689
2025-09-26,-0.003989448706938131,-0.003989448706938131,0.0,0.0,1.4287727900672262
2025-09-30,0.008905452475820018,0.008905452475820018,0.0,0.0,1.4414966582479147
2025-10-01,-0.0007021073171329748,-0.0007021073171329748,0.0,0.0,1.440484572896536
2025-10-02,-0.0015651075496214235,-0.0015651075496214235,0.0,0.0,1.4382300596163824
2025-10-03,-0.0028138046841191585,-0.0028138046841191585,0.0,0.0,1.4341831611377929
2025-10-07,0.005380043683160254,0.005380043683160254,0.0,0.0,1.4418991291943672
2025-10-08,0.0029775195926318022,0.0029775195926318022,0.0,0.0,1.4461924121021423
2025-10-09,-0.0017944194258182956,-0.0017944194258182956,0.0,0.0,1.4435973363443952
2025-10-13,-0.0082593594482262,-0.0082593594482262,0.0,0.0,1.431674147045025
2025-10-14,-0.0018325663462173368,-0.0018325663462173368,0.0,0.0,1.4290505091844008
2025-10-15,-0.0009721740289864711,-0.0009721740289864711,0.0,0.0,1.427661223393262
2025-10-16,0.003903265822788463,0.003903265822788463,0.0,0.0,1.4332337646530533
2025-10-17,0.0006566882331557393,0.0006566882331557393,0.0,0.0,1.4341749524016625
2025-10-20,0.005856723264616956,0.005856723264616956,0.0,0.0,1.4425745182109242
2025-10-21,0.0027082781793539078,0.0027082781793539078,0.0,0.0,1.4464814113006867
2025-10-22,0.005954312157078682,0.005954312157078682,0.0,0.0,1.4550942131529827
2025-10-23,-0.0008120480736024804,-0.0008120480736024804,0.0,0.0,1.4539126067002817
2025-10-27,-0.005854334721739619,-0.005854334721739619,0.0,0.0,1.4454009156445013
2025-10-28,-0.00545567309860139,-0.00545567309860139,0.0,0.0,1.4375152807523257
2025-10-29,0.0024949889325114353,0.0024949889325114353,0.0,0.0,1.441101865468119
2025-10-30,-0.004598414999115745,-0.004598414999115745,0.0,0.0,1.4344750810346967
2025-10-31,-0.00670228451822647,-0.00670228451822647,0.0,0.0,1.4248608209072962
2025-11-03,0.004719227741706022,0.004719227741706022,0.0,0.0,1.431585063621392
2025-11-04,-0.0037656590126237273,-0.0037656590126237273,0.0,0.0,1.4261942024242287
2025-11-05,0.0032594944845286975,0.0032594944845286975,0.0,0.0,1.4308428745608974
2025-11-06,0.0007908129952087112,0.0007908129952087112,0.0,0.0,1.431974403700202
2025-11-07,-0.0029248823183721734,-0.0029248823183721734,0.0,0.0,1.4277860470864578
2025-11-10,-0.002247854312930978,-0.002247854312930978,0.0,0.0,1.424576592062572
2025-11-11,0.0001469347459517041,0.0001469347459517041,0.0,0.0,1.4247859118622155
2025-11-12,0.005899686493785326,0.005899686493785326,0.0,0.0,1.4331917020629645
2025-11-13,-0.006467815521003757,-0.006467815521003757,0.0,0.0,1.4239220825277878
2025-11-14,-0.006611238803069927,-0.006611238803069927,0.0,0.0,1.414508193603232
2025-11-17,-0.003946527300438615,-0.003946527300438615,0.0,0.0,1.4089257984004826
2025-11-18,-0.01091333518787021,-0.01091333518787021,0.0,0.0,1.3935497189077004
2025-11-19,-0.0023459699807134434,-0.0023459699807134434,0.0,0.0,1.3902804931005113
2025-11-20,0.016689288672890278,0.016689288672890278,0.0,0.0,1.4134832855861539
2025-11-21,-0.010492196413295728,-0.010492196413295728,0.0,0.0,1.3986527413268734
2025-11-24,0.007798669781571805,0.007798669781571805,0.0,0.0,1.4095603721955718
2025-11-25,-0.008427543106429956,-0.008427543106429956,0.0,0.0,1.3976812413977784
2025-11-26,0.009392161082987219,0.009392161082987219,0.0,0.0,1.410808488759656
2025-11-27,0.00405644466916631,0.00405644466916631,0.0,0.0,1.4165313553330994
2025-11-28,-0.0058859578927942195,-0.0058859578927942195,0.0,0.0,1.408193711421786
2025-12-01,-0.002562977324817069,-0.002562977324817069,0.0,0.0,1.404584542870462
2025-12-02,0.005683903759841377,0.005683903759841377,0.0,0.0,1.4125680662346984
2025-12-03,-0.0015090430847245,-0.0015090430847245,0.0,0.0,1.4104364401626441
2025-12-04,0.005577437546262572,0.005577437546262572,0.0,0.0,1.418303061320624
2025-12-05,0.0015590458194371273,0.0015590458194371273,0.0,0.0,1.4205142607790708
2025-12-08,-0.0031965194511748515,-0.0031965194511748515,0.0,0.0,1.4159735593138194
2025-12-09,-0.00017904083273398267,-0.00017904083273398267,0.0,0.0,1.4157200422286305
2025-12-10,-0.0034038905803344213,-0.0034038905803344213,0.0,0.0,1.4109010861124978
2025-12-11,0.0009844348808792248,0.0009844348808792248,0.0,0.0,1.4122900263551372
2025-12-12,0.0034327842881353853,0.0034327842881353853,0.0,0.0,1.4171381133678995
2025-12-15,0.0010103649138142768,0.0010103649138142768,0.0,0.0,1.4185699399956753
2025-12-16,0.0006009576301569993,0.0006009576301569993,0.0,0.0,1.419422440425027
2025-12-17,0.006667982991891562,0.006667982991891562,0.0,0.0,1.4288871251160904
2025-12-18,-0.00042537253857714326,-0.00042537253857714326,0.0,0.0,1.4282793157723397
2025-12-19,0.012642109512075932,0.012642109512075932,0.0,0.0,1.4463357792961664
2025-12-22,0.0021986737839108286,0.0021986737839108286,0.0,0.0,1.449515799856837
2025-12-23,-0.0032864163323951066,-0.0032864163323951066,0.0,0.0,1.4447520874581228
2025-12-24,0.002229466695584586,0.002229466695584586,0.0,0.0,1.447973114120487
2025-12-26,0.005056719553437263,0.005056719553437263,0.0,0.0,1.4552951080795116
2025-12-29,-0.0007689910690641923,-0.0007689910690641923,0.0,0.0,1.4541759991385457
2025-12-30,-1.5859680618607384e-05,-1.5859680618607384e-05,0.0,0.0,1.4541529363716361
2025-12-31,-0.006027666422349346,-0.006027666422349346,0.0,0.0,1.4453877875441081
2026-01-02,0.005178136799724557,0.005178136799724557,0.0,0.0,1.4528722032366628
2026-01-05,0.0038287684101485074,0.0038287684101485074,0.0,0.0,1.4584349144323983
2026-01-06,0.008256630839270846,0.008256630839270846,0.0,0.0,1.4704766731239702
2026-01-07,0.005413543396522584,0.005413543396522584,0.0,0.0,1.478437162407501
2026-01-08,-0.0019324455148827815,-0.0019324455148827815,0.0,0.0,1.4755801631439707
2026-01-09,0.0002886836151671907,0.0002886836151671907,0.0,0.0,1.4760061389599362
2026-01-12,0.002098629502948533,0.002098629502948533,0.0,0.0,1.4791037289896907
2026-01-13,-0.0007840555506808943,-0.0007840555506808943,0.0,0.0,1.4779440295009436
2026-01-14,0.006021094047044823,0.006021094047044823,0.0,0.0,1.4868428694988371
2026-01-15,0.008267420600235912,0.008267420600235912,0.0,0.0,1.4991352248674459
2026-01-16,0.002808853403002159,0.002808853403002159,0.0,0.0,1.5033460759453752
2026-01-19,0.006414455221667449,0.006414455221667449,0.0,0.0,1.512989222032196
2026-01-20,-0.007250860366144433,-0.007250860366144433,0.0,0.0,1.5020187484477592
2026-01-21,-0.0056853279176205355,-0.0056853279176205355,0.0,0.0,1.4934792793244196
2026-01-22,0.0028965698847043097,0.0028965698847043097,0.0,0.0,1.4978052464283407
2026-01-23,-3.728914781604296e-05,-3.728914781604296e-05,0.0,0.0,1.497749394547107
2026-01-26,0.0051778612117380236,0.0051778612117380236,0.0,0.0,1.5055045330420367
2026-01-27,-0.0041291042526648905,-0.0041291042526648905,0.0,0.0,1.4992881478722466
2026-01-28,-0.0010844914873869532,-0.0010844914873869532,0.0,0.0,1.497662182638739
2026-01-29,-0.0017819177973339327,-0.0017819177973339327,0.0,0.0,1.494993471741101
2026-01-30,-0.007937136152414356,-0.007937136152414356,0.0,0.0,1.4831275050089214
2026-02-02,-0.008109378004805436,-0.008109378004805436,0.0,0.0,1.47110026344148
2026-02-03,0.005235524094536523,0.005235524094536523,0.0,0.0,1.478802244316207
2026-02-04,0.008807989930245126,0.008807989930245126,0.0,0.0,1.491827519592968
2026-02-05,0.000540500949876679,0.000540500949876679,0.0,0.0,1.4926338537843602
2026-02-06,0.0019139691316748773,0.0019139691316748773,0.0,0.0,1.4954907089053966
2026-02-09,0.002262805995426835,0.002262805995426835,0.0,0.0,1.4988747142476129
2026-02-10,0.004678411559032183,0.004678411559032183,0.0,0.0,1.5058870670362898
2026-02-11,0.00817738696939792,0.00817738696939792,0.0,0.0,1.5182012883156573
2026-02-23,0.023773160238200287,0.023773160238200287,0.0,0.0,1.5542937308166276
2026-02-24,0.007532799641486486,0.007532799641486486,0.0,0.0,1.5660019140748878
2026-02-25,0.0014126299018775365,0.0014126299018775365,0.0,0.0,1.5682140952051074
2026-02-26,0.00032744866896999673,0.00032744866896999673,0.0,0.0,1.5687276048232421
2026-03-02,-0.006705519211895316,-0.006705519211895316,0.0,0.0,1.5582084717308693
2026-03-03,-0.005463888094610721,-0.005463888094610721,0.0,0.0,1.5496945950132575
2026-03-04,-0.034696700481359935,-0.034696700481359935,0.0,0.0,1.4959253058125
2026-03-05,0.0118275743186635,0.0118275743186635,0.0,0.0,1.5136184735421667
2026-03-06,0.005590542631010538,0.005590542631010538,0.0,0.0,1.5220804221455893
2026-03-09,-0.018920721713945834,-0.018920721713945834,0.0,0.0,1.4932815620519273
2026-03-10,-0.002075035046215122,-0.002075035046215122,0.0,0.0,1.4901829504768027
2026-03-11,0.011008275869323951,0.011008275869323951,0.0,0.0,1.5065872954914146
2026-03-12,0.0022470027914633164,0.0022470027914633164,0.0,0.0,1.509972601349967
2026-03-13,-0.0018857734132223013,-0.0018857734132223013,0.0,0.0,1.5071251351636472
2026-03-16,0.008978870967457019,0.008978870967457019,0.0,0.0,1.5206574172840928
2026-03-17,0.005857359995661372,0.005857359995661372,0.0,0.0,1.5295644552071983
2026-03-18,0.0018712903756604984,0.0018712903756604984,0.0,0.0,1.53242671445118
2026-03-19,-0.013105134480060723,-0.013105134480060723,0.0,0.0,1.5123440562774597
2026-03-20,-0.000614944166400765,-0.000614944166400765,0.0,0.0,1.511414049122461
2026-03-23,-0.01677191003565133,-0.01677191003565133,0.0,0.0,1.4860647486639595
2026-03-24,0.007448630327204305,0.007448630327204305,0.0,0.0,1.4971338956190472
2026-03-25,0.010613479549963618,0.010613479549963618,0.0,0.0,1.5130236956037575
2026-03-26,-0.0004951157493328165,-0.0004951157493328165,0.0,0.0,1.5122745737429504
2026-03-27,-0.0012473099696547895,-0.0012473099696547895,0.0,0.0,1.5103882985902652
2026-03-30,-0.013014890000580152,-0.013014890000580152,0.0,0.0,1.4907307610259495
2026-03-31,-0.008201212124268456,-0.008201212124268456,0.0,0.0,1.4785049618346036
2026-04-01,0.02209533309529936,0.02209533309529936,0.0,0.0,1.511173021449392
2026-04-02,-0.004654287873617653,-0.004654287873617653,0.0,0.0,1.504139587180722
2026-04-07,0.006090286136128378,0.006090286136128378,0.0,0.0,1.5133002276553305
2026-04-08,0.011996060957837174,0.011996060957837174,0.0,0.0,1.5314538694337927
2026-04-09,0.008690609792141566,0.008690609792141566,0.0,0.0,1.544763137427707
2026-04-10,-0.0061443164821818105,-0.0061443164821818105,0.0,0.0,1.535271623821343
2026-04-13,-0.003711132426053275,-0.003711132426053275,0.0,0.0,1.5295740275153802
2026-04-14,0.009445968093363526,0.009445968093363526,0.0,0.0,1.544022334975728
2026-04-15,0.007967770631580325,0.007967770631580325,0.0,0.0,1.5563247507908518
2026-04-16,0.006971712876984424,0.006971712876984424,0.0,0.0,1.56717500009671
2026-04-17,0.00565571317870036,0.00565571317870036,0.0,0.0,1.5760384923980866
