date,gross_ret,net_ret,turnover,total_cost,equity
2015-01-05,0.0,0.0,0.0,0.0,1.0
2015-01-06,0.0,0.0,0.0,0.0,1.0
2015-01-07,0.0,0.0,0.0,0.0,1.0
2015-01-08,0.0,0.0,0.0,0.0,1.0
2015-01-09,0.0,0.0,0.0,0.0,1.0
2015-01-12,0.0,0.0,0.0,0.0,1.0
2015-01-13,0.0,0.0,0.0,0.0,1.0
2015-01-14,0.0,0.0,0.0,0.0,1.0
2015-01-15,0.0,0.0,0.0,0.0,1.0
2015-01-16,0.0,0.0,0.0,0.0,1.0
2015-01-19,0.0,0.0,0.0,0.0,1.0
2015-01-20,0.0,0.0,0.0,0.0,1.0
2015-01-21,0.0,0.0,0.0,0.0,1.0
2015-01-22,0.0,0.0,0.0,0.0,1.0
2015-01-23,0.0,0.0,0.0,0.0,1.0
2015-01-26,0.0,0.0,0.0,0.0,1.0
2015-01-27,0.0,0.0,0.0,0.0,1.0
2015-01-28,0.0,0.0,0.0,0.0,1.0
2015-01-29,0.0,0.0,0.0,0.0,1.0
2015-01-30,0.0,0.0,0.0,0.0,1.0
2015-02-02,0.0,0.0,0.0,0.0,1.0
2015-02-03,0.0,0.0,0.0,0.0,1.0
2015-02-04,0.0,0.0,0.0,0.0,1.0
2015-02-05,0.0,0.0,0.0,0.0,1.0
2015-02-06,0.0,0.0,0.0,0.0,1.0
2015-02-09,0.0,0.0,0.0,0.0,1.0
2015-02-10,0.0,0.0,0.0,0.0,1.0
2015-02-11,0.0,0.0,0.0,0.0,1.0
2015-02-12,0.0,0.0,0.0,0.0,1.0
2015-02-13,0.0,0.0,0.0,0.0,1.0
2015-02-24,0.0,0.0,0.0,0.0,1.0
2015-02-25,0.0,0.0,0.0,0.0,1.0
2015-02-26,0.0,0.0,0.0,0.0,1.0
2015-03-02,0.0,0.0,0.0,0.0,1.0
2015-03-03,0.0,0.0,0.0,0.0,1.0
2015-03-04,0.0,0.0,0.0,0.0,1.0
2015-03-05,0.0,0.0,0.0,0.0,1.0
2015-03-06,0.0,0.0,0.0,0.0,1.0
2015-03-09,0.0,0.0,0.0,0.0,1.0
2015-03-10,0.0,0.0,0.0,0.0,1.0
2015-03-11,0.0,0.0,0.0,0.0,1.0
2015-03-12,0.0,0.0,0.0,0.0,1.0
2015-03-13,0.0,0.0,0.0,0.0,1.0
2015-03-16,0.0,0.0,0.0,0.0,1.0
2015-03-17,0.0,0.0,0.0,0.0,1.0
2015-03-18,0.0,0.0,0.0,0.0,1.0
2015-03-19,0.0,0.0,0.0,0.0,1.0
2015-03-20,0.0,0.0,0.0,0.0,1.0
2015-03-23,0.0,0.0,0.0,0.0,1.0
2015-03-24,0.0,0.0,0.0,0.0,1.0
2015-03-25,0.0,0.0,0.0,0.0,1.0
2015-03-26,0.0,0.0,0.0,0.0,1.0
2015-03-27,0.0,0.0,0.0,0.0,1.0
2015-03-30,0.0,0.0,0.0,0.0,1.0
2015-03-31,0.0,0.0,0.0,0.0,1.0
2015-04-01,0.0,0.0,0.0,0.0,1.0
2015-04-02,0.0,0.0,0.0,0.0,1.0
2015-04-07,0.0,0.0,0.0,0.0,1.0
2015-04-08,0.0,0.0,0.0,0.0,1.0
2015-04-09,0.0,0.0,0.0,0.0,1.0
2015-04-10,0.0,0.0,0.0,0.0,1.0
2015-04-13,0.0,0.0,0.0,0.0,1.0
2015-04-14,0.0,0.0,0.0,0.0,1.0
2015-04-15,0.0,0.0,0.0,0.0,1.0
2015-04-16,0.0,0.0,0.0,0.0,1.0
2015-04-17,0.0,0.0,0.0,0.0,1.0
2015-04-20,0.0,0.0,0.0,0.0,1.0
2015-04-21,0.0,0.0,0.0,0.0,1.0
2015-04-22,0.0,0.0,0.0,0.0,1.0
2015-04-23,0.0,0.0,0.0,0.0,1.0
2015-04-24,0.0,0.0,0.0,0.0,1.0
2015-04-27,0.0,0.0,0.0,0.0,1.0
2015-04-28,0.0,0.0,0.0,0.0,1.0
2015-04-29,0.0,0.0,0.0,0.0,1.0
2015-04-30,0.0,0.0,0.0,0.0,1.0
2015-05-04,0.0,0.0,0.0,0.0,1.0
2015-05-05,0.0,0.0,0.0,0.0,1.0
2015-05-06,0.0,0.0,0.0,0.0,1.0
2015-05-07,0.0,0.0,0.0,0.0,1.0
2015-05-08,0.0,0.0,0.0,0.0,1.0
2015-05-11,0.0,0.0,0.0,0.0,1.0
2015-05-12,0.0,0.0,0.0,0.0,1.0
2015-05-13,0.0,0.0,0.0,0.0,1.0
2015-05-14,0.0,0.0,0.0,0.0,1.0
2015-05-15,0.0,0.0,0.0,0.0,1.0
2015-05-18,0.0,0.0,0.0,0.0,1.0
2015-05-19,0.0,0.0,0.0,0.0,1.0
2015-05-20,0.0,0.0,0.0,0.0,1.0
2015-05-21,0.0,0.0,0.0,0.0,1.0
2015-05-22,0.0,0.0,0.0,0.0,1.0
2015-05-25,0.0,0.0,0.0,0.0,1.0
2015-05-26,0.0,0.0,0.0,0.0,1.0
2015-05-27,0.0,0.0,0.0,0.0,1.0
2015-05-28,0.0,0.0,0.0,0.0,1.0
2015-05-29,0.0,0.0,0.0,0.0,1.0
2015-06-01,0.0,0.0,0.0,0.0,1.0
2015-06-02,0.0,0.0,0.0,0.0,1.0
2015-06-03,0.0,0.0,0.0,0.0,1.0
2015-06-04,0.0,0.0,0.0,0.0,1.0
2015-06-05,0.0,0.0,0.0,0.0,1.0
2015-06-08,0.0,0.0,0.0,0.0,1.0
2015-06-09,0.0,0.0,0.0,0.0,1.0
2015-06-10,0.0,0.0,0.0,0.0,1.0
2015-06-11,0.0,0.0,0.0,0.0,1.0
2015-06-12,0.0,0.0,0.0,0.0,1.0
2015-06-15,0.0,0.0,0.0,0.0,1.0
2015-06-16,0.0,0.0,0.0,0.0,1.0
2015-06-17,0.0,0.0,0.0,0.0,1.0
2015-06-18,0.0,0.0,0.0,0.0,1.0
2015-06-22,0.0,0.0,0.0,0.0,1.0
2015-06-23,0.0,0.0,0.0,0.0,1.0
2015-06-24,0.0,0.0,0.0,0.0,1.0
2015-06-25,0.0,0.0,0.0,0.0,1.0
2015-06-26,0.0,0.0,0.0,0.0,1.0
2015-06-29,0.0,0.0,0.0,0.0,1.0
2015-06-30,0.0,0.0,0.0,0.0,1.0
2015-07-01,0.0,0.0,0.0,0.0,1.0
2015-07-02,0.0,0.0,0.0,0.0,1.0
2015-07-03,0.0,0.0,0.0,0.0,1.0
2015-07-06,0.0,0.0,0.0,0.0,1.0
2015-07-07,0.0,0.0,0.0,0.0,1.0
2015-07-08,0.0,0.0,0.0,0.0,1.0
2015-07-09,0.0,0.0,0.0,0.0,1.0
2015-07-13,0.0,0.0,0.0,0.0,1.0
2015-07-14,0.0,0.0,0.0,0.0,1.0
2015-07-15,0.0,0.0,0.0,0.0,1.0
2015-07-16,0.0,0.0,0.0,0.0,1.0
2015-07-17,0.0,0.0,0.0,0.0,1.0
2015-07-20,0.0,0.0,0.0,0.0,1.0
2015-07-21,0.0,0.0,0.0,0.0,1.0
2015-07-22,0.0,0.0,0.0,0.0,1.0
2015-07-23,0.0,0.0,0.0,0.0,1.0
2015-07-24,0.0,0.0,0.0,0.0,1.0
2015-07-27,0.0,0.0,0.0,0.0,1.0
2015-07-28,0.0,0.0,0.0,0.0,1.0
2015-07-29,0.0,0.0,0.0,0.0,1.0
2015-07-30,0.0,0.0,0.0,0.0,1.0
2015-07-31,0.0,0.0,0.0,0.0,1.0
2015-08-03,0.0,0.0,0.0,0.0,1.0
2015-08-04,0.0,0.0,0.0,0.0,1.0
2015-08-05,0.0,0.0,0.0,0.0,1.0
2015-08-06,0.0,0.0,0.0,0.0,1.0
2015-08-07,0.0,0.0,0.0,0.0,1.0
2015-08-10,0.0,0.0,0.0,0.0,1.0
2015-08-11,0.0,0.0,0.0,0.0,1.0
2015-08-12,0.0,0.0,0.0,0.0,1.0
2015-08-13,0.0,0.0,0.0,0.0,1.0
2015-08-14,0.0,0.0,0.0,0.0,1.0
2015-08-17,0.0,0.0,0.0,0.0,1.0
2015-08-18,0.0,0.0,0.0,0.0,1.0
2015-08-19,0.0,0.0,0.0,0.0,1.0
2015-08-20,0.0,0.0,0.0,0.0,1.0
2015-08-21,0.0,0.0,0.0,0.0,1.0
2015-08-24,0.0,0.0,0.0,0.0,1.0
2015-08-25,0.0,0.0,0.0,0.0,1.0
2015-08-26,0.0,0.0,0.0,0.0,1.0
2015-08-27,0.0,0.0,0.0,0.0,1.0
2015-08-28,0.0,0.0,0.0,0.0,1.0
2015-08-31,0.0,0.0,0.0,0.0,1.0
2015-09-01,0.0,0.0,0.0,0.0,1.0
2015-09-02,0.0,0.0,0.0,0.0,1.0
2015-09-03,0.0,0.0,0.0,0.0,1.0
2015-09-04,0.0,0.0,0.0,0.0,1.0
2015-09-07,0.0,0.0,0.0,0.0,1.0
2015-09-08,0.0,0.0,0.0,0.0,1.0
2015-09-09,0.0,0.0,0.0,0.0,1.0
2015-09-10,0.0,0.0,0.0,0.0,1.0
2015-09-11,0.0,0.0,0.0,0.0,1.0
2015-09-14,0.0,0.0,0.0,0.0,1.0
2015-09-15,0.0,0.0,0.0,0.0,1.0
2015-09-16,0.0,0.0,0.0,0.0,1.0
2015-09-17,0.0,0.0,0.0,0.0,1.0
2015-09-18,0.0,0.0,0.0,0.0,1.0
2015-09-21,0.0,0.0,0.0,0.0,1.0
2015-09-22,0.0,0.0,0.0,0.0,1.0
2015-09-23,0.0,0.0,0.0,0.0,1.0
2015-09-24,0.0,0.0,0.0,0.0,1.0
2015-09-25,0.0,0.0,0.0,0.0,1.0
2015-09-30,0.0,0.0,0.0,0.0,1.0
2015-10-01,0.0,0.0,0.0,0.0,1.0
2015-10-02,0.0,0.0,0.0,0.0,1.0
2015-10-05,0.0,0.0,0.0,0.0,1.0
2015-10-06,0.0,0.0,0.0,0.0,1.0
2015-10-07,0.0,0.0,0.0,0.0,1.0
2015-10-08,0.0,0.0,0.0,0.0,1.0
2015-10-12,0.0,0.0,0.0,0.0,1.0
2015-10-13,0.0,0.0,0.0,0.0,1.0
2015-10-14,0.0,0.0,0.0,0.0,1.0
2015-10-15,0.0,0.0,0.0,0.0,1.0
2015-10-16,0.0,0.0,0.0,0.0,1.0
2015-10-19,0.0,0.0,0.0,0.0,1.0
2015-10-20,0.0,0.0,0.0,0.0,1.0
2015-10-21,0.0,0.0,0.0,0.0,1.0
2015-10-22,0.0,0.0,0.0,0.0,1.0
2015-10-23,0.0,0.0,0.0,0.0,1.0
2015-10-26,0.0,0.0,0.0,0.0,1.0
2015-10-27,0.0,0.0,0.0,0.0,1.0
2015-10-28,0.0,0.0,0.0,0.0,1.0
2015-10-29,0.0,0.0,0.0,0.0,1.0
2015-10-30,0.0,0.0,0.0,0.0,1.0
2015-11-02,0.0,0.0,0.0,0.0,1.0
2015-11-03,0.0,0.0,0.0,0.0,1.0
2015-11-04,0.0,0.0,0.0,0.0,1.0
2015-11-05,0.0,0.0,0.0,0.0,1.0
2015-11-06,0.0,0.0,0.0,0.0,1.0
2015-11-09,0.0,0.0,0.0,0.0,1.0
2015-11-10,0.0,0.0,0.0,0.0,1.0
2015-11-11,0.0,0.0,0.0,0.0,1.0
2015-11-12,0.0,0.0,0.0,0.0,1.0
2015-11-13,0.0,0.0,0.0,0.0,1.0
2015-11-16,0.0,0.0,0.0,0.0,1.0
2015-11-17,0.0,0.0,0.0,0.0,1.0
2015-11-18,0.0,0.0,0.0,0.0,1.0
2015-11-19,0.0,0.0,0.0,0.0,1.0
2015-11-20,0.0,0.0,0.0,0.0,1.0
2015-11-23,0.0,0.0,0.0,0.0,1.0
2015-11-24,0.0,0.0,0.0,0.0,1.0
2015-11-25,0.0,0.0,0.0,0.0,1.0
2015-11-26,0.0,0.0,0.0,0.0,1.0
2015-11-27,0.0,0.0,0.0,0.0,1.0
2015-11-30,0.0,0.0,0.0,0.0,1.0
2015-12-01,0.0,0.0,0.0,0.0,1.0
2015-12-02,0.0,0.0,0.0,0.0,1.0
2015-12-03,0.0,0.0,0.0,0.0,1.0
2015-12-04,0.0,0.0,0.0,0.0,1.0
2015-12-07,0.0,0.0,0.0,0.0,1.0
2015-12-08,0.0,0.0,0.0,0.0,1.0
2015-12-09,0.0,0.0,0.0,0.0,1.0
2015-12-10,0.0,0.0,0.0,0.0,1.0
2015-12-11,0.0,0.0,0.0,0.0,1.0
2015-12-14,0.0,0.0,0.0,0.0,1.0
2015-12-15,0.0,0.0,0.0,0.0,1.0
2015-12-16,0.0,0.0,0.0,0.0,1.0
2015-12-17,0.0,0.0,0.0,0.0,1.0
2015-12-18,0.0,0.0,0.0,0.0,1.0
2015-12-21,0.0,0.0,0.0,0.0,1.0
2015-12-22,0.0,0.0,0.0,0.0,1.0
2015-12-23,0.0,0.0,0.0,0.0,1.0
2015-12-24,0.0,0.0,0.0,0.0,1.0
2015-12-25,0.0,0.0,0.0,0.0,1.0
2015-12-28,0.0,0.0,0.0,0.0,1.0
2015-12-29,0.0,0.0,0.0,0.0,1.0
2015-12-30,0.0,0.0,0.0,0.0,1.0
2015-12-31,0.0,0.0,0.0,0.0,1.0
2016-01-04,0.0,0.0,0.0,0.0,1.0
2016-01-05,0.0,0.0,0.0,0.0,1.0
2016-01-06,0.0,0.0,0.0,0.0,1.0
2016-01-07,0.0,0.0,0.0,0.0,1.0
2016-01-08,0.0,0.0,0.0,0.0,1.0
2016-01-11,0.0,0.0,0.0,0.0,1.0
2016-01-12,0.0,0.0,0.0,0.0,1.0
2016-01-13,0.0,0.0,0.0,0.0,1.0
2016-01-14,0.0,0.0,0.0,0.0,1.0
2016-01-15,0.0,0.0,0.0,0.0,1.0
2016-01-18,0.0,0.0,0.0,0.0,1.0
2016-01-19,0.0,0.0,0.0,0.0,1.0
2016-01-20,0.0,0.0,0.0,0.0,1.0
2016-01-21,0.0,0.0,0.0,0.0,1.0
2016-01-22,0.0,0.0,0.0,0.0,1.0
2016-01-25,0.0,0.0,0.0,0.0,1.0
2016-01-26,0.0,0.0,0.0,0.0,1.0
2016-01-27,0.0,0.0,0.0,0.0,1.0
2016-01-28,0.0,0.0,0.0,0.0,1.0
2016-01-29,0.0,0.0,0.0,0.0,1.0
2016-01-30,0.0,0.0,0.0,0.0,1.0
2016-02-01,0.0,0.0,0.0,0.0,1.0
2016-02-02,0.0,0.0,0.0,0.0,1.0
2016-02-03,0.0,0.0,0.0,0.0,1.0
2016-02-15,0.0,0.0,0.0,0.0,1.0
2016-02-16,0.0,0.0,0.0,0.0,1.0
2016-02-17,0.0,0.0,0.0,0.0,1.0
2016-02-18,0.0,0.0,0.0,0.0,1.0
2016-02-19,0.0,0.0,0.0,0.0,1.0
2016-02-22,0.0,0.0,0.0,0.0,1.0
2016-02-23,0.0,0.0,0.0,0.0,1.0
2016-02-24,0.0,0.0,0.0,0.0,1.0
2016-02-25,0.0,0.0,0.0,0.0,1.0
2016-02-26,0.0,0.0,0.0,0.0,1.0
2016-03-01,0.0,0.0,0.0,0.0,1.0
2016-03-02,0.0,0.0,0.0,0.0,1.0
2016-03-03,0.0,0.0,0.0,0.0,1.0
2016-03-04,0.0,0.0,0.0,0.0,1.0
2016-03-07,0.0,0.0,0.0,0.0,1.0
2016-03-08,0.0,0.0,0.0,0.0,1.0
2016-03-09,0.0,0.0,0.0,0.0,1.0
2016-03-10,0.0,0.0,0.0,0.0,1.0
2016-03-11,0.0,0.0,0.0,0.0,1.0
2016-03-14,0.0,0.0,0.0,0.0,1.0
2016-03-15,0.0,0.0,0.0,0.0,1.0
2016-03-16,0.0,0.0,0.0,0.0,1.0
2016-03-17,0.0,0.0,0.0,0.0,1.0
2016-03-18,0.0,0.0,0.0,0.0,1.0
2016-03-21,0.0,0.0,0.0,0.0,1.0
2016-03-22,0.0,0.0,0.0,0.0,1.0
2016-03-23,0.0,0.0,0.0,0.0,1.0
2016-03-24,0.0,0.0,0.0,0.0,1.0
2016-03-25,0.0,0.0,0.0,0.0,1.0
2016-03-28,0.0,0.0,0.0,0.0,1.0
2016-03-29,0.0,0.0,0.0,0.0,1.0
2016-03-30,0.0,0.0,0.0,0.0,1.0
2016-03-31,0.0,0.0,0.0,0.0,1.0
2016-04-01,0.0,0.0,0.0,0.0,1.0
2016-04-06,0.0,0.0,0.0,0.0,1.0
2016-04-07,0.0,0.0,0.0,0.0,1.0
2016-04-08,0.0,0.0,0.0,0.0,1.0
2016-04-11,0.0,0.0,0.0,0.0,1.0
2016-04-12,0.0,0.0,0.0,0.0,1.0
2016-04-13,0.0,0.0,0.0,0.0,1.0
2016-04-14,0.0,0.0,0.0,0.0,1.0
2016-04-15,0.0,0.0,0.0,0.0,1.0
2016-04-18,0.0,0.0,0.0,0.0,1.0
2016-04-19,0.0,0.0,0.0,0.0,1.0
2016-04-20,0.0,0.0,0.0,0.0,1.0
2016-04-21,0.0,0.0,0.0,0.0,1.0
2016-04-22,0.0,0.0,0.0,0.0,1.0
2016-04-25,0.0,0.0,0.0,0.0,1.0
2016-04-26,0.0,0.0,0.0,0.0,1.0
2016-04-27,0.0,0.0,0.0,0.0,1.0
2016-04-28,0.0,0.0,0.0,0.0,1.0
2016-04-29,0.0,0.0,0.0,0.0,1.0
2016-05-03,0.0,0.0,0.0,0.0,1.0
2016-05-04,0.0,0.0,0.0,0.0,1.0
2016-05-05,0.0,0.0,0.0,0.0,1.0
2016-05-06,0.0,0.0,0.0,0.0,1.0
2016-05-09,0.0,0.0,0.0,0.0,1.0
2016-05-10,0.0,0.0,0.0,0.0,1.0
2016-05-11,0.0,0.0,0.0,0.0,1.0
2016-05-12,0.0,0.0,0.0,0.0,1.0
2016-05-13,0.0,0.0,0.0,0.0,1.0
2016-05-16,0.0,0.0,0.0,0.0,1.0
2016-05-17,0.0,0.0,0.0,0.0,1.0
2016-05-18,0.0,0.0,0.0,0.0,1.0
2016-05-19,0.0,0.0,0.0,0.0,1.0
2016-05-20,0.0,0.0,0.0,0.0,1.0
2016-05-23,0.0,0.0,0.0,0.0,1.0
2016-05-24,0.0,0.0,0.0,0.0,1.0
2016-05-25,0.0,0.0,0.0,0.0,1.0
2016-05-26,0.0,0.0,0.0,0.0,1.0
2016-05-27,0.0,0.0,0.0,0.0,1.0
2016-05-30,0.0,0.0,0.0,0.0,1.0
2016-05-31,0.0,0.0,0.0,0.0,1.0
2016-06-01,0.0,0.0,0.0,0.0,1.0
2016-06-02,0.0,0.0,0.0,0.0,1.0
2016-06-03,0.0,0.0,0.0,0.0,1.0
2016-06-04,0.0,0.0,0.0,0.0,1.0
2016-06-06,0.0,0.0,0.0,0.0,1.0
2016-06-07,0.0,0.0,0.0,0.0,1.0
2016-06-08,0.0,0.0,0.0,0.0,1.0
2016-06-13,0.0,0.0,0.0,0.0,1.0
2016-06-14,0.0,0.0,0.0,0.0,1.0
2016-06-15,0.0,0.0,0.0,0.0,1.0
2016-06-16,0.0,0.0,0.0,0.0,1.0
2016-06-17,0.0,0.0,0.0,0.0,1.0
2016-06-20,0.0,0.0,0.0,0.0,1.0
2016-06-21,0.0,0.0,0.0,0.0,1.0
2016-06-22,0.0,0.0,0.0,0.0,1.0
2016-06-23,0.0,0.0,0.0,0.0,1.0
2016-06-24,0.0,0.0,0.0,0.0,1.0
2016-06-27,0.0,0.0,0.0,0.0,1.0
2016-06-28,0.0,0.0,0.0,0.0,1.0
2016-06-29,0.0,0.0,0.0,0.0,1.0
2016-06-30,0.0,0.0,0.0,0.0,1.0
2016-07-01,0.0,0.0,0.0,0.0,1.0
2016-07-04,0.0,0.0,0.0,0.0,1.0
2016-07-05,0.0,0.0,0.0,0.0,1.0
2016-07-06,0.0,0.0,0.0,0.0,1.0
2016-07-07,0.0,0.0,0.0,0.0,1.0
2016-07-11,0.0,0.0,0.0,0.0,1.0
2016-07-12,0.0,0.0,0.0,0.0,1.0
2016-07-13,0.0,0.0,0.0,0.0,1.0
2016-07-14,0.0,0.0,0.0,0.0,1.0
2016-07-15,0.0,0.0,0.0,0.0,1.0
2016-07-18,0.0,0.0,0.0,0.0,1.0
2016-07-19,0.0,0.0,0.0,0.0,1.0
2016-07-20,0.0,0.0,0.0,0.0,1.0
2016-07-21,0.0,0.0,0.0,0.0,1.0
2016-07-22,0.0,0.0,0.0,0.0,1.0
2016-07-25,0.0,0.0,0.0,0.0,1.0
2016-07-26,0.0,0.0,0.0,0.0,1.0
2016-07-27,0.0,0.0,0.0,0.0,1.0
2016-07-28,0.0,0.0,0.0,0.0,1.0
2016-07-29,0.0,0.0,0.0,0.0,1.0
2016-08-01,0.0,0.0,0.0,0.0,1.0
2016-08-02,0.0,0.0,0.0,0.0,1.0
2016-08-03,0.0,0.0,0.0,0.0,1.0
2016-08-04,0.0,0.0,0.0,0.0,1.0
2016-08-05,0.0,0.0,0.0,0.0,1.0
2016-08-08,0.0,0.0,0.0,0.0,1.0
2016-08-09,0.0,0.0,0.0,0.0,1.0
2016-08-10,0.0,0.0,0.0,0.0,1.0
2016-08-11,0.0,0.0,0.0,0.0,1.0
2016-08-12,0.0,0.0,0.0,0.0,1.0
2016-08-15,0.0,0.0,0.0,0.0,1.0
2016-08-16,0.0,0.0,0.0,0.0,1.0
2016-08-17,0.0,0.0,0.0,0.0,1.0
2016-08-18,0.0,0.0,0.0,0.0,1.0
2016-08-19,0.0,0.0,0.0,0.0,1.0
2016-08-22,0.0,0.0,0.0,0.0,1.0
2016-08-23,0.0,0.0,0.0,0.0,1.0
2016-08-24,0.0,0.0,0.0,0.0,1.0
2016-08-25,0.0,0.0,0.0,0.0,1.0
2016-08-26,0.0,0.0,0.0,0.0,1.0
2016-08-29,0.0,0.0,0.0,0.0,1.0
2016-08-30,0.0,0.0,0.0,0.0,1.0
2016-08-31,0.0,0.0,0.0,0.0,1.0
2016-09-01,0.0,0.0,0.0,0.0,1.0
2016-09-02,0.0,0.0,0.0,0.0,1.0
2016-09-05,0.0,0.0,0.0,0.0,1.0
2016-09-06,0.0,0.0,0.0,0.0,1.0
2016-09-07,0.0,0.0,0.0,0.0,1.0
2016-09-08,0.0,0.0,0.0,0.0,1.0
2016-09-09,0.0,0.0,0.0,0.0,1.0
2016-09-10,0.0,0.0,0.0,0.0,1.0
2016-09-12,0.0,0.0,0.0,0.0,1.0
2016-09-13,0.0,0.0,0.0,0.0,1.0
2016-09-14,0.0,0.0,0.0,0.0,1.0
2016-09-19,0.0,0.0,0.0,0.0,1.0
2016-09-20,0.0,0.0,0.0,0.0,1.0
2016-09-21,0.0,0.0,0.0,0.0,1.0
2016-09-22,0.0,0.0,0.0,0.0,1.0
2016-09-23,0.0,0.0,0.0,0.0,1.0
2016-09-26,0.0,0.0,0.0,0.0,1.0
2016-09-29,0.0,0.0,0.0,0.0,1.0
2016-09-30,0.0,0.0,0.0,0.0,1.0
2016-10-03,0.0,0.0,0.0,0.0,1.0
2016-10-04,0.0,0.0,0.0,0.0,1.0
2016-10-05,0.0,0.0,0.0,0.0,1.0
2016-10-06,0.0,0.0,0.0,0.0,1.0
2016-10-07,0.0,0.0,0.0,0.0,1.0
2016-10-11,0.0,0.0,0.0,0.0,1.0
2016-10-12,0.0,0.0,0.0,0.0,1.0
2016-10-13,0.0,0.0,0.0,0.0,1.0
2016-10-14,0.0,0.0,0.0,0.0,1.0
2016-10-17,0.0,0.0,0.0,0.0,1.0
2016-10-18,0.0,0.0,0.0,0.0,1.0
2016-10-19,0.0,0.0,0.0,0.0,1.0
2016-10-20,0.0,0.0,0.0,0.0,1.0
2016-10-21,0.0,0.0,0.0,0.0,1.0
2016-10-24,0.0,0.0,0.0,0.0,1.0
2016-10-25,0.0,0.0,0.0,0.0,1.0
2016-10-26,0.0,0.0,0.0,0.0,1.0
2016-10-27,0.0,0.0,0.0,0.0,1.0
2016-10-28,0.0,0.0,0.0,0.0,1.0
2016-10-31,0.0,0.0,0.0,0.0,1.0
2016-11-01,0.0,0.0,0.0,0.0,1.0
2016-11-02,0.0,0.0,0.0,0.0,1.0
2016-11-03,0.0,0.0,0.0,0.0,1.0
2016-11-04,0.0,0.0,0.0,0.0,1.0
2016-11-07,0.0,0.0,0.0,0.0,1.0
2016-11-08,0.0,0.0,0.0,0.0,1.0
2016-11-09,0.0,0.0,0.0,0.0,1.0
2016-11-10,0.0,0.0,0.0,0.0,1.0
2016-11-11,0.0,0.0,0.0,0.0,1.0
2016-11-14,0.0,0.0,0.0,0.0,1.0
2016-11-15,0.0,0.0,0.0,0.0,1.0
2016-11-16,0.0,0.0,0.0,0.0,1.0
2016-11-17,0.0,0.0,0.0,0.0,1.0
2016-11-18,0.0,0.0,0.0,0.0,1.0
2016-11-21,0.0,0.0,0.0,0.0,1.0
2016-11-22,0.0,0.0,0.0,0.0,1.0
2016-11-23,0.0,0.0,0.0,0.0,1.0
2016-11-24,0.0,0.0,0.0,0.0,1.0
2016-11-25,0.0,0.0,0.0,0.0,1.0
2016-11-28,0.0,0.0,0.0,0.0,1.0
2016-11-29,0.0,0.0,0.0,0.0,1.0
2016-11-30,0.0,0.0,0.0,0.0,1.0
2016-12-01,0.0,0.0,0.0,0.0,1.0
2016-12-02,0.0,0.0,0.0,0.0,1.0
2016-12-05,0.0,0.0,0.0,0.0,1.0
2016-12-06,0.0,0.0,0.0,0.0,1.0
2016-12-07,0.0,0.0,0.0,0.0,1.0
2016-12-08,0.0,0.0,0.0,0.0,1.0
2016-12-09,0.0,0.0,0.0,0.0,1.0
2016-12-12,0.0,0.0,0.0,0.0,1.0
2016-12-13,0.0,0.0,0.0,0.0,1.0
2016-12-14,0.0,0.0,0.0,0.0,1.0
2016-12-15,0.0,0.0,0.0,0.0,1.0
2016-12-16,0.0,0.0,0.0,0.0,1.0
2016-12-19,0.0,0.0,0.0,0.0,1.0
2016-12-20,0.0,0.0,0.0,0.0,1.0
2016-12-21,0.0,0.0,0.0,0.0,1.0
2016-12-22,0.0,0.0,0.0,0.0,1.0
2016-12-23,0.0,0.0,0.0,0.0,1.0
2016-12-26,0.0,0.0,0.0,0.0,1.0
2016-12-27,0.0,0.0,0.0,0.0,1.0
2016-12-28,0.0,0.0,0.0,0.0,1.0
2016-12-29,0.0,0.0,0.0,0.0,1.0
2016-12-30,0.0,0.0,0.0,0.0,1.0
2017-01-03,0.0,0.0,0.0,0.0,1.0
2017-01-04,0.0,0.0,0.0,0.0,1.0
2017-01-05,0.0,0.0,0.0,0.0,1.0
2017-01-06,0.0,0.0,0.0,0.0,1.0
2017-01-09,0.0,0.0,0.0,0.0,1.0
2017-01-10,0.0,0.0,0.0,0.0,1.0
2017-01-11,0.0,0.0,0.0,0.0,1.0
2017-01-12,0.0,0.0,0.0,0.0,1.0
2017-01-13,0.0,0.0,0.0,0.0,1.0
2017-01-16,0.0,0.0,0.0,0.0,1.0
2017-01-17,0.0,0.0,0.0,0.0,1.0
2017-01-18,0.0,0.0,0.0,0.0,1.0
2017-01-19,0.0,0.0,0.0,0.0,1.0
2017-01-20,0.0,0.0,0.0,0.0,1.0
2017-01-23,0.0,0.0,0.0,0.0,1.0
2017-01-24,0.0,0.0,0.0,0.0,1.0
2017-02-02,0.0,0.0,0.0,0.0,1.0
2017-02-03,0.0,0.0,0.0,0.0,1.0
2017-02-06,0.0,0.0,0.0,0.0,1.0
2017-02-07,0.0,0.0,0.0,0.0,1.0
2017-02-08,0.0,0.0,0.0,0.0,1.0
2017-02-09,0.0,0.0,0.0,0.0,1.0
2017-02-10,0.0,0.0,0.0,0.0,1.0
2017-02-13,0.0,0.0,0.0,0.0,1.0
2017-02-14,0.0,0.0,0.0,0.0,1.0
2017-02-15,0.0,0.0,0.0,0.0,1.0
2017-02-16,0.0,0.0,0.0,0.0,1.0
2017-02-17,0.0,0.0,0.0,0.0,1.0
2017-02-18,0.0,0.0,0.0,0.0,1.0
2017-02-20,0.0,0.0,0.0,0.0,1.0
2017-02-21,0.0,0.0,0.0,0.0,1.0
2017-02-22,0.0,0.0,0.0,0.0,1.0
2017-02-23,0.0,0.0,0.0,0.0,1.0
2017-02-24,0.0,0.0,0.0,0.0,1.0
2017-03-01,0.0,0.0,0.0,0.0,1.0
2017-03-02,0.0,0.0,0.0,0.0,1.0
2017-03-03,0.0,0.0,0.0,0.0,1.0
2017-03-06,0.0,0.0,0.0,0.0,1.0
2017-03-07,0.0,0.0,0.0,0.0,1.0
2017-03-08,0.0,0.0,0.0,0.0,1.0
2017-03-09,0.0,0.0,0.0,0.0,1.0
2017-03-10,0.0,0.0,0.0,0.0,1.0
2017-03-13,0.0,0.0,0.0,0.0,1.0
2017-03-14,0.0,0.0,0.0,0.0,1.0
2017-03-15,0.0,0.0,0.0,0.0,1.0
2017-03-16,0.0,0.0,0.0,0.0,1.0
2017-03-17,0.0,0.0,0.0,0.0,1.0
2017-03-20,0.0,0.0,0.0,0.0,1.0
2017-03-21,0.0,0.0,0.0,0.0,1.0
2017-03-22,0.0,0.0,0.0,0.0,1.0
2017-03-23,0.0,0.0,0.0,0.0,1.0
2017-03-24,0.0,0.0,0.0,0.0,1.0
2017-03-27,0.0,0.0,0.0,0.0,1.0
2017-03-28,0.0,0.0,0.0,0.0,1.0
2017-03-29,0.0,0.0,0.0,0.0,1.0
2017-03-30,0.0,0.0,0.0,0.0,1.0
2017-03-31,0.0,0.0,0.0,0.0,1.0
2017-04-05,0.0,0.0,0.0,0.0,1.0
2017-04-06,0.0,0.0,0.0,0.0,1.0
2017-04-07,0.0,0.0,0.0,0.0,1.0
2017-04-10,0.0,0.0,0.0,0.0,1.0
2017-04-11,0.0,0.0,0.0,0.0,1.0
2017-04-12,0.0,0.0,0.0,0.0,1.0
2017-04-13,0.0,0.0,0.0,0.0,1.0
2017-04-14,0.0,0.0,0.0,0.0,1.0
2017-04-17,0.0,0.0,0.0,0.0,1.0
2017-04-18,0.0,0.0,0.0,0.0,1.0
2017-04-19,0.0,0.0,0.0,0.0,1.0
2017-04-20,0.0,0.0,0.0,0.0,1.0
2017-04-21,0.0,0.0,0.0,0.0,1.0
2017-04-24,0.0,0.0,0.0,0.0,1.0
2017-04-25,0.0,0.0,0.0,0.0,1.0
2017-04-26,0.0,0.0,0.0,0.0,1.0
2017-04-27,0.0,0.0,0.0,0.0,1.0
2017-04-28,0.0,0.0,0.0,0.0,1.0
2017-05-02,0.0,0.0,0.0,0.0,1.0
2017-05-03,0.0,0.0,0.0,0.0,1.0
2017-05-04,0.0,0.0,0.0,0.0,1.0
2017-05-05,0.0,0.0,0.0,0.0,1.0
2017-05-08,0.0,0.0,0.0,0.0,1.0
2017-05-09,0.0,0.0,0.0,0.0,1.0
2017-05-10,0.0,0.0,0.0,0.0,1.0
2017-05-11,0.0,0.0,0.0,0.0,1.0
2017-05-12,0.0,0.0,0.0,0.0,1.0
2017-05-15,0.0,0.0,0.0,0.0,1.0
2017-05-16,0.0,0.0,0.0,0.0,1.0
2017-05-17,0.0,0.0,0.0,0.0,1.0
2017-05-18,0.0,0.0,0.0,0.0,1.0
2017-05-19,0.0,0.0,0.0,0.0,1.0
2017-05-22,0.0,0.0,0.0,0.0,1.0
2017-05-23,0.0,0.0,0.0,0.0,1.0
2017-05-24,0.0,0.0,0.0,0.0,1.0
2017-05-25,0.0,0.0,0.0,0.0,1.0
2017-05-26,0.0,0.0,0.0,0.0,1.0
2017-05-31,0.0,0.0,0.0,0.0,1.0
2017-06-01,0.0,0.0,0.0,0.0,1.0
2017-06-02,0.0,0.0,0.0,0.0,1.0
2017-06-03,0.0,0.0,0.0,0.0,1.0
2017-06-05,0.0,0.0,0.0,0.0,1.0
2017-06-06,0.0,0.0,0.0,0.0,1.0
2017-06-07,0.0,0.0,0.0,0.0,1.0
2017-06-08,0.0,0.0,0.0,0.0,1.0
2017-06-09,0.0,0.0,0.0,0.0,1.0
2017-06-12,0.0,0.0,0.0,0.0,1.0
2017-06-13,0.0,0.0,0.0,0.0,1.0
2017-06-14,0.0,0.0,0.0,0.0,1.0
2017-06-15,0.0,0.0,0.0,0.0,1.0
2017-06-16,0.0,0.0,0.0,0.0,1.0
2017-06-19,0.0,0.0,0.0,0.0,1.0
2017-06-20,0.0,0.0,0.0,0.0,1.0
2017-06-21,0.0,0.0,0.0,0.0,1.0
2017-06-22,0.0,0.0,0.0,0.0,1.0
2017-06-23,0.0,0.0,0.0,0.0,1.0
2017-06-26,0.0,0.0,0.0,0.0,1.0
2017-06-27,0.0,0.0,0.0,0.0,1.0
2017-06-28,0.0,0.0,0.0,0.0,1.0
2017-06-29,0.0,0.0,0.0,0.0,1.0
2017-06-30,0.0,0.0,0.0,0.0,1.0
2017-07-03,0.0,0.0,0.0,0.0,1.0
2017-07-04,0.0,0.0,0.0,0.0,1.0
2017-07-05,0.0,0.0,0.0,0.0,1.0
2017-07-06,0.0,0.0,0.0,0.0,1.0
2017-07-07,0.0,0.0,0.0,0.0,1.0
2017-07-10,0.0,0.0,0.0,0.0,1.0
2017-07-11,0.0,0.0,0.0,0.0,1.0
2017-07-12,0.0,0.0,0.0,0.0,1.0
2017-07-13,0.0,0.0,0.0,0.0,1.0
2017-07-14,0.0,0.0,0.0,0.0,1.0
2017-07-17,0.0,0.0,0.0,0.0,1.0
2017-07-18,0.0,0.0,0.0,0.0,1.0
2017-07-19,0.0,0.0,0.0,0.0,1.0
2017-07-20,0.0,0.0,0.0,0.0,1.0
2017-07-21,0.0,0.0,0.0,0.0,1.0
2017-07-24,0.0,0.0,0.0,0.0,1.0
2017-07-25,0.0,0.0,0.0,0.0,1.0
2017-07-26,0.0,0.0,0.0,0.0,1.0
2017-07-27,0.0,0.0,0.0,0.0,1.0
2017-07-28,0.0,0.0,0.0,0.0,1.0
2017-07-31,0.0,0.0,0.0,0.0,1.0
2017-08-01,0.0,0.0,0.0,0.0,1.0
2017-08-02,0.0,0.0,0.0,0.0,1.0
2017-08-03,0.0,0.0,0.0,0.0,1.0
2017-08-04,0.0,0.0,0.0,0.0,1.0
2017-08-07,0.0,0.0,0.0,0.0,1.0
2017-08-08,0.0,0.0,0.0,0.0,1.0
2017-08-09,0.0,0.0,0.0,0.0,1.0
2017-08-10,0.0,0.0,0.0,0.0,1.0
2017-08-11,0.0,0.0,0.0,0.0,1.0
2017-08-14,0.0,0.0,0.0,0.0,1.0
2017-08-15,0.0,0.0,0.0,0.0,1.0
2017-08-16,0.0,0.0,0.0,0.0,1.0
2017-08-17,0.0,0.0,0.0,0.0,1.0
2017-08-18,0.0,0.0,0.0,0.0,1.0
2017-08-21,0.0,0.0,0.0,0.0,1.0
2017-08-22,0.0,0.0,0.0,0.0,1.0
2017-08-23,0.0,0.0,0.0,0.0,1.0
2017-08-24,0.0,0.0,0.0,0.0,1.0
2017-08-25,0.0,0.0,0.0,0.0,1.0
2017-08-28,0.0,0.0,0.0,0.0,1.0
2017-08-29,0.0,0.0,0.0,0.0,1.0
2017-08-30,0.0,0.0,0.0,0.0,1.0
2017-08-31,0.0,0.0,0.0,0.0,1.0
2017-09-01,0.0,0.0,0.0,0.0,1.0
2017-09-04,0.0,0.0,0.0,0.0,1.0
2017-09-05,0.0,0.0,0.0,0.0,1.0
2017-09-06,0.0,0.0,0.0,0.0,1.0
2017-09-07,0.0,0.0,0.0,0.0,1.0
2017-09-08,0.0,0.0,0.0,0.0,1.0
2017-09-11,0.0,0.0,0.0,0.0,1.0
2017-09-12,0.0,0.0,0.0,0.0,1.0
2017-09-13,0.0,0.0,0.0,0.0,1.0
2017-09-14,0.0,0.0,0.0,0.0,1.0
2017-09-15,0.0,0.0,0.0,0.0,1.0
2017-09-18,0.0,0.0,0.0,0.0,1.0
2017-09-19,0.0,0.0,0.0,0.0,1.0
2017-09-20,0.0,0.0,0.0,0.0,1.0
2017-09-21,0.0,0.0,0.0,0.0,1.0
2017-09-22,0.0,0.0,0.0,0.0,1.0
2017-09-25,0.0,0.0,0.0,0.0,1.0
2017-09-26,0.0,0.0,0.0,0.0,1.0
2017-09-27,0.0,0.0,0.0,0.0,1.0
2017-09-28,0.0,0.0,0.0,0.0,1.0
2017-09-29,0.0,0.0,0.0,0.0,1.0
2017-09-30,0.0,0.0,0.0,0.0,1.0
2017-10-02,0.0,0.0,0.0,0.0,1.0
2017-10-03,0.0,0.0,0.0,0.0,1.0
2017-10-05,0.0,0.0,0.0,0.0,1.0
2017-10-06,0.0,0.0,0.0,0.0,1.0
2017-10-11,0.0,0.0,0.0,0.0,1.0
2017-10-12,0.0,0.0,0.0,0.0,1.0
2017-10-13,0.0,0.0,0.0,0.0,1.0
2017-10-16,0.0,0.0,0.0,0.0,1.0
2017-10-17,0.0,0.0,0.0,0.0,1.0
2017-10-18,0.0,0.0,0.0,0.0,1.0
2017-10-19,0.0,0.0,0.0,0.0,1.0
2017-10-20,0.0,0.0,0.0,0.0,1.0
2017-10-23,0.0,0.0,0.0,0.0,1.0
2017-10-24,0.0,0.0,0.0,0.0,1.0
2017-10-25,0.0,0.0,0.0,0.0,1.0
2017-10-26,0.0,0.0,0.0,0.0,1.0
2017-10-27,0.0,0.0,0.0,0.0,1.0
2017-10-30,0.0,0.0,0.0,0.0,1.0
2017-10-31,0.0,0.0,0.0,0.0,1.0
2017-11-01,0.0,0.0,0.0,0.0,1.0
2017-11-02,0.0,0.0,0.0,0.0,1.0
2017-11-03,0.0,0.0,0.0,0.0,1.0
2017-11-06,0.0,0.0,0.0,0.0,1.0
2017-11-07,0.0,0.0,0.0,0.0,1.0
2017-11-08,0.0,0.0,0.0,0.0,1.0
2017-11-09,0.0,0.0,0.0,0.0,1.0
2017-11-10,0.0,0.0,0.0,0.0,1.0
2017-11-13,0.0,0.0,0.0,0.0,1.0
2017-11-14,0.0,0.0,0.0,0.0,1.0
2017-11-15,0.0,0.0,0.0,0.0,1.0
2017-11-16,0.0,0.0,0.0,0.0,1.0
2017-11-17,0.0,0.0,0.0,0.0,1.0
2017-11-20,0.0,0.0,0.0,0.0,1.0
2017-11-21,0.0,0.0,0.0,0.0,1.0
2017-11-22,0.0,0.0,0.0,0.0,1.0
2017-11-23,0.0,0.0,0.0,0.0,1.0
2017-11-24,0.0,0.0,0.0,0.0,1.0
2017-11-27,0.0,0.0,0.0,0.0,1.0
2017-11-28,0.0,0.0,0.0,0.0,1.0
2017-11-29,0.0,0.0,0.0,0.0,1.0
2017-11-30,0.0,0.0,0.0,0.0,1.0
2017-12-01,0.0,0.0,0.0,0.0,1.0
2017-12-04,0.0,0.0,0.0,0.0,1.0
2017-12-05,0.0,0.0,0.0,0.0,1.0
2017-12-06,0.0,0.0,0.0,0.0,1.0
2017-12-07,0.0,0.0,0.0,0.0,1.0
2017-12-08,0.0,0.0,0.0,0.0,1.0
2017-12-11,0.0,0.0,0.0,0.0,1.0
2017-12-12,0.0,0.0,0.0,0.0,1.0
2017-12-13,0.0,0.0,0.0,0.0,1.0
2017-12-14,0.0,0.0,0.0,0.0,1.0
2017-12-15,0.0,0.0,0.0,0.0,1.0
2017-12-18,0.0,0.0,0.0,0.0,1.0
2017-12-19,0.0,0.0,0.0,0.0,1.0
2017-12-20,0.0,0.0,0.0,0.0,1.0
2017-12-21,0.0,0.0,0.0,0.0,1.0
2017-12-22,0.0,0.0,0.0,0.0,1.0
2017-12-25,0.0,0.0,0.0,0.0,1.0
2017-12-26,0.0,0.0,0.0,0.0,1.0
2017-12-27,0.0,0.0,0.0,0.0,1.0
2017-12-28,0.0,0.0,0.0,0.0,1.0
2017-12-29,0.0,0.0,0.0,0.0,1.0
2018-01-02,0.0,0.0,0.0,0.0,1.0
2018-01-03,0.0,0.0,0.0,0.0,1.0
2018-01-04,0.0,0.0,0.0,0.0,1.0
2018-01-05,0.0,0.0,0.0,0.0,1.0
2018-01-08,0.0,0.0,0.0,0.0,1.0
2018-01-09,0.0,0.0,0.0,0.0,1.0
2018-01-10,0.0,0.0,0.0,0.0,1.0
2018-01-11,0.0,0.0,0.0,0.0,1.0
2018-01-12,0.0,0.0,0.0,0.0,1.0
2018-01-15,0.0,0.0,0.0,0.0,1.0
2018-01-16,0.0,0.0,0.0,0.0,1.0
2018-01-17,0.0,0.0,0.0,0.0,1.0
2018-01-18,0.0,0.0,0.0,0.0,1.0
2018-01-19,0.0,0.0,0.0,0.0,1.0
2018-01-22,0.0,0.0,0.0,0.0,1.0
2018-01-23,0.0,0.0,0.0,0.0,1.0
2018-01-24,0.0,0.0,0.0,0.0,1.0
2018-01-25,0.0,0.0,0.0,0.0,1.0
2018-01-26,0.0,0.0,0.0,0.0,1.0
2018-01-29,0.0,0.0,0.0,0.0,1.0
2018-01-30,0.0,0.0,0.0,0.0,1.0
2018-01-31,0.0,0.0,0.0,0.0,1.0
2018-02-01,0.0,0.0,0.0,0.0,1.0
2018-02-02,-0.0044065590272486695,-0.00733155902724867,1.0,0.002925,0.9926684409727513
2018-02-05,-0.01290859142520387,-0.01290859142520387,0.0,0.0,0.97985448964754
2018-02-06,-0.042176445522153105,-0.042176445522153105,0.0,0.0,0.9385277101452834
2018-02-07,0.014757688240089398,0.014757688240089398,0.0,0.0,0.9523782094962925
2018-02-08,7.788710766383879e-05,7.788710766383879e-05,0.0,0.0,0.9524523874804323
2018-02-09,-0.008065187526103806,-0.008065187526103806,0.0,0.0,0.9447706803657172
2018-02-12,0.004905090068435127,0.004905090068435127,0.0,0.0,0.9494048656469277
2018-02-21,0.021775091372780272,0.021775091372780272,0.0,0.0,0.9700782433461518
2018-02-22,0.0012695487358369672,0.0012695487358369672,0.0,0.0,0.9713098049536548
2018-02-23,0.008084174313338244,0.008084174313338244,0.0,0.0,0.9791620427291546
2018-02-26,0.004460451369798582,0.004460451369798582,0.0,0.0,0.9835295474039006
2018-02-27,-0.0027523511995426963,-0.0027523511995426963,0.0,0.0,0.9808225286743179
2018-03-01,0.0009677176236784732,0.0009677176236784732,0.0,0.0,0.9817716879210168
2018-03-02,-0.006142996120287056,-0.006142996120287056,0.0,0.0,0.9757406682511103
2018-03-05,-0.007828860127338041,-0.007828860127338041,0.0,0.0,0.9681017310388169
2018-03-06,0.007809033696362911,0.007809033696362911,0.0,0.0,0.9756616700780064
2018-03-07,0.000564831180446565,0.000564831180446565,0.0,0.0,0.976212754210833
2018-03-08,0.005877228760677499,0.005877228760677499,0.0,0.0,0.981950179886421
2018-03-09,0.0011873366306627917,0.0011873366306627917,0.0,0.0,0.983116085304486
2018-03-12,0.007832801605766436,0.007832801605766436,0.0,0.0,0.9908166385561139
2018-03-13,0.004598312373341359,0.004598312373341359,0.0,0.0,0.9953727229648989
2018-03-14,-0.0015951214650872037,-0.0015951214650872037,0.0,0.0,0.9937849825687353
2018-03-15,0.00011909819680796152,0.00011909819680796152,0.0,0.0,0.9939033405681741
2018-03-16,0.005649161939981463,0.005649161939981463,0.0,0.0,0.9995180614917323
2018-03-19,0.0003566547005418916,0.0003566547005418916,0.0,0.0,0.9998745443066397
2018-03-20,-0.0016816290199199557,-0.0016816290199199557,0.0,0.0,0.9981931262566544
2018-03-21,0.0008670691755207456,0.0008670691755207456,0.0,0.0,0.9990586287476483
2018-03-22,0.0004911829916654716,0.0004911829916654716,0.0,0.0,0.9995493493537657
2018-03-23,-0.01201572584309478,-0.01201572584309478,0.0,0.0,0.9875390384052871
2018-03-26,0.0026546985880109616,0.0026546985880109616,0.0,0.0,0.9901606568961473
2018-03-27,0.00698866978124511,0.00698866978124511,0.0,0.0,0.9970805627575752
2018-03-28,-0.004285811917219103,-0.004285811917219103,0.0,0.0,0.9928072629992812
2018-03-29,-0.001337155283383783,-0.001337155283383783,0.0,0.0,0.99147972552218
2018-03-30,0.006267366233801174,0.006267366233801174,0.0,0.0,0.997693692075416
2018-03-31,0.0018541256131515416,0.0018541256131515416,0.0,0.0,0.9995435415039727
2018-04-02,-0.0023500008057589106,-0.0023500008057589106,0.0,0.0,0.9971946133760473
2018-04-03,-0.005170618343754806,-0.005170618343754806,0.0,0.0,0.9920385006158317
2018-04-09,0.008393671249644586,0.008393671249644586,0.0,0.0,1.0003653456569914
2018-04-10,0.004650314264843783,0.004650314264843783,0.0,0.0,1.0050173588939555
2018-04-11,0.001555445755191739,0.001555445755191739,0.0,0.0,1.0065806088787412
2018-04-12,0.0010671818425533977,0.0010671818425533977,0.0,0.0,1.0076548134276029
2018-04-13,-0.0006262754983921424,-0.0006262754983921424,0.0,0.0,1.0070237439071164
2018-04-16,-0.0013745083949020032,-0.0013745083949020032,0.0,0.0,1.0056395813172503
2018-04-17,-0.007915585987083164,-0.007915585987083164,0.0,0.0,0.9976793547393192
2018-04-18,0.004311185731549525,0.004311185731549525,0.0,0.0,1.0019805357381328
2018-04-19,0.008324431189158845,0.008324431189158845,0.0,0.0,1.0103214537607614
2018-04-20,-0.0027621475059168067,-0.0027621475059168067,0.0,0.0,1.007530796877082
2018-04-23,-0.0008053316337491724,-0.0008053316337491724,0.0,0.0,1.0067194004543802
2018-04-24,-0.011069330700877539,-0.011069330700877539,0.0,0.0,0.9955756904877615
2018-04-25,0.0007689834204991777,0.0007689834204991777,0.0,0.0,0.9963412716875986
2018-04-26,-0.0025819489222508865,-0.0025819489222508865,0.0,0.0,0.9937687694149707
2018-04-27,0.004641530854886397,0.004641530854886397,0.0,0.0,0.9983813778208328
2018-04-30,0.008861409364329982,0.008861409364329982,0.0,0.0,1.007228443911427
2018-05-02,0.0008621354127041749,0.0008621354127041749,0.0,0.0,1.0080968112216058
2018-05-03,-0.007299111730590518,-0.007299111730590518,0.0,0.0,1.0007385999612473
2018-05-04,-0.0007387528946151361,-0.0007387528946151361,0.0,0.0,0.9999993014237728
2018-05-07,0.0023287431967162287,0.0023287431967162287,0.0,0.0,1.0023280429936845
2018-05-08,0.004847794636596951,0.004847794636596951,0.0,0.0,1.0071871235046201
2018-05-09,-0.0016800506376422981,-0.0016800506376422981,0.0,0.0,1.005494998135551
2018-05-10,0.0024414774662663563,0.0024414774662663563,0.0,0.0,1.0079498915159426
2018-05-11,0.005603934364426634,0.005603934364426634,0.0,0.0,1.013598376550629
2018-05-14,0.004100217992499697,0.004100217992499697,0.0,0.0,1.0177543508513303
2018-05-15,-0.002105896010037434,-0.002105896010037434,0.0,0.0,1.0156110660246742
2018-05-16,0.005543233187574282,0.005543233187574282,0.0,0.0,1.0212408349915298
2018-05-17,0.00017221868592176597,0.00017221868592176597,0.0,0.0,1.021416711746142
2018-05-18,0.0034378361003237394,0.0034378361003237394,0.0,0.0,1.0249281749912569
2018-05-21,0.0078484604098276,0.0078484604098276,0.0,0.0,1.0329722831955928
2018-05-22,-0.0031714040015423067,-0.0031714040015423067,0.0,0.0,1.029696310763184
2018-05-23,-0.001384712413476794,-0.001384712413476794,0.0,0.0,1.028270477499559
2018-05-24,0.004360044780542632,0.004360044780542632,0.0,0.0,1.032753782827967
2018-05-25,0.0009022136847407323,0.0009022136847407323,0.0,0.0,1.033685547423802
2018-05-28,0.003723899597689507,0.003723899597689507,0.0,0.0,1.0375348886179911
2018-05-29,-0.0016686106884690765,-0.0016686106884690765,0.0,0.0,1.0358036468131835
2018-05-30,-0.012195931582684559,-0.012195931582684559,0.0,0.0,1.0231710564035548
2018-05-31,0.007864578887280585,0.007864578887280585,0.0,0.0,1.0312178658918227
2018-06-01,0.004522917546874232,0.004522917546874232,0.0,0.0,1.035881979272115
2018-06-04,0.008244437408742254,0.008244437408742254,0.0,0.0,1.044422243413068
2018-06-05,0.0018485780056699608,0.0018485780056699608,0.0,0.0,1.0463529394008741
2018-06-06,0.0062651475346953535,0.0062651475346953535,0.0,0.0,1.0529084949395828
2018-06-07,0.004208703118545392,0.004208703118545392,0.0,0.0,1.057339874205778
2018-06-08,-0.004259088593687048,-0.004259088593687048,0.0,0.0,1.0528365700078977
2018-06-11,0.000277983396974842,0.000277983396974842,0.0,0.0,1.0531292410940878
2018-06-12,-0.0017179429406862816,-0.0017179429406862816,0.0,0.0,1.0513200251487198
2018-06-13,-0.002375121760634316,-0.002375121760634316,0.0,0.0,1.0488230120795985
2018-06-14,-0.01038463475375108,-0.01038463475375108,0.0,0.0,1.0379313681778228
2018-06-15,0.0012196873039648482,0.0012196873039648482,0.0,0.0,1.0391973198899762
2018-06-19,-0.01031467750521194,-0.01031467750521194,0.0,0.0,1.0284783346710304
2018-06-20,0.0033492581430076664,0.0033492581430076664,0.0,0.0,1.0319229741083344
2018-06-21,0.003080393961301213,0.003080393961301213,0.0,0.0,1.0351017034063057
2018-06-22,-0.001985539064402437,-0.001985539064402437,0.0,0.0,1.033046468538563
2018-06-25,-0.0026192113807177618,-0.0026192113807177618,0.0,0.0,1.0303407014713566
2018-06-26,-0.0025208331458221444,-0.0025208331458221444,0.0,0.0,1.027743384479598
2018-06-27,-0.0038164001371965165,-0.0038164001371965165,0.0,0.0,1.0238211044860672
2018-06-28,-0.005043361872726349,-0.005043361872726349,0.0,0.0,1.0186576041632096
2018-06-29,0.012666276803530503,0.012666276803530503,0.0,0.0,1.0315602033455622
2018-07-02,-0.005739832564828823,-0.005739832564828823,0.0,0.0,1.025639220497818
2018-07-03,-0.006829308401932701,-0.006829308401932701,0.0,0.0,1.0186348139519206
2018-07-04,0.0019351013621111855,0.0019351013621111855,0.0,0.0,1.020605975567893
2018-07-05,-0.007014786625433738,-0.007014786625433738,0.0,0.0,1.0134466424206414
2018-07-06,-0.002520838888271418,-0.002520838888271418,0.0,0.0,1.0108919067132394
2018-07-09,0.009023495294112165,0.009023495294112165,0.0,0.0,1.0200136850763224
2018-07-10,0.002637683681901725,0.002637683681901725,0.0,0.0,1.0227041585287646
2018-07-11,-0.007232901312234819,-0.007232901312234819,0.0,0.0,1.0153070402785138
2018-07-12,0.004845900468229051,0.004845900468229051,0.0,0.0,1.0202271171403958
2018-07-13,0.005958597699004572,0.005958597699004572,0.0,0.0,1.0263062400930507
2018-07-16,-0.00355770778147724,-0.00355770778147724,0.0,0.0,1.022654942396493
2018-07-17,-2.3696308335310326e-06,-2.3696308335310326e-06,0.0,0.0,1.0226525190818094
2018-07-18,0.003503676371109727,0.003503676371109727,0.0,0.0,1.0262355625487722
2018-07-19,-0.004184152123833792,-0.004184152123833792,0.0,0.0,1.02194163684018
2018-07-20,-6.843418447304229e-05,-6.843418447304229e-05,0.0,0.0,1.0218717010976837
2018-07-23,-0.0022064575686175716,-0.0022064575686175716,0.0,0.0,1.0196169845486405
2018-07-24,0.005818538133686584,0.005818538133686584,0.0,0.0,1.0255496648549913
2018-07-25,-0.0009070992577475242,-0.0009070992577475242,0.0,0.0,1.024619389515218
2018-07-26,0.0030934828648951527,0.0030934828648951527,0.0,0.0,1.0277890320397227
2018-07-27,0.0010988165161480096,0.0010988165161480096,0.0,0.0,1.0289183836032438
2018-07-30,-0.0025505710231916406,-0.0025505710231916406,0.0,0.0,1.0262940541887962
2018-07-31,0.005776963056392017,0.005776963056392017,0.0,0.0,1.0322229170248396
2018-08-01,0.002369654299770165,0.002369654299770165,0.0,0.0,1.034668928498489
2018-08-02,-0.012032868335995076,-0.012032868335995076,0.0,0.0,1.0222188935105214
2018-08-03,0.006121177826931473,0.006121177826931473,0.0,0.0,1.0284760771357484
2018-08-06,0.0028160366539175643,0.0028160366539175643,0.0,0.0,1.03137230346664
2018-08-07,0.0010851260008001664,0.0010851260008001664,0.0,0.0,1.0324914723696368
2018-08-08,0.0034321310747665095,0.0034321310747665095,0.0,0.0,1.036035118436388
2018-08-09,-0.005224368653158197,-0.005224368653158197,0.0,0.0,1.030622489040058
2018-08-10,-0.003052220902642553,-0.003052220902642553,0.0,0.0,1.0274768015362763
2018-08-13,-0.016667845945845628,-0.016667845945845628,0.0,0.0,1.0103509764953396
2018-08-14,0.006191096423690954,0.006191096423690954,0.0,0.0,1.0166061568125924
2018-08-15,-0.011585243150098824,-0.011585243150098824,0.0,0.0,1.004828527298031
2018-08-16,-0.005655627889650773,-0.005655627889650773,0.0,0.0,0.9991455910547276
2018-08-17,0.0005629058460242588,0.0005629058460242588,0.0,0.0,0.9997080159489617
2018-08-20,0.0018290924763057835,0.0018290924763057835,0.0,0.0,1.0015365743594367
2018-08-21,0.007017723727018826,0.007017723727018826,0.0,0.0,1.008565081340796
2018-08-22,0.0013504690381232808,0.0013504690381232808,0.0,0.0,1.0099271172560789
2018-08-23,0.003970722449778062,0.003970722449778062,0.0,0.0,1.0139372575332073
2018-08-24,-0.007490501905977475,-0.007490501905977475,0.0,0.0,1.0063423585731133
2018-08-27,0.007509421623473414,0.007509421623473414,0.0,0.0,1.0138994076411996
2018-08-28,0.004489723331651674,0.004489723331651674,0.0,0.0,1.018451535467634
2018-08-29,0.0016277101221966828,0.0016277101221966828,0.0,0.0,1.0201092793408815
2018-08-30,-0.0030602779315391845,-0.0030602779315391845,0.0,0.0,1.0169874614255563
2018-08-31,0.0038066496256431953,0.0038066496256431953,0.0,0.0,1.0208587763648758
2018-09-03,-0.010489771771965003,-0.010489771771965003,0.0,0.0,1.0101502007894008
2018-09-04,0.001950796443302585,0.001950796443302585,0.0,0.0,1.012120798208302
2018-09-05,-0.0118762221906787,-0.0118762221906787,0.0,0.0,1.000100626724973
2018-09-06,-0.004054715568249334,-0.004054715568249334,0.0,0.0,0.9960455031439753
2018-09-07,-0.008913700074707386,-0.008913700074707386,0.0,0.0,0.9871670522681889
2018-09-10,-0.010329091208058206,-0.010329091208058206,0.0,0.0,0.9769705137477208
2018-09-11,0.006719925313890873,0.006719925313890873,0.0,0.0,0.983535682633979
2018-09-12,-0.0010036248881562244,-0.0010036248881562244,0.0,0.0,0.9825485817444978
2018-09-13,0.005684190430277361,0.005684190430277361,0.0,0.0,0.9881335749901324
2018-09-14,0.005986605565321105,0.005986605565321105,0.0,0.0,0.994049140949449
2018-09-17,-0.0005106002186511734,-0.0005106002186511734,0.0,0.0,0.9935415792407302
2018-09-18,0.0010375770728199662,0.0010375770728199662,0.0,0.0,0.9945724552042436
2018-09-19,0.007012160433107344,0.007012160433107344,0.0,0.0,1.0015465568224853
2018-09-20,-0.0040232893487912175,-0.0040232893487912175,0.0,0.0,0.9975170452281028
2018-09-21,0.01274446102879948,0.01274446102879948,0.0,0.0,1.0102298623365755
2018-09-25,0.0006251268435847434,0.0006251268435847434,0.0,0.0,1.0108613841417131
2018-09-26,-0.002236029980784354,-0.002236029980784354,0.0,0.0,1.0086010677803552
2018-09-27,0.004966912600834978,0.004966912600834978,0.0,0.0,1.013610701133129
2018-09-28,-0.0014348754381742967,-0.0014348754381742967,0.0,0.0,1.0121562960342023
2018-10-01,0.0020141397054235536,0.0020141397054235536,0.0,0.0,1.0141949202181393
2018-10-02,-0.00871635858694757,-0.00871635858694757,0.0,0.0,1.0053548336164573
2018-10-03,-0.0031563759108989052,-0.0031563759108989052,0.0,0.0,1.0021815558377245
2018-10-04,-0.007081079918274627,-0.007081079918274627,0.0,0.0,0.9950850281482168
2018-10-05,-0.013054041429518059,-0.013054041429518059,0.0,0.0,0.9820951469648768
2018-10-08,-0.00019729176157785042,-0.00019729176157785042,0.0,0.0,0.9819013876832949
2018-10-09,0.0026742103874728075,0.0026742103874728075,0.0,0.0,0.9845271985737116
2018-10-11,-0.05377392676337063,-0.05377392676337063,0.0,0.0,0.9315853051010624
2018-10-12,0.015576882261050595,0.015576882261050595,0.0,0.0,0.9460964997147466
2018-10-15,-0.012562981620736864,-0.012562981620736864,0.0,0.0,0.9342107067773868
2018-10-16,0.0013593448781578075,0.0013593448781578075,0.0,0.0,0.9354806213167648
2018-10-17,-0.0006953969366395653,-0.0006953969366395653,0.0,0.0,0.9348300909584154
2018-10-18,-9.940968713373984e-05,-9.940968713373984e-05,0.0,0.0,0.93473715979155
2018-10-19,-0.004216765607095174,-0.004216765607095174,0.0,0.0,0.9307955922844672
2018-10-22,0.004089214662430547,0.004089214662430547,0.0,0.0,0.9346018152681626
2018-10-23,-0.012565765551424489,-0.012565765551424489,0.0,0.0,0.9228578279735671
2018-10-24,-0.0036633557831657615,-0.0036633557831657615,0.0,0.0,0.9194770714124203
2018-10-25,-0.01859691683416775,-0.01859691683416775,0.0,0.0,0.9023776327844394
2018-10-26,-0.0005909011393376762,-0.0005909011393376762,0.0,0.0,0.9018444168131142
2018-10-29,0.00034928542224043604,0.00034928542224043604,0.0,0.0,0.9021594179210359
2018-10-30,0.003870341035983426,0.003870341035983426,0.0,0.0,0.9056510825372147
2018-10-31,0.020185194040448842,0.020185194040448842,0.0,0.0,0.923931825371171
2018-11-01,0.00236075121426217,0.00236075121426217,0.0,0.0,0.9261129985498116
2018-11-02,0.01008034264189234,0.01008034264189234,0.0,0.0,0.9354485349003039
2018-11-05,0.0011324926673883858,0.0011324926673883858,0.0,0.0,0.9365079235067977
2018-11-06,-0.004234131504981501,-0.004234131504981501,0.0,0.0,0.9325426258032127
2018-11-07,0.010643874432318911,0.010643874432318911,0.0,0.0,0.942468492415047
2018-11-08,0.004561172881430627,0.004561172881430627,0.0,0.0,0.9467672541442533
2018-11-09,-0.00603465531487148,-0.00603465531487148,0.0,0.0,0.9410538401020855
2018-11-12,-0.00035692002781221536,-0.00035692002781221536,0.0,0.0,0.9407179591393035
2018-11-13,-0.0007923755997384545,-0.0007923755997384545,0.0,0.0,0.9399725571822457
2018-11-14,0.004724264076976708,0.004724264076976708,0.0,0.0,0.9444132357674857
2018-11-15,0.0004931015746284918,0.0004931015746284918,0.0,0.0,0.9448789274211427
2018-11-16,0.0013991124968455414,0.0013991124968455414,0.0,0.0,0.9462009193365036
2018-11-19,0.007116094402599993,0.007116094402599993,0.0,0.0,0.9529341744023292
2018-11-20,-0.004996863448551594,-0.004996863448551594,0.0,0.0,0.9481724924573826
2018-11-21,0.0005770637852353473,0.0005770637852353473,0.0,0.0,0.9487196484649361
2018-11-22,-0.003092637815972811,-0.003092637815972811,0.0,0.0,0.945785602203337
2018-11-23,-0.0045289564510404565,-0.0045289564510404565,0.0,0.0,0.941502180398937
2018-11-26,0.004951705030693567,0.004951705030693567,0.0,0.0,0.9461642214820273
2018-11-27,0.00027693698958026385,0.00027693698958026385,0.0,0.0,0.9464262493531731
2018-11-28,0.00862504072960632,0.00862504072960632,0.0,0.0,0.9545892143014126
2018-11-29,-0.0023971802814396507,-0.0023971802814396507,0.0,0.0,0.9523008918600143
2018-11-30,0.003887425963122672,0.003887425963122672,0.0,0.0,0.9560028910717359
2018-12-03,0.013640083462815943,0.013640083462815943,0.0,0.0,0.9690428502966476
2018-12-04,-0.0007531801586128051,-0.0007531801586128051,0.0,0.0,0.9683129864489586
2018-12-05,-0.010022530835059128,-0.010022530835059128,0.0,0.0,0.9586080396842858
2018-12-06,-0.015417418937850393,-0.015417418937850393,0.0,0.0,0.9438287779392815
2018-12-07,0.005862422524926813,0.005862422524926813,0.0,0.0,0.949361901026747
2018-12-10,-0.01132997023667387,-0.01132997023667387,0.0,0.0,0.9386056589442819
2018-12-11,0.000368544242246337,0.000368544242246337,0.0,0.0,0.9389515766556257
2018-12-12,0.0055834770422450684,0.0055834770422450684,0.0,0.0,0.9441941912276622
2018-12-13,0.004742998072313067,0.004742998072313067,0.0,0.0,0.9486725024565442
2018-12-14,-0.003450661605699443,-0.003450661605699443,0.0,0.0,0.9453989546759346
2018-12-17,-0.0008013845600751936,-0.0008013845600751936,0.0,0.0,0.9446413265505461
2018-12-18,-0.00975020750603317,-0.00975020750603317,0.0,0.0,0.9354308775979039
2018-12-19,0.004823285501858666,0.004823285501858666,0.0,0.0,0.9399427277878127
2018-12-20,-0.0067144446227745715,-0.0067144446227745715,0.0,0.0,0.9336315343935018
2018-12-21,-0.0021853090001630695,-0.0021853090001630695,0.0,0.0,0.9315912609985556
2018-12-22,2.7434109772809883e-05,2.7434109772809883e-05,0.0,0.0,0.9316168183754732
2018-12-24,0.005786253763673364,0.005786253763673364,0.0,0.0,0.9370073896970995
2018-12-25,-0.01081038952362817,-0.01081038952362817,0.0,0.0,0.9268779748279559
2018-12-26,-0.005287786303135658,-0.005287786303135658,0.0,0.0,0.9219768421679825
2018-12-27,0.010181878108095758,0.010181878108095758,0.0,0.0,0.9313642979934239
2018-12-28,0.0074223697152819915,0.0074223697152819915,0.0,0.0,0.9382772281527452
2019-01-02,-0.010052862607036554,-0.010052862607036554,0.0,0.0,0.9288448560908146
2019-01-03,-0.0008959815967627864,-0.0008959815967627864,0.0,0.0,0.9280126281935095
2019-01-04,-0.0031405901008094025,-0.0031405901008094025,0.0,0.0,0.9250981209199789
2019-01-07,0.01686874216153518,0.01686874216153518,0.0,0.0,0.9407033625958987
2019-01-08,-0.003324447076482624,-0.003324447076482624,0.0,0.0,0.9375760440522795
2019-01-09,0.014216314499946668,0.014216314499946668,0.0,0.0,0.9509049199621425
2019-01-10,-0.0013039717368777915,-0.0013039717368777915,0.0,0.0,0.9496649668220539
2019-01-11,-0.0018594552896824754,-0.0018594552896824754,0.0,0.0,0.9478991072760705
2019-01-14,-0.005596014394908132,-0.005596014394908132,0.0,0.0,0.9425946502268331
2019-01-15,0.0071450957623347125,0.0071450957623347125,0.0,0.0,0.9493295792677682
2019-01-16,-0.002848216659268111,-0.002848216659268111,0.0,0.0,0.9466256829449617
2019-01-17,0.0011201554931400616,0.0011201554931400616,0.0,0.0,0.9476860509036601
2019-01-18,0.0045640255893003995,0.0045640255893003995,0.0,0.0,0.9520113142906075
2019-01-21,0.0018310408224103498,0.0018310408224103498,0.0,0.0,0.9537544858704701
2019-01-22,-0.001314732686059114,-0.001314732686059114,0.0,0.0,0.9525005536734207
2019-01-23,0.00024822352923662214,0.00024822352923662214,0.0,0.0,0.9527369867224534
2019-01-24,0.0012229969962890312,0.0012229969962890312,0.0,0.0,0.9539021811954685
2019-01-25,0.00558747810400897,0.00558747810400897,0.0,0.0,0.9592320887462648
2019-01-28,0.0017849640946197207,0.0017849640946197207,0.0,0.0,0.9609442835830839
2019-01-29,-0.0006913834690911082,-0.0006913834690911082,0.0,0.0,0.960279902590697
2019-01-30,0.00010380332326359555,0.00010380332326359555,0.0,0.0,0.9603795828358491
2019-02-11,-0.0020707602805132776,-0.0020707602805132776,0.0,0.0,0.9583908669414968
2019-02-12,0.005484519801054865,0.005484519801054865,0.0,0.0,0.9636471806283876
2019-02-13,0.00276563561808894,0.00276563561808894,0.0,0.0,0.9663122775944045
2019-02-14,-0.0007515944974072682,-0.0007515944974072682,0.0,0.0,0.9655860026037875
2019-02-15,-0.0025005659290282013,-0.0025005659290282013,0.0,0.0,0.9631714911441298
2019-02-18,0.006447541558312417,0.006447541558312417,0.0,0.0,0.9693815793610634
2019-02-19,0.0003991621119407546,0.0003991621119407546,0.0,0.0,0.9697685197595577
2019-02-20,0.006351877019381521,0.005308882380821532,0.3565793636102527,0.0010429946385599892,0.9749169067675847
2019-02-21,0.003106092649157839,0.003106092649157839,0.0,0.0,0.977945089005235
2019-02-22,0.0019330126805137695,0.0019330126805137695,0.0,0.0,0.9798354692631283
2019-02-25,0.003050735643756287,0.003050735643756287,0.0,0.0,0.982824688254226
2019-02-26,0.00033348468170840673,0.00033348468170840673,0.0,0.0,0.9831524452325636
2019-02-27,0.003512345503287666,0.003512345503287666,0.0,0.0,0.9866056163026226
2019-03-04,-0.0034374858101315587,-0.0034374858101315587,0.0,0.0,0.9832141734963862
2019-03-05,-0.0018075570638724347,-0.0018075570638724347,0.0,0.0,0.9814369577717832
2019-03-06,0.0031368485902572947,0.0031368485902572947,0.0,0.0,0.9845155769091959
2019-03-07,-0.0032203293845206277,-0.0032203293845206277,0.0,0.0,0.9813451124673569
2019-03-08,-0.0039883842769275766,-0.0039883842769275766,0.0,0.0,0.9774311310505523
2019-03-11,-0.0009114475892734586,-0.0009114475892734586,0.0,0.0,0.9765402538024756
2019-03-12,0.007915932216424507,0.007915932216424507,0.0,0.0,0.9842704802581861
2019-03-13,-0.0003711438500786686,-0.0003711438500786686,0.0,0.0,0.9839051743226244
2019-03-14,-0.0032897204397509005,-0.0032897204397509005,0.0,0.0,0.9806684013598785
2019-03-15,0.005894035224021105,0.005894035224021105,0.0,0.0,0.9864484954605781
2019-03-18,0.00654509968920818,0.00654509968920818,0.0,0.0,0.992904899201637
2019-03-19,0.0012070817360847281,0.0012070817360847281,0.0,0.0,0.9941034165711324
2019-03-20,0.0023662427706678756,0.0023662427706678756,0.0,0.0,0.9964557065938902
2019-03-21,0.0023701787951634053,0.0023701787951634053,0.0,0.0,0.9988174847799784
2019-03-22,-0.0023764331646109363,-0.0023764331646109363,0.0,0.0,0.9964438617837541
2019-03-25,-0.005332903304237637,-0.005332903304237637,0.0,0.0,0.9911299230207602
2019-03-26,0.004286281849309214,0.004286281849309214,0.0,0.0,0.9953781852201113
2019-03-27,-0.0028044391856493116,-0.0028044391856493116,0.0,0.0,0.9925867076329395
2019-03-28,-0.0011408157781069583,-0.0011408157781069583,0.0,0.0,0.9914543490557326
2019-03-29,0.008411511237042464,0.008411511237042464,0.0,0.0,0.9997939784538294
2019-04-01,-0.003971143524136579,-0.003971143524136579,0.0,0.0,0.9958236530708218
2019-04-02,0.00043492939089824554,0.00043492939089824554,0.0,0.0,0.996256766045694
2019-04-03,0.0015819535420149183,0.0015819535420149183,0.0,0.0,0.9978327979654964
2019-04-08,0.003546201552296973,0.003546201552296973,0.0,0.0,1.0013713141825744
2019-04-09,0.003987665069386246,0.003987665069386246,0.0,0.0,1.0053644475936256
2019-04-10,0.00020776006142144798,0.00020776006142144798,0.0,0.0,1.0055733221730085
2019-04-11,-0.0025629902788372547,-0.0025629902788372547,0.0,0.0,1.002996047523621
2019-04-12,0.0009744358536813205,0.0009744358536813205,0.0,0.0,1.0039734028334288
2019-04-15,0.002541901970224688,0.002541901970224688,0.0,0.0,1.0065254048041443
2019-04-16,0.0016789182629084853,0.0016789182629084853,0.0,0.0,1.0082152786883514
2019-04-17,0.0025946366079256447,0.0025946366079256447,0.0,0.0,1.010831230959106
2019-04-18,-0.006290604377119124,-0.006290604377119124,0.0,0.0,1.004472491593106
2019-04-19,0.0026703930877819545,0.0026703930877819545,0.0,0.0,1.0071548279915234
2019-04-22,0.0005341452130177272,0.0005341452130177272,0.0,0.0,1.0076927949216627
2019-04-23,0.0030062912330269553,0.0030062912330269553,0.0,0.0,1.01072221293662
2019-04-24,0.0014135255543037749,0.0014135255543037749,0.0,0.0,1.0121508946129083
2019-04-25,3.648810772929225e-05,3.648810772929225e-05,0.0,0.0,1.0121878260837893
2019-04-26,-2.0026188143983318e-05,-2.0026188143983318e-05,0.0,0.0,1.012167555819947
2019-04-29,0.004380527068894672,0.004380527068894672,0.0,0.0,1.016601383196473
2019-04-30,0.0025774634811495186,0.0025774634811495186,0.0,0.0,1.019221636136548
2019-05-02,0.003088134454684675,0.003088134454684675,0.0,0.0,1.0223691295880615
2019-05-03,0.000163974841853717,0.000163974841853717,0.0,0.0,1.0225367724044019
2019-05-06,-0.014197588631606832,-0.014197588631606832,0.0,0.0,1.0080192159491133
2019-05-07,0.005299019368098334,0.005299019368098334,0.0,0.0,1.013360729297843
2019-05-08,-0.004549655891709788,-0.004549655891709788,0.0,0.0,1.008750286685366
2019-05-09,-0.011326104096869207,-0.011326104096869207,0.0,0.0,0.9973250759306208
2019-05-10,-0.002151642825618105,-0.002151642825618105,0.0,0.0,0.9951791885861857
2019-05-13,-0.006243989114466702,-0.006243989114466702,0.0,0.0,0.9889653005657097
2019-05-14,-0.004193596422800824,-0.004193596422800824,0.0,0.0,0.9848179792189833
2019-05-15,0.002290702271033986,0.002290702271033986,0.0,0.0,0.9870739040005352
2019-05-16,-0.006788518201965847,-0.006788518201965847,0.0,0.0,0.9803731348365421
2019-05-17,-0.0005099215530895918,-0.0005099215530895918,0.0,0.0,0.9798732214450189
2019-05-20,0.009233068734497469,0.009233068734497469,0.0,0.0,0.9889204582497142
2019-05-21,0.010485384661165784,0.010485384661165784,0.0,0.0,0.9992896696537589
2019-05-22,-0.0042817860446672145,-0.0042817860446672145,0.0,0.0,0.9950109250916553
2019-05-23,-0.003339489690682066,-0.003339489690682066,0.0,0.0,0.9916880963651957
2019-05-24,0.0019127879113407234,0.0019127879113407234,0.0,0.0,0.9935849853677436
2019-05-27,0.0029763530091543224,0.0029763530091543224,0.0,0.0,0.9965422450287934
2019-05-28,-0.0008672218646972815,-0.0008672218646972815,0.0,0.0,0.99567802180481
2019-05-29,-0.0006871955743989918,-0.0006871955743989918,0.0,0.0,0.9949937962746994
2019-05-30,0.007709557334569262,0.007709557334569262,0.0,0.0,1.00266475799462
2019-05-31,0.009123716303248692,0.009123716303248692,0.0,0.0,1.0118127867938285
2019-06-03,-0.0010108634861994217,-0.0010108634861994217,0.0,0.0,1.010789982192789
2019-06-04,0.0002957498063522634,0.0002957498063522634,0.0,0.0,1.0110889231342854
2019-06-05,0.0015135209396255627,0.0015135209396255627,0.0,0.0,1.0126192273912726
2019-06-06,0.004340070442266124,0.004340070442266124,0.0,0.0,1.0170140661693439
2019-06-10,0.00498412174558775,0.00498412174558775,0.0,0.0,1.0220829880921072
2019-06-11,-0.00476795736201799,-0.00476795736201799,0.0,0.0,1.0172097399844402
2019-06-12,-0.004967719845772315,-0.004967719845772315,0.0,0.0,1.0121565269718067
2019-06-13,-0.0007014366542026965,-0.0007014366542026965,0.0,0.0,1.0114465632839982
2019-06-14,0.0008421653449752083,0.0008421653449752083,0.0,0.0,1.0122983685278903
2019-06-17,0.0017213039899555906,0.0017213039899555906,0.0,0.0,1.0140408417486628
2019-06-18,0.001515354270366676,0.001515354270366676,0.0,0.0,1.015577472868533
2019-06-19,0.012790838593665164,0.012790838593665164,0.0,0.0,1.0285675604033568
2019-06-20,0.0016544164623325153,0.0016544164623325153,0.0,0.0,1.0302692395079092
2019-06-21,-0.003094104936004369,-0.003094104936004369,0.0,0.0,1.0270814783685343
2019-06-24,0.004654662444571778,0.004654662444571778,0.0,0.0,1.0318621959534116
2019-06-25,-0.0021695075437558695,-0.0021695075437558695,0.0,0.0,1.029623563135174
2019-06-26,-0.000993897529723174,-0.000993897529723174,0.0,0.0,1.0286002228192292
2019-06-27,0.004182133480553688,0.004182133480553688,0.0,0.0,1.0329019662491865
2019-06-28,-0.003686322873609223,-0.003686322873609223,0.0,0.0,1.0290943561048063
2019-07-01,0.0015089406668271192,0.0015089406668271192,0.0,0.0,1.030647198428735
2019-07-02,-0.0021403045286789756,-0.0021403045286789756,0.0,0.0,1.0284412995624679
2019-07-03,-0.0030482134645380197,-0.0030482134645380197,0.0,0.0,1.0253063909456546
2019-07-04,0.001171177078343471,0.001171177078343471,0.0,0.0,1.0265072062890093
2019-07-05,0.0016481536343631081,0.0016481536343631081,0.0,0.0,1.0281990478717544
2019-07-08,-0.0034186000193505654,-0.0034186000193505654,0.0,0.0,1.024684046586804
2019-07-09,-0.00584509383427768,-0.00584509383427768,0.0,0.0,1.0186946721840167
2019-07-10,0.004765950900420463,0.004765950900420463,0.0,0.0,1.0235497209741657
2019-07-11,0.0021807203098749696,0.0021807203098749696,0.0,0.0,1.025781796638861
2019-07-12,-0.0011266208660153235,-0.0011266208660153235,0.0,0.0,1.024626129462789
2019-07-15,-0.002436053760982812,-0.002436053760982812,0.0,0.0,1.0221300851265098
2019-07-16,-0.0019953710031537517,-0.0019953710031537517,0.0,0.0,1.0200905563931972
2019-07-17,0.002526157139256667,0.002526157139256667,0.0,0.0,1.0226674654349184
2019-07-18,-0.0031654708772789167,-0.0031654708772789167,0.0,0.0,1.0194302413559435
2019-07-19,0.0014370772009300852,0.0014370772009300852,0.0,0.0,1.0208952413137347
2019-07-22,-0.0010236145010529057,-0.0010236145010529057,0.0,0.0,1.01985023814067
2019-07-23,-0.0014500820378264875,-0.0014500820378264875,0.0,0.0,1.0183713716290692
2019-07-24,-0.0037295956748267306,-0.0037295956748267306,0.0,0.0,1.014573258166074
2019-07-25,-0.003076418602928969,-0.003076418602928969,0.0,0.0,1.0114520061206176
2019-07-26,-0.00155145545915812,-0.00155145545915812,0.0,0.0,1.0098827833840454
2019-07-29,-0.00023120606720249056,-0.00023120606720249056,0.0,0.0,1.0096492923573637
2019-07-30,-0.0020083953585380253,-0.0020083953585380253,0.0,0.0,1.007621517404842
2019-07-31,-0.0011743396591975806,-0.0011743396591975806,0.0,0.0,1.0064382274954926
2019-08-01,-0.009802359125937549,-0.009802359125937549,0.0,0.0,0.9965727585515097
2019-08-02,-0.011999501438657932,-0.011999501438657932,0.0,0.0,0.9846143823015436
2019-08-05,-0.0056486755812808235,-0.0056486755812808235,0.0,0.0,0.979052615083259
2019-08-06,-0.008560257102017308,-0.008560257102017308,0.0,0.0,0.970671672981744
2019-08-07,-0.0017612746672317709,-0.0017612746672317709,0.0,0.0,0.9689620535539217
2019-08-08,0.006528108728217363,0.006528108728217363,0.0,0.0,0.9752875431930386
2019-08-12,-0.0035120970060231126,-0.0035120970060231126,0.0,0.0,0.9718622387325787
2019-08-13,-0.008389481148511905,-0.008389481148511905,0.0,0.0,0.9637088188017812
2019-08-14,0.0006088537382829111,0.0006088537382829111,0.0,0.0,0.9642955765187248
2019-08-15,-0.010168150920662561,-0.010168150920662561,0.0,0.0,0.9544904735645551
2019-08-16,0.011647831333403915,0.011647831333403915,0.0,0.0,0.9656082176099758
2019-08-19,0.004922647028445145,0.004922647028445145,0.0,0.0,0.9703615660330358
2019-08-20,-0.0018558637805476817,-0.0018558637805476817,0.0,0.0,0.9685607071485995
2019-08-21,-0.00017680586259025046,-0.00017680586259025046,0.0,0.0,0.9683894599373011
2019-08-22,0.0012308797551002842,0.0012308797551002842,0.0,0.0,0.9695814309185905
2019-08-23,0.0025311880795545853,0.0025311880795545853,0.0,0.0,0.9720356238786891
2019-08-26,-0.01153462454605773,-0.01153462454605773,0.0,0.0,0.9608235579118555
2019-08-27,-0.001210595774302834,-0.001210595774302834,0.0,0.0,0.9596603889727968
2019-08-28,0.0026935631945123346,0.0026935631945123346,0.0,0.0,0.9622452948757654
2019-08-29,0.0013230982390531566,0.0013230982390531566,0.0,0.0,0.9635184399309527
2019-08-30,0.013485741185588302,0.013485741185588302,0.0,0.0,0.9765122002394032
2019-09-02,0.0030031783376669777,0.0030031783376669777,0.0,0.0,0.9794448405256296
2019-09-03,-0.00531844176412623,-0.00531844176412623,0.0,0.0,0.9742357201801202
2019-09-04,0.00709905205174261,0.00709905205174261,0.0,0.0,0.9811518702683458
2019-09-05,0.004294216098936712,0.004294216098936712,0.0,0.0,0.9853651484251541
2019-09-06,0.0028771270922853046,0.0028771270922853046,0.0,0.0,0.988200169189482
2019-09-09,0.005390108080440454,0.005390108080440454,0.0,0.0,0.9935266749065227
2019-09-10,0.005100155112358191,0.005100155112358191,0.0,0.0,0.9985938150568114
2019-09-11,0.0027831012000119155,0.0027831012000119155,0.0,0.0,1.0013730027018206
2019-09-12,0.0005415373881855478,0.0005415373881855478,0.0,0.0,1.0019152836223033
2019-09-16,0.0038150637054724643,0.0038150637054724643,0.0,0.0,1.0057376542568088
2019-09-17,-0.00028618395926579654,-0.00028618395926579654,0.0,0.0,1.005449828272931
2019-09-18,0.0026381991377930998,0.0026381991377930998,0.0,0.0,1.0081024051429748
2019-09-19,-0.0032302172729007294,-0.0032302172729007294,0.0,0.0,1.0048460153410292
2019-09-20,0.0040608321814893,0.0040608321814893,0.0,0.0,1.0089265263775673
2019-09-23,-0.004078326581702589,-0.004078326581702589,0.0,0.0,1.0048117945060568
2019-09-24,-0.0014374736120277307,-0.0014374736120277307,0.0,0.0,1.0033674040664002
2019-09-25,-0.005111285279715084,-0.005111285279715084,0.0,0.0,0.9982389070238498
2019-09-26,-0.0022202338318700696,-0.0022202338318700696,0.0,0.0,0.9960225832301864
2019-09-27,-0.008125887875262468,-0.008125887875262468,0.0,0.0,0.9879290153976287
2019-10-01,0.009033267769245271,0.009033267769245271,0.0,0.0,0.9968532427307223
2019-10-02,-0.00372657759483635,-0.00372657759483635,0.0,0.0,0.993138391771022
2019-10-03,-0.0062959493505949414,-0.0062959493505949414,0.0,0.0,0.9868856427583004
2019-10-04,0.0035398159425365284,0.0035398159425365284,0.0,0.0,0.9903790362899967
2019-10-07,0.0007550032989115331,0.0007550032989115331,0.0,0.0,0.9911267757295683
2019-10-08,0.001775187477415113,0.001775187477415113,0.0,0.0,0.9928862115703742
2019-10-09,-0.00980113393079864,-0.00980113393079864,0.0,0.0,0.9831548008327297
2019-10-14,0.010170577618502737,0.010170577618502737,0.0,0.0,0.9931540530456027
2019-10-15,0.0005006256741120019,0.0005006256741120019,0.0,0.0,0.9936512514629057
2019-10-16,0.004607290050467259,0.004607290050467259,0.0,0.0,0.998229290987405
2019-10-17,0.0047525660830563185,0.0047525660830563185,0.0,0.0,1.0029734416588652
2019-10-18,-0.0007396204662147242,-0.0007396204662147242,0.0,0.0,1.0022316219743446
2019-10-21,0.0038720059205662634,0.0038720059205662634,0.0,0.0,1.006112268748408
2019-10-22,0.0034531625127446966,0.0034531625127446966,0.0,0.0,1.0095865379184628
2019-10-23,-0.004408656905557032,-0.004408656905557032,0.0,0.0,1.005135617256311
2019-10-24,0.006178346246891013,0.006178346246891013,0.0,0.0,1.011345693124803
2019-10-25,-0.0007282294507137157,-0.0007282294507137157,0.0,0.0,1.0106092014062171
2019-10-28,0.0006885646744045235,0.0006885646744045235,0.0,0.0,1.0113050712019336
2019-10-29,-0.00037326361494676504,-0.00037326361494676504,0.0,0.0,1.0109275878152428
2019-10-30,0.005750690677188701,0.005750690677188701,0.0,0.0,1.0167411196698048
2019-10-31,-0.0016078299963217704,-0.0016078299963217704,0.0,0.0,1.0151063727991059
2019-11-01,0.0023740615603015996,0.0023740615603015996,0.0,0.0,1.0175162978183854
2019-11-04,0.007246783408569683,0.007246783408569683,0.0,0.0,1.0248900180433649
2019-11-05,0.005217641317154083,0.005217641317154083,0.0,0.0,1.0302375265470467
2019-11-06,0.0025463659083857456,0.0025463659083857456,0.0,0.0,1.0328608882621857
2019-11-07,-0.0009156243279773514,-0.0009156243279773514,0.0,0.0,1.0319151757054765
2019-11-08,-0.0005559708645927969,-0.0005559708645927969,0.0,0.0,1.0313414609330531
2019-11-11,-0.008096590343399625,-0.008096590343399625,0.0,0.0,1.022991111619715
2019-11-12,0.002973697800827865,0.002973697800827865,0.0,0.0,1.026033178038605
2019-11-13,-0.006176175911652183,-0.006176175911652183,0.0,0.0,1.0196962166398469
2019-11-14,-0.0024910310227334574,-0.0024910310227334574,0.0,0.0,1.0171561217304332
2019-11-15,0.002890724701041356,0.002890724701041356,0.0,0.0,1.020096440056335
2019-11-18,0.005548370850912361,0.005548370850912361,0.0,0.0,1.025756313409463
2019-11-19,0.0002036540122660779,0.0002036540122660779,0.0,0.0,1.0259652127982961
2019-11-20,0.00038331229104543495,0.00038331229104543495,0.0,0.0,1.0263584778745467
2019-11-21,-0.0069491700758449355,-0.0069491700758449355,0.0,0.0,1.0192261382530112
2019-11-22,0.0030046669785174737,0.0030046669785174737,0.0,0.0,1.022288573374262
2019-11-25,0.0018987679897868842,0.0018987679897868842,0.0,0.0,1.02422966219371
2019-11-26,-0.00041561649215431773,-0.00041561649215431773,0.0,0.0,1.0238039754543486
2019-11-27,0.006408577882745717,0.006408577882745717,0.0,0.0,1.0303651029677123
2019-11-28,-0.0021738733762323875,-0.0021738733762323875,0.0,0.0,1.0281252197025719
2019-11-29,-0.00615710081947197,-0.00615710081947197,0.0,0.0,1.0217949490698213
2019-12-02,-0.0019228375985807225,-0.0019228375985807225,0.0,0.0,1.0198302033237099
2019-12-03,0.0014908312050109307,0.0014908312050109307,0.0,0.0,1.0213505980146376
2019-12-04,-0.0006577425699741638,-0.0006577425699741638,0.0,0.0,1.0206788122474548
2019-12-05,0.00017155956680616516,0.00017155956680616516,0.0,0.0,1.0208539194623323
2019-12-06,-0.0009671721508466516,-0.0009671721508466516,0.0,0.0,1.0198665779813456
2019-12-09,0.0033071771357334216,0.0033071771357334216,0.0,0.0,1.0232394574095443
2019-12-10,0.000555104476796323,0.000555104476796323,0.0,0.0,1.023807462213187
2019-12-11,0.001062530592361882,0.001062530592361882,0.0,0.0,1.024895288962477
2019-12-12,0.0033181518315688325,0.0033181518315688325,0.0,0.0,1.028296047142714
2019-12-13,0.006016641114719424,0.006016641114719424,0.0,0.0,1.0344829354180562
2019-12-16,0.0007958533163828022,0.0007958533163828022,0.0,0.0,1.03530623209295
2019-12-17,0.005953184473943893,0.005953184473943893,0.0,0.0,1.0414696010796232
2019-12-18,0.004346059635273089,0.004346059635273089,0.0,0.0,1.0459958900742392
2019-12-19,-0.002806388886505408,-0.002806388886505408,0.0,0.0,1.0430604188330046
2019-12-20,-0.000524544938402871,-0.000524544938402871,0.0,0.0,1.0425132867698574
2019-12-23,0.004553331602569473,0.004553331602569473,0.0,0.0,1.0472601954646052
2019-12-24,-0.0035665548048894953,-0.0035665548048894953,0.0,0.0,1.0435250845825015
2019-12-25,0.0015405944764656575,0.0015405944764656575,0.0,0.0,1.0451327335638627
2019-12-26,-0.0009840705280086174,-0.0009840705280086174,0.0,0.0,1.0441042492429053
2019-12-27,0.002820881290372447,0.002820881290372447,0.0,0.0,1.047049543384793
2019-12-30,-0.0018060941770226494,-0.0018060941770226494,0.0,0.0,1.0451584733014316
2019-12-31,-0.004785141399214945,-0.004785141399214945,0.0,0.0,1.0401572422220966
2020-01-02,0.002147303145491548,0.002147303145491548,0.0,0.0,1.0423907751401258
2020-01-03,0.0015053731255678551,0.0015053731255678551,0.0,0.0,1.0439599621993616
2020-01-06,-0.009452253490664876,-0.009452253490664876,0.0,0.0,1.0340921880025482
2020-01-07,-0.0022995662781043484,-0.0022995662781043484,0.0,0.0,1.0317142244785664
2020-01-08,-0.005780226739800535,-0.005780226739800535,0.0,0.0,1.0257506823304028
2020-01-09,0.006039993313476007,0.006039993313476007,0.0,0.0,1.031946209592972
2020-01-10,0.0033886529901333362,0.0033886529901333362,0.0,0.0,1.0354431172017657
2020-01-13,0.0077201532016504875,0.0077201532016504875,0.0,0.0,1.0434368966981578
2020-01-14,0.0023222284424505527,0.0023222284424505527,0.0,0.0,1.0458599955375725
2020-01-15,-0.0029704886891103706,-0.0029704886891103706,0.0,0.0,1.0427532802504351
2020-01-16,0.0015643129057192852,0.0015643129057192852,0.0,0.0,1.044384472664212
2020-01-17,0.004555585447597855,0.004555585447597855,0.0,0.0,1.0491422553695782
2020-01-20,0.003951496556310574,0.003951496556310574,0.0,0.0,1.053287937378751
2020-01-30,-0.05103710620273407,-0.05103710620273407,0.0,0.0,0.9995311690566929
2020-01-31,0.007227330730033015,0.007227330730033015,0.0,0.0,1.0067551113904423
2020-02-03,-0.004730832629158757,-0.004730832629158757,0.0,0.0,1.001992321459904
2020-02-04,0.010412586852513471,0.010412586852513471,0.0,0.0,1.012425653532657
2020-02-05,0.00177228014507183,0.00177228014507183,0.0,0.0,1.0142199554167743
2020-02-06,0.01141946509719344,0.01141946509719344,0.0,0.0,1.0258018047985333
2020-02-07,-0.007960362742789896,-0.007960362742789896,0.0,0.0,1.0176360503301285
2020-02-10,-0.00032557310980131735,-0.00032557310980131735,0.0,0.0,1.0173047353965765
2020-02-11,0.0021711176222396155,0.0021711176222396155,0.0,0.0,1.0195134236347838
2020-02-12,0.0016867707857817435,0.0016867707857817435,0.0,0.0,1.0212331090934832
2020-02-13,0.003331990922661262,0.003331990922661262,0.0,0.0,1.0246358485429037
2020-02-14,0.0004406860798869397,0.0004406860798869397,0.0,0.0,1.0250873912983096
2020-02-17,-0.002332169173969521,-0.002332169173969521,0.0,0.0,1.0226967140836989
2020-02-18,0.0016722720449592653,0.0016722720449592653,0.0,0.0,1.0244069412091328
2020-02-19,0.009394108108462161,0.009394108108462161,0.0,0.0,1.0340303307619103
2020-02-20,-0.003903732216248827,-0.003903732216248827,0.0,0.0,1.0299937532471366
2020-02-21,-0.004568439073954329,-0.004568439073954329,0.0,0.0,1.0252882895388735
2020-02-24,-0.009530094633000134,-0.009530094633000134,0.0,0.0,1.0155171951134612
2020-02-25,-0.003103042760589777,-0.003103042760589777,0.0,0.0,1.01236600183291
2020-02-26,-0.006370810109571402,-0.006370810109571402,0.0,0.0,1.0059164102738465
2020-02-27,-0.006985882046516116,-0.006985882046516116,0.0,0.0,0.9988891968830186
2020-03-02,-0.01189818777946694,-0.01189818777946694,0.0,0.0,0.9870042256476235
2020-03-03,0.008352283229648254,0.008352283229648254,0.0,0.0,0.9952479644890921
2020-03-04,0.006697357903333626,0.006697357903333626,0.0,0.0,1.0019134963098397
2020-03-05,0.009233347409339841,0.009233347409339841,0.0,0.0,1.0111645116953747
2020-03-06,-0.014485102237775507,-0.015349791046267686,0.2956201054674114,0.0008646888084921784,0.9956433477274494
2020-03-09,-0.02249886659548708,-0.02249886659548708,0.0,0.0,0.9732425008702454
2020-03-10,-0.00039199655865589827,-0.00039199655865589827,0.0,0.0,0.9728609931591667
2020-03-11,-0.0027465548327239245,-0.0027465548327239245,0.0,0.0,0.9701889770968368
2020-03-12,-0.038028563153503434,-0.038028563153503434,0.0,0.0,0.9332940843104769
2020-03-13,-0.027284571087699223,-0.027284571087699223,0.0,0.0,0.9078295555213786
2020-03-16,-0.03418998640653015,-0.03418998640653015,0.0,0.0,0.8767908753586563
2020-03-17,-0.033818171631993736,-0.033818171631993736,0.0,0.0,0.8471394110504112
2020-03-18,-0.019553892910310667,-0.019553892910310667,0.0,0.0,0.8305745377266279
2020-03-19,-0.06637618958661531,-0.06637618958661531,0.0,0.0,0.7754441647446699
2020-03-20,0.057608796231092746,0.057608796231092746,0.0,0.0,0.8201165696200355
2020-03-23,-0.03845680783936128,-0.03845680783936128,0.0,0.0,0.7885775042962817
2020-03-24,0.03893303966272076,0.03893303966272076,0.0,0.0,0.8192792235481782
2020-03-25,0.039844144684102106,0.039844144684102106,0.0,0.0,0.8519227034679105
2020-03-26,0.002365801113569133,0.002365801113569133,0.0,0.0,0.8539381831484498
2020-03-27,0.01083652092207139,0.01083652092207139,0.0,0.0,0.8631919021362936
2020-03-30,-0.009075703615561533,-0.009075703615561533,0.0,0.0,0.8553578282691517
2020-03-31,-0.0010071581476306614,-0.0010071581476306614,0.0,0.0,0.8544963476632709
2020-04-01,-0.0026470729461047365,-0.0026470729461047365,0.0,0.0,0.8522344334988261
2020-04-06,0.013845918911911378,0.013845918911911378,0.0,0.0,0.8640344023589895
2020-04-07,0.008755027832573245,0.008755027832573245,0.0,0.0,0.8715990475999432
2020-04-08,0.010343759558520814,0.010343759558520814,0.0,0.0,0.8806146585797527
2020-04-09,0.005830314695183364,0.005830314695183364,0.0,0.0,0.8857489191644643
2020-04-10,0.015832736602694183,0.015832736602694183,0.0,0.0,0.8997727484977164
2020-04-13,-0.007847274525466293,-0.007847274525466293,0.0,0.0,0.8927119847297215
2020-04-14,0.02072925113862239,0.02072925113862239,0.0,0.0,0.9112172356556418
2020-04-15,0.014467055764793273,0.014467055764793273,0.0,0.0,0.9243998662177128
2020-04-16,-0.012341726941065924,-0.012341726941065924,0.0,0.0,0.9129911754844958
2020-04-17,0.0033615355848921114,0.0033615355848921114,0.0,0.0,0.9160602278095795
2020-04-20,-0.002887845790250575,-0.002887845790250575,0.0,0.0,0.9134147871370837
2020-04-21,-0.028074820070512277,-0.028074820070512277,0.0,0.0,0.8877708313384648
2020-04-22,0.00014026423437944998,0.00014026423437944998,0.0,0.0,0.887895353834427
2020-04-23,0.0026525446212407955,0.0026525446212407955,0.0,0.0,0.8902505358794652
2020-04-24,-0.0010652580207031138,-0.0010652580207031138,0.0,0.0,0.8893021893556844
2020-04-27,0.022522730107371366,0.022522730107371366,0.0,0.0,0.9093317025504369
2020-04-28,0.008327919900508587,0.008327919900508587,0.0,0.0,0.9169045441322701
2020-04-29,0.013091662485233826,0.013091662485233826,0.0,0.0,0.9289083489552269
2020-04-30,0.01661213232934433,0.01661213232934433,0.0,0.0,0.9443394973699037
2020-05-04,-0.022583939803786007,-0.022583939803786007,0.0,0.0,0.9230125910069643
2020-05-05,0.005828318752217098,0.005828318752217098,0.0,0.0,0.9283922025996626
2020-05-06,-0.00576710138063269,-0.00576710138063269,0.0,0.0,0.9230380706462814
2020-05-07,0.002448587756417382,0.002448587756417382,0.0,0.0,0.925298210364773
2020-05-08,0.004415955330224264,0.004415955330224264,0.0,0.0,0.9293842859288803
2020-05-11,0.011116699638878442,0.011116699638878442,0.0,0.0,0.9397159718846453
2020-05-12,-0.007920909175980671,-0.007920909175980671,0.0,0.0,0.9322725670201286
2020-05-13,0.0029410911795316316,0.0029410911795316316,0.0,0.0,0.9350144656439108
2020-05-14,-0.010481005526204224,-0.010481005526204224,0.0,0.0,0.925214573862416
2020-05-15,-0.0008297773036862113,-0.0008297773036862113,0.0,0.0,0.9244468518079854
2020-05-18,-0.00021137849351249356,-0.00021137849351249356,0.0,0.0,0.9242514436251178
2020-05-19,0.011459122165148373,0.011459122165148373,0.0,0.0,0.9348425538289328
2020-05-20,0.0018090866455379244,0.0018090866455379244,0.0,0.0,0.9365337650087454
2020-05-21,0.005830192670714045,0.005830192670714045,0.0,0.0,0.9419939373013756
2020-05-22,-0.015305238863935504,-0.015305238863935504,0.0,0.0,0.927576495082599
2020-05-25,0.002414714861468083,0.002414714861468083,0.0,0.0,0.9298163278304235
2020-05-26,0.012391711186670533,0.012391711186670533,0.0,0.0,0.9413383432215485
2020-05-27,0.0017749211563509286,0.0017749211563509286,0.0,0.0,0.9430091445622167
2020-05-28,-0.004948588604951415,-0.004948588604951415,0.0,0.0,0.9383425802550712
2020-05-29,0.0021963280103122905,0.0021963280103122905,0.0,0.0,0.9404034883473542
2020-06-01,0.009129289908874207,0.009129289908874207,0.0,0.0,0.9489887044237938
2020-06-02,0.008595930303187456,0.008595930303187456,0.0,0.0,0.957146145185533
2020-06-03,0.01786089773804866,0.01786089773804866,0.0,0.0,0.9742416346050592
2020-06-04,0.0007699027013606718,0.0007699027013606718,0.0,0.0,0.9749917058713196
2020-06-05,0.0022554401244241694,0.0022554401244241694,0.0,0.0,0.9771907412857225
2020-06-08,0.010314492404288774,0.010314492404288774,0.0,0.0,0.9872699677642555
2020-06-09,-0.0009657444854515553,-0.0009657444854515553,0.0,0.0,0.9863165172372352
2020-06-10,0.0067899887111217486,0.0067899887111217486,0.0,0.0,0.993013595254869
2020-06-11,-0.021310865079071022,-0.021310865079071022,0.0,0.0,0.9718516165047093
2020-06-12,-0.00987006598247757,-0.00987006598247757,0.0,0.0,0.9622593769246304
2020-06-15,-0.008219941556945118,-0.008219941556945118,0.0,0.0,0.9543496610836875
2020-06-16,0.013833924386559117,0.013833924386559117,0.0,0.0,0.9675520621334575
2020-06-17,0.003577314421117361,0.003577314421117361,0.0,0.0,0.9710133000785093
2020-06-18,-0.005427711264317564,-0.005427711264317564,0.0,0.0,0.965742920251871
2020-06-19,-0.006558252042147187,-0.006558252042147187,0.0,0.0,0.95940933477294
2020-06-22,0.0042859192933964365,0.0042859192933964365,0.0,0.0,0.963521285751108
2020-06-23,0.003432696900241173,0.003432696900241173,0.0,0.0,0.9668287622820222
2020-06-24,0.0026928003001645533,0.0026928003001645533,0.0,0.0,0.9694322390633029
2020-06-29,-0.0077591086148465944,-0.0077591086148465944,0.0,0.0,0.9619103090256768
2020-06-30,0.005650599025175174,0.005650599025175174,0.0,0.0,0.9673456784801632
2020-07-01,0.0047556591233951125,0.0047556591233951125,0.0,0.0,0.9719460447815041
2020-07-02,0.005157316129422819,0.005157316129422819,0.0,0.0,0.9769586777951844
2020-07-03,0.0018656746063120903,0.0018656746063120903,0.0,0.0,0.9787813647917631
2020-07-06,0.01075723360278486,0.01075723360278486,0.0,0.0,0.9893103445788807
2020-07-07,-0.003517022900842463,-0.003517022900842463,0.0,0.0,0.9858309174409564
2020-07-08,0.0011086305505394797,0.0011086305505394797,0.0,0.0,0.9869238397136978
2020-07-09,-0.0029705203579938225,-0.0029705203579938225,0.0,0.0,0.9839921623560388
2020-07-10,-0.00705661914147173,-0.00705661914147173,0.0,0.0,0.9770485044280991
2020-07-13,0.005553560003422257,0.005553560003422257,0.0,0.0,0.9824746019236945
2020-07-14,-0.003552709701270784,-0.003552709701270784,0.0,0.0,0.9789841548741881
2020-07-15,0.0034534593947200304,0.0034534593947200304,0.0,0.0,0.9823650369011203
2020-07-16,-0.002303852660772694,-0.002303852660772694,0.0,0.0,0.9801018125970056
2020-07-17,-0.0035706067635201963,-0.0035706067635201963,0.0,0.0,0.9766022544360083
2020-07-20,-0.00013511574153754707,-0.00013511574153754707,0.0,0.0,0.976470300098213
2020-07-21,0.0013715835698395516,0.0013715835698395516,0.0,0.0,0.977809610718264
2020-07-22,0.005316302802362795,0.005316302802362795,0.0,0.0,0.9830079426919028
2020-07-23,-0.005490403373131289,-0.005490403373131289,0.0,0.0,0.9776108325675323
2020-07-24,-0.012597419149498253,-0.012597419149498253,0.0,0.0,0.9652954591445891
2020-07-27,-0.01459103837527151,-0.01459103837527151,0.0,0.0,0.9512107960567351
2020-07-28,-0.006851268646396952,-0.006851268646396952,0.0,0.0,0.9446937953535973
2020-07-29,0.006123680509928875,0.006123680509928875,0.0,0.0,0.950478798336055
2020-07-30,0.006411752586938416,0.006411752586938416,0.0,0.0,0.9565730332301163
2020-07-31,-0.006457639566050437,-0.006457639566050437,0.0,0.0,0.9503958293629127
2020-08-03,-0.008146241826969611,-0.008146241826969611,0.0,0.0,0.942653675105579
2020-08-04,0.008830899802851223,0.008830899802851223,0.0,0.0,0.9509781552592258
2020-08-05,0.004366129248134604,0.004366129248134604,0.0,0.0,0.9551302487972401
2020-08-06,0.0073775906659306395,0.0073775906659306395,0.0,0.0,0.9621768088055145
2020-08-07,-0.008110685335400273,-0.008110685335400273,0.0,0.0,0.9543728954722733
2020-08-10,0.007675050971579567,0.007675050971579567,0.0,0.0,0.9616977560909169
2020-08-11,-0.007496364087576601,-0.007496364087576601,0.0,0.0,0.954488519569054
2020-08-12,-0.002569669310970813,-0.002569669310970813,0.0,0.0,0.9520357997126434
2020-08-13,-0.0018121732702295508,-0.0018121732702295508,0.0,0.0,0.9503105458841026
2020-08-14,-0.0013013408828548643,-0.0013013408828548643,0.0,0.0,0.9490738679193355
2020-08-17,0.00655075071378621,0.00655075071378621,0.0,0.0,0.955291014237044
2020-08-18,-0.0001096925804686973,-0.0001096925804686973,0.0,0.0,0.9551862259005938
2020-08-19,-0.00438571032881876,-0.00438571032881876,0.0,0.0,0.9509970558037162
2020-08-20,-0.0228092548486993,-0.0228092548486993,0.0,0.0,0.9293055215975264
2020-08-21,0.01187011240663743,0.01187011240663743,0.0,0.0,0.9403364825989978
2020-08-24,-0.0027505551020334277,-0.0027505551020334277,0.0,0.0,0.9377500352891569
2020-08-25,0.005983863640311357,0.005983863640311357,0.0,0.0,0.9433614036290243
2020-08-26,0.0022687527112391585,0.0022687527112391585,0.0,0.0,0.945501657371186
2020-08-27,-0.00278405299827716,-0.00278405299827716,0.0,0.0,0.9428693306471058
2020-08-28,0.0013925844018803043,0.0013925844018803043,0.0,0.0,0.9441823557699762
2020-08-31,-0.005259668558426477,-0.005259668558426477,0.0,0.0,0.9392162695199118
2020-09-01,-0.0009311314940156314,-0.0009311314940156314,0.0,0.0,0.93834173567167
2020-09-02,-0.0021506984631516598,-0.0021506984631516598,0.0,0.0,0.9363236455428499
2020-09-03,0.002923548610649731,0.002923548610649731,0.0,0.0,0.9390610332358952
2020-09-04,-0.004588665868964847,-0.004588665868964847,0.0,0.0,0.9347519959238108
2020-09-07,0.005388142018295454,0.005388142018295454,0.0,0.0,0.9397885724297335
2020-09-08,0.00048009477325809463,0.00048009477325809463,0.0,0.0,0.9402397600113247
2020-09-09,-0.0020444257661995464,-0.0020444257661995464,0.0,0.0,0.9383175096195523
2020-09-10,0.004231960995280175,0.004231960995280175,0.0,0.0,0.9422884327214506
2020-09-11,-0.00033230624308629484,-0.00033230624308629484,0.0,0.0,0.9419753043924692
2020-09-14,0.0003100683738331504,0.0003100683738331504,0.0,0.0,0.9422673811432931
2020-09-15,0.00018565688526583763,0.00018565688526583763,0.0,0.0,0.9424423195703637
2020-09-16,0.000992250622415011,0.000992250622415011,0.0,0.0,0.9433774585485476
2020-09-17,-0.0048934353427988065,-0.0048934353427988065,0.0,0.0,0.9387611019512864
2020-09-18,3.7334359100897725e-05,3.7334359100897725e-05,0.0,0.0,0.9387961499953766
2020-09-21,-0.006547005175751413,-0.006547005175751413,0.0,0.0,0.9326498467423814
2020-09-22,-0.010996792097415798,-0.010996792097415798,0.0,0.0,0.9223936902780687
2020-09-23,-0.006241803211710951,-0.006241803211710951,0.0,0.0,0.9166362903796291
2020-09-24,-0.025264782777660325,-0.025264782777660325,0.0,0.0,0.8934776736170674
2020-09-25,0.006182597019863109,0.006182597019863109,0.0,0.0,0.8990016860192864
2020-09-28,0.016714944428710698,0.016714944428710698,0.0,0.0,0.914028449242416
2020-09-29,0.0005298115031192506,0.0005298115031192506,0.0,0.0,0.9145127120290028
2020-09-30,-0.0007127954732271314,-0.0007127954732271314,0.0,0.0,0.9138608515076598
2020-10-05,0.001258841444832971,0.001258841444832971,0.0,0.0,0.915011257422348
2020-10-06,0.01173563453510669,0.01173563453510669,0.0,0.0,0.9257494951349652
2020-10-07,-0.005393458657000025,-0.005393458657000025,0.0,0.0,0.9207565035062161
2020-10-08,0.0030589223006097766,0.0030589223006097766,0.0,0.0,0.9235730261082227
2020-10-12,-0.001496517681029263,-0.001496517681029263,0.0,0.0,0.9221908827449301
2020-10-13,-0.0026105371812710255,-0.0026105371812710255,0.0,0.0,0.9197834691572954
2020-10-14,-0.00053429940858861,-0.00053429940858861,0.0,0.0,0.919292029393695
2020-10-15,-0.005676854340283069,-0.005676854340283069,0.0,0.0,0.9140733424466437
2020-10-16,-0.00407775840417643,-0.00407775840417643,0.0,0.0,0.9103459721924483
2020-10-19,0.003728775921464884,0.003728775921464884,0.0,0.0,0.913740448333762
2020-10-20,-0.00021032289119052107,-0.00021032289119052107,0.0,0.0,0.9135482678008707
2020-10-21,-0.0023788180008549927,-0.0023788180008549927,0.0,0.0,0.911375102736776
2020-10-22,0.006574917541763052,0.006574917541763052,0.0,0.0,0.9173673188868862
2020-10-23,0.0002173932040098147,0.0002173932040098147,0.0,0.0,0.9175667483075928
2020-10-26,0.006145641857369016,0.006145641857369016,0.0,0.0,0.9232057849229219
2020-10-27,-0.002475118816156991,-0.002475118816156991,0.0,0.0,0.9209207409134742
2020-10-28,-0.002377744279493127,-0.002377744279493127,0.0,0.0,0.9187310268899006
2020-10-29,-0.00914800482817186,-0.00914800482817186,0.0,0.0,0.9103264710201204
2020-10-30,-0.0049283854035610634,-0.0049283854035610634,0.0,0.0,0.9058400313278696
2020-11-02,0.01070092618920574,0.01070092618920574,0.0,0.0,0.915533358642337
2020-11-03,0.007428580299327933,0.007428580299327933,0.0,0.0,0.922334471713725
2020-11-04,-0.0005675109380066818,-0.0005675109380066818,0.0,0.0,0.9218110368125269
2020-11-05,0.005501717731028324,0.005501717731028324,0.0,0.0,0.926882580938416
2020-11-06,0.0037840605236268052,0.0037840605236268052,0.0,0.0,0.9303899607229824
2020-11-09,0.0070081129498622535,0.0070081129498622535,0.0,0.0,0.936910238655147
2020-11-10,0.009975946920474453,0.009975946920474453,0.0,0.0,0.9462568054652198
2020-11-11,0.018479624834145114,0.018479624834145114,0.0,0.0,0.9637432762269736
2020-11-12,-0.009353668051404538,-0.009353668051404538,0.0,0.0,0.9547287415343734
2020-11-13,0.00020110325386082733,0.00020110325386082733,0.0,0.0,0.9549207405908504
2020-11-16,0.007771431351359574,0.007771431351359574,0.0,0.0,0.9623418415723416
2020-11-17,0.0017066047165762229,0.0017066047165762229,0.0,0.0,0.9639841786981275
2020-11-18,0.0053275616703387235,0.0053275616703387235,0.0,0.0,0.9691198638593727
2020-11-19,-0.0031657386909373607,-0.0031657386909373607,0.0,0.0,0.9660518836101971
2020-11-20,-0.0021924458242785763,-0.0021924458242785763,0.0,0.0,0.9639338671919395
2020-11-23,0.007450178526430715,0.007450178526430715,0.0,0.0,0.9711153465901922
2020-11-24,-0.0049526491225703245,-0.0049526491225703245,0.0,0.0,0.9663057530209876
2020-11-25,0.001353764130702696,0.001353764130702696,0.0,0.0,0.9676139030887191
2020-11-26,0.003593606660976508,0.003593606660976508,0.0,0.0,0.9710911268561122
2020-11-27,-0.0012467897750513901,-0.0012467897750513901,0.0,0.0,0.9698803803685049
2020-11-30,-0.003000960657354015,-0.003000960657354015,0.0,0.0,0.9669698075046794
2020-12-01,0.006905518768577272,0.006905518768577272,0.0,0.0,0.9736472356590506
2020-12-02,0.001299579317991495,0.001299579317991495,0.0,0.0,0.9749125674695328
2020-12-03,-0.0007452814040331618,-0.0007452814040331618,0.0,0.0,0.9741859832624395
2020-12-04,0.009936492740746915,0.009936492740746915,0.0,0.0,0.9838659752132641
2020-12-07,0.0010110648836285578,0.0010110648836285578,0.0,0.0,0.9848607275509992
2020-12-08,-0.007976409643180521,-0.007976409643180521,0.0,0.0,0.9770050749465716
2020-12-09,4.673777304715351e-05,4.673777304715351e-05,0.0,0.0,0.9770507379880303
2020-12-10,0.00044164850842454264,0.00044164850842454264,0.0,0.0,0.9774822509891179
2020-12-11,0.005750582673392608,0.005750582673392608,0.0,0.0,0.9831033434852047
2020-12-14,0.0005070286247467091,0.0005070286247467091,0.0,0.0,0.9836018050214358
2020-12-15,-0.008293225660460177,-0.008293225660460177,0.0,0.0,0.975444573292357
2020-12-16,0.012967755874359308,0.012967755874359308,0.0,0.0,0.9880939003877809
2020-12-17,-0.001401780566140552,-0.001401780566140552,0.0,0.0,0.9867088095606953
2020-12-18,-0.005541188123873906,-0.005541188123873906,0.0,0.0,0.9812412704234358
2020-12-21,0.00822679340353458,0.00822679340353458,0.0,0.0,0.9893137396342311
2020-12-22,-0.00888527023914081,-0.00888527023914081,0.0,0.0,0.980523419706286
2020-12-23,-0.0006325599966154464,-0.0006325599966154464,0.0,0.0,0.9799031798152351
2020-12-24,0.004202867637371665,0.004202867637371665,0.0,0.0,0.9840215831774383
2020-12-25,0.0044773423290874305,0.0044773423290874305,0.0,0.0,0.9884273846645342
2020-12-28,0.00606746573550798,0.00606746573550798,0.0,0.0,0.994424633953024
2020-12-29,0.000796963846433464,0.000796963846433464,0.0,0.0,0.9952171544342876
2020-12-30,0.014731980665602766,0.014731980665602766,0.0,0.0,1.0098786743114898
2020-12-31,-0.0038535026599991057,-0.0038535026599991057,0.0,0.0,1.0059871041537543
2021-01-04,-0.0009633042581750307,-0.0009633042581750307,0.0,0.0,1.0050180324926539
2021-01-05,0.004784034241845007,0.004784034241845007,0.0,0.0,1.0098260731737705
2021-01-06,-0.008383570139964172,-0.008383570139964172,0.0,0.0,1.0013601254601536
2021-01-07,0.005794791443049223,0.005794791443049223,0.0,0.0,1.0071627985465808
2021-01-08,0.010921347386903958,0.010921347386903958,0.0,0.0,1.0181623733446743
2021-01-11,0.00593445634057542,0.00593445634057542,0.0,0.0,1.024204613496905
2021-01-12,-0.010542318307223074,-0.010542318307223074,0.0,0.0,1.013407122449694
2021-01-13,0.00867242795838919,0.00867242795838919,0.0,0.0,1.0221958227116577
2021-01-14,0.0009295701401075382,0.0009295701401075382,0.0,0.0,1.0231460254257931
2021-01-15,-0.010942279133557416,-0.010942279133557416,0.0,0.0,1.0119504760211944
2021-01-18,-0.006232244542113717,-0.006232244542113717,0.0,0.0,1.005643753190122
2021-01-19,0.0004132076179059477,0.0004132076179059477,0.0,0.0,1.0060592928498395
2021-01-20,-0.023075583721817422,-0.023075583721817422,0.0,0.0,0.9828438874085706
2021-01-21,0.0035093770834207236,0.0035093770834207236,0.0,0.0,0.9862930572236224
2021-01-22,0.0007744519504352178,0.0007744519504352178,0.0,0.0,0.9870568938054898
2021-01-25,0.010571663656552915,0.010571663656552915,0.0,0.0,0.9974917272966833
2021-01-26,-0.006612727485498784,-0.006612727485498784,0.0,0.0,0.9908955863350309
2021-01-27,0.00019707790797799144,0.00019707790797799144,0.0,0.0,0.9910908699642106
2021-01-28,-0.0068668301086178204,-0.0068668301086178204,0.0,0.0,0.9842852173379641
2021-01-29,-0.014590813471357676,-0.014590813471357676,0.0,0.0,0.9699236953291711
2021-02-01,0.009010597478246151,0.009010597478246151,0.0,0.0,0.9786632873323954
2021-02-02,0.009216691176746448,0.009216691176746448,0.0,0.0,0.9876833246177575
2021-02-03,0.00347192975810404,0.00347192975810404,0.0,0.0,0.9911124917440811
2021-02-04,-0.004057315658190136,-0.004057315658190136,0.0,0.0,0.9870912355123
2021-02-05,0.0033644979360780447,0.0033644979360780447,0.0,0.0,0.9904123019369019
2021-02-17,0.015573255177156669,0.015573255177156669,0.0,0.0,1.0058362454455603
2021-02-18,0.004670657025182135,0.004670657025182135,0.0,0.0,1.0105341615715335
2021-02-19,-0.0005173624792092408,-0.0005173624792092408,0.0,0.0,1.0100113491123772
2021-02-22,0.003705687485936457,0.003705687485936457,0.0,0.0,1.0137541355294368
2021-02-23,0.013650085362656524,0.013650085362656524,0.0,0.0,1.0275919660161597
2021-02-24,-0.00044833003041520804,-0.00044833003041520804,0.0,0.0,1.0271312656787812
2021-02-25,0.01596771005753315,0.01596771005753315,0.0,0.0,1.043532199920167
2021-02-26,-0.018933723609288293,-0.018933723609288293,0.0,0.0,1.023774249669486
2021-03-02,-0.0006374549606549883,-0.0006374549606549883,0.0,0.0,1.0231216396954432
2021-03-03,0.011884281453492185,0.011884281453492185,0.0,0.0,1.0352807052227424
2021-03-04,-0.005611900521783428,-0.005611900521783428,0.0,0.0,1.0294708128929106
2021-03-05,-0.0015850657947431423,-0.0015850657947431423,0.0,0.0,1.0278390339207077
2021-03-08,0.0012340883523942491,0.0012340883523942491,0.0,0.0,1.0291074781006055
2021-03-09,0.015182311577595147,0.015182311577595147,0.0,0.0,1.044731708479962
2021-03-10,0.005165439970662716,0.005165439970662716,0.0,0.0,1.0501282074055631
2021-03-11,0.0049599723978350375,0.0049599723978350375,0.0,0.0,1.0553368143284827
2021-03-12,0.003908621450939295,0.003908621450939295,0.0,0.0,1.059461726438933
2021-03-15,0.0038249873974695496,0.0038249873974695496,0.0,0.0,1.0635141541906634
2021-03-16,0.004044205310645586,0.004044205310645586,0.0,0.0,1.067815223780988
2021-03-17,-0.003218993833112919,-0.003218993833112919,0.0,0.0,1.0643779331607328
2021-03-18,0.004100570391023524,0.0026655221456944704,0.4906147847278815,0.0014350482453290535,1.0672150561129612
2021-03-19,-0.009060336053529947,-0.009060336053529947,0.0,0.0,1.0575457290631909
2021-03-22,0.00873218157176524,0.00873218157176524,0.0,0.0,1.0667804103898153
2021-03-23,0.00299380960736674,0.00299380960736674,0.0,0.0,1.0699741478313909
2021-03-24,0.002038158199551011,0.002038158199551011,0.0,0.0,1.072154924414101
2021-03-25,0.005466338930615238,0.005466338930615238,0.0,0.0,1.078015686617077
2021-03-26,0.0035293303767168754,0.0035293303767168754,0.0,0.0,1.0818203601264318
2021-03-29,0.013179041472062582,0.013179041472062582,0.0,0.0,1.0960777155178596
2021-03-30,0.005776812562676819,0.005776812562676819,0.0,0.0,1.1024095510345333
2021-03-31,-0.0005584074248660721,-0.0005584074248660721,0.0,0.0,1.1017939573559923
2021-04-01,-0.0018988527928175578,-0.0018988527928175578,0.0,0.0,1.0997018128229574
2021-04-06,0.002123482371369197,0.002123482371369197,0.0,0.0,1.1020370102362498
2021-04-07,0.005489876763297117,0.005489876763297117,0.0,0.0,1.1080870576110393
2021-04-08,-0.002586699147072794,-0.002586699147072794,0.0,0.0,1.1052207697642344
2021-04-09,-0.0016557991993326293,-0.0016557991993326293,0.0,0.0,1.103390746098573
2021-04-12,0.011270260191245947,0.011270260191245947,0.0,0.0,1.1158262468997169
2021-04-13,-0.0032530897273263647,-0.0032530897273263647,0.0,0.0,1.1121963639984462
2021-04-14,-0.001714212802092681,-0.001714212802092681,0.0,0.0,1.110289822752839
2021-04-15,0.010174860416747516,0.010174860416747516,0.0,0.0,1.1215868667214846
2021-04-16,0.008997635090109894,0.008997635090109894,0.0,0.0,1.1316784960701043
2021-04-19,0.019498899536415717,0.019498899536415717,0.0,0.0,1.1537449813724974
2021-04-20,0.003632480211205496,0.003632480211205496,0.0,0.0,1.1579359371861107
2021-04-21,-0.001090932898384805,-0.001090932898384805,0.0,0.0,1.1566727067780123
2021-04-22,-0.003439891349436269,-0.003439891349436269,0.0,0.0,1.1526938783398375
2021-04-23,-0.0003254657391328804,-0.0003254657391328804,0.0,0.0,1.1523187159747297
2021-04-26,0.014999330351002094,0.014999330351002094,0.0,0.0,1.1696027250652772
2021-04-27,0.000359132990379955,0.000359132990379955,0.0,0.0,1.1700227679894866
2021-04-28,0.0011782162035994497,0.0011782162035994497,0.0,0.0,1.1714013077733119
2021-04-29,-0.004505004955994572,-0.004505004955994572,0.0,0.0,1.1661241390763346
2021-05-03,-0.01028453954992794,-0.01028453954992794,0.0,0.0,1.1541310892478784
2021-05-04,-0.019175452738254523,-0.019175452738254523,0.0,0.0,1.1320001030922555
2021-05-05,0.0042733844511575894,0.0042733844511575894,0.0,0.0,1.1368375747315187
2021-05-06,0.009131927665074927,0.009131927665074927,0.0,0.0,1.147219093230906
2021-05-07,0.010318673337775966,0.010318673337775966,0.0,0.0,1.1590568723008154
2021-05-10,0.01100454039482348,0.01100454039482348,0.0,0.0,1.1718117604719476
2021-05-11,-0.02545016476059942,-0.02545016476059942,0.0,0.0,1.1419889580995284
2021-05-12,-0.0433146342809927,-0.0433146342809927,0.0,0.0,1.0925241240265153
2021-05-13,-0.007442951263712058,-0.007442951263712058,0.0,0.0,1.0843925202169562
2021-05-14,0.010470805208733459,0.010470805208733459,0.0,0.0,1.0957469830659554
2021-05-17,-0.035101427711499086,-0.035101427711499086,0.0,0.0,1.0572846995497727
2021-05-18,0.04230407575978637,0.04230407575978637,0.0,0.0,1.1020121515791892
2021-05-19,-0.0005143539522254044,-0.0005143539522254044,0.0,0.0,1.101445327273624
2021-05-20,-0.0043656743298775965,-0.0043656743298775965,0.0,0.0,1.0966367756825819
2021-05-21,0.011298371206436961,0.011298371206436961,0.0,0.0,1.1090269850528738
2021-05-24,7.350432478417688e-05,7.350432478417688e-05,0.0,0.0,1.1091085033325776
2021-05-25,0.008595783354706676,0.008595783354706676,0.0,0.0,1.1186421597440872
2021-05-26,0.0008163319767320043,0.0008163319767320043,0.0,0.0,1.1195553431096068
2021-05-27,-0.005234138918930338,-0.005234138918930338,0.0,0.0,1.1136954349163404
2021-05-28,0.012051585141823489,0.012051585141823489,0.0,0.0,1.1271172302722947
2021-05-31,0.009708086707899006,0.009708086707899006,0.0,0.0,1.138059382073745
2021-06-01,0.005492731516361403,0.005492731516361403,0.0,0.0,1.1443104367091521
2021-06-02,0.0026991394329845373,0.0026991394329845373,0.0,0.0,1.1473990901324496
2021-06-03,0.001278611366114478,0.001278611366114478,0.0,0.0,1.1488661676505623
2021-06-04,-0.0035878549104472602,-0.0035878549104472602,0.0,0.0,1.1447442025295105
2021-06-07,-0.0042213987260228784,-0.0042213987260228784,0.0,0.0,1.1399117808113304
2021-06-08,0.0012786636761289655,0.0012786636761289655,0.0,0.0,1.1413693445994455
2021-06-09,-0.00748436658378029,-0.00748436658378029,0.0,0.0,1.1328269180169743
2021-06-10,0.002642724448068377,0.002642724448068377,0.0,0.0,1.1358206674086477
2021-06-11,0.001437674039105937,0.001437674039105937,0.0,0.0,1.1374536072952612
2021-06-15,-0.0024310348248706066,-0.0024310348248706066,0.0,0.0,1.1346884179642518
2021-06-16,-0.0014953059479600305,-0.0014953059479600305,0.0,0.0,1.1329917116237886
2021-06-17,0.0021771357850499684,0.0021771357850499684,0.0,0.0,1.1354583884233298
2021-06-18,-0.007041833697479663,-0.007041833697479663,0.0,0.0,1.1274626792816445
2021-06-21,-0.006561467187860241,-0.006561467187860241,0.0,0.0,1.120064869906001
2021-06-22,0.00368458503734978,0.00368458503734978,0.0,0.0,1.1241918441665177
2021-06-23,0.011203787744818873,0.011203787744818873,0.0,0.0,1.1367870509730158
2021-06-24,0.0023692988044861853,0.0023692988044861853,0.0,0.0,1.1394804391738416
2021-06-25,0.005181134739555666,0.005181134739555666,0.0,0.0,1.1453842408622892
2021-06-28,0.0033153992373239865,0.0033153992373239865,0.0,0.0,1.149181646900887
2021-06-29,-0.005650831372997703,-0.005650831372997703,0.0,0.0,1.1426878151973063
2021-06-30,0.004536948115765173,0.004536948115765173,0.0,0.0,1.1478721305273736
2021-07-01,-0.003689033002403737,-0.003689033002403737,0.0,0.0,1.1436375923553186
2021-07-02,0.00030483311964371975,0.00030483311964371975,0.0,0.0,1.1439862109703383
2021-07-05,0.00968779184735774,0.00968779184735774,0.0,0.0,1.1550689112584662
2021-07-06,0.001857019629128341,0.001857019629128341,0.0,0.0,1.157213896899669
2021-07-07,-0.0011957017305939009,-0.0011957017305939009,0.0,0.0,1.1558302142404788
2021-07-08,0.006408031431310884,0.006408031431310884,0.0,0.0,1.1632368105825905
2021-07-09,-0.0023721274218862142,-0.0023721274218862142,0.0,0.0,1.16047746464606
2021-07-12,0.0031574324306423754,0.0031574324306423754,0.0,0.0,1.1641415938279633
2021-07-13,0.0018603422894203309,0.0018603422894203309,0.0,0.0,1.1663072956658347
2021-07-14,-0.0012782139902063555,-0.0012782139902063555,0.0,0.0,1.1648165053636348
2021-07-15,0.004410381653462367,0.004410381653462367,0.0,0.0,1.1699537907085407
2021-07-16,0.009076588457675637,0.009076588457675637,0.0,0.0,1.1805729797812996
2021-07-19,-0.0015066539335019241,-0.0015066539335019241,0.0,0.0,1.178794264857526
2021-07-20,-0.012304264390275816,-0.012304264390275816,0.0,0.0,1.1642900685609783
2021-07-21,-0.00198647489097411,-0.00198647489097411,0.0,0.0,1.1619772355739713
2021-07-22,0.007611720499272709,0.007611720499272709,0.0,0.0,1.1708218815176779
2021-07-23,0.001999069786282101,0.001999069786282101,0.0,0.0,1.173162436166138
2021-07-26,-0.007074275767140811,-0.007074275767140811,0.0,0.0,1.1648631615730478
2021-07-27,-0.006711895440051507,-0.006711895440051507,0.0,0.0,1.1570447218306017
2021-07-28,-0.005087377659755989,-0.005087377659755989,0.0,0.0,1.1511583983614222
2021-07-29,0.004990173610141934,0.004990173610141934,0.0,0.0,1.1569028786220186
2021-07-30,-0.006505123580084369,-0.006505123580084369,0.0,0.0,1.1493770824264269
2021-08-02,0.010645873583606765,0.010645873583606765,0.0,0.0,1.1616132055458335
2021-08-03,0.0012573453126157336,0.0012573453126157336,0.0,0.0,1.163073754464899
2021-08-04,0.004412434880546072,0.004412434880546072,0.0,0.0,1.1682057416677476
2021-08-05,0.0017805503521907506,0.0017805503521907506,0.0,0.0,1.1702857908125055
2021-08-06,-0.002020430214281818,-0.002020430214281818,0.0,0.0,1.1679213100414032
2021-08-09,-0.004299324670924316,-0.004299324670924316,0.0,0.0,1.162900037139444
2021-08-10,-0.004876361484283498,-0.004876361484283498,0.0,0.0,1.1572293161882654
2021-08-11,-0.002205729626070319,-0.002205729626070319,0.0,0.0,1.1546767812013918
2021-08-12,-0.004799061451305609,-0.004799061451305609,0.0,0.0,1.1491354163720107
2021-08-13,-0.005006031196612555,-0.005006031196612555,0.0,0.0,1.14338280862852
2021-08-16,-0.012374824705094399,-0.012374824705094399,0.0,0.0,1.1292336468009236
2021-08-17,0.001683386863939395,0.001683386863939395,0.0,0.0,1.1311345838882667
2021-08-18,0.005885011930422283,0.005885011930422283,0.0,0.0,1.1377913244093625
2021-08-19,-0.014903767417903353,-0.014903767417903353,0.0,0.0,1.120833947140257
2021-08-20,-0.0021037955082052234,-0.0021037955082052234,0.0,0.0,1.1184759417168195
2021-08-23,0.005914906852865772,0.005914906852865772,0.0,0.0,1.1250916227292458
2021-08-24,0.007328926247008549,0.007328926247008549,0.0,0.0,1.1333373362533556
2021-08-25,0.0021765348454847325,0.0021765348454847325,0.0,0.0,1.1358040844574
2021-08-26,-0.0028052626446988652,-0.0028052626446988652,0.0,0.0,1.1326178556875752
2021-08-27,0.014009040329580573,0.014009040329580573,0.0,0.0,1.1484847449059055
2021-08-30,0.013605023749505802,0.013605023749505802,0.0,0.0,1.1641099071362955
2021-08-31,0.0013516247141365997,0.0013516247141365997,0.0,0.0,1.165683346856752
2021-09-01,-0.006351063006148042,-0.006351063006148042,0.0,0.0,1.1582800184756472
2021-09-02,-0.009523272539588599,-0.009523272539588599,0.0,0.0,1.147249402182544
2021-09-03,0.008197576743485962,0.008197576743485962,0.0,0.0,1.1566540672008536
2021-09-06,-0.006568126267384023,-0.006568126267384023,0.0,0.0,1.1490570172397951
2021-09-07,-0.0022969452127247687,-0.0022969452127247687,0.0,0.0,1.1464176962248984
2021-09-08,-0.005359104467420248,-0.005359104467420248,0.0,0.0,1.14027392402753
2021-09-09,-0.0015111686147974653,-0.0015111686147974653,0.0,0.0,1.1385507778612676
2021-09-10,0.007501807245492864,0.007501807245492864,0.0,0.0,1.1470919663359889
2021-09-13,0.0044197855269396125,0.0044197855269396125,0.0,0.0,1.1521618668068694
2021-09-14,0.0023165047038335917,0.0023165047038335917,0.0,0.0,1.1548308551909052
2021-09-15,0.00020734329590107634,0.00020734329590107634,0.0,0.0,1.1550703016266288
2021-09-16,0.00010539919288363331,0.00010539919288363331,0.0,0.0,1.1551920451041442
2021-09-17,-0.004351033108025175,-0.004351033108025175,0.0,0.0,1.1501657662697686
2021-09-22,-0.0122624371705998,-0.0122624371705998,0.0,0.0,1.1360619308251108
2021-09-23,0.006547646894837684,0.006547646894837684,0.0,0.0,1.1435004631988213
2021-09-24,0.0034152882826695755,0.0034152882826695755,0.0,0.0,1.1474058469320116
2021-09-27,0.0031273845026947313,0.0031273845026947313,0.0,0.0,1.150994226196008
2021-09-28,-0.0012758443714748907,-0.0012758443714748907,0.0,0.0,1.1495257366909157
2021-09-29,-0.006888547518058053,-0.006888547518058053,0.0,0.0,1.1416071740304896
2021-09-30,0.0017993322797074842,0.0017993322797074842,0.0,0.0,1.1436613046694681
2021-10-01,-0.012652584462383308,-0.012652584462383308,0.0,0.0,1.1291910334157782
2021-10-04,-0.0021877046111948924,-0.0021877046111948924,0.0,0.0,1.1267206969850545
2021-10-05,0.002124618546718908,0.002124618546718908,0.0,0.0,1.129114548674841
2021-10-06,0.002309489679106341,0.002309489679106341,0.0,0.0,1.1317222270715344
2021-10-07,0.008937157402375018,0.008937157402375018,0.0,0.0,1.1418366067506391
2021-10-08,-0.0015795781111716362,-0.0015795781111716362,0.0,0.0,1.1400329866400813
2021-10-12,-0.003841749896092935,-0.003841749896092935,0.0,0.0,1.1356532650321143
2021-10-13,-0.0018379463851914421,-0.0018379463851914421,0.0,0.0,1.1335659952188177
2021-10-14,-0.002514160433048233,-0.002514160433048233,0.0,0.0,1.1307160284453897
2021-10-15,0.008888198505328734,0.008888198505328734,0.0,0.0,1.1407660569593692
2021-10-18,0.0028364422859059758,0.0028364422859059758,0.0,0.0,1.144001774041655
2021-10-19,0.0018333541324057428,0.0018333541324057428,0.0,0.0,1.1460991344215739
2021-10-20,-0.00014187845658513066,-0.00014187845658513066,0.0,0.0,1.1459365276452886
2021-10-21,0.0006504961096538645,0.0006504961096538645,0.0,0.0,1.1466819548984322
2021-10-22,0.0001854907914718978,0.0001854907914718978,0.0,0.0,1.1468946538418128
2021-10-25,0.0019385716214544322,0.0019385716214544322,0.0,0.0,1.1491179912705483
2021-10-26,0.005735426611351813,0.005735426611351813,0.0,0.0,1.1557086731772646
2021-10-27,0.0008089313006048089,0.0008089313006048089,0.0,0.0,1.156643562097378
2021-10-28,0.0010306925325476294,0.0010306925325476294,0.0,0.0,1.1578357059796511
2021-10-29,-0.0031798816641627945,-0.0031798816641627945,0.0,0.0,1.1541539254480935
2021-11-01,0.0005814396371081924,0.0005814396371081924,0.0,0.0,1.154824996287673
2021-11-02,-0.0010304105531571766,-0.0010304105531571766,0.0,0.0,1.1536350524244485
2021-11-03,0.0045595791641031055,0.0045595791641031055,0.0,0.0,1.158895142772462
2021-11-04,4.920257613434545e-06,4.920257613434545e-06,0.0,0.0,1.1589008448351115
2021-11-05,0.0038420542939815614,0.0038420542939815614,0.0,0.0,1.163353404802309
2021-11-08,0.003871553689705471,0.003871553689705471,0.0,0.0,1.1678573899691027
2021-11-09,0.00039707040126831894,0.00039707040126831894,0.0,0.0,1.168321111571562
2021-11-10,0.0025236870026227073,0.0025236870026227073,0.0,0.0,1.1712695883757247
2021-11-11,0.0011254837435452475,0.0011254837435452475,0.0,0.0,1.1725878332567505
2021-11-12,0.007898041128116389,0.007898041128116389,0.0,0.0,1.1818489801901413
2021-11-15,0.004211048673512516,0.004211048673512516,0.0,0.0,1.186825803770463
2021-11-16,0.0016034495809338438,0.0016034495809338438,0.0,0.0,1.1887288191081604
2021-11-17,0.012299913468636637,0.012299913468636637,0.0,0.0,1.2033500807208652
2021-11-18,0.0070534524918070335,0.0070534524918070335,0.0,0.0,1.2118378533462422
2021-11-19,-0.00976887491488714,-0.00976887491488714,0.0,0.0,1.1999995609397773
2021-11-22,-0.0020668959598882275,-0.0020668959598882275,0.0,0.0,1.1975192866954034
2021-11-23,-0.003623189454663375,-0.003623189454663375,0.0,0.0,1.1931804474440926
2021-11-24,0.005800303819188493,0.005800303819188493,0.0,0.0,1.2001012565503837
2021-11-25,0.0002503913026118253,0.0002503913026118253,0.0,0.0,1.2004017514672773
2021-11-26,-0.015382481159122975,-0.015382481159122975,0.0,0.0,1.1819365941419537
2021-11-29,-0.005880433942979123,-0.005880433942979123,0.0,0.0,1.1749862940753122
2021-11-30,-0.000667008083505518,-0.000667008083505518,0.0,0.0,1.1742025687191557
2021-12-01,0.01046255243928705,0.01046255243928705,0.0,0.0,1.1864877246687253
2021-12-02,-0.0006054283774001613,-0.0006054283774001613,0.0,0.0,1.1857693913307739
2021-12-03,0.003593071662237331,0.003593071662237331,0.0,0.0,1.190029945728713
2021-12-06,0.005303224192583887,0.005303224192583887,0.0,0.0,1.1963409413268007
2021-12-07,0.0073851038906870645,0.0073851038906870645,0.0,0.0,1.2051760434671817
2021-12-08,0.0014803537022521683,0.0014803537022521683,0.0,0.0,1.2069601302849937
2021-12-09,0.0044029043994201315,0.0044029043994201315,0.0,0.0,1.21227426035255
2021-12-10,-0.0008563007470055827,-0.0008563007470055827,0.0,0.0,1.2112361889978345
2021-12-13,-0.003637636740571409,-0.003637636740571409,0.0,0.0,1.2068301517352262
2021-12-14,-0.006664788091466105,-0.006664788091466105,0.0,0.0,1.198786884511519
2021-12-15,0.0001988749800162715,0.0001988749800162715,0.0,0.0,1.1990252932292202
2021-12-16,0.00410202105166097,0.00410202105166097,0.0,0.0,1.2039437202235204
2021-12-17,0.004945512351637405,0.004945512351637405,0.0,0.0,1.209897838762562
2021-12-20,-0.006048362028771448,-0.006048362028771448,0.0,0.0,1.202579938615898
2021-12-21,0.005462037655318702,0.005462037655318702,0.0,0.0,1.2091484755241488
2021-12-22,0.000150300934214898,0.000150300934214898,0.0,0.0,1.2093302116696247
2021-12-23,0.004260118827225391,0.004260118827225391,0.0,0.0,1.2144821020726908
2021-12-24,0.0018622871388007953,0.0018622871388007953,0.0,0.0,1.2167438164716844
2021-12-27,0.002328742457293387,0.002328742457293387,0.0,0.0,1.219577299456751
2021-12-28,0.005977773743052648,0.005977773743052648,0.0,0.0,1.2268676566150667
2021-12-29,0.005782038326755009,0.005782038326755009,0.0,0.0,1.2339614524274711
2021-12-30,-0.0016515394472739172,-0.0016515394472739172,0.0,0.0,1.2319235164123716
2022-01-03,-0.00514247396197026,-0.00514247396197026,0.0,0.0,1.2255883818060822
2022-01-04,0.001652993005398512,0.001652993005398512,0.0,0.0,1.2276142708287054
2022-01-05,0.002995115846094729,0.002995115846094729,0.0,0.0,1.2312911177841566
2022-01-06,0.002861039935972829,0.002861039935972829,0.0,0.0,1.2348138908449455
2022-01-07,0.0008055293304227273,0.0008055293304227273,0.0,0.0,1.2358085696516345
2022-01-10,0.0044238562540328315,0.0044238562540328315,0.0,0.0,1.2412756091212753
2022-01-11,0.011505953618177606,0.011505953618177606,0.0,0.0,1.2555576687071999
2022-01-12,0.0029617841900497367,0.0029617841900497367,0.0,0.0,1.2592763595600727
2022-01-13,0.012856362725741291,0.012856362725741291,0.0,0.0,1.2754660732105279
2022-01-14,-0.006672256607510234,-0.006672256607510234,0.0,0.0,1.2669558362758937
2022-01-17,-0.0023929209789603847,-0.0023929209789603847,0.0,0.0,1.2639241110758528
2022-01-18,0.004684894435009866,0.004684894435009866,0.0,0.0,1.269845462110107
2022-01-19,-0.004210378718111021,-0.004210378718111021,0.0,0.0,1.2644989318011488
2022-01-20,-0.0006929506093124125,-0.0006929506093124125,0.0,0.0,1.2636226964958823
2022-01-21,-0.011680658892410996,-0.011680658892410996,0.0,0.0,1.2488627508094055
2022-01-24,-0.002948538968680032,-0.002948538968680032,0.0,0.0,1.245180430322111
2022-01-25,-0.0078513005540167,-0.0078513005540167,0.0,0.0,1.2354041445196722
2022-01-26,0.0019397612487164761,0.0019397612487164761,0.0,0.0,1.2378005336057152
2022-02-07,0.021640969401649893,0.021640969401649893,0.0,0.0,1.2645877370788223
2022-02-08,0.00917037860504545,0.00917037860504545,0.0,0.0,1.2761844854071327
2022-02-09,0.00796465589939878,0.00796465589939878,0.0,0.0,1.286348855697552
2022-02-10,0.002870500656733582,0.002870500656733582,0.0,0.0,1.2900413209326203
2022-02-11,-0.002175416360590926,-0.002175416360590926,0.0,0.0,1.287234943937225
2022-02-14,-0.009228799742826517,-0.009228799742826517,0.0,0.0,1.2753553104176598
2022-02-15,-0.003741589489514169,-0.003741589489514169,0.0,0.0,1.270583454392805
2022-02-16,0.008112478999063533,0.008112478999063533,0.0,0.0,1.2808910359831243
2022-02-17,0.003629217680824969,0.003629217680824969,0.0,0.0,1.2855396683781244
2022-02-18,0.00037818120622832565,0.00037818120622832565,0.0,0.0,1.2860258353205658
2022-02-21,0.003367494856614954,0.003367494856614954,0.0,0.0,1.2903565207064818
2022-02-22,-0.008247477874068473,-0.008247477874068473,0.0,0.0,1.2797143338522952
2022-02-23,0.004082693001318024,0.004082693001318024,0.0,0.0,1.2849390146068003
2022-02-24,-0.01661211458416949,-0.01661211458416949,0.0,0.0,1.2635934604624823
2022-02-25,-0.0017610357035001789,-0.0017610357035001789,0.0,0.0,1.2613682272638986
2022-03-01,0.011753871752265785,0.011753871752265785,0.0,0.0,1.2761941876395415
2022-03-02,0.002104780212408404,0.002104780212408404,0.0,0.0,1.2788802959128758
2022-03-03,0.0018969944820194983,0.0018969944820194983,0.0,0.0,1.281306324777386
2022-03-04,-0.009232995608212481,-0.009232995608212481,0.0,0.0,1.2694760291079414
2022-03-07,-0.022106555573324155,-0.022106555573324155,0.0,0.0,1.2414122867214639
2022-03-08,-0.012612272267209028,-0.012612272267209028,0.0,0.0,1.2257552569654742
2022-03-09,0.004273987295170485,0.004273987295170485,0.0,0.0,1.230994119360733
2022-03-10,0.02260639613082149,0.02260639613082149,0.0,0.0,1.2588224600577134
2022-03-11,-0.003950957057036882,-0.003950957057036882,0.0,0.0,1.2538489065755918
2022-03-14,0.00487737470412227,0.00487737470412227,0.0,0.0,1.2599643975153147
2022-03-15,-0.0011819362678106217,-0.0011819362678106217,0.0,0.0,1.2584751998977413
2022-03-16,0.010035082398826813,0.010035082398826813,0.0,0.0,1.2711041022255953
2022-03-17,0.011422791730186642,0.011422791730186642,0.0,0.0,1.285623659652704
2022-03-18,0.006292739349459677,0.006292739349459677,0.0,0.0,1.2937137542443968
2022-03-21,0.0005669346603546589,0.0005669346603546589,0.0,0.0,1.2944472054122556
2022-03-22,0.003525589643342452,0.003525589643342452,0.0,0.0,1.2990108950735104
2022-03-23,0.010428765902666415,0.010428765902666415,0.0,0.0,1.3125579756032453
2022-03-24,0.0013829137051398022,0.0013829137051398022,0.0,0.0,1.3143731300164976
2022-03-25,-0.003748391138727573,-0.003748391138727573,0.0,0.0,1.3094463454229621
2022-03-28,0.0020943709504148006,0.0020943709504148006,0.0,0.0,1.312188811809943
2022-03-29,-0.0024812194684755047,-0.003089443646090779,0.20793988978299976,0.0006082241776152744,1.3081348784228253
2022-03-30,0.008902563737873537,0.008902563737873537,0.0,0.0,1.3197806325557198
2022-03-31,0.0058029382138312605,0.0058029382138312605,0.0,0.0,1.3274392380222515
2022-04-01,0.0031697363828787793,0.0031697363828787793,0.0,0.0,1.3316468704710716
2022-04-06,0.013999239362153372,0.013999239362153372,0.0,0.0,1.3502889137566585
2022-04-07,-0.014886741709115713,-0.014886741709115713,0.0,0.0,1.3301875114648807
2022-04-08,0.012043825112313947,0.012043825112313947,0.0,0.0,1.3462080572195478
2022-04-11,-0.0036831352029236576,-0.0036831352029236576,0.0,0.0,1.341249790933543
2022-04-12,-0.006140454833898593,-0.006140454833898593,0.0,0.0,1.3330139071713396
2022-04-13,0.007339705084651014,0.007339705084651014,0.0,0.0,1.3427978361237156
2022-04-14,-0.01516089877805103,-0.01516089877805103,0.0,0.0,1.322439814050858
2022-04-15,-0.004887485046457433,-0.004887485046457433,0.0,0.0,1.3159764092348445
2022-04-18,-0.013960628556983906,-0.013960628556983906,0.0,0.0,1.2976045513957635
2022-04-19,0.0007509863559410348,0.0007509863559410348,0.0,0.0,1.2985790347092685
2022-04-20,0.00867761539839365,0.00867761539839365,0.0,0.0,1.3098476041368927
2022-04-21,-0.006269979903538501,-0.006269979903538501,0.0,0.0,1.3016348859822564
2022-04-22,0.004796234638205463,0.004796234638205463,0.0,0.0,1.3078778323087012
2022-04-25,-0.014979719725879,-0.014979719725879,0.0,0.0,1.2882861889450268
2022-04-26,0.010958105534801577,0.010958105534801577,0.0,0.0,1.3024033649625137
2022-04-27,-0.013299498258245942,-0.013299498258245942,0.0,0.0,1.2850820536786611
2022-04-28,0.003452278910725102,0.003452278910725102,0.0,0.0,1.2895185153511275
2022-04-29,0.006158757575433083,0.006158757575433083,0.0,0.0,1.2974603472762076
2022-05-03,-0.007734513339142525,-0.007734513339142525,0.0,0.0,1.2874251229131912
2022-05-04,-0.0007967059402459544,-0.0007967059402459544,0.0,0.0,1.2863994236701444
2022-05-05,-0.004895039007139841,-0.004895039007139841,0.0,0.0,1.2801024483125167
2022-05-06,-0.010842586244725097,-0.010842586244725097,0.0,0.0,1.2662228271146045
2022-05-09,-0.026997427672590828,-0.026997427672590828,0.0,0.0,1.2320380679221945
2022-05-10,0.0007987372056150884,0.0007987372056150884,0.0,0.0,1.2330221425657781
2022-05-11,-0.007028610148342782,-0.007028610148342782,0.0,0.0,1.224355710621409
2022-05-12,-0.024577148333110945,-0.024577148333110945,0.0,0.0,1.194264538708975
2022-05-13,0.00474687580348629,0.00474687580348629,0.0,0.0,1.1999335641507343
2022-05-16,-0.0020335960752515866,-0.0020335960752515866,0.0,0.0,1.1974933839641146
2022-05-17,-0.0012171459973405962,-0.0012171459973405962,0.0,0.0,1.196035859684981
2022-05-18,0.023170469635442417,0.023170469635442417,0.0,0.0,1.2237485722547121
2022-05-19,-0.017634250176666748,-0.017634250176666748,0.0,0.0,1.2021686837782337
2022-05-20,0.0066992883275948855,0.0066992883275948855,0.0,0.0,1.2102223584092693
2022-05-23,0.00016627454314669933,0.00016627454314669933,0.0,0.0,1.2104235875790197
2022-05-24,-0.003438325655314131,-0.003438325655314131,0.0,0.0,1.2062617571040495
2022-05-25,0.0035876621237105064,0.0035876621237105064,0.0,0.0,1.2105894167212923
2022-05-26,-0.0010515503157137321,-0.0010515503157137321,0.0,0.0,1.2093164210379395
2022-05-27,0.011752609137363928,0.011752609137363928,0.0,0.0,1.2235290442577942
2022-05-30,0.0153929748052689,0.0153929748052689,0.0,0.0,1.2423627960095691
2022-05-31,0.005025206830950135,0.005025206830950135,0.0,0.0,1.2486059260185949
2022-06-01,-0.009530240085889105,-0.009530240085889105,0.0,0.0,1.2367064117709738
2022-06-02,-0.0035284179328808687,-0.0035284179328808687,0.0,0.0,1.2323427946899725
2022-06-06,0.006322016260251322,0.006322016260251322,0.0,0.0,1.240133685876206
2022-06-07,-0.004674959399998878,-0.004674959399998878,0.0,0.0,1.2343361112441638
2022-06-08,0.004020760516453985,0.004020760516453985,0.0,0.0,1.2392990811442877
2022-06-09,-0.006301479568797581,-0.006301479568797581,0.0,0.0,1.2314896633048273
2022-06-10,-0.006250782610665808,-0.006250782610665808,0.0,0.0,1.2237918891322268
2022-06-13,-0.012739513336207266,-0.012739513336207266,0.0,0.0,1.2082013760398844
2022-06-14,0.004786458520249901,0.004786458520249901,0.0,0.0,1.2139843818104081
2022-06-15,-0.00023661879057088563,-0.00023661879057088563,0.0,0.0,1.2136971302942121
2022-06-16,-0.0050625499985310005,-0.0050625499985310005,0.0,0.0,1.2075527278890241
2022-06-17,-0.010110661258386276,-0.010110661258386276,0.0,0.0,1.195343571305698
2022-06-20,-0.01566914014405139,-0.01566914014405139,0.0,0.0,1.176613565366618
2022-06-21,0.025562630489374332,0.025562630489374332,0.0,0.0,1.2066909031668702
2022-06-22,-0.012996544711998683,-0.012996544711998683,0.0,0.0,1.1910080908902998
2022-06-23,0.001353342107666291,0.001353342107666291,0.0,0.0,1.1926199322902729
2022-06-24,0.009188008505423471,0.009188008505423471,0.0,0.0,1.2035777343718934
2022-06-27,0.0026347128906211857,0.0026347128906211857,0.0,0.0,1.2067488161435078
2022-06-28,-0.005590691202228325,-0.005590691202228325,0.0,0.0,1.2000022561537949
2022-06-29,-0.0054706072265674095,-0.0054706072265674095,0.0,0.0,1.1934375151393826
2022-06-30,-0.020499893464029948,-0.020499893464029948,0.0,0.0,1.1689721732230487
2022-07-01,-0.013515449639106052,-0.013515449639106052,0.0,0.0,1.1531729886863362
2022-07-04,-0.0021894497016293245,-0.0021894497016293245,0.0,0.0,1.1506481744303299
2022-07-05,0.005252926842111981,0.005252926842111981,0.0,0.0,1.156692445111622
2022-07-06,-0.021788920716178502,-0.021788920716178502,0.0,0.0,1.1314893651320823
2022-07-07,0.003850290568598941,0.003850290568598941,0.0,0.0,1.1358459279631203
2022-07-08,-0.0017606222612775227,-0.0017606222612775227,0.0,0.0,1.133846132336967
2022-07-11,-0.01103631291497168,-0.01103631291497168,0.0,0.0,1.121332651623066
2022-07-12,-0.020154333617135537,-0.020154333617135537,0.0,0.0,1.0987329392664673
2022-07-13,0.02403344661040126,0.02403344661040126,0.0,0.0,1.1251392787014172
2022-07-14,-0.006029647705889204,-0.006029647705889204,0.0,0.0,1.1183550852307893
2022-07-15,-0.01316455330313685,-0.01316455330313685,0.0,0.0,1.1036324400994344
2022-07-18,0.0130489202197819,0.0130489202197819,0.0,0.0,1.118033651762255
2022-07-19,-0.0007132588659224799,-0.0007132588659224799,0.0,0.0,1.117236204347736
2022-07-20,-0.0024321526781991617,-0.0024321526781991617,0.0,0.0,1.1145189153211505
2022-07-21,0.006513492930356462,0.006513492930356462,0.0,0.0,1.1217783263968435
2022-07-22,0.003952426958243913,0.003952426958243913,0.0,0.0,1.126212073295268
2022-07-25,0.0071129232712710145,0.0071129232712710145,0.0,0.0,1.1342227333597963
2022-07-26,-0.0016246772186405826,-0.0016246772186405826,0.0,0.0,1.1323799875240423
2022-07-27,0.004493072923416375,0.004493072923416375,0.0,0.0,1.1374678533850051
2022-07-28,-0.001227770364946139,-0.001227770364946139,0.0,0.0,1.1360713040635402
2022-07-29,-0.0003185959679818197,-0.0003185959679818197,0.0,0.0,1.1357093563267258
2022-08-01,0.0028351052486982288,0.0028351052486982288,0.0,0.0,1.1389292118838432
2022-08-02,-0.004951299078988897,-0.004951299078988897,0.0,0.0,1.1332900327260091
2022-08-03,-0.003389322646031593,-0.003389322646031593,0.0,0.0,1.129448947153569
2022-08-04,-0.006240226247835919,-0.006240226247835919,0.0,0.0,1.1224009301879505
2022-08-05,0.012186053764875634,0.012186053764875634,0.0,0.0,1.1360785682689674
2022-08-08,0.0048103707233300656,0.0048103707233300656,0.0,0.0,1.141543527353171
2022-08-09,0.007906458396216145,0.007906458396216145,0.0,0.0,1.1505690937596587
2022-08-10,0.0008636127382410986,0.0008636127382410986,0.0,0.0,1.151562739885256
2022-08-11,0.010434850887169066,0.010434850887169066,0.0,0.0,1.1635791253631784
2022-08-12,-0.0013732053963238931,-0.0013732053963238931,0.0,0.0,1.16198129222918
2022-08-15,7.07794806696512e-05,7.07794806696512e-05,0.0,0.0,1.1620635366615917
2022-08-16,0.0019029959293745805,0.0019029959293745805,0.0,0.0,1.1642749388415334
2022-08-17,0.004712479389163272,0.004712479389163272,0.0,0.0,1.1697615604941436
2022-08-18,-0.003458263614308295,-0.003458263614308295,0.0,0.0,1.1657162166520703
2022-08-19,0.0016897100721544375,0.0016897100721544375,0.0,0.0,1.167685939084621
2022-08-22,-0.003138080253430563,-0.003138080253430563,0.0,0.0,1.164021646896971
2022-08-23,-0.010977253348213136,-0.010977253348213136,0.0,0.0,1.1512438863761787
2022-08-24,-0.004325496452823901,-0.004325496452823901,0.0,0.0,1.1462641850293234
2022-08-25,0.005985514708424864,0.005985514708424864,0.0,0.0,1.153125166168557
2022-08-26,0.0039504433256373934,0.0039504433256373934,0.0,0.0,1.1576805217848722
2022-08-29,-0.012901770035183308,-0.012901770035183308,0.0,0.0,1.1427443939185928
2022-08-30,0.0017933591270184726,0.0017933591270184726,0.0,0.0,1.144793745007276
2022-08-31,0.0054922475476152505,0.0054922475476152505,0.0,0.0,1.1510812356458175
2022-09-01,-0.012557475793395853,-0.012557475793395853,0.0,0.0,1.136626560892963
2022-09-02,-0.005651253696849049,-0.005651253696849049,0.0,0.0,1.13020319583878
2022-09-05,0.005196403985988179,0.005196403985988179,0.0,0.0,1.1360761882306132
2022-09-06,0.0026226015698632456,0.0026226015698632456,0.0,0.0,1.139055663425351
2022-09-07,-0.013826836604417131,-0.013826836604417131,0.0,0.0,1.123306126883833
2022-09-08,0.01326898035979783,0.01326898035979783,0.0,0.0,1.138211253819495
2022-09-12,0.00834286428749278,0.00834286428749278,0.0,0.0,1.147707195840608
2022-09-13,-0.00019178023665870133,-0.00019178023665870133,0.0,0.0,1.1474870882829749
2022-09-14,-0.013343769399020995,-0.013343769399020995,0.0,0.0,1.1321752851885727
2022-09-15,0.005628964911020556,0.005628964911020556,0.0,0.0,1.1385482601420238
2022-09-16,-0.0037251556223960795,-0.0037251556223960795,0.0,0.0,1.1343069906893866
2022-09-19,-0.006472887954446873,-0.006472887954446873,0.0,0.0,1.1269647486327083
2022-09-20,0.0023536430501807674,0.0023536430501807674,0.0,0.0,1.1296172213811264
2022-09-21,-0.006217787254509351,-0.006217787254509351,0.0,0.0,1.1225935018195485
2022-09-22,-0.014265147796419877,-0.014265147796419877,0.0,0.0,1.1065795396007923
2022-09-23,-0.001641962959462537,-0.001641962959462537,0.0,0.0,1.1047625769850686
2022-09-26,-0.01719821486534178,-0.01719821486534178,0.0,0.0,1.0857626328108907
2022-09-27,-0.0011120512667023236,-0.0011120512667023236,0.0,0.0,1.0845552090997352
2022-09-28,-0.014178185115395795,-0.014178185115395795,0.0,0.0,1.0691781845772523
2022-09-29,0.007135615021909108,0.007135615021909108,0.0,0.0,1.0768074284922193
2022-09-30,-0.008511507446591845,-0.008511507446591845,0.0,0.0,1.0676421740460624
2022-10-03,-0.013920404242293962,-0.013920404242293962,0.0,0.0,1.0527801633972196
2022-10-04,0.007519808566982983,0.007519808566982983,0.0,0.0,1.0606968686890836
2022-10-05,0.0050600943449019544,0.0050600943449019544,0.0,0.0,1.0660640949159925
2022-10-06,0.005584872777662385,0.005584872777662385,0.0,0.0,1.072017927258932
2022-10-07,-0.0057776943606493245,-0.0057776943606493245,0.0,0.0,1.065824135326093
2022-10-11,-0.020336695569063805,-0.020336695569063805,0.0,0.0,1.0441487943558057
2022-10-12,0.006092511541585483,0.006092511541585483,0.0,0.0,1.050510282936551
2022-10-13,-0.022675969510664452,-0.022675969510664452,0.0,0.0,1.0266889437900422
2022-10-14,0.0026623963981142204,0.0026623963981142204,0.0,0.0,1.0294223967359726
2022-10-17,-0.0030804774159055247,-0.0030804774159055247,0.0,0.0,1.0262512842914
2022-10-18,0.006068668941269129,0.006068668941269129,0.0,0.0,1.032479263586317
2022-10-19,-0.008677282223107739,-0.008677282223107739,0.0,0.0,1.023520149626672
2022-10-20,0.0008155923740226154,0.0008155923740226154,0.0,0.0,1.0243549248553658
2022-10-21,0.0010182752501870923,0.0010182752501870923,0.0,0.0,1.0253980001227532
2022-10-24,-0.0009360380764783507,-0.0009360380764783507,0.0,0.0,1.0244381885510936
2022-10-25,0.0050906461192791914,0.0050906461192791914,0.0,0.0,1.0296532408400827
2022-10-26,0.005914767464043435,0.005914767464043435,0.0,0.0,1.0357434003282504
2022-10-27,-0.0026836835639944623,-0.0026836835639944623,0.0,0.0,1.0329637927882738
2022-10-28,-0.00406724137707748,-0.00406724137707748,0.0,0.0,1.0287624797092225
2022-10-31,0.0037377765706277464,0.0037377765706277464,0.0,0.0,1.0326077640026206
2022-11-01,0.009103834157752766,0.009103834157752766,0.0,0.0,1.0420084538361083
2022-11-02,-0.0027669892516317732,-0.0027669892516317732,0.0,0.0,1.0391252276442344
2022-11-03,-0.005221102430999467,-0.005221102430999467,0.0,0.0,1.0336998483920683
2022-11-04,0.00904812695584819,0.00904812695584819,0.0,0.0,1.0430528958545608
2022-11-07,0.009637968365767057,0.009637968365767057,0.0,0.0,1.0531058066686287
2022-11-08,0.006510235333166081,0.006510235333166081,0.0,0.0,1.0599617733007651
2022-11-09,0.008701555900393796,0.008701555900393796,0.0,0.0,1.0691850899234223
2022-11-10,-0.007077103091611479,-0.007077103091611479,0.0,0.0,1.0616183568180204
2022-11-11,0.023546574403429655,0.023546574403429655,0.0,0.0,1.0866158324448825
2022-11-14,0.00868608773619003,0.00868608773619003,0.0,0.0,1.0960542729010319
2022-11-15,0.0027619446999183114,0.0027619446999183114,0.0,0.0,1.0990815141908936
2022-11-16,-0.008907695588016578,-0.008907695588016578,0.0,0.0,1.0892912306360647
2022-11-17,-0.003258587166748786,-0.003258587166748786,0.0,0.0,1.085741680211062
2022-11-18,-0.003981464455575356,-0.003981464455575356,0.0,0.0,1.081418838303365
2022-11-21,-0.0013843680346002315,-0.0013843680346002315,0.0,0.0,1.0799217566316033
2022-11-22,0.003639078459224045,0.003639078459224045,0.0,0.0,1.0838516766338087
2022-11-23,0.007359844505195567,0.007359844505195567,0.0,0.0,1.091828656440529
2022-11-24,0.008305542020007932,0.008305542020007932,0.0,0.0,1.1008968852252448
2022-11-25,0.00027937640772284574,0.00027937640772284574,0.0,0.0,1.1012044498423124
2022-11-28,-0.004213902125095159,-0.004213902125095159,0.0,0.0,1.0965640820709575
2022-11-29,0.013196335054321408,0.013196335054321408,0.0,0.0,1.1110347091065003
2022-11-30,0.012089683242362918,0.012089683242362918,0.0,0.0,1.1244667668108688
2022-12-01,-0.002195229215359507,-0.002195229215359507,0.0,0.0,1.1219983045126647
2022-12-02,-0.003923731267948209,-0.003923731267948209,0.0,0.0,1.1175958846826635
2022-12-05,0.0005561117156650254,0.0005561117156650254,0.0,0.0,1.1182173928475143
2022-12-06,-0.01040919666740557,-0.01040919666740557,0.0,0.0,1.106577648088451
2022-12-07,0.0033722875241695947,0.0033722875241695947,0.0,0.0,1.1103093460856246
2022-12-08,-0.003194068565142749,-0.003194068565142749,0.0,0.0,1.1067629419057083
2022-12-09,0.004949831109757029,0.004949831109757029,0.0,0.0,1.1122412315466794
2022-12-12,-0.00031006582190385866,-0.00031006582190385866,0.0,0.0,1.1118963635550645
2022-12-13,-0.00797825448027676,-0.00797825448027676,0.0,0.0,1.103025371410928
2022-12-14,0.009463227748352728,0.009463227748352728,0.0,0.0,1.1134635517128009
2022-12-15,-0.0008373742910962703,-0.0008373742910962703,0.0,0.0,1.1125311659605237
2022-12-16,-0.009185785380798145,-0.009185785380798145,0.0,0.0,1.1023116934405612
2022-12-19,-0.0012123949788730892,-0.0012123949788730892,0.0,0.0,1.1009752562782809
2022-12-20,-0.008906613277491737,-0.008906613277491737,0.0,0.0,1.0911692954425227
2022-12-21,0.00019247527586192987,0.00019247527586192987,0.0,0.0,1.091379318553675
2022-12-22,0.014981987710707134,0.014981987710707134,0.0,0.0,1.1077303500919662
2022-12-23,-0.007439356646988913,-0.007439356646988913,0.0,0.0,1.0994895489489382
2022-12-26,0.0031696570706621534,0.0031696570706621534,0.0,0.0,1.1029745537718834
2022-12-27,0.0024344330704492855,0.0024344330704492855,0.0,0.0,1.1056596715014497
2022-12-28,-0.0063371755187841584,-0.0063371755187841584,0.0,0.0,1.0986529120991038
2022-12-29,-0.004409336898340407,-0.004409336898340407,0.0,0.0,1.093808581275316
2022-12-30,0.004388048029659814,0.004388048029659814,0.0,0.0,1.098608265865206
2023-01-03,0.00039040573010959374,0.00039040573010959374,0.0,0.0,1.0990371688273457
2023-01-04,0.001491002923230226,0.001491002923230226,0.0,0.0,1.1006758364588058
2023-01-05,0.006376515310308922,0.006376515310308922,0.0,0.0,1.1076943127816725
2023-01-06,0.0031759940275958047,0.0031759940275958047,0.0,0.0,1.1112123433034689
2023-01-09,0.01784757677878214,0.01784757677878214,0.0,0.0,1.131044790918108
2023-01-10,0.0006147427199208881,0.0006147427199208881,0.0,0.0,1.1317400924692294
2023-01-11,-0.008200211249348143,-0.008200211249348143,0.0,0.0,1.122459584631625
2023-01-12,-0.004952297603973645,-0.004952297603973645,0.0,0.0,1.1169008307200965
2023-01-13,0.0020002336586725823,0.0020002336586725823,0.0,0.0,1.1191348933551022
2023-01-16,0.0073760292443818,0.0073760292443818,0.0,0.0,1.1273896650568975
2023-01-17,0.00012890741945129647,0.00012890741945129647,0.0,0.0,1.127534993949336
2023-01-30,0.019171718924986886,0.019171718924986886,0.0,0.0,1.1491517779314195
2023-01-31,-0.015794089085019874,-0.015794089085019874,0.0,0.0,1.1310019723785616
2023-02-01,0.0063689875365816944,0.0063689875365816944,0.0,0.0,1.13820530984449
2023-02-02,0.0028242337362840413,0.0028242337362840413,0.0,0.0,1.1414198676793703
2023-02-03,-0.0015527104149530868,-0.0015527104149530868,0.0,0.0,1.1396475731629903
2023-02-06,-0.00507564143723233,-0.00507564143723233,0.0,0.0,1.1338631307168028
2023-02-07,0.0022243239601396807,0.0022243239601396807,0.0,0.0,1.136385209645975
2023-02-08,0.00017419164306678686,0.00017419164306678686,0.0,0.0,1.1365831584528001
2023-02-09,-0.00014080664019495048,-0.00014080664019495048,0.0,0.0,1.136423119996956
2023-02-10,-0.0003757598511158794,-0.0003757598511158794,0.0,0.0,1.1359960978145813
2023-02-13,0.006266087035569532,0.006266087035569532,0.0,0.0,1.1431143482355548
2023-02-14,0.004053111146768525,0.004053111146768525,0.0,0.0,1.1477475177424195
2023-02-15,-0.005754164804196498,-0.005754164804196498,0.0,0.0,1.141143189371722
2023-02-16,0.005019588254397278,0.005019588254397278,0.0,0.0,1.1468712583216778
2023-02-17,0.004438743720523964,0.004438743720523964,0.0,0.0,1.1519619259178027
2023-02-20,0.009524172703222077,0.009524172703222077,0.0,0.0,1.1629334102477802
2023-02-21,-0.005385849588461394,-0.005385849588461394,0.0,0.0,1.1566700258187892
2023-02-22,-2.8907885536833965e-05,-2.8907885536833965e-05,0.0,0.0,1.1566365889340788
2023-02-23,0.004531411848434004,0.004531411848434004,0.0,0.0,1.161877785677507
2023-02-24,-0.0040906402910255,-0.0040906402910255,0.0,0.0,1.1571249615941672
2023-03-01,-0.006603233066378215,-0.006603233066378215,0.0,0.0,1.149484195785837
2023-03-02,-0.0002863176409106211,-0.0002863176409106211,0.0,0.0,1.1491550781826356
2023-03-03,0.0029318403601502267,0.0029318403601502267,0.0,0.0,1.152524217420923
2023-03-06,0.007704098925551619,0.007704098925551619,0.0,0.0,1.1614033780060278
2023-03-07,0.0042831452485431725,0.0042831452485431725,0.0,0.0,1.1663778373661764
2023-03-08,-0.0003990818801810462,-0.0003990818801810462,0.0,0.0,1.1659123571058387
2023-03-09,-0.006809828402065676,-0.006809828402065676,0.0,0.0,1.1579726940221
2023-03-10,-0.011904029528079427,-0.011904029528079427,0.0,0.0,1.1441881528797513
2023-03-13,-0.0021055114553213323,-0.0021055114553213323,0.0,0.0,1.14177905161682
2023-03-14,-0.012297826708612132,-0.012297826708612132,0.0,0.0,1.1277376507005128
2023-03-15,-0.0025796077012272857,-0.0025796077012272857,0.0,0.0,1.1248285299718017
2023-03-16,-0.011717909015550174,-0.011717909015550174,0.0,0.0,1.1116478915994972
2023-03-17,0.005861984890897594,0.005861984890897594,0.0,0.0,1.1181643547440516
2023-03-20,-0.002256261500277335,-0.002256261500277335,0.0,0.0,1.1156414835594601
2023-03-21,0.005894005624244129,0.005894005624244129,0.0,0.0,1.1222170807381995
2023-03-22,0.011413958997786685,0.011413958997786685,0.0,0.0,1.1350260204843612
2023-03-23,0.0056239149275094345,0.0056239149275094345,0.0,0.0,1.1414093102640748
2023-03-24,0.0017515517146074351,0.0017515517146074351,0.0,0.0,1.1434085476985367
2023-03-27,-0.0002162727832840483,-0.0002162727832840483,0.0,0.0,1.143161259549495
2023-03-28,-0.0020135362946470782,-0.0020135362946470782,0.0,0.0,1.1408594628627577
2023-03-29,0.00635207996127075,0.00635207996127075,0.0,0.0,1.1481062933954345
2023-03-30,-0.0004169387852970858,-0.0004169387852970858,0.0,0.0,1.1476276033520743
2023-03-31,0.0030500111904458132,0.0030500111904458132,0.0,0.0,1.1511278803847627
2023-04-06,0.0034932685604867693,0.0034932685604867693,0.0,0.0,1.1551490792184105
2023-04-07,-0.0005486457856386796,-0.0005486457856386796,0.0,0.0,1.1545153115443128
2023-04-10,0.0040894890814457685,0.0040894890814457685,0.0,0.0,1.1592366893052353
2023-04-11,0.006125561398308009,0.006125561398308009,0.0,0.0,1.1663376648207457
2023-04-12,0.0018236654880378952,0.0018236654880378952,0.0,0.0,1.168464674567478
2023-04-13,0.0005698717452848031,-0.0008460194395576621,0.4840653623393043,0.0014158911848424652,1.1674761307383577
2023-04-14,0.002204382137479575,0.002204382137479575,0.0,0.0,1.170049694266891
2023-04-17,-0.0007002829217752357,-0.0007002829217752357,0.0,0.0,1.1692303284483676
2023-04-18,0.0015521705146407786,0.0015521705146407786,0.0,0.0,1.171045173289009
2023-04-19,-0.002271137535473973,-0.002271137535473973,0.0,0.0,1.1683855686402167
2023-04-20,-0.00670998698957374,-0.00670998698957374,0.0,0.0,1.1605457166758353
2023-04-21,0.00011616077389246424,0.00011616077389246424,0.0,0.0,1.1606805265644218
2023-04-24,0.001586170756137499,0.001586170756137499,0.0,0.0,1.1625215640728765
2023-04-25,-0.005595660838337552,-0.005595660838337552,0.0,0.0,1.156016487683071
2023-04-26,0.005279175787459805,0.005279175787459805,0.0,0.0,1.1621193019347518
2023-04-27,-0.00016884961987876344,-0.00016884961987876344,0.0,0.0,1.1619230785323664
2023-04-28,0.0027301418007505155,0.0027301418007505155,0.0,0.0,1.1650952932983245
2023-05-02,0.0045144657888047494,0.0045144657888047494,0.0,0.0,1.1703550761406172
2023-05-03,-0.0019854342504505777,-0.0019854342504505777,0.0,0.0,1.1680314130872589
2023-05-04,0.004621111224574874,0.004621111224574874,0.0,0.0,1.1734290161609324
2023-05-05,0.0006877385435871278,0.0006877385435871278,0.0,0.0,1.1742360285235098
2023-05-08,0.0040794441676907265,0.0040794441676907265,0.0,0.0,1.1790262588415625
2023-05-09,0.003527884297535503,0.003527884297535503,0.0,0.0,1.1831857270665116
2023-05-10,0.0012270249393386485,0.0012270249393386485,0.0,0.0,1.1846375254614918
2023-05-11,-0.0033337488075111466,-0.0033337488075111466,0.0,0.0,1.1806882415236517
2023-05-12,-0.001482155697779152,-0.001482155697779152,0.0,0.0,1.1789382777191766
2023-05-15,0.0006368311661121664,0.0006368311661121664,0.0,0.0,1.1796890623573508
2023-05-16,0.008836966830815687,0.008836966830815687,0.0,0.0,1.1901139354720789
2023-05-17,0.008984224461327971,0.008984224461327971,0.0,0.0,1.2008061862029145
2023-05-18,0.003973651172208669,0.003973651172208669,0.0,0.0,1.205577771112315
2023-05-19,0.005549750144767642,0.005549750144767642,0.0,0.0,1.2122684265220742
2023-05-22,0.00024109590967378778,0.00024109590967378778,0.0,0.0,1.2125606994811353
2023-05-23,0.0011175826429757959,0.0011175826429757959,0.0,0.0,1.21391583627243
2023-05-24,-0.000669259228795441,-0.000669259228795441,0.0,0.0,1.2131034118960238
2023-05-25,-0.0016664587788566007,-0.0016664587788566007,0.0,0.0,1.2110818250656088
2023-05-26,0.0010759135092542936,0.0010759135092542936,0.0,0.0,1.2123848443620093
2023-05-29,0.005293082161401836,0.005293082161401836,0.0,0.0,1.218802096954456
2023-05-30,0.0008738298675437721,0.0008738298675437721,0.0,0.0,1.2198671226293996
2023-05-31,0.0017420846682589344,0.0017420846682589344,0.0,0.0,1.2219922344410454
2023-06-01,-0.003628254398430616,-0.003628254398430616,0.0,0.0,1.2175585357415866
2023-06-02,0.007885734486220203,0.007885734486220203,0.0,0.0,1.2271598790758758
2023-06-05,0.005452425199761366,0.005452425199761366,0.0,0.0,1.2338508765246852
2023-06-06,0.00102486689695452,0.00102486689695452,0.0,0.0,1.2351154094438137
2023-06-07,0.004733231247035023,0.004733231247035023,0.0,0.0,1.2409614962934876
2023-06-08,-0.00189341474716047,-0.00189341474716047,0.0,0.0,1.2386118414957472
2023-06-09,0.0069810030831290735,0.0069810030831290735,0.0,0.0,1.2472585945800292
2023-06-12,-0.0022661599652962477,-0.0022661599652962477,0.0,0.0,1.2444321070866202
2023-06-13,0.00773325184145394,0.00773325184145394,0.0,0.0,1.2540556139703123
2023-06-14,0.0006460005381304276,0.0006460005381304276,0.0,0.0,1.2548657345717824
2023-06-15,0.004224517624730368,0.004224517624730368,0.0,0.0,1.2601669369841513
2023-06-16,-0.004617136747819171,-0.004617136747819171,0.0,0.0,1.254348573911015
2023-06-19,0.003368476144464544,0.003368476144464544,0.0,0.0,1.2585738171590775
2023-06-20,-0.002403822880576785,-0.002403822880576785,0.0,0.0,1.2555484286204956
2023-06-21,0.004393340867196814,0.004393340867196814,0.0,0.0,1.2610644808426987
2023-06-26,-0.004046183777088625,-0.004046183777088625,0.0,0.0,1.2559619821984502
2023-06-27,-0.011615058909671981,-0.011615058909671981,0.0,0.0,1.2413739097869068
2023-06-28,0.0019709460739784235,0.0019709460739784235,0.0,0.0,1.2438205908207407
2023-06-29,-0.0017735117571073156,-0.0017735117571073156,0.0,0.0,1.241614660379188
2023-06-30,-0.00532614528622149,-0.00532614528622149,0.0,0.0,1.235001640308506
2023-07-03,0.006351231237687071,0.006351231237687071,0.0,0.0,1.2428454213050282
2023-07-04,0.0024588001670615917,0.0024588001670615917,0.0,0.0,1.2459013298345647
2023-07-05,-0.00575055660886494,-0.00575055660886494,0.0,0.0,1.238736703708291
2023-07-06,-0.013581305715151306,-0.013581305715151306,0.0,0.0,1.22191304183465
2023-07-07,-0.008303322314375198,-0.008303322314375198,0.0,0.0,1.2117671040081581
2023-07-10,0.0008877688681648716,0.0008877688681648716,0.0,0.0,1.2128428731185628
2023-07-11,0.01592662784916077,0.01592662784916077,0.0,0.0,1.232159370198229
2023-07-12,0.0060316033091969996,0.0060316033091969996,0.0,0.0,1.2395912667329747
2023-07-13,0.0035467644426307103,0.0035467644426307103,0.0,0.0,1.243987804961219
2023-07-14,0.013931762645570712,0.013931762645570712,0.0,0.0,1.2613187477939232
2023-07-17,0.009345884696653591,0.009345884696653591,0.0,0.0,1.2731068873765328
2023-07-18,0.0021911584318080155,0.0021911584318080155,0.0,0.0,1.2758964662674006
2023-07-19,-0.008564397258887751,-0.008564397258887751,0.0,0.0,1.2649691820690754
2023-07-20,0.001173504165933494,0.001173504165933494,0.0,0.0,1.266453628674011
2023-07-21,-0.0015150534857845445,-0.0015150534857845445,0.0,0.0,1.264534883689304
2023-07-24,-0.0005817222097639346,-0.0005817222097639346,0.0,0.0,1.2637992756624408
2023-07-25,0.0071859728497842956,0.0071859728497842956,0.0,0.0,1.2728809029449282
2023-07-26,0.003514144046005578,0.003514144046005578,0.0,0.0,1.2773539897912862
2023-07-27,0.0006713277209861239,0.0006713277209861239,0.0,0.0,1.2782115129341454
2023-07-28,0.0018783390562233135,0.0018783390562233135,0.0,0.0,1.280612427541004
2023-07-31,-0.004073811253144802,-0.004073811253144802,0.0,0.0,1.2753954542227703
2023-08-01,0.0031874096569757693,0.0031874096569757693,0.0,0.0,1.2794606620100228
2023-08-02,-0.016974664795816184,-0.016974664795816184,0.0,0.0,1.2577422461529697
2023-08-04,0.0013596646309113167,0.0013596646309113167,0.0,0.0,1.2594523537998668
2023-08-07,0.01196887299609255,0.01196887299609255,0.0,0.0,1.2745265790671272
2023-08-08,-0.003240237369816025,-0.003240237369816025,0.0,0.0,1.2703968104168102
2023-08-09,-0.00376165674676089,-0.00376165674676089,0.0,0.0,1.2656180136838422
2023-08-10,-0.009938404229451157,-0.009938404229451157,0.0,0.0,1.253039790263777
2023-08-11,-0.005550064556745158,-0.005550064556745158,0.0,0.0,1.2460853385356427
2023-08-14,-0.009662166001578583,-0.009662166001578583,0.0,0.0,1.2340454551425781
2023-08-15,-0.00043128217616642006,-0.00043128217616642006,0.0,0.0,1.233513233333196
2023-08-16,-0.004976784755806188,-0.004976784755806188,0.0,0.0,1.227374303477458
2023-08-17,-0.0019288663268960744,-0.0019288663268960744,0.0,0.0,1.2250068625129829
2023-08-18,-0.0026704192204378813,-0.0026704192204378813,0.0,0.0,1.22173558064216
2023-08-21,0.0018156582711048555,0.0018156582711048555,0.0,0.0,1.223953834954256
2023-08-22,-0.001012217700049749,-0.001012217700049749,0.0,0.0,1.2227149272184714
2023-08-23,0.0022660682463622787,0.0022660682463622787,0.0,0.0,1.2254856826893943
2023-08-24,0.0028697229193695574,0.0028697229193695574,0.0,0.0,1.2290024870403673
2023-08-25,-0.007891240357484343,-0.007891240357484343,0.0,0.0,1.2193041330151857
2023-08-28,0.0020366507811066616,0.0020366507811066616,0.0,0.0,1.2217874297300977
2023-08-29,0.005573725718927888,0.005573725718927888,0.0,0.0,1.228597337750247
2023-08-30,0.0029736356153251364,0.0029736356153251364,0.0,0.0,1.232250738550675
2023-08-31,-0.008369145786116583,-0.008369145786116583,0.0,0.0,1.2219378524746944
2023-09-01,0.0029895346443647537,0.0029895346443647537,0.0,0.0,1.225590878017928
2023-09-04,0.003998251423179621,0.003998251423179621,0.0,0.0,1.230491098490199
2023-09-05,0.00015920096091393964,0.00015920096091393964,0.0,0.0,1.2306869938554748
2023-09-06,-0.0018451869091415964,-0.0018451869091415964,0.0,0.0,1.2284161463251617
2023-09-07,-0.001443031510594253,-0.001443031510594253,0.0,0.0,1.2266435031178917
2023-09-08,0.0010035653222400188,0.0010035653222400188,0.0,0.0,1.2278745200003718
2023-09-11,-0.0029774629347244165,-0.0029774629347244165,0.0,0.0,1.224218569128578
2023-09-12,0.006323633260246089,0.006323633260246089,0.0,0.0,1.2319600783901303
2023-09-13,0.0016691766219846492,0.0016691766219846492,0.0,0.0,1.2340164373521976
2023-09-14,0.011994738297424038,0.011994738297424038,0.0,0.0,1.248818141572957
2023-09-15,0.0004401054775139391,0.0004401054775139391,0.0,0.0,1.2493677532774818
2023-09-18,-0.004785597908692051,-0.004785597908692051,0.0,0.0,1.2433887815702098
2023-09-19,0.0010178167649101697,0.0010178167649101697,0.0,0.0,1.2446543235173932
2023-09-20,-0.004641861173255685,-0.004641861173255685,0.0,0.0,1.238876810938933
2023-09-21,-0.012996479245138243,-0.012996479245138243,0.0,0.0,1.222775774178282
2023-09-22,0.004266227006028536,0.004266227006028536,0.0,0.0,1.227992413208399
2023-09-25,0.0038903419931024742,0.0038903419931024742,0.0,0.0,1.232769723660715
2023-09-26,-0.008546803170082409,-0.008546803170082409,0.0,0.0,1.22223348347855
2023-09-27,0.000768703815183285,0.000768703815183285,0.0,0.0,1.2231730190203447
2023-09-28,0.002955036281055646,0.002955036281055646,0.0,0.0,1.2267875396695582
2023-10-02,0.003126947273017768,0.003126947273017768,0.0,0.0,1.2306236396213002
2023-10-03,-0.00542329924202004,-0.00542329924202004,0.0,0.0,1.2239495993693301
2023-10-04,-0.011303854344496435,-0.011303854344496435,0.0,0.0,1.2101142513730545
2023-10-05,0.00839443576907083,0.00839443576907083,0.0,0.0,1.220272477729443
2023-10-06,0.00533777902582503,0.00533777902582503,0.0,0.0,1.2267860225668588
2023-10-11,0.01193205942096559,0.01193205942096559,0.0,0.0,1.2414241062849365
2023-10-12,0.006057819378507064,0.006057819378507064,0.0,0.0,1.248944429292935
2023-10-13,-0.006664307844139858,-0.006664307844139858,0.0,0.0,1.2406210791359034
2023-10-16,-0.001321200510059675,-0.001321200510059675,0.0,0.0,1.2389819699333582
2023-10-17,-0.0034531696803419823,-0.0034531696803419823,0.0,0.0,1.234703554960294
2023-10-18,-0.005354240072714475,-0.005354240072714475,0.0,0.0,1.2280926557084026
2023-10-19,-0.0048151873090987885,-0.0048151873090987885,0.0,0.0,1.222179159538238
2023-10-20,-0.007081286052057723,-0.007081286052057723,0.0,0.0,1.2135245593026844
2023-10-23,-0.006342174450414619,-0.006342174450414619,0.0,0.0,1.2058281748477242
2023-10-24,0.0038270054893721427,0.0038270054893721427,0.0,0.0,1.210442885892106
2023-10-25,0.00010135553382287378,0.00010135553382287378,0.0,0.0,1.2105655709769676
2023-10-26,-0.00856075545041991,-0.00856075545041991,0.0,0.0,1.2002022151671359
2023-10-27,0.005667953668300085,0.005667953668300085,0.0,0.0,1.2070049057152945
2023-10-30,-0.004089081150129219,-0.004089081150129219,0.0,0.0,1.2020693647072207
2023-10-31,-0.00253659787557816,-0.00253659787557816,0.0,0.0,1.1990201981104067
2023-11-01,0.004925841652797862,0.004925841652797862,0.0,0.0,1.204926381744805
2023-11-02,0.012422922589063634,0.012422922589063634,0.0,0.0,1.2198950889107414
2023-11-03,0.006667461809767673,0.006667461809767673,0.0,0.0,1.2280286928279769
2023-11-06,0.008326800962923384,0.008326800962923384,0.0,0.0,1.2382542433299144
2023-11-07,-0.001275347910641029,-0.001275347910641029,0.0,0.0,1.2366750383678413
2023-11-08,0.003997570418575186,0.003997570418575186,0.0,0.0,1.241618733918611
2023-11-09,-0.0016939038891084536,-0.0016939038891084536,0.0,0.0,1.2395155511164364
2023-11-10,-0.002379680689302759,-0.002379680689302759,0.0,0.0,1.2365658998953541
2023-11-13,-0.0007999934794504625,-0.0007999934794504625,0.0,0.0,1.235576655238527
2023-11-14,0.0028990635551165767,0.0028990635551165767,0.0,0.0,1.2391586704892816
2023-11-15,0.009687912645225984,0.009687912645225984,0.0,0.0,1.2511635314425562
2023-11-16,0.0048017260160786255,0.0048017260160786255,0.0,0.0,1.2571712759218527
2023-11-17,0.0003710398162609127,0.0003710398162609127,0.0,0.0,1.2576377365210791
2023-11-20,0.0001281595693048398,0.0001281595693048398,0.0,0.0,1.2577989148317332
2023-11-21,0.011480129249414826,0.011480129249414826,0.0,0.0,1.2722386089437754
2023-11-22,-0.00592830840692591,-0.00592830840692591,0.0,0.0,1.2646963861027583
2023-11-23,0.0004789824740329638,0.0004789824740329638,0.0,0.0,1.2653021535066744
2023-11-24,-0.00019461348059906006,-0.00019461348059906006,0.0,0.0,1.265055908650571
2023-11-27,-0.0022265478424273047,-0.0022265478424273047,0.0,0.0,1.2622392011466153
2023-11-28,0.006317984723127093,0.006317984723127093,0.0,0.0,1.2702140091363918
2023-11-29,-0.00047505462940262223,-0.00047505462940262223,0.0,0.0,1.2696105880910193
2023-11-30,0.004017980438341501,0.004017980438341501,0.0,0.0,1.2747118585982804
2023-12-01,-0.00529611338487935,-0.00529611338487935,0.0,0.0,1.2679608400620936
2023-12-04,0.004361522200703933,0.004361522200703933,0.0,0.0,1.2734910794156475
2023-12-05,-0.0008734345862244634,-0.0008734345862244634,0.0,0.0,1.2723787682616376
2023-12-06,0.004295834304932208,0.004295834304932208,0.0,0.0,1.2778446966232033
2023-12-07,-0.005729295973120432,-0.005729295973120432,0.0,0.0,1.2705235461485667
2023-12-08,0.002875017456679174,0.002875017456679174,0.0,0.0,1.2741763235228658
2023-12-11,0.0009945039691647397,0.0009945039691647397,0.0,0.0,1.2754434969340251
2023-12-12,0.0018275810262188765,0.0018275810262188765,0.0,0.0,1.2777744732690361
2023-12-13,0.0021817767107321414,0.0021817767107321414,0.0,0.0,1.2805622918563826
2023-12-14,0.009146519313524757,0.009146519313524757,0.0,0.0,1.2922749795910184
2023-12-15,-0.006909472557289386,-0.006909472557289386,0.0,0.0,1.2833460410830626
2023-12-18,0.00066118121169086,0.00066118121169086,0.0,0.0,1.2841945653735245
2023-12-19,-0.005674478392652497,-0.005674478392652497,0.0,0.0,1.2769074310603508
2023-12-20,0.002949351690471038,0.002949351690471038,0.0,0.0,1.2806734801507236
2023-12-21,-0.0025783430852754146,-0.0025783430852754146,0.0,0.0,1.2773714645386813
2023-12-22,4.65787161313148e-05,4.65787161313148e-05,0.0,0.0,1.2774309628615221
2023-12-25,0.0033255142232709884,0.0033255142232709884,0.0,0.0,1.2816790776977651
2023-12-26,0.007745414639193068,0.007745414639193068,0.0,0.0,1.2916062135889128
2023-12-27,0.006909066301407469,0.006909066301407469,0.0,0.0,1.3005300065539085
2023-12-28,0.0023189412952735865,0.0023189412952735865,0.0,0.0,1.3035458592918487
2023-12-29,0.0029898756455883106,0.0029898756455883106,0.0,0.0,1.3074432993094531
2024-01-02,-0.0019386186429375925,-0.0019386186429375925,0.0,0.0,1.304908665354828
2024-01-03,-0.011919298125783549,-0.011919298125783549,0.0,0.0,1.2893550699455456
2024-01-04,0.002113591991349602,0.002113591991349602,0.0,0.0,1.2920802404953884
2024-01-05,0.0009356359476425172,0.0009356359476425172,0.0,0.0,1.2932891572156344
2024-01-08,0.0035468172309736615,0.0035468172309736615,0.0,0.0,1.2978762174830782
2024-01-09,-0.006204240519863388,-0.006204240519863388,0.0,0.0,1.2898238812648029
2024-01-10,-0.005836728667823306,-0.005836728667823306,0.0,0.0,1.2822955292405815
2024-01-11,0.004299928666504715,0.004299928666504715,0.0,0.0,1.2878093085456939
2024-01-12,-0.0030388660474004103,-0.0030388660474004103,0.0,0.0,1.283895828562428
2024-01-15,-0.0012408114011523092,-0.0012408114011523092,0.0,0.0,1.2823027559804558
2024-01-16,-0.010350428821739885,-0.010350428821739885,0.0,0.0,1.2690303725767593
2024-01-17,-0.01403186074872224,-0.01403186074872224,0.0,0.0,1.2512235151028632
2024-01-18,0.0022491375285594965,0.0022491375285594965,0.0,0.0,1.2540376888672973
2024-01-19,0.010106849124902553,0.010106849124902553,0.0,0.0,1.2667120585856206
2024-01-22,0.005938750010133373,0.005938750010133373,0.0,0.0,1.274234744836382
2024-01-23,0.00286092772016872,0.00286092772016872,0.0,0.0,1.2778802383398866
2024-01-24,0.0015261691462201653,0.0015261691462201653,0.0,0.0,1.2798304997322052
2024-01-25,0.0013015861845469317,0.0013015861845469317,0.0,0.0,1.2814963094292184
2024-01-26,0.002195832313194125,0.002195832313194125,0.0,0.0,1.284310260434702
2024-01-29,0.004452459378093311,0.004452459378093311,0.0,0.0,1.290028599698156
2024-01-30,-0.0074475481329320066,-0.0074475481329320066,0.0,0.0,1.2804210496090451
2024-01-31,-0.00039378008824531626,-0.00039378008824531626,0.0,0.0,1.2799168452951388
2024-02-01,0.007112686561540396,0.007112686561540396,0.0,0.0,1.2890204926405586
2024-02-02,0.0003715822703796098,0.0003715822703796098,0.0,0.0,1.2894994698017799
2024-02-05,-0.004818556943094279,-0.004818556943094279,0.0,0.0,1.28328594317845
2024-02-15,0.001581549503434158,0.001581549503434158,0.0,0.0,1.2853155234246478
2024-02-16,0.0029781329879764607,0.0029781329879764607,0.0,0.0,1.289143363984917
2024-02-19,0.00795418286583408,0.00795418286583408,0.0,0.0,1.2993974460423294
2024-02-20,0.0028196375174523035,0.0028196375174523035,0.0,0.0,1.303061275831272
2024-02-21,-0.002040464152585398,-0.002040464152585398,0.0,0.0,1.300402426009316
2024-02-22,0.0027997796493070526,0.0027997796493070526,0.0,0.0,1.3040432662575665
2024-02-23,-0.005588302635975381,-0.005588302635975381,0.0,0.0,1.2967558778353134
2024-02-26,-0.0020764655317947038,-0.0020764655317947038,0.0,0.0,1.2940632089518362
2024-02-27,-0.0012204626923888694,-0.0012204626923888694,0.0,0.0,1.2924838530837175
2024-02-29,0.007456388522538325,0.007456388522538325,0.0,0.0,1.302121114851417
2024-03-01,-0.0035486821430313776,-0.0035486821430313776,0.0,0.0,1.2975003009030797
2024-03-04,0.00368936116442719,0.00368936116442719,0.0,0.0,1.302287248124064
2024-03-05,-6.863405291337658e-05,-6.863405291337658e-05,0.0,0.0,1.3021978668721679
2024-03-06,0.0037770520345450833,0.0037770520345450833,0.0,0.0,1.3071163359746176
2024-03-07,-0.0004951844860295114,-0.0004951844860295114,0.0,0.0,1.3064690722436072
2024-03-08,0.000701694568424479,0.000701694568424479,0.0,0.0,1.307385814495415
2024-03-11,0.003739471088579063,0.003739471088579063,0.0,0.0,1.3122747459503388
2024-03-12,0.010715826098569466,0.010715826098569466,0.0,0.0,1.3263368539214868
2024-03-13,0.0059947446715173216,0.0059947446715173216,0.0,0.0,1.3342879047091698
2024-03-14,0.005273711976596439,0.005273711976596439,0.0,0.0,1.3413245548124624
2024-03-15,0.003222616643575192,0.003222616643575192,0.0,0.0,1.345647129647237
2024-03-18,-0.0016646436493145693,-0.0016646436493145693,0.0,0.0,1.3434071066986513
2024-03-19,-0.000270198427070845,-0.000270198427070845,0.0,0.0,1.3430441202115055
2024-03-20,-0.0030072564183566265,-0.0030072564183566265,0.0,0.0,1.3390052421608634
2024-03-21,0.014199618138672406,0.014199618138672406,0.0,0.0,1.358018605285228
2024-03-22,0.0001442432576715221,0.0001442432576715221,0.0,0.0,1.358214490312833
2024-03-25,-0.0009893445932208852,-0.0009893445932208852,0.0,0.0,1.3568707481504079
2024-03-26,0.003283591063893354,0.003283591063893354,0.0,0.0,1.3613261568138928
2024-03-27,0.0063825203380225865,0.0063825203380225865,0.0,0.0,1.3700148486964396
2024-03-28,0.00039553772940948903,0.00039553772940948903,0.0,0.0,1.3705567412589506
2024-03-29,0.0026429719929450253,0.0026429719929450253,0.0,0.0,1.37417908434084
2024-04-01,-0.0012687895567282872,-0.0012687895567282872,0.0,0.0,1.3724355402695538
2024-04-02,0.00217514694954616,0.00217514694954616,0.0,0.0,1.3754207892484198
2024-04-03,-0.011433773594384187,-0.011433773594384187,0.0,0.0,1.3596945393471442
2024-04-08,0.0064777595165514314,0.0064777595165514314,0.0,0.0,1.3685023135890033
2024-04-09,0.0036685323830480242,0.0036685323830480242,0.0,0.0,1.373522708642681
2024-04-10,-0.000548063278593287,-0.000548063278593287,0.0,0.0,1.37276993128376
2024-04-11,-0.0016018148992757593,-0.0016018148992757593,0.0,0.0,1.370571007954552
2024-04-12,-0.005728693859095104,-0.005728693859095104,0.0,0.0,1.3627194262378288
2024-04-15,-0.0028803298083271032,-0.0028803298083271032,0.0,0.0,1.3587943448540496
2024-04-16,-0.023156886164670442,-0.023156886164670442,0.0,0.0,1.3273288988890664
2024-04-17,0.005911748436434778,0.005911748436434778,0.0,0.0,1.3351757334317085
2024-04-18,0.006355444495817787,0.006355444495817787,0.0,0.0,1.3436613686976966
2024-04-19,-0.01469048552146323,-0.01469048552146323,0.0,0.0,1.3239223308150936
2024-04-22,0.011825030015749907,0.011825030015749907,0.0,0.0,1.3395777521155037
2024-04-23,0.005100531845714383,0.005100531845714383,0.0,0.0,1.3464103110999794
2024-04-24,0.004352044348157474,0.004352044348157474,0.0,0.0,1.3522699484847032
2024-04-25,-0.006084559115388857,-0.007538013541649038,0.4969074961573268,0.001453454426260181,1.3420765193010604
2024-04-26,0.003214497085582569,0.003214497085582569,0.0,0.0,1.3463906203609823
2024-04-29,0.01687106832802892,0.01687106832802892,0.0,0.0,1.3691056685133096
2024-04-30,-0.00286363746709959,-0.00286363746709959,0.0,0.0,1.3651850462245365
2024-05-02,0.0016191865915697393,0.0016191865915697393,0.0,0.0,1.367395535546395
2024-05-03,0.000782692861036859,0.000782692861036859,0.0,0.0,1.3684657862702807
2024-05-06,0.015021288141985481,0.015021288141985481,0.0,0.0,1.3890219051582955
2024-05-07,-0.0004008694219272353,-0.0004008694219272353,0.0,0.0,1.3884650887501304
2024-05-08,0.0007433814082770748,0.0007433814082770748,0.0,0.0,1.389497247883149
2024-05-09,-0.007505580043881176,-0.007505580043881176,0.0,0.0,1.3790682650684096
2024-05-10,0.010901113235705407,0.010901113235705407,0.0,0.0,1.394101644385688
2024-05-13,0.0010435321769846808,0.0010435321769846808,0.0,0.0,1.3955564343095916
2024-05-14,-0.006455479258580649,-0.006455479258580649,0.0,0.0,1.3865474486937273
2024-05-15,0.0013693502121582936,0.0013693502121582936,0.0,0.0,1.3884461177367635
2024-05-16,0.008950871914654152,0.008950871914654152,0.0,0.0,1.400873921097024
2024-05-17,0.001116512677226694,0.001116512677226694,0.0,0.0,1.4024380145891253
2024-05-20,0.0079482117009703,0.0079482117009703,0.0,0.0,1.4135848888265683
2024-05-21,-0.004584150119673209,-0.004584150119673209,0.0,0.0,1.407104803489286
2024-05-22,0.004339673747074713,0.004339673747074713,0.0,0.0,1.4132111792643711
2024-05-23,-0.001264866190240771,-0.001264866190240771,0.0,0.0,1.4114236562240492
2024-05-24,-0.004130190979392311,-0.004130190979392311,0.0,0.0,1.4055942069710117
2024-05-27,0.006376066569353433,0.006376066569353433,0.0,0.0,1.4145563692041565
2024-05-28,0.0009127427711273751,0.0009127427711273751,0.0,0.0,1.4158474953044997
2024-05-29,-0.011380760594226602,-0.011380760594226602,0.0,0.0,1.3997340739225037
2024-05-30,-0.004957095637930882,-0.004957095637930882,0.0,0.0,1.3927954582503992
2024-05-31,0.005748916333451076,0.005748916333451076,0.0,0.0,1.4008025228094914
2024-06-03,0.004654725911997944,0.004654725911997944,0.0,0.0,1.4073228746100048
2024-06-04,-0.0048805454402933695,-0.0048805454402933695,0.0,0.0,1.4004543713713065
2024-06-05,0.0007393491689484889,0.0007393491689484889,0.0,0.0,1.4014897961469301
2024-06-06,0.0036031448534426394,0.0036031448534426394,0.0,0.0,1.4065395668930694
2024-06-07,0.0039022191637481975,0.0039022191637481975,0.0,0.0,1.4120281925455695
2024-06-11,-0.004060717657449502,-0.004060717657449502,0.0,0.0,1.4062943447312832
2024-06-12,0.0014155727866799364,0.0014155727866799364,0.0,0.0,1.4082850567357468
2024-06-13,0.004395207776840471,0.004395207776840471,0.0,0.0,1.41447476216912
2024-06-14,0.006065638392313116,0.006065638392313116,0.0,0.0,1.4230544545914912
2024-06-17,0.000548013768415979,0.000548013768415979,0.0,0.0,1.423834308025813
2024-06-18,0.006328772637349803,0.006328772637349803,0.0,0.0,1.4328454316345665
2024-06-19,0.0007348668800461278,0.0007348668800461278,0.0,0.0,1.4338983822865001
2024-06-20,0.00475602047172615,0.00475602047172615,0.0,0.0,1.4407180323470297
2024-06-21,-0.0017395297307136225,-0.0017395297307136225,0.0,0.0,1.4382118604961867
2024-06-24,-0.0030675972054902863,-0.0030675972054902863,0.0,0.0,1.4338000058120255
2024-06-25,0.003973383880901955,0.003973383880901955,0.0,0.0,1.4394970436435561
2024-06-26,-0.007004228853522711,-0.007004228853522711,0.0,0.0,1.4294144769159074
2024-06-27,-0.009254718256748628,-0.009254718256748628,0.0,0.0,1.416185648659933
2024-06-28,0.0030512438274440954,0.0030512438274440954,0.0,0.0,1.4205067763789214
2024-07-01,0.0042981760101437755,0.0042981760101437755,0.0,0.0,1.4266123645273998
2024-07-02,0.0012725442083518239,0.0012725442083518239,0.0,0.0,1.4284277918294424
2024-07-03,0.008982349790708147,0.008982349790708147,0.0,0.0,1.4412584299064233
2024-07-04,0.002320162938104232,0.002320162938104232,0.0,0.0,1.4446023842997224
2024-07-05,0.0038179478131989417,0.0038179478131989417,0.0,0.0,1.4501178008138016
2024-07-08,-0.006130029929490093,-0.006130029929490093,0.0,0.0,1.4412285352935266
2024-07-09,-0.007092673122844052,-0.007092673122844052,0.0,0.0,1.4310063723973743
2024-07-10,-0.0004964251029336382,-0.0004964251029336382,0.0,0.0,1.430295984911658
2024-07-11,0.003100446840269721,0.003100446840269721,0.0,0.0,1.434730541578728
2024-07-12,0.0035728888667369623,0.0035728888667369623,0.0,0.0,1.439856674357502
2024-07-15,-0.00089158867628653,-0.00089158867628653,0.0,0.0,1.4385729144511692
2024-07-16,-0.0010899706102537655,-0.0010899706102537655,0.0,0.0,1.4370049122537103
2024-07-17,0.002393635970982952,0.002393635970982952,0.0,0.0,1.4404445789021598
2024-07-18,0.0073778584667368585,0.0073778584667368585,0.0,0.0,1.4510719751344783
2024-07-19,-0.010139307669440961,-0.010139307669440961,0.0,0.0,1.4363591099280864
2024-07-22,-0.011443648271550432,-0.011443648271550432,0.0,0.0,1.4199219214824321
2024-07-23,0.012920782463902523,0.012920782463902523,0.0,0.0,1.4382684237456331
2024-07-26,-0.011755607274939031,-0.011755607274939031,0.0,0.0,1.4213607050001338
2024-07-29,-0.0009206194632682719,-0.0009206194632682719,0.0,0.0,1.420052172670786
2024-07-30,-0.0016427115260289,-0.0016427115260289,0.0,0.0,1.4177194365991772
2024-07-31,0.0032645103227076995,0.0032645103227076995,0.0,0.0,1.4223475963346588
2024-08-01,0.006692163599034905,0.006692163599034905,0.0,0.0,1.4318661791440244
2024-08-02,-0.01221726291202911,-0.01221726291202911,0.0,0.0,1.4143726935785792
2024-08-05,-0.04931784205946922,-0.04931784205946922,0.0,0.0,1.3446188844634448
2024-08-06,0.009619828825487413,0.009619828825487413,0.0,0.0,1.3575538879675009
2024-08-07,0.012935399608911304,0.012935399608911304,0.0,0.0,1.3751143899989915
2024-08-08,-0.016467371912002163,-0.016467371912002163,0.0,0.0,1.352469869917332
2024-08-09,0.019575624014363257,0.019575624014363257,0.0,0.0,1.3789453115815884
2024-08-12,0.007946944002995256,0.007946944002995256,0.0,0.0,1.3899037127559202
2024-08-13,-0.0010834339832146446,-0.0010834339832146446,0.0,0.0,1.388397843840124
2024-08-14,0.0047824649869112525,0.0047824649869112525,0.0,0.0,1.3950378079161925
2024-08-15,-0.00908031619238459,-0.00908031619238459,0.0,0.0,1.3823704235199823
2024-08-16,0.01084727553776698,0.01084727553776698,0.0,0.0,1.3973653763991631
2024-08-19,0.000246726044637045,0.000246726044637045,0.0,0.0,1.397710142831395
2024-08-20,0.003123552744236774,0.003123552744236774,0.0,0.0,1.4020759641836835
2024-08-21,0.000974927917629363,0.000974927917629363,0.0,0.0,1.4034428871838034
2024-08-22,-0.00517495513597021,-0.00517495513597021,0.0,0.0,1.3961801332067307
2024-08-23,0.00028354084712960435,0.00028354084712960435,0.0,0.0,1.3965760073044455
2024-08-26,0.007009348995799742,0.007009348995799742,0.0,0.0,1.4063650959388028
2024-08-27,-0.0006298808980868269,-0.0006298808980868269,0.0,0.0,1.405479253429135
2024-08-28,-0.0023075823389339077,-0.0023075823389339077,0.0,0.0,1.4022359943261837
2024-08-29,-0.00549458252111244,-0.00549458252111244,0.0,0.0,1.3945312929412843
2024-08-30,0.006355309610104429,0.006355309610104429,0.0,0.0,1.4033939710689052
2024-09-02,0.0005968377795474075,0.0005968377795474075,0.0,0.0,1.4042315696104282
2024-09-03,-0.006912059388492698,-0.006912059388492698,0.0,0.0,1.3945254376060845
2024-09-04,-0.02119733676912486,-0.02119733676912486,0.0,0.0,1.364965212272037
2024-09-05,0.005760519556564797,0.005760519556564797,0.0,0.0,1.3728281210713609
2024-09-06,0.008655749255874347,0.008655749255874347,0.0,0.0,1.3847109770587676
2024-09-09,-0.00301895480923567,-0.00301895480923567,0.0,0.0,1.3805305971951747
2024-09-10,-0.001146036850195994,-0.001146036850195994,0.0,0.0,1.3789484582579659
2024-09-11,-0.004291665504438094,-0.004291665504438094,0.0,0.0,1.3730304727272622
2024-09-12,0.008777238546144334,0.008777238546144334,0.0,0.0,1.385081888717515
2024-09-13,0.0027320307461536197,0.0027320307461536197,0.0,0.0,1.3888659750234316
2024-09-16,0.005440309641023761,0.005440309641023761,0.0,0.0,1.3964218359774414
2024-09-18,-0.004676055968829598,-0.004676055968829598,0.0,0.0,1.3898920893163151
2024-09-19,0.005403595671771103,0.005403595671771103,0.0,0.0,1.3974025041943736
2024-09-20,0.004570627596113144,0.004570627596113144,0.0,0.0,1.403789510642922
2024-09-23,0.004926451997139823,0.004926451997139823,0.0,0.0,1.4107052122811927
2024-09-24,0.0011098178730504205,0.0011098178730504205,0.0,0.0,1.4122708381393878
2024-09-25,0.0019704658431296783,0.0019704658431296783,0.0,0.0,1.4150536695871896
2024-09-26,0.0017712854874042598,0.0017712854874042598,0.0,0.0,1.4175601336160277
2024-09-27,-0.0001890285323178576,-0.0001890285323178576,0.0,0.0,1.417292174304498
2024-09-30,-0.006743793643069524,-0.006743793643069524,0.0,0.0,1.4077342483490511
2024-10-01,0.0023967371499068225,0.0023967371499068225,0.0,0.0,1.4111082173192653
2024-10-04,-0.010772246632179284,-0.010772246632179284,0.0,0.0,1.3959074115776073
2024-10-07,0.005708262809866545,0.005708262809866545,0.0,0.0,1.403875617941133
2024-10-08,-0.009074231554990632,-0.009074231554990632,0.0,0.0,1.3911365255095294
2024-10-09,-0.0024174738807814294,-0.0024174738807814294,0.0,0.0,1.387773489294509
2024-10-11,-0.0016195601822023668,-0.0016195601822023668,0.0,0.0,1.3855259066093317
2024-10-14,0.0032756207424326994,0.0032756207424326994,0.0,0.0,1.390064364008199
2024-10-15,0.007349796053352802,0.007349796053352802,0.0,0.0,1.400281053584693
2024-10-16,-0.006940727776523875,-0.006940727776523875,0.0,0.0,1.3905620839811377
2024-10-17,0.00804504789372635,0.00804504789372635,0.0,0.0,1.401749222545966
2024-10-18,0.008462710226399934,0.008462710226399934,0.0,0.0,1.4136118200264538
2024-10-21,-0.005826723361245613,-0.005826723361245613,0.0,0.0,1.405375095010973
2024-10-22,0.004220345483172681,0.004220345483172681,0.0,0.0,1.4113062634453657
2024-10-23,-0.009022771203058302,-0.009022771203058302,0.0,0.0,1.3985723699328552
2024-10-24,-0.00042126794882877696,-0.00042126794882877696,0.0,0.0,1.397983196219285
2024-10-25,0.0028507375623308883,0.0028507375623308883,0.0,0.0,1.4019684794282545
2024-10-28,-0.002233452774347274,-0.002233452774347274,0.0,0.0,1.398837249038328
2024-10-29,-0.003827672594135882,-0.003827672594135882,0.0,0.0,1.3934829580365278
2024-10-30,-0.0018274959138272063,-0.0018274959138272063,0.0,0.0,1.3909363736247282
2024-11-01,-0.004640945496001102,-0.004640945496001102,0.0,0.0,1.3844811137263304
2024-11-04,0.006056405735759124,0.006056405735759124,0.0,0.0,1.3928660930845527
2024-11-05,0.0034848807469797464,0.0034848807469797464,0.0,0.0,1.397720065315464
2024-11-06,-0.0044843696830268,-0.0044843696830268,0.0,0.0,1.391452171829205
2024-11-07,0.00831375469405495,0.00831375469405495,0.0,0.0,1.403020363854303
2024-11-08,-0.0021832333689470323,-0.0021832333689470323,0.0,0.0,1.3999572429786242
2024-11-11,0.0022483498038765827,0.0022483498038765827,0.0,0.0,1.4031048365713108
2024-11-12,-0.008165742563824423,-0.008165742563824423,0.0,0.0,1.3916474436858126
2024-11-13,0.0019196437769119674,0.0019196437769119674,0.0,0.0,1.3943189110407397
2024-11-14,-0.009812237781613694,-0.009812237781613694,0.0,0.0,1.3806375223422074
2024-11-15,0.007523741951236303,0.007523741951236303,0.0,0.0,1.3910250827885045
2024-11-18,-0.003131031602833602,-0.003131031602833602,0.0,0.0,1.3866697392939595
2024-11-19,0.011400161100462798,0.011400161100462798,0.0,0.0,1.4024779977150474
2024-11-20,-0.007612831413884075,-0.007612831413884075,0.0,0.0,1.391801169156761
2024-11-21,-0.0015196898746875544,-0.0015196898746875544,0.0,0.0,1.3896860630124153
2024-11-22,0.00210442893920712,0.00210442893920712,0.0,0.0,1.3926105585798314
2024-11-25,0.011965890856630648,0.011965890856630648,0.0,0.0,1.4092743845295892
2024-11-26,-0.005806463257750661,-0.005806463257750661,0.0,0.0,1.401091484595729
2024-11-27,-0.004285258485163443,-0.004285258485163443,0.0,0.0,1.3950874454228748
2024-11-28,-0.0049710905834323025,-0.0049710905834323025,0.0,0.0,1.3881523393598685
2024-11-29,-0.0033220157508745676,-0.0033220157508745676,0.0,0.0,1.3835408754239016
2024-12-02,0.00999612608525938,0.00999612608525938,0.0,0.0,1.397370924458749
2024-12-03,0.0058238726681453,0.0058238726681453,0.0,0.0,1.4055090347929653
2024-12-04,0.0007485164624811146,0.0007485164624811146,0.0,0.0,1.406561081443674
2024-12-05,0.0013813127529742697,0.0013813127529742697,0.0,0.0,1.4085039822033094
2024-12-06,0.0016719546109817476,0.0016719546109817476,0.0,0.0,1.4108589369309406
2024-12-09,-0.00012582315611051265,-0.00012582315611051265,0.0,0.0,1.4106814182066691
2024-12-10,-0.005868411938798396,-0.005868411938798396,0.0,0.0,1.402402958530224
2024-12-11,-0.00475988069466029,-0.00475988069466029,0.0,0.0,1.3957276877617815
2024-12-12,0.002427801541317067,0.002427801541317067,0.0,0.0,1.3991162375933883
2024-12-13,-0.006894132432937048,-0.006894132432937048,0.0,0.0,1.389470544962347
2024-12-16,-0.005355085429261579,-0.005355085429261579,0.0,0.0,1.382029811492631
2024-12-17,-0.0007853109761134982,-0.0007853109761134982,0.0,0.0,1.3809444883123498
2024-12-18,0.0017892088474876179,0.0017892088474876179,0.0,0.0,1.3834152864087275
2024-12-19,-0.005463068003190738,-0.005463068003190738,0.0,0.0,1.375857594622423
2024-12-20,-0.010977054568287088,-0.010977054568287088,0.0,0.0,1.3607547307280603
2024-12-23,0.015893756607302623,0.015893756607302623,0.0,0.0,1.3823822352204875
2024-12-24,0.0033482156837682047,0.0033482156837682047,0.0,0.0,1.3870107491014154
2024-12-25,0.0007259665184825546,0.0007259665184825546,0.0,0.0,1.3880176724660382
2024-12-26,0.000563079760732959,0.000563079760732959,0.0,0.0,1.3887992371249436
2024-12-27,-0.003625148503128816,-0.003625148503128816,0.0,0.0,1.3837646336493337
2024-12-30,-0.00658483457200951,-0.00658483457200951,0.0,0.0,1.3746527724501554
2024-12-31,-0.0054659253041132476,-0.0054659253041132476,0.0,0.0,1.3671390230768505
2025-01-02,0.0005236632934500459,0.0005236632934500459,0.0,0.0,1.367854943600279
2025-01-03,-0.0006345883446051473,-0.0006345883446051473,0.0,0.0,1.3669869187959596
2025-01-06,0.011481273817832132,0.011481273817832132,0.0,0.0,1.3826816699160505
2025-01-07,-0.002461399251535294,-0.002461399251535294,0.0,0.0,1.3792783382886076
2025-01-08,0.000774283847014031,0.000774283847014031,0.0,0.0,1.3803462912264808
2025-01-09,-0.008119348393108532,-0.008119348393108532,0.0,0.0,1.3691387787848777
2025-01-10,-0.0033566142864195543,-0.0033566142864195543,0.0,0.0,1.3645431079999173
2025-01-13,-0.008185808824490774,-0.008185808824490774,0.0,0.0,1.3533732189850534
2025-01-14,0.010898546884611116,0.010898546884611116,0.0,0.0,1.368123020464539
2025-01-15,-0.0007771258203643414,-0.0007771258203643414,0.0,0.0,1.367059816739901
2025-01-16,0.007045871999050027,0.007045871999050027,0.0,0.0,1.3766919452236952
2025-01-17,-0.0019316777568597172,-0.0019316777568597172,0.0,0.0,1.3740326200150585
2025-01-20,-0.0013200614600558695,-0.0013200614600558695,0.0,0.0,1.372218812508517
2025-01-21,0.004215409845047888,0.004215409845047888,0.0,0.0,1.3780032772003254
2025-01-22,0.0017145944050919503,0.0017145944050919503,0.0,0.0,1.3803659939096116
2025-02-03,0.0010565305342267288,0.0010565305342267288,0.0,0.0,1.3818243927305853
2025-02-04,-0.005230861760390221,-0.005230861760390221,0.0,0.0,1.3745962603550765
2025-02-05,0.006989034802951921,0.006989034802951921,0.0,0.0,1.384203361458706
2025-02-06,0.008695710439367293,0.008695710439367293,0.0,0.0,1.3962399930791496
2025-02-07,-0.0032765709206166666,-0.0032765709206166666,0.0,0.0,1.3916651137196245
2025-02-10,-0.0013537014960718226,-0.0013537014960718226,0.0,0.0,1.3897812145731514
2025-02-11,0.0005675083071932149,0.0005675083071932149,0.0,0.0,1.3905699269576028
2025-02-12,0.0028047792396561793,0.0028047792396561793,0.0,0.0,1.3944701686200238
2025-02-13,0.005485423332120167,0.005485423332120167,0.0,0.0,1.4021194278189177
2025-02-14,0.00027333884711522555,0.00027333884711522555,0.0,0.0,1.4025026815268355
2025-02-17,0.0050668204797599415,0.0050668204797599415,0.0,0.0,1.409608910836514
2025-02-18,0.0034973336600436986,0.0034973336600436986,0.0,0.0,1.41453878352788
2025-02-19,-0.0001680807831143722,-0.0001680807831143722,0.0,0.0,1.414301026741399
2025-02-20,-0.0014843009114587833,-0.0014843009114587833,0.0,0.0,1.4122017784383296
2025-02-21,0.00698927508765591,0.00698927508765591,0.0,0.0,1.422072045147112
2025-02-24,-0.0015310701972489624,-0.0015310701972489624,0.0,0.0,1.4198947530204464
2025-02-25,-0.00266121607885975,-0.00266121607885975,0.0,0.0,1.4161161062734198
2025-02-26,0.005441679859642762,0.005441679859642762,0.0,0.0,1.4238221567678437
2025-02-27,-0.004214055634824565,-0.004214055634824565,0.0,0.0,1.4178220909851282
2025-03-03,0.004307182782253411,0.004307182782253411,0.0,0.0,1.4239289098837178
2025-03-04,-0.0060461444741901176,-0.0060461444741901176,0.0,0.0,1.4153196299735846
2025-03-05,0.001756642156575066,0.001756642156575066,0.0,0.0,1.4178058401006246
2025-03-06,-0.0012722041938613904,-0.0012722041938613904,0.0,0.0,1.4160021015647675
2025-03-07,-0.00403138095748725,-0.00403138095748725,0.0,0.0,1.4102936576567573
2025-03-10,-0.0012076558272339389,-0.0012076558272339389,0.0,0.0,1.408590508302977
2025-03-11,-0.005905096681983155,-0.005905096681983155,0.0,0.0,1.4002726451661243
2025-03-12,0.0007422907256861424,0.0007422907256861424,0.0,0.0,1.4013120545640632
2025-03-13,-0.0018747873692499632,-0.0018747873692499632,0.0,0.0,1.3986848924237887
2025-03-14,0.0031673459810386013,0.0031673459810386013,0.0,0.0,1.4031150113965467
2025-03-17,0.0023765086974344863,0.0023765086974344863,0.0,0.0,1.4064495264246315
2025-03-18,0.005660604690833129,0.005660604690833129,0.0,0.0,1.414410881211331
2025-03-19,-0.006531580430924933,-0.006531580430924933,0.0,0.0,1.4051725427783237
2025-03-20,0.00805547262878174,0.00805547262878174,0.0,0.0,1.4164918717353903
2025-03-21,-0.002086162632430663,-0.002086162632430663,0.0,0.0,1.4135368393234342
2025-03-24,0.0008178419963031964,0.0008178419963031964,0.0,0.0,1.4146928891139545
2025-03-25,-0.003135375650845015,-0.003135375650845015,0.0,0.0,1.410257295476003
2025-03-26,0.003943352654444024,0.003943352654444024,0.0,0.0,1.4158184373255676
2025-03-27,0.0005106972201653589,0.0005106972201653589,0.0,0.0,1.4165414918657686
2025-03-28,-0.009778326047084392,-0.009778326047084392,0.0,0.0,1.4026900872990817
2025-03-31,-0.022507930271289035,-0.022507930271289035,0.0,0.0,1.3711184366219256
2025-04-01,0.011136525630366503,0.011136525630366503,0.0,0.0,1.3863879322336339
2025-04-02,0.0032147532621110758,0.0032147532621110758,0.0,0.0,1.3908448273613336
2025-04-07,-0.08656047280776995,-0.08656047280776995,0.0,0.0,1.2704526415026955
2025-04-08,-0.0032789395532005373,-0.0032789395532005373,0.0,0.0,1.2662869040860043
2025-04-09,-0.05062886695731039,-0.05062886695731039,0.0,0.0,1.2021762328892496
2025-04-10,0.07264181090236402,0.07264181090236402,0.0,0.0,1.2895044914701068
2025-04-11,0.0054673103282768375,0.0054673103282768375,0.0,0.0,1.2965546126946805
2025-04-14,0.0025415642558745564,0.0025415642558745564,0.0,0.0,1.2998498895540946
2025-04-15,0.01330816525910321,0.01330816525910321,0.0,0.0,1.3171485066963076
2025-04-16,-0.006492195874927594,-0.006492195874927594,0.0,0.0,1.3085973205944668
2025-04-17,-0.006767943781325475,-0.006767943781325475,0.0,0.0,1.2997408074962902
2025-04-18,-0.00026563974834582197,-0.00026563974834582197,0.0,0.0,1.299395544675272
2025-04-21,-0.005056459729569389,-0.005056459729569389,0.0,0.0,1.2928252034308396
2025-04-22,-0.007941427430207182,-0.007941427430207182,0.0,0.0,1.2825583258978508
2025-04-23,0.016394453292155407,0.016394453292155407,0.0,0.0,1.303585168466248
2025-04-24,-0.003704302056285418,-0.003704302056285418,0.0,0.0,1.2987562952461553
2025-04-25,0.0019284282248015823,0.0019284282248015823,0.0,0.0,1.3012608535430468
2025-04-28,0.004119912920459027,0.004119912920459027,0.0,0.0,1.3066219349464463
2025-04-29,0.009750677301684602,0.009750677301684602,0.0,0.0,1.319362383789412
2025-04-30,0.003282264308335822,0.003282264308335822,0.0,0.0,1.3236928798514849
2025-05-02,0.004250891869483702,0.004250891869483702,0.0,0.0,1.329319755152139
2025-05-05,-0.007319968123589074,-0.007319968123589074,0.0,0.0,1.319589176918368
2025-05-06,0.012029729378429298,0.012029729378429298,0.0,0.0,1.3354634776074004
2025-05-07,0.0013797174141010117,0.0013797174141010117,0.0,0.0,1.3373060398233512
2025-05-08,-0.00015803836615020748,-0.00015803836615020748,0.0,0.0,1.3370946941617747
2025-05-09,0.010618455012965364,0.010618455012965364,0.0,0.0,1.351292574019806
2025-05-12,0.007133923191286451,0.007133923191286451,0.0,0.0,1.360932591451819
2025-05-13,-0.0006979596280247764,-0.0016234473991773128,0.31640607560770473,0.0009254877711525364,1.358723188975771
2025-05-14,0.006412077869697374,0.006412077869697374,0.0,0.0,1.3674354278668472
2025-05-15,0.00648133338479547,0.00648133338479547,0.0,0.0,1.3762982327570328
2025-05-16,0.003093316746778273,0.003093316746778273,0.0,0.0,1.3805555591289815
2025-05-19,-0.005387514738643243,-0.005387514738643243,0.0,0.0,1.3731177957066583
2025-05-20,0.0028203123542931514,0.0028203123542931514,0.0,0.0,1.3769904167897895
2025-05-21,0.007023303492955874,0.007023303492955874,0.0,0.0,1.386661438393796
2025-05-22,-0.0073122120702312325,-0.0073122120702312325,0.0,0.0,1.3765218758866486
2025-05-23,0.004290777134962173,0.004290777134962173,0.0,0.0,1.3824282244774782
2025-05-26,-0.0006716557747342439,-0.0006716557747342439,0.0,0.0,1.3814997085773522
2025-05-27,-0.008457417209672014,-0.008457417209672014,0.0,0.0,1.3698157891668732
2025-05-28,-0.0020227229567784705,-0.0020227229567784705,0.0,0.0,1.3670450313235676
2025-05-29,-0.006911552480901978,-0.006911552480901978,0.0,0.0,1.3575966278458185
2025-06-02,-0.008203278915140316,-0.008203278915140316,0.0,0.0,1.3464598840533453
2025-06-03,0.0005822385255452427,0.0005822385255452427,0.0,0.0,1.3472438448709423
2025-06-04,0.004489263694916383,0.004489263694916383,0.0,0.0,1.3532919777519208
2025-06-05,0.005463572786417773,0.005463572786417773,0.0,0.0,1.3606857869736437
2025-06-06,0.004819101484312848,0.004819101484312848,0.0,0.0,1.3672430698693319
2025-06-09,0.007759028157420133,0.007759028157420133,0.0,0.0,1.3778515473464854
2025-06-10,0.005502269566029328,0.005502269566029328,0.0,0.0,1.3854328579819566
2025-06-11,0.002239017363588664,0.002239017363588664,0.0,0.0,1.3885348662070645
2025-06-12,0.0035161861662039093,0.0035161861662039093,0.0,0.0,1.3934172132949134
2025-06-13,9.39221276969166e-05,9.39221276969166e-05,0.0,0.0,1.3935480860043556
2025-06-16,0.0036800587767786145,0.0036800587767786145,0.0,0.0,1.398676424869119
2025-06-17,-0.0009225771295454453,-0.0009225771295454453,0.0,0.0,1.3973860379879004
2025-06-18,0.005599277579502145,0.005599277579502145,0.0,0.0,1.4052103903003155
2025-06-19,-0.01021599159578028,-0.01021599159578028,0.0,0.0,1.3908547727627043
2025-06-20,-0.007930822104449068,-0.007930822104449068,0.0,0.0,1.3798241509867994
2025-06-23,-0.009454919719459496,-0.009454919719459496,0.0,0.0,1.366778024412248
2025-06-24,0.0014010510226472985,0.0014010510226472985,0.0,0.0,1.3686929501610825
2025-06-25,0.007031458245277541,0.007031458245277541,0.0,0.0,1.3783168574907458
2025-06-26,-0.0009815986337131045,-0.0009815986337131045,0.0,0.0,1.3769639035466092
2025-06-27,0.006523156461429597,0.006523156461429597,0.0,0.0,1.3859460545311848
2025-06-30,-0.004245128194494041,-0.004245128194494041,0.0,0.0,1.3800625358590466
2025-07-01,0.0022274768135292305,0.0022274768135292305,0.0,0.0,1.383136593158893
2025-07-02,7.825363107799707e-05,7.825363107799707e-05,0.0,0.0,1.3832448286195844
2025-07-03,0.0044361495792599875,0.0044361495792599875,0.0,0.0,1.3893811095840787
2025-07-04,-0.003806222170333131,-0.003806222170333131,0.0,0.0,1.3840928164017376
2025-07-07,-0.0037592150154728355,-0.0037592150154728355,0.0,0.0,1.3788897139035121
2025-07-08,-0.0003126139025299,-0.0003126139025299,0.0,0.0,1.3784586538088903
2025-07-09,-0.008293771831267133,-0.008293771831267133,0.0,0.0,1.3670260322553638
2025-07-10,0.0069938160103500575,0.0069938160103500575,0.0,0.0,1.3765867608063165
2025-07-11,0.01020828060070989,0.01020828060070989,0.0,0.0,1.39063934473185
2025-07-14,0.0034383186104605555,0.0034383186104605555,0.0,0.0,1.39542080587128
2025-07-15,-0.002119397872739055,-0.002119397872739055,0.0,0.0,1.3924633539837405
2025-07-16,0.001398294747165717,0.001398294747165717,0.0,0.0,1.394410428177237
2025-07-17,0.0024436129359163977,0.0024436129359163977,0.0,0.0,1.3978178275375075
2025-07-18,-0.003234258254080074,-0.003234258254080074,0.0,0.0,1.393296923691094
2025-07-21,-0.0019705727416573027,-0.0019705727416573027,0.0,0.0,1.3905513307522333
2025-07-22,-0.007379614780428305,-0.007379614780428305,0.0,0.0,1.3802895975988698
2025-07-23,0.00810672095514612,0.00810672095514612,0.0,0.0,1.3914792202038948
2025-07-24,-0.003449574059156594,-0.003449574059156594,0.0,0.0,1.386679209582024
2025-07-25,-0.0016012637676977625,-0.0016012637676977625,0.0,0.0,1.3844587704063005
2025-07-28,-0.0019777295287216057,-0.0019777295287216057,0.0,0.0,1.3817206854147703
2025-07-29,-0.005367101272948296,-0.005367101272948296,0.0,0.0,1.3743048505652218
2025-07-30,0.006558342897108717,0.006558342897108717,0.0,0.0,1.3833180130203884
2025-07-31,-0.009867593318220179,-0.009867593318220179,0.0,0.0,1.3696679934381348
2025-08-01,0.004591512301494308,0.004591512301494308,0.0,0.0,1.375956840878969
2025-08-04,0.008059006763301938,0.008059006763301938,0.0,0.0,1.3870456863656242
2025-08-05,0.007750968281653139,0.007750968281653139,0.0,0.0,1.397796633485848
2025-08-06,0.0033782801702921684,0.0033782801702921684,0.0,0.0,1.4025187821348544
2025-08-07,-0.009502791777012866,-0.009502791777012866,0.0,0.0,1.3891909381848773
2025-08-08,0.0006663522787201527,0.0006663522787201527,0.0,0.0,1.3901166287321143
2025-08-11,0.0014800781346773456,0.0014800781346773456,0.0,0.0,1.392174109958952
2025-08-12,-0.0034597896632071593,-0.0034597896632071593,0.0,0.0,1.3873574803639315
2025-08-13,0.003760440982881905,0.003760440982881905,0.0,0.0,1.392574556291
2025-08-14,0.0037242340025915284,0.0037242340025915284,0.0,0.0,1.3977608298046826
2025-08-15,-0.0012170920630840297,-0.0012170920630840297,0.0,0.0,1.3960596261926375
2025-08-18,0.004986802950226309,0.004986802950226309,0.0,0.0,1.4030215004552267
2025-08-19,-0.0025491907205165408,-0.0025491907205165408,0.0,0.0,1.399444931065581
2025-08-20,-0.00641321074707416,-0.00641321074707416,0.0,0.0,1.3904699957937328
2025-08-21,0.0017269521265663647,0.0017269521265663647,0.0,0.0,1.3928712709098954
2025-08-22,-0.005421723046011635,-0.005421723046011635,0.0,0.0,1.3853195086402756
2025-08-25,0.004255104080774991,0.004255104080774991,0.0,0.0,1.3912141873346682
2025-08-26,-0.006211706325315214,-0.006211706325315214,0.0,0.0,1.3825723733673332
2025-08-27,0.0006961410455912209,0.0006961410455912209,0.0,0.0,1.3835348387449347
2025-08-28,0.00561411171618474,0.00561411171618474,0.0,0.0,1.3913021578928824
2025-08-29,-0.002293784414852099,-0.002293784414852099,0.0,0.0,1.3881108106867577
2025-09-01,-0.002492153380016051,-0.002492153380016051,0.0,0.0,1.3846514256380678
2025-09-02,0.0037109819151970188,0.0037109819151970188,0.0,0.0,1.3897898420374624
2025-09-03,0.0019099696124253488,0.0019099696124253488,0.0,0.0,1.3924442984034113
2025-09-04,0.005734550946063519,0.005734550946063519,0.0,0.0,1.4004293411721613
2025-09-05,-0.0008242260882503534,-0.0008242260882503534,0.0,0.0,1.399275070774416
2025-09-08,0.0018026869765944114,0.0018026869765944114,0.0,0.0,1.401797525721174
2025-09-09,0.005629217944833814,0.005629217944833814,0.0,0.0,1.4096885495079874
2025-09-10,0.002981921792765141,0.002981921792765141,0.0,0.0,1.4138921305147767
2025-09-11,-0.007554200506277845,-0.007554200506277845,0.0,0.0,1.4032113058666196
2025-09-12,0.009664007804760393,0.009664007804760393,0.0,0.0,1.4167719508782424
2025-09-15,-0.003535613081595267,-0.003535613081595267,0.0,0.0,1.41176279343508
2025-09-16,-0.0007709094109806768,-0.0007709094109806768,0.0,0.0,1.4106744522115486
2025-09-17,-0.004387905119679805,-0.004387905119679805,0.0,0.0,1.404484546560488
2025-09-18,0.005814662905856998,0.005814662905856998,0.0,0.0,1.4126511507552229
2025-09-19,-0.0009114675643507853,-0.0009114675643507853,0.0,0.0,1.4113635650515666
2025-09-22,0.003347599648510286,0.003347599648510286,0.0,0.0,1.4160882452258536
2025-09-23,0.002047929761900096,0.002047929761900096,0.0,0.0,1.4189882944887284
2025-09-24,0.0043413196173731836,0.0043413196173731836,0.0,0.0,1.4251485762084153
2025-09-25,-0.001604856091455597,-0.001604856091455597,0.0,0.0,1.422861417834658
2025-09-26,-0.003989448706938131,-0.003989448706938131,0.0,0.0,1.4171849851911251
2025-09-30,0.008905452475820018,0.008905452475820018,0.0,0.0,1.4298056587261905
2025-10-01,-0.0007021073171329748,-0.0007021073171329748,0.0,0.0,1.4288017817111207
2025-10-02,-0.0015651075496214235,-0.0015651075496214235,0.0,0.0,1.426565553255652
2025-10-03,-0.0028138046841191585,-0.0028138046841191585,0.0,0.0,1.4225514764196983
2025-10-07,0.005380043683160254,0.005380043683160254,0.0,0.0,1.4302048655043804
2025-10-08,0.0029775195926318022,0.0029775195926318022,0.0,0.0,1.4344633285128972
2025-10-09,-0.0017944194258182956,-0.0017944194258182956,0.0,0.0,1.4318892996505896
2025-10-13,-0.0082593594482262,-0.0082593594482262,0.0,0.0,1.4200628112347065
2025-10-14,-0.0018325663462173368,-0.0018325663462173368,0.0,0.0,1.417460451917323
2025-10-15,-0.0009721740289864711,-0.0009721740289864711,0.0,0.0,1.4160824336788538
2025-10-16,0.003903265822788463,0.003903265822788463,0.0,0.0,1.4216097798444836
2025-10-17,0.0006566882331557393,0.0006566882331557393,0.0,0.0,1.4225433342590466
2025-10-20,0.005856723264616956,0.005856723264616956,0.0,0.0,1.4308747768997272
2025-10-21,0.0027082781793539078,0.0027082781793539078,0.0,0.0,1.4347499838353925
2025-10-22,0.005954312157078682,0.005954312157078682,0.0,0.0,1.443292933106512
2025-10-23,-0.0008120480736024804,-0.0008120480736024804,0.0,0.0,1.442120909860539
2025-10-27,-0.005854334721739619,-0.005854334721739619,0.0,0.0,1.4336782513449957
2025-10-28,-0.00545567309860139,-0.00545567309860139,0.0,0.0,1.425856571477083
2025-10-29,0.0024949889325114353,0.0024949889325114353,0.0,0.0,1.429414067842267
2025-10-30,-0.004598414999115745,-0.004598414999115745,0.0,0.0,1.4228410287527542
2025-10-31,-0.00670228451822647,-0.00670228451822647,0.0,0.0,1.413304743353847
2025-11-03,0.004719227741706022,0.004719227741706022,0.0,0.0,1.4199744503061673
2025-11-04,-0.0037656590126237273,-0.0037656590126237273,0.0,0.0,1.4146273107196765
2025-11-05,0.0032594944845286975,0.0032594944845286975,0.0,0.0,1.419238280636631
2025-11-06,0.0007908129952087112,0.0007908129952087112,0.0,0.0,1.4203606327122562
2025-11-07,-0.0029248823183721734,-0.0029248823183721734,0.0,0.0,1.4162062450119242
2025-11-10,-0.002247854312930978,-0.002247854312930978,0.0,0.0,1.4130228196960744
2025-11-11,0.0001469347459517041,0.0001469347459517041,0.0,0.0,1.4132304418451105
2025-11-12,0.005899686493785326,0.005899686493785326,0.0,0.0,1.4215680583954702
2025-11-13,-0.006467815521003757,-0.006467815521003757,0.0,0.0,1.4123736184432167
2025-11-14,-0.006611238803069927,-0.006611238803069927,0.0,0.0,1.4030360791725327
2025-11-17,-0.003946527300438615,-0.003946527300438615,0.0,0.0,1.397498958982578
2025-11-18,-0.01091333518787021,-0.01091333518787021,0.0,0.0,1.3822475844185014
2025-11-19,-0.0023459699807134434,-0.0023459699807134434,0.0,0.0,1.379004873079542
2025-11-20,0.016689288672890278,0.016689288672890278,0.0,0.0,1.4020194834876887
2025-11-21,-0.010492196413295728,-0.010492196413295728,0.0,0.0,1.3873092196916685
2025-11-24,0.007798669781571805,0.007798669781571805,0.0,0.0,1.398128386180974
2025-11-25,-0.008427543106429956,-0.008427543106429956,0.0,0.0,1.3863455989381104
2025-11-26,0.009392161082987219,0.009392161082987219,0.0,0.0,1.3993663801200276
2025-11-27,0.00405644466916631,0.00405644466916631,0.0,0.0,1.4050428324128759
2025-11-28,-0.0058859578927942195,-0.0058859578927942195,0.0,0.0,1.3967728094637213
2025-12-01,-0.002562977324817069,-0.002562977324817069,0.0,0.0,1.3931929124251448
2025-12-02,0.005683903759841377,0.005683903759841377,0.0,0.0,1.4011116868582623
2025-12-03,-0.0015090430847245,-0.0015090430847245,0.0,0.0,1.3989973489562821
2025-12-04,0.005577437546262572,0.005577437546262572,0.0,0.0,1.4068001692974725
2025-12-05,0.0015590458194371273,0.0015590458194371273,0.0,0.0,1.4089934352201994
2025-12-08,-0.0031965194511748515,-0.0031965194511748515,0.0,0.0,1.4044895602979404
2025-12-09,-0.00017904083273398267,-0.00017904083273398267,0.0,0.0,1.4042380993174983
2025-12-10,-0.0034038905803344213,-0.0034038905803344213,0.0,0.0,1.3994582264786848
2025-12-11,0.0009844348808792248,0.0009844348808792248,0.0,0.0,1.4008359019711638
2025-12-12,0.0034327842881353853,0.0034327842881353853,0.0,0.0,1.4056446694457065
2025-12-15,0.0010103649138142768,0.0010103649138142768,0.0,0.0,1.4070648835010044
2025-12-16,0.0006009576301569993,0.0006009576301569993,0.0,0.0,1.4079104698788705
2025-12-17,0.006667982991891562,0.006667982991891562,0.0,0.0,1.417298392946129
2025-12-18,-0.00042537253857714326,-0.00042537253857714326,0.0,0.0,1.4166955131308
2025-12-19,0.012642109512075932,0.012642109512075932,0.0,0.0,1.4346055329530663
2025-12-22,0.0021986737839108286,0.0021986737839108286,0.0,0.0,1.4377597625286236
2025-12-23,-0.0032864163323951066,-0.0032864163323951066,0.0,0.0,1.433034685362989
2025-12-24,0.002229466695584586,0.002229466695584586,0.0,0.0,1.4362295884676233
2025-12-26,0.005056719553437263,0.005056719553437263,0.0,0.0,1.4434921987108527
2025-12-29,-0.0007689910690641923,-0.0007689910690641923,0.0,0.0,1.4423821661017802
2025-12-30,-1.5859680618607384e-05,-1.5859680618607384e-05,0.0,0.0,1.4423592903812958
2025-12-31,-0.006027666422349346,-0.006027666422349346,0.0,0.0,1.4336652297177008
2026-01-02,0.005178136799724557,0.005178136799724557,0.0,0.0,1.4410889444021877
2026-01-05,0.0038287684101485074,0.0038287684101485074,0.0,0.0,1.4466065402287291
2026-01-06,0.008256630839270846,0.008256630839270846,0.0,0.0,1.4585506364010725
2026-01-07,0.005413543396522584,0.005413543396522584,0.0,0.0,1.4664465635672552
2026-01-08,-0.0019324455148827815,-0.0019324455148827815,0.0,0.0,1.4636127354826745
2026-01-09,0.0002886836151671907,0.0002886836151671907,0.0,0.0,1.4640352564983583
2026-01-12,0.002098629502948533,0.002098629502948533,0.0,0.0,1.4671077240810027
2026-01-13,-0.0007840555506808943,-0.0007840555506808943,0.0,0.0,1.4659574301264902
2026-01-14,0.006021094047044823,0.006021094047044823,0.0,0.0,1.474784097682246
2026-01-15,0.008267420600235912,0.008267420600235912,0.0,0.0,1.4869767581123245
2026-01-16,0.002808853403002159,0.002808853403002159,0.0,0.0,1.4911534578395336
2026-01-19,0.006414455221667449,0.006414455221667449,0.0,0.0,1.5007183949234797
2026-01-20,-0.007250860366144433,-0.007250860366144433,0.0,0.0,1.4898368953929852
2026-01-21,-0.0056853279176205355,-0.0056853279176205355,0.0,0.0,1.4813666840989064
2026-01-22,0.0028965698847043097,0.0028965698847043097,0.0,0.0,1.4856575662242715
2026-01-23,-3.728914781604296e-05,-3.728914781604296e-05,0.0,0.0,1.4856021673196804
2026-01-26,0.0051778612117380236,0.0051778612117380236,0.0,0.0,1.493294409157919
2026-01-27,-0.0041291042526648905,-0.0041291042526648905,0.0,0.0,1.4871284408625844
2026-01-28,-0.0010844914873869532,-0.0010844914873869532,0.0,0.0,1.4855156627278179
2026-01-29,-0.0017819177973339327,-0.0017819177973339327,0.0,0.0,1.4828685959301848
2026-01-30,-0.007937136152414356,-0.007937136152414356,0.0,0.0,1.4710988659881474
2026-02-02,-0.008109378004805436,-0.008109378004805436,0.0,0.0,1.4591691692014088
2026-02-03,0.005235524094536523,0.005235524094536523,0.0,0.0,1.4668086845447676
2026-02-04,0.008807989930245126,0.008807989930245126,0.0,0.0,1.479728320667834
2026-02-05,0.000540500949876679,0.000540500949876679,0.0,0.0,1.4805281152307144
2026-02-06,0.0019139691316748773,0.0019139691316748773,0.0,0.0,1.483361800341843
2026-02-09,0.002262805995426835,0.002262805995426835,0.0,0.0,1.4867183603170435
2026-02-10,0.004678411559032183,0.004678411559032183,0.0,0.0,1.493673840678976
2026-02-11,0.00817738696939792,0.00817738696939792,0.0,0.0,1.505888189680275
2026-02-23,0.023773160238200287,0.023773160238200287,0.0,0.0,1.5416879109143575
2026-02-24,0.007532799641486486,0.007532799641486486,0.0,0.0,1.5533011370569771
2026-02-25,0.0014126299018775365,0.0014126299018775365,0.0,0.0,1.555495376689804
2026-02-26,0.00032744866896999673,0.00032744866896999673,0.0,0.0,1.55600472158049
2026-03-02,-0.006705519211895316,-0.006705519211895316,0.0,0.0,1.5455709020261321
2026-03-03,-0.005463888094610721,-0.005463888094610721,0.0,0.0,1.5371260755751748
2026-03-04,-0.034696700481359935,-0.034696700481359935,0.0,0.0,1.4837928725288547
2026-03-05,0.0118275743186635,0.0118275743186635,0.0,0.0,1.501342543002193
2026-03-06,0.005590542631010538,0.005590542631010538,0.0,0.0,1.5097358624925965
2026-03-09,-0.018920721713945834,-0.018920721713945834,0.0,0.0,1.48117057037681
2026-03-10,-0.002075035046215122,-0.002075035046215122,0.0,0.0,1.4780970895338559
2026-03-11,0.011008275869323951,0.011008275869323951,0.0,0.0,1.4943683900570894
2026-03-12,0.0022470027914633164,0.0022470027914633164,0.0,0.0,1.4977262400010223
2026-03-13,-0.0018857734132223013,-0.0018857734132223013,0.0,0.0,1.494901867677343
2026-03-16,0.008978870967457019,0.008978870967457019,0.0,0.0,1.5083243986562282
2026-03-17,0.005857359995661372,0.005857359995661372,0.0,0.0,1.517159197649397
2026-03-18,0.0018712903756604984,0.0018712903756604984,0.0,0.0,1.5199982430543033
2026-03-19,-0.013105134480060723,-0.013105134480060723,0.0,0.0,1.5000784616696208
2026-03-20,-0.000614944166400765,-0.000614944166400765,0.0,0.0,1.4991559971704738
2026-03-23,-0.01677191003565133,-0.01677191003565133,0.0,0.0,1.4740122876565234
2026-03-24,0.007448630327204305,0.007448630327204305,0.0,0.0,1.4849916602850335
2026-03-25,0.010613479549963618,0.010613479549963618,0.0,0.0,1.5007525889033353
2026-03-26,-0.0004951157493328165,-0.0004951157493328165,0.0,0.0,1.5000095426607172
2026-03-27,-0.0012473099696547895,-0.0012473099696547895,0.0,0.0,1.498138565803579
2026-03-30,-0.013014890000580152,-0.013014890000580152,0.0,0.0,1.4786404571640186
2026-03-31,-0.008201212124268456,-0.008201212124268456,0.0,0.0,1.4665138131192912
2026-04-01,0.02209533309529936,0.02209533309529936,0.0,0.0,1.4989169243090195
2026-04-02,-0.004654287873617653,-0.004654287873617653,0.0,0.0,1.4919405334446476
2026-04-07,0.006090286136128378,0.006090286136128378,0.0,0.0,1.5010268781914133
2026-04-08,0.011996060957837174,0.011996060957837174,0.0,0.0,1.5190332881215496
2026-04-09,0.008690609792141566,0.008690609792141566,0.0,0.0,1.5322346136898877
2026-04-10,-0.0061443164821818105,-0.0061443164821818105,0.0,0.0,1.5228200792984234
2026-04-13,-0.003711132426053275,-0.003711132426053275,0.0,0.0,1.517168692323094
2026-04-14,0.009445968093363526,0.009445968093363526,0.0,0.0,1.5314998193830283
2026-04-15,0.007967770631580325,0.007967770631580325,0.0,0.0,1.543702458666179
2026-04-16,0.006971712876984424,0.006971712876984424,0.0,0.0,1.5544647089754944
2026-04-17,0.00565571317870036,0.00565571317870036,0.0,0.0,1.5632563155158716
