date,gross_ret,net_ret,turnover,total_cost,equity
2015-01-05,0.0,0.0,0.0,0.0,1.0
2015-01-06,0.0,0.0,0.0,0.0,1.0
2015-01-07,0.0,0.0,0.0,0.0,1.0
2015-01-08,0.0,0.0,0.0,0.0,1.0
2015-01-09,0.0,0.0,0.0,0.0,1.0
2015-01-12,0.0,0.0,0.0,0.0,1.0
2015-01-13,0.0,0.0,0.0,0.0,1.0
2015-01-14,0.0,0.0,0.0,0.0,1.0
2015-01-15,0.0,0.0,0.0,0.0,1.0
2015-01-16,0.0,0.0,0.0,0.0,1.0
2015-01-19,0.0,0.0,0.0,0.0,1.0
2015-01-20,0.0,0.0,0.0,0.0,1.0
2015-01-21,0.0,0.0,0.0,0.0,1.0
2015-01-22,0.0,0.0,0.0,0.0,1.0
2015-01-23,0.0,0.0,0.0,0.0,1.0
2015-01-26,0.0,0.0,0.0,0.0,1.0
2015-01-27,0.0,0.0,0.0,0.0,1.0
2015-01-28,0.0,0.0,0.0,0.0,1.0
2015-01-29,0.0,0.0,0.0,0.0,1.0
2015-01-30,0.0,0.0,0.0,0.0,1.0
2015-02-02,0.0,0.0,0.0,0.0,1.0
2015-02-03,0.0,0.0,0.0,0.0,1.0
2015-02-04,0.0,0.0,0.0,0.0,1.0
2015-02-05,0.0,0.0,0.0,0.0,1.0
2015-02-06,0.0,0.0,0.0,0.0,1.0
2015-02-09,0.0,0.0,0.0,0.0,1.0
2015-02-10,0.0,0.0,0.0,0.0,1.0
2015-02-11,0.0,0.0,0.0,0.0,1.0
2015-02-12,0.0,0.0,0.0,0.0,1.0
2015-02-13,0.0,0.0,0.0,0.0,1.0
2015-02-24,0.0,0.0,0.0,0.0,1.0
2015-02-25,0.0,0.0,0.0,0.0,1.0
2015-02-26,0.0,0.0,0.0,0.0,1.0
2015-03-02,0.0,0.0,0.0,0.0,1.0
2015-03-03,0.0,0.0,0.0,0.0,1.0
2015-03-04,0.0,0.0,0.0,0.0,1.0
2015-03-05,0.0,0.0,0.0,0.0,1.0
2015-03-06,0.0,0.0,0.0,0.0,1.0
2015-03-09,0.0,0.0,0.0,0.0,1.0
2015-03-10,0.0,0.0,0.0,0.0,1.0
2015-03-11,0.0,0.0,0.0,0.0,1.0
2015-03-12,0.0,0.0,0.0,0.0,1.0
2015-03-13,0.0,0.0,0.0,0.0,1.0
2015-03-16,0.0,0.0,0.0,0.0,1.0
2015-03-17,0.0,0.0,0.0,0.0,1.0
2015-03-18,0.0,0.0,0.0,0.0,1.0
2015-03-19,0.0,0.0,0.0,0.0,1.0
2015-03-20,0.0,0.0,0.0,0.0,1.0
2015-03-23,0.0,0.0,0.0,0.0,1.0
2015-03-24,0.0,0.0,0.0,0.0,1.0
2015-03-25,0.0,0.0,0.0,0.0,1.0
2015-03-26,0.0,0.0,0.0,0.0,1.0
2015-03-27,0.0,0.0,0.0,0.0,1.0
2015-03-30,0.0,0.0,0.0,0.0,1.0
2015-03-31,0.0,0.0,0.0,0.0,1.0
2015-04-01,0.0,0.0,0.0,0.0,1.0
2015-04-02,0.0,0.0,0.0,0.0,1.0
2015-04-07,0.0,0.0,0.0,0.0,1.0
2015-04-08,0.0,0.0,0.0,0.0,1.0
2015-04-09,0.0,0.0,0.0,0.0,1.0
2015-04-10,0.0,0.0,0.0,0.0,1.0
2015-04-13,0.0,0.0,0.0,0.0,1.0
2015-04-14,0.0,0.0,0.0,0.0,1.0
2015-04-15,0.0,0.0,0.0,0.0,1.0
2015-04-16,0.0,0.0,0.0,0.0,1.0
2015-04-17,0.0,0.0,0.0,0.0,1.0
2015-04-20,0.0,0.0,0.0,0.0,1.0
2015-04-21,0.0,0.0,0.0,0.0,1.0
2015-04-22,0.0,0.0,0.0,0.0,1.0
2015-04-23,0.0,0.0,0.0,0.0,1.0
2015-04-24,0.0,0.0,0.0,0.0,1.0
2015-04-27,0.0,0.0,0.0,0.0,1.0
2015-04-28,0.0,0.0,0.0,0.0,1.0
2015-04-29,0.0,0.0,0.0,0.0,1.0
2015-04-30,0.0,0.0,0.0,0.0,1.0
2015-05-04,0.0,0.0,0.0,0.0,1.0
2015-05-05,0.0,0.0,0.0,0.0,1.0
2015-05-06,0.0,0.0,0.0,0.0,1.0
2015-05-07,0.0,0.0,0.0,0.0,1.0
2015-05-08,0.0,0.0,0.0,0.0,1.0
2015-05-11,0.0,0.0,0.0,0.0,1.0
2015-05-12,0.0,0.0,0.0,0.0,1.0
2015-05-13,0.0,0.0,0.0,0.0,1.0
2015-05-14,0.0,0.0,0.0,0.0,1.0
2015-05-15,0.0,0.0,0.0,0.0,1.0
2015-05-18,0.0,0.0,0.0,0.0,1.0
2015-05-19,0.0,0.0,0.0,0.0,1.0
2015-05-20,0.0,0.0,0.0,0.0,1.0
2015-05-21,0.0,0.0,0.0,0.0,1.0
2015-05-22,0.0,0.0,0.0,0.0,1.0
2015-05-25,0.0,0.0,0.0,0.0,1.0
2015-05-26,0.0,0.0,0.0,0.0,1.0
2015-05-27,0.0,0.0,0.0,0.0,1.0
2015-05-28,0.0,0.0,0.0,0.0,1.0
2015-05-29,0.0,0.0,0.0,0.0,1.0
2015-06-01,0.0,0.0,0.0,0.0,1.0
2015-06-02,0.0,0.0,0.0,0.0,1.0
2015-06-03,0.0,0.0,0.0,0.0,1.0
2015-06-04,0.0,0.0,0.0,0.0,1.0
2015-06-05,0.0,0.0,0.0,0.0,1.0
2015-06-08,0.0,0.0,0.0,0.0,1.0
2015-06-09,0.0,0.0,0.0,0.0,1.0
2015-06-10,0.0,0.0,0.0,0.0,1.0
2015-06-11,0.0,0.0,0.0,0.0,1.0
2015-06-12,0.0,0.0,0.0,0.0,1.0
2015-06-15,0.0,0.0,0.0,0.0,1.0
2015-06-16,0.0,0.0,0.0,0.0,1.0
2015-06-17,0.0,0.0,0.0,0.0,1.0
2015-06-18,0.0,0.0,0.0,0.0,1.0
2015-06-22,0.0,0.0,0.0,0.0,1.0
2015-06-23,0.0,0.0,0.0,0.0,1.0
2015-06-24,0.0,0.0,0.0,0.0,1.0
2015-06-25,0.0,0.0,0.0,0.0,1.0
2015-06-26,0.0,0.0,0.0,0.0,1.0
2015-06-29,0.0,0.0,0.0,0.0,1.0
2015-06-30,0.0,0.0,0.0,0.0,1.0
2015-07-01,0.0,0.0,0.0,0.0,1.0
2015-07-02,0.0,0.0,0.0,0.0,1.0
2015-07-03,0.0,0.0,0.0,0.0,1.0
2015-07-06,0.0,0.0,0.0,0.0,1.0
2015-07-07,0.0,0.0,0.0,0.0,1.0
2015-07-08,0.0,0.0,0.0,0.0,1.0
2015-07-09,0.0,0.0,0.0,0.0,1.0
2015-07-13,0.0,0.0,0.0,0.0,1.0
2015-07-14,0.0,0.0,0.0,0.0,1.0
2015-07-15,0.0,0.0,0.0,0.0,1.0
2015-07-16,0.0,0.0,0.0,0.0,1.0
2015-07-17,0.0,0.0,0.0,0.0,1.0
2015-07-20,0.0,0.0,0.0,0.0,1.0
2015-07-21,0.0,0.0,0.0,0.0,1.0
2015-07-22,0.0,0.0,0.0,0.0,1.0
2015-07-23,0.0,0.0,0.0,0.0,1.0
2015-07-24,0.0,0.0,0.0,0.0,1.0
2015-07-27,0.0,0.0,0.0,0.0,1.0
2015-07-28,0.0,0.0,0.0,0.0,1.0
2015-07-29,0.0,0.0,0.0,0.0,1.0
2015-07-30,0.0,0.0,0.0,0.0,1.0
2015-07-31,0.0,0.0,0.0,0.0,1.0
2015-08-03,0.0,0.0,0.0,0.0,1.0
2015-08-04,0.0,0.0,0.0,0.0,1.0
2015-08-05,0.0,0.0,0.0,0.0,1.0
2015-08-06,0.0,0.0,0.0,0.0,1.0
2015-08-07,0.0,0.0,0.0,0.0,1.0
2015-08-10,0.0,0.0,0.0,0.0,1.0
2015-08-11,0.0,0.0,0.0,0.0,1.0
2015-08-12,0.0,0.0,0.0,0.0,1.0
2015-08-13,0.0,0.0,0.0,0.0,1.0
2015-08-14,0.0,0.0,0.0,0.0,1.0
2015-08-17,0.0,0.0,0.0,0.0,1.0
2015-08-18,0.0,0.0,0.0,0.0,1.0
2015-08-19,0.0,0.0,0.0,0.0,1.0
2015-08-20,0.0,0.0,0.0,0.0,1.0
2015-08-21,0.0,0.0,0.0,0.0,1.0
2015-08-24,0.0,0.0,0.0,0.0,1.0
2015-08-25,0.0,0.0,0.0,0.0,1.0
2015-08-26,0.0,0.0,0.0,0.0,1.0
2015-08-27,0.0,0.0,0.0,0.0,1.0
2015-08-28,0.0,0.0,0.0,0.0,1.0
2015-08-31,0.0,0.0,0.0,0.0,1.0
2015-09-01,0.0,0.0,0.0,0.0,1.0
2015-09-02,0.0,0.0,0.0,0.0,1.0
2015-09-03,0.0,0.0,0.0,0.0,1.0
2015-09-04,0.0,0.0,0.0,0.0,1.0
2015-09-07,0.0,0.0,0.0,0.0,1.0
2015-09-08,0.0,0.0,0.0,0.0,1.0
2015-09-09,0.0,0.0,0.0,0.0,1.0
2015-09-10,0.0,0.0,0.0,0.0,1.0
2015-09-11,0.0,0.0,0.0,0.0,1.0
2015-09-14,0.0,0.0,0.0,0.0,1.0
2015-09-15,0.0,0.0,0.0,0.0,1.0
2015-09-16,0.0,0.0,0.0,0.0,1.0
2015-09-17,0.0,0.0,0.0,0.0,1.0
2015-09-18,0.0,0.0,0.0,0.0,1.0
2015-09-21,0.0,0.0,0.0,0.0,1.0
2015-09-22,0.0,0.0,0.0,0.0,1.0
2015-09-23,0.0,0.0,0.0,0.0,1.0
2015-09-24,0.0,0.0,0.0,0.0,1.0
2015-09-25,0.0,0.0,0.0,0.0,1.0
2015-09-30,0.0,0.0,0.0,0.0,1.0
2015-10-01,0.0,0.0,0.0,0.0,1.0
2015-10-02,0.0,0.0,0.0,0.0,1.0
2015-10-05,0.0,0.0,0.0,0.0,1.0
2015-10-06,0.0,0.0,0.0,0.0,1.0
2015-10-07,0.0,0.0,0.0,0.0,1.0
2015-10-08,0.0,0.0,0.0,0.0,1.0
2015-10-12,0.0,0.0,0.0,0.0,1.0
2015-10-13,0.0,0.0,0.0,0.0,1.0
2015-10-14,0.0,0.0,0.0,0.0,1.0
2015-10-15,0.0,0.0,0.0,0.0,1.0
2015-10-16,0.0,0.0,0.0,0.0,1.0
2015-10-19,0.0,0.0,0.0,0.0,1.0
2015-10-20,0.0,0.0,0.0,0.0,1.0
2015-10-21,0.0,0.0,0.0,0.0,1.0
2015-10-22,0.0,0.0,0.0,0.0,1.0
2015-10-23,0.0,0.0,0.0,0.0,1.0
2015-10-26,0.0,0.0,0.0,0.0,1.0
2015-10-27,0.0,0.0,0.0,0.0,1.0
2015-10-28,0.0,0.0,0.0,0.0,1.0
2015-10-29,0.0,0.0,0.0,0.0,1.0
2015-10-30,0.0,0.0,0.0,0.0,1.0
2015-11-02,0.0,0.0,0.0,0.0,1.0
2015-11-03,0.0,0.0,0.0,0.0,1.0
2015-11-04,0.0,0.0,0.0,0.0,1.0
2015-11-05,0.0,0.0,0.0,0.0,1.0
2015-11-06,0.0,0.0,0.0,0.0,1.0
2015-11-09,0.0,0.0,0.0,0.0,1.0
2015-11-10,0.0,0.0,0.0,0.0,1.0
2015-11-11,0.0,0.0,0.0,0.0,1.0
2015-11-12,0.0,0.0,0.0,0.0,1.0
2015-11-13,0.0,0.0,0.0,0.0,1.0
2015-11-16,0.0,0.0,0.0,0.0,1.0
2015-11-17,0.0,0.0,0.0,0.0,1.0
2015-11-18,0.0,0.0,0.0,0.0,1.0
2015-11-19,0.0,0.0,0.0,0.0,1.0
2015-11-20,0.0,0.0,0.0,0.0,1.0
2015-11-23,0.0,0.0,0.0,0.0,1.0
2015-11-24,0.0,0.0,0.0,0.0,1.0
2015-11-25,0.0,0.0,0.0,0.0,1.0
2015-11-26,0.0,0.0,0.0,0.0,1.0
2015-11-27,0.0,0.0,0.0,0.0,1.0
2015-11-30,0.0,0.0,0.0,0.0,1.0
2015-12-01,0.0,0.0,0.0,0.0,1.0
2015-12-02,0.0,0.0,0.0,0.0,1.0
2015-12-03,0.0,0.0,0.0,0.0,1.0
2015-12-04,0.0,0.0,0.0,0.0,1.0
2015-12-07,0.0,0.0,0.0,0.0,1.0
2015-12-08,0.0,0.0,0.0,0.0,1.0
2015-12-09,0.0,0.0,0.0,0.0,1.0
2015-12-10,0.0,0.0,0.0,0.0,1.0
2015-12-11,0.0,0.0,0.0,0.0,1.0
2015-12-14,0.0,0.0,0.0,0.0,1.0
2015-12-15,0.0,0.0,0.0,0.0,1.0
2015-12-16,0.0,0.0,0.0,0.0,1.0
2015-12-17,0.0,0.0,0.0,0.0,1.0
2015-12-18,0.0,0.0,0.0,0.0,1.0
2015-12-21,0.0,0.0,0.0,0.0,1.0
2015-12-22,0.0,0.0,0.0,0.0,1.0
2015-12-23,0.0,0.0,0.0,0.0,1.0
2015-12-24,0.0,0.0,0.0,0.0,1.0
2015-12-25,0.0,0.0,0.0,0.0,1.0
2015-12-28,0.0,0.0,0.0,0.0,1.0
2015-12-29,0.0,0.0,0.0,0.0,1.0
2015-12-30,0.0,0.0,0.0,0.0,1.0
2015-12-31,0.0,0.0,0.0,0.0,1.0
2016-01-04,0.0,0.0,0.0,0.0,1.0
2016-01-05,0.0,0.0,0.0,0.0,1.0
2016-01-06,0.0,0.0,0.0,0.0,1.0
2016-01-07,0.0,0.0,0.0,0.0,1.0
2016-01-08,0.0,0.0,0.0,0.0,1.0
2016-01-11,0.0,0.0,0.0,0.0,1.0
2016-01-12,0.0,0.0,0.0,0.0,1.0
2016-01-13,0.0,0.0,0.0,0.0,1.0
2016-01-14,0.0,0.0,0.0,0.0,1.0
2016-01-15,0.0,0.0,0.0,0.0,1.0
2016-01-18,0.0,0.0,0.0,0.0,1.0
2016-01-19,0.0,0.0,0.0,0.0,1.0
2016-01-20,0.0,0.0,0.0,0.0,1.0
2016-01-21,0.0,0.0,0.0,0.0,1.0
2016-01-22,0.0,0.0,0.0,0.0,1.0
2016-01-25,0.0,0.0,0.0,0.0,1.0
2016-01-26,0.0,0.0,0.0,0.0,1.0
2016-01-27,0.0,0.0,0.0,0.0,1.0
2016-01-28,0.0,0.0,0.0,0.0,1.0
2016-01-29,0.0,0.0,0.0,0.0,1.0
2016-01-30,0.0,0.0,0.0,0.0,1.0
2016-02-01,0.0,0.0,0.0,0.0,1.0
2016-02-02,0.0,0.0,0.0,0.0,1.0
2016-02-03,0.0,0.0,0.0,0.0,1.0
2016-02-15,0.0,0.0,0.0,0.0,1.0
2016-02-16,0.0,0.0,0.0,0.0,1.0
2016-02-17,0.0,0.0,0.0,0.0,1.0
2016-02-18,0.0,0.0,0.0,0.0,1.0
2016-02-19,0.0,0.0,0.0,0.0,1.0
2016-02-22,0.0,0.0,0.0,0.0,1.0
2016-02-23,0.0,0.0,0.0,0.0,1.0
2016-02-24,0.0,0.0,0.0,0.0,1.0
2016-02-25,0.0,0.0,0.0,0.0,1.0
2016-02-26,0.0,0.0,0.0,0.0,1.0
2016-03-01,0.0,0.0,0.0,0.0,1.0
2016-03-02,0.0,0.0,0.0,0.0,1.0
2016-03-03,0.0,0.0,0.0,0.0,1.0
2016-03-04,0.0,0.0,0.0,0.0,1.0
2016-03-07,0.0,0.0,0.0,0.0,1.0
2016-03-08,0.0,0.0,0.0,0.0,1.0
2016-03-09,0.0,0.0,0.0,0.0,1.0
2016-03-10,0.0,0.0,0.0,0.0,1.0
2016-03-11,0.0,0.0,0.0,0.0,1.0
2016-03-14,0.0,0.0,0.0,0.0,1.0
2016-03-15,0.0,0.0,0.0,0.0,1.0
2016-03-16,0.0,0.0,0.0,0.0,1.0
2016-03-17,0.0,0.0,0.0,0.0,1.0
2016-03-18,0.0,0.0,0.0,0.0,1.0
2016-03-21,0.0,0.0,0.0,0.0,1.0
2016-03-22,0.0,0.0,0.0,0.0,1.0
2016-03-23,0.0,0.0,0.0,0.0,1.0
2016-03-24,0.0,0.0,0.0,0.0,1.0
2016-03-25,0.0,0.0,0.0,0.0,1.0
2016-03-28,0.0,0.0,0.0,0.0,1.0
2016-03-29,0.0,0.0,0.0,0.0,1.0
2016-03-30,0.0,0.0,0.0,0.0,1.0
2016-03-31,0.0,0.0,0.0,0.0,1.0
2016-04-01,0.0,0.0,0.0,0.0,1.0
2016-04-06,0.0,0.0,0.0,0.0,1.0
2016-04-07,0.0,0.0,0.0,0.0,1.0
2016-04-08,0.0,0.0,0.0,0.0,1.0
2016-04-11,0.0,0.0,0.0,0.0,1.0
2016-04-12,0.0,0.0,0.0,0.0,1.0
2016-04-13,0.0,0.0,0.0,0.0,1.0
2016-04-14,0.0,0.0,0.0,0.0,1.0
2016-04-15,0.0,0.0,0.0,0.0,1.0
2016-04-18,0.0,0.0,0.0,0.0,1.0
2016-04-19,0.0,0.0,0.0,0.0,1.0
2016-04-20,0.0,0.0,0.0,0.0,1.0
2016-04-21,0.0,0.0,0.0,0.0,1.0
2016-04-22,0.0,0.0,0.0,0.0,1.0
2016-04-25,0.0,0.0,0.0,0.0,1.0
2016-04-26,0.0,0.0,0.0,0.0,1.0
2016-04-27,0.0,0.0,0.0,0.0,1.0
2016-04-28,0.0,0.0,0.0,0.0,1.0
2016-04-29,0.0,0.0,0.0,0.0,1.0
2016-05-03,0.0,0.0,0.0,0.0,1.0
2016-05-04,0.0,0.0,0.0,0.0,1.0
2016-05-05,0.0,0.0,0.0,0.0,1.0
2016-05-06,0.0,0.0,0.0,0.0,1.0
2016-05-09,0.0,0.0,0.0,0.0,1.0
2016-05-10,0.0,0.0,0.0,0.0,1.0
2016-05-11,0.0,0.0,0.0,0.0,1.0
2016-05-12,0.0,0.0,0.0,0.0,1.0
2016-05-13,0.0,0.0,0.0,0.0,1.0
2016-05-16,0.0,0.0,0.0,0.0,1.0
2016-05-17,0.0,0.0,0.0,0.0,1.0
2016-05-18,0.0,0.0,0.0,0.0,1.0
2016-05-19,0.0,0.0,0.0,0.0,1.0
2016-05-20,0.0,0.0,0.0,0.0,1.0
2016-05-23,0.0,0.0,0.0,0.0,1.0
2016-05-24,0.0,0.0,0.0,0.0,1.0
2016-05-25,0.0,0.0,0.0,0.0,1.0
2016-05-26,0.0,0.0,0.0,0.0,1.0
2016-05-27,0.0,0.0,0.0,0.0,1.0
2016-05-30,0.0,0.0,0.0,0.0,1.0
2016-05-31,0.0,0.0,0.0,0.0,1.0
2016-06-01,0.0,0.0,0.0,0.0,1.0
2016-06-02,0.0,0.0,0.0,0.0,1.0
2016-06-03,0.0,0.0,0.0,0.0,1.0
2016-06-04,0.0,0.0,0.0,0.0,1.0
2016-06-06,0.0,0.0,0.0,0.0,1.0
2016-06-07,0.0,0.0,0.0,0.0,1.0
2016-06-08,0.0,0.0,0.0,0.0,1.0
2016-06-13,0.0,0.0,0.0,0.0,1.0
2016-06-14,0.0,0.0,0.0,0.0,1.0
2016-06-15,0.0,0.0,0.0,0.0,1.0
2016-06-16,0.0,0.0,0.0,0.0,1.0
2016-06-17,0.0,0.0,0.0,0.0,1.0
2016-06-20,0.0,0.0,0.0,0.0,1.0
2016-06-21,0.0,0.0,0.0,0.0,1.0
2016-06-22,0.0,0.0,0.0,0.0,1.0
2016-06-23,0.0,0.0,0.0,0.0,1.0
2016-06-24,0.0,0.0,0.0,0.0,1.0
2016-06-27,0.0,0.0,0.0,0.0,1.0
2016-06-28,0.0,0.0,0.0,0.0,1.0
2016-06-29,0.0,0.0,0.0,0.0,1.0
2016-06-30,0.0,0.0,0.0,0.0,1.0
2016-07-01,0.0,0.0,0.0,0.0,1.0
2016-07-04,0.0,0.0,0.0,0.0,1.0
2016-07-05,0.0,0.0,0.0,0.0,1.0
2016-07-06,0.0,0.0,0.0,0.0,1.0
2016-07-07,0.0,0.0,0.0,0.0,1.0
2016-07-11,0.0,0.0,0.0,0.0,1.0
2016-07-12,0.0,0.0,0.0,0.0,1.0
2016-07-13,0.0,0.0,0.0,0.0,1.0
2016-07-14,0.0,0.0,0.0,0.0,1.0
2016-07-15,0.0,0.0,0.0,0.0,1.0
2016-07-18,0.0,0.0,0.0,0.0,1.0
2016-07-19,0.0,0.0,0.0,0.0,1.0
2016-07-20,0.0,0.0,0.0,0.0,1.0
2016-07-21,0.0,0.0,0.0,0.0,1.0
2016-07-22,0.0,0.0,0.0,0.0,1.0
2016-07-25,0.0,0.0,0.0,0.0,1.0
2016-07-26,0.0,0.0,0.0,0.0,1.0
2016-07-27,0.0,0.0,0.0,0.0,1.0
2016-07-28,0.0,0.0,0.0,0.0,1.0
2016-07-29,0.0,0.0,0.0,0.0,1.0
2016-08-01,0.0,0.0,0.0,0.0,1.0
2016-08-02,0.0,0.0,0.0,0.0,1.0
2016-08-03,0.0,0.0,0.0,0.0,1.0
2016-08-04,0.0,0.0,0.0,0.0,1.0
2016-08-05,0.0,0.0,0.0,0.0,1.0
2016-08-08,0.0,0.0,0.0,0.0,1.0
2016-08-09,0.0,0.0,0.0,0.0,1.0
2016-08-10,0.0,0.0,0.0,0.0,1.0
2016-08-11,0.0,0.0,0.0,0.0,1.0
2016-08-12,0.0,0.0,0.0,0.0,1.0
2016-08-15,0.0,0.0,0.0,0.0,1.0
2016-08-16,0.0,0.0,0.0,0.0,1.0
2016-08-17,0.0,0.0,0.0,0.0,1.0
2016-08-18,0.0,0.0,0.0,0.0,1.0
2016-08-19,0.0,0.0,0.0,0.0,1.0
2016-08-22,0.0,0.0,0.0,0.0,1.0
2016-08-23,0.0,0.0,0.0,0.0,1.0
2016-08-24,0.0,0.0,0.0,0.0,1.0
2016-08-25,0.0,0.0,0.0,0.0,1.0
2016-08-26,0.0,0.0,0.0,0.0,1.0
2016-08-29,0.0,0.0,0.0,0.0,1.0
2016-08-30,0.0,0.0,0.0,0.0,1.0
2016-08-31,0.0,0.0,0.0,0.0,1.0
2016-09-01,0.0,0.0,0.0,0.0,1.0
2016-09-02,0.0,0.0,0.0,0.0,1.0
2016-09-05,0.0,0.0,0.0,0.0,1.0
2016-09-06,0.0,0.0,0.0,0.0,1.0
2016-09-07,0.0,0.0,0.0,0.0,1.0
2016-09-08,0.0,0.0,0.0,0.0,1.0
2016-09-09,0.0,0.0,0.0,0.0,1.0
2016-09-10,0.0,0.0,0.0,0.0,1.0
2016-09-12,0.0,0.0,0.0,0.0,1.0
2016-09-13,0.0,0.0,0.0,0.0,1.0
2016-09-14,0.0,0.0,0.0,0.0,1.0
2016-09-19,0.0,0.0,0.0,0.0,1.0
2016-09-20,0.0,0.0,0.0,0.0,1.0
2016-09-21,0.0,0.0,0.0,0.0,1.0
2016-09-22,0.0,0.0,0.0,0.0,1.0
2016-09-23,0.0,0.0,0.0,0.0,1.0
2016-09-26,0.0,0.0,0.0,0.0,1.0
2016-09-29,0.0,0.0,0.0,0.0,1.0
2016-09-30,0.0,0.0,0.0,0.0,1.0
2016-10-03,0.0,0.0,0.0,0.0,1.0
2016-10-04,0.0,0.0,0.0,0.0,1.0
2016-10-05,0.0,0.0,0.0,0.0,1.0
2016-10-06,0.0,0.0,0.0,0.0,1.0
2016-10-07,0.0,0.0,0.0,0.0,1.0
2016-10-11,0.0,0.0,0.0,0.0,1.0
2016-10-12,0.0,0.0,0.0,0.0,1.0
2016-10-13,0.0,0.0,0.0,0.0,1.0
2016-10-14,0.0,0.0,0.0,0.0,1.0
2016-10-17,0.0,0.0,0.0,0.0,1.0
2016-10-18,0.0,0.0,0.0,0.0,1.0
2016-10-19,0.0,0.0,0.0,0.0,1.0
2016-10-20,0.0,0.0,0.0,0.0,1.0
2016-10-21,0.0,0.0,0.0,0.0,1.0
2016-10-24,0.0,0.0,0.0,0.0,1.0
2016-10-25,0.0,0.0,0.0,0.0,1.0
2016-10-26,0.0,0.0,0.0,0.0,1.0
2016-10-27,0.0,0.0,0.0,0.0,1.0
2016-10-28,0.0,0.0,0.0,0.0,1.0
2016-10-31,0.0,0.0,0.0,0.0,1.0
2016-11-01,0.0,0.0,0.0,0.0,1.0
2016-11-02,0.0,0.0,0.0,0.0,1.0
2016-11-03,0.0,0.0,0.0,0.0,1.0
2016-11-04,0.0,0.0,0.0,0.0,1.0
2016-11-07,0.0,0.0,0.0,0.0,1.0
2016-11-08,0.0,0.0,0.0,0.0,1.0
2016-11-09,0.0,0.0,0.0,0.0,1.0
2016-11-10,0.0,0.0,0.0,0.0,1.0
2016-11-11,0.0,0.0,0.0,0.0,1.0
2016-11-14,0.0,0.0,0.0,0.0,1.0
2016-11-15,0.0,0.0,0.0,0.0,1.0
2016-11-16,0.0,0.0,0.0,0.0,1.0
2016-11-17,0.0,0.0,0.0,0.0,1.0
2016-11-18,0.0,0.0,0.0,0.0,1.0
2016-11-21,0.0,0.0,0.0,0.0,1.0
2016-11-22,0.0,0.0,0.0,0.0,1.0
2016-11-23,0.0,0.0,0.0,0.0,1.0
2016-11-24,0.0,0.0,0.0,0.0,1.0
2016-11-25,0.0,0.0,0.0,0.0,1.0
2016-11-28,0.0,0.0,0.0,0.0,1.0
2016-11-29,0.0,0.0,0.0,0.0,1.0
2016-11-30,0.0,0.0,0.0,0.0,1.0
2016-12-01,0.0,0.0,0.0,0.0,1.0
2016-12-02,0.0,0.0,0.0,0.0,1.0
2016-12-05,0.0,0.0,0.0,0.0,1.0
2016-12-06,0.0,0.0,0.0,0.0,1.0
2016-12-07,0.0,0.0,0.0,0.0,1.0
2016-12-08,0.0,0.0,0.0,0.0,1.0
2016-12-09,0.0,0.0,0.0,0.0,1.0
2016-12-12,0.0,0.0,0.0,0.0,1.0
2016-12-13,0.0,0.0,0.0,0.0,1.0
2016-12-14,0.0,0.0,0.0,0.0,1.0
2016-12-15,0.0,0.0,0.0,0.0,1.0
2016-12-16,0.0,0.0,0.0,0.0,1.0
2016-12-19,0.0,0.0,0.0,0.0,1.0
2016-12-20,0.0,0.0,0.0,0.0,1.0
2016-12-21,0.0,0.0,0.0,0.0,1.0
2016-12-22,0.0,0.0,0.0,0.0,1.0
2016-12-23,0.0,0.0,0.0,0.0,1.0
2016-12-26,0.0,0.0,0.0,0.0,1.0
2016-12-27,0.0,0.0,0.0,0.0,1.0
2016-12-28,0.0,0.0,0.0,0.0,1.0
2016-12-29,0.0,0.0,0.0,0.0,1.0
2016-12-30,0.0,0.0,0.0,0.0,1.0
2017-01-03,0.0,0.0,0.0,0.0,1.0
2017-01-04,0.0,0.0,0.0,0.0,1.0
2017-01-05,0.0,0.0,0.0,0.0,1.0
2017-01-06,0.0,0.0,0.0,0.0,1.0
2017-01-09,0.0,0.0,0.0,0.0,1.0
2017-01-10,0.0,0.0,0.0,0.0,1.0
2017-01-11,0.0,0.0,0.0,0.0,1.0
2017-01-12,0.0,0.0,0.0,0.0,1.0
2017-01-13,0.0,0.0,0.0,0.0,1.0
2017-01-16,0.0,0.0,0.0,0.0,1.0
2017-01-17,0.0,0.0,0.0,0.0,1.0
2017-01-18,0.0,0.0,0.0,0.0,1.0
2017-01-19,0.0,0.0,0.0,0.0,1.0
2017-01-20,0.0,0.0,0.0,0.0,1.0
2017-01-23,0.0,0.0,0.0,0.0,1.0
2017-01-24,0.0,0.0,0.0,0.0,1.0
2017-02-02,0.0,0.0,0.0,0.0,1.0
2017-02-03,0.0,0.0,0.0,0.0,1.0
2017-02-06,0.0,0.0,0.0,0.0,1.0
2017-02-07,0.0,0.0,0.0,0.0,1.0
2017-02-08,0.0,0.0,0.0,0.0,1.0
2017-02-09,0.0,0.0,0.0,0.0,1.0
2017-02-10,0.0,0.0,0.0,0.0,1.0
2017-02-13,0.0,0.0,0.0,0.0,1.0
2017-02-14,0.0,0.0,0.0,0.0,1.0
2017-02-15,0.0,0.0,0.0,0.0,1.0
2017-02-16,0.0,0.0,0.0,0.0,1.0
2017-02-17,0.0,0.0,0.0,0.0,1.0
2017-02-18,0.0,0.0,0.0,0.0,1.0
2017-02-20,0.0,0.0,0.0,0.0,1.0
2017-02-21,0.0,0.0,0.0,0.0,1.0
2017-02-22,0.0,0.0,0.0,0.0,1.0
2017-02-23,0.0,0.0,0.0,0.0,1.0
2017-02-24,0.0,0.0,0.0,0.0,1.0
2017-03-01,0.0,0.0,0.0,0.0,1.0
2017-03-02,0.0,0.0,0.0,0.0,1.0
2017-03-03,0.0,0.0,0.0,0.0,1.0
2017-03-06,0.0,0.0,0.0,0.0,1.0
2017-03-07,0.0,0.0,0.0,0.0,1.0
2017-03-08,0.0,0.0,0.0,0.0,1.0
2017-03-09,0.0,0.0,0.0,0.0,1.0
2017-03-10,0.0,0.0,0.0,0.0,1.0
2017-03-13,0.0,0.0,0.0,0.0,1.0
2017-03-14,0.0,0.0,0.0,0.0,1.0
2017-03-15,0.0,0.0,0.0,0.0,1.0
2017-03-16,0.0,0.0,0.0,0.0,1.0
2017-03-17,0.0,0.0,0.0,0.0,1.0
2017-03-20,0.0,0.0,0.0,0.0,1.0
2017-03-21,0.0,0.0,0.0,0.0,1.0
2017-03-22,0.0,0.0,0.0,0.0,1.0
2017-03-23,0.0,0.0,0.0,0.0,1.0
2017-03-24,0.0,0.0,0.0,0.0,1.0
2017-03-27,0.0,0.0,0.0,0.0,1.0
2017-03-28,0.0,0.0,0.0,0.0,1.0
2017-03-29,0.0,0.0,0.0,0.0,1.0
2017-03-30,0.0,0.0,0.0,0.0,1.0
2017-03-31,0.0,0.0,0.0,0.0,1.0
2017-04-05,0.0,0.0,0.0,0.0,1.0
2017-04-06,0.0,0.0,0.0,0.0,1.0
2017-04-07,0.0,0.0,0.0,0.0,1.0
2017-04-10,0.0,0.0,0.0,0.0,1.0
2017-04-11,0.0,0.0,0.0,0.0,1.0
2017-04-12,0.0,0.0,0.0,0.0,1.0
2017-04-13,0.0,0.0,0.0,0.0,1.0
2017-04-14,0.0,0.0,0.0,0.0,1.0
2017-04-17,0.0,0.0,0.0,0.0,1.0
2017-04-18,0.0,0.0,0.0,0.0,1.0
2017-04-19,0.0,0.0,0.0,0.0,1.0
2017-04-20,0.0,0.0,0.0,0.0,1.0
2017-04-21,0.0,0.0,0.0,0.0,1.0
2017-04-24,0.0,0.0,0.0,0.0,1.0
2017-04-25,0.0,0.0,0.0,0.0,1.0
2017-04-26,0.0,0.0,0.0,0.0,1.0
2017-04-27,0.0,0.0,0.0,0.0,1.0
2017-04-28,0.0,0.0,0.0,0.0,1.0
2017-05-02,0.0,0.0,0.0,0.0,1.0
2017-05-03,0.0,0.0,0.0,0.0,1.0
2017-05-04,0.0,0.0,0.0,0.0,1.0
2017-05-05,0.0,0.0,0.0,0.0,1.0
2017-05-08,0.0,0.0,0.0,0.0,1.0
2017-05-09,0.0,0.0,0.0,0.0,1.0
2017-05-10,0.0,0.0,0.0,0.0,1.0
2017-05-11,0.0,0.0,0.0,0.0,1.0
2017-05-12,0.0,0.0,0.0,0.0,1.0
2017-05-15,0.0,0.0,0.0,0.0,1.0
2017-05-16,0.0,0.0,0.0,0.0,1.0
2017-05-17,0.0,0.0,0.0,0.0,1.0
2017-05-18,0.0,0.0,0.0,0.0,1.0
2017-05-19,0.0,0.0,0.0,0.0,1.0
2017-05-22,0.0,0.0,0.0,0.0,1.0
2017-05-23,0.0,0.0,0.0,0.0,1.0
2017-05-24,0.0,0.0,0.0,0.0,1.0
2017-05-25,0.0,0.0,0.0,0.0,1.0
2017-05-26,0.0,0.0,0.0,0.0,1.0
2017-05-31,0.0,0.0,0.0,0.0,1.0
2017-06-01,0.0,0.0,0.0,0.0,1.0
2017-06-02,0.0,0.0,0.0,0.0,1.0
2017-06-03,0.0,0.0,0.0,0.0,1.0
2017-06-05,0.0,0.0,0.0,0.0,1.0
2017-06-06,0.0,0.0,0.0,0.0,1.0
2017-06-07,0.0,0.0,0.0,0.0,1.0
2017-06-08,0.0,0.0,0.0,0.0,1.0
2017-06-09,0.0,0.0,0.0,0.0,1.0
2017-06-12,0.0,0.0,0.0,0.0,1.0
2017-06-13,0.0,0.0,0.0,0.0,1.0
2017-06-14,0.0,0.0,0.0,0.0,1.0
2017-06-15,0.0,0.0,0.0,0.0,1.0
2017-06-16,0.0,0.0,0.0,0.0,1.0
2017-06-19,0.0,0.0,0.0,0.0,1.0
2017-06-20,0.0,0.0,0.0,0.0,1.0
2017-06-21,0.0,0.0,0.0,0.0,1.0
2017-06-22,0.0,0.0,0.0,0.0,1.0
2017-06-23,0.0,0.0,0.0,0.0,1.0
2017-06-26,0.0,0.0,0.0,0.0,1.0
2017-06-27,0.0,0.0,0.0,0.0,1.0
2017-06-28,0.0,0.0,0.0,0.0,1.0
2017-06-29,0.0,0.0,0.0,0.0,1.0
2017-06-30,0.0,0.0,0.0,0.0,1.0
2017-07-03,0.0,0.0,0.0,0.0,1.0
2017-07-04,0.0,0.0,0.0,0.0,1.0
2017-07-05,0.0,0.0,0.0,0.0,1.0
2017-07-06,0.0,0.0,0.0,0.0,1.0
2017-07-07,0.0,0.0,0.0,0.0,1.0
2017-07-10,0.0,0.0,0.0,0.0,1.0
2017-07-11,0.0,0.0,0.0,0.0,1.0
2017-07-12,0.0,0.0,0.0,0.0,1.0
2017-07-13,0.0,0.0,0.0,0.0,1.0
2017-07-14,0.0,0.0,0.0,0.0,1.0
2017-07-17,0.0,0.0,0.0,0.0,1.0
2017-07-18,0.0,0.0,0.0,0.0,1.0
2017-07-19,0.0,0.0,0.0,0.0,1.0
2017-07-20,0.0,0.0,0.0,0.0,1.0
2017-07-21,0.0,0.0,0.0,0.0,1.0
2017-07-24,0.0,0.0,0.0,0.0,1.0
2017-07-25,0.0,0.0,0.0,0.0,1.0
2017-07-26,0.0,0.0,0.0,0.0,1.0
2017-07-27,0.0,0.0,0.0,0.0,1.0
2017-07-28,0.0,0.0,0.0,0.0,1.0
2017-07-31,0.0,0.0,0.0,0.0,1.0
2017-08-01,0.0,0.0,0.0,0.0,1.0
2017-08-02,0.0,0.0,0.0,0.0,1.0
2017-08-03,0.0,0.0,0.0,0.0,1.0
2017-08-04,0.0,0.0,0.0,0.0,1.0
2017-08-07,0.0,0.0,0.0,0.0,1.0
2017-08-08,0.0,0.0,0.0,0.0,1.0
2017-08-09,0.0,0.0,0.0,0.0,1.0
2017-08-10,0.0,0.0,0.0,0.0,1.0
2017-08-11,0.0,0.0,0.0,0.0,1.0
2017-08-14,0.0,0.0,0.0,0.0,1.0
2017-08-15,0.0,0.0,0.0,0.0,1.0
2017-08-16,0.0,0.0,0.0,0.0,1.0
2017-08-17,0.0,0.0,0.0,0.0,1.0
2017-08-18,0.0,0.0,0.0,0.0,1.0
2017-08-21,0.0,0.0,0.0,0.0,1.0
2017-08-22,0.0,0.0,0.0,0.0,1.0
2017-08-23,0.0,0.0,0.0,0.0,1.0
2017-08-24,0.0,0.0,0.0,0.0,1.0
2017-08-25,0.0,0.0,0.0,0.0,1.0
2017-08-28,0.0,0.0,0.0,0.0,1.0
2017-08-29,0.0,0.0,0.0,0.0,1.0
2017-08-30,0.0,0.0,0.0,0.0,1.0
2017-08-31,0.0,0.0,0.0,0.0,1.0
2017-09-01,0.0,0.0,0.0,0.0,1.0
2017-09-04,0.0,0.0,0.0,0.0,1.0
2017-09-05,0.0,0.0,0.0,0.0,1.0
2017-09-06,0.0,0.0,0.0,0.0,1.0
2017-09-07,0.0,0.0,0.0,0.0,1.0
2017-09-08,0.0,0.0,0.0,0.0,1.0
2017-09-11,0.0,0.0,0.0,0.0,1.0
2017-09-12,0.0,0.0,0.0,0.0,1.0
2017-09-13,0.0,0.0,0.0,0.0,1.0
2017-09-14,0.0,0.0,0.0,0.0,1.0
2017-09-15,0.0,0.0,0.0,0.0,1.0
2017-09-18,0.0,0.0,0.0,0.0,1.0
2017-09-19,0.0,0.0,0.0,0.0,1.0
2017-09-20,0.0,0.0,0.0,0.0,1.0
2017-09-21,0.0,0.0,0.0,0.0,1.0
2017-09-22,0.0,0.0,0.0,0.0,1.0
2017-09-25,0.0,0.0,0.0,0.0,1.0
2017-09-26,0.0,0.0,0.0,0.0,1.0
2017-09-27,0.0,0.0,0.0,0.0,1.0
2017-09-28,0.0,0.0,0.0,0.0,1.0
2017-09-29,0.0,0.0,0.0,0.0,1.0
2017-09-30,0.0,0.0,0.0,0.0,1.0
2017-10-02,0.0,0.0,0.0,0.0,1.0
2017-10-03,0.0,0.0,0.0,0.0,1.0
2017-10-05,0.0,0.0,0.0,0.0,1.0
2017-10-06,0.0,0.0,0.0,0.0,1.0
2017-10-11,0.0,0.0,0.0,0.0,1.0
2017-10-12,0.0,0.0,0.0,0.0,1.0
2017-10-13,0.0,0.0,0.0,0.0,1.0
2017-10-16,0.0,0.0,0.0,0.0,1.0
2017-10-17,0.0,0.0,0.0,0.0,1.0
2017-10-18,0.0,0.0,0.0,0.0,1.0
2017-10-19,0.0,0.0,0.0,0.0,1.0
2017-10-20,0.0,0.0,0.0,0.0,1.0
2017-10-23,0.0,0.0,0.0,0.0,1.0
2017-10-24,0.0,0.0,0.0,0.0,1.0
2017-10-25,0.0,0.0,0.0,0.0,1.0
2017-10-26,0.0,0.0,0.0,0.0,1.0
2017-10-27,0.0,0.0,0.0,0.0,1.0
2017-10-30,0.0,0.0,0.0,0.0,1.0
2017-10-31,0.0,0.0,0.0,0.0,1.0
2017-11-01,0.0,0.0,0.0,0.0,1.0
2017-11-02,0.0,0.0,0.0,0.0,1.0
2017-11-03,0.0,0.0,0.0,0.0,1.0
2017-11-06,0.0,0.0,0.0,0.0,1.0
2017-11-07,0.0,0.0,0.0,0.0,1.0
2017-11-08,0.0,0.0,0.0,0.0,1.0
2017-11-09,0.0,0.0,0.0,0.0,1.0
2017-11-10,0.0,0.0,0.0,0.0,1.0
2017-11-13,0.0,0.0,0.0,0.0,1.0
2017-11-14,0.0,0.0,0.0,0.0,1.0
2017-11-15,0.0,0.0,0.0,0.0,1.0
2017-11-16,0.0,0.0,0.0,0.0,1.0
2017-11-17,0.0,0.0,0.0,0.0,1.0
2017-11-20,0.0,0.0,0.0,0.0,1.0
2017-11-21,0.0,0.0,0.0,0.0,1.0
2017-11-22,0.0,0.0,0.0,0.0,1.0
2017-11-23,0.0,0.0,0.0,0.0,1.0
2017-11-24,0.0,0.0,0.0,0.0,1.0
2017-11-27,0.0,0.0,0.0,0.0,1.0
2017-11-28,0.0,0.0,0.0,0.0,1.0
2017-11-29,0.0,0.0,0.0,0.0,1.0
2017-11-30,0.0,0.0,0.0,0.0,1.0
2017-12-01,0.0,0.0,0.0,0.0,1.0
2017-12-04,0.0,0.0,0.0,0.0,1.0
2017-12-05,0.0,0.0,0.0,0.0,1.0
2017-12-06,0.0,0.0,0.0,0.0,1.0
2017-12-07,0.0,0.0,0.0,0.0,1.0
2017-12-08,0.0,0.0,0.0,0.0,1.0
2017-12-11,0.0,0.0,0.0,0.0,1.0
2017-12-12,0.0,0.0,0.0,0.0,1.0
2017-12-13,0.0,0.0,0.0,0.0,1.0
2017-12-14,0.0,0.0,0.0,0.0,1.0
2017-12-15,0.0,0.0,0.0,0.0,1.0
2017-12-18,0.0,0.0,0.0,0.0,1.0
2017-12-19,0.0,0.0,0.0,0.0,1.0
2017-12-20,0.0,0.0,0.0,0.0,1.0
2017-12-21,0.0,0.0,0.0,0.0,1.0
2017-12-22,0.0,0.0,0.0,0.0,1.0
2017-12-25,0.0,0.0,0.0,0.0,1.0
2017-12-26,0.0,0.0,0.0,0.0,1.0
2017-12-27,0.0,0.0,0.0,0.0,1.0
2017-12-28,0.0,0.0,0.0,0.0,1.0
2017-12-29,0.0,0.0,0.0,0.0,1.0
2018-01-02,0.0,0.0,0.0,0.0,1.0
2018-01-03,0.0,0.0,0.0,0.0,1.0
2018-01-04,0.0,0.0,0.0,0.0,1.0
2018-01-05,0.0,0.0,0.0,0.0,1.0
2018-01-08,0.0,0.0,0.0,0.0,1.0
2018-01-09,0.0,0.0,0.0,0.0,1.0
2018-01-10,0.0,0.0,0.0,0.0,1.0
2018-01-11,0.0,0.0,0.0,0.0,1.0
2018-01-12,0.0,0.0,0.0,0.0,1.0
2018-01-15,0.0,0.0,0.0,0.0,1.0
2018-01-16,0.0,0.0,0.0,0.0,1.0
2018-01-17,0.0,0.0,0.0,0.0,1.0
2018-01-18,0.0,0.0,0.0,0.0,1.0
2018-01-19,0.0,0.0,0.0,0.0,1.0
2018-01-22,0.0,0.0,0.0,0.0,1.0
2018-01-23,0.0,0.0,0.0,0.0,1.0
2018-01-24,0.0,0.0,0.0,0.0,1.0
2018-01-25,0.0,0.0,0.0,0.0,1.0
2018-01-26,0.0,0.0,0.0,0.0,1.0
2018-01-29,0.0,0.0,0.0,0.0,1.0
2018-01-30,0.0,0.0,0.0,0.0,1.0
2018-01-31,0.0,0.0,0.0,0.0,1.0
2018-02-01,0.0,0.0,0.0,0.0,1.0
2018-02-02,-0.0044065590272486695,-0.005156559027248669,1.0,0.00075,0.9948434409727513
2018-02-05,-0.01290859142520387,-0.01290859142520387,0.0,0.0,0.9820014134611902
2018-02-06,-0.042176445522153105,-0.042176445522153105,0.0,0.0,0.9405840843436669
2018-02-07,0.014757688240089398,0.014757688240089398,0.0,0.0,0.9544649310240008
2018-02-08,7.788710766383879e-05,7.788710766383879e-05,0.0,0.0,0.9545392715368448
2018-02-09,-0.008065187526103806,-0.008065187526103806,0.0,0.0,0.9468407333108696
2018-02-12,0.004905090068435127,0.004905090068435127,0.0,0.0,0.9514850723882226
2018-02-21,0.021775091372780272,0.021775091372780272,0.0,0.0,0.9722037467793126
2018-02-22,0.0012695487358369672,0.0012695487358369672,0.0,0.0,0.9734380068170123
2018-02-23,0.008084174313338244,0.008084174313338244,0.0,0.0,0.9813074493473495
2018-02-26,0.004460451369798582,0.004460451369798582,0.0,0.0,0.9856845235039844
2018-02-27,-0.0027523511995426963,-0.0027523511995426963,0.0,0.0,0.9829715735233476
2018-03-01,0.0009677176236784732,0.0009677176236784732,0.0,0.0,0.9839228124386211
2018-03-02,-0.006142996120287056,-0.006142996120287056,0.0,0.0,0.9778785784191488
2018-03-05,-0.007828860127338041,-0.007828860127338041,0.0,0.0,0.9702229038071851
2018-03-06,0.007809033696362911,0.007809033696362911,0.0,0.0,0.9777994071559986
2018-03-07,0.000564831180446565,0.000564831180446565,0.0,0.0,0.9783516987493823
2018-03-08,0.005877228760677499,0.005877228760677499,0.0,0.0,0.9841016954913298
2018-03-09,0.0011873366306627917,0.0011873366306627917,0.0,0.0,0.9852701554826839
2018-03-12,0.007832801605766436,0.007832801605766436,0.0,0.0,0.9929875811386625
2018-03-13,0.004598312373341359,0.004598312373341359,0.0,0.0,0.9975536482195866
2018-03-14,-0.0015951214650872037,-0.0015951214650872037,0.0,0.0,0.9959624289827355
2018-03-15,0.00011909819680796152,0.00011909819680796152,0.0,0.0,0.9960810463121158
2018-03-16,0.005649161939981463,0.005649161939981463,0.0,0.0,1.001708069448079
2018-03-19,0.0003566547005418916,0.0003566547005418916,0.0,0.0,1.0020653333396183
2018-03-20,-0.0016816290199199557,-0.0016816290199199557,0.0,0.0,1.0003802311952186
2018-03-21,0.0008670691755207456,0.0008670691755207456,0.0,0.0,1.0012476300574884
2018-03-22,0.0004911829916654716,0.0004911829916654716,0.0,0.0,1.001739425863818
2018-03-23,-0.01201572584309478,-0.01201572584309478,0.0,0.0,0.9897027995564192
2018-03-26,0.0026546985880109616,0.0026546985880109616,0.0,0.0,0.992330162180952
2018-03-27,0.00698866978124511,0.00698866978124511,0.0,0.0,0.9992652299984042
2018-03-28,-0.004285811917219103,-0.004285811917219103,0.0,0.0,0.9949825671672143
2018-03-29,-0.001337155283383783,-0.001337155283383783,0.0,0.0,0.993652120970652
2018-03-30,0.006267366233801174,0.006267366233801174,0.0,0.0,0.9998797027217683
2018-03-31,0.0018541256131515416,0.0018541256131515416,0.0,0.0,1.001733605288655
2018-04-02,-0.0023500008057589106,-0.0023500008057589106,0.0,0.0,0.9993795305090709
2018-04-03,-0.005170618343754806,-0.005170618343754806,0.0,0.0,0.9942121203762477
2018-04-09,0.008393671249644586,0.008393671249644586,0.0,0.0,1.002557210067098
2018-04-10,0.004650314264843783,0.004650314264843783,0.0,0.0,1.007219416162395
2018-04-11,0.001555445755191739,0.001555445755191739,0.0,0.0,1.0087860913278117
2018-04-12,0.0010671818425533977,0.0010671818425533977,0.0,0.0,1.0098626495274972
2018-04-13,-0.0006262754983921424,-0.0006262754983921424,0.0,0.0,1.0092301972933568
2018-04-16,-0.0013745083949020032,-0.0013745083949020032,0.0,0.0,1.0078430019147884
2018-04-17,-0.007915585987083164,-0.007915585987083164,0.0,0.0,0.9998653339716518
2018-04-18,0.004311185731549525,0.004311185731549525,0.0,0.0,1.0041759391329412
2018-04-19,0.008324431189158845,0.008324431189158845,0.0,0.0,1.0125351326400622
2018-04-20,-0.0027621475059168067,-0.0027621475059168067,0.0,0.0,1.0097383612487874
2018-04-23,-0.0008053316337491724,-0.0008053316337491724,0.0,0.0,1.0089251870046636
2018-04-24,-0.011069330700877539,-0.011069330700877539,0.0,0.0,0.9977570604572642
2018-04-25,0.0007689834204991777,0.0007689834204991777,0.0,0.0,0.9985243190944418
2018-04-26,-0.0025819489222508865,-0.0025819489222508865,0.0,0.0,0.9959461803049147
2018-04-27,0.004641530854886397,0.004641530854886397,0.0,0.0,1.0005688952306062
2018-04-30,0.008861409364329982,0.008861409364329982,0.0,0.0,1.00943534580846
2018-05-02,0.0008621354127041749,0.0008621354127041749,0.0,0.0,1.0103056157669166
2018-05-03,-0.007299111730590518,-0.007299111730590518,0.0,0.0,1.0029312821953908
2018-05-04,-0.0007387528946151361,-0.0007387528946151361,0.0,0.0,1.0021903638075689
2018-05-07,0.0023287431967162287,0.0023287431967162287,0.0,0.0,1.0045242077991003
2018-05-08,0.004847794636596951,0.004847794636596951,0.0,0.0,1.0093939348660006
2018-05-09,-0.0016800506376422981,-0.0016800506376422981,0.0,0.0,1.0076981019420967
2018-05-10,0.0024414774662663563,0.0024414774662663563,0.0,0.0,1.0101583741507878
2018-05-11,0.005603934364426634,0.005603934364426634,0.0,0.0,1.0158192353772049
2018-05-14,0.004100217992499697,0.004100217992499697,0.0,0.0,1.0199843156832256
2018-05-15,-0.002105896010037434,-0.002105896010037434,0.0,0.0,1.0178363347825274
2018-05-16,0.005543233187574282,0.005543233187574282,0.0,0.0,1.023478438933013
2018-05-17,0.00017221868592176597,0.00017221868592176597,0.0,0.0,1.0236547010448354
2018-05-18,0.0034378361003237394,0.0034378361003237394,0.0,0.0,1.0271738581303533
2018-05-21,0.0078484604098276,0.0078484604098276,0.0,0.0,1.0352355914898994
2018-05-22,-0.0031714040015423067,-0.0031714040015423067,0.0,0.0,1.0319524411925094
2018-05-23,-0.001384712413476794,-0.001384712413476794,0.0,0.0,1.0305234838370725
2018-05-24,0.004360044780542632,0.004360044780542632,0.0,0.0,1.0350166123740028
2018-05-25,0.0009022136847407323,0.0009022136847407323,0.0,0.0,1.0359504185256205
2018-05-28,0.003723899597689507,0.003723899597689507,0.0,0.0,1.0398081938723944
2018-05-29,-0.0016686106884690765,-0.0016686106884690765,0.0,0.0,1.0380731588061411
2018-05-30,-0.012195931582684559,-0.012195931582684559,0.0,0.0,1.0254128895835202
2018-05-31,0.007864578887280585,0.007864578887280585,0.0,0.0,1.033477330145684
2018-06-01,0.004522917546874232,0.004522917546874232,0.0,0.0,1.0381516628964966
2018-06-04,0.008244437408742254,0.008244437408742254,0.0,0.0,1.0467106393020285
2018-06-05,0.0018485780056699608,0.0018485780056699608,0.0,0.0,1.048645565568143
2018-06-06,0.0062651475346953535,0.0062651475346953535,0.0,0.0,1.0552154847480315
2018-06-07,0.004208703118545392,0.004208703118545392,0.0,0.0,1.0596565734494279
2018-06-08,-0.004259088593687048,-0.004259088593687048,0.0,0.0,1.0551434022242239
2018-06-11,0.000277983396974842,0.000277983396974842,0.0,0.0,1.0554367145714698
2018-06-12,-0.0017179429406862816,-0.0017179429406862816,0.0,0.0,1.0536235345183307
2018-06-13,-0.002375121760634316,-0.002375121760634316,0.0,0.0,1.0511210503339796
2018-06-14,-0.01038463475375108,-0.01038463475375108,0.0,0.0,1.040205542144282
2018-06-15,0.0012196873039648482,0.0012196873039648482,0.0,0.0,1.0414742676375492
2018-06-19,-0.01031467750521194,-0.01031467750521194,0.0,0.0,1.0307317964368912
2018-06-20,0.0033492581430076664,0.0033492581430076664,0.0,0.0,1.0341839832993645
2018-06-21,0.003080393961301213,0.003080393961301213,0.0,0.0,1.037369677396394
2018-06-22,-0.001985539064402437,-0.001985539064402437,0.0,0.0,1.035309939377697
2018-06-25,-0.0026192113807177618,-0.0026192113807177618,0.0,0.0,1.0325982438019088
2018-06-26,-0.0025208331458221444,-0.0025208331458221444,0.0,0.0,1.0299952359226152
2018-06-27,-0.0038164001371965165,-0.0038164001371965165,0.0,0.0,1.0260643619629284
2018-06-28,-0.005043361872726349,-0.005043361872726349,0.0,0.0,1.0208895480808413
2018-06-29,0.012666276803530503,0.012666276803530503,0.0,0.0,1.0338204176826644
2018-07-02,-0.005739832564828823,-0.005739832564828823,0.0,0.0,1.0278864615830645
2018-07-03,-0.006829308401932701,-0.006829308401932701,0.0,0.0,1.0208667079347424
2018-07-04,0.0019351013621111855,0.0019351013621111855,0.0,0.0,1.0228421884918009
2018-07-05,-0.007014786625433738,-0.007014786625433738,0.0,0.0,1.0156671687880392
2018-07-06,-0.002520838888271418,-0.002520838888271418,0.0,0.0,1.013106835491418
2018-07-09,0.009023495294112165,0.009023495294112165,0.0,0.0,1.0222486002539075
2018-07-10,0.002637683681901725,0.002637683681901725,0.0,0.0,1.0249449687056442
2018-07-11,-0.007232901312234819,-0.007232901312234819,0.0,0.0,1.0175316428965246
2018-07-12,0.004845900468229051,0.004845900468229051,0.0,0.0,1.0224624999612748
2018-07-13,0.005958597699004572,0.005958597699004572,0.0,0.0,1.0285549426608627
2018-07-16,-0.00355770778147724,-0.00355770778147724,0.0,0.0,1.0248956447376814
2018-07-17,-2.3696308335310326e-06,-2.3696308335310326e-06,0.0,0.0,1.0248932161133604
2018-07-18,0.003503676371109727,0.003503676371109727,0.0,0.0,1.0284841102575675
2018-07-19,-0.004184152123833792,-0.004184152123833792,0.0,0.0,1.024180776283304
2018-07-20,-6.843418447304229e-05,-6.843418447304229e-05,0.0,0.0,1.0241106873071262
2018-07-23,-0.0022064575686175716,-0.0022064575686175716,0.0,0.0,1.0218510305300152
2018-07-24,0.005818538133686584,0.005818538133686584,0.0,0.0,1.027796709718101
2018-07-25,-0.0009070992577475242,-0.0009070992577475242,0.0,0.0,1.0268643960856003
2018-07-26,0.0030934828648951527,0.0030934828648951527,0.0,0.0,1.0300409834994622
2018-07-27,0.0010988165161480096,0.0010988165161480096,0.0,0.0,1.0311728095444408
2018-07-30,-0.0025505710231916406,-0.0025505710231916406,0.0,0.0,1.0285427300565135
2018-07-31,0.005776963056392017,0.005776963056392017,0.0,0.0,1.0344845834099705
2018-08-01,0.002369654299770165,0.002369654299770165,0.0,0.0,1.0369359542510939
2018-08-02,-0.012032868335995076,-0.012032868335995076,0.0,0.0,1.024458640440731
2018-08-03,0.006121177826931473,0.006121177826931473,0.0,0.0,1.0307295339552052
2018-08-06,0.0028160366539175643,0.0028160366539175643,0.0,0.0,1.0336321061030984
2018-08-07,0.0010851260008001664,0.0010851260008001664,0.0,0.0,1.034753727176693
2018-08-08,0.0034321310747665095,0.0034321310747665095,0.0,0.0,1.0383051375984664
2018-08-09,-0.005224368653158197,-0.005224368653158197,0.0,0.0,1.0328806487851838
2018-08-10,-0.003052220902642553,-0.003052220902642553,0.0,0.0,1.0297280688790267
2018-08-13,-0.016667845945845628,-0.016667845945845628,0.0,0.0,1.012564720060838
2018-08-14,0.006191096423690954,0.006191096423690954,0.0,0.0,1.0188336058779623
2018-08-15,-0.011585243150098824,-0.011585243150098824,0.0,0.0,1.0070301708243743
2018-08-16,-0.005655627889650773,-0.005655627889650773,0.0,0.0,1.0013347829045403
2018-08-17,0.0005629058460242588,0.0005629058460242588,0.0,0.0,1.0018984401076647
2018-08-20,0.0018290924763057835,0.0018290924763057835,0.0,0.0,1.0037310050064883
2018-08-21,0.007017723727018826,0.007017723727018826,0.0,0.0,1.0107749118958667
2018-08-22,0.0013504690381232808,0.0013504690381232808,0.0,0.0,1.0121399321188937
2018-08-23,0.003970722449778062,0.003970722449778062,0.0,0.0,1.016158858869675
2018-08-24,-0.007490501905977475,-0.007490501905977475,0.0,0.0,1.0085473190005358
2018-08-27,0.007509421623473414,0.007509421623473414,0.0,0.0,1.0161209260461346
2018-08-28,0.004489723331651674,0.004489723331651674,0.0,0.0,1.0206830278755834
2018-08-29,0.0016277101221966828,0.0016277101221966828,0.0,0.0,1.0223444039716107
2018-08-30,-0.0030602779315391845,-0.0030602779315391845,0.0,0.0,1.019215745953704
2018-08-31,0.0038066496256431953,0.0038066496256431953,0.0,0.0,1.0230955431914883
2018-09-03,-0.010489771771965003,-0.010489771771965003,0.0,0.0,1.012363504442495
2018-09-04,0.001950796443302585,0.001950796443302585,0.0,0.0,1.0143384195662908
2018-09-05,-0.0118762221906787,-0.0118762221906787,0.0,0.0,1.0022919111189796
2018-09-06,-0.004054715568249334,-0.004054715568249334,0.0,0.0,0.9982279025030352
2018-09-07,-0.008913700074707386,-0.008913700074707386,0.0,0.0,0.9893299983739189
2018-09-10,-0.010329091208058206,-0.010329091208058206,0.0,0.0,0.9791111185858465
2018-09-11,0.006719925313890873,0.006719925313890873,0.0,0.0,0.9856906721767434
2018-09-12,-0.0010036248881562244,-0.0010036248881562244,0.0,0.0,0.9847014084861234
2018-09-13,0.005684190430277361,0.005684190430277361,0.0,0.0,0.9902986388089209
2018-09-14,0.005986605565321105,0.005986605565321105,0.0,0.0,0.9962271661513442
2018-09-17,-0.0005106002186511734,-0.0005106002186511734,0.0,0.0,0.9957184923424811
2018-09-18,0.0010375770728199662,0.0010375770728199662,0.0,0.0,0.9967516270211185
2018-09-19,0.007012160433107344,0.007012160433107344,0.0,0.0,1.0037410093417514
2018-09-20,-0.0040232893487912175,-0.0040232893487912175,0.0,0.0,0.9997026688299218
2018-09-21,0.01274446102879948,0.01274446102879948,0.0,0.0,1.0124433405332114
2018-09-25,0.0006251268435847434,0.0006251268435847434,0.0,0.0,1.0130762460429874
2018-09-26,-0.002236029980784354,-0.002236029980784354,0.0,0.0,1.0108109771840148
2018-09-27,0.004966912600834978,0.004966912600834978,0.0,0.0,1.0158315869636523
2018-09-28,-0.0014348754381742967,-0.0014348754381742967,0.0,0.0,1.0143739951701964
2018-10-01,0.0020141397054235536,0.0020141397054235536,0.0,0.0,1.016417086110018
2018-10-02,-0.00871635858694757,-0.00871635858694757,0.0,0.0,1.0075576303135827
2018-10-03,-0.0031563759108989052,-0.0031563759108989052,0.0,0.0,1.0043773996804186
2018-10-04,-0.007081079918274627,-0.007081079918274627,0.0,0.0,0.9972653230451727
2018-10-05,-0.013054041429518059,-0.013054041429518059,0.0,0.0,0.9842469802019193
2018-10-08,-0.00019729176157785042,-0.00019729176157785042,0.0,0.0,0.9840527963813674
2018-10-09,0.0026742103874728075,0.0026742103874728075,0.0,0.0,0.9866843605912722
2018-10-11,-0.05377392676337063,-0.05377392676337063,0.0,0.0,0.9336264680462739
2018-10-12,0.015576882261050595,0.015576882261050595,0.0,0.0,0.9481694576148313
2018-10-15,-0.012562981620736864,-0.012562981620736864,0.0,0.0,0.9362576221454721
2018-10-16,0.0013593448781578075,0.0013593448781578075,0.0,0.0,0.9375303191487717
2018-10-17,-0.0006953969366395653,-0.0006953969366395653,0.0,0.0,0.936878363436829
2018-10-18,-9.940968713373984e-05,-9.940968713373984e-05,0.0,0.0,0.9367852286518373
2018-10-19,-0.004216765607095174,-0.004216765607095174,0.0,0.0,0.9328350249184235
2018-10-22,0.004089214662430547,0.004089214662430547,0.0,0.0,0.9366495875799487
2018-10-23,-0.012565765551424489,-0.012565765551424489,0.0,0.0,0.9248798684585805
2018-10-24,-0.0036633557831657615,-0.0036633557831657615,0.0,0.0,0.9214917044437292
2018-10-25,-0.01859691683416775,-0.01859691683416775,0.0,0.0,0.9043547998528136
2018-10-26,-0.0005909011393376762,-0.0005909011393376762,0.0,0.0,0.9038204155712151
2018-10-29,0.00034928542224043604,0.00034928542224043604,0.0,0.0,0.9041361068666974
2018-10-30,0.003870341035983426,0.003870341035983426,0.0,0.0,0.907635421943218
2018-10-31,0.020185194040448842,0.020185194040448842,0.0,0.0,0.9259562190531266
2018-11-01,0.00236075121426217,0.00236075121426217,0.0,0.0,0.92814217132161
2018-11-02,0.01008034264189234,0.01008034264189234,0.0,0.0,0.9374981624289217
2018-11-05,0.0011324926673883858,0.0011324926673883858,0.0,0.0,0.9385598722235625
2018-11-06,-0.004234131504981501,-0.004234131504981501,0.0,0.0,0.9345858862992693
2018-11-07,0.010643874432318911,0.010643874432318911,0.0,0.0,0.9445335011192563
2018-11-08,0.004561172881430627,0.004561172881430627,0.0,0.0,0.948841681710164
2018-11-09,-0.00603465531487148,-0.00603465531487148,0.0,0.0,0.9431157492126602
2018-11-12,-0.00035692002781221536,-0.00035692002781221536,0.0,0.0,0.9427791323132211
2018-11-13,-0.0007923755997384545,-0.0007923755997384545,0.0,0.0,0.9420320971328335
2018-11-14,0.004724264076976708,0.004724264076976708,0.0,0.0,0.9464825055286772
2018-11-15,0.0004931015746284918,0.0004931015746284918,0.0,0.0,0.9469492175425117
2018-11-16,0.0013991124968455414,0.0013991124968455414,0.0,0.0,0.9482741060266535
2018-11-19,0.007116094402599993,0.007116094402599993,0.0,0.0,0.9550221140846804
2018-11-20,-0.004996863448551594,-0.004996863448551594,0.0,0.0,0.9502499989902522
2018-11-21,0.0005770637852353473,0.0005770637852353473,0.0,0.0,0.9507983538515894
2018-11-22,-0.003092637815972811,-0.003092637815972811,0.0,0.0,0.9478578789071033
2018-11-23,-0.0045289564510404565,-0.0045289564510404565,0.0,0.0,0.9435650718517574
2018-11-26,0.004951705030693567,0.004951705030693567,0.0,0.0,0.9482373277648325
2018-11-27,0.00027693698958026385,0.00027693698958026385,0.0,0.0,0.9484999297557913
2018-11-28,0.00862504072960632,0.00862504072960632,0.0,0.0,0.9566807802819637
2018-11-29,-0.0023971802814396507,-0.0023971802814396507,0.0,0.0,0.9543874439798394
2018-11-30,0.003887425963122672,0.003887425963122672,0.0,0.0,0.958097554508445
2018-12-03,0.013640083462815943,0.013640083462815943,0.0,0.0,0.9711660851174599
2018-12-04,-0.0007531801586128051,-0.0007531801586128051,0.0,0.0,0.9704346220914318
2018-12-05,-0.010022530835059128,-0.010022530835059128,0.0,0.0,0.9607084111681116
2018-12-06,-0.015417418937850393,-0.015417418937850393,0.0,0.0,0.9458967671160161
2018-12-07,0.005862422524926813,0.005862422524926813,0.0,0.0,0.9514420136298125
2018-12-10,-0.01132997023667387,-0.01132997023667387,0.0,0.0,0.9406622039334658
2018-12-11,0.000368544242246337,0.000368544242246337,0.0,0.0,0.9410088795726241
2018-12-12,0.0055834770422450684,0.0055834770422450684,0.0,0.0,0.9462629810482667
2018-12-13,0.004742998072313067,0.004742998072313067,0.0,0.0,0.9507511045432798
2018-12-14,-0.003450661605699443,-0.003450661605699443,0.0,0.0,0.947470384210256
2018-12-17,-0.0008013845600751936,-0.0008013845600751936,0.0,0.0,0.9467110960732213
2018-12-18,-0.00975020750603317,-0.00975020750603317,0.0,0.0,0.9374804664382433
2018-12-19,0.004823285501858666,0.004823285501858666,0.0,0.0,0.9420022023802905
2018-12-20,-0.0067144446227745715,-0.0067144446227745715,0.0,0.0,0.9356771807578763
2018-12-21,-0.0021853090001630695,-0.0021853090001630695,0.0,0.0,0.9336324369935188
2018-12-22,2.7434109772809883e-05,2.7434109772809883e-05,0.0,0.0,0.9336580503682828
2018-12-24,0.005786253763673364,0.005786253763673364,0.0,0.0,0.9390604327762101
2018-12-25,-0.01081038952362817,-0.01081038952362817,0.0,0.0,0.9289088237116725
2018-12-26,-0.005287786303135658,-0.005287786303135658,0.0,0.0,0.923996952356788
2018-12-27,0.010181878108095758,0.010181878108095758,0.0,0.0,0.9334049766979369
2018-12-28,0.0074223697152819915,0.0074223697152819915,0.0,0.0,0.9403330535290731
2019-01-02,-0.010052862607036554,-0.010052862607036554,0.0,0.0,0.9308800145370902
2019-01-03,-0.0008959815967627864,-0.0008959815967627864,0.0,0.0,0.9300459631752708
2019-01-04,-0.0031405901008094025,-0.0031405901008094025,0.0,0.0,0.9271250700300249
2019-01-07,0.01686874216153518,0.01686874216153518,0.0,0.0,0.9427645037878566
2019-01-08,-0.003324447076482624,-0.003324447076482624,0.0,0.0,0.9396303330894274
2019-01-09,0.014216314499946668,0.014216314499946668,0.0,0.0,0.9529884134183165
2019-01-10,-0.0013039717368777915,-0.0013039717368777915,0.0,0.0,0.951745743461647
2019-01-11,-0.0018594552896824754,-0.0018594552896824754,0.0,0.0,0.9499760148045344
2019-01-14,-0.005596014394908132,-0.005596014394908132,0.0,0.0,0.9446599353508708
2019-01-15,0.0071450957623347125,0.0071450957623347125,0.0,0.0,0.9514096210517936
2019-01-16,-0.002848216659268111,-0.002848216659268111,0.0,0.0,0.9486998003193259
2019-01-17,0.0011201554931400616,0.0011201554931400616,0.0,0.0,0.9497624916119946
2019-01-18,0.0045640255893003995,0.0045640255893003995,0.0,0.0,0.9540972319274694
2019-01-21,0.0018310408224103498,0.0018310408224103498,0.0,0.0,0.9558442229076772
2019-01-22,-0.001314732686059114,-0.001314732686059114,0.0,0.0,0.9545875432650398
2019-01-23,0.00024822352923662214,0.00024822352923662214,0.0,0.0,0.9548244943539944
2019-01-24,0.0012229969962890312,0.0012229969962890312,0.0,0.0,0.9559922418425727
2019-01-25,0.00558747810400897,0.00558747810400897,0.0,0.0,0.9613338275614706
2019-01-28,0.0017849640946197207,0.0017849640946197207,0.0,0.0,0.9630497739266111
2019-01-29,-0.0006913834690911082,-0.0006913834690911082,0.0,0.0,0.9623839372330062
2019-01-30,0.00010380332326359555,0.00010380332326359555,0.0,0.0,0.9624838358839465
2019-02-11,-0.0020707602805132776,-0.0020707602805132776,0.0,0.0,0.960490762585962
2019-02-12,0.005484519801054865,0.005484519801054865,0.0,0.0,0.965758593192095
2019-02-13,0.00276563561808894,0.00276563561808894,0.0,0.0,0.9684295295559026
2019-02-14,-0.0007515944974072682,-0.0007515944974072682,0.0,0.0,0.9677016632503617
2019-02-15,-0.0025005659290282013,-0.0025005659290282013,0.0,0.0,0.9652818614417739
2019-02-18,0.006447541558312417,0.006447541558312417,0.0,0.0,0.9715055563589049
2019-02-19,0.0003991621119407546,0.0003991621119407546,0.0,0.0,0.9718933445685434
2019-02-20,0.006351877019381521,0.006084442496673832,0.3565793636102527,0.00026743452270768957,0.9778067737364706
2019-02-21,0.003106092649157839,0.003106092649157839,0.0,0.0,0.9808439321686702
2019-02-22,0.0019330126805137695,0.0019330126805137695,0.0,0.0,0.9827399159271571
2019-02-25,0.003050735643756287,0.003050735643756287,0.0,0.0,0.9857379956172182
2019-02-26,0.00033348468170840673,0.00033348468170840673,0.0,0.0,0.9860667241389346
2019-02-27,0.003512345503287666,0.003512345503287666,0.0,0.0,0.9895301311634056
2019-03-04,-0.0034374858101315587,-0.0034374858101315587,0.0,0.0,0.9861286353788338
2019-03-05,-0.0018075570638724347,-0.0018075570638724347,0.0,0.0,0.9843461515980678
2019-03-06,0.0031368485902572947,0.0031368485902572947,0.0,0.0,0.9874338964360333
2019-03-07,-0.0032203293845206277,-0.0032203293845206277,0.0,0.0,0.9842540340440686
2019-03-08,-0.0039883842769275766,-0.0039883842769275766,0.0,0.0,0.9803284507301847
2019-03-11,-0.0009114475892734586,-0.0009114475892734586,0.0,0.0,0.9794349327270705
2019-03-12,0.007915932216424507,0.007915932216424507,0.0,0.0,0.9871880732649364
2019-03-13,-0.0003711438500786686,-0.0003711438500786686,0.0,0.0,0.9868216844826732
2019-03-14,-0.0032897204397509005,-0.0032897204397509005,0.0,0.0,0.9835753170168411
2019-03-15,0.005894035224021105,0.005894035224021105,0.0,0.0,0.989372544580816
2019-03-18,0.00654509968920818,0.00654509968920818,0.0,0.0,0.9958480865148631
2019-03-19,0.0012070817360847281,0.0012070817360847281,0.0,0.0,0.9970501565520101
2019-03-20,0.0023662427706678756,0.0023662427706678756,0.0,0.0,0.9994094192769446
2019-03-21,0.0023701787951634053,0.0023701787951634053,0.0,0.0,1.0017781982902012
2019-03-22,-0.0023764331646109363,-0.0023764331646109363,0.0,0.0,0.9993975393562002
2019-03-25,-0.005332903304237637,-0.005332903304237637,0.0,0.0,0.9940678489163206
2019-03-26,0.004286281849309214,0.004286281849309214,0.0,0.0,0.9983287038941125
2019-03-27,-0.0028044391856493116,-0.0028044391856493116,0.0,0.0,0.9955289517567534
2019-03-28,-0.0011408157781069583,-0.0011408157781069583,0.0,0.0,0.994393236621027
2019-03-29,0.008411511237042464,0.008411511237042464,0.0,0.0,1.0027575865049037
2019-04-01,-0.003971143524136579,-0.003971143524136579,0.0,0.0,0.9987754922089759
2019-04-02,0.00043492939089824554,0.00043492939089824554,0.0,0.0,0.9992098890254465
2019-04-03,0.0015819535420149183,0.0015819535420149183,0.0,0.0,1.0007905926486067
2019-04-08,0.003546201552296973,0.003546201552296973,0.0,0.0,1.0043395978017813
2019-04-09,0.003987665069386246,0.003987665069386246,0.0,0.0,1.0083445677337368
2019-04-10,0.00020776006142144798,0.00020776006142144798,0.0,0.0,1.008554061463063
2019-04-11,-0.0025629902788372547,-0.0025629902788372547,0.0,0.0,1.0059691472078514
2019-04-12,0.0009744358536813205,0.0009744358536813205,0.0,0.0,1.006949399612588
2019-04-15,0.002541901970224688,0.002541901970224688,0.0,0.0,1.0095089662753798
2019-04-16,0.0016789182629084853,0.0016789182629084853,0.0,0.0,1.0112038493154294
2019-04-17,0.0025946366079256447,0.0025946366079256447,0.0,0.0,1.0138275558409386
2019-04-18,-0.006290604377119124,-0.006290604377119124,0.0,0.0,1.0074499677805215
2019-04-19,0.0026703930877819545,0.0026703930877819545,0.0,0.0,1.010140255210769
2019-04-22,0.0005341452130177272,0.0005341452130177272,0.0,0.0,1.0106798167925664
2019-04-23,0.0030062912330269553,0.0030062912330269553,0.0,0.0,1.013718214665187
2019-04-24,0.0014135255543037749,0.0014135255543037749,0.0,0.0,1.0151511312664794
2019-04-25,3.648810772929225e-05,3.648810772929225e-05,0.0,0.0,1.0151881722103184
2019-04-26,-2.0026188143983318e-05,-2.0026188143983318e-05,0.0,0.0,1.0151678418609802
2019-04-29,0.004380527068894672,0.004380527068894672,0.0,0.0,1.0196148120717234
2019-04-30,0.0025774634811495186,0.0025774634811495186,0.0,0.0,1.0222428320146775
2019-05-02,0.003088134454684675,0.003088134454684675,0.0,0.0,1.0253996553252764
2019-05-03,0.000163974841853717,0.000163974841853717,0.0,0.0,1.0255677950715953
2019-05-06,-0.014197588631606832,-0.014197588631606832,0.0,0.0,1.0110072054033448
2019-05-07,0.005299019368098334,0.005299019368098334,0.0,0.0,1.016364552166064
2019-05-08,-0.004549655891709788,-0.004549655891709788,0.0,0.0,1.0117404431931767
2019-05-09,-0.011326104096869207,-0.011326104096869207,0.0,0.0,1.0002813656145582
2019-05-10,-0.002151642825618105,-0.002151642825618105,0.0,0.0,0.9981291173906341
2019-05-13,-0.006243989114466702,-0.006243989114466702,0.0,0.0,0.9918968100468148
2019-05-14,-0.004193596422800824,-0.004193596422800824,0.0,0.0,0.987737195132415
2019-05-15,0.002290702271033986,0.002290702271033986,0.0,0.0,0.9899998069684894
2019-05-16,-0.006788518201965847,-0.006788518201965847,0.0,0.0,0.9832791752589413
2019-05-17,-0.0005099215530895918,-0.0005099215530895918,0.0,0.0,0.9827777800147726
2019-05-20,0.009233068734497469,0.009233068734497469,0.0,0.0,0.9918518348083858
2019-05-21,0.010485384661165784,0.010485384661165784,0.0,0.0,1.002251782823235
2019-05-22,-0.0042817860446672145,-0.0042817860446672145,0.0,0.0,0.9979603551262995
2019-05-23,-0.003339489690682066,-0.003339489690682066,0.0,0.0,0.9946276768086458
2019-05-24,0.0019127879113407234,0.0019127879113407234,0.0,0.0,0.9965301886051303
2019-05-27,0.0029763530091543224,0.0029763530091543224,0.0,0.0,0.9994962142306982
2019-05-28,-0.0008672218646972815,-0.0008672218646972815,0.0,0.0,0.9986294292600353
2019-05-29,-0.0006871955743989918,-0.0006871955743989918,0.0,0.0,0.9979431755357832
2019-05-30,0.007709557334569262,0.007709557334569262,0.0,0.0,1.0056368756642184
2019-05-31,0.009123716303248692,0.009123716303248692,0.0,0.0,1.014812021221864
2019-06-03,-0.0010108634861994217,-0.0010108634861994217,0.0,0.0,1.0137861848042546
2019-06-04,0.0002957498063522634,0.0002957498063522634,0.0,0.0,1.0140860118720931
2019-06-05,0.0015135209396255627,0.0015135209396255627,0.0,0.0,1.015620852285643
2019-06-06,0.004340070442266124,0.004340070442266124,0.0,0.0,1.0200287183271968
2019-06-10,0.00498412174558775,0.00498412174558775,0.0,0.0,1.0251126656433354
2019-06-11,-0.00476795736201799,-0.00476795736201799,0.0,0.0,1.0202249721622834
2019-06-12,-0.004967719845772315,-0.004967719845772315,0.0,0.0,1.0151567803209203
2019-06-13,-0.0007014366542026965,-0.0007014366542026965,0.0,0.0,1.0144447121454407
2019-06-14,0.0008421653449752083,0.0008421653449752083,0.0,0.0,1.015299042326403
2019-06-17,0.0017213039899555906,0.0017213039899555906,0.0,0.0,1.0170466806189575
2019-06-18,0.001515354270366676,0.001515354270366676,0.0,0.0,1.0185878666495958
2019-06-19,0.012790838593665164,0.012790838593665164,0.0,0.0,1.0316164596453765
2019-06-20,0.0016544164623325153,0.0016544164623325153,0.0,0.0,1.033323182899027
2019-06-21,-0.003094104936004369,-0.003094104936004369,0.0,0.0,1.0301259725383314
2019-06-24,0.004654662444571778,0.004654662444571778,0.0,0.0,1.0349208612158836
2019-06-25,-0.0021695075437558695,-0.0021695075437558695,0.0,0.0,1.0326755926002853
2019-06-26,-0.000993897529723174,-0.000993897529723174,0.0,0.0,1.0316492188797945
2019-06-27,0.004182133480553688,0.004182133480553688,0.0,0.0,1.0359637136182587
2019-06-28,-0.003686322873609223,-0.003686322873609223,0.0,0.0,1.0321448168845184
2019-07-01,0.0015089406668271192,0.0015089406668271192,0.0,0.0,1.0337022621727703
2019-07-02,-0.0021403045286789756,-0.0021403045286789756,0.0,0.0,1.0314898245397361
2019-07-03,-0.0030482134645380197,-0.0030482134645380197,0.0,0.0,1.0283456233680401
2019-07-04,0.001171177078343471,0.001171177078343471,0.0,0.0,1.0295499981907437
2019-07-05,0.0016481536343631081,0.0016481536343631081,0.0,0.0,1.0312468547620202
2019-07-08,-0.0034186000193505654,-0.0034186000193505654,0.0,0.0,1.0277214342443755
2019-07-09,-0.00584509383427768,-0.00584509383427768,0.0,0.0,1.0217143060257186
2019-07-10,0.004765950900420463,0.004765950900420463,0.0,0.0,1.0265837462424943
2019-07-11,0.0021807203098749696,0.0021807203098749696,0.0,0.0,1.0288224382677127
2019-07-12,-0.0011266208660153235,-0.0011266208660153235,0.0,0.0,1.0276633454413355
2019-07-15,-0.002436053760982812,-0.002436053760982812,0.0,0.0,1.025159902283649
2019-07-16,-0.0019953710031537517,-0.0019953710031537517,0.0,0.0,1.0231143279410364
2019-07-17,0.002526157139256667,0.002526157139256667,0.0,0.0,1.0256988755048406
2019-07-18,-0.0031654708772789167,-0.0031654708772789167,0.0,0.0,1.0224520555855723
2019-07-19,0.0014370772009300852,0.0014370772009300852,0.0,0.0,1.0239213981236983
2019-07-22,-0.0010236145010529057,-0.0010236145010529057,0.0,0.0,1.0228732973326404
2019-07-23,-0.0014500820378264875,-0.0014500820378264875,0.0,0.0,1.021390047137206
2019-07-24,-0.0037295956748267306,-0.0037295956748267306,0.0,0.0,1.017580675235092
2019-07-25,-0.003076418602928969,-0.003076418602928969,0.0,0.0,1.0144501711158178
2019-07-26,-0.00155145545915812,-0.00155145545915812,0.0,0.0,1.0128762968597962
2019-07-29,-0.00023120606720249056,-0.00023120606720249056,0.0,0.0,1.0126421137146366
2019-07-30,-0.0020083953585380253,-0.0020083953585380253,0.0,0.0,1.010608327993592
2019-07-31,-0.0011743396591975806,-0.0011743396591975806,0.0,0.0,1.0094215305541139
2019-08-01,-0.009802359125937549,-0.009802359125937549,0.0,0.0,0.9995268182021689
2019-08-02,-0.011999501438657932,-0.011999501438657932,0.0,0.0,0.9875329947091749
2019-08-05,-0.0056486755812808235,-0.0056486755812808235,0.0,0.0,0.981954741196252
2019-08-06,-0.008560257102017308,-0.008560257102017308,0.0,0.0,0.9735489561490672
2019-08-07,-0.0017612746672317709,-0.0017612746672317709,0.0,0.0,0.9718342690352919
2019-08-08,0.006528108728217363,0.006528108728217363,0.0,0.0,0.978178508809362
2019-08-12,-0.0035120970060231126,-0.0035120970060231126,0.0,0.0,0.9747430509972165
2019-08-13,-0.008389481148511905,-0.008389481148511905,0.0,0.0,0.9665654625462323
2019-08-14,0.0006088537382829111,0.0006088537382829111,0.0,0.0,0.9671539595413987
2019-08-15,-0.010168150920662561,-0.010168150920662561,0.0,0.0,0.9573197921172654
2019-08-16,0.011647831333403915,0.011647831333403915,0.0,0.0,0.9684704915879765
2019-08-19,0.004922647028445145,0.004922647028445145,0.0,0.0,0.9732379299755288
2019-08-20,-0.0018558637805476817,-0.0018558637805476817,0.0,0.0,0.971431732951432
2019-08-21,-0.00017680586259025046,-0.00017680586259025046,0.0,0.0,0.97125997812594
2019-08-22,0.0012308797551002842,0.0012308797551002842,0.0,0.0,0.9724554823699545
2019-08-23,0.0025311880795545853,0.0025311880795545853,0.0,0.0,0.9749169500948269
2019-08-26,-0.01153462454605773,-0.01153462454605773,0.0,0.0,0.9636716491118954
2019-08-27,-0.001210595774302834,-0.001210595774302834,0.0,0.0,0.9625050322856651
2019-08-28,0.0026935631945123346,0.0026935631945123346,0.0,0.0,0.9650976004151628
2019-08-29,0.0013230982390531566,0.0013230982390531566,0.0,0.0,0.9663745193507864
2019-08-30,0.013485741185588302,0.013485741185588302,0.0,0.0,0.9794067960070983
2019-09-02,0.0030031783376669777,0.0030031783376669777,0.0,0.0,0.9823481292806306
2019-09-03,-0.00531844176412623,-0.00531844176412623,0.0,0.0,0.9771235679629533
2019-09-04,0.00709905205174261,0.00709905205174261,0.0,0.0,0.9840602190329069
2019-09-05,0.004294216098936712,0.004294216098936712,0.0,0.0,0.9882859862678012
2019-09-06,0.0028771270922853046,0.0028771270922853046,0.0,0.0,0.9911294106538182
2019-09-09,0.005390108080440454,0.005390108080440454,0.0,0.0,0.9964717052989455
2019-09-10,0.005100155112358191,0.005100155112358191,0.0,0.0,1.001553865561046
2019-09-11,0.0027831012000119155,0.0027831012000119155,0.0,0.0,1.0043412913261656
2019-09-12,0.0005415373881855478,0.0005415373881855478,0.0,0.0,1.0048851796859173
2019-09-16,0.0038150637054724643,0.0038150637054724643,0.0,0.0,1.008718880663104
2019-09-17,-0.00028618395926579654,-0.00028618395926579654,0.0,0.0,1.0084302015000497
2019-09-18,0.0026381991377930998,0.0026381991377930998,0.0,0.0,1.0110906411881717
2019-09-19,-0.0032302172729007294,-0.0032302172729007294,0.0,0.0,1.0078245987345373
2019-09-20,0.0040608321814893,0.0040608321814893,0.0,0.0,1.011917205298375
2019-09-23,-0.004078326581702589,-0.004078326581702589,0.0,0.0,1.0077902764615243
2019-09-24,-0.0014374736120277307,-0.0014374736120277307,0.0,0.0,1.0063416045326528
2019-09-25,-0.005111285279715084,-0.005111285279715084,0.0,0.0,1.0011979055030402
2019-09-26,-0.0022202338318700696,-0.0022202338318700696,0.0,0.0,0.9989750120408449
2019-09-27,-0.008125887875262468,-0.008125887875262468,0.0,0.0,0.990857453102812
2019-10-01,0.009033267769245271,0.009033267769245271,0.0,0.0,0.9998081337978422
2019-10-02,-0.00372657759483635,-0.00372657759483635,0.0,0.0,0.9960822712072961
2019-10-03,-0.0062959493505949414,-0.0062959493505949414,0.0,0.0,0.9898109876787493
2019-10-04,0.0035398159425365284,0.0035398159425365284,0.0,0.0,0.9933147363930325
2019-10-07,0.0007550032989115331,0.0007550032989115331,0.0,0.0,0.9940646922958666
2019-10-08,0.001775187477415113,0.001775187477415113,0.0,0.0,0.9958293434893706
2019-10-09,-0.00980113393079864,-0.00980113393079864,0.0,0.0,0.986069086721612
2019-10-14,0.010170577618502737,0.010170577618502737,0.0,0.0,0.9960979789053204
2019-10-15,0.0005006256741120019,0.0005006256741120019,0.0,0.0,0.9965966511274915
2019-10-16,0.004607290050467259,0.004607290050467259,0.0,0.0,1.0011882609625602
2019-10-17,0.0047525660830563185,0.0047525660830563185,0.0,0.0,1.005946474334365
2019-10-18,-0.0007396204662147242,-0.0007396204662147242,0.0,0.0,1.0052024557340307
2019-10-21,0.0038720059205662634,0.0038720059205662634,0.0,0.0,1.0090946055940007
2019-10-22,0.0034531625127446966,0.0034531625127446966,0.0,0.0,1.0125791732578509
2019-10-23,-0.004408656905557032,-0.004408656905557032,0.0,0.0,1.0081150590932444
2019-10-24,0.006178346246891013,0.006178346246891013,0.0,0.0,1.0143435429850274
2019-10-25,-0.0007282294507137157,-0.0007282294507137157,0.0,0.0,1.0136048681438843
2019-10-28,0.0006885646744045235,0.0006885646744045235,0.0,0.0,1.0143028006498926
2019-10-29,-0.00037326361494676504,-0.00037326361494676504,0.0,0.0,1.0139241983198715
2019-10-30,0.005750690677188701,0.005750690677188701,0.0,0.0,1.0197549627545255
2019-10-31,-0.0016078299963217704,-0.0016078299963217704,0.0,0.0,1.0181153701365107
2019-11-01,0.0023740615603015996,0.0023740615603015996,0.0,0.0,1.020532438700704
2019-11-04,0.007246783408569683,0.007246783408569683,0.0,0.0,1.0279280162453874
2019-11-05,0.005217641317154083,0.005217641317154083,0.0,0.0,1.0332913759340097
2019-11-06,0.0025463659083857456,0.0025463659083857456,0.0,0.0,1.035922513867117
2019-11-07,-0.0009156243279773514,-0.0009156243279773514,0.0,0.0,1.034973998011521
2019-11-08,-0.0005559708645927969,-0.0005559708645927969,0.0,0.0,1.0343985826230153
2019-11-11,-0.008096590343399625,-0.008096590343399625,0.0,0.0,1.0260234810477236
2019-11-12,0.002973697800827865,0.002973697800827865,0.0,0.0,1.029074564816913
2019-11-13,-0.006176175911652183,-0.006176175911652183,0.0,0.0,1.022718819278397
2019-11-14,-0.0024910310227334574,-0.0024910310227334574,0.0,0.0,1.0201711949720411
2019-11-15,0.002890724701041356,0.002890724701041356,0.0,0.0,1.0231202290446377
2019-11-18,0.005548370850912361,0.005548370850912361,0.0,0.0,1.0287968795004476
2019-11-19,0.0002036540122660779,0.0002036540122660779,0.0,0.0,1.0290063981127646
2019-11-20,0.00038331229104543495,0.00038331229104543495,0.0,0.0,1.0294008289127257
2019-11-21,-0.0069491700758449355,-0.0069491700758449355,0.0,0.0,1.0222473474763953
2019-11-22,0.0030046669785174737,0.0030046669785174737,0.0,0.0,1.0253188603252348
2019-11-25,0.0018987679897868842,0.0018987679897868842,0.0,0.0,1.027265702956545
2019-11-26,-0.00041561649215431773,-0.00041561649215431773,0.0,0.0,1.026838754388572
2019-11-27,0.006408577882745717,0.006408577882745717,0.0,0.0,1.0334193305190926
2019-11-28,-0.0021738733762323875,-0.0021738733762323875,0.0,0.0,1.0311728077499933
2019-11-29,-0.00615710081947197,-0.00615710081947197,0.0,0.0,1.0248237728103786
2019-12-02,-0.0019228375985807225,-0.0019228375985807225,0.0,0.0,1.0228532031280995
2019-12-03,0.0014908312050109307,0.0014908312050109307,0.0,0.0,1.0243781046014684
2019-12-04,-0.0006577425699741638,-0.0006577425699741638,0.0,0.0,1.0237043275143225
2019-12-05,0.00017155956680616516,0.00017155956680616516,0.0,0.0,1.0238799537852885
2019-12-06,-0.0009671721508466516,-0.0009671721508466516,0.0,0.0,1.0228896856081773
2019-12-09,0.0033071771357334216,0.0033071771357334216,0.0,0.0,1.026272562988798
2019-12-10,0.000555104476796323,0.000555104476796323,0.0,0.0,1.0268422514829265
2019-12-11,0.001062530592361882,0.001062530592361882,0.0,0.0,1.027933302788657
2019-12-12,0.0033181518315688325,0.0033181518315688325,0.0,0.0,1.0313441415600357
2019-12-13,0.006016641114719424,0.006016641114719424,0.0,0.0,1.0375493691255708
2019-12-16,0.0007958533163828022,0.0007958533163828022,0.0,0.0,1.0383751062319002
2019-12-17,0.005953184473943893,0.005953184473943893,0.0,0.0,1.04455674479245
2019-12-18,0.004346059635273089,0.004346059635273089,0.0,0.0,1.0490964506977447
2019-12-19,-0.002806388886505408,-0.002806388886505408,0.0,0.0,1.0461522780776342
2019-12-20,-0.000524544938402871,-0.000524544938402871,0.0,0.0,1.04560352419537
2019-12-23,0.004553331602569473,0.004553331602569473,0.0,0.0,1.050364503765847
2019-12-24,-0.0035665548048894953,-0.0035665548048894953,0.0,0.0,1.0466183211980553
2019-12-25,0.0015405944764656575,0.0015405944764656575,0.0,0.0,1.0482307356026608
2019-12-26,-0.0009840705280086174,-0.0009840705280086174,0.0,0.0,1.0471992026292014
2019-12-27,0.002820881290372447,0.002820881290372447,0.0,0.0,1.0501532272671912
2019-12-30,-0.0018060941770226494,-0.0018060941770226494,0.0,0.0,1.0482565516384423
2019-12-31,-0.004785141399214945,-0.004785141399214945,0.0,0.0,1.043240495816199
2020-01-02,0.002147303145491548,0.002147303145491548,0.0,0.0,1.0454806494143691
2020-01-03,0.0015053731255678551,0.0015053731255678551,0.0,0.0,1.0470544878872987
2020-01-06,-0.009452253490664876,-0.009452253490664876,0.0,0.0,1.0371574634492495
2020-01-07,-0.0022995662781043484,-0.0022995662781043484,0.0,0.0,1.0347724511212173
2020-01-08,-0.005780226739800535,-0.005780226739800535,0.0,0.0,1.0287912317296375
2020-01-09,0.006039993313476007,0.006039993313476007,0.0,0.0,1.0350051238902473
2020-01-10,0.0033886529901333362,0.0033886529901333362,0.0,0.0,1.0385123970981212
2020-01-13,0.0077201532016504875,0.0077201532016504875,0.0,0.0,1.0465298719055318
2020-01-14,0.0023222284424505527,0.0023222284424505527,0.0,0.0,1.0489601533399449
2020-01-15,-0.0029704886891103706,-0.0029704886891103706,0.0,0.0,1.0458442290691212
2020-01-16,0.0015643129057192852,0.0015643129057192852,0.0,0.0,1.047480256694026
2020-01-17,0.004555585447597855,0.004555585447597855,0.0,0.0,1.0522521425080673
2020-01-20,0.003951496556310574,0.003951496556310574,0.0,0.0,1.0564101132255583
2020-01-30,-0.05103710620273407,-0.05103710620273407,0.0,0.0,1.0024939980832233
2020-01-31,0.007227330730033015,0.007227330730033015,0.0,0.0,1.0097393537622439
2020-02-03,-0.004730832629158757,-0.004730832629158757,0.0,0.0,1.0049624458805198
2020-02-04,0.010412586852513471,0.010412586852513471,0.0,0.0,1.015426704631765
2020-02-05,0.00177228014507183,0.00177228014507183,0.0,0.0,1.0172263252191598
2020-02-06,0.01141946509719344,0.01141946509719344,0.0,0.0,1.0288425057359465
2020-02-07,-0.007960362742789896,-0.007960362742789896,0.0,0.0,1.0206525461850875
2020-02-10,-0.00032557310980131735,-0.00032557310980131735,0.0,0.0,1.0203202491615995
2020-02-11,0.0021711176222396155,0.0021711176222396155,0.0,0.0,1.0225354844348822
2020-02-12,0.0016867707857817435,0.0016867707857817435,0.0,0.0,1.0242602674174521
2020-02-13,0.003331990922661262,0.003331990922661262,0.0,0.0,1.0276730933309297
2020-02-14,0.0004406860798869397,0.0004406860798869397,0.0,0.0,1.028125974557835
2020-02-17,-0.002332169173969521,-0.002332169173969521,0.0,0.0,1.025728210853014
2020-02-18,0.0016722720449592653,0.0016722720449592653,0.0,0.0,1.0274435074657495
2020-02-19,0.009394108108462161,0.009394108108462161,0.0,0.0,1.0370954228502203
2020-02-20,-0.003903732216248827,-0.003903732216248827,0.0,0.0,1.0330468800367156
2020-02-21,-0.004568439073954329,-0.004568439073954329,0.0,0.0,1.0283274683047292
2020-02-24,-0.009530094633000134,-0.009530094633000134,0.0,0.0,1.0185274102180717
2020-02-25,-0.003103042760589777,-0.003103042760589777,0.0,0.0,1.0153668761113321
2020-02-26,-0.006370810109571402,-0.006370810109571402,0.0,0.0,1.0088981665520782
2020-02-27,-0.006985882046516116,-0.006985882046516116,0.0,0.0,1.001850122963599
2020-03-02,-0.01189818777946694,-0.01189818777946694,0.0,0.0,0.989929922073696
2020-03-03,0.008352283229648254,0.008352283229648254,0.0,0.0,0.9981980971603592
2020-03-04,0.006697357903333626,0.006697357903333626,0.0,0.0,1.0048833870754688
2020-03-05,0.009233347409339841,0.009233347409339841,0.0,0.0,1.0141618244942106
2020-03-06,-0.014485102237775507,-0.014706817316876066,0.2956201054674114,0.00022171507910055856,0.9992467318116245
2020-03-09,-0.02249886659548708,-0.02249886659548708,0.0,0.0,0.9767648128966183
2020-03-10,-0.00039199655865589827,-0.00039199655865589827,0.0,0.0,0.9763819244513467
2020-03-11,-0.0027465548327239245,-0.0027465548327239245,0.0,0.0,0.9737002379581606
2020-03-12,-0.038028563153503434,-0.038028563153503434,0.0,0.0,0.9366718169663873
2020-03-13,-0.027284571087699223,-0.027284571087699223,0.0,0.0,0.9111151281905235
2020-03-16,-0.03418998640653015,-0.03418998640653015,0.0,0.0,0.8799641143429056
2020-03-17,-0.033818171631993736,-0.033818171631993736,0.0,0.0,0.8502053368940619
2020-03-18,-0.019553892910310667,-0.019553892910310667,0.0,0.0,0.8335805127846608
2020-03-19,-0.06637618958661531,-0.06637618958661531,0.0,0.0,0.7782506146323582
2020-03-20,0.057608796231092746,0.057608796231092746,0.0,0.0,0.8230846957074364
2020-03-23,-0.03845680783936128,-0.03845680783936128,0.0,0.0,0.7914314857290964
2020-03-24,0.03893303966272076,0.03893303966272076,0.0,0.0,0.8222443191533133
2020-03-25,0.039844144684102106,0.039844144684102106,0.0,0.0,0.8550059407713388
2020-03-26,0.002365801113569133,0.002365801113569133,0.0,0.0,0.8570287147781239
2020-03-27,0.01083652092207139,0.01083652092207139,0.0,0.0,0.866315924376633
2020-03-30,-0.009075703615561533,-0.009075703615561533,0.0,0.0,0.8584534978095494
2020-03-31,-0.0010071581476306614,-0.0010071581476306614,0.0,0.0,0.8575888993748685
2020-04-01,-0.0026470729461047365,-0.0026470729461047365,0.0,0.0,0.8553187990004535
2020-04-06,0.013845918911911378,0.013845918911911378,0.0,0.0,0.8671614737352472
2020-04-07,0.008755027832573245,0.008755027832573245,0.0,0.0,0.8747534965731345
2020-04-08,0.010343759558520814,0.010343759558520814,0.0,0.0,0.8838017364146623
2020-04-09,0.005830314695183364,0.005830314695183364,0.0,0.0,0.8889545786661094
2020-04-10,0.015832736602694183,0.015832736602694183,0.0,0.0,0.9030291623618889
2020-04-13,-0.007847274525466293,-0.007847274525466293,0.0,0.0,0.8959428446203332
2020-04-14,0.02072925113862239,0.02072925113862239,0.0,0.0,0.9145150688523198
2020-04-15,0.014467055764793273,0.014467055764793273,0.0,0.0,0.92774540935115
2020-04-16,-0.012341726941065924,-0.012341726941065924,0.0,0.0,0.9162954288381107
2020-04-17,0.0033615355848921114,0.0033615355848921114,0.0,0.0,0.9193755885284239
2020-04-20,-0.002887845790250575,-0.002887845790250575,0.0,0.0,0.916720573605433
2020-04-21,-0.028074820070512277,-0.028074820070512277,0.0,0.0,0.8909838084465237
2020-04-22,0.00014026423437944998,0.00014026423437944998,0.0,0.0,0.89110878160826
2020-04-23,0.0026525446212407955,0.0026525446212407955,0.0,0.0,0.8934724874138555
2020-04-24,-0.0010652580207031138,-0.0010652580207031138,0.0,0.0,0.8925207086803604
2020-04-27,0.022522730107371366,0.022522730107371366,0.0,0.0,0.912622711717208
2020-04-28,0.008327919900508587,0.008327919900508587,0.0,0.0,0.9202229605597739
2020-04-29,0.013091662485233826,0.013091662485233826,0.0,0.0,0.9322702089705851
2020-04-30,0.01661213232934433,0.01661213232934433,0.0,0.0,0.9477572050487099
2020-05-04,-0.022583939803786007,-0.022583939803786007,0.0,0.0,0.9263531133812853
2020-05-05,0.005828318752217098,0.005828318752217098,0.0,0.0,0.9317521946031802
2020-05-06,-0.00576710138063269,-0.00576710138063269,0.0,0.0,0.9263786852352766
2020-05-07,0.002448587756417382,0.002448587756417382,0.0,0.0,0.9286470047417497
2020-05-08,0.004415955330224264,0.004415955330224264,0.0,0.0,0.9327478684322358
2020-05-11,0.011116699638878442,0.011116699638878442,0.0,0.0,0.9431169463244011
2020-05-12,-0.007920909175980671,-0.007920909175980671,0.0,0.0,0.9356466026502374
2020-05-13,0.0029410911795316316,0.0029410911795316316,0.0,0.0,0.9383984246204506
2020-05-14,-0.010481005526204224,-0.010481005526204224,0.0,0.0,0.9285630655462224
2020-05-15,-0.0008297773036862113,-0.0008297773036862113,0.0,0.0,0.9277925649893909
2020-05-18,-0.00021137849351249356,-0.00021137849351249356,0.0,0.0,0.9275964495947113
2020-05-19,0.011459122165148373,0.011459122165148373,0.0,0.0,0.9382258906305749
2020-05-20,0.0018090866455379244,0.0018090866455379244,0.0,0.0,0.9399232225598128
2020-05-21,0.005830192670714045,0.005830192670714045,0.0,0.0,0.945403156043015
2020-05-22,-0.015305238863935504,-0.015305238863935504,0.0,0.0,0.9309335349170581
2020-05-25,0.002414714861468083,0.002414714861468083,0.0,0.0,0.9331814739588614
2020-05-26,0.012391711186670533,0.012391711186670533,0.0,0.0,0.944745189268911
2020-05-27,0.0017749211563509286,0.0017749211563509286,0.0,0.0,0.9464220374927051
2020-05-28,-0.004948588604951415,-0.004948588604951415,0.0,0.0,0.9417385841824939
2020-05-29,0.0021963280103122905,0.0021963280103122905,0.0,0.0,0.9438069510133258
2020-06-01,0.009129289908874207,0.009129289908874207,0.0,0.0,0.952423238287137
2020-06-02,0.008595930303187456,0.008595930303187456,0.0,0.0,0.9606102020625894
2020-06-03,0.01786089773804866,0.01786089773804866,0.0,0.0,0.9777675626477554
2020-06-04,0.0007699027013606718,0.0007699027013606718,0.0,0.0,0.9785203485355407
2020-06-05,0.0022554401244241694,0.0022554401244241694,0.0,0.0,0.9807273425921933
2020-06-08,0.010314492404288774,0.010314492404288774,0.0,0.0,0.9908430473180388
2020-06-09,-0.0009657444854515553,-0.0009657444854515553,0.0,0.0,0.9898861461091435
2020-06-10,0.0067899887111217486,0.0067899887111217486,0.0,0.0,0.9966074618665205
2020-06-11,-0.021310865079071022,-0.021310865079071022,0.0,0.0,0.9753688947098877
2020-06-12,-0.00987006598247757,-0.00987006598247757,0.0,0.0,0.9657419393618449
2020-06-15,-0.008219941556945118,-0.008219941556945118,0.0,0.0,0.9578035970611997
2020-06-16,0.013833924386559117,0.013833924386559117,0.0,0.0,0.9710537796001186
2020-06-17,0.003577314421117361,0.003577314421117361,0.0,0.0,0.9745275442895626
2020-06-18,-0.005427711264317564,-0.005427711264317564,0.0,0.0,0.9692380901600344
2020-06-19,-0.006558252042147187,-0.006558252042147187,0.0,0.0,0.9628815824759155
2020-06-22,0.0042859192933964365,0.0042859192933964365,0.0,0.0,0.967008415227505
2020-06-23,0.003432696900241173,0.003432696900241173,0.0,0.0,0.9703278620169636
2020-06-24,0.0026928003001645533,0.0026928003001645533,0.0,0.0,0.9729407611750609
2020-06-29,-0.0077591086148465944,-0.0077591086148465944,0.0,0.0,0.9653916081332921
2020-06-30,0.005650599025175174,0.005650599025175174,0.0,0.0,0.9708466490131223
2020-07-01,0.0047556591233951125,0.0047556591233951125,0.0,0.0,0.9754636647369191
2020-07-02,0.005157316129422819,0.005157316129422819,0.0,0.0,0.9804944392287327
2020-07-03,0.0018656746063120903,0.0018656746063120903,0.0,0.0,0.982323722805632
2020-07-06,0.01075723360278486,0.01075723360278486,0.0,0.0,0.9928908085654093
2020-07-07,-0.003517022900842463,-0.003517022900842463,0.0,0.0,0.9893987888536488
2020-07-08,0.0011086305505394797,0.0011086305505394797,0.0,0.0,0.9904956665776388
2020-07-09,-0.0029705203579938225,-0.0029705203579938225,0.0,0.0,0.9875533790355652
2020-07-10,-0.00705661914147173,-0.00705661914147173,0.0,0.0,0.9805845909578378
2020-07-13,0.005553560003422257,0.005553560003422257,0.0,0.0,0.9860303263221534
2020-07-14,-0.003552709701270784,-0.003552709701270784,0.0,0.0,0.9825272468160815
2020-07-15,0.0034534593947200304,0.0034534593947200304,0.0,0.0,0.9859203647671668
2020-07-16,-0.002303852660772694,-0.002303852660772694,0.0,0.0,0.983648949511488
2020-07-17,-0.0035706067635201963,-0.0035706067635201963,0.0,0.0,0.9801367259194327
2020-07-20,-0.00013511574153754707,-0.00013511574153754707,0.0,0.0,0.9800042940189019
2020-07-21,0.0013715835698395516,0.0013715835698395516,0.0,0.0,0.9813484518069504
2020-07-22,0.005316302802362795,0.005316302802362795,0.0,0.0,0.9865655973313862
2020-07-23,-0.005490403373131289,-0.005490403373131289,0.0,0.0,0.9811489542479825
2020-07-24,-0.012597419149498253,-0.012597419149498253,0.0,0.0,0.9687890096232288
2020-07-27,-0.01459103837527151,-0.01459103837527151,0.0,0.0,0.954653372006275
2020-07-28,-0.006851268646396952,-0.006851268646396952,0.0,0.0,0.9481127852904713
2020-07-29,0.006123680509928875,0.006123680509928875,0.0,0.0,0.953918725074969
2020-07-30,0.006411752586938416,0.006411752586938416,0.0,0.0,0.9600350159281975
2020-07-31,-0.006457639566050437,-0.006457639566050437,0.0,0.0,0.9538354558245458
2020-08-03,-0.008146241826969611,-0.008146241826969611,0.0,0.0,0.9460652815382612
2020-08-04,0.008830899802851223,0.008830899802851223,0.0,0.0,0.9544198892464818
2020-08-05,0.004366129248134604,0.004366129248134604,0.0,0.0,0.9585870098399222
2020-08-06,0.0073775906659306395,0.0073775906659306395,0.0,0.0,0.9656590724161995
2020-08-07,-0.008110685335400273,-0.008110685335400273,0.0,0.0,0.9578269155385573
2020-08-10,0.007675050971579567,0.007675050971579567,0.0,0.0,0.9651782859372664
2020-08-11,-0.007496364087576601,-0.007496364087576601,0.0,0.0,0.9579429580964576
2020-08-12,-0.002569669310970813,-0.002569669310970813,0.0,0.0,0.9554813614753765
2020-08-13,-0.0018121732702295508,-0.0018121732702295508,0.0,0.0,0.9537498636919084
2020-08-14,-0.0013013408828548643,-0.0013013408828548643,0.0,0.0,0.9525087100022689
2020-08-17,0.00655075071378621,0.00655075071378621,0.0,0.0,0.9587483571142039
2020-08-18,-0.0001096925804686973,-0.0001096925804686973,0.0,0.0,0.958643189532892
2020-08-19,-0.00438571032881876,-0.00438571032881876,0.0,0.0,0.9544388581949058
2020-08-20,-0.0228092548486993,-0.0228092548486993,0.0,0.0,0.9326688190408366
2020-08-21,0.01187011240663743,0.01187011240663743,0.0,0.0,0.9437397027610172
2020-08-24,-0.0027505551020334277,-0.0027505551020334277,0.0,0.0,0.9411438947065963
2020-08-25,0.005983863640311357,0.005983863640311357,0.0,0.0,0.9467755714384322
2020-08-26,0.0022687527112391585,0.0022687527112391585,0.0,0.0,0.948923571083068
2020-08-27,-0.00278405299827716,-0.00278405299827716,0.0,0.0,0.9462817175698583
2020-08-28,0.0013925844018803043,0.0013925844018803043,0.0,0.0,0.9475994947295306
2020-08-31,-0.005259668558426477,-0.005259668558426477,0.0,0.0,0.9426154354611209
2020-09-01,-0.0009311314940156314,-0.0009311314940156314,0.0,0.0,0.9417377365424179
2020-09-02,-0.0021506984631516598,-0.0021506984631516598,0.0,0.0,0.9397123426397442
2020-09-03,0.002923548610649731,0.002923548610649731,0.0,0.0,0.9424596373534792
2020-09-04,-0.004588665868964847,-0.004588665868964847,0.0,0.0,0.9381350049826782
2020-09-07,0.005388142018295454,0.005388142018295454,0.0,0.0,0.9431898096218593
2020-09-08,0.00048009477325809463,0.00048009477325809463,0.0,0.0,0.9436426301196491
2020-09-09,-0.0020444257661995464,-0.0020444257661995464,0.0,0.0,0.9417134228125482
2020-09-10,0.004231960995280175,0.004231960995280175,0.0,0.0,0.9456987172866227
2020-09-11,-0.00033230624308629484,-0.00033230624308629484,0.0,0.0,0.9453844556987896
2020-09-14,0.0003100683738331504,0.0003100683738331504,0.0,0.0,0.9456775895196152
2020-09-15,0.00018565688526583763,0.00018565688526583763,0.0,0.0,0.9458531610753511
2020-09-16,0.000992250622415011,0.000992250622415011,0.0,0.0,0.9467916844631412
2020-09-17,-0.0048934353427988065,-0.0048934353427988065,0.0,0.0,0.9421586205721212
2020-09-18,3.7334359100897725e-05,3.7334359100897725e-05,0.0,0.0,0.9421937954603916
2020-09-21,-0.006547005175751413,-0.006547005175751413,0.0,0.0,0.9360252478049516
2020-09-22,-0.010996792097415798,-0.010996792097415798,0.0,0.0,0.9257319727569084
2020-09-23,-0.006241803211710951,-0.006241803211710951,0.0,0.0,0.9199537359561708
2020-09-24,-0.025264782777660325,-0.025264782777660325,0.0,0.0,0.8967113046517411
2020-09-25,0.006182597019863109,0.006182597019863109,0.0,0.0,0.9022553092915584
2020-09-28,0.016714944428710698,0.016714944428710698,0.0,0.0,0.917336456646876
2020-09-29,0.0005298115031192506,0.0005298115031192506,0.0,0.0,0.917822472053838
2020-09-30,-0.0007127954732271314,-0.0007127954732271314,0.0,0.0,0.9171682523505319
2020-10-05,0.001258841444832971,0.001258841444832971,0.0,0.0,0.9183228217584757
2020-10-06,0.01173563453510669,0.01173563453510669,0.0,0.0,0.9290999227798811
2020-10-07,-0.005393458657000025,-0.005393458657000025,0.0,0.0,0.9240888607581459
2020-10-08,0.0030589223006097766,0.0030589223006097766,0.0,0.0,0.9269155767820639
2020-10-12,-0.001496517681029263,-0.001496517681029263,0.0,0.0,0.9255284312325882
2020-10-13,-0.0026105371812710255,-0.0026105371812710255,0.0,0.0,0.9231123048505321
2020-10-14,-0.00053429940858861,-0.00053429940858861,0.0,0.0,0.9226190864919895
2020-10-15,-0.005676854340283069,-0.005676854340283069,0.0,0.0,0.9173815123264095
2020-10-16,-0.00407775840417643,-0.00407775840417643,0.0,0.0,0.9136406521546844
2020-10-19,0.003728775921464884,0.003728775921464884,0.0,0.0,0.9170474134193102
2020-10-20,-0.00021032289119052107,-0.00021032289119052107,0.0,0.0,0.916854537355961
2020-10-21,-0.0023788180008549927,-0.0023788180008549927,0.0,0.0,0.9146735072783331
2020-10-22,0.006574917541763052,0.006574917541763052,0.0,0.0,0.9206874101663234
2020-10-23,0.0002173932040098147,0.0002173932040098147,0.0,0.0,0.9208875613523109
2020-10-26,0.006145641857369016,0.006145641857369016,0.0,0.0,0.9265470064952882
2020-10-27,-0.002475118816156991,-0.002475118816156991,0.0,0.0,0.9242536925654578
2020-10-28,-0.002377744279493127,-0.002377744279493127,0.0,0.0,0.9220560536351599
2020-10-29,-0.00914800482817186,-0.00914800482817186,0.0,0.0,0.9136210804046603
2020-10-30,-0.0049283854035610634,-0.0049283854035610634,0.0,0.0,0.9091184036076082
2020-11-02,0.01070092618920574,0.01070092618920574,0.0,0.0,0.9188468125418617
2020-11-03,0.007428580299327933,0.007428580299327933,0.0,0.0,0.9256725398716105
2020-11-04,-0.0005675109380066818,-0.0005675109380066818,0.0,0.0,0.9251472105802209
2020-11-05,0.005501717731028324,0.005501717731028324,0.0,0.0,0.9302371093924815
2020-11-06,0.0037840605236268052,0.0037840605236268052,0.0,0.0,0.9337571829157463
2020-11-09,0.0070081129498622535,0.0070081129498622535,0.0,0.0,0.940301058721365
2020-11-10,0.009975946920474453,0.009975946920474453,0.0,0.0,0.9496814521724354
2020-11-11,0.018479624834145114,0.018479624834145114,0.0,0.0,0.967231209120528
2020-11-12,-0.009353668051404538,-0.009353668051404538,0.0,0.0,0.9581840494614559
2020-11-13,0.00020110325386082733,0.00020110325386082733,0.0,0.0,0.9583767433916002
2020-11-16,0.007771431351359574,0.007771431351359574,0.0,0.0,0.9658247024616075
2020-11-17,0.0017066047165762229,0.0017066047165762229,0.0,0.0,0.9674729834542142
2020-11-18,0.0053275616703387235,0.0053275616703387235,0.0,0.0,0.9726272554379531
2020-11-19,-0.0031657386909373607,-0.0031657386909373607,0.0,0.0,0.969548171703553
2020-11-20,-0.0021924458242785763,-0.0021924458242785763,0.0,0.0,0.9674224898630647
2020-11-23,0.007450178526430715,0.007450178526430715,0.0,0.0,0.9746299601230286
2020-11-24,-0.0049526491225703245,-0.0049526491225703245,0.0,0.0,0.9698029599061946
2020-11-25,0.001353764130702696,0.001353764130702696,0.0,0.0,0.9711158443671648
2020-11-26,0.003593606660976508,0.003593606660976508,0.0,0.0,0.9746056527340625
2020-11-27,-0.0012467897750513901,-0.0012467897750513901,0.0,0.0,0.9733905243715264
2020-11-30,-0.003000960657354015,-0.003000960657354015,0.0,0.0,0.9704694177036463
2020-12-01,0.006905518768577272,0.006905518768577272,0.0,0.0,0.9771710124819292
2020-12-02,0.001299579317991495,0.001299579317991495,0.0,0.0,0.9784409237198916
2020-12-03,-0.0007452814040331618,-0.0007452814040331618,0.0,0.0,0.9777117098944981
2020-12-04,0.009936492740746915,0.009936492740746915,0.0,0.0,0.9874267352024079
2020-12-07,0.0010110648836285578,0.0010110648836285578,0.0,0.0,0.988425087699527
2020-12-08,-0.007976409643180521,-0.007976409643180521,0.0,0.0,0.9805410042984389
2020-12-09,4.673777304715351e-05,4.673777304715351e-05,0.0,0.0,0.9805868326013611
2020-12-10,0.00044164850842454264,0.00044164850842454264,0.0,0.0,0.9810199073133604
2020-12-11,0.005750582673392608,0.005750582673392608,0.0,0.0,0.9866613433946098
2020-12-14,0.0005070286247467091,0.0005070286247467091,0.0,0.0,0.9871616089386418
2020-12-15,-0.008293225660460177,-0.008293225660460177,0.0,0.0,0.9789748549523707
2020-12-16,0.012967755874359308,0.012967755874359308,0.0,0.0,0.9916699618785293
2020-12-17,-0.001401780566140552,-0.001401780566140552,0.0,0.0,0.9902798581979426
2020-12-18,-0.005541188123873906,-0.005541188123873906,0.0,0.0,0.9847925312083846
2020-12-21,0.00822679340353458,0.00822679340353458,0.0,0.0,0.9928942159079798
2020-12-22,-0.00888527023914081,-0.00888527023914081,0.0,0.0,0.9840720824807576
2020-12-23,-0.0006325599966154464,-0.0006325599966154464,0.0,0.0,0.9834495978475942
2020-12-24,0.004202867637371665,0.004202867637371665,0.0,0.0,0.9875829063353742
2020-12-25,0.0044773423290874305,0.0044773423290874305,0.0,0.0,0.9920046530853927
2020-12-28,0.00606746573550798,0.00606746573550798,0.0,0.0,0.9980236073274528
2020-12-29,0.000796963846433464,0.000796963846433464,0.0,0.0,0.9988189960603799
2020-12-30,0.014731980665602766,0.014731980665602766,0.0,0.0,1.0135335781987782
2020-12-31,-0.0038535026599991057,-0.0038535026599991057,0.0,0.0,1.0096279238591908
2021-01-04,-0.0009633042581750307,-0.0009633042581750307,0.0,0.0,1.0086553449809648
2021-01-05,0.004784034241845007,0.004784034241845007,0.0,0.0,1.0134807866895736
2021-01-06,-0.008383570139964172,-0.008383570139964172,0.0,0.0,1.0049841994288555
2021-01-07,0.005794791443049223,0.005794791443049223,0.0,0.0,1.0108078732681054
2021-01-08,0.010921347386903958,0.010921347386903958,0.0,0.0,1.0218472571934838
2021-01-11,0.00593445634057542,0.00593445634057542,0.0,0.0,1.0279113651280354
2021-01-12,-0.010542318307223074,-0.010542318307223074,0.0,0.0,1.0170747963252433
2021-01-13,0.00867242795838919,0.00867242795838919,0.0,0.0,1.0258953042246675
2021-01-14,0.0009295701401075382,0.0009295701401075382,0.0,0.0,1.0268489458663512
2021-01-15,-0.010942279133557416,-0.010942279133557416,0.0,0.0,1.0156128780726825
2021-01-18,-0.006232244542113717,-0.006232244542113717,0.0,0.0,1.0092833302564137
2021-01-19,0.0004132076179059477,0.0004132076179059477,0.0,0.0,1.009700373817101
2021-01-20,-0.023075583721817422,-0.023075583721817422,0.0,0.0,0.9864009483071342
2021-01-21,0.0035093770834207236,0.0035093770834207236,0.0,0.0,0.9898626011901877
2021-01-22,0.0007744519504352178,0.0007744519504352178,0.0,0.0,0.9906292022123422
2021-01-25,0.010571663656552915,0.010571663656552915,0.0,0.0,1.0011018009464905
2021-01-26,-0.006612727485498784,-0.006612727485498784,0.0,0.0,0.9944817875515893
2021-01-27,0.00019707790797799144,0.00019707790797799144,0.0,0.0,0.9946777779418023
2021-01-28,-0.0068668301086178204,-0.0068668301086178204,0.0,0.0,0.9878474946278586
2021-01-29,-0.014590813471357676,-0.014590813471357676,0.0,0.0,0.9734339960955954
2021-02-01,0.009010597478246151,0.009010597478246151,0.0,0.0,0.9822052180060535
2021-02-02,0.009216691176746448,0.009216691176746448,0.0,0.0,0.9912579001726042
2021-02-03,0.00347192975810404,0.00347192975810404,0.0,0.0,0.9946994779741692
2021-02-04,-0.004057315658190136,-0.004057315658190136,0.0,0.0,0.9906636682069911
2021-02-05,0.0033644979360780447,0.0033644979360780447,0.0,0.0,0.9939967540740211
2021-02-17,0.015573255177156669,0.015573255177156669,0.0,0.0,1.009476519170481
2021-02-18,0.004670657025182135,0.004670657025182135,0.0,0.0,1.0141914377665011
2021-02-19,-0.0005173624792092408,-0.0005173624792092408,0.0,0.0,1.0136667331698654
2021-02-22,0.003705687485936457,0.003705687485936457,0.0,0.0,1.017423065297883
2021-02-23,0.013650085362656524,0.013650085362656524,0.0,0.0,1.0313109769891347
2021-02-24,-0.00044833003041520804,-0.00044833003041520804,0.0,0.0,1.0308486093074536
2021-02-25,0.01596771005753315,0.01596771005753315,0.0,0.0,1.0473089010140861
2021-02-26,-0.018933723609288293,-0.018933723609288293,0.0,0.0,1.027479443748738
2021-03-02,-0.0006374549606549883,-0.0006374549606549883,0.0,0.0,1.0268244718803492
2021-03-03,0.011884281453492185,0.011884281453492185,0.0,0.0,1.0390275429075089
2021-03-04,-0.005611900521783428,-0.005611900521783428,0.0,0.0,1.033196623697319
2021-03-05,-0.0015850657947431423,-0.0015850657947431423,0.0,0.0,1.031558939069852
2021-03-08,0.0012340883523942491,0.0012340883523942491,0.0,0.0,1.0328319739413663
2021-03-09,0.015182311577595147,0.015182311577595147,0.0,0.0,1.0485127507770466
2021-03-10,0.005165439970662716,0.005165439970662716,0.0,0.0,1.0539287804496598
2021-03-11,0.0049599723978350375,0.0049599723978350375,0.0,0.0,1.0591562381099742
2021-03-12,0.003908621450939295,0.003908621450939295,0.0,0.0,1.063296078902147
2021-03-15,0.0038249873974695496,0.0038249873974695496,0.0,0.0,1.0673631730037265
2021-03-16,0.004044205310645586,0.004044205310645586,0.0,0.0,1.0716798088163757
2021-03-17,-0.003218993833112919,-0.003218993833112919,0.0,0.0,1.0682300781207241
2021-03-18,0.004100570391023524,0.003732609302477613,0.4906147847278815,0.00036796108854591115,1.0722173636475039
2021-03-19,-0.009060336053529947,-0.009060336053529947,0.0,0.0,1.0625027140104275
2021-03-22,0.00873218157176524,0.00873218157176524,0.0,0.0,1.0717806806296597
2021-03-23,0.00299380960736674,0.00299380960736674,0.0,0.0,1.0749893879283188
2021-03-24,0.002038158199551011,0.002038158199551011,0.0,0.0,1.0771803863637552
2021-03-25,0.005466338930615238,0.005466338930615238,0.0,0.0,1.0830686194450307
2021-03-26,0.0035293303767168754,0.0035293303767168754,0.0,0.0,1.0868911264237069
2021-03-29,0.013179041472062582,0.013179041472062582,0.0,0.0,1.1012153096544617
2021-03-30,0.005776812562676819,0.005776812562676819,0.0,0.0,1.1075768240894857
2021-03-31,-0.0005584074248660721,-0.0005584074248660721,0.0,0.0,1.1069583449673044
2021-04-01,-0.0018988527928175578,-0.0018988527928175578,0.0,0.0,1.1048563940224305
2021-04-06,0.002123482371369197,0.002123482371369197,0.0,0.0,1.1072025370980316
2021-04-07,0.005489876763297117,0.005489876763297117,0.0,0.0,1.1132809425787098
2021-04-08,-0.002586699147072794,-0.002586699147072794,0.0,0.0,1.1104012197140891
2021-04-09,-0.0016557991993326293,-0.0016557991993326293,0.0,0.0,1.1085626182635484
2021-04-12,0.011270260191245947,0.011270260191245947,0.0,0.0,1.1210564074096676
2021-04-13,-0.0032530897273263647,-0.0032530897273263647,0.0,0.0,1.1174095103269697
2021-04-14,-0.001714212802092681,-0.001714212802092681,0.0,0.0,1.1154940326391871
2021-04-15,0.010174860416747516,0.010174860416747516,0.0,0.0,1.1268440287170056
2021-04-16,0.008997635090109894,0.008997635090109894,0.0,0.0,1.1369829600908707
2021-04-19,0.019498899536415717,0.019498899536415717,0.0,0.0,1.1591528766042993
2021-04-20,0.003632480211205496,0.003632480211205496,0.0,0.0,1.1633634764903265
2021-04-21,-0.001090932898384805,-0.001090932898384805,0.0,0.0,1.1620943250010438
2021-04-22,-0.003439891349436269,-0.003439891349436269,0.0,0.0,1.1580968467852437
2021-04-23,-0.0003254657391328804,-0.0003254657391328804,0.0,0.0,1.1577199259390174
2021-04-26,0.014999330351002094,0.014999330351002094,0.0,0.0,1.1750849495621145
2021-04-27,0.000359132990379955,0.000359132990379955,0.0,0.0,1.1755069613340012
2021-04-28,0.0011782162035994497,0.0011782162035994497,0.0,0.0,1.1768919626832888
2021-04-29,-0.004505004955994572,-0.004505004955994572,0.0,0.0,1.1715900585587304
2021-05-03,-0.01028453954992794,-0.01028453954992794,0.0,0.0,1.1595407942651808
2021-05-04,-0.019175452738254523,-0.019175452738254523,0.0,0.0,1.1373060745666708
2021-05-05,0.0042733844511575894,0.0042733844511575894,0.0,0.0,1.142166220661931
2021-05-06,0.009131927665074927,0.009131927665074927,0.0,0.0,1.1525963999705078
2021-05-07,0.010318673337775966,0.010318673337775966,0.0,0.0,1.1644896657121
2021-05-10,0.01100454039482348,0.01100454039482348,0.0,0.0,1.1773043392777833
2021-05-11,-0.02545016476059942,-0.02545016476059942,0.0,0.0,1.147341749869795
2021-05-12,-0.0433146342809927,-0.0433146342809927,0.0,0.0,1.0976450615788707
2021-05-13,-0.007442951263712058,-0.007442951263712058,0.0,0.0,1.089475342880685
2021-05-14,0.010470805208733459,0.010470805208733459,0.0,0.0,1.1008830269757066
2021-05-17,-0.035101427711499086,-0.035101427711499086,0.0,0.0,1.0622404609855025
2021-05-18,0.04230407575978637,0.04230407575978637,0.0,0.0,1.1071775619221436
2021-05-19,-0.0005143539522254044,-0.0005143539522254044,0.0,0.0,1.1066080807673535
2021-05-20,-0.0043656743298775965,-0.0043656743298775965,0.0,0.0,1.1017769902759125
2021-05-21,0.011298371206436961,0.011298371206436961,0.0,0.0,1.1142252756987605
2021-05-24,7.350432478417688e-05,7.350432478417688e-05,0.0,0.0,1.1143071760753083
2021-05-25,0.008595783354706676,0.008595783354706676,0.0,0.0,1.1238855191514465
2021-05-26,0.0008163319767320043,0.0008163319767320043,0.0,0.0,1.1248029828389159
2021-05-27,-0.005234138918930338,-0.005234138918930338,0.0,0.0,1.1189156077703097
2021-05-28,0.012051585141823489,0.012051585141823489,0.0,0.0,1.1324003144838688
2021-05-31,0.009708086707899006,0.009708086707899006,0.0,0.0,1.1433937549249302
2021-06-01,0.005492731516361403,0.005492731516361403,0.0,0.0,1.149674109838217
2021-06-02,0.0026991394329845373,0.0026991394329845373,0.0,0.0,1.1527772405631627
2021-06-03,0.001278611366114478,0.001278611366114478,0.0,0.0,1.154251194645545
2021-06-04,-0.0035878549104472602,-0.0035878549104472602,0.0,0.0,1.1501099088289464
2021-06-07,-0.0042213987260228784,-0.0042213987260228784,0.0,0.0,1.1452548363250294
2021-06-08,0.0012786636761289655,0.0012786636761289655,0.0,0.0,1.1467192320841495
2021-06-09,-0.00748436658378029,-0.00748436658378029,0.0,0.0,1.1381367649825607
2021-06-10,0.002642724448068377,0.002642724448068377,0.0,0.0,1.1411445468366257
2021-06-11,0.001437674039105937,0.001437674039105937,0.0,0.0,1.1427851407264802
2021-06-15,-0.0024310348248706066,-0.0024310348248706066,0.0,0.0,1.1400069902520293
2021-06-16,-0.0014953059479600305,-0.0014953059479600305,0.0,0.0,1.1383023310187894
2021-06-17,0.0021771357850499684,0.0021771357850499684,0.0,0.0,1.1407805697578561
2021-06-18,-0.007041833697479663,-0.007041833697479663,0.0,0.0,1.1327473827003052
2021-06-21,-0.006561467187860241,-0.006561467187860241,0.0,0.0,1.1253148979165826
2021-06-22,0.00368458503734978,0.00368458503734978,0.0,0.0,1.1294612163517528
2021-06-23,0.011203787744818873,0.011203787744818873,0.0,0.0,1.1421154600857626
2021-06-24,0.0023692988044861853,0.0023692988044861853,0.0,0.0,1.1448214728799289
2021-06-25,0.005181134739555666,0.005181134739555666,0.0,0.0,1.1507529471836564
2021-06-28,0.0033153992373239865,0.0033153992373239865,0.0,0.0,1.1545681526270974
2021-06-29,-0.005650831372997703,-0.005650831372997703,0.0,0.0,1.1480438826879682
2021-06-30,0.004536948115765173,0.004536948115765173,0.0,0.0,1.153252498218345
2021-07-01,-0.003689033002403737,-0.003689033002403737,0.0,0.0,1.148998111692313
2021-07-02,0.00030483311964371975,0.00030483311964371975,0.0,0.0,1.1493483643711648
2021-07-05,0.00968779184735774,0.00968779184735774,0.0,0.0,1.1604830120852936
2021-07-06,0.001857019629128341,0.001857019629128341,0.0,0.0,1.162638051818006
2021-07-07,-0.0011957017305939009,-0.0011957017305939009,0.0,0.0,1.1612478834873927
2021-07-08,0.006408031431310884,0.006408031431310884,0.0,0.0,1.1686891964243231
2021-07-09,-0.0023721274218862142,-0.0023721274218862142,0.0,0.0,1.1659169167338228
2021-07-12,0.0031574324306423754,0.0031574324306423754,0.0,0.0,1.1695982206181528
2021-07-13,0.0018603422894203309,0.0018603422894203309,0.0,0.0,1.1717740736495994
2021-07-14,-0.0012782139902063555,-0.0012782139902063555,0.0,0.0,1.1702762956352994
2021-07-15,0.004410381653462367,0.004410381653462367,0.0,0.0,1.1754376607390513
2021-07-16,0.009076588457675637,0.009076588457675637,0.0,0.0,1.1861066246432326
2021-07-19,-0.0015066539335019241,-0.0015066539335019241,0.0,0.0,1.184319572431661
2021-07-20,-0.012304264390275816,-0.012304264390275816,0.0,0.0,1.1697473912898835
2021-07-21,-0.00198647489097411,-0.00198647489097411,0.0,0.0,1.1674237174683035
2021-07-22,0.007611720499272709,0.007611720499272709,0.0,0.0,1.176309820509894
2021-07-23,0.001999069786282101,0.001999069786282101,0.0,0.0,1.1786613459313824
2021-07-26,-0.007074275767140811,-0.007074275767140811,0.0,0.0,1.1703231705341943
2021-07-27,-0.006711895440051507,-0.006711895440051507,0.0,0.0,1.1624680837824992
2021-07-28,-0.005087377659755989,-0.005087377659755989,0.0,0.0,1.1565541696228847
2021-07-29,0.004990173610141934,0.004990173610141934,0.0,0.0,1.1623255757188364
2021-07-30,-0.006505123580084369,-0.006505123580084369,0.0,0.0,1.1547645042084926
2021-08-02,0.010645873583606765,0.010645873583606765,0.0,0.0,1.1670579811391326
2021-08-03,0.0012573453126157336,0.0012573453126157336,0.0,0.0,1.1685253760212686
2021-08-04,0.004412434880546072,0.004412434880546072,0.0,0.0,1.173681418149228
2021-08-05,0.0017805503521907506,0.0017805503521907506,0.0,0.0,1.1757712170116736
2021-08-06,-0.002020430214281818,-0.002020430214281818,0.0,0.0,1.1733956533197405
2021-08-09,-0.004299324670924316,-0.004299324670924316,0.0,0.0,1.1683508444386677
2021-08-10,-0.004876361484283498,-0.004876361484283498,0.0,0.0,1.1626535433807168
2021-08-11,-0.002205729626070319,-0.002205729626070319,0.0,0.0,1.1600890440152263
2021-08-12,-0.004799061451305609,-0.004799061451305609,0.0,0.0,1.154521705404011
2021-08-13,-0.005006031196612555,-0.005006031196612555,0.0,0.0,1.148742133729592
2021-08-16,-0.012374824705094399,-0.012374824705094399,0.0,0.0,1.134526651193332
2021-08-17,0.001683386863939395,0.001683386863939395,0.0,0.0,1.1364364984547402
2021-08-18,0.005885011930422283,0.005885011930422283,0.0,0.0,1.1431244408063137
2021-08-19,-0.014903767417903353,-0.014903767417903353,0.0,0.0,1.1260875800108157
2021-08-20,-0.0021037955082052234,-0.0021037955082052234,0.0,0.0,1.1237185220181432
2021-08-23,0.005914906852865772,0.005914906852865772,0.0,0.0,1.1303652124047203
2021-08-24,0.007328926247008549,0.007328926247008549,0.0,0.0,1.1386495756786188
2021-08-25,0.0021765348454847325,0.0021765348454847325,0.0,0.0,1.1411278861568797
2021-08-26,-0.0028052626446988652,-0.0028052626446988652,0.0,0.0,1.1379267227250196
2021-08-27,0.014009040329580573,0.014009040329580573,0.0,0.0,1.1538679840757817
2021-08-30,0.013605023749505802,0.013605023749505802,0.0,0.0,1.169566385402927
2021-08-31,0.0013516247141365997,0.0013516247141365997,0.0,0.0,1.1711472002342609
2021-09-01,-0.006351063006148042,-0.006351063006148042,0.0,0.0,1.1637091705760991
2021-09-02,-0.009523272539588599,-0.009523272539588599,0.0,0.0,1.1526268509878843
2021-09-03,0.008197576743485962,0.008197576743485962,0.0,0.0,1.16207559805546
2021-09-06,-0.006568126267384023,-0.006568126267384023,0.0,0.0,1.154442938795186
2021-09-07,-0.0022969452127247687,-0.0022969452127247687,0.0,0.0,1.1517912466135565
2021-09-08,-0.005359104467420248,-0.005359104467420248,0.0,0.0,1.1456186769982941
2021-09-09,-0.0015111686147974653,-0.0015111686147974653,0.0,0.0,1.1438874540090884
2021-09-10,0.007501807245492864,0.007501807245492864,0.0,0.0,1.1524686771996022
2021-09-13,0.0044197855269396125,0.0044197855269396125,0.0,0.0,1.1575623415793403
2021-09-14,0.0023165047038335917,0.0023165047038335917,0.0,0.0,1.1602438401885895
2021-09-15,0.00020734329590107634,0.00020734329590107634,0.0,0.0,1.1604844089704631
2021-09-16,0.00010539919288363331,0.00010539919288363331,0.0,0.0,1.1606067230905226
2021-09-17,-0.004351033108025175,-0.004351033108025175,0.0,0.0,1.1555568848129592
2021-09-22,-0.0122624371705998,-0.0122624371705998,0.0,0.0,1.1413869411158861
2021-09-23,0.006547646894837684,0.006547646894837684,0.0,0.0,1.1488603397766919
2021-09-24,0.0034152882826695755,0.0034152882826695755,0.0,0.0,1.1527840290335551
2021-09-27,0.0031273845026947313,0.0031273845026947313,0.0,0.0,1.1563892279409087
2021-09-28,-0.0012758443714748907,-0.0012758443714748907,0.0,0.0,1.1549138552532061
2021-09-29,-0.006888547518058053,-0.006888547518058053,0.0,0.0,1.146958176282031
2021-09-30,0.0017993322797074842,0.0017993322797074842,0.0,0.0,1.1490219351520894
2021-10-01,-0.012652584462383308,-0.012652584462383308,0.0,0.0,1.1344838380684465
2021-10-04,-0.0021877046111948924,-0.0021877046111948924,0.0,0.0,1.132001922544578
2021-10-05,0.002124618546718908,0.002124618546718908,0.0,0.0,1.1344069948241378
2021-10-06,0.002309489679106341,0.002309489679106341,0.0,0.0,1.13702689607059
2021-10-07,0.008937157402375018,0.008937157402375018,0.0,0.0,1.147188684411507
2021-10-08,-0.0015795781111716362,-0.0015795781111716362,0.0,0.0,1.1453766102762268
2021-10-12,-0.003841749896092935,-0.003841749896092935,0.0,0.0,1.1409763598027107
2021-10-13,-0.0018379463851914421,-0.0018379463851914421,0.0,0.0,1.1388793064266225
2021-10-14,-0.002514160433048233,-0.002514160433048233,0.0,0.0,1.1360159811363872
2021-10-15,0.008888198505328734,0.008888198505328734,0.0,0.0,1.1461131166819531
2021-10-18,0.0028364422859059758,0.0028364422859059758,0.0,0.0,1.1493640003905412
2021-10-19,0.0018333541324057428,0.0018333541324057428,0.0,0.0,1.1514711916302958
2021-10-20,-0.00014187845658513066,-0.00014187845658513066,0.0,0.0,1.151307822674825
2021-10-21,0.0006504961096538645,0.0006504961096538645,0.0,0.0,1.152056743934489
2021-10-22,0.0001854907914718978,0.0001854907914718978,0.0,0.0,1.1522704398517418
2021-10-25,0.0019385716214544322,0.0019385716214544322,0.0,0.0,1.154504198626679
2021-10-26,0.005735426611351813,0.005735426611351813,0.0,0.0,1.1611257727304
2021-10-27,0.0008089313006048089,0.0008089313006048089,0.0,0.0,1.1620650437119007
2021-10-28,0.0010306925325476294,0.0010306925325476294,0.0,0.0,1.163262775474789
2021-10-29,-0.0031798816641627945,-0.0031798816641627945,0.0,0.0,1.1595637375044536
2021-11-01,0.0005814396371081924,0.0005814396371081924,0.0,0.0,1.1602379538231922
2021-11-02,-0.0010304105531571766,-0.0010304105531571766,0.0,0.0,1.1590424323913993
2021-11-03,0.0045595791641031055,0.0045595791641031055,0.0,0.0,1.1643271781164424
2021-11-04,4.920257613434545e-06,4.920257613434545e-06,0.0,0.0,1.164332906906105
2021-11-05,0.0038420542939815614,0.0038420542939815614,0.0,0.0,1.1688063371507078
2021-11-08,0.003871553689705471,0.003871553689705471,0.0,0.0,1.1733314336378546
2021-11-09,0.00039707040126831894,0.00039707040126831894,0.0,0.0,1.17379732882103
2021-11-10,0.0025236870026227073,0.0025236870026227073,0.0,0.0,1.1767596258834887
2021-11-11,0.0011254837435452475,0.0011254837435452475,0.0,0.0,1.178084049712481
2021-11-12,0.007898041128116389,0.007898041128116389,0.0,0.0,1.187388605989488
2021-11-15,0.004211048673512516,0.004211048673512516,0.0,0.0,1.192388757203684
2021-11-16,0.0016034495809338438,0.0016034495809338438,0.0,0.0,1.1943006924567325
2021-11-17,0.012299913468636637,0.012299913468636637,0.0,0.0,1.208990487629483
2021-11-18,0.0070534524918070335,0.0070534524918070335,0.0,0.0,1.2175180445970244
2021-11-19,-0.00976887491488714,-0.00976887491488714,0.0,0.0,1.205624263112738
2021-11-22,-0.0020668959598882275,-0.0020668959598882275,0.0,0.0,1.2031323631941673
2021-11-23,-0.003623189454663375,-0.003623189454663375,0.0,0.0,1.198773186703278
2021-11-24,0.005800303819188493,0.005800303819188493,0.0,0.0,1.2057264353964539
2021-11-25,0.0002503913026118253,0.0002503913026118253,0.0,0.0,1.2060283388092061
2021-11-26,-0.015382481159122975,-0.015382481159122975,0.0,0.0,1.187476630610105
2021-11-29,-0.005880433942979123,-0.005880433942979123,0.0,0.0,1.1804937527249708
2021-11-30,-0.000667008083505518,-0.000667008083505518,0.0,0.0,1.1797063538493755
2021-12-01,0.01046255243928705,0.01046255243928705,0.0,0.0,1.1920490934394845
2021-12-02,-0.0006054283774001613,-0.0006054283774001613,0.0,0.0,1.1913273930910622
2021-12-03,0.003593071662237331,0.003593071662237331,0.0,0.0,1.1956079177876249
2021-12-06,0.005303224192583887,0.005303224192583887,0.0,0.0,1.201948494622081
2021-12-07,0.0073851038906870645,0.0073851038906870645,0.0,0.0,1.2108250091261201
2021-12-08,0.0014803537022521683,0.0014803537022521683,0.0,0.0,1.2126174584111593
2021-12-09,0.0044029043994201315,0.0044029043994201315,0.0,0.0,1.2179564971536114
2021-12-10,-0.0008563007470055827,-0.0008563007470055827,0.0,0.0,1.2169135600952785
2021-12-13,-0.003637636740571409,-0.003637636740571409,0.0,0.0,1.2124868706189764
2021-12-14,-0.006664788091466105,-0.006664788091466105,0.0,0.0,1.2044059025626161
2021-12-15,0.0001988749800162715,0.0001988749800162715,0.0,0.0,1.20464542876242
2021-12-16,0.00410202105166097,0.00410202105166097,0.0,0.0,1.2095869096709906
2021-12-17,0.004945512351637405,0.004945512351637405,0.0,0.0,1.2155689366731472
2021-12-20,-0.006048362028771448,-0.006048362028771448,0.0,0.0,1.2082167356732192
2021-12-21,0.005462037655318702,0.005462037655318702,0.0,0.0,1.2148160609792527
2021-12-22,0.000150300934214898,0.000150300934214898,0.0,0.0,1.2149986489681173
2021-12-23,0.004260118827225391,0.004260118827225391,0.0,0.0,1.2201746875876396
2021-12-24,0.0018622871388007953,0.0018622871388007953,0.0,0.0,1.2224470032154242
2021-12-27,0.002328742457293387,0.002328742457293387,0.0,0.0,1.2252937674536029
2021-12-28,0.005977773743052648,0.005977773743052648,0.0,0.0,1.232618296364213
2021-12-29,0.005782038326755009,0.005782038326755009,0.0,0.0,1.2397453425960503
2021-12-30,-0.0016515394472739172,-0.0016515394472739172,0.0,0.0,1.2376978542581787
2022-01-03,-0.00514247396197026,-0.00514247396197026,0.0,0.0,1.2313330252698695
2022-01-04,0.001652993005398512,0.001652993005398512,0.0,0.0,1.233368410147957
2022-01-05,0.002995115846094729,0.002995115846094729,0.0,0.0,1.2370624914172639
2022-01-06,0.002861039935972829,0.002861039935972829,0.0,0.0,1.2406017766085027
2022-01-07,0.0008055293304227273,0.0008055293304227273,0.0,0.0,1.2416011177269355
2022-01-10,0.0044238562540328315,0.0044238562540328315,0.0,0.0,1.247093782596606
2022-01-11,0.011505953618177606,0.011505953618177606,0.0,0.0,1.2614427858166801
2022-01-12,0.0029617841900497367,0.0029617841900497367,0.0,0.0,1.2651789071163644
2022-01-13,0.012856362725741291,0.012856362725741291,0.0,0.0,1.2814445060592092
2022-01-14,-0.006672256607510234,-0.006672256607510234,0.0,0.0,1.272894379486498
2022-01-17,-0.0023929209789603847,-0.0023929209789603847,0.0,0.0,1.269848443821824
2022-01-18,0.004684894435009866,0.004684894435009866,0.0,0.0,1.275797549729591
2022-01-19,-0.004210378718111021,-0.004210378718111021,0.0,0.0,1.2704259588775915
2022-01-20,-0.0006929506093124125,-0.0006929506093124125,0.0,0.0,1.269545616435301
2022-01-21,-0.011680658892410996,-0.011680658892410996,0.0,0.0,1.2547164871413645
2022-01-24,-0.002948538968680032,-0.002948538968680032,0.0,0.0,1.2510169066843828
2022-01-25,-0.0078513005540167,-0.0078513005540167,0.0,0.0,1.2411947969518475
2022-01-26,0.0019397612487164761,0.0019397612487164761,0.0,0.0,1.2436024185210832
2022-02-07,0.021640969401649893,0.021640969401649893,0.0,0.0,1.2705151804081158
2022-02-08,0.00917037860504545,0.00917037860504545,0.0,0.0,1.282166285635916
2022-02-09,0.00796465589939878,0.00796465589939878,0.0,0.0,1.2923782989068164
2022-02-10,0.002870500656733582,0.002870500656733582,0.0,0.0,1.2960880716625767
2022-02-11,-0.002175416360590926,-0.002175416360590926,0.0,0.0,1.2932685404667152
2022-02-14,-0.009228799742826517,-0.009228799742826517,0.0,0.0,1.2813332240930504
2022-02-15,-0.003741589489514169,-0.003741589489514169,0.0,0.0,1.2765390011692186
2022-02-16,0.008112478999063533,0.008112478999063533,0.0,0.0,1.2868948970076897
2022-02-17,0.003629217680824969,0.003629217680824969,0.0,0.0,1.2915653187212734
2022-02-18,0.00037818120622832565,0.00037818120622832565,0.0,0.0,1.29205376445143
2022-02-21,0.003367494856614954,0.003367494856614954,0.0,0.0,1.2964047488576902
2022-02-22,-0.008247477874068473,-0.008247477874068473,0.0,0.0,1.2857126793756493
2022-02-23,0.004082693001318024,0.004082693001318024,0.0,0.0,1.290961849533442
2022-02-24,-0.01661211458416949,-0.01661211458416949,0.0,0.0,1.2695162433652012
2022-02-25,-0.0017610357035001789,-0.0017610357035001789,0.0,0.0,1.2672805799344617
2022-03-01,0.011753871752265785,0.011753871752265785,0.0,0.0,1.2821760333451484
2022-03-02,0.002104780212408404,0.002104780212408404,0.0,0.0,1.2848747320889575
2022-03-03,0.0018969944820194983,0.0018969944820194983,0.0,0.0,1.2873121323658165
2022-03-04,-0.009232995608212481,-0.009232995608212481,0.0,0.0,1.2754263851012844
2022-03-07,-0.022106555573324155,-0.022106555573324155,0.0,0.0,1.2472311008393588
2022-03-08,-0.012612272267209028,-0.012612272267209028,0.0,0.0,1.231500682615442
2022-03-09,0.004273987295170485,0.004273987295170485,0.0,0.0,1.2367641008869341
2022-03-10,0.02260639613082149,0.02260639613082149,0.0,0.0,1.2647228800719632
2022-03-11,-0.003950957057036882,-0.003950957057036882,0.0,0.0,1.259726014283747
2022-03-14,0.00487737470412227,0.00487737470412227,0.0,0.0,1.2658701700799393
2022-03-15,-0.0011819362678106217,-0.0011819362678106217,0.0,0.0,1.2643739922155823
2022-03-16,0.010035082398826813,0.010035082398826813,0.0,0.0,1.2770620894103994
2022-03-17,0.011422791730186642,0.011422791730186642,0.0,0.0,1.2916497036842514
2022-03-18,0.006292739349459677,0.006292739349459677,0.0,0.0,1.2997777186003432
2022-03-21,0.0005669346603546589,0.0005669346603546589,0.0,0.0,1.3005146076397744
2022-03-22,0.003525589643342452,0.003525589643342452,0.0,0.0,1.3050996884714847
2022-03-23,0.010428765902666415,0.010428765902666415,0.0,0.0,1.318710267602197
2022-03-24,0.0013829137051398022,0.0013829137051398022,0.0,0.0,1.3205339301043726
2022-03-25,-0.003748391138727573,-0.003748391138727573,0.0,0.0,1.3155840524223803
2022-03-28,0.0020943709504148006,0.0020943709504148006,0.0,0.0,1.3183393734446027
2022-03-29,-0.0024812194684755047,-0.0026371743858127545,0.20793988978299976,0.00015595491733724984,1.3148626826171461
2022-03-30,0.008902563737873537,0.008902563737873537,0.0,0.0,1.3265683314556966
2022-03-31,0.0058029382138312605,0.0058029382138312605,0.0,0.0,1.334266325519559
2022-04-01,0.0031697363828787793,0.0031697363828787793,0.0,0.0,1.3384955980360085
2022-04-06,0.013999239362153372,0.013999239362153372,0.0,0.0,1.357233518298103
2022-04-07,-0.014886741709115713,-0.014886741709115713,0.0,0.0,1.3370287334722448
2022-04-08,0.012043825112313947,0.012043825112313947,0.0,0.0,1.3531316737083232
2022-04-11,-0.0036831352029236576,-0.0036831352029236576,0.0,0.0,1.348147906806697
2022-04-12,-0.006140454833898593,-0.006140454833898593,0.0,0.0,1.3398696654755355
2022-04-13,0.007339705084651014,0.007339705084651014,0.0,0.0,1.3497039136719962
2022-04-14,-0.01516089877805103,-0.01516089877805103,0.0,0.0,1.3292411892564757
2022-04-15,-0.004887485046457433,-0.004887485046457433,0.0,0.0,1.3227445428208495
2022-04-18,-0.013960628556983906,-0.013960628556983906,0.0,0.0,1.3042781975827502
2022-04-19,0.0007509863559410348,0.0007509863559410348,0.0,0.0,1.305257692713486
2022-04-20,0.00867761539839365,0.00867761539839365,0.0,0.0,1.3165842169666484
2022-04-21,-0.006269979903538501,-0.006269979903538501,0.0,0.0,1.3083292603849515
2022-04-22,0.004796234638205463,0.004796234638205463,0.0,0.0,1.3146043145017876
2022-04-25,-0.014979719725879,-0.014979719725879,0.0,0.0,1.2949119103201197
2022-04-26,0.010958105534801577,0.010958105534801577,0.0,0.0,1.3091016916916791
2022-04-27,-0.013299498258245942,-0.013299498258245942,0.0,0.0,1.2916912960231588
2022-04-28,0.003452278910725102,0.003452278910725102,0.0,0.0,1.2961505746435869
2022-04-29,0.006158757575433083,0.006158757575433083,0.0,0.0,1.3041332518140751
2022-05-03,-0.007734513339142525,-0.007734513339142525,0.0,0.0,1.2940464157818998
2022-05-04,-0.0007967059402459544,-0.0007967059402459544,0.0,0.0,1.2930154413154924
2022-05-05,-0.004895039007139841,-0.004895039007139841,0.0,0.0,1.286686080293419
2022-05-06,-0.010842586244725097,-0.010842586244725097,0.0,0.0,1.2727350754979503
2022-05-09,-0.026997427672590828,-0.026997427672590828,0.0,0.0,1.238374502350825
2022-05-10,0.0007987372056150884,0.0007987372056150884,0.0,0.0,1.2393636381403377
2022-05-11,-0.007028610148342782,-0.007028610148342782,0.0,0.0,1.2306526342958175
2022-05-12,-0.024577148333110945,-0.024577148333110945,0.0,0.0,1.2004067019561955
2022-05-13,0.00474687580348629,0.00474687580348629,0.0,0.0,1.2061048834840542
2022-05-16,-0.0020335960752515866,-0.0020335960752515866,0.0,0.0,1.2036521533266593
2022-05-17,-0.0012171459973405962,-0.0012171459973405962,0.0,0.0,1.2021871329260474
2022-05-18,0.023170469635442417,0.023170469635442417,0.0,0.0,1.23004237338563
2022-05-19,-0.017634250176666748,-0.017634250176666748,0.0,0.0,1.2083514984454469
2022-05-20,0.0066992883275948855,0.0066992883275948855,0.0,0.0,1.2164465935346143
2022-05-23,0.00016627454314669933,0.00016627454314669933,0.0,0.0,1.2166488576362167
2022-05-24,-0.003438325655314131,-0.003438325655314131,0.0,0.0,1.2124656226554975
2022-05-25,0.0035876621237105064,0.0035876621237105064,0.0,0.0,1.2168155396461997
2022-05-26,-0.0010515503157137321,-0.0010515503157137321,0.0,0.0,1.2155359968813195
2022-05-27,0.011752609137363928,0.011752609137363928,0.0,0.0,1.2298217163450615
2022-05-30,0.0153929748052689,0.0153929748052689,0.0,0.0,1.2487523310397335
2022-05-31,0.005025206830950135,0.005025206830950135,0.0,0.0,1.2550275697838393
2022-06-01,-0.009530240085889105,-0.009530240085889105,0.0,0.0,1.2430668557293894
2022-06-02,-0.0035284179328808687,-0.0035284179328808687,0.0,0.0,1.238680796343864
2022-06-06,0.006322016260251322,0.006322016260251322,0.0,0.0,1.2465117564796109
2022-06-07,-0.004674959399998878,-0.004674959399998878,0.0,0.0,1.2406843646264474
2022-06-08,0.004020760516453985,0.004020760516453985,0.0,0.0,1.2456728593331192
2022-06-09,-0.006301479568797581,-0.006301479568797581,0.0,0.0,1.237823277260626
2022-06-10,-0.006250782610665808,-0.006250782610665808,0.0,0.0,1.2300859130440478
2022-06-13,-0.012739513336207266,-0.012739513336207266,0.0,0.0,1.2144152171501426
2022-06-14,0.004786458520249901,0.004786458520249901,0.0,0.0,1.220227965213392
2022-06-15,-0.00023661879057088563,-0.00023661879057088563,0.0,0.0,1.2199392363480424
2022-06-16,-0.0050625499985310005,-0.0050625499985310005,0.0,0.0,1.2137632329688608
2022-06-17,-0.010110661258386276,-0.010110661258386276,0.0,0.0,1.201491284072429
2022-06-20,-0.01566914014405139,-0.01566914014405139,0.0,0.0,1.182664948760442
2022-06-21,0.025562630489374332,0.025562630489374332,0.0,0.0,1.2128969758383399
2022-06-22,-0.012996544711998683,-0.012996544711998683,0.0,0.0,1.1971335060608088
2022-06-23,0.001353342107666291,0.001353342107666291,0.0,0.0,1.1987536372430592
2022-06-24,0.009188008505423471,0.009188008505423471,0.0,0.0,1.2097677958579558
2022-06-27,0.0026347128906211857,0.0026347128906211857,0.0,0.0,1.212955186664361
2022-06-28,-0.005590691202228325,-0.005590691202228325,0.0,0.0,1.2061739287735793
2022-06-29,-0.0054706072265674095,-0.0054706072265674095,0.0,0.0,1.1995754249623334
2022-06-30,-0.020499893464029948,-0.020499893464029948,0.0,0.0,1.174984256548537
2022-07-01,-0.013515449639106052,-0.013515449639106052,0.0,0.0,1.159103816002413
2022-07-04,-0.0021894497016293245,-0.0021894497016293245,0.0,0.0,1.156566016498309
2022-07-05,0.005252926842111981,0.005252926842111981,0.0,0.0,1.1626413731710474
2022-07-06,-0.021788920716178502,-0.021788920716178502,0.0,0.0,1.1373086724696746
2022-07-07,0.003850290568598941,0.003850290568598941,0.0,0.0,1.1416876413248702
2022-07-08,-0.0017606222612775227,-0.0017606222612775227,0.0,0.0,1.1396775606481282
2022-07-11,-0.01103631291497168,-0.01103631291497168,0.0,0.0,1.127099722466644
2022-07-12,-0.020154333617135537,-0.020154333617135537,0.0,0.0,1.1043837786402702
2022-07-13,0.02403344661040126,0.02403344661040126,0.0,0.0,1.1309259272216143
2022-07-14,-0.006029647705889204,-0.006029647705889204,0.0,0.0,1.124106842299012
2022-07-15,-0.01316455330313685,-0.01316455330313685,0.0,0.0,1.1093084778551459
2022-07-18,0.0130489202197819,0.0130489202197819,0.0,0.0,1.1237837556818053
2022-07-19,-0.0007132588659224799,-0.0007132588659224799,0.0,0.0,1.1229822069546858
2022-07-20,-0.0024321526781991617,-0.0024321526781991617,0.0,0.0,1.120250942772471
2022-07-21,0.006513492930356462,0.006513492930356462,0.0,0.0,1.1275476893684446
2022-07-22,0.003952426958243913,0.003952426958243913,0.0,0.0,1.13200423925261
2022-07-25,0.0071129232712710145,0.0071129232712710145,0.0,0.0,1.1400560985491672
2022-07-26,-0.0016246772186405826,-0.0016246772186405826,0.0,0.0,1.1382038753778823
2022-07-27,0.004493072923416375,0.004493072923416375,0.0,0.0,1.14331790839167
2022-07-28,-0.001227770364946139,-0.001227770364946139,0.0,0.0,1.1419141765460346
2022-07-29,-0.0003185959679818197,-0.0003185959679818197,0.0,0.0,1.1415503672936058
2022-08-01,0.0028351052486982288,0.0028351052486982288,0.0,0.0,1.1447867827315732
2022-08-02,-0.004951299078988897,-0.004951299078988897,0.0,0.0,1.1391186009885956
2022-08-03,-0.003389322646031593,-0.003389322646031593,0.0,0.0,1.1352577605177492
2022-08-04,-0.006240226247835919,-0.006240226247835919,0.0,0.0,1.1281734952425069
2022-08-05,0.012186053764875634,0.012186053764875634,0.0,0.0,1.1419214781116398
2022-08-08,0.0048103707233300656,0.0048103707233300656,0.0,0.0,1.1474145437582897
2022-08-09,0.007906458396216145,0.007906458396216145,0.0,0.0,1.156486529111728
2022-08-10,0.0008636127382410986,0.0008636127382410986,0.0,0.0,1.157485285609873
2022-08-11,0.010434850887169066,0.010434850887169066,0.0,0.0,1.1695634719693042
2022-08-12,-0.0013732053963238931,-0.0013732053963238931,0.0,0.0,1.1679574210982526
2022-08-15,7.07794806696512e-05,7.07794806696512e-05,0.0,0.0,1.168040088517962
2022-08-16,0.0019029959293745805,0.0019029959293745805,0.0,0.0,1.170262864051758
2022-08-17,0.004712479389163272,0.004712479389163272,0.0,0.0,1.175777703678505
2022-08-18,-0.003458263614308295,-0.003458263614308295,0.0,0.0,1.1717115544273586
2022-08-19,0.0016897100721544375,0.0016897100721544375,0.0,0.0,1.1736914072425344
2022-08-22,-0.003138080253430563,-0.003138080253430563,0.0,0.0,1.1700082694138454
2022-08-23,-0.010977253348213136,-0.010977253348213136,0.0,0.0,1.1571647922209853
2022-08-24,-0.004325496452823901,-0.004325496452823901,0.0,0.0,1.1521594800169008
2022-08-25,0.005985514708424864,0.005985514708424864,0.0,0.0,1.1590557475309933
2022-08-26,0.0039504433256373934,0.0039504433256373934,0.0,0.0,1.163634531572869
2022-08-29,-0.012901770035183308,-0.012901770035183308,0.0,0.0,1.1486215864415175
2022-08-30,0.0017933591270184726,0.0017933591270184726,0.0,0.0,1.1506814774470528
2022-08-31,0.0054922475476152505,0.0054922475476152505,0.0,0.0,1.157001304969648
2022-09-01,-0.012557475793395853,-0.012557475793395853,0.0,0.0,1.1424722890895642
2022-09-02,-0.005651253696849049,-0.005651253696849049,0.0,0.0,1.1360158883422993
2022-09-05,0.005196403985988179,0.005196403985988179,0.0,0.0,1.1419190858326271
2022-09-06,0.0026226015698632456,0.0026226015698632456,0.0,0.0,1.1449138846197884
2022-09-07,-0.013826836604417131,-0.013826836604417131,0.0,0.0,1.1290833474110222
2022-09-08,0.01326898035979783,0.01326898035979783,0.0,0.0,1.1440651321723938
2022-09-12,0.00834286428749278,0.00834286428749278,0.0,0.0,1.1536099123061605
2022-09-13,-0.00019178023665870133,-0.00019178023665870133,0.0,0.0,1.1533886727241667
2022-09-14,-0.013343769399020995,-0.013343769399020995,0.0,0.0,1.1379981202478924
2022-09-15,0.005628964911020556,0.005628964911020556,0.0,0.0,1.1444038717355751
2022-09-16,-0.0037251556223960795,-0.0037251556223960795,0.0,0.0,1.1401407892184876
2022-09-19,-0.006472887954446873,-0.006472887954446873,0.0,0.0,1.1327607856375816
2022-09-20,0.0023536430501807674,0.0023536430501807674,0.0,0.0,1.1354269001882147
2022-09-21,-0.006217787254509351,-0.006217787254509351,0.0,0.0,1.1283670572797972
2022-09-22,-0.014265147796419877,-0.014265147796419877,0.0,0.0,1.1122707344390896
2022-09-23,-0.001641962959462537,-0.001641962959462537,0.0,0.0,1.1104444270922464
2022-09-26,-0.01719821486534178,-0.01719821486534178,0.0,0.0,1.0913467652390927
2022-09-27,-0.0011120512667023236,-0.0011120512667023236,0.0,0.0,1.0901331316863971
2022-09-28,-0.014178185115395795,-0.014178185115395795,0.0,0.0,1.0746770223449211
2022-09-29,0.007135615021909108,0.007135615021909108,0.0,0.0,1.082345503849266
2022-09-30,-0.008511507446591845,-0.008511507446591845,0.0,0.0,1.0731331120334677
2022-10-03,-0.013920404242293962,-0.013920404242293962,0.0,0.0,1.0581946653081709
2022-10-04,0.007519808566982983,0.007519808566982983,0.0,0.0,1.0661520866178908
2022-10-05,0.0050600943449019544,0.0050600943449019544,0.0,0.0,1.0715469167621914
2022-10-06,0.005584872777662385,0.005584872777662385,0.0,0.0,1.0775313699676046
2022-10-07,-0.0057776943606493245,-0.0057776943606493245,0.0,0.0,1.07130572304792
2022-10-11,-0.020336695569063805,-0.020336695569063805,0.0,0.0,1.0495189046968987
2022-10-12,0.006092511541585483,0.006092511541585483,0.0,0.0,1.0559131107368767
2022-10-13,-0.022675969510664452,-0.022675969510664452,0.0,0.0,1.0319692572318964
2022-10-14,0.0026623963981142204,0.0026623963981142204,0.0,0.0,1.0347167684653151
2022-10-17,-0.0030804774159055247,-0.0030804774159055247,0.0,0.0,1.031529346828199
2022-10-18,0.006068668941269129,0.006068668941269129,0.0,0.0,1.037789356937303
2022-10-19,-0.008677282223107739,-0.008677282223107739,0.0,0.0,1.0287841657990204
2022-10-20,0.0008155923740226154,0.0008155923740226154,0.0,0.0,1.0296232343191611
2022-10-21,0.0010182752501870923,0.0010182752501870923,0.0,0.0,1.0306716741756858
2022-10-24,-0.0009360380764783507,-0.0009360380764783507,0.0,0.0,1.0297069262443097
2022-10-25,0.0050906461192791914,0.0050906461192791914,0.0,0.0,1.0349487998123903
2022-10-26,0.005914767464043435,0.005914767464043435,0.0,0.0,1.0410702813004713
2022-10-27,-0.0026836835639944623,-0.0026836835639944623,0.0,0.0,1.038276378097582
2022-10-28,-0.00406724137707748,-0.00406724137707748,0.0,0.0,1.0340534574517415
2022-10-31,0.0037377765706277464,0.0037377765706277464,0.0,0.0,1.0379185182377813
2022-11-01,0.009103834157752766,0.009103834157752766,0.0,0.0,1.0473675562970786
2022-11-02,-0.0027669892516317732,-0.0027669892516317732,0.0,0.0,1.0444695015262968
2022-11-03,-0.005221102430999467,-0.005221102430999467,0.0,0.0,1.039016219272773
2022-11-04,0.00904812695584819,0.00904812695584819,0.0,0.0,1.0484173699339385
2022-11-07,0.009637968365767057,0.009637968365767057,0.0,0.0,1.0585219833794826
2022-11-08,0.006510235333166081,0.006510235333166081,0.0,0.0,1.0654132105966128
2022-11-09,0.008701555900393796,0.008701555900393796,0.0,0.0,1.0746839632056373
2022-11-10,-0.007077103091611479,-0.007077103091611479,0.0,0.0,1.0670783140071294
2022-11-11,0.023546574403429655,0.023546574403429655,0.0,0.0,1.0922043529221843
2022-11-14,0.00868608773619003,0.00868608773619003,0.0,0.0,1.101691335757515
2022-11-15,0.0027619446999183114,0.0027619446999183114,0.0,0.0,1.1047341463032565
2022-11-16,-0.008907695588016578,-0.008907695588016578,0.0,0.0,1.0948935108222997
2022-11-17,-0.003258587166748786,-0.003258587166748786,0.0,0.0,1.0913257048789777
2022-11-18,-0.003981464455575356,-0.003981464455575356,0.0,0.0,1.0869806303755463
2022-11-21,-0.0013843680346002315,-0.0013843680346002315,0.0,0.0,1.0854758491366248
2022-11-22,0.003639078459224045,0.003639078459224045,0.0,0.0,1.0894259809172258
2022-11-23,0.007359844505195567,0.007359844505195567,0.0,0.0,1.0974439867366967
2022-11-24,0.008305542020007932,0.008305542020007932,0.0,0.0,1.1065588538831435
2022-11-25,0.00027937640772284574,0.00027937640772284574,0.0,0.0,1.1068680003206752
2022-11-28,-0.004213902125095159,-0.004213902125095159,0.0,0.0,1.102203766901924
2022-11-29,0.013196335054321408,0.013196335054321408,0.0,0.0,1.116748817108097
2022-11-30,0.012089683242362918,0.012089683242362918,0.0,0.0,1.1302499565682174
2022-12-01,-0.002195229215359507,-0.002195229215359507,0.0,0.0,1.1277687988429
2022-12-02,-0.003923731267948209,-0.003923731267948209,0.0,0.0,1.1233437371438637
2022-12-05,0.0005561117156650254,0.0005561117156650254,0.0,0.0,1.1239684417568083
2022-12-06,-0.01040919666740557,-0.01040919666740557,0.0,0.0,1.1122688331986044
2022-12-07,0.0033722875241695947,0.0033722875241695947,0.0,0.0,1.1160197235083227
2022-12-08,-0.003194068565142749,-0.003194068565142749,0.0,0.0,1.1124550799913855
2022-12-09,0.004949831109757029,0.004949831109757029,0.0,0.0,1.1179615447545341
2022-12-12,-0.00031006582190385866,-0.00031006582190385866,0.0,0.0,1.117614903089303
2022-12-13,-0.00797825448027676,-0.00797825448027676,0.0,0.0,1.1086982869815067
2022-12-14,0.009463227748352728,0.009463227748352728,0.0,0.0,1.1191901513754212
2022-12-15,-0.0008373742910962703,-0.0008373742910962703,0.0,0.0,1.1182529703158113
2022-12-16,-0.009185785380798145,-0.009185785380798145,0.0,0.0,1.1079809385290502
2022-12-19,-0.0012123949788730892,-0.0012123949788730892,0.0,0.0,1.1066376280024905
2022-12-20,-0.008906613277491737,-0.008906613277491737,0.0,0.0,1.0967812346115515
2022-12-21,0.00019247527586192987,0.00019247527586192987,0.0,0.0,1.0969923378822437
2022-12-22,0.014981987710707134,0.014981987710707134,0.0,0.0,1.1134274636071353
2022-12-23,-0.007439356646988913,-0.007439356646988913,0.0,0.0,1.1051442796048094
2022-12-26,0.0031696570706621534,0.0031696570706621534,0.0,0.0,1.1086472079847605
2022-12-27,0.0024344330704492855,0.0024344330704492855,0.0,0.0,1.1113461354113399
2022-12-28,-0.0063371755187841584,-0.0063371755187841584,0.0,0.0,1.1043033398891158
2022-12-29,-0.004409336898340407,-0.004409336898340407,0.0,0.0,1.099434094425582
2022-12-30,0.004388048029659814,0.004388048029659814,0.0,0.0,1.1042584640373672
2023-01-03,0.00039040573010959374,0.00039040573010959374,0.0,0.0,1.1046895728692494
2023-01-04,0.001491002923230226,0.001491002923230226,0.0,0.0,1.1063366682516593
2023-01-05,0.006376515310308922,0.006376515310308922,0.0,0.0,1.1133912409551223
2023-01-06,0.0031759940275958047,0.0031759940275958047,0.0,0.0,1.1169273648867732
2023-01-09,0.01784757677878214,0.01784757677878214,0.0,0.0,1.1368618117879128
2023-01-10,0.0006147427199208881,0.0006147427199208881,0.0,0.0,1.1375606893102654
2023-01-11,-0.008200211249348143,-0.008200211249348143,0.0,0.0,1.1282324513489672
2023-01-12,-0.004952297603973645,-0.004952297603973645,0.0,0.0,1.1226451084834264
2023-01-13,0.0020002336586725823,0.0020002336586725823,0.0,0.0,1.124890661016159
2023-01-16,0.0073760292443818,0.0073760292443818,0.0,0.0,1.1331878874285464
2023-01-17,0.00012890741945129647,0.00012890741945129647,0.0,0.0,1.1333339637548683
2023-01-30,0.019171718924986886,0.019171718924986886,0.0,0.0,1.155061923956118
2023-01-31,-0.015794089085019874,-0.015794089085019874,0.0,0.0,1.1368187730304407
2023-02-01,0.0063689875365816944,0.0063689875365816944,0.0,0.0,1.1440591576272237
2023-02-02,0.0028242337362840413,0.0028242337362840413,0.0,0.0,1.1472902480964993
2023-02-03,-0.0015527104149530868,-0.0015527104149530868,0.0,0.0,1.1455088385793057
2023-02-06,-0.00507564143723233,-0.00507564143723233,0.0,0.0,1.1396946464514968
2023-02-07,0.0022243239601396807,0.0022243239601396807,0.0,0.0,1.1422296965608416
2023-02-08,0.00017419164306678686,0.00017419164306678686,0.0,0.0,1.1424286634284453
2023-02-09,-0.00014080664019495048,-0.00014080664019495048,0.0,0.0,1.1422678018866854
2023-02-10,-0.0003757598511158794,-0.0003757598511158794,0.0,0.0,1.141838583507514
2023-02-13,0.006266087035569532,0.006266087035569532,0.0,0.0,1.1489934434523434
2023-02-14,0.004053111146768525,0.004053111146768525,0.0,0.0,1.1536504415855642
2023-02-15,-0.005754164804196498,-0.005754164804196498,0.0,0.0,1.1470121468182468
2023-02-16,0.005019588254397278,0.005019588254397278,0.0,0.0,1.1527696755180667
2023-02-17,0.004438743720523964,0.004438743720523964,0.0,0.0,1.1578865246764831
2023-02-20,0.009524172703222077,0.009524172703222077,0.0,0.0,1.1689144359082355
2023-02-21,-0.005385849588461394,-0.005385849588461394,0.0,0.0,1.1626188385746525
2023-02-22,-2.8907885536833965e-05,-2.8907885536833965e-05,0.0,0.0,1.162585229722344
2023-02-23,0.004531411848434004,0.004531411848434004,0.0,0.0,1.1678533822071222
2023-02-24,-0.0040906402910255,-0.0040906402910255,0.0,0.0,1.1630761141078554
2023-03-01,-0.006603233066378215,-0.006603233066378215,0.0,0.0,1.1553960514524637
2023-03-02,-0.0002863176409106211,-0.0002863176409106211,0.0,0.0,1.1550652411806945
2023-03-03,0.0029318403601502267,0.0029318403601502267,0.0,0.0,1.1584517080733947
2023-03-06,0.007704098925551619,0.007704098925551619,0.0,0.0,1.1673765346328664
2023-03-07,0.0042831452485431725,0.0042831452485431725,0.0,0.0,1.17237657789044
2023-03-08,-0.0003990818801810462,-0.0003990818801810462,0.0,0.0,1.1719087036414553
2023-03-09,-0.006809828402065676,-0.006809828402065676,0.0,0.0,1.1639282064667698
2023-03-10,-0.011904029528079427,-0.011904029528079427,0.0,0.0,1.1500727707284248
2023-03-13,-0.0021055114553213323,-0.0021055114553213323,0.0,0.0,1.147651279335203
2023-03-14,-0.012297826708612132,-0.012297826708612132,0.0,0.0,1.1335376627800215
2023-03-15,-0.0025796077012272857,-0.0025796077012272857,0.0,0.0,1.1306135802954829
2023-03-16,-0.011717909015550174,-0.011717909015550174,0.0,0.0,1.117365153229835
2023-03-17,0.005861984890897594,0.005861984890897594,0.0,0.0,1.1239151308756838
2023-03-20,-0.002256261500277335,-0.002256261500277335,0.0,0.0,1.1213792844363097
2023-03-21,0.005894005624244129,0.005894005624244129,0.0,0.0,1.127988700245688
2023-03-22,0.011413958997786685,0.011413958997786685,0.0,0.0,1.140863517020259
2023-03-23,0.0056239149275094345,0.0056239149275094345,0.0,0.0,1.1472796363838802
2023-03-24,0.0017515517146074351,0.0017515517146074351,0.0,0.0,1.1492891559981224
2023-03-27,-0.0002162727832840483,-0.0002162727832840483,0.0,0.0,1.1490405960335566
2023-03-28,-0.0020135362946470782,-0.0020135362946470782,0.0,0.0,1.1467269610894202
2023-03-29,0.00635207996127075,0.00635207996127075,0.0,0.0,1.1540110624400053
2023-03-30,-0.0004169387852970858,-0.0004169387852970858,0.0,0.0,1.1535299104694121
2023-03-31,0.0030500111904458132,0.0030500111904458132,0.0,0.0,1.157048189604858
2023-04-06,0.0034932685604867693,0.0034932685604867693,0.0,0.0,1.1610900696685726
2023-04-07,-0.0005486457856386796,-0.0005486457856386796,0.0,0.0,1.160453042495102
2023-04-10,0.0040894890814457685,0.0040894890814457685,0.0,0.0,1.1651987025419164
2023-04-11,0.006125561398308009,0.006125561398308009,0.0,0.0,1.1723361987355656
2023-04-12,0.0018236654880378952,0.0018236654880378952,0.0,0.0,1.1744741478015772
2023-04-13,0.0005698717452848031,0.00020682272353032485,0.4840653623393043,0.0003630490217544782,1.1747170557435416
2023-04-14,0.002204382137479575,0.002204382137479575,0.0,0.0,1.1773065810378152
2023-04-17,-0.0007002829217752357,-0.0007002829217752357,0.0,0.0,1.1764821333454207
2023-04-18,0.0015521705146407786,0.0015521705146407786,0.0,0.0,1.1783082342238012
2023-04-19,-0.002271137535473973,-0.002271137535473973,0.0,0.0,1.1756321341646976
2023-04-20,-0.00670998698957374,-0.00670998698957374,0.0,0.0,1.1677436578399276
2023-04-21,0.00011616077389246424,0.00011616077389246424,0.0,0.0,1.1678793038469302
2023-04-24,0.001586170756137499,0.001586170756137499,0.0,0.0,1.1697317598453905
2023-04-25,-0.005595660838337552,-0.005595660838337552,0.0,0.0,1.163186337645464
2023-04-26,0.005279175787459805,0.005279175787459805,0.0,0.0,1.169327002795466
2023-04-27,-0.00016884961987876344,-0.00016884961987876344,0.0,0.0,1.1691295623755302
2023-04-28,0.0027301418007505155,0.0027301418007505155,0.0,0.0,1.1723214518642648
2023-05-02,0.0045144657888047494,0.0045144657888047494,0.0,0.0,1.177613856952188
2023-05-03,-0.0019854342504505777,-0.0019854342504505777,0.0,0.0,1.1752757820667898
2023-05-04,0.004621111224574874,0.004621111224574874,0.0,0.0,1.1807068621752697
2023-05-05,0.0006877385435871278,0.0006877385435871278,0.0,0.0,1.1815188797930654
2023-05-08,0.0040794441676907265,0.0040794441676907265,0.0,0.0,1.1863388200962537
2023-05-09,0.003527884297535503,0.003527884297535503,0.0,0.0,1.190524086191228
2023-05-10,0.0012270249393386485,0.0012270249393386485,0.0,0.0,1.1919848889358682
2023-05-11,-0.0033337488075111466,-0.0033337488075111466,0.0,0.0,1.188011110733807
2023-05-12,-0.001482155697779152,-0.001482155697779152,0.0,0.0,1.186250293297008
2023-05-15,0.0006368311661121664,0.0006368311661121664,0.0,0.0,1.1870057344545895
2023-05-16,0.008836966830815687,0.008836966830815687,0.0,0.0,1.1974952647579526
2023-05-17,0.008984224461327971,0.008984224461327971,0.0,0.0,1.2082538310079156
2023-05-18,0.003973651172208669,0.003973651172208669,0.0,0.0,1.2130550102598257
2023-05-19,0.005549750144767642,0.005549750144767642,0.0,0.0,1.2197871624786263
2023-05-22,0.00024109590967378778,0.00024109590967378778,0.0,0.0,1.2200812481741723
2023-05-23,0.0011175826429757959,0.0011175826429757959,0.0,0.0,1.2214447898001521
2023-05-24,-0.000669259228795441,-0.000669259228795441,0.0,0.0,1.2206273266021141
2023-05-25,-0.0016664587788566007,-0.0016664587788566007,0.0,0.0,1.2185932014779857
2023-05-26,0.0010759135092542936,0.0010759135092542936,0.0,0.0,1.2199043023657414
2023-05-29,0.005293082161401836,0.005293082161401836,0.0,0.0,1.2263613560672109
2023-05-30,0.0008738298675437721,0.0008738298675437721,0.0,0.0,1.2274329872485439
2023-05-31,0.0017420846682589344,0.0017420846682589344,0.0,0.0,1.2295712794369449
2023-06-01,-0.003628254398430616,-0.003628254398430616,0.0,0.0,1.2251100820341438
2023-06-02,0.007885734486220203,0.007885734486220203,0.0,0.0,1.2347709748574565
2023-06-05,0.005452425199761366,0.005452425199761366,0.0,0.0,1.2415034712367032
2023-06-06,0.00102486689695452,0.00102486689695452,0.0,0.0,1.242775847046828
2023-06-07,0.004733231247035023,0.004733231247035023,0.0,0.0,1.2486581925191305
2023-06-08,-0.00189341474716047,-0.00189341474716047,0.0,0.0,1.246293964683252
2023-06-09,0.0069810030831290735,0.0069810030831290735,0.0,0.0,1.254994346693191
2023-06-12,-0.0022661599652962477,-0.0022661599652962477,0.0,0.0,1.2521503287480418
2023-06-13,0.00773325184145394,0.00773325184145394,0.0,0.0,1.2618335225836097
2023-06-14,0.0006460005381304276,0.0006460005381304276,0.0,0.0,1.2626486677182296
2023-06-15,0.004224517624730368,0.004224517624730368,0.0,0.0,1.2679827492688476
2023-06-16,-0.004617136747819171,-0.004617136747819171,0.0,0.0,1.2621282995215977
2023-06-19,0.003368476144464544,0.003368476144464544,0.0,0.0,1.2663797485897899
2023-06-20,-0.002403822880576785,-0.002403822880576785,0.0,0.0,1.2633355959746306
2023-06-21,0.004393340867196814,0.004393340867196814,0.0,0.0,1.2688858598774104
2023-06-26,-0.004046183777088625,-0.004046183777088625,0.0,0.0,1.2637517144961972
2023-06-27,-0.011615058909671981,-0.011615058909671981,0.0,0.0,1.249073163885125
2023-06-28,0.0019709460739784235,0.0019709460739784235,0.0,0.0,1.2515350197335962
2023-06-29,-0.0017735117571073156,-0.0017735117571073156,0.0,0.0,1.249315407661667
2023-06-30,-0.00532614528622149,-0.00532614528622149,0.0,0.0,1.242661372292146
2023-07-03,0.006351231237687071,0.006351231237687071,0.0,0.0,1.250553802017715
2023-07-04,0.0024588001670615917,0.0024588001670615917,0.0,0.0,1.2536286639150356
2023-07-05,-0.00575055660886494,-0.00575055660886494,0.0,0.0,1.2464196013166964
2023-07-06,-0.013581305715151306,-0.013581305715151306,0.0,0.0,1.2294915956618573
2023-07-07,-0.008303322314375198,-0.008303322314375198,0.0,0.0,1.2192827306602614
2023-07-10,0.0008877688681648716,0.0008877688681648716,0.0,0.0,1.2203651719100326
2023-07-11,0.01592662784916077,0.01592662784916077,0.0,0.0,1.2398014738431207
2023-07-12,0.0060316033091969996,0.0060316033091969996,0.0,0.0,1.2472794645155
2023-07-13,0.0035467644426307103,0.0035467644426307103,0.0,0.0,1.2517032709702673
2023-07-14,0.013931762645570712,0.013931762645570712,0.0,0.0,1.2691417038441095
2023-07-17,0.009345884696653591,0.009345884696653591,0.0,0.0,1.2810029558719511
2023-07-18,0.0021911584318080155,0.0021911584318080155,0.0,0.0,1.2838098362998809
2023-07-19,-0.008564397258887751,-0.008564397258887751,0.0,0.0,1.272814778856941
2023-07-20,0.001173504165933494,0.001173504165933494,0.0,0.0,1.2743084323023914
2023-07-21,-0.0015150534857845445,-0.0015150534857845445,0.0,0.0,1.2723777868700672
2023-07-24,-0.0005817222097639346,-0.0005817222097639346,0.0,0.0,1.2716376164522345
2023-07-25,0.0071859728497842956,0.0071859728497842956,0.0,0.0,1.2807755698388246
2023-07-26,0.003514144046005578,0.003514144046005578,0.0,0.0,1.285276399681843
2023-07-27,0.0006713277209861239,0.0006713277209861239,0.0,0.0,1.2861392413580788
2023-07-28,0.0018783390562233135,0.0018783390562233135,0.0,0.0,1.2885550469268632
2023-07-31,-0.004073811253144802,-0.004073811253144802,0.0,0.0,1.283305716876396
2023-08-01,0.0031874096569757693,0.0031874096569757693,0.0,0.0,1.28739613791122
2023-08-02,-0.016974664795816184,-0.016974664795816184,0.0,0.0,1.2655430200107487
2023-08-04,0.0013596646309113167,0.0013596646309113167,0.0,0.0,1.267263734093954
2023-08-07,0.01196887299609255,0.01196887299609255,0.0,0.0,1.2824314527798786
2023-08-08,-0.003240237369816025,-0.003240237369816025,0.0,0.0,1.2782760704623537
2023-08-09,-0.00376165674676089,-0.00376165674676089,0.0,0.0,1.273467634657676
2023-08-10,-0.009938404229451157,-0.009938404229451157,0.0,0.0,1.2608113985313252
2023-08-11,-0.005550064556745158,-0.005550064556745158,0.0,0.0,1.2538138138755963
2023-08-14,-0.009662166001578583,-0.009662166001578583,0.0,0.0,1.241699256670858
2023-08-15,-0.00043128217616642006,-0.00043128217616642006,0.0,0.0,1.2411637339132968
2023-08-16,-0.004976784755806188,-0.004976784755806188,0.0,0.0,1.2349867291628975
2023-08-17,-0.0019288663268960744,-0.0019288663268960744,0.0,0.0,1.2326046048468517
2023-08-18,-0.0026704192204378813,-0.0026704192204378813,0.0,0.0,1.2293130338188685
2023-08-21,0.0018156582711048555,0.0018156582711048555,0.0,0.0,1.2315450461964987
2023-08-22,-0.001012217700049749,-0.001012217700049749,0.0,0.0,1.23029845450233
2023-08-23,0.0022660682463622787,0.0022660682463622787,0.0,0.0,1.2330863947636264
2023-08-24,0.0028697229193695574,0.0028697229193695574,0.0,0.0,1.2366250110522423
2023-08-25,-0.007891240357484343,-0.007891240357484343,0.0,0.0,1.2268665058579524
2023-08-28,0.0020366507811066616,0.0020366507811066616,0.0,0.0,1.2293652044854217
2023-08-29,0.005573725718927888,0.005573725718927888,0.0,0.0,1.2362173489436172
2023-08-30,0.0029736356153251364,0.0029736356153251364,0.0,0.0,1.2398934088807188
2023-08-31,-0.008369145786116583,-0.008369145786116583,0.0,0.0,1.229516560182551
2023-09-01,0.0029895346443647537,0.0029895346443647537,0.0,0.0,1.233192242535037
2023-09-04,0.003998251423179621,0.003998251423179621,0.0,0.0,1.2381228551738066
2023-09-05,0.00015920096091393964,0.00015920096091393964,0.0,0.0,1.2383199655220798
2023-09-06,-0.0018451869091415964,-0.0018451869091415964,0.0,0.0,1.2360350337323698
2023-09-07,-0.001443031510594253,-0.001443031510594253,0.0,0.0,1.2342513962304955
2023-09-08,0.0010035653222400188,0.0010035653222400188,0.0,0.0,1.2354900481306788
2023-09-11,-0.0029774629347244165,-0.0029774629347244165,0.0,0.0,1.2318114223061487
2023-09-12,0.006323633260246089,0.006323633260246089,0.0,0.0,1.2396009459865949
2023-09-13,0.0016691766219846492,0.0016691766219846492,0.0,0.0,1.241670058906226
2023-09-14,0.011994738297424038,0.011994738297424038,0.0,0.0,1.2565635663145533
2023-09-15,0.0004401054775139391,0.0004401054775139391,0.0,0.0,1.2571165868229326
2023-09-18,-0.004785597908692051,-0.004785597908692051,0.0,0.0,1.2511005323140507
2023-09-19,0.0010178167649101697,0.0010178167649101697,0.0,0.0,1.252373923410428
2023-09-20,-0.004641861173255685,-0.004641861173255685,0.0,0.0,1.2465605775209514
2023-09-21,-0.012996479245138243,-0.012996479245138243,0.0,0.0,1.2303596788473927
2023-09-22,0.004266227006028536,0.004266227006028536,0.0,0.0,1.2356086725364201
2023-09-25,0.0038903419931024742,0.0038903419931024742,0.0,0.0,1.2404156128422301
2023-09-26,-0.008546803170082409,-0.008546803170082409,0.0,0.0,1.2298140247501705
2023-09-27,0.000768703815183285,0.000768703815183285,0.0,0.0,1.2307593874829619
2023-09-28,0.002955036281055646,0.002955036281055646,0.0,0.0,1.234396326126224
2023-10-02,0.003126947273017768,0.003126947273017768,0.0,0.0,1.2382562183520276
2023-10-03,-0.00542329924202004,-0.00542329924202004,0.0,0.0,1.2315407843416124
2023-10-04,-0.011303854344496435,-0.011303854344496435,0.0,0.0,1.217619626696108
2023-10-05,0.00839443576907083,0.00839443576907083,0.0,0.0,1.2278408564435683
2023-10-06,0.00533777902582503,0.00533777902582503,0.0,0.0,1.234394799614144
2023-10-11,0.01193205942096559,0.01193205942096559,0.0,0.0,1.2491236717120708
2023-10-12,0.006057819378507064,0.006057819378507064,0.0,0.0,1.2566906372967201
2023-10-13,-0.006664307844139858,-0.006664307844139858,0.0,0.0,1.2483156640249264
2023-10-16,-0.001321200510059675,-0.001321200510059675,0.0,0.0,1.2466663887329013
2023-10-17,-0.0034531696803419823,-0.0034531696803419823,0.0,0.0,1.2423614381578274
2023-10-18,-0.005354240072714475,-0.005354240072714475,0.0,0.0,1.2357095367608475
2023-10-19,-0.0048151873090987885,-0.0048151873090987885,0.0,0.0,1.2297593638817044
2023-10-20,-0.007081286052057723,-0.007081286052057723,0.0,0.0,1.2210510860508614
2023-10-23,-0.006342174450414619,-0.006342174450414619,0.0,0.0,1.2133069670502585
2023-10-24,0.0038270054893721427,0.0038270054893721427,0.0,0.0,1.2179502994734532
2023-10-25,0.00010135553382287378,0.00010135553382287378,0.0,0.0,1.2180737454762263
2023-10-26,-0.00856075545041991,-0.00856075545041991,0.0,0.0,1.2076461140206274
2023-10-27,0.005667953668300085,0.005667953668300085,0.0,0.0,1.2144909962425992
2023-10-30,-0.004089081150129219,-0.004089081150129219,0.0,0.0,1.2095248440028619
2023-10-31,-0.00253659787557816,-0.00253659787557816,0.0,0.0,1.2064567658531051
2023-11-01,0.004925841652797862,0.004925841652797862,0.0,0.0,1.2123995808426442
2023-11-02,0.012422922589063634,0.012422922589063634,0.0,0.0,1.2274611269824658
2023-11-03,0.006667461809767673,0.006667461809767673,0.0,0.0,1.2356451771695958
2023-11-06,0.008326800962923384,0.008326800962923384,0.0,0.0,1.2459341486206832
2023-11-07,-0.001275347910641029,-0.001275347910641029,0.0,0.0,1.2443451491074435
2023-11-08,0.003997570418575186,0.003997570418575186,0.0,0.0,1.2493195064660132
2023-11-09,-0.0016939038891084536,-0.0016939038891084536,0.0,0.0,1.2472032792952712
2023-11-10,-0.002379680689302759,-0.002379680689302759,0.0,0.0,1.2442353337358971
2023-11-13,-0.0007999934794504625,-0.0007999934794504625,0.0,0.0,1.2432399535820065
2023-11-14,0.0028990635551165767,0.0028990635551165767,0.0,0.0,1.2468441852217007
2023-11-15,0.009687912645225984,0.009687912645225984,0.0,0.0,1.2589235027703367
2023-11-16,0.0048017260160786255,0.0048017260160786255,0.0,0.0,1.264968508505842
2023-11-17,0.0003710398162609127,0.0003710398162609127,0.0,0.0,1.2654378621888138
2023-11-20,0.0001281595693048398,0.0001281595693048398,0.0,0.0,1.2656000401602139
2023-11-21,0.011480129249414826,0.011480129249414826,0.0,0.0,1.2801292921993177
2023-11-22,-0.00592830840692591,-0.00592830840692591,0.0,0.0,1.2725402909544203
2023-11-23,0.0004789824740329638,0.0004789824740329638,0.0,0.0,1.2731498154512884
2023-11-24,-0.00019461348059906006,-0.00019461348059906006,0.0,0.0,1.2729020433343794
2023-11-27,-0.0022265478424273047,-0.0022265478424273047,0.0,0.0,1.270067866036172
2023-11-28,0.006317984723127093,0.006317984723127093,0.0,0.0,1.2780921354111232
2023-11-29,-0.00047505462940262223,-0.00047505462940262223,0.0,0.0,1.2774849718253931
2023-11-30,0.004017980438341501,0.004017980438341501,0.0,0.0,1.282617881452463
2023-12-01,-0.00529611338487935,-0.00529611338487935,0.0,0.0,1.275824991722817
2023-12-04,0.004361522200703933,0.004361522200703933,0.0,0.0,1.2813895307484289
2023-12-05,-0.0008734345862244634,-0.0008734345862244634,0.0,0.0,1.2802703208138473
2023-12-06,0.004295834304932208,0.004295834304932208,0.0,0.0,1.285770149977586
2023-12-07,-0.005729295973120432,-0.005729295973120432,0.0,0.0,1.278403592234961
2023-12-08,0.002875017456679174,0.002875017456679174,0.0,0.0,1.282079024879318
2023-12-11,0.0009945039691647397,0.0009945039691647397,0.0,0.0,1.2833540575583433
2023-12-12,0.0018275810262188765,0.0018275810262188765,0.0,0.0,1.285699491083858
2023-12-13,0.0021817767107321414,0.0021817767107321414,0.0,0.0,1.288504600290505
2023-12-14,0.009146519313524757,0.009146519313524757,0.0,0.0,1.3002899325026276
2023-12-15,-0.006909472557289386,-0.006909472557289386,0.0,0.0,1.291305614897481
2023-12-18,0.00066118121169086,0.00066118121169086,0.0,0.0,1.292159401908602
2023-12-19,-0.005674478392652497,-0.005674478392652497,0.0,0.0,1.2848270713026089
2023-12-20,0.002949351690471038,0.002949351690471038,0.0,0.0,1.2886164781973182
2023-12-21,-0.0025783430852754146,-0.0025783430852754146,0.0,0.0,1.2852939828111862
2023-12-22,4.65787161313148e-05,4.65787161313148e-05,0.0,0.0,1.2853538501547568
2023-12-25,0.0033255142232709884,0.0033255142232709884,0.0,0.0,1.2896283126653827
2023-12-26,0.007745414639193068,0.007745414639193068,0.0,0.0,1.299617018677419
2023-12-27,0.006909066301407469,0.006909066301407469,0.0,0.0,1.3085961588258987
2023-12-28,0.0023189412952735865,0.0023189412952735865,0.0,0.0,1.3116307164974366
2023-12-29,0.0029898756455883106,0.0029898756455883106,0.0,0.0,1.3155523292326978
2024-01-02,-0.0019386186429375925,-0.0019386186429375925,0.0,0.0,1.3130019749614874
2024-01-03,-0.011919298125783549,-0.011919298125783549,0.0,0.0,1.297351912982179
2024-01-04,0.002113591991349602,0.002113591991349602,0.0,0.0,1.30009398559542
2024-01-05,0.0009356359476425172,0.0009356359476425172,0.0,0.0,1.3013104002636569
2024-01-08,0.0035468172309736615,0.0035468172309736615,0.0,0.0,1.3059259104141572
2024-01-09,-0.006204240519863388,-0.006204240519863388,0.0,0.0,1.2978236319648262
2024-01-10,-0.005836728667823306,-0.005836728667823306,0.0,0.0,1.2902485875663585
2024-01-11,0.004299928666504715,0.004299928666504715,0.0,0.0,1.2957965644549523
2024-01-12,-0.0030388660474004103,-0.0030388660474004103,0.0,0.0,1.291858812270892
2024-01-15,-0.0012408114011523092,-0.0012408114011523092,0.0,0.0,1.2902558591279474
2024-01-16,-0.010350428821739885,-0.010350428821739885,0.0,0.0,1.2769011576962108
2024-01-17,-0.01403186074872224,-0.01403186074872224,0.0,0.0,1.2589838584615354
2024-01-18,0.0022491375285594965,0.0022491375285594965,0.0,0.0,1.261815486305452
2024-01-19,0.010106849124902553,0.010106849124902553,0.0,0.0,1.2745684650490068
2024-01-22,0.005938750010133373,0.005938750010133373,0.0,0.0,1.2821378085337323
2024-01-23,0.00286092772016872,0.00286092772016872,0.0,0.0,1.2858059121312428
2024-01-24,0.0015261691462201653,0.0015261691462201653,0.0,0.0,1.2877682694423649
2024-01-25,0.0013015861845469317,0.0013015861845469317,0.0,0.0,1.289444410830769
2024-01-26,0.002195832313194125,0.002195832313194125,0.0,0.0,1.2922758145341386
2024-01-29,0.004452459378093311,0.004452459378093311,0.0,0.0,1.2980296201036443
2024-01-30,-0.0074475481329320066,-0.0074475481329320066,0.0,0.0,1.2883624820299509
2024-01-31,-0.00039378008824531626,-0.00039378008824531626,0.0,0.0,1.287855150538085
2024-02-01,0.007112686561540396,0.007112686561540396,0.0,0.0,1.2970152605605278
2024-02-02,0.0003715822703796098,0.0003715822703796098,0.0,0.0,1.2974972084357639
2024-02-05,-0.004818556943094279,-0.004818556943094279,0.0,0.0,1.2912451442534103
2024-02-15,0.001581549503434158,0.001581549503434158,0.0,0.0,1.293287312370116
2024-02-16,0.0029781329879764607,0.0029781329879764607,0.0,0.0,1.297138893978017
2024-02-19,0.00795418286583408,0.00795418286583408,0.0,0.0,1.3074565739431039
2024-02-20,0.0028196375174523035,0.0028196375174523035,0.0,0.0,1.3111431275514336
2024-02-21,-0.002040464152585398,-0.002040464152585398,0.0,0.0,1.3084677870007562
2024-02-22,0.0027997796493070526,0.0027997796493070526,0.0,0.0,1.3121312084825747
2024-02-23,-0.005588302635975381,-0.005588302635975381,0.0,0.0,1.3047986221914658
2024-02-26,-0.0020764655317947038,-0.0020764655317947038,0.0,0.0,1.302089252826552
2024-02-27,-0.0012204626923888694,-0.0012204626923888694,0.0,0.0,1.3005001014713167
2024-02-29,0.007456388522538325,0.007456388522538325,0.0,0.0,1.3101971355014872
2024-03-01,-0.0035486821430313776,-0.0035486821430313776,0.0,0.0,1.305547662322882
2024-03-04,0.00368936116442719,0.00368936116442719,0.0,0.0,1.3103642991665647
2024-03-05,-6.863405291337658e-05,-6.863405291337658e-05,0.0,0.0,1.31027436355392
2024-03-06,0.0037770520345450833,0.0037770520345450833,0.0,0.0,1.3152233380045935
2024-03-07,-0.0004951844860295114,-0.0004951844860295114,0.0,0.0,1.3145720598119497
2024-03-08,0.000701694568424479,0.000701694568424479,0.0,0.0,1.315494487886122
2024-03-11,0.003739471088579063,0.003739471088579063,0.0,0.0,1.3204137414907573
2024-03-12,0.010715826098569466,0.010715826098569466,0.0,0.0,1.3345630655227336
2024-03-13,0.0059947446715173216,0.0059947446715173216,0.0,0.0,1.34256343034858
2024-03-14,0.005273711976596439,0.005273711976596439,0.0,0.0,1.3496437231905498
2024-03-15,0.003222616643575192,0.003222616643575192,0.0,0.0,1.3539931075158005
2024-03-18,-0.0016646436493145693,-0.0016646436493145693,0.0,0.0,1.3517391914881585
2024-03-19,-0.000270198427070845,-0.000270198427070845,0.0,0.0,1.3513739536848084
2024-03-20,-0.0030072564183566265,-0.0030072564183566265,0.0,0.0,1.3473100256889898
2024-03-21,0.014199618138672406,0.014199618138672406,0.0,0.0,1.3664413135681783
2024-03-22,0.0001442432576715221,0.0001442432576715221,0.0,0.0,1.3666384135146643
2024-03-25,-0.0009893445932208852,-0.0009893445932208852,0.0,0.0,1.3652863371893655
2024-03-26,0.003283591063893354,0.003283591063893354,0.0,0.0,1.369769379205816
2024-03-27,0.0063825203380225865,0.0063825203380225865,0.0,0.0,1.3785119601269977
2024-03-28,0.00039553772940948903,0.00039553772940948903,0.0,0.0,1.3790572136176704
2024-03-29,0.0026429719929450253,0.0026429719929450253,0.0,0.0,1.3827020232099307
2024-04-01,-0.0012687895567282872,-0.0012687895567282872,0.0,0.0,1.380947665322815
2024-04-02,0.00217514694954616,0.00217514694954616,0.0,0.0,1.3839514294245248
2024-04-03,-0.011433773594384187,-0.011433773594384187,0.0,0.0,1.3681276421148605
2024-04-08,0.0064777595165514314,0.0064777595165514314,0.0,0.0,1.3769900439684273
2024-04-09,0.0036685323830480242,0.0036685323830480242,0.0,0.0,1.3820415765358602
2024-04-10,-0.000548063278593287,-0.000548063278593287,0.0,0.0,1.381284130298272
2024-04-11,-0.0016018148992757593,-0.0016018148992757593,0.0,0.0,1.379071568798227
2024-04-12,-0.005728693859095104,-0.005728693859095104,0.0,0.0,1.3711712899707997
2024-04-15,-0.0028803298083271032,-0.0028803298083271032,0.0,0.0,1.3672218644319745
2024-04-16,-0.023156886164670442,-0.023156886164670442,0.0,0.0,1.3355612633554748
2024-04-17,0.005911748436434778,0.005911748436434778,0.0,0.0,1.3434567655658793
2024-04-18,0.006355444495817787,0.006355444495817787,0.0,0.0,1.3519950304719641
2024-04-19,-0.01469048552146323,-0.01469048552146323,0.0,0.0,1.3321335670517256
2024-04-22,0.011825030015749907,0.011825030015749907,0.0,0.0,1.3478860864671
2024-04-23,0.005100531845714383,0.005100531845714383,0.0,0.0,1.3547610223755209
2024-04-24,0.004352044348157474,0.004352044348157474,0.0,0.0,1.3606570024260543
2024-04-25,-0.006084559115388857,-0.0064572397375068525,0.4969074961573268,0.0003726806221179951,1.3518709139608718
2024-04-26,0.003214497085582569,0.003214497085582569,0.0,0.0,1.3562164990738828
2024-04-29,0.01687106832802892,0.01687106832802892,0.0,0.0,1.3790973202973584
2024-04-30,-0.00286363746709959,-0.00286363746709959,0.0,0.0,1.3751480855401783
2024-05-02,0.0016191865915697393,0.0016191865915697393,0.0,0.0,1.377374706881708
2024-05-03,0.000782692861036859,0.000782692861036859,0.0,0.0,1.3784527682317569
2024-05-06,0.015021288141985481,0.015021288141985481,0.0,0.0,1.3991589044534838
2024-05-07,-0.0004008694219272353,-0.0004008694219272353,0.0,0.0,1.3985980244322713
2024-05-08,0.0007433814082770748,0.0007433814082770748,0.0,0.0,1.3996377162012874
2024-05-09,-0.007505580043881176,-0.007505580043881176,0.0,0.0,1.3891326232899037
2024-05-10,0.010901113235705407,0.010901113235705407,0.0,0.0,1.4042757153157994
2024-05-13,0.0010435321769846808,0.0010435321769846808,0.0,0.0,1.4057411222100895
2024-05-14,-0.006455479258580649,-0.006455479258580649,0.0,0.0,1.3966663895527283
2024-05-15,0.0013693502121582936,0.0013693502121582936,0.0,0.0,1.3985789149695766
2024-05-16,0.008950871914654152,0.008950871914654152,0.0,0.0,1.4110974157000051
2024-05-17,0.001116512677226694,0.001116512677226694,0.0,0.0,1.4126729238534361
2024-05-20,0.0079482117009703,0.0079482117009703,0.0,0.0,1.423901147316452
2024-05-21,-0.004584150119673209,-0.004584150119673209,0.0,0.0,1.4173737707015786
2024-05-22,0.004339673747074713,0.004339673747074713,0.0,0.0,1.4235247104440845
2024-05-23,-0.001264866190240771,-0.001264866190240771,0.0,0.0,1.4217241421668714
2024-05-24,-0.004130190979392311,-0.004130190979392311,0.0,0.0,1.4158521499397096
2024-05-27,0.006376066569353433,0.006376066569353433,0.0,0.0,1.4248797175000876
2024-05-28,0.0009127427711273751,0.0009127427711273751,0.0,0.0,1.4261802661619616
2024-05-29,-0.011380760594226602,-0.011380760594226602,0.0,0.0,1.4099492499885617
2024-05-30,-0.004957095637930882,-0.004957095637930882,0.0,0.0,1.4029599967117394
2024-05-31,0.005748916333451076,0.005748916333451076,0.0,0.0,1.411025496352014
2024-06-03,0.004654725911997944,0.004654725911997944,0.0,0.0,1.4175934332923734
2024-06-04,-0.0048805454402933695,-0.0048805454402933695,0.0,0.0,1.4106748041253285
2024-06-05,0.0007393491689484889,0.0007393491689484889,0.0,0.0,1.4117177853694152
2024-06-06,0.0036031448534426394,0.0036031448534426394,0.0,0.0,1.4168044090422824
2024-06-07,0.0039022191637481975,0.0039022191637481975,0.0,0.0,1.42233309035853
2024-06-11,-0.004060717657449502,-0.004060717657449502,0.0,0.0,1.4165573972637364
2024-06-12,0.0014155727866799364,0.0014155727866799364,0.0,0.0,1.4185626373660734
2024-06-13,0.004395207776840471,0.004395207776840471,0.0,0.0,1.4247975149017602
2024-06-14,0.006065638392313116,0.006065638392313116,0.0,0.0,1.4334398214094208
2024-06-17,0.000548013768415979,0.000548013768415979,0.0,0.0,1.4342253661677489
2024-06-18,0.006328772637349803,0.006328772637349803,0.0,0.0,1.4433022524209442
2024-06-19,0.0007348668800461278,0.0007348668800461278,0.0,0.0,1.4443628874441445
2024-06-20,0.00475602047172615,0.00475602047172615,0.0,0.0,1.4512323069054303
2024-06-21,-0.0017395297307136225,-0.0017395297307136225,0.0,0.0,1.4487078451613962
2024-06-24,-0.0030675972054902863,-0.0030675972054902863,0.0,0.0,1.4442637930240072
2024-06-25,0.003973383880901955,0.003973383880901955,0.0,0.0,1.450002407498979
2024-06-26,-0.007004228853522711,-0.007004228853522711,0.0,0.0,1.4398462587986973
2024-06-27,-0.009254718256748628,-0.009254718256748628,0.0,0.0,1.4265208873404818
2024-06-28,0.0030512438274440954,0.0030512438274440954,0.0,0.0,1.4308735503926995
2024-07-01,0.0042981760101437755,0.0042981760101437755,0.0,0.0,1.4370236967605465
2024-07-02,0.0012725442083518239,0.0012725442083518239,0.0,0.0,1.4388523729431235
2024-07-03,0.008982349790708147,0.008982349790708147,0.0,0.0,1.4517766482540893
2024-07-04,0.002320162938104232,0.002320162938104232,0.0,0.0,1.4551450066277736
2024-07-05,0.0038179478131989417,0.0038179478131989417,0.0,0.0,1.4607006743237154
2024-07-08,-0.006130029929490093,-0.006130029929490093,0.0,0.0,1.4517465354720847
2024-07-09,-0.007092673122844052,-0.007092673122844052,0.0,0.0,1.44144977183876
2024-07-10,-0.0004964251029336382,-0.0004964251029336382,0.0,0.0,1.4407341999874013
2024-07-11,0.003100446840269721,0.003100446840269721,0.0,0.0,1.4452011197854209
2024-07-12,0.0035728888667369623,0.0035728888667369623,0.0,0.0,1.4503646627764981
2024-07-15,-0.00089158867628653,-0.00089158867628653,0.0,0.0,1.4490715340666804
2024-07-16,-0.0010899706102537655,-0.0010899706102537655,0.0,0.0,1.4474920886823925
2024-07-17,0.002393635970982952,0.002393635970982952,0.0,0.0,1.4509568578135759
2024-07-18,0.0073778584667368585,0.0073778584667368585,0.0,0.0,1.4616618121518656
2024-07-19,-0.010139307669440961,-0.010139307669440961,0.0,0.0,1.4468415733297852
2024-07-22,-0.011443648271550432,-0.011443648271550432,0.0,0.0,1.4302844272599426
2024-07-23,0.012920782463902523,0.012920782463902523,0.0,0.0,1.448764821206076
2024-07-26,-0.011755607274939031,-0.011755607274939031,0.0,0.0,1.43173371093423
2024-07-29,-0.0009206194632682719,-0.0009206194632682719,0.0,0.0,1.4304156290137267
2024-07-30,-0.0016427115260289,-0.0016427115260289,0.0,0.0,1.428065868772934
2024-07-31,0.0032645103227076995,0.0032645103227076995,0.0,0.0,1.4327278045430498
2024-08-01,0.006692163599034905,0.006692163599034905,0.0,0.0,1.442315853403938
2024-08-02,-0.01221726291202911,-0.01221726291202911,0.0,0.0,1.4246947014207145
2024-08-05,-0.04931784205946922,-0.04931784205946922,0.0,0.0,1.3544318331530851
2024-08-06,0.009619828825487413,0.009619828825487413,0.0,0.0,1.367461235543809
2024-08-07,0.012935399608911304,0.012935399608911304,0.0,0.0,1.3851498930752635
2024-08-08,-0.016467371912002163,-0.016467371912002163,0.0,0.0,1.362340114632123
2024-08-09,0.019575624014363257,0.019575624014363257,0.0,0.0,1.389008772495846
2024-08-12,0.007946944002995256,0.007946944002995256,0.0,0.0,1.4000471474305398
2024-08-13,-0.0010834339832146446,-0.0010834339832146446,0.0,0.0,1.3985302887729107
2024-08-14,0.0047824649869112525,0.0047824649869112525,0.0,0.0,1.4052187109121022
2024-08-15,-0.00908031619238459,-0.00908031619238459,0.0,0.0,1.3924588806975653
2024-08-16,0.01084727553776698,0.01084727553776698,0.0,0.0,1.4075632658515023
2024-08-19,0.000246726044637045,0.000246726044637045,0.0,0.0,1.4079105483686623
2024-08-20,0.003123552744236774,0.003123552744236774,0.0,0.0,1.4123082312256592
2024-08-21,0.000974927917629363,0.000974927917629363,0.0,0.0,1.4136851299485789
2024-08-22,-0.00517495513597021,-0.00517495513597021,0.0,0.0,1.4063693728247066
2024-08-23,0.00028354084712960435,0.00028354084712960435,0.0,0.0,1.4067681359880544
2024-08-26,0.007009348995799742,0.007009348995799742,0.0,0.0,1.4166286648093651
2024-08-27,-0.0006298808980868269,-0.0006298808980868269,0.0,0.0,1.4157363574737194
2024-08-28,-0.0023075823389339077,-0.0023075823389339077,0.0,0.0,1.4124694292586264
2024-08-29,-0.00549458252111244,-0.00549458252111244,0.0,0.0,1.4047084994210162
2024-08-30,0.006355309610104429,0.006355309610104429,0.0,0.0,1.4136358568467817
2024-09-02,0.0005968377795474075,0.0005968377795474075,0.0,0.0,1.4144795681326707
2024-09-03,-0.006912059388492698,-0.006912059388492698,0.0,0.0,1.404702601353928
2024-09-04,-0.02119733676912486,-0.02119733676912486,0.0,0.0,1.3749266472525632
2024-09-05,0.005760519556564797,0.005760519556564797,0.0,0.0,1.3828469390929037
2024-09-06,0.008655749255874347,0.008655749255874347,0.0,0.0,1.3948165154569452
2024-09-09,-0.00301895480923567,-0.00301895480923567,0.0,0.0,1.390605627429605
2024-09-10,-0.001146036850195994,-0.001146036850195994,0.0,0.0,1.3890119421364808
2024-09-11,-0.004291665504438094,-0.004291665504438094,0.0,0.0,1.3830507674991612
2024-09-12,0.008777238546144334,0.008777238546144334,0.0,0.0,1.3951901340069295
2024-09-13,0.0027320307461536197,0.0027320307461536197,0.0,0.0,1.3990018363497665
2024-09-16,0.005440309641023761,0.005440309641023761,0.0,0.0,1.40661283952787
2024-09-18,-0.004676055968829598,-0.004676055968829598,0.0,0.0,1.4000354391637635
2024-09-19,0.005403595671771103,0.005403595671771103,0.0,0.0,1.407600664603155
2024-09-20,0.004570627596113144,0.004570627596113144,0.0,0.0,1.4140342830450972
2024-09-23,0.004926451997139823,0.004926451997139823,0.0,0.0,1.421000455062829
2024-09-24,0.0011098178730504205,0.0011098178730504205,0.0,0.0,1.4225775067654705
2024-09-25,0.0019704658431296783,0.0019704658431296783,0.0,0.0,1.4253806471517563
2024-09-26,0.0017712854874042598,0.0017712854874042598,0.0,0.0,1.4279054032060832
2024-09-27,-0.0001890285323178576,-0.0001890285323178576,0.0,0.0,1.4276354883434264
2024-09-30,-0.006743793643069524,-0.006743793643069524,0.0,0.0,1.4180078092125155
2024-10-01,0.0023967371499068225,0.0023967371499068225,0.0,0.0,1.421406401207713
2024-10-04,-0.010772246632179284,-0.010772246632179284,0.0,0.0,1.4060946608893452
2024-10-07,0.005708262809866545,0.005708262809866545,0.0,0.0,1.414121018749252
2024-10-08,-0.009074231554990632,-0.009074231554990632,0.0,0.0,1.401288957178342
2024-10-09,-0.0024174738807814294,-0.0024174738807814294,0.0,0.0,1.397901377724936
2024-10-11,-0.0016195601822023668,-0.0016195601822023668,0.0,0.0,1.395637392314927
2024-10-14,0.0032756207424326994,0.0032756207424326994,0.0,0.0,1.4002089711061085
2024-10-15,0.007349796053352802,0.007349796053352802,0.0,0.0,1.4105002214758136
2024-10-16,-0.006940727776523875,-0.006940727776523875,0.0,0.0,1.4007103234098233
2024-10-17,0.00804504789372635,0.00804504789372635,0.0,0.0,1.4119791050468924
2024-10-18,0.008462710226399934,0.008462710226399934,0.0,0.0,1.4239282750586357
2024-10-21,-0.005826723361245613,-0.005826723361245613,0.0,0.0,1.4156314389136135
2024-10-22,0.004220345483172681,0.004220345483172681,0.0,0.0,1.4216058926626698
2024-10-23,-0.009022771203058302,-0.009022771203058302,0.0,0.0,1.4087790679522552
2024-10-24,-0.00042126794882877696,-0.00042126794882877696,0.0,0.0,1.4081855944839459
2024-10-25,0.0028507375623308883,0.0028507375623308883,0.0,0.0,1.4121999620528745
2024-10-28,-0.002233452774347274,-0.002233452774347274,0.0,0.0,1.4090458801296943
2024-10-29,-0.003827672594135882,-0.003827672594135882,0.0,0.0,1.4036525138304419
2024-10-30,-0.0018274959138272063,-0.0018274959138272063,0.0,0.0,1.4010873445969834
2024-11-01,-0.004640945496001102,-0.004640945496001102,0.0,0.0,1.3945849745955718
2024-11-04,0.006056405735759124,0.006056405735759124,0.0,0.0,1.4030311470347159
2024-11-05,0.0034848807469797464,0.0034848807469797464,0.0,0.0,1.4079205432664301
2024-11-06,-0.0044843696830268,-0.0044843696830268,0.0,0.0,1.4016069070660955
2024-11-07,0.00831375469405495,0.00831375469405495,0.0,0.0,1.4132595230689362
2024-11-08,-0.0021832333689470323,-0.0021832333689470323,0.0,0.0,1.41017404771919
2024-11-11,0.0022483498038765827,0.0022483498038765827,0.0,0.0,1.4133446122628113
2024-11-12,-0.008165742563824423,-0.008165742563824423,0.0,0.0,1.401803604005105
2024-11-13,0.0019196437769119674,0.0019196437769119674,0.0,0.0,1.4044945675699863
2024-11-14,-0.009812237781613694,-0.009812237781613694,0.0,0.0,1.390713332910005
2024-11-15,0.007523741951236303,0.007523741951236303,0.0,0.0,1.4011767011549638
2024-11-18,-0.003131031602833602,-0.003131031602833602,0.0,0.0,1.3967895726224935
2024-11-19,0.011400161100462798,0.011400161100462798,0.0,0.0,1.4127131987738366
2024-11-20,-0.007612831413884075,-0.007612831413884075,0.0,0.0,1.4019584513554026
2024-11-21,-0.0015196898746875544,-0.0015196898746875544,0.0,0.0,1.3998279092921453
2024-11-22,0.00210442893920712,0.00210442893920712,0.0,0.0,1.4027737476543696
2024-11-25,0.011965890856630648,0.011965890856630648,0.0,0.0,1.4195591852153486
2024-11-26,-0.005806463257750661,-0.005806463257750661,0.0,0.0,1.4113165669641932
2024-11-27,-0.004285258485163443,-0.004285258485163443,0.0,0.0,1.405268710670358
2024-11-28,-0.0049710905834323025,-0.0049710905834323025,0.0,0.0,1.3982829926155527
2024-11-29,-0.0033220157508745676,-0.0033220157508745676,0.0,0.0,1.3936378744899038
2024-12-02,0.00999612608525938,0.00999612608525938,0.0,0.0,1.4075688544004978
2024-12-03,0.0058238726681453,0.0058238726681453,0.0,0.0,1.4157663561801734
2024-12-04,0.0007485164624811146,0.0007485164624811146,0.0,0.0,1.4168260806048014
2024-12-05,0.0013813127529742697,0.0013813127529742697,0.0,0.0,1.4187831605386874
2024-12-06,0.0016719546109817476,0.0016719546109817476,0.0,0.0,1.4211553015859333
2024-12-09,-0.00012582315611051265,-0.00012582315611051265,0.0,0.0,1.4209764873405646
2024-12-10,-0.005868411938798396,-0.005868411938798396,0.0,0.0,1.4126376119575035
2024-12-11,-0.00475988069466029,-0.00475988069466029,0.0,0.0,1.405913625459796
2024-12-12,0.002427801541317067,0.002427801541317067,0.0,0.0,1.409326904726646
2024-12-13,-0.006894132432937048,-0.006894132432937048,0.0,0.0,1.3996108184041591
2024-12-16,-0.005355085429261579,-0.005355085429261579,0.0,0.0,1.3921157829038862
2024-12-17,-0.0007853109761134982,-0.0007853109761134982,0.0,0.0,1.391022539099551
2024-12-18,0.0017892088474876179,0.0017892088474876179,0.0,0.0,1.3935113689335625
2024-12-19,-0.005463068003190738,-0.005463068003190738,0.0,0.0,1.385898521561859
2024-12-20,-0.010977054568287088,-0.010977054568287088,0.0,0.0,1.370685437864566
2024-12-23,0.015893756607302623,0.015893756607302623,0.0,0.0,1.3924707785991595
2024-12-24,0.0033482156837682047,0.0033482156837682047,0.0,0.0,1.3971330710992542
2024-12-25,0.0007259665184825546,0.0007259665184825546,0.0,0.0,1.3981473429307367
2024-12-26,0.000563079760732959,0.000563079760732959,0.0,0.0,1.3989346114020635
2024-12-27,-0.003625148503128816,-0.003625148503128816,0.0,0.0,1.3938632656895642
2024-12-30,-0.00658483457200951,-0.00658483457200951,0.0,0.0,1.3846849066689975
2024-12-31,-0.0054659253041132476,-0.0054659253041132476,0.0,0.0,1.3771163223994116
2025-01-02,0.0005236632934500459,0.0005236632934500459,0.0,0.0,1.377837467668263
2025-01-03,-0.0006345883446051473,-0.0006345883446051473,0.0,0.0,1.3769631080705205
2025-01-06,0.011481273817832132,0.011481273817832132,0.0,0.0,1.3927723985513312
2025-01-07,-0.002461399251535294,-0.002461399251535294,0.0,0.0,1.3893442296119778
2025-01-08,0.000774283847014031,0.000774283847014031,0.0,0.0,1.3904199764069083
2025-01-09,-0.008119348393108532,-0.008119348393108532,0.0,0.0,1.3791306722057228
2025-01-10,-0.0033566142864195543,-0.0033566142864195543,0.0,0.0,1.3745014624885576
2025-01-13,-0.008185808824490774,-0.008185808824490774,0.0,0.0,1.3632500562876433
2025-01-14,0.010898546884611116,0.010898546884611116,0.0,0.0,1.3781075009415427
2025-01-15,-0.0007771258203643414,-0.0007771258203643414,0.0,0.0,1.3770365380193232
2025-01-16,0.007045871999050027,0.007045871999050027,0.0,0.0,1.3867389612042225
2025-01-17,-0.0019316777568597172,-0.0019316777568597172,0.0,0.0,1.3840602283982935
2025-01-20,-0.0013200614600558695,-0.0013200614600558695,0.0,0.0,1.3822331838323887
2025-01-21,0.004215409845047888,0.004215409845047888,0.0,0.0,1.3880598632036678
2025-01-22,0.0017145944050919503,0.0017145944050919503,0.0,0.0,1.3904398228790495
2025-02-03,0.0010565305342267288,0.0010565305342267288,0.0,0.0,1.391908865007926
2025-02-04,-0.005230861760390221,-0.005230861760390221,0.0,0.0,1.384627982152008
2025-02-05,0.006989034802951921,0.006989034802951921,0.0,0.0,1.3943051953084096
2025-02-06,0.008695710439367293,0.008695710439367293,0.0,0.0,1.4064296695509169
2025-02-07,-0.0032765709206166666,-0.0032765709206166666,0.0,0.0,1.401821402993774
2025-02-10,-0.0013537014960718226,-0.0013537014960718226,0.0,0.0,1.3999237552633157
2025-02-11,0.0005675083071932149,0.0005675083071932149,0.0,0.0,1.4007182236238647
2025-02-12,0.0028047792396561793,0.0028047792396561793,0.0,0.0,1.404646929018093
2025-02-13,0.005485423332120167,0.005485423332120167,0.0,0.0,1.4123520120559199
2025-02-14,0.00027333884711522555,0.00027333884711522555,0.0,0.0,1.4127380627266162
2025-02-17,0.0050668204797599415,0.0050668204797599415,0.0,0.0,1.4198961528753757
2025-02-18,0.0034973336600436986,0.0034973336600436986,0.0,0.0,1.4248620034845934
2025-02-19,-0.0001680807831143722,-0.0001680807831143722,0.0,0.0,1.4246225115632178
2025-02-20,-0.0014843009114587833,-0.0014843009114587833,0.0,0.0,1.4225079430708198
2025-02-21,0.00698927508765591,0.00698927508765591,0.0,0.0,1.4324502423993173
2025-02-24,-0.0015310701972489624,-0.0015310701972489624,0.0,0.0,1.4302570605241376
2025-02-25,-0.00266121607885975,-0.00266121607885975,0.0,0.0,1.426450837437768
2025-02-26,0.005441679859642762,0.005441679859642762,0.0,0.0,1.4342131262306237
2025-02-27,-0.004214055634824565,-0.004214055634824565,0.0,0.0,1.428169272324492
2025-03-03,0.004307182782253411,0.004307182782253411,0.0,0.0,1.4343206584243915
2025-03-04,-0.0060461444741901176,-0.0060461444741901176,0.0,0.0,1.425648548501242
2025-03-05,0.001756642156575066,0.001756642156575066,0.0,0.0,1.4281529028419995
2025-03-06,-0.0012722041938613904,-0.0012722041938613904,0.0,0.0,1.4263360007295285
2025-03-07,-0.00403138095748725,-0.00403138095748725,0.0,0.0,1.420585896937209
2025-03-10,-0.0012076558272339389,-0.0012076558272339389,0.0,0.0,1.4188703181006863
2025-03-11,-0.005905096681983155,-0.005905096681983155,0.0,0.0,1.4104917516931057
2025-03-12,0.0007422907256861424,0.0007422907256861424,0.0,0.0,1.4115387466390443
2025-03-13,-0.0018747873692499632,-0.0018747873692499632,0.0,0.0,1.4088924116256385
2025-03-14,0.0031673459810386013,0.0031673459810386013,0.0,0.0,1.413354861343317
2025-03-17,0.0023765086974344863,0.0023765086974344863,0.0,0.0,1.4167137114638606
2025-03-18,0.005660604690833129,0.005660604690833129,0.0,0.0,1.4247331677445407
2025-03-19,-0.006531580430924933,-0.006531580430924933,0.0,0.0,1.4154274084668108
2025-03-20,0.00805547262878174,0.00805547262878174,0.0,0.0,1.4268293452137428
2025-03-21,-0.002086162632430663,-0.002086162632430663,0.0,0.0,1.4238527471509024
2025-03-24,0.0008178419963031964,0.0008178419963031964,0.0,0.0,1.425017233724074
2025-03-25,-0.003135375650845015,-0.003135375650845015,0.0,0.0,1.420549269387421
2025-03-26,0.003943352654444024,0.003943352654444024,0.0,0.0,1.4261509961196286
2025-03-27,0.0005106972201653589,0.0005106972201653589,0.0,0.0,1.426879327468883
2025-03-28,-0.009778326047084392,-0.009778326047084392,0.0,0.0,1.4129268361750478
2025-03-31,-0.022507930271289035,-0.022507930271289035,0.0,0.0,1.3811247774679867
2025-04-01,0.011136525630366503,0.011136525630366503,0.0,0.0,1.3965057089509934
2025-04-02,0.0032147532621110758,0.0032147532621110758,0.0,0.0,1.4009951302344004
2025-04-07,-0.08656047280776995,-0.08656047280776995,0.0,0.0,1.2797243293599274
2025-04-08,-0.0032789395532005373,-0.0032789395532005373,0.0,0.0,1.275528190639196
2025-04-09,-0.05062886695731039,-0.05062886695731039,0.0,0.0,1.2109496435750253
2025-04-10,0.07264181090236402,0.07264181090236402,0.0,0.0,1.2989152185958874
2025-04-11,0.0054673103282768375,0.0054673103282768375,0.0,0.0,1.3060167911860725
2025-04-14,0.0025415642558745564,0.0025415642558745564,0.0,0.0,1.309336116780123
2025-04-15,0.01330816525910321,0.01330816525910321,0.0,0.0,1.3267609782019452
2025-04-16,-0.006492195874927594,-0.006492195874927594,0.0,0.0,1.3181473860522477
2025-04-17,-0.006767943781325475,-0.006767943781325475,0.0,0.0,1.309226238647945
2025-04-18,-0.00026563974834582197,-0.00026563974834582197,0.0,0.0,1.3088784561193827
2025-04-21,-0.005056459729569389,-0.005056459729569389,0.0,0.0,1.3022601649151142
2025-04-22,-0.007941427430207182,-0.007941427430207182,0.0,0.0,1.2919183603201911
2025-04-23,0.016394453292155407,0.016394453292155407,0.0,0.0,1.3130986555357385
2025-04-24,-0.003704302056285418,-0.003704302056285418,0.0,0.0,1.3082345414859318
2025-04-25,0.0019284282248015823,0.0019284282248015823,0.0,0.0,1.3107573779003936
2025-04-28,0.004119912920459027,0.004119912920459027,0.0,0.0,1.3161575841571924
2025-04-29,0.009750677301684602,0.009750677301684602,0.0,0.0,1.328991012038474
2025-04-30,0.003282264308335822,0.003282264308335822,0.0,0.0,1.333353111803387
2025-05-02,0.004250891869483702,0.004250891869483702,0.0,0.0,1.3390210517055028
2025-05-05,-0.007319968123589074,-0.007319968123589074,0.0,0.0,1.3292194602902039
2025-05-06,0.012029729378429298,0.012029729378429298,0.0,0.0,1.3452096106820368
2025-05-07,0.0013797174141010117,0.0013797174141010117,0.0,0.0,1.3470656198075108
2025-05-08,-0.00015803836615020748,-0.00015803836615020748,0.0,0.0,1.3468527317578594
2025-05-09,0.010618455012965364,0.010618455012965364,0.0,0.0,1.3611542268991197
2025-05-12,0.007133923191286451,0.007133923191286451,0.0,0.0,1.3708645966053128
2025-05-13,-0.0006979596280247764,-0.000935264184730555,0.31640607560770473,0.00023730455670577854,1.3695824760459927
2025-05-14,0.006412077869697374,0.006412077869697374,0.0,0.0,1.3783643455313725
2025-05-15,0.00648133338479547,0.00648133338479547,0.0,0.0,1.387297984380477
2025-05-16,0.003093316746778273,0.003093316746778273,0.0,0.0,1.391589336468333
2025-05-19,-0.005387514738643243,-0.005387514738643243,0.0,0.0,1.384092128407971
2025-05-20,0.0028203123542931514,0.0028203123542931514,0.0,0.0,1.3879957005372
2025-05-21,0.007023303492955874,0.007023303492955874,0.0,0.0,1.3977440155889906
2025-05-22,-0.0073122120702312325,-0.0073122120702312325,0.0,0.0,1.3875234149271074
2025-05-23,0.004290777134962173,0.004290777134962173,0.0,0.0,1.3934769686701012
2025-05-26,-0.0006716557747342439,-0.0006716557747342439,0.0,0.0,1.3925410318171347
2025-05-27,-0.008457417209672014,-0.008457417209672014,0.0,0.0,1.38076373132947
2025-05-28,-0.0020227229567784705,-0.0020227229567784705,0.0,0.0,1.3779708288322228
2025-05-29,-0.006911552480901978,-0.006911552480901978,0.0,0.0,1.3684469111315969
2025-06-02,-0.008203278915140316,-0.008203278915140316,0.0,0.0,1.3572211594390222
2025-06-03,0.0005822385255452427,0.0005822385255452427,0.0,0.0,1.3580113858857328
2025-06-04,0.004489263694916383,0.004489263694916383,0.0,0.0,1.3641078570976726
2025-06-05,0.005463572786417773,0.005463572786417773,0.0,0.0,1.3715607596634503
2025-06-06,0.004819101484312848,0.004819101484312848,0.0,0.0,1.3781704501561696
2025-06-09,0.007759028157420133,0.007759028157420133,0.0,0.0,1.3888637134846555
2025-06-10,0.005502269566029328,0.005502269566029328,0.0,0.0,1.3965056160267246
2025-06-11,0.002239017363588664,0.002239017363588664,0.0,0.0,1.3996324163493576
2025-06-12,0.0035161861662039093,0.0035161861662039093,0.0,0.0,1.4045537844894957
2025-06-13,9.39221276969166e-05,9.39221276969166e-05,0.0,0.0,1.4046857031693998
2025-06-16,0.0036800587767786145,0.0036800587767786145,0.0,0.0,1.4098550291199639
2025-06-17,-0.0009225771295454453,-0.0009225771295454453,0.0,0.0,1.4085543291141231
2025-06-18,0.005599277579502145,0.005599277579502145,0.0,0.0,1.4164412157886426
2025-06-19,-0.01021599159578028,-0.01021599159578028,0.0,0.0,1.401970864232229
2025-06-20,-0.007930822104449068,-0.007930822104449068,0.0,0.0,1.3908520827123825
2025-06-23,-0.009454919719459496,-0.009454919719459496,0.0,0.0,1.3777016879286939
2025-06-24,0.0014010510226472985,0.0014010510226472985,0.0,0.0,1.3796319182874692
2025-06-25,0.007031458245277541,0.007031458245277541,0.0,0.0,1.3893327425147597
2025-06-26,-0.0009815986337131045,-0.0009815986337131045,0.0,0.0,1.3879689753929343
2025-06-27,0.006523156461429597,0.006523156461429597,0.0,0.0,1.3970229141830326
2025-06-30,-0.004245128194494041,-0.004245128194494041,0.0,0.0,1.39109237282168
2025-07-01,0.0022274768135292305,0.0022274768135292305,0.0,0.0,1.3941909988276178
2025-07-02,7.825363107799707e-05,7.825363107799707e-05,0.0,0.0,1.3943000993356922
2025-07-03,0.0044361495792599875,0.0044361495792599875,0.0,0.0,1.4004854231347224
2025-07-04,-0.003806222170333131,-0.003806222170333131,0.0,0.0,1.3951548644679586
2025-07-07,-0.0037592150154728355,-0.0037592150154728355,0.0,0.0,1.3899101773525406
2025-07-08,-0.0003126139025299,-0.0003126139025299,0.0,0.0,1.3894756721078325
2025-07-09,-0.008293771831267133,-0.008293771831267133,0.0,0.0,1.3779516779182737
2025-07-10,0.0069938160103500575,0.0069938160103500575,0.0,0.0,1.387588818424787
2025-07-11,0.01020828060070989,0.01020828060070989,0.0,0.0,1.401753714441675
2025-07-14,0.0034383186104605555,0.0034383186104605555,0.0,0.0,1.406573390325322
2025-07-15,-0.002119397872739055,-0.002119397872739055,0.0,0.0,1.403592301674015
2025-07-16,0.001398294747165717,0.001398294747165717,0.0,0.0,1.405554937416608
2025-07-17,0.0024436129359163977,0.0024436129359163977,0.0,0.0,1.4089895696438206
2025-07-18,-0.003234258254080074,-0.003234258254080074,0.0,0.0,1.4044325334982872
2025-07-21,-0.0019705727416573027,-0.0019705727416573027,0.0,0.0,1.4016649970302788
2025-07-22,-0.007379614780428305,-0.007379614780428305,0.0,0.0,1.3913212493009852
2025-07-23,0.00810672095514612,0.00810672095514612,0.0,0.0,1.4026003024280338
2025-07-24,-0.003449574059156594,-0.003449574059156594,0.0,0.0,1.397761928809413
2025-07-25,-0.0016012637676977625,-0.0016012637676977625,0.0,0.0,1.3955237432769432
2025-07-28,-0.0019777295287216057,-0.0019777295287216057,0.0,0.0,1.3927637747618324
2025-07-29,-0.005367101272948296,-0.005367101272948296,0.0,0.0,1.385288670533392
2025-07-30,0.006558342897108717,0.006558342897108717,0.0,0.0,1.39437386864623
2025-07-31,-0.009867593318220179,-0.009867593318220179,0.0,0.0,1.3806147543768756
2025-08-01,0.004591512301494308,0.004591512301494308,0.0,0.0,1.3869538640052217
2025-08-04,0.008059006763301938,0.008059006763301938,0.0,0.0,1.3981313345756277
2025-08-05,0.007750968281653139,0.007750968281653139,0.0,0.0,1.408968206203509
2025-08-06,0.0033782801702921684,0.0033782801702921684,0.0,0.0,1.4137280955550984
2025-08-07,-0.009502791777012866,-0.009502791777012866,0.0,0.0,1.4002937318337254
2025-08-08,0.0006663522787201527,0.0006663522787201527,0.0,0.0,1.4012268207528105
2025-08-11,0.0014800781346773456,0.0014800781346773456,0.0,0.0,1.4033007459319302
2025-08-12,-0.0034597896632071593,-0.0034597896632071593,0.0,0.0,1.3984456205167841
2025-08-13,0.003760440982881905,0.003760440982881905,0.0,0.0,1.4037043927405073
2025-08-14,0.0037242340025915284,0.0037242340025915284,0.0,0.0,1.4089321163695387
2025-08-15,-0.0012170920630840297,-0.0012170920630840297,0.0,0.0,1.407217316273281
2025-08-18,0.004986802950226309,0.004986802950226309,0.0,0.0,1.414234831737682
2025-08-19,-0.0025491907205165408,-0.0025491907205165408,0.0,0.0,1.4106296774279852
2025-08-20,-0.00641321074707416,-0.00641321074707416,0.0,0.0,1.4015830120205623
2025-08-21,0.0017269521265663647,0.0017269521265663647,0.0,0.0,1.4040034787837306
2025-08-22,-0.005421723046011635,-0.005421723046011635,0.0,0.0,1.3963913607661282
2025-08-25,0.004255104080774991,0.004255104080774991,0.0,0.0,1.4023331513436832
2025-08-26,-0.006211706325315214,-0.006211706325315214,0.0,0.0,1.3936222696372824
2025-08-27,0.0006961410455912209,0.0006961410455912209,0.0,0.0,1.394592427301227
2025-08-28,0.00561411171618474,0.00561411171618474,0.0,0.0,1.4024218249866414
2025-08-29,-0.002293784414852099,-0.002293784414852099,0.0,0.0,1.3992049716614385
2025-09-01,-0.002492153380016051,-0.002492153380016051,0.0,0.0,1.395717938261977
2025-09-02,0.0037109819151970188,0.0037109819151970188,0.0,0.0,1.4008974222895834
2025-09-03,0.0019099696124253488,0.0019099696124253488,0.0,0.0,1.4035730937962816
2025-09-04,0.005734550946063519,0.005734550946063519,0.0,0.0,1.4116219552091804
2025-09-05,-0.0008242260882503534,-0.0008242260882503534,0.0,0.0,1.41045845956695
2025-09-08,0.0018026869765944114,0.0018026869765944114,0.0,0.0,1.4130010746630388
2025-09-09,0.005629217944833814,0.005629217944833814,0.0,0.0,1.4209551656686015
2025-09-10,0.002981921792765141,0.002981921792765141,0.0,0.0,1.4251923428436508
2025-09-11,-0.007554200506277845,-0.007554200506277845,0.0,0.0,1.414426154125798
2025-09-12,0.009664007804760393,0.009664007804760393,0.0,0.0,1.4280951795185268
2025-09-15,-0.003535613081595267,-0.003535613081595267,0.0,0.0,1.423045987520058
2025-09-16,-0.0007709094109806768,-0.0007709094109806768,0.0,0.0,1.4219489479760206
2025-09-17,-0.004387905119679805,-0.004387905119679805,0.0,0.0,1.4157095709072733
2025-09-18,0.005814662905856998,0.005814662905856998,0.0,0.0,1.4239414448346948
2025-09-19,-0.0009114675643507853,-0.0009114675643507853,0.0,0.0,1.4226435683941931
2025-09-22,0.003347599648510286,0.003347599648510286,0.0,0.0,1.427406009503705
2025-09-23,0.002047929761900096,0.002047929761900096,0.0,0.0,1.4303292367528828
2025-09-24,0.0043413196173731836,0.0043413196173731836,0.0,0.0,1.4365387531277005
2025-09-25,-0.001604856091455597,-0.001604856091455597,0.0,0.0,1.4342333151591315
2025-09-26,-0.003989448706938131,-0.003989448706938131,0.0,0.0,1.4285115149145222
2025-09-30,0.008905452475820018,0.008905452475820018,0.0,0.0,1.4412330563217552
2025-10-01,-0.0007021073171329748,-0.0007021073171329748,0.0,0.0,1.4402211560472178
2025-10-02,-0.0015651075496214235,-0.0015651075496214235,0.0,0.0,1.4379670550427637
2025-10-03,-0.0028138046841191585,-0.0028138046841191585,0.0,0.0,1.4339208966076753
2025-10-07,0.005380043683160254,0.005380043683160254,0.0,0.0,1.441635453669621
2025-10-08,0.0029775195926318022,0.0029775195926318022,0.0,0.0,1.445927951478355
2025-10-09,-0.0017944194258182956,-0.0017944194258182956,0.0,0.0,1.4433333502738885
2025-10-13,-0.0082593594482262,-0.0082593594482262,0.0,0.0,1.4314123413303639
2025-10-14,-0.0018325663462173368,-0.0018325663462173368,0.0,0.0,1.4287891832460817
2025-10-15,-0.0009721740289864711,-0.0009721740289864711,0.0,0.0,1.4274001515092332
2025-10-16,0.003903265822788463,0.003903265822788463,0.0,0.0,1.4329716737360623
2025-10-17,0.0006566882331557393,0.0006566882331557393,0.0,0.0,1.4339126893726504
2025-10-20,0.005856723264616956,0.005856723264616956,0.0,0.0,1.4423107191799287
2025-10-21,0.0027082781793539078,0.0027082781793539078,0.0,0.0,1.446216897828532
2025-10-22,0.005954312157078682,0.005954312157078682,0.0,0.0,1.454828124685045
2025-10-23,-0.0008120480736024804,-0.0008120480736024804,0.0,0.0,1.4536467343089718
2025-10-27,-0.005854334721739619,-0.005854334721739619,0.0,0.0,1.4451365997591634
2025-10-28,-0.00545567309860139,-0.00545567309860139,0.0,0.0,1.437252406888053
2025-10-29,0.0024949889325114353,0.0024949889325114353,0.0,0.0,1.440838335736464
2025-10-30,-0.004598414999115745,-0.004598414999115745,0.0,0.0,1.4342127631221124
2025-10-31,-0.00670228451822647,-0.00670228451822647,0.0,0.0,1.4246002611239963
2025-11-03,0.004719227741706022,0.004719227741706022,0.0,0.0,1.4313232741971345
2025-11-04,-0.0037656590126237273,-0.0037656590126237273,0.0,0.0,1.4259333988096758
2025-11-05,0.0032594944845286975,0.0032594944845286975,0.0,0.0,1.4305812208584014
2025-11-06,0.0007908129952087112,0.0007908129952087112,0.0,0.0,1.431712543078558
2025-11-07,-0.0029248823183721734,-0.0029248823183721734,0.0,0.0,1.4275249523763158
2025-11-10,-0.002247854312930978,-0.002247854312930978,0.0,0.0,1.4243160842553002
2025-11-11,0.0001469347459517041,0.0001469347459517041,0.0,0.0,1.4245253657772952
2025-11-12,0.005899686493785326,0.005899686493785326,0.0,0.0,1.432929618837826
2025-11-13,-0.006467815521003757,-0.006467815521003757,0.0,0.0,1.4236616944086007
2025-11-14,-0.006611238803069927,-0.006611238803069927,0.0,0.0,1.4142495269720823
2025-11-17,-0.003946527300438615,-0.003946527300438615,0.0,0.0,1.4086681526042546
2025-11-18,-0.01091333518787021,-0.01091333518787021,0.0,0.0,1.3932948848864064
2025-11-19,-0.0023459699807134434,-0.0023459699807134434,0.0,0.0,1.3900262569121813
2025-11-20,0.016689288672890278,0.016689288672890278,0.0,0.0,1.4132248063766857
2025-11-21,-0.010492196413295728,-0.010492196413295728,0.0,0.0,1.3983969741320397
2025-11-24,0.007798669781571805,0.007798669781571805,0.0,0.0,1.4093026103568445
2025-11-25,-0.008427543106429956,-0.008427543106429956,0.0,0.0,1.397425651858058
2025-11-26,0.009392161082987219,0.009392161082987219,0.0,0.0,1.4105504986818072
2025-11-27,0.00405644466916631,0.00405644466916631,0.0,0.0,1.4162723187327748
2025-11-28,-0.0058859578927942195,-0.0058859578927942195,0.0,0.0,1.4079361994999837
2025-12-01,-0.002562977324817069,-0.002562977324817069,0.0,0.0,1.4043276909458762
2025-12-02,0.005683903759841377,0.005683903759841377,0.0,0.0,1.4123097543884926
2025-12-03,-0.0015090430847245,-0.0015090430847245,0.0,0.0,1.4101785181201436
2025-12-04,0.005577437546262572,0.005577437546262572,0.0,0.0,1.4180437007340396
2025-12-05,0.0015590458194371273,0.0015590458194371273,0.0,0.0,1.4202544958374483
2025-12-08,-0.0031965194511748515,-0.0031965194511748515,0.0,0.0,1.4157146247158854
2025-12-09,-0.00017904083273398267,-0.00017904083273398267,0.0,0.0,1.4154611539905626
2025-12-10,-0.0034038905803344213,-0.0034038905803344213,0.0,0.0,1.4106430791016649
2025-12-11,0.0009844348808792248,0.0009844348808792248,0.0,0.0,1.4120317653532033
2025-12-12,0.0034327842881353853,0.0034327842881353853,0.0,0.0,1.4168789658116558
2025-12-15,0.0010103649138142768,0.0010103649138142768,0.0,0.0,1.4183105306058332
2025-12-16,0.0006009576301569993,0.0006009576301569993,0.0,0.0,1.419162875141133
2025-12-17,0.006667982991891562,0.006667982991891562,0.0,0.0,1.428625829055298
2025-12-18,-0.00042537253857714326,-0.00042537253857714326,0.0,0.0,1.428018130859716
2025-12-19,0.012642109512075932,0.012642109512075932,0.0,0.0,1.4460712924552743
2025-12-22,0.0021986737839108286,0.0021986737839108286,0.0,0.0,1.4492507314956617
2025-12-23,-0.0032864163323951066,-0.0032864163323951066,0.0,0.0,1.444487890221939
2025-12-24,0.002229466695584586,0.002229466695584586,0.0,0.0,1.447708327865364
2025-12-26,0.005056719553437263,0.005056719553437263,0.0,0.0,1.4550289828745546
2025-12-29,-0.0007689910690641923,-0.0007689910690641923,0.0,0.0,1.4539100785814947
2025-12-30,-1.5859680618607384e-05,-1.5859680618607384e-05,0.0,0.0,1.4538870200320002
2025-12-31,-0.006027666422349346,-0.006027666422349346,0.0,0.0,1.4451234740594638
2026-01-02,0.005178136799724557,0.005178136799724557,0.0,0.0,1.452606521100637
2026-01-05,0.0038287684101485074,0.0038287684101485074,0.0,0.0,1.458168215061003
2026-01-06,0.008256630839270846,0.008256630839270846,0.0,0.0,1.47020777171432
2026-01-07,0.005413543396522584,0.005413543396522584,0.0,0.0,1.4781668052884003
2026-01-08,-0.0019324455148827815,-0.0019324455148827815,0.0,0.0,1.475310328475272
2026-01-09,0.0002886836151671907,0.0002886836151671907,0.0,0.0,1.4757362263943898
2026-01-12,0.002098629502948533,0.002098629502948533,0.0,0.0,1.478833249977671
2026-01-13,-0.0007840555506808943,-0.0007840555506808943,0.0,0.0,1.4776737625594947
2026-01-14,0.006021094047044823,0.006021094047044823,0.0,0.0,1.486570975254716
2026-01-15,0.008267420600235912,0.008267420600235912,0.0,0.0,1.49886108275925
2026-01-16,0.002808853403002159,0.002808853403002159,0.0,0.0,1.5030711638121859
2026-01-19,0.006414455221667449,0.006414455221667449,0.0,0.0,1.5127125464874387
2026-01-20,-0.007250860366144433,-0.007250860366144433,0.0,0.0,1.5017440790387435
2026-01-21,-0.0056853279176205355,-0.0056853279176205355,0.0,0.0,1.4932061715010632
2026-01-22,0.0028965698847043097,0.0028965698847043097,0.0,0.0,1.4975313475290877
2026-01-23,-3.728914781604296e-05,-3.728914781604296e-05,0.0,0.0,1.4974755058613105
2026-01-26,0.0051778612117380236,0.0051778612117380236,0.0,0.0,1.5052292261986377
2026-01-27,-0.0041291042526648905,-0.0041291042526648905,0.0,0.0,1.4990139777995055
2026-01-28,-0.0010844914873869532,-0.0010844914873869532,0.0,0.0,1.4973883099011078
2026-01-29,-0.0017819177973339327,-0.0017819177973339327,0.0,0.0,1.4947200870221753
2026-01-30,-0.007937136152414356,-0.007937136152414356,0.0,0.0,1.4828562901817317
2026-02-02,-0.008109378004805436,-0.008109378004805436,0.0,0.0,1.4708312479978445
2026-02-03,0.005235524094536523,0.005235524094536523,0.0,0.0,1.4785318204357345
2026-02-04,0.008807989930245126,0.008807989930245126,0.0,0.0,1.4915547138216794
2026-02-05,0.000540500949876679,0.000540500949876679,0.0,0.0,1.492360900561293
2026-02-06,0.0019139691316748773,0.0019139691316748773,0.0,0.0,1.495217233258286
2026-02-09,0.002262805995426835,0.002262805995426835,0.0,0.0,1.4986006197781685
2026-02-10,0.004678411559032183,0.004678411559032183,0.0,0.0,1.5056116902401113
2026-02-11,0.00817738696939792,0.00817738696939792,0.0,0.0,1.517923659656854
2026-02-23,0.023773160238200287,0.023773160238200287,0.0,0.0,1.5540095020472318
2026-02-24,0.007532799641486486,0.007532799641486486,0.0,0.0,1.5657155442671198
2026-02-25,0.0014126299018775365,0.0014126299018775365,0.0,0.0,1.567927320862786
2026-02-26,0.00032744866896999673,0.00032744866896999673,0.0,0.0,1.568440736577044
2026-03-02,-0.006705519211895316,-0.006705519211895316,0.0,0.0,1.5579235270852074
2026-03-03,-0.005463888094610721,-0.005463888094610721,0.0,0.0,1.5494112072732527
2026-03-04,-0.034696700481359935,-0.034696700481359935,0.0,0.0,1.4956517506920302
2026-03-05,0.0118275743186635,0.0118275743186635,0.0,0.0,1.5133416829281794
2026-03-06,0.005590542631010538,0.005590542631010538,0.0,0.0,1.5218020841218747
2026-03-09,-0.018920721713945834,-0.018920721713945834,0.0,0.0,1.4930084903845018
2026-03-10,-0.002075035046215122,-0.002075035046215122,0.0,0.0,1.4899104454426573
2026-03-11,0.011008275869323951,0.011008275869323951,0.0,0.0,1.5063117906466774
2026-03-12,0.0022470027914633164,0.0022470027914633164,0.0,0.0,1.5096964774450747
2026-03-13,-0.0018857734132223013,-0.0018857734132223013,0.0,0.0,1.5068495319658735
2026-03-16,0.008978870967457019,0.008978870967457019,0.0,0.0,1.5203793394807679
2026-03-17,0.005857359995661372,0.005857359995661372,0.0,0.0,1.5292847486020724
2026-03-18,0.0018712903756604984,0.0018712903756604984,0.0,0.0,1.532146484433776
2026-03-19,-0.013105134480060723,-0.013105134480060723,0.0,0.0,1.5120674987121192
2026-03-20,-0.000614944166400765,-0.000614944166400765,0.0,0.0,1.511137661624582
2026-03-23,-0.01677191003565133,-0.01677191003565133,0.0,0.0,1.4857929967123298
2026-03-24,0.007448630327204305,0.007448630327204305,0.0,0.0,1.496860119487589
2026-03-25,0.010613479549963618,0.010613479549963618,0.0,0.0,1.5127470137549268
2026-03-26,-0.0004951157493328165,-0.0004951157493328165,0.0,0.0,1.5119980288836605
2026-03-27,-0.0012473099696547895,-0.0012473099696547895,0.0,0.0,1.5101120986681356
2026-03-30,-0.013014890000580152,-0.013014890000580152,0.0,0.0,1.4904581558154244
2026-03-31,-0.008201212124268456,-0.008201212124268456,0.0,0.0,1.478234592317236
2026-04-01,0.02209533309529936,0.02209533309529936,0.0,0.0,1.5108966780274793
2026-04-02,-0.004654287873617653,-0.004654287873617653,0.0,0.0,1.5038645299406468
2026-04-07,0.006090286136128378,0.006090286136128378,0.0,0.0,1.5130234952379593
2026-04-08,0.011996060957837174,0.011996060957837174,0.0,0.0,1.5311738173174736
2026-04-09,0.008690609792141566,0.008690609792141566,0.0,0.0,1.5444806514877236
2026-04-10,-0.0061443164821818105,-0.0061443164821818105,0.0,0.0,1.5349908735643767
2026-04-13,-0.003711132426053275,-0.003711132426053275,0.0,0.0,1.529294319159796
2026-04-14,0.009445968093363526,0.009445968093363526,0.0,0.0,1.5437399845039417
2026-04-15,0.007967770631580325,0.007967770631580325,0.0,0.0,1.5560401506152686
2026-04-16,0.006971712876984424,0.006971712876984424,0.0,0.0,1.5668884157704177
2026-04-17,0.00565571317870036,0.00565571317870036,0.0,0.0,1.5757502872330433
