date,gross_ret,net_ret,turnover,total_cost,equity
2015-01-05,0.0,0.0,0.0,0.0,1.0
2015-01-06,0.0,0.0,0.0,0.0,1.0
2015-01-07,0.0,0.0,0.0,0.0,1.0
2015-01-08,0.0,0.0,0.0,0.0,1.0
2015-01-09,0.0,0.0,0.0,0.0,1.0
2015-01-12,0.0,0.0,0.0,0.0,1.0
2015-01-13,0.0,0.0,0.0,0.0,1.0
2015-01-14,0.0,0.0,0.0,0.0,1.0
2015-01-15,0.0,0.0,0.0,0.0,1.0
2015-01-16,0.0,0.0,0.0,0.0,1.0
2015-01-19,0.0,0.0,0.0,0.0,1.0
2015-01-20,0.0,0.0,0.0,0.0,1.0
2015-01-21,0.0,0.0,0.0,0.0,1.0
2015-01-22,0.0,0.0,0.0,0.0,1.0
2015-01-23,0.0,0.0,0.0,0.0,1.0
2015-01-26,0.0,0.0,0.0,0.0,1.0
2015-01-27,0.0,0.0,0.0,0.0,1.0
2015-01-28,0.0,0.0,0.0,0.0,1.0
2015-01-29,0.0,0.0,0.0,0.0,1.0
2015-01-30,0.0,0.0,0.0,0.0,1.0
2015-02-02,0.0,0.0,0.0,0.0,1.0
2015-02-03,0.0,0.0,0.0,0.0,1.0
2015-02-04,0.0,0.0,0.0,0.0,1.0
2015-02-05,0.0,0.0,0.0,0.0,1.0
2015-02-06,0.0,0.0,0.0,0.0,1.0
2015-02-09,0.0,0.0,0.0,0.0,1.0
2015-02-10,0.0,0.0,0.0,0.0,1.0
2015-02-11,0.0,0.0,0.0,0.0,1.0
2015-02-12,0.0,0.0,0.0,0.0,1.0
2015-02-13,0.0,0.0,0.0,0.0,1.0
2015-02-24,0.0,0.0,0.0,0.0,1.0
2015-02-25,0.0,0.0,0.0,0.0,1.0
2015-02-26,0.0,0.0,0.0,0.0,1.0
2015-03-02,0.0,0.0,0.0,0.0,1.0
2015-03-03,0.0,0.0,0.0,0.0,1.0
2015-03-04,0.0,0.0,0.0,0.0,1.0
2015-03-05,0.0,0.0,0.0,0.0,1.0
2015-03-06,0.0,0.0,0.0,0.0,1.0
2015-03-09,0.0,0.0,0.0,0.0,1.0
2015-03-10,0.0,0.0,0.0,0.0,1.0
2015-03-11,0.0,0.0,0.0,0.0,1.0
2015-03-12,0.0,0.0,0.0,0.0,1.0
2015-03-13,0.0,0.0,0.0,0.0,1.0
2015-03-16,0.0,0.0,0.0,0.0,1.0
2015-03-17,0.0,0.0,0.0,0.0,1.0
2015-03-18,0.0,0.0,0.0,0.0,1.0
2015-03-19,0.0,0.0,0.0,0.0,1.0
2015-03-20,0.0,0.0,0.0,0.0,1.0
2015-03-23,0.0,0.0,0.0,0.0,1.0
2015-03-24,0.0,0.0,0.0,0.0,1.0
2015-03-25,0.0,0.0,0.0,0.0,1.0
2015-03-26,0.0,0.0,0.0,0.0,1.0
2015-03-27,0.0,0.0,0.0,0.0,1.0
2015-03-30,0.0,0.0,0.0,0.0,1.0
2015-03-31,0.0,0.0,0.0,0.0,1.0
2015-04-01,0.0,0.0,0.0,0.0,1.0
2015-04-02,0.0,0.0,0.0,0.0,1.0
2015-04-07,0.0,0.0,0.0,0.0,1.0
2015-04-08,0.0,0.0,0.0,0.0,1.0
2015-04-09,0.0,0.0,0.0,0.0,1.0
2015-04-10,0.0,0.0,0.0,0.0,1.0
2015-04-13,0.0,0.0,0.0,0.0,1.0
2015-04-14,0.0,0.0,0.0,0.0,1.0
2015-04-15,0.0,0.0,0.0,0.0,1.0
2015-04-16,0.0,0.0,0.0,0.0,1.0
2015-04-17,0.0,0.0,0.0,0.0,1.0
2015-04-20,0.0,0.0,0.0,0.0,1.0
2015-04-21,0.0,0.0,0.0,0.0,1.0
2015-04-22,0.0,0.0,0.0,0.0,1.0
2015-04-23,0.0,0.0,0.0,0.0,1.0
2015-04-24,0.0,0.0,0.0,0.0,1.0
2015-04-27,0.0,0.0,0.0,0.0,1.0
2015-04-28,0.0,0.0,0.0,0.0,1.0
2015-04-29,0.0,0.0,0.0,0.0,1.0
2015-04-30,0.0,0.0,0.0,0.0,1.0
2015-05-04,0.0,0.0,0.0,0.0,1.0
2015-05-05,0.0,0.0,0.0,0.0,1.0
2015-05-06,0.0,0.0,0.0,0.0,1.0
2015-05-07,0.0,0.0,0.0,0.0,1.0
2015-05-08,0.0,0.0,0.0,0.0,1.0
2015-05-11,0.0,0.0,0.0,0.0,1.0
2015-05-12,0.0,0.0,0.0,0.0,1.0
2015-05-13,0.0,0.0,0.0,0.0,1.0
2015-05-14,0.0,0.0,0.0,0.0,1.0
2015-05-15,0.0,0.0,0.0,0.0,1.0
2015-05-18,0.0,0.0,0.0,0.0,1.0
2015-05-19,0.0,0.0,0.0,0.0,1.0
2015-05-20,0.0,0.0,0.0,0.0,1.0
2015-05-21,0.0,0.0,0.0,0.0,1.0
2015-05-22,0.0,0.0,0.0,0.0,1.0
2015-05-25,0.0,0.0,0.0,0.0,1.0
2015-05-26,0.0,0.0,0.0,0.0,1.0
2015-05-27,0.0,0.0,0.0,0.0,1.0
2015-05-28,0.0,0.0,0.0,0.0,1.0
2015-05-29,0.0,0.0,0.0,0.0,1.0
2015-06-01,0.0,0.0,0.0,0.0,1.0
2015-06-02,0.0,0.0,0.0,0.0,1.0
2015-06-03,0.0,0.0,0.0,0.0,1.0
2015-06-04,0.0,0.0,0.0,0.0,1.0
2015-06-05,0.0,0.0,0.0,0.0,1.0
2015-06-08,0.0,0.0,0.0,0.0,1.0
2015-06-09,0.0,0.0,0.0,0.0,1.0
2015-06-10,0.0,0.0,0.0,0.0,1.0
2015-06-11,0.0,0.0,0.0,0.0,1.0
2015-06-12,0.0,0.0,0.0,0.0,1.0
2015-06-15,0.0,0.0,0.0,0.0,1.0
2015-06-16,0.0,0.0,0.0,0.0,1.0
2015-06-17,0.0,0.0,0.0,0.0,1.0
2015-06-18,0.0,0.0,0.0,0.0,1.0
2015-06-22,0.0,0.0,0.0,0.0,1.0
2015-06-23,0.0,0.0,0.0,0.0,1.0
2015-06-24,0.0,0.0,0.0,0.0,1.0
2015-06-25,0.0,0.0,0.0,0.0,1.0
2015-06-26,0.0,0.0,0.0,0.0,1.0
2015-06-29,0.0,0.0,0.0,0.0,1.0
2015-06-30,0.0,0.0,0.0,0.0,1.0
2015-07-01,0.0,0.0,0.0,0.0,1.0
2015-07-02,0.0,0.0,0.0,0.0,1.0
2015-07-03,0.0,0.0,0.0,0.0,1.0
2015-07-06,0.0,0.0,0.0,0.0,1.0
2015-07-07,0.0,0.0,0.0,0.0,1.0
2015-07-08,0.0,0.0,0.0,0.0,1.0
2015-07-09,0.0,0.0,0.0,0.0,1.0
2015-07-13,0.0,0.0,0.0,0.0,1.0
2015-07-14,0.0,0.0,0.0,0.0,1.0
2015-07-15,0.0,0.0,0.0,0.0,1.0
2015-07-16,0.0,0.0,0.0,0.0,1.0
2015-07-17,0.0,0.0,0.0,0.0,1.0
2015-07-20,0.0,0.0,0.0,0.0,1.0
2015-07-21,0.0,0.0,0.0,0.0,1.0
2015-07-22,0.0,0.0,0.0,0.0,1.0
2015-07-23,0.0,0.0,0.0,0.0,1.0
2015-07-24,0.0,0.0,0.0,0.0,1.0
2015-07-27,0.0,0.0,0.0,0.0,1.0
2015-07-28,0.0,0.0,0.0,0.0,1.0
2015-07-29,0.0,0.0,0.0,0.0,1.0
2015-07-30,0.0,0.0,0.0,0.0,1.0
2015-07-31,0.0,0.0,0.0,0.0,1.0
2015-08-03,0.0,0.0,0.0,0.0,1.0
2015-08-04,0.0,0.0,0.0,0.0,1.0
2015-08-05,0.0,0.0,0.0,0.0,1.0
2015-08-06,0.0,0.0,0.0,0.0,1.0
2015-08-07,0.0,0.0,0.0,0.0,1.0
2015-08-10,0.0,0.0,0.0,0.0,1.0
2015-08-11,0.0,0.0,0.0,0.0,1.0
2015-08-12,0.0,0.0,0.0,0.0,1.0
2015-08-13,0.0,0.0,0.0,0.0,1.0
2015-08-14,0.0,0.0,0.0,0.0,1.0
2015-08-17,0.0,0.0,0.0,0.0,1.0
2015-08-18,0.0,0.0,0.0,0.0,1.0
2015-08-19,0.0,0.0,0.0,0.0,1.0
2015-08-20,0.0,0.0,0.0,0.0,1.0
2015-08-21,0.0,0.0,0.0,0.0,1.0
2015-08-24,0.0,0.0,0.0,0.0,1.0
2015-08-25,0.0,0.0,0.0,0.0,1.0
2015-08-26,0.0,0.0,0.0,0.0,1.0
2015-08-27,0.0,0.0,0.0,0.0,1.0
2015-08-28,0.0,0.0,0.0,0.0,1.0
2015-08-31,0.0,0.0,0.0,0.0,1.0
2015-09-01,0.0,0.0,0.0,0.0,1.0
2015-09-02,0.0,0.0,0.0,0.0,1.0
2015-09-03,0.0,0.0,0.0,0.0,1.0
2015-09-04,0.0,0.0,0.0,0.0,1.0
2015-09-07,0.0,0.0,0.0,0.0,1.0
2015-09-08,0.0,0.0,0.0,0.0,1.0
2015-09-09,0.0,0.0,0.0,0.0,1.0
2015-09-10,0.0,0.0,0.0,0.0,1.0
2015-09-11,0.0,0.0,0.0,0.0,1.0
2015-09-14,0.0,0.0,0.0,0.0,1.0
2015-09-15,0.0,0.0,0.0,0.0,1.0
2015-09-16,0.0,0.0,0.0,0.0,1.0
2015-09-17,0.0,0.0,0.0,0.0,1.0
2015-09-18,0.0,0.0,0.0,0.0,1.0
2015-09-21,0.0,0.0,0.0,0.0,1.0
2015-09-22,0.0,0.0,0.0,0.0,1.0
2015-09-23,0.0,0.0,0.0,0.0,1.0
2015-09-24,0.0,0.0,0.0,0.0,1.0
2015-09-25,0.0,0.0,0.0,0.0,1.0
2015-09-30,0.0,0.0,0.0,0.0,1.0
2015-10-01,0.0,0.0,0.0,0.0,1.0
2015-10-02,0.0,0.0,0.0,0.0,1.0
2015-10-05,0.0,0.0,0.0,0.0,1.0
2015-10-06,0.0,0.0,0.0,0.0,1.0
2015-10-07,0.0,0.0,0.0,0.0,1.0
2015-10-08,0.0,0.0,0.0,0.0,1.0
2015-10-12,0.0,0.0,0.0,0.0,1.0
2015-10-13,0.0,0.0,0.0,0.0,1.0
2015-10-14,0.0,0.0,0.0,0.0,1.0
2015-10-15,0.0,0.0,0.0,0.0,1.0
2015-10-16,0.0,0.0,0.0,0.0,1.0
2015-10-19,0.0,0.0,0.0,0.0,1.0
2015-10-20,0.0,0.0,0.0,0.0,1.0
2015-10-21,0.0,0.0,0.0,0.0,1.0
2015-10-22,0.0,0.0,0.0,0.0,1.0
2015-10-23,0.0,0.0,0.0,0.0,1.0
2015-10-26,0.0,0.0,0.0,0.0,1.0
2015-10-27,0.0,0.0,0.0,0.0,1.0
2015-10-28,0.0,0.0,0.0,0.0,1.0
2015-10-29,0.0,0.0,0.0,0.0,1.0
2015-10-30,0.0,0.0,0.0,0.0,1.0
2015-11-02,0.0,0.0,0.0,0.0,1.0
2015-11-03,0.0,0.0,0.0,0.0,1.0
2015-11-04,0.0,0.0,0.0,0.0,1.0
2015-11-05,0.0,0.0,0.0,0.0,1.0
2015-11-06,0.0,0.0,0.0,0.0,1.0
2015-11-09,0.0,0.0,0.0,0.0,1.0
2015-11-10,0.0,0.0,0.0,0.0,1.0
2015-11-11,0.0,0.0,0.0,0.0,1.0
2015-11-12,0.0,0.0,0.0,0.0,1.0
2015-11-13,0.0,0.0,0.0,0.0,1.0
2015-11-16,0.0,0.0,0.0,0.0,1.0
2015-11-17,0.0,0.0,0.0,0.0,1.0
2015-11-18,0.0,0.0,0.0,0.0,1.0
2015-11-19,0.0,0.0,0.0,0.0,1.0
2015-11-20,0.0,0.0,0.0,0.0,1.0
2015-11-23,0.0,0.0,0.0,0.0,1.0
2015-11-24,0.0,0.0,0.0,0.0,1.0
2015-11-25,0.0,0.0,0.0,0.0,1.0
2015-11-26,0.0,0.0,0.0,0.0,1.0
2015-11-27,0.0,0.0,0.0,0.0,1.0
2015-11-30,0.0,0.0,0.0,0.0,1.0
2015-12-01,0.0,0.0,0.0,0.0,1.0
2015-12-02,0.0,0.0,0.0,0.0,1.0
2015-12-03,0.0,0.0,0.0,0.0,1.0
2015-12-04,0.0,0.0,0.0,0.0,1.0
2015-12-07,0.0,0.0,0.0,0.0,1.0
2015-12-08,0.0,0.0,0.0,0.0,1.0
2015-12-09,0.0,0.0,0.0,0.0,1.0
2015-12-10,0.0,0.0,0.0,0.0,1.0
2015-12-11,0.0,0.0,0.0,0.0,1.0
2015-12-14,0.0,0.0,0.0,0.0,1.0
2015-12-15,0.0,0.0,0.0,0.0,1.0
2015-12-16,0.0,0.0,0.0,0.0,1.0
2015-12-17,0.0,0.0,0.0,0.0,1.0
2015-12-18,0.0,0.0,0.0,0.0,1.0
2015-12-21,0.0,0.0,0.0,0.0,1.0
2015-12-22,0.0,0.0,0.0,0.0,1.0
2015-12-23,0.0,0.0,0.0,0.0,1.0
2015-12-24,0.0,0.0,0.0,0.0,1.0
2015-12-25,0.0,0.0,0.0,0.0,1.0
2015-12-28,0.0,0.0,0.0,0.0,1.0
2015-12-29,0.0,0.0,0.0,0.0,1.0
2015-12-30,0.0,0.0,0.0,0.0,1.0
2015-12-31,0.0,0.0,0.0,0.0,1.0
2016-01-04,0.0,0.0,0.0,0.0,1.0
2016-01-05,0.0,0.0,0.0,0.0,1.0
2016-01-06,0.0,0.0,0.0,0.0,1.0
2016-01-07,0.0,0.0,0.0,0.0,1.0
2016-01-08,0.0,0.0,0.0,0.0,1.0
2016-01-11,0.0,0.0,0.0,0.0,1.0
2016-01-12,0.0,0.0,0.0,0.0,1.0
2016-01-13,0.0,0.0,0.0,0.0,1.0
2016-01-14,0.0,0.0,0.0,0.0,1.0
2016-01-15,0.0,0.0,0.0,0.0,1.0
2016-01-18,0.0,0.0,0.0,0.0,1.0
2016-01-19,0.0,0.0,0.0,0.0,1.0
2016-01-20,0.0,0.0,0.0,0.0,1.0
2016-01-21,0.0,0.0,0.0,0.0,1.0
2016-01-22,0.0,0.0,0.0,0.0,1.0
2016-01-25,0.0,0.0,0.0,0.0,1.0
2016-01-26,0.0,0.0,0.0,0.0,1.0
2016-01-27,0.0,0.0,0.0,0.0,1.0
2016-01-28,0.0,0.0,0.0,0.0,1.0
2016-01-29,0.0,0.0,0.0,0.0,1.0
2016-01-30,0.0,0.0,0.0,0.0,1.0
2016-02-01,0.0,0.0,0.0,0.0,1.0
2016-02-02,0.0,0.0,0.0,0.0,1.0
2016-02-03,0.0,0.0,0.0,0.0,1.0
2016-02-15,0.0,0.0,0.0,0.0,1.0
2016-02-16,0.0,0.0,0.0,0.0,1.0
2016-02-17,0.0,0.0,0.0,0.0,1.0
2016-02-18,0.0,0.0,0.0,0.0,1.0
2016-02-19,0.0,0.0,0.0,0.0,1.0
2016-02-22,0.0,0.0,0.0,0.0,1.0
2016-02-23,0.0,0.0,0.0,0.0,1.0
2016-02-24,0.0,0.0,0.0,0.0,1.0
2016-02-25,0.0,0.0,0.0,0.0,1.0
2016-02-26,0.0,0.0,0.0,0.0,1.0
2016-03-01,0.0,0.0,0.0,0.0,1.0
2016-03-02,0.0,0.0,0.0,0.0,1.0
2016-03-03,0.0,0.0,0.0,0.0,1.0
2016-03-04,0.0,0.0,0.0,0.0,1.0
2016-03-07,0.0,0.0,0.0,0.0,1.0
2016-03-08,0.0,0.0,0.0,0.0,1.0
2016-03-09,0.0,0.0,0.0,0.0,1.0
2016-03-10,0.0,0.0,0.0,0.0,1.0
2016-03-11,0.0,0.0,0.0,0.0,1.0
2016-03-14,0.0,0.0,0.0,0.0,1.0
2016-03-15,0.0,0.0,0.0,0.0,1.0
2016-03-16,0.0,0.0,0.0,0.0,1.0
2016-03-17,0.0,0.0,0.0,0.0,1.0
2016-03-18,0.0,0.0,0.0,0.0,1.0
2016-03-21,0.0,0.0,0.0,0.0,1.0
2016-03-22,0.0,0.0,0.0,0.0,1.0
2016-03-23,0.0,0.0,0.0,0.0,1.0
2016-03-24,0.0,0.0,0.0,0.0,1.0
2016-03-25,0.0,0.0,0.0,0.0,1.0
2016-03-28,0.0,0.0,0.0,0.0,1.0
2016-03-29,0.0,0.0,0.0,0.0,1.0
2016-03-30,0.0,0.0,0.0,0.0,1.0
2016-03-31,0.0,0.0,0.0,0.0,1.0
2016-04-01,0.0,0.0,0.0,0.0,1.0
2016-04-06,0.0,0.0,0.0,0.0,1.0
2016-04-07,0.0,0.0,0.0,0.0,1.0
2016-04-08,0.0,0.0,0.0,0.0,1.0
2016-04-11,0.0,0.0,0.0,0.0,1.0
2016-04-12,0.0,0.0,0.0,0.0,1.0
2016-04-13,0.0,0.0,0.0,0.0,1.0
2016-04-14,0.0,0.0,0.0,0.0,1.0
2016-04-15,0.0,0.0,0.0,0.0,1.0
2016-04-18,0.0,0.0,0.0,0.0,1.0
2016-04-19,0.0,0.0,0.0,0.0,1.0
2016-04-20,0.0,0.0,0.0,0.0,1.0
2016-04-21,0.0,0.0,0.0,0.0,1.0
2016-04-22,0.0,0.0,0.0,0.0,1.0
2016-04-25,0.0,0.0,0.0,0.0,1.0
2016-04-26,0.0,0.0,0.0,0.0,1.0
2016-04-27,0.0,0.0,0.0,0.0,1.0
2016-04-28,0.0,0.0,0.0,0.0,1.0
2016-04-29,0.0,0.0,0.0,0.0,1.0
2016-05-03,0.0,0.0,0.0,0.0,1.0
2016-05-04,0.0,0.0,0.0,0.0,1.0
2016-05-05,0.0,0.0,0.0,0.0,1.0
2016-05-06,0.0,0.0,0.0,0.0,1.0
2016-05-09,0.0,0.0,0.0,0.0,1.0
2016-05-10,0.0,0.0,0.0,0.0,1.0
2016-05-11,0.0,0.0,0.0,0.0,1.0
2016-05-12,0.0,0.0,0.0,0.0,1.0
2016-05-13,0.0,0.0,0.0,0.0,1.0
2016-05-16,0.0,0.0,0.0,0.0,1.0
2016-05-17,0.0,0.0,0.0,0.0,1.0
2016-05-18,0.0,0.0,0.0,0.0,1.0
2016-05-19,0.0,0.0,0.0,0.0,1.0
2016-05-20,0.0,0.0,0.0,0.0,1.0
2016-05-23,0.0,0.0,0.0,0.0,1.0
2016-05-24,0.0,0.0,0.0,0.0,1.0
2016-05-25,0.0,0.0,0.0,0.0,1.0
2016-05-26,0.0,0.0,0.0,0.0,1.0
2016-05-27,0.0,0.0,0.0,0.0,1.0
2016-05-30,0.0,0.0,0.0,0.0,1.0
2016-05-31,0.0,0.0,0.0,0.0,1.0
2016-06-01,0.0,0.0,0.0,0.0,1.0
2016-06-02,0.0,0.0,0.0,0.0,1.0
2016-06-03,0.0,0.0,0.0,0.0,1.0
2016-06-04,0.0,0.0,0.0,0.0,1.0
2016-06-06,0.0,0.0,0.0,0.0,1.0
2016-06-07,0.0,0.0,0.0,0.0,1.0
2016-06-08,0.0,0.0,0.0,0.0,1.0
2016-06-13,0.0,0.0,0.0,0.0,1.0
2016-06-14,0.0,0.0,0.0,0.0,1.0
2016-06-15,0.0,0.0,0.0,0.0,1.0
2016-06-16,0.0,0.0,0.0,0.0,1.0
2016-06-17,0.0,0.0,0.0,0.0,1.0
2016-06-20,0.0,0.0,0.0,0.0,1.0
2016-06-21,0.0,0.0,0.0,0.0,1.0
2016-06-22,0.0,0.0,0.0,0.0,1.0
2016-06-23,0.0,0.0,0.0,0.0,1.0
2016-06-24,0.0,0.0,0.0,0.0,1.0
2016-06-27,0.0,0.0,0.0,0.0,1.0
2016-06-28,0.0,0.0,0.0,0.0,1.0
2016-06-29,0.0,0.0,0.0,0.0,1.0
2016-06-30,0.0,0.0,0.0,0.0,1.0
2016-07-01,0.0,0.0,0.0,0.0,1.0
2016-07-04,0.0,0.0,0.0,0.0,1.0
2016-07-05,0.0,0.0,0.0,0.0,1.0
2016-07-06,0.0,0.0,0.0,0.0,1.0
2016-07-07,0.0,0.0,0.0,0.0,1.0
2016-07-11,0.0,0.0,0.0,0.0,1.0
2016-07-12,0.0,0.0,0.0,0.0,1.0
2016-07-13,0.0,0.0,0.0,0.0,1.0
2016-07-14,0.0,0.0,0.0,0.0,1.0
2016-07-15,0.0,0.0,0.0,0.0,1.0
2016-07-18,0.0,0.0,0.0,0.0,1.0
2016-07-19,0.0,0.0,0.0,0.0,1.0
2016-07-20,0.0,0.0,0.0,0.0,1.0
2016-07-21,0.0,0.0,0.0,0.0,1.0
2016-07-22,0.0,0.0,0.0,0.0,1.0
2016-07-25,0.0,0.0,0.0,0.0,1.0
2016-07-26,0.0,0.0,0.0,0.0,1.0
2016-07-27,0.0,0.0,0.0,0.0,1.0
2016-07-28,0.0,0.0,0.0,0.0,1.0
2016-07-29,0.0,0.0,0.0,0.0,1.0
2016-08-01,0.0,0.0,0.0,0.0,1.0
2016-08-02,0.0,0.0,0.0,0.0,1.0
2016-08-03,0.0,0.0,0.0,0.0,1.0
2016-08-04,0.0,0.0,0.0,0.0,1.0
2016-08-05,0.0,0.0,0.0,0.0,1.0
2016-08-08,0.0,0.0,0.0,0.0,1.0
2016-08-09,0.0,0.0,0.0,0.0,1.0
2016-08-10,0.0,0.0,0.0,0.0,1.0
2016-08-11,0.0,0.0,0.0,0.0,1.0
2016-08-12,0.0,0.0,0.0,0.0,1.0
2016-08-15,0.0,0.0,0.0,0.0,1.0
2016-08-16,0.0,0.0,0.0,0.0,1.0
2016-08-17,0.0,0.0,0.0,0.0,1.0
2016-08-18,0.0,0.0,0.0,0.0,1.0
2016-08-19,0.0,0.0,0.0,0.0,1.0
2016-08-22,0.0,0.0,0.0,0.0,1.0
2016-08-23,0.0,0.0,0.0,0.0,1.0
2016-08-24,0.0,0.0,0.0,0.0,1.0
2016-08-25,0.0,0.0,0.0,0.0,1.0
2016-08-26,0.0,0.0,0.0,0.0,1.0
2016-08-29,0.0,0.0,0.0,0.0,1.0
2016-08-30,0.0,0.0,0.0,0.0,1.0
2016-08-31,0.0,0.0,0.0,0.0,1.0
2016-09-01,0.0,0.0,0.0,0.0,1.0
2016-09-02,0.0,0.0,0.0,0.0,1.0
2016-09-05,0.0,0.0,0.0,0.0,1.0
2016-09-06,0.0,0.0,0.0,0.0,1.0
2016-09-07,0.0,0.0,0.0,0.0,1.0
2016-09-08,0.0,0.0,0.0,0.0,1.0
2016-09-09,0.0,0.0,0.0,0.0,1.0
2016-09-10,0.0,0.0,0.0,0.0,1.0
2016-09-12,0.0,0.0,0.0,0.0,1.0
2016-09-13,0.0,0.0,0.0,0.0,1.0
2016-09-14,0.0,0.0,0.0,0.0,1.0
2016-09-19,0.0,0.0,0.0,0.0,1.0
2016-09-20,0.0,0.0,0.0,0.0,1.0
2016-09-21,0.0,0.0,0.0,0.0,1.0
2016-09-22,0.0,0.0,0.0,0.0,1.0
2016-09-23,0.0,0.0,0.0,0.0,1.0
2016-09-26,0.0,0.0,0.0,0.0,1.0
2016-09-29,0.0,0.0,0.0,0.0,1.0
2016-09-30,0.0,0.0,0.0,0.0,1.0
2016-10-03,0.0,0.0,0.0,0.0,1.0
2016-10-04,0.0,0.0,0.0,0.0,1.0
2016-10-05,0.0,0.0,0.0,0.0,1.0
2016-10-06,0.0,0.0,0.0,0.0,1.0
2016-10-07,0.0,0.0,0.0,0.0,1.0
2016-10-11,0.0,0.0,0.0,0.0,1.0
2016-10-12,0.0,0.0,0.0,0.0,1.0
2016-10-13,0.0,0.0,0.0,0.0,1.0
2016-10-14,0.0,0.0,0.0,0.0,1.0
2016-10-17,0.0,0.0,0.0,0.0,1.0
2016-10-18,0.0,0.0,0.0,0.0,1.0
2016-10-19,0.0,0.0,0.0,0.0,1.0
2016-10-20,0.0,0.0,0.0,0.0,1.0
2016-10-21,0.0,0.0,0.0,0.0,1.0
2016-10-24,0.0,0.0,0.0,0.0,1.0
2016-10-25,0.0,0.0,0.0,0.0,1.0
2016-10-26,0.0,0.0,0.0,0.0,1.0
2016-10-27,0.0,0.0,0.0,0.0,1.0
2016-10-28,0.0,0.0,0.0,0.0,1.0
2016-10-31,0.0,0.0,0.0,0.0,1.0
2016-11-01,0.0,0.0,0.0,0.0,1.0
2016-11-02,0.0,0.0,0.0,0.0,1.0
2016-11-03,0.0,0.0,0.0,0.0,1.0
2016-11-04,0.0,0.0,0.0,0.0,1.0
2016-11-07,0.0,0.0,0.0,0.0,1.0
2016-11-08,0.0,0.0,0.0,0.0,1.0
2016-11-09,0.0,0.0,0.0,0.0,1.0
2016-11-10,0.0,0.0,0.0,0.0,1.0
2016-11-11,0.0,0.0,0.0,0.0,1.0
2016-11-14,0.0,0.0,0.0,0.0,1.0
2016-11-15,0.0,0.0,0.0,0.0,1.0
2016-11-16,0.0,0.0,0.0,0.0,1.0
2016-11-17,0.0,0.0,0.0,0.0,1.0
2016-11-18,0.0,0.0,0.0,0.0,1.0
2016-11-21,0.0,0.0,0.0,0.0,1.0
2016-11-22,0.0,0.0,0.0,0.0,1.0
2016-11-23,0.0,0.0,0.0,0.0,1.0
2016-11-24,0.0,0.0,0.0,0.0,1.0
2016-11-25,0.0,0.0,0.0,0.0,1.0
2016-11-28,0.0,0.0,0.0,0.0,1.0
2016-11-29,0.0,0.0,0.0,0.0,1.0
2016-11-30,0.0,0.0,0.0,0.0,1.0
2016-12-01,0.0,0.0,0.0,0.0,1.0
2016-12-02,0.0,0.0,0.0,0.0,1.0
2016-12-05,0.0,0.0,0.0,0.0,1.0
2016-12-06,0.0,0.0,0.0,0.0,1.0
2016-12-07,0.0,0.0,0.0,0.0,1.0
2016-12-08,0.0,0.0,0.0,0.0,1.0
2016-12-09,0.0,0.0,0.0,0.0,1.0
2016-12-12,0.0,0.0,0.0,0.0,1.0
2016-12-13,0.0,0.0,0.0,0.0,1.0
2016-12-14,0.0,0.0,0.0,0.0,1.0
2016-12-15,0.0,0.0,0.0,0.0,1.0
2016-12-16,0.0,0.0,0.0,0.0,1.0
2016-12-19,0.0,0.0,0.0,0.0,1.0
2016-12-20,0.0,0.0,0.0,0.0,1.0
2016-12-21,0.0,0.0,0.0,0.0,1.0
2016-12-22,0.0,0.0,0.0,0.0,1.0
2016-12-23,0.0,0.0,0.0,0.0,1.0
2016-12-26,0.0,0.0,0.0,0.0,1.0
2016-12-27,0.0,0.0,0.0,0.0,1.0
2016-12-28,0.0,0.0,0.0,0.0,1.0
2016-12-29,0.0,0.0,0.0,0.0,1.0
2016-12-30,0.0,0.0,0.0,0.0,1.0
2017-01-03,0.0,0.0,0.0,0.0,1.0
2017-01-04,0.0,0.0,0.0,0.0,1.0
2017-01-05,0.0,0.0,0.0,0.0,1.0
2017-01-06,0.0,0.0,0.0,0.0,1.0
2017-01-09,0.0,0.0,0.0,0.0,1.0
2017-01-10,0.0,0.0,0.0,0.0,1.0
2017-01-11,0.0,0.0,0.0,0.0,1.0
2017-01-12,0.0,0.0,0.0,0.0,1.0
2017-01-13,0.0,0.0,0.0,0.0,1.0
2017-01-16,0.0,0.0,0.0,0.0,1.0
2017-01-17,0.0,0.0,0.0,0.0,1.0
2017-01-18,0.0,0.0,0.0,0.0,1.0
2017-01-19,0.0,0.0,0.0,0.0,1.0
2017-01-20,0.0,0.0,0.0,0.0,1.0
2017-01-23,0.0,0.0,0.0,0.0,1.0
2017-01-24,0.0,0.0,0.0,0.0,1.0
2017-02-02,0.0,0.0,0.0,0.0,1.0
2017-02-03,0.0,0.0,0.0,0.0,1.0
2017-02-06,0.0,0.0,0.0,0.0,1.0
2017-02-07,0.0,0.0,0.0,0.0,1.0
2017-02-08,0.0,0.0,0.0,0.0,1.0
2017-02-09,0.0,0.0,0.0,0.0,1.0
2017-02-10,0.0,0.0,0.0,0.0,1.0
2017-02-13,0.0,0.0,0.0,0.0,1.0
2017-02-14,0.0,0.0,0.0,0.0,1.0
2017-02-15,0.0,0.0,0.0,0.0,1.0
2017-02-16,0.0,0.0,0.0,0.0,1.0
2017-02-17,0.0,0.0,0.0,0.0,1.0
2017-02-18,0.0,0.0,0.0,0.0,1.0
2017-02-20,0.0,0.0,0.0,0.0,1.0
2017-02-21,0.0,0.0,0.0,0.0,1.0
2017-02-22,0.0,0.0,0.0,0.0,1.0
2017-02-23,0.0,0.0,0.0,0.0,1.0
2017-02-24,0.0,0.0,0.0,0.0,1.0
2017-03-01,0.0,0.0,0.0,0.0,1.0
2017-03-02,0.0,0.0,0.0,0.0,1.0
2017-03-03,0.0,0.0,0.0,0.0,1.0
2017-03-06,0.0,0.0,0.0,0.0,1.0
2017-03-07,0.0,0.0,0.0,0.0,1.0
2017-03-08,0.0,0.0,0.0,0.0,1.0
2017-03-09,0.0,0.0,0.0,0.0,1.0
2017-03-10,0.0,0.0,0.0,0.0,1.0
2017-03-13,0.0,0.0,0.0,0.0,1.0
2017-03-14,0.0,0.0,0.0,0.0,1.0
2017-03-15,0.0,0.0,0.0,0.0,1.0
2017-03-16,0.0,0.0,0.0,0.0,1.0
2017-03-17,0.0,0.0,0.0,0.0,1.0
2017-03-20,0.0,0.0,0.0,0.0,1.0
2017-03-21,0.0,0.0,0.0,0.0,1.0
2017-03-22,0.0,0.0,0.0,0.0,1.0
2017-03-23,0.0,0.0,0.0,0.0,1.0
2017-03-24,0.0,0.0,0.0,0.0,1.0
2017-03-27,0.0,0.0,0.0,0.0,1.0
2017-03-28,0.0,0.0,0.0,0.0,1.0
2017-03-29,0.0,0.0,0.0,0.0,1.0
2017-03-30,0.0,0.0,0.0,0.0,1.0
2017-03-31,0.0,0.0,0.0,0.0,1.0
2017-04-05,0.0,0.0,0.0,0.0,1.0
2017-04-06,0.0,0.0,0.0,0.0,1.0
2017-04-07,0.0,0.0,0.0,0.0,1.0
2017-04-10,0.0,0.0,0.0,0.0,1.0
2017-04-11,0.0,0.0,0.0,0.0,1.0
2017-04-12,0.0,0.0,0.0,0.0,1.0
2017-04-13,0.0,0.0,0.0,0.0,1.0
2017-04-14,0.0,0.0,0.0,0.0,1.0
2017-04-17,0.0,0.0,0.0,0.0,1.0
2017-04-18,0.0,0.0,0.0,0.0,1.0
2017-04-19,0.0,0.0,0.0,0.0,1.0
2017-04-20,0.0,0.0,0.0,0.0,1.0
2017-04-21,0.0,0.0,0.0,0.0,1.0
2017-04-24,0.0,0.0,0.0,0.0,1.0
2017-04-25,0.0,0.0,0.0,0.0,1.0
2017-04-26,0.0,0.0,0.0,0.0,1.0
2017-04-27,0.0,0.0,0.0,0.0,1.0
2017-04-28,0.0,0.0,0.0,0.0,1.0
2017-05-02,0.0,0.0,0.0,0.0,1.0
2017-05-03,0.0,0.0,0.0,0.0,1.0
2017-05-04,0.0,0.0,0.0,0.0,1.0
2017-05-05,0.0,0.0,0.0,0.0,1.0
2017-05-08,0.0,0.0,0.0,0.0,1.0
2017-05-09,0.0,0.0,0.0,0.0,1.0
2017-05-10,0.0,0.0,0.0,0.0,1.0
2017-05-11,0.0,0.0,0.0,0.0,1.0
2017-05-12,0.0,0.0,0.0,0.0,1.0
2017-05-15,0.0,0.0,0.0,0.0,1.0
2017-05-16,0.0,0.0,0.0,0.0,1.0
2017-05-17,0.0,0.0,0.0,0.0,1.0
2017-05-18,0.0,0.0,0.0,0.0,1.0
2017-05-19,0.0,0.0,0.0,0.0,1.0
2017-05-22,0.0,0.0,0.0,0.0,1.0
2017-05-23,0.0,0.0,0.0,0.0,1.0
2017-05-24,0.0,0.0,0.0,0.0,1.0
2017-05-25,0.0,0.0,0.0,0.0,1.0
2017-05-26,0.0,0.0,0.0,0.0,1.0
2017-05-31,0.0,0.0,0.0,0.0,1.0
2017-06-01,0.0,0.0,0.0,0.0,1.0
2017-06-02,0.0,0.0,0.0,0.0,1.0
2017-06-03,0.0,0.0,0.0,0.0,1.0
2017-06-05,0.0,0.0,0.0,0.0,1.0
2017-06-06,0.0,0.0,0.0,0.0,1.0
2017-06-07,0.0,0.0,0.0,0.0,1.0
2017-06-08,0.0,0.0,0.0,0.0,1.0
2017-06-09,0.0,0.0,0.0,0.0,1.0
2017-06-12,0.0,0.0,0.0,0.0,1.0
2017-06-13,0.0,0.0,0.0,0.0,1.0
2017-06-14,0.0,0.0,0.0,0.0,1.0
2017-06-15,0.0,0.0,0.0,0.0,1.0
2017-06-16,0.0,0.0,0.0,0.0,1.0
2017-06-19,0.0,0.0,0.0,0.0,1.0
2017-06-20,0.0,0.0,0.0,0.0,1.0
2017-06-21,0.0,0.0,0.0,0.0,1.0
2017-06-22,0.0,0.0,0.0,0.0,1.0
2017-06-23,0.0,0.0,0.0,0.0,1.0
2017-06-26,0.0,0.0,0.0,0.0,1.0
2017-06-27,0.0,0.0,0.0,0.0,1.0
2017-06-28,0.0,0.0,0.0,0.0,1.0
2017-06-29,0.0,0.0,0.0,0.0,1.0
2017-06-30,0.0,0.0,0.0,0.0,1.0
2017-07-03,0.0,0.0,0.0,0.0,1.0
2017-07-04,0.0,0.0,0.0,0.0,1.0
2017-07-05,0.0,0.0,0.0,0.0,1.0
2017-07-06,0.0,0.0,0.0,0.0,1.0
2017-07-07,0.0,0.0,0.0,0.0,1.0
2017-07-10,0.0,0.0,0.0,0.0,1.0
2017-07-11,0.0,0.0,0.0,0.0,1.0
2017-07-12,0.0,0.0,0.0,0.0,1.0
2017-07-13,0.0,0.0,0.0,0.0,1.0
2017-07-14,0.0,0.0,0.0,0.0,1.0
2017-07-17,0.0,0.0,0.0,0.0,1.0
2017-07-18,0.0,0.0,0.0,0.0,1.0
2017-07-19,0.0,0.0,0.0,0.0,1.0
2017-07-20,0.0,0.0,0.0,0.0,1.0
2017-07-21,0.0,0.0,0.0,0.0,1.0
2017-07-24,0.0,0.0,0.0,0.0,1.0
2017-07-25,0.0,0.0,0.0,0.0,1.0
2017-07-26,0.0,0.0,0.0,0.0,1.0
2017-07-27,0.0,0.0,0.0,0.0,1.0
2017-07-28,0.0,0.0,0.0,0.0,1.0
2017-07-31,0.0,0.0,0.0,0.0,1.0
2017-08-01,0.0,0.0,0.0,0.0,1.0
2017-08-02,0.0,0.0,0.0,0.0,1.0
2017-08-03,0.0,0.0,0.0,0.0,1.0
2017-08-04,0.0,0.0,0.0,0.0,1.0
2017-08-07,0.0,0.0,0.0,0.0,1.0
2017-08-08,0.0,0.0,0.0,0.0,1.0
2017-08-09,0.0,0.0,0.0,0.0,1.0
2017-08-10,0.0,0.0,0.0,0.0,1.0
2017-08-11,0.0,0.0,0.0,0.0,1.0
2017-08-14,0.0,0.0,0.0,0.0,1.0
2017-08-15,0.0,0.0,0.0,0.0,1.0
2017-08-16,0.0,0.0,0.0,0.0,1.0
2017-08-17,0.0,0.0,0.0,0.0,1.0
2017-08-18,0.0,0.0,0.0,0.0,1.0
2017-08-21,0.0,0.0,0.0,0.0,1.0
2017-08-22,0.0,0.0,0.0,0.0,1.0
2017-08-23,0.0,0.0,0.0,0.0,1.0
2017-08-24,0.0,0.0,0.0,0.0,1.0
2017-08-25,0.0,0.0,0.0,0.0,1.0
2017-08-28,0.0,0.0,0.0,0.0,1.0
2017-08-29,0.0,0.0,0.0,0.0,1.0
2017-08-30,0.0,0.0,0.0,0.0,1.0
2017-08-31,0.0,0.0,0.0,0.0,1.0
2017-09-01,0.0,0.0,0.0,0.0,1.0
2017-09-04,0.0,0.0,0.0,0.0,1.0
2017-09-05,0.0,0.0,0.0,0.0,1.0
2017-09-06,0.0,0.0,0.0,0.0,1.0
2017-09-07,0.0,0.0,0.0,0.0,1.0
2017-09-08,0.0,0.0,0.0,0.0,1.0
2017-09-11,0.0,0.0,0.0,0.0,1.0
2017-09-12,0.0,0.0,0.0,0.0,1.0
2017-09-13,0.0,0.0,0.0,0.0,1.0
2017-09-14,0.0,0.0,0.0,0.0,1.0
2017-09-15,0.0,0.0,0.0,0.0,1.0
2017-09-18,0.0,0.0,0.0,0.0,1.0
2017-09-19,0.0,0.0,0.0,0.0,1.0
2017-09-20,0.0,0.0,0.0,0.0,1.0
2017-09-21,0.0,0.0,0.0,0.0,1.0
2017-09-22,0.0,0.0,0.0,0.0,1.0
2017-09-25,0.0,0.0,0.0,0.0,1.0
2017-09-26,0.0,0.0,0.0,0.0,1.0
2017-09-27,0.0,0.0,0.0,0.0,1.0
2017-09-28,0.0,0.0,0.0,0.0,1.0
2017-09-29,0.0,0.0,0.0,0.0,1.0
2017-09-30,0.0,0.0,0.0,0.0,1.0
2017-10-02,0.0,0.0,0.0,0.0,1.0
2017-10-03,0.0,0.0,0.0,0.0,1.0
2017-10-05,0.0,0.0,0.0,0.0,1.0
2017-10-06,0.0,0.0,0.0,0.0,1.0
2017-10-11,0.0,0.0,0.0,0.0,1.0
2017-10-12,0.0,0.0,0.0,0.0,1.0
2017-10-13,0.0,0.0,0.0,0.0,1.0
2017-10-16,0.0,0.0,0.0,0.0,1.0
2017-10-17,0.0,0.0,0.0,0.0,1.0
2017-10-18,0.0,0.0,0.0,0.0,1.0
2017-10-19,0.0,0.0,0.0,0.0,1.0
2017-10-20,0.0,0.0,0.0,0.0,1.0
2017-10-23,0.0,0.0,0.0,0.0,1.0
2017-10-24,0.0,0.0,0.0,0.0,1.0
2017-10-25,0.0,0.0,0.0,0.0,1.0
2017-10-26,0.0,0.0,0.0,0.0,1.0
2017-10-27,0.0,0.0,0.0,0.0,1.0
2017-10-30,0.0,0.0,0.0,0.0,1.0
2017-10-31,0.0,0.0,0.0,0.0,1.0
2017-11-01,0.0,0.0,0.0,0.0,1.0
2017-11-02,0.0,0.0,0.0,0.0,1.0
2017-11-03,0.0,0.0,0.0,0.0,1.0
2017-11-06,0.0,0.0,0.0,0.0,1.0
2017-11-07,0.0,0.0,0.0,0.0,1.0
2017-11-08,0.0,0.0,0.0,0.0,1.0
2017-11-09,0.0,0.0,0.0,0.0,1.0
2017-11-10,0.0,0.0,0.0,0.0,1.0
2017-11-13,0.0,0.0,0.0,0.0,1.0
2017-11-14,0.0,0.0,0.0,0.0,1.0
2017-11-15,0.0,0.0,0.0,0.0,1.0
2017-11-16,0.0,0.0,0.0,0.0,1.0
2017-11-17,0.0,0.0,0.0,0.0,1.0
2017-11-20,0.0,0.0,0.0,0.0,1.0
2017-11-21,0.0,0.0,0.0,0.0,1.0
2017-11-22,0.0,0.0,0.0,0.0,1.0
2017-11-23,0.0,0.0,0.0,0.0,1.0
2017-11-24,0.0,0.0,0.0,0.0,1.0
2017-11-27,0.0,0.0,0.0,0.0,1.0
2017-11-28,0.0,0.0,0.0,0.0,1.0
2017-11-29,0.0,0.0,0.0,0.0,1.0
2017-11-30,0.0,0.0,0.0,0.0,1.0
2017-12-01,0.0,0.0,0.0,0.0,1.0
2017-12-04,0.0,0.0,0.0,0.0,1.0
2017-12-05,0.0,0.0,0.0,0.0,1.0
2017-12-06,0.0,0.0,0.0,0.0,1.0
2017-12-07,0.0,0.0,0.0,0.0,1.0
2017-12-08,0.0,0.0,0.0,0.0,1.0
2017-12-11,0.0,0.0,0.0,0.0,1.0
2017-12-12,0.0,0.0,0.0,0.0,1.0
2017-12-13,0.0,0.0,0.0,0.0,1.0
2017-12-14,0.0,0.0,0.0,0.0,1.0
2017-12-15,0.0,0.0,0.0,0.0,1.0
2017-12-18,0.0,0.0,0.0,0.0,1.0
2017-12-19,0.0,0.0,0.0,0.0,1.0
2017-12-20,0.0,0.0,0.0,0.0,1.0
2017-12-21,0.0,0.0,0.0,0.0,1.0
2017-12-22,0.0,0.0,0.0,0.0,1.0
2017-12-25,0.0,0.0,0.0,0.0,1.0
2017-12-26,0.0,0.0,0.0,0.0,1.0
2017-12-27,0.0,0.0,0.0,0.0,1.0
2017-12-28,0.0,0.0,0.0,0.0,1.0
2017-12-29,0.0,0.0,0.0,0.0,1.0
2018-01-02,0.0,0.0,0.0,0.0,1.0
2018-01-03,0.0,0.0,0.0,0.0,1.0
2018-01-04,0.0,0.0,0.0,0.0,1.0
2018-01-05,0.0,0.0,0.0,0.0,1.0
2018-01-08,0.0,0.0,0.0,0.0,1.0
2018-01-09,0.0,0.0,0.0,0.0,1.0
2018-01-10,0.0,0.0,0.0,0.0,1.0
2018-01-11,0.0,0.0,0.0,0.0,1.0
2018-01-12,0.0,0.0,0.0,0.0,1.0
2018-01-15,0.0,0.0,0.0,0.0,1.0
2018-01-16,0.0,0.0,0.0,0.0,1.0
2018-01-17,0.0,0.0,0.0,0.0,1.0
2018-01-18,0.0,0.0,0.0,0.0,1.0
2018-01-19,0.0,0.0,0.0,0.0,1.0
2018-01-22,0.0,0.0,0.0,0.0,1.0
2018-01-23,0.0,0.0,0.0,0.0,1.0
2018-01-24,0.0,0.0,0.0,0.0,1.0
2018-01-25,0.0,0.0,0.0,0.0,1.0
2018-01-26,0.0,0.0,0.0,0.0,1.0
2018-01-29,0.0,0.0,0.0,0.0,1.0
2018-01-30,0.0,0.0,0.0,0.0,1.0
2018-01-31,0.0,0.0,0.0,0.0,1.0
2018-02-01,0.0,0.0,0.0,0.0,1.0
2018-02-02,-0.0044065590272486695,-0.006706559027248669,1.0,0.0023,0.9932934409727513
2018-02-05,-0.01290859142520387,-0.01290859142520387,0.0,0.0,0.9804714217778993
2018-02-06,-0.042176445522153105,-0.042176445522153105,0.0,0.0,0.9391186222712556
2018-02-07,0.014757688240089398,0.014757688240089398,0.0,0.0,0.9529778421191972
2018-02-08,7.788710766383879e-05,7.788710766383879e-05,0.0,0.0,0.9530520668069876
2018-02-09,-0.008065187526103806,-0.008065187526103806,0.0,0.0,0.9453655231660484
2018-02-12,0.004905090068435127,0.004905090068435127,0.0,0.0,0.9500026262047712
2018-02-21,0.021775091372780272,0.021775091372780272,0.0,0.0,0.9706890201947613
2018-02-22,0.0012695487358369672,0.0012695487358369672,0.0,0.0,0.9719213572132404
2018-02-23,0.008084174313338244,0.008084174313338244,0.0,0.0,0.9797785388838084
2018-02-26,0.004460451369798582,0.004460451369798582,0.0,0.0,0.9841487934096719
2018-02-27,-0.0027523511995426963,-0.0027523511995426963,0.0,0.0,0.9814400702976023
2018-03-01,0.0009677176236784732,0.0009677176236784732,0.0,0.0,0.9823898271502135
2018-03-02,-0.006142996120287056,-0.006142996120287056,0.0,0.0,0.9763550102534203
2018-03-05,-0.007828860127338041,-0.007828860127338041,0.0,0.0,0.9687112634435205
2018-03-06,0.007809033696362911,0.007809033696362911,0.0,0.0,0.9762759623417974
2018-03-07,0.000564831180446565,0.000564831180446565,0.0,0.0,0.9768273934460484
2018-03-08,0.005877228760677499,0.005877228760677499,0.0,0.0,0.9825684314970271
2018-03-09,0.0011873366306627917,0.0011873366306627917,0.0,0.0,0.9837350709878764
2018-03-12,0.007832801605766436,0.007832801605766436,0.0,0.0,0.991440472631559
2018-03-13,0.004598312373341359,0.004598312373341359,0.0,0.0,0.995999425624292
2018-03-14,-0.0015951214650872037,-0.0015951214650872037,0.0,0.0,0.9944106855612641
2018-03-15,0.00011909819680796152,0.00011909819680796152,0.0,0.0,0.994529118080801
2018-03-16,0.005649161939981463,0.005649161939981463,0.0,0.0,1.0001473741228664
2018-03-19,0.0003566547005418916,0.0003566547005418916,0.0,0.0,1.0005040813850818
2018-03-20,-0.0016816290199199557,-0.0016816290199199557,0.0,0.0,0.9988216046872763
2018-03-21,0.0008670691755207456,0.0008670691755207456,0.0,0.0,0.9996876521125448
2018-03-22,0.0004911829916654716,0.0004911829916654716,0.0,0.0,1.0001786816842404
2018-03-23,-0.01201572584309478,-0.01201572584309478,0.0,0.0,0.9881608088510146
2018-03-26,0.0026546985880109616,0.0026546985880109616,0.0,0.0,0.9907840779549991
2018-03-27,0.00698866978124511,0.00698866978124511,0.0,0.0,0.9977083407003421
2018-03-28,-0.004285811917219103,-0.004285811917219103,0.0,0.0,0.9934323504038597
2018-03-29,-0.001337155283383783,-0.001337155283383783,0.0,0.0,0.9921039770878328
2018-03-30,0.006267366233801174,0.006267366233801174,0.0,0.0,0.9983218560542528
2018-03-31,0.0018541256131515416,0.0018541256131515416,0.0,0.0,1.000172870177732
2018-04-02,-0.0023500008057589106,-0.0023500008057589106,0.0,0.0,0.9978224631269161
2018-04-03,-0.005170618343754806,-0.005170618343754806,0.0,0.0,0.9926631039952616
2018-04-09,0.008393671249644586,0.008393671249644586,0.0,0.0,1.0009951917518496
2018-04-10,0.004650314264843783,0.004650314264843783,0.0,0.0,1.0056501339710933
2018-04-11,0.001555445755191739,0.001555445755191739,0.0,0.0,1.0072143682031867
2018-04-12,0.0010671818425533977,0.0010671818425533977,0.0,0.0,1.008289249088492
2018-04-13,-0.0006262754983921424,-0.0006262754983921424,0.0,0.0,1.0076577822364958
2018-04-16,-0.0013745083949020032,-0.0013745083949020032,0.0,0.0,1.0062727481556233
2018-04-17,-0.007915585987083164,-0.007915585987083164,0.0,0.0,0.9983075096911389
2018-04-18,0.004311185731549525,0.004311185731549525,0.0,0.0,1.002611398782618
2018-04-19,0.008324431189158845,0.008324431189158845,0.0,0.0,1.0109575683812502
2018-04-20,-0.0027621475059168067,-0.0027621475059168067,0.0,0.0,1.0081651544551582
2018-04-23,-0.0008053316337491724,-0.0008053316337491724,0.0,0.0,1.007353247164232
2018-04-24,-0.011069330700877539,-0.011069330700877539,0.0,0.0,0.9962025209387682
2018-04-25,0.0007689834204991777,0.0007689834204991777,0.0,0.0,0.9969685841608296
2018-04-26,-0.0025819489222508865,-0.0025819489222508865,0.0,0.0,0.9943944621994376
2018-04-27,0.004641530854886397,0.004641530854886397,0.0,0.0,0.9990099747776645
2018-04-30,0.008861409364329982,0.008861409364329982,0.0,0.0,1.0078626111232183
2018-05-02,0.0008621354127041749,0.0008621354127041749,0.0,0.0,1.008731525171408
2018-05-03,-0.007299111730590518,-0.007299111730590518,0.0,0.0,1.001368681063013
2018-05-04,-0.0007387528946151361,-0.0007387528946151361,0.0,0.0,1.0006289170513007
2018-05-07,0.0023287431967162287,0.0023287431967162287,0.0,0.0,1.0029591248343215
2018-05-08,0.004847794636596951,0.004847794636596951,0.0,0.0,1.0078212647004194
2018-05-09,-0.0016800506376422981,-0.0016800506376422981,0.0,0.0,1.00612807394203
2018-05-10,0.0024414774662663563,0.0024414774662663563,0.0,0.0,1.0085845129627375
2018-05-11,0.005603934364426634,0.005603934364426634,0.0,0.0,1.0142365543743581
2018-05-14,0.004100217992499697,0.004100217992499697,0.0,0.0,1.0183951453432547
2018-05-15,-0.002105896010037434,-0.002105896010037434,0.0,0.0,1.0162505110700348
2018-05-16,0.005543233187574282,0.005543233187574282,0.0,0.0,1.0218838246298876
2018-05-17,0.00017221868592176597,0.00017221868592176597,0.0,0.0,1.02205981211933
2018-05-18,0.0034378361003237394,0.0034378361003237394,0.0,0.0,1.025573486238124
2018-05-21,0.0078484604098276,0.0078484604098276,0.0,0.0,1.0336226591422328
2018-05-22,-0.0031714040015423067,-0.0031714040015423067,0.0,0.0,1.0303446241049443
2018-05-23,-0.001384712413476794,-0.001384712413476794,0.0,0.0,1.028917893113787
2018-05-24,0.004360044780542632,0.004360044780542632,0.0,0.0,1.0334040212032647
2018-05-25,0.0009022136847407323,0.0009022136847407323,0.0,0.0,1.0343363724530603
2018-05-28,0.003723899597689507,0.003723899597689507,0.0,0.0,1.038188137254314
2018-05-29,-0.0016686106884690765,-0.0016686106884690765,0.0,0.0,1.0364558054318496
2018-05-30,-0.012195931582684559,-0.012195931582684559,0.0,0.0,1.0238152613403266
2018-05-31,0.007864578887280585,0.007864578887280585,0.0,0.0,1.0318671372291395
2018-06-01,0.004522917546874232,0.004522917546874232,0.0,0.0,1.0365341872101559
2018-06-04,0.008244437408742254,0.008244437408742254,0.0,0.0,1.0450798284386316
2018-06-05,0.0018485780056699608,0.0018485780056699608,0.0,0.0,1.0470117400236527
2018-06-06,0.0062651475346953535,0.0062651475346953535,0.0,0.0,1.053571423045459
2018-06-07,0.004208703118545392,0.004208703118545392,0.0,0.0,1.0580055923792406
2018-06-08,-0.004259088593687048,-0.004259088593687048,0.0,0.0,1.0534994528286812
2018-06-11,0.000277983396974842,0.000277983396974842,0.0,0.0,1.0537923081852896
2018-06-12,-0.0017179429406862816,-0.0017179429406862816,0.0,0.0,1.051981953128493
2018-06-13,-0.002375121760634316,-0.002375121760634316,0.0,0.0,1.049483367899823
2018-06-14,-0.01038463475375108,-0.01038463475375108,0.0,0.0,1.0385848664440467
2018-06-15,0.0012196873039648482,0.0012196873039648482,0.0,0.0,1.0398516152197386
2018-06-19,-0.01031467750521194,-0.01031467750521194,0.0,0.0,1.029125881155473
2018-06-20,0.0033492581430076664,0.0033492581430076664,0.0,0.0,1.032572689393113
2018-06-21,0.003080393961301213,0.003080393961301213,0.0,0.0,1.0357534200701242
2018-06-22,-0.001985539064402437,-0.001985539064402437,0.0,0.0,1.0336968911934865
2018-06-25,-0.0026192113807177618,-0.0026192113807177618,0.0,0.0,1.03098942053186
2018-06-26,-0.0025208331458221444,-0.0025208331458221444,0.0,0.0,1.0283904682275913
2018-06-27,-0.0038164001371965165,-0.0038164001371965165,0.0,0.0,1.024465718703556
2018-06-28,-0.005043361872726349,-0.005043361872726349,0.0,0.0,1.0192989673579311
2018-06-29,0.012666276803530503,0.012666276803530503,0.0,0.0,1.0322096902240396
2018-07-02,-0.005739832564828823,-0.005739832564828823,0.0,0.0,1.02628497943036
2018-07-03,-0.006829308401932701,-0.006829308401932701,0.0,0.0,1.0192761627975588
2018-07-04,0.0019351013621111855,0.0019351013621111855,0.0,0.0,1.021248565488556
2018-07-05,-0.007014786625433738,-0.007014786625433738,0.0,0.0,1.0140847247101235
2018-07-06,-0.002520838888271418,-0.002520838888271418,0.0,0.0,1.011528380500072
2018-07-09,0.009023495294112165,0.009023495294112165,0.0,0.0,1.0206559020813755
2018-07-10,0.002637683681901725,0.002637683681901725,0.0,0.0,1.0233480694991322
2018-07-11,-0.007232901312234819,-0.007232901312234819,0.0,0.0,1.0159462939043788
2018-07-12,0.004845900468229051,0.004845900468229051,0.0,0.0,1.0208694685257056
2018-07-13,0.005958597699004572,0.005958597699004572,0.0,0.0,1.0269524189918469
2018-07-16,-0.00355770778147724,-0.00355770778147724,0.0,0.0,1.0232988223795927
2018-07-17,-2.3696308335310326e-06,-2.3696308335310326e-06,0.0,0.0,1.0232963975391511
2018-07-18,0.003503676371109727,0.003503676371109727,0.0,0.0,1.026881696947851
2018-07-19,-0.004184152123833792,-0.004184152123833792,0.0,0.0,1.0225850677146404
2018-07-20,-6.843418447304229e-05,-6.843418447304229e-05,0.0,0.0,1.022515087939477
2018-07-23,-0.0022064575686175716,-0.0022064575686175716,0.0,0.0,1.0202589517846674
2018-07-24,0.005818538133686584,0.005818538133686584,0.0,0.0,1.0261953674018616
2018-07-25,-0.0009070992577475242,-0.0009070992577475242,0.0,0.0,1.0252645063457873
2018-07-26,0.0030934828648951527,0.0030934828648951527,0.0,0.0,1.0284361445281531
2018-07-27,0.0010988165161480096,0.0010988165161480096,0.0,0.0,1.0295662071495644
2018-07-30,-0.0025505710231916406,-0.0025505710231916406,0.0,0.0,1.0269402254151514
2018-07-31,0.005776963056392017,0.005776963056392017,0.0,0.0,1.0328728211584977
2018-08-01,0.002369654299770165,0.002369654299770165,0.0,0.0,1.0353203726802718
2018-08-02,-0.012032868335995076,-0.012032868335995076,0.0,0.0,1.0228624989502368
2018-08-03,0.006121177826931473,0.006121177826931473,0.0,0.0,1.0291236221988107
2018-08-06,0.0028160366539175643,0.0028160366539175643,0.0,0.0,1.032021672040335
2018-08-07,0.0010851260008001664,0.0010851260008001664,0.0,0.0,1.0331415455900552
2018-08-08,0.0034321310747665095,0.0034321310747665095,0.0,0.0,1.0366874227933072
2018-08-09,-0.005224368653158197,-0.005224368653158197,0.0,0.0,1.0312713855185425
2018-08-10,-0.003052220902642553,-0.003052220902642553,0.0,0.0,1.0281237174393656
2018-08-13,-0.016667845945845628,-0.016667845945845628,0.0,0.0,1.0109871097038161
2018-08-14,0.006191096423690954,0.006191096423690954,0.0,0.0,1.017246228383101
2018-08-15,-0.011585243150098824,-0.011585243150098824,0.0,0.0,1.005461183483762
2018-08-16,-0.005655627889650773,-0.005655627889650773,0.0,0.0,0.9997746691724898
2018-08-17,0.0005629058460242588,0.0005629058460242588,0.0,0.0,1.0003374481784741
2018-08-20,0.0018290924763057835,0.0018290924763057835,0.0,0.0,1.0021671578787044
2018-08-21,0.007017723727018826,0.007017723727018826,0.0,0.0,1.0092000901209888
2018-08-22,0.0013504690381232808,0.0013504690381232808,0.0,0.0,1.0105629835959682
2018-08-23,0.003970722449778062,0.003970722449778062,0.0,0.0,1.0145756487218474
2018-08-24,-0.007490501905977475,-0.007490501905977475,0.0,0.0,1.0069759678913381
2018-08-27,0.007509421623473414,0.007509421623473414,0.0,0.0,1.0145377749989395
2018-08-28,0.004489723331651674,0.004489723331651674,0.0,0.0,1.0190927689181941
2018-08-29,0.0016277101221966828,0.0016277101221966828,0.0,0.0,1.0207515565336196
2018-08-30,-0.0030602779315391845,-0.0030602779315391845,0.0,0.0,1.0176277730715755
2018-08-31,0.0038066496256431953,0.0038066496256431953,0.0,0.0,1.0215015254529827
2018-09-03,-0.010489771771965003,-0.010489771771965003,0.0,0.0,1.0107862075862668
2018-09-04,0.001950796443302585,0.001950796443302585,0.0,0.0,1.0127580457249654
2018-09-05,-0.0118762221906787,-0.0118762221906787,0.0,0.0,1.0007303061485382
2018-09-06,-0.004054715568249334,-0.004054715568249334,0.0,0.0,0.9966726293965789
2018-09-07,-0.008913700074707386,-0.008913700074707386,0.0,0.0,0.9877885885054678
2018-09-10,-0.010329091208058206,-0.010329091208058206,0.0,0.0,0.9775856300805157
2018-09-11,0.006719925313890873,0.006719925313890873,0.0,0.0,0.9841549325025896
2018-09-12,-0.0010036248881562244,-0.0010036248881562244,0.0,0.0,0.9831672101185283
2018-09-13,0.005684190430277361,0.005684190430277361,0.0,0.0,0.9887557197656465
2018-09-14,0.005986605565321105,0.005986605565321105,0.0,0.0,0.9946750102603386
2018-09-17,-0.0005106002186511734,-0.0005106002186511734,0.0,0.0,0.9941671289826128
2018-09-18,0.0010375770728199662,0.0010375770728199662,0.0,0.0,0.9951986540021964
2018-09-19,0.007012160433107344,0.007012160433107344,0.0,0.0,1.0021771466268723
2018-09-20,-0.0040232893487912175,-0.0040232893487912175,0.0,0.0,0.9981450979872464
2018-09-21,0.01274446102879948,0.01274446102879948,0.0,0.0,1.010865919289632
2018-09-25,0.0006251268435847434,0.0006251268435847434,0.0,0.0,1.0114978387110451
2018-09-26,-0.002236029980784354,-0.002236029980784354,0.0,0.0,1.0092360992181888
2018-09-27,0.004966912600834978,0.004966912600834978,0.0,0.0,1.014248886716613
2018-09-28,-0.0014348754381742967,-0.0014348754381742967,0.0,0.0,1.0127935659008678
2018-10-01,0.0020141397054235536,0.0020141397054235536,0.0,0.0,1.0148334736353464
2018-10-02,-0.00871635858694757,-0.00871635858694757,0.0,0.0,1.005987821173103
2018-10-03,-0.0031563759108989052,-0.0031563759108989052,0.0,0.0,1.0028125454476946
2018-10-04,-0.007081079918274627,-0.007081079918274627,0.0,0.0,0.995711549670331
2018-10-05,-0.013054041429518059,-0.013054041429518059,0.0,0.0,0.9827134898490849
2018-10-08,-0.00019729176157785042,-0.00019729176157785042,0.0,0.0,0.9825196085735463
2018-10-09,0.0026742103874728075,0.0026742103874728075,0.0,0.0,0.9851470727166893
2018-10-11,-0.05377392676337063,-0.05377392676337063,0.0,0.0,0.9321718461772731
2018-10-12,0.015576882261050595,0.015576882261050595,0.0,0.0,0.9466921772722428
2018-10-15,-0.012562981620736864,-0.012562981620736864,0.0,0.0,0.9347989008486762
2018-10-16,0.0013593448781578075,0.0013593448781578075,0.0,0.0,0.9360696149466523
2018-10-17,-0.0006953969366395653,-0.0006953969366395653,0.0,0.0,0.935418675003937
2018-10-18,-9.940968713373984e-05,-9.940968713373984e-05,0.0,0.0,0.9353256853261158
2018-10-19,-0.004216765607095174,-0.004216765607095174,0.0,0.0,0.9313816361448
2018-10-22,0.004089214662430547,0.004089214662430547,0.0,0.0,0.9351902555876418
2018-10-23,-0.012565765551424489,-0.012565765551424489,0.0,0.0,0.9234388740899507
2018-10-24,-0.0036633557831657615,-0.0036633557831657615,0.0,0.0,0.9200559889501532
2018-10-25,-0.01859691683416775,-0.01859691683416775,0.0,0.0,0.9029457842408692
2018-10-26,-0.0005909011393376762,-0.0005909011393376762,0.0,0.0,0.9024122325482011
2018-10-29,0.00034928542224043604,0.00034928542224043604,0.0,0.0,0.9027274319858817
2018-10-30,0.003870341035983426,0.003870341035983426,0.0,0.0,0.9062212950102047
2018-10-31,0.020185194040448842,0.020185194040448842,0.0,0.0,0.9245135476935725
2018-11-01,0.00236075121426217,0.00236075121426217,0.0,0.0,0.9266960941738921
2018-11-02,0.01008034264189234,0.01008034264189234,0.0,0.0,0.9360375083280682
2018-11-05,0.0011324926673883858,0.0011324926673883858,0.0,0.0,0.9370975639426502
2018-11-06,-0.004234131504981501,-0.004234131504981501,0.0,0.0,0.9331297696239191
2018-11-07,0.010643874432318911,0.010643874432318911,0.0,0.0,0.9430618857208548
2018-11-08,0.004561172881430627,0.004561172881430627,0.0,0.0,0.9473633540195155
2018-11-09,-0.00603465531487148,-0.00603465531487148,0.0,0.0,0.9416463427200672
2018-11-12,-0.00035692002781221536,-0.00035692002781221536,0.0,0.0,0.9413102502812343
2018-11-13,-0.0007923755997384545,-0.0007923755997384545,0.0,0.0,0.9405643790071277
2018-11-14,0.004724264076976708,0.004724264076976708,0.0,0.0,0.945007853514955
2018-11-15,0.0004931015746284918,0.0004931015746284918,0.0,0.0,0.9454738383755595
2018-11-16,0.0013991124968455414,0.0013991124968455414,0.0,0.0,0.9467966626382713
2018-11-19,0.007116094402599993,0.007116094402599993,0.0,0.0,0.9535341570696719
2018-11-20,-0.004996863448551594,-0.004996863448551594,0.0,0.0,0.9487694770932651
2018-11-21,0.0005770637852353473,0.0005770637852353473,0.0,0.0,0.9493169775990323
2018-11-22,-0.003092637815972811,-0.003092637815972811,0.0,0.0,0.9463810840147645
2018-11-23,-0.0045289564510404565,-0.0045289564510404565,0.0,0.0,0.9420949652991731
2018-11-26,0.004951705030693567,0.004951705030693567,0.0,0.0,0.9467599416782361
2018-11-27,0.00027693698958026385,0.00027693698958026385,0.0,0.0,0.9470221345263397
2018-11-28,0.00862504072960632,0.00862504072960632,0.0,0.0,0.955190239008468
2018-11-29,-0.0023971802814396507,-0.0023971802814396507,0.0,0.0,0.9529004758024933
2018-11-30,0.003887425963122672,0.003887425963122672,0.0,0.0,0.9566048058523999
2018-12-03,0.013640083462815943,0.013640083462815943,0.0,0.0,0.9696529752451575
2018-12-04,-0.0007531801586128051,-0.0007531801586128051,0.0,0.0,0.9689226518634629
2018-12-05,-0.010022530835059128,-0.010022530835059128,0.0,0.0,0.9592115947083741
2018-12-06,-0.015417418937850393,-0.015417418937850393,0.0,0.0,0.9444230277027116
2018-12-07,0.005862422524926813,0.005862422524926813,0.0,0.0,0.9499596345333756
2018-12-10,-0.01132997023667387,-0.01132997023667387,0.0,0.0,0.9391966201480709
2018-12-11,0.000368544242246337,0.000368544242246337,0.0,0.0,0.9395427556547636
2018-12-12,0.0055834770422450684,0.0055834770422450684,0.0,0.0,0.9447886710611698
2018-12-13,0.004742998072313067,0.004742998072313067,0.0,0.0,0.9492698019067561
2018-12-14,-0.003450661605699443,-0.003450661605699443,0.0,0.0,0.9459941930478666
2018-12-17,-0.0008013845600751936,-0.0008013845600751936,0.0,0.0,0.9452360879076372
2018-12-18,-0.00975020750603317,-0.00975020750603317,0.0,0.0,0.9360198399083468
2018-12-19,0.004823285501858666,0.004823285501858666,0.0,0.0,0.9405345308316287
2018-12-20,-0.0067144446227745715,-0.0067144446227745715,0.0,0.0,0.9342193638085525
2018-12-21,-0.0021853090001630695,-0.0021853090001630695,0.0,0.0,0.932177805824695
2018-12-22,2.7434109772809883e-05,2.7434109772809883e-05,0.0,0.0,0.9322033792929477
2018-12-24,0.005786253763673364,0.005786253763673364,0.0,0.0,0.9375973446048904
2018-12-25,-0.01081038952362817,-0.01081038952362817,0.0,0.0,0.9274615520933922
2018-12-26,-0.005287786303135658,-0.005287786303135658,0.0,0.0,0.9225573336015478
2018-12-27,0.010181878108095758,0.010181878108095758,0.0,0.0,0.9319506999200086
2018-12-28,0.0074223697152819915,0.0074223697152819915,0.0,0.0,0.9388679825712307
2019-01-02,-0.010052862607036554,-0.010052862607036554,0.0,0.0,0.9294296717362965
2019-01-03,-0.0008959815967627864,-0.0008959815967627864,0.0,0.0,0.9285969198549355
2019-01-04,-0.0031405901008094025,-0.0031405901008094025,0.0,0.0,0.925680577560797
2019-01-07,0.01686874216153518,0.01686874216153518,0.0,0.0,0.9412956445476112
2019-01-08,-0.003324447076482624,-0.003324447076482624,0.0,0.0,0.9381663569939891
2019-01-09,0.014216314499946668,0.014216314499946668,0.0,0.0,0.951503624978285
2019-01-10,-0.0013039717368777915,-0.0013039717368777915,0.0,0.0,0.9502628911437766
2019-01-11,-0.0018594552896824754,-0.0018594552896824754,0.0,0.0,0.9484959197842504
2019-01-14,-0.005596014394908132,-0.005596014394908132,0.0,0.0,0.9431881229636262
2019-01-15,0.0071450957623347125,0.0071450957623347125,0.0,0.0,0.949927292424098
2019-01-16,-0.002848216659268111,-0.002848216659268111,0.0,0.0,0.9472216936847222
2019-01-17,0.0011201554931400616,0.0011201554931400616,0.0,0.0,0.9482827292681246
2019-01-18,0.0045640255893003995,0.0045640255893003995,0.0,0.0,0.952610715910396
2019-01-21,0.0018310408224103498,0.0018310408224103498,0.0,0.0,0.9543549850190934
2019-01-22,-0.001314732686059114,-0.001314732686059114,0.0,0.0,0.9531002633261854
2019-01-23,0.00024822352923662214,0.00024822352923662214,0.0,0.0,0.9533368452372646
2019-01-24,0.0012229969962890312,0.0012229969962890312,0.0,0.0,0.9545027733354415
2019-01-25,0.00558747810400897,0.00558747810400897,0.0,0.0,0.9598360366816693
2019-01-28,0.0017849640946197207,0.0017849640946197207,0.0,0.0,0.9615493095438682
2019-01-29,-0.0006913834690911082,-0.0006913834690911082,0.0,0.0,0.9608845102465335
2019-01-30,0.00010380332326359555,0.00010380332326359555,0.0,0.0,0.9609842532519697
2019-02-11,-0.0020707602805132776,-0.0020707602805132776,0.0,0.0,0.9589942852301369
2019-02-12,0.005484519801054865,0.005484519801054865,0.0,0.0,0.9642539083765801
2019-02-13,0.00276563561808894,0.00276563561808894,0.0,0.0,0.9669206833304679
2019-02-14,-0.0007515944974072682,-0.0007515944974072682,0.0,0.0,0.9661939510654475
2019-02-15,-0.0025005659290282013,-0.0025005659290282013,0.0,0.0,0.96377791939058
2019-02-18,0.006447541558312417,0.006447541558312417,0.0,0.0,0.9699919175788347
2019-02-19,0.0003991621119407546,0.0003991621119407546,0.0,0.0,0.970379101601221
2019-02-20,0.006351877019381521,0.00553174448307794,0.3565793636102527,0.0008201325363035812,0.9757469908429978
2019-02-21,0.003106092649157839,0.003106092649157839,0.0,0.0,0.9787777513986929
2019-02-22,0.0019330126805137695,0.0019330126805137695,0.0,0.0,0.9806697412035513
2019-02-25,0.003050735643756287,0.003050735643756287,0.0,0.0,0.9836615053377943
2019-02-26,0.00033348468170840673,0.00033348468170840673,0.0,0.0,0.9839895413818107
2019-02-27,0.003512345503287666,0.003512345503287666,0.0,0.0,0.9874456526227653
2019-03-04,-0.0034374858101315587,-0.0034374858101315587,0.0,0.0,0.9840513222035984
2019-03-05,-0.0018075570638724347,-0.0018075570638724347,0.0,0.0,0.9822725932849362
2019-03-06,0.0031368485902572947,0.0031368485902572947,0.0,0.0,0.9853538336844303
2019-03-07,-0.0032203293845206277,-0.0032203293845206277,0.0,0.0,0.9821806697796662
2019-03-08,-0.0039883842769275766,-0.0039883842769275766,0.0,0.0,0.9782633558392148
2019-03-11,-0.0009114475892734586,-0.0009114475892734586,0.0,0.0,0.9773717200618606
2019-03-12,0.007915932216424507,0.007915932216424507,0.0,0.0,0.9851085283481206
2019-03-13,-0.0003711438500786686,-0.0003711438500786686,0.0,0.0,0.9847429113761641
2019-03-14,-0.0032897204397509005,-0.0032897204397509005,0.0,0.0,0.9815033824927101
2019-03-15,0.005894035224021105,0.005894035224021105,0.0,0.0,0.9872883980016179
2019-03-18,0.00654509968920818,0.00654509968920818,0.0,0.0,0.9937502989885373
2019-03-19,0.0012070817360847281,0.0012070817360847281,0.0,0.0,0.9949498368246751
2019-03-20,0.0023662427706678756,0.0023662427706678756,0.0,0.0,0.9973041296832387
2019-03-21,0.0023701787951634053,0.0023701787951634053,0.0,0.0,0.9996679187837427
2019-03-22,-0.0023764331646109363,-0.0023764331646109363,0.0,0.0,0.9972922747879475
2019-03-25,-0.005332903304237637,-0.005332903304237637,0.0,0.0,0.9919738115204402
2019-03-26,0.004286281849309214,0.004286281849309214,0.0,0.0,0.9962256908637503
2019-03-27,-0.0028044391856493116,-0.0028044391856493116,0.0,0.0,0.9934318364985415
2019-03-28,-0.0011408157781069583,-0.0011408157781069583,0.0,0.0,0.9922985137849901
2019-03-29,0.008411511237042464,0.008411511237042464,0.0,0.0,1.000645243884193
2019-04-01,-0.003971143524136579,-0.003971143524136579,0.0,0.0,0.9966715380039842
2019-04-02,0.00043492939089824554,0.00043492939089824554,0.0,0.0,0.997105019748934
2019-04-03,0.0015819535420149183,0.0015819535420149183,0.0,0.0,0.9986823935666866
2019-04-08,0.003546201552296973,0.003546201552296973,0.0,0.0,1.0022239226210043
2019-04-09,0.003987665069386246,0.003987665069386246,0.0,0.0,1.0062204559489434
2019-04-10,0.00020776006142144798,0.00020776006142144798,0.0,0.0,1.0064295083726749
2019-04-11,-0.0025629902788372547,-0.0025629902788372547,0.0,0.0,1.0038500393263807
2019-04-12,0.0009744358536813205,0.0009744358536813205,0.0,0.0,1.00482822679642
2019-04-15,0.002541901970224688,0.002541901970224688,0.0,0.0,1.007382401645851
2019-04-16,0.0016789182629084853,0.0016789182629084853,0.0,0.0,1.0090737143577069
2019-04-17,0.0025946366079256447,0.0025946366079256447,0.0,0.0,1.011691893957075
2019-04-18,-0.006290604377119124,-0.006290604377119124,0.0,0.0,1.0053277405006527
2019-04-19,0.0026703930877819545,0.0026703930877819545,0.0,0.0,1.0080123607498412
2019-04-22,0.0005341452130177272,0.0005341452130177272,0.0,0.0,1.0085507857269984
2019-04-23,0.0030062912330269553,0.0030062912330269553,0.0,0.0,1.0115827831121917
2019-04-24,0.0014135255543037749,0.0014135255543037749,0.0,0.0,1.0130126812264144
2019-04-25,3.648810772929225e-05,3.648810772929225e-05,0.0,0.0,1.013049644142258
2019-04-26,-2.0026188143983318e-05,-2.0026188143983318e-05,0.0,0.0,1.0130293566194852
2019-04-29,0.004380527068894672,0.004380527068894672,0.0,0.0,1.0174669591377417
2019-04-30,0.0025774634811495186,0.0025774634811495186,0.0,0.0,1.0200894430681955
2019-05-02,0.003088134454684675,0.003088134454684675,0.0,0.0,1.0232396164241946
2019-05-03,0.000163974841853717,0.000163974841853717,0.0,0.0,1.0234074019784762
2019-05-06,-0.014197588631606832,-0.014197588631606832,0.0,0.0,1.0088774846826443
2019-05-07,0.005299019368098334,0.005299019368098334,0.0,0.0,1.014223546014016
2019-05-08,-0.004549655891709788,-0.004549655891709788,0.0,0.0,1.0096091778823826
2019-05-09,-0.011326104096869207,-0.011326104096869207,0.0,0.0,0.9981742392365321
2019-05-10,-0.002151642825618105,-0.002151642825618105,0.0,0.0,0.9960265247959621
2019-05-13,-0.006243989114466702,-0.006243989114466702,0.0,0.0,0.989807346017416
2019-05-14,-0.004193596422800824,-0.004193596422800824,0.0,0.0,0.9856564934718954
2019-05-15,0.002290702271033986,0.002290702271033986,0.0,0.0,0.9879143390399509
2019-05-16,-0.006788518201965847,-0.006788518201965847,0.0,0.0,0.9812078645673952
2019-05-17,-0.0005099215530895918,-0.0005099215530895918,0.0,0.0,0.9807075255291913
2019-05-20,0.009233068734497469,0.009233068734497469,0.0,0.0,0.9897624655208412
2019-05-21,0.010485384661165784,0.010485384661165784,0.0,0.0,1.0001405056950112
2019-05-22,-0.0042817860446672145,-0.0042817860446672145,0.0,0.0,0.9958581180350199
2019-05-23,-0.003339489690682066,-0.003339489690682066,0.0,0.0,0.9925324601164599
2019-05-24,0.0019127879113407234,0.0019127879113407234,0.0,0.0,0.994430964207784
2019-05-27,0.0029763530091543224,0.0029763530091543224,0.0,0.0,0.9973907418004999
2019-05-28,-0.0008672218646972815,-0.0008672218646972815,0.0,0.0,0.9965257827415639
2019-05-29,-0.0006871955743989918,-0.0006871955743989918,0.0,0.0,0.9958409746338894
2019-05-30,0.007709557334569262,0.007709557334569262,0.0,0.0,1.0035184677239428
2019-05-31,0.009123716303248692,0.009123716303248692,0.0,0.0,1.012674285528527
2019-06-03,-0.0010108634861994217,-0.0010108634861994217,0.0,0.0,1.011650610069873
2019-06-04,0.0002957498063522634,0.0002957498063522634,0.0,0.0,1.0119498055418974
2019-06-05,0.0015135209396255627,0.0015135209396255627,0.0,0.0,1.013481412762435
2019-06-06,0.004340070442266124,0.004340070442266124,0.0,0.0,1.0178799934857512
2019-06-10,0.00498412174558775,0.00498412174558775,0.0,0.0,1.0229532312956822
2019-06-11,-0.00476795736201799,-0.00476795736201799,0.0,0.0,1.0180758339055258
2019-06-12,-0.004967719845772315,-0.004967719845772315,0.0,0.0,1.0130183183809323
2019-06-13,-0.0007014366542026965,-0.0007014366542026965,0.0,0.0,1.0123077502010411
2019-06-14,0.0008421653449752083,0.0008421653449752083,0.0,0.0,1.0131602807067104
2019-06-17,0.0017213039899555906,0.0017213039899555906,0.0,0.0,1.0149042375403552
2019-06-18,0.001515354270366676,0.001515354270366676,0.0,0.0,1.0164421770107253
2019-06-19,0.012790838593665164,0.012790838593665164,0.0,0.0,1.0294433248366632
2019-06-20,0.0016544164623325153,0.0016544164623325153,0.0,0.0,1.0311464528203111
2019-06-21,-0.003094104936004369,-0.003094104936004369,0.0,0.0,1.0279559774908964
2019-06-24,0.004654662444571778,0.004654662444571778,0.0,0.0,1.0327407655739964
2019-06-25,-0.0021695075437558695,-0.0021695075437558695,0.0,0.0,1.0305002266923393
2019-06-26,-0.000993897529723174,-0.000993897529723174,0.0,0.0,1.0294760150626507
2019-06-27,0.004182133480553688,0.004182133480553688,0.0,0.0,1.0337814211726712
2019-06-28,-0.003686322873609223,-0.003686322873609223,0.0,0.0,1.0299705690734902
2019-07-01,0.0015089406668271192,0.0015089406668271192,0.0,0.0,1.0315247335508002
2019-07-02,-0.0021403045286789756,-0.0021403045286789756,0.0,0.0,1.0293169564921372
2019-07-03,-0.0030482134645380197,-0.0030482134645380197,0.0,0.0,1.0261793786860807
2019-07-04,0.001171177078343471,0.001171177078343471,0.0,0.0,1.0273812164526666
2019-07-05,0.0016481536343631081,0.0016481536343631081,0.0,0.0,1.0290744985384395
2019-07-08,-0.0034186000193505654,-0.0034186000193505654,0.0,0.0,1.0255565044378228
2019-07-09,-0.00584509383427768,-0.00584509383427768,0.0,0.0,1.0195620304370299
2019-07-10,0.004765950900420463,0.004765950900420463,0.0,0.0,1.0244212130140258
2019-07-11,0.0021807203098749696,0.0021807203098749696,0.0,0.0,1.0266551891591122
2019-07-12,-0.0011266208660153235,-0.0011266208660153235,0.0,0.0,1.0254985380008026
2019-07-15,-0.002436053760982812,-0.002436053760982812,0.0,0.0,1.0230003684304234
2019-07-16,-0.0019953710031537517,-0.0019953710031537517,0.0,0.0,1.0209591031590417
2019-07-17,0.002526157139256667,0.002526157139256667,0.0,0.0,1.023538206286376
2019-07-18,-0.0031654708772789167,-0.0031654708772789167,0.0,0.0,1.0202982259025941
2019-07-19,0.0014370772009300852,0.0014370772009300852,0.0,0.0,1.0217644732211881
2019-07-22,-0.0010236145010529057,-0.0010236145010529057,0.0,0.0,1.0207185802897383
2019-07-23,-0.0014500820378264875,-0.0014500820378264875,0.0,0.0,1.0192384546107844
2019-07-24,-0.0037295956748267306,-0.0037295956748267306,0.0,0.0,1.0154371072788508
2019-07-25,-0.003076418602928969,-0.003076418602928969,0.0,0.0,1.0123131976719137
2019-07-26,-0.00155145545915812,-0.00155145545915812,0.0,0.0,1.0107426388350078
2019-07-29,-0.00023120606720249056,-0.00023120606720249056,0.0,0.0,1.010508949004529
2019-07-30,-0.0020083953585380253,-0.0020083953585380253,0.0,0.0,1.008479447521587
2019-07-31,-0.0011743396591975806,-0.0011743396591975806,0.0,0.0,1.007295150110877
2019-08-01,-0.009802359125937549,-0.009802359125937549,0.0,0.0,0.9974212813036749
2019-08-02,-0.011999501438657932,-0.011999501438657932,0.0,0.0,0.9854527232037235
2019-08-05,-0.0056486755812808235,-0.0056486755812808235,0.0,0.0,0.9798862204696559
2019-08-06,-0.008560257102017308,-0.008560257102017308,0.0,0.0,0.9714981424917116
2019-08-07,-0.0017612746672317709,-0.0017612746672317709,0.0,0.0,0.9697870674240783
2019-08-08,0.006528108728217363,0.006528108728217363,0.0,0.0,0.9761179428434418
2019-08-12,-0.0035120970060231126,-0.0035120970060231126,0.0,0.0,0.972689721938856
2019-08-13,-0.008389481148511905,-0.008389481148511905,0.0,0.0,0.9645293598532987
2019-08-14,0.0006088537382829111,0.0006088537382829111,0.0,0.0,0.965116617159729
2019-08-15,-0.010168150920662561,-0.010168150920662561,0.0,0.0,0.9553031657404095
2019-08-16,0.011647831333403915,0.011647831333403915,0.0,0.0,0.9664303758872206
2019-08-19,0.004922647028445145,0.004922647028445145,0.0,0.0,0.9711877715052809
2019-08-20,-0.0018558637805476817,-0.0018558637805476817,0.0,0.0,0.9693853792960334
2019-08-21,-0.00017680586259025046,-0.00017680586259025046,0.0,0.0,0.9692139862778646
2019-08-22,0.0012308797551002842,0.0012308797551002842,0.0,0.0,0.9704069721519342
2019-08-23,0.0025311880795545853,0.0025311880795545853,0.0,0.0,0.9728632547121618
2019-08-26,-0.01153462454605773,-0.01153462454605773,0.0,0.0,0.9616416423344014
2019-08-27,-0.001210595774302834,-0.001210595774302834,0.0,0.0,0.9604774830257977
2019-08-28,0.0026935631945123346,0.0026935631945123346,0.0,0.0,0.963064589823234
2019-08-29,0.0013230982390531566,0.0013230982390531566,0.0,0.0,0.9643388188861235
2019-08-30,0.013485741185588302,0.013485741185588302,0.0,0.0,0.9773436426128376
2019-09-02,0.0030031783376669777,0.0030031783376669777,0.0,0.0,0.980278779868789
2019-09-03,-0.00531844176412623,-0.00531844176412623,0.0,0.0,0.9750652242654482
2019-09-04,0.00709905205174261,0.00709905205174261,0.0,0.0,0.9819872630463528
2019-09-05,0.004294216098936712,0.004294216098936712,0.0,0.0,0.9862041285602773
2019-09-06,0.0028771270922853046,0.0028771270922853046,0.0,0.0,0.9890415631770818
2019-09-09,0.005390108080440454,0.005390108080440454,0.0,0.0,0.994372604098654
2019-09-10,0.005100155112358191,0.005100155112358191,0.0,0.0,0.9994440586190367
2019-09-11,0.0027831012000119155,0.0027831012000119155,0.0,0.0,1.002225612577924
2019-09-12,0.0005415373881855478,0.0005415373881855478,0.0,0.0,1.0027683552185322
2019-09-16,0.0038150637054724643,0.0038150637054724643,0.0,0.0,1.0065939803755226
2019-09-17,-0.00028618395926579654,-0.00028618395926579654,0.0,0.0,1.0063059093248456
2019-09-18,0.0026381991377930998,0.0026381991377930998,0.0,0.0,1.0089607447071824
2019-09-19,-0.0032302172729007294,-0.0032302172729007294,0.0,0.0,1.0057015822819506
2019-09-20,0.0040608321814893,0.0040608321814893,0.0,0.0,1.0097855676322558
2019-09-23,-0.004078326581702589,-0.004078326581702589,0.0,0.0,1.0056673323099614
2019-09-24,-0.0014374736120277307,-0.0014374736120277307,0.0,0.0,1.0042217120572876
2019-09-25,-0.005111285279715084,-0.005111285279715084,0.0,0.0,0.9990888484028789
2019-09-26,-0.0022202338318700696,-0.0022202338318700696,0.0,0.0,0.9968706375406108
2019-09-27,-0.008125887875262468,-0.008125887875262468,0.0,0.0,0.9887701785138143
2019-10-01,0.009033267769245271,0.009033267769245271,0.0,0.0,0.997702004298574
2019-10-02,-0.00372657759483635,-0.00372657759483635,0.0,0.0,0.9939839903630316
2019-10-03,-0.0062959493505949414,-0.0062959493505949414,0.0,0.0,0.9877259175044037
2019-10-04,0.0035398159425365284,0.0035398159425365284,0.0,0.0,0.9912222854540425
2019-10-07,0.0007550032989115331,0.0007550032989115331,0.0,0.0,0.9919706615495147
2019-10-08,0.001775187477415113,0.001775187477415113,0.0,0.0,0.9937315954458605
2019-10-09,-0.00980113393079864,-0.00980113393079864,0.0,0.0,0.9839918989876295
2019-10-14,0.010170577618502737,0.010170577618502737,0.0,0.0,0.9939996649722612
2019-10-15,0.0005006256741120019,0.0005006256741120019,0.0,0.0,0.9944972867246051
2019-10-16,0.004607290050467259,0.004607290050467259,0.0,0.0,0.999079224178948
2019-10-17,0.0047525660830563185,0.0047525660830563185,0.0,0.0,1.003827414214067
2019-10-18,-0.0007396204662147242,-0.0007396204662147242,0.0,0.0,1.003084962913967
2019-10-21,0.0038720059205662634,0.0038720059205662634,0.0,0.0,1.006968913829201
2019-10-22,0.0034531625127446966,0.0034531625127446966,0.0,0.0,1.0104461411339354
2019-10-23,-0.004408656905557032,-0.004408656905557032,0.0,0.0,1.0059914307761317
2019-10-24,0.006178346246891013,0.006178346246891013,0.0,0.0,1.012206794156872
2019-10-25,-0.0007282294507137157,-0.0007282294507137157,0.0,0.0,1.0114696753591543
2019-10-28,0.0006885646744045235,0.0006885646744045235,0.0,0.0,1.012166137646838
2019-10-29,-0.00037326361494676504,-0.00037326361494676504,0.0,0.0,1.0117883328553734
2019-10-30,0.005750690677188701,0.005750690677188701,0.0,0.0,1.0176068145884132
2019-10-31,-0.0016078299963217704,-0.0016078299963217704,0.0,0.0,1.0159706758274565
2019-11-01,0.0023740615603015996,0.0023740615603015996,0.0,0.0,1.0183826527553321
2019-11-04,0.007246783408569683,0.007246783408569683,0.0,0.0,1.0257626512668947
2019-11-05,0.005217641317154083,0.005217641317154083,0.0,0.0,1.0311147128577383
2019-11-06,0.0025463659083857456,0.0025463659083857456,0.0,0.0,1.0337403082101941
2019-11-07,-0.0009156243279773514,-0.0009156243279773514,0.0,0.0,1.032793790435186
2019-11-08,-0.0005559708645927969,-0.0005559708645927969,0.0,0.0,1.0322195871785718
2019-11-11,-0.008096590343399625,-0.008096590343399625,0.0,0.0,1.023862128036754
2019-11-12,0.002973697800827865,0.002973697800827865,0.0,0.0,1.0269067845952478
2019-11-13,-0.006176175911652183,-0.006176175911652183,0.0,0.0,1.0205644276487185
2019-11-14,-0.0024910310227334574,-0.0024910310227334574,0.0,0.0,1.0180221699987473
2019-11-15,0.002890724701041356,0.002890724701041356,0.0,0.0,1.0209649918317705
2019-11-18,0.005548370850912361,0.005548370850912361,0.0,0.0,1.0266296842322518
2019-11-19,0.0002036540122660779,0.0002036540122660779,0.0,0.0,1.026838761486557
2019-11-20,0.00038331229104543495,0.00038331229104543495,0.0,0.0,1.0272323614047567
2019-11-21,-0.0069491700758449355,-0.0069491700758449355,0.0,0.0,1.0200939490179433
2019-11-22,0.0030046669785174737,0.0030046669785174737,0.0,0.0,1.0231589916215431
2019-11-25,0.0018987679897868842,0.0018987679897868842,0.0,0.0,1.0251017331632968
2019-11-26,-0.00041561649215431773,-0.00041561649215431773,0.0,0.0,1.0246756839768583
2019-11-27,0.006408577882745717,0.006408577882745717,0.0,0.0,1.0312423979021796
2019-11-28,-0.0021738733762323875,-0.0021738733762323875,0.0,0.0,1.029000607508938
2019-11-29,-0.00615710081947197,-0.00615710081947197,0.0,0.0,1.0226649470252076
2019-12-02,-0.0019228375985807225,-0.0019228375985807225,0.0,0.0,1.020698528414317
2019-12-03,0.0014908312050109307,0.0014908312050109307,0.0,0.0,1.022220217631386
2019-12-04,-0.0006577425699741638,-0.0006577425699741638,0.0,0.0,1.0215478598783614
2019-12-05,0.00017155956680616516,0.00017155956680616516,0.0,0.0,1.0217231161866738
2019-12-06,-0.0009671721508466516,-0.0009671721508466516,0.0,0.0,1.0207349340428218
2019-12-09,0.0033071771357334216,0.0033071771357334216,0.0,0.0,1.0241106852783326
2019-12-10,0.000555104476796323,0.000555104476796323,0.0,0.0,1.0246791737044656
2019-12-11,0.001062530592361882,0.001062530592361882,0.0,0.0,1.0257679266738828
2019-12-12,0.0033181518315688325,0.0033181518315688325,0.0,0.0,1.0291715803985404
2019-12-13,0.006016641114719424,0.006016641114719424,0.0,0.0,1.0353637364432668
2019-12-16,0.0007958533163828022,0.0007958533163828022,0.0,0.0,1.0361877341065777
2019-12-17,0.005953184473943893,0.005953184473943893,0.0,0.0,1.0423563508373521
2019-12-18,0.004346059635273089,0.004346059635273089,0.0,0.0,1.046886493699297
2019-12-19,-0.002806388886505408,-0.002806388886505408,0.0,0.0,1.0439485230779466
2019-12-20,-0.000524544938402871,-0.000524544938402871,0.0,0.0,1.043400925164213
2019-12-23,0.004553331602569473,0.004553331602569473,0.0,0.0,1.0481518755709134
2019-12-24,-0.0035665548048894953,-0.0035665548048894953,0.0,0.0,1.044413584462842
2019-12-25,0.0015405944764656575,0.0015405944764656575,0.0,0.0,1.0460226022622112
2019-12-26,-0.0009840705280086174,-0.0009840705280086174,0.0,0.0,1.044993242247694
2019-12-27,0.002820881290372447,0.002820881290372447,0.0,0.0,1.0479410441333161
2019-12-30,-0.0018060941770226494,-0.0018060941770226494,0.0,0.0,1.046048363915644
2019-12-31,-0.004785141399214945,-0.004785141399214945,0.0,0.0,1.0410428745838902
2020-01-02,0.002147303145491548,0.002147303145491548,0.0,0.0,1.0432783092230757
2020-01-03,0.0015053731255678551,0.0015053731255678551,0.0,0.0,1.044848832352268
2020-01-06,-0.009452253490664876,-0.009452253490664876,0.0,0.0,1.034972656329449
2020-01-07,-0.0022995662781043484,-0.0022995662781043484,0.0,0.0,1.0325926681101938
2020-01-08,-0.005780226739800535,-0.005780226739800535,0.0,0.0,1.0266240483586613
2020-01-09,0.006039993313476007,0.006039993313476007,0.0,0.0,1.0328248507462012
2020-01-10,0.0033886529901333362,0.0033886529901333362,0.0,0.0,1.0363247357649663
2020-01-13,0.0077201532016504875,0.0077201532016504875,0.0,0.0,1.0443253214917319
2020-01-14,0.0023222284424505527,0.0023222284424505527,0.0,0.0,1.0467504834564711
2020-01-15,-0.0029704886891103706,-0.0029704886891103706,0.0,0.0,1.0436411229850429
2020-01-16,0.0015643129057192852,0.0015643129057192852,0.0,0.0,1.0452737042626676
2020-01-17,0.004555585447597855,0.004555585447597855,0.0,0.0,1.0500355379385633
2020-01-20,0.003951496556310574,0.003951496556310574,0.0,0.0,1.0541847497507313
2020-01-30,-0.05103710620273407,-0.05103710620273407,0.0,0.0,1.0003822107204006
2020-01-31,0.007227330730033015,0.007227330730033015,0.0,0.0,1.0076123038137186
2020-02-03,-0.004730832629158757,-0.004730832629158757,0.0,0.0,1.0028454586492948
2020-02-04,0.010412586852513471,0.010412586852513471,0.0,0.0,1.0132876740871293
2020-02-05,0.00177228014507183,0.00177228014507183,0.0,0.0,1.01508350371316
2020-02-06,0.01141946509719344,0.01141946509719344,0.0,0.0,1.0266752143545494
2020-02-07,-0.007960362742789896,-0.007960362742789896,0.0,0.0,1.0185025072292557
2020-02-10,-0.00032557310980131735,-0.00032557310980131735,0.0,0.0,1.0181709102006367
2020-02-11,0.0021711176222396155,0.0021711176222396155,0.0,0.0,1.0203814790062251
2020-02-12,0.0016867707857817435,0.0016867707857817435,0.0,0.0,1.0221026286753656
2020-02-13,0.003331990922661262,0.003331990922661262,0.0,0.0,1.02550826535614
2020-02-14,0.0004406860798869397,0.0004406860798869397,0.0,0.0,1.0259601925734914
2020-02-17,-0.002332169173969521,-0.002332169173969521,0.0,0.0,1.0235674798386516
2020-02-18,0.0016722720449592653,0.0016722720449592653,0.0,0.0,1.0252791631213152
2020-02-19,0.009394108108462161,0.009394108108462161,0.0,0.0,1.0349107464210303
2020-02-20,-0.003903732216248827,-0.003903732216248827,0.0,0.0,1.0308707319992845
2020-02-21,-0.004568439073954329,-0.004568439073954329,0.0,0.0,1.026161261867023
2020-02-24,-0.009530094633000134,-0.009530094633000134,0.0,0.0,1.0163818479327116
2020-02-25,-0.003103042760589777,-0.003103042760589777,0.0,0.0,1.013227971597489
2020-02-26,-0.006370810109571402,-0.006370810109571402,0.0,0.0,1.0067728885927352
2020-02-27,-0.006985882046516116,-0.006985882046516116,0.0,0.0,0.999739691945396
2020-03-02,-0.01189818777946694,-0.01189818777946694,0.0,0.0,0.9878446013600433
2020-03-03,0.008352283229648254,0.008352283229648254,0.0,0.0,0.9960953592574814
2020-03-04,0.006697357903333626,0.006697357903333626,0.0,0.0,1.0027665663842784
2020-03-05,0.009233347409339841,0.009233347409339841,0.0,0.0,1.0120254584621753
2020-03-06,-0.014485102237775507,-0.015165028480350553,0.2956201054674114,0.0006799262425750463,0.9966780635617566
2020-03-09,-0.02249886659548708,-0.02249886659548708,0.0,0.0,0.9742539367710322
2020-03-10,-0.00039199655865589827,-0.00039199655865589827,0.0,0.0,0.9738720325805611
2020-03-11,-0.0027465548327239245,-0.0027465548327239245,0.0,0.0,0.9711972396430223
2020-03-12,-0.038028563153503434,-0.038028563153503434,0.0,0.0,0.9342640040807494
2020-03-13,-0.027284571087699223,-0.027284571087699223,0.0,0.0,0.9087730114467296
2020-03-16,-0.03418998640653015,-0.03418998640653015,0.0,0.0,0.8777020745387445
2020-03-17,-0.033818171631993736,-0.033818171631993736,0.0,0.0,0.8480197951402363
2020-03-18,-0.019553892910310667,-0.019553892910310667,0.0,0.0,0.8314377068802405
2020-03-19,-0.06637618958661531,-0.06637618958661531,0.0,0.0,0.7762500400188971
2020-03-20,0.057608796231092746,0.057608796231092746,0.0,0.0,0.8209688703987232
2020-03-23,-0.03845680783936128,-0.03845680783936128,0.0,0.0,0.7893970283077021
2020-03-24,0.03893303966272076,0.03893303966272076,0.0,0.0,0.8201306541204397
2020-03-25,0.039844144684102106,0.039844144684102106,0.0,0.0,0.8528080585630817
2020-03-26,0.002365801113569133,0.002365801113569133,0.0,0.0,0.8548256328176911
2020-03-27,0.01083652092207139,0.01083652092207139,0.0,0.0,0.8640889686724429
2020-03-30,-0.009075703615561533,-0.009075703615561533,0.0,0.0,0.8562467532952955
2020-03-31,-0.0010071581476306614,-0.0010071581476306614,0.0,0.0,0.8553843774013319
2020-04-01,-0.0026470729461047365,-0.0026470729461047365,0.0,0.0,0.8531201125573922
2020-04-06,0.013845918911911378,0.013845918911911378,0.0,0.0,0.8649323444579825
2020-04-07,0.008755027832573245,0.008755027832573245,0.0,0.0,0.8725048512070049
2020-04-08,0.010343759558520814,0.010343759558520814,0.0,0.0,0.8815298316015331
2020-04-09,0.005830314695183364,0.005830314695183364,0.0,0.0,0.8866694279329621
2020-04-10,0.015832736602694183,0.015832736602694183,0.0,0.0,0.9007078314390863
2020-04-13,-0.007847274525466293,-0.007847274525466293,0.0,0.0,0.8936397298185463
2020-04-14,0.02072925113862239,0.02072925113862239,0.0,0.0,0.9121642122054056
2020-04-15,0.014467055764793273,0.014467055764793273,0.0,0.0,0.9253605427300299
2020-04-16,-0.012341726941065924,-0.012341726941065924,0.0,0.0,0.9139399955896192
2020-04-17,0.0033615355848921114,0.0033615355848921114,0.0,0.0,0.9170122374072499
2020-04-20,-0.002887845790250575,-0.002887845790250575,0.0,0.0,0.914364047477845
2020-04-21,-0.028074820070512277,-0.028074820070512277,0.0,0.0,0.8886934413659592
2020-04-22,0.00014026423437944998,0.00014026423437944998,0.0,0.0,0.8888180932711105
2020-04-23,0.0026525446212407955,0.0026525446212407955,0.0,0.0,0.8911757229236783
2020-04-24,-0.0010652580207031138,-0.0010652580207031138,0.0,0.0,0.890226390836978
2020-04-27,0.022522730107371366,0.022522730107371366,0.0,0.0,0.9102767195722585
2020-04-28,0.008327919900508587,0.008327919900508587,0.0,0.0,0.9178574311801541
2020-04-29,0.013091662485233826,0.013091662485233826,0.0,0.0,0.9298737108787283
2020-04-30,0.01661213232934433,0.01661213232934433,0.0,0.0,0.9453208960134241
2020-05-04,-0.022583939803786007,-0.022583939803786007,0.0,0.0,0.9239718258025958
2020-05-05,0.005828318752217098,0.005828318752217098,0.0,0.0,0.9293570281214413
2020-05-06,-0.00576710138063269,-0.00576710138063269,0.0,0.0,0.9239973319214614
2020-05-07,0.002448587756417382,0.002448587756417382,0.0,0.0,0.9262598204753666
2020-05-08,0.004415955330224264,0.004415955330224264,0.0,0.0,0.9303501424667674
2020-05-11,0.011116699638878442,0.011116699638878442,0.0,0.0,0.9406925655595583
2020-05-12,-0.007920909175980671,-0.007920909175980671,0.0,0.0,0.9332414251852408
2020-05-13,0.0029410911795316316,0.0029410911795316316,0.0,0.0,0.9359861733092265
2020-05-14,-0.010481005526204224,-0.010481005526204224,0.0,0.0,0.9261760970543218
2020-05-15,-0.0008297773036862113,-0.0008297773036862113,0.0,0.0,0.9254075771497695
2020-05-18,-0.00021137849351249356,-0.00021137849351249356,0.0,0.0,0.9252119658902266
2020-05-19,0.011459122165148373,0.011459122165148373,0.0,0.0,0.9358140828360197
2020-05-20,0.0018090866455379244,0.0018090866455379244,0.0,0.0,0.9375070515959848
2020-05-21,0.005830192670714045,0.005830192670714045,0.0,0.0,0.9429728983369424
2020-05-22,-0.015305238863935504,-0.015305238863935504,0.0,0.0,0.9285404728856779
2020-05-25,0.002414714861468083,0.002414714861468083,0.0,0.0,0.9307826333650296
2020-05-26,0.012391711186670533,0.012391711186670533,0.0,0.0,0.9423166229352576
2020-05-27,0.0017749211563509286,0.0017749211563509286,0.0,0.0,0.9439891606452866
2020-05-28,-0.004948588604951415,-0.004948588604951415,0.0,0.0,0.9393177466417197
2020-05-29,0.0021963280103122905,0.0021963280103122905,0.0,0.0,0.9413807965192524
2020-06-01,0.009129289908874207,0.009129289908874207,0.0,0.0,0.9499749347253236
2020-06-02,0.008595930303187456,0.008595930303187456,0.0,0.0,0.9581408530539975
2020-06-03,0.01786089773804866,0.01786089773804866,0.0,0.0,0.9752541088490416
2020-06-04,0.0007699027013606718,0.0007699027013606718,0.0,0.0,0.9760049596219575
2020-06-05,0.0022554401244241694,0.0022554401244241694,0.0,0.0,0.9782062803695258
2020-06-08,0.010314492404288774,0.010314492404288774,0.0,0.0,0.988295981618225
2020-06-09,-0.0009657444854515553,-0.0009657444854515553,0.0,0.0,0.9873415402239832
2020-06-10,0.0067899887111217486,0.0067899887111217486,0.0,0.0,0.9940455781361257
2020-06-11,-0.021310865079071022,-0.021310865079071022,0.0,0.0,0.9728616069380196
2020-06-12,-0.00987006598247757,-0.00987006598247757,0.0,0.0,0.9632593986857222
2020-06-15,-0.008219941556945118,-0.008219941556945118,0.0,0.0,0.9553414627243474
2020-06-16,0.013833924386559117,0.013833924386559117,0.0,0.0,0.9685575842830207
2020-06-17,0.003577314421117361,0.003577314421117361,0.0,0.0,0.972022419296959
2020-06-18,-0.005427711264317564,-0.005427711264317564,0.0,0.0,0.9667465622625717
2020-06-19,-0.006558252042147187,-0.006558252042147187,0.0,0.0,0.9604063946463745
2020-06-22,0.0042859192933964365,0.0042859192933964365,0.0,0.0,0.9645226189426906
2020-06-23,0.003432696900241173,0.003432696900241173,0.0,0.0,0.9678335327469477
2020-06-24,0.0026928003001645533,0.0026928003001645533,0.0,0.0,0.970439715174438
2020-06-29,-0.0077591086148465944,-0.0077591086148465944,0.0,0.0,0.9629099680202386
2020-06-30,0.005650599025175174,0.005650599025175174,0.0,0.0,0.9683509861468653
2020-07-01,0.0047556591233951125,0.0047556591233951125,0.0,0.0,0.9729561333487833
2020-07-02,0.005157316129422819,0.005157316129422819,0.0,0.0,0.9779739757085237
2020-07-03,0.0018656746063120903,0.0018656746063120903,0.0,0.0,0.9797985569206372
2020-07-06,0.01075723360278486,0.01075723360278486,0.0,0.0,0.9903384788811039
2020-07-07,-0.003517022900842463,-0.003517022900842463,0.0,0.0,0.9868554357712936
2020-07-08,0.0011086305505394797,0.0011086305505394797,0.0,0.0,0.9879494938563557
2020-07-09,-0.0029705203579938225,-0.0029705203579938225,0.0,0.0,0.9850147697721856
2020-07-10,-0.00705661914147173,-0.00705661914147173,0.0,0.0,0.9780638956931789
2020-07-13,0.005553560003422257,0.005553560003422257,0.0,0.0,0.9834956322250918
2020-07-14,-0.003552709701270784,-0.003552709701270784,0.0,0.0,0.9800015577513284
2020-07-15,0.0034534593947200304,0.0034534593947200304,0.0,0.0,0.9833859533377849
2020-07-16,-0.002303852660772694,-0.002303852660772694,0.0,0.0,0.9811203769926211
2020-07-17,-0.0035706067635201963,-0.0035706067635201963,0.0,0.0,0.9776171819387038
2020-07-20,-0.00013511574153754707,-0.00013511574153754707,0.0,0.0,0.9774850904682263
2020-07-21,0.0013715835698395516,0.0013715835698395516,0.0,0.0,0.9788257929580757
2020-07-22,0.005316302802362795,0.005316302802362795,0.0,0.0,0.9840295272642038
2020-07-23,-0.005490403373131289,-0.005490403373131289,0.0,0.0,0.9786268082284516
2020-07-24,-0.012597419149498253,-0.012597419149498253,0.0,0.0,0.9662986361342621
2020-07-27,-0.01459103837527151,-0.01459103837527151,0.0,0.0,0.9521993356524546
2020-07-28,-0.006851268646396952,-0.006851268646396952,0.0,0.0,0.945675562198979
2020-07-29,0.006123680509928875,0.006123680509928875,0.0,0.0,0.9514665772079329
2020-07-30,0.006411752586938416,0.006411752586938416,0.0,0.0,0.9575671454957314
2020-07-31,-0.006457639566050437,-0.006457639566050437,0.0,0.0,0.9513835220098282
2020-08-03,-0.008146241826969611,-0.008146241826969611,0.0,0.0,0.9436333217693421
2020-08-04,0.008830899802851223,0.008830899802851223,0.0,0.0,0.9519664530845189
2020-08-05,0.004366129248134604,0.004366129248134604,0.0,0.0,0.9561228616585741
2020-08-06,0.0073775906659306395,0.0073775906659306395,0.0,0.0,0.9631767447582292
2020-08-07,-0.008110685335400273,-0.008110685335400273,0.0,0.0,0.9553647212591201
2020-08-10,0.007675050971579567,0.007675050971579567,0.0,0.0,0.9626971941912327
2020-08-11,-0.007496364087576601,-0.007496364087576601,0.0,0.0,0.9554804655174868
2020-08-12,-0.002569669310970813,-0.002569669310970813,0.0,0.0,0.9530251966880144
2020-08-13,-0.0018121732702295508,-0.0018121732702295508,0.0,0.0,0.9512981499007211
2020-08-14,-0.0013013408828548643,-0.0013013408828548643,0.0,0.0,0.9500601867264712
2020-08-17,0.00655075071378621,0.00655075071378621,0.0,0.0,0.9562837941728096
2020-08-18,-0.0001096925804686973,-0.0001096925804686973,0.0,0.0,0.9561788969357664
2020-08-19,-0.00438571032881876,-0.00438571032881876,0.0,0.0,0.9519853732712767
2020-08-20,-0.0228092548486993,-0.0228092548486993,0.0,0.0,0.9302712962800981
2020-08-21,0.01187011240663743,0.01187011240663743,0.0,0.0,0.9413137211356111
2020-08-24,-0.0027505551020334277,-0.0027505551020334277,0.0,0.0,0.9387245858773274
2020-08-25,0.005983863640311357,0.005983863640311357,0.0,0.0,0.9443417857950251
2020-08-26,0.0022687527112391585,0.0022687527112391585,0.0,0.0,0.9464842637818839
2020-08-27,-0.00278405299827716,-0.00278405299827716,0.0,0.0,0.9438492014294798
2020-08-28,0.0013925844018803043,0.0013925844018803043,0.0,0.0,0.9451635911051177
2020-08-31,-0.005259668558426477,-0.005259668558426477,0.0,0.0,0.9401923438824126
2020-09-01,-0.0009311314940156314,-0.0009311314940156314,0.0,0.0,0.9393169011805913
2020-09-02,-0.0021506984631516598,-0.0021506984631516598,0.0,0.0,0.9372967137648098
2020-09-03,0.002923548610649731,0.002923548610649731,0.0,0.0,0.9400369462701036
2020-09-04,-0.004588665868964847,-0.004588665868964847,0.0,0.0,0.935723430819188
2020-09-07,0.005388142018295454,0.005388142018295454,0.0,0.0,0.9407652415542884
2020-09-08,0.00048009477325809463,0.00048009477325809463,0.0,0.0,0.9412168980296216
2020-09-09,-0.0020444257661995464,-0.0020444257661995464,0.0,0.0,0.9392926499517075
2020-09-10,0.004231960995280175,0.004231960995280175,0.0,0.0,0.9432676998094564
2020-09-11,-0.00033230624308629484,-0.00033230624308629484,0.0,0.0,0.942954246063908
2020-09-14,0.0003100683738331504,0.0003100683738331504,0.0,0.0,0.943246626353584
2020-09-15,0.00018565688526583763,0.00018565688526583763,0.0,0.0,0.9434217465842704
2020-09-16,0.000992250622415011,0.000992250622415011,0.0,0.0,0.9443578573995184
2020-09-17,-0.0048934353427988065,-0.0048934353427988065,0.0,0.0,0.9397367032838698
2020-09-18,3.7334359100897725e-05,3.7334359100897725e-05,0.0,0.0,0.9397717877514106
2020-09-21,-0.006547005175751413,-0.006547005175751413,0.0,0.0,0.9336190969929768
2020-09-22,-0.010996792097415798,-0.010996792097415798,0.0,0.0,0.923352281885168
2020-09-23,-0.006241803211710951,-0.006241803211710951,0.0,0.0,0.9175888986465566
2020-09-24,-0.025264782777660325,-0.025264782777660325,0.0,0.0,0.8944062144430588
2020-09-25,0.006182597019863109,0.006182597019863109,0.0,0.0,0.8999359676390214
2020-09-28,0.016714944428710698,0.016714944428710698,0.0,0.0,0.9149783473275056
2020-09-29,0.0005298115031192506,0.0005298115031192506,0.0,0.0,0.9154631133810247
2020-09-30,-0.0007127954732271314,-0.0007127954732271314,0.0,0.0,0.9148105754179003
2020-10-05,0.001258841444832971,0.001258841444832971,0.0,0.0,0.9159621768844078
2020-10-06,0.01173563453510669,0.01173563453510669,0.0,0.0,0.926711574240304
2020-10-07,-0.005393458657000025,-0.005393458657000025,0.0,0.0,0.9217133936776756
2020-10-08,0.0030589223006097766,0.0030589223006097766,0.0,0.0,0.9245328433323668
2020-10-12,-0.001496517681029263,-0.001496517681029263,0.0,0.0,0.9231492635856278
2020-10-13,-0.0026105371812710255,-0.0026105371812710255,0.0,0.0,0.9207393481091746
2020-10-14,-0.00053429940858861,-0.00053429940858861,0.0,0.0,0.9202473976200156
2020-10-15,-0.005676854340283069,-0.005676854340283069,0.0,0.0,0.9150232871867022
2020-10-16,-0.00407775840417643,-0.00407775840417643,0.0,0.0,0.9112920432873595
2020-10-19,0.003728775921464884,0.003728775921464884,0.0,0.0,0.9146900471157918
2020-10-20,-0.00021032289119052107,-0.00021032289119052107,0.0,0.0,0.9144976668605392
2020-10-21,-0.0023788180008549927,-0.0023788180008549927,0.0,0.0,0.9123222433488715
2020-10-22,0.006574917541763052,0.006574917541763052,0.0,0.0,0.9183206868704066
2020-10-23,0.0002173932040098147,0.0002173932040098147,0.0,0.0,0.9185203235468338
2020-10-26,0.006145641857369016,0.006145641857369016,0.0,0.0,0.9241652204940674
2020-10-27,-0.002475118816156991,-0.002475118816156991,0.0,0.0,0.9218778017675846
2020-10-28,-0.002377744279493127,-0.002377744279493127,0.0,0.0,0.91968581209804
2020-10-29,-0.00914800482817186,-0.00914800482817186,0.0,0.0,0.9112725218485659
2020-10-30,-0.0049283854035610634,-0.0049283854035610634,0.0,0.0,0.9067814196532211
2020-11-02,0.01070092618920574,0.01070092618920574,0.0,0.0,0.9164848206946734
2020-11-03,0.007428580299327933,0.007428580299327933,0.0,0.0,0.923293001778319
2020-11-04,-0.0005675109380066818,-0.0005675109380066818,0.0,0.0,0.9227690229008247
2020-11-05,0.005501717731028324,0.005501717731028324,0.0,0.0,0.9278458375957619
2020-11-06,0.0037840605236268052,0.0037840605236268052,0.0,0.0,0.9313568624018195
2020-11-09,0.0070081129498622535,0.0070081129498622535,0.0,0.0,0.9378839164901608
2020-11-10,0.009975946920474453,0.009975946920474453,0.0,0.0,0.9472401966586335
2020-11-11,0.018479624834145114,0.018479624834145114,0.0,0.0,0.9647448401207067
2020-11-12,-0.009353668051404538,-0.009353668051404538,0.0,0.0,0.9557209371319122
2020-11-13,0.00020110325386082733,0.00020110325386082733,0.0,0.0,0.9559131357221524
2020-11-16,0.007771431351359574,0.007771431351359574,0.0,0.0,0.9633419490342799
2020-11-17,0.0017066047165762229,0.0017066047165762229,0.0,0.0,0.9649859929481774
2020-11-18,0.0053275616703387235,0.0053275616703387235,0.0,0.0,0.9701270153366219
2020-11-19,-0.0031657386909373607,-0.0031657386909373607,0.0,0.0,0.9670558467090472
2020-11-20,-0.0021924458242785763,-0.0021924458242785763,0.0,0.0,0.9649356291560858
2020-11-23,0.007450178526430715,0.007450178526430715,0.0,0.0,0.9721245718598124
2020-11-24,-0.0049526491225703245,-0.0049526491225703245,0.0,0.0,0.9673099799519619
2020-11-25,0.001353764130702696,0.001353764130702696,0.0,0.0,0.9686194895060916
2020-11-26,0.003593606660976508,0.003593606660976508,0.0,0.0,0.9721003269555323
2020-11-27,-0.0012467897750513901,-0.0012467897750513901,0.0,0.0,0.9708883222075599
2020-11-30,-0.003000960657354015,-0.003000960657354015,0.0,0.0,0.9679747245499306
2020-12-01,0.006905518768577272,0.006905518768577272,0.0,0.0,0.9746590921778187
2020-12-02,0.001299579317991495,0.001299579317991495,0.0,0.0,0.9759257389761054
2020-12-03,-0.0007452814040331618,-0.0007452814040331618,0.0,0.0,0.9751983996711291
2020-12-04,0.009936492740746915,0.009936492740746915,0.0,0.0,0.9848884514902492
2020-12-07,0.0010110648836285578,0.0010110648836285578,0.0,0.0,0.9858842376178423
2020-12-08,-0.007976409643180521,-0.007976409643180521,0.0,0.0,0.9780204210778477
2020-12-09,4.673777304715351e-05,4.673777304715351e-05,0.0,0.0,0.9780661315743234
2020-12-10,0.00044164850842454264,0.00044164850842454264,0.0,0.0,0.9784980930224739
2020-12-11,0.005750582673392608,0.005750582673392608,0.0,0.0,0.9841250272021567
2020-12-14,0.0005070286247467091,0.0005070286247467091,0.0,0.0,0.9846240067612777
2020-12-15,-0.008293225660460177,-0.008293225660460177,0.0,0.0,0.9764582976824999
2020-12-16,0.012967755874359308,0.012967755874359308,0.0,0.0,0.989120770508339
2020-12-17,-0.001401780566140552,-0.001401780566140552,0.0,0.0,0.9877342402346744
2020-12-18,-0.005541188123873906,-0.005541188123873906,0.0,0.0,0.9822610189931423
2020-12-21,0.00822679340353458,0.00822679340353458,0.0,0.0,0.9903418774647442
2020-12-22,-0.00888527023914081,-0.00888527023914081,0.0,0.0,0.981542422254332
2020-12-23,-0.0006325599966154464,-0.0006325599966154464,0.0,0.0,0.9809215377830328
2020-12-24,0.004202867637371665,0.004202867637371665,0.0,0.0,0.985044221168982
2020-12-25,0.0044773423290874305,0.0044773423290874305,0.0,0.0,0.9894546013564448
2020-12-28,0.00606746573550798,0.00606746573550798,0.0,0.0,0.9954580832470158
2020-12-29,0.000796963846433464,0.000796963846433464,0.0,0.0,0.9962514273500037
2020-12-30,0.014731980665602766,0.014731980665602766,0.0,0.0,1.010928184115803
2020-12-31,-0.0038535026599991057,-0.0038535026599991057,0.0,0.0,1.0070325696692448
2021-01-04,-0.0009633042581750307,-0.0009633042581750307,0.0,0.0,1.0060624909067615
2021-01-05,0.004784034241845007,0.004784034241845007,0.0,0.0,1.0108755283126953
2021-01-06,-0.008383570139964172,-0.008383570139964172,0.0,0.0,1.0024007824183125
2021-01-07,0.005794791443049223,0.005794791443049223,0.0,0.0,1.0082094858947759
2021-01-08,0.010921347386903958,0.010921347386903958,0.0,0.0,1.0192204919290044
2021-01-11,0.00593445634057542,0.00593445634057542,0.0,0.0,1.025269011439777
2021-01-12,-0.010542318307223074,-0.010542318307223074,0.0,0.0,1.0144602991706468
2021-01-13,0.00867242795838919,0.00867242795838919,0.0,0.0,1.0232581330318502
2021-01-14,0.0009295701401075382,0.0009295701401075382,0.0,0.0,1.0242093232379388
2021-01-15,-0.010942279133557416,-0.010942279133557416,0.0,0.0,1.0130021389318773
2021-01-18,-0.006232244542113717,-0.006232244542113717,0.0,0.0,1.0066888618803695
2021-01-19,0.0004132076179059477,0.0004132076179059477,0.0,0.0,1.0071048333869597
2021-01-20,-0.023075583721817422,-0.023075583721817422,0.0,0.0,0.983865301487492
2021-01-21,0.0035093770834207236,0.0035093770834207236,0.0,0.0,0.987318055829705
2021-01-22,0.0007744519504352178,0.0007744519504352178,0.0,0.0,0.9880826862237422
2021-01-25,0.010571663656552915,0.010571663656552915,0.0,0.0,0.9985283640473629
2021-01-26,-0.006612727485498784,-0.006612727485498784,0.0,0.0,0.9919253680893767
2021-01-27,0.00019707790797799144,0.00019707790797799144,0.0,0.0,0.9921208546657901
2021-01-28,-0.0068668301086178204,-0.0068668301086178204,0.0,0.0,0.9853081293095834
2021-01-29,-0.014590813471357676,-0.014590813471357676,0.0,0.0,0.970931682183015
2021-02-01,0.009010597478246151,0.009010597478246151,0.0,0.0,0.9796803567500425
2021-02-02,0.009216691176746448,0.009216691176746448,0.0,0.0,0.9887097680501323
2021-02-03,0.00347192975810404,0.00347192975810404,0.0,0.0,0.9921424989159537
2021-02-04,-0.004057315658190136,-0.004057315658190136,0.0,0.0,0.9881170636199462
2021-02-05,0.0033644979360780447,0.0033644979360780447,0.0,0.0,0.9914415814410991
2021-02-17,0.015573255177156669,0.015573255177156669,0.0,0.0,1.006881554182125
2021-02-18,0.004670657025182135,0.004670657025182135,0.0,0.0,1.011584352586692
2021-02-19,-0.0005173624792092408,-0.0005173624792092408,0.0,0.0,1.0110609967981086
2021-02-22,0.003705687485936457,0.003705687485936457,0.0,0.0,1.0148076728814617
2021-02-23,0.013650085362656524,0.013650085362656524,0.0,0.0,1.0286598842429724
2021-02-24,-0.00044833003041520804,-0.00044833003041520804,0.0,0.0,1.0281987051257828
2021-02-25,0.01596771005753315,0.01596771005753315,0.0,0.0,1.0446166839307622
2021-02-26,-0.018933723609288293,-0.018933723609288293,0.0,0.0,1.024838200359566
2021-03-02,-0.0006374549606549883,-0.0006374549606549883,0.0,0.0,1.024184912164878
2021-03-03,0.011884281453492185,0.011884281453492185,0.0,0.0,1.0363566139214657
2021-03-04,-0.005611900521783428,-0.005611900521783428,0.0,0.0,1.0305406836990463
2021-03-05,-0.0015850657947431423,-0.0015850657947431423,0.0,0.0,1.0289072089112237
2021-03-08,0.0012340883523942491,0.0012340883523942491,0.0,0.0,1.0301769713134354
2021-03-09,0.015182311577595147,0.015182311577595147,0.0,0.0,1.0458174390719792
2021-03-10,0.005165439970662716,0.005165439970662716,0.0,0.0,1.0512195462737777
2021-03-11,0.0049599723978350375,0.0049599723978350375,0.0,0.0,1.0564335662073603
2021-03-12,0.003908621450939295,0.003908621450939295,0.0,0.0,1.0605627651057308
2021-03-15,0.0038249873974695496,0.0038249873974695496,0.0,0.0,1.0646194043164858
2021-03-16,0.004044205310645586,0.004044205310645586,0.0,0.0,1.0689249437652388
2021-03-17,-0.003218993833112919,-0.003218993833112919,0.0,0.0,1.0654840809631978
2021-03-18,0.004100570391023524,0.0029721563861493964,0.4906147847278815,0.0011284140048741275,1.068650866278773
2021-03-19,-0.009060336053529947,-0.009060336053529947,0.0,0.0,1.0589685303063914
2021-03-22,0.00873218157176524,0.00873218157176524,0.0,0.0,1.068215635791812
2021-03-23,0.00299380960736674,0.00299380960736674,0.0,0.0,1.0714136700249848
2021-03-24,0.002038158199551011,0.002038158199551011,0.0,0.0,1.0735973805816572
2021-03-25,0.005466338930615238,0.005466338930615238,0.0,0.0,1.0794660277389374
2021-03-26,0.0035293303767168754,0.0035293303767168754,0.0,0.0,1.0832758199812702
2021-03-29,0.013179041472062582,0.013179041472062582,0.0,0.0,1.097552356938486
2021-03-30,0.005776812562676819,0.005776812562676819,0.0,0.0,1.1038927111822439
2021-03-31,-0.0005584074248660721,-0.0005584074248660721,0.0,0.0,1.1032762892960641
2021-04-01,-0.0018988527928175578,-0.0018988527928175578,0.0,0.0,1.101181330032885
2021-04-06,0.002123482371369197,0.002123482371369197,0.0,0.0,1.1035196691748907
2021-04-07,0.005489876763297117,0.005489876763297117,0.0,0.0,1.1095778561645353
2021-04-08,-0.002586699147072794,-0.002586699147072794,0.0,0.0,1.1067077120703837
2021-04-09,-0.0016557991993326293,-0.0016557991993326293,0.0,0.0,1.1048752263268422
2021-04-12,0.011270260191245947,0.011270260191245947,0.0,0.0,1.1173274576064076
2021-04-13,-0.0032530897273263647,-0.0032530897273263647,0.0,0.0,1.1136926911320084
2021-04-14,-0.001714212802092681,-0.001714212802092681,0.0,0.0,1.111783584863273
2021-04-15,0.010174860416747516,0.010174860416747516,0.0,0.0,1.123095827652888
2021-04-16,0.008997635090109894,0.008997635090109894,0.0,0.0,1.1332010340813337
2021-04-19,0.019498899536415717,0.019498899536415717,0.0,0.0,1.155297207199448
2021-04-20,0.003632480211205496,0.003632480211205496,0.0,0.0,1.159493801442661
2021-04-21,-0.001090932898384805,-0.001090932898384805,0.0,0.0,1.158228871509194
2021-04-22,-0.003439891349436269,-0.003439891349436269,0.0,0.0,1.1542446900334222
2021-04-23,-0.0003254657391328804,-0.0003254657391328804,0.0,0.0,1.1538690229322404
2021-04-26,0.014999330351002094,0.014999330351002094,0.0,0.0,1.1711762855889891
2021-04-27,0.000359132990379955,0.000359132990379955,0.0,0.0,1.1715968936306949
2021-04-28,0.0011782162035994497,0.0011782162035994497,0.0,0.0,1.1729772880748572
2021-04-29,-0.004505004955994572,-0.004505004955994572,0.0,0.0,1.1676930195788109
2021-05-03,-0.01028453954992794,-0.01028453954992794,0.0,0.0,1.155683834536778
2021-05-04,-0.019175452738254523,-0.019175452738254523,0.0,0.0,1.1335230737872533
2021-05-05,0.0042733844511575894,0.0042733844511575894,0.0,0.0,1.138367053665804
2021-05-06,0.009131927665074927,0.009131927665074927,0.0,0.0,1.1487625392561847
2021-05-07,0.010318673337775966,0.010318673337775966,0.0,0.0,1.1606162446414434
2021-05-10,0.01100454039482348,0.01100454039482348,0.0,0.0,1.1733882929884887
2021-05-11,-0.02545016476059942,-0.02545016476059942,0.0,0.0,1.143525367603773
2021-05-12,-0.0433146342809927,-0.0433146342809927,0.0,0.0,1.093993984514978
2021-05-13,-0.007442951263712058,-0.007442951263712058,0.0,0.0,1.0858514406054387
2021-05-14,0.010470805208733459,0.010470805208733459,0.0,0.0,1.0972211795256408
2021-05-17,-0.035101427711499086,-0.035101427711499086,0.0,0.0,1.0587071496089957
2021-05-18,0.04230407575978637,0.04230407575978637,0.0,0.0,1.1034947770734822
2021-05-19,-0.0005143539522254044,-0.0005143539522254044,0.0,0.0,1.1029271901736344
2021-05-20,-0.0043656743298775965,-0.0043656743298775965,0.0,0.0,1.0981121692517695
2021-05-21,0.011298371206436961,0.011298371206436961,0.0,0.0,1.1105190481662817
2021-05-24,7.350432478417688e-05,7.350432478417688e-05,0.0,0.0,1.110600676119077
2021-05-25,0.008595783354706676,0.008595783354706676,0.0,0.0,1.1201471589245873
2021-05-26,0.0008163319767320043,0.0008163319767320043,0.0,0.0,1.121061570869063
2021-05-27,-0.005234138918930338,-0.005234138918930338,0.0,0.0,1.11519377887046
2021-05-28,0.012051585141823489,0.012051585141823489,0.0,0.0,1.1286336316461492
2021-05-31,0.009708086707899006,0.009708086707899006,0.0,0.0,1.1395905048036208
2021-06-01,0.005492731516361403,0.005492731516361403,0.0,0.0,1.1458499694851016
2021-06-02,0.0026991394329845373,0.0026991394329845373,0.0,0.0,1.148942778322023
2021-06-03,0.001278611366114478,0.001278611366114478,0.0,0.0,1.1504118296174006
2021-06-04,-0.0035878549104472602,-0.0035878549104472602,0.0,0.0,1.1462843188854712
2021-06-07,-0.0042213987260228784,-0.0042213987260228784,0.0,0.0,1.141445395722068
2021-06-08,0.0012786636761289655,0.0012786636761289655,0.0,0.0,1.1429049204878625
2021-06-09,-0.00748436658378029,-0.00748436658378029,0.0,0.0,1.134351001092525
2021-06-10,0.002642724448068377,0.002642724448068377,0.0,0.0,1.1373487782158032
2021-06-11,0.001437674039105937,0.001437674039105937,0.0,0.0,1.1389839150276528
2021-06-15,-0.0024310348248706066,-0.0024310348248706066,0.0,0.0,1.1362150054652531
2021-06-16,-0.0014953059479600305,-0.0014953059479600305,0.0,0.0,1.1345160164094195
2021-06-17,0.0021771357850499684,0.0021771357850499684,0.0,0.0,1.1369860118274568
2021-06-18,-0.007041833697479663,-0.007041833697479663,0.0,0.0,1.1289795454158071
2021-06-21,-0.006561467187860241,-0.006561467187860241,0.0,0.0,1.121571783172796
2021-06-22,0.00368458503734978,0.00368458503734978,0.0,0.0,1.125704309783388
2021-06-23,0.011203787744818873,0.011203787744818873,0.0,0.0,1.138316461933629
2021-06-24,0.0023692988044861853,0.0023692988044861853,0.0,0.0,1.1410134737660151
2021-06-25,0.005181134739555666,0.005181134739555666,0.0,0.0,1.1469252183132452
2021-06-28,0.0033153992373239865,0.0033153992373239865,0.0,0.0,1.1507277333073087
2021-06-29,-0.005650831372997703,-0.005650831372997703,0.0,0.0,1.1442251649301571
2021-06-30,0.004536948115765173,0.004536948115765173,0.0,0.0,1.149416455136198
2021-07-01,-0.003689033002403737,-0.003689033002403737,0.0,0.0,1.1451762198996946
2021-07-02,0.00030483311964371975,0.00030483311964371975,0.0,0.0,1.1455253075393486
2021-07-05,0.00968779184735774,0.00968779184735774,0.0,0.0,1.1566229182746701
2021-07-06,0.001857019629128341,0.001857019629128341,0.0,0.0,1.1587707897374058
2021-07-07,-0.0011957017305939009,-0.0011957017305939009,0.0,0.0,1.157385245498755
2021-07-08,0.006408031431310884,0.006408031431310884,0.0,0.0,1.1648018065300465
2021-07-09,-0.0023721274218862142,-0.0023721274218862142,0.0,0.0,1.162038748223714
2021-07-12,0.0031574324306423754,0.0031574324306423754,0.0,0.0,1.1657078070530187
2021-07-13,0.0018603422894203309,0.0018603422894203309,0.0,0.0,1.167876422583587
2021-07-14,-0.0012782139902063555,-0.0012782139902063555,0.0,0.0,1.1663836266014085
2021-07-15,0.004410381653462367,0.004410381653462367,0.0,0.0,1.1715278235490703
2021-07-16,0.009076588457675637,0.009076588457675637,0.0,0.0,1.1821612994701416
2021-07-19,-0.0015066539335019241,-0.0015066539335019241,0.0,0.0,1.1803801914982612
2021-07-20,-0.012304264390275816,-0.012304264390275816,0.0,0.0,1.1658564815410224
2021-07-21,-0.00198647489097411,-0.00198647489097411,0.0,0.0,1.1635405369139618
2021-07-22,0.007611720499272709,0.007611720499272709,0.0,0.0,1.1723970822705245
2021-07-23,0.001999069786282101,0.001999069786282101,0.0,0.0,1.1747407858552168
2021-07-26,-0.007074275767140811,-0.007074275767140811,0.0,0.0,1.1664303455811693
2021-07-27,-0.006711895440051507,-0.006711895440051507,0.0,0.0,1.1586013870635254
2021-07-28,-0.005087377659755989,-0.005087377659755989,0.0,0.0,1.1527071442504162
2021-07-29,0.004990173610141934,0.004990173610141934,0.0,0.0,1.1584593530218765
2021-07-30,-0.006505123580084369,-0.006505123580084369,0.0,0.0,1.1509234317679646
2021-08-02,0.010645873583606765,0.010645873583606765,0.0,0.0,1.1631760171269774
2021-08-03,0.0012573453126157336,0.0012573453126157336,0.0,0.0,1.164638531039859
2021-08-04,0.004412434880546072,0.004412434880546072,0.0,0.0,1.1697774227174473
2021-08-05,0.0017805503521907506,0.0017805503521907506,0.0,0.0,1.1718602703194518
2021-08-06,-0.002020430214281818,-0.002020430214281818,0.0,0.0,1.169492608422382
2021-08-09,-0.004299324670924316,-0.004299324670924316,0.0,0.0,1.164464579998528
2021-08-10,-0.004876361484283498,-0.004876361484283498,0.0,0.0,1.158786229770811
2021-08-11,-0.002205729626070319,-0.002205729626070319,0.0,0.0,1.156230260653523
2021-08-12,-0.004799061451305609,-0.004799061451305609,0.0,0.0,1.1506814405807877
2021-08-13,-0.005006031196612555,-0.005006031196612555,0.0,0.0,1.1449210933918772
2021-08-16,-0.012374824705094399,-0.012374824705094399,0.0,0.0,1.1307528955599877
2021-08-17,0.001683386863939395,0.001683386863939395,0.0,0.0,1.132656390130735
2021-08-18,0.005885011930422283,0.005885011930422283,0.0,0.0,1.1393220864997233
2021-08-19,-0.014903767417903353,-0.014903767417903353,0.0,0.0,1.1223418951084512
2021-08-20,-0.0021037955082052234,-0.0021037955082052234,0.0,0.0,1.1199807172708514
2021-08-23,0.005914906852865772,0.005914906852865772,0.0,0.0,1.1266052988905142
2021-08-24,0.007328926247008549,0.007328926247008549,0.0,0.0,1.134862106035572
2021-08-25,0.0021765348454847325,0.0021765348454847325,0.0,0.0,1.1373321729541785
2021-08-26,-0.0028052626446988652,-0.0028052626446988652,0.0,0.0,1.134141657494776
2021-08-27,0.014009040329580573,0.014009040329580573,0.0,0.0,1.1500298937140776
2021-08-30,0.013605023749505802,0.013605023749505802,0.0,0.0,1.1656760777306991
2021-08-31,0.0013516247141365997,0.0013516247141365997,0.0,0.0,1.1672516343260377
2021-09-01,-0.006351063006148042,-0.006351063006148042,0.0,0.0,1.1598383456524037
2021-09-02,-0.009523272539588599,-0.009523272539588599,0.0,0.0,1.1487928889848904
2021-09-03,0.008197576743485962,0.008197576743485962,0.0,0.0,1.1582102068547149
2021-09-06,-0.006568126267384023,-0.006568126267384023,0.0,0.0,1.15060293597192
2021-09-07,-0.0022969452127247687,-0.0022969452127247687,0.0,0.0,1.1479600640663923
2021-09-08,-0.005359104467420248,-0.005359104467420248,0.0,0.0,1.141808026158634
2021-09-09,-0.0015111686147974653,-0.0015111686147974653,0.0,0.0,1.1400825617053794
2021-09-10,0.007501807245492864,0.007501807245492864,0.0,0.0,1.148635241327241
2021-09-13,0.0044197855269396125,0.0044197855269396125,0.0,0.0,1.153711962742592
2021-09-14,0.0023165047038335917,0.0023165047038335917,0.0,0.0,1.1563845419311543
2021-09-15,0.00020734329590107634,0.00020734329590107634,0.0,0.0,1.1566243105134073
2021-09-16,0.00010539919288363331,0.00010539919288363331,0.0,0.0,1.156746217782205
2021-09-17,-0.004351033108025175,-0.004351033108025175,0.0,0.0,1.1517131766910518
2021-09-22,-0.0122624371705998,-0.0122624371705998,0.0,0.0,1.1375903662233258
2021-09-23,0.006547646894837684,0.006547646894837684,0.0,0.0,1.1450389062523254
2021-09-24,0.0034152882826695755,0.0034152882826695755,0.0,0.0,1.1489495442120499
2021-09-27,0.0031273845026947313,0.0031273845026947313,0.0,0.0,1.1525427512109967
2021-09-28,-0.0012758443714748907,-0.0012758443714748907,0.0,0.0,1.15107228602898
2021-09-29,-0.006888547518058053,-0.006888547518058053,0.0,0.0,1.1431430698899496
2021-09-30,0.0017993322797074842,0.0017993322797074842,0.0,0.0,1.1451999641159265
2021-10-01,-0.012652584462383308,-0.012652584462383308,0.0,0.0,1.1307102248436314
2021-10-04,-0.0021877046111948924,-0.0021877046111948924,0.0,0.0,1.1282365648708157
2021-10-05,0.002124618546718908,0.002124618546718908,0.0,0.0,1.1306336372016268
2021-10-06,0.002309489679106341,0.002309489679106341,0.0,0.0,1.1332448239175943
2021-10-07,0.008937157402375018,0.008937157402375018,0.0,0.0,1.1433728112843726
2021-10-08,-0.0015795781111716362,-0.0015795781111716362,0.0,0.0,1.141566764618759
2021-10-12,-0.003841749896092935,-0.003841749896092935,0.0,0.0,1.1371811506194018
2021-10-13,-0.0018379463851914421,-0.0018379463851914421,0.0,0.0,1.135091072634313
2021-10-14,-0.002514160433048233,-0.002514160433048233,0.0,0.0,1.1322372715715896
2021-10-15,0.008888198505328734,0.008888198505328734,0.0,0.0,1.1423008211964496
2021-10-18,0.0028364422859059758,0.0028364422859059758,0.0,0.0,1.1455408915489163
2021-10-19,0.0018333541324057428,0.0018333541324057428,0.0,0.0,1.1476410736762772
2021-10-20,-0.00014187845658513066,-0.00014187845658513066,0.0,0.0,1.1474782481320305
2021-10-21,0.0006504961096538645,0.0006504961096538645,0.0,0.0,1.1482246782683527
2021-10-22,0.0001854907914718978,0.0001854907914718978,0.0,0.0,1.1484376633727122
2021-10-25,0.0019385716214544322,0.0019385716214544322,0.0,0.0,1.150663992035936
2021-10-26,0.005735426611351813,0.005735426611351813,0.0,0.0,1.1572635409165832
2021-10-27,0.0008089313006048089,0.0008089313006048089,0.0,0.0,1.1581996876178793
2021-10-28,0.0010306925325476294,0.0010306925325476294,0.0,0.0,1.159393435387106
2021-10-29,-0.0031798816641627945,-0.0031798816641627945,0.0,0.0,1.155706701460368
2021-11-01,0.0005814396371081924,0.0005814396371081924,0.0,0.0,1.1563786751454685
2021-11-02,-0.0010304105531571766,-0.0010304105531571766,0.0,0.0,1.1551871303551526
2021-11-03,0.0045595791641031055,0.0045595791641031055,0.0,0.0,1.16045429752536
2021-11-04,4.920257613434545e-06,4.920257613434545e-06,0.0,0.0,1.1604600072594524
2021-11-05,0.0038420542939815614,0.0038420542939815614,0.0,0.0,1.1649185576133376
2021-11-08,0.003871553689705471,0.003871553689705471,0.0,0.0,1.1694286023532718
2021-11-09,0.00039707040126831894,0.00039707040126831894,0.0,0.0,1.169892947837663
2021-11-10,0.0025236870026227073,0.0025236870026227073,0.0,0.0,1.1728453914645807
2021-11-11,0.0011254837435452475,0.0011254837435452475,0.0,0.0,1.174165409886366
2021-11-12,0.007898041128116389,0.007898041128116389,0.0,0.0,1.1834390165848603
2021-11-15,0.004211048673512516,0.004211048673512516,0.0,0.0,1.188422535885833
2021-11-16,0.0016034495809338438,0.0016034495809338438,0.0,0.0,1.1903281115029714
2021-11-17,0.012299913468636637,0.012299913468636637,0.0,0.0,1.2049690442737435
2021-11-18,0.0070534524918070335,0.0070534524918070335,0.0,0.0,1.2134682361816267
2021-11-19,-0.00976887491488714,-0.00976887491488714,0.0,0.0,1.2016140167691798
2021-11-22,-0.0020668959598882275,-0.0020668959598882275,0.0,0.0,1.1991304056125744
2021-11-23,-0.003623189454663375,-0.003623189454663375,0.0,0.0,1.1947857289721928
2021-11-24,0.005800303819188493,0.005800303819188493,0.0,0.0,1.201715849199062
2021-11-25,0.0002503913026118253,0.0002503913026118253,0.0,0.0,1.202016748395912
2021-11-26,-0.015382481159122975,-0.015382481159122975,0.0,0.0,1.1835267484107617
2021-11-29,-0.005880433942979123,-0.005880433942979123,0.0,0.0,1.1765670975469833
2021-11-30,-0.000667008083505518,-0.000667008083505518,0.0,0.0,1.175782317782133
2021-12-01,0.01046255243928705,0.01046255243928705,0.0,0.0,1.1880840019391148
2021-12-02,-0.0006054283774001613,-0.0006054283774001613,0.0,0.0,1.1873647021696057
2021-12-03,0.003593071662237331,0.003593071662237331,0.0,0.0,1.1916309886337122
2021-12-06,0.005303224192583887,0.005303224192583887,0.0,0.0,1.197950474921267
2021-12-07,0.0073851038906870645,0.0073851038906870645,0.0,0.0,1.2067974636344585
2021-12-08,0.0014803537022521683,0.0014803537022521683,0.0,0.0,1.2085839507276182
2021-12-09,0.0044029043994201315,0.0044029043994201315,0.0,0.0,1.2139052303213453
2021-12-10,-0.0008563007470055827,-0.0008563007470055827,0.0,0.0,1.2128657623658272
2021-12-13,-0.003637636740571409,-0.003637636740571409,0.0,0.0,1.2084537973072642
2021-12-14,-0.006664788091466105,-0.006664788091466105,0.0,0.0,1.2003997088298837
2021-12-15,0.0001988749800162715,0.0001988749800162715,0.0,0.0,1.2006384382979889
2021-12-16,0.00410202105166097,0.00410202105166097,0.0,0.0,1.2055634824473205
2021-12-17,0.004945512351637405,0.004945512351637405,0.0,0.0,1.2115256115404467
2021-12-20,-0.006048362028771448,-0.006048362028771448,0.0,0.0,1.2041978660347212
2021-12-21,0.005462037655318702,0.005462037655318702,0.0,0.0,1.2107752401234573
2021-12-22,0.000150300934214898,0.000150300934214898,0.0,0.0,1.2109572207731722
2021-12-23,0.004260118827225391,0.004260118827225391,0.0,0.0,1.2161160424283526
2021-12-24,0.0018622871388007953,0.0018622871388007953,0.0,0.0,1.2183807996934561
2021-12-27,0.002328742457293387,0.002328742457293387,0.0,0.0,1.2212180947908533
2021-12-28,0.005977773743052648,0.005977773743052648,0.0,0.0,1.228518260252435
2021-12-29,0.005782038326755009,0.005782038326755009,0.0,0.0,1.2356215999183329
2021-12-30,-0.0016515394472739172,-0.0016515394472739172,0.0,0.0,1.233580922104164
2022-01-03,-0.00514247396197026,-0.00514247396197026,0.0,0.0,1.2272372643322602
2022-01-04,0.001652993005398512,0.001652993005398512,0.0,0.0,1.229265878946166
2022-01-05,0.002995115846094729,0.002995115846094729,0.0,0.0,1.2329476726592612
2022-01-06,0.002861039935972829,0.002861039935972829,0.0,0.0,1.236475185189704
2022-01-07,0.0008055293304227273,0.0008055293304227273,0.0,0.0,1.2374712022177143
2022-01-10,0.0044238562540328315,0.0044238562540328315,0.0,0.0,1.2429455969348306
2022-01-11,0.011505953618177606,0.011505953618177606,0.0,0.0,1.2572468713230809
2022-01-12,0.0029617841900497367,0.0029617841900497367,0.0,0.0,1.260970565229555
2022-01-13,0.012856362725741291,0.012856362725741291,0.0,0.0,1.2771820602026291
2022-01-14,-0.006672256607510234,-0.006672256607510234,0.0,0.0,1.2686603737624487
2022-01-17,-0.0023929209789603847,-0.0023929209789603847,0.0,0.0,1.2656245697388968
2022-01-18,0.004684894435009866,0.004684894435009866,0.0,0.0,1.2715538872424785
2022-01-19,-0.004210378718111021,-0.004210378718111021,0.0,0.0,1.2662001638167015
2022-01-20,-0.0006929506093124125,-0.0006929506093124125,0.0,0.0,1.2653227496416732
2022-01-21,-0.011680658892410996,-0.011680658892410996,0.0,0.0,1.2505429462143014
2022-01-24,-0.002948538968680032,-0.002948538968680032,0.0,0.0,1.2468556716053805
2022-01-25,-0.0078513005540167,-0.0078513005540167,0.0,0.0,1.2370662329801263
2022-01-26,0.0019397612487164761,0.0019397612487164761,0.0,0.0,1.2394658461209567
2022-02-07,0.021640969401649893,0.021640969401649893,0.0,0.0,1.2662890885712506
2022-02-08,0.00917037860504545,0.00917037860504545,0.0,0.0,1.2779014389368868
2022-02-09,0.00796465589939878,0.00796465589939878,0.0,0.0,1.2880794841713659
2022-02-10,0.002870500656733582,0.002870500656733582,0.0,0.0,1.2917769171766047
2022-02-11,-0.002175416360590926,-0.002175416360590926,0.0,0.0,1.288966764536745
2022-02-14,-0.009228799742826517,-0.009228799742826517,0.0,0.0,1.2770711483916763
2022-02-15,-0.003741589489514169,-0.003741589489514169,0.0,0.0,1.2722928724054923
2022-02-16,0.008112478999063533,0.008112478999063533,0.0,0.0,1.2826143216135402
2022-02-17,0.003629217680824969,0.003629217680824969,0.0,0.0,1.2872692081872195
2022-02-18,0.00037818120622832565,0.00037818120622832565,0.0,0.0,1.2877560292091121
2022-02-21,0.003367494856614954,0.003367494856614954,0.0,0.0,1.2920925410140487
2022-02-22,-0.008247477874068473,-0.008247477874068473,0.0,0.0,1.2814360363707864
2022-02-23,0.004082693001318024,0.004082693001318024,0.0,0.0,1.2866677463081142
2022-02-24,-0.01661211458416949,-0.01661211458416949,0.0,0.0,1.2652934742746886
2022-02-25,-0.0017610357035001789,-0.0017610357035001789,0.0,0.0,1.263065247291085
2022-03-01,0.011753871752265785,0.011753871752265785,0.0,0.0,1.2779111542224884
2022-03-02,0.002104780212408404,0.002104780212408404,0.0,0.0,1.2806008763331118
2022-03-03,0.0018969944820194983,0.0018969944820194983,0.0,0.0,1.283030169129185
2022-03-04,-0.009232995608212481,-0.009232995608212481,0.0,0.0,1.271183957212411
2022-03-07,-0.022106555573324155,-0.022106555573324155,0.0,0.0,1.2430824584183768
2022-03-08,-0.012612272267209028,-0.012612272267209028,0.0,0.0,1.2274043640022128
2022-03-09,0.004273987295170485,0.004273987295170485,0.0,0.0,1.232650274659995
2022-03-10,0.02260639613082149,0.02260639613082149,0.0,0.0,1.2605160550597245
2022-03-11,-0.003950957057036882,-0.003950957057036882,0.0,0.0,1.255535810256478
2022-03-14,0.00487737470412227,0.00487737470412227,0.0,0.0,1.2616595288575425
2022-03-15,-0.0011819362678106217,-0.0011819362678106217,0.0,0.0,1.2601683277027569
2022-03-16,0.010035082398826813,0.010035082398826813,0.0,0.0,1.2728142207076458
2022-03-17,0.011422791730186642,0.011422791730186642,0.0,0.0,1.287353312462009
2022-03-18,0.006292739349459677,0.006292739349459677,0.0,0.0,1.2954542913079958
2022-03-21,0.0005669346603546589,0.0005669346603546589,0.0,0.0,1.2961887292466436
2022-03-22,0.003525589643342452,0.003525589643342452,0.0,0.0,1.3007585588062927
2022-03-23,0.010428765902666415,0.010428765902666415,0.0,0.0,1.3143238653119733
2022-03-24,0.0013829137051398022,0.0013829137051398022,0.0,0.0,1.3161414617983056
2022-03-25,-0.003748391138727573,-0.003748391138727573,0.0,0.0,1.3112080488055888
2022-03-28,0.0020943709504148006,0.0020943709504148006,0.0,0.0,1.3139542048529573
2022-03-29,-0.0024812194684755047,-0.002959481214976404,0.20793988978299976,0.00047826174650089946,1.3100655820663558
2022-03-30,0.008902563737873537,0.008902563737873537,0.0,0.0,1.3217285244114958
2022-03-31,0.0058029382138312605,0.0058029382138312605,0.0,0.0,1.329398433374114
2022-04-01,0.0031697363828787793,0.0031697363828787793,0.0,0.0,1.333612275955722
2022-04-06,0.013999239362153372,0.013999239362153372,0.0,0.0,1.3522818334231324
2022-04-07,-0.014886741709115713,-0.014886741709115713,0.0,0.0,1.3321507630510327
2022-04-08,0.012043825112313947,0.012043825112313947,0.0,0.0,1.348194953864455
2022-04-11,-0.0036831352029236576,-0.0036831352029236576,0.0,0.0,1.343229369569473
2022-04-12,-0.006140454833898593,-0.006140454833898593,0.0,0.0,1.3349813302940656
2022-04-13,0.007339705084651014,0.007339705084651014,0.0,0.0,1.3447796995519392
2022-04-14,-0.01516089877805103,-0.01516089877805103,0.0,0.0,1.3243916306482544
2022-04-15,-0.004887485046457433,-0.004887485046457433,0.0,0.0,1.3179186863578076
2022-04-18,-0.013960628556983906,-0.013960628556983906,0.0,0.0,1.2995197131092582
2022-04-19,0.0007509863559410348,0.0007509863559410348,0.0,0.0,1.3004956346830796
2022-04-20,0.00867761539839365,0.00867761539839365,0.0,0.0,1.3117808356281493
2022-04-21,-0.006269979903538501,-0.006269979903538501,0.0,0.0,1.3035559961509138
2022-04-22,0.004796234638205463,0.004796234638205463,0.0,0.0,1.3098081565724933
2022-04-25,-0.014979719725879,-0.014979719725879,0.0,0.0,1.290187597492367
2022-04-26,0.010958105534801577,0.010958105534801577,0.0,0.0,1.3043256093453806
2022-04-27,-0.013299498258245942,-0.013299498258245942,0.0,0.0,1.286978733175706
2022-04-28,0.003452278910725102,0.003452278910725102,0.0,0.0,1.2914217427148005
2022-04-29,0.006158757575433083,0.006158757575433083,0.0,0.0,1.2993752961558243
2022-05-03,-0.007734513339142525,-0.007734513339142525,0.0,0.0,1.2893252605951548
2022-05-04,-0.0007967059402459544,-0.0007967059402459544,0.0,0.0,1.2882980475011296
2022-05-05,-0.004895039007139841,-0.004895039007139841,0.0,0.0,1.2819917783057895
2022-05-06,-0.010842586244725097,-0.010842586244725097,0.0,0.0,1.2680916718844804
2022-05-09,-0.026997427672590828,-0.026997427672590828,0.0,0.0,1.2338564586905643
2022-05-10,0.0007987372056150884,0.0007987372056150884,0.0,0.0,1.2348419857505089
2022-05-11,-0.007028610148342782,-0.007028610148342782,0.0,0.0,1.226162762837863
2022-05-12,-0.024577148333110945,-0.024577148333110945,0.0,0.0,1.1960271787350598
2022-05-13,0.00474687580348629,0.00474687580348629,0.0,0.0,1.2017045712101093
2022-05-16,-0.0020335960752515866,-0.0020335960752515866,0.0,0.0,1.1992607895104845
2022-05-17,-0.0012171459973405962,-0.0012171459973405962,0.0,0.0,1.1978011140407643
2022-05-18,0.023170469635442417,0.023170469635442417,0.0,0.0,1.2255547283829449
2022-05-19,-0.017634250176666748,-0.017634250176666748,0.0,0.0,1.2039429896974432
2022-05-20,0.0066992883275948855,0.0066992883275948855,0.0,0.0,1.212008550915413
2022-05-23,0.00016627454314669933,0.00016627454314669933,0.0,0.0,1.2122100770835065
2022-05-24,-0.003438325655314131,-0.003438325655314131,0.0,0.0,1.20804210407584
2022-05-25,0.0035876621237105064,0.0035876621237105064,0.0,0.0,1.2123761509764805
2022-05-26,-0.0010515503157137321,-0.0010515503157137321,0.0,0.0,1.2111012764521576
2022-05-27,0.011752609137363928,0.011752609137363928,0.0,0.0,1.2253348763800622
2022-05-30,0.0153929748052689,0.0153929748052689,0.0,0.0,1.2441964252601976
2022-05-31,0.005025206830950135,0.005025206830950135,0.0,0.0,1.250448769635459
2022-06-01,-0.009530240085889105,-0.009530240085889105,0.0,0.0,1.2385316926457284
2022-06-02,-0.0035284179328808687,-0.0035284179328808687,0.0,0.0,1.234161635210956
2022-06-06,0.006322016260251322,0.006322016260251322,0.0,0.0,1.2419640251365378
2022-06-07,-0.004674959399998878,-0.004674959399998878,0.0,0.0,1.2361578937427653
2022-06-08,0.004020760516453985,0.004020760516453985,0.0,0.0,1.241128188594029
2022-06-09,-0.006301479568797581,-0.006301479568797581,0.0,0.0,1.2333072446713451
2022-06-10,-0.006250782610665808,-0.006250782610665808,0.0,0.0,1.2255981091927453
2022-06-13,-0.012739513336207266,-0.012739513336207266,0.0,0.0,1.2099845857358538
2022-06-14,0.004786458520249901,0.004786458520249901,0.0,0.0,1.2157761267656202
2022-06-15,-0.00023661879057088563,-0.00023661879057088563,0.0,0.0,1.2154884512889
2022-06-16,-0.0050625499985310005,-0.0050625499985310005,0.0,0.0,1.209334980231613
2022-06-17,-0.010110661258386276,-0.010110661258386276,0.0,0.0,1.1971078038985739
2022-06-20,-0.01566914014405139,-0.01566914014405139,0.0,0.0,1.1783501539517496
2022-06-21,0.025562630489374332,0.025562630489374332,0.0,0.0,1.2084718835243156
2022-06-22,-0.012996544711998683,-0.012996544711998683,0.0,0.0,1.1927659246568985
2022-06-23,0.001353342107666291,0.001353342107666291,0.0,0.0,1.1943801450073261
2022-06-24,0.009188008505423471,0.009188008505423471,0.0,0.0,1.2053541199383624
2022-06-27,0.0026347128906211857,0.0026347128906211857,0.0,0.0,1.2085298819759274
2022-06-28,-0.005590691202228325,-0.005590691202228325,0.0,0.0,1.2017733645971345
2022-06-29,-0.0054706072265674095,-0.0054706072265674095,0.0,0.0,1.195198934544073
2022-06-30,-0.020499893464029948,-0.020499893464029948,0.0,0.0,1.1706974837175974
2022-07-01,-0.013515449639106052,-0.013515449639106052,0.0,0.0,1.1548749808337841
2022-07-04,-0.0021894497016293245,-0.0021894497016293245,0.0,0.0,1.1523464401515784
2022-07-05,0.005252926842111981,0.005252926842111981,0.0,0.0,1.1583996316984628
2022-07-06,-0.021788920716178502,-0.021788920716178502,0.0,0.0,1.1331593539657345
2022-07-07,0.003850290568598941,0.003850290568598941,0.0,0.0,1.1375223467390283
2022-07-08,-0.0017606222612775227,-0.0017606222612775227,0.0,0.0,1.135519599572659
2022-07-11,-0.01103631291497168,-0.01103631291497168,0.0,0.0,1.122987649950692
2022-07-12,-0.020154333617135537,-0.020154333617135537,0.0,0.0,1.1003545822056626
2022-07-13,0.02403344661040126,0.02403344661040126,0.0,0.0,1.1267998953096128
2022-07-14,-0.006029647705889204,-0.006029647705889204,0.0,0.0,1.120005688905863
2022-07-15,-0.01316455330313685,-0.01316455330313685,0.0,0.0,1.1052613143144452
2022-07-18,0.0130489202197819,0.0130489202197819,0.0,0.0,1.1196837810269455
2022-07-19,-0.0007132588659224799,-0.0007132588659224799,0.0,0.0,1.1188851566430986
2022-07-20,-0.0024321526781991617,-0.0024321526781991617,0.0,0.0,1.1161638571127719
2022-07-21,0.006513492930356462,0.006513492930356462,0.0,0.0,1.1234339825051953
2022-07-22,0.003952426958243913,0.003952426958243913,0.0,0.0,1.1278742732634561
2022-07-25,0.0071129232712710145,0.0071129232712710145,0.0,0.0,1.1358967564288196
2022-07-26,-0.0016246772186405826,-0.0016246772186405826,0.0,0.0,1.134051290845922
2022-07-27,0.004493072923416375,0.004493072923416375,0.0,0.0,1.139146665994587
2022-07-28,-0.001227770364946139,-0.001227770364946139,0.0,0.0,1.1377480554767516
2022-07-29,-0.0003185959679818197,-0.0003185959679818197,0.0,0.0,1.1373855735336975
2022-08-01,0.0028351052486982288,0.0028351052486982288,0.0,0.0,1.1406101813430165
2022-08-02,-0.004951299078988897,-0.004951299078988897,0.0,0.0,1.1349626792026475
2022-08-03,-0.003389322646031593,-0.003389322646031593,0.0,0.0,1.1311159244916251
2022-08-04,-0.006240226247835919,-0.006240226247835919,0.0,0.0,1.1240575052102673
2022-08-05,0.012186053764875634,0.012186053764875634,0.0,0.0,1.1377553304035717
2022-08-08,0.0048103707233300656,0.0048103707233300656,0.0,0.0,1.1432283553352578
2022-08-09,0.007906458396216145,0.007906458396216145,0.0,0.0,1.1522672427640905
2022-08-10,0.0008636127382410986,0.0008636127382410986,0.0,0.0,1.1532623554327996
2022-08-11,0.010434850887169066,0.010434850887169066,0.0,0.0,1.1652964761455262
2022-08-12,-0.0013732053963238931,-0.0013732053963238931,0.0,0.0,1.163696284736166
2022-08-15,7.07794806696512e-05,7.07794806696512e-05,0.0,0.0,1.1637786505548569
2022-08-16,0.0019029959293745805,0.0019029959293745805,0.0,0.0,1.1659933165895557
2022-08-17,0.004712479389163272,0.004712479389163272,0.0,0.0,1.1714880360618862
2022-08-18,-0.003458263614308295,-0.003458263614308295,0.0,0.0,1.167436721612176
2022-08-19,0.0016897100721544375,0.0016897100721544375,0.0,0.0,1.169409351199287
2022-08-22,-0.003138080253430563,-0.003138080253430563,0.0,0.0,1.1657396508061113
2022-08-23,-0.010977253348213136,-0.010977253348213136,0.0,0.0,1.152943031321155
2022-08-24,-0.004325496452823901,-0.004325496452823901,0.0,0.0,1.1479559803288675
2022-08-25,0.005985514708424864,0.005985514708424864,0.0,0.0,1.1548270877337503
2022-08-26,0.0039504433256373934,0.0039504433256373934,0.0,0.0,1.1593891666947533
2022-08-29,-0.012901770035183308,-0.012901770035183308,0.0,0.0,1.1444309942847748
2022-08-30,0.0017933591270184726,0.0017933591270184726,0.0,0.0,1.1464833700536183
2022-08-31,0.0054922475476152505,0.0054922475476152505,0.0,0.0,1.152780140531177
2022-09-01,-0.012557475793395853,-0.012557475793395853,0.0,0.0,1.1383041318213494
2022-09-02,-0.005651253696849049,-0.005651253696849049,0.0,0.0,1.1318712863882554
2022-09-05,0.005196403985988179,0.005196403985988179,0.0,0.0,1.137752946852469
2022-09-06,0.0026226015698632456,0.0026226015698632456,0.0,0.0,1.1407368195170007
2022-09-07,-0.013826836604417131,-0.013826836604417131,0.0,0.0,1.1249640379048966
2022-09-08,0.01326898035979783,0.01326898035979783,0.0,0.0,1.1398911636293356
2022-09-12,0.00834286428749278,0.00834286428749278,0.0,0.0,1.1494011209100075
2022-09-13,-0.00019178023665870133,-0.00019178023665870133,0.0,0.0,1.1491806884910236
2022-09-14,-0.013343769399020995,-0.013343769399020995,0.0,0.0,1.133846286385991
2022-09-15,0.005628964911020556,0.005628964911020556,0.0,0.0,1.1402286673465487
2022-09-16,-0.0037251556223960795,-0.0037251556223960795,0.0,0.0,1.1359811381155656
2022-09-19,-0.006472887954446873,-0.006472887954446873,0.0,0.0,1.1286280594901785
2022-09-20,0.0023536430501807674,0.0023536430501807674,0.0,0.0,1.1312844470786365
2022-09-21,-0.006217787254509351,-0.006217787254509351,0.0,0.0,1.1242503610623662
2022-09-22,-0.014265147796419877,-0.014265147796419877,0.0,0.0,1.1082127635016332
2022-09-23,-0.001641962959462537,-0.001641962959462537,0.0,0.0,1.10639311919276
2022-09-26,-0.01719821486534178,-0.01719821486534178,0.0,0.0,1.0873651326033473
2022-09-27,-0.0011120512667023236,-0.0011120512667023236,0.0,0.0,1.0861559268302678
2022-09-28,-0.014178185115395795,-0.014178185115395795,0.0,0.0,1.070756207035484
2022-09-29,0.007135615021909108,0.007135615021909108,0.0,0.0,1.0783967111112087
2022-09-30,-0.008511507446591845,-0.008511507446591845,0.0,0.0,1.0692179294742055
2022-10-03,-0.013920404242293962,-0.013920404242293962,0.0,0.0,1.0543339836728158
2022-10-04,0.007519808566982983,0.007519808566982983,0.0,0.0,1.0622623733957
2022-10-05,0.0050600943449019544,0.0050600943449019544,0.0,0.0,1.0676375212241216
2022-10-06,0.005584872777662385,0.005584872777662385,0.0,0.0,1.073600140952817
2022-10-07,-0.0057776943606493245,-0.0057776943606493245,0.0,0.0,1.0673972074728417
2022-10-11,-0.020336695569063805,-0.020336695569063805,0.0,0.0,1.0456898754131978
2022-10-12,0.006092511541585483,0.006092511541585483,0.0,0.0,1.052060753048072
2022-10-13,-0.022675969510664452,-0.022675969510664452,0.0,0.0,1.028204255488587
2022-10-14,0.0026623963981142204,0.0026623963981142204,0.0,0.0,1.0309417427949257
2022-10-17,-0.0030804774159055247,-0.0030804774159055247,0.0,0.0,1.0277659500391316
2022-10-18,0.006068668941269129,0.006068668941269129,0.0,0.0,1.0340031213390282
2022-10-19,-0.008677282223107739,-0.008677282223107739,0.0,0.0,1.025030784435595
2022-10-20,0.0008155923740226154,0.0008155923740226154,0.0,0.0,1.025866791726519
2022-10-21,0.0010182752501870923,0.0010182752501870923,0.0,0.0,1.026911406490523
2022-10-24,-0.0009360380764783507,-0.0009360380764783507,0.0,0.0,1.025950178312878
2022-10-25,0.0050906461192791914,0.0050906461192791914,0.0,0.0,1.0311729276066801
2022-10-26,0.005914767464043435,0.005914767464043435,0.0,0.0,1.0372720756886904
2022-10-27,-0.0026836835639944623,-0.0026836835639944623,0.0,0.0,1.0344883656677741
2022-10-28,-0.00406724137707748,-0.00406724137707748,0.0,0.0,1.0302808517828248
2022-10-31,0.0037377765706277464,0.0037377765706277464,0.0,0.0,1.034131811411785
2022-11-01,0.009103834157752766,0.009103834157752766,0.0,0.0,1.0435463759201342
2022-11-02,-0.0027669892516317732,-0.0027669892516317732,0.0,0.0,1.040658894314384
2022-11-03,-0.005221102430999467,-0.005221102430999467,0.0,0.0,1.0352255076314378
2022-11-04,0.00904812695584819,0.00904812695584819,0.0,0.0,1.0445923594524196
2022-11-07,0.009637968365767057,0.009637968365767057,0.0,0.0,1.054660107567944
2022-11-08,0.006510235333166081,0.006510235333166081,0.0,0.0,1.0615261930647135
2022-11-09,0.008701555900393796,0.008701555900393796,0.0,0.0,1.0707631225733982
2022-11-10,-0.007077103091611479,-0.007077103091611479,0.0,0.0,1.0631852215682505
2022-11-11,0.023546574403429655,0.023546574403429655,0.0,0.0,1.088219591492534
2022-11-14,0.00868608773619003,0.00868608773619003,0.0,0.0,1.0976719623404791
2022-11-15,0.0027619446999183114,0.0027619446999183114,0.0,0.0,1.1007036715991143
2022-11-16,-0.008907695588016578,-0.008907695588016578,0.0,0.0,1.0908989383598973
2022-11-17,-0.003258587166748786,-0.003258587166748786,0.0,0.0,1.0873441490791378
2022-11-18,-0.003981464455575356,-0.003981464455575356,0.0,0.0,1.0830149269986014
2022-11-21,-0.0013843680346002315,-0.0013843680346002315,0.0,0.0,1.0815156357526696
2022-11-22,0.003639078459224045,0.003639078459224045,0.0,0.0,1.085451356006051
2022-11-23,0.007359844505195567,0.007359844505195567,0.0,0.0,1.0934401092042094
2022-11-24,0.008305542020007932,0.008305542020007932,0.0,0.0,1.1025217219775671
2022-11-25,0.00027937640772284574,0.00027937640772284574,0.0,0.0,1.1028297405356897
2022-11-28,-0.004213902125095159,-0.004213902125095159,0.0,0.0,1.0981825239484282
2022-11-29,0.013196335054321408,0.013196335054321408,0.0,0.0,1.112674508485252
2022-11-30,0.012089683242362918,0.012089683242362918,0.0,0.0,1.1261263908446906
2022-12-01,-0.002195229215359507,-0.002195229215359507,0.0,0.0,1.123654285291321
2022-12-02,-0.003923731267948209,-0.003923731267948209,0.0,0.0,1.1192453678377594
2022-12-05,0.0005561117156650254,0.0005561117156650254,0.0,0.0,1.1198677932995178
2022-12-06,-0.01040919666740557,-0.01040919666740557,0.0,0.0,1.1082108691975696
2022-12-07,0.0033722875241695947,0.0033722875241695947,0.0,0.0,1.1119480748859136
2022-12-08,-0.003194068565142749,-0.003194068565142749,0.0,0.0,1.1083964364938497
2022-12-09,0.004949831109757029,0.004949831109757029,0.0,0.0,1.1138828116571509
2022-12-12,-0.00031006582190385866,-0.00031006582190385866,0.0,0.0,1.1135374346676499
2022-12-13,-0.00797825448027676,-0.00797825448027676,0.0,0.0,1.1046533496405568
2022-12-14,0.009463227748352728,0.009463227748352728,0.0,0.0,1.115106935871186
2022-12-15,-0.0008373742910962703,-0.0008373742910962703,0.0,0.0,1.1141731739912644
2022-12-16,-0.009185785380798145,-0.009185785380798145,0.0,0.0,1.1039386183379378
2022-12-19,-0.0012123949788730892,-0.0012123949788730892,0.0,0.0,1.1026002087000808
2022-12-20,-0.008906613277491737,-0.008906613277491737,0.0,0.0,1.0927797750415074
2022-12-21,0.00019247527586192987,0.00019247527586192987,0.0,0.0,1.092990108130165
2022-12-22,0.014981987710707134,0.014981987710707134,0.0,0.0,1.1093652724980956
2022-12-23,-0.007439356646988913,-0.007439356646988913,0.0,0.0,1.1011123085841983
2022-12-26,0.0031696570706621534,0.0031696570706621534,0.0,0.0,1.1046024569986952
2022-12-27,0.0024344330704492855,0.0024344330704492855,0.0,0.0,1.1072915377497123
2022-12-28,-0.0063371755187841584,-0.0063371755187841584,0.0,0.0,1.1002744369245279
2022-12-29,-0.004409336898340407,-0.004409336898340407,0.0,0.0,1.0954229562514959
2022-12-30,0.004388048029659814,0.004388048029659814,0.0,0.0,1.1002297247963195
2023-01-03,0.00039040573010959374,0.00039040573010959374,0.0,0.0,1.100659260785317
2023-01-04,0.001491002923230226,0.001491002923230226,0.0,0.0,1.1023003469606283
2023-01-05,0.006376515310308922,0.006376515310308922,0.0,0.0,1.1093291819995816
2023-01-06,0.0031759940275958047,0.0031759940275958047,0.0,0.0,1.11285240485625
2023-01-09,0.01784757677878214,0.01784757677878214,0.0,0.0,1.1327141235953744
2023-01-10,0.0006147427199208881,0.0006147427199208881,0.0,0.0,1.1334104513566061
2023-01-11,-0.008200211249348143,-0.008200211249348143,0.0,0.0,1.124116246223263
2023-01-12,-0.004952297603973645,-0.004952297603973645,0.0,0.0,1.1185492880305037
2023-01-13,0.0020002336586725823,0.0020002336586725823,0.0,0.0,1.1207866479653066
2023-01-16,0.0073760292443818,0.0073760292443818,0.0,0.0,1.1290536030574114
2023-01-17,0.00012890741945129647,0.00012890741945129647,0.0,0.0,1.1291991464438038
2023-01-30,0.019171718924986886,0.019171718924986886,0.0,0.0,1.1508478350897595
2023-01-31,-0.015794089085019874,-0.015794089085019874,0.0,0.0,1.1326712418590497
2023-02-01,0.0063689875365816944,0.0063689875365816944,0.0,0.0,1.1398852108814945
2023-02-02,0.0028242337362840413,0.0028242337362840413,0.0,0.0,1.1431045131495572
2023-02-03,-0.0015527104149530868,-0.0015527104149530868,0.0,0.0,1.14132960286661
2023-02-06,-0.00507564143723233,-0.00507564143723233,0.0,0.0,1.1355366230407602
2023-02-07,0.0022243239601396807,0.0022243239601396807,0.0,0.0,1.1380624243590058
2023-02-08,0.00017419164306678686,0.00017419164306678686,0.0,0.0,1.1382606653226175
2023-02-09,-0.00014080664019495048,-0.00014080664019495048,0.0,0.0,1.1381003906626672
2023-02-10,-0.0003757598511158794,-0.0003757598511158794,0.0,0.0,1.1376727382293168
2023-02-13,0.006266087035569532,0.006266087035569532,0.0,0.0,1.1448014946250564
2023-02-14,0.004053111146768525,0.004053111146768525,0.0,0.0,1.1494415023237585
2023-02-15,-0.005754164804196498,-0.005754164804196498,0.0,0.0,1.1428274264866043
2023-02-16,0.005019588254397278,0.005019588254397278,0.0,0.0,1.1485639496133995
2023-02-17,0.004438743720523964,0.004438743720523964,0.0,0.0,1.1536621306323662
2023-02-20,0.009524172703222077,0.009524172703222077,0.0,0.0,1.164649808005676
2023-02-21,-0.005385849588461394,-0.005385849588461394,0.0,0.0,1.158377179316527
2023-02-22,-2.8907885536833965e-05,-2.8907885536833965e-05,0.0,0.0,1.1583436930816187
2023-02-23,0.004531411848434004,0.004531411848434004,0.0,0.0,1.1635926254170077
2023-02-24,-0.0040906402910255,-0.0040906402910255,0.0,0.0,1.1588327865411368
2023-03-01,-0.006603233066378215,-0.006603233066378215,0.0,0.0,1.151180743566645
2023-03-02,-0.0002863176409106211,-0.0002863176409106211,0.0,0.0,1.1508511402118853
2023-03-03,0.0029318403601502267,0.0029318403601502267,0.0,0.0,1.1542252520332834
2023-03-06,0.007704098925551619,0.007704098925551619,0.0,0.0,1.1631175175573176
2023-03-07,0.0042831452485431725,0.0042831452485431725,0.0,0.0,1.1680993188261406
2023-03-08,-0.0003990818801810462,-0.0003990818801810462,0.0,0.0,1.1676331515537453
2023-03-09,-0.006809828402065676,-0.006809828402065676,0.0,0.0,1.1596817701551012
2023-03-10,-0.011904029528079427,-0.011904029528079427,0.0,0.0,1.1458768841199993
2023-03-13,-0.0021055114553213323,-0.0021055114553213323,0.0,0.0,1.1434642272140967
2023-03-14,-0.012297826708612132,-0.012297826708612132,0.0,0.0,1.1294021023003207
2023-03-15,-0.0025796077012272857,-0.0025796077012272857,0.0,0.0,1.1264886879394445
2023-03-16,-0.011717909015550174,-0.011717909015550174,0.0,0.0,1.1132885959871235
2023-03-17,0.005861984890897594,0.005861984890897594,0.0,0.0,1.1198146769160087
2023-03-20,-0.002256261500277335,-0.002256261500277335,0.0,0.0,1.1172880821730375
2023-03-21,0.005894005624244129,0.005894005624244129,0.0,0.0,1.1238733844132662
2023-03-22,0.011413958997786685,0.011413958997786685,0.0,0.0,1.136701229141663
2023-03-23,0.0056239149275094345,0.0056239149275094345,0.0,0.0,1.143093940152351
2023-03-24,0.0017515517146074351,0.0017515517146074351,0.0,0.0,1.1450961283031822
2023-03-27,-0.0002162727832840483,-0.0002162727832840483,0.0,0.0,1.1448484751763863
2023-03-28,-0.0020135362946470782,-0.0020135362946470782,0.0,0.0,1.1425432812197474
2023-03-29,0.00635207996127075,0.00635207996127075,0.0,0.0,1.149800807501268
2023-03-30,-0.0004169387852970858,-0.0004169387852970858,0.0,0.0,1.1493214109492547
2023-03-31,0.0030500111904458132,0.0030500111904458132,0.0,0.0,1.152826854114069
2023-04-06,0.0034932685604867693,0.0034932685604867693,0.0,0.0,1.1568539879192303
2023-04-07,-0.0005486457856386796,-0.0005486457856386796,0.0,0.0,1.156219284854159
2023-04-10,0.0040894890814457685,0.0040894890814457685,0.0,0.0,1.1609476309953273
2023-04-11,0.006125561398308009,0.006125561398308009,0.0,0.0,1.1680590869892093
2023-04-12,0.0018236654880378952,0.0018236654880378952,0.0,0.0,1.1701892360341406
2023-04-13,0.0005698717452848031,-0.0005434785880955968,0.4840653623393043,0.0011133503333803998,1.169553263240336
2023-04-14,0.002204382137479575,0.002204382137479575,0.0,0.0,1.172131405562654
2023-04-17,-0.0007002829217752357,-0.0007002829217752357,0.0,0.0,1.171310581957262
2023-04-18,0.0015521705146407786,0.0015521705146407786,0.0,0.0,1.173128655706063
2023-04-19,-0.002271137535473973,-0.002271137535473973,0.0,0.0,1.1704643191821489
2023-04-20,-0.00670998698957374,-0.00670998698957374,0.0,0.0,1.1626105188286764
2023-04-21,0.00011616077389246424,0.00011616077389246424,0.0,0.0,1.162745568566279
2023-04-24,0.001586170756137499,0.001586170756137499,0.0,0.0,1.1645898815839675
2023-04-25,-0.005595660838337552,-0.005595660838337552,0.0,0.0,1.158073231590864
2023-04-26,0.005279175787459805,0.005279175787459805,0.0,0.0,1.1641869037551837
2023-04-27,-0.00016884961987876344,-0.00016884961987876344,0.0,0.0,1.163990331239017
2023-04-28,0.0027301418007505155,0.0027301418007505155,0.0,0.0,1.1671681898980022
2023-05-02,0.0045144657888047494,0.0045144657888047494,0.0,0.0,1.1724373307610778
2023-05-03,-0.0019854342504505777,-0.0019854342504505777,0.0,0.0,1.1701095335280778
2023-05-04,0.004621111224574874,0.004621111224574874,0.0,0.0,1.1755167398274464
2023-05-05,0.0006877385435871278,0.0006877385435871278,0.0,0.0,1.1763251879980576
2023-05-08,0.0040794441676907265,0.0040794441676907265,0.0,0.0,1.181123940925544
2023-05-09,0.003527884297535503,0.003527884297535503,0.0,0.0,1.1852908095301786
2023-05-10,0.0012270249393386485,0.0012270249393386485,0.0,0.0,1.1867451909138411
2023-05-11,-0.0033337488075111466,-0.0033337488075111466,0.0,0.0,1.1827888805488125
2023-05-12,-0.001482155697779152,-0.001482155697779152,0.0,0.0,1.1810358032702373
2023-05-15,0.0006368311661121664,0.0006368311661121664,0.0,0.0,1.1817879236780542
2023-05-16,0.008836966830815687,0.008836966830815687,0.0,0.0,1.1922313443606558
2023-05-17,0.008984224461327971,0.008984224461327971,0.0,0.0,1.2029426183682228
2023-05-18,0.003973651172208669,0.003973651172208669,0.0,0.0,1.2077226927138014
2023-05-19,0.005549750144767642,0.005549750144767642,0.0,0.0,1.214425251902529
2023-05-22,0.00024109590967378778,0.00024109590967378778,0.0,0.0,1.214718044863367
2023-05-23,0.0011175826429757959,0.0011175826429757959,0.0,0.0,1.216075592666416
2023-05-24,-0.000669259228795441,-0.000669259228795441,0.0,0.0,1.215261722853111
2023-05-25,-0.0016664587788566007,-0.0016664587788566007,0.0,0.0,1.2132365392864541
2023-05-26,0.0010759135092542936,0.0010759135092542936,0.0,0.0,1.2145418768689935
2023-05-29,0.005293082161401836,0.005293082161401836,0.0,0.0,1.2209705468117245
2023-05-30,0.0008738298675437721,0.0008738298675437721,0.0,0.0,1.2220374673429197
2023-05-31,0.0017420846682589344,0.0017420846682589344,0.0,0.0,1.224166360078816
2023-06-01,-0.003628254398430616,-0.003628254398430616,0.0,0.0,1.2197247730984493
2023-06-02,0.007885734486220203,0.007885734486220203,0.0,0.0,1.229343198805369
2023-06-05,0.005452425199761366,0.005452425199761366,0.0,0.0,1.2360461006416905
2023-06-06,0.00102486689695452,0.00102486689695452,0.0,0.0,1.237312883373348
2023-06-07,0.004733231247035023,0.004733231247035023,0.0,0.0,1.2431693713752896
2023-06-08,-0.00189341474716047,-0.00189341474716047,0.0,0.0,1.2408155361543094
2023-06-09,0.0069810030831290735,0.0069810030831290735,0.0,0.0,1.249477673237797
2023-06-12,-0.0022661599652962477,-0.0022661599652962477,0.0,0.0,1.246646156957174
2023-06-13,0.00773325184145394,0.00773325184145394,0.0,0.0,1.2562867856461046
2023-06-14,0.0006460005381304276,0.0006460005381304276,0.0,0.0,1.257098347585678
2023-06-15,0.004224517624730368,0.004224517624730368,0.0,0.0,1.2624089817110733
2023-06-16,-0.004617136747819171,-0.004617136747819171,0.0,0.0,1.2565802668108381
2023-06-19,0.003368476144464544,0.003368476144464544,0.0,0.0,1.2608130274631952
2023-06-20,-0.002403822880576785,-0.002403822880576785,0.0,0.0,1.25778225625965
2023-06-21,0.004393340867196814,0.004393340867196814,0.0,0.0,1.2633081224481104
2023-06-26,-0.004046183777088625,-0.004046183777088625,0.0,0.0,1.2581965456175965
2023-06-27,-0.011615058909671981,-0.011615058909671981,0.0,0.0,1.2435825186203024
2023-06-28,0.0019709460739784235,0.0019709460739784235,0.0,0.0,1.2460335527030455
2023-06-29,-0.0017735117571073156,-0.0017735117571073156,0.0,0.0,1.2438236975475765
2023-06-30,-0.00532614528622149,-0.00532614528622149,0.0,0.0,1.237198911823993
2023-07-03,0.006351231237687071,0.006351231237687071,0.0,0.0,1.2450566482000018
2023-07-04,0.0024588001670615917,0.0024588001670615917,0.0,0.0,1.2481179936945972
2023-07-05,-0.00575055660886494,-0.00575055660886494,0.0,0.0,1.2409406205173135
2023-07-06,-0.013581305715151306,-0.013581305715151306,0.0,0.0,1.2240870265757182
2023-07-07,-0.008303322314375198,-0.008303322314375198,0.0,0.0,1.2139230374532148
2023-07-10,0.0008877688681648716,0.0008877688681648716,0.0,0.0,1.215000720534214
2023-07-11,0.01592662784916077,0.01592662784916077,0.0,0.0,1.2343515848466244
2023-07-12,0.0060316033091969996,0.0060316033091969996,0.0,0.0,1.2417967039504978
2023-07-13,0.0035467644426307103,0.0035467644426307103,0.0,0.0,1.2462010643450456
2023-07-14,0.013931762645570712,0.013931762645570712,0.0,0.0,1.2635628417821583
2023-07-17,0.009345884696653591,0.009345884696653591,0.0,0.0,1.2753719544084303
2023-07-18,0.0021911584318080155,0.0021911584318080155,0.0,0.0,1.2781664964200237
2023-07-19,-0.008564397258887751,-0.008564397258887751,0.0,0.0,1.2672197707816817
2023-07-20,0.001173504165933494,0.001173504165933494,0.0,0.0,1.2687068584618473
2023-07-21,-0.0015150534857845445,-0.0015150534857845445,0.0,0.0,1.266784699713496
2023-07-24,-0.0005817222097639346,-0.0005817222097639346,0.0,0.0,1.2660477829186834
2023-07-25,0.0071859728497842956,0.0071859728497842956,0.0,0.0,1.2751455679132666
2023-07-26,0.003514144046005578,0.003514144046005578,0.0,0.0,1.2796266131185394
2023-07-27,0.0006713277209861239,0.0006713277209861239,0.0,0.0,1.2804856619364375
2023-07-28,0.0018783390562233135,0.0018783390562233135,0.0,0.0,1.2828908481661867
2023-07-31,-0.004073811253144802,-0.004073811253144802,0.0,0.0,1.277664592992371
2023-08-01,0.0031874096569757693,0.0031874096569757693,0.0,0.0,1.2817370334544507
2023-08-02,-0.016974664795816184,-0.016974664795816184,0.0,0.0,1.2599799769551774
2023-08-04,0.0013596646309113167,0.0013596646309113167,0.0,0.0,1.2616931271654999
2023-08-07,0.01196887299609255,0.01196887299609255,0.0,0.0,1.2767941719645866
2023-08-08,-0.003240237369816025,-0.003240237369816025,0.0,0.0,1.2726570557750236
2023-08-09,-0.00376165674676089,-0.00376165674676089,0.0,0.0,1.2678697567748547
2023-08-10,-0.009938404229451157,-0.009938404229451157,0.0,0.0,1.2552691546217303
2023-08-11,-0.005550064556745158,-0.005550064556745158,0.0,0.0,1.248302329777489
2023-08-14,-0.009662166001578583,-0.009662166001578583,0.0,0.0,1.2362410254470215
2023-08-15,-0.00043128217616642006,-0.00043128217616642006,0.0,0.0,1.2357078567273005
2023-08-16,-0.004976784755806188,-0.004976784755806188,0.0,0.0,1.2295580047033101
2023-08-17,-0.0019288663268960744,-0.0019288663268960744,0.0,0.0,1.2271863516710724
2023-08-18,-0.0026704192204378813,-0.0026704192204378813,0.0,0.0,1.2239092496505108
2023-08-21,0.0018156582711048555,0.0018156582711048555,0.0,0.0,1.2261314506027206
2023-08-22,-0.001012217700049749,-0.001012217700049749,0.0,0.0,1.2248903386458327
2023-08-23,0.0022660682463622787,0.0022660682463622787,0.0,0.0,1.2276660237475139
2023-08-24,0.0028697229193695574,0.0028697229193695574,0.0,0.0,1.2311890850731932
2023-08-25,-0.007891240357484343,-0.007891240357484343,0.0,0.0,1.2214734760773693
2023-08-28,0.0020366507811066616,0.0020366507811066616,0.0,0.0,1.2239611909865233
2023-08-29,0.005573725718927888,0.005573725718927888,0.0,0.0,1.2307832149556945
2023-08-30,0.0029736356153251364,0.0029736356153251364,0.0,0.0,1.2344431157584312
2023-08-31,-0.008369145786116583,-0.008369145786116583,0.0,0.0,1.224111881357981
2023-09-01,0.0029895346443647537,0.0029895346443647537,0.0,0.0,1.227771406235879
2023-09-04,0.003998251423179621,0.003998251423179621,0.0,0.0,1.232680345008201
2023-09-05,0.00015920096091393964,0.00015920096091393964,0.0,0.0,1.232876588903626
2023-09-06,-0.0018451869091415964,-0.0018451869091415964,0.0,0.0,1.2306017011611938
2023-09-07,-0.001443031510594253,-0.001443031510594253,0.0,0.0,1.2288259041294274
2023-09-08,0.0010035653222400188,0.0010035653222400188,0.0,0.0,1.230059111193882
2023-09-11,-0.0029774629347244165,-0.0029774629347244165,0.0,0.0,1.2263966557827821
2023-09-12,0.006323633260246089,0.006323633260246089,0.0,0.0,1.2341519384655446
2023-09-13,0.0016691766219846492,0.0016691766219846492,0.0,0.0,1.2362119560292084
2023-09-14,0.011994738297424038,0.011994738297424038,0.0,0.0,1.2510399949219255
2023-09-15,0.0004401054775139391,0.0004401054775139391,0.0,0.0,1.2515905844762796
2023-09-18,-0.004785597908692051,-0.004785597908692051,0.0,0.0,1.2456009751926713
2023-09-19,0.0010178167649101697,0.0010178167649101697,0.0,0.0,1.246868768747611
2023-09-20,-0.004641861173255685,-0.004641861173255685,0.0,0.0,1.2410809770218163
2023-09-21,-0.012996479245138243,-0.012996479245138243,0.0,0.0,1.2249512938624163
2023-09-22,0.004266227006028536,0.004266227006028536,0.0,0.0,1.2301772141533618
2023-09-25,0.0038903419931024742,0.0038903419931024742,0.0,0.0,1.2349630242285403
2023-09-26,-0.008546803170082409,-0.008546803170082409,0.0,0.0,1.2244080383381293
2023-09-27,0.000768703815183285,0.000768703815183285,0.0,0.0,1.2253492454685408
2023-09-28,0.002955036281055646,0.002955036281055646,0.0,0.0,1.2289701969458646
2023-10-02,0.003126947273017768,0.003126947273017768,0.0,0.0,1.2328131219518246
2023-10-03,-0.00542329924202004,-0.00542329924202004,0.0,0.0,1.2261272074819909
2023-10-04,-0.011303854344496435,-0.011303854344496435,0.0,0.0,1.2122672441207902
2023-10-05,0.00839443576907083,0.00839443576907083,0.0,0.0,1.2224435436365106
2023-10-06,0.00533777902582503,0.00533777902582503,0.0,0.0,1.228968677143989
2023-10-11,0.01193205942096559,0.01193205942096559,0.0,0.0,1.2436328044261764
2023-10-12,0.006057819378507064,0.006057819378507064,0.0,0.0,1.2511665073285763
2023-10-13,-0.006664307844139858,-0.006664307844139858,0.0,0.0,1.2428283485594613
2023-10-16,-0.001321200510059675,-0.001321200510059675,0.0,0.0,1.241186323111428
2023-10-17,-0.0034531696803419823,-0.0034531696803419823,0.0,0.0,1.2369002961328044
2023-10-18,-0.005354240072714475,-0.005354240072714475,0.0,0.0,1.2302776350012978
2023-10-19,-0.0048151873090987885,-0.0048151873090987885,0.0,0.0,1.2243536177465715
2023-10-20,-0.007081286052057723,-0.007081286052057723,0.0,0.0,1.2156836195504364
2023-10-23,-0.006342174450414619,-0.006342174450414619,0.0,0.0,1.207973541958736
2023-10-24,0.0038270054893721427,0.0038270054893721427,0.0,0.0,1.2125964633348285
2023-10-25,0.00010135553382287378,0.00010135553382287378,0.0,0.0,1.2127193666966816
2023-10-26,-0.00856075545041991,-0.00856075545041991,0.0,0.0,1.2023375727684031
2023-10-27,0.005667953668300085,0.005667953668300085,0.0,0.0,1.209152366424511
2023-10-30,-0.004089081150129219,-0.004089081150129219,0.0,0.0,1.2042080442753305
2023-10-31,-0.00253659787557816,-0.00253659787557816,0.0,0.0,1.2011534527084675
2023-11-01,0.004925841652797862,0.004925841652797862,0.0,0.0,1.207070144417221
2023-11-02,0.012422922589063634,0.012422922589063634,0.0,0.0,1.2220654833808862
2023-11-03,0.006667461809767673,0.006667461809767673,0.0,0.0,1.2302135583203635
2023-11-06,0.008326800962923384,0.008326800962923384,0.0,0.0,1.240457301762387
2023-11-07,-0.001275347910641029,-0.001275347910641029,0.0,0.0,1.238875287134345
2023-11-08,0.003997570418575186,0.003997570418575186,0.0,0.0,1.243827778334497
2023-11-09,-0.0016939038891084536,-0.0016939038891084536,0.0,0.0,1.241720853623395
2023-11-10,-0.002379680689302759,-0.002379680689302759,0.0,0.0,1.2387659544865228
2023-11-13,-0.0007999934794504625,-0.0007999934794504625,0.0,0.0,1.2377749498003683
2023-11-14,0.0028990635551165767,0.0028990635551165767,0.0,0.0,1.2413633380467706
2023-11-15,0.009687912645225984,0.009687912645225984,0.0,0.0,1.253389557626754
2023-11-16,0.0048017260160786255,0.0048017260160786255,0.0,0.0,1.2594079908738915
2023-11-17,0.0003710398162609127,0.0003710398162609127,0.0,0.0,1.2598752813834229
2023-11-20,0.0001281595693048398,0.0001281595693048398,0.0,0.0,1.2600367464568627
2023-11-21,0.011480129249414826,0.011480129249414826,0.0,0.0,1.2745021311651996
2023-11-22,-0.00592830840692591,-0.00592830840692591,0.0,0.0,1.266946489466368
2023-11-23,0.0004789824740329638,0.0004789824740329638,0.0,0.0,1.26755333463036
2023-11-24,-0.00019461348059906006,-0.00019461348059906006,0.0,0.0,1.2673066516640628
2023-11-27,-0.0022265478424273047,-0.0022265478424273047,0.0,0.0,1.2644849327731065
2023-11-28,0.006317984723127093,0.006317984723127093,0.0,0.0,1.2724739292609915
2023-11-29,-0.00047505462940262223,-0.00047505462940262223,0.0,0.0,1.2718694346301018
2023-11-30,0.004017980438341501,0.004017980438341501,0.0,0.0,1.2769797811385701
2023-12-01,-0.00529611338487935,-0.00529611338487935,0.0,0.0,1.2702167514274618
2023-12-04,0.004361522200703933,0.004361522200703933,0.0,0.0,1.2757568299885187
2023-12-05,-0.0008734345862244634,-0.0008734345862244634,0.0,0.0,1.2746425398495946
2023-12-06,0.004295834304932208,0.004295834304932208,0.0,0.0,1.2801181929988064
2023-12-07,-0.005729295973120432,-0.005729295973120432,0.0,0.0,1.27278401699054
2023-12-08,0.002875017456679174,0.002875017456679174,0.0,0.0,1.2764432932579701
2023-12-11,0.0009945039691647397,0.0009945039691647397,0.0,0.0,1.277712721179529
2023-12-12,0.0018275810262188765,0.0018275810262188765,0.0,0.0,1.2800478447057153
2023-12-13,0.0021817767107321414,0.0021817767107321414,0.0,0.0,1.2828406232819172
2023-12-14,0.009146519313524757,0.009146519313524757,0.0,0.0,1.2945741498189394
2023-12-15,-0.006909472557289386,-0.006909472557289386,0.0,0.0,1.2856293252573892
2023-12-18,0.00066118121169086,0.00066118121169086,0.0,0.0,1.286479359212448
2023-12-19,-0.005674478392652497,-0.005674478392652497,0.0,0.0,1.2791792598860035
2023-12-20,0.002949351690471038,0.002949351690471038,0.0,0.0,1.2829520093985638
2023-12-21,-0.0025783430852754146,-0.0025783430852754146,0.0,0.0,1.279644118956391
2023-12-22,4.65787161313148e-05,4.65787161313148e-05,0.0,0.0,1.279703723136557
2023-12-25,0.0033255142232709884,0.0033255142232709884,0.0,0.0,1.2839593960694204
2023-12-26,0.007745414639193068,0.007745414639193068,0.0,0.0,1.293904193971866
2023-12-27,0.006909066301407469,0.006909066301407469,0.0,0.0,1.302843863835687
2023-12-28,0.0023189412952735865,0.0023189412952735865,0.0,0.0,1.3058650822728293
2023-12-29,0.0029898756455883106,0.0029898756455883106,0.0,0.0,1.309769456478741
2024-01-02,-0.0019386186429375925,-0.0019386186429375925,0.0,0.0,1.3072303129924612
2024-01-03,-0.011919298125783549,-0.011919298125783549,0.0,0.0,1.2916490451728426
2024-01-04,0.002113591991349602,0.002113591991349602,0.0,0.0,1.2943790642503543
2024-01-05,0.0009356359476425172,0.0009356359476425172,0.0,0.0,1.2955901318327427
2024-01-08,0.0035468172309736615,0.0035468172309736615,0.0,0.0,1.3001853532366066
2024-01-09,-0.006204240519863388,-0.006204240519863388,0.0,0.0,1.292118690584723
2024-01-10,-0.005836728667823306,-0.005836728667823306,0.0,0.0,1.284576944381157
2024-01-11,0.004299928666504715,0.004299928666504715,0.0,0.0,1.2901005336086324
2024-01-12,-0.0030388660474004103,-0.0030388660474004103,0.0,0.0,1.286180090899316
2024-01-15,-0.0012408114011523092,-0.0012408114011523092,0.0,0.0,1.284584183978593
2024-01-16,-0.010350428821739885,-0.010350428821739885,0.0,0.0,1.2712881868167898
2024-01-17,-0.01403186074872224,-0.01403186074872224,0.0,0.0,1.2534496480078812
2024-01-18,0.0022491375285594965,0.0022491375285594965,0.0,0.0,1.2562688286513755
2024-01-19,0.010106849124902553,0.010106849124902553,0.0,0.0,1.2689657481628729
2024-01-22,0.005938750010133373,0.005938750010133373,0.0,0.0,1.276501818512634
2024-01-23,0.00286092772016872,0.00286092772016872,0.0,0.0,1.2801537979500626
2024-01-24,0.0015261691462201653,0.0015261691462201653,0.0,0.0,1.2821075291789104
2024-01-25,0.0013015861845469317,0.0013015861845469317,0.0,0.0,1.2837763026259932
2024-01-26,0.002195832313194125,0.002195832313194125,0.0,0.0,1.286595260114212
2024-01-29,0.004452459378093311,0.004452459378093311,0.0,0.0,1.2923237732459179
2024-01-30,-0.0074475481329320066,-0.0074475481329320066,0.0,0.0,1.2826991297413366
2024-01-31,-0.00039378008824531626,-0.00039378008824531626,0.0,0.0,1.282194028364835
2024-02-01,0.007112686561540396,0.007112686561540396,0.0,0.0,1.2913138725996727
2024-02-02,0.0003715822703796098,0.0003715822703796098,0.0,0.0,1.291793701940226
2024-02-05,-0.004818556943094279,-0.004818556943094279,0.0,0.0,1.2855691204286963
2024-02-15,0.001581549503434158,0.001581549503434158,0.0,0.0,1.2876023116327406
2024-02-16,0.0029781329879764607,0.0029781329879764607,0.0,0.0,1.291436962552409
2024-02-19,0.00795418286583408,0.00795418286583408,0.0,0.0,1.301709288312248
2024-02-20,0.0028196375174523035,0.0028196375174523035,0.0,0.0,1.3053796366583894
2024-02-21,-0.002040464152585398,-0.002040464152585398,0.0,0.0,1.302716056304273
2024-02-22,0.0027997796493070526,0.0027997796493070526,0.0,0.0,1.3063633742075393
2024-02-23,-0.005588302635975381,-0.005588302635975381,0.0,0.0,1.2990630203199136
2024-02-26,-0.0020764655317947038,-0.0020764655317947038,0.0,0.0,1.29636556073459
2024-02-27,-0.0012204626923888694,-0.0012204626923888694,0.0,0.0,1.2947833949320158
2024-02-29,0.007456388522538325,0.007456388522538325,0.0,0.0,1.30443780297716
2024-03-01,-0.0035486821430313776,-0.0035486821430313776,0.0,0.0,1.2998087678390398
2024-03-04,0.00368936116442719,0.00368936116442719,0.0,0.0,1.3046042318282869
2024-03-05,-6.863405291337658e-05,-6.863405291337658e-05,0.0,0.0,1.3045146915524086
2024-03-06,0.0037770520345450833,0.0037770520345450833,0.0,0.0,1.3094419114222304
2024-03-07,-0.0004951844860295114,-0.0004951844860295114,0.0,0.0,1.3087934961023373
2024-03-08,0.000701694568424479,0.000701694568424479,0.0,0.0,1.3097118693897414
2024-03-11,0.003739471088579063,0.003739471088579063,0.0,0.0,1.314609499059693
2024-03-12,0.010715826098569466,0.010715826098569466,0.0,0.0,1.3286966258391442
2024-03-13,0.0059947446715173216,0.0059947446715173216,0.0,0.0,1.3366618228569564
2024-03-14,0.005273711976596439,0.005273711976596439,0.0,0.0,1.3437109923208164
2024-03-15,0.003222616643575192,0.003222616643575192,0.0,0.0,1.3480412577288243
2024-03-18,-0.0016646436493145693,-0.0016646436493145693,0.0,0.0,1.345797249410132
2024-03-19,-0.000270198427070845,-0.000270198427070845,0.0,0.0,1.345433617110185
2024-03-20,-0.0030072564183566265,-0.0030072564183566265,0.0,0.0,1.3413875532296577
2024-03-21,0.014199618138672406,0.014199618138672406,0.0,0.0,1.3604347442614868
2024-03-22,0.0001442432576715221,0.0001442432576715221,0.0,0.0,1.3606309778008485
2024-03-25,-0.0009893445932208852,-0.0009893445932208852,0.0,0.0,1.3592848448995924
2024-03-26,0.003283591063893354,0.003283591063893354,0.0,0.0,1.3637481804695903
2024-03-27,0.0063825203380225865,0.0063825203380225865,0.0,0.0,1.3724523309673788
2024-03-28,0.00039553772940948903,0.00039553772940948903,0.0,0.0,1.3729951876460926
2024-03-29,0.0026429719929450253,0.0026429719929450253,0.0,0.0,1.3766239754734897
2024-04-01,-0.0012687895567282872,-0.0012687895567282872,0.0,0.0,1.3748773293498673
2024-04-02,0.00217514694954616,0.00217514694954616,0.0,0.0,1.3778678895788028
2024-04-03,-0.011433773594384187,-0.011433773594384187,0.0,0.0,1.3621136600863868
2024-04-08,0.0064777595165514314,0.0064777595165514314,0.0,0.0,1.3709371048106362
2024-04-09,0.0036685323830480242,0.0036685323830480242,0.0,0.0,1.3759664319747562
2024-04-10,-0.000548063278593287,-0.000548063278593287,0.0,0.0,1.3752123153008138
2024-04-11,-0.0016018148992757593,-0.0016018148992757593,0.0,0.0,1.3730094797244974
2024-04-12,-0.005728693859095104,-0.005728693859095104,0.0,0.0,1.3651439287495202
2024-04-15,-0.0028803298083271032,-0.0028803298083271032,0.0,0.0,1.3612118639988862
2024-04-16,-0.023156886164670442,-0.023156886164670442,0.0,0.0,1.329690435818265
2024-04-17,0.005911748436434778,0.005911748436434778,0.0,0.0,1.337551231173156
2024-04-18,0.006355444495817787,0.006355444495817787,0.0,0.0,1.3460519637831898
2024-04-19,-0.01469048552146323,-0.01469048552146323,0.0,0.0,1.3262778068980956
2024-04-22,0.011825030015749907,0.011825030015749907,0.0,0.0,1.3419610817738885
2024-04-23,0.005100531845714383,0.005100531845714383,0.0,0.0,1.3488057970071856
2024-04-24,0.004352044348157474,0.004352044348157474,0.0,0.0,1.3546758596528128
2024-04-25,-0.006084559115388857,-0.007227446356550709,0.4969074961573268,0.0011428872411618518,1.3448850125466578
2024-04-26,0.003214497085582569,0.003214497085582569,0.0,0.0,1.3492081414999326
2024-04-29,0.01687106832802892,0.01687106832802892,0.0,0.0,1.3719707242439108
2024-04-30,-0.00286363746709959,-0.00286363746709959,0.0,0.0,1.3680418974742021
2024-05-02,0.0016191865915697393,0.0016191865915697393,0.0,0.0,1.370257012571298
2024-05-03,0.000782692861036859,0.000782692861036859,0.0,0.0,1.3713295029528232
2024-05-06,0.015021288141985481,0.015021288141985481,0.0,0.0,1.3919286385542833
2024-05-07,-0.0004008694219272353,-0.0004008694219272353,0.0,0.0,1.3913706569255821
2024-05-08,0.0007433814082770748,0.0007433814082770748,0.0,0.0,1.392404976003963
2024-05-09,-0.007505580043881176,-0.007505580043881176,0.0,0.0,1.3819541690030668
2024-05-10,0.010901113235705407,0.010901113235705407,0.0,0.0,1.3970190078859241
2024-05-13,0.0010435321769846808,0.0010435321769846808,0.0,0.0,1.3984768421725122
2024-05-14,-0.006455479258580649,-0.006455479258580649,0.0,0.0,1.3894490039242622
2024-05-15,0.0013693502121582936,0.0013693502121582936,0.0,0.0,1.391351646212569
2024-05-16,0.008950871914654152,0.008950871914654152,0.0,0.0,1.4038054565860607
2024-05-17,0.001116512677226694,0.001116512677226694,0.0,0.0,1.4053728231746991
2024-05-20,0.0079482117009703,0.0079482117009703,0.0,0.0,1.416543023892082
2024-05-21,-0.004584150119673209,-0.004584150119673209,0.0,0.0,1.4100493780195849
2024-05-22,0.004339673747074713,0.004339673747074713,0.0,0.0,1.4161685322874553
2024-05-23,-0.001264866190240771,-0.001264866190240771,0.0,0.0,1.4143772685912819
2024-05-24,-0.004130190979392311,-0.004130190979392311,0.0,0.0,1.4085356203550887
2024-05-27,0.006376066569353433,0.006376066569353433,0.0,0.0,1.4175165372357785
2024-05-28,0.0009127427711273751,0.0009127427711273751,0.0,0.0,1.418810365208094
2024-05-29,-0.011380760594226602,-0.011380760594226602,0.0,0.0,1.4026632241130532
2024-05-30,-0.004957095637930882,-0.004957095637930882,0.0,0.0,1.3957100883633162
2024-05-31,0.005748916333451076,0.005748916333451076,0.0,0.0,1.4037339088870704
2024-06-03,0.004654725911997944,0.004654725911997944,0.0,0.0,1.4102679054863172
2024-06-04,-0.0048805454402933695,-0.0048805454402933695,0.0,0.0,1.4033850288906038
2024-06-05,0.0007393491689484889,0.0007393491689484889,0.0,0.0,1.4044226204454289
2024-06-06,0.0036031448534426394,0.0036031448534426394,0.0,0.0,1.4094829585823452
2024-06-07,0.0039022191637481975,0.0039022191637481975,0.0,0.0,1.4149830699943016
2024-06-11,-0.004060717657449502,-0.004060717657449502,0.0,0.0,1.4092372232569836
2024-06-12,0.0014155727866799364,0.0014155727866799364,0.0,0.0,1.4112321011202027
2024-06-13,0.004395207776840471,0.004395207776840471,0.0,0.0,1.4174347594259733
2024-06-14,0.006065638392313116,0.006065638392313116,0.0,0.0,1.4260324061213467
2024-06-17,0.000548013768415979,0.000548013768415979,0.0,0.0,1.4268138915141086
2024-06-18,0.006328772637349803,0.006328772637349803,0.0,0.0,1.4358438722293136
2024-06-19,0.0007348668800461278,0.0007348668800461278,0.0,0.0,1.4368990263359323
2024-06-20,0.00475602047172615,0.00475602047172615,0.0,0.0,1.4437329475209892
2024-06-21,-0.0017395297307136225,-0.0017395297307136225,0.0,0.0,1.4412215311355656
2024-06-24,-0.0030675972054902863,-0.0030675972054902863,0.0,0.0,1.4368004439941617
2024-06-25,0.003973383880901955,0.003973383880901955,0.0,0.0,1.442509403718401
2024-06-26,-0.007004228853522711,-0.007004228853522711,0.0,0.0,1.4324057377313988
2024-06-27,-0.009254718256748628,-0.009254718256748628,0.0,0.0,1.4191492261993446
2024-06-28,0.0030512438274440954,0.0030512438274440954,0.0,0.0,1.4234793965160075
2024-07-01,0.0042981760101437755,0.0042981760101437755,0.0,0.0,1.4295977615090465
2024-07-02,0.0012725442083518239,0.0012725442083518239,0.0,0.0,1.4314169878607277
2024-07-03,0.008982349790708147,0.008982349790708147,0.0,0.0,1.4442744759420547
2024-07-04,0.002320162938104232,0.002320162938104232,0.0,0.0,1.4476254280535854
2024-07-05,0.0038179478131989417,0.0038179478131989417,0.0,0.0,1.453152386390954
2024-07-08,-0.006130029929490093,-0.006130029929490093,0.0,0.0,1.4442445187702675
2024-07-09,-0.007092673122844052,-0.007092673122844052,0.0,0.0,1.434000964489171
2024-07-10,-0.0004964251029336382,-0.0004964251029336382,0.0,0.0,1.4332890904127673
2024-07-11,0.003100446840269721,0.003100446840269721,0.0,0.0,1.4377329270443306
2024-07-12,0.0035728888667369623,0.0035728888667369623,0.0,0.0,1.4428697870127085
2024-07-15,-0.00089158867628653,-0.00089158867628653,0.0,0.0,1.441583340649252
2024-07-16,-0.0010899706102537655,-0.0010899706102537655,0.0,0.0,1.440012057175713
2024-07-17,0.002393635970982952,0.002393635970982952,0.0,0.0,1.4434589218344176
2024-07-18,0.0073778584667368585,0.0073778584667368585,0.0,0.0,1.4541085574622603
2024-07-19,-0.010139307669440961,-0.010139307669440961,0.0,0.0,1.4393649034133835
2024-07-22,-0.011443648271550432,-0.011443648271550432,0.0,0.0,1.4228933177243066
2024-07-23,0.012920782463902523,0.012920782463902523,0.0,0.0,1.441278212751963
2024-07-26,-0.011755607274939031,-0.011755607274939031,0.0,0.0,1.424335112108925
2024-07-29,-0.0009206194632682719,-0.0009206194632682719,0.0,0.0,1.4230238414825012
2024-07-30,-0.0016427115260289,-0.0016427115260289,0.0,0.0,1.4206862238162838
2024-07-31,0.0032645103227076995,0.0032645103227076995,0.0,0.0,1.425324068659261
2024-08-01,0.006692163599034905,0.006692163599034905,0.0,0.0,1.4348625705083708
2024-08-02,-0.01221726291202911,-0.01221726291202911,0.0,0.0,1.4173324772418403
2024-08-05,-0.04931784205946922,-0.04931784205946922,0.0,0.0,1.347432697983471
2024-08-06,0.009619828825487413,0.009619828825487413,0.0,0.0,1.3603947698919365
2024-08-07,0.012935399608911304,0.012935399608911304,0.0,0.0,1.3779920198663616
2024-08-08,-0.016467371912002163,-0.016467371912002163,0.0,0.0,1.355300112783451
2024-08-09,0.019575624014363257,0.019575624014363257,0.0,0.0,1.3818309582179238
2024-08-12,0.007946944002995256,0.007946944002995256,0.0,0.0,1.392812291464487
2024-08-13,-0.0010834339832146446,-0.0010834339832146446,0.0,0.0,1.3913032712956752
2024-08-14,0.0047824649869112525,0.0047824649869112525,0.0,0.0,1.397957130476822
2024-08-15,-0.00908031619238459,-0.00908031619238459,0.0,0.0,1.3852632377086938
2024-08-16,0.01084727553776698,0.01084727553776698,0.0,0.0,1.400289569740459
2024-08-19,0.000246726044637045,0.000246726044637045,0.0,0.0,1.4006350576473474
2024-08-20,0.003123552744236774,0.003123552744236774,0.0,0.0,1.405010015125336
2024-08-21,0.000974927917629363,0.000974927917629363,0.0,0.0,1.4063797986136306
2024-08-22,-0.00517495513597021,-0.00517495513597021,0.0,0.0,1.3991018462516702
2024-08-23,0.00028354084712960435,0.00028354084712960435,0.0,0.0,1.399498548774377
2024-08-26,0.007009348995799742,0.007009348995799742,0.0,0.0,1.4093081225218518
2024-08-27,-0.0006298808980868269,-0.0006298808980868269,0.0,0.0,1.4084204262559568
2024-08-28,-0.0023075823389339077,-0.0023075823389339077,0.0,0.0,1.4051703801545348
2024-08-29,-0.00549458252111244,-0.00549458252111244,0.0,0.0,1.3974495555445527
2024-08-30,0.006355309610104429,0.006355309610104429,0.0,0.0,1.406330780134541
2024-09-02,0.0005968377795474075,0.0005968377795474075,0.0,0.0,1.4071701314746656
2024-09-03,-0.006912059388492698,-0.006912059388492698,0.0,0.0,1.3974436879561996
2024-09-04,-0.02119733676912486,-0.02119733676912486,0.0,0.0,1.3678216034867041
2024-09-05,0.005760519556564797,0.005760519556564797,0.0,0.0,1.3757009665834812
2024-09-06,0.008655749255874347,0.008655749255874347,0.0,0.0,1.3876086892012918
2024-09-09,-0.00301895480923567,-0.00301895480923567,0.0,0.0,1.3834195612756903
2024-09-10,-0.001146036850195994,-0.001146036850195994,0.0,0.0,1.3818341114791863
2024-09-11,-0.004291665504438094,-0.004291665504438094,0.0,0.0,1.3759037416900952
2024-09-12,0.008777238546144334,0.008777238546144334,0.0,0.0,1.387980377047442
2024-09-13,0.0027320307461536197,0.0027320307461536197,0.0,0.0,1.3917723821125934
2024-09-16,0.005440309641023761,0.005440309641023761,0.0,0.0,1.3993440548211111
2024-09-18,-0.004676055968829598,-0.004676055968829598,0.0,0.0,1.3928006437011187
2024-09-19,0.005403595671771103,0.005403595671771103,0.0,0.0,1.400326775231062
2024-09-20,0.004570627596113144,0.004570627596113144,0.0,0.0,1.406727147433509
2024-09-23,0.004926451997139823,0.004926451997139823,0.0,0.0,1.4136573211984138
2024-09-24,0.0011098178730504205,0.0011098178730504205,0.0,0.0,1.4152262233598485
2024-09-25,0.0019704658431296783,0.0019704658431296783,0.0,0.0,1.4180148782932804
2024-09-26,0.0017712854874042598,0.0017712854874042598,0.0,0.0,1.4205265874681248
2024-09-27,-0.0001890285323178576,-0.0001890285323178576,0.0,0.0,1.4202580674121772
2024-09-30,-0.006743793643069524,-0.006743793643069524,0.0,0.0,1.4106801400856448
2024-10-01,0.0023967371499068225,0.0023967371499068225,0.0,0.0,1.4140611695840237
2024-10-04,-0.010772246632179284,-0.010772246632179284,0.0,0.0,1.398828553912277
2024-10-07,0.005708262809866545,0.005708262809866545,0.0,0.0,1.4068134349239538
2024-10-08,-0.009074231554990632,-0.009074231554990632,0.0,0.0,1.394047684060782
2024-10-09,-0.0024174738807814294,-0.0024174738807814294,0.0,0.0,1.3906776101960012
2024-10-11,-0.0016195601822023668,-0.0016195601822023668,0.0,0.0,1.3884253241122475
2024-10-14,0.0032756207424326994,0.0032756207424326994,0.0,0.0,1.3929732789032285
2024-10-15,0.007349796053352802,0.007349796053352802,0.0,0.0,1.4032113484109374
2024-10-16,-0.006940727776523875,-0.006940727776523875,0.0,0.0,1.393472040428688
2024-10-17,0.00804504789372635,0.00804504789372635,0.0,0.0,1.4046825897325055
2024-10-18,0.008462710226399934,0.008462710226399934,0.0,0.0,1.4165700114494806
2024-10-21,-0.005826723361245613,-0.005826723361245613,0.0,0.0,1.408316049870928
2024-10-22,0.004220345483172681,0.004220345483172681,0.0,0.0,1.4142596301508803
2024-10-23,-0.009022771203058302,-0.009022771203058302,0.0,0.0,1.401499089086307
2024-10-24,-0.00042126794882877696,-0.00042126794882877696,0.0,0.0,1.4009086824397623
2024-10-25,0.0028507375623308883,0.0028507375623308883,0.0,0.0,1.4049023054421887
2024-10-28,-0.002233452774347274,-0.002233452774347274,0.0,0.0,1.401764522490412
2024-10-29,-0.003827672594135882,-0.003827672594135882,0.0,0.0,1.3963990268442437
2024-10-30,-0.0018274959138272063,-0.0018274959138272063,0.0,0.0,1.3938471133286134
2024-11-01,-0.004640945496001102,-0.004640945496001102,0.0,0.0,1.3873783448458967
2024-11-04,0.006056405735759124,0.006056405735759124,0.0,0.0,1.3957808710112893
2024-11-05,0.0034848807469797464,0.0034848807469797464,0.0,0.0,1.4006450008956792
2024-11-06,-0.0044843696830268,-0.0044843696830268,0.0,0.0,1.3943639909169796
2024-11-07,0.00831375469405495,0.00831375469405495,0.0,0.0,1.405956391091687
2024-11-08,-0.0021832333689470323,-0.0021832333689470323,0.0,0.0,1.4028868601833713
2024-11-11,0.0022483498038765827,0.0022483498038765827,0.0,0.0,1.4060410405803256
2024-11-12,-0.008165742563824423,-0.008165742563824423,0.0,0.0,1.394559671408775
2024-11-13,0.0019196437769119674,0.0019196437769119674,0.0,0.0,1.3972367292035273
2024-11-14,-0.009812237781613694,-0.009812237781613694,0.0,0.0,1.383526710179378
2024-11-15,0.007523741951236303,0.007523741951236303,0.0,0.0,1.3939360081294108
2024-11-18,-0.003131031602833602,-0.003131031602833602,0.0,0.0,1.3895715504356299
2024-11-19,0.011400161100462798,0.011400161100462798,0.0,0.0,1.405412889971216
2024-11-20,-0.007612831413884075,-0.007612831413884075,0.0,0.0,1.3947137185729654
2024-11-21,-0.0015196898746875544,-0.0015196898746875544,0.0,0.0,1.3925941862567623
2024-11-22,0.00210442893920712,0.00210442893920712,0.0,0.0,1.3955248017628927
2024-11-25,0.011965890856630648,0.011965890856630648,0.0,0.0,1.4122234992285088
2024-11-26,-0.005806463257750661,-0.005806463257750661,0.0,0.0,1.4040234753685064
2024-11-27,-0.004285258485163443,-0.004285258485163443,0.0,0.0,1.3980068718573146
2024-11-28,-0.0049710905834323025,-0.0049710905834323025,0.0,0.0,1.3910572530610512
2024-11-29,-0.0033220157508745676,-0.0033220157508745676,0.0,0.0,1.386436138956014
2024-12-02,0.00999612608525938,0.00999612608525938,0.0,0.0,1.4002951294101786
2024-12-03,0.0058238726681453,0.0058238726681453,0.0,0.0,1.4084502699416874
2024-12-04,0.0007485164624811146,0.0007485164624811146,0.0,0.0,1.409504518155325
2024-12-05,0.0013813127529742697,0.0013813127529742697,0.0,0.0,1.4114514847216277
2024-12-06,0.0016719546109817476,0.0016719546109817476,0.0,0.0,1.413811367539685
2024-12-09,-0.00012582315611051265,-0.00012582315611051265,0.0,0.0,1.4136334773312762
2024-12-10,-0.005868411938798396,-0.005868411938798396,0.0,0.0,1.4053376937558202
2024-12-11,-0.00475988069466029,-0.00475988069466029,0.0,0.0,1.3986484539978334
2024-12-12,0.002427801541317067,0.002427801541317067,0.0,0.0,1.4020440948702102
2024-12-13,-0.006894132432937048,-0.006894132432937048,0.0,0.0,1.3923782172033576
2024-12-16,-0.005355085429261579,-0.005355085429261579,0.0,0.0,1.3849219129003907
2024-12-17,-0.0007853109761134982,-0.0007853109761134982,0.0,0.0,1.38383431852113
2024-12-18,0.0017892088474876179,0.0017892088474876179,0.0,0.0,1.3863102871272848
2024-12-19,-0.005463068003190738,-0.005463068003190738,0.0,0.0,1.3787367797551855
2024-12-20,-0.010977054568287088,-0.010977054568287088,0.0,0.0,1.3636023108885083
2024-12-23,0.015893756607302623,0.015893756607302623,0.0,0.0,1.3852750741269255
2024-12-24,0.0033482156837682047,0.0033482156837682047,0.0,0.0,1.3899132738564506
2024-12-25,0.0007259665184825546,0.0007259665184825546,0.0,0.0,1.3909223043568646
2024-12-26,0.000563079760732959,0.000563079760732959,0.0,0.0,1.3917055045552
2024-12-27,-0.003625148503128816,-0.003625148503128816,0.0,0.0,1.3866603654285656
2024-12-30,-0.00658483457200951,-0.00658483457200951,0.0,0.0,1.3775294363146562
2024-12-31,-0.0054659253041132476,-0.0054659253041132476,0.0,0.0,1.369999963311543
2025-01-02,0.0005236632934500459,0.0005236632934500459,0.0,0.0,1.370717382004357
2025-01-03,-0.0006345883446051473,-0.0006345883446051473,0.0,0.0,1.3698475407299893
2025-01-06,0.011481273817832132,0.011481273817832132,0.0,0.0,1.3855751354337942
2025-01-07,-0.002461399251535294,-0.002461399251535294,0.0,0.0,1.3821646818324915
2025-01-08,0.000774283847014031,0.000774283847014031,0.0,0.0,1.3832348696195476
2025-01-09,-0.008119348393108532,-0.008119348393108532,0.0,0.0,1.3720039038036103
2025-01-10,-0.0033566142864195543,-0.0033566142864195543,0.0,0.0,1.3673986158990796
2025-01-13,-0.008185808824490774,-0.008185808824490774,0.0,0.0,1.3562053522424564
2025-01-14,0.010898546884611116,0.010898546884611116,0.0,0.0,1.3709860198590311
2025-01-15,-0.0007771258203643414,-0.0007771258203643414,0.0,0.0,1.36992059122364
2025-01-16,0.007045871999050027,0.007045871999050027,0.0,0.0,1.3795728763582649
2025-01-17,-0.0019316777568597172,-0.0019316777568597172,0.0,0.0,1.3769079861190365
2025-01-20,-0.0013200614600558695,-0.0013200614600558695,0.0,0.0,1.3750903829525176
2025-01-21,0.004215409845047888,0.004215409845047888,0.0,0.0,1.3808869524906464
2025-01-22,0.0017145944050919503,0.0017145944050919503,0.0,0.0,1.3832546135334514
2025-02-03,0.0010565305342267288,0.0010565305342267288,0.0,0.0,1.3847160642692595
2025-02-04,-0.005230861760390221,-0.005230861760390221,0.0,0.0,1.3774728059596755
2025-02-05,0.006989034802951921,0.006989034802951921,0.0,0.0,1.3871000113406475
2025-02-06,0.008695710439367293,0.008695710439367293,0.0,0.0,1.3991618313897087
2025-02-07,-0.0032765709206166666,-0.0032765709206166666,0.0,0.0,1.3945773784197406
2025-02-10,-0.0013537014960718226,-0.0013537014960718226,0.0,0.0,1.3926895369361858
2025-02-11,0.0005675083071932149,0.0005675083071932149,0.0,0.0,1.3934798998177382
2025-02-12,0.0028047792396561793,0.0028047792396561793,0.0,0.0,1.3973883033116252
2025-02-13,0.005485423332120167,0.005485423332120167,0.0,0.0,1.4050535697146427
2025-02-14,0.00027333884711522555,0.00027333884711522555,0.0,0.0,1.4054376254375236
2025-02-17,0.0050668204797599415,0.0050668204797599415,0.0,0.0,1.4125587255811156
2025-02-18,0.0034973336600436986,0.0034973336600436986,0.0,0.0,1.4174989147588788
2025-02-19,-0.0001680807831143722,-0.0001680807831143722,0.0,0.0,1.4172606604312223
2025-02-20,-0.0014843009114587833,-0.0014843009114587833,0.0,0.0,1.4151570191411695
2025-02-21,0.00698927508765591,0.00698927508765591,0.0,0.0,1.4250479408401744
2025-02-24,-0.0015310701972489624,-0.0015310701972489624,0.0,0.0,1.422866092408303
2025-02-25,-0.00266121607885975,-0.00266121607885975,0.0,0.0,1.4190795382851218
2025-02-26,0.005441679859642762,0.005441679859642762,0.0,0.0,1.4268017148278391
2025-02-27,-0.004214055634824565,-0.004214055634824565,0.0,0.0,1.4207890930216915
2025-03-03,0.004307182782253411,0.004307182782253411,0.0,0.0,1.426908691340368
2025-03-04,-0.0060461444741901176,-0.0060461444741901176,0.0,0.0,1.4182813952410465
2025-03-05,0.001756642156575066,0.001756642156575066,0.0,0.0,1.420772808129813
2025-03-06,-0.0012722041938613904,-0.0012722041938613904,0.0,0.0,1.418965295004786
2025-03-07,-0.00403138095748725,-0.00403138095748725,0.0,0.0,1.4132449053351683
2025-03-10,-0.0012076558272339389,-0.0012076558272339389,0.0,0.0,1.4115381918899317
2025-03-11,-0.005905096681983155,-0.005905096681983155,0.0,0.0,1.40320292239651
2025-03-12,0.0007422907256861424,0.0007422907256861424,0.0,0.0,1.4042445069120606
2025-03-13,-0.0018747873692499632,-0.0018747873692499632,0.0,0.0,1.4016118470471632
2025-03-14,0.0031673459810386013,0.0031673459810386013,0.0,0.0,1.4060512366978841
2025-03-17,0.0023765086974344863,0.0023765086974344863,0.0,0.0,1.4093927296909352
2025-03-18,0.005660604690833129,0.005660604690833129,0.0,0.0,1.4173707447878499
2025-03-19,-0.006531580430924933,-0.006531580430924933,0.0,0.0,1.408113073767828
2025-03-20,0.00805547262878174,0.00805547262878174,0.0,0.0,1.4194560900917945
2025-03-21,-0.002086162632430663,-0.002086162632430663,0.0,0.0,1.4164948738382688
2025-03-24,0.0008178419963031964,0.0008178419963031964,0.0,0.0,1.417653342833642
2025-03-25,-0.003135375650845015,-0.003135375650845015,0.0,0.0,1.4132084670611824
2025-03-26,0.003943352654444024,0.003943352654444024,0.0,0.0,1.418781246421051
2025-03-27,0.0005106972201653589,0.0005106972201653589,0.0,0.0,1.419505814059621
2025-03-28,-0.009778326047084392,-0.009778326047084392,0.0,0.0,1.4056254233840142
2025-03-31,-0.022507930271289035,-0.022507930271289035,0.0,0.0,1.3739877043669357
2025-04-01,0.011136525630366503,0.011136525630366503,0.0,0.0,1.3892891536524268
2025-04-02,0.0032147532621110758,0.0032147532621110758,0.0,0.0,1.3937553754911467
2025-04-07,-0.08656047280776995,-0.08656047280776995,0.0,0.0,1.2731112512102623
2025-04-08,-0.0032789395532005373,-0.0032789395532005373,0.0,0.0,1.2689367963730442
2025-04-09,-0.05062886695731039,-0.05062886695731039,0.0,0.0,1.2046919641322378
2025-04-10,0.07264181090236402,0.07264181090236402,0.0,0.0,1.2922029699863293
2025-04-11,0.0054673103282768375,0.0054673103282768375,0.0,0.0,1.2992678446303654
2025-04-14,0.0025415642558745564,0.0025415642558745564,0.0,0.0,1.3025700173430852
2025-04-15,0.01330816525910321,0.01330816525910321,0.0,0.0,1.3199048343954398
2025-04-16,-0.006492195874927594,-0.006492195874927594,0.0,0.0,1.311335753674281
2025-04-17,-0.006767943781325475,-0.006767943781325475,0.0,0.0,1.3024607070149712
2025-04-18,-0.00026563974834582197,-0.00026563974834582197,0.0,0.0,1.3021147216805293
2025-04-21,-0.005056459729569389,-0.005056459729569389,0.0,0.0,1.2955306310270722
2025-04-22,-0.007941427430207182,-0.007941427430207182,0.0,0.0,1.2852422685371603
2025-04-23,0.016394453292155407,0.016394453292155407,0.0,0.0,1.3063131128777965
2025-04-24,-0.003704302056285418,-0.003704302056285418,0.0,0.0,1.3014741345276106
2025-04-25,0.0019284282248015823,0.0019284282248015823,0.0,0.0,1.3039839339824828
2025-04-28,0.004119912920459027,0.004119912920459027,0.0,0.0,1.3093562342401681
2025-04-29,0.009750677301684602,0.009750677301684602,0.0,0.0,1.322123344353193
2025-04-30,0.003282264308335822,0.003282264308335822,0.0,0.0,1.3264629026175812
2025-05-02,0.004250891869483702,0.004250891869483702,0.0,0.0,1.33210155298549
2025-05-05,-0.007319968123589074,-0.007319968123589074,0.0,0.0,1.3223506120802528
2025-05-06,0.012029729378429298,0.012029729378429298,0.0,0.0,1.3382581320869786
2025-05-07,0.0013797174141010117,0.0013797174141010117,0.0,0.0,1.3401045501363813
2025-05-08,-0.00015803836615020748,-0.00015803836615020748,0.0,0.0,1.3398927622028072
2025-05-09,0.010618455012965364,0.010618455012965364,0.0,0.0,1.3541203532204555
2025-05-12,0.007133923191286451,0.007133923191286451,0.0,0.0,1.3637805438120878
2025-05-13,-0.0006979596280247764,-0.0014256936019224973,0.31640607560770473,0.0007277339738977209,1.3618362106163486
2025-05-14,0.006412077869697374,0.006412077869697374,0.0,0.0,1.3705684104445943
2025-05-15,0.00648133338479547,0.00648133338479547,0.0,0.0,1.379451521239355
2025-05-16,0.003093316746778273,0.003093316746778273,0.0,0.0,1.3837186017313736
2025-05-19,-0.005387514738643243,-0.005387514738643243,0.0,0.0,1.376263797370411
2025-05-20,0.0028203123542931514,0.0028203123542931514,0.0,0.0,1.3801452911609011
2025-05-21,0.007023303492955874,0.007023303492955874,0.0,0.0,1.3898384704050981
2025-05-22,-0.0073122120702312325,-0.0073122120702312325,0.0,0.0,1.3796756767661302
2025-05-23,0.004290777134962173,0.004290777134962173,0.0,0.0,1.3855955576136616
2025-05-26,-0.0006716557747342439,-0.0006716557747342439,0.0,0.0,1.3846649143559442
2025-05-27,-0.008457417209672014,-0.008457417209672014,0.0,0.0,1.3729542254796412
2025-05-28,-0.0020227229567784705,-0.0020227229567784705,0.0,0.0,1.3701771194491574
2025-05-29,-0.006911552480901978,-0.006911552480901978,0.0,0.0,1.3607070683799534
2025-06-02,-0.008203278915140316,-0.008203278915140316,0.0,0.0,1.3495448087762298
2025-06-03,0.0005822385255452427,0.0005822385255452427,0.0,0.0,1.3503305657558489
2025-06-04,0.004489263694916383,0.004489263694916383,0.0,0.0,1.3563925557408325
2025-06-05,0.005463572786417773,0.005463572786417773,0.0,0.0,1.3638033051960778
2025-06-06,0.004819101484312848,0.004819101484312848,0.0,0.0,1.3703756117284591
2025-06-09,0.007759028157420133,0.007759028157420133,0.0,0.0,1.3810083946861018
2025-06-10,0.005502269566029328,0.005502269566029328,0.0,0.0,1.3886070751466142
2025-06-11,0.002239017363588664,0.002239017363588664,0.0,0.0,1.3917161904990696
2025-06-12,0.0035161861662039093,0.0035161861662039093,0.0,0.0,1.3966097237153843
2025-06-13,9.39221276969166e-05,9.39221276969166e-05,0.0,0.0,1.3967408962721979
2025-06-16,0.0036800587767786145,0.0036800587767786145,0.0,0.0,1.4018809848664102
2025-06-17,-0.0009225771295454453,-0.0009225771295454453,0.0,0.0,1.4005876415314278
2025-06-18,0.005599277579502145,0.005599277579502145,0.0,0.0,1.4084299205107826
2025-06-19,-0.01021599159578028,-0.01021599159578028,0.0,0.0,1.394041412279599
2025-06-20,-0.007930822104449068,-0.007930822104449068,0.0,0.0,1.3829855178325745
2025-06-23,-0.009454919719459496,-0.009454919719459496,0.0,0.0,1.3699095007882924
2025-06-24,0.0014010510226472985,0.0014010510226472985,0.0,0.0,1.371828813895306
2025-06-25,0.007031458245277541,0.007031458245277541,0.0,0.0,1.3814747709198796
2025-06-26,-0.0009815986337131045,-0.0009815986337131045,0.0,0.0,1.3801187171722356
2025-06-27,0.006523156461429597,0.006523156461429597,0.0,0.0,1.3891214474996976
2025-06-30,-0.004245128194494041,-0.004245128194494041,0.0,0.0,1.3832244488773402
2025-07-01,0.0022274768135292305,0.0022274768135292305,0.0,0.0,1.3863055492651213
2025-07-02,7.825363107799707e-05,7.825363107799707e-05,0.0,0.0,1.3864140327081347
2025-07-03,0.0044361495792599875,0.0044361495792599875,0.0,0.0,1.392564372736013
2025-07-04,-0.003806222170333131,-0.003806222170333131,0.0,0.0,1.3872639633468893
2025-07-07,-0.0037592150154728355,-0.0037592150154728355,0.0,0.0,1.3820489398254514
2025-07-08,-0.0003126139025299,-0.0003126139025299,0.0,0.0,1.3816168921128853
2025-07-09,-0.008293771831267133,-0.008293771831267133,0.0,0.0,1.3701580768514767
2025-07-10,0.0069938160103500575,0.0069938160103500575,0.0,0.0,1.3797407103460708
2025-07-11,0.01020828060070989,0.01020828060070989,0.0,0.0,1.3938254906735064
2025-07-14,0.0034383186104605555,0.0034383186104605555,0.0,0.0,1.3986179067978233
2025-07-15,-0.002119397872739055,-0.002119397872739055,0.0,0.0,1.3956536789813812
2025-07-16,0.001398294747165717,0.001398294747165717,0.0,0.0,1.3976052141895634
2025-07-17,0.0024436129359163977,0.0024436129359163977,0.0,0.0,1.4010204203702612
2025-07-18,-0.003234258254080074,-0.003234258254080074,0.0,0.0,1.396489158511544
2025-07-21,-0.0019705727416573027,-0.0019705727416573027,0.0,0.0,1.3937372750417611
2025-07-22,-0.007379614780428305,-0.007379614780428305,0.0,0.0,1.3834520308468292
2025-07-23,0.00810672095514612,0.00810672095514612,0.0,0.0,1.3946672904157347
2025-07-24,-0.003449574059156594,-0.003449574059156594,0.0,0.0,1.3898562823095624
2025-07-25,-0.0016012637676977625,-0.0016012637676977625,0.0,0.0,1.387630755802393
2025-07-28,-0.0019777295287216057,-0.0019777295287216057,0.0,0.0,1.3848863974816805
2025-07-29,-0.005367101272948296,-0.005367101272948296,0.0,0.0,1.377453571934868
2025-07-30,0.006558342897108717,0.006558342897108717,0.0,0.0,1.386487384784464
2025-07-31,-0.009867593318220179,-0.009867593318220179,0.0,0.0,1.3728060911305684
2025-08-01,0.004591512301494308,0.004591512301494308,0.0,0.0,1.3791093471855607
2025-08-04,0.008059006763301938,0.008059006763301938,0.0,0.0,1.390223598741862
2025-08-05,0.007750968281653139,0.007750968281653139,0.0,0.0,1.400999177760116
2025-08-06,0.0033782801702921684,0.0033782801702921684,0.0,0.0,1.4057321455009386
2025-08-07,-0.009502791777012866,-0.009502791777012866,0.0,0.0,1.3923737656279898
2025-08-08,0.0006663522787201527,0.0006663522787201527,0.0,0.0,1.3933015770595463
2025-08-11,0.0014800781346773456,0.0014800781346773456,0.0,0.0,1.3953637722587635
2025-08-12,-0.0034597896632071593,-0.0034597896632071593,0.0,0.0,1.3905361071030888
2025-08-13,0.003760440982881905,0.003760440982881905,0.0,0.0,1.3957651360684165
2025-08-14,0.0037242340025915284,0.0037242340025915284,0.0,0.0,1.4009632920477944
2025-08-15,-0.0012170920630840297,-0.0012170920630840297,0.0,0.0,1.3992581907443709
2025-08-18,0.004986802950226309,0.004986802950226309,0.0,0.0,1.406236015618103
2025-08-19,-0.0025491907205165408,-0.0025491907205165408,0.0,0.0,1.4026512518162333
2025-08-20,-0.00641321074707416,-0.00641321074707416,0.0,0.0,1.3936557537336884
2025-08-21,0.0017269521265663647,0.0017269521265663647,0.0,0.0,1.3960625305013004
2025-08-22,-0.005421723046011635,-0.005421723046011635,0.0,0.0,1.3884934661060082
2025-08-25,0.004255104080774991,0.004255104080774991,0.0,0.0,1.3944016503197654
2025-08-26,-0.006211706325315214,-0.006211706325315214,0.0,0.0,1.385740036768444
2025-08-27,0.0006961410455912209,0.0006961410455912209,0.0,0.0,1.3867047072865577
2025-08-28,0.00561411171618474,0.00561411171618474,0.0,0.0,1.3944898224306237
2025-08-29,-0.002293784414852099,-0.002293784414852099,0.0,0.0,1.3912911634092624
2025-09-01,-0.002492153380016051,-0.002492153380016051,0.0,0.0,1.3878238524337856
2025-09-02,0.0037109819151970188,0.0037109819151970188,0.0,0.0,1.3929740416516465
2025-09-03,0.0019099696124253488,0.0019099696124253488,0.0,0.0,1.3956345797420986
2025-09-04,0.005734550946063519,0.005734550946063519,0.0,0.0,1.4036379173417177
2025-09-05,-0.0008242260882503534,-0.0008242260882503534,0.0,0.0,1.4024810023517873
2025-09-08,0.0018026869765944114,0.0018026869765944114,0.0,0.0,1.4050092365896478
2025-09-09,0.005629217944833814,0.005629217944833814,0.0,0.0,1.4129183397969156
2025-09-10,0.002981921792765141,0.002981921792765141,0.0,0.0,1.4171315517857535
2025-09-11,-0.007554200506277845,-0.007554200506277845,0.0,0.0,1.406426255899791
2025-09-12,0.009664007804760393,0.009664007804760393,0.0,0.0,1.4200179702136264
2025-09-15,-0.003535613081595267,-0.003535613081595267,0.0,0.0,1.414997336102039
2025-09-16,-0.0007709094109806768,-0.0007709094109806768,0.0,0.0,1.4139065013391252
2025-09-17,-0.004387905119679805,-0.004387905119679805,0.0,0.0,1.4077024137631506
2025-09-18,0.005814662905856998,0.005814662905856998,0.0,0.0,1.4158877287709448
2025-09-19,-0.0009114675643507853,-0.0009114675643507853,0.0,0.0,1.4145971930314079
2025-09-22,0.003347599648510286,0.003347599648510286,0.0,0.0,1.4193326980975836
2025-09-23,0.002047929761900096,0.002047929761900096,0.0,0.0,1.4222393917720555
2025-09-24,0.0043413196173731836,0.0043413196173731836,0.0,0.0,1.4284137875441565
2025-09-25,-0.001604856091455597,-0.001604856091455597,0.0,0.0,1.426121388976097
2025-09-26,-0.003989448706938131,-0.003989448706938131,0.0,0.0,1.4204319508449095
2025-09-30,0.008905452475820018,0.008905452475820018,0.0,0.0,1.4330815400782952
2025-10-01,-0.0007021073171329748,-0.0007021073171329748,0.0,0.0,1.4320753630429581
2025-10-02,-0.0015651075496214235,-0.0015651075496214235,0.0,0.0,1.4298340110806327
2025-10-03,-0.0028138046841191585,-0.0028138046841191585,0.0,0.0,1.4258107374427411
2025-10-07,0.005380043683160254,0.005380043683160254,0.0,0.0,1.4334816614941022
2025-10-08,0.0029775195926318022,0.0029775195926318022,0.0,0.0,1.4377498812268792
2025-10-09,-0.0017944194258182956,-0.0017944194258182956,0.0,0.0,1.4351699549105377
2025-10-13,-0.0082593594482262,-0.0082593594482262,0.0,0.0,1.423316370383637
2025-10-14,-0.0018325663462173368,-0.0018325663462173368,0.0,0.0,1.4207080487032517
2025-10-15,-0.0009721740289864711,-0.0009721740289864711,0.0,0.0,1.4193268732355304
2025-10-16,0.003903265822788463,0.003903265822788463,0.0,0.0,1.424866883311196
2025-10-17,0.0006566882331557393,0.0006566882331557393,0.0,0.0,1.4258025766272797
2025-10-20,0.005856723264616956,0.005856723264616956,0.0,0.0,1.4341531077485634
2025-10-21,0.0027082781793539078,0.0027082781793539078,0.0,0.0,1.4380371933161316
2025-10-22,0.005954312157078682,0.005954312157078682,0.0,0.0,1.446599715658625
2025-10-23,-0.0008120480736024804,-0.0008120480736024804,0.0,0.0,1.4454250071462504
2025-10-27,-0.005854334721739619,-0.005854334721739619,0.0,0.0,1.4369630053392435
2025-10-28,-0.00545567309860139,-0.00545567309860139,0.0,0.0,1.4291234049273287
2025-10-29,0.0024949889325114353,0.0024949889325114353,0.0,0.0,1.4326890520058155
2025-10-30,-0.004598414999115745,-0.004598414999115745,0.0,0.0,1.426100953180003
2025-10-31,-0.00670228451822647,-0.00670228451822647,0.0,0.0,1.4165428188400766
2025-11-03,0.004719227741706022,0.004719227741706022,0.0,0.0,1.4232278070080613
2025-11-04,-0.0037656590126237273,-0.0037656590126237273,0.0,0.0,1.4178684163895847
2025-11-05,0.0032594944845286975,0.0032594944845286975,0.0,0.0,1.422489950672594
2025-11-06,0.0007908129952087112,0.0007908129952087112,0.0,0.0,1.4236148742111399
2025-11-07,-0.0029248823183721734,-0.0029248823183721734,0.0,0.0,1.4194509682373881
2025-11-10,-0.002247854312930978,-0.002247854312930978,0.0,0.0,1.4162602492564418
2025-11-11,0.0001469347459517041,0.0001469347459517041,0.0,0.0,1.4164683470963677
2025-11-12,0.005899686493785326,0.005899686493785326,0.0,0.0,1.4248250662726065
2025-11-13,-0.006467815521003757,-0.006467815521003757,0.0,0.0,1.4156095605942534
2025-11-14,-0.006611238803069927,-0.006611238803069927,0.0,0.0,1.406250627737256
2025-11-17,-0.003946527300438615,-0.003946527300438615,0.0,0.0,1.4007008212436318
2025-11-18,-0.01091333518787021,-0.01091333518787021,0.0,0.0,1.385414503683475
2025-11-19,-0.0023459699807134434,-0.0023459699807134434,0.0,0.0,1.3821643628469886
2025-11-20,0.016689288672890278,0.016689288672890278,0.0,0.0,1.4052317028919235
2025-11-21,-0.010492196413295728,-0.010492196413295728,0.0,0.0,1.3904877358589913
2025-11-24,0.007798669781571805,0.007798669781571805,0.0,0.0,1.401331690546281
2025-11-25,-0.008427543106429956,-0.008427543106429956,0.0,0.0,1.3895219073177958
2025-11-26,0.009392161082987219,0.009392161082987219,0.0,0.0,1.4025725208996642
2025-11-27,0.00405644466916631,0.00405644466916631,0.0,0.0,1.4082619787251867
2025-11-28,-0.0058859578927942195,-0.0058859578927942195,0.0,0.0,1.3999730080163872
2025-12-01,-0.002562977324817069,-0.002562977324817069,0.0,0.0,1.3963849089414853
2025-12-02,0.005683903759841377,0.005683903759841377,0.0,0.0,1.4043218263756034
2025-12-03,-0.0015090430847245,-0.0015090430847245,0.0,0.0,1.4022026442347837
2025-12-04,0.005577437546262572,0.005577437546262572,0.0,0.0,1.4100233419102073
2025-12-05,0.0015590458194371273,0.0015590458194371273,0.0,0.0,1.4122216329067212
2025-12-08,-0.0031965194511748515,-0.0031965194511748515,0.0,0.0,1.407707438987765
2025-12-09,-0.00017904083273398267,-0.00017904083273398267,0.0,0.0,1.4074554018756429
2025-12-10,-0.0034038905803344213,-0.0034038905803344213,0.0,0.0,1.4026645776909576
2025-12-11,0.0009844348808792248,0.0009844348808792248,0.0,0.0,1.4040454096274102
2025-12-12,0.0034327842881353853,0.0034327842881353853,0.0,0.0,1.4088651946494077
2025-12-15,0.0010103649138142768,0.0010103649138142768,0.0,0.0,1.4102886626103757
2025-12-16,0.0006009576301569993,0.0006009576301569993,0.0,0.0,1.4111361863428955
2025-12-17,0.006667982991891562,0.006667982991891562,0.0,0.0,1.4205456184326728
2025-12-18,-0.00042537253857714326,-0.00042537253857714326,0.0,0.0,1.4199413573367956
2025-12-19,0.012642109512075932,0.012642109512075932,0.0,0.0,1.437892411476973
2025-12-22,0.0021986737839108286,0.0021986737839108286,0.0,0.0,1.4410538678261717
2025-12-23,-0.0032864163323951066,-0.0032864163323951066,0.0,0.0,1.4363179648590867
2025-12-24,0.002229466695584586,0.002229466695584586,0.0,0.0,1.43952018792601
2025-12-26,0.005056719553437263,0.005056719553437263,0.0,0.0,1.446799437807863
2025-12-29,-0.0007689910690641923,-0.0007689910690641923,0.0,0.0,1.4456868619614618
2025-12-30,-1.5859680618607384e-05,-1.5859680618607384e-05,0.0,0.0,1.4456639338295567
2025-12-31,-0.006027666422349346,-0.006027666422349346,0.0,0.0,1.436949953877611
2026-01-02,0.005178136799724557,0.005178136799724557,0.0,0.0,1.4443906773131472
2026-01-05,0.0038287684101485074,0.0038287684101485074,0.0,0.0,1.449920914710357
2026-01-06,0.008256630839270846,0.008256630839270846,0.0,0.0,1.4618923764492582
2026-01-07,0.005413543396522584,0.005413543396522584,0.0,0.0,1.4698063942702118
2026-01-08,-0.0019324455148827815,-0.0019324455148827815,0.0,0.0,1.4669660734958583
2026-01-09,0.0002886836151671907,0.0002886836151671907,0.0,0.0,1.4673895625652826
2026-01-12,0.002098629502948533,0.002098629502948533,0.0,0.0,1.470469069593601
2026-01-13,-0.0007840555506808943,-0.0007840555506808943,0.0,0.0,1.4693161401574815
2026-01-14,0.006021094047044823,0.006021094047044823,0.0,0.0,1.4781630308222107
2026-01-15,0.008267420600235912,0.008267420600235912,0.0,0.0,1.4903836263137376
2026-01-16,0.002808853403002159,0.002808853403002159,0.0,0.0,1.4945698954342876
2026-01-19,0.006414455221667449,0.006414455221667449,0.0,0.0,1.504156747104203
2026-01-20,-0.007250860366144433,-0.007250860366144433,0.0,0.0,1.4932503165621565
2026-01-21,-0.0056853279176205355,-0.0056853279176205355,0.0,0.0,1.48476069884941
2026-01-22,0.0028965698847043097,0.0028965698847043097,0.0,0.0,1.4890614119756898
2026-01-23,-3.728914781604296e-05,-3.728914781604296e-05,0.0,0.0,1.4890058861445914
2026-01-26,0.0051778612117380236,0.0051778612117380236,0.0,0.0,1.4967157519665093
2026-01-27,-0.0041291042526648905,-0.0041291042526648905,0.0,0.0,1.4905356565900338
2026-01-28,-0.0010844914873869532,-0.0010844914873869532,0.0,0.0,1.4889191833588151
2026-01-29,-0.0017819177973339327,-0.0017819177973339327,0.0,0.0,1.4862660517671962
2026-01-30,-0.007937136152414356,-0.007937136152414356,0.0,0.0,1.4744693557556088
2026-02-02,-0.008109378004805436,-0.008109378004805436,0.0,0.0,1.4625123263932844
2026-02-03,0.005235524094536523,0.005235524094536523,0.0,0.0,1.470169344916673
2026-02-04,0.008807989930245126,0.008807989930245126,0.0,0.0,1.4831185817024541
2026-02-05,0.000540500949876679,0.000540500949876679,0.0,0.0,1.4839202087046441
2026-02-06,0.0019139691316748773,0.0019139691316748773,0.0,0.0,1.4867603861779735
2026-02-09,0.002262805995426835,0.002262805995426835,0.0,0.0,1.49012463649358
2026-02-10,0.004678411559032183,0.004678411559032183,0.0,0.0,1.4970960528173503
2026-02-11,0.00817738696939792,0.00817738696939792,0.0,0.0,1.509338386571596
2026-02-23,0.023773160238200287,0.023773160238200287,0.0,0.0,1.5452201298892292
2026-02-24,0.007532799641486486,0.007532799641486486,0.0,0.0,1.5568599635296765
2026-02-25,0.0014126299018775365,0.0014126299018775365,0.0,0.0,1.5590592304671944
2026-02-26,0.00032744866896999673,0.00032744866896999673,0.0,0.0,1.5595697423370563
2026-03-02,-0.006705519211895316,-0.006705519211895316,0.0,0.0,1.5491120174675246
2026-03-03,-0.005463888094610721,-0.005463888094610721,0.0,0.0,1.5406478427580654
2026-03-04,-0.034696700481359935,-0.034696700481359935,0.0,0.0,1.4871924460106354
2026-03-05,0.0118275743186635,0.0118275743186635,0.0,0.0,1.5047823251919812
2026-03-06,0.005590542631010538,0.005590542631010538,0.0,0.0,1.5131948749313582
2026-03-09,-0.018920721713945834,-0.018920721713945834,0.0,0.0,1.4845641358038129
2026-03-10,-0.002075035046215122,-0.002075035046215122,0.0,0.0,1.481483613193666
2026-03-11,0.011008275869323951,0.011008275869323951,0.0,0.0,1.4977921935035847
2026-03-12,0.0022470027914633164,0.0022470027914633164,0.0,0.0,1.5011577367434195
2026-03-13,-0.0018857734132223013,-0.0018857734132223013,0.0,0.0,1.4983268933944158
2026-03-16,0.008978870967457019,0.008978870967457019,0.0,0.0,1.511780177237275
2026-03-17,0.005857359995661372,0.005857359995661372,0.0,0.0,1.5206352179696583
2026-03-18,0.0018712903756604984,0.0018712903756604984,0.0,0.0,1.5234807680179354
2026-03-19,-0.013105134480060723,-0.013105134480060723,0.0,0.0,1.5035153476752743
2026-03-20,-0.000614944166400765,-0.000614944166400765,0.0,0.0,1.5025907696831273
2026-03-23,-0.01677191003565133,-0.01677191003565133,0.0,0.0,1.4773894524736018
2026-03-24,0.007448630327204305,0.007448630327204305,0.0,0.0,1.4883939803543884
2026-03-25,0.010613479549963618,0.010613479549963618,0.0,0.0,1.5041910194271688
2026-03-26,-0.0004951157493328165,-0.0004951157493328165,0.0,0.0,1.5034462707634455
2026-03-27,-0.0012473099696547895,-0.0012473099696547895,0.0,0.0,1.501571007241082
2026-03-30,-0.013014890000580152,-0.013014890000580152,0.0,0.0,1.482028225753779
2026-03-31,-0.008201212124268456,-0.008201212124268456,0.0,0.0,1.469873797900219
2026-04-01,0.02209533309529936,0.02209533309529936,0.0,0.0,1.502351149072877
2026-04-02,-0.004654287873617653,-0.004654287873617653,0.0,0.0,1.4953587743378314
2026-04-07,0.006090286136128378,0.006090286136128378,0.0,0.0,1.5044659371497189
2026-04-08,0.011996060957837174,0.011996060957837174,0.0,0.0,1.5225136022407564
2026-04-09,0.008690609792141566,0.008690609792141566,0.0,0.0,1.5357451738610586
2026-04-10,-0.0061443164821818105,-0.0061443164821818105,0.0,0.0,1.5263090694768728
2026-04-13,-0.003711132426053275,-0.003711132426053275,0.0,0.0,1.520644734396958
2026-04-14,0.009445968093363526,0.009445968093363526,0.0,0.0,1.5350086960394131
2026-04-15,0.007967770631580325,0.007967770631580325,0.0,0.0,1.5472392932469365
2026-04-16,0.006971712876984424,0.006971712876984424,0.0,0.0,1.5580262013514425
2026-04-17,0.00565571317870036,0.00565571317870036,0.0,0.0,1.5668379506711863
