date,gross_ret,net_ret,turnover,total_cost,equity
2015-01-05,0.0,0.0,0.0,0.0,1.0
2015-01-06,0.0,0.0,0.0,0.0,1.0
2015-01-07,0.0,0.0,0.0,0.0,1.0
2015-01-08,0.0,0.0,0.0,0.0,1.0
2015-01-09,0.0,0.0,0.0,0.0,1.0
2015-01-12,0.0,0.0,0.0,0.0,1.0
2015-01-13,0.0,0.0,0.0,0.0,1.0
2015-01-14,0.0,0.0,0.0,0.0,1.0
2015-01-15,0.0,0.0,0.0,0.0,1.0
2015-01-16,0.0,0.0,0.0,0.0,1.0
2015-01-19,0.0,0.0,0.0,0.0,1.0
2015-01-20,0.0,0.0,0.0,0.0,1.0
2015-01-21,0.0,0.0,0.0,0.0,1.0
2015-01-22,0.0,0.0,0.0,0.0,1.0
2015-01-23,0.0,0.0,0.0,0.0,1.0
2015-01-26,0.0,0.0,0.0,0.0,1.0
2015-01-27,0.0,0.0,0.0,0.0,1.0
2015-01-28,0.0,0.0,0.0,0.0,1.0
2015-01-29,0.0,0.0,0.0,0.0,1.0
2015-01-30,0.0,0.0,0.0,0.0,1.0
2015-02-02,0.0,0.0,0.0,0.0,1.0
2015-02-03,0.0,0.0,0.0,0.0,1.0
2015-02-04,0.0,0.0,0.0,0.0,1.0
2015-02-05,0.0,0.0,0.0,0.0,1.0
2015-02-06,0.0,0.0,0.0,0.0,1.0
2015-02-09,0.0,0.0,0.0,0.0,1.0
2015-02-10,0.0,0.0,0.0,0.0,1.0
2015-02-11,0.0,0.0,0.0,0.0,1.0
2015-02-12,0.0,0.0,0.0,0.0,1.0
2015-02-13,0.0,0.0,0.0,0.0,1.0
2015-02-24,0.0,0.0,0.0,0.0,1.0
2015-02-25,0.0,0.0,0.0,0.0,1.0
2015-02-26,0.0,0.0,0.0,0.0,1.0
2015-03-02,0.0,0.0,0.0,0.0,1.0
2015-03-03,0.0,0.0,0.0,0.0,1.0
2015-03-04,0.0,0.0,0.0,0.0,1.0
2015-03-05,0.0,0.0,0.0,0.0,1.0
2015-03-06,0.0,0.0,0.0,0.0,1.0
2015-03-09,0.0,0.0,0.0,0.0,1.0
2015-03-10,0.0,0.0,0.0,0.0,1.0
2015-03-11,0.0,0.0,0.0,0.0,1.0
2015-03-12,0.0,0.0,0.0,0.0,1.0
2015-03-13,0.0,0.0,0.0,0.0,1.0
2015-03-16,0.0,0.0,0.0,0.0,1.0
2015-03-17,0.0,0.0,0.0,0.0,1.0
2015-03-18,0.0,0.0,0.0,0.0,1.0
2015-03-19,0.0,0.0,0.0,0.0,1.0
2015-03-20,0.0,0.0,0.0,0.0,1.0
2015-03-23,0.0,0.0,0.0,0.0,1.0
2015-03-24,0.0,0.0,0.0,0.0,1.0
2015-03-25,0.0,0.0,0.0,0.0,1.0
2015-03-26,0.0,0.0,0.0,0.0,1.0
2015-03-27,0.0,0.0,0.0,0.0,1.0
2015-03-30,0.0,0.0,0.0,0.0,1.0
2015-03-31,0.0,0.0,0.0,0.0,1.0
2015-04-01,0.0,0.0,0.0,0.0,1.0
2015-04-02,0.0,0.0,0.0,0.0,1.0
2015-04-07,0.0,0.0,0.0,0.0,1.0
2015-04-08,0.0,0.0,0.0,0.0,1.0
2015-04-09,0.0,0.0,0.0,0.0,1.0
2015-04-10,0.0,0.0,0.0,0.0,1.0
2015-04-13,0.0,0.0,0.0,0.0,1.0
2015-04-14,0.0,0.0,0.0,0.0,1.0
2015-04-15,0.0,0.0,0.0,0.0,1.0
2015-04-16,0.0,0.0,0.0,0.0,1.0
2015-04-17,0.0,0.0,0.0,0.0,1.0
2015-04-20,0.0,0.0,0.0,0.0,1.0
2015-04-21,0.0,0.0,0.0,0.0,1.0
2015-04-22,0.0,0.0,0.0,0.0,1.0
2015-04-23,0.0,0.0,0.0,0.0,1.0
2015-04-24,0.0,0.0,0.0,0.0,1.0
2015-04-27,0.0,0.0,0.0,0.0,1.0
2015-04-28,0.0,0.0,0.0,0.0,1.0
2015-04-29,0.0,0.0,0.0,0.0,1.0
2015-04-30,0.0,0.0,0.0,0.0,1.0
2015-05-04,0.0,0.0,0.0,0.0,1.0
2015-05-05,0.0,0.0,0.0,0.0,1.0
2015-05-06,0.0,0.0,0.0,0.0,1.0
2015-05-07,0.0,0.0,0.0,0.0,1.0
2015-05-08,0.0,0.0,0.0,0.0,1.0
2015-05-11,0.0,0.0,0.0,0.0,1.0
2015-05-12,0.0,0.0,0.0,0.0,1.0
2015-05-13,0.0,0.0,0.0,0.0,1.0
2015-05-14,0.0,0.0,0.0,0.0,1.0
2015-05-15,0.0,0.0,0.0,0.0,1.0
2015-05-18,0.0,0.0,0.0,0.0,1.0
2015-05-19,0.0,0.0,0.0,0.0,1.0
2015-05-20,0.0,0.0,0.0,0.0,1.0
2015-05-21,0.0,0.0,0.0,0.0,1.0
2015-05-22,0.0,0.0,0.0,0.0,1.0
2015-05-25,0.0,0.0,0.0,0.0,1.0
2015-05-26,0.0,0.0,0.0,0.0,1.0
2015-05-27,0.0,0.0,0.0,0.0,1.0
2015-05-28,0.0,0.0,0.0,0.0,1.0
2015-05-29,0.0,0.0,0.0,0.0,1.0
2015-06-01,0.0,0.0,0.0,0.0,1.0
2015-06-02,0.0,0.0,0.0,0.0,1.0
2015-06-03,0.0,0.0,0.0,0.0,1.0
2015-06-04,0.0,0.0,0.0,0.0,1.0
2015-06-05,0.0,0.0,0.0,0.0,1.0
2015-06-08,0.0,0.0,0.0,0.0,1.0
2015-06-09,0.0,0.0,0.0,0.0,1.0
2015-06-10,0.0,0.0,0.0,0.0,1.0
2015-06-11,0.0,0.0,0.0,0.0,1.0
2015-06-12,0.0,0.0,0.0,0.0,1.0
2015-06-15,0.0,0.0,0.0,0.0,1.0
2015-06-16,0.0,0.0,0.0,0.0,1.0
2015-06-17,0.0,0.0,0.0,0.0,1.0
2015-06-18,0.0,0.0,0.0,0.0,1.0
2015-06-22,0.0,0.0,0.0,0.0,1.0
2015-06-23,0.0,0.0,0.0,0.0,1.0
2015-06-24,0.0,0.0,0.0,0.0,1.0
2015-06-25,0.0,0.0,0.0,0.0,1.0
2015-06-26,0.0,0.0,0.0,0.0,1.0
2015-06-29,0.0,0.0,0.0,0.0,1.0
2015-06-30,0.0,0.0,0.0,0.0,1.0
2015-07-01,0.0,0.0,0.0,0.0,1.0
2015-07-02,0.0,0.0,0.0,0.0,1.0
2015-07-03,0.0,0.0,0.0,0.0,1.0
2015-07-06,0.0,0.0,0.0,0.0,1.0
2015-07-07,0.0,0.0,0.0,0.0,1.0
2015-07-08,0.0,0.0,0.0,0.0,1.0
2015-07-09,0.0,0.0,0.0,0.0,1.0
2015-07-13,0.0,0.0,0.0,0.0,1.0
2015-07-14,0.0,0.0,0.0,0.0,1.0
2015-07-15,0.0,0.0,0.0,0.0,1.0
2015-07-16,0.0,0.0,0.0,0.0,1.0
2015-07-17,0.0,0.0,0.0,0.0,1.0
2015-07-20,0.0,0.0,0.0,0.0,1.0
2015-07-21,0.0,0.0,0.0,0.0,1.0
2015-07-22,0.0,0.0,0.0,0.0,1.0
2015-07-23,0.0,0.0,0.0,0.0,1.0
2015-07-24,0.0,0.0,0.0,0.0,1.0
2015-07-27,0.0,0.0,0.0,0.0,1.0
2015-07-28,0.0,0.0,0.0,0.0,1.0
2015-07-29,0.0,0.0,0.0,0.0,1.0
2015-07-30,0.0,0.0,0.0,0.0,1.0
2015-07-31,0.0,0.0,0.0,0.0,1.0
2015-08-03,0.0,0.0,0.0,0.0,1.0
2015-08-04,0.0,0.0,0.0,0.0,1.0
2015-08-05,0.0,0.0,0.0,0.0,1.0
2015-08-06,0.0,0.0,0.0,0.0,1.0
2015-08-07,0.0,0.0,0.0,0.0,1.0
2015-08-10,0.0,0.0,0.0,0.0,1.0
2015-08-11,0.0,0.0,0.0,0.0,1.0
2015-08-12,0.0,0.0,0.0,0.0,1.0
2015-08-13,0.0,0.0,0.0,0.0,1.0
2015-08-14,0.0,0.0,0.0,0.0,1.0
2015-08-17,0.0,0.0,0.0,0.0,1.0
2015-08-18,0.0,0.0,0.0,0.0,1.0
2015-08-19,0.0,0.0,0.0,0.0,1.0
2015-08-20,0.0,0.0,0.0,0.0,1.0
2015-08-21,0.0,0.0,0.0,0.0,1.0
2015-08-24,0.0,0.0,0.0,0.0,1.0
2015-08-25,0.0,0.0,0.0,0.0,1.0
2015-08-26,0.0,0.0,0.0,0.0,1.0
2015-08-27,0.0,0.0,0.0,0.0,1.0
2015-08-28,0.0,0.0,0.0,0.0,1.0
2015-08-31,0.0,0.0,0.0,0.0,1.0
2015-09-01,0.0,0.0,0.0,0.0,1.0
2015-09-02,0.0,0.0,0.0,0.0,1.0
2015-09-03,0.0,0.0,0.0,0.0,1.0
2015-09-04,0.0,0.0,0.0,0.0,1.0
2015-09-07,0.0,0.0,0.0,0.0,1.0
2015-09-08,0.0,0.0,0.0,0.0,1.0
2015-09-09,0.0,0.0,0.0,0.0,1.0
2015-09-10,0.0,0.0,0.0,0.0,1.0
2015-09-11,0.0,0.0,0.0,0.0,1.0
2015-09-14,0.0,0.0,0.0,0.0,1.0
2015-09-15,0.0,0.0,0.0,0.0,1.0
2015-09-16,0.0,0.0,0.0,0.0,1.0
2015-09-17,0.0,0.0,0.0,0.0,1.0
2015-09-18,0.0,0.0,0.0,0.0,1.0
2015-09-21,0.0,0.0,0.0,0.0,1.0
2015-09-22,0.0,0.0,0.0,0.0,1.0
2015-09-23,0.0,0.0,0.0,0.0,1.0
2015-09-24,0.0,0.0,0.0,0.0,1.0
2015-09-25,0.0,0.0,0.0,0.0,1.0
2015-09-30,0.0,0.0,0.0,0.0,1.0
2015-10-01,0.0,0.0,0.0,0.0,1.0
2015-10-02,0.0,0.0,0.0,0.0,1.0
2015-10-05,0.0,0.0,0.0,0.0,1.0
2015-10-06,0.0,0.0,0.0,0.0,1.0
2015-10-07,0.0,0.0,0.0,0.0,1.0
2015-10-08,0.0,0.0,0.0,0.0,1.0
2015-10-12,0.0,0.0,0.0,0.0,1.0
2015-10-13,0.0,0.0,0.0,0.0,1.0
2015-10-14,0.0,0.0,0.0,0.0,1.0
2015-10-15,0.0,0.0,0.0,0.0,1.0
2015-10-16,0.0,0.0,0.0,0.0,1.0
2015-10-19,0.0,0.0,0.0,0.0,1.0
2015-10-20,0.0,0.0,0.0,0.0,1.0
2015-10-21,0.0,0.0,0.0,0.0,1.0
2015-10-22,0.0,0.0,0.0,0.0,1.0
2015-10-23,0.0,0.0,0.0,0.0,1.0
2015-10-26,0.0,0.0,0.0,0.0,1.0
2015-10-27,0.0,0.0,0.0,0.0,1.0
2015-10-28,0.0,0.0,0.0,0.0,1.0
2015-10-29,0.0,0.0,0.0,0.0,1.0
2015-10-30,0.0,0.0,0.0,0.0,1.0
2015-11-02,0.0,0.0,0.0,0.0,1.0
2015-11-03,0.0,0.0,0.0,0.0,1.0
2015-11-04,0.0,0.0,0.0,0.0,1.0
2015-11-05,0.0,0.0,0.0,0.0,1.0
2015-11-06,0.0,0.0,0.0,0.0,1.0
2015-11-09,0.0,0.0,0.0,0.0,1.0
2015-11-10,0.0,0.0,0.0,0.0,1.0
2015-11-11,0.0,0.0,0.0,0.0,1.0
2015-11-12,0.0,0.0,0.0,0.0,1.0
2015-11-13,0.0,0.0,0.0,0.0,1.0
2015-11-16,0.0,0.0,0.0,0.0,1.0
2015-11-17,0.0,0.0,0.0,0.0,1.0
2015-11-18,0.0,0.0,0.0,0.0,1.0
2015-11-19,0.0,0.0,0.0,0.0,1.0
2015-11-20,0.0,0.0,0.0,0.0,1.0
2015-11-23,0.0,0.0,0.0,0.0,1.0
2015-11-24,0.0,0.0,0.0,0.0,1.0
2015-11-25,0.0,0.0,0.0,0.0,1.0
2015-11-26,0.0,0.0,0.0,0.0,1.0
2015-11-27,0.0,0.0,0.0,0.0,1.0
2015-11-30,0.0,0.0,0.0,0.0,1.0
2015-12-01,0.0,0.0,0.0,0.0,1.0
2015-12-02,0.0,0.0,0.0,0.0,1.0
2015-12-03,0.0,0.0,0.0,0.0,1.0
2015-12-04,0.0,0.0,0.0,0.0,1.0
2015-12-07,0.0,0.0,0.0,0.0,1.0
2015-12-08,0.0,0.0,0.0,0.0,1.0
2015-12-09,0.0,0.0,0.0,0.0,1.0
2015-12-10,0.0,0.0,0.0,0.0,1.0
2015-12-11,0.0,0.0,0.0,0.0,1.0
2015-12-14,0.0,0.0,0.0,0.0,1.0
2015-12-15,0.0,0.0,0.0,0.0,1.0
2015-12-16,0.0,0.0,0.0,0.0,1.0
2015-12-17,0.0,0.0,0.0,0.0,1.0
2015-12-18,0.0,0.0,0.0,0.0,1.0
2015-12-21,0.0,0.0,0.0,0.0,1.0
2015-12-22,0.0,0.0,0.0,0.0,1.0
2015-12-23,0.0,0.0,0.0,0.0,1.0
2015-12-24,0.0,0.0,0.0,0.0,1.0
2015-12-25,0.0,0.0,0.0,0.0,1.0
2015-12-28,0.0,0.0,0.0,0.0,1.0
2015-12-29,0.0,0.0,0.0,0.0,1.0
2015-12-30,0.0,0.0,0.0,0.0,1.0
2015-12-31,0.0,0.0,0.0,0.0,1.0
2016-01-04,0.0,0.0,0.0,0.0,1.0
2016-01-05,0.0,0.0,0.0,0.0,1.0
2016-01-06,0.0,0.0,0.0,0.0,1.0
2016-01-07,0.0,0.0,0.0,0.0,1.0
2016-01-08,0.0,0.0,0.0,0.0,1.0
2016-01-11,0.0,0.0,0.0,0.0,1.0
2016-01-12,0.0,0.0,0.0,0.0,1.0
2016-01-13,0.0,0.0,0.0,0.0,1.0
2016-01-14,0.0,0.0,0.0,0.0,1.0
2016-01-15,0.0,0.0,0.0,0.0,1.0
2016-01-18,0.0,0.0,0.0,0.0,1.0
2016-01-19,0.0,0.0,0.0,0.0,1.0
2016-01-20,0.0,0.0,0.0,0.0,1.0
2016-01-21,0.0,0.0,0.0,0.0,1.0
2016-01-22,0.0,0.0,0.0,0.0,1.0
2016-01-25,0.0,0.0,0.0,0.0,1.0
2016-01-26,0.0,0.0,0.0,0.0,1.0
2016-01-27,0.0,0.0,0.0,0.0,1.0
2016-01-28,0.0,0.0,0.0,0.0,1.0
2016-01-29,0.0,0.0,0.0,0.0,1.0
2016-01-30,0.0,0.0,0.0,0.0,1.0
2016-02-01,0.0,0.0,0.0,0.0,1.0
2016-02-02,0.0,0.0,0.0,0.0,1.0
2016-02-03,0.0,0.0,0.0,0.0,1.0
2016-02-15,0.0,0.0,0.0,0.0,1.0
2016-02-16,0.0,0.0,0.0,0.0,1.0
2016-02-17,0.0,0.0,0.0,0.0,1.0
2016-02-18,0.0,0.0,0.0,0.0,1.0
2016-02-19,0.0,0.0,0.0,0.0,1.0
2016-02-22,0.0,0.0,0.0,0.0,1.0
2016-02-23,0.0,0.0,0.0,0.0,1.0
2016-02-24,0.0,0.0,0.0,0.0,1.0
2016-02-25,0.0,0.0,0.0,0.0,1.0
2016-02-26,0.0,0.0,0.0,0.0,1.0
2016-03-01,0.0,0.0,0.0,0.0,1.0
2016-03-02,0.0,0.0,0.0,0.0,1.0
2016-03-03,0.0,0.0,0.0,0.0,1.0
2016-03-04,0.0,0.0,0.0,0.0,1.0
2016-03-07,0.0,0.0,0.0,0.0,1.0
2016-03-08,0.0,0.0,0.0,0.0,1.0
2016-03-09,0.0,0.0,0.0,0.0,1.0
2016-03-10,0.0,0.0,0.0,0.0,1.0
2016-03-11,0.0,0.0,0.0,0.0,1.0
2016-03-14,0.0,0.0,0.0,0.0,1.0
2016-03-15,0.0,0.0,0.0,0.0,1.0
2016-03-16,0.0,0.0,0.0,0.0,1.0
2016-03-17,0.0,0.0,0.0,0.0,1.0
2016-03-18,0.0,0.0,0.0,0.0,1.0
2016-03-21,0.0,0.0,0.0,0.0,1.0
2016-03-22,0.0,0.0,0.0,0.0,1.0
2016-03-23,0.0,0.0,0.0,0.0,1.0
2016-03-24,0.0,0.0,0.0,0.0,1.0
2016-03-25,0.0,0.0,0.0,0.0,1.0
2016-03-28,0.0,0.0,0.0,0.0,1.0
2016-03-29,0.0,0.0,0.0,0.0,1.0
2016-03-30,0.0,0.0,0.0,0.0,1.0
2016-03-31,0.0,0.0,0.0,0.0,1.0
2016-04-01,0.0,0.0,0.0,0.0,1.0
2016-04-06,0.0,0.0,0.0,0.0,1.0
2016-04-07,0.0,0.0,0.0,0.0,1.0
2016-04-08,0.0,0.0,0.0,0.0,1.0
2016-04-11,0.0,0.0,0.0,0.0,1.0
2016-04-12,0.0,0.0,0.0,0.0,1.0
2016-04-13,0.0,0.0,0.0,0.0,1.0
2016-04-14,0.0,0.0,0.0,0.0,1.0
2016-04-15,0.0,0.0,0.0,0.0,1.0
2016-04-18,0.0,0.0,0.0,0.0,1.0
2016-04-19,0.0,0.0,0.0,0.0,1.0
2016-04-20,0.0,0.0,0.0,0.0,1.0
2016-04-21,0.0,0.0,0.0,0.0,1.0
2016-04-22,0.0,0.0,0.0,0.0,1.0
2016-04-25,0.0,0.0,0.0,0.0,1.0
2016-04-26,0.0,0.0,0.0,0.0,1.0
2016-04-27,0.0,0.0,0.0,0.0,1.0
2016-04-28,0.0,0.0,0.0,0.0,1.0
2016-04-29,0.0,0.0,0.0,0.0,1.0
2016-05-03,0.0,0.0,0.0,0.0,1.0
2016-05-04,0.0,0.0,0.0,0.0,1.0
2016-05-05,0.0,0.0,0.0,0.0,1.0
2016-05-06,0.0,0.0,0.0,0.0,1.0
2016-05-09,0.0,0.0,0.0,0.0,1.0
2016-05-10,0.0,0.0,0.0,0.0,1.0
2016-05-11,0.0,0.0,0.0,0.0,1.0
2016-05-12,0.0,0.0,0.0,0.0,1.0
2016-05-13,0.0,0.0,0.0,0.0,1.0
2016-05-16,0.0,0.0,0.0,0.0,1.0
2016-05-17,0.0,0.0,0.0,0.0,1.0
2016-05-18,0.0,0.0,0.0,0.0,1.0
2016-05-19,0.0,0.0,0.0,0.0,1.0
2016-05-20,0.0,0.0,0.0,0.0,1.0
2016-05-23,0.0,0.0,0.0,0.0,1.0
2016-05-24,0.0,0.0,0.0,0.0,1.0
2016-05-25,0.0,0.0,0.0,0.0,1.0
2016-05-26,0.0,0.0,0.0,0.0,1.0
2016-05-27,0.0,0.0,0.0,0.0,1.0
2016-05-30,0.0,0.0,0.0,0.0,1.0
2016-05-31,0.0,0.0,0.0,0.0,1.0
2016-06-01,0.0,0.0,0.0,0.0,1.0
2016-06-02,0.0,0.0,0.0,0.0,1.0
2016-06-03,0.0,0.0,0.0,0.0,1.0
2016-06-04,0.0,0.0,0.0,0.0,1.0
2016-06-06,0.0,0.0,0.0,0.0,1.0
2016-06-07,0.0,0.0,0.0,0.0,1.0
2016-06-08,0.0,0.0,0.0,0.0,1.0
2016-06-13,0.0,0.0,0.0,0.0,1.0
2016-06-14,0.0,0.0,0.0,0.0,1.0
2016-06-15,0.0,0.0,0.0,0.0,1.0
2016-06-16,0.0,0.0,0.0,0.0,1.0
2016-06-17,0.0,0.0,0.0,0.0,1.0
2016-06-20,0.0,0.0,0.0,0.0,1.0
2016-06-21,0.0,0.0,0.0,0.0,1.0
2016-06-22,0.0,0.0,0.0,0.0,1.0
2016-06-23,0.0,0.0,0.0,0.0,1.0
2016-06-24,0.0,0.0,0.0,0.0,1.0
2016-06-27,0.0,0.0,0.0,0.0,1.0
2016-06-28,0.0,0.0,0.0,0.0,1.0
2016-06-29,0.0,0.0,0.0,0.0,1.0
2016-06-30,0.0,0.0,0.0,0.0,1.0
2016-07-01,0.0,0.0,0.0,0.0,1.0
2016-07-04,0.0,0.0,0.0,0.0,1.0
2016-07-05,0.0,0.0,0.0,0.0,1.0
2016-07-06,0.0,0.0,0.0,0.0,1.0
2016-07-07,0.0,0.0,0.0,0.0,1.0
2016-07-11,0.0,0.0,0.0,0.0,1.0
2016-07-12,0.0,0.0,0.0,0.0,1.0
2016-07-13,0.0,0.0,0.0,0.0,1.0
2016-07-14,0.0,0.0,0.0,0.0,1.0
2016-07-15,0.0,0.0,0.0,0.0,1.0
2016-07-18,0.0,0.0,0.0,0.0,1.0
2016-07-19,0.0,0.0,0.0,0.0,1.0
2016-07-20,0.0,0.0,0.0,0.0,1.0
2016-07-21,0.0,0.0,0.0,0.0,1.0
2016-07-22,0.0,0.0,0.0,0.0,1.0
2016-07-25,0.0,0.0,0.0,0.0,1.0
2016-07-26,0.0,0.0,0.0,0.0,1.0
2016-07-27,0.0,0.0,0.0,0.0,1.0
2016-07-28,0.0,0.0,0.0,0.0,1.0
2016-07-29,0.0,0.0,0.0,0.0,1.0
2016-08-01,0.0,0.0,0.0,0.0,1.0
2016-08-02,0.0,0.0,0.0,0.0,1.0
2016-08-03,0.0,0.0,0.0,0.0,1.0
2016-08-04,0.0,0.0,0.0,0.0,1.0
2016-08-05,0.0,0.0,0.0,0.0,1.0
2016-08-08,0.0,0.0,0.0,0.0,1.0
2016-08-09,0.0,0.0,0.0,0.0,1.0
2016-08-10,0.0,0.0,0.0,0.0,1.0
2016-08-11,0.0,0.0,0.0,0.0,1.0
2016-08-12,0.0,0.0,0.0,0.0,1.0
2016-08-15,0.0,0.0,0.0,0.0,1.0
2016-08-16,0.0,0.0,0.0,0.0,1.0
2016-08-17,0.0,0.0,0.0,0.0,1.0
2016-08-18,0.0,0.0,0.0,0.0,1.0
2016-08-19,0.0,0.0,0.0,0.0,1.0
2016-08-22,0.0,0.0,0.0,0.0,1.0
2016-08-23,0.0,0.0,0.0,0.0,1.0
2016-08-24,0.0,0.0,0.0,0.0,1.0
2016-08-25,0.0,0.0,0.0,0.0,1.0
2016-08-26,0.0,0.0,0.0,0.0,1.0
2016-08-29,0.0,0.0,0.0,0.0,1.0
2016-08-30,0.0,0.0,0.0,0.0,1.0
2016-08-31,0.0,0.0,0.0,0.0,1.0
2016-09-01,0.0,0.0,0.0,0.0,1.0
2016-09-02,0.0,0.0,0.0,0.0,1.0
2016-09-05,0.0,0.0,0.0,0.0,1.0
2016-09-06,0.0,0.0,0.0,0.0,1.0
2016-09-07,0.0,0.0,0.0,0.0,1.0
2016-09-08,0.0,0.0,0.0,0.0,1.0
2016-09-09,0.0,0.0,0.0,0.0,1.0
2016-09-10,0.0,0.0,0.0,0.0,1.0
2016-09-12,0.0,0.0,0.0,0.0,1.0
2016-09-13,0.0,0.0,0.0,0.0,1.0
2016-09-14,0.0,0.0,0.0,0.0,1.0
2016-09-19,0.0,0.0,0.0,0.0,1.0
2016-09-20,0.0,0.0,0.0,0.0,1.0
2016-09-21,0.0,0.0,0.0,0.0,1.0
2016-09-22,0.0,0.0,0.0,0.0,1.0
2016-09-23,0.0,0.0,0.0,0.0,1.0
2016-09-26,0.0,0.0,0.0,0.0,1.0
2016-09-29,0.0,0.0,0.0,0.0,1.0
2016-09-30,0.0,0.0,0.0,0.0,1.0
2016-10-03,0.0,0.0,0.0,0.0,1.0
2016-10-04,0.0,0.0,0.0,0.0,1.0
2016-10-05,0.0,0.0,0.0,0.0,1.0
2016-10-06,0.0,0.0,0.0,0.0,1.0
2016-10-07,0.0,0.0,0.0,0.0,1.0
2016-10-11,0.0,0.0,0.0,0.0,1.0
2016-10-12,0.0,0.0,0.0,0.0,1.0
2016-10-13,0.0,0.0,0.0,0.0,1.0
2016-10-14,0.0,0.0,0.0,0.0,1.0
2016-10-17,0.0,0.0,0.0,0.0,1.0
2016-10-18,0.0,0.0,0.0,0.0,1.0
2016-10-19,0.0,0.0,0.0,0.0,1.0
2016-10-20,0.0,0.0,0.0,0.0,1.0
2016-10-21,0.0,0.0,0.0,0.0,1.0
2016-10-24,0.0,0.0,0.0,0.0,1.0
2016-10-25,0.0,0.0,0.0,0.0,1.0
2016-10-26,0.0,0.0,0.0,0.0,1.0
2016-10-27,0.0,0.0,0.0,0.0,1.0
2016-10-28,0.0,0.0,0.0,0.0,1.0
2016-10-31,0.0,0.0,0.0,0.0,1.0
2016-11-01,0.0,0.0,0.0,0.0,1.0
2016-11-02,0.0,0.0,0.0,0.0,1.0
2016-11-03,0.0,0.0,0.0,0.0,1.0
2016-11-04,0.0,0.0,0.0,0.0,1.0
2016-11-07,0.0,0.0,0.0,0.0,1.0
2016-11-08,0.0,0.0,0.0,0.0,1.0
2016-11-09,0.0,0.0,0.0,0.0,1.0
2016-11-10,0.0,0.0,0.0,0.0,1.0
2016-11-11,0.0,0.0,0.0,0.0,1.0
2016-11-14,0.0,0.0,0.0,0.0,1.0
2016-11-15,0.0,0.0,0.0,0.0,1.0
2016-11-16,0.0,0.0,0.0,0.0,1.0
2016-11-17,0.0,0.0,0.0,0.0,1.0
2016-11-18,0.0,0.0,0.0,0.0,1.0
2016-11-21,0.0,0.0,0.0,0.0,1.0
2016-11-22,0.0,0.0,0.0,0.0,1.0
2016-11-23,0.0,0.0,0.0,0.0,1.0
2016-11-24,0.0,0.0,0.0,0.0,1.0
2016-11-25,0.0,0.0,0.0,0.0,1.0
2016-11-28,0.0,0.0,0.0,0.0,1.0
2016-11-29,0.0,0.0,0.0,0.0,1.0
2016-11-30,0.0,0.0,0.0,0.0,1.0
2016-12-01,0.0,0.0,0.0,0.0,1.0
2016-12-02,0.0,0.0,0.0,0.0,1.0
2016-12-05,0.0,0.0,0.0,0.0,1.0
2016-12-06,0.0,0.0,0.0,0.0,1.0
2016-12-07,0.0,0.0,0.0,0.0,1.0
2016-12-08,0.0,0.0,0.0,0.0,1.0
2016-12-09,0.0,0.0,0.0,0.0,1.0
2016-12-12,0.0,0.0,0.0,0.0,1.0
2016-12-13,0.0,0.0,0.0,0.0,1.0
2016-12-14,0.0,0.0,0.0,0.0,1.0
2016-12-15,0.0,0.0,0.0,0.0,1.0
2016-12-16,0.0,0.0,0.0,0.0,1.0
2016-12-19,0.0,0.0,0.0,0.0,1.0
2016-12-20,0.0,0.0,0.0,0.0,1.0
2016-12-21,0.0,0.0,0.0,0.0,1.0
2016-12-22,0.0,0.0,0.0,0.0,1.0
2016-12-23,0.0,0.0,0.0,0.0,1.0
2016-12-26,0.0,0.0,0.0,0.0,1.0
2016-12-27,0.0,0.0,0.0,0.0,1.0
2016-12-28,0.0,0.0,0.0,0.0,1.0
2016-12-29,0.0,0.0,0.0,0.0,1.0
2016-12-30,0.0,0.0,0.0,0.0,1.0
2017-01-03,0.0,0.0,0.0,0.0,1.0
2017-01-04,0.0,0.0,0.0,0.0,1.0
2017-01-05,0.0,0.0,0.0,0.0,1.0
2017-01-06,0.0,0.0,0.0,0.0,1.0
2017-01-09,0.0,0.0,0.0,0.0,1.0
2017-01-10,0.0,0.0,0.0,0.0,1.0
2017-01-11,0.0,0.0,0.0,0.0,1.0
2017-01-12,0.0,0.0,0.0,0.0,1.0
2017-01-13,0.0,0.0,0.0,0.0,1.0
2017-01-16,0.0,0.0,0.0,0.0,1.0
2017-01-17,0.0,0.0,0.0,0.0,1.0
2017-01-18,0.0,0.0,0.0,0.0,1.0
2017-01-19,0.0,0.0,0.0,0.0,1.0
2017-01-20,0.0,0.0,0.0,0.0,1.0
2017-01-23,0.0,0.0,0.0,0.0,1.0
2017-01-24,0.0,0.0,0.0,0.0,1.0
2017-02-02,0.0,0.0,0.0,0.0,1.0
2017-02-03,0.0,0.0,0.0,0.0,1.0
2017-02-06,0.0,0.0,0.0,0.0,1.0
2017-02-07,0.0,0.0,0.0,0.0,1.0
2017-02-08,0.0,0.0,0.0,0.0,1.0
2017-02-09,0.0,0.0,0.0,0.0,1.0
2017-02-10,0.0,0.0,0.0,0.0,1.0
2017-02-13,0.0,0.0,0.0,0.0,1.0
2017-02-14,0.0,0.0,0.0,0.0,1.0
2017-02-15,0.0,0.0,0.0,0.0,1.0
2017-02-16,0.0,0.0,0.0,0.0,1.0
2017-02-17,0.0,0.0,0.0,0.0,1.0
2017-02-18,0.0,0.0,0.0,0.0,1.0
2017-02-20,0.0,0.0,0.0,0.0,1.0
2017-02-21,0.0,0.0,0.0,0.0,1.0
2017-02-22,0.0,0.0,0.0,0.0,1.0
2017-02-23,0.0,0.0,0.0,0.0,1.0
2017-02-24,0.0,0.0,0.0,0.0,1.0
2017-03-01,0.0,0.0,0.0,0.0,1.0
2017-03-02,0.0,0.0,0.0,0.0,1.0
2017-03-03,0.0,0.0,0.0,0.0,1.0
2017-03-06,0.0,0.0,0.0,0.0,1.0
2017-03-07,0.0,0.0,0.0,0.0,1.0
2017-03-08,0.0,0.0,0.0,0.0,1.0
2017-03-09,0.0,0.0,0.0,0.0,1.0
2017-03-10,0.0,0.0,0.0,0.0,1.0
2017-03-13,0.0,0.0,0.0,0.0,1.0
2017-03-14,0.0,0.0,0.0,0.0,1.0
2017-03-15,0.0,0.0,0.0,0.0,1.0
2017-03-16,0.0,0.0,0.0,0.0,1.0
2017-03-17,0.0,0.0,0.0,0.0,1.0
2017-03-20,0.0,0.0,0.0,0.0,1.0
2017-03-21,0.0,0.0,0.0,0.0,1.0
2017-03-22,0.0,0.0,0.0,0.0,1.0
2017-03-23,0.0,0.0,0.0,0.0,1.0
2017-03-24,0.0,0.0,0.0,0.0,1.0
2017-03-27,0.0,0.0,0.0,0.0,1.0
2017-03-28,0.0,0.0,0.0,0.0,1.0
2017-03-29,0.0,0.0,0.0,0.0,1.0
2017-03-30,0.0,0.0,0.0,0.0,1.0
2017-03-31,0.0,0.0,0.0,0.0,1.0
2017-04-05,0.0,0.0,0.0,0.0,1.0
2017-04-06,0.0,0.0,0.0,0.0,1.0
2017-04-07,0.0,0.0,0.0,0.0,1.0
2017-04-10,0.0,0.0,0.0,0.0,1.0
2017-04-11,0.0,0.0,0.0,0.0,1.0
2017-04-12,0.0,0.0,0.0,0.0,1.0
2017-04-13,0.0,0.0,0.0,0.0,1.0
2017-04-14,0.0,0.0,0.0,0.0,1.0
2017-04-17,0.0,0.0,0.0,0.0,1.0
2017-04-18,0.0,0.0,0.0,0.0,1.0
2017-04-19,0.0,0.0,0.0,0.0,1.0
2017-04-20,0.0,0.0,0.0,0.0,1.0
2017-04-21,0.0,0.0,0.0,0.0,1.0
2017-04-24,0.0,0.0,0.0,0.0,1.0
2017-04-25,0.0,0.0,0.0,0.0,1.0
2017-04-26,0.0,0.0,0.0,0.0,1.0
2017-04-27,0.0,0.0,0.0,0.0,1.0
2017-04-28,0.0,0.0,0.0,0.0,1.0
2017-05-02,0.0,0.0,0.0,0.0,1.0
2017-05-03,0.0,0.0,0.0,0.0,1.0
2017-05-04,0.0,0.0,0.0,0.0,1.0
2017-05-05,0.0,0.0,0.0,0.0,1.0
2017-05-08,0.0,0.0,0.0,0.0,1.0
2017-05-09,0.0,0.0,0.0,0.0,1.0
2017-05-10,0.0,0.0,0.0,0.0,1.0
2017-05-11,0.0,0.0,0.0,0.0,1.0
2017-05-12,0.0,0.0,0.0,0.0,1.0
2017-05-15,0.0,0.0,0.0,0.0,1.0
2017-05-16,0.0,0.0,0.0,0.0,1.0
2017-05-17,0.0,0.0,0.0,0.0,1.0
2017-05-18,0.0,0.0,0.0,0.0,1.0
2017-05-19,0.0,0.0,0.0,0.0,1.0
2017-05-22,0.0,0.0,0.0,0.0,1.0
2017-05-23,0.0,0.0,0.0,0.0,1.0
2017-05-24,0.0,0.0,0.0,0.0,1.0
2017-05-25,0.0,0.0,0.0,0.0,1.0
2017-05-26,0.0,0.0,0.0,0.0,1.0
2017-05-31,0.0,0.0,0.0,0.0,1.0
2017-06-01,0.0,0.0,0.0,0.0,1.0
2017-06-02,0.0,0.0,0.0,0.0,1.0
2017-06-03,0.0,0.0,0.0,0.0,1.0
2017-06-05,0.0,0.0,0.0,0.0,1.0
2017-06-06,0.0,0.0,0.0,0.0,1.0
2017-06-07,0.0,0.0,0.0,0.0,1.0
2017-06-08,0.0,0.0,0.0,0.0,1.0
2017-06-09,0.0,0.0,0.0,0.0,1.0
2017-06-12,0.0,0.0,0.0,0.0,1.0
2017-06-13,0.0,0.0,0.0,0.0,1.0
2017-06-14,0.0,0.0,0.0,0.0,1.0
2017-06-15,0.0,0.0,0.0,0.0,1.0
2017-06-16,0.0,0.0,0.0,0.0,1.0
2017-06-19,0.0,0.0,0.0,0.0,1.0
2017-06-20,0.0,0.0,0.0,0.0,1.0
2017-06-21,0.0,0.0,0.0,0.0,1.0
2017-06-22,0.0,0.0,0.0,0.0,1.0
2017-06-23,0.0,0.0,0.0,0.0,1.0
2017-06-26,0.0,0.0,0.0,0.0,1.0
2017-06-27,0.0,0.0,0.0,0.0,1.0
2017-06-28,0.0,0.0,0.0,0.0,1.0
2017-06-29,0.0,0.0,0.0,0.0,1.0
2017-06-30,0.0,0.0,0.0,0.0,1.0
2017-07-03,0.0,0.0,0.0,0.0,1.0
2017-07-04,0.0,0.0,0.0,0.0,1.0
2017-07-05,0.0,0.0,0.0,0.0,1.0
2017-07-06,0.0,0.0,0.0,0.0,1.0
2017-07-07,0.0,0.0,0.0,0.0,1.0
2017-07-10,0.0,0.0,0.0,0.0,1.0
2017-07-11,0.0,0.0,0.0,0.0,1.0
2017-07-12,0.0,0.0,0.0,0.0,1.0
2017-07-13,0.0,0.0,0.0,0.0,1.0
2017-07-14,0.0,0.0,0.0,0.0,1.0
2017-07-17,0.0,0.0,0.0,0.0,1.0
2017-07-18,0.0,0.0,0.0,0.0,1.0
2017-07-19,0.0,0.0,0.0,0.0,1.0
2017-07-20,0.0,0.0,0.0,0.0,1.0
2017-07-21,0.0,0.0,0.0,0.0,1.0
2017-07-24,0.0,0.0,0.0,0.0,1.0
2017-07-25,0.0,0.0,0.0,0.0,1.0
2017-07-26,0.0,0.0,0.0,0.0,1.0
2017-07-27,0.0,0.0,0.0,0.0,1.0
2017-07-28,0.0,0.0,0.0,0.0,1.0
2017-07-31,0.0,0.0,0.0,0.0,1.0
2017-08-01,0.0,0.0,0.0,0.0,1.0
2017-08-02,0.0,0.0,0.0,0.0,1.0
2017-08-03,0.0,0.0,0.0,0.0,1.0
2017-08-04,0.0,0.0,0.0,0.0,1.0
2017-08-07,0.0,0.0,0.0,0.0,1.0
2017-08-08,0.0,0.0,0.0,0.0,1.0
2017-08-09,0.0,0.0,0.0,0.0,1.0
2017-08-10,0.0,0.0,0.0,0.0,1.0
2017-08-11,0.0,0.0,0.0,0.0,1.0
2017-08-14,0.0,0.0,0.0,0.0,1.0
2017-08-15,0.0,0.0,0.0,0.0,1.0
2017-08-16,0.0,0.0,0.0,0.0,1.0
2017-08-17,0.0,0.0,0.0,0.0,1.0
2017-08-18,0.0,0.0,0.0,0.0,1.0
2017-08-21,0.0,0.0,0.0,0.0,1.0
2017-08-22,0.0,0.0,0.0,0.0,1.0
2017-08-23,0.0,0.0,0.0,0.0,1.0
2017-08-24,0.0,0.0,0.0,0.0,1.0
2017-08-25,0.0,0.0,0.0,0.0,1.0
2017-08-28,0.0,0.0,0.0,0.0,1.0
2017-08-29,0.0,0.0,0.0,0.0,1.0
2017-08-30,0.0,0.0,0.0,0.0,1.0
2017-08-31,0.0,0.0,0.0,0.0,1.0
2017-09-01,0.0,0.0,0.0,0.0,1.0
2017-09-04,0.0,0.0,0.0,0.0,1.0
2017-09-05,0.0,0.0,0.0,0.0,1.0
2017-09-06,0.0,0.0,0.0,0.0,1.0
2017-09-07,0.0,0.0,0.0,0.0,1.0
2017-09-08,0.0,0.0,0.0,0.0,1.0
2017-09-11,0.0,0.0,0.0,0.0,1.0
2017-09-12,0.0,0.0,0.0,0.0,1.0
2017-09-13,0.0,0.0,0.0,0.0,1.0
2017-09-14,0.0,0.0,0.0,0.0,1.0
2017-09-15,0.0,0.0,0.0,0.0,1.0
2017-09-18,0.0,0.0,0.0,0.0,1.0
2017-09-19,0.0,0.0,0.0,0.0,1.0
2017-09-20,0.0,0.0,0.0,0.0,1.0
2017-09-21,0.0,0.0,0.0,0.0,1.0
2017-09-22,0.0,0.0,0.0,0.0,1.0
2017-09-25,0.0,0.0,0.0,0.0,1.0
2017-09-26,0.0,0.0,0.0,0.0,1.0
2017-09-27,0.0,0.0,0.0,0.0,1.0
2017-09-28,0.0,0.0,0.0,0.0,1.0
2017-09-29,0.0,0.0,0.0,0.0,1.0
2017-09-30,0.0,0.0,0.0,0.0,1.0
2017-10-02,0.0,0.0,0.0,0.0,1.0
2017-10-03,0.0,0.0,0.0,0.0,1.0
2017-10-05,0.0,0.0,0.0,0.0,1.0
2017-10-06,0.0,0.0,0.0,0.0,1.0
2017-10-11,0.0,0.0,0.0,0.0,1.0
2017-10-12,0.0,0.0,0.0,0.0,1.0
2017-10-13,0.0,0.0,0.0,0.0,1.0
2017-10-16,0.0,0.0,0.0,0.0,1.0
2017-10-17,0.0,0.0,0.0,0.0,1.0
2017-10-18,0.0,0.0,0.0,0.0,1.0
2017-10-19,0.0,0.0,0.0,0.0,1.0
2017-10-20,0.0,0.0,0.0,0.0,1.0
2017-10-23,0.0,0.0,0.0,0.0,1.0
2017-10-24,0.0,0.0,0.0,0.0,1.0
2017-10-25,0.0,0.0,0.0,0.0,1.0
2017-10-26,0.0,0.0,0.0,0.0,1.0
2017-10-27,0.0,0.0,0.0,0.0,1.0
2017-10-30,0.0,0.0,0.0,0.0,1.0
2017-10-31,0.0,0.0,0.0,0.0,1.0
2017-11-01,0.0,0.0,0.0,0.0,1.0
2017-11-02,0.0,0.0,0.0,0.0,1.0
2017-11-03,0.0,0.0,0.0,0.0,1.0
2017-11-06,0.0,0.0,0.0,0.0,1.0
2017-11-07,0.0,0.0,0.0,0.0,1.0
2017-11-08,0.0,0.0,0.0,0.0,1.0
2017-11-09,0.0,0.0,0.0,0.0,1.0
2017-11-10,0.0,0.0,0.0,0.0,1.0
2017-11-13,0.0,0.0,0.0,0.0,1.0
2017-11-14,0.0,0.0,0.0,0.0,1.0
2017-11-15,0.0,0.0,0.0,0.0,1.0
2017-11-16,0.0,0.0,0.0,0.0,1.0
2017-11-17,0.0,0.0,0.0,0.0,1.0
2017-11-20,0.0,0.0,0.0,0.0,1.0
2017-11-21,0.0,0.0,0.0,0.0,1.0
2017-11-22,0.0,0.0,0.0,0.0,1.0
2017-11-23,0.0,0.0,0.0,0.0,1.0
2017-11-24,0.0,0.0,0.0,0.0,1.0
2017-11-27,0.0,0.0,0.0,0.0,1.0
2017-11-28,0.0,0.0,0.0,0.0,1.0
2017-11-29,0.0,0.0,0.0,0.0,1.0
2017-11-30,0.0,0.0,0.0,0.0,1.0
2017-12-01,0.0,0.0,0.0,0.0,1.0
2017-12-04,0.0,0.0,0.0,0.0,1.0
2017-12-05,0.0,0.0,0.0,0.0,1.0
2017-12-06,0.0,0.0,0.0,0.0,1.0
2017-12-07,0.0,0.0,0.0,0.0,1.0
2017-12-08,0.0,0.0,0.0,0.0,1.0
2017-12-11,0.0,0.0,0.0,0.0,1.0
2017-12-12,0.0,0.0,0.0,0.0,1.0
2017-12-13,0.0,0.0,0.0,0.0,1.0
2017-12-14,0.0,0.0,0.0,0.0,1.0
2017-12-15,0.0,0.0,0.0,0.0,1.0
2017-12-18,0.0,0.0,0.0,0.0,1.0
2017-12-19,0.0,0.0,0.0,0.0,1.0
2017-12-20,0.0,0.0,0.0,0.0,1.0
2017-12-21,0.0,0.0,0.0,0.0,1.0
2017-12-22,0.0,0.0,0.0,0.0,1.0
2017-12-25,0.0,0.0,0.0,0.0,1.0
2017-12-26,0.0,0.0,0.0,0.0,1.0
2017-12-27,0.0,0.0,0.0,0.0,1.0
2017-12-28,0.0,0.0,0.0,0.0,1.0
2017-12-29,0.0,0.0,0.0,0.0,1.0
2018-01-02,0.0,0.0,0.0,0.0,1.0
2018-01-03,0.0,0.0,0.0,0.0,1.0
2018-01-04,0.0,0.0,0.0,0.0,1.0
2018-01-05,0.0,0.0,0.0,0.0,1.0
2018-01-08,0.0,0.0,0.0,0.0,1.0
2018-01-09,0.0,0.0,0.0,0.0,1.0
2018-01-10,0.0,0.0,0.0,0.0,1.0
2018-01-11,0.0,0.0,0.0,0.0,1.0
2018-01-12,0.0,0.0,0.0,0.0,1.0
2018-01-15,0.0,0.0,0.0,0.0,1.0
2018-01-16,0.0,0.0,0.0,0.0,1.0
2018-01-17,0.0,0.0,0.0,0.0,1.0
2018-01-18,0.0,0.0,0.0,0.0,1.0
2018-01-19,0.0,0.0,0.0,0.0,1.0
2018-01-22,0.0,0.0,0.0,0.0,1.0
2018-01-23,0.0,0.0,0.0,0.0,1.0
2018-01-24,0.0,0.0,0.0,0.0,1.0
2018-01-25,0.0,0.0,0.0,0.0,1.0
2018-01-26,0.0,0.0,0.0,0.0,1.0
2018-01-29,0.0,0.0,0.0,0.0,1.0
2018-01-30,0.0,0.0,0.0,0.0,1.0
2018-01-31,0.0,0.0,0.0,0.0,1.0
2018-02-01,0.0,0.0,0.0,0.0,1.0
2018-02-02,-0.0044065590272486695,-0.00520655902724867,1.0,0.0008,0.9947934409727514
2018-02-05,-0.01290859142520387,-0.01290859142520387,0.0,0.0,0.9819520588907614
2018-02-06,-0.042176445522153105,-0.042176445522153105,0.0,0.0,0.9405368113735891
2018-02-07,0.014757688240089398,0.014757688240089398,0.0,0.0,0.9544169604141685
2018-02-08,7.788710766383879e-05,7.788710766383879e-05,0.0,0.0,0.9544912971907205
2018-02-09,-0.008065187526103806,-0.008065187526103806,0.0,0.0,0.9467931458868432
2018-02-12,0.004905090068435127,0.004905090068435127,0.0,0.0,0.9514372515435952
2018-02-21,0.021775091372780272,0.021775091372780272,0.0,0.0,0.972154884631424
2018-02-22,0.0012695487358369672,0.0012695487358369672,0.0,0.0,0.9733890826362455
2018-02-23,0.008084174313338244,0.008084174313338244,0.0,0.0,0.9812581296549773
2018-02-26,0.004460451369798582,0.004460451369798582,0.0,0.0,0.9856349838235228
2018-02-27,-0.0027523511995426963,-0.0027523511995426963,0.0,0.0,0.9829221701934849
2018-03-01,0.0009677176236784732,0.0009677176236784732,0.0,0.0,0.9838733613002855
2018-03-02,-0.006142996120287056,-0.006142996120287056,0.0,0.0,0.977829431058964
2018-03-05,-0.007828860127338041,-0.007828860127338041,0.0,0.0,0.9701741412148088
2018-03-06,0.007809033696362911,0.007809033696362911,0.0,0.0,0.9777502637748953
2018-03-07,0.000564831180446565,0.000564831180446565,0.0,0.0,0.9783025276105651
2018-03-08,0.005877228760677499,0.005877228760677499,0.0,0.0,0.9840522353624813
2018-03-09,0.0011873366306627917,0.0011873366306627917,0.0,0.0,0.9852206366280127
2018-03-12,0.007832801605766436,0.007832801605766436,0.0,0.0,0.9929376744126269
2018-03-13,0.004598312373341359,0.004598312373341359,0.0,0.0,0.9975035120068353
2018-03-14,-0.0015951214650872037,-0.0015951214650872037,0.0,0.0,0.9959123727433333
2018-03-15,0.00011909819680796152,0.00011909819680796152,0.0,0.0,0.9960309841111058
2018-03-16,0.005649161939981463,0.005649161939981463,0.0,0.0,1.0016577244375886
2018-03-19,0.0003566547005418916,0.0003566547005418916,0.0,0.0,1.0020149703733432
2018-03-20,-0.0016816290199199557,-0.0016816290199199557,0.0,0.0,1.0003299529207692
2018-03-21,0.0008670691755207456,0.0008670691755207456,0.0,0.0,1.001197308188297
2018-03-22,0.0004911829916654716,0.0004911829916654716,0.0,0.0,1.0016890792773803
2018-03-23,-0.01201572584309478,-0.01201572584309478,0.0,0.0,0.9896530579207613
2018-03-26,0.0026546985880109616,0.0026546985880109616,0.0,0.0,0.9922802884962443
2018-03-27,0.00698866978124511,0.00698866978124511,0.0,0.0,0.9992150077629832
2018-03-28,-0.004285811917219103,-0.004285811917219103,0.0,0.0,0.9949325601748484
2018-03-29,-0.001337155283383783,-0.001337155283383783,0.0,0.0,0.9936021808454001
2018-03-30,0.006267366233801174,0.006267366233801174,0.0,0.0,0.9998294496034617
2018-03-31,0.0018541256131515416,0.0018541256131515416,0.0,0.0,1.0016832589947546
2018-04-02,-0.0023500008057589106,-0.0023500008057589106,0.0,0.0,0.9993293025290018
2018-04-03,-0.005170618343754806,-0.005170618343754806,0.0,0.0,0.9941621521058936
2018-04-09,0.008393671249644586,0.008393671249644586,0.0,0.0,1.0025068223795097
2018-04-10,0.004650314264843783,0.004650314264843783,0.0,0.0,1.0071687941562244
2018-04-11,0.001555445755191739,0.001555445755191739,0.0,0.0,1.0087353905818564
2018-04-12,0.0010671818425533977,0.0010671818425533977,0.0,0.0,1.0098118946746264
2018-04-13,-0.0006262754983921424,-0.0006262754983921424,0.0,0.0,1.0091794742270068
2018-04-16,-0.0013745083949020032,-0.0013745083949020032,0.0,0.0,1.007792348567719
2018-04-17,-0.007915585987083164,-0.007915585987083164,0.0,0.0,0.9998150815755066
2018-04-18,0.004311185731549525,0.004311185731549525,0.0,0.0,1.004125470089383
2018-04-19,0.008324431189158845,0.008324431189158845,0.0,0.0,1.0124842434704238
2018-04-20,-0.0027621475059168067,-0.0027621475059168067,0.0,0.0,1.0096876126425418
2018-04-23,-0.0008053316337491724,-0.0008053316337491724,0.0,0.0,1.008874479267876
2018-04-24,-0.011069330700877539,-0.011069330700877539,0.0,0.0,0.9977069140211843
2018-04-25,0.0007689834204991777,0.0007689834204991777,0.0,0.0,0.9984741340965839
2018-04-26,-0.0025819489222508865,-0.0025819489222508865,0.0,0.0,0.995896124882158
2018-04-27,0.004641530854886397,0.004641530854886397,0.0,0.0,1.0005186074740602
2018-04-30,0.008861409364329982,0.008861409364329982,0.0,0.0,1.0093846124315173
2018-05-02,0.0008621354127041749,0.0008621354127041749,0.0,0.0,1.0102548386509331
2018-05-03,-0.007299111730590518,-0.007299111730590518,0.0,0.0,1.0028808757072503
2018-05-04,-0.0007387528946151361,-0.0007387528946151361,0.0,0.0,1.0021399945573675
2018-05-07,0.0023287431967162287,0.0023287431967162287,0.0,0.0,1.0044737212518502
2018-05-08,0.004847794636596951,0.004847794636596951,0.0,0.0,1.0093432035703376
2018-05-09,-0.0016800506376422981,-0.0016800506376422981,0.0,0.0,1.0076474558775792
2018-05-10,0.0024414774662663563,0.0024414774662663563,0.0,0.0,1.010107604435045
2018-05-11,0.005603934364426634,0.005603934364426634,0.0,0.0,1.0157681811513073
2018-05-14,0.004100217992499697,0.004100217992499697,0.0,0.0,1.0199330521238725
2018-05-15,-0.002105896010037434,-0.002105896010037434,0.0,0.0,1.0177851791788997
2018-05-16,0.005543233187574282,0.005543233187574282,0.0,0.0,1.0234269997619454
2018-05-17,0.00017221868592176597,0.00017221868592176597,0.0,0.0,1.0236032530149815
2018-05-18,0.0034378361003237394,0.0034378361003237394,0.0,0.0,1.0271222332306051
2018-05-21,0.0078484604098276,0.0078484604098276,0.0,0.0,1.0351835614141693
2018-05-22,-0.0031714040015423067,-0.0031714040015423067,0.0,0.0,1.0319005761251696
2018-05-23,-0.001384712413476794,-0.001384712413476794,0.0,0.0,1.0304716905879352
2018-05-24,0.004360044780542632,0.004360044780542632,0.0,0.0,1.03496459330398
2018-05-25,0.0009022136847407323,0.0009022136847407323,0.0,0.0,1.035898352523281
2018-05-28,0.003723899597689507,0.003723899597689507,0.0,0.0,1.0397559339814897
2018-05-29,-0.0016686106884690765,-0.0016686106884690765,0.0,0.0,1.038020986116649
2018-05-30,-0.012195931582684559,-0.012195931582684559,0.0,0.0,1.0253613531885797
2018-05-31,0.007864578887280585,0.007864578887280585,0.0,0.0,1.0334253884387001
2018-06-01,0.004522917546874232,0.004522917546874232,0.0,0.0,1.0380994862614548
2018-06-04,0.008244437408742254,0.008244437408742254,0.0,0.0,1.0466580324999848
2018-06-05,0.0018485780056699608,0.0018485780056699608,0.0,0.0,1.0485928615183222
2018-06-06,0.0062651475346953535,0.0062651475346953535,0.0,0.0,1.055162450499563
2018-06-07,0.004208703118545392,0.004208703118545392,0.0,0.0,1.0596033159955525
2018-06-08,-0.004259088593687048,-0.004259088593687048,0.0,0.0,1.055090371598563
2018-06-11,0.000277983396974842,0.000277983396974842,0.0,0.0,1.0553836692041754
2018-06-12,-0.0017179429406862816,-0.0017179429406862816,0.0,0.0,1.0535705802799504
2018-06-13,-0.002375121760634316,-0.002375121760634316,0.0,0.0,1.0510682218683634
2018-06-14,-0.01038463475375108,-0.01038463475375108,0.0,0.0,1.0401532622829859
2018-06-15,0.0012196873039648482,0.0012196873039648482,0.0,0.0,1.0414219240111702
2018-06-19,-0.01031467750521194,-0.01031467750521194,0.0,0.0,1.0306799927181376
2018-06-20,0.0033492581430076664,0.0033492581430076664,0.0,0.0,1.034132006076584
2018-06-21,0.003080393961301213,0.003080393961301213,0.0,0.0,1.0373175400632904
2018-06-22,-0.001985539064402437,-0.001985539064402437,0.0,0.0,1.0352579055653048
2018-06-25,-0.0026192113807177618,-0.0026192113807177618,0.0,0.0,1.03254634627707
2018-06-26,-0.0025208331458221444,-0.0025208331458221444,0.0,0.0,1.0299434692227774
2018-06-27,-0.0038164001371965165,-0.0038164001371965165,0.0,0.0,1.026012792825531
2018-06-28,-0.005043361872726349,-0.005043361872726349,0.0,0.0,1.020838239025265
2018-06-29,0.012666276803530503,0.012666276803530503,0.0,0.0,1.0337684587323879
2018-07-02,-0.005739832564828823,-0.005739832564828823,0.0,0.0,1.0278348008684628
2018-07-03,-0.006829308401932701,-0.006829308401932701,0.0,0.0,1.020815400027093
2018-07-04,0.0019351013621111855,0.0019351013621111855,0.0,0.0,1.0227907812981496
2018-07-05,-0.007014786625433738,-0.007014786625433738,0.0,0.0,1.0156161222048823
2018-07-06,-0.002520838888271418,-0.002520838888271418,0.0,0.0,1.0130559175884728
2018-07-09,0.009023495294112165,0.009023495294112165,0.0,0.0,1.0221972228935048
2018-07-10,0.002637683681901725,0.002637683681901725,0.0,0.0,1.0248934558280163
2018-07-11,-0.007232901312234819,-0.007232901312234819,0.0,0.0,1.0174805026064568
2018-07-12,0.004845900468229051,0.004845900468229051,0.0,0.0,1.0224111118504515
2018-07-13,0.005958597699004572,0.005958597699004572,0.0,0.0,1.0285032483489605
2018-07-16,-0.00355770778147724,-0.00355770778147724,0.0,0.0,1.0248441343390347
2018-07-17,-2.3696308335310326e-06,-2.3696308335310326e-06,0.0,0.0,1.0248417058367743
2018-07-18,0.003503676371109727,0.003503676371109727,0.0,0.0,1.0284324195056425
2018-07-19,-0.004184152123833792,-0.004184152123833792,0.0,0.0,1.0241293018133484
2018-07-20,-6.843418447304229e-05,-6.843418447304229e-05,0.0,0.0,1.024059216359784
2018-07-23,-0.0022064575686175716,-0.0022064575686175716,0.0,0.0,1.0217996731511343
2018-07-24,0.005818538133686584,0.005818538133686584,0.0,0.0,1.0277450535143526
2018-07-25,-0.0009070992577475242,-0.0009070992577475242,0.0,0.0,1.026812786739156
2018-07-26,0.0030934828648951527,0.0030934828648951527,0.0,0.0,1.029989214500389
2018-07-27,0.0010988165161480096,0.0010988165161480096,0.0,0.0,1.0311209836607365
2018-07-30,-0.0025505710231916406,-0.0025505710231916406,0.0,0.0,1.0284910363584066
2018-07-31,0.005776963056392017,0.005776963056392017,0.0,0.0,1.0344325910792793
2018-08-01,0.002369654299770165,0.002369654299770165,0.0,0.0,1.0368838387165529
2018-08-02,-0.012032868335995076,-0.012032868335995076,0.0,0.0,1.0244071520055555
2018-08-03,0.006121177826931473,0.006121177826931473,0.0,0.0,1.030677730350162
2018-08-06,0.0028160366539175643,0.0028160366539175643,0.0,0.0,1.0335801566172047
2018-08-07,0.0010851260008001664,0.0010851260008001664,0.0,0.0,1.0347017213190612
2018-08-08,0.0034321310747665095,0.0034321310747665095,0.0,0.0,1.0382529532499147
2018-08-09,-0.005224368653158197,-0.005224368653158197,0.0,0.0,1.032828737066907
2018-08-10,-0.003052220902642553,-0.003052220902642553,0.0,0.0,1.0296763156067814
2018-08-13,-0.016667845945845628,-0.016667845945845628,0.0,0.0,1.0125138294041618
2018-08-14,0.006191096423690954,0.006191096423690954,0.0,0.0,1.0187824001523234
2018-08-15,-0.011585243150098824,-0.011585243150098824,0.0,0.0,1.0069795583295174
2018-08-16,-0.005655627889650773,-0.005655627889650773,0.0,0.0,1.0012844566551207
2018-08-17,0.0005629058460242588,0.0005629058460242588,0.0,0.0,1.0018480855293053
2018-08-20,0.0018290924763057835,0.0018290924763057835,0.0,0.0,1.0036805583249484
2018-08-21,0.007017723727018826,0.007017723727018826,0.0,0.0,1.0107241111934528
2018-08-22,0.0013504690381232808,0.0013504690381232808,0.0,0.0,1.012089062811704
2018-08-23,0.003970722449778062,0.003970722449778062,0.0,0.0,1.0161077875745854
2018-08-24,-0.007490501905977475,-0.007490501905977475,0.0,0.0,1.0084966302550795
2018-08-27,0.007509421623473414,0.007509421623473414,0.0,0.0,1.016069856657517
2018-08-28,0.004489723331651674,0.004489723331651674,0.0,0.0,1.0206317291995401
2018-08-29,0.0016277101221966828,0.0016277101221966828,0.0,0.0,1.0222930217961934
2018-08-30,-0.0030602779315391845,-0.0030602779315391845,0.0,0.0,1.019164521022024
2018-08-31,0.0038066496256431953,0.0038066496256431953,0.0,0.0,1.0230441232644414
2018-09-03,-0.010489771771965003,-0.010489771771965003,0.0,0.0,1.0123126238987474
2018-09-04,0.001950796443302585,0.001950796443302585,0.0,0.0,1.0142874397649593
2018-09-05,-0.0118762221906787,-0.0118762221906787,0.0,0.0,1.0022415367650959
2018-09-06,-0.004054715568249334,-0.004054715568249334,0.0,0.0,0.9981777324028283
2018-09-07,-0.008913700074707386,-0.008913700074707386,0.0,0.0,0.9892802754749379
2018-09-10,-0.010329091208058206,-0.010329091208058206,0.0,0.0,0.9790619092792243
2018-09-11,0.006719925313890873,0.006719925313890873,0.0,0.0,0.985641132187256
2018-09-12,-0.0010036248881562244,-0.0010036248881562244,0.0,0.0,0.9846519182162025
2018-09-13,0.005684190430277361,0.005684190430277361,0.0,0.0,0.9902488672268812
2018-09-14,0.005986605565321105,0.005986605565321105,0.0,0.0,0.9961770966064746
2018-09-17,-0.0005106002186511734,-0.0005106002186511734,0.0,0.0,0.9956684483631321
2018-09-18,0.0010375770728199662,0.0010375770728199662,0.0,0.0,0.9967015311172839
2018-09-19,0.007012160433107344,0.007012160433107344,0.0,0.0,1.003690562157402
2018-09-20,-0.0040232893487912175,-0.0040232893487912175,0.0,0.0,0.9996524246091918
2018-09-21,0.01274446102879948,0.01274446102879948,0.0,0.0,1.0123924559769686
2018-09-25,0.0006251268435847434,0.0006251268435847434,0.0,0.0,1.0130253296774425
2018-09-26,-0.002236029980784354,-0.002236029980784354,0.0,0.0,1.0107601746689898
2018-09-27,0.004966912600834978,0.004966912600834978,0.0,0.0,1.0157805321169753
2018-09-28,-0.0014348754381742967,-0.0014348754381742967,0.0,0.0,1.014323013580865
2018-10-01,0.0020141397054235536,0.0020141397054235536,0.0,0.0,1.0163660018366432
2018-10-02,-0.00871635858694757,-0.00871635858694757,0.0,0.0,1.0075069913090529
2018-10-03,-0.0031563759108989052,-0.0031563759108989052,0.0,0.0,1.0043269205116228
2018-10-04,-0.007081079918274627,-0.007081079918274627,0.0,0.0,0.9972152013234052
2018-10-05,-0.013054041429518059,-0.013054041429518059,0.0,0.0,0.9841975127711843
2018-10-08,-0.00019729176157785042,-0.00019729176157785042,0.0,0.0,0.9840033387101491
2018-10-09,0.0026742103874728075,0.0026742103874728075,0.0,0.0,0.9866347706598357
2018-10-11,-0.05377392676337063,-0.05377392676337063,0.0,0.0,0.9335795447601787
2018-10-12,0.015576882261050595,0.015576882261050595,0.0,0.0,0.9481218034102333
2018-10-15,-0.012562981620736864,-0.012562981620736864,0.0,0.0,0.9362105666197706
2018-10-16,0.0013593448781578075,0.0013593448781578075,0.0,0.0,0.9374831996583823
2018-10-17,-0.0006953969366395653,-0.0006953969366395653,0.0,0.0,0.9368312767131889
2018-10-18,-9.940968713373984e-05,-9.940968713373984e-05,0.0,0.0,0.9367381466090737
2018-10-19,-0.004216765607095174,-0.004216765607095174,0.0,0.0,0.9327881414095985
2018-10-22,0.004089214662430547,0.004089214662430547,0.0,0.0,0.936602512354392
2018-10-23,-0.012565765551424489,-0.012565765551424489,0.0,0.0,0.9248333847692715
2018-10-24,-0.0036633557831657615,-0.0036633557831657615,0.0,0.0,0.9214453910407121
2018-10-25,-0.01859691683416775,-0.01859691683416775,0.0,0.0,0.9043093477363008
2018-10-26,-0.0005909011393376762,-0.0005909011393376762,0.0,0.0,0.9037749903124097
2018-10-29,0.00034928542224043604,0.00034928542224043604,0.0,0.0,0.9040906657415113
2018-10-30,0.003870341035983426,0.003870341035983426,0.0,0.0,0.9075898049453803
2018-10-31,0.020185194040448842,0.020185194040448842,0.0,0.0,0.9259096812673361
2018-11-01,0.00236075121426217,0.00236075121426217,0.0,0.0,0.9280955236716851
2018-11-02,0.01008034264189234,0.01008034264189234,0.0,0.0,0.9374510445547022
2018-11-05,0.0011324926673883858,0.0011324926673883858,0.0,0.0,0.9385127009886959
2018-11-06,-0.004234131504981501,-0.004234131504981501,0.0,0.0,0.9345389147936143
2018-11-07,0.010643874432318911,0.010643874432318911,0.0,0.0,0.9444860296547931
2018-11-08,0.004561172881430627,0.004561172881430627,0.0,0.0,0.9487939937201446
2018-11-09,-0.00603465531487148,-0.00603465531487148,0.0,0.0,0.9430683490032232
2018-11-12,-0.00035692002781221536,-0.00035692002781221536,0.0,0.0,0.9427317490218682
2018-11-13,-0.0007923755997384545,-0.0007923755997384545,0.0,0.0,0.9419847513868446
2018-11-14,0.004724264076976708,0.004724264076976708,0.0,0.0,0.9464349361088813
2018-11-15,0.0004931015746284918,0.0004931015746284918,0.0,0.0,0.9469016246661601
2018-11-16,0.0013991124968455414,0.0013991124968455414,0.0,0.0,0.9482264465625139
2018-11-19,0.007116094402599993,0.007116094402599993,0.0,0.0,0.9549741154712947
2018-11-20,-0.004996863448551594,-0.004996863448551594,0.0,0.0,0.9502022402193834
2018-11-21,0.0005770637852353473,0.0005770637852353473,0.0,0.0,0.9507505675208635
2018-11-22,-0.003092637815972811,-0.003092637815972811,0.0,0.0,0.9478102403621909
2018-11-23,-0.0045289564510404565,-0.0045289564510404565,0.0,0.0,0.9435176490597403
2018-11-26,0.004951705030693567,0.004951705030693567,0.0,0.0,0.9481896701491376
2018-11-27,0.00027693698958026385,0.00027693698958026385,0.0,0.0,0.9484522589419399
2018-11-28,0.00862504072960632,0.00862504072960632,0.0,0.0,0.9566326983054011
2018-11-29,-0.0023971802814396507,-0.0023971802814396507,0.0,0.0,0.954339477264443
2018-11-30,0.003887425963122672,0.003887425963122672,0.0,0.0,0.9580494013259938
2018-12-03,0.013640083462815943,0.013640083462815943,0.0,0.0,0.9711172751215812
2018-12-04,-0.0007531801586128051,-0.0007531801586128051,0.0,0.0,0.9703858488582735
2018-12-05,-0.010022530835059128,-0.010022530835059128,0.0,0.0,0.9606601267661865
2018-12-06,-0.015417418937850393,-0.015417418937850393,0.0,0.0,0.9458492271349437
2018-12-07,0.005862422524926813,0.005862422524926813,0.0,0.0,0.9513941949492842
2018-12-10,-0.01132997023667387,-0.01132997023667387,0.0,0.0,0.9406149270371646
2018-12-11,0.000368544242246337,0.000368544242246337,0.0,0.0,0.9409615852526951
2018-12-12,0.0055834770422450684,0.0055834770422450684,0.0,0.0,0.9462154226615882
2018-12-13,0.004742998072313067,0.004742998072313067,0.0,0.0,0.950703320587265
2018-12-14,-0.003450661605699443,-0.003450661605699443,0.0,0.0,0.9474227651405036
2018-12-17,-0.0008013845600751936,-0.0008013845600751936,0.0,0.0,0.9466635151646563
2018-12-18,-0.00975020750603317,-0.00975020750603317,0.0,0.0,0.9374333494534102
2018-12-19,0.004823285501858666,0.004823285501858666,0.0,0.0,0.9419548581367876
2018-12-20,-0.0067144446227745715,-0.0067144446227745715,0.0,0.0,0.9356301544046747
2018-12-21,-0.0021853090001630695,-0.0021853090001630695,0.0,0.0,0.9335855134074301
2018-12-22,2.7434109772809883e-05,2.7434109772809883e-05,0.0,0.0,0.9336111254948872
2018-12-24,0.005786253763673364,0.005786253763673364,0.0,0.0,0.9390132363835892
2018-12-25,-0.01081038952362817,-0.01081038952362817,0.0,0.0,0.92886213753044
2018-12-26,-0.005287786303135658,-0.005287786303135658,0.0,0.0,0.9239505130421053
2018-12-27,0.010181878108095758,0.010181878108095758,0.0,0.0,0.9333580645438125
2018-12-28,0.0074223697152819915,0.0074223697152819915,0.0,0.0,0.9402857931755967
2019-01-02,-0.010052862607036554,-0.010052862607036554,0.0,0.0,0.9308332292854541
2019-01-03,-0.0008959815967627864,-0.0008959815967627864,0.0,0.0,0.9299992198423591
2019-01-04,-0.0031405901008094025,-0.0031405901008094025,0.0,0.0,0.9270784734987618
2019-01-07,0.01686874216153518,0.01686874216153518,0.0,0.0,0.9427171212317221
2019-01-08,-0.003324447076482624,-0.003324447076482624,0.0,0.0,0.9395831080540933
2019-01-09,0.014216314499946668,0.014216314499946668,0.0,0.0,0.9529405170170278
2019-01-10,-0.0013039717368777915,-0.0013039717368777915,0.0,0.0,0.9516979095159118
2019-01-11,-0.0018594552896824754,-0.0018594552896824754,0.0,0.0,0.9499282698038827
2019-01-14,-0.005596014394908132,-0.005596014394908132,0.0,0.0,0.94461245753193
2019-01-15,0.0071450957623347125,0.0071450957623347125,0.0,0.0,0.9513618039992899
2019-01-16,-0.002848216659268111,-0.002848216659268111,0.0,0.0,0.9486521194601477
2019-01-17,0.0011201554931400616,0.0011201554931400616,0.0,0.0,0.94971475734284
2019-01-18,0.0045640255893003995,0.0045640255893003995,0.0,0.0,0.9540492797978891
2019-01-21,0.0018310408224103498,0.0018310408224103498,0.0,0.0,0.9557961829757902
2019-01-22,-0.001314732686059114,-0.001314732686059114,0.0,0.0,0.9545395664928213
2019-01-23,0.00024822352923662214,0.00024822352923662214,0.0,0.0,0.9547765056728122
2019-01-24,0.0012229969962890312,0.0012229969962890312,0.0,0.0,0.9559441944713776
2019-01-25,0.00558747810400897,0.00558747810400897,0.0,0.0,0.961285511726641
2019-01-28,0.0017849640946197207,0.0017849640946197207,0.0,0.0,0.9630013718497512
2019-01-29,-0.0006913834690911082,-0.0006913834690911082,0.0,0.0,0.9623355686205421
2019-01-30,0.00010380332326359555,0.00010380332326359555,0.0,0.0,0.9624354622506598
2019-02-11,-0.0020707602805132776,-0.0020707602805132776,0.0,0.0,0.9604424891228738
2019-02-12,0.005484519801054865,0.005484519801054865,0.0,0.0,0.9657100549722426
2019-02-13,0.00276563561808894,0.00276563561808894,0.0,0.0,0.9683808570970205
2019-02-14,-0.0007515944974072682,-0.0007515944974072682,0.0,0.0,0.9676530273734318
2019-02-15,-0.0025005659290282013,-0.0025005659290282013,0.0,0.0,0.9652333471820608
2019-02-18,0.006447541558312417,0.006447541558312417,0.0,0.0,0.9714567293014862
2019-02-19,0.0003991621119407546,0.0003991621119407546,0.0,0.0,0.9718444980212133
2019-02-20,0.006351877019381521,0.006066613528493319,0.3565793636102527,0.00028526349088820217,0.9777403030005005
2019-02-21,0.003106092649157839,0.003106092649157839,0.0,0.0,0.9807772549684356
2019-02-22,0.0019330126805137695,0.0019330126805137695,0.0,0.0,0.982673109839049
2019-02-25,0.003050735643756287,0.003050735643756287,0.0,0.0,0.9856709857213959
2019-02-26,0.00033348468170840673,0.00033348468170840673,0.0,0.0,0.9859996918963384
2019-02-27,0.003512345503287666,0.003512345503287666,0.0,0.0,0.9894628634804136
2019-03-04,-0.0034374858101315587,-0.0034374858101315587,0.0,0.0,0.9860615989275475
2019-03-05,-0.0018075570638724347,-0.0018075570638724347,0.0,0.0,0.9842792363189926
2019-03-06,0.0031368485902572947,0.0031368485902572947,0.0,0.0,0.9873667712538593
2019-03-07,-0.0032203293845206277,-0.0032203293845206277,0.0,0.0,0.9841871250270912
2019-03-08,-0.0039883842769275766,-0.0039883842769275766,0.0,0.0,0.9802618085720786
2019-03-11,-0.0009114475892734586,-0.0009114475892734586,0.0,0.0,0.9793683513097987
2019-03-12,0.007915932216424507,0.007915932216424507,0.0,0.0,0.9871209647936786
2019-03-13,-0.0003711438500786686,-0.0003711438500786686,0.0,0.0,0.9867546009183118
2019-03-14,-0.0032897204397509005,-0.0032897204397509005,0.0,0.0,0.9835084541386525
2019-03-15,0.005894035224021105,0.005894035224021105,0.0,0.0,0.9893052876104683
2019-03-18,0.00654509968920818,0.00654509968920818,0.0,0.0,0.9957803893409397
2019-03-19,0.0012070817360847281,0.0012070817360847281,0.0,0.0,0.9969823776620645
2019-03-20,0.0023662427706678756,0.0023662427706678756,0.0,0.0,0.9993414800056907
2019-03-21,0.0023701787951634053,0.0023701787951634053,0.0,0.0,1.0017100979907272
2019-03-22,-0.0023764331646109363,-0.0023764331646109363,0.0,0.0,0.9993296008925364
2019-03-25,-0.005332903304237637,-0.005332903304237637,0.0,0.0,0.9940002727619142
2019-03-26,0.004286281849309214,0.004286281849309214,0.0,0.0,0.998260838089262
2019-03-27,-0.0028044391856493116,-0.0028044391856493116,0.0,0.0,0.9954612762774254
2019-03-28,-0.0011408157781069583,-0.0011408157781069583,0.0,0.0,0.9943256383469536
2019-03-29,0.008411511237042464,0.008411511237042464,0.0,0.0,1.0026894196271885
2019-04-01,-0.003971143524136579,-0.003971143524136579,0.0,0.0,0.9987075960317157
2019-04-02,0.00043492939089824554,0.00043492939089824554,0.0,0.0,0.9991419633181432
2019-04-03,0.0015819535420149183,0.0015819535420149183,0.0,0.0,1.00072255948599
2019-04-08,0.003546201552296973,0.003546201552296973,0.0,0.0,1.004271323379858
2019-04-09,0.003987665069386246,0.003987665069386246,0.0,0.0,1.008276021056286
2019-04-10,0.00020776006142144798,0.00020776006142144798,0.0,0.0,1.0084855005443505
2019-04-11,-0.0025629902788372547,-0.0025629902788372547,0.0,0.0,1.005900762010107
2019-04-12,0.0009744358536813205,0.0009744358536813205,0.0,0.0,1.006880947777855
2019-04-15,0.002541901970224688,0.002541901970224688,0.0,0.0,1.0094403404427932
2019-04-16,0.0016789182629084853,0.0016789182629084853,0.0,0.0,1.0111351082656792
2019-04-17,0.0025946366079256447,0.0025946366079256447,0.0,0.0,1.0137586364331443
2019-04-18,-0.006290604377119124,-0.006290604377119124,0.0,0.0,1.0073814819174556
2019-04-19,0.0026703930877819545,0.0026703930877819545,0.0,0.0,1.0100715864635277
2019-04-22,0.0005341452130177272,0.0005341452130177272,0.0,0.0,1.0106111113662424
2019-04-23,0.0030062912330269553,0.0030062912330269553,0.0,0.0,1.0136493026903421
2019-04-24,0.0014135255543037749,0.0014135255543037749,0.0,0.0,1.015082121882797
2019-04-25,3.648810772929225e-05,3.648810772929225e-05,0.0,0.0,1.0151191603086143
2019-04-26,-2.0026188143983318e-05,-2.0026188143983318e-05,0.0,0.0,1.0150988313413214
2019-04-29,0.004380527068894672,0.004380527068894672,0.0,0.0,1.0195454992496154
2019-04-30,0.0025774634811495186,0.0025774634811495186,0.0,0.0,1.0221733405413016
2019-05-02,0.003088134454684675,0.003088134454684675,0.0,0.0,1.0253299492528873
2019-05-03,0.000163974841853717,0.000163974841853717,0.0,0.0,1.025498077569164
2019-05-06,-0.014197588631606832,-0.014197588631606832,0.0,0.0,1.0109384777213335
2019-05-07,0.005299019368098334,0.005299019368098334,0.0,0.0,1.0162954602947347
2019-05-08,-0.004549655891709788,-0.004549655891709788,0.0,0.0,1.011671665666087
2019-05-09,-0.011326104096869207,-0.011326104096869207,0.0,0.0,1.0002133670688997
2019-05-10,-0.002151642825618105,-0.002151642825618105,0.0,0.0,0.9980612651535586
2019-05-13,-0.006243989114466702,-0.006243989114466702,0.0,0.0,0.991829381478369
2019-05-14,-0.004193596422800824,-0.004193596422800824,0.0,0.0,0.9876700493321725
2019-05-15,0.002290702271033986,0.002290702271033986,0.0,0.0,0.9899325073572098
2019-05-16,-0.006788518201965847,-0.006788518201965847,0.0,0.0,0.9832123325122978
2019-05-17,-0.0005099215530895918,-0.0005099215530895918,0.0,0.0,0.9827109713526863
2019-05-20,0.009233068734497469,0.009233068734497469,0.0,0.0,0.9917844092973304
2019-05-21,0.010485384661165784,0.010485384661165784,0.0,0.0,1.00218365032976
2019-05-22,-0.0042817860446672145,-0.0042817860446672145,0.0,0.0,0.9978925143615844
2019-05-23,-0.003339489690682066,-0.003339489690682066,0.0,0.0,0.9945600625974651
2019-05-24,0.0019127879113407234,0.0019127879113407234,0.0,0.0,0.9964624450623039
2019-05-27,0.0029763530091543224,0.0029763530091543224,0.0,0.0,0.9994282690591743
2019-05-28,-0.0008672218646972815,-0.0008672218646972815,0.0,0.0,0.9985615430120496
2019-05-29,-0.0006871955743989918,-0.0006871955743989918,0.0,0.0,0.9978753359389266
2019-05-30,0.007709557334569262,0.007709557334569262,0.0,0.0,1.0055685130541003
2019-05-31,0.009123716303248692,0.009123716303248692,0.0,0.0,1.0147430348906856
2019-06-03,-0.0010108634861994217,-0.0010108634861994217,0.0,0.0,1.0137172682088396
2019-06-04,0.0002957498063522634,0.0002957498063522634,0.0,0.0,1.0140170748946082
2019-06-05,0.0015135209396255627,0.0015135209396255627,0.0,0.0,1.015551810970599
2019-06-06,0.004340070442266124,0.004340070442266124,0.0,0.0,1.0199593773679823
2019-06-10,0.00498412174558775,0.00498412174558775,0.0,0.0,1.0250429790803381
2019-06-11,-0.00476795736201799,-0.00476795736201799,0.0,0.0,1.0201556178618472
2019-06-12,-0.004967719845772315,-0.004967719845772315,0.0,0.0,1.0150877705532189
2019-06-13,-0.0007014366542026965,-0.0007014366542026965,0.0,0.0,1.0143757507837199
2019-06-14,0.0008421653449752083,0.0008421653449752083,0.0,0.0,1.0152300228878133
2019-06-17,0.0017213039899555906,0.0017213039899555906,0.0,0.0,1.0169775423769327
2019-06-18,0.001515354270366676,0.001515354270366676,0.0,0.0,1.0185186236386408
2019-06-19,0.012790838593665164,0.012790838593665164,0.0,0.0,1.0315463309582447
2019-06-20,0.0016544164623325153,0.0016544164623325153,0.0,0.0,1.0332529381898405
2019-06-21,-0.003094104936004369,-0.003094104936004369,0.0,0.0,1.0300559451736464
2019-06-24,0.004654662444571778,0.004654662444571778,0.0,0.0,1.0348505078974541
2019-06-25,-0.0021695075437558695,-0.0021695075437558695,0.0,0.0,1.032605391913911
2019-06-26,-0.000993897529723174,-0.000993897529723174,0.0,0.0,1.0315790879657092
2019-06-27,0.004182133480553688,0.004182133480553688,0.0,0.0,1.0358932894073296
2019-06-28,-0.003686322873609223,-0.003686322873609223,0.0,0.0,1.032074652279969
2019-07-01,0.0015089406668271192,0.0015089406668271192,0.0,0.0,1.0336319916939958
2019-07-02,-0.0021403045286789756,-0.0021403045286789756,0.0,0.0,1.0314197044611857
2019-07-03,-0.0030482134645380197,-0.0030482134645380197,0.0,0.0,1.0282757170304573
2019-07-04,0.001171177078343471,0.001171177078343471,0.0,0.0,1.0294800099804606
2019-07-05,0.0016481536343631081,0.0016481536343631081,0.0,0.0,1.0311767512004142
2019-07-08,-0.0034186000193505654,-0.0034186000193505654,0.0,0.0,1.0276515703388065
2019-07-09,-0.00584509383427768,-0.00584509383427768,0.0,0.0,1.0216448504812334
2019-07-10,0.004765950900420463,0.004765950900420463,0.0,0.0,1.0265139596762944
2019-07-11,0.0021807203098749696,0.0021807203098749696,0.0,0.0,1.0287524995165307
2019-07-12,-0.0011266208660153235,-0.0011266208660153235,0.0,0.0,1.02759348548461
2019-07-15,-0.002436053760982812,-0.002436053760982812,0.0,0.0,1.0250902125095338
2019-07-16,-0.0019953710031537517,-0.0019953710031537517,0.0,0.0,1.0230447772238755
2019-07-17,0.002526157139256667,0.002526157139256667,0.0,0.0,1.025629149091639
2019-07-18,-0.0031654708772789167,-0.0031654708772789167,0.0,0.0,1.0223825498893009
2019-07-19,0.0014370772009300852,0.0014370772009300852,0.0,0.0,1.0238517925423756
2019-07-22,-0.0010236145010529057,-0.0010236145010529057,0.0,0.0,1.0228037630006002
2019-07-23,-0.0014500820378264875,-0.0014500820378264875,0.0,0.0,1.0213206136356516
2019-07-24,-0.0037295956748267306,-0.0037295956748267306,0.0,0.0,1.0175115006924247
2019-07-25,-0.003076418602928969,-0.003076418602928969,0.0,0.0,1.0143812093830002
2019-07-26,-0.00155145545915812,-0.00155145545915812,0.0,0.0,1.0128074421180355
2019-07-29,-0.00023120606720249056,-0.00023120606720249056,0.0,0.0,1.01257327489251
2019-07-30,-0.0020083953585380253,-0.0020083953585380253,0.0,0.0,1.0105396274270362
2019-07-31,-0.0011743396591975806,-0.0011743396591975806,0.0,0.0,1.0093529106653578
2019-08-01,-0.009802359125937549,-0.009802359125937549,0.0,0.0,0.9994588709502057
2019-08-02,-0.011999501438657932,-0.011999501438657932,0.0,0.0,0.9874658627903593
2019-08-05,-0.0056486755812808235,-0.0056486755812808235,0.0,0.0,0.981887988483867
2019-08-06,-0.008560257102017308,-0.008560257102017308,0.0,0.0,0.9734827748570625
2019-08-07,-0.0017612746672317709,-0.0017612746672317709,0.0,0.0,0.9717682043067203
2019-08-08,0.006528108728217363,0.006528108728217363,0.0,0.0,0.9781120128030591
2019-08-12,-0.0035120970060231126,-0.0035120970060231126,0.0,0.0,0.9746767885313383
2019-08-13,-0.008389481148511905,-0.008389481148511905,0.0,0.0,0.9664997559880626
2019-08-14,0.0006088537382829111,0.0006088537382829111,0.0,0.0,0.9670882129775454
2019-08-15,-0.010168150920662561,-0.010168150920662561,0.0,0.0,0.9572547140743959
2019-08-16,0.011647831333403915,0.011647831333403915,0.0,0.0,0.9684046555270401
2019-08-19,0.004922647028445145,0.004922647028445145,0.0,0.0,0.9731717698269028
2019-08-20,-0.0018558637805476817,-0.0018558637805476817,0.0,0.0,0.9713656955870296
2019-08-21,-0.00017680586259025046,-0.00017680586259025046,0.0,0.0,0.9711939524373306
2019-08-22,0.0012308797551002842,0.0012308797551002842,0.0,0.0,0.9723893754116617
2019-08-23,0.0025311880795545853,0.0025311880795545853,0.0,0.0,0.9748506758073893
2019-08-26,-0.01153462454605773,-0.01153462454605773,0.0,0.0,0.9636061392734804
2019-08-27,-0.001210595774302834,-0.001210595774302834,0.0,0.0,0.9624396017531837
2019-08-28,0.0026935631945123346,0.0026935631945123346,0.0,0.0,0.9650319936414072
2019-08-29,0.0013230982390531566,0.0013230982390531566,0.0,0.0,0.9663088257728241
2019-08-30,0.013485741185588302,0.013485741185588302,0.0,0.0,0.979340216502546
2019-09-02,0.0030031783376669777,0.0030031783376669777,0.0,0.0,0.9822813498259525
2019-09-03,-0.00531844176412623,-0.00531844176412623,0.0,0.0,0.9770571436709159
2019-09-04,0.00709905205174261,0.00709905205174261,0.0,0.0,0.9839933231913627
2019-09-05,0.004294216098936712,0.004294216098936712,0.0,0.0,0.9882188031610574
2019-09-06,0.0028771270922853046,0.0028771270922853046,0.0,0.0,0.9910620342527379
2019-09-09,0.005390108080440454,0.005390108080440454,0.0,0.0,0.9964039657317812
2019-09-10,0.005100155112358191,0.005100155112358191,0.0,0.0,1.0014857805115822
2019-09-11,0.0027831012000119155,0.0027831012000119155,0.0,0.0,1.004273016789119
2019-09-12,0.0005415373881855478,0.0005415373881855478,0.0,0.0,1.0048168681756562
2019-09-16,0.0038150637054724643,0.0038150637054724643,0.0,0.0,1.0086503085400795
2019-09-17,-0.00028618395926579654,-0.00028618395926579654,0.0,0.0,1.0083616490012668
2019-09-18,0.0026381991377930998,0.0026381991377930998,0.0,0.0,1.0110219078342455
2019-09-19,-0.0032302172729007294,-0.0032302172729007294,0.0,0.0,1.0077560874042784
2019-09-20,0.0040608321814893,0.0040608321814893,0.0,0.0,1.0118484157551013
2019-09-23,-0.004078326581702589,-0.004078326581702589,0.0,0.0,1.0077217674644736
2019-09-24,-0.0014374736120277307,-0.0014374736120277307,0.0,0.0,1.0062731940154774
2019-09-25,-0.005111285279715084,-0.005111285279715084,0.0,0.0,1.0011298446515342
2019-09-26,-0.0022202338318700696,-0.0022202338318700696,0.0,0.0,0.9989071023003441
2019-09-27,-0.008125887875262468,-0.008125887875262468,0.0,0.0,0.9907900951892481
2019-10-01,0.009033267769245271,0.009033267769245271,0.0,0.0,0.9997401674222086
2019-10-02,-0.00372657759483635,-0.00372657759483635,0.0,0.0,0.9960145581136352
2019-10-03,-0.0062959493505949414,-0.0062959493505949414,0.0,0.0,0.9897437009032964
2019-10-04,0.0035398159425365284,0.0035398159425365284,0.0,0.0,0.9932472114347791
2019-10-07,0.0007550032989115331,0.0007550032989115331,0.0,0.0,0.9939971163560469
2019-10-08,0.001775187477415113,0.001775187477415113,0.0,0.0,0.9957616475895888
2019-10-09,-0.00980113393079864,-0.00980113393079864,0.0,0.0,0.9860020543184106
2019-10-14,0.010170577618502737,0.010170577618502737,0.0,0.0,0.9960302647438593
2019-10-15,0.0005006256741120019,0.0005006256741120019,0.0,0.0,0.9965289030665826
2019-10-16,0.004607290050467259,0.004607290050467259,0.0,0.0,1.0011202007666842
2019-10-17,0.0047525660830563185,0.0047525660830563185,0.0,0.0,1.0058780906779103
2019-10-18,-0.0007396204662147242,-0.0007396204662147242,0.0,0.0,1.005134122655528
2019-10-21,0.0038720059205662634,0.0038720059205662634,0.0,0.0,1.0090260079294133
2019-10-22,0.0034531625127446966,0.0034531625127446966,0.0,0.0,1.0125103387143797
2019-10-23,-0.004408656905557032,-0.004408656905557032,0.0,0.0,1.0080465280176587
2019-10-24,0.006178346246891013,0.006178346246891013,0.0,0.0,1.014274588500728
2019-10-25,-0.0007282294507137157,-0.0007282294507137157,0.0,0.0,1.0135359638742714
2019-10-28,0.0006885646744045235,0.0006885646744045235,0.0,0.0,1.0142338489352338
2019-10-29,-0.00037326361494676504,-0.00037326361494676504,0.0,0.0,1.013855272342379
2019-10-30,0.005750690677188701,0.005750690677188701,0.0,0.0,1.019685640405057
2019-10-31,-0.0016078299963217704,-0.0016078299963217704,0.0,0.0,1.0180461592455952
2019-11-01,0.0023740615603015996,0.0023740615603015996,0.0,0.0,1.0204630634988727
2019-11-04,0.007246783408569683,0.007246783408569683,0.0,0.0,1.0278581382964944
2019-11-05,0.005217641317154083,0.005217641317154083,0.0,0.0,1.0332211333870434
2019-11-06,0.0025463659083857456,0.0025463659083857456,0.0,0.0,1.035852092456924
2019-11-07,-0.0009156243279773514,-0.0009156243279773514,0.0,0.0,1.034903641080884
2019-11-08,-0.0005559708645927969,-0.0005559708645927969,0.0,0.0,1.0343282648087821
2019-11-11,-0.008096590343399625,-0.008096590343399625,0.0,0.0,1.0259537325680261
2019-11-12,0.002973697800827865,0.002973697800827865,0.0,0.0,1.029004608926315
2019-11-13,-0.006176175911652183,-0.006176175911652183,0.0,0.0,1.0226492954476851
2019-11-14,-0.0024910310227334574,-0.0024910310227334574,0.0,0.0,1.0201018443273484
2019-11-15,0.002890724701041356,0.002890724701041356,0.0,0.0,1.0230506779263233
2019-11-18,0.005548370850912361,0.005548370850912361,0.0,0.0,1.0287269424867358
2019-11-19,0.0002036540122660779,0.0002036540122660779,0.0,0.0,1.0289364468560995
2019-11-20,0.00038331229104543495,0.00038331229104543495,0.0,0.0,1.0293308508428842
2019-11-21,-0.0069491700758449355,-0.0069491700758449355,0.0,0.0,1.0221778556960628
2019-11-22,0.0030046669785174737,0.0030046669785174737,0.0,0.0,1.0252491597452447
2019-11-25,0.0018987679897868842,0.0018987679897868842,0.0,0.0,1.0271958700313248
2019-11-26,-0.00041561649215431773,-0.00041561649215431773,0.0,0.0,1.0267689504870672
2019-11-27,0.006408577882745717,0.006408577882745717,0.0,0.0,1.0333490792738484
2019-11-28,-0.0021738733762323875,-0.0021738733762323875,0.0,0.0,1.0311027092220608
2019-11-29,-0.00615710081947197,-0.00615710081947197,0.0,0.0,1.02475410588615
2019-12-02,-0.0019228375985807225,-0.0019228375985807225,0.0,0.0,1.022783670162052
2019-12-03,0.0014908312050109307,0.0014908312050109307,0.0,0.0,1.0243084679735053
2019-12-04,-0.0006577425699741638,-0.0006577425699741638,0.0,0.0,1.0236347366893341
2019-12-05,0.00017155956680616516,0.00017155956680616516,0.0,0.0,1.0238103510213283
2019-12-06,-0.0009671721508466516,-0.0009671721508466516,0.0,0.0,1.022820150162072
2019-12-09,0.0033071771357334216,0.0033071771357334216,0.0,0.0,1.0262027975766552
2019-12-10,0.000555104476796323,0.000555104476796323,0.0,0.0,1.026772447343691
2019-12-11,0.001062530592361882,0.001062530592361882,0.0,0.0,1.027863424480388
2019-12-12,0.0033181518315688325,0.0033181518315688325,0.0,0.0,1.03127403138493
2019-12-13,0.006016641114719424,0.006016641114719424,0.0,0.0,1.0374788371227028
2019-12-16,0.0007958533163828022,0.0007958533163828022,0.0,0.0,1.0383045180959039
2019-12-17,0.005953184473943893,0.005953184473943893,0.0,0.0,1.0444857364322584
2019-12-18,0.004346059635273089,0.004346059635273089,0.0,0.0,1.049025133730985
2019-12-19,-0.002806388886505408,-0.002806388886505408,0.0,0.0,1.0460811612540175
2019-12-20,-0.000524544938402871,-0.000524544938402871,0.0,0.0,1.0455324446757233
2019-12-23,0.004553331602569473,0.004553331602569473,0.0,0.0,1.0502931005975769
2019-12-24,-0.0035665548048894953,-0.0035665548048894953,0.0,0.0,1.0465471726930982
2019-12-25,0.0015405944764656575,0.0015405944764656575,0.0,0.0,1.04815947748671
2019-12-26,-0.0009840705280086174,-0.0009840705280086174,0.0,0.0,1.0471280146362625
2019-12-27,0.002820881290372447,0.002820881290372447,0.0,0.0,1.0500818384613748
2019-12-30,-0.0018060941770226494,-0.0018060941770226494,0.0,0.0,1.0481852917675325
2019-12-31,-0.004785141399214945,-0.004785141399214945,0.0,0.0,1.0431695769338476
2020-01-02,0.002147303145491548,0.002147303145491548,0.0,0.0,1.0454095782476787
2020-01-03,0.0015053731255678551,0.0015053731255678551,0.0,0.0,1.046983309731984
2020-01-06,-0.009452253490664876,-0.009452253490664876,0.0,0.0,1.037086958087902
2020-01-07,-0.0022995662781043484,-0.0022995662781043484,0.0,0.0,1.0347021078916214
2020-01-08,-0.005780226739800535,-0.005780226739800535,0.0,0.0,1.0287212950998583
2020-01-09,0.006039993313476007,0.006039993313476007,0.0,0.0,1.034934764843692
2020-01-10,0.0033886529901333362,0.0033886529901333362,0.0,0.0,1.0384417996291724
2020-01-13,0.0077201532016504875,0.0077201532016504875,0.0,0.0,1.0464587294133072
2020-01-14,0.0023222284424505527,0.0023222284424505527,0.0,0.0,1.0488888456386014
2020-01-15,-0.0029704886891103706,-0.0029704886891103706,0.0,0.0,1.045773133186498
2020-01-16,0.0015643129057192852,0.0015643129057192852,0.0,0.0,1.047409049595196
2020-01-17,0.004555585447597855,0.004555585447597855,0.0,0.0,1.0521806110192142
2020-01-20,0.003951496556310574,0.003951496556310574,0.0,0.0,1.0563382990802734
2020-01-30,-0.05103710620273407,-0.05103710620273407,0.0,0.0,1.002425849124098
2020-01-31,0.007227330730033015,0.007227330730033015,0.0,0.0,1.0096707122680522
2020-02-03,-0.004730832629158757,-0.004730832629158757,0.0,0.0,1.0048941291177484
2020-02-04,0.010412586852513471,0.010412586852513471,0.0,0.0,1.015357676514768
2020-02-05,0.00177228014507183,0.00177228014507183,0.0,0.0,1.0171571747650014
2020-02-06,0.01141946509719344,0.01141946509719344,0.0,0.0,1.0287725656205904
2020-02-07,-0.007960362742789896,-0.007960362742789896,0.0,0.0,1.0205831628184199
2020-02-10,-0.00032557310980131735,-0.00032557310980131735,0.0,0.0,1.0202508883842902
2020-02-11,0.0021711176222396155,0.0021711176222396155,0.0,0.0,1.022465973067167
2020-02-12,0.0016867707857817435,0.0016867707857817435,0.0,0.0,1.0241906387999926
2020-02-13,0.003331990922661262,0.003331990922661262,0.0,0.0,1.0276032327115487
2020-02-14,0.0004406860798869397,0.0004406860798869397,0.0,0.0,1.0280560831518515
2020-02-17,-0.002332169173969521,-0.002332169173969521,0.0,0.0,1.025658482445613
2020-02-18,0.0016722720449592653,0.0016722720449592653,0.0,0.0,1.0273736624534822
2020-02-19,0.009394108108462161,0.009394108108462161,0.0,0.0,1.0370249217063567
2020-02-20,-0.003903732216248827,-0.003903732216248827,0.0,0.0,1.0329766541104386
2020-02-21,-0.004568439073954329,-0.004568439073954329,0.0,0.0,1.0282575632013178
2020-02-24,-0.009530094633000134,-0.009530094633000134,0.0,0.0,1.0184581713169112
2020-02-25,-0.003103042760589777,-0.003103042760589777,0.0,0.0,1.0152978520614426
2020-02-26,-0.006370810109571402,-0.006370810109571402,0.0,0.0,1.0088295822413034
2020-02-27,-0.006985882046516116,-0.006985882046516116,0.0,0.0,1.0017820177747296
2020-03-02,-0.01189818777946694,-0.01189818777946694,0.0,0.0,0.9898626272131527
2020-03-03,0.008352283229648254,0.008352283229648254,0.0,0.0,0.9981302402340807
2020-03-04,0.006697357903333626,0.006697357903333626,0.0,0.0,1.0048150756870686
2020-03-05,0.009233347409339841,0.009233347409339841,0.0,0.0,1.0140928823630293
2020-03-06,-0.014485102237775507,-0.014721598322149436,0.2956201054674114,0.00023649608437392914,0.99916381428753
2020-03-09,-0.02249886659548708,-0.02249886659548708,0.0,0.0,0.9766837609228368
2020-03-10,-0.00039199655865589827,-0.00039199655865589827,0.0,0.0,0.97630090424966
2020-03-11,-0.0027465548327239245,-0.0027465548327239245,0.0,0.0,0.9736194402829004
2020-03-12,-0.038028563153503434,-0.038028563153503434,0.0,0.0,0.9365940919106234
2020-03-13,-0.027284571087699223,-0.027284571087699223,0.0,0.0,0.9110395238295689
2020-03-16,-0.03418998640653015,-0.03418998640653015,0.0,0.0,0.8798910948940242
2020-03-17,-0.033818171631993736,-0.033818171631993736,0.0,0.0,0.8501347868294352
2020-03-18,-0.019553892910310667,-0.019553892910310667,0.0,0.0,0.8335113422484427
2020-03-19,-0.06637618958661531,-0.06637618958661531,0.0,0.0,0.7781860353727659
2020-03-20,0.057608796231092746,0.057608796231092746,0.0,0.0,0.8230163961144374
2020-03-23,-0.03845680783936128,-0.03845680783936128,0.0,0.0,0.791365812720421
2020-03-24,0.03893303966272076,0.03893303966272076,0.0,0.0,0.8221760892947864
2020-03-25,0.039844144684102106,0.039844144684102106,0.0,0.0,0.8549349923524571
2020-03-26,0.002365801113569133,0.002365801113569133,0.0,0.0,0.8569575985093938
2020-03-27,0.01083652092207139,0.01083652092207139,0.0,0.0,0.8662440374549688
2020-03-30,-0.009075703615561533,-0.009075703615561533,0.0,0.0,0.8583822633122801
2020-03-31,-0.0010071581476306614,-0.0010071581476306614,0.0,0.0,0.8575177366220035
2020-04-01,-0.0026470729461047365,-0.0026470729461047365,0.0,0.0,0.8552478246205863
2020-04-06,0.013845918911911378,0.013845918911911378,0.0,0.0,0.8670895166498716
2020-04-07,0.008755027832573245,0.008755027832573245,0.0,0.0,0.8746809095014736
2020-04-08,0.010343759558520814,0.010343759558520814,0.0,0.0,0.883728398519785
2020-04-09,0.005830314695183364,0.005830314695183364,0.0,0.0,0.8888808131882259
2020-04-10,0.015832736602694183,0.015832736602694183,0.0,0.0,0.9029542289746237
2020-04-13,-0.007847274525466293,-0.007847274525466293,0.0,0.0,0.8958684992559292
2020-04-14,0.02072925113862239,0.02072925113862239,0.0,0.0,0.914439182364186
2020-04-15,0.014467055764793273,0.014467055764793273,0.0,0.0,0.9276684250089606
2020-04-16,-0.012341726941065924,-0.012341726941065924,0.0,0.0,0.9162193946156513
2020-04-17,0.0033615355848921114,0.0033615355848921114,0.0,0.0,0.9192992987142201
2020-04-20,-0.002887845790250575,-0.002887845790250575,0.0,0.0,0.916644504104448
2020-04-21,-0.028074820070512277,-0.028074820070512277,0.0,0.0,0.8909098745830916
2020-04-22,0.00014026423437944998,0.00014026423437944998,0.0,0.0,0.8910348373745511
2020-04-23,0.0026525446212407955,0.0026525446212407955,0.0,0.0,0.8933983470397673
2020-04-24,-0.0010652580207031138,-0.0010652580207031138,0.0,0.0,0.8924466472849003
2020-04-27,0.022522730107371366,0.022522730107371366,0.0,0.0,0.9125469822569265
2020-04-28,0.008327919900508587,0.008327919900508587,0.0,0.0,0.9201466004306131
2020-04-29,0.013091662485233826,0.013091662485233826,0.0,0.0,0.9321928491603859
2020-04-30,0.01661213232934433,0.01661213232934433,0.0,0.0,0.9476785601271067
2020-05-04,-0.022583939803786007,-0.022583939803786007,0.0,0.0,0.9262762445718575
2020-05-05,0.005828318752217098,0.005828318752217098,0.0,0.0,0.9316748777778289
2020-05-06,-0.00576710138063269,-0.00576710138063269,0.0,0.0,0.9263018143038955
2020-05-07,0.002448587756417382,0.002448587756417382,0.0,0.0,0.9285699455851472
2020-05-08,0.004415955330224264,0.004415955330224264,0.0,0.0,0.93267046898584
2020-05-11,0.011116699638878442,0.011116699638878442,0.0,0.0,0.9430386864516076
2020-05-12,-0.007920909175980671,-0.007920909175980671,0.0,0.0,0.9355689626667884
2020-05-13,0.0029410911795316316,0.0029410911795316316,0.0,0.0,0.9383205562907312
2020-05-14,-0.010481005526204224,-0.010481005526204224,0.0,0.0,0.928486013354897
2020-05-15,-0.0008297773036862113,-0.0008297773036862113,0.0,0.0,0.9277155767342251
2020-05-18,-0.00021137849351249356,-0.00021137849351249356,0.0,0.0,0.927519477613207
2020-05-19,0.011459122165148373,0.011459122165148373,0.0,0.0,0.9381480366177313
2020-05-20,0.0018090866455379244,0.0018090866455379244,0.0,0.0,0.9398452277023142
2020-05-21,0.005830192670714045,0.005830192670714045,0.0,0.0,0.9453247064604697
2020-05-22,-0.015305238863935504,-0.015305238863935504,0.0,0.0,0.9308562860241125
2020-05-25,0.002414714861468083,0.002414714861468083,0.0,0.0,0.933104038531866
2020-05-26,0.012391711186670533,0.012391711186670533,0.0,0.0,0.9446667942844686
2020-05-27,0.0017749211563509286,0.0017749211563509286,0.0,0.0,0.9463435033633464
2020-05-28,-0.004948588604951415,-0.004948588604951415,0.0,0.0,0.9416604386862327
2020-05-29,0.0021963280103122905,0.0021963280103122905,0.0,0.0,0.9437286338839223
2020-06-01,0.009129289908874207,0.009129289908874207,0.0,0.0,0.9523442061779543
2020-06-02,0.008595930303187456,0.008595930303187456,0.0,0.0,0.9605304905989045
2020-06-03,0.01786089773804866,0.01786089773804866,0.0,0.0,0.9776864274657692
2020-06-04,0.0007699027013606718,0.0007699027013606718,0.0,0.0,0.9784391508873587
2020-06-05,0.0022554401244241694,0.0022554401244241694,0.0,0.0,0.9806459618075775
2020-06-08,0.010314492404288774,0.010314492404288774,0.0,0.0,0.9907608271319382
2020-06-09,-0.0009657444854515553,-0.0009657444854515553,0.0,0.0,0.9898040053267342
2020-06-10,0.0067899887111217486,0.0067899887111217486,0.0,0.0,0.9965247633491259
2020-06-11,-0.021310865079071022,-0.021310865079071022,0.0,0.0,0.9752879585694395
2020-06-12,-0.00987006598247757,-0.00987006598247757,0.0,0.0,0.9656618020664434
2020-06-15,-0.008219941556945118,-0.008219941556945118,0.0,0.0,0.9577241184896829
2020-06-16,0.013833924386559117,0.013833924386559117,0.0,0.0,0.9709732015280531
2020-06-17,0.003577314421117361,0.003577314421117361,0.0,0.0,0.9744466779643979
2020-06-18,-0.005427711264317564,-0.005427711264317564,0.0,0.0,0.9691576627539338
2020-06-19,-0.006558252042147187,-0.006558252042147187,0.0,0.0,0.9628016825330151
2020-06-22,0.0042859192933964365,0.0042859192933964365,0.0,0.0,0.9669281728398978
2020-06-23,0.003432696900241173,0.003432696900241173,0.0,0.0,0.9702473441815612
2020-06-24,0.0026928003001645533,0.0026928003001645533,0.0,0.0,0.9728600265212072
2020-06-29,-0.0077591086148465944,-0.0077591086148465944,0.0,0.0,0.9653114999083866
2020-06-30,0.005650599025175174,0.005650599025175174,0.0,0.0,0.9707660881287593
2020-07-01,0.0047556591233951125,0.0047556591233951125,0.0,0.0,0.9753827207324514
2020-07-02,0.005157316129422819,0.005157316129422819,0.0,0.0,0.9804130777704451
2020-07-03,0.0018656746063120903,0.0018656746063120903,0.0,0.0,0.9822422095533377
2020-07-06,0.01075723360278486,0.01075723360278486,0.0,0.0,0.9928084184560185
2020-07-07,-0.003517022900842463,-0.003517022900842463,0.0,0.0,0.9893166885121596
2020-07-08,0.0011086305505394797,0.0011086305505394797,0.0,0.0,0.9904134752172027
2020-07-09,-0.0029705203579938225,-0.0029705203579938225,0.0,0.0,0.9874714318262385
2020-07-10,-0.00705661914147173,-0.00705661914147173,0.0,0.0,0.9805032220187571
2020-07-13,0.005553560003422257,0.005553560003422257,0.0,0.0,0.985948505495787
2020-07-14,-0.003552709701270784,-0.003552709701270784,0.0,0.0,0.9824457166753587
2020-07-15,0.0034534593947200304,0.0034534593947200304,0.0,0.0,0.9858385530654137
2020-07-16,-0.002303852660772694,-0.002303852660772694,0.0,0.0,0.9835673262918416
2020-07-17,-0.0035706067635201963,-0.0035706067635201963,0.0,0.0,0.9800553941442065
2020-07-20,-0.00013511574153754707,-0.00013511574153754707,0.0,0.0,0.9799229732328788
2020-07-21,0.0013715835698395516,0.0013715835698395516,0.0,0.0,0.9812670194826734
2020-07-22,0.005316302802362795,0.005316302802362795,0.0,0.0,0.9864837320882154
2020-07-23,-0.005490403373131289,-0.005490403373131289,0.0,0.0,0.9810675384780191
2020-07-24,-0.012597419149498253,-0.012597419149498253,0.0,0.0,0.968708619481845
2020-07-27,-0.01459103837527151,-0.01459103837527151,0.0,0.0,0.954574154840529
2020-07-28,-0.006851268646396952,-0.006851268646396952,0.0,0.0,0.9480341108628092
2020-07-29,0.006123680509928875,0.006123680509928875,0.0,0.0,0.9538395688702476
2020-07-30,0.006411752586938416,0.006411752586938416,0.0,0.0,0.9599553521934757
2020-07-31,-0.006457639566050437,-0.006457639566050437,0.0,0.0,0.9537563065295093
2020-08-03,-0.008146241826969611,-0.008146241826969611,0.0,0.0,0.9459867770125225
2020-08-04,0.008830899802851223,0.008830899802851223,0.0,0.0,0.9543406914551423
2020-08-05,0.004366129248134604,0.004366129248134604,0.0,0.0,0.9585074662607895
2020-08-06,0.0073775906659306395,0.0073775906659306395,0.0,0.0,0.9655789419970999
2020-08-07,-0.008110685335400273,-0.008110685335400273,0.0,0.0,0.9577474350320727
2020-08-10,0.007675050971579567,0.007675050971579567,0.0,0.0,0.9650981954138435
2020-08-11,-0.007496364087576601,-0.007496364087576601,0.0,0.0,0.9578634679607582
2020-08-12,-0.002569669310970813,-0.002569669310970813,0.0,0.0,0.9554020756030394
2020-08-13,-0.0018121732702295508,-0.0018121732702295508,0.0,0.0,0.9536707214993098
2020-08-14,-0.0013013408828548643,-0.0013013408828548643,0.0,0.0,0.952429670800641
2020-08-17,0.00655075071378621,0.00655075071378621,0.0,0.0,0.9586688001464696
2020-08-18,-0.0001096925804686973,-0.0001096925804686973,0.0,0.0,0.9585636412919667
2020-08-19,-0.00438571032881876,-0.00438571032881876,0.0,0.0,0.9543596588295225
2020-08-20,-0.0228092548486993,-0.0228092548486993,0.0,0.0,0.9325914261539622
2020-08-21,0.01187011240663743,0.01187011240663743,0.0,0.0,0.943661391211876
2020-08-24,-0.0027505551020334277,-0.0027505551020334277,0.0,0.0,0.9410657985576861
2020-08-25,0.005983863640311357,0.005983863640311357,0.0,0.0,0.946697007972816
2020-08-26,0.0022687527112391585,0.0022687527112391585,0.0,0.0,0.9488448293763762
2020-08-27,-0.00278405299827716,-0.00278405299827716,0.0,0.0,0.9462031950842511
2020-08-28,0.0013925844018803043,0.0013925844018803043,0.0,0.0,0.9475208628947347
2020-08-31,-0.005259668558426477,-0.005259668558426477,0.0,0.0,0.9425372172037141
2020-09-01,-0.0009311314940156314,-0.0009311314940156314,0.0,0.0,0.9416595911164939
2020-09-02,-0.0021506984631516598,-0.0021506984631516598,0.0,0.0,0.9396343652810677
2020-09-03,0.002923548610649731,0.002923548610649731,0.0,0.0,0.942381432024204
2020-09-04,-0.004588665868964847,-0.004588665868964847,0.0,0.0,0.9380571585115283
2020-09-07,0.005388142018295454,0.005388142018295454,0.0,0.0,0.9431115437028671
2020-09-08,0.00048009477325809463,0.00048009477325809463,0.0,0.0,0.9435643266255983
2020-09-09,-0.0020444257661995464,-0.0020444257661995464,0.0,0.0,0.9416352794041782
2020-09-10,0.004231960995280175,0.004231960995280175,0.0,0.0,0.9456202431783964
2020-09-11,-0.00033230624308629484,-0.00033230624308629484,0.0,0.0,0.9453060076679994
2020-09-14,0.0003100683738331504,0.0003100683738331504,0.0,0.0,0.9455991171645717
2020-09-15,0.00018565688526583763,0.00018565688526583763,0.0,0.0,0.9457746741513746
2020-09-16,0.000992250622415011,0.000992250622415011,0.0,0.0,0.9467131196604656
2020-09-17,-0.0048934353427988065,-0.0048934353427988065,0.0,0.0,0.9420804402212277
2020-09-18,3.7334359100897725e-05,3.7334359100897725e-05,0.0,0.0,0.9421156121906848
2020-09-21,-0.006547005175751413,-0.006547005175751413,0.0,0.0,0.9359475764015162
2020-09-22,-0.010996792097415798,-0.010996792097415798,0.0,0.0,0.9256551554897485
2020-09-23,-0.006241803211710951,-0.006241803211710951,0.0,0.0,0.9198773981672758
2020-09-24,-0.025264782777660325,-0.025264782777660325,0.0,0.0,0.8966368955205002
2020-09-25,0.006182597019863109,0.006182597019863109,0.0,0.0,0.9021804401186444
2020-09-28,0.016714944428710698,0.016714944428710698,0.0,0.0,0.9172603360398973
2020-09-29,0.0005298115031192506,0.0005298115031192506,0.0,0.0,0.9177463111172862
2020-09-30,-0.0007127954732271314,-0.0007127954732271314,0.0,0.0,0.9170921457011509
2020-10-05,0.001258841444832971,0.001258841444832971,0.0,0.0,0.9182466193028903
2020-10-06,0.01173563453510669,0.01173563453510669,0.0,0.0,0.9290228260401263
2020-10-07,-0.005393458657000025,-0.005393458657000025,0.0,0.0,0.9240121798364695
2020-10-08,0.0030589223006097766,0.0030589223006097766,0.0,0.0,0.9268386612994063
2020-10-12,-0.001496517681029263,-0.001496517681029263,0.0,0.0,0.9254516308553102
2020-10-13,-0.0026105371812710255,-0.0026105371812710255,0.0,0.0,0.9230357049634945
2020-10-14,-0.00053429940858861,-0.00053429940858861,0.0,0.0,0.9225425275322263
2020-10-15,-0.005676854340283069,-0.005676854340283069,0.0,0.0,0.9173053879807093
2020-10-16,-0.00407775840417643,-0.00407775840417643,0.0,0.0,0.9135648382256746
2020-10-19,0.003728775921464884,0.003728775921464884,0.0,0.0,0.9169713167971474
2020-10-20,-0.00021032289119052107,-0.00021032289119052107,0.0,0.0,0.9167784567386599
2020-10-21,-0.0023788180008549927,-0.0023788180008549927,0.0,0.0,0.9145976076429738
2020-10-22,0.006574917541763052,0.006574917541763052,0.0,0.0,0.9206110114971202
2020-10-23,0.0002173932040098147,0.0002173932040098147,0.0,0.0,0.9208111460745562
2020-10-26,0.006145641857369016,0.006145641857369016,0.0,0.0,0.926470121596604
2020-10-27,-0.002475118816156991,-0.002475118816156991,0.0,0.0,0.924176997966033
2020-10-28,-0.002377744279493127,-0.002377744279493127,0.0,0.0,0.9219795413958802
2020-10-29,-0.00914800482817186,-0.00914800482817186,0.0,0.0,0.913545268099715
2020-10-30,-0.0049283854035610634,-0.0049283854035610634,0.0,0.0,0.9090429649349201
2020-11-02,0.01070092618920574,0.01070092618920574,0.0,0.0,0.9187705666055054
2020-11-03,0.007428580299327933,0.007428580299327933,0.0,0.0,0.9255957275361933
2020-11-04,-0.0005675109380066818,-0.0005675109380066818,0.0,0.0,0.9250704418366443
2020-11-05,0.005501717731028324,0.005501717731028324,0.0,0.0,0.9301599182889473
2020-11-06,0.0037840605236268052,0.0037840605236268052,0.0,0.0,0.9336796997164044
2020-11-09,0.0070081129498622535,0.0070081129498622535,0.0,0.0,0.9402230325110105
2020-11-10,0.009975946920474453,0.009975946920474453,0.0,0.0,0.949602647576748
2020-11-11,0.018479624834145114,0.018479624834145114,0.0,0.0,0.9671509482454771
2020-11-12,-0.009353668051404538,-0.009353668051404538,0.0,0.0,0.9581045393199877
2020-11-13,0.00020110325386082733,0.00020110325386082733,0.0,0.0,0.9582972172603839
2020-11-16,0.007771431351359574,0.007771431351359574,0.0,0.0,0.9657445582985218
2020-11-17,0.0017066047165762229,0.0017066047165762229,0.0,0.0,0.9673927025167218
2020-11-18,0.0053275616703387235,0.0053275616703387235,0.0,0.0,0.9725465467988154
2020-11-19,-0.0031657386909373607,-0.0031657386909373607,0.0,0.0,0.9694677185668767
2020-11-20,-0.0021924458242785763,-0.0021924458242785763,0.0,0.0,0.9673422131155319
2020-11-23,0.007450178526430715,0.007450178526430715,0.0,0.0,0.9745490852993952
2020-11-24,-0.0049526491225703245,-0.0049526491225703245,0.0,0.0,0.9697224856271854
2020-11-25,0.001353764130702696,0.001353764130702696,0.0,0.0,0.9710352611449633
2020-11-26,0.003593606660976508,0.003593606660976508,0.0,0.0,0.9745247799274569
2020-11-27,-0.0012467897750513901,-0.0012467897750513901,0.0,0.0,0.9733097523963091
2020-11-30,-0.003000960657354015,-0.003000960657354015,0.0,0.0,0.9703888881219488
2020-12-01,0.006905518768577272,0.006905518768577272,0.0,0.0,0.9770899268016938
2020-12-02,0.001299579317991495,0.001299579317991495,0.0,0.0,0.9783597326623832
2020-12-03,-0.0007452814040331618,-0.0007452814040331618,0.0,0.0,0.977630579347175
2020-12-04,0.009936492740746915,0.009936492740746915,0.0,0.0,0.9873447985019903
2020-12-07,0.0010110648836285578,0.0010110648836285578,0.0,0.0,0.988343068155789
2020-12-08,-0.007976409643180521,-0.007976409643180521,0.0,0.0,0.9804596389761806
2020-12-09,4.673777304715351e-05,4.673777304715351e-05,0.0,0.0,0.9805054634762689
2020-12-10,0.00044164850842454264,0.00044164850842454264,0.0,0.0,0.9809385022517154
2020-12-11,0.005750582673392608,0.005750582673392608,0.0,0.0,0.9865794702064278
2020-12-14,0.0005070286247467091,0.0005070286247467091,0.0,0.0,0.9870796942384098
2020-12-15,-0.008293225660460177,-0.008293225660460177,0.0,0.0,0.9788936195892326
2020-12-16,0.012967755874359308,0.012967755874359308,0.0,0.0,0.9915876730750337
2020-12-17,-0.001401780566140552,-0.001401780566140552,0.0,0.0,0.9901976847452926
2020-12-18,-0.005541188123873906,-0.005541188123873906,0.0,0.0,0.9847108130942945
2020-12-21,0.00822679340353458,0.00822679340353458,0.0,0.0,0.9928118255158478
2020-12-22,-0.00888527023914081,-0.00888527023914081,0.0,0.0,0.9839904241495249
2020-12-23,-0.0006325599966154464,-0.0006325599966154464,0.0,0.0,0.9833679911701552
2020-12-24,0.004202867637371665,0.004202867637371665,0.0,0.0,0.9875009566758715
2020-12-25,0.0044773423290874305,0.0044773423290874305,0.0,0.0,0.9919223365092106
2020-12-28,0.00606746573550798,0.00606746573550798,0.0,0.0,0.9979407912982652
2020-12-29,0.000796963846433464,0.000796963846433464,0.0,0.0,0.9987361140298112
2020-12-30,0.014731980665602766,0.014731980665602766,0.0,0.0,1.0134494751517376
2020-12-31,-0.0038535026599991057,-0.0038535026599991057,0.0,0.0,1.0095441449034657
2021-01-04,-0.0009633042581750307,-0.0009633042581750307,0.0,0.0,1.0085716467298644
2021-01-05,0.004784034241845007,0.004784034241845007,0.0,0.0,1.0133966880231742
2021-01-06,-0.008383570139964172,-0.008383570139964172,0.0,0.0,1.0049008058095246
2021-01-07,0.005794791443049223,0.005794791443049223,0.0,0.0,1.0107239964001429
2021-01-08,0.010921347386903958,0.010921347386903958,0.0,0.0,1.0217624642771086
2021-01-11,0.00593445634057542,0.00593445634057542,0.0,0.0,1.0278260690118
2021-01-12,-0.010542318307223074,-0.010542318307223074,0.0,0.0,1.0169903994278158
2021-01-13,0.00867242795838919,0.00867242795838919,0.0,0.0,1.025810175401227
2021-01-14,0.0009295701401075382,0.0009295701401075382,0.0,0.0,1.0267637379096983
2021-01-15,-0.010942279133557416,-0.010942279133557416,0.0,0.0,1.0155286024852757
2021-01-18,-0.006232244542113717,-0.006232244542113717,0.0,0.0,1.0091995798950764
2021-01-19,0.0004132076179059477,0.0004132076179059477,0.0,0.0,1.0096165888494766
2021-01-20,-0.023075583721817422,-0.023075583721817422,0.0,0.0,0.9863190967265448
2021-01-21,0.0035093770834207236,0.0035093770834207236,0.0,0.0,0.9897804623615372
2021-01-22,0.0007744519504352178,0.0007744519504352178,0.0,0.0,0.9905469997711156
2021-01-25,0.010571663656552915,0.010571663656552915,0.0,0.0,1.0010187294887034
2021-01-26,-0.006612727485498784,-0.006612727485498784,0.0,0.0,0.9943992654227144
2021-01-27,0.00019707790797799144,0.00019707790797799144,0.0,0.0,0.9945952395496388
2021-01-28,-0.0068668301086178204,-0.0068668301086178204,0.0,0.0,0.9877655230128114
2021-01-29,-0.014590813471357676,-0.014590813471357676,0.0,0.0,0.9733532205130934
2021-02-01,0.009010597478246151,0.009010597478246151,0.0,0.0,0.9821237145872914
2021-02-02,0.009216691176746448,0.009216691176746448,0.0,0.0,0.9911756455620016
2021-02-03,0.00347192975810404,0.00347192975810404,0.0,0.0,0.9946169377813363
2021-02-04,-0.004057315658190136,-0.004057315658190136,0.0,0.0,0.990581462905775
2021-02-05,0.0033644979360780447,0.0033644979360780447,0.0,0.0,0.9939142721932387
2021-02-17,0.015573255177156669,0.015573255177156669,0.0,0.0,1.0093927527783217
2021-02-18,0.004670657025182135,0.004670657025182135,0.0,0.0,1.0141072801302538
2021-02-19,-0.0005173624792092408,-0.0005173624792092408,0.0,0.0,1.0135826190736215
2021-02-22,0.003705687485936457,0.003705687485936457,0.0,0.0,1.0173386395010853
2021-02-23,0.013650085362656524,0.013650085362656524,0.0,0.0,1.0312253987730038
2021-02-24,-0.00044833003041520804,-0.00044833003041520804,0.0,0.0,1.030763069458607
2021-02-25,0.01596771005753315,0.01596771005753315,0.0,0.0,1.0472219952897348
2021-02-26,-0.018933723609288293,-0.018933723609288293,0.0,0.0,1.0273941834733515
2021-03-02,-0.0006374549606549883,-0.0006374549606549883,0.0,0.0,1.0267392659545482
2021-03-03,0.011884281453492185,0.011884281453492185,0.0,0.0,1.0389413243705041
2021-03-04,-0.005611900521783428,-0.005611900521783428,0.0,0.0,1.033110889010167
2021-03-05,-0.0015850657947431423,-0.0015850657947431423,0.0,0.0,1.0314733402778202
2021-03-08,0.0012340883523942491,0.0012340883523942491,0.0,0.0,1.0327462695128622
2021-03-09,0.015182311577595147,0.015182311577595147,0.0,0.0,1.0484257451572054
2021-03-10,0.005165439970662716,0.005165439970662716,0.0,0.0,1.0538413254075123
2021-03-11,0.0049599723978350375,0.0049599723978350375,0.0,0.0,1.0590683492932316
2021-03-12,0.003908621450939295,0.003908621450939295,0.0,0.0,1.06320784656129
2021-03-15,0.0038249873974695496,0.0038249873974695496,0.0,0.0,1.0672746031752778
2021-03-16,0.004044205310645586,0.004044205310645586,0.0,0.0,1.0715908807933563
2021-03-17,-0.003218993833112919,-0.003218993833112919,0.0,0.0,1.0681414363564623
2021-03-18,0.004100570391023524,0.0037080785632412185,0.4906147847278815,0.00039249182778230523,1.0721021887191255
2021-03-19,-0.009060336053529947,-0.009060336053529947,0.0,0.0,1.0623885826056052
2021-03-22,0.00873218157176524,0.00873218157176524,0.0,0.0,1.0716655526086876
2021-03-23,0.00299380960736674,0.00299380960736674,0.0,0.0,1.0748739152359714
2021-03-24,0.002038158199551011,0.002038158199551011,0.0,0.0,1.077064678319793
2021-03-25,0.005466338930615238,0.005466338930615238,0.0,0.0,1.0829522789016832
2021-03-26,0.0035293303767168754,0.0035293303767168754,0.0,0.0,1.0867743752761456
2021-03-29,0.013179041472062582,0.013179041472062582,0.0,0.0,1.1010970198386847
2021-03-30,0.005776812562676819,0.005776812562676819,0.0,0.0,1.107457850935615
2021-03-31,-0.0005584074248660721,-0.0005584074248660721,0.0,0.0,1.1068394382489262
2021-04-01,-0.0018988527928175578,-0.0018988527928175578,0.0,0.0,1.1047377130904066
2021-04-06,0.002123482371369197,0.002123482371369197,0.0,0.0,1.1070836041491408
2021-04-07,0.005489876763297117,0.005489876763297117,0.0,0.0,1.1131613567025864
2021-04-08,-0.002586699147072794,-0.002586699147072794,0.0,0.0,1.1102819431706494
2021-04-09,-0.0016557991993326293,-0.0016557991993326293,0.0,0.0,1.108443539218114
2021-04-12,0.011270260191245947,0.011270260191245947,0.0,0.0,1.1209359863124078
2021-04-13,-0.0032530897273263647,-0.0032530897273263647,0.0,0.0,1.1172894809703444
2021-04-14,-0.001714212802092681,-0.001714212802092681,0.0,0.0,1.1153742090384215
2021-04-15,0.010174860416747516,0.010174860416747516,0.0,0.0,1.1267229859278276
2021-04-16,0.008997635090109894,0.008997635090109894,0.0,0.0,1.1368608282028454
2021-04-19,0.019498899536415717,0.019498899536415717,0.0,0.0,1.1590283632788592
2021-04-20,0.003632480211205496,0.003632480211205496,0.0,0.0,1.1632385108726955
2021-04-21,-0.001090932898384805,-0.001090932898384805,0.0,0.0,1.1619694957125164
2021-04-22,-0.003439891349436269,-0.003439891349436269,0.0,0.0,1.157972446895906
2021-04-23,-0.0003254657391328804,-0.0003254657391328804,0.0,0.0,1.1575955665375817
2021-04-26,0.014999330351002094,0.014999330351002094,0.0,0.0,1.1749587248529343
2021-04-27,0.000359132990379955,0.000359132990379955,0.0,0.0,1.1753806912933638
2021-04-28,0.0011782162035994497,0.0011782162035994497,0.0,0.0,1.1767655438692435
2021-04-29,-0.004505004955994572,-0.004505004955994572,0.0,0.0,1.1714642092620688
2021-05-03,-0.01028453954992794,-0.01028453954992794,0.0,0.0,1.159416239270588
2021-05-04,-0.019175452738254523,-0.019175452738254523,0.0,0.0,1.1371839079704902
2021-05-05,0.0042733844511575894,0.0042733844511575894,0.0,0.0,1.142043532000918
2021-05-06,0.009131927665074927,0.009131927665074927,0.0,0.0,1.1524725909255171
2021-05-07,0.010318673337775966,0.010318673337775966,0.0,0.0,1.1643645791220179
2021-05-10,0.01100454039482348,0.01100454039482348,0.0,0.0,1.1771778761672678
2021-05-11,-0.02545016476059942,-0.02545016476059942,0.0,0.0,1.1472185052662782
2021-05-12,-0.0433146342809927,-0.0433146342809927,0.0,0.0,1.0975271552702823
2021-05-13,-0.007442951263712058,-0.007442951263712058,0.0,0.0,1.089358314143005
2021-05-14,0.010470805208733459,0.010470805208733459,0.0,0.0,1.1007647728529106
2021-05-17,-0.035101427711499086,-0.035101427711499086,0.0,0.0,1.0621263577512494
2021-05-18,0.04230407575978637,0.04230407575978637,0.0,0.0,1.1070586316560243
2021-05-19,-0.0005143539522254044,-0.0005143539522254044,0.0,0.0,1.1064892116734868
2021-05-20,-0.0043656743298775965,-0.0043656743298775965,0.0,0.0,1.1016586401257975
2021-05-21,0.011298371206436961,0.011298371206436961,0.0,0.0,1.1141055883847173
2021-05-24,7.350432478417688e-05,7.350432478417688e-05,0.0,0.0,1.1141874799637297
2021-05-25,0.008595783354706676,0.008595783354706676,0.0,0.0,1.1237647941580244
2021-05-26,0.0008163319767320043,0.0008163319767320043,0.0,0.0,1.1246821592938214
2021-05-27,-0.005234138918930338,-0.005234138918930338,0.0,0.0,1.118795416632435
2021-05-28,0.012051585141823489,0.012051585141823489,0.0,0.0,1.1322786748522626
2021-05-31,0.009708086707899006,0.009708086707899006,0.0,0.0,1.1432709344052332
2021-06-01,0.005492731516361403,0.005492731516361403,0.0,0.0,1.1495506146983807
2021-06-02,0.0026991394329845373,0.0026991394329845373,0.0,0.0,1.1526534120927248
2021-06-03,0.001278611366114478,0.001278611366114478,0.0,0.0,1.1541272078466172
2021-06-04,-0.0035878549104472602,-0.0035878549104472602,0.0,0.0,1.149986366876664
2021-06-07,-0.0042213987260228784,-0.0042213987260228784,0.0,0.0,1.145131815892587
2021-06-08,0.0012786636761289655,0.0012786636761289655,0.0,0.0,1.1465960543499485
2021-06-09,-0.00748436658378029,-0.00748436658378029,0.0,0.0,1.1380145091556775
2021-06-10,0.002642724448068377,0.002642724448068377,0.0,0.0,1.1410219679212799
2021-06-11,0.001437674039105937,0.001437674039105937,0.0,0.0,1.14266238558261
2021-06-15,-0.0024310348248706066,-0.0024310348248706066,0.0,0.0,1.1398845335301888
2021-06-16,-0.0014953059479600305,-0.0014953059479600305,0.0,0.0,1.1381800574072136
2021-06-17,0.0021771357850499684,0.0021771357850499684,0.0,0.0,1.140658029940025
2021-06-18,-0.007041833697479663,-0.007041833697479663,0.0,0.0,1.1326257057874927
2021-06-21,-0.006561467187860241,-0.006561467187860241,0.0,0.0,1.125194019382841
2021-06-22,0.00368458503734978,0.00368458503734978,0.0,0.0,1.1293398924307743
2021-06-23,0.011203787744818873,0.011203787744818873,0.0,0.0,1.141992776877325
2021-06-24,0.0023692988044861853,0.0023692988044861853,0.0,0.0,1.1446984989983122
2021-06-25,0.005181134739555666,0.005181134739555666,0.0,0.0,1.1506293361577895
2021-06-28,0.0033153992373239865,0.0033153992373239865,0.0,0.0,1.1544441317813297
2021-06-29,-0.005650831372997703,-0.005650831372997703,0.0,0.0,1.1479205626630866
2021-06-30,0.004536948115765173,0.004536948115765173,0.0,0.0,1.153128618696909
2021-07-01,-0.003689033002403737,-0.003689033002403737,0.0,0.0,1.1488746891665198
2021-07-02,0.00030483311964371975,0.00030483311964371975,0.0,0.0,1.1492249042220983
2021-07-05,0.00968779184735774,0.00968779184735774,0.0,0.0,1.1603583558800017
2021-07-06,0.001857019629128341,0.001857019629128341,0.0,0.0,1.1625131641236939
2021-07-07,-0.0011957017305939009,-0.0011957017305939009,0.0,0.0,1.161123145121513
2021-07-08,0.006408031431310884,0.006408031431310884,0.0,0.0,1.1685636587310742
2021-07-09,-0.0023721274218862142,-0.0023721274218862142,0.0,0.0,1.1657916768319785
2021-07-12,0.0031574324306423754,0.0031574324306423754,0.0,0.0,1.169472585279781
2021-07-13,0.0018603422894203309,0.0018603422894203309,0.0,0.0,1.1716482045864947
2021-07-14,-0.0012782139902063555,-0.0012782139902063555,0.0,0.0,1.1701505874597922
2021-07-15,0.004410381653462367,0.004410381653462367,0.0,0.0,1.1753113981425132
2021-07-16,0.009076588457675637,0.009076588457675637,0.0,0.0,1.185979216013068
2021-07-19,-0.0015066539335019241,-0.0015066539335019241,0.0,0.0,1.1841923557622105
2021-07-20,-0.012304264390275816,-0.012304264390275816,0.0,0.0,1.1696217399279687
2021-07-21,-0.00198647489097411,-0.00198647489097411,0.0,0.0,1.1672983157096644
2021-07-22,0.007611720499272709,0.007611720499272709,0.0,0.0,1.1761834642281181
2021-07-23,0.001999069786282101,0.001999069786282101,0.0,0.0,1.1785347370545813
2021-07-26,-0.007074275767140811,-0.007074275767140811,0.0,0.0,1.1701974573235023
2021-07-27,-0.006711895440051507,-0.006711895440051507,0.0,0.0,1.1623432143457328
2021-07-28,-0.005087377659755989,-0.005087377659755989,0.0,0.0,1.1564299354441014
2021-07-29,0.004990173610141934,0.004990173610141934,0.0,0.0,1.1622007215899326
2021-07-30,-0.006505123580084369,-0.006505123580084369,0.0,0.0,1.1546404622711268
2021-08-02,0.010645873583606765,0.010645873583606765,0.0,0.0,1.1669326186669826
2021-08-03,0.0012573453126157336,0.0012573453126157336,0.0,0.0,1.1683998559252018
2021-08-04,0.004412434880546072,0.004412434880546072,0.0,0.0,1.1735553442039113
2021-08-05,0.0017805503521907506,0.0017805503521907506,0.0,0.0,1.175644918585349
2021-08-06,-0.002020430214281818,-0.002020430214281818,0.0,0.0,1.1732696100705724
2021-08-09,-0.004299324670924316,-0.004299324670924316,0.0,0.0,1.1682253430903502
2021-08-10,-0.004876361484283498,-0.004876361484283498,0.0,0.0,1.1625286540223405
2021-08-11,-0.002205729626070319,-0.002205729626070319,0.0,0.0,1.1599644301290077
2021-08-12,-0.004799061451305609,-0.004799061451305609,0.0,0.0,1.15439768954749
2021-08-13,-0.005006031196612555,-0.005006031196612555,0.0,0.0,1.1486187387003177
2021-08-16,-0.012374824705094399,-0.012374824705094399,0.0,0.0,1.1344047831559145
2021-08-17,0.001683386863939395,0.001683386863939395,0.0,0.0,1.1363144252662694
2021-08-18,0.005885011930422283,0.005885011930422283,0.0,0.0,1.1430016492156723
2021-08-19,-0.014903767417903353,-0.014903767417903353,0.0,0.0,1.125966618477482
2021-08-20,-0.0021037955082052234,-0.0021037955082052234,0.0,0.0,1.1235978149631398
2021-08-23,0.005914906852865772,0.005914906852865772,0.0,0.0,1.1302437913787302
2021-08-24,0.007328926247008549,0.007328926247008549,0.0,0.0,1.1385272647668843
2021-08-25,0.0021765348454847325,0.0021765348454847325,0.0,0.0,1.1410053090311838
2021-08-26,-0.0028052626446988652,-0.0028052626446988652,0.0,0.0,1.1378044894603556
2021-08-27,0.014009040329580573,0.014009040329580573,0.0,0.0,1.1537440384403834
2021-08-30,0.013605023749505802,0.013605023749505802,0.0,0.0,1.1694407534842155
2021-08-31,0.0013516247141365997,0.0013516247141365997,0.0,0.0,1.1710213985083433
2021-09-01,-0.006351063006148042,-0.006351063006148042,0.0,0.0,1.1635841678248693
2021-09-02,-0.009523272539588599,-0.009523272539588599,0.0,0.0,1.1525030386719226
2021-09-03,0.008197576743485962,0.008197576743485962,0.0,0.0,1.1619507707785364
2021-09-06,-0.006568126267384023,-0.006568126267384023,0.0,0.0,1.1543189313995788
2021-09-07,-0.0022969452127247687,-0.0022969452127247687,0.0,0.0,1.151667524056143
2021-09-08,-0.005359104467420248,-0.005359104467420248,0.0,0.0,1.145495617482991
2021-09-09,-0.0015111686147974653,-0.0015111686147974653,0.0,0.0,1.1437645804574625
2021-09-10,0.007501807245492864,0.007501807245492864,0.0,0.0,1.1523448818742765
2021-09-13,0.0044197855269396125,0.0044197855269396125,0.0,0.0,1.1574379991052275
2021-09-14,0.0023165047038335917,0.0023165047038335917,0.0,0.0,1.1601192096745505
2021-09-15,0.00020734329590107634,0.00020734329590107634,0.0,0.0,1.1603597526151226
2021-09-16,0.00010539919288363331,0.00010539919288363331,0.0,0.0,1.1604820535965028
2021-09-17,-0.004351033108025175,-0.004351033108025175,0.0,0.0,1.1554327577600354
2021-09-22,-0.0122624371705998,-0.0122624371705998,0.0,0.0,1.14126433616315
2021-09-23,0.006547646894837684,0.006547646894837684,0.0,0.0,1.1487369320500178
2021-09-24,0.0034152882826695755,0.0034152882826695755,0.0,0.0,1.152660199833918
2021-09-27,0.0031273845026947313,0.0031273845026947313,0.0,0.0,1.1562650114797517
2021-09-28,-0.0012758443714748907,-0.0012758443714748907,0.0,0.0,1.154789797272922
2021-09-29,-0.006888547518058053,-0.006888547518058053,0.0,0.0,1.146834972881039
2021-09-30,0.0017993322797074842,0.0017993322797074842,0.0,0.0,1.1488985100672413
2021-10-01,-0.012652584462383308,-0.012652584462383308,0.0,0.0,1.1343619746299092
2021-10-04,-0.0021877046111948924,-0.0021877046111948924,0.0,0.0,1.1318803257072472
2021-10-05,0.002124618546718908,0.002124618546718908,0.0,0.0,1.1342851396399112
2021-10-06,0.002309489679106341,0.002309489679106341,0.0,0.0,1.1369047594630732
2021-10-07,0.008937157402375018,0.008937157402375018,0.0,0.0,1.147065456249904
2021-10-08,-0.0015795781111716362,-0.0015795781111716362,0.0,0.0,1.1452535767631307
2021-10-12,-0.003841749896092935,-0.003841749896092935,0.0,0.0,1.1408537989536007
2021-10-13,-0.0018379463851914421,-0.0018379463851914421,0.0,0.0,1.138756970837782
2021-10-14,-0.002514160433048233,-0.002514160433048233,0.0,0.0,1.135893953118844
2021-10-15,0.008888198505328734,0.008888198505328734,0.0,0.0,1.1459900040551667
2021-10-18,0.0028364422859059758,0.0028364422859059758,0.0,0.0,1.1492405385618942
2021-10-19,0.0018333541324057428,0.0018333541324057428,0.0,0.0,1.151347503452395
2021-10-20,-0.00014187845658513066,-0.00014187845658513066,0.0,0.0,1.151184152045612
2021-10-21,0.0006504961096538645,0.0006504961096538645,0.0,0.0,1.1519329928580129
2021-10-22,0.0001854907914718978,0.0001854907914718978,0.0,0.0,1.1521466658205806
2021-10-25,0.0019385716214544322,0.0019385716214544322,0.0,0.0,1.1543801846506936
2021-10-26,0.005735426611351813,0.005735426611351813,0.0,0.0,1.1610010474813564
2021-10-27,0.0008089313006048089,0.0008089313006048089,0.0,0.0,1.161940217568699
2021-10-28,0.0010306925325476294,0.0010306925325476294,0.0,0.0,1.1631378206742138
2021-10-29,-0.0031798816641627945,-0.0031798816641627945,0.0,0.0,1.1594391800453576
2021-11-01,0.0005814396371081924,0.0005814396371081924,0.0,0.0,1.1601133239414523
2021-11-02,-0.0010304105531571766,-0.0010304105531571766,0.0,0.0,1.1589179309296047
2021-11-03,0.0045595791641031055,0.0045595791641031055,0.0,0.0,1.164202108980377
2021-11-04,4.920257613434545e-06,4.920257613434545e-06,0.0,0.0,1.1642078371546671
2021-11-05,0.0038420542939815614,0.0038420542939815614,0.0,0.0,1.1686807868744944
2021-11-08,0.003871553689705471,0.003871553689705471,0.0,0.0,1.173205397287006
2021-11-09,0.00039707040126831894,0.00039707040126831894,0.0,0.0,1.173671242424877
2021-11-10,0.0025236870026227073,0.0025236870026227073,0.0,0.0,1.1766332212847366
2021-11-11,0.0011254837435452475,0.0011254837435452475,0.0,0.0,1.1779575028474079
2021-11-12,0.007898041128116389,0.007898041128116389,0.0,0.0,1.18726105965207
2021-11-15,0.004211048673512516,0.004211048673512516,0.0,0.0,1.192260673762431
2021-11-16,0.0016034495809338438,0.0016034495809338438,0.0,0.0,1.1941724036401393
2021-11-17,0.012299913468636637,0.012299913468636637,0.0,0.0,1.2088606208715469
2021-11-18,0.0070534524918070335,0.0070534524918070335,0.0,0.0,1.2173872618300807
2021-11-19,-0.00976887491488714,-0.00976887491488714,0.0,0.0,1.2054947579462858
2021-11-22,-0.0020668959598882275,-0.0020668959598882275,0.0,0.0,1.2030031257014202
2021-11-23,-0.003623189454663375,-0.003623189454663375,0.0,0.0,1.1986444174624518
2021-11-24,0.005800303819188493,0.005800303819188493,0.0,0.0,1.2055969192549083
2021-11-25,0.0002503913026118253,0.0002503913026118253,0.0,0.0,1.2058987902379452
2021-11-26,-0.015382481159122975,-0.015382481159122975,0.0,0.0,1.1873490748173008
2021-11-29,-0.005880433942979123,-0.005880433942979123,0.0,0.0,1.1803669470155802
2021-11-30,-0.000667008083505518,-0.000667008083505518,0.0,0.0,1.179579632720418
2021-12-01,0.01046255243928705,0.01046255243928705,0.0,0.0,1.1919210464840702
2021-12-02,-0.0006054283774001613,-0.0006054283774001613,0.0,0.0,1.191199423658908
2021-12-03,0.003593071662237331,0.003593071662237331,0.0,0.0,1.1954794885521305
2021-12-06,0.005303224192583887,0.005303224192583887,0.0,0.0,1.201819384297558
2021-12-07,0.0073851038906870645,0.0073851038906870645,0.0,0.0,1.210694945308437
2021-12-08,0.0014803537022521683,0.0014803537022521683,0.0,0.0,1.2124872020530222
2021-12-09,0.0044029043994201315,0.0044029043994201315,0.0,0.0,1.2178256672891818
2021-12-10,-0.0008563007470055827,-0.0008563007470055827,0.0,0.0,1.2167828422605595
2021-12-13,-0.003637636740571409,-0.003637636740571409,0.0,0.0,1.2123566282882556
2021-12-14,-0.006664788091466105,-0.006664788091466105,0.0,0.0,1.20427652826943
2021-12-15,0.0001988749800162715,0.0001988749800162715,0.0,0.0,1.204516028739924
2021-12-16,0.00410202105166097,0.00410202105166097,0.0,0.0,1.209456978846878
2021-12-17,0.004945512351637405,0.004945512351637405,0.0,0.0,1.2154383632745394
2021-12-20,-0.006048362028771448,-0.006048362028771448,0.0,0.0,1.2080869520297974
2021-12-21,0.005462037655318702,0.005462037655318702,0.0,0.0,1.2146855684526834
2021-12-22,0.000150300934214898,0.000150300934214898,0.0,0.0,1.2148681368283993
2021-12-23,0.004260118827225391,0.004260118827225391,0.0,0.0,1.220043619450698
2021-12-24,0.0018622871388007953,0.0018622871388007953,0.0,0.0,1.222315690991977
2021-12-27,0.002328742457293387,0.002328742457293387,0.0,0.0,1.2251621494378058
2021-12-28,0.005977773743052648,0.005977773743052648,0.0,0.0,1.232485891565697
2021-12-29,0.005782038326755009,0.005782038326755009,0.0,0.0,1.2396121722279148
2021-12-30,-0.0016515394472739172,-0.0016515394472739172,0.0,0.0,1.2375649038261594
2022-01-03,-0.00514247396197026,-0.00514247396197026,0.0,0.0,1.231200758531985
2022-01-04,0.001652993005398512,0.001652993005398512,0.0,0.0,1.2332359247740798
2022-01-05,0.002995115846094729,0.002995115846094729,0.0,0.0,1.236929609234344
2022-01-06,0.002861039935972829,0.002861039935972829,0.0,0.0,1.2404685142443506
2022-01-07,0.0008055293304227273,0.0008055293304227273,0.0,0.0,1.2414677480160403
2022-01-10,0.0044238562540328315,0.0044238562540328315,0.0,0.0,1.2469598228772811
2022-01-11,0.011505953618177606,0.011505953618177606,0.0,0.0,1.2613072847630382
2022-01-12,0.0029617841900497367,0.0029617841900497367,0.0,0.0,1.265043004737844
2022-01-13,0.012856362725741291,0.012856362725741291,0.0,0.0,1.2813068564704153
2022-01-14,-0.006672256607510234,-0.006672256607510234,0.0,0.0,1.2727576483310823
2022-01-17,-0.0023929209789603847,-0.0023929209789603847,0.0,0.0,1.2697120398532586
2022-01-18,0.004684894435009866,0.004684894435009866,0.0,0.0,1.2756605067228324
2022-01-19,-0.004210378718111021,-0.004210378718111021,0.0,0.0,1.2702894928737918
2022-01-20,-0.0006929506093124125,-0.0006929506093124125,0.0,0.0,1.2694092449957017
2022-01-21,-0.011680658892410996,-0.011680658892410996,0.0,0.0,1.254581708610034
2022-01-24,-0.002948538968680032,-0.002948538968680032,0.0,0.0,1.250882525552804
2022-01-25,-0.0078513005540167,-0.0078513005540167,0.0,0.0,1.2410614708869214
2022-01-26,0.0019397612487164761,0.0019397612487164761,0.0,0.0,1.243468833835423
2022-02-07,0.021640969401649893,0.021640969401649893,0.0,0.0,1.2703787048203607
2022-02-08,0.00917037860504545,0.00917037860504545,0.0,0.0,1.2820285585153508
2022-02-09,0.00796465589939878,0.00796465589939878,0.0,0.0,1.292239474837128
2022-02-10,0.002870500656733582,0.002870500656733582,0.0,0.0,1.2959488490983049
2022-02-11,-0.002175416360590926,-0.002175416360590926,0.0,0.0,1.2931296207694873
2022-02-14,-0.009228799742826517,-0.009228799742826517,0.0,0.0,1.2811955864578886
2022-02-15,-0.003741589489514169,-0.003741589489514169,0.0,0.0,1.2764018785175857
2022-02-16,0.008112478999063533,0.008112478999063533,0.0,0.0,1.286756661951425
2022-02-17,0.003629217680824969,0.003629217680824969,0.0,0.0,1.2914265819798985
2022-02-18,0.00037818120622832565,0.00037818120622832565,0.0,0.0,1.2919149752424268
2022-02-21,0.003367494856614954,0.003367494856614954,0.0,0.0,1.2962654922767394
2022-02-22,-0.008247477874068473,-0.008247477874068473,0.0,0.0,1.2855745713102686
2022-02-23,0.004082693001318024,0.004082693001318024,0.0,0.0,1.2908231776152295
2022-02-24,-0.01661211458416949,-0.01661211458416949,0.0,0.0,1.2693798750807836
2022-02-25,-0.0017610357035001789,-0.0017610357035001789,0.0,0.0,1.267144451799462
2022-03-01,0.011753871752265785,0.011753871752265785,0.0,0.0,1.282038305177508
2022-03-02,0.002104780212408404,0.002104780212408404,0.0,0.0,1.284736714033795
2022-03-03,0.0018969944820194983,0.0018969944820194983,0.0,0.0,1.2871738524911651
2022-03-04,-0.009232995608212481,-0.009232995608212481,0.0,0.0,1.2752893819641082
2022-03-07,-0.022106555573324155,-0.022106555573324155,0.0,0.0,1.2470971263696484
2022-03-08,-0.012612272267209028,-0.012612272267209028,0.0,0.0,1.2313683978682204
2022-03-09,0.004273987295170485,0.004273987295170485,0.0,0.0,1.2366312507563837
2022-03-10,0.02260639613082149,0.02260639613082149,0.0,0.0,1.2645870266787356
2022-03-11,-0.003950957057036882,-0.003950957057036882,0.0,0.0,1.259590697641442
2022-03-14,0.00487737470412227,0.00487737470412227,0.0,0.0,1.265734193447666
2022-03-15,-0.0011819362678106217,-0.0011819362678106217,0.0,0.0,1.2642381762990222
2022-03-16,0.010035082398826813,0.010035082398826813,0.0,0.0,1.2769249105699256
2022-03-17,0.011422791730186642,0.011422791730186642,0.0,0.0,1.291510957878453
2022-03-18,0.006292739349459677,0.006292739349459677,0.0,0.0,1.299638099703353
2022-03-21,0.0005669346603546589,0.0005669346603546589,0.0,0.0,1.3003749095879924
2022-03-22,0.003525589643342452,0.003525589643342452,0.0,0.0,1.304959497901698
2022-03-23,0.010428765902666415,0.010428765902666415,0.0,0.0,1.318568615017776
2022-03-24,0.0013829137051398022,0.0013829137051398022,0.0,0.0,1.3203920816266512
2022-03-25,-0.003748391138727573,-0.003748391138727573,0.0,0.0,1.3154427356482359
2022-03-28,0.0020943709504148006,0.0020943709504148006,0.0,0.0,1.3181977607007118
2022-03-29,-0.0024812194684755047,-0.0026475713803019046,0.20793988978299976,0.00016635191182639983,1.3147077380359025
2022-03-30,0.008902563737873537,0.008902563737873537,0.0,0.0,1.3264120074704426
2022-03-31,0.0058029382138312605,0.0058029382138312605,0.0,0.0,1.3341090943958773
2022-04-01,0.0031697363828787793,0.0031697363828787793,0.0,0.0,1.3383378685311136
2022-04-06,0.013999239362153372,0.013999239362153372,0.0,0.0,1.3570735807001146
2022-04-07,-0.014886741709115713,-0.014886741709115713,0.0,0.0,1.3368711768239672
2022-04-08,0.012043825112313947,0.012043825112313947,0.0,0.0,1.3529722194753284
2022-04-11,-0.0036831352029236576,-0.0036831352029236576,0.0,0.0,1.347989039865201
2022-04-12,-0.006140454833898593,-0.006140454833898593,0.0,0.0,1.3397117740493185
2022-04-13,0.007339705084651014,0.007339705084651014,0.0,0.0,1.3495448633692753
2022-04-14,-0.01516089877805103,-0.01516089877805103,0.0,0.0,1.329084550299295
2022-04-15,-0.004887485046457433,-0.004887485046457433,0.0,0.0,1.3225886694342295
2022-04-18,-0.013960628556983906,-0.013960628556983906,0.0,0.0,1.3041245002865827
2022-04-19,0.0007509863559410348,0.0007509863559410348,0.0,0.0,1.3051038799927461
2022-04-20,0.00867761539839365,0.00867761539839365,0.0,0.0,1.3164290695182745
2022-04-21,-0.006269979903538501,-0.006269979903538501,0.0,0.0,1.308175085707961
2022-04-22,0.004796234638205463,0.004796234638205463,0.0,0.0,1.3144494003668712
2022-04-25,-0.014979719725879,-0.014979719725879,0.0,0.0,1.2947593167555258
2022-04-26,0.010958105534801577,0.010958105534801577,0.0,0.0,1.3089474259907004
2022-04-27,-0.013299498258245942,-0.013299498258245942,0.0,0.0,1.2915390819786015
2022-04-28,0.003452278910725102,0.003452278910725102,0.0,0.0,1.2959978351136936
2022-04-29,0.006158757575433083,0.006158757575433083,0.0,0.0,1.303979571598445
2022-05-03,-0.007734513339142525,-0.007734513339142525,0.0,0.0,1.2938939242079475
2022-05-04,-0.0007967059402459544,-0.0007967059402459544,0.0,0.0,1.292863071232483
2022-05-05,-0.004895039007139841,-0.004895039007139841,0.0,0.0,1.2865344560679093
2022-05-06,-0.010842586244725097,-0.010842586244725097,0.0,0.0,1.2725850952711824
2022-05-09,-0.026997427672590828,-0.026997427672590828,0.0,0.0,1.2382285712043815
2022-05-10,0.0007987372056150884,0.0007987372056150884,0.0,0.0,1.239217590433258
2022-05-11,-0.007028610148342782,-0.007028610148342782,0.0,0.0,1.230507613101134
2022-05-12,-0.024577148333110945,-0.024577148333110945,0.0,0.0,1.2002652449689253
2022-05-13,0.00474687580348629,0.00474687580348629,0.0,0.0,1.2059627550180338
2022-05-16,-0.0020335960752515866,-0.0020335960752515866,0.0,0.0,1.2035103138925296
2022-05-17,-0.0012171459973405962,-0.0012171459973405962,0.0,0.0,1.2020454661312172
2022-05-18,0.023170469635442417,0.023170469635442417,0.0,0.0,1.2298974241046319
2022-05-19,-0.017634250176666748,-0.017634250176666748,0.0,0.0,1.2082091052363328
2022-05-20,0.0066992883275948855,0.0066992883275948855,0.0,0.0,1.2163032463923364
2022-05-23,0.00016627454314669933,0.00016627454314669933,0.0,0.0,1.2165054866589582
2022-05-24,-0.003438325655314131,-0.003438325655314131,0.0,0.0,1.2123227446343483
2022-05-25,0.0035876621237105064,0.0035876621237105064,0.0,0.0,1.2166721490269858
2022-05-26,-0.0010515503157137321,-0.0010515503157137321,0.0,0.0,1.2153927570445564
2022-05-27,0.011752609137363928,0.011752609137363928,0.0,0.0,1.229676793066484
2022-05-30,0.0153929748052689,0.0153929748052689,0.0,0.0,1.2486051769607802
2022-05-31,0.005025206830950135,0.005025206830950135,0.0,0.0,1.2548796762252032
2022-06-01,-0.009530240085889105,-0.009530240085889105,0.0,0.0,1.2429203716318742
2022-06-02,-0.0035284179328808687,-0.0035284179328808687,0.0,0.0,1.2385348291034655
2022-06-06,0.006322016260251322,0.006322016260251322,0.0,0.0,1.246364866431945
2022-06-07,-0.004674959399998878,-0.004674959399998878,0.0,0.0,1.2405381612837907
2022-06-08,0.004020760516453985,0.004020760516453985,0.0,0.0,1.245526068141835
2022-06-09,-0.006301479568797581,-0.006301479568797581,0.0,0.0,1.2376774110710345
2022-06-10,-0.006250782610665808,-0.006250782610665808,0.0,0.0,1.2299409586322978
2022-06-13,-0.012739513336207266,-0.012739513336207266,0.0,0.0,1.214272109387054
2022-06-14,0.004786458520249901,0.004786458520249901,0.0,0.0,1.2200841724709317
2022-06-15,-0.00023661879057088563,-0.00023661879057088563,0.0,0.0,1.219795477629647
2022-06-16,-0.0050625499985310005,-0.0050625499985310005,0.0,0.0,1.2136202020361648
2022-06-17,-0.010110661258386276,-0.010110661258386276,0.0,0.0,1.201349699277043
2022-06-20,-0.01566914014405139,-0.01566914014405139,0.0,0.0,1.1825255824770569
2022-06-21,0.025562630489374332,0.025562630489374332,0.0,0.0,1.21275404698615
2022-06-22,-0.012996544711998683,-0.012996544711998683,0.0,0.0,1.196992434789837
2022-06-23,0.001353342107666291,0.001353342107666291,0.0,0.0,1.1986123750543962
2022-06-24,0.009188008505423471,0.009188008505423471,0.0,0.0,1.209625235751102
2022-06-27,0.0026347128906211857,0.0026347128906211857,0.0,0.0,1.212812250952556
2022-06-28,-0.005590691202228325,-0.005590691202228325,0.0,0.0,1.206031792171201
2022-06-29,-0.0054706072265674095,-0.0054706072265674095,0.0,0.0,1.199434065933479
2022-06-30,-0.020499893464029948,-0.020499893464029948,0.0,0.0,1.1748457953647145
2022-07-01,-0.013515449639106052,-0.013515449639106052,0.0,0.0,1.1589672261837471
2022-07-04,-0.0021894497016293245,-0.0021894497016293245,0.0,0.0,1.1564297257361809
2022-07-05,0.005252926842111981,0.005252926842111981,0.0,0.0,1.1625043664835166
2022-07-06,-0.021788920716178502,-0.021788920716178502,0.0,0.0,1.1371746510099958
2022-07-07,0.003850290568598941,0.003850290568598941,0.0,0.0,1.1415531038436293
2022-07-08,-0.0017606222612775227,-0.0017606222612775227,0.0,0.0,1.1395432600365718
2022-07-11,-0.01103631291497168,-0.01103631291497168,0.0,0.0,1.1269669040386614
2022-07-12,-0.020154333617135537,-0.020154333617135537,0.0,0.0,1.1042536370791958
2022-07-13,0.02403344661040126,0.02403344661040126,0.0,0.0,1.13079265791028
2022-07-14,-0.006029647705889204,-0.006029647705889204,0.0,0.0,1.123974376554675
2022-07-15,-0.01316455330313685,-0.01316455330313685,0.0,0.0,1.109177755963161
2022-07-18,0.0130489202197819,0.0130489202197819,0.0,0.0,1.1236513280102811
2022-07-19,-0.0007132588659224799,-0.0007132588659224799,0.0,0.0,1.1228498737383723
2022-07-20,-0.0024321526781991617,-0.0024321526781991617,0.0,0.0,1.1201189314107438
2022-07-21,0.006513492930356462,0.006513492930356462,0.0,0.0,1.1274148181516461
2022-07-22,0.003952426958243913,0.003952426958243913,0.0,0.0,1.1318708428720323
2022-07-25,0.0071129232712710145,0.0071129232712710145,0.0,0.0,1.1399217533303698
2022-07-26,-0.0016246772186405826,-0.0016246772186405826,0.0,0.0,1.138069748426701
2022-07-27,0.004493072923416375,0.004493072923416375,0.0,0.0,1.1431831787983162
2022-07-28,-0.001227770364946139,-0.001227770364946139,0.0,0.0,1.1417796123696826
2022-07-29,-0.0003185959679818197,-0.0003185959679818197,0.0,0.0,1.141415845988858
2022-08-01,0.0028351052486982288,0.0028351052486982288,0.0,0.0,1.144651880044768
2022-08-02,-0.004951299078988897,-0.004951299078988897,0.0,0.0,1.1389843662453394
2022-08-03,-0.003389322646031593,-0.003389322646031593,0.0,0.0,1.135123980739348
2022-08-04,-0.006240226247835919,-0.006240226247835919,0.0,0.0,1.1280405502801905
2022-08-05,0.012186053764875634,0.012186053764875634,0.0,0.0,1.1417869130748648
2022-08-08,0.0048103707233300656,0.0048103707233300656,0.0,0.0,1.1472793314138015
2022-08-09,0.007906458396216145,0.007906458396216145,0.0,0.0,1.1563502477164633
2022-08-10,0.0008636127382410986,0.0008636127382410986,0.0,0.0,1.1573488865202595
2022-08-11,0.010434850887169066,0.010434850887169066,0.0,0.0,1.1694256495755295
2022-08-12,-0.0013732053963238931,-0.0013732053963238931,0.0,0.0,1.1678197879629328
2022-08-15,7.07794806696512e-05,7.07794806696512e-05,0.0,0.0,1.1679024456410405
2022-08-16,0.0019029959293745805,0.0019029959293745805,0.0,0.0,1.1701249592410021
2022-08-17,0.004712479389163272,0.004712479389163272,0.0,0.0,1.1756391489941709
2022-08-18,-0.003458263614308295,-0.003458263614308295,0.0,0.0,1.1715734789016479
2022-08-19,0.0016897100721544375,0.0016897100721544375,0.0,0.0,1.173553098409217
2022-08-22,-0.003138080253430563,-0.003138080253430563,0.0,0.0,1.1698703946047468
2022-08-23,-0.010977253348213136,-0.010977253348213136,0.0,0.0,1.1570284308985965
2022-08-24,-0.004325496452823901,-0.004325496452823901,0.0,0.0,1.1520237085249283
2022-08-25,0.005985514708424864,0.005985514708424864,0.0,0.0,1.1589191633767584
2022-08-26,0.0039504433256373934,0.0039504433256373934,0.0,0.0,1.1634974078506735
2022-08-29,-0.012901770035183308,-0.012901770035183308,0.0,0.0,1.1484862318580522
2022-08-30,0.0017933591270184726,0.0017933591270184726,0.0,0.0,1.1505458801242099
2022-08-31,0.0054922475476152505,0.0054922475476152505,0.0,0.0,1.156864962912741
2022-09-01,-0.012557475793395853,-0.012557475793395853,0.0,0.0,1.1423376591447365
2022-09-02,-0.005651253696849049,-0.005651253696849049,0.0,0.0,1.1358820192254449
2022-09-05,0.005196403985988179,0.005196403985988179,0.0,0.0,1.1417845210777602
2022-09-06,0.0026226015698632456,0.0026226015698632456,0.0,0.0,1.1447789669551842
2022-09-07,-0.013826836604417131,-0.013826836604417131,0.0,0.0,1.1289502952309216
2022-09-08,0.01326898035979783,0.01326898035979783,0.0,0.0,1.1439303145255286
2022-09-12,0.00834286428749278,0.00834286428749278,0.0,0.0,1.153473969893964
2022-09-13,-0.00019178023665870133,-0.00019178023665870133,0.0,0.0,1.1532527563830381
2022-09-14,-0.013343769399020995,-0.013343769399020995,0.0,0.0,1.1378640175430774
2022-09-15,0.005628964911020556,0.005628964911020556,0.0,0.0,1.1442690141713403
2022-09-16,-0.0037251556223960795,-0.0037251556223960795,0.0,0.0,1.1400064340196663
2022-09-19,-0.006472887954446873,-0.006472887954446873,0.0,0.0,1.1326273001049085
2022-09-20,0.0023536430501807674,0.0023536430501807674,0.0,0.0,1.1352931004782454
2022-09-21,-0.006217787254509351,-0.006217787254509351,0.0,0.0,1.1282340895079592
2022-09-22,-0.014265147796419877,-0.014265147796419877,0.0,0.0,1.112139663472169
2022-09-23,-0.001641962959462537,-0.001641962959462537,0.0,0.0,1.1103135713389987
2022-09-26,-0.01719821486534178,-0.01719821486534178,0.0,0.0,1.0912181599712056
2022-09-27,-0.0011120512667023236,-0.0011120512667023236,0.0,0.0,1.090004669434161
2022-09-28,-0.014178185115395795,-0.014178185115395795,0.0,0.0,1.0745503814542776
2022-09-29,0.007135615021909108,0.007135615021909108,0.0,0.0,1.0822179592979808
2022-09-30,-0.008511507446591845,-0.008511507446591845,0.0,0.0,1.0730066530785807
2022-10-03,-0.013920404242293962,-0.013920404242293962,0.0,0.0,1.058069966713056
2022-10-04,0.007519808566982983,0.007519808566982983,0.0,0.0,1.0660264503132122
2022-10-05,0.0050600943449019544,0.0050600943449019544,0.0,0.0,1.071420644725958
2022-10-06,0.005584872777662385,0.005584872777662385,0.0,0.0,1.0774043927181134
2022-10-07,-0.0057776943606493245,-0.0057776943606493245,0.0,0.0,1.0711794794341671
2022-10-11,-0.020336695569063805,-0.020336695569063805,0.0,0.0,1.0493952284610861
2022-10-12,0.006092511541585483,0.006092511541585483,0.0,0.0,1.0557886810021702
2022-10-13,-0.022675969510664452,-0.022675969510664452,0.0,0.0,1.0318476490620603
2022-10-14,0.0026623963981142204,0.0026623963981142204,0.0,0.0,1.0345948365263258
2022-10-17,-0.0030804774159055247,-0.0030804774159055247,0.0,0.0,1.0314077904977939
2022-10-18,0.006068668941269129,0.006068668941269129,0.0,0.0,1.037667062921771
2022-10-19,-0.008677282223107739,-0.008677282223107739,0.0,0.0,1.0286629329631756
2022-10-20,0.0008155923740226154,0.0008155923740226154,0.0,0.0,1.02950190260674
2022-10-21,0.0010182752501870923,0.0010182752501870923,0.0,0.0,1.0305502189141849
2022-10-24,-0.0009360380764783507,-0.0009360380764783507,0.0,0.0,1.029585584669558
2022-10-25,0.0050906461192791914,0.0050906461192791914,0.0,0.0,1.034826840530622
2022-10-26,0.005914767464043435,0.005914767464043435,0.0,0.0,1.0409476006579115
2022-10-27,-0.0026836835639944623,-0.0026836835639944623,0.0,0.0,1.0381540266910463
2022-10-28,-0.00406724137707748,-0.00406724137707748,0.0,0.0,1.033931603677909
2022-10-31,0.0037377765706277464,0.0037377765706277464,0.0,0.0,1.0377962090017678
2022-11-01,0.009103834157752766,0.009103834157752766,0.0,0.0,1.0472441335780645
2022-11-02,-0.0027669892516317732,-0.0027669892516317732,0.0,0.0,1.0443464203166195
2022-11-03,-0.005221102430999467,-0.005221102430999467,0.0,0.0,1.0388937806826988
2022-11-04,0.00904812695584819,0.00904812695584819,0.0,0.0,1.048293823503957
2022-11-07,0.009637968365767057,0.009637968365767057,0.0,0.0,1.058397246212917
2022-11-08,0.006510235333166081,0.006510235333166081,0.0,0.0,1.065287661361738
2022-11-09,0.008701555900393796,0.008701555900393796,0.0,0.0,1.074557321497077
2022-11-10,-0.007077103091611479,-0.007077103091611479,0.0,0.0,1.0669525685549963
2022-11-11,0.023546574403429655,0.023546574403429655,0.0,0.0,1.092075646595407
2022-11-14,0.00868608773619003,0.00868608773619003,0.0,0.0,1.101561511476291
2022-11-15,0.0027619446999183114,0.0027619446999183114,0.0,0.0,1.104603963454547
2022-11-16,-0.008907695588016578,-0.008907695588016578,0.0,0.0,1.0947644876027773
2022-11-17,-0.003258587166748786,-0.003258587166748786,0.0,0.0,1.0911971020928626
2022-11-18,-0.003981464455575356,-0.003981464455575356,0.0,0.0,1.0868525396168531
2022-11-21,-0.0013843680346002315,-0.0013843680346002315,0.0,0.0,1.0853479357026836
2022-11-22,0.003639078459224045,0.003639078459224045,0.0,0.0,1.0892976019962624
2022-11-23,0.007359844505195567,0.007359844505195567,0.0,0.0,1.0973146629668373
2022-11-24,0.008305542020007932,0.008305542020007932,0.0,0.0,1.1064284560092794
2022-11-25,0.00027937640772284574,0.00027937640772284574,0.0,0.0,1.1067375660167218
2022-11-28,-0.004213902125095159,-0.004213902125095159,0.0,0.0,1.1020738822353613
2022-11-29,0.013196335054321408,0.013196335054321408,0.0,0.0,1.1166172184399559
2022-11-30,0.012089683242362918,0.012089683242362918,0.0,0.0,1.1301167669138632
2022-12-01,-0.002195229215359507,-0.002195229215359507,0.0,0.0,1.1276359015703663
2022-12-02,-0.003923731267948209,-0.003923731267948209,0.0,0.0,1.1232113613245136
2022-12-05,0.0005561117156650254,0.0005561117156650254,0.0,0.0,1.123835992321714
2022-12-06,-0.01040919666740557,-0.01040919666740557,0.0,0.0,1.1121377624557285
2022-12-07,0.0033722875241695947,0.0033722875241695947,0.0,0.0,1.1158882107572157
2022-12-08,-0.003194068565142749,-0.003194068565142749,0.0,0.0,1.1123239873010227
2022-12-09,0.004949831109757029,0.004949831109757029,0.0,0.0,1.1178298031774943
2022-12-12,-0.00031006582190385866,-0.00031006582190385866,0.0,0.0,1.1174832023608234
2022-12-13,-0.00797825448027676,-0.00797825448027676,0.0,0.0,1.1085676369949542
2022-12-14,0.009463227748352728,0.009463227748352728,0.0,0.0,1.1190582650182905
2022-12-15,-0.0008373742910962703,-0.0008373742910962703,0.0,0.0,1.1181211943969254
2022-12-16,-0.009185785380798145,-0.009185785380798145,0.0,0.0,1.1078503730754734
2022-12-19,-0.0012123949788730892,-0.0012123949788730892,0.0,0.0,1.106507220845814
2022-12-20,-0.008906613277491737,-0.008906613277491737,0.0,0.0,1.0966519889409883
2022-12-21,0.00019247527586192987,0.00019247527586192987,0.0,0.0,1.0968630673350843
2022-12-22,0.014981987710707134,0.014981987710707134,0.0,0.0,1.113296256330227
2022-12-23,-0.007439356646988913,-0.007439356646988913,0.0,0.0,1.105014048425629
2022-12-26,0.0031696570706621534,0.0031696570706621534,0.0,0.0,1.1085165640174022
2022-12-27,0.0024344330704492855,0.0024344330704492855,0.0,0.0,1.111215173399987
2022-12-28,-0.0063371755187841584,-0.0063371755187841584,0.0,0.0,1.1041732078070152
2022-12-29,-0.004409336898340407,-0.004409336898340407,0.0,0.0,1.0993045361396727
2022-12-30,0.004388048029659814,0.004388048029659814,0.0,0.0,1.1041283372434765
2023-01-03,0.00039040573010959374,0.00039040573010959374,0.0,0.0,1.1045593952731128
2023-01-04,0.001491002923230226,0.001491002923230226,0.0,0.0,1.1062062965603463
2023-01-05,0.006376515310308922,0.006376515310308922,0.0,0.0,1.1132600379467237
2023-01-06,0.0031759940275958047,0.0031759940275958047,0.0,0.0,1.1167957451784034
2023-01-09,0.01784757677878214,0.01784757677878214,0.0,0.0,1.1367278429866923
2023-01-10,0.0006147427199208881,0.0006147427199208881,0.0,0.0,1.1374266381526996
2023-01-11,-0.008200211249348143,-0.008200211249348143,0.0,0.0,1.1280994994392117
2023-01-12,-0.004952297603973645,-0.004952297603973645,0.0,0.0,1.122512814991095
2023-01-13,0.0020002336586725823,0.0020002336586725823,0.0,0.0,1.1247581029059315
2023-01-16,0.0073760292443818,0.0073760292443818,0.0,0.0,1.1330543515658211
2023-01-17,0.00012890741945129647,0.00012890741945129647,0.0,0.0,1.1332004106783795
2023-01-30,0.019171718924986886,0.019171718924986886,0.0,0.0,1.1549258104375852
2023-01-31,-0.015794089085019874,-0.015794089085019874,0.0,0.0,1.1366848093009452
2023-02-01,0.0063689875365816944,0.0063689875365816944,0.0,0.0,1.1439243406844046
2023-02-02,0.0028242337362840413,0.0028242337362840413,0.0,0.0,1.147155050399122
2023-02-03,-0.0015527104149530868,-0.0015527104149530868,0.0,0.0,1.1453738508048013
2023-02-06,-0.00507564143723233,-0.00507564143723233,0.0,0.0,1.139560343826534
2023-02-07,0.0022243239601396807,0.0022243239601396807,0.0,0.0,1.1420950952033324
2023-02-08,0.00017419164306678686,0.00017419164306678686,0.0,0.0,1.1422940386245044
2023-02-09,-0.00014080664019495048,-0.00014080664019495048,0.0,0.0,1.1421331960388108
2023-02-10,-0.0003757598511158794,-0.0003757598511158794,0.0,0.0,1.1417040282391127
2023-02-13,0.006266087035569532,0.006266087035569532,0.0,0.0,1.1488580450489192
2023-02-14,0.004053111146768525,0.004053111146768525,0.0,0.0,1.1535144943973616
2023-02-15,-0.005754164804196498,-0.005754164804196498,0.0,0.0,1.1468769818925697
2023-02-16,0.005019588254397278,0.005019588254397278,0.0,0.0,1.1526338321201162
2023-02-17,0.004438743720523964,0.004438743720523964,0.0,0.0,1.157750078304503
2023-02-20,0.009524172703222077,0.009524172703222077,0.0,0.0,1.1687766899974439
2023-02-21,-0.005385849588461394,-0.005385849588461394,0.0,0.0,1.1624818345426178
2023-02-22,-2.8907885536833965e-05,-2.8907885536833965e-05,0.0,0.0,1.162448229650806
2023-02-23,0.004531411848434004,0.004531411848434004,0.0,0.0,1.167715761331837
2023-02-24,-0.0040906402910255,-0.0040906402910255,0.0,0.0,1.1629390561900674
2023-03-01,-0.006603233066378215,-0.006603233066378215,0.0,0.0,1.1552598985600504
2023-03-02,-0.0002863176409106211,-0.0002863176409106211,0.0,0.0,1.154929127271256
2023-03-03,0.0029318403601502267,0.0029318403601502267,0.0,0.0,1.1583151950997028
2023-03-06,0.007704098925551619,0.007704098925551619,0.0,0.0,1.1672389699497205
2023-03-07,0.0042831452485431725,0.0042831452485431725,0.0,0.0,1.1722384239977752
2023-03-08,-0.0003990818801810462,-0.0003990818801810462,0.0,0.0,1.1717706048835057
2023-03-09,-0.006809828402065676,-0.006809828402065676,0.0,0.0,1.1637910481376643
2023-03-10,-0.011904029528079427,-0.011904029528079427,0.0,0.0,1.149937245136119
2023-03-13,-0.0021055114553213323,-0.0021055114553213323,0.0,0.0,1.1475160390935841
2023-03-14,-0.012297826708612132,-0.012297826708612132,0.0,0.0,1.1334040856994583
2023-03-15,-0.0025796077012272857,-0.0025796077012272857,0.0,0.0,1.1304803477913854
2023-03-16,-0.011717909015550174,-0.011717909015550174,0.0,0.0,1.1172334819320984
2023-03-17,0.005861984890897594,0.005861984890897594,0.0,0.0,1.1237826877227892
2023-03-20,-0.002256261500277335,-0.002256261500277335,0.0,0.0,1.121247140109802
2023-03-21,0.005894005624244129,0.005894005624244129,0.0,0.0,1.1278557770597768
2023-03-22,0.011413958997786685,0.011413958997786685,0.0,0.0,1.140729076654554
2023-03-23,0.0056239149275094345,0.0056239149275094345,0.0,0.0,1.1471444399369957
2023-03-24,0.0017515517146074351,0.0017515517146074351,0.0,0.0,1.1491537227476696
2023-03-27,-0.0002162727832840483,-0.0002162727832840483,0.0,0.0,1.1489051920736297
2023-03-28,-0.0020135362946470782,-0.0020135362946470782,0.0,0.0,1.146591829770281
2023-03-29,0.00635207996127075,0.00635207996127075,0.0,0.0,1.1538750727559217
2023-03-30,-0.0004169387852970858,-0.0004169387852970858,0.0,0.0,1.1533939774847022
2023-03-31,0.0030500111904458132,0.0030500111904458132,0.0,0.0,1.1569118420230233
2023-04-06,0.0034932685604867693,0.0034932685604867693,0.0,0.0,1.1609532457880172
2023-04-07,-0.0005486457856386796,-0.0005486457856386796,0.0,0.0,1.1603162936823919
2023-04-10,0.0040894890814457685,0.0040894890814457685,0.0,0.0,1.1650613944964296
2023-04-11,0.006125561398308009,0.006125561398308009,0.0,0.0,1.1721980496012159
2023-04-12,0.0018236654880378952,0.0018236654880378952,0.0,0.0,1.1743357467294189
2023-04-13,0.0005698717452848031,0.0001826194554133596,0.4840653623393043,0.00038725228987144346,1.174550203283959
2023-04-14,0.002204382137479575,0.002204382137479575,0.0,0.0,1.1771393607716512
2023-04-17,-0.0007002829217752357,-0.0007002829217752357,0.0,0.0,1.1763150301807532
2023-04-18,0.0015521705146407786,0.0015521705146407786,0.0,0.0,1.1781408716865287
2023-04-19,-0.002271137535473973,-0.002271137535473973,0.0,0.0,1.1754651517307655
2023-04-20,-0.00670998698957374,-0.00670998698957374,0.0,0.0,1.1675777958559548
2023-04-21,0.00011616077389246424,0.00011616077389246424,0.0,0.0,1.167713422596301
2023-04-24,0.001586170756137499,0.001586170756137499,0.0,0.0,1.1695656154787726
2023-04-25,-0.005595660838337552,-0.005595660838337552,0.0,0.0,1.1630211229663718
2023-04-26,0.005279175787459805,0.005279175787459805,0.0,0.0,1.1691609159190401
2023-04-27,-0.00016884961987876344,-0.00016884961987876344,0.0,0.0,1.16896350354281
2023-04-28,0.0027301418007505155,0.0027301418007505155,0.0,0.0,1.1721549396673843
2023-05-02,0.0045144657888047494,0.0045144657888047494,0.0,0.0,1.177446593041691
2023-05-03,-0.0019854342504505777,-0.0019854342504505777,0.0,0.0,1.1751088502477898
2023-05-04,0.004621111224574874,0.004621111224574874,0.0,0.0,1.180539158945767
2023-05-05,0.0006877385435871278,0.0006877385435871278,0.0,0.0,1.181351061227588
2023-05-08,0.0040794441676907265,0.0040794441676907265,0.0,0.0,1.186170316924308
2023-05-09,0.003527884297535503,0.003527884297535503,0.0,0.0,1.190354988559588
2023-05-10,0.0012270249393386485,0.0012270249393386485,0.0,0.0,1.1918155838172169
2023-05-11,-0.0033337488075111466,-0.0033337488075111466,0.0,0.0,1.187842370035893
2023-05-12,-0.001482155697779152,-0.001482155697779152,0.0,0.0,1.186081802699081
2023-05-15,0.0006368311661121664,0.0006368311661121664,0.0,0.0,1.1868371365565984
2023-05-16,0.008836966830815687,0.008836966830815687,0.0,0.0,1.1973251769659294
2023-05-17,0.008984224461327971,0.008984224461327971,0.0,0.0,1.2080822151089907
2023-05-18,0.003973651172208669,0.003973651172208669,0.0,0.0,1.212882712419183
2023-05-19,0.005549750144767642,0.005549750144767642,0.0,0.0,1.2196139084280175
2023-05-22,0.00024109590967378778,0.00024109590967378778,0.0,0.0,1.2199079523527208
2023-05-23,0.0011175826429757959,0.0011175826429757959,0.0,0.0,1.2212713003062985
2023-05-24,-0.000669259228795441,-0.000669259228795441,0.0,0.0,1.2204539532177054
2023-05-25,-0.0016664587788566007,-0.0016664587788566007,0.0,0.0,1.2184201170131754
2023-05-26,0.0010759135092542936,0.0010759135092542936,0.0,0.0,1.2197310316770171
2023-05-29,0.005293082161401836,0.005293082161401836,0.0,0.0,1.2261871682424952
2023-05-30,0.0008738298675437721,0.0008738298675437721,0.0,0.0,1.2272586472133042
2023-05-31,0.0017420846682589344,0.0017420846682589344,0.0,0.0,1.2293966356866028
2023-06-01,-0.003628254398430616,-0.003628254398430616,0.0,0.0,1.2249360719357572
2023-06-02,0.007885734486220203,0.007885734486220203,0.0,0.0,1.234595592561636
2023-06-05,0.005452425199761366,0.005452425199761366,0.0,0.0,1.2413271326820334
2023-06-06,0.00102486689695452,0.00102486689695452,0.0,0.0,1.2425993277686107
2023-06-07,0.004733231247035023,0.004733231247035023,0.0,0.0,1.2484808377343497
2023-06-08,-0.00189341474716047,-0.00189341474716047,0.0,0.0,1.2461169457046364
2023-06-09,0.0069810030831290735,0.0069810030831290735,0.0,0.0,1.2548160919445397
2023-06-12,-0.0022661599652962477,-0.0022661599652962477,0.0,0.0,1.2519724779531656
2023-06-13,0.00773325184145394,0.00773325184145394,0.0,0.0,1.2616542964237465
2023-06-14,0.0006460005381304276,0.0006460005381304276,0.0,0.0,1.2624693257781707
2023-06-15,0.004224517624730368,0.004224517624730368,0.0,0.0,1.267802649695602
2023-06-16,-0.004617136747819171,-0.004617136747819171,0.0,0.0,1.26194903149271
2023-06-19,0.003368476144464544,0.003368476144464544,0.0,0.0,1.2661998767008233
2023-06-20,-0.002403822880576785,-0.002403822880576785,0.0,0.0,1.2631561564658262
2023-06-21,0.004393340867196814,0.004393340867196814,0.0,0.0,1.2687056320296788
2023-06-26,-0.004046183777088625,-0.004046183777088625,0.0,0.0,1.2635722158834592
2023-06-27,-0.011615058909671981,-0.011615058909671981,0.0,0.0,1.248895750159348
2023-06-28,0.0019709460739784235,0.0019709460739784235,0.0,0.0,1.251357256334933
2023-06-29,-0.0017735117571073156,-0.0017735117571073156,0.0,0.0,1.2491379595284815
2023-06-30,-0.00532614528622149,-0.00532614528622149,0.0,0.0,1.2424848692734987
2023-07-03,0.006351231237687071,0.006351231237687071,0.0,0.0,1.250376177987582
2023-07-04,0.0024588001670615917,0.0024588001670615917,0.0,0.0,1.2534506031429076
2023-07-05,-0.00575055660886494,-0.00575055660886494,0.0,0.0,1.2462425644931183
2023-07-06,-0.013581305715151306,-0.013581305715151306,0.0,0.0,1.2293169632295031
2023-07-07,-0.008303322314375198,-0.008303322314375198,0.0,0.0,1.2191095482572796
2023-07-10,0.0008877688681648716,0.0008877688681648716,0.0,0.0,1.2201918357611048
2023-07-11,0.01592662784916077,0.01592662784916077,0.0,0.0,1.2396253770338561
2023-07-12,0.0060316033091969996,0.0060316033091969996,0.0,0.0,1.247102305560138
2023-07-13,0.0035467644426307103,0.0035467644426307103,0.0,0.0,1.2515254836738217
2023-07-14,0.013931762645570712,0.013931762645570712,0.0,0.0,1.2689614396572484
2023-07-17,0.009345884696653591,0.009345884696653591,0.0,0.0,1.2808210069567847
2023-07-18,0.0021911584318080155,0.0021911584318080155,0.0,0.0,1.2836274887058148
2023-07-19,-0.008564397258887751,-0.008564397258887751,0.0,0.0,1.2726339929601096
2023-07-20,0.001173504165933494,0.001173504165933494,0.0,0.0,1.2741274342525568
2023-07-21,-0.0015150534857845445,-0.0015150534857845445,0.0,0.0,1.2721970630419588
2023-07-24,-0.0005817222097639346,-0.0005817222097639346,0.0,0.0,1.2714569977551908
2023-07-25,0.0071859728497842956,0.0071859728497842956,0.0,0.0,1.2805936532207278
2023-07-26,0.003514144046005578,0.003514144046005578,0.0,0.0,1.2850938437825459
2023-07-27,0.0006713277209861239,0.0006713277209861239,0.0,0.0,1.2859565629039458
2023-07-28,0.0018783390562233135,0.0018783390562233135,0.0,0.0,1.288372025340655
2023-07-31,-0.004073811253144802,-0.004073811253144802,0.0,0.0,1.2831234408855854
2023-08-01,0.0031874096569757693,0.0031874096569757693,0.0,0.0,1.287213280932156
2023-08-02,-0.016974664795816184,-0.016974664795816184,0.0,0.0,1.2653632669676098
2023-08-04,0.0013596646309113167,0.0013596646309113167,0.0,0.0,1.26708373664696
2023-08-07,0.01196887299609255,0.01196887299609255,0.0,0.0,1.2822493009663019
2023-08-08,-0.003240237369816025,-0.003240237369816025,0.0,0.0,1.2780945088638904
2023-08-09,-0.00376165674676089,-0.00376165674676089,0.0,0.0,1.2732867560316246
2023-08-10,-0.009938404229451157,-0.009938404229451157,0.0,0.0,1.2606323175501757
2023-08-11,-0.005550064556745158,-0.005550064556745158,0.0,0.0,1.253635726805453
2023-08-14,-0.009662166001578583,-0.009662166001578583,0.0,0.0,1.241522890307549
2023-08-15,-0.00043128217616642006,-0.00043128217616642006,0.0,0.0,1.2409874436136568
2023-08-16,-0.004976784755806188,-0.004976784755806188,0.0,0.0,1.2348113162221335
2023-08-17,-0.0019288663268960744,-0.0019288663268960744,0.0,0.0,1.2324295302542023
2023-08-18,-0.0026704192204378813,-0.0026704192204378813,0.0,0.0,1.2291384267487764
2023-08-21,0.0018156582711048555,0.0018156582711048555,0.0,0.0,1.2313701220996356
2023-08-22,-0.001012217700049749,-0.001012217700049749,0.0,0.0,1.230123707466734
2023-08-23,0.0022660682463622787,0.0022660682463622787,0.0,0.0,1.2329112517393217
2023-08-24,0.0028697229193695574,0.0028697229193695574,0.0,0.0,1.2364493654159865
2023-08-25,-0.007891240357484343,-0.007891240357484343,0.0,0.0,1.22669224628363
2023-08-28,0.0020366507811066616,0.0020366507811066616,0.0,0.0,1.2291905900052011
2023-08-29,0.005573725718927888,0.005573725718927888,0.0,0.0,1.2360417612101773
2023-08-30,0.0029736356153251364,0.0029736356153251364,0.0,0.0,1.2397172990133412
2023-08-31,-0.008369145786116583,-0.008369145786116583,0.0,0.0,1.2293419242043278
2023-09-01,0.0029895346443647537,0.0029895346443647537,0.0,0.0,1.2330170844765065
2023-09-04,0.003998251423179621,0.003998251423179621,0.0,0.0,1.2379469967893193
2023-09-05,0.00015920096091393964,0.00015920096091393964,0.0,0.0,1.2381440791407687
2023-09-06,-0.0018451869091415964,-0.0018451869091415964,0.0,0.0,1.235859471894307
2023-09-07,-0.001443031510594253,-0.001443031510594253,0.0,0.0,1.2340760877336971
2023-09-08,0.0010035653222400188,0.0010035653222400188,0.0,0.0,1.2353145637003522
2023-09-11,-0.0029774629347244165,-0.0029774629347244165,0.0,0.0,1.2316364603742092
2023-09-12,0.006323633260246089,0.006323633260246089,0.0,0.0,1.2394248776595633
2023-09-13,0.0016691766219846492,0.0016691766219846492,0.0,0.0,1.241493696690059
2023-09-14,0.011994738297424038,0.011994738297424038,0.0,0.0,1.2563850886797578
2023-09-15,0.0004401054775139391,0.0004401054775139391,0.0,0.0,1.2569380306391524
2023-09-18,-0.004785597908692051,-0.004785597908692051,0.0,0.0,1.2509228306283702
2023-09-19,0.0010178167649101697,0.0010178167649101697,0.0,0.0,1.2521960408569925
2023-09-20,-0.004641861173255685,-0.004641861173255685,0.0,0.0,1.246383520673634
2023-09-21,-0.012996479245138243,-0.012996479245138243,0.0,0.0,1.2301849231157167
2023-09-22,0.004266227006028536,0.004266227006028536,0.0,0.0,1.235433171257122
2023-09-25,0.0038903419931024742,0.0038903419931024742,0.0,0.0,1.2402394288029353
2023-09-26,-0.008546803170082409,-0.008546803170082409,0.0,0.0,1.2296393465211812
2023-09-27,0.000768703815183285,0.000768703815183285,0.0,0.0,1.2305845749781517
2023-09-28,0.002955036281055646,0.002955036281055646,0.0,0.0,1.2342209970441196
2023-10-02,0.003126947273017768,0.003126947273017768,0.0,0.0,1.238080341025128
2023-10-03,-0.00542329924202004,-0.00542329924202004,0.0,0.0,1.2313658608500866
2023-10-04,-0.011303854344496435,-0.011303854344496435,0.0,0.0,1.2174466805142516
2023-10-05,0.00839443576907083,0.00839443576907083,0.0,0.0,1.227666458476097
2023-10-06,0.00533777902582503,0.00533777902582503,0.0,0.0,1.2342194707488596
2023-10-11,0.01193205942096559,0.01193205942096559,0.0,0.0,1.2489462508123477
2023-10-12,0.006057819378507064,0.006057819378507064,0.0,0.0,1.2565121416132323
2023-10-13,-0.006664307844139858,-0.006664307844139858,0.0,0.0,1.2481383578916223
2023-10-16,-0.001321200510059675,-0.001321200510059675,0.0,0.0,1.2464893168565507
2023-10-17,-0.0034531696803419823,-0.0034531696803419823,0.0,0.0,1.2421849777407115
2023-10-18,-0.005354240072714475,-0.005354240072714475,0.0,0.0,1.2355340211551682
2023-10-19,-0.0048151873090987885,-0.0048151873090987885,0.0,0.0,1.229584693416542
2023-10-20,-0.007081286052057723,-0.007081286052057723,0.0,0.0,1.2208776524772278
2023-10-23,-0.006342174450414619,-0.006342174450414619,0.0,0.0,1.2131346334226045
2023-10-24,0.0038270054893721427,0.0038270054893721427,0.0,0.0,1.2177773063240602
2023-10-25,0.00010135553382287378,0.00010135553382287378,0.0,0.0,1.2179007347930202
2023-10-26,-0.00856075545041991,-0.00856075545041991,0.0,0.0,1.2074745844395705
2023-10-27,0.005667953668300085,0.005667953668300085,0.0,0.0,1.214318494439824
2023-10-30,-0.004089081150129219,-0.004089081150129219,0.0,0.0,1.209353047573957
2023-10-31,-0.00253659787557816,-0.00253659787557816,0.0,0.0,1.2062854052026568
2023-11-01,0.004925841652797862,0.004925841652797862,0.0,0.0,1.2122273760967663
2023-11-02,0.012422922589063634,0.012422922589063634,0.0,0.0,1.2272867829503604
2023-11-03,0.006667461809767673,0.006667461809767673,0.0,0.0,1.2354696707053145
2023-11-06,0.008326800962923384,0.008326800962923384,0.0,0.0,1.2457571807490062
2023-11-07,-0.001275347910641029,-0.001275347910641029,0.0,0.0,1.2441684069313719
2023-11-08,0.003997570418575186,0.003997570418575186,0.0,0.0,1.2491420577506467
2023-11-09,-0.0016939038891084536,-0.0016939038891084536,0.0,0.0,1.2470261311609738
2023-11-10,-0.002379680689302759,-0.002379680689302759,0.0,0.0,1.244058607157594
2023-11-13,-0.0007999934794504625,-0.0007999934794504625,0.0,0.0,1.2430633683838137
2023-11-14,0.0028990635551165767,0.0028990635551165767,0.0,0.0,1.2466670880917956
2023-11-15,0.009687912645225984,0.009687912645225984,0.0,0.0,1.2587446899389072
2023-11-16,0.0048017260160786255,0.0048017260160786255,0.0,0.0,1.2647888370641878
2023-11-17,0.0003710398162609127,0.0003710398162609127,0.0,0.0,1.2652581240819007
2023-11-20,0.0001281595693048398,0.0001281595693048398,0.0,0.0,1.2654202790181424
2023-11-21,0.011480129249414826,0.011480129249414826,0.0,0.0,1.2799474673761013
2023-11-22,-0.00592830840692591,-0.00592830840692591,0.0,0.0,1.272359544044832
2023-11-23,0.0004789824740329638,0.0004789824740329638,0.0,0.0,1.2729689819670982
2023-11-24,-0.00019461348059906006,-0.00019461348059906006,0.0,0.0,1.272721245042823
2023-11-27,-0.0022265478424273047,-0.0022265478424273047,0.0,0.0,1.2698874703006615
2023-11-28,0.006317984723127093,0.006317984723127093,0.0,0.0,1.2779105999381117
2023-11-29,-0.00047505462940262223,-0.00047505462940262223,0.0,0.0,1.2773035225916485
2023-11-30,0.004017980438341501,0.004017980438341501,0.0,0.0,1.2824357031592466
2023-12-01,-0.00529611338487935,-0.00529611338487935,0.0,0.0,1.2756437782664978
2023-12-04,0.004361522200703933,0.004361522200703933,0.0,0.0,1.281207526925597
2023-12-05,-0.0008734345862244634,-0.0008734345862244634,0.0,0.0,1.280088475959449
2023-12-06,0.004295834304932208,0.004295834304932208,0.0,0.0,1.285587523947824
2023-12-07,-0.005729295973120432,-0.005729295973120432,0.0,0.0,1.278222012523776
2023-12-08,0.002875017456679174,0.002875017456679174,0.0,0.0,1.2818969231232935
2023-12-11,0.0009945039691647397,0.0009945039691647397,0.0,0.0,1.2831717747013998
2023-12-12,0.0018275810262188765,0.0018275810262188765,0.0,0.0,1.2855168750902237
2023-12-13,0.0021817767107321414,0.0021817767107321414,0.0,0.0,1.2883215858695487
2023-12-14,0.009146519313524757,0.009146519313524757,0.0,0.0,1.3001052441367353
2023-12-15,-0.006909472557289386,-0.006909472557289386,0.0,0.0,1.2911222026307847
2023-12-18,0.00066118121169086,0.00066118121169086,0.0,0.0,1.291975868373161
2023-12-19,-0.005674478392652497,-0.005674478392652497,0.0,0.0,1.2846445792242491
2023-12-20,0.002949351690471038,0.002949351690471038,0.0,0.0,1.2884334478856387
2023-12-21,-0.0025783430852754146,-0.0025783430852754146,0.0,0.0,1.2851114244144453
2023-12-22,4.65787161313148e-05,4.65787161313148e-05,0.0,0.0,1.28517128325468
2023-12-25,0.0033255142232709884,0.0033255142232709884,0.0,0.0,1.289445138636483
2023-12-26,0.007745414639193068,0.007745414639193068,0.0,0.0,1.2994324258897143
2023-12-27,0.006909066301407469,0.006909066301407469,0.0,0.0,1.308410290674385
2023-12-28,0.0023189412952735865,0.0023189412952735865,0.0,0.0,1.3114444173285909
2023-12-29,0.0029898756455883106,0.0029898756455883106,0.0,0.0,1.3153654730525044
2024-01-02,-0.0019386186429375925,-0.0019386186429375925,0.0,0.0,1.3128154810241686
2024-01-03,-0.011919298125783549,-0.011919298125783549,0.0,0.0,1.2971676419216975
2024-01-04,0.002113591991349602,0.002113591991349602,0.0,0.0,1.299909325061101
2024-01-05,0.0009356359476425172,0.0009356359476425172,0.0,0.0,1.3011255669543038
2024-01-08,0.0035468172309736615,0.0035468172309736615,0.0,0.0,1.3057404215348376
2024-01-09,-0.006204240519863388,-0.006204240519863388,0.0,0.0,1.2976392939031278
2024-01-10,-0.005836728667823306,-0.005836728667823306,0.0,0.0,1.2900653254359096
2024-01-11,0.004299928666504715,0.004299928666504715,0.0,0.0,1.2956125143104151
2024-01-12,-0.0030388660474004103,-0.0030388660474004103,0.0,0.0,1.29167532143009
2024-01-15,-0.0012408114011523092,-0.0012408114011523092,0.0,0.0,1.2900725959646726
2024-01-16,-0.010350428821739885,-0.010350428821739885,0.0,0.0,1.276719791385263
2024-01-17,-0.01403186074872224,-0.01403186074872224,0.0,0.0,1.2588050370574073
2024-01-18,0.0022491375285594965,0.0022491375285594965,0.0,0.0,1.261636262707393
2024-01-19,0.010106849124902553,0.010106849124902553,0.0,0.0,1.2743874300650826
2024-01-22,0.005938750010133373,0.005938750010133373,0.0,0.0,1.2819556984282954
2024-01-23,0.00286092772016872,0.00286092772016872,0.0,0.0,1.2856232810219572
2024-01-24,0.0015261691462201653,0.0015261691462201653,0.0,0.0,1.2875853596071152
2024-01-25,0.0013015861845469317,0.0013015861845469317,0.0,0.0,1.2892612629226046
2024-01-26,0.002195832313194125,0.002195832313194125,0.0,0.0,1.2920922644638795
2024-01-29,0.004452459378093311,0.004452459378093311,0.0,0.0,1.2978452527841535
2024-01-30,-0.0074475481329320066,-0.0074475481329320066,0.0,0.0,1.2881794877949462
2024-01-31,-0.00039378008824531626,-0.00039378008824531626,0.0,0.0,1.2876722283625666
2024-02-01,0.007112686561540396,0.007112686561540396,0.0,0.0,1.2968310373169096
2024-02-02,0.0003715822703796098,0.0003715822703796098,0.0,0.0,1.2973129167380546
2024-02-05,-0.004818556943094279,-0.004818556943094279,0.0,0.0,1.2910617405757405
2024-02-15,0.001581549503434158,0.001581549503434158,0.0,0.0,1.293103618630451
2024-02-16,0.0029781329879764607,0.0029781329879764607,0.0,0.0,1.2969546531739662
2024-02-19,0.00795418286583408,0.00795418286583408,0.0,0.0,1.3072708676540064
2024-02-20,0.0028196375174523035,0.0028196375174523035,0.0,0.0,1.310956897637916
2024-02-21,-0.002040464152585398,-0.002040464152585398,0.0,0.0,1.3082819370827012
2024-02-22,0.0027997796493070526,0.0027997796493070526,0.0,0.0,1.3119448382257015
2024-02-23,-0.005588302635975381,-0.005588302635975381,0.0,0.0,1.3046132934279904
2024-02-26,-0.0020764655317947038,-0.0020764655317947038,0.0,0.0,1.301904308891866
2024-02-27,-0.0012204626923888694,-0.0012204626923888694,0.0,0.0,1.3003153832538032
2024-02-29,0.007456388522538325,0.007456388522538325,0.0,0.0,1.3100110399531768
2024-03-01,-0.0035486821430313776,-0.0035486821430313776,0.0,0.0,1.305362227168521
2024-03-04,0.00368936116442719,0.00368936116442719,0.0,0.0,1.3101781798749466
2024-03-05,-6.863405291337658e-05,-6.863405291337658e-05,0.0,0.0,1.3100882570364232
2024-03-06,0.0037770520345450833,0.0037770520345450833,0.0,0.0,1.315036528553096
2024-03-07,-0.0004951844860295114,-0.0004951844860295114,0.0,0.0,1.3143853428655945
2024-03-08,0.000701694568424479,0.000701694568424479,0.0,0.0,1.3153076399215
2024-03-11,0.003739471088579063,0.003739471088579063,0.0,0.0,1.3202261948135734
2024-03-12,0.010715826098569466,0.010715826098569466,0.0,0.0,1.3343735091279716
2024-03-13,0.0059947446715173216,0.0059947446715173216,0.0,0.0,1.3423727376116306
2024-03-14,0.005273711976596439,0.005273711976596439,0.0,0.0,1.3494520247950295
2024-03-15,0.003222616643575192,0.003222616643575192,0.0,0.0,1.3538007913498402
2024-03-18,-0.0016646436493145693,-0.0016646436493145693,0.0,0.0,1.3515471954600826
2024-03-19,-0.000270198427070845,-0.000270198427070845,0.0,0.0,1.3511820095337572
2024-03-20,-0.0030072564183566265,-0.0030072564183566265,0.0,0.0,1.347118658763219
2024-03-21,0.014199618138672406,0.014199618138672406,0.0,0.0,1.366247229305137
2024-03-22,0.0001442432576715221,0.0001442432576715221,0.0,0.0,1.3664443012562768
2024-03-25,-0.0009893445932208852,-0.0009893445932208852,0.0,0.0,1.3650924169748915
2024-03-26,0.003283591063893354,0.003283591063893354,0.0,0.0,1.3695748222366588
2024-03-27,0.0063825203380225865,0.0063825203380225865,0.0,0.0,1.378316161394028
2024-03-28,0.00039553772940948903,0.00039553772940948903,0.0,0.0,1.3788613374389143
2024-03-29,0.0026429719929450253,0.0026429719929450253,0.0,0.0,1.3825056293359201
2024-04-01,-0.0012687895567282872,-0.0012687895567282872,0.0,0.0,1.3807515206313006
2024-04-02,0.00217514694954616,0.00217514694954616,0.0,0.0,1.383754858089483
2024-04-03,-0.011433773594384187,-0.011433773594384187,0.0,0.0,1.3679333183319586
2024-04-08,0.0064777595165514314,0.0064777595165514314,0.0,0.0,1.3767944614027914
2024-04-09,0.0036685323830480242,0.0036685323830480242,0.0,0.0,1.3818452764692488
2024-04-10,-0.000548063278593287,-0.000548063278593287,0.0,0.0,1.3810879378165184
2024-04-11,-0.0016018148992757593,-0.0016018148992757593,0.0,0.0,1.3788756905805137
2024-04-12,-0.005728693859095104,-0.005728693859095104,0.0,0.0,1.3709765338794295
2024-04-15,-0.0028803298083271032,-0.0028803298083271032,0.0,0.0,1.3670276693023797
2024-04-16,-0.023156886164670442,-0.023156886164670442,0.0,0.0,1.3353715651803897
2024-04-17,0.005911748436434778,0.005911748436434778,0.0,0.0,1.3432659459429044
2024-04-18,0.006355444495817787,0.006355444495817787,0.0,0.0,1.3518029981054667
2024-04-19,-0.01469048552146323,-0.01469048552146323,0.0,0.0,1.3319443557339277
2024-04-22,0.011825030015749907,0.011825030015749907,0.0,0.0,1.34769463771979
2024-04-23,0.005100531845714383,0.005100531845714383,0.0,0.0,1.3545685971377783
2024-04-24,0.004352044348157474,0.004352044348157474,0.0,0.0,1.3604637397451433
2024-04-25,-0.006084559115388857,-0.006482085112314719,0.4969074961573268,0.0003975259969258615,1.3516450979918972
2024-04-26,0.003214497085582569,0.003214497085582569,0.0,0.0,1.3559899572201342
2024-04-29,0.01687106832802892,0.01687106832802892,0.0,0.0,1.378866956440516
2024-04-30,-0.00286363746709959,-0.00286363746709959,0.0,0.0,1.3749183813619075
2024-05-02,0.0016191865915697393,0.0016191865915697393,0.0,0.0,1.3771446307695114
2024-05-03,0.000782692861036859,0.000782692861036859,0.0,0.0,1.37822251204063
2024-05-06,0.015021288141985481,0.015021288141985481,0.0,0.0,1.3989251895177635
2024-05-07,-0.0004008694219272353,-0.0004008694219272353,0.0,0.0,1.398364403185722
2024-05-08,0.0007433814082770748,0.0007433814082770748,0.0,0.0,1.3994039212850469
2024-05-09,-0.007505580043881176,-0.007505580043881176,0.0,0.0,1.3889005831401209
2024-05-10,0.010901113235705407,0.010901113235705407,0.0,0.0,1.4040411456700685
2024-05-13,0.0010435321769846808,0.0010435321769846808,0.0,0.0,1.4055063077833856
2024-05-14,-0.006455479258580649,-0.006455479258580649,0.0,0.0,1.3964330909656857
2024-05-15,0.0013693502121582936,0.0013693502121582936,0.0,0.0,1.3983452969150645
2024-05-16,0.008950871914654152,0.008950871914654152,0.0,0.0,1.41086170656021
2024-05-17,0.001116512677226694,0.001116512677226694,0.0,0.0,1.4124369515413984
2024-05-20,0.0079482117009703,0.0079482117009703,0.0,0.0,1.4236632994465226
2024-05-21,-0.004584150119673209,-0.004584150119673209,0.0,0.0,1.4171370131619905
2024-05-22,0.004339673747074713,0.004339673747074713,0.0,0.0,1.4232869254540175
2024-05-23,-0.001264866190240771,-0.001264866190240771,0.0,0.0,1.421486657942999
2024-05-24,-0.004130190979392311,-0.004130190979392311,0.0,0.0,1.4156156465710363
2024-05-27,0.006376066569353433,0.006376066569353433,0.0,0.0,1.4246417061701917
2024-05-28,0.0009127427711273751,0.0009127427711273751,0.0,0.0,1.425942037588945
2024-05-29,-0.011380760594226602,-0.011380760594226602,0.0,0.0,1.4097137326379017
2024-05-30,-0.004957095637930882,-0.004957095637930882,0.0,0.0,1.402725646843111
2024-05-31,0.005748916333451076,0.005748916333451076,0.0,0.0,1.410789799225598
2024-06-03,0.004654725911997944,0.004654725911997944,0.0,0.0,1.4173566390604357
2024-06-04,-0.0048805454402933695,-0.0048805454402933695,0.0,0.0,1.4104391655783999
2024-06-05,0.0007393491689484889,0.0007393491689484889,0.0,0.0,1.4114819726033225
2024-06-06,0.0036031448534426394,0.0036031448534426394,0.0,0.0,1.4165677466086353
2024-06-07,0.0039022191637481975,0.0039022191637481975,0.0,0.0,1.422095504416199
2024-06-11,-0.004060717657449502,-0.004060717657449502,0.0,0.0,1.4163207760908365
2024-06-12,0.0014155727866799364,0.0014155727866799364,0.0,0.0,1.4183256812386802
2024-06-13,0.004395207776840471,0.004395207776840471,0.0,0.0,1.424559517302953
2024-06-14,0.006065638392313116,0.006065638392313116,0.0,0.0,1.4332003802032411
2024-06-17,0.000548013768415979,0.000548013768415979,0.0,0.0,1.4339857937444915
2024-06-18,0.006328772637349803,0.006328772637349803,0.0,0.0,1.44306116379829
2024-06-19,0.0007348668800461278,0.0007348668800461278,0.0,0.0,1.4441216216534463
2024-06-20,0.00475602047172615,0.00475602047172615,0.0,0.0,1.4509898936496923
2024-06-21,-0.0017395297307136225,-0.0017395297307136225,0.0,0.0,1.4484658535907236
2024-06-24,-0.0030675972054902863,-0.0030675972054902863,0.0,0.0,1.4440225437860006
2024-06-25,0.003973383880901955,0.003973383880901955,0.0,0.0,1.449760199685139
2024-06-26,-0.007004228853522711,-0.007004228853522711,0.0,0.0,1.4396057474638155
2024-06-27,-0.009254718256748628,-0.009254718256748628,0.0,0.0,1.426282601870242
2024-06-28,0.0030512438274440954,0.0030512438274440954,0.0,0.0,1.4306345378553895
2024-07-01,0.0042981760101437755,0.0042981760101437755,0.0,0.0,1.4367836569052825
2024-07-02,0.0012725442083518239,0.0012725442083518239,0.0,0.0,1.438612027626532
2024-07-03,0.008982349790708147,0.008982349790708147,0.0,0.0,1.4515341440717935
2024-07-04,0.002320162938104232,0.002320162938104232,0.0,0.0,1.4549019397962617
2024-07-05,0.0038179478131989417,0.0038179478131989417,0.0,0.0,1.4604566794757259
2024-07-08,-0.006130029929490093,-0.006130029929490093,0.0,0.0,1.451504036319816
2024-07-09,-0.007092673122844052,-0.007092673122844052,0.0,0.0,1.4412089926537108
2024-07-10,-0.0004964251029336382,-0.0004964251029336382,0.0,0.0,1.4404935403311838
2024-07-11,0.003100446840269721,0.003100446840269721,0.0,0.0,1.4449597139767327
2024-07-12,0.0035728888667369623,0.0035728888667369623,0.0,0.0,1.4501223944516837
2024-07-15,-0.00089158867628653,-0.00089158867628653,0.0,0.0,1.448829481745561
2024-07-16,-0.0010899706102537655,-0.0010899706102537655,0.0,0.0,1.4472503001911892
2024-07-17,0.002393635970982952,0.002393635970982952,0.0,0.0,1.4507144905687426
2024-07-18,0.0073778584667368585,0.0073778584667368585,0.0,0.0,1.4614176567558028
2024-07-19,-0.010139307669440961,-0.010139307669440961,0.0,0.0,1.4465998935004023
2024-07-22,-0.011443648271550432,-0.011443648271550432,0.0,0.0,1.4300455131295213
2024-07-23,0.012920782463902523,0.012920782463902523,0.0,0.0,1.448522820118148
2024-07-26,-0.011755607274939031,-0.011755607274939031,0.0,0.0,1.4314945547160518
2024-07-29,-0.0009206194632682719,-0.0009206194632682719,0.0,0.0,1.4301766929674176
2024-07-30,-0.0016427115260289,-0.0016427115260289,0.0,0.0,1.427827325229622
2024-07-31,0.0032645103227076995,0.0032645103227076995,0.0,0.0,1.4324884822718784
2024-08-01,0.006692163599034905,0.006692163599034905,0.0,0.0,1.442074929548975
2024-08-02,-0.01221726291202911,-0.01221726291202911,0.0,0.0,1.4244567209958294
2024-08-05,-0.04931784205946922,-0.04931784205946922,0.0,0.0,1.3542055894092078
2024-08-06,0.009619828825487413,0.009619828825487413,0.0,0.0,1.3672328153738427
2024-08-07,0.012935399608911304,0.012935399608911304,0.0,0.0,1.3849185181991202
2024-08-08,-0.016467371912002163,-0.016467371912002163,0.0,0.0,1.3621125498921163
2024-08-09,0.019575624014363257,0.019575624014363257,0.0,0.0,1.3887767530340498
2024-08-12,0.007946944002995256,0.007946944002995256,0.0,0.0,1.399813284123073
2024-08-13,-0.0010834339832146446,-0.0010834339832146446,0.0,0.0,1.3982966788408988
2024-08-14,0.0047824649869112525,0.0047824649869112525,0.0,0.0,1.4049839837487696
2024-08-15,-0.00908031619238459,-0.00908031619238459,0.0,0.0,1.3922262849310947
2024-08-16,0.01084727553776698,0.01084727553776698,0.0,0.0,1.4073281470546637
2024-08-19,0.000246726044637045,0.000246726044637045,0.0,0.0,1.4076753715618928
2024-08-20,0.003123552744236774,0.003123552744236774,0.0,0.0,1.4120723198317295
2024-08-21,0.000974927917629363,0.000974927917629363,0.0,0.0,1.4134489885580452
2024-08-22,-0.00517495513597021,-0.00517495513597021,0.0,0.0,1.4061344534552749
2024-08-23,0.00028354084712960435,0.00028354084712960435,0.0,0.0,1.4065331500093856
2024-08-26,0.007009348995799742,0.007009348995799742,0.0,0.0,1.4163920317319627
2024-08-27,-0.0006298808980868269,-0.0006298808980868269,0.0,0.0,1.4154998734469724
2024-08-28,-0.0023075823389339077,-0.0023075823389339077,0.0,0.0,1.412233490938243
2024-08-29,-0.00549458252111244,-0.00549458252111244,0.0,0.0,1.404473857483204
2024-08-30,0.006355309610104429,0.006355309610104429,0.0,0.0,1.4133997236868074
2024-09-02,0.0005968377795474075,0.0005968377795474075,0.0,0.0,1.4142432940395055
2024-09-03,-0.006912059388492698,-0.006912059388492698,0.0,0.0,1.4044679604013268
2024-09-04,-0.02119733676912486,-0.02119733676912486,0.0,0.0,1.374696980063254
2024-09-05,0.005760519556564797,0.005760519556564797,0.0,0.0,1.382615948901259
2024-09-06,0.008655749255874347,0.008655749255874347,0.0,0.0,1.394583525872121
2024-09-09,-0.00301895480923567,-0.00301895480923567,0.0,0.0,1.3903733412298087
2024-09-10,-0.001146036850195994,-0.001146036850195994,0.0,0.0,1.3887799221452293
2024-09-11,-0.004291665504438094,-0.004291665504438094,0.0,0.0,1.3828197432601024
2024-09-12,0.008777238546144334,0.008777238546144334,0.0,0.0,1.3949570820130144
2024-09-13,0.0027320307461536197,0.0027320307461536197,0.0,0.0,1.3987681476506386
2024-09-16,0.005440309641023761,0.005440309641023761,0.0,0.0,1.4063778794898594
2024-09-18,-0.004676055968829598,-0.004676055968829598,0.0,0.0,1.399801577812041
2024-09-19,0.005403595671771103,0.005403595671771103,0.0,0.0,1.4073655395592444
2024-09-20,0.004570627596113144,0.004570627596113144,0.0,0.0,1.4137980833321724
2024-09-23,0.004926451997139823,0.004926451997139823,0.0,0.0,1.4207630917233567
2024-09-24,0.0011098178730504205,0.0011098178730504205,0.0,0.0,1.4223398799959217
2024-09-25,0.0019704658431296783,0.0019704658431296783,0.0,0.0,1.4251425521467749
2024-09-26,0.0017712854874042598,0.0017712854874042598,0.0,0.0,1.427666886466875
2024-09-27,-0.0001890285323178576,-0.0001890285323178576,0.0,0.0,1.4273970166906873
2024-09-30,-0.006743793643069524,-0.006743793643069524,0.0,0.0,1.4177709457633922
2024-10-01,0.0023967371499068225,0.0023967371499068225,0.0,0.0,1.4211689700591619
2024-10-04,-0.010772246632179284,-0.010772246632179284,0.0,0.0,1.4058597874076844
2024-10-07,0.005708262809866545,0.005708262809866545,0.0,0.0,1.4138848045480306
2024-10-08,-0.009074231554990632,-0.009074231554990632,0.0,0.0,1.401054886439479
2024-10-09,-0.0024174738807814294,-0.0024174738807814294,0.0,0.0,1.3976678728459704
2024-10-11,-0.0016195601822023668,-0.0016195601822023668,0.0,0.0,1.3954042656111656
2024-10-14,0.0032756207424326994,0.0032756207424326994,0.0,0.0,1.3999750807676805
2024-10-15,0.007349796053352802,0.007349796053352802,0.0,0.0,1.410264612091099
2024-10-16,-0.006940727776523875,-0.006940727776523875,0.0,0.0,1.4004763493257097
2024-10-17,0.00804504789372635,0.00804504789372635,0.0,0.0,1.4117432486300663
2024-10-18,0.008462710226399934,0.008462710226399934,0.0,0.0,1.4236904226572988
2024-10-21,-0.005826723361245613,-0.005826723361245613,0.0,0.0,1.41539497241242
2024-10-22,0.004220345483172681,0.004220345483172681,0.0,0.0,1.421368428191146
2024-10-23,-0.009022771203058302,-0.009022771203058302,0.0,0.0,1.4085437460683268
2024-10-24,-0.00042126794882877696,-0.00042126794882877696,0.0,0.0,1.4079503717335848
2024-10-25,0.0028507375623308883,0.0028507375623308883,0.0,0.0,1.4119640687441835
2024-10-28,-0.002233452774347274,-0.002233452774347274,0.0,0.0,1.4088105136775682
2024-10-29,-0.003827672594135882,-0.003827672594135882,0.0,0.0,1.4034180482840342
2024-10-30,-0.0018274959138272063,-0.0018274959138272063,0.0,0.0,1.4008533075354037
2024-11-01,-0.004640945496001102,-0.004640945496001102,0.0,0.0,1.394352023687239
2024-11-04,0.006056405735759124,0.006056405735759124,0.0,0.0,1.4027967852811658
2024-11-05,0.0034848807469797464,0.0034848807469797464,0.0,0.0,1.4076853647901173
2024-11-06,-0.0044843696830268,-0.0044843696830268,0.0,0.0,1.401372783217012
2024-11-07,0.00831375469405495,0.00831375469405495,0.0,0.0,1.4130234527716035
2024-11-08,-0.0021832333689470323,-0.0021832333689470323,0.0,0.0,1.4099384928184078
2024-11-11,0.0022483498038765827,0.0022483498038765827,0.0,0.0,1.413108527752214
2024-11-12,-0.008165742563824423,-0.008165742563824423,0.0,0.0,1.4015694472998446
2024-11-13,0.0019196437769119674,0.0019196437769119674,0.0,0.0,1.4042599613672637
2024-11-14,-0.009812237781613694,-0.009812237781613694,0.0,0.0,1.3904810287191285
2024-11-15,0.007523741951236303,0.007523741951236303,0.0,0.0,1.400942649167301
2024-11-18,-0.003131031602833602,-0.003131031602833602,0.0,0.0,1.3965562534590008
2024-11-19,0.011400161100462798,0.011400161100462798,0.0,0.0,1.4124772197342923
2024-11-20,-0.007612831413884075,-0.007612831413884075,0.0,0.0,1.4017242687845035
2024-11-21,-0.0015196898746875544,-0.0015196898746875544,0.0,0.0,1.399594082606128
2024-11-22,0.00210442893920712,0.00210442893920712,0.0,0.0,1.4025394288967075
2024-11-25,0.011965890856630648,0.011965890856630648,0.0,0.0,1.4193220626250067
2024-11-26,-0.005806463257750661,-0.005806463257750661,0.0,0.0,1.4110808212174597
2024-11-27,-0.004285258485163443,-0.004285258485163443,0.0,0.0,1.4050339751550862
2024-11-28,-0.0049710905834323025,-0.0049710905834323025,0.0,0.0,1.3980494239917904
2024-11-29,-0.0033220157508745676,-0.0033220157508745676,0.0,0.0,1.3934050817847887
2024-12-02,0.00999612608525938,0.00999612608525938,0.0,0.0,1.4073337346701507
2024-12-03,0.0058238726681453,0.0058238726681453,0.0,0.0,1.4155298671424548
2024-12-04,0.0007485164624811146,0.0007485164624811146,0.0,0.0,1.4165894145511446
2024-12-05,0.0013813127529742697,0.0013813127529742697,0.0,0.0,1.4185461675751925
2024-12-06,0.0016719546109817476,0.0016719546109817476,0.0,0.0,1.4209179123809603
2024-12-09,-0.00012582315611051265,-0.00012582315611051265,0.0,0.0,1.4207391280046506
2024-12-10,-0.005868411938798396,-0.005868411938798396,0.0,0.0,1.41240164554395
2024-12-11,-0.00475988069466029,-0.00475988069466029,0.0,0.0,1.405678782218219
2024-12-12,0.002427801541317067,0.002427801541317067,0.0,0.0,1.4090914913322852
2024-12-13,-0.006894132432937048,-0.006894132432937048,0.0,0.0,1.3993770279809157
2024-12-16,-0.005355085429261579,-0.005355085429261579,0.0,0.0,1.3918832444483318
2024-12-17,-0.0007853109761134982,-0.0007853109761134982,0.0,0.0,1.3907901832589982
2024-12-18,0.0017892088474876179,0.0017892088474876179,0.0,0.0,1.393278597359884
2024-12-19,-0.005463068003190738,-0.005463068003190738,0.0,0.0,1.3856670216351168
2024-12-20,-0.010977054568287088,-0.010977054568287088,0.0,0.0,1.3704564791251521
2024-12-23,0.015893756607302623,0.015893756607302623,0.0,0.0,1.392238180845268
2024-12-24,0.0033482156837682047,0.0033482156837682047,0.0,0.0,1.396899694557915
2024-12-25,0.0007259665184825546,0.0007259665184825546,0.0,0.0,1.3979137969658424
2024-12-26,0.000563079760732959,0.000563079760732959,0.0,0.0,1.3987009339321632
2024-12-27,-0.003625148503128816,-0.003625148503128816,0.0,0.0,1.3936304353351943
2024-12-30,-0.00658483457200951,-0.00658483457200951,0.0,0.0,1.3844536094639943
2024-12-31,-0.0054659253041132476,-0.0054659253041132476,0.0,0.0,1.3768862894476541
2025-01-02,0.0005236632934500459,0.0005236632934500459,0.0,0.0,1.3776073142566925
2025-01-03,-0.0006345883446051473,-0.0006345883446051473,0.0,0.0,1.3767331007116224
2025-01-06,0.011481273817832132,0.011481273817832132,0.0,0.0,1.3925397504149655
2025-01-07,-0.002461399251535294,-0.002461399251535294,0.0,0.0,1.3891121541155609
2025-01-08,0.000774283847014031,0.000774283847014031,0.0,0.0,1.3901877212181832
2025-01-09,-0.008119348393108532,-0.008119348393108532,0.0,0.0,1.378900302777791
2025-01-10,-0.0033566142864195543,-0.0033566142864195543,0.0,0.0,1.3742718663219389
2025-01-13,-0.008185808824490774,-0.008185808824490774,0.0,0.0,1.3630223395513512
2025-01-14,0.010898546884611116,0.010898546884611116,0.0,0.0,1.3778773024237239
2025-01-15,-0.0007771258203643414,-0.0007771258203643414,0.0,0.0,1.3768065183947165
2025-01-16,0.007045871999050027,0.007045871999050027,0.0,0.0,1.3865073208907834
2025-01-17,-0.0019316777568597172,-0.0019316777568597172,0.0,0.0,1.3838290355392955
2025-01-20,-0.0013200614600558695,-0.0013200614600558695,0.0,0.0,1.3820022961621736
2025-01-21,0.004215409845047888,0.004215409845047888,0.0,0.0,1.3878280022472946
2025-01-22,0.0017145944050919503,0.0017145944050919503,0.0,0.0,1.390207564375178
2025-02-03,0.0010565305342267288,0.0010565305342267288,0.0,0.0,1.3916763611158531
2025-02-04,-0.005230861760390221,-0.005230861760390221,0.0,0.0,1.3843966944556532
2025-02-05,0.006989034802951921,0.006989034802951921,0.0,0.0,1.3940722911342953
2025-02-06,0.008695710439367293,0.008695710439367293,0.0,0.0,1.4061947401095445
2025-02-07,-0.0032765709206166666,-0.0032765709206166666,0.0,0.0,1.4015872433153775
2025-02-10,-0.0013537014960718226,-0.0013537014960718226,0.0,0.0,1.3996899125672264
2025-02-11,0.0005675083071932149,0.0005675083071932149,0.0,0.0,1.4004842482201028
2025-02-12,0.0028047792396561793,0.0028047792396561793,0.0,0.0,1.404412297364976
2025-02-13,0.005485423332120167,0.005485423332120167,0.0,0.0,1.4121160933488583
2025-02-14,0.00027333884711522555,0.00027333884711522555,0.0,0.0,1.4125020795338072
2025-02-17,0.0050668204797599415,0.0050668204797599415,0.0,0.0,1.4196589739980927
2025-02-18,0.0034973336600436986,0.0034973336600436986,0.0,0.0,1.4246239951136392
2025-02-19,-0.0001680807831143722,-0.0001680807831143722,0.0,0.0,1.4243845431968971
2025-02-20,-0.0014843009114587833,-0.0014843009114587833,0.0,0.0,1.4222703279211621
2025-02-21,0.00698927508765591,0.00698927508765591,0.0,0.0,1.4322109664920137
2025-02-24,-0.0015310701972489624,-0.0015310701972489624,0.0,0.0,1.4300181509650447
2025-02-25,-0.00266121607885975,-0.00266121607885975,0.0,0.0,1.4262125636686354
2025-02-26,0.005441679859642762,0.005441679859642762,0.0,0.0,1.4339735558519204
2025-02-27,-0.004214055634824565,-0.004214055634824565,0.0,0.0,1.4279307115086932
2025-03-03,0.004307182782253411,0.004307182782253411,0.0,0.0,1.4340810700835542
2025-03-04,-0.0060461444741901176,-0.0060461444741901176,0.0,0.0,1.425410408746128
2025-03-05,0.001756642156575066,0.001756642156575066,0.0,0.0,1.4279143447605522
2025-03-06,-0.0012722041938613904,-0.0012722041938613904,0.0,0.0,1.426097746142673
2025-03-07,-0.00403138095748725,-0.00403138095748725,0.0,0.0,1.4203486028453578
2025-03-10,-0.0012076558272339389,-0.0012076558272339389,0.0,0.0,1.4186333105784281
2025-03-11,-0.005905096681983155,-0.005905096681983155,0.0,0.0,1.4102561437231806
2025-03-12,0.0007422907256861424,0.0007422907256861424,0.0,0.0,1.4113029637795083
2025-03-13,-0.0018747873692499632,-0.0018747873692499632,0.0,0.0,1.4086570708088295
2025-03-14,0.0031673459810386013,0.0031673459810386013,0.0,0.0,1.4131187751207175
2025-03-17,0.0023765086974344863,0.0023765086974344863,0.0,0.0,1.4164770641803
2025-03-18,0.005660604690833129,0.005660604690833129,0.0,0.0,1.4244951808942565
2025-03-19,-0.006531580430924933,-0.006531580430924933,0.0,0.0,1.4151909760467807
2025-03-20,0.00805547262878174,0.00805547262878174,0.0,0.0,1.4265910082188245
2025-03-21,-0.002086162632430663,-0.002086162632430663,0.0,0.0,1.4236149073657167
2025-03-24,0.0008178419963031964,0.0008178419963031964,0.0,0.0,1.4247791994235237
2025-03-25,-0.003135375650845015,-0.003135375650845015,0.0,0.0,1.4203119814138208
2025-03-26,0.003943352654444024,0.003943352654444024,0.0,0.0,1.4259127724358678
2025-03-27,0.0005106972201653589,0.0005106972201653589,0.0,0.0,1.426640982124949
2025-03-28,-0.009778326047084392,-0.009778326047084392,0.0,0.0,1.4126908214495986
2025-03-31,-0.022507930271289035,-0.022507930271289035,0.0,0.0,1.380894074945521
2025-04-01,0.011136525630366503,0.011136525630366503,0.0,0.0,1.3962724372039732
2025-04-02,0.0032147532621110758,0.0032147532621110758,0.0,0.0,1.4007611085762706
2025-04-07,-0.08656047280776995,-0.08656047280776995,0.0,0.0,1.2795105647271727
2025-04-08,-0.0032789395532005373,-0.0032789395532005373,0.0,0.0,1.2753151269277507
2025-04-09,-0.05062886695731039,-0.05062886695731039,0.0,0.0,1.2107473670378803
2025-04-10,0.07264181090236402,0.07264181090236402,0.0,0.0,1.2986982483247813
2025-04-11,0.0054673103282768375,0.0054673103282768375,0.0,0.0,1.3057986346711623
2025-04-14,0.0025415642558745564,0.0025415642558745564,0.0,0.0,1.3091174058064123
2025-04-15,0.01330816525910321,0.01330816525910321,0.0,0.0,1.3265393565864525
2025-04-16,-0.006492195874927594,-0.006492195874927594,0.0,0.0,1.317927203247693
2025-04-17,-0.006767943781325475,-0.006767943781325475,0.0,0.0,1.309007546028233
2025-04-18,-0.00026563974834582197,-0.00026563974834582197,0.0,0.0,1.3086598215931233
2025-04-21,-0.005056459729569389,-0.005056459729569389,0.0,0.0,1.3020426359055324
2025-04-22,-0.007941427430207182,-0.007941427430207182,0.0,0.0,1.2917025588014528
2025-04-23,0.016394453292155407,0.016394453292155407,0.0,0.0,1.3128793160690808
2025-04-24,-0.003704302056285418,-0.003704302056285418,0.0,0.0,1.3080160145189115
2025-04-25,0.0019284282248015823,0.0019284282248015823,0.0,0.0,1.3105384295198022
2025-04-28,0.004119912920459027,0.004119912920459027,0.0,0.0,1.3159377337283389
2025-04-29,0.009750677301684602,0.009750677301684602,0.0,0.0,1.3287690179190341
2025-04-30,0.003282264308335822,0.003282264308335822,0.0,0.0,1.3331303890405724
2025-05-02,0.004250891869483702,0.004250891869483702,0.0,0.0,1.3387973821723065
2025-05-05,-0.007319968123589074,-0.007319968123589074,0.0,0.0,1.3289974280108607
2025-05-06,0.012029729378429298,0.012029729378429298,0.0,0.0,1.34498490741446
2025-05-07,0.0013797174141010117,0.0013797174141010117,0.0,0.0,1.3468406065129228
2025-05-08,-0.00015803836615020748,-0.00015803836615020748,0.0,0.0,1.3466277540240048
2025-05-09,0.010618455012965364,0.010618455012965364,0.0,0.0,1.3609268602493192
2025-05-12,0.007133923191286451,0.007133923191286451,0.0,0.0,1.3706356079392963
2025-05-13,-0.0006979596280247764,-0.0009510844885109403,0.31640607560770473,0.0002531248604861638,1.3693320176731845
2025-05-14,0.006412077869697374,0.006412077869697374,0.0,0.0,1.3781122811999749
2025-05-15,0.00648133338479547,0.00648133338479547,0.0,0.0,1.387044286336113
2025-05-16,0.003093316746778273,0.003093316746778273,0.0,0.0,1.3913348536555596
2025-05-19,-0.005387514738643243,-0.005387514738643243,0.0,0.0,1.3838390166251022
2025-05-20,0.0028203123542931514,0.0028203123542931514,0.0,0.0,1.387741874900043
2025-05-21,0.007023303492955874,0.007023303492955874,0.0,0.0,1.3974884072573497
2025-05-22,-0.0073122120702312325,-0.0073122120702312325,0.0,0.0,1.3872696756577942
2025-05-23,0.004290777134962173,0.004290777134962173,0.0,0.0,1.393222140662133
2025-05-26,-0.0006716557747342439,-0.0006716557747342439,0.0,0.0,1.3922863749658696
2025-05-27,-0.008457417209672014,-0.008457417209672014,0.0,0.0,1.3805112282174414
2025-05-28,-0.0020227229567784705,-0.0020227229567784705,0.0,0.0,1.3777188364640356
2025-05-29,-0.006911552480901978,-0.006911552480901978,0.0,0.0,1.3681966604218871
2025-06-02,-0.008203278915140316,-0.008203278915140316,0.0,0.0,1.356972961605683
2025-06-03,0.0005822385255452427,0.0005822385255452427,0.0,0.0,1.357763043542053
2025-06-04,0.004489263694916383,0.004489263694916383,0.0,0.0,1.3638583998797253
2025-06-05,0.005463572786417773,0.005463572786417773,0.0,0.0,1.3713099395178356
2025-06-06,0.004819101484312848,0.004819101484312848,0.0,0.0,1.377918421282819
2025-06-09,0.007759028157420133,0.007759028157420133,0.0,0.0,1.3886097291121802
2025-06-10,0.005502269566029328,0.005502269566029328,0.0,0.0,1.3962502341637664
2025-06-11,0.002239017363588664,0.002239017363588664,0.0,0.0,1.3993764626819738
2025-06-12,0.0035161861662039093,0.0035161861662039093,0.0,0.0,1.4042969308413675
2025-06-13,9.39221276969166e-05,9.39221276969166e-05,0.0,0.0,1.4044288253970305
2025-06-16,0.0036800587767786145,0.0036800587767786145,0.0,0.0,1.4095972060222939
2025-06-17,-0.0009225771295454453,-0.0009225771295454453,0.0,0.0,1.4082967438781466
2025-06-18,0.005599277579502145,0.005599277579502145,0.0,0.0,1.4161821882614294
2025-06-19,-0.01021599159578028,-0.01021599159578028,0.0,0.0,1.401714482928057
2025-06-20,-0.007930822104449068,-0.007930822104449068,0.0,0.0,1.3905977347227247
2025-06-23,-0.009454919719459496,-0.009454919719459496,0.0,0.0,1.3774497447788592
2025-06-24,0.0014010510226472985,0.0014010510226472985,0.0,0.0,1.3793796221524268
2025-06-25,0.007031458245277541,0.007031458245277541,0.0,0.0,1.3890786723699782
2025-06-26,-0.0009815986337131045,-0.0009815986337131045,0.0,0.0,1.38771515464306
2025-06-27,0.006523156461429597,0.006523156461429597,0.0,0.0,1.3967674377206936
2025-06-30,-0.004245128194494041,-0.004245128194494041,0.0,0.0,1.3908379808896743
2025-07-01,0.0022274768135292305,0.0022274768135292305,0.0,0.0,1.393936040243482
2025-07-02,7.825363107799707e-05,7.825363107799707e-05,0.0,0.0,1.3940451208001214
2025-07-03,0.0044361495792599875,0.0044361495792599875,0.0,0.0,1.4002293134762283
2025-07-04,-0.003806222170333131,-0.003806222170333131,0.0,0.0,1.3948997296197247
2025-07-07,-0.0037592150154728355,-0.0037592150154728355,0.0,0.0,1.3896560016110593
2025-07-08,-0.0003126139025299,-0.0003126139025299,0.0,0.0,1.3892215758252215
2025-07-09,-0.008293771831267133,-0.008293771831267133,0.0,0.0,1.3776996890522537
2025-07-10,0.0069938160103500575,0.0069938160103500575,0.0,0.0,1.3873350671950015
2025-07-11,0.01020828060070989,0.01020828060070989,0.0,0.0,1.401497372848133
2025-07-14,0.0034383186104605555,0.0034383186104605555,0.0,0.0,1.4063161673477083
2025-07-15,-0.002119397872739055,-0.002119397872739055,0.0,0.0,1.403335623854233
2025-07-16,0.001398294747165717,0.001398294747165717,0.0,0.0,1.405297900685579
2025-07-17,0.0024436129359163977,0.0024436129359163977,0.0,0.0,1.4087319048145106
2025-07-18,-0.003234258254080074,-0.003234258254080074,0.0,0.0,1.4041757020235783
2025-07-21,-0.0019705727416573027,-0.0019705727416573027,0.0,0.0,1.401408671660673
2025-07-22,-0.007379614780428305,-0.007379614780428305,0.0,0.0,1.3910668155138657
2025-07-23,0.00810672095514612,0.00810672095514612,0.0,0.0,1.4023438060172004
2025-07-24,-0.003449574059156594,-0.003449574059156594,0.0,0.0,1.3975063172019446
2025-07-25,-0.0016012637676977625,-0.0016012637676977625,0.0,0.0,1.3952685409710803
2025-07-28,-0.0019777295287216057,-0.0019777295287216057,0.0,0.0,1.3925090771771056
2025-07-29,-0.005367101272948296,-0.005367101272948296,0.0,0.0,1.3850353399363964
2025-07-30,0.006558342897108717,0.006558342897108717,0.0,0.0,1.394118876620313
2025-07-31,-0.009867593318220179,-0.009867593318220179,0.0,0.0,1.3803622785085699
2025-08-01,0.004591512301494308,0.004591512301494308,0.0,0.0,1.3867002288908608
2025-08-04,0.008059006763301938,0.008059006763301938,0.0,0.0,1.3978756554141645
2025-08-05,0.007750968281653139,0.007750968281653139,0.0,0.0,1.408710545280975
2025-08-06,0.0033782801702921684,0.0033782801702921684,0.0,0.0,1.4134695641817792
2025-08-07,-0.009502791777012866,-0.009502791777012866,0.0,0.0,1.4000376572302147
2025-08-08,0.0006663522787201527,0.0006663522787201527,0.0,0.0,1.400970575513404
2025-08-11,0.0014800781346773456,0.0014800781346773456,0.0,0.0,1.4030441214295477
2025-08-12,-0.0034597896632071593,-0.0034597896632071593,0.0,0.0,1.3981898838812021
2025-08-13,0.003760440982881905,0.003760440982881905,0.0,0.0,1.4034476944224
2025-08-14,0.0037242340025915284,0.0037242340025915284,0.0,0.0,1.4086744620468266
2025-08-15,-0.0012170920630840297,-0.0012170920630840297,0.0,0.0,1.4069599755396
2025-08-18,0.004986802950226309,0.004986802950226309,0.0,0.0,1.4139762076964713
2025-08-19,-0.0025491907205165408,-0.0025491907205165408,0.0,0.0,1.4103717126687803
2025-08-20,-0.00641321074707416,-0.00641321074707416,0.0,0.0,1.4013267016437234
2025-08-21,0.0017269521265663647,0.0017269521265663647,0.0,0.0,1.4037467257711413
2025-08-22,-0.005421723046011635,-0.005421723046011635,0.0,0.0,1.3961359997972647
2025-08-25,0.004255104080774991,0.004255104080774991,0.0,0.0,1.402076703787319
2025-08-26,-0.006211706325315214,-0.006211706325315214,0.0,0.0,1.3933674150578261
2025-08-27,0.0006961410455912209,0.0006961410455912209,0.0,0.0,1.3943373953070373
2025-08-28,0.00561411171618474,0.00561411171618474,0.0,0.0,1.402165361214345
2025-08-29,-0.002293784414852099,-0.002293784414852099,0.0,0.0,1.3989490961617461
2025-09-01,-0.002492153380016051,-0.002492153380016051,0.0,0.0,1.3954627004432762
2025-09-02,0.0037109819151970188,0.0037109819151970188,0.0,0.0,1.4006412372879533
2025-09-03,0.0019099696124253488,0.0019099696124253488,0.0,0.0,1.4033164194890833
2025-09-04,0.005734550946063519,0.005734550946063519,0.0,0.0,1.4113638089900908
2025-09-05,-0.0008242260882503534,-0.0008242260882503534,0.0,0.0,1.4102005261187087
2025-09-08,0.0018026869765944114,0.0018026869765944114,0.0,0.0,1.4127426762415294
2025-09-09,0.005629217944833814,0.005629217944833814,0.0,0.0,1.4206953126660609
2025-09-10,0.002981921792765141,0.002981921792765141,0.0,0.0,1.424931714979779
2025-09-11,-0.007554200506277845,-0.007554200506277845,0.0,0.0,1.4141674950970675
2025-09-12,0.009664007804760393,0.009664007804760393,0.0,0.0,1.4278340208069238
2025-09-15,-0.003535613081595267,-0.003535613081595267,0.0,0.0,1.4227857521646121
2025-09-16,-0.0007709094109806768,-0.0007709094109806768,0.0,0.0,1.4216889132384591
2025-09-17,-0.004387905119679805,-0.004387905119679805,0.0,0.0,1.4154506771774682
2025-09-18,0.005814662905856998,0.005814662905856998,0.0,0.0,1.4236810457251223
2025-09-19,-0.0009114675643507853,-0.0009114675643507853,0.0,0.0,1.4223834066299628
2025-09-22,0.003347599648510286,0.003347599648510286,0.0,0.0,1.4271449768220443
2025-09-23,0.002047929761900096,0.002047929761900096,0.0,0.0,1.4300676694946244
2025-09-24,0.0043413196173731836,0.0043413196173731836,0.0,0.0,1.4362760503223726
2025-09-25,-0.001604856091455597,-0.001604856091455597,0.0,0.0,1.433971033954001
2025-09-26,-0.003989448706938131,-0.003989448706938131,0.0,0.0,1.4282502800668064
2025-09-30,0.008905452475820018,0.008905452475820018,0.0,0.0,1.4409694950595182
2025-10-01,-0.0007021073171329748,-0.0007021073171329748,0.0,0.0,1.4399577798332717
2025-10-02,-0.0015651075496214235,-0.0015651075496214235,0.0,0.0,1.4377040910409185
2025-10-03,-0.0028138046841191585,-0.0028138046841191585,0.0,0.0,1.43365867253517
2025-10-07,0.005380043683160254,0.005380043683160254,0.0,0.0,1.441371818820151
2025-10-08,0.0029775195926318022,0.0029775195926318022,0.0,0.0,1.4456635316509554
2025-10-09,-0.0017944194258182956,-0.0017944194258182956,0.0,0.0,1.443069404926564
2025-10-13,-0.0082593594482262,-0.0082593594482262,0.0,0.0,1.4311505760025376
2025-10-14,-0.0018325663462173368,-0.0018325663462173368,0.0,0.0,1.4285278976205857
2025-10-15,-0.0009721740289864711,-0.0009721740289864711,0.0,0.0,1.4271391198988364
2025-10-16,0.003903265822788463,0.003903265822788463,0.0,0.0,1.432709623249902
2025-10-17,0.0006566882331557393,0.0006566882331557393,0.0,0.0,1.4336504668010193
2025-10-20,0.005856723264616956,0.005856723264616956,0.0,0.0,1.4420469608432618
2025-10-21,0.0027082781793539078,0.0027082781793539078,0.0,0.0,1.4459524251609173
2025-10-22,0.005954312157078682,0.005954312157078682,0.0,0.0,1.4545620772646102
2025-10-23,-0.0008120480736024804,-0.0008120480736024804,0.0,0.0,1.4533809029318323
2025-10-27,-0.005854334721739619,-0.005854334721739619,0.0,0.0,1.4448723246478852
2025-10-28,-0.00545567309860139,-0.00545567309860139,0.0,0.0,1.4369895735753901
2025-10-29,0.0024949889325114353,0.0024949889325114353,0.0,0.0,1.4405748466575952
2025-10-30,-0.004598414999115745,-0.004598414999115745,0.0,0.0,1.433950485675376
2025-10-31,-0.00670228451822647,-0.00670228451822647,0.0,0.0,1.4243397415353305
2025-11-03,0.004719227741706022,0.004719227741706022,0.0,0.0,1.4310615251571985
2025-11-04,-0.0037656590126237273,-0.0037656590126237273,0.0,0.0,1.4256726354273712
2025-11-05,0.0032594944845286975,0.0032594944845286975,0.0,0.0,1.4303196075192903
2025-11-06,0.0007908129952087112,0.0007908129952087112,0.0,0.0,1.4314507228522184
2025-11-07,-0.0029248823183721734,-0.0029248823183721734,0.0,0.0,1.427263897943327
2025-11-10,-0.002247854312930978,-0.002247854312930978,0.0,0.0,1.4240556166346445
2025-11-11,0.0001469347459517041,0.0001469347459517041,0.0,0.0,1.424264859884896
2025-11-12,0.005899686493785326,0.005899686493785326,0.0,0.0,1.4326675760423317
2025-11-13,-0.006467815521003757,-0.006467815521003757,0.0,0.0,1.4234013464575663
2025-11-14,-0.006611238803069927,-0.006611238803069927,0.0,0.0,1.413990900243524
2025-11-17,-0.003946527300438615,-0.003946527300438615,0.0,0.0,1.4084105465531411
2025-11-18,-0.01091333518787021,-0.01091333518787021,0.0,0.0,1.3930400901764752
2025-11-19,-0.0023459699807134434,-0.0023459699807134434,0.0,0.0,1.3897720599429908
2025-11-20,0.016689288672890278,0.016689288672890278,0.0,0.0,1.4129663670408967
2025-11-21,-0.010492196413295728,-0.010492196413295728,0.0,0.0,1.398141246392523
2025-11-24,0.007798669781571805,0.007798669781571805,0.0,0.0,1.4090448882811333
2025-11-25,-0.008427543106429956,-0.008427543106429956,0.0,0.0,1.3971701017462492
2025-11-26,0.009392161082987219,0.009392161082987219,0.0,0.0,1.4102925484021838
2025-11-27,0.00405644466916631,0.00405644466916631,0.0,0.0,1.4160133220921147
2025-11-28,-0.0058859578927942195,-0.0058859578927942195,0.0,0.0,1.4076787273026448
2025-12-01,-0.002562977324817069,-0.002562977324817069,0.0,0.0,1.4040708786439409
2025-12-02,0.005683903759841377,0.005683903759841377,0.0,0.0,1.4120514823901489
2025-12-03,-0.0015090430847245,-0.0015090430847245,0.0,0.0,1.409920635865373
2025-12-04,0.005577437546262572,0.005577437546262572,0.0,0.0,1.4177843801570988
2025-12-05,0.0015590458194371273,0.0015590458194371273,0.0,0.0,1.4199947709678462
2025-12-08,-0.0031965194511748515,-0.0031965194511748515,0.0,0.0,1.4154557300618809
2025-12-09,-0.00017904083273398267,-0.00017904083273398267,0.0,0.0,1.4152023056892724
2025-12-10,-0.0034038905803344213,-0.0034038905803344213,0.0,0.0,1.4103851118916693
2025-12-11,0.0009844348808792248,0.0009844348808792248,0.0,0.0,1.4117735441912882
2025-12-12,0.0034327842881353853,0.0034327842881353853,0.0,0.0,1.4166198582321934
2025-12-15,0.0010103649138142768,0.0010103649138142768,0.0,0.0,1.4180511612331637
2025-12-16,0.0006009576301569993,0.0006009576301569993,0.0,0.0,1.4189033498984598
2025-12-17,0.006667982991891562,0.006667982991891562,0.0,0.0,1.4283645733027208
2025-12-18,-0.00042537253857714326,-0.00042537253857714326,0.0,0.0,1.4277569862381614
2025-12-19,0.012642109512075932,0.012642109512075932,0.0,0.0,1.4458068464148157
2025-12-22,0.0021986737839108286,0.0021986737839108286,0.0,0.0,1.4489857040246268
2025-12-23,-0.0032864163323951066,-0.0032864163323951066,0.0,0.0,1.4442237337415131
2025-12-24,0.002229466695584586,0.002229466695584586,0.0,0.0,1.4474435824568628
2025-12-26,0.005056719553437263,0.005056719553437263,0.0,0.0,1.4547628987227696
2025-12-29,-0.0007689910690641923,-0.0007689910690641923,0.0,0.0,1.453644199046046
2025-12-30,-1.5859680618607384e-05,-1.5859680618607384e-05,0.0,0.0,1.453621144713316
2025-12-31,-0.006027666422349346,-0.006027666422349346,0.0,0.0,1.4448592013485106
2026-01-02,0.005178136799724557,0.005178136799724557,0.0,0.0,1.452340879949434
2026-01-05,0.0038287684101485074,0.0038287684101485074,0.0,0.0,1.4579015568313518
2026-01-06,0.008256630839270846,0.008256630839270846,0.0,0.0,1.4699389117861066
2026-01-07,0.005413543396522584,0.005413543396522584,0.0,0.0,1.4778964898752978
2026-01-08,-0.0019324455148827815,-0.0019324455148827815,0.0,0.0,1.475040535431977
2026-01-09,0.0002886836151671907,0.0002886836151671907,0.0,0.0,1.4754663554662637
2026-01-12,0.002098629502948533,0.002098629502948533,0.0,0.0,1.4785628126904533
2026-01-13,-0.0007840555506808943,-0.0007840555506808943,0.0,0.0,1.477403537310133
2026-01-14,0.006021094047044823,0.006021094047044823,0.0,0.0,1.4862991229537141
2026-01-15,0.008267420600235912,0.008267420600235912,0.0,0.0,1.4985869829409344
2026-01-16,0.002808853403002159,0.002808853403002159,0.0,0.0,1.502796294087663
2026-01-19,0.006414455221667449,0.006414455221667449,0.0,0.0,1.5124359136233758
2026-01-20,-0.007250860366144433,-0.007250860366144433,0.0,0.0,1.5014694520009506
2026-01-21,-0.0056853279176205355,-0.0056853279176205355,0.0,0.0,1.492933105808035
2026-01-22,0.0028965698847043097,0.0028965698847043097,0.0,0.0,1.4972574908821967
2026-01-23,-3.728914781604296e-05,-3.728914781604296e-05,0.0,0.0,1.4972016594263005
2026-01-26,0.0051778612117380236,0.0051778612117380236,0.0,0.0,1.5049539618247938
2026-01-27,-0.0041291042526648905,-0.0041291042526648905,0.0,0.0,1.498739850020958
2026-01-28,-0.0010844914873869532,-0.0010844914873869532,0.0,0.0,1.4971144794118028
2026-01-29,-0.0017819177973339327,-0.0017819177973339327,0.0,0.0,1.4944467444762926
2026-01-30,-0.007937136152414356,-0.007937136152414356,0.0,0.0,1.482585117192852
2026-02-02,-0.008109378004805436,-0.008109378004805436,0.0,0.0,1.4705622740532363
2026-02-03,0.005235524094536523,0.005235524094536523,0.0,0.0,1.4782614382715584
2026-02-04,0.008807989930245126,0.008807989930245126,0.0,0.0,1.491281950134124
2026-02-05,0.000540500949876679,0.000540500949876679,0.0,0.0,1.4920879894447054
2026-02-06,0.0019139691316748773,0.0019139691316748773,0.0,0.0,1.4949437997982455
2026-02-09,0.002262805995426835,0.002262805995426835,0.0,0.0,1.4983265675912552
2026-02-10,0.004678411559032183,0.004678411559032183,0.0,0.0,1.505336355924279
2026-02-11,0.00817738696939792,0.00817738696939792,0.0,0.0,1.517646073825775
2026-02-23,0.023773160238200287,0.023773160238200287,0.0,0.0,1.5537253171237109
2026-02-24,0.007532799641486486,0.007532799641486486,0.0,0.0,1.5654292186355088
2026-02-25,0.0014126299018775365,0.0014126299018775365,0.0,0.0,1.567640590759026
2026-02-26,0.00032744866896999673,0.00032744866896999673,0.0,0.0,1.5681539125838935
2026-03-02,-0.006705519211895316,-0.006705519211895316,0.0,0.0,1.5576386263958533
2026-03-03,-0.005463888094610721,-0.005463888094610721,0.0,0.0,1.5491278632493832
2026-03-04,-0.034696700481359935,-0.034696700481359935,0.0,0.0,1.4953782377708902
2026-03-05,0.0118275743186635,0.0118275743186635,0.0,0.0,1.5130649350126375
2026-03-06,0.005590542631010538,0.005590542631010538,0.0,0.0,1.5215237890353128
2026-03-09,-0.018920721713945834,-0.018920721713945834,0.0,0.0,1.492735460841827
2026-03-10,-0.002075035046215122,-0.002075035046215122,0.0,0.0,1.4896379824458523
2026-03-11,0.011008275869323951,0.011008275869323951,0.0,0.0,1.5060363283020395
2026-03-12,0.0022470027914633164,0.0022470027914633164,0.0,0.0,1.5094203961357795
2026-03-13,-0.0018857734132223013,-0.0018857734132223013,0.0,0.0,1.5065739712833712
2026-03-16,0.008978870967457019,0.008978870967457019,0.0,0.0,1.5201013045744538
2026-03-17,0.005857359995661372,0.005857359995661372,0.0,0.0,1.5290050851452208
2026-03-18,0.0018712903756604984,0.0018712903756604984,0.0,0.0,1.5318662976453892
2026-03-19,-0.013105134480060723,-0.013105134480060723,0.0,0.0,1.5117909838092738
2026-03-20,-0.000614944166400765,-0.000614944166400765,0.0,0.0,1.510861316762963
2026-03-23,-0.01677191003565133,-0.01677191003565133,0.0,0.0,1.4855212866818688
2026-03-24,0.007448630327204305,0.007448630327204305,0.0,0.0,1.496586385589555
2026-03-25,0.010613479549963618,0.010613479549963618,0.0,0.0,1.5124703745877637
2026-03-26,-0.0004951157493328165,-0.0004951157493328165,0.0,0.0,1.511721526684906
2026-03-27,-0.0012473099696547895,-0.0012473099696547895,0.0,0.0,1.50983594135333
2026-03-30,-0.013014890000580152,-0.013014890000580152,0.0,0.0,1.490185592657694
2026-03-31,-0.008201212124268456,-0.008201212124268456,0.0,0.0,1.4779642645077793
2026-04-01,0.02209533309529936,0.02209533309529936,0.0,0.0,1.5106203772350277
2026-04-02,-0.004654287873617653,-0.004654287873617653,0.0,0.0,1.503589515131623
2026-04-07,0.006090286136128378,0.006090286136128378,0.0,0.0,1.512746805510057
2026-04-08,0.011996060957837174,0.011996060957837174,0.0,0.0,1.530893808402729
2026-04-09,0.008690609792141566,0.008690609792141566,0.0,0.0,1.5441982091247626
2026-04-10,-0.0061443164821818105,-0.0061443164821818105,0.0,0.0,1.5347101666166816
2026-04-13,-0.003711132426053275,-0.003711132426053275,0.0,0.0,1.529014653952757
2026-04-14,0.009445968093363526,0.009445968093363526,0.0,0.0,1.54345767758828
2026-04-15,0.007967770631580325,0.007967770631580325,0.0,0.0,1.5557555943428552
2026-04-16,0.006971712876984424,0.006971712876984424,0.0,0.0,1.5666018756533757
2026-04-17,0.00565571317870036,0.00565571317870036,0.0,0.0,1.575462126527285
