date,gross_ret,net_ret,turnover,total_cost,equity
2015-01-05,0.0,0.0,0.0,0.0,1.0
2015-01-06,0.0,0.0,0.0,0.0,1.0
2015-01-07,0.0,0.0,0.0,0.0,1.0
2015-01-08,0.0,0.0,0.0,0.0,1.0
2015-01-09,0.0,0.0,0.0,0.0,1.0
2015-01-12,0.0,0.0,0.0,0.0,1.0
2015-01-13,0.0,0.0,0.0,0.0,1.0
2015-01-14,0.0,0.0,0.0,0.0,1.0
2015-01-15,0.0,0.0,0.0,0.0,1.0
2015-01-16,0.0,0.0,0.0,0.0,1.0
2015-01-19,0.0,0.0,0.0,0.0,1.0
2015-01-20,0.0,0.0,0.0,0.0,1.0
2015-01-21,0.0,0.0,0.0,0.0,1.0
2015-01-22,0.0,0.0,0.0,0.0,1.0
2015-01-23,0.0,0.0,0.0,0.0,1.0
2015-01-26,0.0,0.0,0.0,0.0,1.0
2015-01-27,0.0,0.0,0.0,0.0,1.0
2015-01-28,0.0,0.0,0.0,0.0,1.0
2015-01-29,0.0,0.0,0.0,0.0,1.0
2015-01-30,0.0,0.0,0.0,0.0,1.0
2015-02-02,0.0,0.0,0.0,0.0,1.0
2015-02-03,0.0,0.0,0.0,0.0,1.0
2015-02-04,0.0,0.0,0.0,0.0,1.0
2015-02-05,0.0,0.0,0.0,0.0,1.0
2015-02-06,0.0,0.0,0.0,0.0,1.0
2015-02-09,0.0,0.0,0.0,0.0,1.0
2015-02-10,0.0,0.0,0.0,0.0,1.0
2015-02-11,0.0,0.0,0.0,0.0,1.0
2015-02-12,0.0,0.0,0.0,0.0,1.0
2015-02-13,0.0,0.0,0.0,0.0,1.0
2015-02-24,0.0,0.0,0.0,0.0,1.0
2015-02-25,0.0,0.0,0.0,0.0,1.0
2015-02-26,0.0,0.0,0.0,0.0,1.0
2015-03-02,0.0,0.0,0.0,0.0,1.0
2015-03-03,0.0,0.0,0.0,0.0,1.0
2015-03-04,0.0,0.0,0.0,0.0,1.0
2015-03-05,0.0,0.0,0.0,0.0,1.0
2015-03-06,0.0,0.0,0.0,0.0,1.0
2015-03-09,0.0,0.0,0.0,0.0,1.0
2015-03-10,0.0,0.0,0.0,0.0,1.0
2015-03-11,0.0,0.0,0.0,0.0,1.0
2015-03-12,0.0,0.0,0.0,0.0,1.0
2015-03-13,0.0,0.0,0.0,0.0,1.0
2015-03-16,0.0,0.0,0.0,0.0,1.0
2015-03-17,0.0,0.0,0.0,0.0,1.0
2015-03-18,0.0,0.0,0.0,0.0,1.0
2015-03-19,0.0,0.0,0.0,0.0,1.0
2015-03-20,0.0,0.0,0.0,0.0,1.0
2015-03-23,0.0,0.0,0.0,0.0,1.0
2015-03-24,0.0,0.0,0.0,0.0,1.0
2015-03-25,0.0,0.0,0.0,0.0,1.0
2015-03-26,0.0,0.0,0.0,0.0,1.0
2015-03-27,0.0,0.0,0.0,0.0,1.0
2015-03-30,0.0,0.0,0.0,0.0,1.0
2015-03-31,0.0,0.0,0.0,0.0,1.0
2015-04-01,0.0,0.0,0.0,0.0,1.0
2015-04-02,0.0,0.0,0.0,0.0,1.0
2015-04-07,0.0,0.0,0.0,0.0,1.0
2015-04-08,0.0,0.0,0.0,0.0,1.0
2015-04-09,0.0,0.0,0.0,0.0,1.0
2015-04-10,0.0,0.0,0.0,0.0,1.0
2015-04-13,0.0,0.0,0.0,0.0,1.0
2015-04-14,0.0,0.0,0.0,0.0,1.0
2015-04-15,0.0,0.0,0.0,0.0,1.0
2015-04-16,0.0,0.0,0.0,0.0,1.0
2015-04-17,0.0,0.0,0.0,0.0,1.0
2015-04-20,0.0,0.0,0.0,0.0,1.0
2015-04-21,0.0,0.0,0.0,0.0,1.0
2015-04-22,0.0,0.0,0.0,0.0,1.0
2015-04-23,0.0,0.0,0.0,0.0,1.0
2015-04-24,0.0,0.0,0.0,0.0,1.0
2015-04-27,0.0,0.0,0.0,0.0,1.0
2015-04-28,0.0,0.0,0.0,0.0,1.0
2015-04-29,0.0,0.0,0.0,0.0,1.0
2015-04-30,0.0,0.0,0.0,0.0,1.0
2015-05-04,0.0,0.0,0.0,0.0,1.0
2015-05-05,0.0,0.0,0.0,0.0,1.0
2015-05-06,0.0,0.0,0.0,0.0,1.0
2015-05-07,0.0,0.0,0.0,0.0,1.0
2015-05-08,0.0,0.0,0.0,0.0,1.0
2015-05-11,0.0,0.0,0.0,0.0,1.0
2015-05-12,0.0,0.0,0.0,0.0,1.0
2015-05-13,0.0,0.0,0.0,0.0,1.0
2015-05-14,0.0,0.0,0.0,0.0,1.0
2015-05-15,0.0,0.0,0.0,0.0,1.0
2015-05-18,0.0,0.0,0.0,0.0,1.0
2015-05-19,0.0,0.0,0.0,0.0,1.0
2015-05-20,0.0,0.0,0.0,0.0,1.0
2015-05-21,0.0,0.0,0.0,0.0,1.0
2015-05-22,0.0,0.0,0.0,0.0,1.0
2015-05-25,0.0,0.0,0.0,0.0,1.0
2015-05-26,0.0,0.0,0.0,0.0,1.0
2015-05-27,0.0,0.0,0.0,0.0,1.0
2015-05-28,0.0,0.0,0.0,0.0,1.0
2015-05-29,0.0,0.0,0.0,0.0,1.0
2015-06-01,0.0,0.0,0.0,0.0,1.0
2015-06-02,0.0,0.0,0.0,0.0,1.0
2015-06-03,0.0,0.0,0.0,0.0,1.0
2015-06-04,0.0,0.0,0.0,0.0,1.0
2015-06-05,0.0,0.0,0.0,0.0,1.0
2015-06-08,0.0,0.0,0.0,0.0,1.0
2015-06-09,0.0,0.0,0.0,0.0,1.0
2015-06-10,0.0,0.0,0.0,0.0,1.0
2015-06-11,0.0,0.0,0.0,0.0,1.0
2015-06-12,0.0,0.0,0.0,0.0,1.0
2015-06-15,0.0,0.0,0.0,0.0,1.0
2015-06-16,0.0,0.0,0.0,0.0,1.0
2015-06-17,0.0,0.0,0.0,0.0,1.0
2015-06-18,0.0,0.0,0.0,0.0,1.0
2015-06-22,0.0,0.0,0.0,0.0,1.0
2015-06-23,0.0,0.0,0.0,0.0,1.0
2015-06-24,0.0,0.0,0.0,0.0,1.0
2015-06-25,0.0,0.0,0.0,0.0,1.0
2015-06-26,0.0,0.0,0.0,0.0,1.0
2015-06-29,0.0,0.0,0.0,0.0,1.0
2015-06-30,0.0,0.0,0.0,0.0,1.0
2015-07-01,0.0,0.0,0.0,0.0,1.0
2015-07-02,0.0,0.0,0.0,0.0,1.0
2015-07-03,0.0,0.0,0.0,0.0,1.0
2015-07-06,0.0,0.0,0.0,0.0,1.0
2015-07-07,0.0,0.0,0.0,0.0,1.0
2015-07-08,0.0,0.0,0.0,0.0,1.0
2015-07-09,0.0,0.0,0.0,0.0,1.0
2015-07-13,0.0,0.0,0.0,0.0,1.0
2015-07-14,0.0,0.0,0.0,0.0,1.0
2015-07-15,0.0,0.0,0.0,0.0,1.0
2015-07-16,0.0,0.0,0.0,0.0,1.0
2015-07-17,0.0,0.0,0.0,0.0,1.0
2015-07-20,0.0,0.0,0.0,0.0,1.0
2015-07-21,0.0,0.0,0.0,0.0,1.0
2015-07-22,0.0,0.0,0.0,0.0,1.0
2015-07-23,0.0,0.0,0.0,0.0,1.0
2015-07-24,0.0,0.0,0.0,0.0,1.0
2015-07-27,0.0,0.0,0.0,0.0,1.0
2015-07-28,0.0,0.0,0.0,0.0,1.0
2015-07-29,0.0,0.0,0.0,0.0,1.0
2015-07-30,0.0,0.0,0.0,0.0,1.0
2015-07-31,0.0,0.0,0.0,0.0,1.0
2015-08-03,0.0,0.0,0.0,0.0,1.0
2015-08-04,0.0,0.0,0.0,0.0,1.0
2015-08-05,0.0,0.0,0.0,0.0,1.0
2015-08-06,0.0,0.0,0.0,0.0,1.0
2015-08-07,0.0,0.0,0.0,0.0,1.0
2015-08-10,0.0,0.0,0.0,0.0,1.0
2015-08-11,0.0,0.0,0.0,0.0,1.0
2015-08-12,0.0,0.0,0.0,0.0,1.0
2015-08-13,0.0,0.0,0.0,0.0,1.0
2015-08-14,0.0,0.0,0.0,0.0,1.0
2015-08-17,0.0,0.0,0.0,0.0,1.0
2015-08-18,0.0,0.0,0.0,0.0,1.0
2015-08-19,0.0,0.0,0.0,0.0,1.0
2015-08-20,0.0,0.0,0.0,0.0,1.0
2015-08-21,0.0,0.0,0.0,0.0,1.0
2015-08-24,0.0,0.0,0.0,0.0,1.0
2015-08-25,0.0,0.0,0.0,0.0,1.0
2015-08-26,0.0,0.0,0.0,0.0,1.0
2015-08-27,0.0,0.0,0.0,0.0,1.0
2015-08-28,0.0,0.0,0.0,0.0,1.0
2015-08-31,0.0,0.0,0.0,0.0,1.0
2015-09-01,0.0,0.0,0.0,0.0,1.0
2015-09-02,0.0,0.0,0.0,0.0,1.0
2015-09-03,0.0,0.0,0.0,0.0,1.0
2015-09-04,0.0,0.0,0.0,0.0,1.0
2015-09-07,0.0,0.0,0.0,0.0,1.0
2015-09-08,0.0,0.0,0.0,0.0,1.0
2015-09-09,0.0,0.0,0.0,0.0,1.0
2015-09-10,0.0,0.0,0.0,0.0,1.0
2015-09-11,0.0,0.0,0.0,0.0,1.0
2015-09-14,0.0,0.0,0.0,0.0,1.0
2015-09-15,0.0,0.0,0.0,0.0,1.0
2015-09-16,0.0,0.0,0.0,0.0,1.0
2015-09-17,0.0,0.0,0.0,0.0,1.0
2015-09-18,0.0,0.0,0.0,0.0,1.0
2015-09-21,0.0,0.0,0.0,0.0,1.0
2015-09-22,0.0,0.0,0.0,0.0,1.0
2015-09-23,0.0,0.0,0.0,0.0,1.0
2015-09-24,0.0,0.0,0.0,0.0,1.0
2015-09-25,0.0,0.0,0.0,0.0,1.0
2015-09-30,0.0,0.0,0.0,0.0,1.0
2015-10-01,0.0,0.0,0.0,0.0,1.0
2015-10-02,0.0,0.0,0.0,0.0,1.0
2015-10-05,0.0,0.0,0.0,0.0,1.0
2015-10-06,0.0,0.0,0.0,0.0,1.0
2015-10-07,0.0,0.0,0.0,0.0,1.0
2015-10-08,0.0,0.0,0.0,0.0,1.0
2015-10-12,0.0,0.0,0.0,0.0,1.0
2015-10-13,0.0,0.0,0.0,0.0,1.0
2015-10-14,0.0,0.0,0.0,0.0,1.0
2015-10-15,0.0,0.0,0.0,0.0,1.0
2015-10-16,0.0,0.0,0.0,0.0,1.0
2015-10-19,0.0,0.0,0.0,0.0,1.0
2015-10-20,0.0,0.0,0.0,0.0,1.0
2015-10-21,0.0,0.0,0.0,0.0,1.0
2015-10-22,0.0,0.0,0.0,0.0,1.0
2015-10-23,0.0,0.0,0.0,0.0,1.0
2015-10-26,0.0,0.0,0.0,0.0,1.0
2015-10-27,0.0,0.0,0.0,0.0,1.0
2015-10-28,0.0,0.0,0.0,0.0,1.0
2015-10-29,0.0,0.0,0.0,0.0,1.0
2015-10-30,0.0,0.0,0.0,0.0,1.0
2015-11-02,0.0,0.0,0.0,0.0,1.0
2015-11-03,0.0,0.0,0.0,0.0,1.0
2015-11-04,0.0,0.0,0.0,0.0,1.0
2015-11-05,0.0,0.0,0.0,0.0,1.0
2015-11-06,0.0,0.0,0.0,0.0,1.0
2015-11-09,0.0,0.0,0.0,0.0,1.0
2015-11-10,0.0,0.0,0.0,0.0,1.0
2015-11-11,0.0,0.0,0.0,0.0,1.0
2015-11-12,0.0,0.0,0.0,0.0,1.0
2015-11-13,0.0,0.0,0.0,0.0,1.0
2015-11-16,0.0,0.0,0.0,0.0,1.0
2015-11-17,0.0,0.0,0.0,0.0,1.0
2015-11-18,0.0,0.0,0.0,0.0,1.0
2015-11-19,0.0,0.0,0.0,0.0,1.0
2015-11-20,0.0,0.0,0.0,0.0,1.0
2015-11-23,0.0,0.0,0.0,0.0,1.0
2015-11-24,0.0,0.0,0.0,0.0,1.0
2015-11-25,0.0,0.0,0.0,0.0,1.0
2015-11-26,0.0,0.0,0.0,0.0,1.0
2015-11-27,0.0,0.0,0.0,0.0,1.0
2015-11-30,0.0,0.0,0.0,0.0,1.0
2015-12-01,0.0,0.0,0.0,0.0,1.0
2015-12-02,0.0,0.0,0.0,0.0,1.0
2015-12-03,0.0,0.0,0.0,0.0,1.0
2015-12-04,0.0,0.0,0.0,0.0,1.0
2015-12-07,0.0,0.0,0.0,0.0,1.0
2015-12-08,0.0,0.0,0.0,0.0,1.0
2015-12-09,0.0,0.0,0.0,0.0,1.0
2015-12-10,0.0,0.0,0.0,0.0,1.0
2015-12-11,0.0,0.0,0.0,0.0,1.0
2015-12-14,0.0,0.0,0.0,0.0,1.0
2015-12-15,0.0,0.0,0.0,0.0,1.0
2015-12-16,0.0,0.0,0.0,0.0,1.0
2015-12-17,0.0,0.0,0.0,0.0,1.0
2015-12-18,0.0,0.0,0.0,0.0,1.0
2015-12-21,0.0,0.0,0.0,0.0,1.0
2015-12-22,0.0,0.0,0.0,0.0,1.0
2015-12-23,0.0,0.0,0.0,0.0,1.0
2015-12-24,0.0,0.0,0.0,0.0,1.0
2015-12-25,0.0,0.0,0.0,0.0,1.0
2015-12-28,0.0,0.0,0.0,0.0,1.0
2015-12-29,0.0,0.0,0.0,0.0,1.0
2015-12-30,0.0,0.0,0.0,0.0,1.0
2015-12-31,0.0,0.0,0.0,0.0,1.0
2016-01-04,0.0,0.0,0.0,0.0,1.0
2016-01-05,0.0,0.0,0.0,0.0,1.0
2016-01-06,0.0,0.0,0.0,0.0,1.0
2016-01-07,0.0,0.0,0.0,0.0,1.0
2016-01-08,0.0,0.0,0.0,0.0,1.0
2016-01-11,0.0,0.0,0.0,0.0,1.0
2016-01-12,0.0,0.0,0.0,0.0,1.0
2016-01-13,0.0,0.0,0.0,0.0,1.0
2016-01-14,0.0,0.0,0.0,0.0,1.0
2016-01-15,0.0,0.0,0.0,0.0,1.0
2016-01-18,0.0,0.0,0.0,0.0,1.0
2016-01-19,0.0,0.0,0.0,0.0,1.0
2016-01-20,0.0,0.0,0.0,0.0,1.0
2016-01-21,0.0,0.0,0.0,0.0,1.0
2016-01-22,0.0,0.0,0.0,0.0,1.0
2016-01-25,0.0,0.0,0.0,0.0,1.0
2016-01-26,0.0,0.0,0.0,0.0,1.0
2016-01-27,0.0,0.0,0.0,0.0,1.0
2016-01-28,0.0,0.0,0.0,0.0,1.0
2016-01-29,0.0,0.0,0.0,0.0,1.0
2016-01-30,0.0,0.0,0.0,0.0,1.0
2016-02-01,0.0,0.0,0.0,0.0,1.0
2016-02-02,0.0,0.0,0.0,0.0,1.0
2016-02-03,0.0,0.0,0.0,0.0,1.0
2016-02-15,0.0,0.0,0.0,0.0,1.0
2016-02-16,0.0,0.0,0.0,0.0,1.0
2016-02-17,0.0,0.0,0.0,0.0,1.0
2016-02-18,0.0,0.0,0.0,0.0,1.0
2016-02-19,0.0,0.0,0.0,0.0,1.0
2016-02-22,0.0,0.0,0.0,0.0,1.0
2016-02-23,0.0,0.0,0.0,0.0,1.0
2016-02-24,0.0,0.0,0.0,0.0,1.0
2016-02-25,0.0,0.0,0.0,0.0,1.0
2016-02-26,0.0,0.0,0.0,0.0,1.0
2016-03-01,0.0,0.0,0.0,0.0,1.0
2016-03-02,0.0,0.0,0.0,0.0,1.0
2016-03-03,0.0,0.0,0.0,0.0,1.0
2016-03-04,0.0,0.0,0.0,0.0,1.0
2016-03-07,0.0,0.0,0.0,0.0,1.0
2016-03-08,0.0,0.0,0.0,0.0,1.0
2016-03-09,0.0,0.0,0.0,0.0,1.0
2016-03-10,0.0,0.0,0.0,0.0,1.0
2016-03-11,0.0,0.0,0.0,0.0,1.0
2016-03-14,0.0,0.0,0.0,0.0,1.0
2016-03-15,0.0,0.0,0.0,0.0,1.0
2016-03-16,0.0,0.0,0.0,0.0,1.0
2016-03-17,0.0,0.0,0.0,0.0,1.0
2016-03-18,0.0,0.0,0.0,0.0,1.0
2016-03-21,0.0,0.0,0.0,0.0,1.0
2016-03-22,0.0,0.0,0.0,0.0,1.0
2016-03-23,0.0,0.0,0.0,0.0,1.0
2016-03-24,0.0,0.0,0.0,0.0,1.0
2016-03-25,0.0,0.0,0.0,0.0,1.0
2016-03-28,0.0,0.0,0.0,0.0,1.0
2016-03-29,0.0,0.0,0.0,0.0,1.0
2016-03-30,0.0,0.0,0.0,0.0,1.0
2016-03-31,0.0,0.0,0.0,0.0,1.0
2016-04-01,0.0,0.0,0.0,0.0,1.0
2016-04-06,0.0,0.0,0.0,0.0,1.0
2016-04-07,0.0,0.0,0.0,0.0,1.0
2016-04-08,0.0,0.0,0.0,0.0,1.0
2016-04-11,0.0,0.0,0.0,0.0,1.0
2016-04-12,0.0,0.0,0.0,0.0,1.0
2016-04-13,0.0,0.0,0.0,0.0,1.0
2016-04-14,0.0,0.0,0.0,0.0,1.0
2016-04-15,0.0,0.0,0.0,0.0,1.0
2016-04-18,0.0,0.0,0.0,0.0,1.0
2016-04-19,0.0,0.0,0.0,0.0,1.0
2016-04-20,0.0,0.0,0.0,0.0,1.0
2016-04-21,0.0,0.0,0.0,0.0,1.0
2016-04-22,0.0,0.0,0.0,0.0,1.0
2016-04-25,0.0,0.0,0.0,0.0,1.0
2016-04-26,0.0,0.0,0.0,0.0,1.0
2016-04-27,0.0,0.0,0.0,0.0,1.0
2016-04-28,0.0,0.0,0.0,0.0,1.0
2016-04-29,0.0,0.0,0.0,0.0,1.0
2016-05-03,0.0,0.0,0.0,0.0,1.0
2016-05-04,0.0,0.0,0.0,0.0,1.0
2016-05-05,0.0,0.0,0.0,0.0,1.0
2016-05-06,0.0,0.0,0.0,0.0,1.0
2016-05-09,0.0,0.0,0.0,0.0,1.0
2016-05-10,0.0,0.0,0.0,0.0,1.0
2016-05-11,0.0,0.0,0.0,0.0,1.0
2016-05-12,0.0,0.0,0.0,0.0,1.0
2016-05-13,0.0,0.0,0.0,0.0,1.0
2016-05-16,0.0,0.0,0.0,0.0,1.0
2016-05-17,0.0,0.0,0.0,0.0,1.0
2016-05-18,0.0,0.0,0.0,0.0,1.0
2016-05-19,0.0,0.0,0.0,0.0,1.0
2016-05-20,0.0,0.0,0.0,0.0,1.0
2016-05-23,0.0,0.0,0.0,0.0,1.0
2016-05-24,0.0,0.0,0.0,0.0,1.0
2016-05-25,0.0,0.0,0.0,0.0,1.0
2016-05-26,0.0,0.0,0.0,0.0,1.0
2016-05-27,0.0,0.0,0.0,0.0,1.0
2016-05-30,0.0,0.0,0.0,0.0,1.0
2016-05-31,0.0,0.0,0.0,0.0,1.0
2016-06-01,0.0,0.0,0.0,0.0,1.0
2016-06-02,0.0,0.0,0.0,0.0,1.0
2016-06-03,0.0,0.0,0.0,0.0,1.0
2016-06-04,0.0,0.0,0.0,0.0,1.0
2016-06-06,0.0,0.0,0.0,0.0,1.0
2016-06-07,0.0,0.0,0.0,0.0,1.0
2016-06-08,0.0,0.0,0.0,0.0,1.0
2016-06-13,0.0,0.0,0.0,0.0,1.0
2016-06-14,0.0,0.0,0.0,0.0,1.0
2016-06-15,0.0,0.0,0.0,0.0,1.0
2016-06-16,0.0,0.0,0.0,0.0,1.0
2016-06-17,0.0,0.0,0.0,0.0,1.0
2016-06-20,0.0,0.0,0.0,0.0,1.0
2016-06-21,0.0,0.0,0.0,0.0,1.0
2016-06-22,0.0,0.0,0.0,0.0,1.0
2016-06-23,0.0,0.0,0.0,0.0,1.0
2016-06-24,0.0,0.0,0.0,0.0,1.0
2016-06-27,0.0,0.0,0.0,0.0,1.0
2016-06-28,0.0,0.0,0.0,0.0,1.0
2016-06-29,0.0,0.0,0.0,0.0,1.0
2016-06-30,0.0,0.0,0.0,0.0,1.0
2016-07-01,0.0,0.0,0.0,0.0,1.0
2016-07-04,0.0,0.0,0.0,0.0,1.0
2016-07-05,0.0,0.0,0.0,0.0,1.0
2016-07-06,0.0,0.0,0.0,0.0,1.0
2016-07-07,0.0,0.0,0.0,0.0,1.0
2016-07-11,0.0,0.0,0.0,0.0,1.0
2016-07-12,0.0,0.0,0.0,0.0,1.0
2016-07-13,0.0,0.0,0.0,0.0,1.0
2016-07-14,0.0,0.0,0.0,0.0,1.0
2016-07-15,0.0,0.0,0.0,0.0,1.0
2016-07-18,0.0,0.0,0.0,0.0,1.0
2016-07-19,0.0,0.0,0.0,0.0,1.0
2016-07-20,0.0,0.0,0.0,0.0,1.0
2016-07-21,0.0,0.0,0.0,0.0,1.0
2016-07-22,0.0,0.0,0.0,0.0,1.0
2016-07-25,0.0,0.0,0.0,0.0,1.0
2016-07-26,0.0,0.0,0.0,0.0,1.0
2016-07-27,0.0,0.0,0.0,0.0,1.0
2016-07-28,0.0,0.0,0.0,0.0,1.0
2016-07-29,0.0,0.0,0.0,0.0,1.0
2016-08-01,0.0,0.0,0.0,0.0,1.0
2016-08-02,0.0,0.0,0.0,0.0,1.0
2016-08-03,0.0,0.0,0.0,0.0,1.0
2016-08-04,0.0,0.0,0.0,0.0,1.0
2016-08-05,0.0,0.0,0.0,0.0,1.0
2016-08-08,0.0,0.0,0.0,0.0,1.0
2016-08-09,0.0,0.0,0.0,0.0,1.0
2016-08-10,0.0,0.0,0.0,0.0,1.0
2016-08-11,0.0,0.0,0.0,0.0,1.0
2016-08-12,0.0,0.0,0.0,0.0,1.0
2016-08-15,0.0,0.0,0.0,0.0,1.0
2016-08-16,0.0,0.0,0.0,0.0,1.0
2016-08-17,0.0,0.0,0.0,0.0,1.0
2016-08-18,0.0,0.0,0.0,0.0,1.0
2016-08-19,0.0,0.0,0.0,0.0,1.0
2016-08-22,0.0,0.0,0.0,0.0,1.0
2016-08-23,0.0,0.0,0.0,0.0,1.0
2016-08-24,0.0,0.0,0.0,0.0,1.0
2016-08-25,0.0,0.0,0.0,0.0,1.0
2016-08-26,0.0,0.0,0.0,0.0,1.0
2016-08-29,0.0,0.0,0.0,0.0,1.0
2016-08-30,0.0,0.0,0.0,0.0,1.0
2016-08-31,0.0,0.0,0.0,0.0,1.0
2016-09-01,0.0,0.0,0.0,0.0,1.0
2016-09-02,0.0,0.0,0.0,0.0,1.0
2016-09-05,0.0,0.0,0.0,0.0,1.0
2016-09-06,0.0,0.0,0.0,0.0,1.0
2016-09-07,0.0,0.0,0.0,0.0,1.0
2016-09-08,0.0,0.0,0.0,0.0,1.0
2016-09-09,0.0,0.0,0.0,0.0,1.0
2016-09-10,0.0,0.0,0.0,0.0,1.0
2016-09-12,0.0,0.0,0.0,0.0,1.0
2016-09-13,0.0,0.0,0.0,0.0,1.0
2016-09-14,0.0,0.0,0.0,0.0,1.0
2016-09-19,0.0,0.0,0.0,0.0,1.0
2016-09-20,0.0,0.0,0.0,0.0,1.0
2016-09-21,0.0,0.0,0.0,0.0,1.0
2016-09-22,0.0,0.0,0.0,0.0,1.0
2016-09-23,0.0,0.0,0.0,0.0,1.0
2016-09-26,0.0,0.0,0.0,0.0,1.0
2016-09-29,0.0,0.0,0.0,0.0,1.0
2016-09-30,0.0,0.0,0.0,0.0,1.0
2016-10-03,0.0,0.0,0.0,0.0,1.0
2016-10-04,0.0,0.0,0.0,0.0,1.0
2016-10-05,0.0,0.0,0.0,0.0,1.0
2016-10-06,0.0,0.0,0.0,0.0,1.0
2016-10-07,0.0,0.0,0.0,0.0,1.0
2016-10-11,0.0,0.0,0.0,0.0,1.0
2016-10-12,0.0,0.0,0.0,0.0,1.0
2016-10-13,0.0,0.0,0.0,0.0,1.0
2016-10-14,0.0,0.0,0.0,0.0,1.0
2016-10-17,0.0,0.0,0.0,0.0,1.0
2016-10-18,0.0,0.0,0.0,0.0,1.0
2016-10-19,0.0,0.0,0.0,0.0,1.0
2016-10-20,0.0,0.0,0.0,0.0,1.0
2016-10-21,0.0,0.0,0.0,0.0,1.0
2016-10-24,0.0,0.0,0.0,0.0,1.0
2016-10-25,0.0,0.0,0.0,0.0,1.0
2016-10-26,0.0,0.0,0.0,0.0,1.0
2016-10-27,0.0,0.0,0.0,0.0,1.0
2016-10-28,0.0,0.0,0.0,0.0,1.0
2016-10-31,0.0,0.0,0.0,0.0,1.0
2016-11-01,0.0,0.0,0.0,0.0,1.0
2016-11-02,0.0,0.0,0.0,0.0,1.0
2016-11-03,0.0,0.0,0.0,0.0,1.0
2016-11-04,0.0,0.0,0.0,0.0,1.0
2016-11-07,0.0,0.0,0.0,0.0,1.0
2016-11-08,0.0,0.0,0.0,0.0,1.0
2016-11-09,0.0,0.0,0.0,0.0,1.0
2016-11-10,0.0,0.0,0.0,0.0,1.0
2016-11-11,0.0,0.0,0.0,0.0,1.0
2016-11-14,0.0,0.0,0.0,0.0,1.0
2016-11-15,0.0,0.0,0.0,0.0,1.0
2016-11-16,0.0,0.0,0.0,0.0,1.0
2016-11-17,0.0,0.0,0.0,0.0,1.0
2016-11-18,0.0,0.0,0.0,0.0,1.0
2016-11-21,0.0,0.0,0.0,0.0,1.0
2016-11-22,0.0,0.0,0.0,0.0,1.0
2016-11-23,0.0,0.0,0.0,0.0,1.0
2016-11-24,0.0,0.0,0.0,0.0,1.0
2016-11-25,0.0,0.0,0.0,0.0,1.0
2016-11-28,0.0,0.0,0.0,0.0,1.0
2016-11-29,0.0,0.0,0.0,0.0,1.0
2016-11-30,0.0,0.0,0.0,0.0,1.0
2016-12-01,0.0,0.0,0.0,0.0,1.0
2016-12-02,0.0,0.0,0.0,0.0,1.0
2016-12-05,0.0,0.0,0.0,0.0,1.0
2016-12-06,0.0,0.0,0.0,0.0,1.0
2016-12-07,0.0,0.0,0.0,0.0,1.0
2016-12-08,0.0,0.0,0.0,0.0,1.0
2016-12-09,0.0,0.0,0.0,0.0,1.0
2016-12-12,0.0,0.0,0.0,0.0,1.0
2016-12-13,0.0,0.0,0.0,0.0,1.0
2016-12-14,0.0,0.0,0.0,0.0,1.0
2016-12-15,0.0,0.0,0.0,0.0,1.0
2016-12-16,0.0,0.0,0.0,0.0,1.0
2016-12-19,0.0,0.0,0.0,0.0,1.0
2016-12-20,0.0,0.0,0.0,0.0,1.0
2016-12-21,0.0,0.0,0.0,0.0,1.0
2016-12-22,0.0,0.0,0.0,0.0,1.0
2016-12-23,0.0,0.0,0.0,0.0,1.0
2016-12-26,0.0,0.0,0.0,0.0,1.0
2016-12-27,0.0,0.0,0.0,0.0,1.0
2016-12-28,0.0,0.0,0.0,0.0,1.0
2016-12-29,0.0,0.0,0.0,0.0,1.0
2016-12-30,0.0,0.0,0.0,0.0,1.0
2017-01-03,0.0,0.0,0.0,0.0,1.0
2017-01-04,0.0,0.0,0.0,0.0,1.0
2017-01-05,0.0,0.0,0.0,0.0,1.0
2017-01-06,0.0,0.0,0.0,0.0,1.0
2017-01-09,0.0,0.0,0.0,0.0,1.0
2017-01-10,0.0,0.0,0.0,0.0,1.0
2017-01-11,0.0,0.0,0.0,0.0,1.0
2017-01-12,0.0,0.0,0.0,0.0,1.0
2017-01-13,0.0,0.0,0.0,0.0,1.0
2017-01-16,0.0,0.0,0.0,0.0,1.0
2017-01-17,0.0,0.0,0.0,0.0,1.0
2017-01-18,0.0,0.0,0.0,0.0,1.0
2017-01-19,0.0,0.0,0.0,0.0,1.0
2017-01-20,0.0,0.0,0.0,0.0,1.0
2017-01-23,0.0,0.0,0.0,0.0,1.0
2017-01-24,0.0,0.0,0.0,0.0,1.0
2017-02-02,0.0,0.0,0.0,0.0,1.0
2017-02-03,0.0,0.0,0.0,0.0,1.0
2017-02-06,0.0,0.0,0.0,0.0,1.0
2017-02-07,0.0,0.0,0.0,0.0,1.0
2017-02-08,0.0,0.0,0.0,0.0,1.0
2017-02-09,0.0,0.0,0.0,0.0,1.0
2017-02-10,0.0,0.0,0.0,0.0,1.0
2017-02-13,0.0,0.0,0.0,0.0,1.0
2017-02-14,0.0,0.0,0.0,0.0,1.0
2017-02-15,0.0,0.0,0.0,0.0,1.0
2017-02-16,0.0,0.0,0.0,0.0,1.0
2017-02-17,0.0,0.0,0.0,0.0,1.0
2017-02-18,0.0,0.0,0.0,0.0,1.0
2017-02-20,0.0,0.0,0.0,0.0,1.0
2017-02-21,0.0,0.0,0.0,0.0,1.0
2017-02-22,0.0,0.0,0.0,0.0,1.0
2017-02-23,0.0,0.0,0.0,0.0,1.0
2017-02-24,0.0,0.0,0.0,0.0,1.0
2017-03-01,0.0,0.0,0.0,0.0,1.0
2017-03-02,0.0,0.0,0.0,0.0,1.0
2017-03-03,0.0,0.0,0.0,0.0,1.0
2017-03-06,0.0,0.0,0.0,0.0,1.0
2017-03-07,0.0,0.0,0.0,0.0,1.0
2017-03-08,0.0,0.0,0.0,0.0,1.0
2017-03-09,0.0,0.0,0.0,0.0,1.0
2017-03-10,0.0,0.0,0.0,0.0,1.0
2017-03-13,0.0,0.0,0.0,0.0,1.0
2017-03-14,0.0,0.0,0.0,0.0,1.0
2017-03-15,0.0,0.0,0.0,0.0,1.0
2017-03-16,0.0,0.0,0.0,0.0,1.0
2017-03-17,0.0,0.0,0.0,0.0,1.0
2017-03-20,0.0,0.0,0.0,0.0,1.0
2017-03-21,0.0,0.0,0.0,0.0,1.0
2017-03-22,0.0,0.0,0.0,0.0,1.0
2017-03-23,0.0,0.0,0.0,0.0,1.0
2017-03-24,0.0,0.0,0.0,0.0,1.0
2017-03-27,0.0,0.0,0.0,0.0,1.0
2017-03-28,0.0,0.0,0.0,0.0,1.0
2017-03-29,0.0,0.0,0.0,0.0,1.0
2017-03-30,0.0,0.0,0.0,0.0,1.0
2017-03-31,0.0,0.0,0.0,0.0,1.0
2017-04-05,0.0,0.0,0.0,0.0,1.0
2017-04-06,0.0,0.0,0.0,0.0,1.0
2017-04-07,0.0,0.0,0.0,0.0,1.0
2017-04-10,0.0,0.0,0.0,0.0,1.0
2017-04-11,0.0,0.0,0.0,0.0,1.0
2017-04-12,0.0,0.0,0.0,0.0,1.0
2017-04-13,0.0,0.0,0.0,0.0,1.0
2017-04-14,0.0,0.0,0.0,0.0,1.0
2017-04-17,0.0,0.0,0.0,0.0,1.0
2017-04-18,0.0,0.0,0.0,0.0,1.0
2017-04-19,0.0,0.0,0.0,0.0,1.0
2017-04-20,0.0,0.0,0.0,0.0,1.0
2017-04-21,0.0,0.0,0.0,0.0,1.0
2017-04-24,0.0,0.0,0.0,0.0,1.0
2017-04-25,0.0,0.0,0.0,0.0,1.0
2017-04-26,0.0,0.0,0.0,0.0,1.0
2017-04-27,0.0,0.0,0.0,0.0,1.0
2017-04-28,0.0,0.0,0.0,0.0,1.0
2017-05-02,0.0,0.0,0.0,0.0,1.0
2017-05-03,0.0,0.0,0.0,0.0,1.0
2017-05-04,0.0,0.0,0.0,0.0,1.0
2017-05-05,0.0,0.0,0.0,0.0,1.0
2017-05-08,0.0,0.0,0.0,0.0,1.0
2017-05-09,0.0,0.0,0.0,0.0,1.0
2017-05-10,0.0,0.0,0.0,0.0,1.0
2017-05-11,0.0,0.0,0.0,0.0,1.0
2017-05-12,0.0,0.0,0.0,0.0,1.0
2017-05-15,0.0,0.0,0.0,0.0,1.0
2017-05-16,0.0,0.0,0.0,0.0,1.0
2017-05-17,0.0,0.0,0.0,0.0,1.0
2017-05-18,0.0,0.0,0.0,0.0,1.0
2017-05-19,0.0,0.0,0.0,0.0,1.0
2017-05-22,0.0,0.0,0.0,0.0,1.0
2017-05-23,0.0,0.0,0.0,0.0,1.0
2017-05-24,0.0,0.0,0.0,0.0,1.0
2017-05-25,0.0,0.0,0.0,0.0,1.0
2017-05-26,0.0,0.0,0.0,0.0,1.0
2017-05-31,0.0,0.0,0.0,0.0,1.0
2017-06-01,0.0,0.0,0.0,0.0,1.0
2017-06-02,0.0,0.0,0.0,0.0,1.0
2017-06-03,0.0,0.0,0.0,0.0,1.0
2017-06-05,0.0,0.0,0.0,0.0,1.0
2017-06-06,0.0,0.0,0.0,0.0,1.0
2017-06-07,0.0,0.0,0.0,0.0,1.0
2017-06-08,0.0,0.0,0.0,0.0,1.0
2017-06-09,0.0,0.0,0.0,0.0,1.0
2017-06-12,0.0,0.0,0.0,0.0,1.0
2017-06-13,0.0,0.0,0.0,0.0,1.0
2017-06-14,0.0,0.0,0.0,0.0,1.0
2017-06-15,0.0,0.0,0.0,0.0,1.0
2017-06-16,0.0,0.0,0.0,0.0,1.0
2017-06-19,0.0,0.0,0.0,0.0,1.0
2017-06-20,0.0,0.0,0.0,0.0,1.0
2017-06-21,0.0,0.0,0.0,0.0,1.0
2017-06-22,0.0,0.0,0.0,0.0,1.0
2017-06-23,0.0,0.0,0.0,0.0,1.0
2017-06-26,0.0,0.0,0.0,0.0,1.0
2017-06-27,0.0,0.0,0.0,0.0,1.0
2017-06-28,0.0,0.0,0.0,0.0,1.0
2017-06-29,0.0,0.0,0.0,0.0,1.0
2017-06-30,0.0,0.0,0.0,0.0,1.0
2017-07-03,0.0,0.0,0.0,0.0,1.0
2017-07-04,0.0,0.0,0.0,0.0,1.0
2017-07-05,0.0,0.0,0.0,0.0,1.0
2017-07-06,0.0,0.0,0.0,0.0,1.0
2017-07-07,0.0,0.0,0.0,0.0,1.0
2017-07-10,0.0,0.0,0.0,0.0,1.0
2017-07-11,0.0,0.0,0.0,0.0,1.0
2017-07-12,0.0,0.0,0.0,0.0,1.0
2017-07-13,0.0,0.0,0.0,0.0,1.0
2017-07-14,0.0,0.0,0.0,0.0,1.0
2017-07-17,0.0,0.0,0.0,0.0,1.0
2017-07-18,0.0,0.0,0.0,0.0,1.0
2017-07-19,0.0,0.0,0.0,0.0,1.0
2017-07-20,0.0,0.0,0.0,0.0,1.0
2017-07-21,0.0,0.0,0.0,0.0,1.0
2017-07-24,0.0,0.0,0.0,0.0,1.0
2017-07-25,0.0,0.0,0.0,0.0,1.0
2017-07-26,0.0,0.0,0.0,0.0,1.0
2017-07-27,0.0,0.0,0.0,0.0,1.0
2017-07-28,0.0,0.0,0.0,0.0,1.0
2017-07-31,0.0,0.0,0.0,0.0,1.0
2017-08-01,0.0,0.0,0.0,0.0,1.0
2017-08-02,0.0,0.0,0.0,0.0,1.0
2017-08-03,0.0,0.0,0.0,0.0,1.0
2017-08-04,0.0,0.0,0.0,0.0,1.0
2017-08-07,0.0,0.0,0.0,0.0,1.0
2017-08-08,0.0,0.0,0.0,0.0,1.0
2017-08-09,0.0,0.0,0.0,0.0,1.0
2017-08-10,0.0,0.0,0.0,0.0,1.0
2017-08-11,0.0,0.0,0.0,0.0,1.0
2017-08-14,0.0,0.0,0.0,0.0,1.0
2017-08-15,0.0,0.0,0.0,0.0,1.0
2017-08-16,0.0,0.0,0.0,0.0,1.0
2017-08-17,0.0,0.0,0.0,0.0,1.0
2017-08-18,0.0,0.0,0.0,0.0,1.0
2017-08-21,0.0,0.0,0.0,0.0,1.0
2017-08-22,0.0,0.0,0.0,0.0,1.0
2017-08-23,0.0,0.0,0.0,0.0,1.0
2017-08-24,0.0,0.0,0.0,0.0,1.0
2017-08-25,0.0,0.0,0.0,0.0,1.0
2017-08-28,0.0,0.0,0.0,0.0,1.0
2017-08-29,0.0,0.0,0.0,0.0,1.0
2017-08-30,0.0,0.0,0.0,0.0,1.0
2017-08-31,0.0,0.0,0.0,0.0,1.0
2017-09-01,0.0,0.0,0.0,0.0,1.0
2017-09-04,0.0,0.0,0.0,0.0,1.0
2017-09-05,0.0,0.0,0.0,0.0,1.0
2017-09-06,0.0,0.0,0.0,0.0,1.0
2017-09-07,0.0,0.0,0.0,0.0,1.0
2017-09-08,0.0,0.0,0.0,0.0,1.0
2017-09-11,0.0,0.0,0.0,0.0,1.0
2017-09-12,0.0,0.0,0.0,0.0,1.0
2017-09-13,0.0,0.0,0.0,0.0,1.0
2017-09-14,0.0,0.0,0.0,0.0,1.0
2017-09-15,0.0,0.0,0.0,0.0,1.0
2017-09-18,0.0,0.0,0.0,0.0,1.0
2017-09-19,0.0,0.0,0.0,0.0,1.0
2017-09-20,0.0,0.0,0.0,0.0,1.0
2017-09-21,0.0,0.0,0.0,0.0,1.0
2017-09-22,0.0,0.0,0.0,0.0,1.0
2017-09-25,0.0,0.0,0.0,0.0,1.0
2017-09-26,0.0,0.0,0.0,0.0,1.0
2017-09-27,0.0,0.0,0.0,0.0,1.0
2017-09-28,0.0,0.0,0.0,0.0,1.0
2017-09-29,0.0,0.0,0.0,0.0,1.0
2017-09-30,0.0,0.0,0.0,0.0,1.0
2017-10-02,0.0,0.0,0.0,0.0,1.0
2017-10-03,0.0,0.0,0.0,0.0,1.0
2017-10-05,0.0,0.0,0.0,0.0,1.0
2017-10-06,0.0,0.0,0.0,0.0,1.0
2017-10-11,0.0,0.0,0.0,0.0,1.0
2017-10-12,0.0,0.0,0.0,0.0,1.0
2017-10-13,0.0,0.0,0.0,0.0,1.0
2017-10-16,0.0,0.0,0.0,0.0,1.0
2017-10-17,0.0,0.0,0.0,0.0,1.0
2017-10-18,0.0,0.0,0.0,0.0,1.0
2017-10-19,0.0,0.0,0.0,0.0,1.0
2017-10-20,0.0,0.0,0.0,0.0,1.0
2017-10-23,0.0,0.0,0.0,0.0,1.0
2017-10-24,0.0,0.0,0.0,0.0,1.0
2017-10-25,0.0,0.0,0.0,0.0,1.0
2017-10-26,0.0,0.0,0.0,0.0,1.0
2017-10-27,0.0,0.0,0.0,0.0,1.0
2017-10-30,0.0,0.0,0.0,0.0,1.0
2017-10-31,0.0,0.0,0.0,0.0,1.0
2017-11-01,0.0,0.0,0.0,0.0,1.0
2017-11-02,0.0,0.0,0.0,0.0,1.0
2017-11-03,0.0,0.0,0.0,0.0,1.0
2017-11-06,0.0,0.0,0.0,0.0,1.0
2017-11-07,0.0,0.0,0.0,0.0,1.0
2017-11-08,0.0,0.0,0.0,0.0,1.0
2017-11-09,0.0,0.0,0.0,0.0,1.0
2017-11-10,0.0,0.0,0.0,0.0,1.0
2017-11-13,0.0,0.0,0.0,0.0,1.0
2017-11-14,0.0,0.0,0.0,0.0,1.0
2017-11-15,0.0,0.0,0.0,0.0,1.0
2017-11-16,0.0,0.0,0.0,0.0,1.0
2017-11-17,0.0,0.0,0.0,0.0,1.0
2017-11-20,0.0,0.0,0.0,0.0,1.0
2017-11-21,0.0,0.0,0.0,0.0,1.0
2017-11-22,0.0,0.0,0.0,0.0,1.0
2017-11-23,0.0,0.0,0.0,0.0,1.0
2017-11-24,0.0,0.0,0.0,0.0,1.0
2017-11-27,0.0,0.0,0.0,0.0,1.0
2017-11-28,0.0,0.0,0.0,0.0,1.0
2017-11-29,0.0,0.0,0.0,0.0,1.0
2017-11-30,0.0,0.0,0.0,0.0,1.0
2017-12-01,0.0,0.0,0.0,0.0,1.0
2017-12-04,0.0,0.0,0.0,0.0,1.0
2017-12-05,0.0,0.0,0.0,0.0,1.0
2017-12-06,0.0,0.0,0.0,0.0,1.0
2017-12-07,0.0,0.0,0.0,0.0,1.0
2017-12-08,0.0,0.0,0.0,0.0,1.0
2017-12-11,0.0,0.0,0.0,0.0,1.0
2017-12-12,0.0,0.0,0.0,0.0,1.0
2017-12-13,0.0,0.0,0.0,0.0,1.0
2017-12-14,0.0,0.0,0.0,0.0,1.0
2017-12-15,0.0,0.0,0.0,0.0,1.0
2017-12-18,0.0,0.0,0.0,0.0,1.0
2017-12-19,0.0,0.0,0.0,0.0,1.0
2017-12-20,0.0,0.0,0.0,0.0,1.0
2017-12-21,0.0,0.0,0.0,0.0,1.0
2017-12-22,0.0,0.0,0.0,0.0,1.0
2017-12-25,0.0,0.0,0.0,0.0,1.0
2017-12-26,0.0,0.0,0.0,0.0,1.0
2017-12-27,0.0,0.0,0.0,0.0,1.0
2017-12-28,0.0,0.0,0.0,0.0,1.0
2017-12-29,0.0,0.0,0.0,0.0,1.0
2018-01-02,0.0,0.0,0.0,0.0,1.0
2018-01-03,0.0,0.0,0.0,0.0,1.0
2018-01-04,0.0,0.0,0.0,0.0,1.0
2018-01-05,0.0,0.0,0.0,0.0,1.0
2018-01-08,0.0,0.0,0.0,0.0,1.0
2018-01-09,0.0,0.0,0.0,0.0,1.0
2018-01-10,0.0,0.0,0.0,0.0,1.0
2018-01-11,0.0,0.0,0.0,0.0,1.0
2018-01-12,0.0,0.0,0.0,0.0,1.0
2018-01-15,0.0,0.0,0.0,0.0,1.0
2018-01-16,0.0,0.0,0.0,0.0,1.0
2018-01-17,0.0,0.0,0.0,0.0,1.0
2018-01-18,0.0,0.0,0.0,0.0,1.0
2018-01-19,0.0,0.0,0.0,0.0,1.0
2018-01-22,0.0,0.0,0.0,0.0,1.0
2018-01-23,0.0,0.0,0.0,0.0,1.0
2018-01-24,0.0,0.0,0.0,0.0,1.0
2018-01-25,0.0,0.0,0.0,0.0,1.0
2018-01-26,0.0,0.0,0.0,0.0,1.0
2018-01-29,0.0,0.0,0.0,0.0,1.0
2018-01-30,0.0,0.0,0.0,0.0,1.0
2018-01-31,0.0,0.0,0.0,0.0,1.0
2018-02-01,0.0,0.0,0.0,0.0,1.0
2018-02-02,-0.0044065590272486695,-0.00710655902724867,1.0,0.0027,0.9928934409727513
2018-02-05,-0.01290859142520387,-0.01290859142520387,0.0,0.0,0.9800765852144694
2018-02-06,-0.042176445522153105,-0.042176445522153105,0.0,0.0,0.9387404385106334
2018-02-07,0.014757688240089398,0.014757688240089398,0.0,0.0,0.9525940772405382
2018-02-08,7.788710766383879e-05,7.788710766383879e-05,0.0,0.0,0.9526682720379922
2018-02-09,-0.008065187526103806,-0.008065187526103806,0.0,0.0,0.9449848237738365
2018-02-12,0.004905090068435127,0.004905090068435127,0.0,0.0,0.9496200594477514
2018-02-21,0.021775091372780272,0.021775091372780272,0.0,0.0,0.9702981230116513
2018-02-22,0.0012695487358369672,0.0012695487358369672,0.0,0.0,0.9715299637671058
2018-02-23,0.008084174313338244,0.008084174313338244,0.0,0.0,0.9793839813448302
2018-02-26,0.004460451369798582,0.004460451369798582,0.0,0.0,0.9837524759659785
2018-02-27,-0.0027523511995426963,-0.0027523511995426963,0.0,0.0,0.9810448436587005
2018-03-01,0.0009677176236784732,0.0009677176236784732,0.0,0.0,0.9819942180435278
2018-03-02,-0.006142996120287056,-0.006142996120287056,0.0,0.0,0.9759618313719421
2018-03-05,-0.007828860127338041,-0.007828860127338041,0.0,0.0,0.9683211627045105
2018-03-06,0.007809033696362911,0.007809033696362911,0.0,0.0,0.9758828152929714
2018-03-07,0.000564831180446565,0.000564831180446565,0.0,0.0,0.9764340243355107
2018-03-08,0.005877228760677499,0.005877228760677499,0.0,0.0,0.9821727504662394
2018-03-09,0.0011873366306627917,0.0011873366306627917,0.0,0.0,0.9833389201505067
2018-03-12,0.007832801605766436,0.007832801605766436,0.0,0.0,0.9910412188232743
2018-03-13,0.004598312373341359,0.004598312373341359,0.0,0.0,0.9955983359222806
2018-03-14,-0.0015951214650872037,-0.0015951214650872037,0.0,0.0,0.9940102356460458
2018-03-15,0.00011909819680796152,0.00011909819680796152,0.0,0.0,0.99412862047272
2018-03-16,0.005649161939981463,0.005649161939981463,0.0,0.0,0.9997446140389408
2018-03-19,0.0003566547005418916,0.0003566547005418916,0.0,0.0,1.0001011776548792
2018-03-20,-0.0016816290199199557,-0.0016816290199199557,0.0,0.0,0.9984193784916786
2018-03-21,0.0008670691755207456,0.0008670691755207456,0.0,0.0,0.9992850771590114
2018-03-22,0.0004911829916654716,0.0004911829916654716,0.0,0.0,0.9997759089927369
2018-03-23,-0.01201572584309478,-0.01201572584309478,0.0,0.0,0.9877628757657494
2018-03-26,0.0026546985880109616,0.0026546985880109616,0.0,0.0,0.9903850884773343
2018-03-27,0.00698866978124511,0.00698866978124511,0.0,0.0,0.9973065628169716
2018-03-28,-0.004285811917219103,-0.004285811917219103,0.0,0.0,0.9930322944649298
2018-03-29,-0.001337155283383783,-0.001337155283383783,0.0,0.0,0.9917044560858154
2018-03-30,0.006267366233801174,0.006267366233801174,0.0,0.0,0.9979198311077977
2018-03-31,0.0018541256131515416,0.0018541256131515416,0.0,0.0,0.9997700998265264
2018-04-02,-0.0023500008057589106,-0.0023500008057589106,0.0,0.0,0.9974206392863605
2018-04-03,-0.005170618343754806,-0.005170618343754806,0.0,0.0,0.9922633578324268
2018-04-09,0.008393671249644586,0.008393671249644586,0.0,0.0,1.0005920902511407
2018-04-10,0.004650314264843783,0.004650314264843783,0.0,0.0,1.0052451579217254
2018-04-11,0.001555445755191739,0.001555445755191739,0.0,0.0,1.006808762235542
2018-04-12,0.0010671818425533977,0.0010671818425533977,0.0,0.0,1.0078832102655233
2018-04-13,-0.0006262754983921424,-0.0006262754983921424,0.0,0.0,1.0072519977056933
2018-04-16,-0.0013745083949020032,-0.0013745083949020032,0.0,0.0,1.0058675213790649
2018-04-17,-0.007915585987083164,-0.007915585987083164,0.0,0.0,0.9979054905219746
2018-04-18,0.004311185731549525,0.004311185731549525,0.0,0.0,1.0022076464341478
2018-04-19,0.008324431189158845,0.008324431189158845,0.0,0.0,1.0105504550241378
2018-04-20,-0.0027621475059168067,-0.0027621475059168067,0.0,0.0,1.0077591656051896
2018-04-23,-0.0008053316337491724,-0.0008053316337491724,0.0,0.0,1.006947585269927
2018-04-24,-0.011069330700877539,-0.011069330700877539,0.0,0.0,0.9958013494501241
2018-04-25,0.0007689834204991777,0.0007689834204991777,0.0,0.0,0.9965671041779619
2018-04-26,-0.0025819489222508865,-0.0025819489222508865,0.0,0.0,0.993994018817379
2018-04-27,0.004641530854886397,0.004641530854886397,0.0,0.0,0.9986076727252924
2018-04-30,0.008861409364329982,0.008861409364329982,0.0,0.0,1.007456744107672
2018-05-02,0.0008621354127041749,0.0008621354127041749,0.0,0.0,1.0083253082435348
2018-05-03,-0.007299111730590518,-0.007299111730590518,0.0,0.0,1.0009654291578831
2018-05-04,-0.0007387528946151361,-0.0007387528946151361,0.0,0.0,1.000225963049683
2018-05-07,0.0023287431967162287,0.0023287431967162287,0.0,0.0,1.002555232456314
2018-05-08,0.004847794636596951,0.004847794636596951,0.0,0.0,1.007415414335108
2018-05-09,-0.0016800506376422981,-0.0016800506376422981,0.0,0.0,1.0057229054258836
2018-05-10,0.0024414774662663563,0.0024414774662663563,0.0,0.0,1.008178355236789
2018-05-11,0.005603934364426634,0.005603934364426634,0.0,0.0,1.0138281205671715
2018-05-14,0.004100217992499697,0.004100217992499697,0.0,0.0,1.0179850368684231
2018-05-15,-0.002105896010037434,-0.002105896010037434,0.0,0.0,1.0158412662410041
2018-05-16,0.005543233187574282,0.005543233187574282,0.0,0.0,1.0214723112613386
2018-05-17,0.00017221868592176597,0.00017221868592176597,0.0,0.0,1.0216482278804897
2018-05-18,0.0034378361003237394,0.0034378361003237394,0.0,0.0,1.025160487040129
2018-05-21,0.0078484604098276,0.0078484604098276,0.0,0.0,1.0332064185363832
2018-05-22,-0.0031714040015423067,-0.0031714040015423067,0.0,0.0,1.0299297035662178
2018-05-23,-0.001384712413476794,-0.001384712413476794,0.0,0.0,1.0285035471206811
2018-05-24,0.004360044780542632,0.004360044780542632,0.0,0.0,1.0329878686430742
2018-05-25,0.0009022136847407323,0.0009022136847407323,0.0,0.0,1.0339198444343352
2018-05-28,0.003723899597689507,0.003723899597689507,0.0,0.0,1.0377700581270675
2018-05-29,-0.0016686106884690765,-0.0016686106884690765,0.0,0.0,1.0360384239159035
2018-05-30,-0.012195931582684559,-0.012195931582684559,0.0,0.0,1.023402970180793
2018-05-31,0.007864578887280585,0.007864578887280585,0.0,0.0,1.031451603573257
2018-06-01,0.004522917546874232,0.004522917546874232,0.0,0.0,1.03611677412981
2018-06-04,0.008244437408742254,0.008244437408742254,0.0,0.0,1.0446589740222711
2018-06-05,0.0018485780056699608,0.0018485780056699608,0.0,0.0,1.0465901076250745
2018-06-06,0.0062651475346953535,0.0062651475346953535,0.0,0.0,1.0531471490576982
2018-06-07,0.004208703118545392,0.004208703118545392,0.0,0.0,1.0575795327482245
2018-06-08,-0.004259088593687048,-0.004259088593687048,0.0,0.0,1.0530752078233796
2018-06-11,0.000277983396974842,0.000277983396974842,0.0,0.0,1.0533679452469202
2018-06-12,-0.0017179429406862816,-0.0017179429406862816,0.0,0.0,1.0515583192214382
2018-06-13,-0.002375121760634316,-0.002375121760634316,0.0,0.0,1.0490607401748793
2018-06-14,-0.01038463475375108,-0.01038463475375108,0.0,0.0,1.0381666275536634
2018-06-15,0.0012196873039648482,0.0012196873039648482,0.0,0.0,1.0394328662086907
2018-06-19,-0.01031467750521194,-0.01031467750521194,0.0,0.0,1.0287114514054299
2018-06-20,0.0033492581430076664,0.0033492581430076664,0.0,0.0,1.0321568716108547
2018-06-21,0.003080393961301213,0.003080393961301213,0.0,0.0,1.0353363214052802
2018-06-22,-0.001985539064402437,-0.001985539064402437,0.0,0.0,1.0332806206943352
2018-06-25,-0.0026192113807177618,-0.0026192113807177618,0.0,0.0,1.0305742403331375
2018-06-26,-0.0025208331458221444,-0.0025208331458221444,0.0,0.0,1.0279763346288753
2018-06-27,-0.0038164001371965165,-0.0038164001371965165,0.0,0.0,1.0240531656043628
2018-06-28,-0.005043361872726349,-0.005043361872726349,0.0,0.0,1.018888494913309
2018-06-29,0.012666276803530503,0.012666276803530503,0.0,0.0,1.0317940186218137
2018-07-02,-0.005739832564828823,-0.005739832564828823,0.0,0.0,1.0258716937135326
2018-07-03,-0.006829308401932701,-0.006829308401932701,0.0,0.0,1.0188656995363499
2018-07-04,0.0019351013621111855,0.0019351013621111855,0.0,0.0,1.020837307939331
2018-07-05,-0.007014786625433738,-0.007014786625433738,0.0,0.0,1.0136763520448544
2018-07-06,-0.002520838888271418,-0.002520838888271418,0.0,0.0,1.0111210372764987
2018-07-09,0.009023495294112165,0.009023495294112165,0.0,0.0,1.020244883198141
2018-07-10,0.002637683681901725,0.002637683681901725,0.0,0.0,1.0229359664780966
2018-07-11,-0.007232901312234819,-0.007232901312234819,0.0,0.0,1.0155371715838248
2018-07-12,0.004845900468229051,0.004845900468229051,0.0,0.0,1.020458363639107
2018-07-13,0.005958597699004572,0.005958597699004572,0.0,0.0,1.026538864496617
2018-07-16,-0.00355770778147724,-0.00355770778147724,0.0,0.0,1.0228867391904084
2018-07-17,-2.3696308335310326e-06,-2.3696308335310326e-06,0.0,0.0,1.022884315326452
2018-07-18,0.003503676371109727,0.003503676371109727,0.0,0.0,1.0264681709324401
2018-07-19,-0.004184152123833792,-0.004184152123833792,0.0,0.0,1.0221732719549854
2018-07-20,-6.843418447304229e-05,-6.843418447304229e-05,0.0,0.0,1.022103320360729
2018-07-23,-0.0022064575686175716,-0.0022064575686175716,0.0,0.0,1.01984809275361
2018-07-24,0.005818538133686584,0.005818538133686584,0.0,0.0,1.0257821177718645
2018-07-25,-0.0009070992577475242,-0.0009070992577475242,0.0,0.0,1.0248516315742229
2018-07-26,0.0030934828648951527,0.0030934828648951527,0.0,0.0,1.0280219925355576
2018-07-27,0.0010988165161480096,0.0010988165161480096,0.0,0.0,1.029151600079919
2018-07-30,-0.0025505710231916406,-0.0025505710231916406,0.0,0.0,1.0265266758302838
2018-07-31,0.005776963056392017,0.005776963056392017,0.0,0.0,1.032456882512956
2018-08-01,0.002369654299770165,0.002369654299770165,0.0,0.0,1.0349034484039303
2018-08-02,-0.012032868335995076,-0.012032868335995076,0.0,0.0,1.0224505914688187
2018-08-03,0.006121177826931473,0.006121177826931473,0.0,0.0,1.0287091933584505
2018-08-06,0.0028160366539175643,0.0028160366539175643,0.0,0.0,1.0316060761531698
2018-08-07,0.0010851260008001664,0.0010851260008001664,0.0,0.0,1.0327254987289871
2018-08-08,0.0034321310747665095,0.0034321310747665095,0.0,0.0,1.0362699480048785
2018-08-09,-0.005224368653158197,-0.005224368653158197,0.0,0.0,1.030856091772312
2018-08-10,-0.003052220902642553,-0.003052220902642553,0.0,0.0,1.0277096912613881
2018-08-13,-0.016667845945845628,-0.016667845945845628,0.0,0.0,1.0105799844503909
2018-08-14,0.006191096423690954,0.006191096423690954,0.0,0.0,1.0168365825779753
2018-08-15,-0.011585243150098824,-0.011585243150098824,0.0,0.0,1.005056283524894
2018-08-16,-0.005655627889650773,-0.005655627889650773,0.0,0.0,0.9993720591771218
2018-08-17,0.0005629058460242588,0.0005629058460242588,0.0,0.0,0.999934611551586
2018-08-20,0.0018290924763057835,0.0018290924763057835,0.0,0.0,1.0017635844263728
2018-08-21,0.007017723727018826,0.007017723727018826,0.0,0.0,1.0087936845016652
2018-08-22,0.0013504690381232808,0.0013504690381232808,0.0,0.0,1.0101560291384388
2018-08-23,0.003970722449778062,0.003970722449778062,0.0,0.0,1.0141670783611174
2018-08-24,-0.007490501905977475,-0.007490501905977475,0.0,0.0,1.006570457927674
2018-08-27,0.007509421623473414,0.007509421623473414,0.0,0.0,1.0141292198899856
2018-08-28,0.004489723331651674,0.004489723331651674,0.0,0.0,1.0186823795098354
2018-08-29,0.0016277101221966828,0.0016277101221966828,0.0,0.0,1.020340499130267
2018-08-30,-0.0030602779315391845,-0.0030602779315391845,0.0,0.0,1.0172179736181228
2018-08-31,0.0038066496256431953,0.0038066496256431953,0.0,0.0,1.0210901660365939
2018-09-03,-0.010489771771965003,-0.010489771771965003,0.0,0.0,1.0103791632362722
2018-09-04,0.001950796443302585,0.001950796443302585,0.0,0.0,1.0123502073143005
2018-09-05,-0.0118762221906787,-0.0118762221906787,0.0,0.0,1.0003273113174562
2018-09-06,-0.004054715568249334,-0.004054715568249334,0.0,0.0,0.9962712685949123
2018-09-07,-0.008913700074707386,-0.008913700074707386,0.0,0.0,0.987390805313609
2018-09-10,-0.010329091208058206,-0.010329091208058206,0.0,0.0,0.9771919556275267
2018-09-11,0.006719925313890873,0.006719925313890873,0.0,0.0,0.9837586125866785
2018-09-12,-0.0010036248881562244,-0.0010036248881562244,0.0,0.0,0.9827712879591485
2018-09-13,0.005684190430277361,0.005684190430277361,0.0,0.0,0.9883575471093172
2018-09-14,0.005986605565321105,0.005986605565321105,0.0,0.0,0.9942744539013689
2018-09-17,-0.0005106002186511734,-0.0005106002186511734,0.0,0.0,0.9937667771478077
2018-09-18,0.0010375770728199662,0.0010375770728199662,0.0,0.0,0.9947978867715064
2018-09-19,0.007012160433107344,0.007012160433107344,0.0,0.0,1.0017735691520642
2018-09-20,-0.0040232893487912175,-0.0040232893487912175,0.0,0.0,0.9977431442213941
2018-09-21,0.01274446102879948,0.01274446102879948,0.0,0.0,1.0104588428396755
2018-09-25,0.0006251268435847434,0.0006251268435847434,0.0,0.0,1.0110905077866723
2018-09-26,-0.002236029980784354,-0.002236029980784354,0.0,0.0,1.008829679097975
2018-09-27,0.004966912600834978,0.004966912600834978,0.0,0.0,1.0138404479431828
2018-09-28,-0.0014348754381742967,-0.0014348754381742967,0.0,0.0,1.0123857131862015
2018-10-01,0.0020141397054235536,0.0020141397054235536,0.0,0.0,1.0144247994483335
2018-10-02,-0.00871635858694757,-0.00871635858694757,0.0,0.0,1.0055827091368494
2018-10-03,-0.0031563759108989052,-0.0031563759108989052,0.0,0.0,1.0024087120973135
2018-10-04,-0.007081079918274627,-0.007081079918274627,0.0,0.0,0.9953105758961777
2018-10-05,-0.013054041429518059,-0.013054041429518059,0.0,0.0,0.9823177504031915
2018-10-08,-0.00019729176157785042,-0.00019729176157785042,0.0,0.0,0.9821239472037852
2018-10-09,0.0026742103874728075,0.0026742103874728075,0.0,0.0,0.9847503532651833
2018-10-11,-0.05377392676337063,-0.05377392676337063,0.0,0.0,0.931796459888498
2018-10-12,0.015576882261050595,0.015576882261050595,0.0,0.0,0.946310943635445
2018-10-15,-0.012562981620736864,-0.012562981620736864,0.0,0.0,0.9344224566430507
2018-10-16,0.0013593448781578075,0.0013593448781578075,0.0,0.0,0.9356926590235239
2018-10-17,-0.0006953969366395653,-0.0006953969366395653,0.0,0.0,0.9350419812148029
2018-10-18,-9.940968713373984e-05,-9.940968713373984e-05,0.0,0.0,0.9349490289839933
2018-10-19,-0.004216765607095174,-0.004216765607095174,0.0,0.0,0.9310065680741866
2018-10-22,0.004089214662430547,0.004089214662430547,0.0,0.0,0.9348136537831746
2018-10-23,-0.012565765551424489,-0.012565765551424489,0.0,0.0,0.9230670045754646
2018-10-24,-0.0036633557831657615,-0.0036633557831657615,0.0,0.0,0.9196854817260036
2018-10-25,-0.01859691683416775,-0.01859691683416775,0.0,0.0,0.9025821673087536
2018-10-26,-0.0005909011393376762,-0.0005909011393376762,0.0,0.0,0.902048830477745
2018-10-29,0.00034928542224043604,0.00034928542224043604,0.0,0.0,0.9023639029843799
2018-10-30,0.003870341035983426,0.003870341035983426,0.0,0.0,0.9058563590274905
2018-10-31,0.020185194040448842,0.020185194040448842,0.0,0.0,0.924141245407235
2018-11-01,0.00236075121426217,0.00236075121426217,0.0,0.0,0.92632291297448
2018-11-02,0.01008034264189234,0.01008034264189234,0.0,0.0,0.9356605653342985
2018-11-05,0.0011324926673883858,0.0011324926673883858,0.0,0.0,0.9367201940637041
2018-11-06,-0.004234131504981501,-0.004234131504981501,0.0,0.0,0.9327539975786665
2018-11-07,0.010643874432318911,0.010643874432318911,0.0,0.0,0.9426821140051374
2018-11-08,0.004561172881430627,0.004561172881430627,0.0,0.0,0.9469818500993472
2018-11-09,-0.00603465531487148,-0.00603465531487148,0.0,0.0,0.9412671410445583
2018-11-12,-0.00035692002781221536,-0.00035692002781221536,0.0,0.0,0.940931183950398
2018-11-13,-0.0007923755997384545,-0.0007923755997384545,0.0,0.0,0.9401856130392027
2018-11-14,0.004724264076976708,0.004724264076976708,0.0,0.0,0.9446272981565741
2018-11-15,0.0004931015746284918,0.0004931015746284918,0.0,0.0,0.9450930953647322
2018-11-16,0.0013991124968455414,0.0013991124968455414,0.0,0.0,0.9464153869251394
2018-11-19,0.007116094402599993,0.007116094402599993,0.0,0.0,0.9531501681625719
2018-11-20,-0.004996863448551594,-0.004996863448551594,0.0,0.0,0.9483874069262996
2018-11-21,0.0005770637852353473,0.0005770637852353473,0.0,0.0,0.94893468695321
2018-11-22,-0.003092637815972811,-0.003092637815972811,0.0,0.0,0.9459999756554502
2018-11-23,-0.0045289564510404565,-0.0045289564510404565,0.0,0.0,0.9417155829630214
2018-11-26,0.004951705030693567,0.004951705030693567,0.0,0.0,0.9463786807526618
2018-11-27,0.00027693698958026385,0.00027693698958026385,0.0,0.0,0.9466407680155124
2018-11-28,0.00862504072960632,0.00862504072960632,0.0,0.0,0.954805583195952
2018-11-29,-0.0023971802814396507,-0.0023971802814396507,0.0,0.0,0.9525167420793061
2018-11-30,0.003887425963122672,0.003887425963122672,0.0,0.0,0.9562195803927743
2018-12-03,0.013640083462815943,0.013640083462815943,0.0,0.0,0.9692624952781105
2018-12-04,-0.0007531801586128051,-0.0007531801586128051,0.0,0.0,0.9685324659981794
2018-12-05,-0.010022530835059128,-0.010022530835059128,0.0,0.0,0.9588253194929568
2018-12-06,-0.015417418937850393,-0.015417418937850393,0.0,0.0,0.9440427078541156
2018-12-07,0.005862422524926813,0.005862422524926813,0.0,0.0,0.9495770850891325
2018-12-10,-0.01132997023667387,-0.01132997023667387,0.0,0.0,0.9388184049776451
2018-12-11,0.000368544242246337,0.000368544242246337,0.0,0.0,0.9391644010953145
2018-12-12,0.0055834770422450684,0.0055834770422450684,0.0,0.0,0.9444082039677242
2018-12-13,0.004742998072313067,0.004742998072313067,0.0,0.0,0.9488875302586197
2018-12-14,-0.003450661605699443,-0.003450661605699443,0.0,0.0,0.9456132404898294
2018-12-17,-0.0008013845600751936,-0.0008013845600751936,0.0,0.0,0.9448554406390982
2018-12-18,-0.00975020750603317,-0.00975020750603317,0.0,0.0,0.9356429040296625
2018-12-19,0.004823285501858666,0.004823285501858666,0.0,0.0,0.9401557768835858
2018-12-20,-0.0067144446227745715,-0.0067144446227745715,0.0,0.0,0.9338431529829193
2018-12-21,-0.0021853090001630695,-0.0021853090001630695,0.0,0.0,0.931802417135965
2018-12-22,2.7434109772809883e-05,2.7434109772809883e-05,0.0,0.0,0.9318279803057633
2018-12-24,0.005786253763673364,0.005786253763673364,0.0,0.0,0.9372197734639036
2018-12-25,-0.01081038952362817,-0.01081038952362817,0.0,0.0,0.9270880626435123
2018-12-26,-0.005287786303135658,-0.005287786303135658,0.0,0.0,0.9221858190840654
2018-12-27,0.010181878108095758,0.010181878108095758,0.0,0.0,0.9315754026869938
2018-12-28,0.0074223697152819915,0.0074223697152819915,0.0,0.0,0.9384898997433994
2019-01-02,-0.010052862607036554,-0.010052862607036554,0.0,0.0,0.9290553897231875
2019-01-03,-0.0008959815967627864,-0.0008959815967627864,0.0,0.0,0.9282229731916223
2019-01-04,-0.0031405901008094025,-0.0031405901008094025,0.0,0.0,0.9253078053106728
2019-01-07,0.01686874216153518,0.01686874216153518,0.0,0.0,0.9409165840985145
2019-01-08,-0.003324447076482624,-0.003324447076482624,0.0,0.0,0.9377885567112942
2019-01-09,0.014216314499946668,0.014216314499946668,0.0,0.0,0.9511204537679532
2019-01-10,-0.0013039717368777915,-0.0013039717368777915,0.0,0.0,0.9498802195778734
2019-01-11,-0.0018594552896824754,-0.0018594552896824754,0.0,0.0,0.9481139597790146
2019-01-14,-0.005596014394908132,-0.005596014394908132,0.0,0.0,0.9428083004120779
2019-01-15,0.0071450957623347125,0.0071450957623347125,0.0,0.0,0.9495447560040462
2019-01-16,-0.002848216659268111,-0.002848216659268111,0.0,0.0,0.9468402468112748
2019-01-17,0.0011201554931400616,0.0011201554931400616,0.0,0.0,0.9479008551148665
2019-01-18,0.0045640255893003995,0.0045640255893003995,0.0,0.0,0.9522270988737306
2019-01-21,0.0018310408224103498,0.0018310408224103498,0.0,0.0,0.9539706655639737
2019-01-22,-0.001314732686059114,-0.001314732686059114,0.0,0.0,0.9527164491484152
2019-01-23,0.00024822352923662214,0.00024822352923662214,0.0,0.0,0.9529529357877847
2019-01-24,0.0012229969962890312,0.0012229969962890312,0.0,0.0,0.9541183943658581
2019-01-25,0.00558747810400897,0.00558747810400897,0.0,0.0,0.9594495100030096
2019-01-28,0.0017849640946197207,0.0017849640946197207,0.0,0.0,0.9611620929289655
2019-01-29,-0.0006913834690911082,-0.0006913834690911082,0.0,0.0,0.9604975613467973
2019-01-30,0.00010380332326359555,0.00010380332326359555,0.0,0.0,0.9605972641856517
2019-02-11,-0.0020707602805132776,-0.0020707602805132776,0.0,0.0,0.9586080975254064
2019-02-12,0.005484519801054865,0.005484519801054865,0.0,0.0,0.9638656026177361
2019-02-13,0.00276563561808894,0.00276563561808894,0.0,0.0,0.9665313036593866
2019-02-14,-0.0007515944974072682,-0.0007515944974072682,0.0,0.0,0.9658048640499843
2019-02-15,-0.0025005659290282013,-0.0025005659290282013,0.0,0.0,0.9633898053128512
2019-02-18,0.006447541558312417,0.006447541558312417,0.0,0.0,0.9696013011194604
2019-02-19,0.0003991621119407546,0.0003991621119407546,0.0,0.0,0.9699883292225558
2019-02-20,0.006351877019381521,0.005389112737633839,0.3565793636102527,0.0009627642817476824,0.9752157056829253
2019-02-21,0.003106092649157839,0.003106092649157839,0.0,0.0,0.9782448160176902
2019-02-22,0.0019330126805137695,0.0019330126805137695,0.0,0.0,0.9801357756516992
2019-02-25,0.003050735643756287,0.003050735643756287,0.0,0.0,0.9831259107982006
2019-02-26,0.00033348468170840673,0.00033348468170840673,0.0,0.0,0.9834537682296425
2019-02-27,0.003512345503287666,0.003512345503287666,0.0,0.0,0.9869079976501752
2019-03-04,-0.0034374858101315587,-0.0034374858101315587,0.0,0.0,0.9835155154123474
2019-03-05,-0.0018075570638724347,-0.0018075570638724347,0.0,0.0,0.9817377549950356
2019-03-06,0.0031368485902572947,0.0031368485902572947,0.0,0.0,0.984817317687794
2019-03-07,-0.0032203293845206277,-0.0032203293845206277,0.0,0.0,0.9816458815412592
2019-03-08,-0.0039883842769275766,-0.0039883842769275766,0.0,0.0,0.9777307005418093
2019-03-11,-0.0009114475892734586,-0.0009114475892734586,0.0,0.0,0.9768395502518419
2019-03-12,0.007915932216424507,0.007915932216424507,0.0,0.0,0.9845721459179582
2019-03-13,-0.0003711438500786686,-0.0003711438500786686,0.0,0.0,0.984206728021042
2019-03-14,-0.0032897204397509005,-0.0032897204397509005,0.0,0.0,0.9809689630309308
2019-03-15,0.005894035224021105,0.005894035224021105,0.0,0.0,0.9867508286527066
2019-03-18,0.00654509968920818,0.00654509968920818,0.0,0.0,0.9932092111946473
2019-03-19,0.0012070817360847281,0.0012070817360847281,0.0,0.0,0.9944080958935916
2019-03-20,0.0023662427706678756,0.0023662427706678756,0.0,0.0,0.9967611068615934
2019-03-21,0.0023701787951634053,0.0023701787951634053,0.0,0.0,0.9991236089009202
2019-03-22,-0.0023764331646109363,-0.0023764331646109363,0.0,0.0,0.9967492584211823
2019-03-25,-0.005332903304237637,-0.005332903304237637,0.0,0.0,0.9914336910074516
2019-03-26,0.004286281849309214,0.004286281849309214,0.0,0.0,0.9956832552420105
2019-03-27,-0.0028044391856493116,-0.0028044391856493116,0.0,0.0,0.9928909221045149
2019-03-28,-0.0011408157781069583,-0.0011408157781069583,0.0,0.0,0.9917582164746389
2019-03-29,0.008411511237042464,0.008411511237042464,0.0,0.0,1.0001004018569444
2019-04-01,-0.003971143524136579,-0.003971143524136579,0.0,0.0,0.9961288596226238
2019-04-02,0.00043492939089824554,0.00043492939089824554,0.0,0.0,0.9965621053407956
2019-04-03,0.0015819535420149183,0.0015819535420149183,0.0,0.0,0.9981386202931773
2019-04-08,0.003546201552296973,0.003546201552296973,0.0,0.0,1.0016782210178685
2019-04-09,0.003987665069386246,0.003987665069386246,0.0,0.0,1.0056725782705864
2019-04-10,0.00020776006142144798,0.00020776006142144798,0.0,0.0,1.0058815168672177
2019-04-11,-0.0025629902788372547,-0.0025629902788372547,0.0,0.0,1.003303452317825
2019-04-12,0.0009744358536813205,0.0009744358536813205,0.0,0.0,1.0042811071738857
2019-04-15,0.002541901970224688,0.002541901970224688,0.0,0.0,1.0068338912988704
2019-04-16,0.0016789182629084853,0.0016789182629084853,0.0,0.0,1.0085242831066872
2019-04-17,0.0025946366079256447,0.0025946366079256447,0.0,0.0,1.0111410371316178
2019-04-18,-0.006290604377119124,-0.006290604377119124,0.0,0.0,1.0047803488975529
2019-04-19,0.0026703930877819545,0.0026703930877819545,0.0,0.0,1.0074635073959881
2019-04-22,0.0005341452130177272,0.0005341452130177272,0.0,0.0,1.0080016392057536
2019-04-23,0.0030062912330269553,0.0030062912330269553,0.0,0.0,1.0110319856965746
2019-04-24,0.0014135255543037749,0.0014135255543037749,0.0,0.0,1.012461105244575
2019-04-25,3.648810772929225e-05,3.648810772929225e-05,0.0,0.0,1.012498048034455
2019-04-26,-2.0026188143983318e-05,-2.0026188143983318e-05,0.0,0.0,1.0124777715580495
2019-04-29,0.004380527068894672,0.004380527068894672,0.0,0.0,1.0169129578430136
2019-04-30,0.0025774634811495186,0.0025774634811495186,0.0,0.0,1.0195340138553617
2019-05-02,0.003088134454684675,0.003088134454684675,0.0,0.0,1.0226824719712715
2019-05-03,0.000163974841853717,0.000163974841853717,0.0,0.0,1.0228501661678797
2019-05-06,-0.014197588631606832,-0.014197588631606832,0.0,0.0,1.0083281602768575
2019-05-07,0.005299019368098334,0.005299019368098334,0.0,0.0,1.0136713107275634
2019-05-08,-0.004549655891709788,-0.004549655891709788,0.0,0.0,1.0090594550764547
2019-05-09,-0.011326104096869207,-0.011326104096869207,0.0,0.0,0.9976307426483286
2019-05-10,-0.002151642825618105,-0.002151642825618105,0.0,0.0,0.9954841976182933
2019-05-13,-0.006243989114466702,-0.006243989114466702,0.0,0.0,0.9892684051247411
2019-05-14,-0.004193596422800824,-0.004193596422800824,0.0,0.0,0.9851198126798202
2019-05-15,0.002290702271033986,0.002290702271033986,0.0,0.0,0.9873764288719663
2019-05-16,-0.006788518201965847,-0.006788518201965847,0.0,0.0,0.980673606012377
2019-05-17,-0.0005099215530895918,-0.0005099215530895918,0.0,0.0,0.9801735394041251
2019-05-20,0.009233068734497469,0.009233068734497469,0.0,0.0,0.9892235490651791
2019-05-21,0.010485384661165784,0.010485384661165784,0.0,0.0,0.9995959384930112
2019-05-22,-0.0042817860446672145,-0.0042817860446672145,0.0,0.0,0.9953158825532658
2019-05-23,-0.003339489690682066,-0.003339489690682066,0.0,0.0,0.991992035424507
2019-05-24,0.0019127879113407234,0.0019127879113407234,0.0,0.0,0.9938895057980133
2019-05-27,0.0029763530091543224,0.0029763530091543224,0.0,0.0,0.996847671819362
2019-05-28,-0.0008672218646972815,-0.0008672218646972815,0.0,0.0,0.9959831837225877
2019-05-29,-0.0006871955743989918,-0.0006871955743989918,0.0,0.0,0.9952987484865576
2019-05-30,0.007709557334569262,0.007709557334569262,0.0,0.0,1.00297206125304
2019-05-31,0.009123716303248692,0.009123716303248692,0.0,0.0,1.0121228937999973
2019-06-03,-0.0010108634861994217,-0.0010108634861994217,0.0,0.0,1.0110997757231084
2019-06-04,0.0002957498063522634,0.0002957498063522634,0.0,0.0,1.0113988082859813
2019-06-05,0.0015135209396255627,0.0015135209396255627,0.0,0.0,1.0129295815606345
2019-06-06,0.004340070442266124,0.004340070442266124,0.0,0.0,1.0173257672976628
2019-06-10,0.00498412174558775,0.00498412174558775,0.0,0.0,1.0223962427767979
2019-06-11,-0.00476795736201799,-0.00476795736201799,0.0,0.0,1.0175215010841507
2019-06-12,-0.004967719845772315,-0.004967719845772315,0.0,0.0,1.012466739329715
2019-06-13,-0.0007014366542026965,-0.0007014366542026965,0.0,0.0,1.011756558047588
2019-06-14,0.0008421653449752083,0.0008421653449752083,0.0,0.0,1.0126086243583272
2019-06-17,0.0017213039899555906,0.0017213039899555906,0.0,0.0,1.0143516316236985
2019-06-18,0.001515354270366676,0.001515354270366676,0.0,0.0,1.0158887337003328
2019-06-19,0.012790838593665164,0.012790838593665164,0.0,0.0,1.0288828025222168
2019-06-20,0.0016544164623325153,0.0016544164623325153,0.0,0.0,1.0305850031685202
2019-06-21,-0.003094104936004369,-0.003094104936004369,0.0,0.0,1.0273962650232444
2019-06-24,0.004654662444571778,0.004654662444571778,0.0,0.0,1.0321784478337415
2019-06-25,-0.0021695075437558695,-0.0021695075437558695,0.0,0.0,1.029939128904664
2019-06-26,-0.000993897529723174,-0.000993897529723174,0.0,0.0,1.0289154749486804
2019-06-27,0.004182133480553688,0.004182133480553688,0.0,0.0,1.033218536805123
2019-06-28,-0.003686322873609223,-0.003686322873609223,0.0,0.0,1.0294097596794611
2019-07-01,0.0015089406668271192,0.0015089406668271192,0.0,0.0,1.0309630779286703
2019-07-02,-0.0021403045286789756,-0.0021403045286789756,0.0,0.0,1.0287565029840786
2019-07-03,-0.0030482134645380197,-0.0030482134645380197,0.0,0.0,1.0256206335599516
2019-07-04,0.001171177078343471,0.001171177078343471,0.0,0.0,1.0268218169370533
2019-07-05,0.0016481536343631081,0.0016481536343631081,0.0,0.0,1.0285141770464814
2019-07-08,-0.0034186000193505654,-0.0034186000193505654,0.0,0.0,1.024998098460928
2019-07-09,-0.00584509383427768,-0.00584509383427768,0.0,0.0,1.0190068883954677
2019-07-10,0.004765950900420463,0.004765950900420463,0.0,0.0,1.0238634251927508
2019-07-11,0.0021807203098749696,0.0021807203098749696,0.0,0.0,1.0260961849586068
2019-07-12,-0.0011266208660153235,-0.0011266208660153235,0.0,0.0,1.0249401635860937
2019-07-15,-0.002436053760982812,-0.002436053760982812,0.0,0.0,1.0224433542458076
2019-07-16,-0.0019953710031537517,-0.0019953710031537517,0.0,0.0,1.0204032004243782
2019-07-17,0.002526157139256667,0.002526157139256667,0.0,0.0,1.0229808992540506
2019-07-18,-0.0031654708772789167,-0.0031654708772789167,0.0,0.0,1.0197426830094494
2019-07-19,0.0014370772009300852,0.0014370772009300852,0.0,0.0,1.0212081319700175
2019-07-22,-0.0010236145010529057,-0.0010236145010529057,0.0,0.0,1.0201628085175398
2019-07-23,-0.0014500820378264875,-0.0014500820378264875,0.0,0.0,1.0186834887532499
2019-07-24,-0.0037295956748267306,-0.0037295956748267306,0.0,0.0,1.0148842112195784
2019-07-25,-0.003076418602928969,-0.003076418602928969,0.0,0.0,1.0117620025523637
2019-07-26,-0.00155145545915812,-0.00155145545915812,0.0,0.0,1.010192298870135
2019-07-29,-0.00023120606720249056,-0.00023120606720249056,0.0,0.0,1.009958736281595
2019-07-30,-0.0020083953585380253,-0.0020083953585380253,0.0,0.0,1.0079303398433321
2019-07-31,-0.0011743396591975806,-0.0011743396591975806,0.0,0.0,1.0067466872715456
2019-08-01,-0.009802359125937549,-0.009802359125937549,0.0,0.0,0.996878194694062
2019-08-02,-0.011999501438657932,-0.011999501438657932,0.0,0.0,0.9849161533626639
2019-08-05,-0.0056486755812808235,-0.0056486755812808235,0.0,0.0,0.9793526815375553
2019-08-06,-0.008560257102017308,-0.008560257102017308,0.0,0.0,0.9709691707900436
2019-08-07,-0.0017612746672317709,-0.0017612746672317709,0.0,0.0,0.9692590273868681
2019-08-08,0.006528108728217363,0.006528108728217363,0.0,0.0,0.9755864557034558
2019-08-12,-0.0035120970060231126,-0.0035120970060231126,0.0,0.0,0.972160101433263
2019-08-13,-0.008389481148511905,-0.008389481148511905,0.0,0.0,0.9640041825889533
2019-08-14,0.0006088537382829111,0.0006088537382829111,0.0,0.0,0.9645911201392429
2019-08-15,-0.010168150920662561,-0.010168150920662561,0.0,0.0,0.954783012052936
2019-08-16,0.011647831333403915,0.011647831333403915,0.0,0.0,0.9659041635373279
2019-08-19,0.004922647028445145,0.004922647028445145,0.0,0.0,0.9706589687977277
2019-08-20,-0.0018558637805476817,-0.0018558637805476817,0.0,0.0,0.9688575579742722
2019-08-21,-0.00017680586259025046,-0.00017680586259025046,0.0,0.0,0.9686862582780075
2019-08-22,0.0012308797551002842,0.0012308797551002842,0.0,0.0,0.9698785945823658
2019-08-23,0.0025311880795545853,0.0025311880795545853,0.0,0.0,0.9723335397195879
2019-08-26,-0.01153462454605773,-0.01153462454605773,0.0,0.0,0.9611180374053832
2019-08-27,-0.001210595774302834,-0.001210595774302834,0.0,0.0,0.9599545119706939
2019-08-28,0.0026935631945123346,0.0026935631945123346,0.0,0.0,0.9625402101125443
2019-08-29,0.0013230982390531566,0.0013230982390531566,0.0,0.0,0.963813745369562
2019-08-30,0.013485741185588302,0.013485741185588302,0.0,0.0,0.9768114880907283
2019-09-02,0.0030031783376669777,0.0030031783376669777,0.0,0.0,0.9797450271917465
2019-09-03,-0.00531844176412623,-0.00531844176412623,0.0,0.0,0.974534310320935
2019-09-04,0.00709905205174261,0.00709905205174261,0.0,0.0,0.9814525801161124
2019-09-05,0.004294216098936712,0.004294216098936712,0.0,0.0,0.98566714958599
2019-09-06,0.0028771270922853046,0.0028771270922853046,0.0,0.0,0.9885030392460395
2019-09-09,0.005390108080440454,0.005390108080440454,0.0,0.0,0.9938311774654195
2019-09-10,0.005100155112358191,0.005100155112358191,0.0,0.0,0.9988998706259907
2019-09-11,0.0027831012000119155,0.0027831012000119155,0.0,0.0,1.0016799100546216
2019-09-12,0.0005415373881855478,0.0005415373881855478,0.0,0.0,1.0022223571769107
2019-09-16,0.0038150637054724643,0.0038150637054724643,0.0,0.0,1.0060458993165893
2019-09-17,-0.00028618395926579654,-0.00028618395926579654,0.0,0.0,1.0057579851179197
2019-09-18,0.0026381991377930998,0.0026381991377930998,0.0,0.0,1.0084113749670862
2019-09-19,-0.0032302172729007294,-0.0032302172729007294,0.0,0.0,1.005153987125478
2019-09-20,0.0040608321814893,0.0040608321814893,0.0,0.0,1.0092357487837493
2019-09-23,-0.004078326581702589,-0.004078326581702589,0.0,0.0,1.00511975580228
2019-09-24,-0.0014374736120277307,-0.0014374736120277307,0.0,0.0,1.0036749226763864
2019-09-25,-0.005111285279715084,-0.005111285279715084,0.0,0.0,0.9985448538184915
2019-09-26,-0.0022202338318700696,-0.0022202338318700696,0.0,0.0,0.9963278507514038
2019-09-27,-0.008125887875262468,-0.008125887875262468,0.0,0.0,0.9882318023491967
2019-10-01,0.009033267769245271,0.009033267769245271,0.0,0.0,0.9971587648379009
2019-10-02,-0.00372657759483635,-0.00372657759483635,0.0,0.0,0.9934427753263614
2019-10-03,-0.0062959493505949414,-0.0062959493505949414,0.0,0.0,0.9871881099301921
2019-10-04,0.0035398159425365284,0.0035398159425365284,0.0,0.0,0.9906825741400056
2019-10-07,0.0007550032989115331,0.0007550032989115331,0.0,0.0,0.9914305427516553
2019-10-08,0.001775187477415113,0.001775187477415113,0.0,0.0,0.9931905178358749
2019-10-09,-0.00980113393079864,-0.00980113393079864,0.0,0.0,0.9834561245517662
2019-10-14,0.010170577618502737,0.010170577618502737,0.0,0.0,0.993458441400912
2019-10-15,0.0005006256741120019,0.0005006256741120019,0.0,0.0,0.9939557922028406
2019-10-16,0.004607290050467259,0.004607290050467259,0.0,0.0,0.998535234834861
2019-10-17,0.0047525660830563185,0.0047525660830563185,0.0,0.0,1.0032808395246737
2019-10-18,-0.0007396204662147242,-0.0007396204662147242,0.0,0.0,1.0025387924824003
2019-10-21,0.0038720059205662634,0.0038720059205662634,0.0,0.0,1.0064206286224895
2019-10-22,0.0034531625127446966,0.0034531625127446966,0.0,0.0,1.0098959626093016
2019-10-23,-0.004408656905557032,-0.004408656905557032,0.0,0.0,1.0054436777998499
2019-10-24,0.006178346246891013,0.006178346246891013,0.0,0.0,1.0116556569730448
2019-10-25,-0.0007282294507137157,-0.0007282294507137157,0.0,0.0,1.0109189395296558
2019-10-28,0.0006885646744045235,0.0006885646744045235,0.0,0.0,1.0116150226001026
2019-10-29,-0.00037326361494676504,-0.00037326361494676504,0.0,0.0,1.0112374235198325
2019-10-30,0.005750690677188701,0.005750690677188701,0.0,0.0,1.0170527371436924
2019-10-31,-0.0016078299963217704,-0.0016078299963217704,0.0,0.0,1.0154174892450716
2019-11-01,0.0023740615603015996,0.0023740615603015996,0.0,0.0,1.0178281528739463
2019-11-04,0.007246783408569683,0.007246783408569683,0.0,0.0,1.0252041330449684
2019-11-05,0.005217641317154083,0.005217641317154083,0.0,0.0,1.0305532804880608
2019-11-06,0.0025463659083857456,0.0025463659083857456,0.0,0.0,1.0331774462282708
2019-11-07,-0.0009156243279773514,-0.0009156243279773514,0.0,0.0,1.0322314438233866
2019-11-08,-0.0005559708645927969,-0.0005559708645927969,0.0,0.0,1.0316575532151042
2019-11-11,-0.008096590343399625,-0.008096590343399625,0.0,0.0,1.0233046446320475
2019-11-12,0.002973697800827865,0.002973697800827865,0.0,0.0,1.0263476434033667
2019-11-13,-0.006176175911652183,-0.006176175911652183,0.0,0.0,1.0200087398111979
2019-11-14,-0.0024910310227334574,-0.0024910310227334574,0.0,0.0,1.017467866396869
2019-11-15,0.002890724701041356,0.002890724701041356,0.0,0.0,1.0204090858907784
2019-11-18,0.005548370850912361,0.005548370850912361,0.0,0.0,1.0260706939189408
2019-11-19,0.0002036540122660779,0.0002036540122660779,0.0,0.0,1.026279657332626
2019-11-20,0.00038331229104543495,0.00038331229104543495,0.0,0.0,1.0266730429393316
2019-11-21,-0.0069491700758449355,-0.0069491700758449355,0.0,0.0,1.019538517351661
2019-11-22,0.0030046669785174737,0.0030046669785174737,0.0,0.0,1.022601891068074
2019-11-25,0.0018987679897868842,0.0018987679897868842,0.0,0.0,1.0245435748051297
2019-11-26,-0.00041561649215431773,-0.00041561649215431773,0.0,0.0,1.02411775759851
2019-11-27,0.006408577882745717,0.006408577882745717,0.0,0.0,1.030680896009183
2019-11-28,-0.0021738733762323875,-0.0021738733762323875,0.0,0.0,1.028440326249957
2019-11-29,-0.00615710081947197,-0.00615710081947197,0.0,0.0,1.0221081154744254
2019-12-02,-0.0019228375985807225,-0.0019228375985807225,0.0,0.0,1.0201427675601766
2019-12-03,0.0014908312050109307,0.0014908312050109307,0.0,0.0,1.0216636282316216
2019-12-04,-0.0006577425699741638,-0.0006577425699741638,0.0,0.0,1.0209916365711393
2019-12-05,0.00017155956680616516,0.00017155956680616516,0.0,0.0,1.0211667974540222
2019-12-06,-0.0009671721508466516,-0.0009671721508466516,0.0,0.0,1.0201791533661555
2019-12-09,0.0033071771357334216,0.0033071771357334216,0.0,0.0,1.0235530665365198
2019-12-10,0.000555104476796323,0.000555104476796323,0.0,0.0,1.024121245425993
2019-12-11,0.001062530592361882,0.001062530592361882,0.0,0.0,1.0252094055795458
2019-12-12,0.0033181518315688325,0.0033181518315688325,0.0,0.0,1.0286112060464112
2019-12-13,0.006016641114719424,0.006016641114719424,0.0,0.0,1.0347999905197711
2019-12-16,0.0007958533163828022,0.0007958533163828022,0.0,0.0,1.0356235395240192
2019-12-17,0.005953184473943893,0.005953184473943893,0.0,0.0,1.0417887975003646
2019-12-18,0.004346059635273089,0.004346059635273089,0.0,0.0,1.0463164737416606
2019-12-19,-0.002806388886505408,-0.002806388886505408,0.0,0.0,1.0433801028179845
2019-12-20,-0.000524544938402871,-0.000524544938402871,0.0,0.0,1.042832803066221
2019-12-23,0.004553331602569473,0.004553331602569473,0.0,0.0,1.0475811666246186
2019-12-24,-0.0035665548048894953,-0.0035665548048894953,0.0,0.0,1.0438449109812817
2019-12-25,0.0015405944764656575,0.0015405944764656575,0.0,0.0,1.0454530526854264
2019-12-26,-0.0009840705280086174,-0.0009840705280086174,0.0,0.0,1.044424253147862
2019-12-27,0.002820881290372447,0.002820881290372447,0.0,0.0,1.047370449982778
2019-12-30,-0.0018060941770226494,-0.0018060941770226494,0.0,0.0,1.0454788003118787
2019-12-31,-0.004785141399214945,-0.004785141399214945,0.0,0.0,1.0404760364225047
2020-01-02,0.002147303145491548,0.002147303145491548,0.0,0.0,1.0427102538883233
2020-01-03,0.0015053731255678551,0.0015053731255678551,0.0,0.0,1.044279921882281
2020-01-06,-0.009452253490664876,-0.009452253490664876,0.0,0.0,1.0344091233454378
2020-01-07,-0.0022995662781043484,-0.0022995662781043484,0.0,0.0,1.0320304310076291
2020-01-08,-0.005780226739800535,-0.005780226739800535,0.0,0.0,1.026065061114031
2020-01-09,0.006039993313476007,0.006039993313476007,0.0,0.0,1.0322624872223511
2020-01-10,0.0033886529901333362,0.0033886529901333362,0.0,0.0,1.0357604665862796
2020-01-13,0.0077201532016504875,0.0077201532016504875,0.0,0.0,1.0437566960685387
2020-01-14,0.0023222284424505527,0.0023222284424505527,0.0,0.0,1.0461805375551472
2020-01-15,-0.0029704886891103706,-0.0029704886891103706,0.0,0.0,1.0430728701015723
2020-01-16,0.0015643129057192852,0.0015643129057192852,0.0,0.0,1.0447045624538778
2020-01-17,0.004555585447597855,0.004555585447597855,0.0,0.0,1.0494638033556316
2020-01-20,0.003951496556310574,0.003951496556310574,0.0,0.0,1.0536107559605639
2020-01-30,-0.05103710620273407,-0.05103710620273407,0.0,0.0,0.9998375119122617
2020-01-31,0.007227330730033015,0.007227330730033015,0.0,0.0,1.007063668287145
2020-02-03,-0.004730832629158757,-0.004730832629158757,0.0,0.0,1.0022994186255718
2020-02-04,0.010412586852513471,0.010412586852513471,0.0,0.0,1.0127359483742344
2020-02-05,0.00177228014507183,0.00177228014507183,0.0,0.0,1.0145308001877387
2020-02-06,0.01141946509719344,0.01141946509719344,0.0,0.0,1.0261161992505103
2020-02-07,-0.007960362742789896,-0.007960362742789896,0.0,0.0,1.0179479420882234
2020-02-10,-0.00032557310980131735,-0.00032557310980131735,0.0,0.0,1.0176165256111018
2020-02-11,0.0021711176222396155,0.0021711176222396155,0.0,0.0,1.0198258907825384
2020-02-12,0.0016867707857817435,0.0016867707857817435,0.0,0.0,1.0215461033016942
2020-02-13,0.003331990922661262,0.003331990922661262,0.0,0.0,1.0249498856449752
2020-02-14,0.0004406860798869397,0.0004406860798869397,0.0,0.0,1.0254015667921605
2020-02-17,-0.002332169173969521,-0.002332169173969521,0.0,0.0,1.023010156867148
2020-02-18,0.0016722720449592653,0.0016722720449592653,0.0,0.0,1.0247209081541864
2020-02-19,0.009394108108462161,0.009394108108462161,0.0,0.0,1.0343472471463881
2020-02-20,-0.003903732216248827,-0.003903732216248827,0.0,0.0,1.0303094324749145
2020-02-21,-0.004568439073954329,-0.004568439073954329,0.0,0.0,1.0256025266053324
2020-02-24,-0.009530094633000134,-0.009530094633000134,0.0,0.0,1.0158284374709394
2020-02-25,-0.003103042760589777,-0.003103042760589777,0.0,0.0,1.012676278392044
2020-02-26,-0.006370810109571402,-0.006370810109571402,0.0,0.0,1.0062247101199409
2020-02-27,-0.006985882046516116,-0.006985882046516116,0.0,0.0,0.9991953429827531
2020-03-02,-0.01189818777946694,-0.01189818777946694,0.0,0.0,0.9873067291635754
2020-03-03,0.008352283229648254,0.008352283229648254,0.0,0.0,0.9955529946000873
2020-03-04,0.006697357903333626,0.006697357903333626,0.0,0.0,1.0022205693166597
2020-03-05,0.009233347409339841,0.009233347409339841,0.0,0.0,1.0114744200139467
2020-03-06,-0.014485102237775507,-0.015283276522537519,0.2956201054674114,0.0007981742847620109,0.9960157767574004
2020-03-09,-0.02249886659548708,-0.02249886659548708,0.0,0.0,0.9736065506691353
2020-03-10,-0.00039199655865589827,-0.00039199655865589827,0.0,0.0,0.9732249002517882
2020-03-11,-0.0027465548327239245,-0.0027465548327239245,0.0,0.0,0.9705518846986744
2020-03-12,-0.038028563153503434,-0.038028563153503434,0.0,0.0,0.933643191057659
2020-03-13,-0.027284571087699223,-0.027284571087699223,0.0,0.0,0.9081691370407
2020-03-16,-0.03418998640653015,-0.03418998640653015,0.0,0.0,0.8771188465904483
2020-03-17,-0.033818171631993736,-0.033818171631993736,0.0,0.0,0.8474562908947961
2020-03-18,-0.019553892910310667,-0.019553892910310667,0.0,0.0,0.8308852213364702
2020-03-19,-0.06637618958661531,-0.06637618958661531,0.0,0.0,0.7757342263603239
2020-03-20,0.057608796231092746,0.057608796231092746,0.0,0.0,0.8204233413362001
2020-03-23,-0.03845680783936128,-0.03845680783936128,0.0,0.0,0.7888724785515072
2020-03-24,0.03893303966272076,0.03893303966272076,0.0,0.0,0.8195856820477819
2020-03-25,0.039844144684102106,0.039844144684102106,0.0,0.0,0.8522413725443122
2020-03-26,0.002365801113569133,0.002365801113569133,0.0,0.0,0.8542576061325073
2020-03-27,0.01083652092207139,0.01083652092207139,0.0,0.0,0.8635147865542008
2020-03-30,-0.009075703615561533,-0.009075703615561533,0.0,0.0,0.85567778228378
2020-03-31,-0.0010071581476306614,-0.0010071581476306614,0.0,0.0,0.8548159794336063
2020-04-01,-0.0026470729461047365,-0.0026470729461047365,0.0,0.0,0.8525532191805496
2020-04-06,0.013845918911911378,0.013845918911911378,0.0,0.0,0.8643576019214124
2020-04-07,0.008755027832573245,0.008755027832573245,0.0,0.0,0.8719250767835306
2020-04-08,0.010343759558520814,0.010343759558520814,0.0,0.0,0.8809440601308242
2020-04-09,0.005830314695183364,0.005830314695183364,0.0,0.0,0.8860802412302395
2020-04-10,0.015832736602694183,0.015832736602694183,0.0,0.0,0.9001093162984897
2020-04-13,-0.007847274525466293,-0.007847274525466293,0.0,0.0,0.8930459113905657
2020-04-14,0.02072925113862239,0.02072925113862239,0.0,0.0,0.9115580843661005
2020-04-15,0.014467055764793273,0.014467055764793273,0.0,0.0,0.924745646005473
2020-04-16,-0.012341726941065924,-0.012341726941065924,0.0,0.0,0.9133326877525338
2020-04-17,0.0033615355848921114,0.0033615355848921114,0.0,0.0,0.9164028880832592
2020-04-20,-0.002887845790250575,-0.002887845790250575,0.0,0.0,0.9137564578607345
2020-04-21,-0.028074820070512277,-0.028074820070512277,0.0,0.0,0.8881029097180256
2020-04-22,0.00014026423437944998,0.00014026423437944998,0.0,0.0,0.8882274787927075
2020-04-23,0.0026525446212407955,0.0026525446212407955,0.0,0.0,0.8905835418140174
2020-04-24,-0.0010652580207031138,-0.0010652580207031138,0.0,0.0,0.8896348405529939
2020-04-27,0.022522730107371366,0.022522730107371366,0.0,0.0,0.9096718459608834
2020-04-28,0.008327919900508587,0.008327919900508587,0.0,0.0,0.9172475202297934
2020-04-29,0.013091662485233826,0.013091662485233826,0.0,0.0,0.9292558151800595
2020-04-30,0.01661213232934433,0.01661213232934433,0.0,0.0,0.9446927357496433
2020-05-04,-0.022583939803786007,-0.022583939803786007,0.0,0.0,0.9233578518723994
2020-05-05,0.005828318752217098,0.005828318752217098,0.0,0.0,0.9287394757554741
2020-05-06,-0.00576710138063269,-0.00576710138063269,0.0,0.0,0.9233833410425966
2020-05-07,0.002448587756417382,0.002448587756417382,0.0,0.0,0.9256443261859532
2020-05-08,0.004415955330224264,0.004415955330224264,0.0,0.0,0.9297319301820659
2020-05-11,0.011116699638878442,0.011116699638878442,0.0,0.0,0.9400674807945747
2020-05-12,-0.007920909175980671,-0.007920909175980671,0.0,0.0,0.9326212916599079
2020-05-13,0.0029410911795316316,0.0029410911795316316,0.0,0.0,0.9353642159146522
2020-05-14,-0.010481005526204224,-0.010481005526204224,0.0,0.0,0.9255606583986371
2020-05-15,-0.0008297773036862113,-0.0008297773036862113,0.0,0.0,0.9247926491711131
2020-05-18,-0.00021137849351249356,-0.00021137849351249356,0.0,0.0,0.9245971678941199
2020-05-19,0.011459122165148373,0.011459122165148373,0.0,0.0,0.9351922397945688
2020-05-20,0.0018090866455379244,0.0018090866455379244,0.0,0.0,0.9368840835865919
2020-05-21,0.005830192670714045,0.005830192670714045,0.0,0.0,0.9423462983040272
2020-05-22,-0.015305238863935504,-0.015305238863935504,0.0,0.0,0.9279234631159385
2020-05-25,0.002414714861468083,0.002414714861468083,0.0,0.0,0.9301641336926296
2020-05-26,0.012391711186670533,0.012391711186670533,0.0,0.0,0.9416904589935482
2020-05-27,0.0017749211563509286,0.0017749211563509286,0.0,0.0,0.9433618853119496
2020-05-28,-0.004948588604951415,-0.004948588604951415,0.0,0.0,0.9386935754359494
2020-05-29,0.0021963280103122905,0.0021963280103122905,0.0,0.0,0.9407552544287796
2020-06-01,0.009129289908874207,0.009129289908874207,0.0,0.0,0.9493436818797566
2020-06-02,0.008595930303187456,0.008595930303187456,0.0,0.0,0.9575041740029664
2020-06-03,0.01786089773804866,0.01786089773804866,0.0,0.0,0.974606058138588
2020-06-04,0.0007699027013606718,0.0007699027013606718,0.0,0.0,0.9753564099755113
2020-06-05,0.0022554401244241694,0.0022554401244241694,0.0,0.0,0.9775562679581844
2020-06-08,0.010314492404288774,0.010314492404288774,0.0,0.0,0.987639264658804
2020-06-09,-0.0009657444854515553,-0.0009657444854515553,0.0,0.0,0.9866854574853444
2020-06-10,0.0067899887111217486,0.0067899887111217486,0.0,0.0,0.993385040603098
2020-06-11,-0.021310865079071022,-0.021310865079071022,0.0,0.0,0.9722151460312379
2020-06-12,-0.00987006598247757,-0.00987006598247757,0.0,0.0,0.9626193183907455
2020-06-15,-0.008219941556945118,-0.008219941556945118,0.0,0.0,0.9547066438519872
2020-06-16,0.013833924386559117,0.013833924386559117,0.0,0.0,0.9679139833743812
2020-06-17,0.003577314421117361,0.003577314421117361,0.0,0.0,0.9713765160255075
2020-06-18,-0.005427711264317564,-0.005427711264317564,0.0,0.0,0.9661041647675823
2020-06-19,-0.006558252042147187,-0.006558252042147187,0.0,0.0,0.9597682101560684
2020-06-22,0.0042859192933964365,0.0042859192933964365,0.0,0.0,0.9638816992451648
2020-06-23,0.003432696900241173,0.003432696900241173,0.0,0.0,0.9671904129663629
2020-06-24,0.0026928003001645533,0.0026928003001645533,0.0,0.0,0.9697948636007149
2020-06-29,-0.0077591086148465944,-0.0077591086148465944,0.0,0.0,0.9622701199199165
2020-06-30,0.005650599025175174,0.005650599025175174,0.0,0.0,0.9677075225214912
2020-07-01,0.0047556591233951125,0.0047556591233951125,0.0,0.0,0.9723096096297486
2020-07-02,0.005157316129422819,0.005157316129422819,0.0,0.0,0.9773241176622848
2020-07-03,0.0018656746063120903,0.0018656746063120903,0.0,0.0,0.9791474864507437
2020-07-06,0.01075723360278486,0.01075723360278486,0.0,0.0,0.9896804046940739
2020-07-07,-0.003517022900842463,-0.003517022900842463,0.0,0.0,0.9861996760462498
2020-07-08,0.0011086305505394797,0.0011086305505394797,0.0,0.0,0.9872930071360467
2020-07-09,-0.0029705203579938225,-0.0029705203579938225,0.0,0.0,0.9843602331590442
2020-07-10,-0.00705661914147173,-0.00705661914147173,0.0,0.0,0.9774139778956306
2020-07-13,0.005553560003422257,0.005553560003422257,0.0,0.0,0.9828421050700575
2020-07-14,-0.003552709701270784,-0.003552709701270784,0.0,0.0,0.9793503523885578
2020-07-15,0.0034534593947200304,0.0034534593947200304,0.0,0.0,0.9827324990637364
2020-07-16,-0.002303852660772694,-0.002303852660772694,0.0,0.0,0.9804684281809406
2020-07-17,-0.0035706067635201963,-0.0035706067635201963,0.0,0.0,0.9769675609798597
2020-07-20,-0.00013511574153754707,-0.00013511574153754707,0.0,0.0,0.9768355572833998
2020-07-21,0.0013715835698395516,0.0013715835698395516,0.0,0.0,0.9781753688842048
2020-07-22,0.005316302802362795,0.005316302802362795,0.0,0.0,0.9833756453390061
2020-07-23,-0.005490403373131289,-0.005490403373131289,0.0,0.0,0.9779765163787817
2020-07-24,-0.012597419149498253,-0.012597419149498253,0.0,0.0,0.9656565362835919
2020-07-27,-0.01459103837527151,-0.01459103837527151,0.0,0.0,0.9515666047053463
2020-07-28,-0.006851268646396952,-0.006851268646396952,0.0,0.0,0.9450471662615701
2020-07-29,0.006123680509928875,0.006123680509928875,0.0,0.0,0.9508343331745697
2020-07-30,0.006411752586938416,0.006411752586938416,0.0,0.0,0.9569308476700517
2020-07-31,-0.006457639566050437,-0.006457639566050437,0.0,0.0,0.9507513331661633
2020-08-03,-0.008146241826969611,-0.008146241826969611,0.0,0.0,0.943006282888878
2020-08-04,0.008830899802851223,0.008830899802851223,0.0,0.0,0.9513338768865288
2020-08-05,0.004366129248134604,0.004366129248134604,0.0,0.0,0.9554875235511443
2020-08-06,0.0073775906659306395,0.0073775906659306395,0.0,0.0,0.9625367193863084
2020-08-07,-0.008110685335400273,-0.008110685335400273,0.0,0.0,0.9547298869315975
2020-08-10,0.007675050971579567,0.007675050971579567,0.0,0.0,0.9620574874778879
2020-08-11,-0.007496364087576601,-0.007496364087576601,0.0,0.0,0.9548455542785744
2020-08-12,-0.002569669310970813,-0.002569669310970813,0.0,0.0,0.9523919169610279
2020-08-13,-0.0018121732702295508,-0.0018121732702295508,0.0,0.0,0.9506660177863284
2020-08-14,-0.0013013408828548643,-0.0013013408828548643,0.0,0.0,0.9494288772314423
2020-08-17,0.00655075071378621,0.00655075071378621,0.0,0.0,0.9556483491266555
2020-08-18,-0.0001096925804686973,-0.0001096925804686973,0.0,0.0,0.9555435215932192
2020-08-19,-0.00438571032881876,-0.00438571032881876,0.0,0.0,0.951352784500932
2020-08-20,-0.0228092548486993,-0.0228092548486993,0.0,0.0,0.9296531363882304
2020-08-21,0.01187011240663743,0.01187011240663743,0.0,0.0,0.9406882236163417
2020-08-24,-0.0027505551020334277,-0.0027505551020334277,0.0,0.0,0.938100808823451
2020-08-25,0.005983863640311357,0.005983863640311357,0.0,0.0,0.9437142761443164
2020-08-26,0.0022687527112391585,0.0022687527112391585,0.0,0.0,0.9458553304669538
2020-08-27,-0.00278405299827716,-0.00278405299827716,0.0,0.0,0.9432220190982309
2020-08-28,0.0013925844018803043,0.0013925844018803043,0.0,0.0,0.9445355353695372
2020-08-31,-0.005259668558426477,-0.005259668558426477,0.0,0.0,0.9395675915118374
2020-09-01,-0.0009311314940156314,-0.0009311314940156314,0.0,0.0,0.9386927305366244
2020-09-02,-0.0021506984631516598,-0.0021506984631516598,0.0,0.0,0.9366738855236877
2020-09-03,0.002923548610649731,0.002923548610649731,0.0,0.0,0.9394122971603425
2020-09-04,-0.004588665868964847,-0.004588665868964847,0.0,0.0,0.9351016480154769
2020-09-07,0.005388142018295454,0.005388142018295454,0.0,0.0,0.9401401084965265
2020-09-08,0.00048009477325809463,0.00048009477325809463,0.0,0.0,0.9405914648487461
2020-09-09,-0.0020444257661995464,-0.0020444257661995464,0.0,0.0,0.9386684954225419
2020-09-10,0.004231960995280175,0.004231960995280175,0.0,0.0,0.9426409038826684
2020-09-11,-0.00033230624308629484,-0.00033230624308629484,0.0,0.0,0.9423276584253196
2020-09-14,0.0003100683738331504,0.0003100683738331504,0.0,0.0,0.9426198444299855
2020-09-15,0.00018565688526583763,0.00018565688526583763,0.0,0.0,0.9427948482942922
2020-09-16,0.000992250622415011,0.000992250622415011,0.0,0.0,0.9437303370693217
2020-09-17,-0.0048934353427988065,-0.0048934353427988065,0.0,0.0,0.9391122536838352
2020-09-18,3.7334359100897725e-05,3.7334359100897725e-05,0.0,0.0,0.9391473148379503
2020-09-21,-0.006547005175751413,-0.006547005175751413,0.0,0.0,0.9329987125069131
2020-09-22,-0.010996792097415798,-0.010996792097415798,0.0,0.0,0.922738719638318
2020-09-23,-0.006241803211710951,-0.006241803211710951,0.0,0.0,0.9169791661345095
2020-09-24,-0.025264782777660325,-0.025264782777660325,0.0,0.0,0.893811886690481
2020-09-25,0.006182597019863109,0.006182597019863109,0.0,0.0,0.8993379653974517
2020-09-28,0.016714944428710698,0.016714944428710698,0.0,0.0,0.9143703495116998
2020-09-29,0.0005298115031192506,0.0005298115031192506,0.0,0.0,0.9148547934409822
2020-09-30,-0.0007127954732271314,-0.0007127954732271314,0.0,0.0,0.9142026890855574
2020-10-05,0.001258841444832971,0.001258841444832971,0.0,0.0,0.9153535253195559
2020-10-06,0.01173563453510669,0.01173563453510669,0.0,0.0,0.9260957797631278
2020-10-07,-0.005393458657000025,-0.005393458657000025,0.0,0.0,0.9211009204625532
2020-10-08,0.0030589223006097766,0.0030589223006097766,0.0,0.0,0.9239184966092682
2020-10-12,-0.001496517681029263,-0.001496517681029263,0.0,0.0,0.9225358362432625
2020-10-13,-0.0026105371812710255,-0.0026105371812710255,0.0,0.0,0.9201275221416946
2020-10-14,-0.00053429940858861,-0.00053429940858861,0.0,0.0,0.9196358985507882
2020-10-15,-0.005676854340283069,-0.005676854340283069,0.0,0.0,0.91441525950862
2020-10-16,-0.00407775840417643,-0.00407775840417643,0.0,0.0,0.9106864949992516
2020-10-19,0.003728775921464884,0.003728775921464884,0.0,0.0,0.914082240873808
2020-10-20,-0.00021032289119052107,-0.00021032289119052107,0.0,0.0,0.9138899884541215
2020-10-21,-0.0023788180008549927,-0.0023788180008549927,0.0,0.0,0.9117160104987856
2020-10-22,0.006574917541763052,0.006574917541763052,0.0,0.0,0.9177104680893203
2020-10-23,0.0002173932040098147,0.0002173932040098147,0.0,0.0,0.9179099721083315
2020-10-26,0.006145641857369016,0.006145641857369016,0.0,0.0,0.923551118054217
2020-10-27,-0.002475118816156991,-0.002475118816156991,0.0,0.0,0.9212652193042381
2020-10-28,-0.002377744279493127,-0.002377744279493127,0.0,0.0,0.9190746861991415
2020-10-29,-0.00914800482817186,-0.00914800482817186,0.0,0.0,0.9106669865323411
2020-10-30,-0.0049283854035610634,-0.0049283854035610634,0.0,0.0,0.9061788686484101
2020-11-02,0.01070092618920574,0.01070092618920574,0.0,0.0,0.9158758218360347
2020-11-03,0.007428580299327933,0.007428580299327933,0.0,0.0,0.9226794789227566
2020-11-04,-0.0005675109380066818,-0.0005675109380066818,0.0,0.0,0.9221558482261937
2020-11-05,0.005501717731028324,0.005501717731028324,0.0,0.0,0.9272292894071512
2020-11-06,0.0037840605236268052,0.0037840605236268052,0.0,0.0,0.9307379811575474
2020-11-09,0.0070081129498622535,0.0070081129498622535,0.0,0.0,0.9372606980562262
2020-11-10,0.009975946920474453,0.009975946920474453,0.0,0.0,0.9466107610306821
2020-11-11,0.018479624834145114,0.018479624834145114,0.0,0.0,0.9641037727584936
2020-11-12,-0.009353668051404538,-0.009353668051404538,0.0,0.0,0.9550858661010039
2020-11-13,0.00020110325386082733,0.00020110325386082733,0.0,0.0,0.9552779369763934
2020-11-16,0.007771431351359574,0.007771431351359574,0.0,0.0,0.9627018138850738
2020-11-17,0.0017066047165762229,0.0017066047165762229,0.0,0.0,0.9643447653413064
2020-11-18,0.0053275616703387235,0.0053275616703387235,0.0,0.0,0.9694823715501306
2020-11-19,-0.0031657386909373607,-0.0031657386909373607,0.0,0.0,0.9664132436963326
2020-11-20,-0.0021924458242785763,-0.0021924458242785763,0.0,0.0,0.9642944350156631
2020-11-23,0.007450178526430715,0.007450178526430715,0.0,0.0,0.9714786007085735
2020-11-24,-0.0049526491225703245,-0.0049526491225703245,0.0,0.0,0.9666672080691784
2020-11-25,0.001353764130702696,0.001353764130702696,0.0,0.0,0.9679758474617889
2020-11-26,0.003593606660976508,0.003593606660976508,0.0,0.0,0.9714543719148919
2020-11-27,-0.0012467897750513901,-0.0012467897750513901,0.0,0.0,0.9702431725370594
2020-11-30,-0.003000960657354015,-0.003000960657354015,0.0,0.0,0.9673315109482093
2020-12-01,0.006905518768577272,0.006905518768577272,0.0,0.0,0.9740114368524985
2020-12-02,0.001299579317991495,0.001299579317991495,0.0,0.0,0.9752772419713192
2020-12-03,-0.0007452814040331618,-0.0007452814040331618,0.0,0.0,0.9745503859791012
2020-12-04,0.009936492740746915,0.009936492740746915,0.0,0.0,0.9842339988148745
2020-12-07,0.0010110648836285578,0.0010110648836285578,0.0,0.0,0.9852291232483495
2020-12-08,-0.007976409643180521,-0.007976409643180521,0.0,0.0,0.9773705321689292
2020-12-09,4.673777304715351e-05,4.673777304715351e-05,0.0,0.0,0.9774162122910447
2020-12-10,0.00044164850842454264,0.00044164850842454264,0.0,0.0,0.9778478867033131
2020-12-11,0.005750582673392608,0.005750582673392608,0.0,0.0,0.9834710818178027
2020-12-14,0.0005070286247467091,0.0005070286247467091,0.0,0.0,0.9839697298078949
2020-12-15,-0.008293225660460177,-0.008293225660460177,0.0,0.0,0.9758094467955359
2020-12-16,0.012967755874359308,0.012967755874359308,0.0,0.0,0.988463505481474
2020-12-17,-0.001401780566140552,-0.001401780566140552,0.0,0.0,0.9870778965491509
2020-12-18,-0.005541188123873906,-0.005541188123873906,0.0,0.0,0.9816083122314543
2020-12-21,0.00822679340353458,0.00822679340353458,0.0,0.0,0.9896838010193746
2020-12-22,-0.00888527023914081,-0.00888527023914081,0.0,0.0,0.9808901929960174
2020-12-23,-0.0006325599966154464,-0.0006325599966154464,0.0,0.0,0.9802697210988557
2020-12-24,0.004202867637371665,0.004202867637371665,0.0,0.0,0.9843896649855575
2020-12-25,0.0044773423290874305,0.0044773423290874305,0.0,0.0,0.9887971145009135
2020-12-28,0.00606746573550798,0.00606746573550798,0.0,0.0,0.9947966071125169
2020-12-29,0.000796963846433464,0.000796963846433464,0.0,0.0,0.9955894240429404
2020-12-30,0.014731980665602766,0.014731980665602766,0.0,0.0,1.0102564281888196
2020-12-31,-0.0038535026599991057,-0.0038535026599991057,0.0,0.0,1.0063634023555128
2021-01-04,-0.0009633042581750307,-0.0009633042581750307,0.0,0.0,1.0053939682047521
2021-01-05,0.004784034241845007,0.004784034241845007,0.0,0.0,1.0102038073751882
2021-01-06,-0.008383570139964172,-0.008383570139964172,0.0,0.0,1.0017346929003994
2021-01-07,0.005794791443049223,0.005794791443049223,0.0,0.0,1.007539536527024
2021-01-08,0.010921347386903958,0.010921347386903958,0.0,0.0,1.018543225811476
2021-01-11,0.00593445634057542,0.00593445634057542,0.0,0.0,1.024587726116043
2021-01-12,-0.010542318307223074,-0.010542318307223074,0.0,0.0,1.0137861961736538
2021-01-13,0.00867242795838919,0.00867242795838919,0.0,0.0,1.0225781839251793
2021-01-14,0.0009295701401075382,0.0009295701401075382,0.0,0.0,1.0235287420708816
2021-01-15,-0.010942279133557416,-0.010942279133557416,0.0,0.0,1.012329004873923
2021-01-18,-0.006232244542113717,-0.006232244542113717,0.0,0.0,1.006019922958474
2021-01-19,0.0004132076179059477,0.0004132076179059477,0.0,0.0,1.0064356180544056
2021-01-20,-0.023075583721817422,-0.023075583721817422,0.0,0.0,0.9832115286893721
2021-01-21,0.0035093770834207236,0.0035093770834207236,0.0,0.0,0.9866619886963096
2021-01-22,0.0007744519504352178,0.0007744519504352178,0.0,0.0,0.9874261109978757
2021-01-25,0.010571663656552915,0.010571663656552915,0.0,0.0,0.9978648477290434
2021-01-26,-0.006612727485498784,-0.006612727485498784,0.0,0.0,0.9912662394236524
2021-01-27,0.00019707790797799144,0.00019707790797799144,0.0,0.0,0.9914615961003673
2021-01-28,-0.0068668301086178204,-0.0068668301086178204,0.0,0.0,0.9846533977607271
2021-01-29,-0.014590813471357676,-0.014590813471357676,0.0,0.0,0.9702865037000618
2021-02-01,0.009010597478246151,0.009010597478246151,0.0,0.0,0.9790293648234778
2021-02-02,0.009216691176746448,0.009216691176746448,0.0,0.0,0.988052776132022
2021-02-03,0.00347192975810404,0.00347192975810404,0.0,0.0,0.9914832259680522
2021-02-04,-0.004057315658190136,-0.004057315658190136,0.0,0.0,0.9874604655504992
2021-02-05,0.0033644979360780447,0.0033644979360780447,0.0,0.0,0.9907827742488025
2021-02-17,0.015573255177156669,0.015573255177156669,0.0,0.0,1.0062124872173102
2021-02-18,0.004670657025182135,0.004670657025182135,0.0,0.0,1.0109121606395577
2021-02-19,-0.0005173624792092408,-0.0005173624792092408,0.0,0.0,1.0103891526178665
2021-02-22,0.003705687485936457,0.003705687485936457,0.0,0.0,1.0141333390566485
2021-02-23,0.013650085362656524,0.013650085362656524,0.0,0.0,1.0279763457038875
2021-02-24,-0.00044833003041520804,-0.00044833003041520804,0.0,0.0,1.027515473037552
2021-02-25,0.01596771005753315,0.01596771005753315,0.0,0.0,1.0439225421906446
2021-02-26,-0.018933723609288293,-0.018933723609288293,0.0,0.0,1.0241572013073015
2021-03-02,-0.0006374549606549883,-0.0006374549606549883,0.0,0.0,1.0235043472188377
2021-03-03,0.011884281453492185,0.011884281453492185,0.0,0.0,1.0356679609500592
2021-03-04,-0.005611900521783428,-0.005611900521783428,0.0,0.0,1.0298558953796093
2021-03-05,-0.0015850657947431423,-0.0015850657947431423,0.0,0.0,1.0282235060263285
2021-03-08,0.0012340883523942491,0.0012340883523942491,0.0,0.0,1.0294924246787736
2021-03-09,0.015182311577595147,0.015182311577595147,0.0,0.0,1.0451224994370205
2021-03-10,0.005165439970662716,0.005165439970662716,0.0,0.0,1.0505210169698513
2021-03-11,0.0049599723978350375,0.0049599723978350375,0.0,0.0,1.0557315722173675
2021-03-12,0.003908621450939295,0.003908621450939295,0.0,0.0,1.0598580272869702
2021-03-15,0.0038249873974695496,0.0038249873974695496,0.0,0.0,1.0639119708844498
2021-03-16,0.004044205310645586,0.004044205310645586,0.0,0.0,1.06821464932716
2021-03-17,-0.003218993833112919,-0.003218993833112919,0.0,0.0,1.064776072958535
2021-03-18,0.004100570391023524,0.0027759104722582437,0.4906147847278815,0.0013246599187652802,1.0677317960100705
2021-03-19,-0.009060336053529947,-0.009060336053529947,0.0,0.0,1.0580577871231802
2021-03-22,0.00873218157176524,0.00873218157176524,0.0,0.0,1.06729693983376
2021-03-23,0.00299380960736674,0.00299380960736674,0.0,0.0,1.0704922236661474
2021-03-24,0.002038158199551011,0.002038158199551011,0.0,0.0,1.0726740561693682
2021-03-25,0.005466338930615238,0.005466338930615238,0.0,0.0,1.0785376561224678
2021-03-26,0.0035293303767168754,0.0035293303767168754,0.0,0.0,1.0823441718346536
2021-03-29,0.013179041472062582,0.013179041472062582,0.0,0.0,1.0966084305623076
2021-03-30,0.005776812562676819,0.005776812562676819,0.0,0.0,1.1029433319203175
2021-03-31,-0.0005584074248660721,-0.0005584074248660721,0.0,0.0,1.1023274401745666
2021-04-01,-0.0018988527928175578,-0.0018988527928175578,0.0,0.0,1.1002342826361917
2021-04-06,0.002123482371369197,0.002123482371369197,0.0,0.0,1.1025706107397457
2021-04-07,0.005489876763297117,0.005489876763297117,0.0,0.0,1.1086235875155401
2021-04-08,-0.002586699147072794,-0.002586699147072794,0.0,0.0,1.1057559118272888
2021-04-09,-0.0016557991993326293,-0.0016557991993326293,0.0,0.0,1.1039250020738278
2021-04-12,0.011270260191245947,0.011270260191245947,0.0,0.0,1.1163665240788216
2021-04-13,-0.0032530897273263647,-0.0032530897273263647,0.0,0.0,1.1127348836074098
2021-04-14,-0.001714212802092681,-0.001714212802092681,0.0,0.0,1.1108274192245948
2021-04-15,0.010174860416747516,0.010174860416747516,0.0,0.0,1.122129933162301
2021-04-16,0.008997635090109894,0.008997635090109894,0.0,0.0,1.1322264488245848
2021-04-19,0.019498899536415717,0.019498899536415717,0.0,0.0,1.1543036186026883
2021-04-20,0.003632480211205496,0.003632480211205496,0.0,0.0,1.1584966036549855
2021-04-21,-0.001090932898384805,-0.001090932898384805,0.0,0.0,1.1572327615973912
2021-04-22,-0.003439891349436269,-0.003439891349436269,0.0,0.0,1.1532520066314882
2021-04-23,-0.0003254657391328804,-0.0003254657391328804,0.0,0.0,1.1528766626147435
2021-04-26,0.014999330351002094,0.014999330351002094,0.0,0.0,1.1701690405312628
2021-04-27,0.000359132990379955,0.000359132990379955,0.0,0.0,1.170589286838039
2021-04-28,0.0011782162035994497,0.0011782162035994497,0.0,0.0,1.1719684941035513
2021-04-29,-0.004505004955994572,-0.004505004955994572,0.0,0.0,1.1666887702293454
2021-05-03,-0.01028453954992794,-0.01028453954992794,0.0,0.0,1.1546899134294648
2021-05-04,-0.019175452738254523,-0.019175452738254523,0.0,0.0,1.132548211567159
2021-05-05,0.0042733844511575894,0.0042733844511575894,0.0,0.0,1.1373880254846565
2021-05-06,0.009131927665074927,0.009131927665074927,0.0,0.0,1.1477745706605047
2021-05-07,0.010318673337775966,0.010318673337775966,0.0,0.0,1.1596180815205566
2021-05-10,0.01100454039482348,0.01100454039482348,0.0,0.0,1.1723791455412174
2021-05-11,-0.02545016476059942,-0.02545016476059942,0.0,0.0,1.1425419031253026
2021-05-12,-0.0433146342809927,-0.0433146342809927,0.0,0.0,1.0930531184407206
2021-05-13,-0.007442951263712058,-0.007442951263712058,0.0,0.0,1.0849175773515178
2021-05-14,0.010470805208733459,0.010470805208733459,0.0,0.0,1.0962775379714966
2021-05-17,-0.035101427711499086,-0.035101427711499086,0.0,0.0,1.05779663122065
2021-05-18,0.04230407575978637,0.04230407575978637,0.0,0.0,1.102545740046255
2021-05-19,-0.0005143539522254044,-0.0005143539522254044,0.0,0.0,1.101978641287353
2021-05-20,-0.0043656743298775965,-0.0043656743298775965,0.0,0.0,1.0971677614210114
2021-05-21,0.011298371206436961,0.011298371206436961,0.0,0.0,1.1095639700652813
2021-05-24,7.350432478417688e-05,7.350432478417688e-05,0.0,0.0,1.1096455278157058
2021-05-25,0.008595783354706676,0.008595783354706676,0.0,0.0,1.1191838003733285
2021-05-26,0.0008163319767320043,0.0008163319767320043,0.0,0.0,1.1200974258974137
2021-05-27,-0.005234138918930338,-0.005234138918930338,0.0,0.0,1.1142346803675303
2021-05-28,0.012051585141823489,0.012051585141823489,0.0,0.0,1.127662974485952
2021-05-31,0.009708086707899006,0.009708086707899006,0.0,0.0,1.138610424419549
2021-06-01,0.005492731516361403,0.005492731516361403,0.0,0.0,1.1448645057826157
2021-06-02,0.0026991394329845373,0.0026991394329845373,0.0,0.0,1.1479546547155979
2021-06-03,0.001278611366114478,0.001278611366114478,0.0,0.0,1.1494224425849013
2021-06-04,-0.0035878549104472602,-0.0035878549104472602,0.0,0.0,1.1452984816300948
2021-06-07,-0.0042213987260228784,-0.0042213987260228784,0.0,0.0,1.1404637200788257
2021-06-08,0.0012786636761289655,0.0012786636761289655,0.0,0.0,1.1419219896116335
2021-06-09,-0.00748436658378029,-0.00748436658378029,0.0,0.0,1.1333754268313003
2021-06-10,0.002642724448068377,0.002642724448068377,0.0,0.0,1.1363706257806274
2021-06-11,0.001437674039105937,0.001437674039105937,0.0,0.0,1.1380043563281148
2021-06-15,-0.0024310348248706066,-0.0024310348248706066,0.0,0.0,1.1352378281070268
2021-06-16,-0.0014953059479600305,-0.0014953059479600305,0.0,0.0,1.1335403002303093
2021-06-17,0.0021771357850499684,0.0021771357850499684,0.0,0.0,1.136008171381737
2021-06-18,-0.007041833697479663,-0.007041833697479663,0.0,0.0,1.1280085907598887
2021-06-21,-0.006561467187860241,-0.006561467187860241,0.0,0.0,1.1206071994039932
2021-06-22,0.00368458503734978,0.00368458503734978,0.0,0.0,1.1247361719236635
2021-06-23,0.011203787744818873,0.011203787744818873,0.0,0.0,1.1373374772628162
2021-06-24,0.0023692988044861853,0.0023692988044861853,0.0,0.0,1.1400321695879923
2021-06-25,0.005181134739555666,0.005181134739555666,0.0,0.0,1.1459388298660556
2021-06-28,0.0033153992373239865,0.0033153992373239865,0.0,0.0,1.1497380745886134
2021-06-29,-0.005650831372997703,-0.005650831372997703,0.0,0.0,1.1432410986059982
2021-06-30,0.004536948115765173,0.004536948115765173,0.0,0.0,1.148427924154184
2021-07-01,-0.003689033002403737,-0.003689033002403737,0.0,0.0,1.144191335641097
2021-07-02,0.00030483311964371975,0.00030483311964371975,0.0,0.0,1.14454012305541
2021-07-05,0.00968779184735774,0.00968779184735774,0.0,0.0,1.1556281895285199
2021-07-06,0.001857019629128341,0.001857019629128341,0.0,0.0,1.1577742137604483
2021-07-07,-0.0011957017305939009,-0.0011957017305939009,0.0,0.0,1.1563898611294179
2021-07-08,0.006408031431310884,0.006408031431310884,0.0,0.0,1.1638000437063845
2021-07-09,-0.0023721274218862142,-0.0023721274218862142,0.0,0.0,1.1610393617091161
2021-07-12,0.0031574324306423754,0.0031574324306423754,0.0,0.0,1.164705265043029
2021-07-13,0.0018603422894203309,0.0018603422894203309,0.0,0.0,1.1668720155022991
2021-07-14,-0.0012782139902063555,-0.0012782139902063555,0.0,0.0,1.165380503367304
2021-07-15,0.004410381653462367,0.004410381653462367,0.0,0.0,1.170520276158658
2021-07-16,0.009076588457675637,0.009076588457675637,0.0,0.0,1.1811446069867149
2021-07-19,-0.0015066539335019241,-0.0015066539335019241,0.0,0.0,1.1793650308185637
2021-07-20,-0.012304264390275816,-0.012304264390275816,0.0,0.0,1.1648538116667264
2021-07-21,-0.00198647489097411,-0.00198647489097411,0.0,0.0,1.162539858818195
2021-07-22,0.007611720499272709,0.007611720499272709,0.0,0.0,1.171388787292783
2021-07-23,0.001999069786282101,0.001999069786282101,0.0,0.0,1.1737304752254498
2021-07-26,-0.007074275767140811,-0.007074275767140811,0.0,0.0,1.1654271821674078
2021-07-27,-0.006711895440051507,-0.006711895440051507,0.0,0.0,1.1576049567777065
2021-07-28,-0.005087377659755989,-0.005087377659755989,0.0,0.0,1.1517157831817728
2021-07-29,0.004990173610141934,0.004990173610141934,0.0,0.0,1.1574630448893903
2021-07-30,-0.006505123580084369,-0.006505123580084369,0.0,0.0,1.1499336047430042
2021-08-02,0.010645873583606765,0.010645873583606765,0.0,0.0,1.1621756525286395
2021-08-03,0.0012573453126157336,0.0012573453126157336,0.0,0.0,1.1636369086377825
2021-08-04,0.004412434880546072,0.004412434880546072,0.0,0.0,1.1687713807217466
2021-08-05,0.0017805503521907506,0.0017805503521907506,0.0,0.0,1.1708524370153213
2021-08-06,-0.002020430214281818,-0.002020430214281818,0.0,0.0,1.1684868113751101
2021-08-09,-0.004299324670924316,-0.004299324670924316,0.0,0.0,1.1634631071993153
2021-08-10,-0.004876361484283498,-0.004876361484283498,0.0,0.0,1.157789640514984
2021-08-11,-0.002205729626070319,-0.002205729626070319,0.0,0.0,1.1552358696041427
2021-08-12,-0.004799061451305609,-0.004799061451305609,0.0,0.0,1.14969182167516
2021-08-13,-0.005006031196612555,-0.005006031196612555,0.0,0.0,1.1439364285493638
2021-08-16,-0.012374824705094399,-0.012374824705094399,0.0,0.0,1.1297804157722937
2021-08-17,0.001683386863939395,0.001683386863939395,0.0,0.0,1.131682273283341
2021-08-18,0.005885011930422283,0.005885011930422283,0.0,0.0,1.138342236963061
2021-08-19,-0.014903767417903353,-0.014903767417903353,0.0,0.0,1.1213766490213877
2021-08-20,-0.0021037955082052234,-0.0021037955082052234,0.0,0.0,1.1190175018641701
2021-08-23,0.005914906852865772,0.005914906852865772,0.0,0.0,1.1256363861544232
2021-08-24,0.007328926247008549,0.007328926247008549,0.0,0.0,1.1338860922094982
2021-08-25,0.0021765348454847325,0.0021765348454847325,0.0,0.0,1.1363540348000027
2021-08-26,-0.0028052626446988652,-0.0028052626446988652,0.0,0.0,1.1331662632750255
2021-08-27,0.014009040329580573,0.014009040329580573,0.0,0.0,1.1490408351573653
2021-08-30,0.013605023749505802,0.013605023749505802,0.0,0.0,1.1646735630088332
2021-08-31,0.0013516247141365997,0.0013516247141365997,0.0,0.0,1.1662477645804974
2021-09-01,-0.006351063006148042,-0.006351063006148042,0.0,0.0,1.1588408515468673
2021-09-02,-0.009523272539588599,-0.009523272539588599,0.0,0.0,1.1478048942875776
2021-09-03,0.008197576743485962,0.008197576743485962,0.0,0.0,1.1572141129950486
2021-09-06,-0.006568126267384023,-0.006568126267384023,0.0,0.0,1.1496133845824983
2021-09-07,-0.0022969452127247687,-0.0022969452127247687,0.0,0.0,1.1469727856222973
2021-09-08,-0.005359104467420248,-0.005359104467420248,0.0,0.0,1.1408260386428595
2021-09-09,-0.0015111686147974653,-0.0015111686147974653,0.0,0.0,1.1391020581383187
2021-09-10,0.007501807245492864,0.007501807245492864,0.0,0.0,1.1476473822114166
2021-09-13,0.0044197855269396125,0.0044197855269396125,0.0,0.0,1.1527197375013447
2021-09-14,0.0023165047038335917,0.0023165047038335917,0.0,0.0,1.1553900181954684
2021-09-15,0.00020734329590107634,0.00020734329590107634,0.0,0.0,1.1556295805698922
2021-09-16,0.00010539919288363331,0.00010539919288363331,0.0,0.0,1.1557513829949568
2021-09-17,-0.004351033108025175,-0.004351033108025175,0.0,0.0,1.1507226704628999
2021-09-22,-0.0122624371705998,-0.0122624371705998,0.0,0.0,1.1366120060155638
2021-09-23,0.006547646894837684,0.006547646894837684,0.0,0.0,1.144054140087387
2021-09-24,0.0034152882826695755,0.0034152882826695755,0.0,0.0,1.1479614147867672
2021-09-27,0.0031273845026947313,0.0031273845026947313,0.0,0.0,1.1515515315250628
2021-09-28,-0.0012758443714748907,-0.0012758443714748907,0.0,0.0,1.1500823309851034
2021-09-29,-0.006888547518058053,-0.006888547518058053,0.0,0.0,1.1421599341984336
2021-09-30,0.0017993322797074842,0.0017993322797074842,0.0,0.0,1.1442150594366254
2021-10-01,-0.012652584462383308,-0.012652584462383308,0.0,0.0,1.1297377817539727
2021-10-04,-0.0021877046111948924,-0.0021877046111948924,0.0,0.0,1.1272662491993883
2021-10-05,0.002124618546718908,0.002124618546718908,0.0,0.0,1.1296612599795277
2021-10-06,0.002309489679106341,0.002309489679106341,0.0,0.0,1.1322702010003367
2021-10-07,0.008937157402375018,0.008937157402375018,0.0,0.0,1.1423894780086956
2021-10-08,-0.0015795781111716362,-0.0015795781111716362,0.0,0.0,1.1405849845948004
2021-10-12,-0.003841749896092935,-0.003841749896092935,0.0,0.0,1.1362031423487482
2021-10-13,-0.0018379463851914421,-0.0018379463851914421,0.0,0.0,1.134114861890425
2021-10-14,-0.002514160433048233,-0.002514160433048233,0.0,0.0,1.1312635151781283
2021-10-15,0.008888198505328734,0.008888198505328734,0.0,0.0,1.1413184098628673
2021-10-18,0.0028364422859059758,0.0028364422859059758,0.0,0.0,1.1445556936622852
2021-10-19,0.0018333541324057428,0.0018333541324057428,0.0,0.0,1.1466540695730296
2021-10-20,-0.00014187845658513066,-0.00014187845658513066,0.0,0.0,1.1464913840634017
2021-10-21,0.0006504961096538645,0.0006504961096538645,0.0,0.0,1.1472371722484866
2021-10-22,0.0001854907914718978,0.0001854907914718978,0.0,0.0,1.147449974179573
2021-10-25,0.0019385716214544322,0.0019385716214544322,0.0,0.0,1.149674388136556
2021-10-26,0.005735426611351813,0.005735426611351813,0.0,0.0,1.1562682612166642
2021-10-27,0.0008089313006048089,0.0008089313006048089,0.0,0.0,1.157203602805058
2021-10-28,0.0010306925325476294,0.0010306925325476294,0.0,0.0,1.1583963239171065
2021-10-29,-0.0031798816641627945,-0.0031798816641627945,0.0,0.0,1.1547127606868488
2021-11-01,0.0005814396371081924,0.0005814396371081924,0.0,0.0,1.1553841564553868
2021-11-02,-0.0010304105531571766,-0.0010304105531571766,0.0,0.0,1.1541936364276246
2021-11-03,0.0045595791641031055,0.0045595791641031055,0.0,0.0,1.1594562736836205
2021-11-04,4.920257613434545e-06,4.920257613434545e-06,0.0,0.0,1.1594619785071785
2021-11-05,0.0038420542939815614,0.0038420542939815614,0.0,0.0,1.1639166943804105
2021-11-08,0.003871553689705471,0.003871553689705471,0.0,0.0,1.1684228603530487
2021-11-09,0.00039707040126831894,0.00039707040126831894,0.0,0.0,1.1688868064870601
2021-11-10,0.0025236870026227073,0.0025236870026227073,0.0,0.0,1.1718367109281285
2021-11-11,0.0011254837435452475,0.0011254837435452475,0.0,0.0,1.1731555940963676
2021-11-12,0.007898041128116389,0.007898041128116389,0.0,0.0,1.1824212252282207
2021-11-15,0.004211048673512516,0.004211048673512516,0.0,0.0,1.1874004585602511
2021-11-16,0.0016034495809338438,0.0016034495809338438,0.0,0.0,1.18930439532793
2021-11-17,0.012299913468636637,0.012299913468636637,0.0,0.0,1.2039327364783328
2021-11-18,0.0070534524918070335,0.0070534524918070335,0.0,0.0,1.212424618838414
2021-11-19,-0.00976887491488714,-0.00976887491488714,0.0,0.0,1.200580594393252
2021-11-22,-0.0020668959598882275,-0.0020668959598882275,0.0,0.0,1.1980991192131805
2021-11-23,-0.003623189454663375,-0.003623189454663375,0.0,0.0,1.1937581791188059
2021-11-24,0.005800303819188493,0.005800303819188493,0.0,0.0,1.2006823392443362
2021-11-25,0.0002503913026118253,0.0002503913026118253,0.0,0.0,1.2009829796592826
2021-11-26,-0.015382481159122975,-0.015382481159122975,0.0,0.0,1.1825088816022462
2021-11-29,-0.005880433942979123,-0.005880433942979123,0.0,0.0,1.1755552162369982
2021-11-30,-0.000667008083505518,-0.000667008083505518,0.0,0.0,1.174771111405161
2021-12-01,0.01046255243928705,0.01046255243928705,0.0,0.0,1.1870622157623971
2021-12-02,-0.0006054283774001613,-0.0006054283774001613,0.0,0.0,1.186343534611235
2021-12-03,0.003593071662237331,0.003593071662237331,0.0,0.0,1.1906061519471252
2021-12-06,0.005303224192583887,0.005303224192583887,0.0,0.0,1.1969202032959703
2021-12-07,0.0073851038906870645,0.0073851038906870645,0.0,0.0,1.2057595833461734
2021-12-08,0.0014803537022521683,0.0014803537022521683,0.0,0.0,1.2075445340094058
2021-12-09,0.0044029043994201315,0.0044029043994201315,0.0,0.0,1.2128612371506915
2021-12-10,-0.0008563007470055827,-0.0008563007470055827,0.0,0.0,1.2118226631673052
2021-12-13,-0.003637636740571409,-0.003637636740571409,0.0,0.0,1.2074144925247108
2021-12-14,-0.006664788091466105,-0.006664788091466105,0.0,0.0,1.1993673307934685
2021-12-15,0.0001988749800162715,0.0001988749800162715,0.0,0.0,1.1996058549474122
2021-12-16,0.00410202105166097,0.00410202105166097,0.0,0.0,1.2045266634181022
2021-12-17,0.004945512351637405,0.004945512351637405,0.0,0.0,1.2104836649099129
2021-12-20,-0.006048362028771448,-0.006048362028771448,0.0,0.0,1.2031622214746236
2021-12-21,0.005462037655318702,0.005462037655318702,0.0,0.0,1.209733938833775
2021-12-22,0.000150300934214898,0.000150300934214898,0.0,0.0,1.209915762974933
2021-12-23,0.004260118827225391,0.004260118827225391,0.0,0.0,1.2150701478961392
2021-12-24,0.0018622871388007953,0.0018622871388007953,0.0,0.0,1.217332957405307
2021-12-27,0.002328742457293387,0.002328742457293387,0.0,0.0,1.220167812347879
2021-12-28,0.005977773743052648,0.005977773743052648,0.0,0.0,1.22746169945865
2021-12-29,0.005782038326755009,0.005782038326755009,0.0,0.0,1.2345589300495439
2021-12-30,-0.0016515394472739172,-0.0016515394472739172,0.0,0.0,1.2325200072765827
2022-01-03,-0.00514247396197026,-0.00514247396197026,0.0,0.0,1.2261818052315556
2022-01-04,0.001652993005398512,0.001652993005398512,0.0,0.0,1.2282086751789503
2022-01-05,0.002995115846094729,0.002995115846094729,0.0,0.0,1.2318873024442898
2022-01-06,0.002861039935972829,0.002861039935972829,0.0,0.0,1.2354117812132006
2022-01-07,0.0008055293304227273,0.0008055293304227273,0.0,0.0,1.2364069416381176
2022-01-10,0.0044238562540328315,0.0044238562540328315,0.0,0.0,1.241876628219413
2022-01-11,0.011505953618177606,0.011505953618177606,0.0,0.0,1.2561656031032042
2022-01-12,0.0029617841900497367,0.0029617841900497367,0.0,0.0,1.2598860945265598
2022-01-13,0.012856362725741291,0.012856362725741291,0.0,0.0,1.2760836471509107
2022-01-14,-0.006672256607510234,-0.006672256607510234,0.0,0.0,1.2675692896044723
2022-01-17,-0.0023929209789603847,-0.0023929209789603847,0.0,0.0,1.264536096459092
2022-01-18,0.004684894435009866,0.004684894435009866,0.0,0.0,1.2704603145802624
2022-01-19,-0.004210378718111021,-0.004210378718111021,0.0,0.0,1.265111195509549
2022-01-20,-0.0006929506093124125,-0.0006929506093124125,0.0,0.0,1.2642345359357727
2022-01-21,-0.011680658892410996,-0.011680658892410996,0.0,0.0,1.2494674435615014
2022-01-24,-0.002948538968680032,-0.002948538968680032,0.0,0.0,1.2457833401140632
2022-01-25,-0.0078513005540167,-0.0078513005540167,0.0,0.0,1.236002320685641
2022-01-26,0.0019397612487164761,0.0019397612487164761,0.0,0.0,1.2383998700906305
2022-02-07,0.021640969401649893,0.021640969401649893,0.0,0.0,1.2652000437862692
2022-02-08,0.00917037860504545,0.00917037860504545,0.0,0.0,1.2768024071989093
2022-02-09,0.00796465589939878,0.00796465589939878,0.0,0.0,1.2869716990237727
2022-02-10,0.002870500656733582,0.002870500656733582,0.0,0.0,1.290665952131018
2022-02-11,-0.002175416360590926,-0.002175416360590926,0.0,0.0,1.2878582163026946
2022-02-14,-0.009228799742826517,-0.009228799742826517,0.0,0.0,1.2759728307272833
2022-02-15,-0.003741589489514169,-0.003741589489514169,0.0,0.0,1.2711986641949284
2022-02-16,0.008112478999063533,0.008112478999063533,0.0,0.0,1.2815112366618475
2022-02-17,0.003629217680824969,0.003629217680824969,0.0,0.0,1.2861621199001165
2022-02-18,0.00037818120622832565,0.00037818120622832565,0.0,0.0,1.2866485222420254
2022-02-21,0.003367494856614954,0.003367494856614954,0.0,0.0,1.2909813045229466
2022-02-22,-0.008247477874068473,-0.008247477874068473,0.0,0.0,1.2803339647780576
2022-02-23,0.004082693001318024,0.004082693001318024,0.0,0.0,1.2855611752954068
2022-02-24,-0.01661211458416949,-0.01661211458416949,0.0,0.0,1.2642052857464399
2022-02-25,-0.0017610357035001789,-0.0017610357035001789,0.0,0.0,1.2619789751016868
2022-03-01,0.011753871752265785,0.011753871752265785,0.0,0.0,1.2768121141290878
2022-03-02,0.002104780212408404,0.002104780212408404,0.0,0.0,1.27949952300187
2022-03-03,0.0018969944820194983,0.0018969944820194983,0.0,0.0,1.281926726536751
2022-03-04,-0.009232995608212481,-0.009232995608212481,0.0,0.0,1.2700907027005872
2022-03-07,-0.022106555573324155,-0.022106555573324155,0.0,0.0,1.2420133719981743
2022-03-08,-0.012612272267209028,-0.012612272267209028,0.0,0.0,1.2263487611910189
2022-03-09,0.004273987295170485,0.004273987295170485,0.0,0.0,1.2315901602157973
2022-03-10,0.02260639613082149,0.02260639613082149,0.0,0.0,1.2594319752484573
2022-03-11,-0.003950957057036882,-0.003950957057036882,0.0,0.0,1.2544560135979916
2022-03-14,0.00487737470412227,0.00487737470412227,0.0,0.0,1.2605744656261484
2022-03-15,-0.0011819362678106217,-0.0011819362678106217,0.0,0.0,1.259084546946949
2022-03-16,0.010035082398826813,0.010035082398826813,0.0,0.0,1.271719564122651
2022-03-17,0.011422791730186642,0.011422791730186642,0.0,0.0,1.2862461518428279
2022-03-18,0.006292739349459677,0.006292739349459677,0.0,0.0,1.2943401636156202
2022-03-21,0.0005669346603546589,0.0005669346603546589,0.0,0.0,1.2950739699166631
2022-03-22,0.003525589643342452,0.003525589643342452,0.0,0.0,1.2996398692923636
2022-03-23,0.010428765902666415,0.010428765902666415,0.0,0.0,1.3131935092469857
2022-03-24,0.0013829137051398022,0.0013829137051398022,0.0,0.0,1.315009542548424
2022-03-25,-0.003748391138727573,-0.003748391138727573,0.0,0.0,1.3100803724317933
2022-03-28,0.0020943709504148006,0.0020943709504148006,0.0,0.0,1.3128241667065232
2022-03-29,-0.0024812194684755047,-0.003042657170889604,0.20793988978299976,0.0005614377024140993,1.3088296928415766
2022-03-30,0.008902563737873537,0.008902563737873537,0.0,0.0,1.32048163260412
2022-03-31,0.0058029382138312605,0.0058029382138312605,0.0,0.0,1.3281443059306206
2022-04-01,0.0031697363828787793,0.0031697363828787793,0.0,0.0,1.3323541732588422
2022-04-06,0.013999239362153372,0.013999239362153372,0.0,0.0,1.3510061182454567
2022-04-07,-0.014886741709115713,-0.014886741709115713,0.0,0.0,1.3308940391157016
2022-04-08,0.012043825112313947,0.012043825112313947,0.0,0.0,1.3469230941658323
2022-04-11,-0.0036831352029236576,-0.0036831352029236576,0.0,0.0,1.3419621943020794
2022-04-12,-0.006140454833898593,-0.006140454833898593,0.0,0.0,1.3337219360591681
2022-04-13,0.007339705084651014,0.007339705084651014,0.0,0.0,1.3435110617347723
2022-04-14,-0.01516089877805103,-0.01516089877805103,0.0,0.0,1.3231422265206196
2022-04-15,-0.004887485046457433,-0.004887485046457433,0.0,0.0,1.3166753886741638
2022-04-18,-0.013960628556983906,-0.013960628556983906,0.0,0.0,1.2982937726427615
2022-04-19,0.0007509863559410348,0.0007509863559410348,0.0,0.0,1.2992687735520192
2022-04-20,0.00867761539839365,0.00867761539839365,0.0,0.0,1.310543328268046
2022-04-21,-0.006269979903538501,-0.006269979903538501,0.0,0.0,1.302326247937089
2022-04-22,0.004796234638205463,0.004796234638205463,0.0,0.0,1.308572510197689
2022-04-25,-0.014979719725879,-0.014979719725879,0.0,0.0,1.2889704607539378
2022-04-26,0.010958105534801577,0.010958105534801577,0.0,0.0,1.3030951350941213
2022-04-27,-0.013299498258245942,-0.013299498258245942,0.0,0.0,1.2857646236146083
2022-04-28,0.003452278910725102,0.003452278910725102,0.0,0.0,1.2902034417088695
2022-04-29,0.006158757575433083,0.006158757575433083,0.0,0.0,1.298149491929344
2022-05-03,-0.007734513339142525,-0.007734513339142525,0.0,0.0,1.2881089373678154
2022-05-04,-0.0007967059402459544,-0.0007967059402459544,0.0,0.0,1.2870826933257307
2022-05-05,-0.004895039007139841,-0.004895039007139841,0.0,0.0,1.2807823733364867
2022-05-06,-0.010842586244725097,-0.010842586244725097,0.0,0.0,1.2668953799928622
2022-05-09,-0.026997427672590828,-0.026997427672590828,0.0,0.0,1.2326924636027654
2022-05-10,0.0007987372056150884,0.0007987372056150884,0.0,0.0,1.2336770609365262
2022-05-11,-0.007028610148342782,-0.007028610148342782,0.0,0.0,1.22500602582625
2022-05-12,-0.024577148333110945,-0.024577148333110945,0.0,0.0,1.1948988710205635
2022-05-13,0.00474687580348629,0.00474687580348629,0.0,0.0,1.200570907559024
2022-05-16,-0.0020335960752515866,-0.0020335960752515866,0.0,0.0,1.1981294312733508
2022-05-17,-0.0012171459973405962,-0.0012171459973405962,0.0,0.0,1.1966711328317805
2022-05-18,0.023170469635442417,0.023170469635442417,0.0,0.0,1.2243985649786697
2022-05-19,-0.017634250176666748,-0.017634250176666748,0.0,0.0,1.202807214367884
2022-05-20,0.0066992883275948855,0.0066992883275948855,0.0,0.0,1.2108651666994459
2022-05-23,0.00016627454314669933,0.00016627454314669933,0.0,0.0,1.2110665027518512
2022-05-24,-0.003438325655314131,-0.003438325655314131,0.0,0.0,1.206902461725148
2022-05-25,0.0035876621237105064,0.0035876621237105064,0.0,0.0,1.2112324199740923
2022-05-26,-0.0010515503157137321,-0.0010515503157137321,0.0,0.0,1.209958748140466
2022-05-27,0.011752609137363928,0.011752609137363928,0.0,0.0,1.224178920379695
2022-05-30,0.0153929748052689,0.0153929748052689,0.0,0.0,1.2430226756582408
2022-05-31,0.005025206830950135,0.005025206830950135,0.0,0.0,1.2492691216989846
2022-06-01,-0.009530240085889105,-0.009530240085889105,0.0,0.0,1.2373632870373055
2022-06-02,-0.0035284179328808687,-0.0035284179328808687,0.0,0.0,1.2329973522258346
2022-06-06,0.006322016260251322,0.006322016260251322,0.0,0.0,1.2407923815354531
2022-06-07,-0.004674959399998878,-0.004674959399998878,0.0,0.0,1.234991727527947
2022-06-08,0.004020760516453985,0.004020760516453985,0.0,0.0,1.2399573335041385
2022-06-09,-0.006301479568797581,-0.006301479568797581,0.0,0.0,1.2321437677008815
2022-06-10,-0.006250782610665808,-0.006250782610665808,0.0,0.0,1.2244419048638966
2022-06-13,-0.012739513336207266,-0.012739513336207266,0.0,0.0,1.208843110887472
2022-06-14,0.004786458520249901,0.004786458520249901,0.0,0.0,1.2146291882952247
2022-06-15,-0.00023661879057088563,-0.00023661879057088563,0.0,0.0,1.2143417842056983
2022-06-16,-0.0050625499985310005,-0.0050625499985310005,0.0,0.0,1.2081941182078517
2022-06-17,-0.010110661258386276,-0.010110661258386276,0.0,0.0,1.1959784767442776
2022-06-20,-0.01566914014405139,-0.01566914014405139,0.0,0.0,1.1772385223829023
2022-06-21,0.025562630489374332,0.025562630489374332,0.0,0.0,1.2073318357284335
2022-06-22,-0.012996544711998683,-0.012996544711998683,0.0,0.0,1.1916406935431694
2022-06-23,0.001353342107666291,0.001353342107666291,0.0,0.0,1.1932533910709502
2022-06-24,0.009188008505423471,0.009188008505423471,0.0,0.0,1.2042170133772354
2022-06-27,0.0026347128906211857,0.0026347128906211857,0.0,0.0,1.2073897794654858
2022-06-28,-0.005590691202228325,-0.005590691202228325,0.0,0.0,1.2006396360477676
2022-06-29,-0.0054706072265674095,-0.0054706072265674095,0.0,0.0,1.1940714081783013
2022-06-30,-0.020499893464029948,-0.020499893464029948,0.0,0.0,1.1695930715222018
2022-07-01,-0.013515449639106052,-0.013515449639106052,0.0,0.0,1.1537854952657962
2022-07-04,-0.0021894497016293245,-0.0021894497016293245,0.0,0.0,1.1512593399574422
2022-07-05,0.005252926842111981,0.005252926842111981,0.0,0.0,1.1573068210465367
2022-07-06,-0.021788920716178502,-0.021788920716178502,0.0,0.0,1.132090354478461
2022-07-07,0.003850290568598941,0.003850290568598941,0.0,0.0,1.1364492312931112
2022-07-08,-0.0017606222612775227,-0.0017606222612775227,0.0,0.0,1.134448373477685
2022-07-11,-0.01103631291497168,-0.01103631291497168,0.0,0.0,1.1219282462421045
2022-07-12,-0.020154333617135537,-0.020154333617135537,0.0,0.0,1.0993165300728533
2022-07-13,0.02403344661040126,0.02403344661040126,0.0,0.0,1.125736895206291
2022-07-14,-0.006029647705889204,-0.006029647705889204,0.0,0.0,1.1189490983186754
2022-07-15,-0.01316455330313685,-0.01316455330313685,0.0,0.0,1.1042186332703623
2022-07-18,0.0130489202197819,0.0130489202197819,0.0,0.0,1.1186274941211038
2022-07-19,-0.0007132588659224799,-0.0007132588659224799,0.0,0.0,1.1178296231432574
2022-07-20,-0.0024321526781991617,-0.0024321526781991617,0.0,0.0,1.1151108908315592
2022-07-21,0.006513492930356462,0.006513492930356462,0.0,0.0,1.1223741577355542
2022-07-22,0.003952426958243913,0.003952426958243913,0.0,0.0,1.1268102596138243
2022-07-25,0.0071129232712710145,0.0071129232712710145,0.0,0.0,1.1348251745317384
2022-07-26,-0.0016246772186405826,-0.0016246772186405826,0.0,0.0,1.1329814499235369
2022-07-27,0.004493072923416375,0.004493072923416375,0.0,0.0,1.1380720181989212
2022-07-28,-0.001227770364946139,-0.001227770364946139,0.0,0.0,1.136674727101802
2022-07-29,-0.0003185959679818197,-0.0003185959679818197,0.0,0.0,1.1363125871168407
2022-08-01,0.0028351052486982288,0.0028351052486982288,0.0,0.0,1.1395341528967373
2022-08-02,-0.004951299078988897,-0.004951299078988897,0.0,0.0,1.1338919784950232
2022-08-03,-0.003389322646031593,-0.003389322646031593,0.0,0.0,1.1300488527341563
2022-08-04,-0.006240226247835919,-0.006240226247835919,0.0,0.0,1.1229970922219878
2022-08-05,0.012186053764875634,0.012186053764875634,0.0,0.0,1.136681995165604
2022-08-08,0.0048103707233300656,0.0048103707233300656,0.0,0.0,1.1421498569568849
2022-08-09,0.007906458396216145,0.007906458396216145,0.0,0.0,1.1511802172831587
2022-08-10,0.0008636127382410986,0.0008636127382410986,0.0,0.0,1.1521743911828155
2022-08-11,0.010434850887169066,0.010434850887169066,0.0,0.0,1.164197159150823
2022-08-12,-0.0013732053963238931,-0.0013732053963238931,0.0,0.0,1.162598477329492
2022-08-15,7.07794806696512e-05,7.07794806696512e-05,0.0,0.0,1.1626807654459446
2022-08-16,0.0019029959293745805,0.0019029959293745805,0.0,0.0,1.1648933422097503
2022-08-17,0.004712479389163272,0.004712479389163272,0.0,0.0,1.1703828780754872
2022-08-18,-0.003458263614308295,-0.003458263614308295,0.0,0.0,1.1663353855534293
2022-08-19,0.0016897100721544375,0.0016897100721544375,0.0,0.0,1.168306154201909
2022-08-22,-0.003138080253430563,-0.003138080253430563,0.0,0.0,1.1646399157294467
2022-08-23,-0.010977253348213136,-0.010977253348213136,0.0,0.0,1.151855368315043
2022-08-24,-0.004325496452823901,-0.004325496452823901,0.0,0.0,1.1468730220052301
2022-08-25,0.005985514708424864,0.005985514708424864,0.0,0.0,1.1537376473471381
2022-08-26,0.0039504433256373934,0.0039504433256373934,0.0,0.0,1.1582954225356372
2022-08-29,-0.012901770035183308,-0.012901770035183308,0.0,0.0,1.143351361361277
2022-08-30,0.0017933591270184726,0.0017933591270184726,0.0,0.0,1.145401800960563
2022-08-31,0.0054922475476152505,0.0054922475476152505,0.0,0.0,1.151692631192923
2022-09-01,-0.012557475793395853,-0.012557475793395853,0.0,0.0,1.1372302788552855
2022-09-02,-0.005651253696849049,-0.005651253696849049,0.0,0.0,1.1308035020377358
2022-09-05,0.005196403985988179,0.005196403985988179,0.0,0.0,1.1366796138630941
2022-09-06,0.0026226015698632456,0.0026226015698632456,0.0,0.0,1.139660671602843
2022-09-07,-0.013826836604417131,-0.013826836604417131,0.0,0.0,1.1239027697121102
2022-09-08,0.01326898035979783,0.01326898035979783,0.0,0.0,1.1388158134897426
2022-09-12,0.00834286428749278,0.00834286428749278,0.0,0.0,1.1483167992701382
2022-09-13,-0.00019178023665870133,-0.00019178023665870133,0.0,0.0,1.148096574802615
2022-09-14,-0.013343769399020995,-0.013343769399020995,0.0,0.0,1.132776638860643
2022-09-15,0.005628964911020556,0.005628964911020556,0.0,0.0,1.1391529988128135
2022-09-16,-0.0037251556223960795,-0.0037251556223960795,0.0,0.0,1.1349094766145167
2022-09-19,-0.006472887954446873,-0.006472887954446873,0.0,0.0,1.1275633347339509
2022-09-20,0.0023536430501807674,0.0023536430501807674,0.0,0.0,1.130217216340386
2022-09-21,-0.006217787254509351,-0.006217787254509351,0.0,0.0,1.1231897661377976
2022-09-22,-0.014265147796419877,-0.014265147796419877,0.0,0.0,1.1071672981204157
2022-09-23,-0.001641962959462537,-0.001641962959462537,0.0,0.0,1.105349370426974
2022-09-26,-0.01719821486534178,-0.01719821486534178,0.0,0.0,1.0863393344531005
2022-09-27,-0.0011120512667023236,-0.0011120512667023236,0.0,0.0,1.0851312694201534
2022-09-28,-0.014178185115395795,-0.014178185115395795,0.0,0.0,1.06974607740781
2022-09-29,0.007135615021909108,0.007135615021909108,0.0,0.0,1.0773793735873896
2022-09-30,-0.008511507446591845,-0.008511507446591845,0.0,0.0,1.0682092510262962
2022-10-03,-0.013920404242293962,-0.013920404242293962,0.0,0.0,1.053339346436652
2022-10-04,0.007519808566982983,0.007519808566982983,0.0,0.0,1.0612602566779266
2022-10-05,0.0050600943449019544,0.0050600943449019544,0.0,0.0,1.0666303337012117
2022-10-06,0.005584872777662385,0.005584872777662385,0.0,0.0,1.0725873284157286
2022-10-07,-0.0057776943606493245,-0.0057776943606493245,0.0,0.0,1.066390246657037
2022-10-11,-0.020336695569063805,-0.020336695569063805,0.0,0.0,1.0447033928529539
2022-10-12,0.006092511541585483,0.006092511541585483,0.0,0.0,1.051068260331444
2022-10-13,-0.022675969510664452,-0.022675969510664452,0.0,0.0,1.0272342685065412
2022-10-14,0.0026623963981142204,0.0026623963981142204,0.0,0.0,1.0299691733230325
2022-10-17,-0.0030804774159055247,-0.0030804774159055247,0.0,0.0,1.026796376545532
2022-10-18,0.006068668941269129,0.006068668941269129,0.0,0.0,1.0330276638248816
2022-10-19,-0.008677282223107739,-0.008677282223107739,0.0,0.0,1.0240637912415955
2022-10-20,0.0008155923740226154,0.0008155923740226154,0.0,0.0,1.0248990098602448
2022-10-21,0.0010182752501870923,0.0010182752501870923,0.0,0.0,1.0259426391559268
2022-10-24,-0.0009360380764783507,-0.0009360380764783507,0.0,0.0,1.0249823177813941
2022-10-25,0.0050906461192791914,0.0050906461192791914,0.0,0.0,1.0302001400397378
2022-10-26,0.005914767464043435,0.005914767464043435,0.0,0.0,1.0362935343094979
2022-10-27,-0.0026836835639944623,-0.0026836835639944623,0.0,0.0,1.0335124503839976
2022-10-28,-0.00406724137707748,-0.00406724137707748,0.0,0.0,1.029308905782071
2022-10-31,0.0037377765706277464,0.0037377765706277464,0.0,0.0,1.0331562324940418
2022-11-01,0.009103834157752766,0.009103834157752766,0.0,0.0,1.0425619154937162
2022-11-02,-0.0027669892516317732,-0.0027669892516317732,0.0,0.0,1.0396771578793844
2022-11-03,-0.005221102430999467,-0.005221102430999467,0.0,0.0,1.0342488969429258
2022-11-04,0.00904812695584819,0.00904812695584819,0.0,0.0,1.0436069122664113
2022-11-07,0.009637968365767057,0.009637968365767057,0.0,0.0,1.0536651626731308
2022-11-08,0.006510235333166081,0.006510235333166081,0.0,0.0,1.0605247708444916
2022-11-09,0.008701555900393796,0.008701555900393796,0.0,0.0,1.0697529864217472
2022-11-10,-0.007077103091611479,-0.007077103091611479,0.0,0.0,1.0621822342542813
2022-11-11,0.023546574403429655,0.023546574403429655,0.0,0.0,1.0871929872631507
2022-11-14,0.00868608773619003,0.00868608773619003,0.0,0.0,1.096636440936689
2022-11-15,0.0027619446999183114,0.0027619446999183114,0.0,0.0,1.0996652901424715
2022-11-16,-0.008907695588016578,-0.008907695588016578,0.0,0.0,1.0898698064891743
2022-11-17,-0.003258587166748786,-0.003258587166748786,0.0,0.0,1.0863183707243218
2022-11-18,-0.003981464455575356,-0.003981464455575356,0.0,0.0,1.0819932327438444
2022-11-21,-0.0013843680346002315,-0.0013843680346002315,0.0,0.0,1.0804953558987802
2022-11-22,0.003639078459224045,0.003639078459224045,0.0,0.0,1.084427363273723
2022-11-23,0.007359844505195567,0.007359844505195567,0.0,0.0,1.0924085800445968
2022-11-24,0.008305542020007932,0.008305542020007932,0.0,0.0,1.1014816254091746
2022-11-25,0.00027937640772284574,0.00027937640772284574,0.0,0.0,1.1017893533888543
2022-11-28,-0.004213902125095159,-0.004213902125095159,0.0,0.0,1.0971465208912017
2022-11-29,0.013196335054321408,0.013196335054321408,0.0,0.0,1.111624833984565
2022-11-30,0.012089683242362918,0.012089683242362918,0.0,0.0,1.1250640261117826
2022-12-01,-0.002195229215359507,-0.002195229215359507,0.0,0.0,1.122594252692512
2022-12-02,-0.003923731267948209,-0.003923731267948209,0.0,0.0,1.1181894945220034
2022-12-05,0.0005561117156650254,0.0005561117156650254,0.0,0.0,1.1188113328002407
2022-12-06,-0.01040919666740557,-0.01040919666740557,0.0,0.0,1.1071654056034008
2022-12-07,0.0033722875241695947,0.0033722875241695947,0.0,0.0,1.1108990856879093
2022-12-08,-0.003194068565142749,-0.003194068565142749,0.0,0.0,1.1073507978392678
2022-12-09,0.004949831109757029,0.004949831109757029,0.0,0.0,1.112831997267827
2022-12-12,-0.00031006582190385866,-0.00031006582190385866,0.0,0.0,1.1124869460999531
2022-12-13,-0.00797825448027676,-0.00797825448027676,0.0,0.0,1.1036112421379818
2022-12-14,0.009463227748352728,0.009463227748352728,0.0,0.0,1.1140549666679758
2022-12-15,-0.0008373742910962703,-0.0008373742910962703,0.0,0.0,1.11312208568002
2022-12-16,-0.009185785380798145,-0.009185785380798145,0.0,0.0,1.102897185098337
2022-12-19,-0.0012123949788730892,-0.0012123949788730892,0.0,0.0,1.1015600380889106
2022-12-20,-0.008906613277491737,-0.008906613277491737,0.0,0.0,1.0917488688277135
2022-12-21,0.00019247527586192987,0.00019247527586192987,0.0,0.0,1.0919590034924131
2022-12-22,0.014981987710707134,0.014981987710707134,0.0,0.0,1.1083187198633324
2022-12-23,-0.007439356646988913,-0.007439356646988913,0.0,0.0,1.100073541627735
2022-12-26,0.0031696570706621534,0.0031696570706621534,0.0,0.0,1.1035603975072037
2022-12-27,0.0024344330704492855,0.0024344330704492855,0.0,0.0,1.1062469414341334
2022-12-28,-0.0063371755187841584,-0.0063371755187841584,0.0,0.0,1.0992364603991471
2022-12-29,-0.004409336898340407,-0.004409336898340407,0.0,0.0,1.094389556514308
2022-12-30,0.004388048029659814,0.004388048029659814,0.0,0.0,1.099191790451451
2023-01-03,0.00039040573010959374,0.00039040573010959374,0.0,0.0,1.0996209212249326
2023-01-04,0.001491002923230226,0.001491002923230226,0.0,0.0,1.101260459232924
2023-01-05,0.006376515310308922,0.006376515310308922,0.0,0.0,1.1082826634118608
2023-01-06,0.0031759940275958047,0.0031759940275958047,0.0,0.0,1.1118025625317447
2023-01-09,0.01784757677878214,0.01784757677878214,0.0,0.0,1.131645544129377
2023-01-10,0.0006147427199208881,0.0006147427199208881,0.0,0.0,1.1323412149891612
2023-01-11,-0.008200211249348143,-0.008200211249348143,0.0,0.0,1.1230557778199066
2023-01-12,-0.004952297603973645,-0.004952297603973645,0.0,0.0,1.1174940713822803
2023-01-13,0.0020002336586725823,0.0020002336586725823,0.0,0.0,1.1197293206372263
2023-01-16,0.0073760292443818,0.0073760292443818,0.0,0.0,1.1279884768520383
2023-01-17,0.00012890741945129647,0.00012890741945129647,0.0,0.0,1.1281338829357601
2023-01-30,0.019171718924986886,0.019171718924986886,0.0,0.0,1.1497621486491587
2023-01-31,-0.015794089085019874,-0.015794089085019874,0.0,0.0,1.13160270284681
2023-02-01,0.0063689875365816944,0.0063689875365816944,0.0,0.0,1.1388098663576036
2023-02-02,0.0028242337362840413,0.0028242337362840413,0.0,0.0,1.1420261316013838
2023-02-03,-0.0015527104149530868,-0.0015527104149530868,0.0,0.0,1.1402528957326978
2023-02-06,-0.00507564143723233,-0.00507564143723233,0.0,0.0,1.1344653808861926
2023-02-07,0.0022243239601396807,0.0022243239601396807,0.0,0.0,1.1369887994148467
2023-02-08,0.00017419164306678686,0.00017419164306678686,0.0,0.0,1.1371868533619653
2023-02-09,-0.00014080664019495048,-0.00014080664019495048,0.0,0.0,1.1370267299018695
2023-02-10,-0.0003757598511158794,-0.0003757598511158794,0.0,0.0,1.1365994809071267
2023-02-13,0.006266087035569532,0.006266087035569532,0.0,0.0,1.1437215121790738
2023-02-14,0.004053111146768525,0.004053111146768525,0.0,0.0,1.1483571425888859
2023-02-15,-0.005754164804196498,-0.005754164804196498,0.0,0.0,1.1417493063363533
2023-02-16,0.005019588254397278,0.005019588254397278,0.0,0.0,1.1474804177439055
2023-02-17,0.004438743720523964,0.004438743720523964,0.0,0.0,1.1525737892425905
2023-02-20,0.009524172703222077,0.009524172703222077,0.0,0.0,1.1635511010645438
2023-02-21,-0.005385849588461394,-0.005385849588461394,0.0,0.0,1.1572843898457215
2023-02-22,-2.8907885536833965e-05,-2.8907885536833965e-05,0.0,0.0,1.1572509352010463
2023-02-23,0.004531411848434004,0.004531411848434004,0.0,0.0,1.1624949158004276
2023-02-24,-0.0040906402910255,-0.0040906402910255,0.0,0.0,1.1577395672597421
2023-03-01,-0.006603233066378215,-0.006603233066378215,0.0,0.0,1.1500947430669581
2023-03-02,-0.0002863176409106211,-0.0002863176409106211,0.0,0.0,1.1497654506532995
2023-03-03,0.0029318403601502267,0.0029318403601502267,0.0,0.0,1.153136379406231
2023-03-06,0.007704098925551619,0.007704098925551619,0.0,0.0,1.1620202561478292
2023-03-07,0.0042831452485431725,0.0042831452485431725,0.0,0.0,1.1669973576866597
2023-03-08,-0.0003990818801810462,-0.0003990818801810462,0.0,0.0,1.166531630186988
2023-03-09,-0.006809828402065676,-0.006809828402065676,0.0,0.0,1.1585877499598325
2023-03-10,-0.011904029528079427,-0.011904029528079427,0.0,0.0,1.1447958871734396
2023-03-13,-0.0021055114553213323,-0.0021055114553213323,0.0,0.0,1.1423855063189912
2023-03-14,-0.012297826708612132,-0.012297826708612132,0.0,0.0,1.12833664732785
2023-03-15,-0.0025796077012272857,-0.0025796077012272857,0.0,0.0,1.125425981422826
2023-03-16,-0.011717909015550174,-0.011717909015550174,0.0,0.0,1.1122383421687771
2023-03-17,0.005861984890897594,0.005861984890897594,0.0,0.0,1.1187582665256475
2023-03-20,-0.002256261500277335,-0.002256261500277335,0.0,0.0,1.1162340553207686
2023-03-21,0.005894005624244129,0.005894005624244129,0.0,0.0,1.1228131451208019
2023-03-22,0.011413958997786685,0.011413958997786685,0.0,0.0,1.1356288883213865
2023-03-23,0.0056239149275094345,0.0056239149275094345,0.0,0.0,1.1420155685785283
2023-03-24,0.0017515517146074351,0.0017515517146074351,0.0,0.0,1.1440158679057804
2023-03-27,-0.0002162727832840483,-0.0002162727832840483,0.0,0.0,1.1437684484099073
2023-03-28,-0.0020135362946470782,-0.0020135362946470782,0.0,0.0,1.1414654291263617
2023-03-29,0.00635207996127075,0.00635207996127075,0.0,0.0,1.1487161088051987
2023-03-30,-0.0004169387852970858,-0.0004169387852970858,0.0,0.0,1.1482371645061422
2023-03-31,0.0030500111904458132,0.0030500111904458132,0.0,0.0,1.151739300707172
2023-04-06,0.0034932685604867693,0.0034932685604867693,0.0,0.0,1.1557626353962092
2023-04-07,-0.0005486457856386796,-0.0005486457856386796,0.0,0.0,1.1551285310971002
2023-04-10,0.0040894890814457685,0.0040894890814457685,0.0,0.0,1.1598524166126885
2023-04-11,0.006125561398308009,0.006125561398308009,0.0,0.0,1.1669571638036254
2023-04-12,0.0018236654880378952,0.0018236654880378952,0.0,0.0,1.1690853033092727
2023-04-13,0.0005698717452848031,-0.0007371047330313187,0.4840653623393043,0.0013069764783161218,1.1682235649988861
2023-04-14,0.002204382137479575,0.002204382137479575,0.0,0.0,1.1707987761581524
2023-04-17,-0.0007002829217752357,-0.0007002829217752357,0.0,0.0,1.1699788857703735
2023-04-18,0.0015521705146407786,0.0015521705146407786,0.0,0.0,1.1717948924996187
2023-04-19,-0.002271137535473973,-0.002271137535473973,0.0,0.0,1.1691335851353861
2023-04-20,-0.00670998698957374,-0.00670998698957374,0.0,0.0,1.161288713990054
2023-04-21,0.00011616077389246424,0.00011616077389246424,0.0,0.0,1.1614236101857838
2023-04-24,0.001586170756137499,0.001586170756137499,0.0,0.0,1.1632658263517481
2023-04-25,-0.005595660838337552,-0.005595660838337552,0.0,0.0,1.1567565853226554
2023-04-26,0.005279175787459805,0.005279175787459805,0.0,0.0,1.1628633066798753
2023-04-27,-0.00016884961987876344,-0.00016884961987876344,0.0,0.0,1.1626669576525714
2023-04-28,0.0027301418007505155,0.0027301418007505155,0.0,0.0,1.1658412033140102
2023-05-02,0.0045144657888047494,0.0045144657888047494,0.0,0.0,1.1711043535415502
2023-05-03,-0.0019854342504505777,-0.0019854342504505777,0.0,0.0,1.168779202847177
2023-05-04,0.004621111224574874,0.004621111224574874,0.0,0.0,1.174180261540504
2023-05-05,0.0006877385435871278,0.0006877385435871278,0.0,0.0,1.1749877905634845
2023-05-08,0.0040794441676907265,0.0040794441676907265,0.0,0.0,1.1797810876528065
2023-05-09,0.003527884297535503,0.003527884297535503,0.0,0.0,1.1839432188264662
2023-05-10,0.0012270249393386485,0.0012270249393386485,0.0,0.0,1.1853959466827273
2023-05-11,-0.0033337488075111466,-0.0033337488075111466,0.0,0.0,1.1814441343590452
2023-05-12,-0.001482155697779152,-0.001482155697779152,0.0,0.0,1.1796930502036973
2023-05-15,0.0006368311661121664,0.0006368311661121664,0.0,0.0,1.180444315504513
2023-05-16,0.008836966830815687,0.008836966830815687,0.0,0.0,1.1908758627662512
2023-05-17,0.008984224461327971,0.008984224461327971,0.0,0.0,1.201574958822921
2023-05-18,0.003973651172208669,0.003973651172208669,0.0,0.0,1.2063495985665442
2023-05-19,0.005549750144767642,0.005549750144767642,0.0,0.0,1.2130445374258294
2023-05-22,0.00024109590967378778,0.00024109590967378778,0.0,0.0,1.2133369975020547
2023-05-23,0.0011175826429757959,0.0011175826429757959,0.0,0.0,1.2146930018705435
2023-05-24,-0.000669259228795441,-0.000669259228795441,0.0,0.0,1.2138800573688884
2023-05-25,-0.0016664587788566007,-0.0016664587788566007,0.0,0.0,1.211857176290807
2023-05-26,0.0010759135092542936,0.0010759135092542936,0.0,0.0,1.2131610297980653
2023-05-29,0.005293082161401836,0.005293082161401836,0.0,0.0,1.2195823908037973
2023-05-30,0.0008738298675437721,0.0008738298675437721,0.0,0.0,1.220648098322812
2023-05-31,0.0017420846682589344,0.0017420846682589344,0.0,0.0,1.2227745706602398
2023-06-01,-0.003628254398430616,-0.003628254398430616,0.0,0.0,1.2183380334459526
2023-06-02,0.007885734486220203,0.007885734486220203,0.0,0.0,1.227945523692171
2023-06-05,0.005452425199761366,0.005452425199761366,0.0,0.0,1.2346408048094843
2023-06-06,0.00102486689695452,0.00102486689695452,0.0,0.0,1.2359061472999628
2023-06-07,0.004733231247035023,0.004733231247035023,0.0,0.0,1.2417559768947657
2023-06-08,-0.00189341474716047,-0.00189341474716047,0.0,0.0,1.2394048178157386
2023-06-09,0.0069810030831290735,0.0069810030831290735,0.0,0.0,1.2480571066701551
2023-06-12,-0.0022661599652962477,-0.0022661599652962477,0.0,0.0,1.2452288096206159
2023-06-13,0.00773325184145394,0.00773325184145394,0.0,0.0,1.254858477605646
2023-06-14,0.0006460005381304276,0.0006460005381304276,0.0,0.0,1.2556691168574565
2023-06-15,0.004224517624730368,0.004224517624730368,0.0,0.0,1.2609737131724505
2023-06-16,-0.004617136747819171,-0.004617136747819171,0.0,0.0,1.2551516251033281
2023-06-19,0.003368476144464544,0.003368476144464544,0.0,0.0,1.2593795734101747
2023-06-20,-0.002403822880576785,-0.002403822880576785,0.0,0.0,1.2563522479762803
2023-06-21,0.004393340867196814,0.004393340867196814,0.0,0.0,1.261871831650909
2023-06-26,-0.004046183777088625,-0.004046183777088625,0.0,0.0,1.256766066316918
2023-06-27,-0.011615058909671981,-0.011615058909671981,0.0,0.0,1.2421686544209702
2023-06-28,0.0019709460739784235,0.0019709460739784235,0.0,0.0,1.2446169018536204
2023-06-29,-0.0017735117571073156,-0.0017735117571073156,0.0,0.0,1.2424095591450885
2023-06-30,-0.00532614528622149,-0.00532614528622149,0.0,0.0,1.2357923053280915
2023-07-03,0.006351231237687071,0.006351231237687071,0.0,0.0,1.2436411080209844
2023-07-04,0.0024588001670615917,0.0024588001670615917,0.0,0.0,1.246698972985151
2023-07-05,-0.00575055660886494,-0.00575055660886494,0.0,0.0,1.239529759966786
2023-07-06,-0.013581305715151306,-0.013581305715151306,0.0,0.0,1.2226953273536492
2023-07-07,-0.008303322314375198,-0.008303322314375198,0.0,0.0,1.2125428939583514
2023-07-10,0.0008877688681648716,0.0008877688681648716,0.0,0.0,1.213619351790922
2023-07-11,0.01592662784916077,0.01592662784916077,0.0,0.0,1.2329482155574356
2023-07-12,0.0060316033091969996,0.0060316033091969996,0.0,0.0,1.2403848700944604
2023-07-13,0.0035467644426307103,0.0035467644426307103,0.0,0.0,1.2447842230468886
2023-07-14,0.013931762645570712,0.013931762645570712,0.0,0.0,1.262126261387329
2023-07-17,0.009345884696653591,0.009345884696653591,0.0,0.0,1.2739219478988735
2023-07-18,0.0021911584318080155,0.0021911584318080155,0.0,0.0,1.2767133127164774
2023-07-19,-0.008564397258887751,-0.008564397258887751,0.0,0.0,1.2657790327206628
2023-07-20,0.001173504165933494,0.001173504165933494,0.0,0.0,1.267264429688712
2023-07-21,-0.0015150534857845445,-0.0015150534857845445,0.0,0.0,1.2653444562971012
2023-07-24,-0.0005817222097639346,-0.0005817222097639346,0.0,0.0,1.2646083773238714
2023-07-25,0.0071859728497842956,0.0071859728497842956,0.0,0.0,1.2736958187889305
2023-07-26,0.003514144046005578,0.003514144046005578,0.0,0.0,1.2781717693669499
2023-07-27,0.0006713277209861239,0.0006713277209861239,0.0,0.0,1.279029841507908
2023-07-28,0.0018783390562233135,0.0018783390562233135,0.0,0.0,1.2814322932132876
2023-07-31,-0.004073811253144802,-0.004073811253144802,0.0,0.0,1.2762119799170522
2023-08-01,0.0031874096569757693,0.0031874096569757693,0.0,0.0,1.2802797903061878
2023-08-02,-0.016974664795816184,-0.016974664795816184,0.0,0.0,1.2585474700208823
2023-08-04,0.0013596646309113167,0.0013596646309113167,0.0,0.0,1.2602586725021927
2023-08-07,0.01196887299609255,0.01196887299609255,0.0,0.0,1.2753425484955956
2023-08-08,-0.003240237369816025,-0.003240237369816025,0.0,0.0,1.2712101359106438
2023-08-09,-0.00376165674676089,-0.00376165674676089,0.0,0.0,1.2664282797263446
2023-08-10,-0.009938404229451157,-0.009938404229451157,0.0,0.0,1.253842003554816
2023-08-11,-0.005550064556745158,-0.005550064556745158,0.0,0.0,1.246883099491128
2023-08-14,-0.009662166001578583,-0.009662166001578583,0.0,0.0,1.2348355079992819
2023-08-15,-0.00043128217616642006,-0.00043128217616642006,0.0,0.0,1.2343029454541845
2023-08-16,-0.004976784755806188,-0.004976784755806188,0.0,0.0,1.2281600853712014
2023-08-17,-0.0019288663268960744,-0.0019288663268960744,0.0,0.0,1.225791128738491
2023-08-18,-0.0026704192204378813,-0.0026704192204378813,0.0,0.0,1.2225177525480655
2023-08-21,0.0018156582711048555,0.0018156582711048555,0.0,0.0,1.224737427017052
2023-08-22,-0.001012217700049749,-0.001012217700049749,0.0,0.0,1.2234977261155118
2023-08-23,0.0022660682463622787,0.0022660682463622787,0.0,0.0,1.2262702554621585
2023-08-24,0.0028697229193695574,0.0028697229193695574,0.0,0.0,1.2297893113195995
2023-08-25,-0.007891240357484343,-0.007891240357484343,0.0,0.0,1.2200847482749113
2023-08-28,0.0020366507811066616,0.0020366507811066616,0.0,0.0,1.2225696348305017
2023-08-29,0.005573725718927888,0.005573725718927888,0.0,0.0,1.2293839026473368
2023-08-30,0.0029736356153251364,0.0029736356153251364,0.0,0.0,1.2330396424051564
2023-08-31,-0.008369145786116583,-0.008369145786116583,0.0,0.0,1.2227201538778065
2023-09-01,0.0029895346443647537,0.0029895346443647537,0.0,0.0,1.2263755181381872
2023-09-04,0.003998251423179621,0.003998251423179621,0.0,0.0,1.231278875798936
2023-09-05,0.00015920096091393964,0.00015920096091393964,0.0,0.0,1.231474896579116
2023-09-06,-0.0018451869091415964,-0.0018451869091415964,0.0,0.0,1.2292025952210117
2023-09-07,-0.001443031510594253,-0.001443031510594253,0.0,0.0,1.2274288171432035
2023-09-08,0.0010035653222400188,0.0010035653222400188,0.0,0.0,1.2286606221396066
2023-09-11,-0.0029774629347244165,-0.0029774629347244165,0.0,0.0,1.2250023306778304
2023-09-12,0.006323633260246089,0.006323633260246089,0.0,0.0,1.2327487961599837
2023-09-13,0.0016691766219846492,0.0016691766219846492,0.0,0.0,1.2348064716313139
2023-09-14,0.011994738297424038,0.011994738297424038,0.0,0.0,1.2496176521064972
2023-09-15,0.0004401054775139391,0.0004401054775139391,0.0,0.0,1.2501676156799872
2023-09-18,-0.004785597908692051,-0.004785597908692051,0.0,0.0,1.2441848161528746
2023-09-19,0.0010178167649101697,0.0010178167649101697,0.0,0.0,1.2454511683174017
2023-09-20,-0.004641861173255685,-0.004641861173255685,0.0,0.0,1.2396699568960032
2023-09-21,-0.012996479245138243,-0.012996479245138243,0.0,0.0,1.223558612030383
2023-09-22,0.004266227006028536,0.004266227006028536,0.0,0.0,1.2287785908244857
2023-09-25,0.0038903419931024742,0.0038903419931024742,0.0,0.0,1.2335589597765955
2023-09-26,-0.008546803170082409,-0.008546803170082409,0.0,0.0,1.2230159741486932
2023-09-27,0.000768703815183285,0.000768703815183285,0.0,0.0,1.2239561111940516
2023-09-28,0.002955036281055646,0.002955036281055646,0.0,0.0,1.2275729459090499
2023-10-02,0.003126947273017768,0.003126947273017768,0.0,0.0,1.2314115017846905
2023-10-03,-0.00542329924202004,-0.00542329924202004,0.0,0.0,1.224733188720447
2023-10-04,-0.011303854344496435,-0.011303854344496435,0.0,0.0,1.2108889831442804
2023-10-05,0.00839443576907083,0.00839443576907083,0.0,0.0,1.2210537129367605
2023-10-06,0.00533777902582503,0.00533777902582503,0.0,0.0,1.2275714278350802
2023-10-11,0.01193205942096559,0.01193205942096559,0.0,0.0,1.2422188830554879
2023-10-12,0.006057819378507064,0.006057819378507064,0.0,0.0,1.2497440206776087
2023-10-13,-0.006664307844139858,-0.006664307844139858,0.0,0.0,1.24141534179744
2023-10-16,-0.001321200510059675,-0.001321200510059675,0.0,0.0,1.2397751832146613
2023-10-17,-0.0034531696803419823,-0.0034531696803419823,0.0,0.0,1.2354940291415442
2023-10-18,-0.005354240072714475,-0.005354240072714475,0.0,0.0,1.2288788975011151
2023-10-19,-0.0048151873090987885,-0.0048151873090987885,0.0,0.0,1.2229616154294485
2023-10-20,-0.007081286052057723,-0.007081286052057723,0.0,0.0,1.2143014743999059
2023-10-23,-0.006342174450414619,-0.006342174450414619,0.0,0.0,1.206600162613866
2023-10-24,0.0038270054893721427,0.0038270054893721427,0.0,0.0,1.2112178280596666
2023-10-25,0.00010135553382287378,0.00010135553382287378,0.0,0.0,1.2113405916892055
2023-10-26,-0.00856075545041991,-0.00856075545041991,0.0,0.0,1.2009706011165873
2023-10-27,0.005667953668300085,0.005667953668300085,0.0,0.0,1.2077776468407067
2023-10-30,-0.004089081150129219,-0.004089081150129219,0.0,0.0,1.202838946031463
2023-10-31,-0.00253659787557816,-0.00253659787557816,0.0,0.0,1.199787827316297
2023-11-01,0.004925841652797862,0.004925841652797862,0.0,0.0,1.2056977921706116
2023-11-02,0.012422922589063634,0.012422922589063634,0.0,0.0,1.220676082508552
2023-11-03,0.006667461809767673,0.006667461809767673,0.0,0.0,1.2288148936707748
2023-11-06,0.008326800962923384,0.008326800962923384,0.0,0.0,1.2390469907106472
2023-11-07,-0.001275347910641029,-0.001275347910641029,0.0,0.0,1.2374667747198584
2023-11-08,0.003997570418575186,0.003997570418575186,0.0,0.0,1.2424136352924484
2023-11-09,-0.0016939038891084536,-0.0016939038891084536,0.0,0.0,1.240309106003745
2023-11-10,-0.002379680689302759,-0.002379680689302759,0.0,0.0,1.2373575663754215
2023-11-13,-0.0007999934794504625,-0.0007999934794504625,0.0,0.0,1.2363676883905725
2023-11-14,0.0028990635551165767,0.0028990635551165767,0.0,0.0,1.2399519968967092
2023-11-15,0.009687912645225984,0.009687912645225984,0.0,0.0,1.2519645435269182
2023-11-16,0.0048017260160786255,0.0048017260160786255,0.0,0.0,1.2579761342467795
2023-11-17,0.0003710398162609127,0.0003710398162609127,0.0,0.0,1.258442893480491
2023-11-20,0.0001281595693048398,0.0001281595693048398,0.0,0.0,1.258604174979714
2023-11-21,0.011480129249414826,0.011480129249414826,0.0,0.0,1.2730531135823344
2023-11-22,-0.00592830840692591,-0.00592830840692591,0.0,0.0,1.265506062106621
2023-11-23,0.0004789824740329638,0.0004789824740329638,0.0,0.0,1.2661122173311525
2023-11-24,-0.00019461348059906006,-0.00019461348059906006,0.0,0.0,1.2658658148257087
2023-11-27,-0.0022265478424273047,-0.0022265478424273047,0.0,0.0,1.2630473040269061
2023-11-28,0.006317984723127093,0.006317984723127093,0.0,0.0,1.271027217598335
2023-11-29,-0.00047505462940262223,-0.00047505462940262223,0.0,0.0,1.2704234102345182
2023-11-30,0.004017980438341501,0.004017980438341501,0.0,0.0,1.2755279466452516
2023-12-01,-0.00529611338487935,-0.00529611338487935,0.0,0.0,1.268772606014236
2023-12-04,0.004361522200703933,0.004361522200703933,0.0,0.0,1.274306385903012
2023-12-05,-0.0008734345862244634,-0.0008734345862244634,0.0,0.0,1.2731933626321175
2023-12-06,0.004295834304932208,0.004295834304932208,0.0,0.0,1.2786627903561245
2023-12-07,-0.005729295973120432,-0.005729295973120432,0.0,0.0,1.2713369527803582
2023-12-08,0.002875017456679174,0.002875017456679174,0.0,0.0,1.274992068712923
2023-12-11,0.0009945039691647397,0.0009945039691647397,0.0,0.0,1.2762600533859116
2023-12-12,0.0018275810262188765,0.0018275810262188765,0.0,0.0,1.2785925220440009
2023-12-13,0.0021817767107321414,0.0021817767107321414,0.0,0.0,1.2813821254311129
2023-12-14,0.009146519313524757,0.009146519313524757,0.0,0.0,1.2931023117893738
2023-12-15,-0.006909472557289386,-0.006909472557289386,0.0,0.0,1.2841676568522977
2023-12-18,0.00066118121169086,0.00066118121169086,0.0,0.0,1.2850167243796695
2023-12-19,-0.005674478392652497,-0.005674478392652497,0.0,0.0,1.27772492474298
2023-12-20,0.002949351690471038,0.002949351690471038,0.0,0.0,1.2814933849097279
2023-12-21,-0.0025783430852754146,-0.0025783430852754146,0.0,0.0,1.2781892553019196
2023-12-22,4.65787161313148e-05,4.65787161313148e-05,0.0,0.0,1.2782487917164043
2023-12-25,0.0033255142232709884,0.0033255142232709884,0.0,0.0,1.2824996262541362
2023-12-26,0.007745414639193068,0.007745414639193068,0.0,0.0,1.2924331176340846
2023-12-27,0.006909066301407469,0.006909066301407469,0.0,0.0,1.3013626237339533
2023-12-28,0.0023189412952735865,0.0023189412952735865,0.0,0.0,1.3043804072622556
2023-12-29,0.0029898756455883106,0.0029898756455883106,0.0,0.0,1.3082803424745117
2024-01-02,-0.0019386186429375925,-0.0019386186429375925,0.0,0.0,1.3057440858124019
2024-01-03,-0.011919298125783549,-0.011919298125783549,0.0,0.0,1.2901805327776252
2024-01-04,0.002113591991349602,0.002113591991349602,0.0,0.0,1.2929074480190992
2024-01-05,0.0009356359476425172,0.0009356359476425172,0.0,0.0,1.2941171387044406
2024-01-08,0.0035468172309736615,0.0035468172309736615,0.0,0.0,1.2987071356708957
2024-01-09,-0.006204240519863388,-0.006204240519863388,0.0,0.0,1.2906496442363307
2024-01-10,-0.005836728667823306,-0.005836728667823306,0.0,0.0,1.2831164724577007
2024-01-11,0.004299928666504715,0.004299928666504715,0.0,0.0,1.288633781760086
2024-01-12,-0.0030388660474004103,-0.0030388660474004103,0.0,0.0,1.284717796313162
2024-01-15,-0.0012408114011523092,-0.0012408114011523092,0.0,0.0,1.2831237038242334
2024-01-16,-0.010350428821739885,-0.010350428821739885,0.0,0.0,1.2698428232583134
2024-01-17,-0.01403186074872224,-0.01403186074872224,0.0,0.0,1.2520245655895885
2024-01-18,0.0022491375285594965,0.0022491375285594965,0.0,0.0,1.2548405410267347
2024-01-19,0.010106849124902553,0.010106849124902553,0.0,0.0,1.267523025050703
2024-01-22,0.005938750010133373,0.005938750010133373,0.0,0.0,1.275050527428567
2024-01-23,0.00286092772016872,0.00286092772016872,0.0,0.0,1.2786983548271034
2024-01-24,0.0015261691462201653,0.0015261691462201653,0.0,0.0,1.280649864803563
2024-01-25,0.0013015861845469317,0.0013015861845469317,0.0,0.0,1.282316740974833
2024-01-26,0.002195832313194125,0.002195832313194125,0.0,0.0,1.2851324935104154
2024-01-29,0.004452459378093311,0.004452459378093311,0.0,0.0,1.2908544937332382
2024-01-30,-0.0074475481329320066,-0.0074475481329320066,0.0,0.0,1.2812407927585483
2024-01-31,-0.00039378008824531626,-0.00039378008824531626,0.0,0.0,1.2807362656461123
2024-02-01,0.007112686561540396,0.007112686561540396,0.0,0.0,1.2898457412716506
2024-02-02,0.0003715822703796098,0.0003715822703796098,0.0,0.0,1.2903250250806317
2024-02-05,-0.004818556943094279,-0.004818556943094279,0.0,0.0,1.2841075204721812
2024-02-15,0.001581549503434158,0.001581549503434158,0.0,0.0,1.28613840008354
2024-02-16,0.0029781329879764607,0.0029781329879764607,0.0,0.0,1.2899686912799322
2024-02-19,0.00795418286583408,0.00795418286583408,0.0,0.0,1.3002293381415735
2024-02-20,0.0028196375174523035,0.0028196375174523035,0.0,0.0,1.3038955135646897
2024-02-21,-0.002040464152585398,-0.002040464152585398,0.0,0.0,1.301234961510544
2024-02-22,0.0027997796493070526,0.0027997796493070526,0.0,0.0,1.3048781326747483
2024-02-23,-0.005588302635975381,-0.005588302635975381,0.0,0.0,1.2975860787662954
2024-02-26,-0.0020764655317947038,-0.0020764655317947038,0.0,0.0,1.2948916859992006
2024-02-27,-0.0012204626923888694,-0.0012204626923888694,0.0,0.0,1.2933113190057541
2024-02-29,0.007456388522538325,0.007456388522538325,0.0,0.0,1.3029547506808574
2024-03-01,-0.0035486821430313776,-0.0035486821430313776,0.0,0.0,1.2983309784239383
2024-03-04,0.00368936116442719,0.00368936116442719,0.0,0.0,1.3031209903143082
2024-03-05,-6.863405291337658e-05,-6.863405291337658e-05,0.0,0.0,1.3030315518393065
2024-03-06,0.0037770520345450833,0.0037770520345450833,0.0,0.0,1.3079531698132576
2024-03-07,-0.0004951844860295114,-0.0004951844860295114,0.0,0.0,1.307305491695113
2024-03-08,0.000701694568424479,0.000701694568424479,0.0,0.0,1.3082228208579068
2024-03-11,0.003739471088579063,0.003739471088579063,0.0,0.0,1.313114882273924
2024-03-12,0.010715826098569466,0.010715826098569466,0.0,0.0,1.3271859929998149
2024-03-13,0.0059947446715173216,0.0059947446715173216,0.0,0.0,1.3351421341594631
2024-03-14,0.005273711976596439,0.005273711976596439,0.0,0.0,1.3421832892228385
2024-03-15,0.003222616643575192,0.003222616643575192,0.0,0.0,1.3465086314294163
2024-03-18,-0.0016646436493145693,-0.0016646436493145693,0.0,0.0,1.34426717438736
2024-03-19,-0.000270198427070845,-0.000270198427070845,0.0,0.0,1.3439039555112775
2024-03-20,-0.0030072564183566265,-0.0030072564183566265,0.0,0.0,1.3398624917154114
2024-03-21,0.014199618138672406,0.014199618138672406,0.0,0.0,1.3588880274561002
2024-03-22,0.0001442432576715221,0.0001442432576715221,0.0,0.0,1.3590840378919913
2024-03-25,-0.0009893445932208852,-0.0009893445932208852,0.0,0.0,1.35773943544737
2024-03-26,0.003283591063893354,0.003283591063893354,0.0,0.0,1.3621976965247005
2024-03-27,0.0063825203380225865,0.0063825203380225865,0.0,0.0,1.3708919510271769
2024-03-28,0.00039553772940948903,0.00039553772940948903,0.0,0.0,1.371434190516752
2024-03-29,0.0026429719929450253,0.0026429719929450253,0.0,0.0,1.375058852672455
2024-04-01,-0.0012687895567282872,-0.0012687895567282872,0.0,0.0,1.3733141923602974
2024-04-02,0.00217514694954616,0.00217514694954616,0.0,0.0,1.3763013525365784
2024-04-03,-0.011433773594384187,-0.011433773594384187,0.0,0.0,1.3605650344740305
2024-04-08,0.0064777595165514314,0.0064777595165514314,0.0,0.0,1.3693784475739819
2024-04-09,0.0036685323830480242,0.0036685323830480242,0.0,0.0,1.374402056753555
2024-04-10,-0.000548063278593287,-0.000548063278593287,0.0,0.0,1.3736487974562255
2024-04-11,-0.0016018148992757593,-0.0016018148992757593,0.0,0.0,1.3714484663460877
2024-04-12,-0.005728693859095104,-0.005728693859095104,0.0,0.0,1.3635918579388655
2024-04-15,-0.0028803298083271032,-0.0028803298083271032,0.0,0.0,1.3596642636640521
2024-04-16,-0.023156886164670442,-0.023156886164670442,0.0,0.0,1.3281786730882132
2024-04-17,0.005911748436434778,0.005911748436434778,0.0,0.0,1.3360305312821485
2024-04-18,0.006355444495817787,0.006355444495817787,0.0,0.0,1.3445215991684303
2024-04-19,-0.01469048552146323,-0.01469048552146323,0.0,0.0,1.324769924082552
2024-04-22,0.011825030015749907,0.011825030015749907,0.0,0.0,1.3404353681987908
2024-04-23,0.005100531845714383,0.005100531845714383,0.0,0.0,1.3472723014814108
2024-04-24,0.004352044348157474,0.004352044348157474,0.0,0.0,1.3531356902865022
2024-04-25,-0.006084559115388857,-0.00742620935501364,0.4969074961573268,0.0013416502396247825,1.3430870213646937
2024-04-26,0.003214497085582569,0.003214497085582569,0.0,0.0,1.3474043706805543
2024-04-29,0.01687106832802892,0.01687106832802892,0.0,0.0,1.3701365218837906
2024-04-30,-0.00286363746709959,-0.00286363746709959,0.0,0.0,1.3662129476046827
2024-05-02,0.0016191865915697393,0.0016191865915697393,0.0,0.0,1.3684251012906732
2024-05-03,0.000782692861036859,0.000782692861036859,0.0,0.0,1.369496157848317
2024-05-06,0.015021288141985481,0.015021288141985481,0.0,0.0,1.3900677542446986
2024-05-07,-0.0004008694219272353,-0.0004008694219272353,0.0,0.0,1.3895105185876149
2024-05-08,0.0007433814082770748,0.0007433814082770748,0.0,0.0,1.3905434548737383
2024-05-09,-0.007505580043881176,-0.007505580043881176,0.0,0.0,1.3801066196686884
2024-05-10,0.010901113235705407,0.010901113235705407,0.0,0.0,1.3951513182070432
2024-05-13,0.0010435321769846808,0.0010435321769846808,0.0,0.0,1.3966072034993546
2024-05-14,-0.006455479258580649,-0.006455479258580649,0.0,0.0,1.3875914346647802
2024-05-15,0.0013693502121582936,0.0013693502121582936,0.0,0.0,1.3894915332902276
2024-05-16,0.008950871914654152,0.008950871914654152,0.0,0.0,1.4019286940312046
2024-05-17,0.001116512677226694,0.001116512677226694,0.0,0.0,1.4034939651906584
2024-05-20,0.0079482117009703,0.0079482117009703,0.0,0.0,1.414649232347028
2024-05-21,-0.004584150119673209,-0.004584150119673209,0.0,0.0,1.408164267899269
2024-05-22,0.004339673747074713,0.004339673747074713,0.0,0.0,1.41427524140424
2024-05-23,-0.001264866190240771,-0.001264866190240771,0.0,0.0,1.4124863724676933
2024-05-24,-0.004130190979392311,-0.004130190979392311,0.0,0.0,1.4066525339936127
2024-05-27,0.006376066569353433,0.006376066569353433,0.0,0.0,1.4156214441903057
2024-05-28,0.0009127427711273751,0.0009127427711273751,0.0,0.0,1.4169135424301431
2024-05-29,-0.011380760594226602,-0.011380760594226602,0.0,0.0,1.400787988621028
2024-05-30,-0.004957095637930882,-0.004957095637930882,0.0,0.0,1.3938441485929687
2024-05-31,0.005748916333451076,0.005748916333451076,0.0,0.0,1.4018572419850999
2024-06-03,0.004654725911997944,0.004654725911997944,0.0,0.0,1.40838250321429
2024-06-04,-0.0048805454402933695,-0.0048805454402933695,0.0,0.0,1.4015088284100385
2024-06-05,0.0007393491689484889,0.0007393491689484889,0.0,0.0,1.4025450327975975
2024-06-06,0.0036031448534426394,0.0036031448534426394,0.0,0.0,1.4075986057142436
2024-06-07,0.0039022191637481975,0.0039022191637481975,0.0,0.0,1.413091363968327
2024-06-11,-0.004060717657449502,-0.004060717657449502,0.0,0.0,1.4073531989150714
2024-06-12,0.0014155727866799364,0.0014155727866799364,0.0,0.0,1.4093454098047027
2024-06-13,0.004395207776840471,0.004395207776840471,0.0,0.0,1.415539775710131
2024-06-14,0.006065638392313116,0.006065638392313116,0.0,0.0,1.4241259281195247
2024-06-17,0.000548013768415979,0.000548013768415979,0.0,0.0,1.4249063687360923
2024-06-18,0.006328772637349803,0.006328772637349803,0.0,0.0,1.4339242771733347
2024-06-19,0.0007348668800461278,0.0007348668800461278,0.0,0.0,1.4349780206331235
2024-06-20,0.00475602047172615,0.00475602047172615,0.0,0.0,1.4418028054757317
2024-06-21,-0.0017395297307136225,-0.0017395297307136225,0.0,0.0,1.4392947466297803
2024-06-24,-0.0030675972054902863,-0.0030675972054902863,0.0,0.0,1.434879570087142
2024-06-25,0.003973383880901955,0.003973383880901955,0.0,0.0,1.4405808974419618
2024-06-26,-0.007004228853522711,-0.007004228853522711,0.0,0.0,1.4304907391542652
2024-06-27,-0.009254718256748628,-0.009254718256748628,0.0,0.0,1.4172519503945045
2024-06-28,0.0030512438274440954,0.0030512438274440954,0.0,0.0,1.421576331660079
2024-07-01,0.0042981760101437755,0.0042981760101437755,0.0,0.0,1.4276865169454083
2024-07-02,0.0012725442083518239,0.0012725442083518239,0.0,0.0,1.4295033111538893
2024-07-03,0.008982349790708147,0.008982349790708147,0.0,0.0,1.4423436099216491
2024-07-04,0.002320162938104232,0.002320162938104232,0.0,0.0,1.4456900821094008
2024-07-05,0.0038179478131989417,0.0038179478131989417,0.0,0.0,1.451209651396954
2024-07-08,-0.006130029929490093,-0.006130029929490093,0.0,0.0,1.4423136927999256
2024-07-09,-0.007092673122844052,-0.007092673122844052,0.0,0.0,1.4320838332362937
2024-07-10,-0.0004964251029336382,-0.0004964251029336382,0.0,0.0,1.4313729108719697
2024-07-11,0.003100446840269721,0.003100446840269721,0.0,0.0,1.4358108064907305
2024-07-12,0.0035728888667369623,0.0035728888667369623,0.0,0.0,1.440940798935982
2024-07-15,-0.00089158867628653,-0.00089158867628653,0.0,0.0,1.4396560724364513
2024-07-16,-0.0010899706102537655,-0.0010899706102537655,0.0,0.0,1.4380868896286223
2024-07-17,0.002393635970982952,0.002393635970982952,0.0,0.0,1.4415291461370363
2024-07-18,0.0073778584667368585,0.0073778584667368585,0.0,0.0,1.4521645441529112
2024-07-19,-0.010139307669440961,-0.010139307669440961,0.0,0.0,1.4374406010530913
2024-07-22,-0.011443648271550432,-0.011443648271550432,0.0,0.0,1.4209910364033937
2024-07-23,0.012920782463902523,0.012920782463902523,0.0,0.0,1.4393513524679176
2024-07-26,-0.011755607274939031,-0.011755607274939031,0.0,0.0,1.4224309032376523
2024-07-29,-0.0009206194632682719,-0.0009206194632682719,0.0,0.0,1.4211213856629774
2024-07-30,-0.0016427115260289,-0.0016427115260289,0.0,0.0,1.4187868931828627
2024-07-31,0.0032645103227076995,0.0032645103227076995,0.0,0.0,1.4234185376413806
2024-08-01,0.006692163599034905,0.006692163599034905,0.0,0.0,1.4329442873651757
2024-08-02,-0.01221726291202911,-0.01221726291202911,0.0,0.0,1.415437630268145
2024-08-05,-0.04931784205946922,-0.04931784205946922,0.0,0.0,1.3456313007735514
2024-08-06,0.009619828825487413,0.009619828825487413,0.0,0.0,1.358576043549211
2024-08-07,0.012935399608911304,0.012935399608911304,0.0,0.0,1.3761497675716134
2024-08-08,-0.016467371912002163,-0.016467371912002163,0.0,0.0,1.3534881975423962
2024-08-09,0.019575624014363257,0.019575624014363257,0.0,0.0,1.3799835736053643
2024-08-12,0.007946944002995256,0.007946944002995256,0.0,0.0,1.3909502257898596
2024-08-13,-0.0010834339832146446,-0.0010834339832146446,0.0,0.0,1.3894432230462788
2024-08-14,0.0047824649869112525,0.0047824649869112525,0.0,0.0,1.3960881866117987
2024-08-15,-0.00908031619238459,-0.00908031619238459,0.0,0.0,1.3834112644449108
2024-08-16,0.01084727553776698,0.01084727553776698,0.0,0.0,1.3984175076123952
2024-08-19,0.000246726044637045,0.000246726044637045,0.0,0.0,1.3987625336327996
2024-08-20,0.003123552744236774,0.003123552744236774,0.0,0.0,1.403131642183264
2024-08-21,0.000974927917629363,0.000974927917629363,0.0,0.0,1.4044995943933378
2024-08-22,-0.00517495513597021,-0.00517495513597021,0.0,0.0,1.3972313720038638
2024-08-23,0.00028354084712960435,0.00028354084712960435,0.0,0.0,1.3976275441707178
2024-08-26,0.007009348995799742,0.007009348995799742,0.0,0.0,1.4074240033939527
2024-08-27,-0.0006298808980868269,-0.0006298808980868269,0.0,0.0,1.406537493898706
2024-08-28,-0.0023075823389339077,-0.0023075823389339077,0.0,0.0,1.4032917928187372
2024-08-29,-0.00549458252111244,-0.00549458252111244,0.0,0.0,1.3955812902618947
2024-08-30,0.006355309610104429,0.006355309610104429,0.0,0.0,1.404450641447578
2024-09-02,0.0005968377795474075,0.0005968377795474075,0.0,0.0,1.4052888706499034
2024-09-03,-0.006912059388492698,-0.006912059388492698,0.0,0.0,1.3955754305179835
2024-09-04,-0.02119733676912486,-0.02119733676912486,0.0,0.0,1.3659929481305775
2024-09-05,0.005760519556564797,0.005760519556564797,0.0,0.0,1.3738617772224133
2024-09-06,0.008655749255874347,0.008655749255874347,0.0,0.0,1.3857535802782803
2024-09-09,-0.00301895480923567,-0.00301895480923567,0.0,0.0,1.3815700528426837
2024-09-10,-0.001146036850195994,-0.001146036850195994,0.0,0.0,1.3799867226509988
2024-09-11,-0.004291665504438094,-0.004291665504438094,0.0,0.0,1.374064281236815
2024-09-12,0.008777238546144334,0.008777238546144334,0.0,0.0,1.386124771210967
2024-09-13,0.0027320307461536197,0.0027320307461536197,0.0,0.0,1.3899117067039204
2024-09-16,0.005440309641023761,0.005440309641023761,0.0,0.0,1.3974732567620736
2024-09-18,-0.004676055968829598,-0.004676055968829598,0.0,0.0,1.3909385935985115
2024-09-19,0.005403595671771103,0.005403595671771103,0.0,0.0,1.3984546633625796
2024-09-20,0.004570627596113144,0.004570627596113144,0.0,0.0,1.4048464788388575
2024-09-23,0.004926451997139823,0.004926451997139823,0.0,0.0,1.4117673875802081
2024-09-24,0.0011098178730504205,0.0011098178730504205,0.0,0.0,1.4133341922595344
2024-09-25,0.0019704658431296783,0.0019704658431296783,0.0,0.0,1.416119119010309
2024-09-26,0.0017712854874042598,0.0017712854874042598,0.0,0.0,1.4186274702542478
2024-09-27,-0.0001890285323178576,-0.0001890285323178576,0.0,0.0,1.41835930918564
2024-09-30,-0.006743793643069524,-0.006743793643069524,0.0,0.0,1.4087941866927653
2024-10-01,0.0023967371499068225,0.0023967371499068225,0.0,0.0,1.4121706960565845
2024-10-04,-0.010772246632179284,-0.010772246632179284,0.0,0.0,1.3969584450319268
2024-10-07,0.005708262809866545,0.005708262809866545,0.0,0.0,1.4049326509706317
2024-10-08,-0.009074231554990632,-0.009074231554990632,0.0,0.0,1.3921839667765574
2024-10-09,-0.0024174738807814294,-0.0024174738807814294,0.0,0.0,1.3888183983996325
2024-10-11,-0.0016195601822023668,-0.0016195601822023668,0.0,0.0,1.3865691234212745
2024-10-14,0.0032756207424326994,0.0032756207424326994,0.0,0.0,1.3911109980027698
2024-10-15,0.007349796053352802,0.007349796053352802,0.0,0.0,1.4013353801256663
2024-10-16,-0.006940727776523875,-0.006940727776523875,0.0,0.0,1.3916090927286024
2024-10-17,0.00804504789372635,0.00804504789372635,0.0,0.0,1.4028046545289492
2024-10-18,0.008462710226399934,0.008462710226399934,0.0,0.0,1.4146761838244728
2024-10-21,-0.005826723361245613,-0.005826723361245613,0.0,0.0,1.406433257055585
2024-10-22,0.004220345483172681,0.004220345483172681,0.0,0.0,1.4123688912993835
2024-10-23,-0.009022771203058302,-0.009022771203058302,0.0,0.0,1.399625409938872
2024-10-24,-0.00042126794882877696,-0.00042126794882877696,0.0,0.0,1.3990357926132984
2024-10-25,0.0028507375623308883,0.0028507375623308883,0.0,0.0,1.4030240764983464
2024-10-28,-0.002233452774347274,-0.002233452774347274,0.0,0.0,1.3998904884822152
2024-10-29,-0.003827672594135882,-0.003827672594135882,0.0,0.0,1.3945321660246603
2024-10-30,-0.0018274959138272063,-0.0018274959138272063,0.0,0.0,1.3919836641895496
2024-11-01,-0.004640945496001102,-0.004640945496001102,0.0,0.0,1.3855235438727218
2024-11-04,0.006056405735759124,0.006056405735759124,0.0,0.0,1.3939148366108618
2024-11-05,0.0034848807469797464,0.0034848807469797464,0.0,0.0,1.3987724635878964
2024-11-06,-0.0044843696830268,-0.0044843696830268,0.0,0.0,1.39249985075873
2024-11-07,0.00831375469405495,0.00831375469405495,0.0,0.0,1.4040767529294464
2024-11-08,-0.0021832333689470323,-0.0021832333689470323,0.0,0.0,1.4010113257098882
2024-11-11,0.0022483498038765827,0.0022483498038765827,0.0,0.0,1.4041612892492767
2024-11-12,-0.008165742563824423,-0.008165742563824423,0.0,0.0,1.3926952696431794
2024-11-13,0.0019196437769119674,0.0019196437769119674,0.0,0.0,1.3953687484506847
2024-11-14,-0.009812237781613694,-0.009812237781613694,0.0,0.0,1.381677058497854
2024-11-15,0.007523741951236303,0.007523741951236303,0.0,0.0,1.3920724401459352
2024-11-18,-0.003131031602833602,-0.003131031602833602,0.0,0.0,1.3877138173424046
2024-11-19,0.011400161100462798,0.011400161100462798,0.0,0.0,1.4035339784214462
2024-11-20,-0.007612831413884075,-0.007612831413884075,0.0,0.0,1.3928491108600658
2024-11-21,-0.0015196898746875544,-0.0015196898746875544,0.0,0.0,1.3907324121693243
2024-11-22,0.00210442893920712,0.00210442893920712,0.0,0.0,1.3936591097041868
2024-11-25,0.011965890856630648,0.011965890856630648,0.0,0.0,1.4103354825022563
2024-11-26,-0.005806463257750661,-0.005806463257750661,0.0,0.0,1.4021464213420047
2024-11-27,-0.004285258485163443,-0.004285258485163443,0.0,0.0,1.3961378614925073
2024-11-28,-0.0049710905834323025,-0.0049710905834323025,0.0,0.0,1.3891975337160687
2024-11-29,-0.0033220157508745676,-0.0033220157508745676,0.0,0.0,1.3845825976279877
2024-12-02,0.00999612608525938,0.00999612608525938,0.0,0.0,1.3984230598493332
2024-12-03,0.0058238726681453,0.0058238726681453,0.0,0.0,1.4065672976860937
2024-12-04,0.0007485164624811146,0.0007485164624811146,0.0,0.0,1.4076201364639993
2024-12-05,0.0013813127529742697,0.0013813127529742697,0.0,0.0,1.4095645001098405
2024-12-06,0.0016719546109817476,0.0016719546109817476,0.0,0.0,1.4119212279752753
2024-12-09,-0.00012582315611051265,-0.00012582315611051265,0.0,0.0,1.411743575590192
2024-12-10,-0.005868411938798396,-0.005868411938798396,0.0,0.0,1.4034588827366765
2024-12-11,-0.00475988069466029,-0.00475988069466029,0.0,0.0,1.3967785858949888
2024-12-12,0.002427801541317067,0.002427801541317067,0.0,0.0,1.4001696870987033
2024-12-13,-0.006894132432937048,-0.006894132432937048,0.0,0.0,1.3905167318472609
2024-12-16,-0.005355085429261579,-0.005355085429261579,0.0,0.0,1.383070395957401
2024-12-17,-0.0007853109761134982,-0.0007853109761134982,0.0,0.0,1.3819842555947182
2024-12-18,0.0017892088474876179,0.0017892088474876179,0.0,0.0,1.3844569140519167
2024-12-19,-0.005463068003190738,-0.005463068003190738,0.0,0.0,1.3768935317829636
2024-12-20,-0.010977054568287088,-0.010977054568287088,0.0,0.0,1.3617792963498605
2024-12-23,0.015893756607302623,0.015893756607302623,0.0,0.0,1.3834230850389089
2024-12-24,0.0033482156837682047,0.0033482156837682047,0.0,0.0,1.3880550839095234
2024-12-25,0.0007259665184825546,0.0007259665184825546,0.0,0.0,1.389062765426251
2024-12-26,0.000563079760732959,0.000563079760732959,0.0,0.0,1.3898449185558504
2024-12-27,-0.003625148503128816,-0.003625148503128816,0.0,0.0,1.3848065243297665
2024-12-30,-0.00658483457200951,-0.00658483457200951,0.0,0.0,1.3756878024528154
2024-12-31,-0.0054659253041132476,-0.0054659253041132476,0.0,0.0,1.3681683956828286
2025-01-02,0.0005236632934500459,0.0005236632934500459,0.0,0.0,1.368884855250906
2025-01-03,-0.0006345883446051473,-0.0006345883446051473,0.0,0.0,1.3680161768766572
2025-01-06,0.011481273817832132,0.011481273817832132,0.0,0.0,1.3837227451906018
2025-01-07,-0.002461399251535294,-0.002461399251535294,0.0,0.0,1.3803168510612573
2025-01-08,0.000774283847014031,0.000774283847014031,0.0,0.0,1.3813856081027953
2025-01-09,-0.008119348393108532,-0.008119348393108532,0.0,0.0,1.3701696570853825
2025-01-10,-0.0033566142864195543,-0.0033566142864195543,0.0,0.0,1.3655705260395912
2025-01-13,-0.008185808824490774,-0.008185808824490774,0.0,0.0,1.3543922267770716
2025-01-14,0.010898546884611116,0.010898546884611116,0.0,0.0,1.3691531339607543
2025-01-15,-0.0007771258203643414,-0.0007771258203643414,0.0,0.0,1.3680891297083206
2025-01-16,0.007045871999050027,0.007045871999050027,0.0,0.0,1.3777285105995372
2025-01-17,-0.0019316777568597172,-0.0019316777568597172,0.0,0.0,1.3750671830806205
2025-01-20,-0.0013200614600558695,-0.0013200614600558695,0.0,0.0,1.373252009887248
2025-01-21,0.004215409845047888,0.004215409845047888,0.0,0.0,1.3790408299294588
2025-01-22,0.0017145944050919503,0.0017145944050919503,0.0,0.0,1.3814053256208492
2025-02-03,0.0010565305342267288,0.0010565305342267288,0.0,0.0,1.382864822527511
2025-02-04,-0.005230861760390221,-0.005230861760390221,0.0,0.0,1.3756312478075632
2025-02-05,0.006989034802951921,0.006989034802951921,0.0,0.0,1.3852455824745185
2025-02-06,0.008695710439367293,0.008695710439367293,0.0,0.0,1.3972912769471295
2025-02-07,-0.0032765709206166666,-0.0032765709206166666,0.0,0.0,1.3927129529814533
2025-02-10,-0.0013537014960718226,-0.0013537014960718226,0.0,0.0,1.3908276353734037
2025-02-11,0.0005675083071932149,0.0005675083071932149,0.0,0.0,1.391616941610352
2025-02-12,0.0028047792396561793,0.0028047792396561793,0.0,0.0,1.3955201199177347
2025-02-13,0.005485423332120167,0.005485423332120167,0.0,0.0,1.4031751385439746
2025-02-14,0.00027333884711522555,0.00027333884711522555,0.0,0.0,1.4035586808186449
2025-02-17,0.0050668204797599415,0.0050668204797599415,0.0,0.0,1.4106702606871615
2025-02-18,0.0034973336600436986,0.0034973336600436986,0.0,0.0,1.4156038452730852
2025-02-19,-0.0001680807831143722,-0.0001680807831143722,0.0,0.0,1.415365909470192
2025-02-20,-0.0014843009114587833,-0.0014843009114587833,0.0,0.0,1.4132650805607176
2025-02-21,0.00698927508765591,0.00698927508765591,0.0,0.0,1.4231427789805347
2025-02-24,-0.0015310701972489624,-0.0015310701972489624,0.0,0.0,1.4209638474852075
2025-02-25,-0.00266121607885975,-0.00266121607885975,0.0,0.0,1.4171823556468015
2025-02-26,0.005441679859642762,0.005441679859642762,0.0,0.0,1.424894208328966
2025-02-27,-0.004214055634824565,-0.004214055634824565,0.0,0.0,1.4188896248613283
2025-03-03,0.004307182782253411,0.004307182782253411,0.0,0.0,1.4250010418234489
2025-03-04,-0.0060461444741901176,-0.0060461444741901176,0.0,0.0,1.4163852796487129
2025-03-05,0.001756642156575066,0.001756642156575066,0.0,0.0,1.4188733617408962
2025-03-06,-0.0012722041938613904,-0.0012722041938613904,0.0,0.0,1.4170682650995312
2025-03-07,-0.00403138095748725,-0.00403138095748725,0.0,0.0,1.4113555230801496
2025-03-10,-0.0012076558272339389,-0.0012076558272339389,0.0,0.0,1.409651091358403
2025-03-11,-0.005905096681983155,-0.005905096681983155,0.0,0.0,1.4013269653760687
2025-03-12,0.0007422907256861424,0.0007422907256861424,0.0,0.0,1.4023671573861214
2025-03-13,-0.0018747873692499632,-0.0018747873692499632,0.0,0.0,1.399738017152403
2025-03-14,0.0031673459810386013,0.0031673459810386013,0.0,0.0,1.4041714717355376
2025-03-17,0.0023765086974344863,0.0023765086974344863,0.0,0.0,1.4075084974508065
2025-03-18,0.005660604690833129,0.005660604690833129,0.0,0.0,1.4154758466538642
2025-03-19,-0.006531580430924933,-0.006531580430924933,0.0,0.0,1.4062305523134129
2025-03-20,0.00805547262878174,0.00805547262878174,0.0,0.0,1.4175584040373304
2025-03-21,-0.002086162632430663,-0.002086162632430663,0.0,0.0,1.4146011466655397
2025-03-24,0.0008178419963031964,0.0008178419963031964,0.0,0.0,1.4157580668913015
2025-03-25,-0.003135375650845015,-0.003135375650845015,0.0,0.0,1.411319133520883
2025-03-26,0.003943352654444024,0.003943352654444024,0.0,0.0,1.4168844625723203
2025-03-27,0.0005106972201653589,0.0005106972201653589,0.0,0.0,1.4176080615286515
2025-03-28,-0.009778326047084392,-0.009778326047084392,0.0,0.0,1.403746227696049
2025-03-31,-0.022507930271289035,-0.022507930271289035,0.0,0.0,1.3721508054844813
2025-04-01,0.011136525630366503,0.011136525630366503,0.0,0.0,1.3874317980984874
2025-04-02,0.0032147532621110758,0.0032147532621110758,0.0,0.0,1.3918920489973812
2025-04-07,-0.08656047280776995,-0.08656047280776995,0.0,0.0,1.2714092151387921
2025-04-08,-0.0032789395532005373,-0.0032789395532005373,0.0,0.0,1.2672403411749698
2025-04-09,-0.05062886695731039,-0.05062886695731039,0.0,0.0,1.2030813985386857
2025-04-10,0.07264181090236402,0.07264181090236402,0.0,0.0,1.2904754099914846
2025-04-11,0.0054673103282768375,0.0054673103282768375,0.0,0.0,1.2975308395289182
2025-04-14,0.0025415642558745564,0.0025415642558745564,0.0,0.0,1.3008285975315599
2025-04-15,0.01330816525910321,0.01330816525910321,0.0,0.0,1.3181402394812773
2025-04-16,-0.006492195874927594,-0.006492195874927594,0.0,0.0,1.309582614855941
2025-04-17,-0.006767943781325475,-0.006767943781325475,0.0,0.0,1.3007194333415948
2025-04-18,-0.00026563974834582197,-0.00026563974834582197,0.0,0.0,1.3003739105586534
2025-04-21,-0.005056459729569389,-0.005056459729569389,0.0,0.0,1.293798622246531
2025-04-22,-0.007941427430207182,-0.007941427430207182,0.0,0.0,1.2835240143786582
2025-04-23,0.016394453292155407,0.016394453292155407,0.0,0.0,1.3045666888817489
2025-04-24,-0.003704302056285418,-0.003704302056285418,0.0,0.0,1.2997341798135627
2025-04-25,0.0019284282248015823,0.0019284282248015823,0.0,0.0,1.3022406238906543
2025-04-28,0.004119912920459027,0.004119912920459027,0.0,0.0,1.307605741862568
2025-04-29,0.009750677301684602,0.009750677301684602,0.0,0.0,1.3203557834892998
2025-04-30,0.003282264308335822,0.003282264308335822,0.0,0.0,1.3246895401517516
2025-05-02,0.004250891869483702,0.004250891869483702,0.0,0.0,1.3303206521475728
2025-05-05,-0.007319968123589074,-0.007319968123589074,0.0,0.0,1.3205827473797003
2025-05-06,0.012029729378429298,0.012029729378429298,0.0,0.0,1.3364690004525006
2025-05-07,0.0013797174141010117,0.0013797174141010117,0.0,0.0,1.338312950005831
2025-05-08,-0.00015803836615020748,-0.00015803836615020748,0.0,0.0,1.3381014452138145
2025-05-09,0.010618455012965364,0.010618455012965364,0.0,0.0,1.3523100152126013
2025-05-12,0.007133923191286451,0.007133923191286451,0.0,0.0,1.3619572909919353
2025-05-13,-0.0006979596280247764,-0.0015522560321655793,0.31640607560770473,0.0008542964041408028,1.3598431845714412
2025-05-14,0.006412077869697374,0.006412077869697374,0.0,0.0,1.3685626049614905
2025-05-15,0.00648133338479547,0.00648133338479547,0.0,0.0,1.3774327154622101
2025-05-16,0.003093316746778273,0.003093316746778273,0.0,0.0,1.3816935511485098
2025-05-19,-0.005387514738643243,-0.005387514738643243,0.0,0.0,1.3742496567774087
2025-05-20,0.0028203123542931514,0.0028203123542931514,0.0,0.0,1.3781254700623011
2025-05-21,0.007023303492955874,0.007023303492955874,0.0,0.0,1.3878044634899211
2025-05-22,-0.0073122120702312325,-0.0073122120702312325,0.0,0.0,1.3776565429408694
2025-05-23,0.004290777134962173,0.004290777134962173,0.0,0.0,1.383567760135151
2025-05-26,-0.0006716557747342439,-0.0006716557747342439,0.0,0.0,1.38263847885932
2025-05-27,-0.008457417209672014,-0.008457417209672014,0.0,0.0,1.3709449283934605
2025-05-28,-0.0020227229567784705,-0.0020227229567784705,0.0,0.0,1.36817188661432
2025-05-29,-0.006911552480901978,-0.006911552480901978,0.0,0.0,1.3587156948170904
2025-06-02,-0.008203278915140316,-0.008203278915140316,0.0,0.0,1.3475697710061272
2025-06-03,0.0005822385255452427,0.0005822385255452427,0.0,0.0,1.348354378042667
2025-06-04,0.004489263694916383,0.004489263694916383,0.0,0.0,1.3544074963998953
2025-06-05,0.005463572786417773,0.005463572786417773,0.0,0.0,1.3618074003389462
2025-06-06,0.004819101484312848,0.004819101484312848,0.0,0.0,1.368370088403268
2025-06-09,0.007759028157420133,0.007759028157420133,0.0,0.0,1.3789873104489603
2025-06-10,0.005502269566029328,0.005502269566029328,0.0,0.0,1.3865748703591843
2025-06-11,0.002239017363588664,0.002239017363588664,0.0,0.0,1.389679435569834
2025-06-12,0.0035161861662039093,0.0035161861662039093,0.0,0.0,1.3945658071766427
2025-06-13,9.39221276969166e-05,9.39221276969166e-05,0.0,0.0,1.3946967877644663
2025-06-16,0.0036800587767786145,0.0036800587767786145,0.0,0.0,1.399829353919224
2025-06-17,-0.0009225771295454453,-0.0009225771295454453,0.0,0.0,1.3985379033720315
2025-06-18,0.005599277579502145,0.005599277579502145,0.0,0.0,1.4063687052984666
2025-06-19,-0.01021599159578028,-0.01021599159578028,0.0,0.0,1.392001254424569
2025-06-20,-0.007930822104449068,-0.007930822104449068,0.0,0.0,1.3809615401065578
2025-06-23,-0.009454919719459496,-0.009454919719459496,0.0,0.0,1.3679046596091893
2025-06-24,0.0014010510226472985,0.0014010510226472985,0.0,0.0,1.3698211638314186
2025-06-25,0.007031458245277541,0.007031458245277541,0.0,0.0,1.3794530041483968
2025-06-26,-0.0009815986337131045,-0.0009815986337131045,0.0,0.0,1.3780989349642534
2025-06-27,0.006523156461429597,0.006523156461429597,0.0,0.0,1.3870884899363547
2025-06-30,-0.004245128194494041,-0.004245128194494041,0.0,0.0,1.3812001214794676
2025-07-01,0.0022274768135292305,0.0022274768135292305,0.0,0.0,1.384276712724907
2025-07-02,7.825363107799707e-05,7.825363107799707e-05,0.0,0.0,1.3843850374040942
2025-07-03,0.0044361495792599875,0.0044361495792599875,0.0,0.0,1.3905263765053082
2025-07-04,-0.003806222170333131,-0.003806222170333131,0.0,0.0,1.3852337241826207
2025-07-07,-0.0037592150154728355,-0.0037592150154728355,0.0,0.0,1.3800263327667341
2025-07-08,-0.0003126139025299,-0.0003126139025299,0.0,0.0,1.3795949173492539
2025-07-09,-0.008293771831267133,-0.008293771831267133,0.0,0.0,1.3681528718851834
2025-07-10,0.0069938160103500575,0.0069938160103500575,0.0,0.0,1.3777214813451804
2025-07-11,0.01020828060070989,0.01020828060070989,0.0,0.0,1.3917856488163778
2025-07-14,0.0034383186104605555,0.0034383186104605555,0.0,0.0,1.396571051314475
2025-07-15,-0.002119397872739055,-0.002119397872739055,0.0,0.0,1.39361116159919
2025-07-16,0.001398294747165717,0.001398294747165717,0.0,0.0,1.3955598407660457
2025-07-17,0.0024436129359163977,0.0024436129359163977,0.0,0.0,1.398970048845787
2025-07-18,-0.003234258254080074,-0.003234258254080074,0.0,0.0,1.3944454184180968
2025-07-21,-0.0019705727416573027,-0.0019705727416573027,0.0,0.0,1.391697562286833
2025-07-22,-0.007379614780428305,-0.007379614780428305,0.0,0.0,1.3814273703862952
2025-07-23,0.00810672095514612,0.00810672095514612,0.0,0.0,1.3926262165978183
2025-07-24,-0.003449574059156594,-0.003449574059156594,0.0,0.0,1.387822249326941
2025-07-25,-0.0016012637676977625,-0.0016012637676977625,0.0,0.0,1.385599979843089
2025-07-28,-0.0019777295287216057,-0.0019777295287216057,0.0,0.0,1.3828596378479572
2025-07-29,-0.005367101272948296,-0.005367101272948296,0.0,0.0,1.3754376901253547
2025-07-30,0.006558342897108717,0.006558342897108717,0.0,0.0,1.384458282130804
2025-07-31,-0.009867593318220179,-0.009867593318220179,0.0,0.0,1.3707970108366956
2025-08-01,0.004591512301494308,0.004591512301494308,0.0,0.0,1.377091042174804
2025-08-04,0.008059006763301938,0.008059006763301938,0.0,0.0,1.3881890281973732
2025-08-05,0.007750968281653139,0.007750968281653139,0.0,0.0,1.39894883732387
2025-08-06,0.0033782801702921684,0.0033782801702921684,0.0,0.0,1.4036748784402546
2025-08-07,-0.009502791777012866,-0.009502791777012866,0.0,0.0,1.390336048347813
2025-08-08,0.0006663522787201527,0.0006663522787201527,0.0,0.0,1.3912625019418166
2025-08-11,0.0014800781346773456,0.0014800781346773456,0.0,0.0,1.3933216791505372
2025-08-12,-0.0034597896632071593,-0.0034597896632071593,0.0,0.0,1.3885010792074897
2025-08-13,0.003760440982881905,0.003760440982881905,0.0,0.0,1.3937224555705174
2025-08-14,0.0037242340025915284,0.0037242340025915284,0.0,0.0,1.3989130041297286
2025-08-15,-0.0012170920630840297,-0.0012170920630840297,0.0,0.0,1.3972103982154573
2025-08-18,0.004986802950226309,0.004986802950226309,0.0,0.0,1.4041780111513649
2025-08-19,-0.0025491907205165408,-0.0025491907205165408,0.0,0.0,1.4005984935953846
2025-08-20,-0.00641321074707416,-0.00641321074707416,0.0,0.0,1.3916161602839228
2025-08-21,0.0017269521265663647,0.0017269521265663647,0.0,0.0,1.3940194147712892
2025-08-22,-0.005421723046011635,-0.005421723046011635,0.0,0.0,1.386461427583636
2025-08-25,0.004255104080774991,0.004255104080774991,0.0,0.0,1.3923609652619842
2025-08-26,-0.006211706325315214,-0.006211706325315214,0.0,0.0,1.3837120278469444
2025-08-27,0.0006961410455912209,0.0006961410455912209,0.0,0.0,1.3846752865848069
2025-08-28,0.00561411171618474,0.00561411171618474,0.0,0.0,1.3924490083343342
2025-08-29,-0.002293784414852099,-0.002293784414852099,0.0,0.0,1.3892550305005407
2025-09-01,-0.002492153380016051,-0.002492153380016051,0.0,0.0,1.3857927938805745
2025-09-02,0.0037109819151970188,0.0037109819151970188,0.0,0.0,1.3909354458768757
2025-09-03,0.0019099696124253488,0.0019099696124253488,0.0,0.0,1.393592090311346
2025-09-04,0.005734550946063519,0.005734550946063519,0.0,0.0,1.4015837151512676
2025-09-05,-0.0008242260882503534,-0.0008242260882503534,0.0,0.0,1.400428493288373
2025-09-08,0.0018026869765944114,0.0018026869765944114,0.0,0.0,1.4029530274948756
2025-09-09,0.005629217944833814,0.005629217944833814,0.0,0.0,1.4108505558530087
2025-09-10,0.002981921792765141,0.002981921792765141,0.0,0.0,1.4150576018718415
2025-09-11,-0.007554200506277845,-0.007554200506277845,0.0,0.0,1.4043679730193688
2025-09-12,0.009664007804760393,0.009664007804760393,0.0,0.0,1.4179397960713833
2025-09-15,-0.003535613081595267,-0.003535613081595267,0.0,0.0,1.412926509579479
2025-09-16,-0.0007709094109806768,-0.0007709094109806768,0.0,0.0,1.4118372712362202
2025-09-17,-0.004387905119679805,-0.004387905119679805,0.0,0.0,1.405642263245608
2025-09-18,0.005814662905856998,0.005814662905856998,0.0,0.0,1.4138155991726074
2025-09-19,-0.0009114675643507853,-0.0009114675643507853,0.0,0.0,1.4125269521119883
2025-09-22,0.003347599648510286,0.003347599648510286,0.0,0.0,1.41725552684039
2025-09-23,0.002047929761900096,0.002047929761900096,0.0,0.0,1.4201579666140236
2025-09-24,0.0043413196173731836,0.0043413196173731836,0.0,0.0,1.4263233262542538
2025-09-25,-0.001604856091455597,-0.001604856091455597,0.0,0.0,1.4240342825757295
2025-09-26,-0.003989448706938131,-0.003989448706938131,0.0,0.0,1.418353170848472
2025-09-30,0.008905452475820018,0.008905452475820018,0.0,0.0,1.4309842476053918
2025-10-01,-0.0007021073171329748,-0.0007021073171329748,0.0,0.0,1.429979543094446
2025-10-02,-0.0015651075496214235,-0.0015651075496214235,0.0,0.0,1.4277414713157446
2025-10-03,-0.0028138046841191585,-0.0028138046841191585,0.0,0.0,1.4237240856760451
2025-10-07,0.005380043683160254,0.005380043683160254,0.0,0.0,1.4313837834497498
2025-10-08,0.0029775195926318022,0.0029775195926318022,0.0,0.0,1.4356457567095469
2025-10-09,-0.0017944194258182956,-0.0017944194258182956,0.0,0.0,1.4330696060751138
2025-10-13,-0.0082593594482262,-0.0082593594482262,0.0,0.0,1.4212333690842116
2025-10-14,-0.0018325663462173368,-0.0018325663462173368,0.0,0.0,1.4186288646419067
2025-10-15,-0.0009721740289864711,-0.0009721740289864711,0.0,0.0,1.4172497105029314
2025-10-16,0.003903265822788463,0.003903265822788463,0.0,0.0,1.4227816128602944
2025-10-17,0.0006566882331557393,0.0006566882331557393,0.0,0.0,1.4237159368038101
2025-10-20,0.005856723264616956,0.005856723264616956,0.0,0.0,1.432054247053095
2025-10-21,0.0027082781793539078,0.0027082781793539078,0.0,0.0,1.43593264832204
2025-10-22,0.005954312157078682,0.005954312157078682,0.0,0.0,1.44448263954669
2025-10-23,-0.0008120480736024804,-0.0008120480736024804,0.0,0.0,1.443309650201894
2025-10-27,-0.005854334721739619,-0.005854334721739619,0.0,0.0,1.4348600324024954
2025-10-28,-0.00545567309860139,-0.00545567309860139,0.0,0.0,1.4270319051234588
2025-10-29,0.0024949889325114353,0.0024949889325114353,0.0,0.0,1.4305923339330826
2025-10-30,-0.004598414999115745,-0.004598414999115745,0.0,0.0,1.4240138766871047
2025-10-31,-0.00670228451822647,-0.00670228451822647,0.0,0.0,1.414469730527645
2025-11-03,0.004719227741706022,0.004719227741706022,0.0,0.0,1.4211449353197545
2025-11-04,-0.0037656590126237273,-0.0037656590126237273,0.0,0.0,1.4157933880858231
2025-11-05,0.0032594944845286975,0.0032594944845286975,0.0,0.0,1.420408158825521
2025-11-06,0.0007908129952087112,0.0007908129952087112,0.0,0.0,1.421531436056021
2025-11-07,-0.0029248823183721734,-0.0029248823183721734,0.0,0.0,1.4173736238936905
2025-11-10,-0.002247854312930978,-0.002247854312930978,0.0,0.0,1.4141875744801864
2025-11-11,0.0001469347459517041,0.0001469347459517041,0.0,0.0,1.4143953677721708
2025-11-12,0.005899686493785326,0.005899686493785326,0.0,0.0,1.4227398570202887
2025-11-13,-0.006467815521003757,-0.006467815521003757,0.0,0.0,1.4135378380907022
2025-11-14,-0.006611238803069927,-0.006611238803069927,0.0,0.0,1.4041926018859094
2025-11-17,-0.003946527300438615,-0.003946527300438615,0.0,0.0,1.3986509174474928
2025-11-18,-0.01091333518787021,-0.01091333518787021,0.0,0.0,1.383386971174566
2025-11-19,-0.0023459699807134434,-0.0023459699807134434,0.0,0.0,1.3801415868684805
2025-11-20,0.016689288672890278,0.016689288672890278,0.0,0.0,1.4031751682211895
2025-11-21,-0.010492196413295728,-0.010492196413295728,0.0,0.0,1.3884527787539536
2025-11-24,0.007798669781571805,0.007798669781571805,0.0,0.0,1.3992808634827614
2025-11-25,-0.008427543106429956,-0.008427543106429956,0.0,0.0,1.387488363687758
2025-11-26,0.009392161082987219,0.009392161082987219,0.0,0.0,1.4005198779002839
2025-11-27,0.00405644466916631,0.00405644466916631,0.0,0.0,1.4062010092930537
2025-11-28,-0.0058859578927942195,-0.0058859578927942195,0.0,0.0,1.39792416936355
2025-12-01,-0.002562977324817069,-0.002562977324817069,0.0,0.0,1.3943413214156575
2025-12-02,0.005683903759841377,0.005683903759841377,0.0,0.0,1.402266623294954
2025-12-03,-0.0015090430847245,-0.0015090430847245,0.0,0.0,1.4001505425441307
2025-12-04,0.005577437546262572,0.005577437546262572,0.0,0.0,1.4079597947505362
2025-12-05,0.0015590458194371273,0.0015590458194371273,0.0,0.0,1.4101548685824778
2025-12-08,-0.0031965194511748515,-0.0031965194511748515,0.0,0.0,1.405647281115885
2025-12-09,-0.00017904083273398267,-0.00017904083273398267,0.0,0.0,1.4053956128561438
2025-12-10,-0.0034038905803344213,-0.0034038905803344213,0.0,0.0,1.4006117999678995
2025-12-11,0.0009844348808792248,0.0009844348808792248,0.0,0.0,1.4019906110783589
2025-12-12,0.0034327842881353853,0.0034327842881353853,0.0,0.0,1.406803342420182
2025-12-15,0.0010103649138142768,0.0010103649138142768,0.0,0.0,1.408224727158
2025-12-16,0.0006009576301569993,0.0006009576301569993,0.0,0.0,1.4090710105527615
2025-12-17,0.006667982991891562,0.006667982991891562,0.0,0.0,1.4184666720854948
2025-12-18,-0.00042537253857714326,-0.00042537253857714326,0.0,0.0,1.4178632953163028
2025-12-19,0.012642109512075932,0.012642109512075932,0.0,0.0,1.4357880783688444
2025-12-22,0.0021986737839108286,0.0021986737839108286,0.0,0.0,1.4389449079760057
2025-12-23,-0.0032864163323951066,-0.0032864163323951066,0.0,0.0,1.4342159359290165
2025-12-24,0.002229466695584586,0.002229466695584586,0.0,0.0,1.437413472592447
2025-12-26,0.005056719553437263,0.005056719553437263,0.0,0.0,1.4446820694056794
2025-12-29,-0.0007689910690641923,-0.0007689910690641923,0.0,0.0,1.4435711217966694
2025-12-30,-1.5859680618607384e-05,-1.5859680618607384e-05,0.0,0.0,1.4435482272197275
2025-12-31,-0.006027666422349346,-0.006027666422349346,0.0,0.0,1.4348470000414733
2026-01-02,0.005178136799724557,0.005178136799724557,0.0,0.0,1.4422768340943624
2026-01-05,0.0038287684101485074,0.0038287684101485074,0.0,0.0,1.447798978075432
2026-01-06,0.008256630839270846,0.008256630839270846,0.0,0.0,1.4597529197668744
2026-01-07,0.005413543396522584,0.005413543396522584,0.0,0.0,1.4676553555462328
2026-01-08,-0.0019324455148827815,-0.0019324455148827815,0.0,0.0,1.4648191915370137
2026-01-09,0.0002886836151671907,0.0002886836151671907,0.0,0.0,1.4652420608367929
2026-01-12,0.002098629502948533,0.002098629502948533,0.0,0.0,1.4683170610546261
2026-01-13,-0.0007840555506808943,-0.0007840555506808943,0.0,0.0,1.4671658189127468
2026-01-14,0.006021094047044823,0.006021094047044823,0.0,0.0,1.4759997622910301
2026-01-15,0.008267420600235912,0.008267420600235912,0.0,0.0,1.4882024731317385
2026-01-16,0.002808853403002159,0.002808853403002159,0.0,0.0,1.4923826157127509
2026-01-19,0.006414455221667449,0.006414455221667449,0.0,0.0,1.5019554371748352
2026-01-20,-0.007250860366144433,-0.007250860366144433,0.0,0.0,1.4910649680237091
2026-01-21,-0.0056853279176205355,-0.0056853279176205355,0.0,0.0,1.482587774734018
2026-01-22,0.0028965698847043097,0.0028965698847043097,0.0,0.0,1.4868821938337433
2026-01-23,-3.728914781604296e-05,-3.728914781604296e-05,0.0,0.0,1.4868267492638323
2026-01-26,0.0051778612117380236,0.0051778612117380236,0.0,0.0,1.49452533181742
2026-01-27,-0.0041291042526648905,-0.0041291042526648905,0.0,0.0,1.4883542809140975
2026-01-28,-0.0010844914873869532,-0.0010844914873869532,0.0,0.0,1.4867401733662302
2026-01-29,-0.0017819177973339327,-0.0017819177973339327,0.0,0.0,1.4840909245912977
2026-01-30,-0.007937136152414356,-0.007937136152414356,0.0,0.0,1.472311492860254
2026-02-02,-0.008109378004805436,-0.008109378004805436,0.0,0.0,1.4603719624238307
2026-02-03,0.005235524094536523,0.005235524094536523,0.0,0.0,1.4680177750200862
2026-02-04,0.008807989930245126,0.008807989930245126,0.0,0.0,1.480948060799884
2026-02-05,0.000540500949876679,0.000540500949876679,0.0,0.0,1.4817485146334644
2026-02-06,0.0019139691316748773,0.0019139691316748773,0.0,0.0,1.484584535551378
2026-02-09,0.002262805995426835,0.002262805995426835,0.0,0.0,1.4879438623391417
2026-02-10,0.004678411559032183,0.004678411559032183,0.0,0.0,1.4949050761039
2026-02-11,0.00817738696939792,0.00817738696939792,0.0,0.0,1.507129493393719
2026-02-23,0.023773160238200287,0.023773160238200287,0.0,0.0,1.5429587243398855
2026-02-24,0.007532799641486486,0.007532799641486486,0.0,0.0,1.5545815232654214
2026-02-25,0.0014126299018775365,0.0014126299018775365,0.0,0.0,1.5567775716100924
2026-02-26,0.00032744866896999673,0.00032744866896999673,0.0,0.0,1.5572873363537985
2026-03-02,-0.006705519211895316,-0.006705519211895316,0.0,0.0,1.5468449162014368
2026-03-03,-0.005463888094610721,-0.005463888094610721,0.0,0.0,1.5383931286795947
2026-03-04,-0.034696700481359935,-0.034696700481359935,0.0,0.0,1.4850159630712165
2026-03-05,0.0118275743186635,0.0118275743186635,0.0,0.0,1.502580099738843
2026-03-06,0.005590542631010538,0.005590542631010538,0.0,0.0,1.5109803378429412
2026-03-09,-0.018920721713945834,-0.018920721713945834,0.0,0.0,1.4823914993553708
2026-03-10,-0.002075035046215122,-0.002075035046215122,0.0,0.0,1.4793154850419972
2026-03-11,0.011008275869323951,0.011008275869323951,0.0,0.0,1.4956001979991023
2026-03-12,0.0022470027914633164,0.0022470027914633164,0.0,0.0,1.4989608158189194
2026-03-13,-0.0018857734132223013,-0.0018857734132223013,0.0,0.0,1.496134115364986
2026-03-16,0.008978870967457019,0.008978870967457019,0.0,0.0,1.5095677105368588
2026-03-17,0.005857359995661372,0.005857359995661372,0.0,0.0,1.5184097920552995
2026-03-18,0.0018712903756604984,0.0018712903756604984,0.0,0.0,1.5212511776854813
2026-03-19,-0.013105134480060723,-0.013105134480060723,0.0,0.0,1.5013149764239624
2026-03-20,-0.000614944166400765,-0.000614944166400765,0.0,0.0,1.5003917515372804
2026-03-23,-0.01677191003565133,-0.01677191003565133,0.0,0.0,1.4752273160622638
2026-03-24,0.007448630327204305,0.007448630327204305,0.0,0.0,1.4862157389882054
2026-03-25,0.010613479549963618,0.010613479549963618,0.0,0.0,1.5019896593407909
2026-03-26,-0.0004951157493328165,-0.0004951157493328165,0.0,0.0,1.5012460006051163
2026-03-27,-0.0012473099696547895,-0.0012473099696547895,0.0,0.0,1.499373481501657
2026-03-30,-0.013014890000580152,-0.013014890000580152,0.0,0.0,1.479859300570126
2026-03-31,-0.008201212124268456,-0.008201212124268456,0.0,0.0,1.4677226605320788
2026-04-01,0.02209533309529936,0.02209533309529936,0.0,0.0,1.500152481608054
2026-04-02,-0.004654287873617653,-0.004654287873617653,0.0,0.0,1.4931703401043281
2026-04-07,0.006090286136128378,0.006090286136128378,0.0,0.0,1.5022641747255434
2026-04-08,0.011996060957837174,0.011996060957837174,0.0,0.0,1.520285427340326
2026-04-09,0.008690609792141566,0.008690609792141566,0.0,0.0,1.5334976347620197
2026-04-10,-0.0061443164821818105,-0.0061443164821818105,0.0,0.0,1.5240753399693645
2026-04-13,-0.003711132426053275,-0.003711132426053275,0.0,0.0,1.518419294555456
2026-04-14,0.009445968093363526,0.009445968093363526,0.0,0.0,1.5327622347641745
2026-04-15,0.007967770631580325,0.007967770631580325,0.0,0.0,1.544974932683524
2026-04-16,0.006971712876984424,0.006971712876984424,0.0,0.0,1.555746054316332
2026-04-17,0.00565571317870036,0.00565571317870036,0.0,0.0,1.5645449077784397
