date,gross_ret,net_ret,turnover,total_cost,equity
2015-01-05,0.0,0.0,0.0,0.0,1.0
2015-01-06,0.0,0.0,0.0,0.0,1.0
2015-01-07,0.0,0.0,0.0,0.0,1.0
2015-01-08,0.0,0.0,0.0,0.0,1.0
2015-01-09,0.0,0.0,0.0,0.0,1.0
2015-01-12,0.0,0.0,0.0,0.0,1.0
2015-01-13,0.0,0.0,0.0,0.0,1.0
2015-01-14,0.0,0.0,0.0,0.0,1.0
2015-01-15,0.0,0.0,0.0,0.0,1.0
2015-01-16,0.0,0.0,0.0,0.0,1.0
2015-01-19,0.0,0.0,0.0,0.0,1.0
2015-01-20,0.0,0.0,0.0,0.0,1.0
2015-01-21,0.0,0.0,0.0,0.0,1.0
2015-01-22,0.0,0.0,0.0,0.0,1.0
2015-01-23,0.0,0.0,0.0,0.0,1.0
2015-01-26,0.0,0.0,0.0,0.0,1.0
2015-01-27,0.0,0.0,0.0,0.0,1.0
2015-01-28,0.0,0.0,0.0,0.0,1.0
2015-01-29,0.0,0.0,0.0,0.0,1.0
2015-01-30,0.0,0.0,0.0,0.0,1.0
2015-02-02,0.0,0.0,0.0,0.0,1.0
2015-02-03,0.0,0.0,0.0,0.0,1.0
2015-02-04,0.0,0.0,0.0,0.0,1.0
2015-02-05,0.0,0.0,0.0,0.0,1.0
2015-02-06,0.0,0.0,0.0,0.0,1.0
2015-02-09,0.0,0.0,0.0,0.0,1.0
2015-02-10,0.0,0.0,0.0,0.0,1.0
2015-02-11,0.0,0.0,0.0,0.0,1.0
2015-02-12,0.0,0.0,0.0,0.0,1.0
2015-02-13,0.0,0.0,0.0,0.0,1.0
2015-02-24,0.0,0.0,0.0,0.0,1.0
2015-02-25,0.0,0.0,0.0,0.0,1.0
2015-02-26,0.0,0.0,0.0,0.0,1.0
2015-03-02,0.0,0.0,0.0,0.0,1.0
2015-03-03,0.0,0.0,0.0,0.0,1.0
2015-03-04,0.0,0.0,0.0,0.0,1.0
2015-03-05,0.0,0.0,0.0,0.0,1.0
2015-03-06,0.0,0.0,0.0,0.0,1.0
2015-03-09,0.0,0.0,0.0,0.0,1.0
2015-03-10,0.0,0.0,0.0,0.0,1.0
2015-03-11,0.0,0.0,0.0,0.0,1.0
2015-03-12,0.0,0.0,0.0,0.0,1.0
2015-03-13,0.0,0.0,0.0,0.0,1.0
2015-03-16,0.0,0.0,0.0,0.0,1.0
2015-03-17,0.0,0.0,0.0,0.0,1.0
2015-03-18,0.0,0.0,0.0,0.0,1.0
2015-03-19,0.0,0.0,0.0,0.0,1.0
2015-03-20,0.0,0.0,0.0,0.0,1.0
2015-03-23,0.0,0.0,0.0,0.0,1.0
2015-03-24,0.0,0.0,0.0,0.0,1.0
2015-03-25,0.0,0.0,0.0,0.0,1.0
2015-03-26,0.0,0.0,0.0,0.0,1.0
2015-03-27,0.0,0.0,0.0,0.0,1.0
2015-03-30,0.0,0.0,0.0,0.0,1.0
2015-03-31,0.0,0.0,0.0,0.0,1.0
2015-04-01,0.0,0.0,0.0,0.0,1.0
2015-04-02,0.0,0.0,0.0,0.0,1.0
2015-04-07,0.0,0.0,0.0,0.0,1.0
2015-04-08,0.0,0.0,0.0,0.0,1.0
2015-04-09,0.0,0.0,0.0,0.0,1.0
2015-04-10,0.0,0.0,0.0,0.0,1.0
2015-04-13,0.0,0.0,0.0,0.0,1.0
2015-04-14,0.0,0.0,0.0,0.0,1.0
2015-04-15,0.0,0.0,0.0,0.0,1.0
2015-04-16,0.0,0.0,0.0,0.0,1.0
2015-04-17,0.0,0.0,0.0,0.0,1.0
2015-04-20,0.0,0.0,0.0,0.0,1.0
2015-04-21,0.0,0.0,0.0,0.0,1.0
2015-04-22,0.0,0.0,0.0,0.0,1.0
2015-04-23,0.0,0.0,0.0,0.0,1.0
2015-04-24,0.0,0.0,0.0,0.0,1.0
2015-04-27,0.0,0.0,0.0,0.0,1.0
2015-04-28,0.0,0.0,0.0,0.0,1.0
2015-04-29,0.0,0.0,0.0,0.0,1.0
2015-04-30,0.0,0.0,0.0,0.0,1.0
2015-05-04,0.0,0.0,0.0,0.0,1.0
2015-05-05,0.0,0.0,0.0,0.0,1.0
2015-05-06,0.0,0.0,0.0,0.0,1.0
2015-05-07,0.0,0.0,0.0,0.0,1.0
2015-05-08,0.0,0.0,0.0,0.0,1.0
2015-05-11,0.0,0.0,0.0,0.0,1.0
2015-05-12,0.0,0.0,0.0,0.0,1.0
2015-05-13,0.0,0.0,0.0,0.0,1.0
2015-05-14,0.0,0.0,0.0,0.0,1.0
2015-05-15,0.0,0.0,0.0,0.0,1.0
2015-05-18,0.0,0.0,0.0,0.0,1.0
2015-05-19,0.0,0.0,0.0,0.0,1.0
2015-05-20,0.0,0.0,0.0,0.0,1.0
2015-05-21,0.0,0.0,0.0,0.0,1.0
2015-05-22,0.0,0.0,0.0,0.0,1.0
2015-05-25,0.0,0.0,0.0,0.0,1.0
2015-05-26,0.0,0.0,0.0,0.0,1.0
2015-05-27,0.0,0.0,0.0,0.0,1.0
2015-05-28,0.0,0.0,0.0,0.0,1.0
2015-05-29,0.0,0.0,0.0,0.0,1.0
2015-06-01,0.0,0.0,0.0,0.0,1.0
2015-06-02,0.0,0.0,0.0,0.0,1.0
2015-06-03,0.0,0.0,0.0,0.0,1.0
2015-06-04,0.0,0.0,0.0,0.0,1.0
2015-06-05,0.0,0.0,0.0,0.0,1.0
2015-06-08,0.0,0.0,0.0,0.0,1.0
2015-06-09,0.0,0.0,0.0,0.0,1.0
2015-06-10,0.0,0.0,0.0,0.0,1.0
2015-06-11,0.0,0.0,0.0,0.0,1.0
2015-06-12,0.0,0.0,0.0,0.0,1.0
2015-06-15,0.0,0.0,0.0,0.0,1.0
2015-06-16,0.0,0.0,0.0,0.0,1.0
2015-06-17,0.0,0.0,0.0,0.0,1.0
2015-06-18,0.0,0.0,0.0,0.0,1.0
2015-06-22,0.0,0.0,0.0,0.0,1.0
2015-06-23,0.0,0.0,0.0,0.0,1.0
2015-06-24,0.0,0.0,0.0,0.0,1.0
2015-06-25,0.0,0.0,0.0,0.0,1.0
2015-06-26,0.0,0.0,0.0,0.0,1.0
2015-06-29,0.0,0.0,0.0,0.0,1.0
2015-06-30,0.0,0.0,0.0,0.0,1.0
2015-07-01,0.0,0.0,0.0,0.0,1.0
2015-07-02,0.0,0.0,0.0,0.0,1.0
2015-07-03,0.0,0.0,0.0,0.0,1.0
2015-07-06,0.0,0.0,0.0,0.0,1.0
2015-07-07,0.0,0.0,0.0,0.0,1.0
2015-07-08,0.0,0.0,0.0,0.0,1.0
2015-07-09,0.0,0.0,0.0,0.0,1.0
2015-07-13,0.0,0.0,0.0,0.0,1.0
2015-07-14,0.0,0.0,0.0,0.0,1.0
2015-07-15,0.0,0.0,0.0,0.0,1.0
2015-07-16,0.0,0.0,0.0,0.0,1.0
2015-07-17,0.0,0.0,0.0,0.0,1.0
2015-07-20,0.0,0.0,0.0,0.0,1.0
2015-07-21,0.0,0.0,0.0,0.0,1.0
2015-07-22,0.0,0.0,0.0,0.0,1.0
2015-07-23,0.0,0.0,0.0,0.0,1.0
2015-07-24,0.0,0.0,0.0,0.0,1.0
2015-07-27,0.0,0.0,0.0,0.0,1.0
2015-07-28,0.0,0.0,0.0,0.0,1.0
2015-07-29,0.0,0.0,0.0,0.0,1.0
2015-07-30,0.0,0.0,0.0,0.0,1.0
2015-07-31,0.0,0.0,0.0,0.0,1.0
2015-08-03,0.0,0.0,0.0,0.0,1.0
2015-08-04,0.0,0.0,0.0,0.0,1.0
2015-08-05,0.0,0.0,0.0,0.0,1.0
2015-08-06,0.0,0.0,0.0,0.0,1.0
2015-08-07,0.0,0.0,0.0,0.0,1.0
2015-08-10,0.0,0.0,0.0,0.0,1.0
2015-08-11,0.0,0.0,0.0,0.0,1.0
2015-08-12,0.0,0.0,0.0,0.0,1.0
2015-08-13,0.0,0.0,0.0,0.0,1.0
2015-08-14,0.0,0.0,0.0,0.0,1.0
2015-08-17,0.0,0.0,0.0,0.0,1.0
2015-08-18,0.0,0.0,0.0,0.0,1.0
2015-08-19,0.0,0.0,0.0,0.0,1.0
2015-08-20,0.0,0.0,0.0,0.0,1.0
2015-08-21,0.0,0.0,0.0,0.0,1.0
2015-08-24,0.0,0.0,0.0,0.0,1.0
2015-08-25,0.0,0.0,0.0,0.0,1.0
2015-08-26,0.0,0.0,0.0,0.0,1.0
2015-08-27,0.0,0.0,0.0,0.0,1.0
2015-08-28,0.0,0.0,0.0,0.0,1.0
2015-08-31,0.0,0.0,0.0,0.0,1.0
2015-09-01,0.0,0.0,0.0,0.0,1.0
2015-09-02,0.0,0.0,0.0,0.0,1.0
2015-09-03,0.0,0.0,0.0,0.0,1.0
2015-09-04,0.0,0.0,0.0,0.0,1.0
2015-09-07,0.0,0.0,0.0,0.0,1.0
2015-09-08,0.0,0.0,0.0,0.0,1.0
2015-09-09,0.0,0.0,0.0,0.0,1.0
2015-09-10,0.0,0.0,0.0,0.0,1.0
2015-09-11,0.0,0.0,0.0,0.0,1.0
2015-09-14,0.0,0.0,0.0,0.0,1.0
2015-09-15,0.0,0.0,0.0,0.0,1.0
2015-09-16,0.0,0.0,0.0,0.0,1.0
2015-09-17,0.0,0.0,0.0,0.0,1.0
2015-09-18,0.0,0.0,0.0,0.0,1.0
2015-09-21,0.0,0.0,0.0,0.0,1.0
2015-09-22,0.0,0.0,0.0,0.0,1.0
2015-09-23,0.0,0.0,0.0,0.0,1.0
2015-09-24,0.0,0.0,0.0,0.0,1.0
2015-09-25,0.0,0.0,0.0,0.0,1.0
2015-09-30,0.0,0.0,0.0,0.0,1.0
2015-10-01,0.0,0.0,0.0,0.0,1.0
2015-10-02,0.0,0.0,0.0,0.0,1.0
2015-10-05,0.0,0.0,0.0,0.0,1.0
2015-10-06,0.0,0.0,0.0,0.0,1.0
2015-10-07,0.0,0.0,0.0,0.0,1.0
2015-10-08,0.0,0.0,0.0,0.0,1.0
2015-10-12,0.0,0.0,0.0,0.0,1.0
2015-10-13,0.0,0.0,0.0,0.0,1.0
2015-10-14,0.0,0.0,0.0,0.0,1.0
2015-10-15,0.0,0.0,0.0,0.0,1.0
2015-10-16,0.0,0.0,0.0,0.0,1.0
2015-10-19,0.0,0.0,0.0,0.0,1.0
2015-10-20,0.0,0.0,0.0,0.0,1.0
2015-10-21,0.0,0.0,0.0,0.0,1.0
2015-10-22,0.0,0.0,0.0,0.0,1.0
2015-10-23,0.0,0.0,0.0,0.0,1.0
2015-10-26,0.0,0.0,0.0,0.0,1.0
2015-10-27,0.0,0.0,0.0,0.0,1.0
2015-10-28,0.0,0.0,0.0,0.0,1.0
2015-10-29,0.0,0.0,0.0,0.0,1.0
2015-10-30,0.0,0.0,0.0,0.0,1.0
2015-11-02,0.0,0.0,0.0,0.0,1.0
2015-11-03,0.0,0.0,0.0,0.0,1.0
2015-11-04,0.0,0.0,0.0,0.0,1.0
2015-11-05,0.0,0.0,0.0,0.0,1.0
2015-11-06,0.0,0.0,0.0,0.0,1.0
2015-11-09,0.0,0.0,0.0,0.0,1.0
2015-11-10,0.0,0.0,0.0,0.0,1.0
2015-11-11,0.0,0.0,0.0,0.0,1.0
2015-11-12,0.0,0.0,0.0,0.0,1.0
2015-11-13,0.0,0.0,0.0,0.0,1.0
2015-11-16,0.0,0.0,0.0,0.0,1.0
2015-11-17,0.0,0.0,0.0,0.0,1.0
2015-11-18,0.0,0.0,0.0,0.0,1.0
2015-11-19,0.0,0.0,0.0,0.0,1.0
2015-11-20,0.0,0.0,0.0,0.0,1.0
2015-11-23,0.0,0.0,0.0,0.0,1.0
2015-11-24,0.0,0.0,0.0,0.0,1.0
2015-11-25,0.0,0.0,0.0,0.0,1.0
2015-11-26,0.0,0.0,0.0,0.0,1.0
2015-11-27,0.0,0.0,0.0,0.0,1.0
2015-11-30,0.0,0.0,0.0,0.0,1.0
2015-12-01,0.0,0.0,0.0,0.0,1.0
2015-12-02,0.0,0.0,0.0,0.0,1.0
2015-12-03,0.0,0.0,0.0,0.0,1.0
2015-12-04,0.0,0.0,0.0,0.0,1.0
2015-12-07,0.0,0.0,0.0,0.0,1.0
2015-12-08,0.0,0.0,0.0,0.0,1.0
2015-12-09,0.0,0.0,0.0,0.0,1.0
2015-12-10,0.0,0.0,0.0,0.0,1.0
2015-12-11,0.0,0.0,0.0,0.0,1.0
2015-12-14,0.0,0.0,0.0,0.0,1.0
2015-12-15,0.0,0.0,0.0,0.0,1.0
2015-12-16,0.0,0.0,0.0,0.0,1.0
2015-12-17,0.0,0.0,0.0,0.0,1.0
2015-12-18,0.0,0.0,0.0,0.0,1.0
2015-12-21,0.0,0.0,0.0,0.0,1.0
2015-12-22,0.0,0.0,0.0,0.0,1.0
2015-12-23,0.0,0.0,0.0,0.0,1.0
2015-12-24,0.0,0.0,0.0,0.0,1.0
2015-12-25,0.0,0.0,0.0,0.0,1.0
2015-12-28,0.0,0.0,0.0,0.0,1.0
2015-12-29,0.0,0.0,0.0,0.0,1.0
2015-12-30,0.0,0.0,0.0,0.0,1.0
2015-12-31,0.0,0.0,0.0,0.0,1.0
2016-01-04,0.0,0.0,0.0,0.0,1.0
2016-01-05,0.0,0.0,0.0,0.0,1.0
2016-01-06,0.0,0.0,0.0,0.0,1.0
2016-01-07,0.0,0.0,0.0,0.0,1.0
2016-01-08,0.0,0.0,0.0,0.0,1.0
2016-01-11,0.0,0.0,0.0,0.0,1.0
2016-01-12,0.0,0.0,0.0,0.0,1.0
2016-01-13,0.0,0.0,0.0,0.0,1.0
2016-01-14,0.0,0.0,0.0,0.0,1.0
2016-01-15,0.0,0.0,0.0,0.0,1.0
2016-01-18,0.0,0.0,0.0,0.0,1.0
2016-01-19,0.0,0.0,0.0,0.0,1.0
2016-01-20,0.0,0.0,0.0,0.0,1.0
2016-01-21,0.0,0.0,0.0,0.0,1.0
2016-01-22,0.0,0.0,0.0,0.0,1.0
2016-01-25,0.0,0.0,0.0,0.0,1.0
2016-01-26,0.0,0.0,0.0,0.0,1.0
2016-01-27,0.0,0.0,0.0,0.0,1.0
2016-01-28,0.0,0.0,0.0,0.0,1.0
2016-01-29,0.0,0.0,0.0,0.0,1.0
2016-01-30,0.0,0.0,0.0,0.0,1.0
2016-02-01,0.0,0.0,0.0,0.0,1.0
2016-02-02,0.0,0.0,0.0,0.0,1.0
2016-02-03,0.0,0.0,0.0,0.0,1.0
2016-02-15,0.0,0.0,0.0,0.0,1.0
2016-02-16,0.0,0.0,0.0,0.0,1.0
2016-02-17,0.0,0.0,0.0,0.0,1.0
2016-02-18,0.0,0.0,0.0,0.0,1.0
2016-02-19,0.0,0.0,0.0,0.0,1.0
2016-02-22,0.0,0.0,0.0,0.0,1.0
2016-02-23,0.0,0.0,0.0,0.0,1.0
2016-02-24,0.0,0.0,0.0,0.0,1.0
2016-02-25,0.0,0.0,0.0,0.0,1.0
2016-02-26,0.0,0.0,0.0,0.0,1.0
2016-03-01,0.0,0.0,0.0,0.0,1.0
2016-03-02,0.0,0.0,0.0,0.0,1.0
2016-03-03,0.0,0.0,0.0,0.0,1.0
2016-03-04,0.0,0.0,0.0,0.0,1.0
2016-03-07,0.0,0.0,0.0,0.0,1.0
2016-03-08,0.0,0.0,0.0,0.0,1.0
2016-03-09,0.0,0.0,0.0,0.0,1.0
2016-03-10,0.0,0.0,0.0,0.0,1.0
2016-03-11,0.0,0.0,0.0,0.0,1.0
2016-03-14,0.0,0.0,0.0,0.0,1.0
2016-03-15,0.0,0.0,0.0,0.0,1.0
2016-03-16,0.0,0.0,0.0,0.0,1.0
2016-03-17,0.0,0.0,0.0,0.0,1.0
2016-03-18,0.0,0.0,0.0,0.0,1.0
2016-03-21,0.0,0.0,0.0,0.0,1.0
2016-03-22,0.0,0.0,0.0,0.0,1.0
2016-03-23,0.0,0.0,0.0,0.0,1.0
2016-03-24,0.0,0.0,0.0,0.0,1.0
2016-03-25,0.0,0.0,0.0,0.0,1.0
2016-03-28,0.0,0.0,0.0,0.0,1.0
2016-03-29,0.0,0.0,0.0,0.0,1.0
2016-03-30,0.0,0.0,0.0,0.0,1.0
2016-03-31,0.0,0.0,0.0,0.0,1.0
2016-04-01,0.0,0.0,0.0,0.0,1.0
2016-04-06,0.0,0.0,0.0,0.0,1.0
2016-04-07,0.0,0.0,0.0,0.0,1.0
2016-04-08,0.0,0.0,0.0,0.0,1.0
2016-04-11,0.0,0.0,0.0,0.0,1.0
2016-04-12,0.0,0.0,0.0,0.0,1.0
2016-04-13,0.0,0.0,0.0,0.0,1.0
2016-04-14,0.0,0.0,0.0,0.0,1.0
2016-04-15,0.0,0.0,0.0,0.0,1.0
2016-04-18,0.0,0.0,0.0,0.0,1.0
2016-04-19,0.0,0.0,0.0,0.0,1.0
2016-04-20,0.0,0.0,0.0,0.0,1.0
2016-04-21,0.0,0.0,0.0,0.0,1.0
2016-04-22,0.0,0.0,0.0,0.0,1.0
2016-04-25,0.0,0.0,0.0,0.0,1.0
2016-04-26,0.0,0.0,0.0,0.0,1.0
2016-04-27,0.0,0.0,0.0,0.0,1.0
2016-04-28,0.0,0.0,0.0,0.0,1.0
2016-04-29,0.0,0.0,0.0,0.0,1.0
2016-05-03,0.0,0.0,0.0,0.0,1.0
2016-05-04,0.0,0.0,0.0,0.0,1.0
2016-05-05,0.0,0.0,0.0,0.0,1.0
2016-05-06,0.0,0.0,0.0,0.0,1.0
2016-05-09,0.0,0.0,0.0,0.0,1.0
2016-05-10,0.0,0.0,0.0,0.0,1.0
2016-05-11,0.0,0.0,0.0,0.0,1.0
2016-05-12,0.0,0.0,0.0,0.0,1.0
2016-05-13,0.0,0.0,0.0,0.0,1.0
2016-05-16,0.0,0.0,0.0,0.0,1.0
2016-05-17,0.0,0.0,0.0,0.0,1.0
2016-05-18,0.0,0.0,0.0,0.0,1.0
2016-05-19,0.0,0.0,0.0,0.0,1.0
2016-05-20,0.0,0.0,0.0,0.0,1.0
2016-05-23,0.0,0.0,0.0,0.0,1.0
2016-05-24,0.0,0.0,0.0,0.0,1.0
2016-05-25,0.0,0.0,0.0,0.0,1.0
2016-05-26,0.0,0.0,0.0,0.0,1.0
2016-05-27,0.0,0.0,0.0,0.0,1.0
2016-05-30,0.0,0.0,0.0,0.0,1.0
2016-05-31,0.0,0.0,0.0,0.0,1.0
2016-06-01,0.0,0.0,0.0,0.0,1.0
2016-06-02,0.0,0.0,0.0,0.0,1.0
2016-06-03,0.0,0.0,0.0,0.0,1.0
2016-06-04,0.0,0.0,0.0,0.0,1.0
2016-06-06,0.0,0.0,0.0,0.0,1.0
2016-06-07,0.0,0.0,0.0,0.0,1.0
2016-06-08,0.0,0.0,0.0,0.0,1.0
2016-06-13,0.0,0.0,0.0,0.0,1.0
2016-06-14,0.0,0.0,0.0,0.0,1.0
2016-06-15,0.0,0.0,0.0,0.0,1.0
2016-06-16,0.0,0.0,0.0,0.0,1.0
2016-06-17,0.0,0.0,0.0,0.0,1.0
2016-06-20,0.0,0.0,0.0,0.0,1.0
2016-06-21,0.0,0.0,0.0,0.0,1.0
2016-06-22,0.0,0.0,0.0,0.0,1.0
2016-06-23,0.0,0.0,0.0,0.0,1.0
2016-06-24,0.0,0.0,0.0,0.0,1.0
2016-06-27,0.0,0.0,0.0,0.0,1.0
2016-06-28,0.0,0.0,0.0,0.0,1.0
2016-06-29,0.0,0.0,0.0,0.0,1.0
2016-06-30,0.0,0.0,0.0,0.0,1.0
2016-07-01,0.0,0.0,0.0,0.0,1.0
2016-07-04,0.0,0.0,0.0,0.0,1.0
2016-07-05,0.0,0.0,0.0,0.0,1.0
2016-07-06,0.0,0.0,0.0,0.0,1.0
2016-07-07,0.0,0.0,0.0,0.0,1.0
2016-07-11,0.0,0.0,0.0,0.0,1.0
2016-07-12,0.0,0.0,0.0,0.0,1.0
2016-07-13,0.0,0.0,0.0,0.0,1.0
2016-07-14,0.0,0.0,0.0,0.0,1.0
2016-07-15,0.0,0.0,0.0,0.0,1.0
2016-07-18,0.0,0.0,0.0,0.0,1.0
2016-07-19,0.0,0.0,0.0,0.0,1.0
2016-07-20,0.0,0.0,0.0,0.0,1.0
2016-07-21,0.0,0.0,0.0,0.0,1.0
2016-07-22,0.0,0.0,0.0,0.0,1.0
2016-07-25,0.0,0.0,0.0,0.0,1.0
2016-07-26,0.0,0.0,0.0,0.0,1.0
2016-07-27,0.0,0.0,0.0,0.0,1.0
2016-07-28,0.0,0.0,0.0,0.0,1.0
2016-07-29,0.0,0.0,0.0,0.0,1.0
2016-08-01,0.0,0.0,0.0,0.0,1.0
2016-08-02,0.0,0.0,0.0,0.0,1.0
2016-08-03,0.0,0.0,0.0,0.0,1.0
2016-08-04,0.0,0.0,0.0,0.0,1.0
2016-08-05,0.0,0.0,0.0,0.0,1.0
2016-08-08,0.0,0.0,0.0,0.0,1.0
2016-08-09,0.0,0.0,0.0,0.0,1.0
2016-08-10,0.0,0.0,0.0,0.0,1.0
2016-08-11,0.0,0.0,0.0,0.0,1.0
2016-08-12,0.0,0.0,0.0,0.0,1.0
2016-08-15,0.0,0.0,0.0,0.0,1.0
2016-08-16,0.0,0.0,0.0,0.0,1.0
2016-08-17,0.0,0.0,0.0,0.0,1.0
2016-08-18,0.0,0.0,0.0,0.0,1.0
2016-08-19,0.0,0.0,0.0,0.0,1.0
2016-08-22,0.0,0.0,0.0,0.0,1.0
2016-08-23,0.0,0.0,0.0,0.0,1.0
2016-08-24,0.0,0.0,0.0,0.0,1.0
2016-08-25,0.0,0.0,0.0,0.0,1.0
2016-08-26,0.0,0.0,0.0,0.0,1.0
2016-08-29,0.0,0.0,0.0,0.0,1.0
2016-08-30,0.0,0.0,0.0,0.0,1.0
2016-08-31,0.0,0.0,0.0,0.0,1.0
2016-09-01,0.0,0.0,0.0,0.0,1.0
2016-09-02,0.0,0.0,0.0,0.0,1.0
2016-09-05,0.0,0.0,0.0,0.0,1.0
2016-09-06,0.0,0.0,0.0,0.0,1.0
2016-09-07,0.0,0.0,0.0,0.0,1.0
2016-09-08,0.0,0.0,0.0,0.0,1.0
2016-09-09,0.0,0.0,0.0,0.0,1.0
2016-09-10,0.0,0.0,0.0,0.0,1.0
2016-09-12,0.0,0.0,0.0,0.0,1.0
2016-09-13,0.0,0.0,0.0,0.0,1.0
2016-09-14,0.0,0.0,0.0,0.0,1.0
2016-09-19,0.0,0.0,0.0,0.0,1.0
2016-09-20,0.0,0.0,0.0,0.0,1.0
2016-09-21,0.0,0.0,0.0,0.0,1.0
2016-09-22,0.0,0.0,0.0,0.0,1.0
2016-09-23,0.0,0.0,0.0,0.0,1.0
2016-09-26,0.0,0.0,0.0,0.0,1.0
2016-09-29,0.0,0.0,0.0,0.0,1.0
2016-09-30,0.0,0.0,0.0,0.0,1.0
2016-10-03,0.0,0.0,0.0,0.0,1.0
2016-10-04,0.0,0.0,0.0,0.0,1.0
2016-10-05,0.0,0.0,0.0,0.0,1.0
2016-10-06,0.0,0.0,0.0,0.0,1.0
2016-10-07,0.0,0.0,0.0,0.0,1.0
2016-10-11,0.0,0.0,0.0,0.0,1.0
2016-10-12,0.0,0.0,0.0,0.0,1.0
2016-10-13,0.0,0.0,0.0,0.0,1.0
2016-10-14,0.0,0.0,0.0,0.0,1.0
2016-10-17,0.0,0.0,0.0,0.0,1.0
2016-10-18,0.0,0.0,0.0,0.0,1.0
2016-10-19,0.0,0.0,0.0,0.0,1.0
2016-10-20,0.0,0.0,0.0,0.0,1.0
2016-10-21,0.0,0.0,0.0,0.0,1.0
2016-10-24,0.0,0.0,0.0,0.0,1.0
2016-10-25,0.0,0.0,0.0,0.0,1.0
2016-10-26,0.0,0.0,0.0,0.0,1.0
2016-10-27,0.0,0.0,0.0,0.0,1.0
2016-10-28,0.0,0.0,0.0,0.0,1.0
2016-10-31,0.0,0.0,0.0,0.0,1.0
2016-11-01,0.0,0.0,0.0,0.0,1.0
2016-11-02,0.0,0.0,0.0,0.0,1.0
2016-11-03,0.0,0.0,0.0,0.0,1.0
2016-11-04,0.0,0.0,0.0,0.0,1.0
2016-11-07,0.0,0.0,0.0,0.0,1.0
2016-11-08,0.0,0.0,0.0,0.0,1.0
2016-11-09,0.0,0.0,0.0,0.0,1.0
2016-11-10,0.0,0.0,0.0,0.0,1.0
2016-11-11,0.0,0.0,0.0,0.0,1.0
2016-11-14,0.0,0.0,0.0,0.0,1.0
2016-11-15,0.0,0.0,0.0,0.0,1.0
2016-11-16,0.0,0.0,0.0,0.0,1.0
2016-11-17,0.0,0.0,0.0,0.0,1.0
2016-11-18,0.0,0.0,0.0,0.0,1.0
2016-11-21,0.0,0.0,0.0,0.0,1.0
2016-11-22,0.0,0.0,0.0,0.0,1.0
2016-11-23,0.0,0.0,0.0,0.0,1.0
2016-11-24,0.0,0.0,0.0,0.0,1.0
2016-11-25,0.0,0.0,0.0,0.0,1.0
2016-11-28,0.0,0.0,0.0,0.0,1.0
2016-11-29,0.0,0.0,0.0,0.0,1.0
2016-11-30,0.0,0.0,0.0,0.0,1.0
2016-12-01,0.0,0.0,0.0,0.0,1.0
2016-12-02,0.0,0.0,0.0,0.0,1.0
2016-12-05,0.0,0.0,0.0,0.0,1.0
2016-12-06,0.0,0.0,0.0,0.0,1.0
2016-12-07,0.0,0.0,0.0,0.0,1.0
2016-12-08,0.0,0.0,0.0,0.0,1.0
2016-12-09,0.0,0.0,0.0,0.0,1.0
2016-12-12,0.0,0.0,0.0,0.0,1.0
2016-12-13,0.0,0.0,0.0,0.0,1.0
2016-12-14,0.0,0.0,0.0,0.0,1.0
2016-12-15,0.0,0.0,0.0,0.0,1.0
2016-12-16,0.0,0.0,0.0,0.0,1.0
2016-12-19,0.0,0.0,0.0,0.0,1.0
2016-12-20,0.0,0.0,0.0,0.0,1.0
2016-12-21,0.0,0.0,0.0,0.0,1.0
2016-12-22,0.0,0.0,0.0,0.0,1.0
2016-12-23,0.0,0.0,0.0,0.0,1.0
2016-12-26,0.0,0.0,0.0,0.0,1.0
2016-12-27,0.0,0.0,0.0,0.0,1.0
2016-12-28,0.0,0.0,0.0,0.0,1.0
2016-12-29,0.0,0.0,0.0,0.0,1.0
2016-12-30,0.0,0.0,0.0,0.0,1.0
2017-01-03,0.0,0.0,0.0,0.0,1.0
2017-01-04,0.0,0.0,0.0,0.0,1.0
2017-01-05,0.0,0.0,0.0,0.0,1.0
2017-01-06,0.0,0.0,0.0,0.0,1.0
2017-01-09,0.0,0.0,0.0,0.0,1.0
2017-01-10,0.0,0.0,0.0,0.0,1.0
2017-01-11,0.0,0.0,0.0,0.0,1.0
2017-01-12,0.0,0.0,0.0,0.0,1.0
2017-01-13,0.0,0.0,0.0,0.0,1.0
2017-01-16,0.0,0.0,0.0,0.0,1.0
2017-01-17,0.0,0.0,0.0,0.0,1.0
2017-01-18,0.0,0.0,0.0,0.0,1.0
2017-01-19,0.0,0.0,0.0,0.0,1.0
2017-01-20,0.0,0.0,0.0,0.0,1.0
2017-01-23,0.0,0.0,0.0,0.0,1.0
2017-01-24,0.0,0.0,0.0,0.0,1.0
2017-02-02,0.0,0.0,0.0,0.0,1.0
2017-02-03,0.0,0.0,0.0,0.0,1.0
2017-02-06,0.0,0.0,0.0,0.0,1.0
2017-02-07,0.0,0.0,0.0,0.0,1.0
2017-02-08,0.0,0.0,0.0,0.0,1.0
2017-02-09,0.0,0.0,0.0,0.0,1.0
2017-02-10,0.0,0.0,0.0,0.0,1.0
2017-02-13,0.0,0.0,0.0,0.0,1.0
2017-02-14,0.0,0.0,0.0,0.0,1.0
2017-02-15,0.0,0.0,0.0,0.0,1.0
2017-02-16,0.0,0.0,0.0,0.0,1.0
2017-02-17,0.0,0.0,0.0,0.0,1.0
2017-02-18,0.0,0.0,0.0,0.0,1.0
2017-02-20,0.0,0.0,0.0,0.0,1.0
2017-02-21,0.0,0.0,0.0,0.0,1.0
2017-02-22,0.0,0.0,0.0,0.0,1.0
2017-02-23,0.0,0.0,0.0,0.0,1.0
2017-02-24,0.0,0.0,0.0,0.0,1.0
2017-03-01,0.0,0.0,0.0,0.0,1.0
2017-03-02,0.0,0.0,0.0,0.0,1.0
2017-03-03,0.0,0.0,0.0,0.0,1.0
2017-03-06,0.0,0.0,0.0,0.0,1.0
2017-03-07,0.0,0.0,0.0,0.0,1.0
2017-03-08,0.0,0.0,0.0,0.0,1.0
2017-03-09,0.0,0.0,0.0,0.0,1.0
2017-03-10,0.0,0.0,0.0,0.0,1.0
2017-03-13,0.0,0.0,0.0,0.0,1.0
2017-03-14,0.0,0.0,0.0,0.0,1.0
2017-03-15,0.0,0.0,0.0,0.0,1.0
2017-03-16,0.0,0.0,0.0,0.0,1.0
2017-03-17,0.0,0.0,0.0,0.0,1.0
2017-03-20,0.0,0.0,0.0,0.0,1.0
2017-03-21,0.0,0.0,0.0,0.0,1.0
2017-03-22,0.0,0.0,0.0,0.0,1.0
2017-03-23,0.0,0.0,0.0,0.0,1.0
2017-03-24,0.0,0.0,0.0,0.0,1.0
2017-03-27,0.0,0.0,0.0,0.0,1.0
2017-03-28,0.0,0.0,0.0,0.0,1.0
2017-03-29,0.0,0.0,0.0,0.0,1.0
2017-03-30,0.0,0.0,0.0,0.0,1.0
2017-03-31,0.0,0.0,0.0,0.0,1.0
2017-04-05,0.0,0.0,0.0,0.0,1.0
2017-04-06,0.0,0.0,0.0,0.0,1.0
2017-04-07,0.0,0.0,0.0,0.0,1.0
2017-04-10,0.0,0.0,0.0,0.0,1.0
2017-04-11,0.0,0.0,0.0,0.0,1.0
2017-04-12,0.0,0.0,0.0,0.0,1.0
2017-04-13,0.0,0.0,0.0,0.0,1.0
2017-04-14,0.0,0.0,0.0,0.0,1.0
2017-04-17,0.0,0.0,0.0,0.0,1.0
2017-04-18,0.0,0.0,0.0,0.0,1.0
2017-04-19,0.0,0.0,0.0,0.0,1.0
2017-04-20,0.0,0.0,0.0,0.0,1.0
2017-04-21,0.0,0.0,0.0,0.0,1.0
2017-04-24,0.0,0.0,0.0,0.0,1.0
2017-04-25,0.0,0.0,0.0,0.0,1.0
2017-04-26,0.0,0.0,0.0,0.0,1.0
2017-04-27,0.0,0.0,0.0,0.0,1.0
2017-04-28,0.0,0.0,0.0,0.0,1.0
2017-05-02,0.0,0.0,0.0,0.0,1.0
2017-05-03,0.0,0.0,0.0,0.0,1.0
2017-05-04,0.0,0.0,0.0,0.0,1.0
2017-05-05,0.0,0.0,0.0,0.0,1.0
2017-05-08,0.0,0.0,0.0,0.0,1.0
2017-05-09,0.0,0.0,0.0,0.0,1.0
2017-05-10,0.0,0.0,0.0,0.0,1.0
2017-05-11,0.0,0.0,0.0,0.0,1.0
2017-05-12,0.0,0.0,0.0,0.0,1.0
2017-05-15,0.0,0.0,0.0,0.0,1.0
2017-05-16,0.0,0.0,0.0,0.0,1.0
2017-05-17,0.0,0.0,0.0,0.0,1.0
2017-05-18,0.0,0.0,0.0,0.0,1.0
2017-05-19,0.0,0.0,0.0,0.0,1.0
2017-05-22,0.0,0.0,0.0,0.0,1.0
2017-05-23,0.0,0.0,0.0,0.0,1.0
2017-05-24,0.0,0.0,0.0,0.0,1.0
2017-05-25,0.0,0.0,0.0,0.0,1.0
2017-05-26,0.0,0.0,0.0,0.0,1.0
2017-05-31,0.0,0.0,0.0,0.0,1.0
2017-06-01,0.0,0.0,0.0,0.0,1.0
2017-06-02,0.0,0.0,0.0,0.0,1.0
2017-06-03,0.0,0.0,0.0,0.0,1.0
2017-06-05,0.0,0.0,0.0,0.0,1.0
2017-06-06,0.0,0.0,0.0,0.0,1.0
2017-06-07,0.0,0.0,0.0,0.0,1.0
2017-06-08,0.0,0.0,0.0,0.0,1.0
2017-06-09,0.0,0.0,0.0,0.0,1.0
2017-06-12,0.0,0.0,0.0,0.0,1.0
2017-06-13,0.0,0.0,0.0,0.0,1.0
2017-06-14,0.0,0.0,0.0,0.0,1.0
2017-06-15,0.0,0.0,0.0,0.0,1.0
2017-06-16,0.0,0.0,0.0,0.0,1.0
2017-06-19,0.0,0.0,0.0,0.0,1.0
2017-06-20,0.0,0.0,0.0,0.0,1.0
2017-06-21,0.0,0.0,0.0,0.0,1.0
2017-06-22,0.0,0.0,0.0,0.0,1.0
2017-06-23,0.0,0.0,0.0,0.0,1.0
2017-06-26,0.0,0.0,0.0,0.0,1.0
2017-06-27,0.0,0.0,0.0,0.0,1.0
2017-06-28,0.0,0.0,0.0,0.0,1.0
2017-06-29,0.0,0.0,0.0,0.0,1.0
2017-06-30,0.0,0.0,0.0,0.0,1.0
2017-07-03,0.0,0.0,0.0,0.0,1.0
2017-07-04,0.0,0.0,0.0,0.0,1.0
2017-07-05,0.0,0.0,0.0,0.0,1.0
2017-07-06,0.0,0.0,0.0,0.0,1.0
2017-07-07,0.0,0.0,0.0,0.0,1.0
2017-07-10,0.0,0.0,0.0,0.0,1.0
2017-07-11,0.0,0.0,0.0,0.0,1.0
2017-07-12,0.0,0.0,0.0,0.0,1.0
2017-07-13,0.0,0.0,0.0,0.0,1.0
2017-07-14,0.0,0.0,0.0,0.0,1.0
2017-07-17,0.0,0.0,0.0,0.0,1.0
2017-07-18,0.0,0.0,0.0,0.0,1.0
2017-07-19,0.0,0.0,0.0,0.0,1.0
2017-07-20,0.0,0.0,0.0,0.0,1.0
2017-07-21,0.0,0.0,0.0,0.0,1.0
2017-07-24,0.0,0.0,0.0,0.0,1.0
2017-07-25,0.0,0.0,0.0,0.0,1.0
2017-07-26,0.0,0.0,0.0,0.0,1.0
2017-07-27,0.0,0.0,0.0,0.0,1.0
2017-07-28,0.0,0.0,0.0,0.0,1.0
2017-07-31,0.0,0.0,0.0,0.0,1.0
2017-08-01,0.0,0.0,0.0,0.0,1.0
2017-08-02,0.0,0.0,0.0,0.0,1.0
2017-08-03,0.0,0.0,0.0,0.0,1.0
2017-08-04,0.0,0.0,0.0,0.0,1.0
2017-08-07,0.0,0.0,0.0,0.0,1.0
2017-08-08,0.0,0.0,0.0,0.0,1.0
2017-08-09,0.0,0.0,0.0,0.0,1.0
2017-08-10,0.0,0.0,0.0,0.0,1.0
2017-08-11,0.0,0.0,0.0,0.0,1.0
2017-08-14,0.0,0.0,0.0,0.0,1.0
2017-08-15,0.0,0.0,0.0,0.0,1.0
2017-08-16,0.0,0.0,0.0,0.0,1.0
2017-08-17,0.0,0.0,0.0,0.0,1.0
2017-08-18,0.0,0.0,0.0,0.0,1.0
2017-08-21,0.0,0.0,0.0,0.0,1.0
2017-08-22,0.0,0.0,0.0,0.0,1.0
2017-08-23,0.0,0.0,0.0,0.0,1.0
2017-08-24,0.0,0.0,0.0,0.0,1.0
2017-08-25,0.0,0.0,0.0,0.0,1.0
2017-08-28,0.0,0.0,0.0,0.0,1.0
2017-08-29,0.0,0.0,0.0,0.0,1.0
2017-08-30,0.0,0.0,0.0,0.0,1.0
2017-08-31,0.0,0.0,0.0,0.0,1.0
2017-09-01,0.0,0.0,0.0,0.0,1.0
2017-09-04,0.0,0.0,0.0,0.0,1.0
2017-09-05,0.0,0.0,0.0,0.0,1.0
2017-09-06,0.0,0.0,0.0,0.0,1.0
2017-09-07,0.0,0.0,0.0,0.0,1.0
2017-09-08,0.0,0.0,0.0,0.0,1.0
2017-09-11,0.0,0.0,0.0,0.0,1.0
2017-09-12,0.0,0.0,0.0,0.0,1.0
2017-09-13,0.0,0.0,0.0,0.0,1.0
2017-09-14,0.0,0.0,0.0,0.0,1.0
2017-09-15,0.0,0.0,0.0,0.0,1.0
2017-09-18,0.0,0.0,0.0,0.0,1.0
2017-09-19,0.0,0.0,0.0,0.0,1.0
2017-09-20,0.0,0.0,0.0,0.0,1.0
2017-09-21,0.0,0.0,0.0,0.0,1.0
2017-09-22,0.0,0.0,0.0,0.0,1.0
2017-09-25,0.0,0.0,0.0,0.0,1.0
2017-09-26,0.0,0.0,0.0,0.0,1.0
2017-09-27,0.0,0.0,0.0,0.0,1.0
2017-09-28,0.0,0.0,0.0,0.0,1.0
2017-09-29,0.0,0.0,0.0,0.0,1.0
2017-09-30,0.0,0.0,0.0,0.0,1.0
2017-10-02,0.0,0.0,0.0,0.0,1.0
2017-10-03,0.0,0.0,0.0,0.0,1.0
2017-10-05,0.0,0.0,0.0,0.0,1.0
2017-10-06,0.0,0.0,0.0,0.0,1.0
2017-10-11,0.0,0.0,0.0,0.0,1.0
2017-10-12,0.0,0.0,0.0,0.0,1.0
2017-10-13,0.0,0.0,0.0,0.0,1.0
2017-10-16,0.0,0.0,0.0,0.0,1.0
2017-10-17,0.0,0.0,0.0,0.0,1.0
2017-10-18,0.0,0.0,0.0,0.0,1.0
2017-10-19,0.0,0.0,0.0,0.0,1.0
2017-10-20,0.0,0.0,0.0,0.0,1.0
2017-10-23,0.0,0.0,0.0,0.0,1.0
2017-10-24,0.0,0.0,0.0,0.0,1.0
2017-10-25,0.0,0.0,0.0,0.0,1.0
2017-10-26,0.0,0.0,0.0,0.0,1.0
2017-10-27,0.0,0.0,0.0,0.0,1.0
2017-10-30,0.0,0.0,0.0,0.0,1.0
2017-10-31,0.0,0.0,0.0,0.0,1.0
2017-11-01,0.0,0.0,0.0,0.0,1.0
2017-11-02,0.0,0.0,0.0,0.0,1.0
2017-11-03,0.0,0.0,0.0,0.0,1.0
2017-11-06,0.0,0.0,0.0,0.0,1.0
2017-11-07,0.0,0.0,0.0,0.0,1.0
2017-11-08,0.0,0.0,0.0,0.0,1.0
2017-11-09,0.0,0.0,0.0,0.0,1.0
2017-11-10,0.0,0.0,0.0,0.0,1.0
2017-11-13,0.0,0.0,0.0,0.0,1.0
2017-11-14,0.0,0.0,0.0,0.0,1.0
2017-11-15,0.0,0.0,0.0,0.0,1.0
2017-11-16,0.0,0.0,0.0,0.0,1.0
2017-11-17,0.0,0.0,0.0,0.0,1.0
2017-11-20,0.0,0.0,0.0,0.0,1.0
2017-11-21,0.0,0.0,0.0,0.0,1.0
2017-11-22,0.0,0.0,0.0,0.0,1.0
2017-11-23,0.0,0.0,0.0,0.0,1.0
2017-11-24,0.0,0.0,0.0,0.0,1.0
2017-11-27,0.0,0.0,0.0,0.0,1.0
2017-11-28,0.0,0.0,0.0,0.0,1.0
2017-11-29,0.0,0.0,0.0,0.0,1.0
2017-11-30,0.0,0.0,0.0,0.0,1.0
2017-12-01,0.0,0.0,0.0,0.0,1.0
2017-12-04,0.0,0.0,0.0,0.0,1.0
2017-12-05,0.0,0.0,0.0,0.0,1.0
2017-12-06,0.0,0.0,0.0,0.0,1.0
2017-12-07,0.0,0.0,0.0,0.0,1.0
2017-12-08,0.0,0.0,0.0,0.0,1.0
2017-12-11,0.0,0.0,0.0,0.0,1.0
2017-12-12,0.0,0.0,0.0,0.0,1.0
2017-12-13,0.0,0.0,0.0,0.0,1.0
2017-12-14,0.0,0.0,0.0,0.0,1.0
2017-12-15,0.0,0.0,0.0,0.0,1.0
2017-12-18,0.0,0.0,0.0,0.0,1.0
2017-12-19,0.0,0.0,0.0,0.0,1.0
2017-12-20,0.0,0.0,0.0,0.0,1.0
2017-12-21,0.0,0.0,0.0,0.0,1.0
2017-12-22,0.0,0.0,0.0,0.0,1.0
2017-12-25,0.0,0.0,0.0,0.0,1.0
2017-12-26,0.0,0.0,0.0,0.0,1.0
2017-12-27,0.0,0.0,0.0,0.0,1.0
2017-12-28,0.0,0.0,0.0,0.0,1.0
2017-12-29,0.0,0.0,0.0,0.0,1.0
2018-01-02,0.0,0.0,0.0,0.0,1.0
2018-01-03,0.0,0.0,0.0,0.0,1.0
2018-01-04,0.0,0.0,0.0,0.0,1.0
2018-01-05,0.0,0.0,0.0,0.0,1.0
2018-01-08,0.0,0.0,0.0,0.0,1.0
2018-01-09,0.0,0.0,0.0,0.0,1.0
2018-01-10,0.0,0.0,0.0,0.0,1.0
2018-01-11,0.0,0.0,0.0,0.0,1.0
2018-01-12,0.0,0.0,0.0,0.0,1.0
2018-01-15,0.0,0.0,0.0,0.0,1.0
2018-01-16,0.0,0.0,0.0,0.0,1.0
2018-01-17,0.0,0.0,0.0,0.0,1.0
2018-01-18,0.0,0.0,0.0,0.0,1.0
2018-01-19,0.0,0.0,0.0,0.0,1.0
2018-01-22,0.0,0.0,0.0,0.0,1.0
2018-01-23,0.0,0.0,0.0,0.0,1.0
2018-01-24,0.0,0.0,0.0,0.0,1.0
2018-01-25,0.0,0.0,0.0,0.0,1.0
2018-01-26,0.0,0.0,0.0,0.0,1.0
2018-01-29,0.0,0.0,0.0,0.0,1.0
2018-01-30,0.0,0.0,0.0,0.0,1.0
2018-01-31,0.0,0.0,0.0,0.0,1.0
2018-02-01,0.0,0.0,0.0,0.0,1.0
2018-02-02,-0.0044065590272486695,-0.004706559027248669,1.0,0.0003,0.9952934409727513
2018-02-05,-0.01290859142520387,-0.01290859142520387,0.0,0.0,0.9824456045950488
2018-02-06,-0.042176445522153105,-0.042176445522153105,0.0,0.0,0.941009541074367
2018-02-07,0.014757688240089398,0.014757688240089398,0.0,0.0,0.9548966665124922
2018-02-08,7.788710766383879e-05,7.788710766383879e-05,0.0,0.0,0.9549710406519647
2018-02-09,-0.008065187526103806,-0.008065187526103806,0.0,0.0,0.947269020127108
2018-02-12,0.004905090068435127,0.004905090068435127,0.0,0.0,0.9519154599898697
2018-02-21,0.021775091372780272,0.021775091372780272,0.0,0.0,0.9726435061103114
2018-02-22,0.0012695487358369672,0.0012695487358369672,0.0,0.0,0.9738783244439138
2018-02-23,0.008084174313338244,0.008084174313338244,0.0,0.0,0.9817513265787001
2018-02-26,0.004460451369798582,0.004460451369798582,0.0,0.0,0.9861303806281396
2018-02-27,-0.0027523511995426963,-0.0027523511995426963,0.0,0.0,0.9834162034921123
2018-03-01,0.0009677176236784732,0.0009677176236784732,0.0,0.0,0.9843678726836426
2018-03-02,-0.006142996120287056,-0.006142996120287056,0.0,0.0,0.9783209046608118
2018-03-05,-0.007828860127338041,-0.007828860127338041,0.0,0.0,0.9706617671385714
2018-03-06,0.007809033696362911,0.007809033696362911,0.0,0.0,0.9782416975859278
2018-03-07,0.000564831180446565,0.000564831180446565,0.0,0.0,0.9787942389987373
2018-03-08,0.005877228760677499,0.005877228760677499,0.0,0.0,0.9845468366509661
2018-03-09,0.0011873366306627917,0.0011873366306627917,0.0,0.0,0.9857158251747249
2018-03-12,0.007832801605766436,0.007832801605766436,0.0,0.0,0.9934367416729829
2018-03-13,0.004598312373341359,0.004598312373341359,0.0,0.0,0.9980048741343497
2018-03-14,-0.0015951214650872037,-0.0015951214650872037,0.0,0.0,0.9964129351373563
2018-03-15,0.00011909819680796152,0.00011909819680796152,0.0,0.0,0.9965316061212073
2018-03-16,0.005649161939981463,0.005649161939981463,0.0,0.0,1.0021611745424959
2018-03-19,0.0003566547005418916,0.0003566547005418916,0.0,0.0,1.002518600036097
2018-03-20,-0.0016816290199199557,-0.0016816290199199557,0.0,0.0,1.0008327356652669
2018-03-21,0.0008670691755207456,0.0008670691755207456,0.0,0.0,1.0017005268802144
2018-03-22,0.0004911829916654716,0.0004911829916654716,0.0,0.0,1.0021925451417601
2018-03-23,-0.01201572584309478,-0.01201572584309478,0.0,0.0,0.9901504742773434
2018-03-26,0.0026546985880109616,0.0026546985880109616,0.0,0.0,0.9927790253433257
2018-03-27,0.00698866978124511,0.00698866978124511,0.0,0.0,0.9997172301171966
2018-03-28,-0.004285811917219103,-0.004285811917219103,0.0,0.0,0.995432630098511
2018-03-29,-0.001337155283383783,-0.001337155283383783,0.0,0.0,0.9941015820979222
2018-03-30,0.006267366233801174,0.006267366233801174,0.0,0.0,1.000331980786531
2018-03-31,0.0018541256131515416,0.0018541256131515416,0.0,0.0,1.002186721933762
2018-04-02,-0.0023500008057589106,-0.0023500008057589106,0.0,0.0,0.9998315823296967
2018-04-03,-0.005170618343754806,-0.005170618343754806,0.0,0.0,0.9946618348094375
2018-04-09,0.008393671249644586,0.008393671249644586,0.0,0.0,1.0030106992553962
2018-04-10,0.004650314264843783,0.004650314264843783,0.0,0.0,1.0076750142179345
2018-04-11,0.001555445755191739,0.001555445755191739,0.0,0.0,1.0092423980414127
2018-04-12,0.0010671818425533977,0.0010671818425533977,0.0,0.0,1.0103194432033376
2018-04-13,-0.0006262754983921424,-0.0006262754983921424,0.0,0.0,1.00968670489051
2018-04-16,-0.0013745083949020032,-0.0013745083949020032,0.0,0.0,1.008298882038417
2018-04-17,-0.007915585987083164,-0.007915585987083164,0.0,0.0,1.0003176055369623
2018-04-18,0.004311185731549525,0.004311185731549525,0.0,0.0,1.0046301605249708
2018-04-19,0.008324431189158845,0.008324431189158845,0.0,0.0,1.0129931351668144
2018-04-20,-0.0027621475059168067,-0.0027621475059168067,0.0,0.0,1.0101950987050026
2018-04-23,-0.0008053316337491724,-0.0008053316337491724,0.0,0.0,1.0093815566357571
2018-04-24,-0.011069330700877539,-0.011069330700877539,0.0,0.0,0.9982083783819894
2018-04-25,0.0007689834204991777,0.0007689834204991777,0.0,0.0,0.9989759840751685
2018-04-26,-0.0025819489222508865,-0.0025819489222508865,0.0,0.0,0.9963966791097312
2018-04-27,0.004641530854886397,0.004641530854886397,0.0,0.0,1.0010214850395254
2018-04-30,0.008861409364329982,0.008861409364329982,0.0,0.0,1.0098919462009501
2018-05-02,0.0008621354127041749,0.0008621354127041749,0.0,0.0,1.0107626098107747
2018-05-03,-0.007299111730590518,-0.007299111730590518,0.0,0.0,1.0033849405886626
2018-05-04,-0.0007387528946151361,-0.0007387528946151361,0.0,0.0,1.0026436870593896
2018-05-07,0.0023287431967162287,0.0023287431967162287,0.0,0.0,1.0049785867243597
2018-05-08,0.004847794636596951,0.004847794636596951,0.0,0.0,1.0098505165269769
2018-05-09,-0.0016800506376422981,-0.0016800506376422981,0.0,0.0,1.0081539165227622
2018-05-10,0.0024414774662663563,0.0024414774662663563,0.0,0.0,1.0106153015924808
2018-05-11,0.005603934364426634,0.005603934364426634,0.0,0.0,1.0162787234102904
2018-05-14,0.004100217992499697,0.004100217992499697,0.0,0.0,1.0204456877174117
2018-05-15,-0.002105896010037434,-0.002105896010037434,0.0,0.0,1.0182967352151877
2018-05-16,0.005543233187574282,0.005543233187574282,0.0,0.0,1.023941391472631
2018-05-17,0.00017221868592176597,0.00017221868592176597,0.0,0.0,1.0241177333135314
2018-05-18,0.0034378361003237394,0.0034378361003237394,0.0,0.0,1.0276384822280984
2018-05-21,0.0078484604098276,0.0078484604098276,0.0,0.0,1.035703862171481
2018-05-22,-0.0031714040015423067,-0.0031714040015423067,0.0,0.0,1.0324192267985774
2018-05-23,-0.001384712413476794,-0.001384712413476794,0.0,0.0,1.0309896230793174
2018-05-24,0.004360044780542632,0.004360044780542632,0.0,0.0,1.0354847840042178
2018-05-25,0.0009022136847407323,0.0009022136847407323,0.0,0.0,1.0364190125466872
2018-05-28,0.003723899597689507,0.003723899597689507,0.0,0.0,1.0402785328905477
2018-05-29,-0.0016686106884690765,-0.0016686106884690765,0.0,0.0,1.0385427130115816
2018-05-30,-0.012195931582684559,-0.012195931582684559,0.0,0.0,1.0258767171379968
2018-05-31,0.007864578887280585,0.007864578887280585,0.0,0.0,1.033944805508553
2018-06-01,0.004522917546874232,0.004522917546874232,0.0,0.0,1.038621252611887
2018-06-04,0.008244437408742254,0.008244437408742254,0.0,0.0,1.0471841005204352
2018-06-05,0.0018485780056699608,0.0018485780056699608,0.0,0.0,1.0491199020165447
2018-06-06,0.0062651475346953535,0.0062651475346953535,0.0,0.0,1.0556927929842634
2018-06-07,0.004208703118545392,0.004208703118545392,0.0,0.0,1.0601358905343221
2018-06-08,-0.004259088593687048,-0.004259088593687048,0.0,0.0,1.055620677855189
2018-06-11,0.000277983396974842,0.000277983396974842,0.0,0.0,1.055914122877136
2018-06-12,-0.0017179429406862816,-0.0017179429406862816,0.0,0.0,1.0541001226637683
2018-06-13,-0.002375121760634316,-0.002375121760634316,0.0,0.0,1.0515965065245423
2018-06-14,-0.01038463475375108,-0.01038463475375108,0.0,0.0,1.0406760608959642
2018-06-15,0.0012196873039648482,0.0012196873039648482,0.0,0.0,1.0419453602749793
2018-06-19,-0.01031467750521194,-0.01031467750521194,0.0,0.0,1.031198029905691
2018-06-20,0.0033492581430076664,0.0033492581430076664,0.0,0.0,1.0346517783044062
2018-06-21,0.003080393961301213,0.003080393961301213,0.0,0.0,1.0378389133943446
2018-06-22,-0.001985539064402437,-0.001985539064402437,0.0,0.0,1.035778243689243
2018-06-25,-0.0026192113807177618,-0.0026192113807177618,0.0,0.0,1.0330653215254724
2018-06-26,-0.0025208331458221444,-0.0025208331458221444,0.0,0.0,1.0304611362211715
2018-06-27,-0.0038164001371965165,-0.0038164001371965165,0.0,0.0,1.0265284841995213
2018-06-28,-0.005043361872726349,-0.005043361872726349,0.0,0.0,1.021351329581042
2018-06-29,0.012666276803530503,0.012666276803530503,0.0,0.0,1.0342880482351695
2018-07-02,-0.005739832564828823,-0.005739832564828823,0.0,0.0,1.028351408014496
2018-07-03,-0.006829308401932701,-0.006829308401932701,0.0,0.0,1.0213284791036032
2018-07-04,0.0019351013621111855,0.0019351013621111855,0.0,0.0,1.0233048532346796
2018-07-05,-0.007014786625433738,-0.007014786625433738,0.0,0.0,1.0161265880364674
2018-07-06,-0.002520838888271418,-0.002520838888271418,0.0,0.0,1.0135650966179386
2018-07-09,0.009023495294112165,0.009023495294112165,0.0,0.0,1.022710996497547
2018-07-10,0.002637683681901725,0.002637683681901725,0.0,0.0,1.02540858460431
2018-07-11,-0.007232901312234819,-0.007232901312234819,0.0,0.0,1.0179919055071485
2018-07-12,0.004845900468229051,0.004845900468229051,0.0,0.0,1.022924992958699
2018-07-13,0.005958597699004572,0.005958597699004572,0.0,0.0,1.029020191467997
2018-07-16,-0.00355770778147724,-0.00355770778147724,0.0,0.0,1.0253592383255141
2018-07-17,-2.3696308335310326e-06,-2.3696308335310326e-06,0.0,0.0,1.0253568086026474
2018-07-18,0.003503676371109727,0.003503676371109727,0.0,0.0,1.028949327024905
2018-07-19,-0.004184152123833792,-0.004184152123833792,0.0,0.0,1.0246440465129163
2018-07-20,-6.843418447304229e-05,-6.843418447304229e-05,0.0,0.0,1.024573925833218
2018-07-23,-0.0022064575686175716,-0.0022064575686175716,0.0,0.0,1.0223132469399552
2018-07-24,0.005818538133686584,0.005818538133686584,0.0,0.0,1.0282616155518483
2018-07-25,-0.0009070992577475242,-0.0009070992577475242,0.0,0.0,1.027328880203611
2018-07-26,0.0030934828648951527,0.0030934828648951527,0.0,0.0,1.0305069044911328
2018-07-27,0.0010988165161480096,0.0010988165161480096,0.0,0.0,1.0316392424977923
2018-07-30,-0.0025505710231916406,-0.0025505710231916406,0.0,0.0,1.02900797333949
2018-07-31,0.005776963056392017,0.005776963056392017,0.0,0.0,1.0349525143862048
2018-08-01,0.002369654299770165,0.002369654299770165,0.0,0.0,1.037404994061978
2018-08-02,-0.012032868335995076,-0.012032868335995076,0.0,0.0,1.0249220363573266
2018-08-03,0.006121177826931473,0.006121177826931473,0.0,0.0,1.0311957664006104
2018-08-06,0.0028160366539175643,0.0028160366539175643,0.0,0.0,1.0340996514761591
2018-08-07,0.0010851260008001664,0.0010851260008001664,0.0,0.0,1.0352217798953944
2018-08-08,0.0034321310747665095,0.0034321310747665095,0.0,0.0,1.0387747967354484
2018-08-09,-0.005224368653158197,-0.005224368653158197,0.0,0.0,1.0333478542496928
2018-08-10,-0.003052220902642553,-0.003052220902642553,0.0,0.0,1.030193848329251
2018-08-13,-0.016667845945845628,-0.016667845945845628,0.0,0.0,1.0130227359709412
2018-08-14,0.006191096423690954,0.006191096423690954,0.0,0.0,1.0192944574087284
2018-08-15,-0.011585243150098824,-0.011585243150098824,0.0,0.0,1.0074856832781003
2018-08-16,-0.005655627889650773,-0.005655627889650773,0.0,0.0,1.0017877191493287
2018-08-17,0.0005629058460242588,0.0005629058460242588,0.0,0.0,1.0023516313129133
2018-08-20,0.0018290924763057835,0.0018290924763057835,0.0,0.0,1.0041850251403606
2018-08-21,0.007017723727018826,0.007017723727018826,0.0,0.0,1.011232118217605
2018-08-22,0.0013504690381232808,0.0013504690381232808,0.0,0.0,1.0125977558836134
2018-08-23,0.003970722449778062,0.003970722449778062,0.0,0.0,1.0166185005254953
2018-08-24,-0.007490501905977475,-0.007490501905977475,0.0,0.0,1.0090035177096572
2018-08-27,0.007509421623473414,0.007509421623473414,0.0,0.0,1.0165805505437069
2018-08-28,0.004489723331651674,0.004489723331651674,0.0,0.0,1.0211447159599862
2018-08-29,0.0016277101221966828,0.0016277101221966828,0.0,0.0,1.0228068435503819
2018-08-30,-0.0030602779315391845,-0.0030602779315391845,0.0,0.0,1.0196767703388374
2018-08-31,0.0038066496256431953,0.0038066496256431953,0.0,0.0,1.023558322534925
2018-09-03,-0.010489771771965003,-0.010489771771965003,0.0,0.0,1.0128214293362383
2018-09-04,0.001950796443302585,0.001950796443302585,0.0,0.0,1.0147972377782881
2018-09-05,-0.0118762221906787,-0.0118762221906787,0.0,0.0,1.002745280303946
2018-09-06,-0.004054715568249334,-0.004054715568249334,0.0,0.0,0.9986794334049091
2018-09-07,-0.008913700074707386,-0.008913700074707386,0.0,0.0,0.989777504464759
2018-09-10,-0.010329091208058206,-0.010329091208058206,0.0,0.0,0.9795540023454582
2018-09-11,0.006719925313890873,0.006719925313890873,0.0,0.0,0.9861365320821425
2018-09-12,-0.0010036248881562244,-0.0010036248881562244,0.0,0.0,0.9851468209154248
2018-09-13,0.005684190430277361,0.005684190430277361,0.0,0.0,0.9907465830472905
2018-09-14,0.005986605565321105,0.005986605565321105,0.0,0.0,0.9966777920551841
2018-09-17,-0.0005106002186511734,-0.0005106002186511734,0.0,0.0,0.9961688881566361
2018-09-18,0.0010375770728199662,0.0010375770728199662,0.0,0.0,0.9972024901556439
2018-09-19,0.007012160433107344,0.007012160433107344,0.0,0.0,1.0041950340009094
2018-09-20,-0.0040232893487912175,-0.0040232893487912175,0.0,0.0,1.0001548668165043
2018-09-21,0.01274446102879948,0.01274446102879948,0.0,0.0,1.0129013015394115
2018-09-25,0.0006251268435847434,0.0006251268435847434,0.0,0.0,1.0135344933329058
2018-09-26,-0.002236029980784354,-0.002236029980784354,0.0,0.0,1.0112681998192543
2018-09-27,0.004966912600834978,0.004966912600834978,0.0,0.0,1.0162910805837602
2018-09-28,-0.0014348754381742967,-0.0014348754381742967,0.0,0.0,1.0148328294741948
2018-10-01,0.0020141397054235536,0.0020141397054235536,0.0,0.0,1.0168768445704062
2018-10-02,-0.00871635858694757,-0.00871635858694757,0.0,0.0,1.0080133813543668
2018-10-03,-0.0031563759108989052,-0.0031563759108989052,0.0,0.0,1.0048317121995962
2018-10-04,-0.007081079918274627,-0.007081079918274627,0.0,0.0,0.997716418541094
2018-10-05,-0.013054041429518059,-0.013054041429518059,0.0,0.0,0.9846921870785482
2018-10-08,-0.00019729176157785042,-0.00019729176157785042,0.0,0.0,0.9844979154223475
2018-10-09,0.0026742103874728075,0.0026742103874728075,0.0,0.0,0.9871306699742154
2018-10-11,-0.05377392676337063,-0.05377392676337063,0.0,0.0,0.9340487776211449
2018-10-12,0.015576882261050595,0.015576882261050595,0.0,0.0,0.9485983454562278
2018-10-15,-0.012562981620736864,-0.012562981620736864,0.0,0.0,0.9366811218767997
2018-10-16,0.0013593448781578075,0.0013593448781578075,0.0,0.0,0.93795439456229
2018-10-17,-0.0006953969366395653,-0.0006953969366395653,0.0,0.0,0.9373021439496038
2018-10-18,-9.940968713373984e-05,-9.940968713373984e-05,0.0,0.0,0.937208967036724
2018-10-19,-0.004216765607095174,-0.004216765607095174,0.0,0.0,0.9332569764978623
2018-10-22,0.004089214662430547,0.004089214662430547,0.0,0.0,0.937073264609973
2018-10-23,-0.012565765551424489,-0.012565765551424489,0.0,0.0,0.9252982216623761
2018-10-24,-0.0036633557831657615,-0.0036633557831657615,0.0,0.0,0.9219085250708962
2018-10-25,-0.01859691683416775,-0.01859691683416775,0.0,0.0,0.9047638689014424
2018-10-26,-0.0005909011393376762,-0.0005909011393376762,0.0,0.0,0.904229242900477
2018-10-29,0.00034928542224043604,0.00034928542224043604,0.0,0.0,0.9045450769933857
2018-10-30,0.003870341035983426,0.003870341035983426,0.0,0.0,0.90804597492377
2018-10-31,0.020185194040448842,0.020185194040448842,0.0,0.0,0.926375059125255
2018-11-01,0.00236075121426217,0.00236075121426217,0.0,0.0,0.9285620001709473
2018-11-02,0.01008034264189234,0.01008034264189234,0.0,0.0,0.9379222232969112
2018-11-05,0.0011324926673883858,0.0011324926673883858,0.0,0.0,0.9389844133373756
2018-11-06,-0.004234131504981501,-0.004234131504981501,0.0,0.0,0.9350086298501772
2018-11-07,0.010643874432318911,0.010643874432318911,0.0,0.0,0.9449607442994371
2018-11-08,0.004561172881430627,0.004561172881430627,0.0,0.0,0.9492708736203521
2018-11-09,-0.00603465531487148,-0.00603465531487148,0.0,0.0,0.9435423510976064
2018-11-12,-0.00035692002781221536,-0.00035692002781221536,0.0,0.0,0.9432055819354107
2018-11-13,-0.0007923755997384545,-0.0007923755997384545,0.0,0.0,0.942458208846748
2018-11-14,0.004724264076976708,0.004724264076976708,0.0,0.0,0.9469106303068545
2018-11-15,0.0004931015746284918,0.0004931015746284918,0.0,0.0,0.9473775534296913
2018-11-16,0.0013991124968455414,0.0013991124968455414,0.0,0.0,0.9487030412039258
2018-11-19,0.007116094402599993,0.007116094402599993,0.0,0.0,0.9554541016051668
2018-11-20,-0.004996863448551594,-0.004996863448551594,0.0,0.0,0.9506798279280873
2018-11-21,0.0005770637852353473,0.0005770637852353473,0.0,0.0,0.9512284308281383
2018-11-22,-0.003092637815972811,-0.003092637815972811,0.0,0.0,0.9482866258113308
2018-11-23,-0.0045289564510404565,-0.0045289564510404565,0.0,0.0,0.9439918769799273
2018-11-26,0.004951705030693567,0.004951705030693567,0.0,0.0,0.9486662463061026
2018-11-27,0.00027693698958026385,0.00027693698958026385,0.0,0.0,0.9489289670804711
2018-11-28,0.00862504072960632,0.00862504072960632,0.0,0.0,0.9571135180710434
2018-11-29,-0.0023971802814396507,-0.0023971802814396507,0.0,0.0,0.9548191444184242
2018-11-30,0.003887425963122672,0.003887425963122672,0.0,0.0,0.9585309331505231
2018-12-03,0.013640083462815943,0.013640083462815943,0.0,0.0,0.971605375080387
2018-12-04,-0.0007531801586128051,-0.0007531801586128051,0.0,0.0,0.9708735811898749
2018-12-05,-0.010022530835059128,-0.010022530835059128,0.0,0.0,0.9611429707854551
2018-12-06,-0.015417418937850393,-0.015417418937850393,0.0,0.0,0.9463246269456855
2018-12-07,0.005862422524926813,0.005862422524926813,0.0,0.0,0.9518723817545849
2018-12-10,-0.01132997023667387,-0.01132997023667387,0.0,0.0,0.9410876960001936
2018-12-11,0.000368544242246337,0.000368544242246337,0.0,0.0,0.9414345284520033
2018-12-12,0.0055834770422450684,0.0055834770422450684,0.0,0.0,0.9466910065283919
2018-12-13,0.004742998072313067,0.004742998072313067,0.0,0.0,0.9511811601474321
2018-12-14,-0.003450661605699443,-0.003450661605699443,0.0,0.0,0.9478989558380468
2018-12-17,-0.0008013845600751936,-0.0008013845600751936,0.0,0.0,0.9471393242503269
2018-12-18,-0.00975020750603317,-0.00975020750603317,0.0,0.0,0.9379045193017621
2018-12-19,0.004823285501858666,0.004823285501858666,0.0,0.0,0.942428300571838
2018-12-20,-0.0067144446227745715,-0.0067144446227745715,0.0,0.0,0.9361004179367128
2018-12-21,-0.0021853090001630695,-0.0021853090001630695,0.0,0.0,0.9340547492683393
2018-12-22,2.7434109772809883e-05,2.7434109772809883e-05,0.0,0.0,0.9340803742288646
2018-12-24,0.005786253763673364,0.005786253763673364,0.0,0.0,0.9394852003098196
2018-12-25,-0.01081038952362817,-0.01081038952362817,0.0,0.0,0.9293289993427867
2018-12-26,-0.005287786303135658,-0.005287786303135658,0.0,0.0,0.9244149061889552
2018-12-27,0.010181878108095758,0.010181878108095758,0.0,0.0,0.9338271860850779
2018-12-28,0.0074223697152819915,0.0074223697152819915,0.0,0.0,0.9407583967103827
2019-01-02,-0.010052862607036554,-0.010052862607036554,0.0,0.0,0.9313010818018373
2019-01-03,-0.0008959815967627864,-0.0008959815967627864,0.0,0.0,0.9304666531714977
2019-01-04,-0.0031405901008094025,-0.0031405901008094025,0.0,0.0,0.927544438811414
2019-01-07,0.01686874216153518,0.01686874216153518,0.0,0.0,0.9431909467930897
2019-01-08,-0.003324447076482624,-0.003324447076482624,0.0,0.0,0.9400553584074586
2019-01-09,0.014216314499946668,0.014216314499946668,0.0,0.0,0.9534194810299391
2019-01-10,-0.0013039717368777915,-0.0013039717368777915,0.0,0.0,0.9521762489732873
2019-01-11,-0.0018594552896824754,-0.0018594552896824754,0.0,0.0,0.950405719810424
2019-01-14,-0.005596014394908132,-0.005596014394908132,0.0,0.0,0.9450872357213619
2019-01-15,0.0071450957623347125,0.0071450957623347125,0.0,0.0,0.9518399745243512
2019-01-16,-0.002848216659268111,-0.002848216659268111,0.0,0.0,0.9491289280519536
2019-01-17,0.0011201554931400616,0.0011201554931400616,0.0,0.0,0.9501921000344092
2019-01-18,0.0045640255893003995,0.0045640255893003995,0.0,0.0,0.9545288010937174
2019-01-21,0.0018310408224103498,0.0018310408224103498,0.0,0.0,0.9562765822946864
2019-01-22,-0.001314732686059114,-0.001314732686059114,0.0,0.0,0.9550193342150307
2019-01-23,0.00024822352923662214,0.00024822352923662214,0.0,0.0,0.9552563924846589
2019-01-24,0.0012229969962890312,0.0012229969962890312,0.0,0.0,0.9564246681833536
2019-01-25,0.00558747810400897,0.00558747810400897,0.0,0.0,0.9617686700749623
2019-01-28,0.0017849640946197207,0.0017849640946197207,0.0,0.0,0.9634853926183762
2019-01-29,-0.0006913834690911082,-0.0006913834690911082,0.0,0.0,0.962819254745209
2019-01-30,0.00010380332326359555,0.00010380332326359555,0.0,0.0,0.9629191985835538
2019-02-11,-0.0020707602805132776,-0.0020707602805132776,0.0,0.0,0.9609252237537833
2019-02-12,0.005484519801054865,0.005484519801054865,0.0,0.0,0.966195437170794
2019-02-13,0.00276563561808894,0.00276563561808894,0.0,0.0,0.9688675816858686
2019-02-14,-0.0007515944974072682,-0.0007515944974072682,0.0,0.0,0.9681393861427573
2019-02-15,-0.0025005659290282013,-0.0025005659290282013,0.0,0.0,0.9657184897792184
2019-02-18,0.006447541558312417,0.006447541558312417,0.0,0.0,0.9719449998757007
2019-02-19,0.0003991621119407546,0.0003991621119407546,0.0,0.0,0.9723329634945413
2019-02-20,0.006351877019381521,0.006244903210298446,0.3565793636102527,0.00010697380908307581,0.9784050887397474
2019-02-21,0.003106092649157839,0.003106092649157839,0.0,0.0,0.9814441055937805
2019-02-22,0.0019330126805137695,0.0019330126805137695,0.0,0.0,0.9833412494951087
2019-02-25,0.003050735643756287,0.003050735643756287,0.0,0.0,0.9863411636949193
2019-02-26,0.00033348468170840673,0.00033348468170840673,0.0,0.0,0.9866700933639501
2019-02-27,0.003512345503287666,0.003512345503287666,0.0,0.0,0.9901356196296054
2019-03-04,-0.0034374858101315587,-0.0034374858101315587,0.0,0.0,0.9867320424870227
2019-03-05,-0.0018075570638724347,-0.0018075570638724347,0.0,0.0,0.984948468013476
2019-03-06,0.0031368485902572947,0.0031368485902572947,0.0,0.0,0.9880381022268401
2019-03-07,-0.0032203293845206277,-0.0032203293845206277,0.0,0.0,0.984856294093213
2019-03-08,-0.0039883842769275766,-0.0039883842769275766,0.0,0.0,0.9809283087348184
2019-03-11,-0.0009114475892734586,-0.0009114475892734586,0.0,0.0,0.980034243992572
2019-03-12,0.007915932216424507,0.007915932216424507,0.0,0.0,0.9877921286377921
2019-03-13,-0.0003711438500786686,-0.0003711438500786686,0.0,0.0,0.9874255156640921
2019-03-14,-0.0032897204397509005,-0.0032897204397509005,0.0,0.0,0.9841771617624803
2019-03-15,0.005894035224021105,0.005894035224021105,0.0,0.0,0.9899779366205854
2019-03-18,0.00654509968920818,0.00654509968920818,0.0,0.0,0.9964574409058838
2019-03-19,0.0012070817360847281,0.0012070817360847281,0.0,0.0,0.9976602464835871
2019-03-20,0.0023662427706678756,0.0023662427706678756,0.0,0.0,1.0000209528294115
2019-03-21,0.0023701787951634053,0.0023701787951634053,0.0,0.0,1.0023911812865267
2019-03-22,-0.0023764331646109363,-0.0023764331646109363,0.0,0.0,1.0000090656394038
2019-03-25,-0.005332903304237637,-0.005332903304237637,0.0,0.0,0.9946761139889879
2019-03-26,0.004286281849309214,0.004286281849309214,0.0,0.0,0.9989395761623203
2019-03-27,-0.0028044391856493116,-0.0028044391856493116,0.0,0.0,0.9961381108708348
2019-03-28,-0.0011408157781069583,-0.0011408157781069583,0.0,0.0,0.9950017007967796
2019-03-29,0.008411511237042464,0.008411511237042464,0.0,0.0,1.003371168783908
2019-04-01,-0.003971143524136579,-0.003971143524136579,0.0,0.0,0.9993866378646864
2019-04-02,0.00043492939089824554,0.00043492939089824554,0.0,0.0,0.9998213004863648
2019-04-03,0.0015819535420149183,0.0015819535420149183,0.0,0.0,1.001402971334051
2019-04-08,0.003546201552296973,0.003546201552296973,0.0,0.0,1.0049541481054707
2019-04-09,0.003987665069386246,0.003987665069386246,0.0,0.0,1.0089615686582056
2019-04-10,0.00020776006142144798,0.00020776006142144798,0.0,0.0,1.009171190575682
2019-04-11,-0.0025629902788372547,-0.0025629902788372547,0.0,0.0,1.0065846946245538
2019-04-12,0.0009744358536813205,0.0009744358536813205,0.0,0.0,1.007565546840763
2019-04-15,0.002541901970224688,0.002541901970224688,0.0,0.0,1.010126679689408
2019-04-16,0.0016789182629084853,0.0016789182629084853,0.0,0.0,1.0118225998197896
2019-04-17,0.0025946366079256447,0.0025946366079256447,0.0,0.0,1.0144479117780085
2019-04-18,-0.006290604377119124,-0.006290604377119124,0.0,0.0,1.0080664213038184
2019-04-19,0.0026703930877819545,0.0026703930877819545,0.0,0.0,1.0107583549072934
2019-04-22,0.0005341452130177272,0.0005341452130177272,0.0,0.0,1.0112982466440847
2019-04-23,0.0030062912330269553,0.0030062912330269553,0.0,0.0,1.0143385036969463
2019-04-24,0.0014135255543037749,0.0014135255543037749,0.0,0.0,1.0157722970926362
2019-04-25,3.648810772929225e-05,3.648810772929225e-05,0.0,0.0,1.015809360701641
2019-04-26,-2.0026188143983318e-05,-2.0026188143983318e-05,0.0,0.0,1.015789017912265
2019-04-29,0.004380527068894672,0.004380527068894672,0.0,0.0,1.0202387092015155
2019-04-30,0.0025774634811495186,0.0025774634811495186,0.0,0.0,1.0228683372165375
2019-05-02,0.003088134454684675,0.003088134454684675,0.0,0.0,1.026027092171302
2019-05-03,0.000163974841853717,0.000163974841853717,0.0,0.0,1.0261953348014785
2019-05-06,-0.014197588631606832,-0.014197588631606832,0.0,0.0,1.0116258355822931
2019-05-07,0.005299019368098334,0.005299019368098334,0.0,0.0,1.0169864604783125
2019-05-08,-0.004549655891709788,-0.004549655891709788,0.0,0.0,1.0123595220366084
2019-05-09,-0.011326104096869207,-0.011326104096869207,0.0,0.0,1.000893432706565
2019-05-10,-0.002151642825618105,-0.002151642825618105,0.0,0.0,0.9987398675328737
2019-05-13,-0.006243989114466702,-0.006243989114466702,0.0,0.0,0.9925037466718145
2019-05-14,-0.004193596422800824,-0.004193596422800824,0.0,0.0,0.9883415865101551
2019-05-15,0.002290702271033986,0.002290702271033986,0.0,0.0,0.9906055828269312
2019-05-16,-0.006788518201965847,-0.006788518201965847,0.0,0.0,0.9838808387969417
2019-05-17,-0.0005099215530895918,-0.0005099215530895918,0.0,0.0,0.9833791367515672
2019-05-20,0.009233068734497469,0.009233068734497469,0.0,0.0,0.9924587439132652
2019-05-21,0.010485384661165784,0.010485384661165784,0.0,0.0,1.0028650556035332
2019-05-22,-0.0042817860446672145,-0.0042817860446672145,0.0,0.0,0.9985710020037656
2019-05-23,-0.003339489690682066,-0.003339489690682066,0.0,0.0,0.99523628443716
2019-05-24,0.0019127879113407234,0.0019127879113407234,0.0,0.0,0.997139960370959
2019-05-27,0.0029763530091543224,0.0029763530091543224,0.0,0.0,1.000107800892557
2019-05-28,-0.0008672218646972815,-0.0008672218646972815,0.0,0.0,0.9992404855405688
2019-05-29,-0.0006871955743989918,-0.0006871955743989918,0.0,0.0,0.998553811901145
2019-05-30,0.007709557334569262,0.007709557334569262,0.0,0.0,1.0062522197656496
2019-05-31,0.009123716303248692,0.009123716303248692,0.0,0.0,1.0154329795483057
2019-06-03,-0.0010108634861994217,-0.0010108634861994217,0.0,0.0,1.0144065154265978
2019-06-04,0.0002957498063522634,0.0002957498063522634,0.0,0.0,1.0147065259570978
2019-06-05,0.0015135209396255627,0.0015135209396255627,0.0,0.0,1.0162423055317085
2019-06-06,0.004340070442266124,0.004340070442266124,0.0,0.0,1.020652868724127
2019-06-10,0.00498412174558775,0.00498412174558775,0.0,0.0,1.0257399268818315
2019-06-11,-0.00476795736201799,-0.00476795736201799,0.0,0.0,1.0208492426459395
2019-06-12,-0.004967719845772315,-0.004967719845772315,0.0,0.0,1.0157779496037056
2019-06-13,-0.0007014366542026965,-0.0007014366542026965,0.0,0.0,1.0150654457173227
2019-06-14,0.0008421653449752083,0.0008421653449752083,0.0,0.0,1.0159202986585878
2019-06-17,0.0017213039899555906,0.0017213039899555906,0.0,0.0,1.0176690063221456
2019-06-18,0.001515354270366676,0.001515354270366676,0.0,0.0,1.0192111353966957
2019-06-19,0.012790838593665164,0.012790838593665164,0.0,0.0,1.032247700522421
2019-06-20,0.0016544164623325153,0.0016544164623325153,0.0,0.0,1.0339554681113703
2019-06-21,-0.003094104936004369,-0.003094104936004369,0.0,0.0,1.030756301393878
2019-06-24,0.004654662444571778,0.004654662444571778,0.0,0.0,1.0355541240394819
2019-06-25,-0.0021695075437558695,-0.0021695075437558695,0.0,0.0,1.0333074815554106
2019-06-26,-0.000993897529723174,-0.000993897529723174,0.0,0.0,1.0322804798020484
2019-06-27,0.004182133480553688,0.004182133480553688,0.0,0.0,1.0365976145579505
2019-06-28,-0.003686322873609223,-0.003686322873609223,0.0,0.0,1.0327763810606767
2019-07-01,0.0015089406668271192,0.0015089406668271192,0.0,0.0,1.0343347793417978
2019-07-02,-0.0021403045286789756,-0.0021403045286789756,0.0,0.0,1.0321209879294024
2019-07-03,-0.0030482134645380197,-0.0030482134645380197,0.0,0.0,1.0289748628369637
2019-07-04,0.001171177078343471,0.001171177078343471,0.0,0.0,1.03017997461051
2019-07-05,0.0016481536343631081,0.0016481536343631081,0.0,0.0,1.0318778694797124
2019-07-08,-0.0034186000193505654,-0.0034186000193505654,0.0,0.0,1.0283502917751417
2019-07-09,-0.00584509383427768,-0.00584509383427768,0.0,0.0,1.0223394878252092
2019-07-10,0.004765950900420463,0.004765950900420463,0.0,0.0,1.0272119076277453
2019-07-11,0.0021807203098749696,0.0021807203098749696,0.0,0.0,1.0294519694972544
2019-07-12,-0.0011266208660153235,-0.0011266208660153235,0.0,0.0,1.0282921674278582
2019-07-15,-0.002436053760982812,-0.002436053760982812,0.0,0.0,1.0257871924260065
2019-07-16,-0.0019953710031537517,-0.0019953710031537517,0.0,0.0,1.0237403664068332
2019-07-17,0.002526157139256667,0.002526157139256667,0.0,0.0,1.0263264954421771
2019-07-18,-0.0031654708772789167,-0.0031654708772789167,0.0,0.0,1.0230776888102753
2019-07-19,0.0014370772009300852,0.0014370772009300852,0.0,0.0,1.0245479304316447
2019-07-22,-0.0010236145010529057,-0.0010236145010529057,0.0,0.0,1.023499188313031
2019-07-23,-0.0014500820378264875,-0.0014500820378264875,0.0,0.0,1.0220150305243283
2019-07-24,-0.0037295956748267306,-0.0037295956748267306,0.0,0.0,1.0182033276868767
2019-07-25,-0.003076418602928969,-0.003076418602928969,0.0,0.0,1.0150709080280167
2019-07-26,-0.00155145545915812,-0.00155145545915812,0.0,0.0,1.013496070726324
2019-07-29,-0.00023120606720249056,-0.00023120606720249056,0.0,0.0,1.0132617442856862
2019-07-30,-0.0020083953585380253,-0.0020083953585380253,0.0,0.0,1.0112267141014786
2019-07-31,-0.0011743396591975806,-0.0011743396591975806,0.0,0.0,1.0100391904666692
2019-08-01,-0.009802359125937549,-0.009802359125937549,0.0,0.0,1.0001384235904438
2019-08-02,-0.011999501438657932,-0.011999501438657932,0.0,0.0,0.9881372611377132
2019-08-05,-0.0056486755812808235,-0.0056486755812808235,0.0,0.0,0.9825555943197709
2019-08-06,-0.008560257102017308,-0.008560257102017308,0.0,0.0,0.9741446658153682
2019-08-07,-0.0017612746672317709,-0.0017612746672317709,0.0,0.0,0.9724289294932487
2019-08-08,0.006528108728217363,0.006528108728217363,0.0,0.0,0.9787770512754447
2019-08-12,-0.0035120970060231126,-0.0035120970060231126,0.0,0.0,0.9753394913240961
2019-08-13,-0.008389481148511905,-0.008389481148511905,0.0,0.0,0.9671568990482334
2019-08-14,0.0006088537382829111,0.0006088537382829111,0.0,0.0,0.9677457561417251
2019-08-15,-0.010168150920662561,-0.010168150920662561,0.0,0.0,0.9579055712404453
2019-08-16,0.011647831333403915,0.011647831333403915,0.0,0.0,0.9690630937675818
2019-08-19,0.004922647028445145,0.004922647028445145,0.0,0.0,0.9738334493264926
2019-08-20,-0.0018558637805476817,-0.0018558637805476817,0.0,0.0,0.9720261470996018
2019-08-21,-0.00017680586259025046,-0.00017680586259025046,0.0,0.0,0.9718542871782035
2019-08-22,0.0012308797551002842,0.0012308797551002842,0.0,0.0,0.9730505229451987
2019-08-23,0.0025311880795545853,0.0025311880795545853,0.0,0.0,0.975513496829682
2019-08-26,-0.01153462454605773,-0.01153462454605773,0.0,0.0,0.9642613149041398
2019-08-27,-0.001210595774302834,-0.001210595774302834,0.0,0.0,0.9630939842309931
2019-08-28,0.0026935631945123346,0.0026935631945123346,0.0,0.0,0.9656881387397741
2019-08-29,0.0013230982390531566,0.0013230982390531566,0.0,0.0,0.9669658390156152
2019-08-30,0.013485741185588302,0.013485741185588302,0.0,0.0,0.9800060900558849
2019-09-02,0.0030031783376669777,0.0030031783376669777,0.0,0.0,0.9829492231163224
2019-09-03,-0.00531844176412623,-0.00531844176412623,0.0,0.0,0.9777214649160851
2019-09-04,0.00709905205174261,0.00709905205174261,0.0,0.0,0.9846623604876306
2019-09-05,0.004294216098936712,0.004294216098936712,0.0,0.0,0.9888907134480536
2019-09-06,0.0028771270922853046,0.0028771270922853046,0.0,0.0,0.9917358777110243
2019-09-09,0.005390108080440454,0.005390108080440454,0.0,0.0,0.9970814412791371
2019-09-10,0.005100155112358191,0.005100155112358191,0.0,0.0,1.0021667112893144
2019-09-11,0.0027831012000119155,0.0027831012000119155,0.0,0.0,1.0049558426661158
2019-09-12,0.0005415373881855478,0.0005415373881855478,0.0,0.0,1.005500063828395
2019-09-16,0.0038150637054724643,0.0038150637054724643,0.0,0.0,1.009336110627757
2019-09-17,-0.00028618395926579654,-0.00028618395926579654,0.0,0.0,1.0090472548233875
2019-09-18,0.0026381991377930998,0.0026381991377930998,0.0,0.0,1.0117093224210552
2019-09-19,-0.0032302172729007294,-0.0032302172729007294,0.0,0.0,1.008441281492616
2019-09-20,0.0040608321814893,0.0040608321814893,0.0,0.0,1.0125363923016435
2019-09-23,-0.004078326581702589,-0.004078326581702589,0.0,0.0,1.0084069382179786
2019-09-24,-0.0014374736120277307,-0.0014374736120277307,0.0,0.0,1.0069573798541045
2019-09-25,-0.005111285279715084,-0.005111285279715084,0.0,0.0,1.0018105334211558
2019-09-26,-0.0022202338318700696,-0.0022202338318700696,0.0,0.0,0.9995862797817303
2019-09-27,-0.008125887875262468,-0.008125887875262468,0.0,0.0,0.9914637537505733
2019-10-01,0.009033267769245271,0.009033267769245271,0.0,0.0,1.0004199113217034
2019-10-02,-0.00372657759483635,-0.00372657759483635,0.0,0.0,0.9966917688947438
2019-10-03,-0.0062959493505949414,-0.0062959493505949414,0.0,0.0,0.9904166479996276
2019-10-04,0.0035398159425365284,0.0035398159425365284,0.0,0.0,0.9939225406399703
2019-10-07,0.0007550032989115331,0.0007550032989115331,0.0,0.0,0.994672955437016
2019-10-08,0.001775187477415113,0.001775187477415113,0.0,0.0,0.9964386864116311
2019-10-09,-0.00980113393079864,-0.00980113393079864,0.0,0.0,0.9866724573922817
2019-10-14,0.010170577618502737,0.010170577618502737,0.0,0.0,0.9967074862042288
2019-10-15,0.0005006256741120019,0.0005006256741120019,0.0,0.0,0.9972064635614023
2019-10-16,0.004607290050467259,0.004607290050467259,0.0,0.0,1.0018008829792304
2019-10-17,0.0047525660830563185,0.0047525660830563185,0.0,0.0,1.0065620078776534
2019-10-18,-0.0007396204662147242,-0.0007396204662147242,0.0,0.0,1.0058175340161128
2019-10-21,0.0038720059205662634,0.0038720059205662634,0.0,0.0,1.0097120654628327
2019-10-22,0.0034531625127446966,0.0034531625127446966,0.0,0.0,1.0131987653159549
2019-10-23,-0.004408656905557032,-0.004408656905557032,0.0,0.0,1.0087319195825428
2019-10-24,0.006178346246891013,0.006178346246891013,0.0,0.0,1.0149642146520148
2019-10-25,-0.0007282294507137157,-0.0007282294507137157,0.0,0.0,1.0142250878194847
2019-10-28,0.0006885646744045235,0.0006885646744045235,0.0,0.0,1.014923447386852
2019-10-29,-0.00037326361494676504,-0.00037326361494676504,0.0,0.0,1.0145446133919862
2019-10-30,0.005750690677188701,0.005750690677188701,0.0,0.0,1.0203789456418115
2019-10-31,-0.0016078299963217704,-0.0016078299963217704,0.0,0.0,1.0187383497653935
2019-11-01,0.0023740615603015996,0.0023740615603015996,0.0,0.0,1.0211568973215766
2019-11-04,0.007246783408569683,0.007246783408569683,0.0,0.0,1.028557000182633
2019-11-05,0.005217641317154083,0.005217641317154083,0.0,0.0,1.033923641683834
2019-11-06,0.0025463659083857456,0.0025463659083857456,0.0,0.0,1.0365563895968917
2019-11-07,-0.0009156243279773514,-0.0009156243279773514,0.0,0.0,1.0356072933492564
2019-11-08,-0.0005559708645927969,-0.0005559708645927969,0.0,0.0,1.0350315258669944
2019-11-11,-0.008096590343399625,-0.008096590343399625,0.0,0.0,1.0266512996095456
2019-11-12,0.002973697800827865,0.002973697800827865,0.0,0.0,1.0297042503214116
2019-11-13,-0.006176175911652183,-0.006176175911652183,0.0,0.0,1.0233446157344506
2019-11-14,-0.0024910310227334574,-0.0024910310227334574,0.0,0.0,1.0207954325497088
2019-11-15,0.002890724701041356,0.002890724701041356,0.0,0.0,1.0237462711212906
2019-11-18,0.005548370850912361,0.005548370850912361,0.0,0.0,1.02942639509071
2019-11-19,0.0002036540122660779,0.0002036540122660779,0.0,0.0,1.029636041906403
2019-11-20,0.00038331229104543495,0.00038331229104543495,0.0,0.0,1.0300307140565692
2019-11-21,-0.0069491700758449355,-0.0069491700758449355,0.0,0.0,1.022872855441246
2019-11-22,0.0030046669785174737,0.0030046669785174737,0.0,0.0,1.0259462477332124
2019-11-25,0.0018987679897868842,0.0018987679897868842,0.0,0.0,1.0278942816276502
2019-11-26,-0.00041561649215431773,-0.00041561649215431773,0.0,0.0,1.0274670718120147
2019-11-27,0.006408577882745717,0.006408577882745717,0.0,0.0,1.0340516745636785
2019-11-28,-0.0021738733762323875,-0.0021738733762323875,0.0,0.0,1.031803777158696
2019-11-29,-0.00615710081947197,-0.00615710081947197,0.0,0.0,1.025450857276818
2019-12-02,-0.0019228375985807225,-0.0019228375985807225,0.0,0.0,1.0234790818129493
2019-12-03,0.0014908312050109307,0.0014908312050109307,0.0,0.0,1.0250049163657922
2019-12-04,-0.0006577425699741638,-0.0006577425699741638,0.0,0.0,1.0243307269978656
2019-12-05,0.00017155956680616516,0.00017155956680616516,0.0,0.0,1.0245064607336556
2019-12-06,-0.0009671721508466516,-0.0009671721508466516,0.0,0.0,1.0235155866164716
2019-12-09,0.0033071771357334216,0.0033071771357334216,0.0,0.0,1.0269005339625963
2019-12-10,0.000555104476796323,0.000555104476796323,0.0,0.0,1.0274705710462235
2019-12-11,0.001062530592361882,0.001062530592361882,0.0,0.0,1.0285622899607116
2019-12-12,0.0033181518315688325,0.0033181518315688325,0.0,0.0,1.0319752158070274
2019-12-13,0.006016641114719424,0.006016641114719424,0.0,0.0,1.0381842403198234
2019-12-16,0.0007958533163828022,0.0007958533163828022,0.0,0.0,1.0390104826904982
2019-12-17,0.005953184473943893,0.005953184473943893,0.0,0.0,1.0451959037643164
2019-12-18,0.004346059635273089,0.004346059635273089,0.0,0.0,1.0497383874926194
2019-12-19,-0.002806388886505408,-0.002806388886505408,0.0,0.0,1.046792413348222
2019-12-20,-0.000524544938402871,-0.000524544938402871,0.0,0.0,1.0462433236862418
2019-12-23,0.004553331602569473,0.004553331602569473,0.0,0.0,1.0510072164759596
2019-12-24,-0.0035665548048894953,-0.0035665548048894953,0.0,0.0,1.0472587416380637
2019-12-25,0.0015405944764656575,0.0015405944764656575,0.0,0.0,1.0488721426708616
2019-12-26,-0.0009840705280086174,-0.0009840705280086174,0.0,0.0,1.04783997850761
2019-12-27,0.002820881290372447,0.002820881290372447,0.0,0.0,1.0507958106982864
2019-12-30,-0.0018060941770226494,-0.0018060941770226494,0.0,0.0,1.0488979745033444
2019-12-31,-0.004785141399214945,-0.004785141399214945,0.0,0.0,1.0438788493819957
2020-01-02,0.002147303145491548,0.002147303145491548,0.0,0.0,1.0461203737187856
2020-01-03,0.0015053731255678551,0.0015053731255678551,0.0,0.0,1.0476951752154908
2020-01-06,-0.009452253490664876,-0.009452253490664876,0.0,0.0,1.0377920948384074
2020-01-07,-0.0022995662781043484,-0.0022995662781043484,0.0,0.0,1.0354056231334337
2020-01-08,-0.005780226739800535,-0.005780226739800535,0.0,0.0,1.029420743864058
2020-01-09,0.006039993313476007,0.006039993313476007,0.0,0.0,1.0356384382737505
2020-01-10,0.0033886529901333362,0.0033886529901333362,0.0,0.0,1.0391478575643038
2020-01-13,0.0077201532016504875,0.0077201532016504875,0.0,0.0,1.047170238223867
2020-01-14,0.0023222284424505527,0.0023222284424505527,0.0,0.0,1.0496020067351581
2020-01-15,-0.0029704886891103706,-0.0029704886891103706,0.0,0.0,1.0464841758460839
2020-01-16,0.0015643129057192852,0.0015643129057192852,0.0,0.0,1.0481212045479908
2020-01-17,0.004555585447597855,0.004555585447597855,0.0,0.0,1.0528960102547484
2020-01-20,0.003951496556310574,0.003951496556310574,0.0,0.0,1.0570565252134232
2020-01-30,-0.05103710620273407,-0.05103710620273407,0.0,0.0,1.0031074190738127
2020-01-31,0.007227330730033015,0.007227330730033015,0.0,0.0,1.010357208149209
2020-02-03,-0.004730832629158757,-0.004730832629158757,0.0,0.0,1.0055773773017909
2020-02-04,0.010412586852513471,0.010412586852513471,0.0,0.0,1.0160480390798685
2020-02-05,0.00177228014507183,0.00177228014507183,0.0,0.0,1.017848760845969
2020-02-06,0.01141946509719344,0.01141946509719344,0.0,0.0,1.0294720492446712
2020-02-07,-0.007960362742789896,-0.007960362742789896,0.0,0.0,1.0212770782991203
2020-02-10,-0.00032557310980131735,-0.00032557310980131735,0.0,0.0,1.0209445779447697
2020-02-11,0.0021711176222396155,0.0021711176222396155,0.0,0.0,1.0231611687092756
2020-02-12,0.0016867707857817435,0.0016867707857817435,0.0,0.0,1.0248870070778007
2020-02-13,0.003331990922661262,0.003331990922661262,0.0,0.0,1.0283019212821374
2020-02-14,0.0004406860798869397,0.0004406860798869397,0.0,0.0,1.0287550796247673
2020-02-17,-0.002332169173969521,-0.002332169173969521,0.0,0.0,1.0263558487405018
2020-02-18,0.0016722720449592653,0.0016722720449592653,0.0,0.0,1.028072194934531
2020-02-19,0.009394108108462161,0.009394108108462161,0.0,0.0,1.03773001627705
2020-02-20,-0.003903732216248827,-0.003903732216248827,0.0,0.0,1.0336789961807409
2020-02-21,-0.004568439073954329,-0.004568439073954329,0.0,0.0,1.0289566966646628
2020-02-24,-0.009530094633000134,-0.009530094633000134,0.0,0.0,1.0191506419721894
2020-02-25,-0.003103042760589777,-0.003103042760589777,0.0,0.0,1.015988173950667
2020-02-26,-0.006370810109571402,-0.006370810109571402,0.0,0.0,1.0095155062208572
2020-02-27,-0.006985882046516116,-0.006985882046516116,0.0,0.0,1.0024631499702692
2020-03-02,-0.01189818777946694,-0.01189818777946694,0.0,0.0,0.990535655169927
2020-03-03,0.008352283229648254,0.008352283229648254,0.0,0.0,0.9988088895109716
2020-03-04,0.006697357903333626,0.006697357903333626,0.0,0.0,1.0054982701210577
2020-03-05,0.009233347409339841,0.009233347409339841,0.0,0.0,1.0147823849685758
2020-03-06,-0.014485102237775507,-0.01457378826941573,0.2956201054674114,8.868603164022341e-05,0.9999931613505111
2020-03-09,-0.02249886659548708,-0.02249886659548708,0.0,0.0,0.9774944486168866
2020-03-10,-0.00039199655865589827,-0.00039199655865589827,0.0,0.0,0.9771112741569236
2020-03-11,-0.0027465548327239245,-0.0027465548327239245,0.0,0.0,0.9744275844647788
2020-03-12,-0.038028563153503434,-0.038028563153503434,0.0,0.0,0.9373715035304442
2020-03-13,-0.027284571087699223,-0.027284571087699223,0.0,0.0,0.9117957241067843
2020-03-16,-0.03418998640653015,-0.03418998640653015,0.0,0.0,0.880621440694041
2020-03-17,-0.033818171631993736,-0.033818171631993736,0.0,0.0,0.8508404336698363
2020-03-18,-0.019553892910310667,-0.019553892910310667,0.0,0.0,0.8342031909460941
2020-03-19,-0.06637618958661531,-0.06637618958661531,0.0,0.0,0.7788319617900967
2020-03-20,0.057608796231092746,0.057608796231092746,0.0,0.0,0.8236995335751246
2020-03-23,-0.03845680783936128,-0.03845680783936128,0.0,0.0,0.7920226788950545
2020-03-24,0.03893303966272076,0.03893303966272076,0.0,0.0,0.82285852926625
2020-03-25,0.039844144684102106,0.039844144684102106,0.0,0.0,0.8556446235608819
2020-03-26,0.002365801113569133,0.002365801113569133,0.0,0.0,0.8576689085641217
2020-03-27,0.01083652092207139,0.01083652092207139,0.0,0.0,0.8669630556359869
2020-03-30,-0.009075703615561533,-0.009075703615561533,0.0,0.0,0.859094755897393
2020-03-31,-0.0010071581476306614,-0.0010071581476306614,0.0,0.0,0.8582295116144042
2020-04-01,-0.0026470729461047365,-0.0026470729461047365,0.0,0.0,0.855957715492661
2020-04-06,0.013845918911911378,0.013845918911911378,0.0,0.0,0.8678092366133973
2020-04-07,0.008755027832573245,0.008755027832573245,0.0,0.0,0.8754069306333117
2020-04-08,0.010343759558520814,0.010343759558520814,0.0,0.0,0.8844619294396453
2020-04-09,0.005830314695183364,0.005830314695183364,0.0,0.0,0.8896186208241876
2020-04-10,0.015832736602694183,0.015832736602694183,0.0,0.0,0.9037037181245491
2020-04-13,-0.007847274525466293,-0.007847274525466293,0.0,0.0,0.8966121069587412
2020-04-14,0.02072925113862239,0.02072925113862239,0.0,0.0,0.9151982044978182
2020-04-15,0.014467055764793273,0.014467055764793273,0.0,0.0,0.9284384279581268
2020-04-16,-0.012341726941065924,-0.012341726941065924,0.0,0.0,0.9169798943986751
2020-04-17,0.0033615355848921114,0.0033615355848921114,0.0,0.0,0.9200623549443269
2020-04-20,-0.002887845790250575,-0.002887845790250575,0.0,0.0,0.9174053567458329
2020-04-21,-0.028074820070512277,-0.028074820070512277,0.0,0.0,0.8916493664234695
2020-04-22,0.00014026423437944998,0.00014026423437944998,0.0,0.0,0.8917744329391859
2020-04-23,0.0026525446212407955,0.0026525446212407955,0.0,0.0,0.8941399044146389
2020-04-24,-0.0010652580207031138,-0.0010652580207031138,0.0,0.0,0.8931874147098304
2020-04-27,0.022522730107371366,0.022522730107371366,0.0,0.0,0.9133044337866407
2020-04-28,0.008327919900508587,0.008327919900508587,0.0,0.0,0.9209103599559952
2020-04-29,0.013091662485233826,0.013091662485233826,0.0,0.0,0.9329666075676942
2020-04-30,0.01661213232934433,0.01661213232934433,0.0,0.0,0.9484651723114681
2020-05-04,-0.022583939803786007,-0.022583939803786007,0.0,0.0,0.9270450919539983
2020-05-05,0.005828318752217098,0.005828318752217098,0.0,0.0,0.9324482062475845
2020-05-06,-0.00576710138063269,-0.00576710138063269,0.0,0.0,0.9270706829099655
2020-05-07,0.002448587756417382,0.002448587756417382,0.0,0.0,0.9293406968334723
2020-05-08,0.004415955330224264,0.004415955330224264,0.0,0.0,0.9334446238372485
2020-05-11,0.011116699638878442,0.011116699638878442,0.0,0.0,0.9438214473499731
2020-05-12,-0.007920909175980671,-0.007920909175980671,0.0,0.0,0.9363455233871714
2020-05-13,0.0029410911795316316,0.0029410911795316316,0.0,0.0,0.9390994009469993
2020-05-14,-0.010481005526204224,-0.010481005526204224,0.0,0.0,0.9292566949360187
2020-05-15,-0.0008297773036862113,-0.0008297773036862113,0.0,0.0,0.9284856188212623
2020-05-18,-0.00021137849351249356,-0.00021137849351249356,0.0,0.0,0.9282893569299079
2020-05-19,0.011459122165148373,0.011459122165148373,0.0,0.0,0.9389267380755747
2020-05-20,0.0018090866455379244,0.0018090866455379244,0.0,0.0,0.9406253378985658
2020-05-21,0.005830192670714045,0.005830192670714045,0.0,0.0,0.94610936484947
2020-05-22,-0.015305238863935504,-0.015305238863935504,0.0,0.0,0.9316289350290424
2020-05-25,0.002414714861468083,0.002414714861468083,0.0,0.0,0.9338785532638308
2020-05-26,0.012391711186670533,0.012391711186670533,0.0,0.0,0.9454509065793019
2020-05-27,0.0017749211563509286,0.0017749211563509286,0.0,0.0,0.9471290073956806
2020-05-28,-0.004948588604951415,-0.004948588604951415,0.0,0.0,0.9424420555822635
2020-05-29,0.0021963280103122905,0.0021963280103122905,0.0,0.0,0.9445119674670351
2020-06-01,0.009129289908874207,0.009129289908874207,0.0,0.0,0.9531346910404428
2020-06-02,0.008595930303187456,0.008595930303187456,0.0,0.0,0.9613277704141766
2020-06-03,0.01786089773804866,0.01786089773804866,0.0,0.0,0.9784979474142904
2020-06-04,0.0007699027013606718,0.0007699027013606718,0.0,0.0,0.9792512956272804
2020-06-05,0.0022554401244241694,0.0022554401244241694,0.0,0.0,0.9814599382913325
2020-06-08,0.010314492404288774,0.010314492404288774,0.0,0.0,0.9915831993699522
2020-06-09,-0.0009657444854515553,-0.0009657444854515553,0.0,0.0,0.9906255833632943
2020-06-10,0.0067899887111217486,0.0067899887111217486,0.0,0.0,0.9973519198912796
2020-06-11,-0.021310865079071022,-0.021310865079071022,0.0,0.0,0.976097487690124
2020-06-12,-0.00987006598247757,-0.00987006598247757,0.0,0.0,0.966463341081292
2020-06-15,-0.008219941556945118,-0.008219941556945118,0.0,0.0,0.9585190689006737
2020-06-16,0.013833924386559117,0.013833924386559117,0.0,0.0,0.9717791492229206
2020-06-17,0.003577314421117361,0.003577314421117361,0.0,0.0,0.9752555087875769
2020-06-18,-0.005427711264317564,-0.005427711264317564,0.0,0.0,0.9699621034769429
2020-06-19,-0.006558252042147187,-0.006558252042147187,0.0,0.0,0.9636008475310098
2020-06-22,0.0042859192933964365,0.0042859192933964365,0.0,0.0,0.967730762994576
2020-06-23,0.003432696900241173,0.003432696900241173,0.0,0.0,0.9710526893849756
2020-06-24,0.0026928003001645533,0.0026928003001645533,0.0,0.0,0.973667540358427
2020-06-29,-0.0077591086148465944,-0.0077591086148465944,0.0,0.0,0.9661127481580354
2020-06-30,0.005650599025175174,0.005650599025175174,0.0,0.0,0.9715718639109865
2020-07-01,0.0047556591233951125,0.0047556591233951125,0.0,0.0,0.9761923285096287
2020-07-02,0.005157316129422819,0.005157316129422819,0.0,0.0,0.9812268609508701
2020-07-03,0.0018656746063120903,0.0018656746063120903,0.0,0.0,0.9830575109883775
2020-07-06,0.01075723360278486,0.01075723360278486,0.0,0.0,0.9936324902790517
2020-07-07,-0.003517022900842463,-0.003517022900842463,0.0,0.0,0.9901378620557191
2020-07-08,0.0011086305505394797,0.0011086305505394797,0.0,0.0,0.9912355591388399
2020-07-09,-0.0029705203579938225,-0.0029705203579938225,0.0,0.0,0.9882910737308506
2020-07-10,-0.00705661914147173,-0.00705661914147173,0.0,0.0,0.9813170800226159
2020-07-13,0.005553560003422257,0.005553560003422257,0.0,0.0,0.9867668833089045
2020-07-14,-0.003552709701270784,-0.003552709701270784,0.0,0.0,0.9832611870296802
2020-07-15,0.0034534593947200304,0.0034534593947200304,0.0,0.0,0.9866568396134914
2020-07-16,-0.002303852660772694,-0.002303852660772694,0.0,0.0,0.9843837276282782
2020-07-17,-0.0035706067635201963,-0.0035706067635201963,0.0,0.0,0.9808688804325094
2020-07-20,-0.00013511574153754707,-0.00013511574153754707,0.0,0.0,0.9807363496063787
2020-07-21,0.0013715835698395516,0.0013715835698395516,0.0,0.0,0.9820815114698432
2020-07-22,0.005316302802362795,0.005316302802362795,0.0,0.0,0.9873025541614191
2020-07-23,-0.005490403373131289,-0.005490403373131289,0.0,0.0,0.9818818648877501
2020-07-24,-0.012597419149498253,-0.012597419149498253,0.0,0.0,0.969512687480468
2020-07-27,-0.01459103837527151,-0.01459103837527151,0.0,0.0,0.9553664906521279
2020-07-28,-0.006851268646396952,-0.006851268646396952,0.0,0.0,0.9488210181689046
2020-07-29,0.006123680509928875,0.006123680509928875,0.0,0.0,0.9546312949452765
2020-07-30,0.006411752586938416,0.006411752586938416,0.0,0.0,0.9607521546202143
2020-07-31,-0.006457639566050437,-0.006457639566050437,0.0,0.0,0.9545479634933707
2020-08-03,-0.008146241826969611,-0.008146241826969611,0.0,0.0,0.9467719849473123
2020-08-04,0.008830899802851223,0.008830899802851223,0.0,0.0,0.9551328334825285
2020-08-05,0.004366129248134604,0.004366129248134604,0.0,0.0,0.9593030668826502
2020-08-06,0.0073775906659306395,0.0073775906659306395,0.0,0.0,0.9663804122346822
2020-08-07,-0.008110685335400273,-0.008110685335400273,0.0,0.0,0.9585424047967522
2020-08-10,0.007675050971579567,0.007675050971579567,0.0,0.0,0.9658992666119877
2020-08-11,-0.007496364087576601,-0.007496364087576601,0.0,0.0,0.958658534037541
2020-08-12,-0.002569669310970813,-0.002569669310970813,0.0,0.0,0.9561950986229244
2020-08-13,-0.0018121732702295508,-0.0018121732702295508,0.0,0.0,0.9544623074240755
2020-08-14,-0.0013013408828548643,-0.0013013408828548643,0.0,0.0,0.9532202266022806
2020-08-17,0.00655075071378621,0.00655075071378621,0.0,0.0,0.959464534682091
2020-08-18,-0.0001096925804686973,-0.0001096925804686973,0.0,0.0,0.9593592885414136
2020-08-19,-0.00438571032881876,-0.00438571032881876,0.0,0.0,0.9551518166006093
2020-08-20,-0.0228092548486993,-0.0228092548486993,0.0,0.0,0.9333655153965679
2020-08-21,0.01187011240663743,0.01187011240663743,0.0,0.0,0.9444446689808041
2020-08-24,-0.0027505551020334277,-0.0027505551020334277,0.0,0.0,0.9418469218779507
2020-08-25,0.005983863640311357,0.005983863640311357,0.0,0.0,0.9474828054285154
2020-08-26,0.0022687527112391585,0.0022687527112391585,0.0,0.0,0.9496324096121836
2020-08-27,-0.00278405299827716,-0.00278405299827716,0.0,0.0,0.9469885826549417
2020-08-28,0.0013925844018803043,0.0013925844018803043,0.0,0.0,0.9483073441839057
2020-08-31,-0.005259668558426477,-0.005259668558426477,0.0,0.0,0.9433195618619766
2020-09-01,-0.0009311314940156314,-0.0009311314940156314,0.0,0.0,0.9424412073090059
2020-09-02,-0.0021506984631516598,-0.0021506984631516598,0.0,0.0,0.9404143004528357
2020-09-03,0.002923548610649731,0.002923548610649731,0.0,0.0,0.9431636473743598
2020-09-04,-0.004588665868964847,-0.004588665868964847,0.0,0.0,0.9388357845368046
2020-09-07,0.005388142018295454,0.005388142018295454,0.0,0.0,0.9438943650757468
2020-09-08,0.00048009477325809463,0.00048009477325809463,0.0,0.0,0.9443475238269274
2020-09-09,-0.0020444257661995464,-0.0020444257661995464,0.0,0.0,0.942416875416969
2020-09-10,0.004231960995280175,0.004231960995280175,0.0,0.0,0.9464051468750273
2020-09-11,-0.00033230624308629484,-0.00033230624308629484,0.0,0.0,0.9460906505362316
2020-09-14,0.0003100683738331504,0.0003100683738331504,0.0,0.0,0.9463840033257421
2020-09-15,0.00018565688526583763,0.00018565688526583763,0.0,0.0,0.946559706032065
2020-09-16,0.000992250622415011,0.000992250622415011,0.0,0.0,0.9474989304895282
2020-09-17,-0.0048934353427988065,-0.0048934353427988065,0.0,0.0,0.9428624057358066
2020-09-18,3.7334359100897725e-05,3.7334359100897725e-05,0.0,0.0,0.9428976068994451
2020-09-21,-0.006547005175751413,-0.006547005175751413,0.0,0.0,0.9367244513868708
2020-09-22,-0.010996792097415798,-0.010996792097415798,0.0,0.0,0.9264234873424035
2020-09-23,-0.006241803211710951,-0.006241803211710951,0.0,0.0,0.9206409342437053
2020-09-24,-0.025264782777660325,-0.025264782777660325,0.0,0.0,0.8973811410238158
2020-09-25,0.006182597019863109,0.006182597019863109,0.0,0.0,0.9029292869919909
2020-09-28,0.016714944428710698,0.016714944428710698,0.0,0.0,0.9180216998471175
2020-09-29,0.0005298115031192506,0.0005298115031192506,0.0,0.0,0.9185080783038094
2020-09-30,-0.0007127954732271314,-0.0007127954732271314,0.0,0.0,0.9178533699034719
2020-10-05,0.001258841444832971,0.001258841444832971,0.0,0.0,0.9190088017657859
2020-10-06,0.01173563453510669,0.01173563453510669,0.0,0.0,0.9297939531978555
2020-10-07,-0.005393458657000025,-0.005393458657000025,0.0,0.0,0.9247791479517543
2020-10-08,0.0030589223006097766,0.0030589223006097766,0.0,0.0,0.9276079755105627
2020-10-12,-0.001496517681029263,-0.001496517681029263,0.0,0.0,0.9262197937741474
2020-10-13,-0.0026105371812710255,-0.0026105371812710255,0.0,0.0,0.9238018625644708
2020-10-14,-0.00053429940858861,-0.00053429940858861,0.0,0.0,0.9233082757756496
2020-10-15,-0.005676854340283069,-0.005676854340283069,0.0,0.0,0.9180667891828933
2020-10-16,-0.00407775840417643,-0.00407775840417643,0.0,0.0,0.9143231346177074
2020-10-19,0.003728775921464884,0.003728775921464884,0.0,0.0,0.9177324407065082
2020-10-20,-0.00021032289119052107,-0.00021032289119052107,0.0,0.0,0.9175394205662395
2020-10-21,-0.0023788180008549927,-0.0023788180008549927,0.0,0.0,0.9153567612761024
2020-10-22,0.006574917541763052,0.006574917541763052,0.0,0.0,0.9213751565027881
2020-10-23,0.0002173932040098147,0.0002173932040098147,0.0,0.0,0.9215754572001552
2020-10-26,0.006145641857369016,0.006145641857369016,0.0,0.0,0.9272391299046485
2020-10-27,-0.002475118816156991,-0.002475118816156991,0.0,0.0,0.9249441028871445
2020-10-28,-0.002377744279493127,-0.002377744279493127,0.0,0.0,0.9227448223376536
2020-10-29,-0.00914800482817186,-0.00914800482817186,0.0,0.0,0.9143035482477382
2020-10-30,-0.0049283854035610634,-0.0049283854035610634,0.0,0.0,0.9097975079861299
2020-11-02,0.01070092618920574,0.01070092618920574,0.0,0.0,0.9195331839662128
2020-11-03,0.007428580299327933,0.007428580299327933,0.0,0.0,0.9263640100612024
2020-11-04,-0.0005675109380066818,-0.0005675109380066818,0.0,0.0,0.9258382883529169
2020-11-05,0.005501717731028324,0.005501717731028324,0.0,0.0,0.9309319892800131
2020-11-06,0.0037840605236268052,0.0037840605236268052,0.0,0.0,0.9344546922708289
2020-11-09,0.0070081129498622535,0.0070081129498622535,0.0,0.0,0.9410034563007916
2020-11-10,0.009975946920474453,0.009975946920474453,0.0,0.0,0.9503908568328314
2020-11-11,0.018479624834145114,0.018479624834145114,0.0,0.0,0.9679537233129037
2020-11-12,-0.009353668051404538,-0.009353668051404538,0.0,0.0,0.9588998054959137
2020-11-13,0.00020110325386082733,0.00020110325386082733,0.0,0.0,0.9590926433669256
2020-11-16,0.007771431351359574,0.007771431351359574,0.0,0.0,0.9665461660044455
2020-11-17,0.0017066047165762229,0.0017066047165762229,0.0,0.0,0.9681956782501373
2020-11-18,0.0053275616703387235,0.0053275616703387235,0.0,0.0,0.9733538004349703
2020-11-19,-0.0031657386909373607,-0.0031657386909373607,0.0,0.0,0.9702724166489624
2020-11-20,-0.0021924458242785763,-0.0021924458242785763,0.0,0.0,0.9681451469406677
2020-11-23,0.007450178526430715,0.007450178526430715,0.0,0.0,0.9753580011248731
2020-11-24,-0.0049526491225703245,-0.0049526491225703245,0.0,0.0,0.9705273951764101
2020-11-25,0.001353764130702696,0.001353764130702696,0.0,0.0,0.9718412603518641
2020-11-26,0.003593606660976508,0.003593606660976508,0.0,0.0,0.9753336755784764
2020-11-27,-0.0012467897750513901,-0.0012467897750513901,0.0,0.0,0.9741176395245018
2020-11-30,-0.003000960657354015,-0.003000960657354015,0.0,0.0,0.9711943508126543
2020-12-01,0.006905518768577272,0.006905518768577272,0.0,0.0,0.9779009516301274
2020-12-02,0.001299579317991495,0.001299579317991495,0.0,0.0,0.9791718114819101
2020-12-03,-0.0007452814040331618,-0.0007452814040331618,0.0,0.0,0.9784420529394592
2020-12-04,0.009936492740746915,0.009936492740746915,0.0,0.0,0.9881643352957336
2020-12-07,0.0010110648836285578,0.0010110648836285578,0.0,0.0,0.9891634335544053
2020-12-08,-0.007976409643180521,-0.007976409643180521,0.0,0.0,0.9812734608043204
2020-12-09,4.673777304715351e-05,4.673777304715351e-05,0.0,0.0,0.9813193233406287
2020-12-10,0.00044164850842454264,0.00044164850842454264,0.0,0.0,0.9817527215560703
2020-12-11,0.005750582673392608,0.005750582673392608,0.0,0.0,0.9873983717462066
2020-12-14,0.0005070286247467091,0.0005070286247467091,0.0,0.0,0.9878990109847101
2020-12-15,-0.008293225660460177,-0.008293225660460177,0.0,0.0,0.9797061415568684
2020-12-16,0.012967755874359308,0.012967755874359308,0.0,0.0,0.9924107316291884
2020-12-17,-0.001401780566140552,-0.001401780566140552,0.0,0.0,0.9910195895519612
2020-12-18,-0.005541188123873906,-0.005541188123873906,0.0,0.0,0.9855281635718095
2020-12-21,0.00822679340353458,0.00822679340353458,0.0,0.0,0.9936359001668795
2020-12-22,-0.00888527023914081,-0.00888527023914081,0.0,0.0,0.984807176674585
2020-12-23,-0.0006325599966154464,-0.0006325599966154464,0.0,0.0,0.9841842270502408
2020-12-24,0.004202867637371665,0.004202867637371665,0.0,0.0,0.9883206230873219
2020-12-25,0.0044773423290874305,0.0044773423290874305,0.0,0.0,0.9927456728477808
2020-12-28,0.00606746573550798,0.00606746573550798,0.0,0.0,0.9987691232018585
2020-12-29,0.000796963846433464,0.000796963846433464,0.0,0.0,0.9995651060839845
2020-12-30,0.014731980665602766,0.014731980665602766,0.0,0.0,1.0142906799008249
2020-12-31,-0.0038535026599991057,-0.0038535026599991057,0.0,0.0,1.0103821080678148
2021-01-04,-0.0009633042581750307,-0.0009633042581750307,0.0,0.0,1.0094088026807293
2021-01-05,0.004784034241845007,0.004784034241845007,0.0,0.0,1.0142378489567736
2021-01-06,-0.008383570139964172,-0.008383570139964172,0.0,0.0,1.005734914811438
2021-01-07,0.005794791443049223,0.005794791443049223,0.0,0.0,1.0115629388897631
2021-01-08,0.010921347386903958,0.010921347386903958,0.0,0.0,1.0226105691490956
2021-01-11,0.00593445634057542,0.00593445634057542,0.0,0.0,1.028679206925122
2021-01-12,-0.010542318307223074,-0.010542318307223074,0.0,0.0,1.0178345432896956
2021-01-13,0.00867242795838919,0.00867242795838919,0.0,0.0,1.0266616400399353
2021-01-14,0.0009295701401075382,0.0009295701401075382,0.0,0.0,1.0276159940445102
2021-01-15,-0.010942279133557416,-0.010942279133557416,0.0,0.0,1.0163715329955672
2021-01-18,-0.006232244542113717,-0.006232244542113717,0.0,0.0,1.0100372570562959
2021-01-19,0.0004132076179059477,0.0004132076179059477,0.0,0.0,1.0104546121452804
2021-01-20,-0.023075583721817422,-0.023075583721817422,0.0,0.0,0.9871377821456255
2021-01-21,0.0035093770834207236,0.0035093770834207236,0.0,0.0,0.9906020208564661
2021-01-22,0.0007744519504352178,0.0007744519504352178,0.0,0.0,0.9913691945236234
2021-01-25,0.010571663656552915,0.010571663656552915,0.0,0.0,1.001849616207595
2021-01-26,-0.006612727485498784,-0.006612727485498784,0.0,0.0,0.9952246577141626
2021-01-27,0.00019707790797799144,0.00019707790797799144,0.0,0.0,0.9954207945076731
2021-01-28,-0.0068668301086178204,-0.0068668301086178204,0.0,0.0,0.9885854090252035
2021-01-29,-0.014590813471357676,-0.014590813471357676,0.0,0.0,0.9741611437216109
2021-02-01,0.009010597478246151,0.009010597478246151,0.0,0.0,0.9829389176666342
2021-02-02,0.009216691176746448,0.009216691176746448,0.0,0.0,0.9919983621163729
2021-02-03,0.00347192975810404,0.00347192975810404,0.0,0.0,0.9954425107497953
2021-02-04,-0.004057315658190136,-0.004057315658190136,0.0,0.0,0.991403686264102
2021-02-05,0.0033644979360780447,0.0033644979360780447,0.0,0.0,0.9947392619203578
2021-02-17,0.015573255177156669,0.015573255177156669,0.0,0.0,1.0102305902809798
2021-02-18,0.004670657025182135,0.004670657025182135,0.0,0.0,1.0149490308845297
2021-02-19,-0.0005173624792092408,-0.0005173624792092408,0.0,0.0,1.0144239343376402
2021-02-22,0.003705687485936457,0.003705687485936457,0.0,0.0,1.0181830724165497
2021-02-23,0.013650085362656524,0.013650085362656524,0.0,0.0,1.0320813582698474
2021-02-24,-0.00044833003041520804,-0.00044833003041520804,0.0,0.0,1.0316186452031033
2021-02-25,0.01596771005753315,0.01596771005753315,0.0,0.0,1.0480912326196514
2021-02-26,-0.018933723609288293,-0.018933723609288293,0.0,0.0,1.0282469629039128
2021-03-02,-0.0006374549606549883,-0.0006374549606549883,0.0,0.0,1.0275915017766313
2021-03-03,0.011884281453492185,0.011884281453492185,0.0,0.0,1.0398036884029616
2021-03-04,-0.005611900521783428,-0.005611900521783428,0.0,0.0,1.0339684135414606
2021-03-05,-0.0015850657947431423,-0.0015850657947431423,0.0,0.0,1.0323295055763113
2021-03-08,0.0012340883523942491,0.0012340883523942491,0.0,0.0,1.0336034913949759
2021-03-09,0.015182311577595147,0.015182311577595147,0.0,0.0,1.0492959816490246
2021-03-10,0.005165439970662716,0.005165439970662716,0.0,0.0,1.0547160570536902
2021-03-11,0.0049599723978350375,0.0049599723978350375,0.0,0.0,1.05994741958423
2021-03-12,0.003908621450939295,0.003908621450939295,0.0,0.0,1.0640903528052847
2021-03-15,0.0038249873974695496,0.0038249873974695496,0.0,0.0,1.0681604849945339
2021-03-16,0.004044205310645586,0.004044205310645586,0.0,0.0,1.0724803453005705
2021-03-17,-0.003218993833112919,-0.003218993833112919,0.0,0.0,1.069028037682913
2021-03-18,0.004100570391023524,0.0039533859556051595,0.4906147847278815,0.00014718443541836444,1.0732543181132368
2021-03-19,-0.009060336053529947,-0.009060336053529947,0.0,0.0,1.0635302733202288
2021-03-22,0.00873218157176524,0.00873218157176524,0.0,0.0,1.07281721277393
2021-03-23,0.00299380960736674,0.00299380960736674,0.0,0.0,1.076029023252481
2021-03-24,0.002038158199551011,0.002038158199551011,0.0,0.0,1.0782221406291779
2021-03-25,0.005466338930615238,0.005466338930615238,0.0,0.0,1.0841160682923505
2021-03-26,0.0035293303767168754,0.0035293303767168754,0.0,0.0,1.0879422720640615
2021-03-29,0.013179041472062582,0.013179041472062582,0.0,0.0,1.1022803083868036
2021-03-30,0.005776812562676819,0.005776812562676819,0.0,0.0,1.1086479751198839
2021-03-31,-0.0005584074248660721,-0.0005584074248660721,0.0,0.0,1.108028897859014
2021-04-01,-0.0018988527928175578,-0.0018988527928175578,0.0,0.0,1.105924914091792
2021-04-06,0.002123482371369197,0.002123482371369197,0.0,0.0,1.1082733261509239
2021-04-07,0.005489876763297117,0.005489876763297117,0.0,0.0,1.114357610131542
2021-04-08,-0.002586699147072794,-0.002586699147072794,0.0,0.0,1.1114751022518807
2021-04-09,-0.0016557991993326293,-0.0016557991993326293,0.0,0.0,1.1096347226674939
2021-04-12,0.011270260191245947,0.011270260191245947,0.0,0.0,1.1221405947091976
2021-04-13,-0.0032530897273263647,-0.0032530897273263647,0.0,0.0,1.118490170667933
2021-04-14,-0.001714212802092681,-0.001714212802092681,0.0,0.0,1.1165728404983593
2021-04-15,0.010174860416747516,0.010174860416747516,0.0,0.0,1.1279338132955614
2021-04-16,0.008997635090109894,0.008997635090109894,0.0,0.0,1.138082550153391
2021-04-19,0.019498899536415717,0.019498899536415717,0.0,0.0,1.16027390746298
2021-04-20,0.003632480211205496,0.003632480211205496,0.0,0.0,1.1644885794714175
2021-04-21,-0.001090932898384805,-0.001090932898384805,0.0,0.0,1.1632182005702787
2021-04-22,-0.003439891349436269,-0.003439891349436269,0.0,0.0,1.1592168563446301
2021-04-23,-0.0003254657391328804,-0.0003254657391328804,0.0,0.0,1.1588395709736647
2021-04-26,0.014999330351002094,0.014999330351002094,0.0,0.0,1.1762213885225123
2021-04-27,0.000359132990379955,0.000359132990379955,0.0,0.0,1.1766438084271214
2021-04-28,0.0011782162035994497,0.0011782162035994497,0.0,0.0,1.1780301492280751
2021-04-29,-0.004505004955994572,-0.004505004955994572,0.0,0.0,1.1727231175674917
2021-05-03,-0.01028453954992794,-0.01028453954992794,0.0,0.0,1.160662200283754
2021-05-04,-0.019175452738254523,-0.019175452738254523,0.0,0.0,1.1384059771171344
2021-05-05,0.0042733844511575894,0.0042733844511575894,0.0,0.0,1.1432708235188516
2021-05-06,0.009131927665074927,0.009131927665074927,0.0,0.0,1.1537110899808165
2021-05-07,0.010318673337775966,0.010318673337775966,0.0,0.0,1.1656158578444982
2021-05-10,0.01100454039482348,0.01100454039482348,0.0,0.0,1.178442924636995
2021-05-11,-0.02545016476059942,-0.02545016476059942,0.0,0.0,1.1484513580440208
2021-05-12,-0.0433146342809927,-0.0433146342809927,0.0,0.0,1.0987066074808347
2021-05-13,-0.007442951263712058,-0.007442951263712058,0.0,0.0,1.0905289877482365
2021-05-14,0.010470805208733459,0.010470805208733459,0.0,0.0,1.1019477043534256
2021-05-17,-0.035101427711499086,-0.035101427711499086,0.0,0.0,1.0632677666672115
2021-05-18,0.04230407575978637,0.04230407575978637,0.0,0.0,1.10824832682124
2021-05-19,-0.0005143539522254044,-0.0005143539522254044,0.0,0.0,1.1076782949142923
2021-05-20,-0.0043656743298775965,-0.0043656743298775965,0.0,0.0,1.1028425322164224
2021-05-21,0.011298371206436961,0.011298371206436961,0.0,0.0,1.1153028565276504
2021-05-24,7.350432478417688e-05,7.350432478417688e-05,0.0,0.0,1.1153848361110492
2021-05-25,0.008595783354706676,0.008595783354706676,0.0,0.0,1.1249724425193848
2021-05-26,0.0008163319767320043,0.0008163319767320043,0.0,0.0,1.1258907934971556
2021-05-27,-0.005234138918930338,-0.005234138918930338,0.0,0.0,1.1199977246764468
2021-05-28,0.012051585141823489,0.012051585141823489,0.0,0.0,1.1334954726140336
2021-05-31,0.009708086707899006,0.009708086707899006,0.0,0.0,1.1444995449451816
2021-06-01,0.005492731516361403,0.005492731516361403,0.0,0.0,1.1507859736661632
2021-06-02,0.0026991394329845373,0.0026991394329845373,0.0,0.0,1.153892105466611
2021-06-03,0.001278611366114478,0.001278611366114478,0.0,0.0,1.1553674850279303
2021-06-04,-0.0035878549104472602,-0.0035878549104472602,0.0,0.0,1.1512221941234018
2021-06-07,-0.0042213987260228784,-0.0042213987260228784,0.0,0.0,1.14636242621976
2021-06-08,0.0012786636761289655,0.0012786636761289655,0.0,0.0,1.1478282382138465
2021-06-09,-0.00748436658378029,-0.00748436658378029,0.0,0.0,1.1392374709038393
2021-06-10,0.002642724448068377,0.002642724448068377,0.0,0.0,1.1422481616203526
2021-06-11,0.001437674039105937,0.001437674039105937,0.0,0.0,1.1438903421485307
2021-06-15,-0.0024310348248706066,-0.0024310348248706066,0.0,0.0,1.1411095048909345
2021-06-16,-0.0014953059479600305,-0.0014953059479600305,0.0,0.0,1.1394031970609975
2021-06-17,0.0021771357850499684,0.0021771357850499684,0.0,0.0,1.1418838325349192
2021-06-18,-0.007041833697479663,-0.007041833697479663,0.0,0.0,1.1338428764843675
2021-06-21,-0.006561467187860241,-0.006561467187860241,0.0,0.0,1.1264032036541263
2021-06-22,0.00368458503734978,0.00368458503734978,0.0,0.0,1.130553532044333
2021-06-23,0.011203787744818873,0.011203787744818873,0.0,0.0,1.143220013851513
2021-06-24,0.0023692988044861853,0.0023692988044861853,0.0,0.0,1.145928643663596
2021-06-25,0.005181134739555666,0.005181134739555666,0.0,0.0,1.1518658543683333
2021-06-28,0.0033153992373239865,0.0033153992373239865,0.0,0.0,1.1556847495434057
2021-06-29,-0.005650831372997703,-0.005650831372997703,0.0,0.0,1.149154169903391
2021-06-30,0.004536948115765173,0.004536948115765173,0.0,0.0,1.1543678227492578
2021-07-01,-0.003689033002403737,-0.003689033002403737,0.0,0.0,1.1501093217542229
2021-07-02,0.00030483311964371975,0.00030483311964371975,0.0,0.0,1.1504599131667046
2021-07-05,0.00968779184735774,0.00968779184735774,0.0,0.0,1.1616053293341928
2021-07-06,0.001857019629128341,0.001857019629128341,0.0,0.0,1.1637624532320665
2021-07-07,-0.0011957017305939009,-0.0011957017305939009,0.0,0.0,1.1623709404527367
2021-07-08,0.006408031431310884,0.006408031431310884,0.0,0.0,1.1698194499740002
2021-07-09,-0.0023721274218862142,-0.0023721274218862142,0.0,0.0,1.1670444891780611
2021-07-12,0.0031574324306423754,0.0031574324306423754,0.0,0.0,1.1707293532961944
2021-07-13,0.0018603422894203309,0.0018603422894203309,0.0,0.0,1.172907310621597
2021-07-14,-0.0012782139902063555,-0.0012782139902063555,0.0,0.0,1.1714080840879453
2021-07-15,0.004410381653462367,0.004410381653462367,0.0,0.0,1.1765744408107244
2021-07-16,0.009076588457675637,0.009076588457675637,0.0,0.0,1.187253722799783
2021-07-19,-0.0015066539335019241,-0.0015066539335019241,0.0,0.0,1.185464942308262
2021-07-20,-0.012304264390275816,-0.012304264390275816,0.0,0.0,1.1708786682326981
2021-07-21,-0.00198647489097411,-0.00198647489097411,0.0,0.0,1.1685527471578767
2021-07-22,0.007611720499272709,0.007611720499272709,0.0,0.0,1.1774474440578997
2021-07-23,0.001999069786282101,0.001999069786282101,0.0,0.0,1.179801243668251
2021-07-26,-0.007074275767140811,-0.007074275767140811,0.0,0.0,1.1714550043201262
2021-07-27,-0.006711895440051507,-0.006711895440051507,0.0,0.0,1.1635923208184045
2021-07-28,-0.005087377659755989,-0.005087377659755989,0.0,0.0,1.1576726872404093
2021-07-29,0.004990173610141934,0.004990173610141934,0.0,0.0,1.1634496749334584
2021-07-30,-0.006505123580084369,-0.006505123580084369,0.0,0.0,1.1558812910188072
2021-08-02,0.010645873583606765,0.010645873583606765,0.0,0.0,1.1681866571206496
2021-08-03,0.0012573453126157336,0.0012573453126157336,0.0,0.0,1.1696554711382405
2021-08-04,0.004412434880546072,0.004412434880546072,0.0,0.0,1.1748164997373125
2021-08-05,0.0017805503521907506,0.0017805503521907506,0.0,0.0,1.1769083196696795
2021-08-06,-0.002020430214281818,-0.002020430214281818,0.0,0.0,1.1745304585411793
2021-08-09,-0.004299324670924316,-0.004299324670924316,0.0,0.0,1.1694807707640211
2021-08-10,-0.004876361484283498,-0.004876361484283498,0.0,0.0,1.1637779597768574
2021-08-11,-0.002205729626070319,-0.002205729626070319,0.0,0.0,1.1612109802528099
2021-08-12,-0.004799061451305609,-0.004799061451305609,0.0,0.0,1.1556382574006459
2021-08-13,-0.005006031196612555,-0.005006031196612555,0.0,0.0,1.1498530962320992
2021-08-16,-0.012374824705094399,-0.012374824705094399,0.0,0.0,1.135623865729617
2021-08-17,0.001683386863939395,0.001683386863939395,0.0,0.0,1.1375355600275623
2021-08-18,0.005885011930422283,0.005885011930422283,0.0,0.0,1.1442299703696042
2021-08-19,-0.014903767417903353,-0.014903767417903353,0.0,0.0,1.1271766330186213
2021-08-20,-0.0021037955082052234,-0.0021037955082052234,0.0,0.0,1.1248052838811227
2021-08-23,0.005914906852865772,0.005914906852865772,0.0,0.0,1.1314584023628906
2021-08-24,0.007328926247008549,0.007328926247008549,0.0,0.0,1.1397507775453666
2021-08-25,0.0021765348454847325,0.0021765348454847325,0.0,0.0,1.1422314848278623
2021-08-26,-0.0028052626446988652,-0.0028052626446988652,0.0,0.0,1.1390272255118759
2021-08-27,0.014009040329580573,0.014009040329580573,0.0,0.0,1.1549839038505618
2021-08-30,0.013605023749505802,0.013605023749505802,0.0,0.0,1.1706974872927456
2021-08-31,0.0013516247141365997,0.0013516247141365997,0.0,0.0,1.172279830949348
2021-09-01,-0.006351063006148042,-0.006351063006148042,0.0,0.0,1.164834607882152
2021-09-02,-0.009523272539588599,-0.009523272539588599,0.0,0.0,1.1537415704477456
2021-09-03,0.008197576743485962,0.008197576743485962,0.0,0.0,1.163199455513641
2021-09-06,-0.006568126267384023,-0.006568126267384023,0.0,0.0,1.155559414615675
2021-09-07,-0.0022969452127247687,-0.0022969452127247687,0.0,0.0,1.1529051579502545
2021-09-08,-0.005359104467420248,-0.005359104467420248,0.0,0.0,1.1467266187677714
2021-09-09,-0.0015111686147974653,-0.0015111686147974653,0.0,0.0,1.1449937214917367
2021-09-10,0.007501807245492864,0.007501807245492864,0.0,0.0,1.1535832436876672
2021-09-13,0.0044197855269396125,0.0044197855269396125,0.0,0.0,1.158681834212238
2021-09-14,0.0023165047038335917,0.0023165047038335917,0.0,0.0,1.1613659261314373
2021-09-15,0.00020734329590107634,0.00020734329590107634,0.0,0.0,1.1616067275703086
2021-09-16,0.00010539919288363331,0.00010539919288363331,0.0,0.0,1.1617291599818427
2021-09-17,-0.004351033108025175,-0.004351033108025175,0.0,0.0,1.1566744379442033
2021-09-22,-0.0122624371705998,-0.0122624371705998,0.0,0.0,1.1424907903220736
2021-09-23,0.006547646894837684,0.006547646894837684,0.0,0.0,1.1499714165977066
2021-09-24,0.0034152882826695755,0.0034152882826695755,0.0,0.0,1.1538989005022178
2021-09-27,0.0031273845026947313,0.0031273845026947313,0.0,0.0,1.1575075860413249
2021-09-28,-0.0012758443714748907,-0.0012758443714748907,0.0,0.0,1.1560307865027346
2021-09-29,-0.006888547518058053,-0.006888547518058053,0.0,0.0,1.1480674134975726
2021-09-30,0.0017993322797074842,0.0017993322797074842,0.0,0.0,1.150133168253959
2021-10-01,-0.012652584462383308,-0.012652584462383308,0.0,0.0,1.1355810111996374
2021-10-04,-0.0021877046111948924,-0.0021877046111948924,0.0,0.0,1.1330966953850505
2021-10-05,0.002124618546718908,0.002124618546718908,0.0,0.0,1.1355040936392915
2021-10-06,0.002309489679106341,0.002309489679106341,0.0,0.0,1.1381265286241344
2021-10-07,0.008937157402375018,0.008937157402375018,0.0,0.0,1.148298144554267
2021-10-08,-0.0015795781111716362,-0.0015795781111716362,0.0,0.0,1.1464843179400301
2021-10-12,-0.003841749896092935,-0.003841749896092935,0.0,0.0,1.1420798119307118
2021-10-13,-0.0018379463851914421,-0.0018379463851914421,0.0,0.0,1.1399807304687737
2021-10-14,-0.002514160433048233,-0.002514160433048233,0.0,0.0,1.1371146360217916
2021-10-15,0.008888198505328734,0.008888198505328734,0.0,0.0,1.1472215366300678
2021-10-18,0.0028364422859059758,0.0028364422859059758,0.0,0.0,1.1504755643078672
2021-10-19,0.0018333541324057428,0.0018333541324057428,0.0,0.0,1.152584793437923
2021-10-20,-0.00014187845658513066,-0.00014187845658513066,0.0,0.0,1.1524212664863465
2021-10-21,0.0006504961096538645,0.0006504961096538645,0.0,0.0,1.1531709120368783
2021-10-22,0.0001854907914718978,0.0001854907914718978,0.0,0.0,1.1533848146220542
2021-10-25,0.0019385716214544322,0.0019385716214544322,0.0,0.0,1.155620733692297
2021-10-26,0.005735426611351813,0.005735426611351813,0.0,0.0,1.1622487116009457
2021-10-27,0.0008089313006048089,0.0008089313006048089,0.0,0.0,1.1631888909628472
2021-10-28,0.0010306925325476294,0.0010306925325476294,0.0,0.0,1.164387781066705
2021-10-29,-0.0031798816641627945,-0.0031798816641627945,0.0,0.0,1.1606851657117156
2021-11-01,0.0005814396371081924,0.0005814396371081924,0.0,0.0,1.161360034073264
2021-11-02,-0.0010304105531571766,-0.0010304105531571766,0.0,0.0,1.1601633564381397
2021-11-03,0.0045595791641031055,0.0045595791641031055,0.0,0.0,1.165453213105111
2021-11-04,4.920257613434545e-06,4.920257613434545e-06,0.0,0.0,1.1654589474351558
2021-11-05,0.0038420542939815614,0.0038420542939815614,0.0,0.0,1.1699367039886084
2021-11-08,0.003871553689705471,0.003871553689705471,0.0,0.0,1.1744661767516573
2021-11-09,0.00039707040126831894,0.00039707040126831894,0.0,0.0,1.1749325225077363
2021-11-10,0.0025236870026227073,0.0025236870026227073,0.0,0.0,1.1778976844437477
2021-11-11,0.0011254837435452475,0.0011254837435452475,0.0,0.0,1.1792233891391486
2021-11-12,0.007898041128116389,0.007898041128116389,0.0,0.0,1.1885369439658064
2021-11-15,0.004211048673512516,0.004211048673512516,0.0,0.0,1.1935419308871142
2021-11-16,0.0016034495809338438,0.0016034495809338438,0.0,0.0,1.1954557151960221
2021-11-17,0.012299913468636637,0.012299913468636637,0.0,0.0,1.2101597170485203
2021-11-18,0.0070534524918070335,0.0070534524918070335,0.0,0.0,1.2186955211202208
2021-11-19,-0.00976887491488714,-0.00976887491488714,0.0,0.0,1.2067902370150643
2021-11-22,-0.0020668959598882275,-0.0020668959598882275,0.0,0.0,1.2042959271497453
2021-11-23,-0.003623189454663375,-0.003623189454663375,0.0,0.0,1.1999325348462024
2021-11-24,0.005800303819188493,0.005800303819188493,0.0,0.0,1.2068925081108395
2021-11-25,0.0002503913026118253,0.0002503913026118253,0.0,0.0,1.2071947034980577
2021-11-26,-0.015382481159122975,-0.015382481159122975,0.0,0.0,1.1886250537161058
2021-11-29,-0.005880433942979123,-0.005880433942979123,0.0,0.0,1.1816354226047583
2021-11-30,-0.000667008083505518,-0.000667008083505518,0.0,0.0,1.1808472622261246
2021-12-01,0.01046255243928705,0.01046255243928705,0.0,0.0,1.193201938629954
2021-12-02,-0.0006054283774001613,-0.0006054283774001613,0.0,0.0,1.1924795403163384
2021-12-03,0.003593071662237331,0.003593071662237331,0.0,0.0,1.196764204760447
2021-12-06,0.005303224192583887,0.005303224192583887,0.0,0.0,1.203110913643951
2021-12-07,0.0073851038906870645,0.0073851038906870645,0.0,0.0,1.2119960127332312
2021-12-08,0.0014803537022521683,0.0014803537022521683,0.0,0.0,1.2137901955177957
2021-12-09,0.0044029043994201315,0.0044029043994201315,0.0,0.0,1.2191343977096138
2021-12-10,-0.0008563007470055827,-0.0008563007470055827,0.0,0.0,1.218090452014155
2021-12-13,-0.003637636740571409,-0.003637636740571409,0.0,0.0,1.213659481432569
2021-12-14,-0.006664788091466105,-0.006664788091466105,0.0,0.0,1.2055706981736223
2021-12-15,0.0001988749800162715,0.0001988749800162715,0.0,0.0,1.2058104560221299
2021-12-16,0.00410202105166097,0.00410202105166097,0.0,0.0,1.2107567158970456
2021-12-17,0.004945512351637405,0.004945512351637405,0.0,0.0,1.2167445281903422
2021-12-20,-0.006048362028771448,-0.006048362028771448,0.0,0.0,1.2093852167873202
2021-12-21,0.005462037655318702,0.005462037655318702,0.0,0.0,1.2159909243811984
2021-12-22,0.000150300934214898,0.000150300934214898,0.0,0.0,1.2161736889531298
2021-12-23,0.004260118827225391,0.004260118827225391,0.0,0.0,1.2213547333826151
2021-12-24,0.0018622871388007953,0.0018622871388007953,0.0,0.0,1.2236292465945071
2021-12-27,0.002328742457293387,0.002328742457293387,0.0,0.0,1.2264787639730377
2021-12-28,0.005977773743052648,0.005977773743052648,0.0,0.0,1.2338103765247272
2021-12-29,0.005782038326755009,0.005782038326755009,0.0,0.0,1.2409443154097413
2021-12-30,-0.0016515394472739172,-0.0016515394472739172,0.0,0.0,1.2388948469209717
2022-01-03,-0.00514247396197026,-0.00514247396197026,0.0,0.0,1.2325238624290615
2022-01-04,0.001652993005398512,0.001652993005398512,0.0,0.0,1.2345612157526435
2022-01-05,0.002995115846094729,0.002995115846094729,0.0,0.0,1.2382588696129184
2022-01-06,0.002861039935972829,0.002861039935972829,0.0,0.0,1.2418015776899534
2022-01-07,0.0008055293304227273,0.0008055293304227273,0.0,0.0,1.2428018852833478
2022-01-10,0.0044238562540328315,0.0044238562540328315,0.0,0.0,1.2482998621760824
2022-01-11,0.011505953618177606,0.011505953618177606,0.0,0.0,1.262662742491858
2022-01-12,0.0029617841900497367,0.0029617841900497367,0.0,0.0,1.2664024770399351
2022-01-13,0.012856362725741291,0.012856362725741291,0.0,0.0,1.2826838066415376
2022-01-14,-0.006672256607510234,-0.006672256607510234,0.0,0.0,1.2741254111373272
2022-01-17,-0.0023929209789603847,-0.0023929209789603847,0.0,0.0,1.2710765297111901
2022-01-18,0.004684894435009866,0.004684894435009866,0.0,0.0,1.2770313890717058
2022-01-19,-0.004210378718111021,-0.004210378718111021,0.0,0.0,1.2716546032887985
2022-01-20,-0.0006929506093124125,-0.0006929506093124125,0.0,0.0,1.2707734094566145
2022-01-21,-0.011680658892410996,-0.011680658892410996,0.0,0.0,1.2559299387312057
2022-01-24,-0.002948538968680032,-0.002948538968680032,0.0,0.0,1.2522267803649247
2022-01-25,-0.0078513005540167,-0.0078513005540167,0.0,0.0,1.242395171550491
2022-01-26,0.0019397612487164761,0.0019397612487164761,0.0,0.0,1.244805121559857
2022-02-07,0.021640969401649893,0.021640969401649893,0.0,0.0,1.271743911106551
2022-02-08,0.00917037860504545,0.00917037860504545,0.0,0.0,1.2834062842600593
2022-02-09,0.00796465589939878,0.00796465589939878,0.0,0.0,1.2936281736933168
2022-02-10,0.002870500656733582,0.002870500656733582,0.0,0.0,1.2973415342154726
2022-02-11,-0.002175416360590926,-0.002175416360590926,0.0,0.0,1.2945192762166662
2022-02-14,-0.009228799742826517,-0.009228799742826517,0.0,0.0,1.2825724170532338
2022-02-15,-0.003741589489514169,-0.003741589489514169,0.0,0.0,1.2777735575780467
2022-02-16,0.008112478999063533,0.008112478999063533,0.0,0.0,1.2881394687294574
2022-02-17,0.003629217680824969,0.003629217680824969,0.0,0.0,1.292814407264739
2022-02-18,0.00037818120622832565,0.00037818120622832565,0.0,0.0,1.2933033253767077
2022-02-21,0.003367494856614954,0.003367494856614954,0.0,0.0,1.2976585176729567
2022-02-22,-0.008247477874068473,-0.008247477874068473,0.0,0.0,1.2869561077603526
2022-02-23,0.004082693001318024,0.004082693001318024,0.0,0.0,1.2922103544545094
2022-02-24,-0.01661211458416949,-0.01661211458416949,0.0,0.0,1.270744007979461
2022-02-25,-0.0017610357035001789,-0.0017610357035001789,0.0,0.0,1.2685061824114003
2022-03-01,0.011753871752265785,0.011753871752265785,0.0,0.0,1.2834160413964202
2022-03-02,0.002104780212408404,0.002104780212408404,0.0,0.0,1.2861173500846388
2022-03-03,0.0018969944820194983,0.0018969944820194983,0.0,0.0,1.288557107600979
2022-03-04,-0.009232995608212481,-0.009232995608212481,0.0,0.0,1.276659865485568
2022-03-07,-0.022106555573324155,-0.022106555573324155,0.0,0.0,1.2484373132209787
2022-03-08,-0.012612272267209028,-0.012612272267209028,0.0,0.0,1.2326916819180929
2022-03-09,0.004273987295170485,0.004273987295170485,0.0,0.0,1.2379601905054731
2022-03-10,0.02260639613082149,0.02260639613082149,0.0,0.0,1.2659460089662269
2022-03-11,-0.003950957057036882,-0.003950957057036882,0.0,0.0,1.260944310648274
2022-03-14,0.00487737470412227,0.00487737470412227,0.0,0.0,1.2670944085323368
2022-03-15,-0.0011819362678106217,-0.0011819362678106217,0.0,0.0,1.2655967836961524
2022-03-16,0.010035082398826813,0.010035082398826813,0.0,0.0,1.2782971517042336
2022-03-17,0.011422791730186642,0.011422791730186642,0.0,0.0,1.2928988738374418
2022-03-18,0.006292739349459677,0.006292739349459677,0.0,0.0,1.3010347494557108
2022-03-21,0.0005669346603546589,0.0005669346603546589,0.0,0.0,1.3017723511495032
2022-03-22,0.003525589643342452,0.003525589643342452,0.0,0.0,1.3063618662687053
2022-03-23,0.010428765902666415,0.010428765902666415,0.0,0.0,1.3199856083561923
2022-03-24,0.0013829137051398022,0.0013829137051398022,0.0,0.0,1.3218110345445753
2022-03-25,-0.003748391138727573,-0.003748391138727573,0.0,0.0,1.316856369775616
2022-03-28,0.0020943709504148006,0.0020943709504148006,0.0,0.0,1.3196143555023427
2022-03-29,-0.0024812194684755047,-0.0025436014354104047,0.20793988978299976,6.238196693489993e-05,1.3162577825334987
2022-03-30,0.008902563737873537,0.008902563737873537,0.0,0.0,1.3279758513379751
2022-03-31,0.0058029382138312605,0.0058029382138312605,0.0,0.0,1.3356820131527491
2022-04-01,0.0031697363828787793,0.0031697363828787793,0.0,0.0,1.3399157730257962
2022-04-06,0.013999239362153372,0.013999239362153372,0.0,0.0,1.358673574657509
2022-04-07,-0.014886741709115713,-0.014886741709115713,0.0,0.0,1.3384473520845817
2022-04-08,0.012043825112313947,0.012043825112313947,0.0,0.0,1.3545673779151282
2022-04-11,-0.0036831352029236576,-0.0036831352029236576,0.0,0.0,1.349578323120797
2022-04-12,-0.006140454833898593,-0.006140454833898593,0.0,0.0,1.341291298382865
2022-04-13,0.007339705084651014,0.007339705084651014,0.0,0.0,1.351135980945604
2022-04-14,-0.01516089877805103,-0.01516089877805103,0.0,0.0,1.3306515451031051
2022-04-15,-0.004887485046457433,-0.004887485046457433,0.0,0.0,1.3241480055743682
2022-04-18,-0.013960628556983906,-0.013960628556983906,0.0,0.0,1.3056620671140735
2022-04-19,0.0007509863559410348,0.0007509863559410348,0.0,0.0,1.306642601511946
2022-04-20,0.00867761539839365,0.00867761539839365,0.0,0.0,1.3179811434710231
2022-04-21,-0.006269979903538501,-0.006269979903538501,0.0,0.0,1.3097174281882171
2022-04-22,0.004796234638205463,0.004796234638205463,0.0,0.0,1.315999140283555
2022-04-25,-0.014979719725879,-0.014979719725879,0.0,0.0,1.2962858420026095
2022-04-26,0.010958105534801577,0.010958105534801577,0.0,0.0,1.3104906790625432
2022-04-27,-0.013299498258245942,-0.013299498258245942,0.0,0.0,1.2930618105589033
2022-04-28,0.003452278910725102,0.003452278910725102,0.0,0.0,1.29752582057776
2022-04-29,0.006158757575433083,0.006158757575433083,0.0,0.0,1.3055169675545635
2022-05-03,-0.007734513339142525,-0.007734513339142525,0.0,0.0,1.2954194291545358
2022-05-04,-0.0007967059402459544,-0.0007967059402459544,0.0,0.0,1.2943873608002183
2022-05-05,-0.004895039007139841,-0.004895039007139841,0.0,0.0,1.2880512841787524
2022-05-06,-0.010842586244725097,-0.010842586244725097,0.0,0.0,1.2740854770424153
2022-05-09,-0.026997427672590828,-0.026997427672590828,0.0,0.0,1.2396884465272642
2022-05-10,0.0007987372056150884,0.0007987372056150884,0.0,0.0,1.2406786318128766
2022-05-11,-0.007028610148342782,-0.007028610148342782,0.0,0.0,1.2319583853904845
2022-05-12,-0.024577148333110945,-0.024577148333110945,0.0,0.0,1.2016803614125227
2022-05-13,0.00474687580348629,0.00474687580348629,0.0,0.0,1.2073845888436365
2022-05-16,-0.0020335960752515866,-0.0020335960752515866,0.0,0.0,1.204929256282445
2022-05-17,-0.0012171459973405962,-0.0012171459973405962,0.0,0.0,1.2034626814610823
2022-05-18,0.023170469635442417,0.023170469635442417,0.0,0.0,1.2313474769792645
2022-05-19,-0.017634250176666748,-0.017634250176666748,0.0,0.0,1.2096335875158046
2022-05-20,0.0066992883275948855,0.0066992883275948855,0.0,0.0,1.217737271689316
2022-05-23,0.00016627454314669933,0.00016627454314669933,0.0,0.0,1.2179397503978389
2022-05-24,-0.003438325655314131,-0.003438325655314131,0.0,0.0,1.213752076907419
2022-05-25,0.0035876621237105064,0.0035876621237105064,0.0,0.0,1.2181066092613149
2022-05-26,-0.0010515503157137321,-0.0010515503157137321,0.0,0.0,1.216825708871773
2022-05-27,0.011752609137363928,0.011752609137363928,0.0,0.0,1.2311265858164389
2022-05-30,0.0153929748052689,0.0153929748052689,0.0,0.0,1.250077286334008
2022-05-31,0.005025206830950135,0.005025206830950135,0.0,0.0,1.2563591832525094
2022-06-01,-0.009530240085889105,-0.009530240085889105,0.0,0.0,1.2443857786020014
2022-06-02,-0.0035284179328808687,-0.0035284179328808687,0.0,0.0,1.2399950655053602
2022-06-06,0.006322016260251322,0.006322016260251322,0.0,0.0,1.2478343344721166
2022-06-07,-0.004674959399998878,-0.004674959399998878,0.0,0.0,1.242000759620535
2022-06-08,0.004020760516453985,0.004020760516453985,0.0,0.0,1.246994547236223
2022-06-09,-0.006301479568797581,-0.006301479568797581,0.0,0.0,1.2391366365744119
2022-06-10,-0.006250782610665808,-0.006250782610665808,0.0,0.0,1.2313910628342737
2022-06-13,-0.012739513336207266,-0.012739513336207266,0.0,0.0,1.21570373996721
2022-06-14,0.004786458520249901,0.004786458520249901,0.0,0.0,1.2215226554914758
2022-06-15,-0.00023661879057088563,-0.00023661879057088563,0.0,0.0,1.2212336202780785
2022-06-16,-0.0050625499985310005,-0.0050625499985310005,0.0,0.0,1.2150510640155336
2022-06-17,-0.010110661258386276,-0.010110661258386276,0.0,0.0,1.2027660942956309
2022-06-20,-0.01566914014405139,-0.01566914014405139,0.0,0.0,1.1839197838035993
2022-06-21,0.025562630489374332,0.025562630489374332,0.0,0.0,1.2141838877660307
2022-06-22,-0.012996544711998683,-0.012996544711998683,0.0,0.0,1.198403692580091
2022-06-23,0.001353342107666291,0.001353342107666291,0.0,0.0,1.2000255427592423
2022-06-24,0.009188008505423471,0.009188008505423471,0.0,0.0,1.2110513876528397
2022-06-27,0.0026347128906211857,0.0026347128906211857,0.0,0.0,1.2142421603550935
2022-06-28,-0.005590691202228325,-0.005590691202228325,0.0,0.0,1.2074537073918215
2022-06-29,-0.0054706072265674095,-0.0054706072265674095,0.0,0.0,1.200848202414418
2022-06-30,-0.020499893464029948,-0.020499893464029948,0.0,0.0,1.1762309421984507
2022-07-01,-0.013515449639106052,-0.013515449639106052,0.0,0.0,1.1603336521352094
2022-07-04,-0.0021894497016293245,-0.0021894497016293245,0.0,0.0,1.1577931599667515
2022-07-05,0.005252926842111981,0.005252926842111981,0.0,0.0,1.1638749627343545
2022-07-06,-0.021788920716178502,-0.021788920716178502,0.0,0.0,1.1385153834477904
2022-07-07,0.003850290568598941,0.003850290568598941,0.0,0.0,1.1428989984908842
2022-07-08,-0.0017606222612775227,-0.0017606222612775227,0.0,0.0,1.1408867850717495
2022-07-11,-0.01103631291497168,-0.01103631291497168,0.0,0.0,1.1282956015111416
2022-07-12,-0.020154333617135537,-0.020154333617135537,0.0,0.0,1.1055555555395393
2022-07-13,0.02403344661040126,0.02403344661040126,0.0,0.0,1.1321258659584315
2022-07-14,-0.006029647705889204,-0.006029647705889204,0.0,0.0,1.1252995458279773
2022-07-15,-0.01316455330313685,-0.01316455330313685,0.0,0.0,1.1104854799749293
2022-07-18,0.0130489202197819,0.0130489202197819,0.0,0.0,1.1249761164083483
2022-07-19,-0.0007132588659224799,-0.0007132588659224799,0.0,0.0,1.124173717219369
2022-07-20,-0.0024321526781991617,-0.0024321526781991617,0.0,0.0,1.121439555102273
2022-07-21,0.006513492930356462,0.006513492930356462,0.0,0.0,1.1287440437162537
2022-07-22,0.003952426958243913,0.003952426958243913,0.0,0.0,1.133205322103595
2022-07-25,0.0071129232712710145,0.0071129232712710145,0.0,0.0,1.1412657246103137
2022-07-26,-0.0016246772186405826,-0.0016246772186405826,0.0,0.0,1.139411536187124
2022-07-27,0.004493072923416375,0.004493072923416375,0.0,0.0,1.1445309953089946
2022-07-28,-0.001227770364946139,-0.001227770364946139,0.0,0.0,1.143125774071192
2022-07-29,-0.0003185959679818197,-0.0003185959679818197,0.0,0.0,1.142761578808677
2022-08-01,0.0028351052486982288,0.0028351052486982288,0.0,0.0,1.146001428158768
2022-08-02,-0.004951299078988897,-0.004951299078988897,0.0,0.0,1.1403272323430056
2022-08-03,-0.003389322646031593,-0.003389322646031593,0.0,0.0,1.1364622954305388
2022-08-04,-0.006240226247835919,-0.006240226247835919,0.0,0.0,1.1293705135849172
2022-08-05,0.012186053764875634,0.012186053764875634,0.0,0.0,1.1431330833839284
2022-08-08,0.0048103707233300656,0.0048103707233300656,0.0,0.0,1.1486319773011084
2022-08-09,0.007906458396216145,0.007906458396216145,0.0,0.0,1.1577135882422032
2022-08-10,0.0008636127382410986,0.0008636127382410986,0.0,0.0,1.158713404444244
2022-08-11,0.010434850887169066,0.010434850887169066,0.0,0.0,1.1708044060405836
2022-08-12,-0.0013732053963238931,-0.0013732053963238931,0.0,0.0,1.1691966511121687
2022-08-15,7.07794806696512e-05,7.07794806696512e-05,0.0,0.0,1.1692794062439351
2022-08-16,0.0019029959293745805,0.0019029959293745805,0.0,0.0,1.171504540194319
2022-08-17,0.004712479389163272,0.004712479389163272,0.0,0.0,1.177025231194296
2022-08-18,-0.003458263614308295,-0.003458263614308295,0.0,0.0,1.1729547676641339
2022-08-19,0.0016897100721544375,0.0016897100721544375,0.0,0.0,1.1749367211492376
2022-08-22,-0.003138080253430563,-0.003138080253430563,0.0,0.0,1.1712496754255688
2022-08-23,-0.010977253348213136,-0.010977253348213136,0.0,0.0,1.15839257100441
2022-08-24,-0.004325496452823901,-0.004325496452823901,0.0,0.0,1.153381948047553
2022-08-25,0.005985514708424864,0.005985514708424864,0.0,0.0,1.1602855326620234
2022-08-26,0.0039504433256373934,0.0039504433256373934,0.0,0.0,1.1648691749003617
2022-08-29,-0.012901770035183308,-0.012901770035183308,0.0,0.0,1.1498403006847235
2022-08-30,0.0017933591270184726,0.0017933591270184726,0.0,0.0,1.1519023772825703
2022-08-31,0.0054922475476152505,0.0054922475476152505,0.0,0.0,1.1582289102892929
2022-09-01,-0.012557475793395853,-0.012557475793395853,0.0,0.0,1.143684478785124
2022-09-02,-0.005651253696849049,-0.005651253696849049,0.0,0.0,1.1372212276463607
2022-09-05,0.005196403985988179,0.005196403985988179,0.0,0.0,1.1431306885666526
2022-09-06,0.0026226015698632456,0.0026226015698632456,0.0,0.0,1.1461286649050462
2022-09-07,-0.013826836604417131,-0.013826836604417131,0.0,0.0,1.1302813311277653
2022-09-08,0.01326898035979783,0.01326898035979783,0.0,0.0,1.1452790119115457
2022-09-12,0.00834286428749278,0.00834286428749278,0.0,0.0,1.1548339192792376
2022-09-13,-0.00019178023665870133,-0.00019178023665870133,0.0,0.0,1.1546124449568969
2022-09-14,-0.013343769399020995,-0.013343769399020995,0.0,0.0,1.1392055627461521
2022-09-15,0.005628964911020556,0.005628964911020556,0.0,0.0,1.1456181108852896
2022-09-16,-0.0037251556223960795,-0.0037251556223960795,0.0,0.0,1.1413505051384065
2022-09-19,-0.006472887954446873,-0.006472887954446873,0.0,0.0,1.1339626712018942
2022-09-20,0.0023536430501807674,0.0023536430501807674,0.0,0.0,1.136631614562133
2022-09-21,-0.006217787254509351,-0.006217787254509351,0.0,0.0,1.129564280996036
2022-09-22,-0.014265147796419877,-0.014265147796419877,0.0,0.0,1.1134508795820708
2022-09-23,-0.001641962959462537,-0.001641962959462537,0.0,0.0,1.1116226344806162
2022-09-26,-0.01719821486534178,-0.01719821486534178,0.0,0.0,1.0925047095636413
2022-09-27,-0.0011120512667023236,-0.0011120512667023236,0.0,0.0,1.0912897883174928
2022-09-28,-0.014178185115395795,-0.014178185115395795,0.0,0.0,1.0758172796841863
2022-09-29,0.007135615021909108,0.007135615021909108,0.0,0.0,1.08349389762593
2022-09-30,-0.008511507446591845,-0.008511507446591845,0.0,0.0,1.0742717312479502
2022-10-03,-0.013920404242293962,-0.013920404242293962,0.0,0.0,1.0593174344829097
2022-10-04,0.007519808566982983,0.007519808566982983,0.0,0.0,1.0672832988018888
2022-10-05,0.0050600943449019544,0.0050600943449019544,0.0,0.0,1.0726838529865645
2022-10-06,0.005584872777662385,0.005584872777662385,0.0,0.0,1.0786746558361473
2022-10-07,-0.0057776943606493245,-0.0057776943606493245,0.0,0.0,1.0724424033601474
2022-10-11,-0.020336695569063805,-0.020336695569063805,0.0,0.0,1.050632468687657
2022-10-12,0.006092511541585483,0.006092511541585483,0.0,0.0,1.0570334591291008
2022-10-13,-0.022675969510664452,-0.022675969510664452,0.0,0.0,1.0330642006381372
2022-10-14,0.0026623963981142204,0.0026623963981142204,0.0,0.0,1.0358146270449369
2022-10-17,-0.0030804774159055247,-0.0030804774159055247,0.0,0.0,1.0326238234792604
2022-10-18,0.006068668941269129,0.006068668941269129,0.0,0.0,1.0388904756048236
2022-10-19,-0.008677282223107739,-0.008677282223107739,0.0,0.0,1.029875729749102
2022-10-20,0.0008155923740226154,0.0008155923740226154,0.0,0.0,1.0307156885404762
2022-10-21,0.0010182752501870923,0.0010182752501870923,0.0,0.0,1.0317652408160964
2022-10-24,-0.0009360380764783507,-0.0009360380764783507,0.0,0.0,1.0307994692647058
2022-10-25,0.0050906461192791914,0.0050906461192791914,0.0,0.0,1.0360469045826732
2022-10-26,0.005914767464043435,0.005914767464043435,0.0,0.0,1.0421748811051217
2022-10-27,-0.0026836835639944623,-0.0026836835639944623,0.0,0.0,1.0393780135058919
2022-10-28,-0.00406724137707748,-0.00406724137707748,0.0,0.0,1.0351506122429361
2022-10-31,0.0037377765706277464,0.0037377765706277464,0.0,0.0,1.0390197739484488
2022-11-01,0.009103834157752766,0.009103834157752766,0.0,0.0,1.0484788376571013
2022-11-02,-0.0027669892516317732,-0.0027669892516317732,0.0,0.0,1.0455777079827406
2022-11-03,-0.005221102430999467,-0.005221102430999467,0.0,0.0,1.040118639669793
2022-11-04,0.00904812695584819,0.00904812695584819,0.0,0.0,1.0495297651706694
2022-11-07,0.009637968365767057,0.009637968365767057,0.0,0.0,1.0596450998463152
2022-11-08,0.006510235333166081,0.006510235333166081,0.0,0.0,1.066543638815951
2022-11-09,0.008701555900393796,0.008701555900393796,0.0,0.0,1.0758242279093175
2022-11-10,-0.007077103091611479,-0.007077103091611479,0.0,0.0,1.06821050893995
2022-11-11,0.023546574403429655,0.023546574403429655,0.0,0.0,1.09336320716723
2022-11-14,0.00868608773619003,0.00868608773619003,0.0,0.0,1.1028602559122067
2022-11-15,0.0027619446999183114,0.0027619446999183114,0.0,0.0,1.105906294950774
2022-11-16,-0.008907695588016578,-0.008907695588016578,0.0,0.0,1.0960552183264813
2022-11-17,-0.003258587166748786,-0.003258587166748786,0.0,0.0,1.0924836268579947
2022-11-18,-0.003981464455575356,-0.003981464455575356,0.0,0.0,1.0881339421293617
2022-11-21,-0.0013843680346002315,-0.0013843680346002315,0.0,0.0,1.0866275642825143
2022-11-22,0.003639078459224045,0.003639078459224045,0.0,0.0,1.0905818872448938
2022-11-23,0.007359844505195567,0.007359844505195567,0.0,0.0,1.098608400355199
2022-11-24,0.008305542020007932,0.008305542020007932,0.0,0.0,1.107732938587883
2022-11-25,0.00027937640772284574,0.00027937640772284574,0.0,0.0,1.108042413036982
2022-11-28,-0.004213902125095159,-0.004213902125095159,0.0,0.0,1.1033732307579898
2022-11-29,0.013196335054321408,0.013196335054321408,0.0,0.0,1.1179337136010412
2022-11-30,0.012089683242362918,0.012089683242362918,0.0,0.0,1.1314491780844362
2022-12-01,-0.002195229215359507,-0.002195229215359507,0.0,0.0,1.1289653877930108
2022-12-02,-0.003923731267948209,-0.003923731267948209,0.0,0.0,1.1245356310004961
2022-12-05,0.0005561117156650254,0.0005561117156650254,0.0,0.0,1.1251609984395783
2022-12-06,-0.01040919666740557,-0.01040919666740557,0.0,0.0,1.1134489763243263
2022-12-07,0.0033722875241695947,0.0033722875241695947,0.0,0.0,1.1172038464159841
2022-12-08,-0.003194068565142749,-0.003194068565142749,0.0,0.0,1.1136354207292902
2022-12-09,0.004949831109757029,0.004949831109757029,0.0,0.0,1.1191477279797435
2022-12-12,-0.00031006582190385866,-0.00031006582190385866,0.0,0.0,1.1188007185196356
2022-12-13,-0.00797825448027676,-0.00797825448027676,0.0,0.0,1.1098746416745695
2022-12-14,0.009463227748352728,0.009463227748352728,0.0,0.0,1.1203776381808572
2022-12-15,-0.0008373742910962703,-0.0008373742910962703,0.0,0.0,1.1194394627503255
2022-12-16,-0.009185785380798145,-0.009185785380798145,0.0,0.0,1.109156532098705
2022-12-19,-0.0012123949788730892,-0.0012123949788730892,0.0,0.0,1.1078117962884042
2022-12-20,-0.008906613277491737,-0.008906613277491737,0.0,0.0,1.09794494503462
2022-12-21,0.00019247527586192987,0.00019247527586192987,0.0,0.0,1.0981562722907967
2022-12-22,0.014981987710707134,0.014981987710707134,0.0,0.0,1.1146088360666935
2022-12-23,-0.007439356646988913,-0.007439356646988913,0.0,0.0,1.106316863413308
2022-12-26,0.0031696570706621534,0.0031696570706621534,0.0,0.0,1.1098235084818187
2022-12-27,0.0024344330704492855,0.0024344330704492855,0.0,0.0,1.1125252995332289
2022-12-28,-0.0063371755187841584,-0.0063371755187841584,0.0,0.0,1.105475031440999
2022-12-29,-0.004409336898340407,-0.004409336898340407,0.0,0.0,1.100600619594672
2022-12-30,0.004388048029659814,0.004388048029659814,0.0,0.0,1.105430107974927
2023-01-03,0.00039040573010959374,0.00039040573010959374,0.0,0.0,1.105861674223316
2023-01-04,0.001491002923230226,0.001491002923230226,0.0,0.0,1.1075105172122712
2023-01-05,0.006376515310308922,0.006376515310308922,0.0,0.0,1.1145725749816036
2023-01-06,0.0031759940275958047,0.0031759940275958047,0.0,0.0,1.118112450823067
2023-01-09,0.01784757677878214,0.01784757677878214,0.0,0.0,1.138068048636444
2023-01-10,0.0006147427199208881,0.0006147427199208881,0.0,0.0,1.1387676676841179
2023-01-11,-0.008200211249348143,-0.008200211249348143,0.0,0.0,1.1294295322451806
2023-01-12,-0.004952297603973645,-0.004952297603973645,0.0,0.0,1.1238362610787858
2023-01-13,0.0020002336586725823,0.0020002336586725823,0.0,0.0,1.1260841961950323
2023-01-16,0.0073760292443818,0.0073760292443818,0.0,0.0,1.1343902261578032
2023-01-17,0.00012890741945129647,0.00012890741945129647,0.0,0.0,1.1345364574745078
2023-01-30,0.019171718924986886,0.019171718924986886,0.0,0.0,1.1562874715473594
2023-01-31,-0.015794089085019874,-0.015794089085019874,0.0,0.0,1.138024964213848
2023-02-01,0.0063689875365816944,0.0063689875365816944,0.0,0.0,1.145273031027245
2023-02-02,0.0028242337362840413,0.0028242337362840413,0.0,0.0,1.1485075497587285
2023-02-03,-0.0015527104149530868,-0.0015527104149530868,0.0,0.0,1.1467242501245658
2023-02-06,-0.00507564143723233,-0.00507564143723233,0.0,0.0,1.1409038890035543
2023-02-07,0.0022243239601396807,0.0022243239601396807,0.0,0.0,1.1434416288600815
2023-02-08,0.00017419164306678686,0.00017419164306678686,0.0,0.0,1.1436408068361636
2023-02-09,-0.00014080664019495048,-0.00014080664019495048,0.0,0.0,1.1434797746165632
2023-02-10,-0.0003757598511158794,-0.0003757598511158794,0.0,0.0,1.1430501008266993
2023-02-13,0.006266087035569532,0.006266087035569532,0.0,0.0,1.150212552244496
2023-02-14,0.004053111146768525,0.004053111146768525,0.0,0.0,1.154874491561151
2023-02-15,-0.005754164804196498,-0.005754164804196498,0.0,0.0,1.1482291534085456
2023-02-16,0.005019588254397278,0.005019588254397278,0.0,0.0,1.1539927909803518
2023-02-17,0.004438743720523964,0.004438743720523964,0.0,0.0,1.1591150692348458
2023-02-20,0.009524172703222077,0.009524172703222077,0.0,0.0,1.1701546813371455
2023-02-21,-0.005385849588461394,-0.005385849588461394,0.0,0.0,1.1638524042282297
2023-02-22,-2.8907885536833965e-05,-2.8907885536833965e-05,0.0,0.0,1.1638187597161465
2023-02-23,0.004531411848434004,0.004531411848434004,0.0,0.0,1.169092501833354
2023-02-24,-0.0040906402910255,-0.0040906402910255,0.0,0.0,1.1643101649414187
2023-03-01,-0.006603233066378215,-0.006603233066378215,0.0,0.0,1.1566219535607571
2023-03-02,-0.0002863176409106211,-0.0002863176409106211,0.0,0.0,1.1562907922915882
2023-03-03,0.0029318403601502267,0.0029318403601502267,0.0,0.0,1.1596808523044986
2023-03-06,0.007704098925551619,0.007704098925551619,0.0,0.0,1.1686151483127205
2023-03-07,0.0042831452485431725,0.0042831452485431725,0.0,0.0,1.1736204967325918
2023-03-08,-0.0003990818801810462,-0.0003990818801810462,0.0,0.0,1.1731521260581368
2023-03-09,-0.006809828402065676,-0.006809828402065676,0.0,0.0,1.1651631613901623
2023-03-10,-0.011904029528079427,-0.011904029528079427,0.0,0.0,1.1512930247119435
2023-03-13,-0.0021055114553213323,-0.0021055114553213323,0.0,0.0,1.148868964059981
2023-03-14,-0.012297826708612132,-0.012297826708612132,0.0,0.0,1.1347403726290686
2023-03-15,-0.0025796077012272857,-0.0025796077012272857,0.0,0.0,1.131813187624941
2023-03-16,-0.011717909015550174,-0.011717909015550174,0.0,0.0,1.1185507036697522
2023-03-17,0.005861984890897594,0.005861984890897594,0.0,0.0,1.125107630994367
2023-03-20,-0.002256261500277335,-0.002256261500277335,0.0,0.0,1.1225690939628863
2023-03-21,0.005894005624244129,0.005894005624244129,0.0,0.0,1.129185522516306
2023-03-22,0.011413958997786685,0.011413958997786685,0.0,0.0,1.1420739997712015
2023-03-23,0.0056239149275094345,0.0056239149275094345,0.0,0.0,1.1484969267868352
2023-03-24,0.0017515517146074351,0.0017515517146074351,0.0,0.0,1.1505085785481701
2023-03-27,-0.0002162727832840483,-0.0002162727832840483,0.0,0.0,1.1502597548556954
2023-03-28,-0.0020135362946470782,-0.0020135362946470782,0.0,0.0,1.1479436650910217
2023-03-29,0.00635207996127075,0.00635207996127075,0.0,0.0,1.1552354950427142
2023-03-30,-0.0004169387852970858,-0.0004169387852970858,0.0,0.0,1.154753832558679
2023-03-31,0.0030500111904458132,0.0030500111904458132,0.0,0.0,1.1582758446701933
2023-04-06,0.0034932685604867693,0.0034932685604867693,0.0,0.0,1.1623220132627508
2023-04-07,-0.0005486457856386796,-0.0005486457856386796,0.0,0.0,1.161684310188619
2023-04-10,0.0040894890814457685,0.0040894890814457685,0.0,0.0,1.1664350054912223
2023-04-11,0.006125561398308009,0.006125561398308009,0.0,0.0,1.1735800747344944
2023-04-12,0.0018236654880378952,0.0018236654880378952,0.0,0.0,1.1757202922142367
2023-04-13,0.0005698717452848031,0.0004246521365830118,0.4840653623393043,0.0001452196087017913,1.1762195643483493
2023-04-14,0.002204382137479575,0.002204382137479575,0.0,0.0,1.1788124017457529
2023-04-17,-0.0007002829217752357,-0.0007002829217752357,0.0,0.0,1.1779868995528335
2023-04-18,0.0015521705146407786,0.0015521705146407786,0.0,0.0,1.1798153360849526
2023-04-19,-0.002271137535473973,-0.002271137535473973,0.0,0.0,1.1771358131902423
2023-04-20,-0.00670998698957374,-0.00670998698957374,0.0,0.0,1.1692372471987744
2023-04-21,0.00011616077389246424,0.00011616077389246424,0.0,0.0,1.1693730667022728
2023-04-24,0.001586170756137499,0.001586170756137499,0.0,0.0,1.171227892063691
2023-04-25,-0.005595660838337552,-0.005595660838337552,0.0,0.0,1.1646740980153016
2023-04-26,0.005279175787459805,0.005279175787459805,0.0,0.0,1.1708226173138254
2023-04-27,-0.00016884961987876344,-0.00016884961987876344,0.0,0.0,1.1706249243599465
2023-04-28,0.0027301418007505155,0.0027301418007505155,0.0,0.0,1.173820896398942
2023-05-02,0.0045144657888047494,0.0045144657888047494,0.0,0.0,1.1791200706779192
2023-05-03,-0.0019854342504505777,-0.0019854342504505777,0.0,0.0,1.1767790053042015
2023-05-04,0.004621111224574874,0.004621111224574874,0.0,0.0,1.182217031974457
2023-05-05,0.0006877385435871278,0.0006877385435871278,0.0,0.0,1.1830300881942308
2023-05-08,0.0040794441676907265,0.0040794441676907265,0.0,0.0,1.1878561933877174
2023-05-09,0.003527884297535503,0.003527884297535503,0.0,0.0,1.1920468126001003
2023-05-10,0.0012270249393386485,0.0012270249393386485,0.0,0.0,1.1935094837680198
2023-05-11,-0.0033337488075111466,-0.0033337488075111466,0.0,0.0,1.1895306229497549
2023-05-12,-0.001482155697779152,-0.001482155697779152,0.0,0.0,1.187767553359267
2023-05-15,0.0006368311661121664,0.0006368311661121664,0.0,0.0,1.188523960755343
2023-05-16,0.008836966830815687,0.008836966830815687,0.0,0.0,1.1990269075741677
2023-05-17,0.008984224461327971,0.008984224461327971,0.0,0.0,1.2097992344469861
2023-05-18,0.003973651172208669,0.003973651172208669,0.0,0.0,1.2146065545930835
2023-05-19,0.005549750144767642,0.005549750144767642,0.0,0.0,1.2213473174952723
2023-05-22,0.00024109590967378778,0.00024109590967378778,0.0,0.0,1.2216417793378114
2023-05-23,0.0011175826429757959,0.0011175826429757959,0.0,0.0,1.2230070649863336
2023-05-24,-0.000669259228795441,-0.000669259228795441,0.0,0.0,1.2221885562212094
2023-05-25,-0.0016664587788566007,-0.0016664587788566007,0.0,0.0,1.2201518293722764
2023-05-26,0.0010759135092542936,0.0010759135092542936,0.0,0.0,1.2214646072088395
2023-05-29,0.005293082161401836,0.005293082161401836,0.0,0.0,1.2279299197320404
2023-05-30,0.0008738298675437721,0.0008738298675437721,0.0,0.0,1.2290029215711527
2023-05-31,0.0017420846682589344,0.0017420846682589344,0.0,0.0,1.2311439487180673
2023-06-01,-0.003628254398430616,-0.003628254398430616,0.0,0.0,1.2266770452710298
2023-06-02,0.007885734486220203,0.007885734486220203,0.0,0.0,1.2363502947503784
2023-06-05,0.005452425199761366,0.005452425199761366,0.0,0.0,1.2430914022532078
2023-06-06,0.00102486689695452,0.00102486689695452,0.0,0.0,1.244365405481266
2023-06-07,0.004733231247035023,0.004733231247035023,0.0,0.0,1.2502552747012192
2023-06-08,-0.00189341474716047,-0.00189341474716047,0.0,0.0,1.247888022926385
2023-06-09,0.0069810030831290735,0.0069810030831290735,0.0,0.0,1.2565995330618338
2023-06-12,-0.0022661599652962477,-0.0022661599652962477,0.0,0.0,1.253751877507599
2023-06-13,0.00773325184145394,0.00773325184145394,0.0,0.0,1.2634474565230611
2023-06-14,0.0006460005381304276,0.0006460005381304276,0.0,0.0,1.2642636442598745
2023-06-15,0.004224517624730368,0.004224517624730368,0.0,0.0,1.2696045483073561
2023-06-16,-0.004617136747819171,-0.004617136747819171,0.0,0.0,1.2637426104921679
2023-06-19,0.003368476144464544,0.003368476144464544,0.0,0.0,1.2679994973283542
2023-06-20,-0.002403822880576785,-0.002403822880576785,0.0,0.0,1.2649514511241162
2023-06-21,0.004393340867196814,0.004393340867196814,0.0,0.0,1.2705088140293597
2023-06-26,-0.004046183777088625,-0.004046183777088625,0.0,0.0,1.265368101877386
2023-06-27,-0.011615058909671981,-0.011615058909671981,0.0,0.0,1.2506707768316603
2023-06-28,0.0019709460739784235,0.0019709460739784235,0.0,0.0,1.2531357814890962
2023-06-29,-0.0017735117571073156,-0.0017735117571073156,0.0,0.0,1.2509133304473734
2023-06-30,-0.00532614528622149,-0.00532614528622149,0.0,0.0,1.2442507843089397
2023-07-03,0.006351231237687071,0.006351231237687071,0.0,0.0,1.2521533087577592
2023-07-04,0.0024588001670615917,0.0024588001670615917,0.0,0.0,1.2552321035225196
2023-07-05,-0.00575055660886494,-0.00575055660886494,0.0,0.0,1.2480138202539488
2023-07-06,-0.013581305715151306,-0.013581305715151306,0.0,0.0,1.2310641630243462
2023-07-07,-0.008303322314375198,-0.008303322314375198,0.0,0.0,1.2208422404890784
2023-07-10,0.0008877688681648716,0.0008877688681648716,0.0,0.0,1.221926066223125
2023-07-11,0.01592662784916077,0.01592662784916077,0.0,0.0,1.2413872279390497
2023-07-12,0.0060316033091969996,0.0060316033091969996,0.0,0.0,1.2488747832510816
2023-07-13,0.0035467644426307103,0.0035467644426307103,0.0,0.0,1.2533042479256147
2023-07-14,0.013931762645570712,0.013931762645570712,0.0,0.0,1.2707649852303997
2023-07-17,0.009345884696653591,0.009345884696653591,0.0,0.0,1.2826414082589077
2023-07-18,0.0021911584318080155,0.0021911584318080155,0.0,0.0,1.2854518787956002
2023-07-19,-0.008564397258887751,-0.008564397258887751,0.0,0.0,1.274442758248411
2023-07-20,0.001173504165933494,0.001173504165933494,0.0,0.0,1.2759383221344593
2023-07-21,-0.0015150534857845445,-0.0015150534857845445,0.0,0.0,1.2740052073318635
2023-07-24,-0.0005817222097639346,-0.0005817222097639346,0.0,0.0,1.2732640902074037
2023-07-25,0.0071859728497842956,0.0071859728497842956,0.0,0.0,1.2824137313902395
2023-07-26,0.003514144046005578,0.003514144046005578,0.0,0.0,1.2869203179689204
2023-07-27,0.0006713277209861239,0.0006713277209861239,0.0,0.0,1.2877842632530734
2023-07-28,0.0018783390562233135,0.0018783390562233135,0.0,0.0,1.2902031587307314
2023-07-31,-0.004073811253144802,-0.004073811253144802,0.0,0.0,1.2849471145838514
2023-08-01,0.0031874096569757693,0.0031874096569757693,0.0,0.0,1.289042767425579
2023-08-02,-0.016974664795816184,-0.016974664795816184,0.0,0.0,1.2671616985410585
2023-08-04,0.0013596646309113167,0.0013596646309113167,0.0,0.0,1.2688846134842102
2023-08-07,0.01196887299609255,0.01196887299609255,0.0,0.0,1.2840717322696986
2023-08-08,-0.003240237369816025,-0.003240237369816025,0.0,0.0,1.279911035057274
2023-08-09,-0.00376165674676089,-0.00376165674676089,0.0,0.0,1.2750964490769972
2023-08-10,-0.009938404229451157,-0.009938404229451157,0.0,0.0,1.2624240251345322
2023-08-11,-0.005550064556745158,-0.005550064556745158,0.0,0.0,1.2554174902970496
2023-08-14,-0.009662166001578583,-0.009662166001578583,0.0,0.0,1.2432874381045145
2023-08-15,-0.00043128217616642006,-0.00043128217616642006,0.0,0.0,1.2427512303926085
2023-08-16,-0.004976784755806188,-0.004976784755806188,0.0,0.0,1.2365663250139312
2023-08-17,-0.0019288663268960744,-0.0019288663268960744,0.0,0.0,1.2341811538686382
2023-08-18,-0.0026704192204378813,-0.0026704192204378813,0.0,0.0,1.2308853727938454
2023-08-21,0.0018156582711048555,0.0018156582711048555,0.0,0.0,1.2331202400017405
2023-08-22,-0.001012217700049749,-0.001012217700049749,0.0,0.0,1.231872053868521
2023-08-23,0.0022660682463622787,0.0022660682463622787,0.0,0.0,1.2346635600133735
2023-08-24,0.0028697229193695574,0.0028697229193695574,0.0,0.0,1.2382067023292542
2023-08-25,-0.007891240357484343,-0.007891240357484343,0.0,0.0,1.228435715628926
2023-08-28,0.0020366507811066616,0.0020366507811066616,0.0,0.0,1.230937610188701
2023-08-29,0.005573725718927888,0.005573725718927888,0.0,0.0,1.2377985188050056
2023-08-30,0.0029736356153251364,0.0029736356153251364,0.0,0.0,1.241479280565121
2023-08-31,-0.008369145786116583,-0.008369145786116583,0.0,0.0,1.2310891594756284
2023-09-01,0.0029895346443647537,0.0029895346443647537,0.0,0.0,1.2347695431681827
2023-09-04,0.003998251423179621,0.003998251423179621,0.0,0.0,1.2397064622514535
2023-09-05,0.00015920096091393964,0.00015920096091393964,0.0,0.0,1.239903824711495
2023-09-06,-0.0018451869091415964,-0.0018451869091415964,0.0,0.0,1.2376159704055427
2023-09-07,-0.001443031510594253,-0.001443031510594253,0.0,0.0,1.235830051562233
2023-09-08,0.0010035653222400188,0.0010035653222400188,0.0,0.0,1.2370702877461628
2023-09-11,-0.0029774629347244165,-0.0029774629347244165,0.0,0.0,1.2333869568167497
2023-09-12,0.006323633260246089,0.006323633260246089,0.0,0.0,1.2411864435996298
2023-09-13,0.0016691766219846492,0.0016691766219846492,0.0,0.0,1.2432582029948107
2023-09-14,0.011994738297424038,0.011994738297424038,0.0,0.0,1.2581707597758593
2023-09-15,0.0004401054775139391,0.0004401054775139391,0.0,0.0,1.2587244876188843
2023-09-18,-0.004785597908692051,-0.004785597908692051,0.0,0.0,1.252700738343316
2023-09-19,0.0010178167649101697,0.0010178167649101697,0.0,0.0,1.2539757581562172
2023-09-20,-0.004641861173255685,-0.004641861173255685,0.0,0.0,1.248154976772228
2023-09-21,-0.012996479245138243,-0.012996479245138243,0.0,0.0,1.2319333565218917
2023-09-22,0.004266227006028536,0.004266227006028536,0.0,0.0,1.2371890638771128
2023-09-25,0.0038903419931024742,0.0038903419931024742,0.0,0.0,1.242002152445721
2023-09-26,-0.008546803170082409,-0.008546803170082409,0.0,0.0,1.2313870045119488
2023-09-27,0.000768703815183285,0.000768703815183285,0.0,0.0,1.2323335764002843
2023-09-28,0.002955036281055646,0.002955036281055646,0.0,0.0,1.2359751668289103
2023-10-02,0.003126947273017768,0.003126947273017768,0.0,0.0,1.2398399960063435
2023-10-03,-0.00542329924202004,-0.00542329924202004,0.0,0.0,1.2331159726957763
2023-10-04,-0.011303854344496435,-0.011303854344496435,0.0,0.0,1.2191770093505512
2023-10-05,0.00839443576907083,0.00839443576907083,0.0,0.0,1.2294113124466723
2023-10-06,0.00533777902582503,0.00533777902582503,0.0,0.0,1.2359736383643622
2023-10-11,0.01193205942096559,0.01193205942096559,0.0,0.0,1.2507213492600728
2023-10-12,0.006057819378507064,0.006057819378507064,0.0,0.0,1.2582979932867329
2023-10-13,-0.006664307844139858,-0.006664307844139858,0.0,0.0,1.2499123080998067
2023-10-16,-0.001321200510059675,-0.001321200510059675,0.0,0.0,1.2482609233208153
2023-10-17,-0.0034531696803419823,-0.0034531696803419823,0.0,0.0,1.2439504665472483
2023-10-18,-0.005354240072714475,-0.005354240072714475,0.0,0.0,1.2372900571107892
2023-10-19,-0.0048151873090987885,-0.0048151873090987885,0.0,0.0,1.2313322737301151
2023-10-20,-0.007081286052057723,-0.007081286052057723,0.0,0.0,1.2226128576747015
2023-10-23,-0.006342174450414619,-0.006342174450414619,0.0,0.0,1.2148588336460087
2023-10-24,0.0038270054893721427,0.0038270054893721427,0.0,0.0,1.219508105071184
2023-10-25,0.00010135553382287378,0.00010135553382287378,0.0,0.0,1.219631708966175
2023-10-26,-0.00856075545041991,-0.00856075545041991,0.0,0.0,1.209190740166138
2023-10-27,0.005667953668300085,0.005667953668300085,0.0,0.0,1.2160443772575371
2023-10-30,-0.004089081150129219,-0.004089081150129219,0.0,0.0,1.2110718731167727
2023-10-31,-0.00253659787557816,-0.00253659787557816,0.0,0.0,1.2079998707762523
2023-11-01,0.004925841652797862,0.004925841652797862,0.0,0.0,1.2139502868562966
2023-11-02,0.012422922589063634,0.012422922589063634,0.0,0.0,1.229031097296884
2023-11-03,0.006667461809767673,0.006667461809767673,0.0,0.0,1.237225615201128
2023-11-06,0.008326800962923384,0.008326800962923384,0.0,0.0,1.2475277466451382
2023-11-07,-0.001275347910641029,-0.001275347910641029,0.0,0.0,1.2459367147399876
2023-11-08,0.003997570418575186,0.003997570418575186,0.0,0.0,1.250917434494249
2023-11-09,-0.0016939038891084536,-0.0016939038891084536,0.0,0.0,1.2487985005870057
2023-11-10,-0.002379680689302759,-0.002379680689302759,0.0,0.0,1.2458267589103287
2023-11-13,-0.0007999934794504625,-0.0007999934794504625,0.0,0.0,1.2448301056266755
2023-11-14,0.0028990635551165767,0.0028990635551165767,0.0,0.0,1.2484389472182096
2023-11-15,0.009687912645225984,0.009687912645225984,0.0,0.0,1.2605337146817577
2023-11-16,0.0048017260160786255,0.0048017260160786255,0.0,0.0,1.2665864522136894
2023-11-17,0.0003710398162609127,0.0003710398162609127,0.0,0.0,1.2670564062181973
2023-11-20,0.0001281595693048398,0.0001281595693048398,0.0,0.0,1.267218791621503
2023-11-21,0.011480129249414826,0.011480129249414826,0.0,0.0,1.2817666271366053
2023-11-22,-0.00592830840692591,-0.00592830840692591,0.0,0.0,1.2741679192652342
2023-11-23,0.0004789824740329638,0.0004789824740329638,0.0,0.0,1.2747782233675373
2023-11-24,-0.00019461348059906006,-0.00019461348059906006,0.0,0.0,1.274530134340496
2023-11-27,-0.0022265478424273047,-0.0022265478424273047,0.0,0.0,1.2716923320197717
2023-11-28,0.006317984723127093,0.006317984723127093,0.0,0.0,1.2797268647459905
2023-11-29,-0.00047505462940262223,-0.00047505462940262223,0.0,0.0,1.279118924574522
2023-11-30,0.004017980438341501,0.004017980438341501,0.0,0.0,1.2842583993917749
2023-12-01,-0.00529611338487935,-0.00529611338487935,0.0,0.0,1.2774568212931123
2023-12-04,0.004361522200703933,0.004361522200703933,0.0,0.0,1.2830284775796228
2023-12-05,-0.0008734345862244634,-0.0008734345862244634,0.0,0.0,1.2819078361321938
2023-12-06,0.004295834304932208,0.004295834304932208,0.0,0.0,1.287414699790412
2023-12-07,-0.005729295973120432,-0.005729295973120432,0.0,0.0,1.2800387199351666
2023-12-08,0.002875017456679174,0.002875017456679174,0.0,0.0,1.2837188536002055
2023-12-11,0.0009945039691647397,0.0009945039691647397,0.0,0.0,1.2849955170954026
2023-12-12,0.0018275810262188765,0.0018275810262188765,0.0,0.0,1.2873439505212225
2023-12-13,0.0021817767107321414,0.0021817767107321414,0.0,0.0,1.2901526475711718
2023-12-14,0.009146519313524757,0.009146519313524757,0.0,0.0,1.3019530536795765
2023-12-15,-0.006909472557289386,-0.006909472557289386,0.0,0.0,1.2929572447842983
2023-12-18,0.00066118121169086,0.00066118121169086,0.0,0.0,1.2938121238220692
2023-12-19,-0.005674478392652497,-0.005674478392652497,0.0,0.0,1.286470414881289
2023-12-20,0.002949351690471038,0.002949351690471038,0.0,0.0,1.2902646685741603
2023-12-21,-0.0025783430852754146,-0.0025783430852754146,0.0,0.0,1.286937923587767
2023-12-22,4.65787161313148e-05,4.65787161313148e-05,0.0,0.0,1.2869978675039881
2023-12-25,0.0033255142232709884,0.0033255142232709884,0.0,0.0,1.2912777972176923
2023-12-26,0.007745414639193068,0.007745414639193068,0.0,0.0,1.3012792791715273
2023-12-27,0.006909066301407469,0.006909066301407469,0.0,0.0,1.3102699039879713
2023-12-28,0.0023189412952735865,0.0023189412952735865,0.0,0.0,1.313308342976283
2023-12-29,0.0029898756455883106,0.0029898756455883106,0.0,0.0,1.3172349716060958
2024-01-02,-0.0019386186429375925,-0.0019386186429375925,0.0,0.0,1.314681355333011
2024-01-03,-0.011919298125783549,-0.011919298125783549,0.0,0.0,1.2990112763183876
2024-01-04,0.002113591991349602,0.002113591991349602,0.0,0.0,1.301756856148687
2024-01-05,0.0009356359476425172,0.0009356359476425172,0.0,0.0,1.3029748266583898
2024-01-08,0.0035468172309736615,0.0035468172309736615,0.0,0.0,1.3075962402251067
2024-01-09,-0.006204240519863388,-0.006204240519863388,0.0,0.0,1.2994835986478812
2024-01-10,-0.005836728667823306,-0.005836728667823306,0.0,0.0,1.291898865474287
2024-01-11,0.004299928666504715,0.004299928666504715,0.0,0.0,1.2974539384401647
2024-01-12,-0.0030388660474004103,-0.0030388660474004103,0.0,0.0,1.293511149718573
2024-01-15,-0.0012408114011523092,-0.0012408114011523092,0.0,0.0,1.2919061463364845
2024-01-16,-0.010350428821739885,-0.010350428821739885,0.0,0.0,1.2785343637244604
2024-01-17,-0.01403186074872224,-0.01403186074872224,0.0,0.0,1.2605941475702227
2024-01-18,0.0022491375285594965,0.0022491375285594965,0.0,0.0,1.2634293971758055
2024-01-19,0.010106849124902553,0.010106849124902553,0.0,0.0,1.276198687473028
2024-01-22,0.005938750010133373,0.005938750010133373,0.0,0.0,1.2837777124411907
2024-01-23,0.00286092772016872,0.00286092772016872,0.0,0.0,1.2874505076852485
2024-01-24,0.0015261691462201653,0.0015261691462201653,0.0,0.0,1.2894153749273631
2024-01-25,0.0013015861845469317,0.0013015861845469317,0.0,0.0,1.291093660165511
2024-01-26,0.002195832313194125,0.002195832313194125,0.0,0.0,1.2939286853438625
2024-01-29,0.004452459378093311,0.004452459378093311,0.0,0.0,1.2996898502535057
2024-01-30,-0.0074475481329320066,-0.0074475481329320066,0.0,0.0,1.2900103475358595
2024-01-31,-0.00039378008824531626,-0.00039378008824531626,0.0,0.0,1.2895023671473695
2024-02-01,0.007112686561540396,0.007112686561540396,0.0,0.0,1.298674193305253
2024-02-02,0.0003715822703796098,0.0003715822703796098,0.0,0.0,1.2991567576104848
2024-02-05,-0.004818556943094279,-0.004818556943094279,0.0,0.0,1.292896696795933
2024-02-15,0.001581549503434158,0.001581549503434158,0.0,0.0,1.2949414769247423
2024-02-16,0.0029781329879764607,0.0029781329879764607,0.0,0.0,1.298797984854671
2024-02-19,0.00795418286583408,0.00795418286583408,0.0,0.0,1.3091288615319818
2024-02-20,0.0028196375174523035,0.0028196375174523035,0.0,0.0,1.312820130385137
2024-02-21,-0.002040464152585398,-0.002040464152585398,0.0,0.0,1.3101413679702936
2024-02-22,0.0027997796493070526,0.0027997796493070526,0.0,0.0,1.3138094751100522
2024-02-23,-0.005588302635975381,-0.005588302635975381,0.0,0.0,1.3064675101571253
2024-02-26,-0.0020764655317947038,-0.0020764655317947038,0.0,0.0,1.3037546754038742
2024-02-27,-0.0012204626923888694,-0.0012204626923888694,0.0,0.0,1.3021634914625162
2024-02-29,0.007456388522538325,0.007456388522538325,0.0,0.0,1.3118729283747257
2024-03-01,-0.0035486821430313776,-0.0035486821430313776,0.0,0.0,1.307217508339876
2024-03-04,0.00368936116442719,0.00368936116442719,0.0,0.0,1.3120403058486043
2024-03-05,-6.863405291337658e-05,-6.863405291337658e-05,0.0,0.0,1.3119502552048283
2024-03-06,0.0037770520345450833,0.0037770520345450833,0.0,0.0,1.3169055595854715
2024-03-07,-0.0004951844860295114,-0.0004951844860295114,0.0,0.0,1.3162534483827988
2024-03-08,0.000701694568424479,0.000701694568424479,0.0,0.0,1.3171770562781988
2024-03-11,0.003739471088579063,0.003739471088579063,0.0,0.0,1.3221026017986908
2024-03-12,0.010715826098569466,0.010715826098569466,0.0,0.0,1.3362700233640317
2024-03-13,0.0059947446715173216,0.0059947446715173216,0.0,0.0,1.3442806209663016
2024-03-14,0.005273711976596439,0.005273711976596439,0.0,0.0,1.351369969776998
2024-03-15,0.003222616643575192,0.003222616643575192,0.0,0.0,1.355724917133229
2024-03-18,-0.0016646436493145693,-0.0016646436493145693,0.0,0.0,1.3534681182597057
2024-03-19,-0.000270198427070845,-0.000270198427070845,0.0,0.0,1.3531024133030614
2024-03-20,-0.0030072564183566265,-0.0030072564183566265,0.0,0.0,1.3490332873859618
2024-03-21,0.014199618138672406,0.014199618138672406,0.0,0.0,1.3681890449232004
2024-03-22,0.0001442432576715221,0.0001442432576715221,0.0,0.0,1.3683863969681505
2024-03-25,-0.0009893445932208852,-0.0009893445932208852,0.0,0.0,1.367032591284873
2024-03-26,0.003283591063893354,0.003283591063893354,0.0,0.0,1.371521367285667
2024-03-27,0.0063825203380225865,0.0063825203380225865,0.0,0.0,1.3802751303064003
2024-03-28,0.00039553772940948903,0.00039553772940948903,0.0,0.0,1.3808210811974022
2024-03-29,0.0026429719929450253,0.0026429719929450253,0.0,0.0,1.3844705526422751
2024-04-01,-0.0012687895567282872,-0.0012687895567282872,0.0,0.0,1.382713950863485
2024-04-02,0.00217514694954616,0.00217514694954616,0.0,0.0,1.3857215568958006
2024-04-03,-0.011433773594384187,-0.011433773594384187,0.0,0.0,1.3698775303493964
2024-04-08,0.0064777595165514314,0.0064777595165514314,0.0,0.0,1.3787512675581273
2024-04-09,0.0036685323830480242,0.0036685323830480242,0.0,0.0,1.3838092612313329
2024-04-10,-0.000548063278593287,-0.000548063278593287,0.0,0.0,1.3830508461906748
2024-04-11,-0.0016018148992757593,-0.0016018148992757593,0.0,0.0,1.3808354547387904
2024-04-12,-0.005728693859095104,-0.005728693859095104,0.0,0.0,1.3729250711488075
2024-04-15,-0.0028803298083271032,-0.0028803298083271032,0.0,0.0,1.368970594141778
2024-04-16,-0.023156886164670442,-0.023156886164670442,0.0,0.0,1.3372694979304556
2024-04-17,0.005911748436434778,0.005911748436434778,0.0,0.0,1.345175098793938
2024-04-18,0.006355444495817787,0.006355444495817787,0.0,0.0,1.353724284471479
2024-04-19,-0.01469048552146323,-0.01469048552146323,0.0,0.0,1.3338374174703975
2024-04-22,0.011825030015749907,0.011825030015749907,0.0,0.0,1.3496100849681152
2024-04-23,0.005100531845714383,0.005100531845714383,0.0,0.0,1.3564938141857925
2024-04-24,0.004352044348157474,0.004352044348157474,0.0,0.0,1.3623973354231305
2024-04-25,-0.006084559115388857,-0.006233631364236055,0.4969074961573268,0.00014907224884719804,1.3539046526624852
2024-04-26,0.003214497085582569,0.003214497085582569,0.0,0.0,1.3582567752226253
2024-04-29,0.01687106832802892,0.01687106832802892,0.0,0.0,1.3811720180844145
2024-04-30,-0.00286363746709959,-0.00286363746709959,0.0,0.0,1.3772168421449185
2024-05-02,0.0016191865915697393,0.0016191865915697393,0.0,0.0,1.3794468131894035
2024-05-03,0.000782692861036859,0.000782692861036859,0.0,0.0,1.380526496362267
2024-05-06,0.015021288141985481,0.015021288141985481,0.0,0.0,1.4012637826517704
2024-05-07,-0.0004008694219272353,-0.0004008694219272353,0.0,0.0,1.4007020588492514
2024-05-08,0.0007433814082770748,0.0007433814082770748,0.0,0.0,1.4017433147183354
2024-05-09,-0.007505580043881176,-0.007505580043881176,0.0,0.0,1.3912224180687416
2024-05-10,0.010901113235705407,0.010901113235705407,0.0,0.0,1.4063882911841608
2024-05-13,0.0010435321769846808,0.0010435321769846808,0.0,0.0,1.4078559026193458
2024-05-14,-0.006455479258580649,-0.006455479258580649,0.0,0.0,1.3987675180409163
2024-05-15,0.0013693502121582936,0.0013693502121582936,0.0,0.0,1.4006829206385059
2024-05-16,0.008950871914654152,0.008950871914654152,0.0,0.0,1.4132202540541847
2024-05-17,0.001116512677226694,0.001116512677226694,0.0,0.0,1.41479813238355
2024-05-20,0.0079482117009703,0.0079482117009703,0.0,0.0,1.4260432474538718
2024-05-21,-0.004584150119673209,-0.004584150119673209,0.0,0.0,1.419506051130397
2024-05-22,0.004339673747074713,0.004339673747074713,0.0,0.0,1.425666244274301
2024-05-23,-0.001264866190240771,-0.001264866190240771,0.0,0.0,1.423862967243351
2024-05-24,-0.004130190979392311,-0.004130190979392311,0.0,0.0,1.4179821412601517
2024-05-27,0.006376066569353433,0.006376066569353433,0.0,0.0,1.4270232897869808
2024-05-28,0.0009127427711273751,0.0009127427711273751,0.0,0.0,1.428325794978964
2024-05-29,-0.011380760594226602,-0.011380760594226602,0.0,0.0,1.41207036105575
2024-05-30,-0.004957095637930882,-0.004957095637930882,0.0,0.0,1.405070593228509
2024-05-31,0.005748916333451076,0.005748916333451076,0.0,0.0,1.413148226511572
2024-06-03,0.004654725911997944,0.004654725911997944,0.0,0.0,1.4197260441790094
2024-06-04,-0.0048805454402933695,-0.0048805454402933695,0.0,0.0,1.4127970067076259
2024-06-05,0.0007393491689484889,0.0007393491689484889,0.0,0.0,1.4138415570004281
2024-06-06,0.0036031448534426394,0.0036031448534426394,0.0,0.0,1.4189358329301174
2024-06-07,0.0039022191637481975,0.0039022191637481975,0.0,0.0,1.424472831529506
2024-06-11,-0.004060717657449502,-0.004060717657449502,0.0,0.0,1.4186884495499572
2024-06-12,0.0014155727866799364,0.0014155727866799364,0.0,0.0,1.4206967063119174
2024-06-13,0.004395207776840471,0.004395207776840471,0.0,0.0,1.4269409635240313
2024-06-14,0.006065638392313116,0.006065638392313116,0.0,0.0,1.4355962714159471
2024-06-17,0.000548013768415979,0.000548013768415979,0.0,0.0,1.4363829979385696
2024-06-18,0.006328772637349803,0.006328772637349803,0.0,0.0,1.4454735393526776
2024-06-19,0.0007348668800461278,0.0007348668800461278,0.0,0.0,1.446535769982731
2024-06-20,0.00475602047172615,0.00475602047172615,0.0,0.0,1.453415523717853
2024-06-21,-0.0017395297307136225,-0.0017395297307136225,0.0,0.0,1.450887264203265
2024-06-24,-0.0030675972054902863,-0.0030675972054902863,0.0,0.0,1.4464365264861136
2024-06-25,0.003973383880901955,0.003973383880901955,0.0,0.0,1.4521837740652015
2024-06-26,-0.007004228853522711,-0.007004228853522711,0.0,0.0,1.4420123465742765
2024-06-27,-0.009254718256748628,-0.009254718256748628,0.0,0.0,1.4286669285839786
2024-06-28,0.0030512438274440954,0.0030512438274440954,0.0,0.0,1.433026139731294
2024-07-01,0.0042981760101437755,0.0042981760101437755,0.0,0.0,1.4391855383069958
2024-07-02,0.0012725442083518239,0.0012725442083518239,0.0,0.0,1.441016965528512
2024-07-03,0.008982349790708147,0.008982349790708147,0.0,0.0,1.453960683967234
2024-07-04,0.002320162938104232,0.002320162938104232,0.0,0.0,1.4573341096596355
2024-07-05,0.0038179478131989417,0.0038179478131989417,0.0,0.0,1.4628981352367108
2024-07-08,-0.006130029929490093,-0.006130029929490093,0.0,0.0,1.4539305258839146
2024-07-09,-0.007092673122844052,-0.007092673122844052,0.0,0.0,1.4436182719204953
2024-07-10,-0.0004964251029336382,-0.0004964251029336382,0.0,0.0,1.4429016235712602
2024-07-11,0.003100446840269721,0.003100446840269721,0.0,0.0,1.4473752633508818
2024-07-12,0.0035728888667369623,0.0035728888667369623,0.0,0.0,1.4525465743152988
2024-07-15,-0.00089158867628653,-0.00089158867628653,0.0,0.0,1.4512515002378603
2024-07-16,-0.0010899706102537655,-0.0010899706102537655,0.0,0.0,1.4496696787545145
2024-07-17,0.002393635970982952,0.002393635970982952,0.0,0.0,1.4531396602436244
2024-07-18,0.0073778584667368585,0.0073778584667368585,0.0,0.0,1.4638607189893038
2024-07-19,-0.010139307669440961,-0.010139307669440961,0.0,0.0,1.4490181847742623
2024-07-22,-0.011443648271550432,-0.011443648271550432,0.0,0.0,1.432436130328625
2024-07-23,0.012920782463902523,0.012920782463902523,0.0,0.0,1.4509443259620356
2024-07-26,-0.011755607274939031,-0.011755607274939031,0.0,0.0,1.4338875942882248
2024-07-29,-0.0009206194632682719,-0.0009206194632682719,0.0,0.0,1.432567529460784
2024-07-30,-0.0016427115260289,-0.0016427115260289,0.0,0.0,1.430214234268324
2024-07-31,0.0032645103227076995,0.0032645103227076995,0.0,0.0,1.4348831833997766
2024-08-01,0.006692163599034905,0.006692163599034905,0.0,0.0,1.444485656408592
2024-08-02,-0.01221726291202911,-0.01221726291202911,0.0,0.0,1.4268379953715933
2024-08-05,-0.04931784205946922,-0.04931784205946922,0.0,0.0,1.3564694244714073
2024-08-06,0.009619828825487413,0.009619828825487413,0.0,0.0,1.3695184281418296
2024-08-07,0.012935399608911304,0.012935399608911304,0.0,0.0,1.387233696281612
2024-08-08,-0.016467371912002163,-0.016467371912002163,0.0,0.0,1.3643896030760814
2024-08-09,0.019575624014363257,0.019575624014363257,0.0,0.0,1.391098380955005
2024-08-12,0.007946944002995256,0.007946944002995256,0.0,0.0,1.402153361891112
2024-08-13,-0.0010834339832146446,-0.0010834339832146446,0.0,0.0,1.4006342212891605
2024-08-14,0.0047824649869112525,0.0047824649869112525,0.0,0.0,1.4073327054119456
2024-08-15,-0.00908031619238459,-0.00908031619238459,0.0,0.0,1.394553679458921
2024-08-16,0.01084727553776698,0.01084727553776698,0.0,0.0,1.4096807874722186
2024-08-19,0.000246726044637045,0.000246726044637045,0.0,0.0,1.4100285924371125
2024-08-20,0.003123552744236774,0.003123552744236774,0.0,0.0,1.4144328911164719
2024-08-21,0.000974927917629363,0.000974927917629363,0.0,0.0,1.4158118612296346
2024-08-22,-0.00517495513597021,-0.00517495513597021,0.0,0.0,1.4084850983667967
2024-08-23,0.00028354084712960435,0.00028354084712960435,0.0,0.0,1.4088844614247569
2024-08-26,0.007009348995799742,0.007009348995799742,0.0,0.0,1.4187598243096422
2024-08-27,-0.0006298808980868269,-0.0006298808980868269,0.0,0.0,1.4178661745973367
2024-08-28,-0.0023075823389339077,-0.0023075823389339077,0.0,0.0,1.414594331653864
2024-08-29,-0.00549458252111244,-0.00549458252111244,0.0,0.0,1.406821726364694
2024-08-30,0.006355309610104429,0.006355309610104429,0.0,0.0,1.4157625140019632
2024-09-02,0.0005968377795474075,0.0005968377795474075,0.0,0.0,1.4166074945571865
2024-09-03,-0.006912059388492698,-0.006912059388492698,0.0,0.0,1.4068158194246234
2024-09-04,-0.02119733676912486,-0.02119733676912486,0.0,0.0,1.3769950707281473
2024-09-05,0.005760519556564797,0.005760519556564797,0.0,0.0,1.3849272777623702
2024-09-06,0.008655749255874347,0.008655749255874347,0.0,0.0,1.3969148610163018
2024-09-09,-0.00301895480923567,-0.00301895480923567,0.0,0.0,1.3926976381785439
2024-09-10,-0.001146036850195994,-0.001146036850195994,0.0,0.0,1.3911015553640103
2024-09-11,-0.004291665504438094,-0.004291665504438094,0.0,0.0,1.3851314128056844
2024-09-12,0.008777238546144334,0.008777238546144334,0.0,0.0,1.3972890416336379
2024-09-13,0.0027320307461536197,0.0027320307461536197,0.0,0.0,1.4011064782566445
2024-09-16,0.005440309641023761,0.005440309641023761,0.0,0.0,1.408728931338405
2024-09-18,-0.004676055968829598,-0.004676055968829598,0.0,0.0,1.4021416360105572
2024-09-19,0.005403595671771103,0.005403595671771103,0.0,0.0,1.4097182424861139
2024-09-20,0.004570627596113144,0.004570627596113144,0.0,0.0,1.416161539587965
2024-09-23,0.004926451997139823,0.004926451997139823,0.0,0.0,1.4231381914329408
2024-09-24,0.0011098178730504205,0.0011098178730504205,0.0,0.0,1.4247176156336139
2024-09-25,0.0019704658431296783,0.0019704658431296783,0.0,0.0,1.427524973031325
2024-09-26,0.0017712854874042598,0.0017712854874042598,0.0,0.0,1.4300535272989627
2024-09-27,-0.0001890285323178576,-0.0001890285323178576,0.0,0.0,1.4297832063795615
2024-09-30,-0.006743793643069524,-0.006743793643069524,0.0,0.0,1.4201410434814115
2024-10-01,0.0023967371499068225,0.0023967371499068225,0.0,0.0,1.4235447482784307
2024-10-04,-0.010772246632179284,-0.010772246632179284,0.0,0.0,1.408209973158032
2024-10-07,0.005708262809866545,0.005708262809866545,0.0,0.0,1.4162484057762932
2024-10-08,-0.009074231554990632,-0.009074231554990632,0.0,0.0,1.4033970398028928
2024-10-09,-0.0024174738807814294,-0.0024174738807814294,0.0,0.0,1.4000043641148034
2024-10-11,-0.0016195601822023668,-0.0016195601822023668,0.0,0.0,1.3977369727917737
2024-10-14,0.0032756207424326994,0.0032756207424326994,0.0,0.0,1.4023154290123154
2024-10-15,0.007349796053352802,0.007349796053352802,0.0,0.0,1.4126221614180259
2024-10-16,-0.006940727776523875,-0.006940727776523875,0.0,0.0,1.4028175355445387
2024-10-17,0.00804504789372635,0.00804504789372635,0.0,0.0,1.4141032698041538
2024-10-18,0.008462710226399934,0.008462710226399934,0.0,0.0,1.426070416006711
2024-10-21,-0.005826723361245613,-0.005826723361245613,0.0,0.0,1.4177610981989834
2024-10-22,0.004220345483172681,0.004220345483172681,0.0,0.0,1.4237445398459854
2024-10-23,-0.009022771203058302,-0.009022771203058302,0.0,0.0,1.4108984186113516
2024-10-24,-0.00042126794882877696,-0.00042126794882877696,0.0,0.0,1.4103040523285373
2024-10-25,0.0028507375623308883,0.0028507375623308883,0.0,0.0,1.4143244590648176
2024-10-28,-0.002233452774347274,-0.002233452774347274,0.0,0.0,1.411165632177892
2024-10-29,-0.003827672594135882,-0.003827672594135882,0.0,0.0,1.4057641521618183
2024-10-30,-0.0018274959138272063,-0.0018274959138272063,0.0,0.0,1.4031951239179377
2024-11-01,-0.004640945496001102,-0.004640945496001102,0.0,0.0,1.39668297182758
2024-11-04,0.006056405735759124,0.006056405735759124,0.0,0.0,1.4051418505891935
2024-11-05,0.0034848807469797464,0.0034848807469797464,0.0,0.0,1.4100386023710874
2024-11-06,-0.0044843696830268,-0.0044843696830268,0.0,0.0,1.403715468010717
2024-11-07,0.00831375469405495,0.00831375469405495,0.0,0.0,1.4153856140720087
2024-11-08,-0.0021832333689470323,-0.0021832333689470323,0.0,0.0,1.4122954969694392
2024-11-11,0.0022483498038765827,0.0022483498038765827,0.0,0.0,1.4154708312730662
2024-11-12,-0.008165742563824423,-0.008165742563824423,0.0,0.0,1.4039124608582878
2024-11-13,0.0019196437769119674,0.0019196437769119674,0.0,0.0,1.4066074726771036
2024-11-14,-0.009812237781613694,-0.009812237781613694,0.0,0.0,1.3928055056898012
2024-11-15,0.007523741951236303,0.007523741951236303,0.0,0.0,1.4032846149028726
2024-11-18,-0.003131031602833602,-0.003131031602833602,0.0,0.0,1.3988908864258416
2024-11-19,0.011400161100462798,0.011400161100462798,0.0,0.0,1.4148384678930654
2024-11-20,-0.007612831413884075,-0.007612831413884075,0.0,0.0,1.4040675411591175
2024-11-21,-0.0015196898746875544,-0.0015196898746875544,0.0,0.0,1.4019337939334406
2024-11-22,0.00210442893920712,0.00210442893920712,0.0,0.0,1.4048840639802467
2024-11-25,0.011965890856630648,0.011965890856630648,0.0,0.0,1.421694753356054
2024-11-26,-0.005806463257750661,-0.005806463257750661,0.0,0.0,1.4134397350069552
2024-11-27,-0.004285258485163443,-0.004285258485163443,0.0,0.0,1.4073827803892494
2024-11-28,-0.0049710905834323025,-0.0049710905834323025,0.0,0.0,1.4003865531023716
2024-11-29,-0.0033220157508745676,-0.0033220157508745676,0.0,0.0,1.3957344469156525
2024-12-02,0.00999612608525938,0.00999612608525938,0.0,0.0,1.4096863844285612
2024-12-03,0.0058238726681453,0.0058238726681453,0.0,0.0,1.4178962184334911
2024-12-04,0.0007485164624811146,0.0007485164624811146,0.0,0.0,1.4189575370950784
2024-12-05,0.0013813127529742697,0.0013813127529742697,0.0,0.0,1.4209175612369969
2024-12-06,0.0016719546109817476,0.0016719546109817476,0.0,0.0,1.423293270905332
2024-12-09,-0.00012582315611051265,-0.00012582315611051265,0.0,0.0,1.423114187653916
2024-12-10,-0.005868411938798396,-0.005868411938798396,0.0,0.0,1.4147627673648144
2024-12-11,-0.00475988069466029,-0.00475988069466029,0.0,0.0,1.4080286653809104
2024-12-12,0.002427801541317067,0.002427801541317067,0.0,0.0,1.4114470795449408
2024-12-13,-0.006894132432937048,-0.006894132432937048,0.0,0.0,1.4017163764564757
2024-12-16,-0.005355085429261579,-0.005355085429261579,0.0,0.0,1.3942100655129563
2024-12-17,-0.0007853109761134982,-0.0007853109761134982,0.0,0.0,1.3931151770455013
2024-12-18,0.0017892088474876179,0.0017892088474876179,0.0,0.0,1.3956077510458402
2024-12-19,-0.005463068003190738,-0.005463068003190738,0.0,0.0,1.3879834509960967
2024-12-20,-0.010977054568287088,-0.010977054568287088,0.0,0.0,1.372747480914633
2024-12-23,0.015893756607302623,0.015893756607302623,0.0,0.0,1.3945655952595777
2024-12-24,0.0033482156837682047,0.0033482156837682047,0.0,0.0,1.3992349016576695
2024-12-25,0.0007259665184825546,0.0007259665184825546,0.0,0.0,1.400250699347765
2024-12-26,0.000563079760732959,0.000563079760732959,0.0,0.0,1.40103915217652
2024-12-27,-0.003625148503128816,-0.003625148503128816,0.0,0.0,1.3959601771911825
2024-12-30,-0.00658483457200951,-0.00658483457200951,0.0,0.0,1.3867680103552655
2024-12-31,-0.0054659253041132476,-0.0054659253041132476,0.0,0.0,1.37918803999653
2025-01-02,0.0005236632934500459,0.0005236632934500459,0.0,0.0,1.3799102701478414
2025-01-03,-0.0006345883446051473,-0.0006345883446051473,0.0,0.0,1.3790345951738046
2025-01-06,0.011481273817832132,0.011481273817832132,0.0,0.0,1.3948676689652582
2025-01-07,-0.002461399251535294,-0.002461399251535294,0.0,0.0,1.3914343427288762
2025-01-08,0.000774283847014031,0.000774283847014031,0.0,0.0,1.3925117078646316
2025-01-09,-0.008119348393108532,-0.008119348393108532,0.0,0.0,1.381205420166996
2025-01-10,-0.0033566142864195543,-0.0033566142864195543,0.0,0.0,1.3765692463211834
2025-01-13,-0.008185808824490774,-0.008185808824490774,0.0,0.0,1.3653009136371248
2025-01-14,0.010898546884611116,0.010898546884611116,0.0,0.0,1.3801807096560013
2025-01-15,-0.0007771258203643414,-0.0007771258203643414,0.0,0.0,1.3791081355897588
2025-01-16,0.007045871999050027,0.007045871999050027,0.0,0.0,1.3888251549859727
2025-01-17,-0.0019316777568597172,-0.0019316777568597172,0.0,0.0,1.386142392325919
2025-01-20,-0.0013200614600558695,-0.0013200614600558695,0.0,0.0,1.38431259917566
2025-01-21,0.004215409845047888,0.004215409845047888,0.0,0.0,1.390148044134849
2025-01-22,0.0017145944050919503,0.0017145944050919503,0.0,0.0,1.3925315841935724
2025-02-03,0.0010565305342267288,0.0010565305342267288,0.0,0.0,1.394002836332148
2025-02-04,-0.005230861760390221,-0.005230861760390221,0.0,0.0,1.3867110002017027
2025-02-05,0.006989034802951921,0.006989034802951921,0.0,0.0,1.3964027716437488
2025-02-06,0.008695710439367293,0.008695710439367293,0.0,0.0,1.4085454858026927
2025-02-07,-0.0032765709206166666,-0.0032765709206166666,0.0,0.0,1.4039302866235457
2025-02-10,-0.0013537014960718226,-0.0013537014960718226,0.0,0.0,1.402029784094163
2025-02-11,0.0005675083071932149,0.0005675083071932149,0.0,0.0,1.4028254476435686
2025-02-12,0.0028047792396561793,0.0028047792396561793,0.0,0.0,1.4067600633359807
2025-02-13,0.005485423332120167,0.005485423332120167,0.0,0.0,1.4144767378100989
2025-02-14,0.00027333884711522555,0.00027333884711522555,0.0,0.0,1.4148633692508832
2025-02-17,0.0050668204797599415,0.0050668204797599415,0.0,0.0,1.4220322279462656
2025-02-18,0.0034973336600436986,0.0034973336600436986,0.0,0.0,1.427005549122729
2025-02-19,-0.0001680807831143722,-0.0001680807831143722,0.0,0.0,1.4267656969125238
2025-02-20,-0.0014843009114587833,-0.0014843009114587833,0.0,0.0,1.4246479472881584
2025-02-21,0.00698927508765591,0.00698927508765591,0.0,0.0,1.4346052036948196
2025-02-24,-0.0015310701972489624,-0.0015310701972489624,0.0,0.0,1.432408722422624
2025-02-25,-0.00266121607885975,-0.00266121607885975,0.0,0.0,1.4285967732990141
2025-02-26,0.005441679859642762,0.005441679859642762,0.0,0.0,1.436370739587826
2025-02-27,-0.004214055634824565,-0.004214055634824565,0.0,0.0,1.4303177933789688
2025-03-03,0.004307182782253411,0.004307182782253411,0.0,0.0,1.4364784335517613
2025-03-04,-0.0060461444741901176,-0.0060461444741901176,0.0,0.0,1.427793277408449
2025-03-05,0.001756642156575066,0.001756642156575066,0.0,0.0,1.4303013992704192
2025-03-06,-0.0012722041938613904,-0.0012722041938613904,0.0,0.0,1.4284817638317815
2025-03-07,-0.00403138095748725,-0.00403138095748725,0.0,0.0,1.4227230096509522
2025-03-10,-0.0012076558272339389,-0.0012076558272339389,0.0,0.0,1.4210048499178074
2025-03-11,-0.005905096681983155,-0.005905096681983155,0.0,0.0,1.4126136788934758
2025-03-12,0.0007422907256861424,0.0007422907256861424,0.0,0.0,1.413662248926296
2025-03-13,-0.0018747873692499632,-0.0018747873692499632,0.0,0.0,1.4110119327976236
2025-03-14,0.0031673459810386013,0.0031673459810386013,0.0,0.0,1.4154810957721677
2025-03-17,0.0023765086974344863,0.0023765086974344863,0.0,0.0,1.4188449989073244
2025-03-18,0.005660604690833129,0.005660604690833129,0.0,0.0,1.4268765195637043
2025-03-19,-0.006531580430924933,-0.006531580430924933,0.0,0.0,1.4175567608111757
2025-03-20,0.00805547262878174,0.00805547262878174,0.0,0.0,1.4289758504976346
2025-03-21,-0.002086162632430663,-0.002086162632430663,0.0,0.0,1.4259947744756807
2025-03-24,0.0008178419963031964,0.0008178419963031964,0.0,0.0,1.4271610128887557
2025-03-25,-0.003135375650845015,-0.003135375650845015,0.0,0.0,1.422686326999109
2025-03-26,0.003943352654444024,0.003943352654444024,0.0,0.0,1.4282964809031222
2025-03-27,0.0005106972201653589,0.0005106972201653589,0.0,0.0,1.4290259079454914
2025-03-28,-0.009778326047084392,-0.009778326047084392,0.0,0.0,1.4150524266878697
2025-03-31,-0.022507930271289035,-0.022507930271289035,0.0,0.0,1.3832025253377607
2025-04-01,0.011136525630366503,0.011136525630366503,0.0,0.0,1.3986065957131724
2025-04-02,0.0032147532621110758,0.0032147532621110758,0.0,0.0,1.4031027708291515
2025-04-07,-0.08656047280776995,-0.08656047280776995,0.0,0.0,1.281649531588288
2025-04-08,-0.0032789395532005373,-0.0032789395532005373,0.0,0.0,1.2774470802458222
2025-04-09,-0.05062886695731039,-0.05062886695731039,0.0,0.0,1.2127713819750519
2025-04-10,0.07264181090236402,0.07264181090236402,0.0,0.0,1.3008692913722824
2025-04-11,0.0054673103282768375,0.0054673103282768375,0.0,0.0,1.30798154748474
2025-04-14,0.0025415642558745564,0.0025415642558745564,0.0,0.0,1.3113058666331707
2025-04-15,0.01330816525910321,0.01330816525910321,0.0,0.0,1.3287569418115563
2025-04-16,-0.006492195874927594,-0.006492195874927594,0.0,0.0,1.320130391475146
2025-04-17,-0.006767943781325475,-0.006767943781325475,0.0,0.0,1.311195823201623
2025-04-18,-0.00026563974834582197,-0.00026563974834582197,0.0,0.0,1.3108475174731156
2025-04-21,-0.005056459729569389,-0.005056459729569389,0.0,0.0,1.3042192697894068
2025-04-22,-0.007941427430207182,-0.007941427430207182,0.0,0.0,1.2938619071052964
2025-04-23,0.016394453292155407,0.016394453292155407,0.0,0.0,1.3150740657078333
2025-04-24,-0.003704302056285418,-0.003704302056285418,0.0,0.0,1.310202634142064
2025-04-25,0.0019284282248015823,0.0019284282248015823,0.0,0.0,1.312729265881953
2025-04-28,0.004119912920459027,0.004119912920459027,0.0,0.0,1.3181375961455246
2025-04-29,0.009750677301684602,0.009750677301684602,0.0,0.0,1.330990330484758
2025-04-30,0.003282264308335822,0.003282264308335822,0.0,0.0,1.3353589925412481
2025-05-02,0.004250891869483702,0.004250891869483702,0.0,0.0,1.3410354592254836
2025-05-05,-0.007319968123589074,-0.007319968123589074,0.0,0.0,1.3312191224113505
2025-05-06,0.012029729378429298,0.012029729378429298,0.0,0.0,1.3472333281973492
2025-05-07,0.0013797174141010117,0.0013797174141010117,0.0,0.0,1.3490921294811205
2025-05-08,-0.00015803836615020748,-0.00015803836615020748,0.0,0.0,1.348878921165191
2025-05-09,0.010618455012965364,0.010618455012965364,0.0,0.0,1.3632019313075208
2025-05-12,0.007133923191286451,0.007133923191286451,0.0,0.0,1.3729269091796819
2025-05-13,-0.0006979596280247764,-0.0007928814507070878,0.31640607560770473,9.492182268231142e-05,1.3718383409002166
2025-05-14,0.006412077869697374,0.006412077869697374,0.0,0.0,1.3806346751667053
2025-05-15,0.00648133338479547,0.00648133338479547,0.0,0.0,1.3895830287790696
2025-05-16,0.003093316746778273,0.003093316746778273,0.0,0.0,1.393881449233031
2025-05-19,-0.005387514738643243,-0.005387514738643243,0.0,0.0,1.3863718923813666
2025-05-20,0.0028203123542931514,0.0028203123542931514,0.0,0.0,1.3902818941570945
2025-05-21,0.007023303492955874,0.007023303492955874,0.0,0.0,1.4000462658405213
2025-05-22,-0.0073122120702312325,-0.0073122120702312325,0.0,0.0,1.3898088306365601
2025-05-23,0.004290777134962173,0.004290777134962173,0.0,0.0,1.395772190589024
2025-05-26,-0.0006716557747342439,-0.0006716557747342439,0.0,0.0,1.3948347121370013
2025-05-27,-0.008457417209672014,-0.008457417209672014,0.0,0.0,1.383038013037926
2025-05-28,-0.0020227229567784705,-0.0020227229567784705,0.0,0.0,1.3802405102988569
2025-05-29,-0.006911552480901978,-0.006911552480901978,0.0,0.0,1.3707009055756594
2025-06-02,-0.008203278915140316,-0.008203278915140316,0.0,0.0,1.3594566637379868
2025-06-03,0.0005822385255452427,0.0005822385255452427,0.0,0.0,1.3602481917814242
2025-06-04,0.004489263694916383,0.004489263694916383,0.0,0.0,1.366354704604864
2025-06-05,0.005463572786417773,0.005463572786417773,0.0,0.0,1.3738198829855373
2025-06-06,0.004819101484312848,0.004819101484312848,0.0,0.0,1.3804404604228113
2025-06-09,0.007759028157420133,0.007759028157420133,0.0,0.0,1.3911513368248738
2025-06-10,0.005502269566029328,0.005502269566029328,0.0,0.0,1.3988058264872265
2025-06-11,0.002239017363588664,0.002239017363588664,0.0,0.0,1.4019377770210204
2025-06-12,0.0035161861662039093,0.0035161861662039093,0.0,0.0,1.4068672512384603
2025-06-13,9.39221276969166e-05,9.39221276969166e-05,0.0,0.0,1.4069993872040838
2025-06-16,0.0036800587767786145,0.0036800587767786145,0.0,0.0,1.4121772276478863
2025-06-17,-0.0009225771295454453,-0.0009225771295454453,0.0,0.0,1.4108743852347936
2025-06-18,0.005599277579502145,0.005599277579502145,0.0,0.0,1.4187742625475326
2025-06-19,-0.01021599159578028,-0.01021599159578028,0.0,0.0,1.4042800766050376
2025-06-20,-0.007930822104449068,-0.007930822104449068,0.0,0.0,1.393142981132661
2025-06-23,-0.009454919719459496,-0.009454919719459496,0.0,0.0,1.3799709260883233
2025-06-24,0.0014010510226472985,0.0014010510226472985,0.0,0.0,1.3819043357655427
2025-06-25,0.007031458245277541,0.007031458245277541,0.0,0.0,1.391621138401446
2025-06-26,-0.0009815986337131045,-0.0009815986337131045,0.0,0.0,1.390255124993345
2025-06-27,0.006523156461429597,0.006523156461429597,0.0,0.0,1.399323976694981
2025-06-30,-0.004245128194494041,-0.004245128194494041,0.0,0.0,1.3933836670282815
2025-07-01,0.0022274768135292305,0.0022274768135292305,0.0,0.0,1.3964873968389375
2025-07-02,7.825363107799707e-05,7.825363107799707e-05,0.0,0.0,1.3965966770484948
2025-07-03,0.0044361495792599875,0.0044361495792599875,0.0,0.0,1.4027921888097794
2025-07-04,-0.003806222170333131,-0.003806222170333131,0.0,0.0,1.3974528500803616
2025-07-07,-0.0037592150154728355,-0.0037592150154728355,0.0,0.0,1.3921995243429242
2025-07-08,-0.0003126139025299,-0.0003126139025299,0.0,0.0,1.391764303416519
2025-07-09,-0.008293771831267133,-0.008293771831267133,0.0,0.0,1.38022132784108
2025-07-10,0.0069938160103500575,0.0069938160103500575,0.0,0.0,1.3898743418615613
2025-07-11,0.01020828060070989,0.01020828060070989,0.0,0.0,1.4040625691430113
2025-07-14,0.0034383186104605555,0.0034383186104605555,0.0,0.0,1.4088901836047467
2025-07-15,-0.002119397872739055,-0.002119397872739055,0.0,0.0,1.4059041847466918
2025-07-16,0.001398294747165717,0.001398294747165717,0.0,0.0,1.4078700531832415
2025-07-17,0.0024436129359163977,0.0024436129359163977,0.0,0.0,1.4113103426572895
2025-07-18,-0.003234258254080074,-0.003234258254080074,0.0,0.0,1.4067458005324815
2025-07-21,-0.0019705727416573027,-0.0019705727416573027,0.0,0.0,1.4039737056035113
2025-07-22,-0.007379614780428305,-0.007379614780428305,0.0,0.0,1.393612920494307
2025-07-23,0.00810672095514612,0.00810672095514612,0.0,0.0,1.4049105515602407
2025-07-24,-0.003449574059156594,-0.003449574059156594,0.0,0.0,1.4000642085661432
2025-07-25,-0.0016012637676977625,-0.0016012637676977625,0.0,0.0,1.3978223364765159
2025-07-28,-0.0019777295287216057,-0.0019777295287216057,0.0,0.0,1.3950578219657597
2025-07-29,-0.005367101272948296,-0.005367101272948296,0.0,0.0,1.3875704053536508
2025-07-30,0.006558342897108717,0.006558342897108717,0.0,0.0,1.3966705678658402
2025-07-31,-0.009867593318220179,-0.009867593318220179,0.0,0.0,1.3828887907026124
2025-08-01,0.004591512301494308,0.004591512301494308,0.0,0.0,1.389238341596722
2025-08-04,0.008059006763301938,0.008059006763301938,0.0,0.0,1.4004342227874884
2025-08-05,0.007750968281653139,0.007750968281653139,0.0,0.0,1.4112889440288559
2025-08-06,0.0033782801702921684,0.0033782801702921684,0.0,0.0,1.4160566734830211
2025-08-07,-0.009502791777012866,-0.009502791777012866,0.0,0.0,1.4026001817704625
2025-08-08,0.0006663522787201527,0.0006663522787201527,0.0,0.0,1.4035348075977188
2025-08-11,0.0014800781346773456,0.0014800781346773456,0.0,0.0,1.4056121487777027
2025-08-12,-0.0034597896632071593,-0.0034597896632071593,0.0,0.0,1.4007490263948832
2025-08-13,0.003760440982881905,0.003760440982881905,0.0,0.0,1.4060164604404706
2025-08-14,0.0037242340025915284,0.0037242340025915284,0.0,0.0,1.4112527947506464
2025-08-15,-0.0012170920630840297,-0.0012170920630840297,0.0,0.0,1.4095351701751502
2025-08-18,0.004986802950226309,0.004986802950226309,0.0,0.0,1.4165642443202273
2025-08-19,-0.0025491907205165408,-0.0025491907205165408,0.0,0.0,1.4129531518935907
2025-08-20,-0.00641321074707416,-0.00641321074707416,0.0,0.0,1.4038915855547545
2025-08-21,0.0017269521265663647,0.0017269521265663647,0.0,0.0,1.406316039113897
2025-08-22,-0.005421723046011635,-0.005421723046011635,0.0,0.0,1.3986913830346572
2025-08-25,0.004255104080774991,0.004255104080774991,0.0,0.0,1.4046429604463528
2025-08-26,-0.006211706325315214,-0.006211706325315214,0.0,0.0,1.3959177308841388
2025-08-27,0.0006961410455912209,0.0006961410455912209,0.0,0.0,1.3968894865128758
2025-08-28,0.00561411171618474,0.00561411171618474,0.0,0.0,1.404731780145323
2025-08-29,-0.002293784414852099,-0.002293784414852099,0.0,0.0,1.4015096282809782
2025-09-01,-0.002492153380016051,-0.002492153380016051,0.0,0.0,1.3980168513237328
2025-09-02,0.0037109819151970188,0.0037109819151970188,0.0,0.0,1.4032048665761359
2025-09-03,0.0019099696124253488,0.0019099696124253488,0.0,0.0,1.4058849452313038
2025-09-04,0.005734550946063519,0.005734550946063519,0.0,0.0,1.4139470640740366
2025-09-05,-0.0008242260882503534,-0.0008242260882503534,0.0,0.0,1.4127816520164218
2025-09-08,0.0018026869765944114,0.0018026869765944114,0.0,0.0,1.4153284551012832
2025-09-09,0.005629217944833814,0.005629217944833814,0.0,0.0,1.4232956474385734
2025-09-10,0.002981921792765141,0.002981921792765141,0.0,0.0,1.4275398037472182
2025-09-11,-0.007554200506277845,-0.007554200506277845,0.0,0.0,1.4167558818390191
2025-09-12,0.009664007804760393,0.009664007804760393,0.0,0.0,1.4304474217385514
2025-09-15,-0.003535613081595267,-0.003535613081595267,0.0,0.0,1.4253899131217185
2025-09-16,-0.0007709094109806768,-0.0007709094109806768,0.0,0.0,1.424291066623376
2025-09-17,-0.004387905119679805,-0.004387905119679805,0.0,0.0,1.418041412560225
2025-09-18,0.005814662905856998,0.005814662905856998,0.0,0.0,1.4262868453608082
2025-09-19,-0.0009114675643507853,-0.0009114675643507853,0.0,0.0,1.4249868311638016
2025-09-22,0.003347599648510286,0.003347599648510286,0.0,0.0,1.4297571165789376
2025-09-23,0.002047929761900096,0.002047929761900096,0.0,0.0,1.432685158730268
2025-09-24,0.0043413196173731836,0.0043413196173731836,0.0,0.0,1.438904902915383
2025-09-25,-0.001604856091455597,-0.001604856091455597,0.0,0.0,1.436595667616914
2025-09-26,-0.003989448706938131,-0.003989448706938131,0.0,0.0,1.4308644428883468
2025-09-30,0.008905452475820018,0.008905452475820018,0.0,0.0,1.4436069381838297
2025-10-01,-0.0007021073171329748,-0.0007021073171329748,0.0,0.0,1.442593371189467
2025-10-02,-0.0015651075496214235,-0.0015651075496214235,0.0,0.0,1.4403355574131844
2025-10-03,-0.0028138046841191585,-0.0028138046841191585,0.0,0.0,1.4362827344750317
2025-10-07,0.005380043683160254,0.005380043683160254,0.0,0.0,1.4440099983278765
2025-10-08,0.0029775195926318022,0.0029775195926318022,0.0,0.0,1.448309566389854
2025-10-09,-0.0017944194258182956,-0.0017944194258182956,0.0,0.0,1.4457106915693256
2025-10-13,-0.0082593594482262,-0.0082593594482262,0.0,0.0,1.433770047309511
2025-10-14,-0.0018325663462173368,-0.0018325663462173368,0.0,0.0,1.4311425685725971
2025-10-15,-0.0009721740289864711,-0.0009721740289864711,0.0,0.0,1.4297512489356539
2025-10-16,0.003903265822788463,0.003903265822788463,0.0,0.0,1.4353319481207134
2025-10-17,0.0006566882331557393,0.0006566882331557393,0.0,0.0,1.4362745137217168
2025-10-20,0.005856723264616956,0.005856723264616956,0.0,0.0,1.4446863760806072
2025-10-21,0.0027082781793539078,0.0027082781793539078,0.0,0.0,1.4485989886689563
2025-10-22,0.005954312157078682,0.005954312157078682,0.0,0.0,1.4572243992379197
2025-10-23,-0.0008120480736024804,-0.0008120480736024804,0.0,0.0,1.456041062971712
2025-10-27,-0.005854334721739619,-0.005854334721739619,0.0,0.0,1.447516911220478
2025-10-28,-0.00545567309860139,-0.00545567309860139,0.0,0.0,1.4396197321481619
2025-10-29,0.0024949889325114353,0.0024949889325114353,0.0,0.0,1.4432115674468966
2025-10-30,-0.004598414999115745,-0.004598414999115745,0.0,0.0,1.4365750817282514
2025-10-31,-0.00670228451822647,-0.00670228451822647,0.0,0.0,1.4269467467987142
2025-11-03,0.004719227741706022,0.004719227741706022,0.0,0.0,1.433680833472144
2025-11-04,-0.0037656590126237273,-0.0037656590126237273,0.0,0.0,1.4282820803203538
2025-11-05,0.0032594944845286975,0.0032594944845286975,0.0,0.0,1.4329375578835093
2025-11-06,0.0007908129952087112,0.0007908129952087112,0.0,0.0,1.4340707435256064
2025-11-07,-0.0029248823183721734,-0.0029248823183721734,0.0,0.0,1.4298762553645734
2025-11-10,-0.002247854312930978,-0.002247854312930978,0.0,0.0,1.4266621018569945
2025-11-11,0.0001469347459517041,0.0001469347459517041,0.0,0.0,1.42687172809049
2025-11-12,0.005899686493785326,0.005899686493785326,0.0,0.0,1.4352898239530694
2025-11-13,-0.006467815521003757,-0.006467815521003757,0.0,0.0,1.426006634152567
2025-11-14,-0.006611238803069927,-0.006611238803069927,0.0,0.0,1.4165789637594224
2025-11-17,-0.003946527300438615,-0.003946527300438615,0.0,0.0,1.4109883962057188
2025-11-18,-0.01091333518787021,-0.01091333518787021,0.0,0.0,1.3955898068917305
2025-11-19,-0.0023459699807134434,-0.0023459699807134434,0.0,0.0,1.3923157950993728
2025-11-20,0.016689288672890278,0.016689288672890278,0.0,0.0,1.415552555327611
2025-11-21,-0.010492196413295728,-0.010492196413295728,0.0,0.0,1.400700299883771
2025-11-24,0.007798669781571805,0.007798669781571805,0.0,0.0,1.411623898985513
2025-11-25,-0.008427543106429956,-0.008427543106429956,0.0,0.0,1.3997273777267458
2025-11-26,0.009392161082987219,0.009392161082987219,0.0,0.0,1.4128738427306227
2025-11-27,0.00405644466916631,0.00405644466916631,0.0,0.0,1.4186050872981717
2025-11-28,-0.0058859578927942195,-0.0058859578927942195,0.0,0.0,1.410255237487831
2025-12-01,-0.002562977324817069,-0.002562977324817069,0.0,0.0,1.4066407852919451
2025-12-02,0.005683903759841377,0.005683903759841377,0.0,0.0,1.4146359961402122
2025-12-03,-0.0015090430847245,-0.0015090430847245,0.0,0.0,1.4125012494728344
2025-12-04,0.005577437546262572,0.005577437546262572,0.0,0.0,1.4203793869757868
2025-12-05,0.0015590458194371273,0.0015590458194371273,0.0,0.0,1.4225938235210662
2025-12-08,-0.0031965194511748515,-0.0031965194511748515,0.0,0.0,1.4180464746930599
2025-12-09,-0.00017904083273398267,-0.00017904083273398267,0.0,0.0,1.4177925864713754
2025-12-10,-0.0034038905803344213,-0.0034038905803344213,0.0,0.0,1.4129665756414176
2025-12-11,0.0009844348808792248,0.0009844348808792248,0.0,0.0,1.4143575492239955
2025-12-12,0.0034327842881353853,0.0034327842881353853,0.0,0.0,1.4192127335967772
2025-12-15,0.0010103649138142768,0.0010103649138142768,0.0,0.0,1.4206466563480418
2025-12-16,0.0006009576301569993,0.0006009576301569993,0.0,0.0,1.4215004047959312
2025-12-17,0.006667982991891562,0.006667982991891562,0.0,0.0,1.4309789453180775
2025-12-18,-0.00042537253857714326,-0.00042537253857714326,0.0,0.0,1.4303702461714571
2025-12-19,0.012642109512075932,0.012642109512075932,0.0,0.0,1.4484531434663717
2025-12-22,0.0021986737839108286,0.0021986737839108286,0.0,0.0,1.4516378194201345
2025-12-23,-0.0032864163323951066,-0.0032864163323951066,0.0,0.0,1.4468671331816696
2025-12-24,0.002229466695584586,0.002229466695584586,0.0,0.0,1.4500928752680342
2025-12-26,0.005056719553437263,0.005056719553437263,0.0,0.0,1.457425588264702
2025-12-29,-0.0007689910690641923,-0.0007689910690641923,0.0,0.0,1.4563048410035009
2025-12-30,-1.5859680618607384e-05,-1.5859680618607384e-05,0.0,0.0,1.4562817444738394
2025-12-31,-0.006027666422349346,-0.006027666422349346,0.0,0.0,1.447503763901194
2026-01-02,0.005178136799724557,0.005178136799724557,0.0,0.0,1.4549991364087906
2026-01-05,0.0038287684101485074,0.0038287684101485074,0.0,0.0,1.4605699911390662
2026-01-06,0.008256630839270846,0.008256630839270846,0.0,0.0,1.4726293783708186
2026-01-07,0.005413543396522584,0.005413543396522584,0.0,0.0,1.4806015214176231
2026-01-08,-0.0019324455148827815,-0.0019324455148827815,0.0,0.0,1.477740339648231
2026-01-09,0.0002886836151671907,0.0002886836151671907,0.0,0.0,1.478166939071759
2026-01-12,0.002098629502948533,0.002098629502948533,0.0,0.0,1.481269063820378
2026-01-13,-0.0007840555506808943,-0.0007840555506808943,0.0,0.0,1.480107666588838
2026-01-14,0.006021094047044823,0.006021094047044823,0.0,0.0,1.4890195340491215
2026-01-15,0.008267420600235912,0.008267420600235912,0.0,0.0,1.501329884819073
2026-01-16,0.002808853403002159,0.002808853403002159,0.0,0.0,1.5055469003750759
2026-01-19,0.006414455221667449,0.006414455221667449,0.0,0.0,1.515204163551652
2026-01-20,-0.007250860366144433,-0.007250860366144433,0.0,0.0,1.5042176297355383
2026-01-21,-0.0056853279176205355,-0.0056853279176205355,0.0,0.0,1.4956656592510258
2026-01-22,0.0028965698847043097,0.0028965698847043097,0.0,0.0,1.4999979593571988
2026-01-23,-3.728914781604296e-05,-3.728914781604296e-05,0.0,0.0,1.4999420257115685
2026-01-26,0.0051778612117380236,0.0051778612117380236,0.0,0.0,1.5077085173463565
2026-01-27,-0.0041291042526648905,-0.0041291042526648905,0.0,0.0,1.5014830316956025
2026-01-28,-0.0010844914873869532,-0.0010844914873869532,0.0,0.0,1.4998546861292725
2026-01-29,-0.0017819177973339327,-0.0017819177973339327,0.0,0.0,1.497182068370644
2026-01-30,-0.007937136152414356,-0.007937136152414356,0.0,0.0,1.485298730449033
2026-02-02,-0.008109378004805436,-0.008109378004805436,0.0,0.0,1.4732538815937641
2026-02-03,0.005235524094536523,0.005235524094536523,0.0,0.0,1.4809671377882179
2026-02-04,0.008807989930245126,0.008807989930245126,0.0,0.0,1.4940114814248804
2026-02-05,0.000540500949876679,0.000540500949876679,0.0,0.0,1.4948189960497171
2026-02-06,0.0019139691316748773,0.0019139691316748773,0.0,0.0,1.4976800334655977
2026-02-09,0.002262805995426835,0.002262805995426835,0.0,0.0,1.5010689928245549
2026-02-10,0.004678411559032183,0.004678411559032183,0.0,0.0,1.50809161135149
2026-02-11,0.00817738696939792,0.00817738696939792,0.0,0.0,1.520423860042814
2026-02-23,0.023773160238200287,0.023773160238200287,0.0,0.0,1.5565691400975947
2026-02-24,0.007532799641486486,0.007532799641486486,0.0,0.0,1.5682944635580707
2026-02-25,0.0014126299018775365,0.0014126299018775365,0.0,0.0,1.5705098832122417
2026-02-26,0.00032744866896999673,0.00032744866896999673,0.0,0.0,1.5710241445831037
2026-03-02,-0.006705519211895316,-0.006705519211895316,0.0,0.0,1.5604896119992502
2026-03-03,-0.005463888094610721,-0.005463888094610721,0.0,0.0,1.5519632713864837
2026-03-04,-0.034696700481359935,-0.034696700481359935,0.0,0.0,1.4981152666011153
2026-03-05,0.0118275743186635,0.0118275743186635,0.0,0.0,1.5158343362547644
2026-03-06,0.005590542631010538,0.005590542631010538,0.0,0.0,1.5243086727331463
2026-03-09,-0.018920721713945834,-0.018920721713945834,0.0,0.0,1.4954676525302082
2026-03-10,-0.002075035046215122,-0.002075035046215122,0.0,0.0,1.492364504740727
2026-03-11,0.011008275869323951,0.011008275869323951,0.0,0.0,1.5087928649064999
2026-03-12,0.0022470027914633164,0.0022470027914633164,0.0,0.0,1.5121831266856849
2026-03-13,-0.0018857734132223013,-0.0018857734132223013,0.0,0.0,1.5093314919494576
2026-03-16,0.008978870967457019,0.008978870967457019,0.0,0.0,1.522883584662791
2026-03-17,0.005857359995661372,0.005857359995661372,0.0,0.0,1.5318036620496442
2026-03-18,0.0018712903756604984,0.0018712903756604984,0.0,0.0,1.5346701114998393
2026-03-19,-0.013105134480060723,-0.013105134480060723,0.0,0.0,1.5145580533061043
2026-03-20,-0.000614944166400765,-0.000614944166400765,0.0,0.0,1.5136266846665485
2026-03-23,-0.01677191003565133,-0.01677191003565133,0.0,0.0,1.48824027408376
2026-03-24,0.007448630327204305,0.007448630327204305,0.0,0.0,1.499325625723467
2026-03-25,0.010613479549963618,0.010613479549963618,0.0,0.0,1.5152386875908197
2026-03-26,-0.0004951157493328165,-0.0004951157493328165,0.0,0.0,1.514488469052595
2026-03-27,-0.0012473099696547895,-0.0012473099696547895,0.0,0.0,1.5125994324862184
2026-03-30,-0.013014890000580152,-0.013014890000580152,0.0,0.0,1.4929131172574703
2026-03-31,-0.008201212124268456,-0.008201212124268456,0.0,0.0,1.4806694200997388
2026-04-01,0.02209533309529936,0.02209533309529936,0.0,0.0,1.5133853041408662
2026-04-02,-0.004654287873617653,-0.004654287873617653,0.0,0.0,1.5063415732716923
2026-04-07,0.006090286136128378,0.006090286136128378,0.0,0.0,1.5155156244716625
2026-04-08,0.011996060957837174,0.011996060957837174,0.0,0.0,1.5336958422853793
2026-04-09,0.008690609792141566,0.008690609792141566,0.0,0.0,1.5470245943905114
2026-04-10,-0.0061443164821818105,-0.0061443164821818105,0.0,0.0,1.537519185676857
2026-04-13,-0.003711132426053275,-0.003711132426053275,0.0,0.0,1.5318132483712128
2026-04-14,0.009445968093363526,0.009445968093363526,0.0,0.0,1.546282707440319
2026-04-15,0.007967770631580325,0.007967770631580325,0.0,0.0,1.5586031333847825
2026-04-16,0.006971712876984424,0.006971712876984424,0.0,0.0,1.5694692669199095
2026-04-17,0.00565571317870036,0.00565571317870036,0.0,0.0,1.5783457349363934
