date,gross_ret,net_ret,turnover,total_cost,equity
2015-01-05,0.0,0.0,0.0,0.0,1.0
2015-01-06,0.0,0.0,0.0,0.0,1.0
2015-01-07,0.0,0.0,0.0,0.0,1.0
2015-01-08,0.0,0.0,0.0,0.0,1.0
2015-01-09,0.0,0.0,0.0,0.0,1.0
2015-01-12,0.0,0.0,0.0,0.0,1.0
2015-01-13,0.0,0.0,0.0,0.0,1.0
2015-01-14,0.0,0.0,0.0,0.0,1.0
2015-01-15,0.0,0.0,0.0,0.0,1.0
2015-01-16,0.0,0.0,0.0,0.0,1.0
2015-01-19,0.0,0.0,0.0,0.0,1.0
2015-01-20,0.0,0.0,0.0,0.0,1.0
2015-01-21,0.0,0.0,0.0,0.0,1.0
2015-01-22,0.0,0.0,0.0,0.0,1.0
2015-01-23,0.0,0.0,0.0,0.0,1.0
2015-01-26,0.0,0.0,0.0,0.0,1.0
2015-01-27,0.0,0.0,0.0,0.0,1.0
2015-01-28,0.0,0.0,0.0,0.0,1.0
2015-01-29,0.0,0.0,0.0,0.0,1.0
2015-01-30,0.0,0.0,0.0,0.0,1.0
2015-02-02,0.0,0.0,0.0,0.0,1.0
2015-02-03,0.0,0.0,0.0,0.0,1.0
2015-02-04,0.0,0.0,0.0,0.0,1.0
2015-02-05,0.0,0.0,0.0,0.0,1.0
2015-02-06,0.0,0.0,0.0,0.0,1.0
2015-02-09,0.0,0.0,0.0,0.0,1.0
2015-02-10,0.0,0.0,0.0,0.0,1.0
2015-02-11,0.0,0.0,0.0,0.0,1.0
2015-02-12,0.0,0.0,0.0,0.0,1.0
2015-02-13,0.0,0.0,0.0,0.0,1.0
2015-02-24,0.0,0.0,0.0,0.0,1.0
2015-02-25,0.0,0.0,0.0,0.0,1.0
2015-02-26,0.0,0.0,0.0,0.0,1.0
2015-03-02,0.0,0.0,0.0,0.0,1.0
2015-03-03,0.0,0.0,0.0,0.0,1.0
2015-03-04,0.0,0.0,0.0,0.0,1.0
2015-03-05,0.0,0.0,0.0,0.0,1.0
2015-03-06,0.0,0.0,0.0,0.0,1.0
2015-03-09,0.0,0.0,0.0,0.0,1.0
2015-03-10,0.0,0.0,0.0,0.0,1.0
2015-03-11,0.0,0.0,0.0,0.0,1.0
2015-03-12,0.0,0.0,0.0,0.0,1.0
2015-03-13,0.0,0.0,0.0,0.0,1.0
2015-03-16,0.0,0.0,0.0,0.0,1.0
2015-03-17,0.0,0.0,0.0,0.0,1.0
2015-03-18,0.0,0.0,0.0,0.0,1.0
2015-03-19,0.0,0.0,0.0,0.0,1.0
2015-03-20,0.0,0.0,0.0,0.0,1.0
2015-03-23,0.0,0.0,0.0,0.0,1.0
2015-03-24,0.0,0.0,0.0,0.0,1.0
2015-03-25,0.0,0.0,0.0,0.0,1.0
2015-03-26,0.0,0.0,0.0,0.0,1.0
2015-03-27,0.0,0.0,0.0,0.0,1.0
2015-03-30,0.0,0.0,0.0,0.0,1.0
2015-03-31,0.0,0.0,0.0,0.0,1.0
2015-04-01,0.0,0.0,0.0,0.0,1.0
2015-04-02,0.0,0.0,0.0,0.0,1.0
2015-04-07,0.0,0.0,0.0,0.0,1.0
2015-04-08,0.0,0.0,0.0,0.0,1.0
2015-04-09,0.0,0.0,0.0,0.0,1.0
2015-04-10,0.0,0.0,0.0,0.0,1.0
2015-04-13,0.0,0.0,0.0,0.0,1.0
2015-04-14,0.0,0.0,0.0,0.0,1.0
2015-04-15,0.0,0.0,0.0,0.0,1.0
2015-04-16,0.0,0.0,0.0,0.0,1.0
2015-04-17,0.0,0.0,0.0,0.0,1.0
2015-04-20,0.0,0.0,0.0,0.0,1.0
2015-04-21,0.0,0.0,0.0,0.0,1.0
2015-04-22,0.0,0.0,0.0,0.0,1.0
2015-04-23,0.0,0.0,0.0,0.0,1.0
2015-04-24,0.0,0.0,0.0,0.0,1.0
2015-04-27,0.0,0.0,0.0,0.0,1.0
2015-04-28,0.0,0.0,0.0,0.0,1.0
2015-04-29,0.0,0.0,0.0,0.0,1.0
2015-04-30,0.0,0.0,0.0,0.0,1.0
2015-05-04,0.0,0.0,0.0,0.0,1.0
2015-05-05,0.0,0.0,0.0,0.0,1.0
2015-05-06,0.0,0.0,0.0,0.0,1.0
2015-05-07,0.0,0.0,0.0,0.0,1.0
2015-05-08,0.0,0.0,0.0,0.0,1.0
2015-05-11,0.0,0.0,0.0,0.0,1.0
2015-05-12,0.0,0.0,0.0,0.0,1.0
2015-05-13,0.0,0.0,0.0,0.0,1.0
2015-05-14,0.0,0.0,0.0,0.0,1.0
2015-05-15,0.0,0.0,0.0,0.0,1.0
2015-05-18,0.0,0.0,0.0,0.0,1.0
2015-05-19,0.0,0.0,0.0,0.0,1.0
2015-05-20,0.0,0.0,0.0,0.0,1.0
2015-05-21,0.0,0.0,0.0,0.0,1.0
2015-05-22,0.0,0.0,0.0,0.0,1.0
2015-05-25,0.0,0.0,0.0,0.0,1.0
2015-05-26,0.0,0.0,0.0,0.0,1.0
2015-05-27,0.0,0.0,0.0,0.0,1.0
2015-05-28,0.0,0.0,0.0,0.0,1.0
2015-05-29,0.0,0.0,0.0,0.0,1.0
2015-06-01,0.0,0.0,0.0,0.0,1.0
2015-06-02,0.0,0.0,0.0,0.0,1.0
2015-06-03,0.0,0.0,0.0,0.0,1.0
2015-06-04,0.0,0.0,0.0,0.0,1.0
2015-06-05,0.0,0.0,0.0,0.0,1.0
2015-06-08,0.0,0.0,0.0,0.0,1.0
2015-06-09,0.0,0.0,0.0,0.0,1.0
2015-06-10,0.0,0.0,0.0,0.0,1.0
2015-06-11,0.0,0.0,0.0,0.0,1.0
2015-06-12,0.0,0.0,0.0,0.0,1.0
2015-06-15,0.0,0.0,0.0,0.0,1.0
2015-06-16,0.0,0.0,0.0,0.0,1.0
2015-06-17,0.0,0.0,0.0,0.0,1.0
2015-06-18,0.0,0.0,0.0,0.0,1.0
2015-06-22,0.0,0.0,0.0,0.0,1.0
2015-06-23,0.0,0.0,0.0,0.0,1.0
2015-06-24,0.0,0.0,0.0,0.0,1.0
2015-06-25,0.0,0.0,0.0,0.0,1.0
2015-06-26,0.0,0.0,0.0,0.0,1.0
2015-06-29,0.0,0.0,0.0,0.0,1.0
2015-06-30,0.0,0.0,0.0,0.0,1.0
2015-07-01,0.0,0.0,0.0,0.0,1.0
2015-07-02,0.0,0.0,0.0,0.0,1.0
2015-07-03,0.0,0.0,0.0,0.0,1.0
2015-07-06,0.0,0.0,0.0,0.0,1.0
2015-07-07,0.0,0.0,0.0,0.0,1.0
2015-07-08,0.0,0.0,0.0,0.0,1.0
2015-07-09,0.0,0.0,0.0,0.0,1.0
2015-07-13,0.0,0.0,0.0,0.0,1.0
2015-07-14,0.0,0.0,0.0,0.0,1.0
2015-07-15,0.0,0.0,0.0,0.0,1.0
2015-07-16,0.0,0.0,0.0,0.0,1.0
2015-07-17,0.0,0.0,0.0,0.0,1.0
2015-07-20,0.0,0.0,0.0,0.0,1.0
2015-07-21,0.0,0.0,0.0,0.0,1.0
2015-07-22,0.0,0.0,0.0,0.0,1.0
2015-07-23,0.0,0.0,0.0,0.0,1.0
2015-07-24,0.0,0.0,0.0,0.0,1.0
2015-07-27,0.0,0.0,0.0,0.0,1.0
2015-07-28,0.0,0.0,0.0,0.0,1.0
2015-07-29,0.0,0.0,0.0,0.0,1.0
2015-07-30,0.0,0.0,0.0,0.0,1.0
2015-07-31,0.0,0.0,0.0,0.0,1.0
2015-08-03,0.0,0.0,0.0,0.0,1.0
2015-08-04,0.0,0.0,0.0,0.0,1.0
2015-08-05,0.0,0.0,0.0,0.0,1.0
2015-08-06,0.0,0.0,0.0,0.0,1.0
2015-08-07,0.0,0.0,0.0,0.0,1.0
2015-08-10,0.0,0.0,0.0,0.0,1.0
2015-08-11,0.0,0.0,0.0,0.0,1.0
2015-08-12,0.0,0.0,0.0,0.0,1.0
2015-08-13,0.0,0.0,0.0,0.0,1.0
2015-08-14,0.0,0.0,0.0,0.0,1.0
2015-08-17,0.0,0.0,0.0,0.0,1.0
2015-08-18,0.0,0.0,0.0,0.0,1.0
2015-08-19,0.0,0.0,0.0,0.0,1.0
2015-08-20,0.0,0.0,0.0,0.0,1.0
2015-08-21,0.0,0.0,0.0,0.0,1.0
2015-08-24,0.0,0.0,0.0,0.0,1.0
2015-08-25,0.0,0.0,0.0,0.0,1.0
2015-08-26,0.0,0.0,0.0,0.0,1.0
2015-08-27,0.0,0.0,0.0,0.0,1.0
2015-08-28,0.0,0.0,0.0,0.0,1.0
2015-08-31,0.0,0.0,0.0,0.0,1.0
2015-09-01,0.0,0.0,0.0,0.0,1.0
2015-09-02,0.0,0.0,0.0,0.0,1.0
2015-09-03,0.0,0.0,0.0,0.0,1.0
2015-09-04,0.0,0.0,0.0,0.0,1.0
2015-09-07,0.0,0.0,0.0,0.0,1.0
2015-09-08,0.0,0.0,0.0,0.0,1.0
2015-09-09,0.0,0.0,0.0,0.0,1.0
2015-09-10,0.0,0.0,0.0,0.0,1.0
2015-09-11,0.0,0.0,0.0,0.0,1.0
2015-09-14,0.0,0.0,0.0,0.0,1.0
2015-09-15,0.0,0.0,0.0,0.0,1.0
2015-09-16,0.0,0.0,0.0,0.0,1.0
2015-09-17,0.0,0.0,0.0,0.0,1.0
2015-09-18,0.0,0.0,0.0,0.0,1.0
2015-09-21,0.0,0.0,0.0,0.0,1.0
2015-09-22,0.0,0.0,0.0,0.0,1.0
2015-09-23,0.0,0.0,0.0,0.0,1.0
2015-09-24,0.0,0.0,0.0,0.0,1.0
2015-09-25,0.0,0.0,0.0,0.0,1.0
2015-09-30,0.0,0.0,0.0,0.0,1.0
2015-10-01,0.0,0.0,0.0,0.0,1.0
2015-10-02,0.0,0.0,0.0,0.0,1.0
2015-10-05,0.0,0.0,0.0,0.0,1.0
2015-10-06,0.0,0.0,0.0,0.0,1.0
2015-10-07,0.0,0.0,0.0,0.0,1.0
2015-10-08,0.0,0.0,0.0,0.0,1.0
2015-10-12,0.0,0.0,0.0,0.0,1.0
2015-10-13,0.0,0.0,0.0,0.0,1.0
2015-10-14,0.0,0.0,0.0,0.0,1.0
2015-10-15,0.0,0.0,0.0,0.0,1.0
2015-10-16,0.0,0.0,0.0,0.0,1.0
2015-10-19,0.0,0.0,0.0,0.0,1.0
2015-10-20,0.0,0.0,0.0,0.0,1.0
2015-10-21,0.0,0.0,0.0,0.0,1.0
2015-10-22,0.0,0.0,0.0,0.0,1.0
2015-10-23,0.0,0.0,0.0,0.0,1.0
2015-10-26,0.0,0.0,0.0,0.0,1.0
2015-10-27,0.0,0.0,0.0,0.0,1.0
2015-10-28,0.0,0.0,0.0,0.0,1.0
2015-10-29,0.0,0.0,0.0,0.0,1.0
2015-10-30,0.0,0.0,0.0,0.0,1.0
2015-11-02,0.0,0.0,0.0,0.0,1.0
2015-11-03,0.0,0.0,0.0,0.0,1.0
2015-11-04,0.0,0.0,0.0,0.0,1.0
2015-11-05,0.0,0.0,0.0,0.0,1.0
2015-11-06,0.0,0.0,0.0,0.0,1.0
2015-11-09,0.0,0.0,0.0,0.0,1.0
2015-11-10,0.0,0.0,0.0,0.0,1.0
2015-11-11,0.0,0.0,0.0,0.0,1.0
2015-11-12,0.0,0.0,0.0,0.0,1.0
2015-11-13,0.0,0.0,0.0,0.0,1.0
2015-11-16,0.0,0.0,0.0,0.0,1.0
2015-11-17,0.0,0.0,0.0,0.0,1.0
2015-11-18,0.0,0.0,0.0,0.0,1.0
2015-11-19,0.0,0.0,0.0,0.0,1.0
2015-11-20,0.0,0.0,0.0,0.0,1.0
2015-11-23,0.0,0.0,0.0,0.0,1.0
2015-11-24,0.0,0.0,0.0,0.0,1.0
2015-11-25,0.0,0.0,0.0,0.0,1.0
2015-11-26,0.0,0.0,0.0,0.0,1.0
2015-11-27,0.0,0.0,0.0,0.0,1.0
2015-11-30,0.0,0.0,0.0,0.0,1.0
2015-12-01,0.0,0.0,0.0,0.0,1.0
2015-12-02,0.0,0.0,0.0,0.0,1.0
2015-12-03,0.0,0.0,0.0,0.0,1.0
2015-12-04,0.0,0.0,0.0,0.0,1.0
2015-12-07,0.0,0.0,0.0,0.0,1.0
2015-12-08,0.0,0.0,0.0,0.0,1.0
2015-12-09,0.0,0.0,0.0,0.0,1.0
2015-12-10,0.0,0.0,0.0,0.0,1.0
2015-12-11,0.0,0.0,0.0,0.0,1.0
2015-12-14,0.0,0.0,0.0,0.0,1.0
2015-12-15,0.0,0.0,0.0,0.0,1.0
2015-12-16,0.0,0.0,0.0,0.0,1.0
2015-12-17,0.0,0.0,0.0,0.0,1.0
2015-12-18,0.0,0.0,0.0,0.0,1.0
2015-12-21,0.0,0.0,0.0,0.0,1.0
2015-12-22,0.0,0.0,0.0,0.0,1.0
2015-12-23,0.0,0.0,0.0,0.0,1.0
2015-12-24,0.0,0.0,0.0,0.0,1.0
2015-12-25,0.0,0.0,0.0,0.0,1.0
2015-12-28,0.0,0.0,0.0,0.0,1.0
2015-12-29,0.0,0.0,0.0,0.0,1.0
2015-12-30,0.0,0.0,0.0,0.0,1.0
2015-12-31,0.0,0.0,0.0,0.0,1.0
2016-01-04,0.0,0.0,0.0,0.0,1.0
2016-01-05,0.0,0.0,0.0,0.0,1.0
2016-01-06,0.0,0.0,0.0,0.0,1.0
2016-01-07,0.0,0.0,0.0,0.0,1.0
2016-01-08,0.0,0.0,0.0,0.0,1.0
2016-01-11,0.0,0.0,0.0,0.0,1.0
2016-01-12,0.0,0.0,0.0,0.0,1.0
2016-01-13,0.0,0.0,0.0,0.0,1.0
2016-01-14,0.0,0.0,0.0,0.0,1.0
2016-01-15,0.0,0.0,0.0,0.0,1.0
2016-01-18,0.0,0.0,0.0,0.0,1.0
2016-01-19,0.0,0.0,0.0,0.0,1.0
2016-01-20,0.0,0.0,0.0,0.0,1.0
2016-01-21,0.0,0.0,0.0,0.0,1.0
2016-01-22,0.0,0.0,0.0,0.0,1.0
2016-01-25,0.0,0.0,0.0,0.0,1.0
2016-01-26,0.0,0.0,0.0,0.0,1.0
2016-01-27,0.0,0.0,0.0,0.0,1.0
2016-01-28,0.0,0.0,0.0,0.0,1.0
2016-01-29,0.0,0.0,0.0,0.0,1.0
2016-01-30,0.0,0.0,0.0,0.0,1.0
2016-02-01,0.0,0.0,0.0,0.0,1.0
2016-02-02,0.0,0.0,0.0,0.0,1.0
2016-02-03,0.0,0.0,0.0,0.0,1.0
2016-02-15,0.0,0.0,0.0,0.0,1.0
2016-02-16,0.0,0.0,0.0,0.0,1.0
2016-02-17,0.0,0.0,0.0,0.0,1.0
2016-02-18,0.0,0.0,0.0,0.0,1.0
2016-02-19,0.0,0.0,0.0,0.0,1.0
2016-02-22,0.0,0.0,0.0,0.0,1.0
2016-02-23,0.0,0.0,0.0,0.0,1.0
2016-02-24,0.0,0.0,0.0,0.0,1.0
2016-02-25,0.0,0.0,0.0,0.0,1.0
2016-02-26,0.0,0.0,0.0,0.0,1.0
2016-03-01,0.0,0.0,0.0,0.0,1.0
2016-03-02,0.0,0.0,0.0,0.0,1.0
2016-03-03,0.0,0.0,0.0,0.0,1.0
2016-03-04,0.0,0.0,0.0,0.0,1.0
2016-03-07,0.0,0.0,0.0,0.0,1.0
2016-03-08,0.0,0.0,0.0,0.0,1.0
2016-03-09,0.0,0.0,0.0,0.0,1.0
2016-03-10,0.0,0.0,0.0,0.0,1.0
2016-03-11,0.0,0.0,0.0,0.0,1.0
2016-03-14,0.0,0.0,0.0,0.0,1.0
2016-03-15,0.0,0.0,0.0,0.0,1.0
2016-03-16,0.0,0.0,0.0,0.0,1.0
2016-03-17,0.0,0.0,0.0,0.0,1.0
2016-03-18,0.0,0.0,0.0,0.0,1.0
2016-03-21,0.0,0.0,0.0,0.0,1.0
2016-03-22,0.0,0.0,0.0,0.0,1.0
2016-03-23,0.0,0.0,0.0,0.0,1.0
2016-03-24,0.0,0.0,0.0,0.0,1.0
2016-03-25,0.0,0.0,0.0,0.0,1.0
2016-03-28,0.0,0.0,0.0,0.0,1.0
2016-03-29,0.0,0.0,0.0,0.0,1.0
2016-03-30,0.0,0.0,0.0,0.0,1.0
2016-03-31,0.0,0.0,0.0,0.0,1.0
2016-04-01,0.0,0.0,0.0,0.0,1.0
2016-04-06,0.0,0.0,0.0,0.0,1.0
2016-04-07,0.0,0.0,0.0,0.0,1.0
2016-04-08,0.0,0.0,0.0,0.0,1.0
2016-04-11,0.0,0.0,0.0,0.0,1.0
2016-04-12,0.0,0.0,0.0,0.0,1.0
2016-04-13,0.0,0.0,0.0,0.0,1.0
2016-04-14,0.0,0.0,0.0,0.0,1.0
2016-04-15,0.0,0.0,0.0,0.0,1.0
2016-04-18,0.0,0.0,0.0,0.0,1.0
2016-04-19,0.0,0.0,0.0,0.0,1.0
2016-04-20,0.0,0.0,0.0,0.0,1.0
2016-04-21,0.0,0.0,0.0,0.0,1.0
2016-04-22,0.0,0.0,0.0,0.0,1.0
2016-04-25,0.0,0.0,0.0,0.0,1.0
2016-04-26,0.0,0.0,0.0,0.0,1.0
2016-04-27,0.0,0.0,0.0,0.0,1.0
2016-04-28,0.0,0.0,0.0,0.0,1.0
2016-04-29,0.0,0.0,0.0,0.0,1.0
2016-05-03,0.0,0.0,0.0,0.0,1.0
2016-05-04,0.0,0.0,0.0,0.0,1.0
2016-05-05,0.0,0.0,0.0,0.0,1.0
2016-05-06,0.0,0.0,0.0,0.0,1.0
2016-05-09,0.0,0.0,0.0,0.0,1.0
2016-05-10,0.0,0.0,0.0,0.0,1.0
2016-05-11,0.0,0.0,0.0,0.0,1.0
2016-05-12,0.0,0.0,0.0,0.0,1.0
2016-05-13,0.0,0.0,0.0,0.0,1.0
2016-05-16,0.0,0.0,0.0,0.0,1.0
2016-05-17,0.0,0.0,0.0,0.0,1.0
2016-05-18,0.0,0.0,0.0,0.0,1.0
2016-05-19,0.0,0.0,0.0,0.0,1.0
2016-05-20,0.0,0.0,0.0,0.0,1.0
2016-05-23,0.0,0.0,0.0,0.0,1.0
2016-05-24,0.0,0.0,0.0,0.0,1.0
2016-05-25,0.0,0.0,0.0,0.0,1.0
2016-05-26,0.0,0.0,0.0,0.0,1.0
2016-05-27,0.0,0.0,0.0,0.0,1.0
2016-05-30,0.0,0.0,0.0,0.0,1.0
2016-05-31,0.0,0.0,0.0,0.0,1.0
2016-06-01,0.0,0.0,0.0,0.0,1.0
2016-06-02,0.0,0.0,0.0,0.0,1.0
2016-06-03,0.0,0.0,0.0,0.0,1.0
2016-06-04,0.0,0.0,0.0,0.0,1.0
2016-06-06,0.0,0.0,0.0,0.0,1.0
2016-06-07,0.0,0.0,0.0,0.0,1.0
2016-06-08,0.0,0.0,0.0,0.0,1.0
2016-06-13,0.0,0.0,0.0,0.0,1.0
2016-06-14,0.0,0.0,0.0,0.0,1.0
2016-06-15,0.0,0.0,0.0,0.0,1.0
2016-06-16,0.0,0.0,0.0,0.0,1.0
2016-06-17,0.0,0.0,0.0,0.0,1.0
2016-06-20,0.0,0.0,0.0,0.0,1.0
2016-06-21,0.0,0.0,0.0,0.0,1.0
2016-06-22,0.0,0.0,0.0,0.0,1.0
2016-06-23,0.0,0.0,0.0,0.0,1.0
2016-06-24,0.0,0.0,0.0,0.0,1.0
2016-06-27,0.0,0.0,0.0,0.0,1.0
2016-06-28,0.0,0.0,0.0,0.0,1.0
2016-06-29,0.0,0.0,0.0,0.0,1.0
2016-06-30,0.0,0.0,0.0,0.0,1.0
2016-07-01,0.0,0.0,0.0,0.0,1.0
2016-07-04,0.0,0.0,0.0,0.0,1.0
2016-07-05,0.0,0.0,0.0,0.0,1.0
2016-07-06,0.0,0.0,0.0,0.0,1.0
2016-07-07,0.0,0.0,0.0,0.0,1.0
2016-07-11,0.0,0.0,0.0,0.0,1.0
2016-07-12,0.0,0.0,0.0,0.0,1.0
2016-07-13,0.0,0.0,0.0,0.0,1.0
2016-07-14,0.0,0.0,0.0,0.0,1.0
2016-07-15,0.0,0.0,0.0,0.0,1.0
2016-07-18,0.0,0.0,0.0,0.0,1.0
2016-07-19,0.0,0.0,0.0,0.0,1.0
2016-07-20,0.0,0.0,0.0,0.0,1.0
2016-07-21,0.0,0.0,0.0,0.0,1.0
2016-07-22,0.0,0.0,0.0,0.0,1.0
2016-07-25,0.0,0.0,0.0,0.0,1.0
2016-07-26,0.0,0.0,0.0,0.0,1.0
2016-07-27,0.0,0.0,0.0,0.0,1.0
2016-07-28,0.0,0.0,0.0,0.0,1.0
2016-07-29,0.0,0.0,0.0,0.0,1.0
2016-08-01,0.0,0.0,0.0,0.0,1.0
2016-08-02,0.0,0.0,0.0,0.0,1.0
2016-08-03,0.0,0.0,0.0,0.0,1.0
2016-08-04,0.0,0.0,0.0,0.0,1.0
2016-08-05,0.0,0.0,0.0,0.0,1.0
2016-08-08,0.0,0.0,0.0,0.0,1.0
2016-08-09,0.0,0.0,0.0,0.0,1.0
2016-08-10,0.0,0.0,0.0,0.0,1.0
2016-08-11,0.0,0.0,0.0,0.0,1.0
2016-08-12,0.0,0.0,0.0,0.0,1.0
2016-08-15,0.0,0.0,0.0,0.0,1.0
2016-08-16,0.0,0.0,0.0,0.0,1.0
2016-08-17,0.0,0.0,0.0,0.0,1.0
2016-08-18,0.0,0.0,0.0,0.0,1.0
2016-08-19,0.0,0.0,0.0,0.0,1.0
2016-08-22,0.0,0.0,0.0,0.0,1.0
2016-08-23,0.0,0.0,0.0,0.0,1.0
2016-08-24,0.0,0.0,0.0,0.0,1.0
2016-08-25,0.0,0.0,0.0,0.0,1.0
2016-08-26,0.0,0.0,0.0,0.0,1.0
2016-08-29,0.0,0.0,0.0,0.0,1.0
2016-08-30,0.0,0.0,0.0,0.0,1.0
2016-08-31,0.0,0.0,0.0,0.0,1.0
2016-09-01,0.0,0.0,0.0,0.0,1.0
2016-09-02,0.0,0.0,0.0,0.0,1.0
2016-09-05,0.0,0.0,0.0,0.0,1.0
2016-09-06,0.0,0.0,0.0,0.0,1.0
2016-09-07,0.0,0.0,0.0,0.0,1.0
2016-09-08,0.0,0.0,0.0,0.0,1.0
2016-09-09,0.0,0.0,0.0,0.0,1.0
2016-09-10,0.0,0.0,0.0,0.0,1.0
2016-09-12,0.0,0.0,0.0,0.0,1.0
2016-09-13,0.0,0.0,0.0,0.0,1.0
2016-09-14,0.0,0.0,0.0,0.0,1.0
2016-09-19,0.0,0.0,0.0,0.0,1.0
2016-09-20,0.0,0.0,0.0,0.0,1.0
2016-09-21,0.0,0.0,0.0,0.0,1.0
2016-09-22,0.0,0.0,0.0,0.0,1.0
2016-09-23,0.0,0.0,0.0,0.0,1.0
2016-09-26,0.0,0.0,0.0,0.0,1.0
2016-09-29,0.0,0.0,0.0,0.0,1.0
2016-09-30,0.0,0.0,0.0,0.0,1.0
2016-10-03,0.0,0.0,0.0,0.0,1.0
2016-10-04,0.0,0.0,0.0,0.0,1.0
2016-10-05,0.0,0.0,0.0,0.0,1.0
2016-10-06,0.0,0.0,0.0,0.0,1.0
2016-10-07,0.0,0.0,0.0,0.0,1.0
2016-10-11,0.0,0.0,0.0,0.0,1.0
2016-10-12,0.0,0.0,0.0,0.0,1.0
2016-10-13,0.0,0.0,0.0,0.0,1.0
2016-10-14,0.0,0.0,0.0,0.0,1.0
2016-10-17,0.0,0.0,0.0,0.0,1.0
2016-10-18,0.0,0.0,0.0,0.0,1.0
2016-10-19,0.0,0.0,0.0,0.0,1.0
2016-10-20,0.0,0.0,0.0,0.0,1.0
2016-10-21,0.0,0.0,0.0,0.0,1.0
2016-10-24,0.0,0.0,0.0,0.0,1.0
2016-10-25,0.0,0.0,0.0,0.0,1.0
2016-10-26,0.0,0.0,0.0,0.0,1.0
2016-10-27,0.0,0.0,0.0,0.0,1.0
2016-10-28,0.0,0.0,0.0,0.0,1.0
2016-10-31,0.0,0.0,0.0,0.0,1.0
2016-11-01,0.0,0.0,0.0,0.0,1.0
2016-11-02,0.0,0.0,0.0,0.0,1.0
2016-11-03,0.0,0.0,0.0,0.0,1.0
2016-11-04,0.0,0.0,0.0,0.0,1.0
2016-11-07,0.0,0.0,0.0,0.0,1.0
2016-11-08,0.0,0.0,0.0,0.0,1.0
2016-11-09,0.0,0.0,0.0,0.0,1.0
2016-11-10,0.0,0.0,0.0,0.0,1.0
2016-11-11,0.0,0.0,0.0,0.0,1.0
2016-11-14,0.0,0.0,0.0,0.0,1.0
2016-11-15,0.0,0.0,0.0,0.0,1.0
2016-11-16,0.0,0.0,0.0,0.0,1.0
2016-11-17,0.0,0.0,0.0,0.0,1.0
2016-11-18,0.0,0.0,0.0,0.0,1.0
2016-11-21,0.0,0.0,0.0,0.0,1.0
2016-11-22,0.0,0.0,0.0,0.0,1.0
2016-11-23,0.0,0.0,0.0,0.0,1.0
2016-11-24,0.0,0.0,0.0,0.0,1.0
2016-11-25,0.0,0.0,0.0,0.0,1.0
2016-11-28,0.0,0.0,0.0,0.0,1.0
2016-11-29,0.0,0.0,0.0,0.0,1.0
2016-11-30,0.0,0.0,0.0,0.0,1.0
2016-12-01,0.0,0.0,0.0,0.0,1.0
2016-12-02,0.0,0.0,0.0,0.0,1.0
2016-12-05,0.0,0.0,0.0,0.0,1.0
2016-12-06,0.0,0.0,0.0,0.0,1.0
2016-12-07,0.0,0.0,0.0,0.0,1.0
2016-12-08,0.0,0.0,0.0,0.0,1.0
2016-12-09,0.0,0.0,0.0,0.0,1.0
2016-12-12,0.0,0.0,0.0,0.0,1.0
2016-12-13,0.0,0.0,0.0,0.0,1.0
2016-12-14,0.0,0.0,0.0,0.0,1.0
2016-12-15,0.0,0.0,0.0,0.0,1.0
2016-12-16,0.0,0.0,0.0,0.0,1.0
2016-12-19,0.0,0.0,0.0,0.0,1.0
2016-12-20,0.0,0.0,0.0,0.0,1.0
2016-12-21,0.0,0.0,0.0,0.0,1.0
2016-12-22,0.0,0.0,0.0,0.0,1.0
2016-12-23,0.0,0.0,0.0,0.0,1.0
2016-12-26,0.0,0.0,0.0,0.0,1.0
2016-12-27,0.0,0.0,0.0,0.0,1.0
2016-12-28,0.0,0.0,0.0,0.0,1.0
2016-12-29,0.0,0.0,0.0,0.0,1.0
2016-12-30,0.0,0.0,0.0,0.0,1.0
2017-01-03,0.0,0.0,0.0,0.0,1.0
2017-01-04,0.0,0.0,0.0,0.0,1.0
2017-01-05,0.0,0.0,0.0,0.0,1.0
2017-01-06,0.0,0.0,0.0,0.0,1.0
2017-01-09,0.0,0.0,0.0,0.0,1.0
2017-01-10,0.0,0.0,0.0,0.0,1.0
2017-01-11,0.0,0.0,0.0,0.0,1.0
2017-01-12,0.0,0.0,0.0,0.0,1.0
2017-01-13,0.0,0.0,0.0,0.0,1.0
2017-01-16,0.0,0.0,0.0,0.0,1.0
2017-01-17,0.0,0.0,0.0,0.0,1.0
2017-01-18,0.0,0.0,0.0,0.0,1.0
2017-01-19,0.0,0.0,0.0,0.0,1.0
2017-01-20,0.0,0.0,0.0,0.0,1.0
2017-01-23,0.0,0.0,0.0,0.0,1.0
2017-01-24,0.0,0.0,0.0,0.0,1.0
2017-02-02,0.0,0.0,0.0,0.0,1.0
2017-02-03,0.0,0.0,0.0,0.0,1.0
2017-02-06,0.0,0.0,0.0,0.0,1.0
2017-02-07,0.0,0.0,0.0,0.0,1.0
2017-02-08,0.0,0.0,0.0,0.0,1.0
2017-02-09,0.0,0.0,0.0,0.0,1.0
2017-02-10,0.0,0.0,0.0,0.0,1.0
2017-02-13,0.0,0.0,0.0,0.0,1.0
2017-02-14,0.0,0.0,0.0,0.0,1.0
2017-02-15,0.0,0.0,0.0,0.0,1.0
2017-02-16,0.0,0.0,0.0,0.0,1.0
2017-02-17,0.0,0.0,0.0,0.0,1.0
2017-02-18,0.0,0.0,0.0,0.0,1.0
2017-02-20,0.0,0.0,0.0,0.0,1.0
2017-02-21,0.0,0.0,0.0,0.0,1.0
2017-02-22,0.0,0.0,0.0,0.0,1.0
2017-02-23,0.0,0.0,0.0,0.0,1.0
2017-02-24,0.0,0.0,0.0,0.0,1.0
2017-03-01,0.0,0.0,0.0,0.0,1.0
2017-03-02,0.0,0.0,0.0,0.0,1.0
2017-03-03,0.0,0.0,0.0,0.0,1.0
2017-03-06,0.0,0.0,0.0,0.0,1.0
2017-03-07,0.0,0.0,0.0,0.0,1.0
2017-03-08,0.0,0.0,0.0,0.0,1.0
2017-03-09,0.0,0.0,0.0,0.0,1.0
2017-03-10,0.0,0.0,0.0,0.0,1.0
2017-03-13,0.0,0.0,0.0,0.0,1.0
2017-03-14,0.0,0.0,0.0,0.0,1.0
2017-03-15,0.0,0.0,0.0,0.0,1.0
2017-03-16,0.0,0.0,0.0,0.0,1.0
2017-03-17,0.0,0.0,0.0,0.0,1.0
2017-03-20,0.0,0.0,0.0,0.0,1.0
2017-03-21,0.0,0.0,0.0,0.0,1.0
2017-03-22,0.0,0.0,0.0,0.0,1.0
2017-03-23,0.0,0.0,0.0,0.0,1.0
2017-03-24,0.0,0.0,0.0,0.0,1.0
2017-03-27,0.0,0.0,0.0,0.0,1.0
2017-03-28,0.0,0.0,0.0,0.0,1.0
2017-03-29,0.0,0.0,0.0,0.0,1.0
2017-03-30,0.0,0.0,0.0,0.0,1.0
2017-03-31,0.0,0.0,0.0,0.0,1.0
2017-04-05,0.0,0.0,0.0,0.0,1.0
2017-04-06,0.0,0.0,0.0,0.0,1.0
2017-04-07,0.0,0.0,0.0,0.0,1.0
2017-04-10,0.0,0.0,0.0,0.0,1.0
2017-04-11,0.0,0.0,0.0,0.0,1.0
2017-04-12,0.0,0.0,0.0,0.0,1.0
2017-04-13,0.0,0.0,0.0,0.0,1.0
2017-04-14,0.0,0.0,0.0,0.0,1.0
2017-04-17,0.0,0.0,0.0,0.0,1.0
2017-04-18,0.0,0.0,0.0,0.0,1.0
2017-04-19,0.0,0.0,0.0,0.0,1.0
2017-04-20,0.0,0.0,0.0,0.0,1.0
2017-04-21,0.0,0.0,0.0,0.0,1.0
2017-04-24,0.0,0.0,0.0,0.0,1.0
2017-04-25,0.0,0.0,0.0,0.0,1.0
2017-04-26,0.0,0.0,0.0,0.0,1.0
2017-04-27,0.0,0.0,0.0,0.0,1.0
2017-04-28,0.0,0.0,0.0,0.0,1.0
2017-05-02,0.0,0.0,0.0,0.0,1.0
2017-05-03,0.0,0.0,0.0,0.0,1.0
2017-05-04,0.0,0.0,0.0,0.0,1.0
2017-05-05,0.0,0.0,0.0,0.0,1.0
2017-05-08,0.0,0.0,0.0,0.0,1.0
2017-05-09,0.0,0.0,0.0,0.0,1.0
2017-05-10,0.0,0.0,0.0,0.0,1.0
2017-05-11,0.0,0.0,0.0,0.0,1.0
2017-05-12,0.0,0.0,0.0,0.0,1.0
2017-05-15,0.0,0.0,0.0,0.0,1.0
2017-05-16,0.0,0.0,0.0,0.0,1.0
2017-05-17,0.0,0.0,0.0,0.0,1.0
2017-05-18,0.0,0.0,0.0,0.0,1.0
2017-05-19,0.0,0.0,0.0,0.0,1.0
2017-05-22,0.0,0.0,0.0,0.0,1.0
2017-05-23,0.0,0.0,0.0,0.0,1.0
2017-05-24,0.0,0.0,0.0,0.0,1.0
2017-05-25,0.0,0.0,0.0,0.0,1.0
2017-05-26,0.0,0.0,0.0,0.0,1.0
2017-05-31,0.0,0.0,0.0,0.0,1.0
2017-06-01,0.0,0.0,0.0,0.0,1.0
2017-06-02,0.0,0.0,0.0,0.0,1.0
2017-06-03,0.0,0.0,0.0,0.0,1.0
2017-06-05,0.0,0.0,0.0,0.0,1.0
2017-06-06,0.0,0.0,0.0,0.0,1.0
2017-06-07,0.0,0.0,0.0,0.0,1.0
2017-06-08,0.0,0.0,0.0,0.0,1.0
2017-06-09,0.0,0.0,0.0,0.0,1.0
2017-06-12,0.0,0.0,0.0,0.0,1.0
2017-06-13,0.0,0.0,0.0,0.0,1.0
2017-06-14,0.0,0.0,0.0,0.0,1.0
2017-06-15,0.0,0.0,0.0,0.0,1.0
2017-06-16,0.0,0.0,0.0,0.0,1.0
2017-06-19,0.0,0.0,0.0,0.0,1.0
2017-06-20,0.0,0.0,0.0,0.0,1.0
2017-06-21,0.0,0.0,0.0,0.0,1.0
2017-06-22,0.0,0.0,0.0,0.0,1.0
2017-06-23,0.0,0.0,0.0,0.0,1.0
2017-06-26,0.0,0.0,0.0,0.0,1.0
2017-06-27,0.0,0.0,0.0,0.0,1.0
2017-06-28,0.0,0.0,0.0,0.0,1.0
2017-06-29,0.0,0.0,0.0,0.0,1.0
2017-06-30,0.0,0.0,0.0,0.0,1.0
2017-07-03,0.0,0.0,0.0,0.0,1.0
2017-07-04,0.0,0.0,0.0,0.0,1.0
2017-07-05,0.0,0.0,0.0,0.0,1.0
2017-07-06,0.0,0.0,0.0,0.0,1.0
2017-07-07,0.0,0.0,0.0,0.0,1.0
2017-07-10,0.0,0.0,0.0,0.0,1.0
2017-07-11,0.0,0.0,0.0,0.0,1.0
2017-07-12,0.0,0.0,0.0,0.0,1.0
2017-07-13,0.0,0.0,0.0,0.0,1.0
2017-07-14,0.0,0.0,0.0,0.0,1.0
2017-07-17,0.0,0.0,0.0,0.0,1.0
2017-07-18,0.0,0.0,0.0,0.0,1.0
2017-07-19,0.0,0.0,0.0,0.0,1.0
2017-07-20,0.0,0.0,0.0,0.0,1.0
2017-07-21,0.0,0.0,0.0,0.0,1.0
2017-07-24,0.0,0.0,0.0,0.0,1.0
2017-07-25,0.0,0.0,0.0,0.0,1.0
2017-07-26,0.0,0.0,0.0,0.0,1.0
2017-07-27,0.0,0.0,0.0,0.0,1.0
2017-07-28,0.0,0.0,0.0,0.0,1.0
2017-07-31,0.0,0.0,0.0,0.0,1.0
2017-08-01,0.0,0.0,0.0,0.0,1.0
2017-08-02,0.0,0.0,0.0,0.0,1.0
2017-08-03,0.0,0.0,0.0,0.0,1.0
2017-08-04,0.0,0.0,0.0,0.0,1.0
2017-08-07,0.0,0.0,0.0,0.0,1.0
2017-08-08,0.0,0.0,0.0,0.0,1.0
2017-08-09,0.0,0.0,0.0,0.0,1.0
2017-08-10,0.0,0.0,0.0,0.0,1.0
2017-08-11,0.0,0.0,0.0,0.0,1.0
2017-08-14,0.0,0.0,0.0,0.0,1.0
2017-08-15,0.0,0.0,0.0,0.0,1.0
2017-08-16,0.0,0.0,0.0,0.0,1.0
2017-08-17,0.0,0.0,0.0,0.0,1.0
2017-08-18,0.0,0.0,0.0,0.0,1.0
2017-08-21,0.0,0.0,0.0,0.0,1.0
2017-08-22,0.0,0.0,0.0,0.0,1.0
2017-08-23,0.0,0.0,0.0,0.0,1.0
2017-08-24,0.0,0.0,0.0,0.0,1.0
2017-08-25,0.0,0.0,0.0,0.0,1.0
2017-08-28,0.0,0.0,0.0,0.0,1.0
2017-08-29,0.0,0.0,0.0,0.0,1.0
2017-08-30,0.0,0.0,0.0,0.0,1.0
2017-08-31,0.0,0.0,0.0,0.0,1.0
2017-09-01,0.0,0.0,0.0,0.0,1.0
2017-09-04,0.0,0.0,0.0,0.0,1.0
2017-09-05,0.0,0.0,0.0,0.0,1.0
2017-09-06,0.0,0.0,0.0,0.0,1.0
2017-09-07,0.0,0.0,0.0,0.0,1.0
2017-09-08,0.0,0.0,0.0,0.0,1.0
2017-09-11,0.0,0.0,0.0,0.0,1.0
2017-09-12,0.0,0.0,0.0,0.0,1.0
2017-09-13,0.0,0.0,0.0,0.0,1.0
2017-09-14,0.0,0.0,0.0,0.0,1.0
2017-09-15,0.0,0.0,0.0,0.0,1.0
2017-09-18,0.0,0.0,0.0,0.0,1.0
2017-09-19,0.0,0.0,0.0,0.0,1.0
2017-09-20,0.0,0.0,0.0,0.0,1.0
2017-09-21,0.0,0.0,0.0,0.0,1.0
2017-09-22,0.0,0.0,0.0,0.0,1.0
2017-09-25,0.0,0.0,0.0,0.0,1.0
2017-09-26,0.0,0.0,0.0,0.0,1.0
2017-09-27,0.0,0.0,0.0,0.0,1.0
2017-09-28,0.0,0.0,0.0,0.0,1.0
2017-09-29,0.0,0.0,0.0,0.0,1.0
2017-09-30,0.0,0.0,0.0,0.0,1.0
2017-10-02,0.0,0.0,0.0,0.0,1.0
2017-10-03,0.0,0.0,0.0,0.0,1.0
2017-10-05,0.0,0.0,0.0,0.0,1.0
2017-10-06,0.0,0.0,0.0,0.0,1.0
2017-10-11,0.0,0.0,0.0,0.0,1.0
2017-10-12,0.0,0.0,0.0,0.0,1.0
2017-10-13,0.0,0.0,0.0,0.0,1.0
2017-10-16,0.0,0.0,0.0,0.0,1.0
2017-10-17,0.0,0.0,0.0,0.0,1.0
2017-10-18,0.0,0.0,0.0,0.0,1.0
2017-10-19,0.0,0.0,0.0,0.0,1.0
2017-10-20,0.0,0.0,0.0,0.0,1.0
2017-10-23,0.0,0.0,0.0,0.0,1.0
2017-10-24,0.0,0.0,0.0,0.0,1.0
2017-10-25,0.0,0.0,0.0,0.0,1.0
2017-10-26,0.0,0.0,0.0,0.0,1.0
2017-10-27,0.0,0.0,0.0,0.0,1.0
2017-10-30,0.0,0.0,0.0,0.0,1.0
2017-10-31,0.0,0.0,0.0,0.0,1.0
2017-11-01,0.0,0.0,0.0,0.0,1.0
2017-11-02,0.0,0.0,0.0,0.0,1.0
2017-11-03,0.0,0.0,0.0,0.0,1.0
2017-11-06,0.0,0.0,0.0,0.0,1.0
2017-11-07,0.0,0.0,0.0,0.0,1.0
2017-11-08,0.0,0.0,0.0,0.0,1.0
2017-11-09,0.0,0.0,0.0,0.0,1.0
2017-11-10,0.0,0.0,0.0,0.0,1.0
2017-11-13,0.0,0.0,0.0,0.0,1.0
2017-11-14,0.0,0.0,0.0,0.0,1.0
2017-11-15,0.0,0.0,0.0,0.0,1.0
2017-11-16,0.0,0.0,0.0,0.0,1.0
2017-11-17,0.0,0.0,0.0,0.0,1.0
2017-11-20,0.0,0.0,0.0,0.0,1.0
2017-11-21,0.0,0.0,0.0,0.0,1.0
2017-11-22,0.0,0.0,0.0,0.0,1.0
2017-11-23,0.0,0.0,0.0,0.0,1.0
2017-11-24,0.0,0.0,0.0,0.0,1.0
2017-11-27,0.0,0.0,0.0,0.0,1.0
2017-11-28,0.0,0.0,0.0,0.0,1.0
2017-11-29,0.0,0.0,0.0,0.0,1.0
2017-11-30,0.0,0.0,0.0,0.0,1.0
2017-12-01,0.0,0.0,0.0,0.0,1.0
2017-12-04,0.0,0.0,0.0,0.0,1.0
2017-12-05,0.0,0.0,0.0,0.0,1.0
2017-12-06,0.0,0.0,0.0,0.0,1.0
2017-12-07,0.0,0.0,0.0,0.0,1.0
2017-12-08,0.0,0.0,0.0,0.0,1.0
2017-12-11,0.0,0.0,0.0,0.0,1.0
2017-12-12,0.0,0.0,0.0,0.0,1.0
2017-12-13,0.0,0.0,0.0,0.0,1.0
2017-12-14,0.0,0.0,0.0,0.0,1.0
2017-12-15,0.0,0.0,0.0,0.0,1.0
2017-12-18,0.0,0.0,0.0,0.0,1.0
2017-12-19,0.0,0.0,0.0,0.0,1.0
2017-12-20,0.0,0.0,0.0,0.0,1.0
2017-12-21,0.0,0.0,0.0,0.0,1.0
2017-12-22,0.0,0.0,0.0,0.0,1.0
2017-12-25,0.0,0.0,0.0,0.0,1.0
2017-12-26,0.0,0.0,0.0,0.0,1.0
2017-12-27,0.0,0.0,0.0,0.0,1.0
2017-12-28,0.0,0.0,0.0,0.0,1.0
2017-12-29,0.0,0.0,0.0,0.0,1.0
2018-01-02,0.0,0.0,0.0,0.0,1.0
2018-01-03,0.0,0.0,0.0,0.0,1.0
2018-01-04,0.0,0.0,0.0,0.0,1.0
2018-01-05,0.0,0.0,0.0,0.0,1.0
2018-01-08,0.0,0.0,0.0,0.0,1.0
2018-01-09,0.0,0.0,0.0,0.0,1.0
2018-01-10,0.0,0.0,0.0,0.0,1.0
2018-01-11,0.0,0.0,0.0,0.0,1.0
2018-01-12,0.0,0.0,0.0,0.0,1.0
2018-01-15,0.0,0.0,0.0,0.0,1.0
2018-01-16,0.0,0.0,0.0,0.0,1.0
2018-01-17,0.0,0.0,0.0,0.0,1.0
2018-01-18,0.0,0.0,0.0,0.0,1.0
2018-01-19,0.0,0.0,0.0,0.0,1.0
2018-01-22,0.0,0.0,0.0,0.0,1.0
2018-01-23,0.0,0.0,0.0,0.0,1.0
2018-01-24,0.0,0.0,0.0,0.0,1.0
2018-01-25,0.0,0.0,0.0,0.0,1.0
2018-01-26,0.0,0.0,0.0,0.0,1.0
2018-01-29,0.0,0.0,0.0,0.0,1.0
2018-01-30,0.0,0.0,0.0,0.0,1.0
2018-01-31,0.0,0.0,0.0,0.0,1.0
2018-02-01,0.0,0.0,0.0,0.0,1.0
2018-02-02,-0.0044065590272486695,-0.007581559027248669,1.0,0.003175,0.9924184409727513
2018-02-05,-0.01290859142520387,-0.01290859142520387,0.0,0.0,0.9796077167953963
2018-02-06,-0.042176445522153105,-0.042176445522153105,0.0,0.0,0.9382913452948944
2018-02-07,0.014757688240089398,0.014757688240089398,0.0,0.0,0.9521383564471306
2018-02-08,7.788710766383879e-05,7.788710766383879e-05,0.0,0.0,0.9522125157498101
2018-02-09,-0.008065187526103806,-0.008065187526103806,0.0,0.0,0.9445327432455848
2018-02-12,0.004905090068435127,0.004905090068435127,0.0,0.0,0.9491657614237905
2018-02-21,0.021775091372780272,0.021775091372780272,0.0,0.0,0.9698339326067081
2018-02-22,0.0012695487358369672,0.0012695487358369672,0.0,0.0,0.9710651840498208
2018-02-23,0.008084174313338244,0.008084174313338244,0.0,0.0,0.9789154442672934
2018-02-26,0.004460451369798582,0.004460451369798582,0.0,0.0,0.9832818490015924
2018-02-27,-0.0027523511995426963,-0.0027523511995426963,0.0,0.0,0.9805755120250044
2018-03-01,0.0009677176236784732,0.0009677176236784732,0.0,0.0,0.9815244322293385
2018-03-02,-0.006142996120287056,-0.006142996120287056,0.0,0.0,0.9754949314501867
2018-03-05,-0.007828860127338041,-0.007828860127338041,0.0,0.0,0.967857918076936
2018-03-06,0.007809033696362911,0.007809033696362911,0.0,0.0,0.9754159531724905
2018-03-07,0.000564831180446565,0.000564831180446565,0.0,0.0,0.9759668985167472
2018-03-08,0.005877228760677499,0.005877228760677499,0.0,0.0,0.981702879242179
2018-03-09,0.0011873366306627917,0.0011873366306627917,0.0,0.0,0.9828684910311304
2018-03-12,0.007832801605766436,0.007832801605766436,0.0,0.0,0.9905671049259364
2018-03-13,0.004598312373341359,0.004598312373341359,0.0,0.0,0.9951220419011422
2018-03-14,-0.0015951214650872037,-0.0015951214650872037,0.0,0.0,0.9935347013717243
2018-03-15,0.00011909819680796152,0.00011909819680796152,0.0,0.0,0.9936530295631238
2018-03-16,0.005649161939981463,0.005649161939981463,0.0,0.0,0.9992663364392791
2018-03-19,0.0003566547005418916,0.0003566547005418916,0.0,0.0,0.9996227294752633
2018-03-20,-0.0016816290199199557,-0.0016816290199199557,0.0,0.0,0.9979417348844061
2018-03-21,0.0008670691755207456,0.0008670691755207456,0.0,0.0,0.9988070194016901
2018-03-22,0.0004911829916654716,0.0004911829916654716,0.0,0.0,0.9992976164215762
2018-03-23,-0.01201572584309478,-0.01201572584309478,0.0,0.0,0.9872903302269965
2018-03-26,0.0026546985880109616,0.0026546985880109616,0.0,0.0,0.989911288472607
2018-03-27,0.00698866978124511,0.00698866978124511,0.0,0.0,0.996829451580469
2018-03-28,-0.004285811917219103,-0.004285811917219103,0.0,0.0,0.9925572280374504
2018-03-29,-0.001337155283383783,-0.001337155283383783,0.0,0.0,0.9912300248959194
2018-03-30,0.006267366233801174,0.006267366233801174,0.0,0.0,0.9974424264838819
2018-03-31,0.0018541256131515416,0.0018541256131515416,0.0,0.0,0.9992918100344697
2018-04-02,-0.0023500008057589106,-0.0023500008057589106,0.0,0.0,0.9969434734757004
2018-04-03,-0.005170618343754806,-0.005170618343754806,0.0,0.0,0.9917886592640605
2018-04-09,0.008393671249644586,0.008393671249644586,0.0,0.0,1.0001134072190487
2018-04-10,0.004650314264843783,0.004650314264843783,0.0,0.0,1.004764248863101
2018-04-11,0.001555445755191739,0.001555445755191739,0.0,0.0,1.0063271051489637
2018-04-12,0.0010671818425533977,0.0010671818425533977,0.0,0.0,1.007401039163248
2018-04-13,-0.0006262754983921424,-0.0006262754983921424,0.0,0.0,1.0067701285753652
2018-04-16,-0.0013745083949020032,-0.0013745083949020032,0.0,0.0,1.0053863145819018
2018-04-17,-0.007915585987083164,-0.007915585987083164,0.0,0.0,0.997428092758592
2018-04-18,0.004311185731549525,0.004311185731549525,0.0,0.0,1.0017281905203395
2018-04-19,0.008324431189158845,0.008324431189158845,0.0,0.0,1.0100670079125667
2018-04-20,-0.0027621475059168067,-0.0027621475059168067,0.0,0.0,1.007277053845852
2018-04-23,-0.0008053316337491724,-0.0008053316337491724,0.0,0.0,1.0064658617704403
2018-04-24,-0.011069330700877539,-0.011069330700877539,0.0,0.0,0.9953249583073596
2018-04-25,0.0007689834204991777,0.0007689834204991777,0.0,0.0,0.9960903466983069
2018-04-26,-0.0025819489222508865,-0.0025819489222508865,0.0,0.0,0.9935184923011847
2018-04-27,0.004641530854886397,0.004641530854886397,0.0,0.0,0.9981299390381009
2018-04-30,0.008861409364329982,0.008861409364329982,0.0,0.0,1.0069747770267112
2018-05-02,0.0008621354127041749,0.0008621354127041749,0.0,0.0,1.0078429256416856
2018-05-03,-0.007299111730590518,-0.007299111730590518,0.0,0.0,1.0004865675205419
2018-05-04,-0.0007387528946151361,-0.0007387528946151361,0.0,0.0,0.9997474551727625
2018-05-07,0.0023287431967162287,0.0023287431967162287,0.0,0.0,1.0020756102574304
2018-05-08,0.004847794636596951,0.004847794636596951,0.0,0.0,1.006933467026301
2018-05-09,-0.0016800506376422981,-0.0016800506376422981,0.0,0.0,1.0052417678129602
2018-05-10,0.0024414774662663563,0.0024414774662663563,0.0,0.0,1.0076960429372253
2018-05-11,0.005603934364426634,0.005603934364426634,0.0,0.0,1.013343105421138
2018-05-14,0.004100217992499697,0.004100217992499697,0.0,0.0,1.017498033054561
2018-05-15,-0.002105896010037434,-0.002105896010037434,0.0,0.0,1.0153552880065306
2018-05-16,0.005543233187574282,0.005543233187574282,0.0,0.0,1.0209836391361875
2018-05-17,0.00017221868592176597,0.00017221868592176597,0.0,0.0,1.0211594715968673
2018-05-18,0.0034378361003237394,0.0034378361003237394,0.0,0.0,1.0246700504925106
2018-05-21,0.0078484604098276,0.0078484604098276,0.0,0.0,1.032712132816937
2018-05-22,-0.0031714040015423067,-0.0031714040015423067,0.0,0.0,1.0294369854264802
2018-05-23,-0.001384712413476794,-0.001384712413476794,0.0,0.0,1.028011511253868
2018-05-24,0.004360044780542632,0.004360044780542632,0.0,0.0,1.032493687477848
2018-05-25,0.0009022136847407323,0.0009022136847407323,0.0,0.0,1.033425217412099
2018-05-28,0.003723899597689507,0.003723899597689507,0.0,0.0,1.0372735891634621
2018-05-29,-0.0016686106884690765,-0.0016686106884690765,0.0,0.0,1.0355427833657171
2018-05-30,-0.012195931582684559,-0.012195931582684559,0.0,0.0,1.0229133744288461
2018-05-31,0.007864578887280585,0.007864578887280585,0.0,0.0,1.0309581573568962
2018-06-01,0.004522917546874232,0.004522917546874232,0.0,0.0,1.0356210960968988
2018-06-04,0.008244437408742254,0.008244437408742254,0.0,0.0,1.0441592094028427
2018-06-05,0.0018485780056699608,0.0018485780056699608,0.0,0.0,1.0460894191517627
2018-06-06,0.0062651475346953535,0.0062651475346953535,0.0,0.0,1.0526433236972321
2018-06-07,0.004208703118545392,0.004208703118545392,0.0,0.0,1.0570735869363925
2018-06-08,-0.004259088593687048,-0.004259088593687048,0.0,0.0,1.0525714168795839
2018-06-11,0.000277983396974842,0.000277983396974842,0.0,0.0,1.0528640142576067
2018-06-12,-0.0017179429406862816,-0.0017179429406862816,0.0,0.0,1.05105525395681
2018-06-13,-0.002375121760634316,-0.002375121760634316,0.0,0.0,1.0485588697515082
2018-06-14,-0.01038463475375108,-0.01038463475375108,0.0,0.0,1.037669968871333
2018-06-15,0.0012196873039648482,0.0012196873039648482,0.0,0.0,1.0389356017580709
2018-06-19,-0.01031467750521194,-0.01031467750521194,0.0,0.0,1.028219316077253
2018-06-20,0.0033492581430076664,0.0033492581430076664,0.0,0.0,1.0316630879944226
2018-06-21,0.003080393961301213,0.003080393961301213,0.0,0.0,1.034841016740778
2018-06-22,-0.001985539064402437,-0.001985539064402437,0.0,0.0,1.0327862994765933
2018-06-25,-0.0026192113807177618,-0.0026192113807177618,0.0,0.0,1.030081213847155
2018-06-26,-0.0025208331458221444,-0.0025208331458221444,0.0,0.0,1.0274845509804003
2018-06-27,-0.0038164001371965165,-0.0038164001371965165,0.0,0.0,1.0235632587990713
2018-06-28,-0.005043361872726349,-0.005043361872726349,0.0,0.0,1.0184010588853205
2018-06-29,0.012666276803530503,0.012666276803530503,0.0,0.0,1.0313004085941706
2018-07-02,-0.005739832564828823,-0.005739832564828823,0.0,0.0,1.0253809169248005
2018-07-03,-0.006829308401932701,-0.006829308401932701,0.0,0.0,1.0183782744136645
2018-07-04,0.0019351013621111855,0.0019351013621111855,0.0,0.0,1.0203489395996268
2018-07-05,-0.007014786625433738,-0.007014786625433738,0.0,0.0,1.0131914095048478
2018-07-06,-0.002520838888271418,-0.002520838888271418,0.0,0.0,1.0106373171985055
2018-07-09,0.009023495294112165,0.009023495294112165,0.0,0.0,1.0197567982743003
2018-07-10,0.002637683681901725,0.002637683681901725,0.0,0.0,1.022446594140617
2018-07-11,-0.007232901312234819,-0.007232901312234819,0.0,0.0,1.0150513388281672
2018-07-12,0.004845900468229051,0.004845900468229051,0.0,0.0,1.0199701765862712
2018-07-13,0.005958597699004572,0.005958597699004572,0.0,0.0,1.0260477685335314
2018-07-16,-0.00355770778147724,-0.00355770778147724,0.0,0.0,1.0223973904032524
2018-07-17,-2.3696308335310326e-06,-2.3696308335310326e-06,0.0,0.0,1.022394967698872
2018-07-18,0.003503676371109727,0.003503676371109727,0.0,0.0,1.02597710878914
2018-07-19,-0.004184152123833792,-0.004184152123833792,0.0,0.0,1.0216842644903952
2018-07-20,-6.843418447304229e-05,-6.843418447304229e-05,0.0,0.0,1.021614346360966
2018-07-23,-0.0022064575686175716,-0.0022064575686175716,0.0,0.0,1.0193601976542295
2018-07-24,0.005818538133686584,0.005818538133686584,0.0,0.0,1.025291383836243
2018-07-25,-0.0009070992577475242,-0.0009070992577475242,0.0,0.0,1.02436134278299
2018-07-26,0.0030934828648951527,0.0030934828648951527,0.0,0.0,1.0275301870443503
2018-07-27,0.0010988165161480096,0.0010988165161480096,0.0,0.0,1.0286592541847153
2018-07-30,-0.0025505710231916406,-0.0025505710231916406,0.0,0.0,1.0260355856982537
2018-07-31,0.005776963056392017,0.005776963056392017,0.0,0.0,1.031962955371376
2018-08-01,0.002369654299770165,0.002369654299770165,0.0,0.0,1.0344083508257753
2018-08-02,-0.012032868335995076,-0.012032868335995076,0.0,0.0,1.021961451334635
2018-08-03,0.006121177826931473,0.006121177826931473,0.0,0.0,1.028217059110523
2018-08-06,0.0028160366539175643,0.0028160366539175643,0.0,0.0,1.0311125560371617
2018-08-07,0.0010851260008001664,0.0010851260008001664,0.0,0.0,1.0322314430814692
2018-08-08,0.0034321310747665095,0.0034321310747665095,0.0,0.0,1.0357741966936203
2018-08-09,-0.005224368653158197,-0.005224368653158197,0.0,0.0,1.030362930448664
2018-08-10,-0.003052220902642553,-0.003052220902642553,0.0,0.0,1.0272180351750404
2018-08-13,-0.016667845945845628,-0.016667845945845628,0.0,0.0,1.0100965232119485
2018-08-14,0.006191096423690954,0.006191096423690954,0.0,0.0,1.0163501281843885
2018-08-15,-0.011585243150098824,-0.011585243150098824,0.0,0.0,1.0045754648237384
2018-08-16,-0.005655627889650773,-0.005655627889650773,0.0,0.0,0.9988939598076223
2018-08-17,0.0005629058460242588,0.0005629058460242588,0.0,0.0,0.9994562430571564
2018-08-20,0.0018290924763057835,0.0018290924763057835,0.0,0.0,1.0012843409517291
2018-08-21,0.007017723727018826,0.007017723727018826,0.0,0.0,1.0083110778287185
2018-08-22,0.0013504690381232808,0.0013504690381232808,0.0,0.0,1.0096727707201227
2018-08-23,0.003970722449778062,0.003970722449778062,0.0,0.0,1.0136819010577507
2018-08-24,-0.007490501905977475,-0.007490501905977475,0.0,0.0,1.0060889148458227
2018-08-27,0.007509421623473414,0.007509421623473414,0.0,0.0,1.013644060698103
2018-08-28,0.004489723331651674,0.004489723331651674,0.0,0.0,1.0181950420874093
2018-08-29,0.0016277101221966828,0.0016277101221966828,0.0,0.0,1.0198523684637855
2018-08-30,-0.0030602779315391845,-0.0030602779315391845,0.0,0.0,1.0167313367671478
2018-08-31,0.0038066496256431953,0.0038066496256431953,0.0,0.0,1.0206016767296322
2018-09-03,-0.010489771771965003,-0.010489771771965003,0.0,0.0,1.0098957980706535
2018-09-04,0.001950796443302585,0.001950796443302585,0.0,0.0,1.011865899201636
2018-09-05,-0.0118762221906787,-0.0118762221906787,0.0,0.0,0.9998487549555465
2018-09-06,-0.004054715568249334,-0.004054715568249334,0.0,0.0,0.9957946526429335
2018-09-07,-0.008913700074707386,-0.008913700074707386,0.0,0.0,0.986918437773277
2018-09-10,-0.010329091208058206,-0.010329091208058206,0.0,0.0,0.9767244672146025
2018-09-11,0.006719925313890873,0.006719925313890873,0.0,0.0,0.9832879826865344
2018-09-12,-0.0010036248881562244,-0.0010036248881562244,0.0,0.0,0.9823011303948853
2018-09-13,0.005684190430277361,0.005684190430277361,0.0,0.0,0.9878847170799265
2018-09-14,0.005986605565321105,0.005986605565321105,0.0,0.0,0.9937987932250928
2018-09-17,-0.0005106002186511734,-0.0005106002186511734,0.0,0.0,0.9932913593439768
2018-09-18,0.0010375770728199662,0.0010375770728199662,0.0,0.0,0.9943219756850623
2018-09-19,0.007012160433107344,0.007012160433107344,0.0,0.0,1.0012943209007301
2018-09-20,-0.0040232893487912175,-0.0040232893487912175,0.0,0.0,0.997265824124445
2018-09-21,0.01274446102879948,0.01274446102879948,0.0,0.0,1.0099754395553526
2018-09-25,0.0006251268435847434,0.0006251268435847434,0.0,0.0,1.01060680231398
2018-09-26,-0.002236029980784354,-0.002236029980784354,0.0,0.0,1.0083470552052214
2018-09-27,0.004966912600834978,0.004966912600834978,0.0,0.0,1.013355426899735
2018-09-28,-0.0014348754381742967,-0.0014348754381742967,0.0,0.0,1.0119013880875358
2018-10-01,0.0020141397054235536,0.0020141397054235536,0.0,0.0,1.0139394988512562
2018-10-02,-0.00871635858694757,-0.00871635858694757,0.0,0.0,1.0051016385937988
2018-10-03,-0.0031563759108989052,-0.0031563759108989052,0.0,0.0,1.0019291599937363
2018-10-04,-0.007081079918274627,-0.007081079918274627,0.0,0.0,0.9948344195393709
2018-10-05,-0.013054041429518059,-0.013054041429518059,0.0,0.0,0.9818478098111935
2018-10-08,-0.00019729176157785042,-0.00019729176157785042,0.0,0.0,0.9816540993271944
2018-10-09,0.0026742103874728075,0.0026742103874728075,0.0,0.0,0.9842792489165204
2018-10-11,-0.05377392676337063,-0.05377392676337063,0.0,0.0,0.9313506886705779
2018-10-12,0.015576882261050595,0.015576882261050595,0.0,0.0,0.945858228691748
2018-10-15,-0.012562981620736864,-0.012562981620736864,0.0,0.0,0.9339754291488708
2018-10-16,0.0013593448781578075,0.0013593448781578075,0.0,0.0,0.9352450238648095
2018-10-17,-0.0006953969366395653,-0.0006953969366395653,0.0,0.0,0.9345946573402065
2018-10-18,-9.940968713373984e-05,-9.940968713373984e-05,0.0,0.0,0.9345017495777235
2018-10-19,-0.004216765607095174,-0.004216765607095174,0.0,0.0,0.9305611747403338
2018-10-22,0.004089214662430547,0.004089214662430547,0.0,0.0,0.9343664391403705
2018-10-23,-0.012565765551424489,-0.012565765551424489,0.0,0.0,0.9226254095270133
2018-10-24,-0.0036633557831657615,-0.0036633557831657615,0.0,0.0,0.9192455043973269
2018-10-25,-0.01859691683416775,-0.01859691683416775,0.0,0.0,0.9021503722018672
2018-10-26,-0.0005909011393376762,-0.0005909011393376762,0.0,0.0,0.9016172905190792
2018-10-29,0.00034928542224043604,0.00034928542224043604,0.0,0.0,0.9019322122950975
2018-10-30,0.003870341035983426,0.003870341035983426,0.0,0.0,0.9054229975480186
2018-10-31,0.020185194040448842,0.020185194040448842,0.0,0.0,0.9236991364422102
2018-11-01,0.00236075121426217,0.00236075121426217,0.0,0.0,0.9258797603001792
2018-11-02,0.01008034264189234,0.01008034264189234,0.0,0.0,0.9352129455291981
2018-11-05,0.0011324926673883858,0.0011324926673883858,0.0,0.0,0.9362720673324566
2018-11-06,-0.004234131504981501,-0.004234131504981501,0.0,0.0,0.93230776827493
2018-11-07,0.010643874432318911,0.010643874432318911,0.0,0.0,0.9422311350927238
2018-11-08,0.004561172881430627,0.004561172881430627,0.0,0.0,0.9465288141941482
2018-11-09,-0.00603465531487148,-0.00603465531487148,0.0,0.0,0.9408168390548926
2018-11-12,-0.00035692002781221536,-0.00035692002781221536,0.0,0.0,0.940481042682531
2018-11-13,-0.0007923755997384545,-0.0007923755997384545,0.0,0.0,0.9397358284522928
2018-11-14,0.004724264076976708,0.004724264076976708,0.0,0.0,0.9441753886684978
2018-11-15,0.0004931015746284918,0.0004931015746284918,0.0,0.0,0.9446409630393758
2018-11-16,0.0013991124968455414,0.0013991124968455414,0.0,0.0,0.9459626220157964
2018-11-19,0.007116094402599993,0.007116094402599993,0.0,0.0,0.9526941813353919
2018-11-20,-0.004996863448551594,-0.004996863448551594,0.0,0.0,0.9479336986030293
2018-11-21,0.0005770637852353473,0.0005770637852353473,0.0,0.0,0.9484807168112974
2018-11-22,-0.003092637815972811,-0.003092637815972811,0.0,0.0,0.9455474094787658
2018-11-23,-0.0045289564510404565,-0.0045289564510404565,0.0,0.0,0.9412650664388423
2018-11-26,0.004951705030693567,0.004951705030693567,0.0,0.0,0.9459259334035436
2018-11-27,0.00027693698958026385,0.00027693698958026385,0.0,0.0,0.9461878952839063
2018-11-28,0.00862504072960632,0.00862504072960632,0.0,0.0,0.9543488044185905
2018-11-29,-0.0023971802814396507,-0.0023971802814396507,0.0,0.0,0.9520610582830228
2018-11-30,0.003887425963122672,0.003887425963122672,0.0,0.0,0.9557621251594703
2018-12-03,0.013640083462815943,0.013640083462815943,0.0,0.0,0.9687988003172437
2018-12-04,-0.0007531801586128051,-0.0007531801586128051,0.0,0.0,0.968069120283157
2018-12-05,-0.010022530835059128,-0.010022530835059128,0.0,0.0,0.9583666176746505
2018-12-06,-0.015417418937850393,-0.015417418937850393,0.0,0.0,0.9435910780339096
2018-12-07,0.005862422524926813,0.005862422524926813,0.0,0.0,0.9491228076240956
2018-12-10,-0.01132997023667387,-0.01132997023667387,0.0,0.0,0.9383692744627663
2018-12-11,0.000368544242246337,0.000368544242246337,0.0,0.0,0.9387151050559704
2018-12-12,0.0055834770422450684,0.0055834770422450684,0.0,0.0,0.9439563992942592
2018-12-13,0.004742998072313067,0.004742998072313067,0.0,0.0,0.9484335826764595
2018-12-14,-0.003450661605699443,-0.003450661605699443,0.0,0.0,0.9451608593271619
2018-12-17,-0.0008013845600751936,-0.0008013845600751936,0.0,0.0,0.9444034220077097
2018-12-18,-0.00975020750603317,-0.00975020750603317,0.0,0.0,0.9351952926737267
2018-12-19,0.004823285501858666,0.004823285501858666,0.0,0.0,0.9397060065702864
2018-12-20,-0.0067144446227745715,-0.0067144446227745715,0.0,0.0,0.9333964026274815
2018-12-21,-0.0021853090001630695,-0.0021853090001630695,0.0,0.0,0.9313566430680997
2018-12-22,2.7434109772809883e-05,2.7434109772809883e-05,0.0,0.0,0.9313821940084833
2018-12-24,0.005786253763673364,0.005786253763673364,0.0,0.0,0.9367714077339832
2018-12-25,-0.01081038952362817,-0.01081038952362817,0.0,0.0,0.9266445439217813
2018-12-26,-0.005287786303135658,-0.005287786303135658,0.0,0.0,0.9217446455945564
2018-12-27,0.010181878108095758,0.010181878108095758,0.0,0.0,0.9311297372227901
2018-12-28,0.0074223697152819915,0.0074223697152819915,0.0,0.0,0.9380409263853511
2019-01-02,-0.010052862607036554,-0.010052862607036554,0.0,0.0,0.9286109298326218
2019-01-03,-0.0008959815967627864,-0.0008959815967627864,0.0,0.0,0.9277789115289391
2019-01-04,-0.0031405901008094025,-0.0031405901008094025,0.0,0.0,0.9248651382636516
2019-01-07,0.01686874216153518,0.01686874216153518,0.0,0.0,0.9404664498152138
2019-01-08,-0.003324447076482624,-0.003324447076482624,0.0,0.0,0.9373399188755956
2019-01-09,0.014216314499946668,0.014216314499946668,0.0,0.0,0.9506654379556857
2019-01-10,-0.0013039717368777915,-0.0013039717368777915,0.0,0.0,0.9494257970933649
2019-01-11,-0.0018594552896824754,-0.0018594552896824754,0.0,0.0,0.9476603822727987
2019-01-14,-0.005596014394908132,-0.005596014394908132,0.0,0.0,0.942357261132116
2019-01-15,0.0071450957623347125,0.0071450957623347125,0.0,0.0,0.9490904940052365
2019-01-16,-0.002848216659268111,-0.002848216659268111,0.0,0.0,0.9463872786490577
2019-01-17,0.0011201554931400616,0.0011201554931400616,0.0,0.0,0.9474473795578744
2019-01-18,0.0045640255893003995,0.0045640255893003995,0.0,0.0,0.9517715536426922
2019-01-21,0.0018310408224103498,0.0018310408224103498,0.0,0.0,0.9535142862110207
2019-01-22,-0.001314732686059114,-0.001314732686059114,0.0,0.0,0.9522606698123148
2019-01-23,0.00024822352923662214,0.00024822352923662214,0.0,0.0,0.952497043316529
2019-01-24,0.0012229969962890312,0.0012229969962890312,0.0,0.0,0.9536619443394794
2019-01-25,0.00558747810400897,0.00558747810400897,0.0,0.0,0.958990509572103
2019-01-28,0.0017849640946197207,0.0017849640946197207,0.0,0.0,0.9607022731987702
2019-01-29,-0.0006913834690911082,-0.0006913834690911082,0.0,0.0,0.9600380595283623
2019-01-30,0.00010380332326359555,0.00010380332326359555,0.0,0.0,0.9601377146694009
2019-02-11,-0.0020707602805132776,-0.0020707602805132776,0.0,0.0,0.9581494996260408
2019-02-12,0.005484519801054865,0.005484519801054865,0.0,0.0,0.9634044895291106
2019-02-13,0.00276563561808894,0.00276563561808894,0.0,0.0,0.9660689152999792
2019-02-14,-0.0007515944974072682,-0.0007515944974072682,0.0,0.0,0.9653428232191236
2019-02-15,-0.0025005659290282013,-0.0025005659290282013,0.0,0.0,0.9629289198455498
2019-02-18,0.006447541558312417,0.006447541558312417,0.0,0.0,0.969137444073955
2019-02-19,0.0003991621119407546,0.0003991621119407546,0.0,0.0,0.9695242870228924
2019-02-20,0.006351877019381521,0.005219737539918969,0.3565793636102527,0.0011321394794625522,0.974584949339729
2019-02-21,0.003106092649157839,0.003106092649157839,0.0,0.0,0.9776121004868529
2019-02-22,0.0019330126805137695,0.0019330126805137695,0.0,0.0,0.9795018370737176
2019-02-25,0.003050735643756287,0.003050735643756287,0.0,0.0,0.9824900382412033
2019-02-26,0.00033348468170840673,0.00033348468170840673,0.0,0.0,0.9828176836188879
2019-02-27,0.003512345503287666,0.003512345503287666,0.0,0.0,0.9862696788904983
2019-03-04,-0.0034374858101315587,-0.0034374858101315587,0.0,0.0,0.9828793908643492
2019-03-05,-0.0018075570638724347,-0.0018075570638724347,0.0,0.0,0.9811027802784577
2019-03-06,0.0031368485902572947,0.0031368485902572947,0.0,0.0,0.9841803511516716
2019-03-07,-0.0032203293845206277,-0.0032203293845206277,0.0,0.0,0.98101096624719
2019-03-08,-0.0039883842769275766,-0.0039883842769275766,0.0,0.0,0.9770983175339161
2019-03-11,-0.0009114475892734586,-0.0009114475892734586,0.0,0.0,0.9762077436279166
2019-03-12,0.007915932216424507,0.007915932216424507,0.0,0.0,0.983935337955624
2019-03-13,-0.0003711438500786686,-0.0003711438500786686,0.0,0.0,0.9835701564060668
2019-03-14,-0.0032897204397509005,-0.0032897204397509005,0.0,0.0,0.9803344855586087
2019-03-15,0.005894035224021105,0.005894035224021105,0.0,0.0,0.9861126115478137
2019-03-18,0.00654509968920818,0.00654509968920818,0.0,0.0,0.9925668168951797
2019-03-19,0.0012070817360847281,0.0012070817360847281,0.0,0.0,0.9937649261716976
2019-03-20,0.0023662427706678756,0.0023662427706678756,0.0,0.0,0.9961164152439947
2019-03-21,0.0023701787951634053,0.0023701787951634053,0.0,0.0,0.9984773892489202
2019-03-22,-0.0023764331646109363,-0.0023764331646109363,0.0,0.0,0.996104574466995
2019-03-25,-0.005332903304237637,-0.005332903304237637,0.0,0.0,0.9907924450904537
2019-03-26,0.004286281849309214,0.004286281849309214,0.0,0.0,0.9950392607642776
2019-03-27,-0.0028044391856493116,-0.0028044391856493116,0.0,0.0,0.9922487336701308
2019-03-28,-0.0011408157781069583,-0.0011408157781069583,0.0,0.0,0.9911167606589533
2019-03-29,0.008411511237042464,0.008411511237042464,0.0,0.0,0.9994535504284572
2019-04-01,-0.003971143524136579,-0.003971143524136579,0.0,0.0,0.9954845769339978
2019-04-02,0.00043492939089824554,0.00043492939089824554,0.0,0.0,0.9959175424346923
2019-04-03,0.0015819535420149183,0.0015819535420149183,0.0,0.0,0.9974930377185017
2019-04-08,0.003546201552296973,0.003546201552296973,0.0,0.0,1.0010303490772645
2019-04-09,0.003987665069386246,0.003987665069386246,0.0,0.0,1.0050221228336753
2019-04-10,0.00020776006142144798,0.00020776006142144798,0.0,0.0,1.0052309262916452
2019-04-11,-0.0025629902788372547,-0.0025629902788372547,0.0,0.0,1.0026545291995732
2019-04-12,0.0009744358536813205,0.0009744358536813205,0.0,0.0,1.0036315517216814
2019-04-15,0.002541901970224688,0.002541901970224688,0.0,0.0,1.0061826847403823
2019-04-16,0.0016789182629084853,0.0016789182629084853,0.0,0.0,1.007871983225615
2019-04-17,0.0025946366079256447,0.0025946366079256447,0.0,0.0,1.010487044769395
2019-04-18,-0.006290604377119124,-0.006290604377119124,0.0,0.0,1.0041304705425464
2019-04-19,0.0026703930877819545,0.0026703930877819545,0.0,0.0,1.0068118936103145
2019-04-22,0.0005341452130177272,0.0005341452130177272,0.0,0.0,1.0073496773636956
2019-04-23,0.0030062912330269553,0.0030062912330269553,0.0,0.0,1.0103780638673465
2019-04-24,0.0014135255543037749,0.0014135255543037749,0.0,0.0,1.0118062590801309
2019-04-25,3.648810772929225e-05,3.648810772929225e-05,0.0,0.0,1.0118431779759134
2019-04-26,-2.0026188143983318e-05,-2.0026188143983318e-05,0.0,0.0,1.011822914614059
2019-04-29,0.004380527068894672,0.004380527068894672,0.0,0.0,1.0162552322804537
2019-04-30,0.0025774634811495186,0.0025774634811495186,0.0,0.0,1.0188745930291836
2019-05-02,0.003088134454684675,0.003088134454684675,0.0,0.0,1.0220210147649198
2019-05-03,0.000163974841853717,0.000163974841853717,0.0,0.0,1.0221886004991871
2019-05-06,-0.014197588631606832,-0.014197588631606832,0.0,0.0,1.0076759872453818
2019-05-07,0.005299019368098334,0.005299019368098334,0.0,0.0,1.0130156818185627
2019-05-08,-0.004549655891709788,-0.004549655891709788,0.0,0.0,1.0084068090533824
2019-05-09,-0.011326104096869207,-0.011326104096869207,0.0,0.0,0.9969854885620522
2019-05-10,-0.002151642825618105,-0.002151642825618105,0.0,0.0,0.9948403318883423
2019-05-13,-0.006243989114466702,-0.006243989114466702,0.0,0.0,0.9886285596853991
2019-05-14,-0.004193596422800824,-0.004193596422800824,0.0,0.0,0.9844826504940237
2019-05-15,0.002290702271033986,0.002290702271033986,0.0,0.0,0.9867378071373039
2019-05-16,-0.006788518201965847,-0.006788518201965847,0.0,0.0,0.9800393195729844
2019-05-17,-0.0005099215530895918,-0.0005099215530895918,0.0,0.0,0.9795395764010588
2019-05-20,0.009233068734497469,0.009233068734497469,0.0,0.0,0.9885837326381304
2019-05-21,0.010485384661165784,0.010485384661165784,0.0,0.0,0.9989494133446123
2019-05-22,-0.0042817860446672145,-0.0042817860446672145,0.0,0.0,0.9946721256872249
2019-05-23,-0.003339489690682066,-0.003339489690682066,0.0,0.0,0.9913504283778836
2019-05-24,0.0019127879113407234,0.0019127879113407234,0.0,0.0,0.9932466714931872
2019-05-27,0.0029763530091543224,0.0029763530091543224,0.0,0.0,0.9962029242127184
2019-05-28,-0.0008672218646972815,-0.0008672218646972815,0.0,0.0,0.9953389952551658
2019-05-29,-0.0006871955743989918,-0.0006871955743989918,0.0,0.0,0.9946550027025997
2019-05-30,0.007709557334569262,0.007709557334569262,0.0,0.0,1.0023233524740516
2019-05-31,0.009123716303248692,0.009123716303248692,0.0,0.0,1.011468266386146
2019-06-03,-0.0010108634861994217,-0.0010108634861994217,0.0,0.0,1.010445810048207
2019-06-04,0.0002957498063522634,0.0002957498063522634,0.0,0.0,1.0107446492008583
2019-06-05,0.0015135209396255627,0.0015135209396255627,0.0,0.0,1.0122744323920383
2019-06-06,0.004340070442266124,0.004340070442266124,0.0,0.0,1.0166677747355246
2019-06-10,0.00498412174558775,0.00498412174558775,0.0,0.0,1.0217349706996222
2019-06-11,-0.00476795736201799,-0.00476795736201799,0.0,0.0,1.0168633819240438
2019-06-12,-0.004967719845772315,-0.004967719845772315,0.0,0.0,1.0118118895212207
2019-06-13,-0.0007014366542026965,-0.0007014366542026965,0.0,0.0,1.0111021675747525
2019-06-14,0.0008421653449752083,0.0008421653449752083,0.0,0.0,1.0119536827805133
2019-06-17,0.0017213039899555906,0.0017213039899555906,0.0,0.0,1.0136955626923336
2019-06-18,0.001515354270366676,0.001515354270366676,0.0,0.0,1.0152316705921114
2019-06-19,0.012790838593665164,0.012790838593665164,0.0,0.0,1.0282173350258321
2019-06-20,0.0016544164623325153,0.0016544164623325153,0.0,0.0,1.0299184347117545
2019-06-21,-0.003094104936004369,-0.003094104936004369,0.0,0.0,1.0267317589992309
2019-06-24,0.004654662444571778,0.004654662444571778,0.0,0.0,1.0315108487584936
2019-06-25,-0.0021695075437558695,-0.0021695075437558695,0.0,0.0,1.029272978190646
2019-06-26,-0.000993897529723174,-0.000993897529723174,0.0,0.0,1.0282499863202115
2019-06-27,0.004182133480553688,0.004182133480553688,0.0,0.0,1.03255026501438
2019-06-28,-0.003686322873609223,-0.003686322873609223,0.0,0.0,1.0287439513543062
2019-07-01,0.0015089406668271192,0.0015089406668271192,0.0,0.0,1.0302962649382572
2019-07-02,-0.0021403045286789756,-0.0021403045286789756,0.0,0.0,1.0280911171765288
2019-07-03,-0.0030482134645380197,-0.0030482134645380197,0.0,0.0,1.0249572759903793
2019-07-04,0.001171177078343471,0.001171177078343471,0.0,0.0,1.0261576824583007
2019-07-05,0.0016481536343631081,0.0016481536343631081,0.0,0.0,1.027848947972074
2019-07-08,-0.0034186000193505654,-0.0034186000193505654,0.0,0.0,1.0243351435386472
2019-07-09,-0.00584509383427768,-0.00584509383427768,0.0,0.0,1.0183478085069155
2019-07-10,0.004765950900420463,0.004765950900420463,0.0,0.0,1.0232012041618104
2019-07-11,0.0021807203098749696,0.0021807203098749696,0.0,0.0,1.0254325198088146
2019-07-12,-0.0011266208660153235,-0.0011266208660153235,0.0,0.0,1.0242772461353074
2019-07-15,-0.002436053760982812,-0.002436053760982812,0.0,0.0,1.0217820516975704
2019-07-16,-0.0019953710031537517,-0.0019953710031537517,0.0,0.0,1.0197432174200702
2019-07-17,0.002526157139256667,0.002526157139256667,0.0,0.0,1.0223192490289645
2019-07-18,-0.0031654708772789167,-0.0031654708772789167,0.0,0.0,1.0190831272188816
2019-07-19,0.0014370772009300852,0.0014370772009300852,0.0,0.0,1.0205476283468604
2019-07-22,-0.0010236145010529057,-0.0010236145010529057,0.0,0.0,1.0195029809954694
2019-07-23,-0.0014500820378264875,-0.0014500820378264875,0.0,0.0,1.0180246180352173
2019-07-24,-0.0037295956748267306,-0.0037295956748267306,0.0,0.0,1.014227797822926
2019-07-25,-0.003076418602928969,-0.003076418602928969,0.0,0.0,1.011107608558096
2019-07-26,-0.00155145545915812,-0.00155145545915812,0.0,0.0,1.0095389201390021
2019-07-29,-0.00023120606720249056,-0.00023120606720249056,0.0,0.0,1.0093055086155889
2019-07-30,-0.0020083953585380253,-0.0020083953585380253,0.0,0.0,1.0072784241167385
2019-07-31,-0.0011743396591975806,-0.0011743396591975806,0.0,0.0,1.0060955371154443
2019-08-01,-0.009802359125937549,-0.009802359125937549,0.0,0.0,0.9962334273456357
2019-08-02,-0.011999501438657932,-0.011999501438657932,0.0,0.0,0.9842791229009626
2019-08-05,-0.0056486755812808235,-0.0056486755812808235,0.0,0.0,0.9787192494542675
2019-08-06,-0.008560257102017308,-0.008560257102017308,0.0,0.0,0.9703411610482455
2019-08-07,-0.0017612746672317709,-0.0017612746672317709,0.0,0.0,0.968632123742719
2019-08-08,0.006528108728217363,0.006528108728217363,0.0,0.0,0.9749554595641556
2019-08-12,-0.0035120970060231126,-0.0035120970060231126,0.0,0.0,0.9715313214136145
2019-08-13,-0.008389481148511905,-0.008389481148511905,0.0,0.0,0.9633806777074262
2019-08-14,0.0006088537382829111,0.0006088537382829111,0.0,0.0,0.9639672356344379
2019-08-15,-0.010168150920662561,-0.010168150920662561,0.0,0.0,0.954165471299933
2019-08-16,0.011647831333403915,0.011647831333403915,0.0,0.0,0.9652794297737924
2019-08-19,0.004922647028445145,0.004922647028445145,0.0,0.0,0.9700311596903877
2019-08-20,-0.0018558637805476817,-0.0018558637805476817,0.0,0.0,0.9682309139951156
2019-08-21,-0.00017680586259025046,-0.00017680586259025046,0.0,0.0,0.9680597250931802
2019-08-22,0.0012308797551002842,0.0012308797551002842,0.0,0.0,0.9692512902105254
2019-08-23,0.0025311880795545853,0.0025311880795545853,0.0,0.0,0.9717046475223993
2019-08-26,-0.01153462454605773,-0.01153462454605773,0.0,0.0,0.9604963992435691
2019-08-27,-0.001210595774302834,-0.001210595774302834,0.0,0.0,0.9593336263614117
2019-08-28,0.0026935631945123346,0.0026935631945123346,0.0,0.0,0.961917652108637
2019-08-29,0.0013230982390531566,0.0013230982390531566,0.0,0.0,0.963190363660256
2019-08-30,0.013485741185588302,0.013485741185588302,0.0,0.0,0.9761796996170308
2019-09-02,0.0030031783376669777,0.0030031783376669777,0.0,0.0,0.9791113413445909
2019-09-03,-0.00531844176412623,-0.00531844176412623,0.0,0.0,0.9739039946950542
2019-09-04,0.00709905205174261,0.00709905205174261,0.0,0.0,0.9808177898467945
2019-09-05,0.004294216098936712,0.004294216098936712,0.0,0.0,0.9850296333900781
2019-09-06,0.0028771270922853046,0.0028771270922853046,0.0,0.0,0.9878636888350086
2019-09-09,0.005390108080440454,0.005390108080440454,0.0,0.0,0.9931883808865719
2019-09-10,0.005100155112358191,0.005100155112358191,0.0,0.0,0.9982537956848853
2019-09-11,0.0027831012000119155,0.0027831012000119155,0.0,0.0,1.0010320370215724
2019-09-12,0.0005415373881855478,0.0005415373881855478,0.0,0.0,1.0015741332963912
2019-09-16,0.0038150637054724643,0.0038150637054724643,0.0,0.0,1.0053952024206703
2019-09-17,-0.00028618395926579654,-0.00028618395926579654,0.0,0.0,1.0051074744410147
2019-09-18,0.0026381991377930998,0.0026381991377930998,0.0,0.0,1.0077591481134742
2019-09-19,-0.0032302172729007294,-0.0032302172729007294,0.0,0.0,1.0045038671063145
2019-09-20,0.0040608321814893,0.0040608321814893,0.0,0.0,1.00858298873629
2019-09-23,-0.004078326581702589,-0.004078326581702589,0.0,0.0,1.0044696579234738
2019-09-24,-0.0014374736120277307,-0.0014374736120277307,0.0,0.0,1.0030257592961263
2019-09-25,-0.005111285279715084,-0.005111285279715084,0.0,0.0,0.9978990084974609
2019-09-26,-0.0022202338318700696,-0.0022202338318700696,0.0,0.0,0.9956834393580053
2019-09-27,-0.008125887875262468,-0.008125887875262468,0.0,0.0,0.9875926273705264
2019-10-01,0.009033267769245271,0.009033267769245271,0.0,0.0,0.9965138160204969
2019-10-02,-0.00372657759483635,-0.00372657759483635,0.0,0.0,0.9928002299607701
2019-10-03,-0.0062959493505949414,-0.0062959493505949414,0.0,0.0,0.986549609997678
2019-10-04,0.0035398159425365284,0.0035398159425365284,0.0,0.0,0.990041814035251
2019-10-07,0.0007550032989115331,0.0007550032989115331,0.0,0.0,0.9907892988709079
2019-10-08,0.001775187477415113,0.001775187477415113,0.0,0.0,0.9925481356270204
2019-10-09,-0.00980113393079864,-0.00980113393079864,0.0,0.0,0.9828200384169755
2019-10-14,0.010170577618502737,0.010170577618502737,0.0,0.0,0.9928158859027153
2019-10-15,0.0005006256741120019,0.0005006256741120019,0.0,0.0,0.9933129150248645
2019-10-16,0.004607290050467259,0.004607290050467259,0.0,0.0,0.9978893957352591
2019-10-17,0.0047525660830563185,0.0047525660830563185,0.0,0.0,1.0026319310320722
2019-10-18,-0.0007396204662147242,-0.0007396204662147242,0.0,0.0,1.0018903639358006
2019-10-21,0.0038720059205662634,0.0038720059205662634,0.0,0.0,1.0057696893567183
2019-10-22,0.0034531625127446966,0.0034531625127446966,0.0,0.0,1.0092427755444597
2019-10-23,-0.004408656905557032,-0.004408656905557032,0.0,0.0,1.0047933704126721
2019-10-24,0.006178346246891013,0.006178346246891013,0.0,0.0,1.0110013317616622
2019-10-25,-0.0007282294507137157,-0.0007282294507137157,0.0,0.0,1.0102650908171626
2019-10-28,0.0006885646744045235,0.0006885646744045235,0.0,0.0,1.0109607236704834
2019-10-29,-0.00037326361494676504,-0.00037326361494676504,0.0,0.0,1.010583368816197
2019-10-30,0.005750690677188701,0.005750690677188701,0.0,0.0,1.0163949211737702
2019-10-31,-0.0016078299963217704,-0.0016078299963217704,0.0,0.0,1.0147607309313977
2019-11-01,0.0023740615603015996,0.0023740615603015996,0.0,0.0,1.0171698353756056
2019-11-04,0.007246783408569683,0.007246783408569683,0.0,0.0,1.0245410448623031
2019-11-05,0.005217641317154083,0.005217641317154083,0.0,0.0,1.0298867325490968
2019-11-06,0.0025463659083857456,0.0025463659083857456,0.0,0.0,1.0325092010143586
2019-11-07,-0.0009156243279773514,-0.0009156243279773514,0.0,0.0,1.0315638104710494
2019-11-08,-0.0005559708645927969,-0.0005559708645927969,0.0,0.0,1.030990291047459
2019-11-11,-0.008096590343399625,-0.008096590343399625,0.0,0.0,1.0226427850128255
2019-11-12,0.002973697800827865,0.002973697800827865,0.0,0.0,1.0256838156136505
2019-11-13,-0.006176175911652183,-0.006176175911652183,0.0,0.0,1.0193490119386859
2019-11-14,-0.0024910310227334574,-0.0024910310227334574,0.0,0.0,1.016809781926954
2019-11-15,0.002890724701041356,0.002890724701041356,0.0,0.0,1.0197490990798308
2019-11-18,0.005548370850912361,0.005548370850912361,0.0,0.0,1.0254070452564095
2019-11-19,0.0002036540122660779,0.0002036540122660779,0.0,0.0,1.0256158735153817
2019-11-20,0.00038331229104543495,0.00038331229104543495,0.0,0.0,1.0260090046855916
2019-11-21,-0.0069491700758449355,-0.0069491700758449355,0.0,0.0,1.018879093612683
2019-11-22,0.0030046669785174737,0.0030046669785174737,0.0,0.0,1.021940485980363
2019-11-25,0.0018987679897868842,0.0018987679897868842,0.0,0.0,1.0238809138626097
2019-11-26,-0.00041561649215431773,-0.00041561649215431773,0.0,0.0,1.0234553720688064
2019-11-27,0.006408577882745717,0.006408577882745717,0.0,0.0,1.0300142655302238
2019-11-28,-0.0021738733762323875,-0.0021738733762323875,0.0,0.0,1.027775144941248
2019-11-29,-0.00615710081947197,-0.00615710081947197,0.0,0.0,1.0214470297540974
2019-12-02,-0.0019228375985807225,-0.0019228375985807225,0.0,0.0,1.0194829530003275
2019-12-03,0.0014908312050109307,0.0014908312050109307,0.0,0.0,1.0210028299996372
2019-12-04,-0.0006577425699741638,-0.0006577425699741638,0.0,0.0,1.0203312729742824
2019-12-05,0.00017155956680616516,0.00017155956680616516,0.0,0.0,1.0205063205654725
2019-12-06,-0.0009671721508466516,-0.0009671721508466516,0.0,0.0,1.0195193152724586
2019-12-09,0.0033071771357334216,0.0033071771357334216,0.0,0.0,1.0228910462413663
2019-12-10,0.000555104476796323,0.000555104476796323,0.0,0.0,1.0234588576404098
2019-12-11,0.001062530592361882,0.001062530592361882,0.0,0.0,1.0245463139866766
2019-12-12,0.0033181518315688325,0.0033181518315688325,0.0,0.0,1.0279459142149585
2019-12-13,0.006016641114719424,0.006016641114719424,0.0,0.0,1.034130695866132
2019-12-16,0.0007958533163828022,0.0007958533163828022,0.0,0.0,1.0349537122100103
2019-12-17,0.005953184473943893,0.005953184473943893,0.0,0.0,1.0411149825807897
2019-12-18,0.004346059635273089,0.004346059635273089,0.0,0.0,1.0456397303822622
2019-12-19,-0.002806388886505408,-0.002806388886505408,0.0,0.0,1.042705258663629
2019-12-20,-0.000524544938402871,-0.000524544938402871,0.0,0.0,1.042158312897951
2019-12-23,0.004553331602569473,0.004553331602569473,0.0,0.0,1.0469036052789498
2019-12-24,-0.0035665548048894953,-0.0035665548048894953,0.0,0.0,1.043169766195286
2019-12-25,0.0015405944764656575,0.0015405944764656575,0.0,0.0,1.0447768677751024
2019-12-26,-0.0009840705280086174,-0.0009840705280086174,0.0,0.0,1.0437487336511797
2019-12-27,0.002820881290372447,0.002820881290372447,0.0,0.0,1.0466930249257864
2019-12-30,-0.0018060941770226494,-0.0018060941770226494,0.0,0.0,1.0448025987483378
2019-12-31,-0.004785141399214945,-0.004785141399214945,0.0,0.0,1.0398030705790597
2020-01-02,0.002147303145491548,0.002147303145491548,0.0,0.0,1.042035842983206
2020-01-03,0.0015053731255678551,0.0015053731255678551,0.0,0.0,1.0436044957371113
2020-01-06,-0.009452253490664876,-0.009452253490664876,0.0,0.0,1.0337400814994067
2020-01-07,-0.0022995662781043484,-0.0022995662781043484,0.0,0.0,1.0313629276676657
2020-01-08,-0.005780226739800535,-0.005780226739800535,0.0,0.0,1.025401416094722
2020-01-09,0.006039993313476007,0.006039993313476007,0.0,0.0,1.031594833791563
2020-01-10,0.0033886529901333362,0.0033886529901333362,0.0,0.0,1.0350905507096968
2020-01-13,0.0077201532016504875,0.0077201532016504875,0.0,0.0,1.0430816083387564
2020-01-14,0.0023222284424505527,0.0023222284424505527,0.0,0.0,1.0455038821174376
2020-01-15,-0.0029704886891103706,-0.0029704886891103706,0.0,0.0,1.042398224661187
2020-01-16,0.0015643129057192852,0.0015643129057192852,0.0,0.0,1.0440288616569233
2020-01-17,0.004555585447597855,0.004555585447597855,0.0,0.0,1.0487850243459598
2020-01-20,0.003951496556310574,0.003951496556310574,0.0,0.0,1.052929294757973
2020-01-30,-0.05103710620273407,-0.05103710620273407,0.0,0.0,0.9991908305174404
2020-01-31,0.007227330730033015,0.007227330730033015,0.0,0.0,1.0064123131120064
2020-02-03,-0.004730832629158757,-0.004730832629158757,0.0,0.0,1.001651144902749
2020-02-04,0.010412586852513471,0.010412586852513471,0.0,0.0,1.0120809244449684
2020-02-05,0.00177228014507183,0.00177228014507183,0.0,0.0,1.0138746153725684
2020-02-06,0.01141946509719344,0.01141946509719344,0.0,0.0,1.025452521155746
2020-02-07,-0.007960362742789896,-0.007960362742789896,0.0,0.0,1.0172895471118377
2020-02-10,-0.00032557310980131735,-0.00032557310980131735,0.0,0.0,1.0169583449904163
2020-02-11,0.0021711176222396155,0.0021711176222396155,0.0,0.0,1.0191662811743085
2020-02-12,0.0016867707857817435,0.0016867707857817435,0.0,0.0,1.0208853810832472
2020-02-13,0.003331990922661262,0.003331990922661262,0.0,0.0,1.0242869619060941
2020-02-14,0.0004406860798869397,0.0004406860798869397,0.0,0.0,1.0247383509120158
2020-02-17,-0.002332169173969521,-0.002332169173969521,0.0,0.0,1.0223484877186344
2020-02-18,0.0016722720449592653,0.0016722720449592653,0.0,0.0,1.0240581325148528
2020-02-19,0.009394108108462161,0.009394108108462161,0.0,0.0,1.0336782453210471
2020-02-20,-0.003903732216248827,-0.003903732216248827,0.0,0.0,1.0296430422535519
2020-02-21,-0.004568439073954329,-0.004568439073954329,0.0,0.0,1.0249391807470956
2020-02-24,-0.009530094633000134,-0.009530094633000134,0.0,0.0,1.0151714133615062
2020-02-25,-0.003103042760589777,-0.003103042760589777,0.0,0.0,1.0120212930565171
2020-02-26,-0.006370810109571402,-0.006370810109571402,0.0,0.0,1.005573897571611
2020-02-27,-0.006985882046516116,-0.006985882046516116,0.0,0.0,0.9985490769341204
2020-03-02,-0.01189818777946694,-0.01189818777946694,0.0,0.0,0.9866681525097449
2020-03-03,0.008352283229648254,0.008352283229648254,0.0,0.0,0.9949090843731802
2020-03-04,0.006697357903333626,0.006697357903333626,0.0,0.0,1.0015723465925053
2020-03-05,0.009233347409339841,0.009233347409339841,0.0,0.0,1.0108202120241816
2020-03-06,-0.014485102237775507,-0.015423696072634538,0.2956201054674114,0.0009385938348590312,0.9952296282898446
2020-03-09,-0.02249886659548708,-0.02249886659548708,0.0,0.0,0.9728380896510752
2020-03-10,-0.00039199655865589827,-0.00039199655865589827,0.0,0.0,0.9724567404678026
2020-03-11,-0.0027465548327239245,-0.0027465548327239245,0.0,0.0,0.9697858347076559
2020-03-12,-0.038028563153503434,-0.038028563153503434,0.0,0.0,0.9329062728471027
2020-03-13,-0.027284571087699223,-0.027284571087699223,0.0,0.0,0.9074523253274454
2020-03-16,-0.03418998640653015,-0.03418998640653015,0.0,0.0,0.8764265426599258
2020-03-17,-0.033818171631993736,-0.033818171631993736,0.0,0.0,0.8467873994174175
2020-03-18,-0.019553892910310667,-0.019553892910310667,0.0,0.0,0.830229409291409
2020-03-19,-0.06637618958661531,-0.06637618958661531,0.0,0.0,0.7751219446198988
2020-03-20,0.057608796231092746,0.057608796231092746,0.0,0.0,0.8197757867817549
2020-03-23,-0.03845680783936128,-0.03845680783936128,0.0,0.0,0.7882498268781277
2020-03-24,0.03893303966272076,0.03893303966272076,0.0,0.0,0.8189387886521067
2020-03-25,0.039844144684102106,0.039844144684102106,0.0,0.0,0.8515687042345844
2020-03-26,0.002365801113569133,0.002365801113569133,0.0,0.0,0.8535833464233433
2020-03-27,0.01083652092207139,0.01083652092207139,0.0,0.0,0.8628332202155915
2020-03-30,-0.009075703615561533,-0.009075703615561533,0.0,0.0,0.8550024016392542
2020-03-31,-0.0010071581476306614,-0.0010071581476306614,0.0,0.0,0.8541412790041994
2020-04-01,-0.0026470729461047365,-0.0026470729461047365,0.0,0.0,0.8518803047323961
2020-04-06,0.013845918911911378,0.013845918911911378,0.0,0.0,0.8636753703543751
2020-04-07,0.008755027832573245,0.008755027832573245,0.0,0.0,0.8712368722601357
2020-04-08,0.010343759558520814,0.010343759558520814,0.0,0.0,0.8802487369853121
2020-04-09,0.005830314695183364,0.005830314695183364,0.0,0.0,0.8853808641319743
2020-04-10,0.015832736602694183,0.015832736602694183,0.0,0.0,0.8993988661468416
2020-04-13,-0.007847274525466293,-0.007847274525466293,0.0,0.0,0.8923410363362942
2020-04-14,0.02072925113862239,0.02072925113862239,0.0,0.0,0.9108385977798078
2020-04-15,0.014467055764793273,0.014467055764793273,0.0,0.0,0.9240157505666143
2020-04-16,-0.012341726941065924,-0.012341726941065924,0.0,0.0,0.9126118004838771
2020-04-17,0.0033615355848921114,0.0033615355848921114,0.0,0.0,0.9156795775263962
2020-04-20,-0.002887845790250575,-0.002887845790250575,0.0,0.0,0.9130352361132181
2020-04-21,-0.028074820070512277,-0.028074820070512277,0.0,0.0,0.8874019361413018
2020-04-22,0.00014026423437944998,0.00014026423437944998,0.0,0.0,0.8875264068944616
2020-04-23,0.0026525446212407955,0.0026525446212407955,0.0,0.0,0.8898806102912787
2020-04-24,-0.0010652580207031138,-0.0010652580207031138,0.0,0.0,0.8889326578336978
2020-04-27,0.022522730107371366,0.022522730107371366,0.0,0.0,0.9089538481697145
2020-04-28,0.008327919900508587,0.008327919900508587,0.0,0.0,0.916523543010531
2020-04-29,0.013091662485233826,0.013091662485233826,0.0,0.0,0.9285223598953954
2020-04-30,0.01661213232934433,0.01661213232934433,0.0,0.0,0.9439470962087327
2020-05-04,-0.022583939803786007,-0.022583939803786007,0.0,0.0,0.9226290518099961
2020-05-05,0.005828318752217098,0.005828318752217098,0.0,0.0,0.9280064280140005
2020-05-06,-0.00576710138063269,-0.00576710138063269,0.0,0.0,0.9226545208617648
2020-05-07,0.002448587756417382,0.002448587756417382,0.0,0.0,0.92491372142495
2020-05-08,0.004415955330224264,0.004415955330224264,0.0,0.0,0.9289980991030741
2020-05-11,0.011116699638878442,0.011116699638878442,0.0,0.0,0.939325491935892
2020-05-12,-0.007920909175980671,-0.007920909175980671,0.0,0.0,0.9318851800275845
2020-05-13,0.0029410911795316316,0.0029410911795316316,0.0,0.0,0.9346259393108998
2020-05-14,-0.010481005526204224,-0.010481005526204224,0.0,0.0,0.9248301196760484
2020-05-15,-0.0008297773036862113,-0.0008297773036862113,0.0,0.0,0.9240627166329759
2020-05-18,-0.00021137849351249356,-0.00021137849351249356,0.0,0.0,0.923867389648023
2020-05-19,0.011459122165148373,0.011459122165148373,0.0,0.0,0.9344540989303963
2020-05-20,0.0018090866455379244,0.0018090866455379244,0.0,0.0,0.9361446073616396
2020-05-21,0.005830192670714045,0.005830192670714045,0.0,0.0,0.941602510790208
2020-05-22,-0.015305238863935504,-0.015305238863935504,0.0,0.0,0.9271910594476824
2020-05-25,0.002414714861468083,0.002414714861468083,0.0,0.0,0.9294299614783511
2020-05-26,0.012391711186670533,0.012391711186670533,0.0,0.0,0.9409471891292291
2020-05-27,0.0017749211563509286,0.0017749211563509286,0.0,0.0,0.9426172962022236
2020-05-28,-0.004948588604951415,-0.004948588604951415,0.0,0.0,0.9379526709914071
2020-05-29,0.0021963280103122905,0.0021963280103122905,0.0,0.0,0.9400127227150528
2020-06-01,0.009129289908874207,0.009129289908874207,0.0,0.0,0.9485943713787487
2020-06-02,0.008595930303187456,0.008595930303187456,0.0,0.0,0.9567484224811164
2020-06-03,0.01786089773804866,0.01786089773804866,0.0,0.0,0.9738368082160909
2020-06-04,0.0007699027013606718,0.0007699027013606718,0.0,0.0,0.9745865678054207
2020-06-05,0.0022554401244241694,0.0022554401244241694,0.0,0.0,0.9767846894551739
2020-06-08,0.010314492404288774,0.010314492404288774,0.0,0.0,0.9868597277151849
2020-06-09,-0.0009657444854515553,-0.0009657444854515553,0.0,0.0,0.9859066733752299
2020-06-10,0.0067899887111217486,0.0067899887111217486,0.0,0.0,0.9926009685576673
2020-06-11,-0.021310865079071022,-0.021310865079071022,0.0,0.0,0.9714477832393797
2020-06-12,-0.00987006598247757,-0.00987006598247757,0.0,0.0,0.9618595295202755
2020-06-15,-0.008219941556945118,-0.008219941556945118,0.0,0.0,0.9539531004016281
2020-06-16,0.013833924386559117,0.013833924386559117,0.0,0.0,0.9671500154609077
2020-06-17,0.003577314421117361,0.003577314421117361,0.0,0.0,0.9706098151585999
2020-06-18,-0.005427711264317564,-0.005427711264317564,0.0,0.0,0.9653416253316064
2020-06-19,-0.006558252042147187,-0.006558252042147187,0.0,0.0,0.9590106716459057
2020-06-22,0.0042859192933964365,0.0042859192933964365,0.0,0.0,0.9631209139860859
2020-06-23,0.003432696900241173,0.003432696900241173,0.0,0.0,0.9664270161620834
2020-06-24,0.0026928003001645533,0.0026928003001645533,0.0,0.0,0.9690294111212917
2020-06-29,-0.0077591086148465944,-0.0077591086148465944,0.0,0.0,0.9615106066694208
2020-06-30,0.005650599025175174,0.005650599025175174,0.0,0.0,0.9669437175661626
2020-07-01,0.0047556591233951125,0.0047556591233951125,0.0,0.0,0.9715421722784157
2020-07-02,0.005157316129422819,0.005157316129422819,0.0,0.0,0.9765527223939215
2020-07-03,0.0018656746063120903,0.0018656746063120903,0.0,0.0,0.9783746520098169
2020-07-06,0.01075723360278486,0.01075723360278486,0.0,0.0,0.9888992566925298
2020-07-07,-0.003517022900842463,-0.003517022900842463,0.0,0.0,0.985421275360116
2020-07-08,0.0011086305505394797,0.0011086305505394797,0.0,0.0,0.9865137434911319
2020-07-09,-0.0029705203579938225,-0.0029705203579938225,0.0,0.0,0.9835832843326507
2020-07-10,-0.00705661914147173,-0.00705661914147173,0.0,0.0,0.9766425117011973
2020-07-13,0.005553560003422257,0.005553560003422257,0.0,0.0,0.9820663544918229
2020-07-14,-0.003552709701270784,-0.003552709701270784,0.0,0.0,0.9785773578269282
2020-07-15,0.0034534593947200304,0.0034534593947200304,0.0,0.0,0.9819568349967759
2020-07-16,-0.002303852660772694,-0.002303852660772694,0.0,0.0,0.9796945511297046
2020-07-17,-0.0035706067635201963,-0.0035706067635201963,0.0,0.0,0.976196447139257
2020-07-20,-0.00013511574153754707,-0.00013511574153754707,0.0,0.0,0.9760645476324155
2020-07-21,0.0013715835698395516,0.0013715835698395516,0.0,0.0,0.977403301729051
2020-07-22,0.005316302802362795,0.005316302802362795,0.0,0.0,0.9825994736410718
2020-07-23,-0.005490403373131289,-0.005490403373131289,0.0,0.0,0.9772046061765558
2020-07-24,-0.012597419149498253,-0.012597419149498253,0.0,0.0,0.9648943501577293
2020-07-27,-0.01459103837527151,-0.01459103837527151,0.0,0.0,0.9508155396664951
2020-07-28,-0.006851268646396952,-0.006851268646396952,0.0,0.0,0.9443012469710711
2020-07-29,0.006123680509928875,0.006123680509928875,0.0,0.0,0.9500838461126494
2020-07-30,0.006411752586938416,0.006411752586938416,0.0,0.0,0.9561755486707707
2020-07-31,-0.006457639566050437,-0.006457639566050437,0.0,0.0,0.9500009116155844
2020-08-03,-0.008146241826969611,-0.008146241826969611,0.0,0.0,0.9422619744537223
2020-08-04,0.008830899802851223,0.008830899802851223,0.0,0.0,0.9505829955381598
2020-08-05,0.004366129248134604,0.004366129248134604,0.0,0.0,0.9547333637577583
2020-08-06,0.0073775906659306395,0.0073775906659306395,0.0,0.0,0.96177699571067
2020-08-07,-0.008110685335400273,-0.008110685335400273,0.0,0.0,0.9539763251356341
2020-08-10,0.007675050971579567,0.007675050971579567,0.0,0.0,0.9612981420567303
2020-08-11,-0.007496364087576601,-0.007496364087576601,0.0,0.0,0.954091901187162
2020-08-12,-0.002569669310970813,-0.002569669310970813,0.0,0.0,0.9516402005088356
2020-08-13,-0.0018121732702295508,-0.0018121732702295508,0.0,0.0,0.9499156635745976
2020-08-14,-0.0013013408828548643,-0.0013013408828548643,0.0,0.0,0.9486794994863238
2020-08-17,0.00655075071378621,0.00655075071378621,0.0,0.0,0.9548940623947383
2020-08-18,-0.0001096925804686973,-0.0001096925804686973,0.0,0.0,0.95478931760096
2020-08-19,-0.00438571032881876,-0.00438571032881876,0.0,0.0,0.9506018882289117
2020-08-20,-0.0228092548486993,-0.0228092548486993,0.0,0.0,0.9289193675006436
2020-08-21,0.01187011240663743,0.01187011240663743,0.0,0.0,0.9399457448095788
2020-08-24,-0.0027505551020334277,-0.0027505551020334277,0.0,0.0,0.9373603722455581
2020-08-25,0.005983863640311357,0.005983863640311357,0.0,0.0,0.942969408894907
2020-08-26,0.0022687527112391585,0.0022687527112391585,0.0,0.0,0.9451087732979528
2020-08-27,-0.00278405299827716,-0.00278405299827716,0.0,0.0,0.9424775403839547
2020-08-28,0.0013925844018803043,0.0013925844018803043,0.0,0.0,0.9437900199058159
2020-08-31,-0.005259668558426477,-0.005259668558426477,0.0,0.0,0.9388259972123605
2020-09-01,-0.0009311314940156314,-0.0009311314940156314,0.0,0.0,0.9379518267589555
2020-09-02,-0.0021506984631516598,-0.0021506984631516598,0.0,0.0,0.9359345752066347
2020-09-03,0.002923548610649731,0.002923548610649731,0.0,0.0,0.9386708254336392
2020-09-04,-0.004588665868964847,-0.004588665868964847,0.0,0.0,0.9343635786547788
2020-09-07,0.005388142018295454,0.005388142018295454,0.0,0.0,0.9393980623132936
2020-09-08,0.00048009477325809463,0.00048009477325809463,0.0,0.0,0.939849062413019
2020-09-09,-0.0020444257661995464,-0.0020444257661995464,0.0,0.0,0.9379276107734833
2020-09-10,0.004231960995280175,0.004231960995280175,0.0,0.0,0.941896883838673
2020-09-11,-0.00033230624308629484,-0.00033230624308629484,0.0,0.0,0.9415838856238298
2020-09-14,0.0003100683738331504,0.0003100683738331504,0.0,0.0,0.9418758410080725
2020-09-15,0.00018565688526583763,0.00018565688526583763,0.0,0.0,0.9420507067430213
2020-09-16,0.000992250622415011,0.000992250622415011,0.0,0.0,0.9429854571431334
2020-09-17,-0.0048934353427988065,-0.0048934353427988065,0.0,0.0,0.9383710187794039
2020-09-18,3.7334359100897725e-05,3.7334359100897725e-05,0.0,0.0,0.9384060522599889
2020-09-21,-0.006547005175751413,-0.006547005175751413,0.0,0.0,0.9322623029788862
2020-09-22,-0.010996792097415798,-0.010996792097415798,0.0,0.0,0.9220104082527694
2020-09-23,-0.006241803211710951,-0.006241803211710951,0.0,0.0,0.9162554007253063
2020-09-24,-0.025264782777660325,-0.025264782777660325,0.0,0.0,0.8931064070571233
2020-09-25,0.006182597019863109,0.006182597019863109,0.0,0.0,0.8986281240678152
2020-09-28,0.016714944428710698,0.016714944428710698,0.0,0.0,0.9136486432236853
2020-09-29,0.0005298115031192506,0.0005298115031192506,0.0,0.0,0.9141327047846745
2020-09-30,-0.0007127954732271314,-0.0007127954732271314,0.0,0.0,0.9134811151307751
2020-10-05,0.001258841444832971,0.001258841444832971,0.0,0.0,0.9146310430175739
2020-10-06,0.01173563453510669,0.01173563453510669,0.0,0.0,0.9253648186728917
2020-10-07,-0.005393458657000025,-0.005393458657000025,0.0,0.0,0.9203739017807371
2020-10-08,0.0030589223006097766,0.0030589223006097766,0.0,0.0,0.9231892540337933
2020-10-12,-0.001496517681029263,-0.001496517681029263,0.0,0.0,0.9218076849921956
2020-10-13,-0.0026105371812710255,-0.0026105371812710255,0.0,0.0,0.9194012717565421
2020-10-14,-0.00053429940858861,-0.00053429940858861,0.0,0.0,0.9189100362007869
2020-10-15,-0.005676854340283069,-0.005676854340283069,0.0,0.0,0.9136935177734508
2020-10-16,-0.00407775840417643,-0.00407775840417643,0.0,0.0,0.9099676963525085
2020-10-19,0.003728775921464884,0.003728775921464884,0.0,0.0,0.9133607619879786
2020-10-20,-0.00021032289119052107,-0.00021032289119052107,0.0,0.0,0.9131686613118173
2020-10-21,-0.0023788180008549927,-0.0023788180008549927,0.0,0.0,0.910996399262472
2020-10-22,0.006574917541763052,0.006574917541763052,0.0,0.0,0.9169861254684658
2020-10-23,0.0002173932040098147,0.0002173932040098147,0.0,0.0,0.9171854720203139
2020-10-26,0.006145641857369016,0.006145641857369016,0.0,0.0,0.9228221654481328
2020-10-27,-0.002475118816156991,-0.002475118816156991,0.0,0.0,0.9205380709424653
2020-10-28,-0.002377744279493127,-0.002377744279493127,0.0,0.0,0.9183492668102262
2020-10-29,-0.00914800482817186,-0.00914800482817186,0.0,0.0,0.9099482032834981
2020-10-30,-0.0049283854035610634,-0.0049283854035610634,0.0,0.0,0.9054636278404391
2020-11-02,0.01070092618920574,0.01070092618920574,0.0,0.0,0.91515292728897
2020-11-03,0.007428580299327933,0.007428580299327933,0.0,0.0,0.9219512142955011
2020-11-04,-0.0005675109380066818,-0.0005675109380066818,0.0,0.0,0.9214279968970799
2020-11-05,0.005501717731028324,0.005501717731028324,0.0,0.0,0.9264974336454745
2020-11-06,0.0037840605236268052,0.0037840605236268052,0.0,0.0,0.9300033560093739
2020-11-09,0.0070081129498622535,0.0070081129498622535,0.0,0.0,0.9365209245720385
2020-11-10,0.009975946920474453,0.009975946920474453,0.0,0.0,0.9458636076054829
2020-11-11,0.018479624834145114,0.018479624834145114,0.0,0.0,0.9633428122183032
2020-11-12,-0.009353668051404538,-0.009353668051404538,0.0,0.0,0.9543320233331066
2020-11-13,0.00020110325386082733,0.00020110325386082733,0.0,0.0,0.9545239426082626
2020-11-16,0.007771431351359574,0.007771431351359574,0.0,0.0,0.9619419599014717
2020-11-17,0.0017066047165762229,0.0017066047165762229,0.0,0.0,0.963583614587312
2020-11-18,0.0053275616703387235,0.0053275616703387235,0.0,0.0,0.9687171657185538
2020-11-19,-0.0031657386909373607,-0.0031657386909373607,0.0,0.0,0.9656504603064634
2020-11-20,-0.0021924458242785763,-0.0021924458242785763,0.0,0.0,0.9635333239870518
2020-11-23,0.007450178526430715,0.007450178526430715,0.0,0.0,0.9707118192669205
2020-11-24,-0.0049526491225703245,-0.0049526491225703245,0.0,0.0,0.9659042242269595
2020-11-25,0.001353764130702696,0.001353764130702696,0.0,0.0,0.9672118307194122
2020-11-26,0.003593606660976508,0.003593606660976508,0.0,0.0,0.9706876095968607
2020-11-27,-0.0012467897750513901,-0.0012467897750513901,0.0,0.0,0.9694773662104462
2020-11-30,-0.003000960657354015,-0.003000960657354015,0.0,0.0,0.9665680027762535
2020-12-01,0.006905518768577272,0.006905518768577272,0.0,0.0,0.9732426562605313
2020-12-02,0.001299579317991495,0.001299579317991495,0.0,0.0,0.9745074622879946
2020-12-03,-0.0007452814040331618,-0.0007452814040331618,0.0,0.0,0.9737811799982597
2020-12-04,0.009936492740746915,0.009936492740746915,0.0,0.0,0.9834571496243883
2020-12-07,0.0010110648836285578,0.0010110648836285578,0.0,0.0,0.984451488612927
2020-12-08,-0.007976409643180521,-0.007976409643180521,0.0,0.0,0.9765991002659115
2020-12-09,4.673777304715351e-05,4.673777304715351e-05,0.0,0.0,0.9766447443330176
2020-12-10,0.00044164850842454264,0.00044164850842454264,0.0,0.0,0.9770760780276131
2020-12-11,0.005750582673392608,0.005750582673392608,0.0,0.0,0.9826948347925051
2020-12-14,0.0005070286247467091,0.0005070286247467091,0.0,0.0,0.9831930892031355
2020-12-15,-0.008293225660460177,-0.008293225660460177,0.0,0.0,0.975039247046569
2020-12-16,0.012967755874359308,0.012967755874359308,0.0,0.0,0.9876833179701879
2020-12-17,-0.001401780566140552,-0.001401780566140552,0.0,0.0,0.986298802689556
2020-12-18,-0.005541188123873906,-0.005541188123873906,0.0,0.0,0.9808335354775016
2020-12-21,0.00822679340353458,0.00822679340353458,0.0,0.0,0.9889026503371333
2020-12-22,-0.00888527023914081,-0.00888527023914081,0.0,0.0,0.9801159830486854
2020-12-23,-0.0006325599966154464,-0.0006325599966154464,0.0,0.0,0.9794960008857654
2020-12-24,0.004202867637371665,0.004202867637371665,0.0,0.0,0.9836126929288233
2020-12-25,0.0044773423290874305,0.0044773423290874305,0.0,0.0,0.9880166636743011
2020-12-28,0.00606746573550798,0.00606746573550798,0.0,0.0,0.9940114209272558
2020-12-29,0.000796963846433464,0.000796963846433464,0.0,0.0,0.9948036120926769
2020-12-30,0.014731980665602766,0.014731980665602766,0.0,0.0,1.009459039672098
2020-12-31,-0.0038535026599991057,-0.0038535026599991057,0.0,0.0,1.0055690865775615
2021-01-04,-0.0009633042581750307,-0.0009633042581750307,0.0,0.0,1.0046004175945722
2021-01-05,0.004784034241845007,0.004784034241845007,0.0,0.0,1.0094064603917166
2021-01-06,-0.008383570139964172,-0.008383570139964172,0.0,0.0,1.0009440305312896
2021-01-07,0.005794791443049223,0.005794791443049223,0.0,0.0,1.0067442924343835
2021-01-08,0.010921347386903958,0.010921347386903958,0.0,0.0,1.0177392965818421
2021-01-11,0.00593445634057542,0.00593445634057542,0.0,0.0,1.0237790260034951
2021-01-12,-0.010542318307223074,-0.010542318307223074,0.0,0.0,1.0129860216351074
2021-01-13,0.00867242795838919,0.00867242795838919,0.0,0.0,1.021771069930593
2021-01-14,0.0009295701401075382,0.0009295701401075382,0.0,0.0,1.0227208778072263
2021-01-15,-0.010942279133557416,-0.010942279133557416,0.0,0.0,1.0115299804865427
2021-01-18,-0.006232244542113717,-0.006232244542113717,0.0,0.0,1.0052258782864711
2021-01-19,0.0004132076179059477,0.0004132076179059477,0.0,0.0,1.0056412452770953
2021-01-20,-0.023075583721817422,-0.023075583721817422,0.0,0.0,0.9824354865275909
2021-01-21,0.0035093770834207236,0.0035093770834207236,0.0,0.0,0.9858832231099501
2021-01-22,0.0007744519504352178,0.0007744519504352178,0.0,0.0,0.9866467422949889
2021-01-25,0.010571663656552915,0.010571663656552915,0.0,0.0,0.9970772398023652
2021-01-26,-0.006612727485498784,-0.006612727485498784,0.0,0.0,0.9904838397335588
2021-01-27,0.00019707790797799144,0.00019707790797799144,0.0,0.0,0.9906790422165795
2021-01-28,-0.0068668301086178204,-0.0068668301086178204,0.0,0.0,0.9838762175415101
2021-01-29,-0.014590813471357676,-0.014590813471357676,0.0,0.0,0.969520663172457
2021-02-01,0.009010597478246151,0.009010597478246151,0.0,0.0,0.9782566236151463
2021-02-02,0.009216691176746448,0.009216691176746448,0.0,0.0,0.9872729128066138
2021-02-03,0.00347192975810404,0.00347192975810404,0.0,0.0,0.9907006550119571
2021-02-04,-0.004057315658190136,-0.004057315658190136,0.0,0.0,0.9866810697317979
2021-02-05,0.0033644979360780447,0.0033644979360780447,0.0,0.0,0.9900007561544779
2021-02-17,0.015573255177156669,0.015573255177156669,0.0,0.0,1.0054182905556495
2021-02-18,0.004670657025182135,0.004670657025182135,0.0,0.0,1.01011425455768
2021-02-19,-0.0005173624792092408,-0.0005173624792092408,0.0,0.0,1.0095916593426575
2021-02-22,0.003705687485936457,0.003705687485936457,0.0,0.0,1.0133328905205894
2021-02-23,0.013650085362656524,0.013650085362656524,0.0,0.0,1.0271649709769828
2021-02-24,-0.00044833003041520804,-0.00044833003041520804,0.0,0.0,1.0267044620743033
2021-02-25,0.01596771005753315,0.01596771005753315,0.0,0.0,1.0430985812394813
2021-02-26,-0.018933723609288293,-0.018933723609288293,0.0,0.0,1.0233488410050522
2021-03-02,-0.0006374549606549883,-0.0006374549606549883,0.0,0.0,1.0226965022098728
2021-03-03,0.011884281453492185,0.011884281453492185,0.0,0.0,1.0348505152836371
2021-03-04,-0.005611900521783428,-0.005611900521783428,0.0,0.0,1.029043037136949
2021-03-05,-0.0015850657947431423,-0.0015850657947431423,0.0,0.0,1.0274119362174645
2021-03-08,0.0012340883523942491,0.0012340883523942491,0.0,0.0,1.0286798533210613
2021-03-09,0.015182311577595147,0.015182311577595147,0.0,0.0,1.0442975913677763
2021-03-10,0.005165439970662716,0.005165439970662716,0.0,0.0,1.0496918478874941
2021-03-11,0.0049599723978350375,0.0049599723978350375,0.0,0.0,1.0548982904792485
2021-03-12,0.003908621450939295,0.003908621450939295,0.0,0.0,1.059021488565975
2021-03-15,0.0038249873974695496,0.0038249873974695496,0.0,0.0,1.0630722324133894
2021-03-16,0.004044205310645586,0.004044205310645586,0.0,0.0,1.0673715147813154
2021-03-17,-0.003218993833112919,-0.003218993833112919,0.0,0.0,1.063935652457594
2021-03-18,0.004100570391023524,0.0025428684495125004,0.4906147847278815,0.0015577019415110238,1.06664110086054
2021-03-19,-0.009060336053529947,-0.009060336053529947,0.0,0.0,1.0569769740382364
2021-03-22,0.00873218157176524,0.00873218157176524,0.0,0.0,1.0662066888927133
2021-03-23,0.00299380960736674,0.00299380960736674,0.0,0.0,1.069398708721359
2021-03-24,0.002038158199551011,0.002038158199551011,0.0,0.0,1.0715783124681286
2021-03-25,0.005466338930615238,0.005466338930615238,0.0,0.0,1.0774359227147763
2021-03-26,0.0035293303767168754,0.0035293303767168754,0.0,0.0,1.0812385500457795
2021-03-29,0.013179041472062582,0.013179041472062582,0.0,0.0,1.0954882377380255
2021-03-30,0.005776812562676819,0.005776812562676819,0.0,0.0,1.1018166679520554
2021-03-31,-0.0005584074248660721,-0.0005584074248660721,0.0,0.0,1.1012014053438297
2021-04-01,-0.0018988527928175578,-0.0018988527928175578,0.0,0.0,1.099110385979838
2021-04-06,0.002123482371369197,0.002123482371369197,0.0,0.0,1.101444327508655
2021-04-07,0.005489876763297117,0.005489876763297117,0.0,0.0,1.1074911211283103
2021-04-08,-0.002586699147072794,-0.002586699147072794,0.0,0.0,1.104626374789897
2021-04-09,-0.0016557991993326293,-0.0016557991993326293,0.0,0.0,1.102797335322958
2021-04-12,0.011270260191245947,0.011270260191245947,0.0,0.0,1.1152261482302606
2021-04-13,-0.0032530897273263647,-0.0032530897273263647,0.0,0.0,1.1115982175038068
2021-04-14,-0.001714212802092681,-0.001714212802092681,0.0,0.0,1.1096927016085782
2021-04-15,0.010174860416747516,0.010174860416747516,0.0,0.0,1.120983669952929
2021-04-16,0.008997635090109894,0.008997635090109894,0.0,0.0,1.1310698719571377
2021-04-19,0.019498899536415717,0.019498899536415717,0.0,0.0,1.1531244897590966
2021-04-20,0.003632480211205496,0.003632480211205496,0.0,0.0,1.157313191649203
2021-04-21,-0.001090932898384805,-0.001090932898384805,0.0,0.0,1.1560506406146982
2021-04-22,-0.003439891349436269,-0.003439891349436269,0.0,0.0,1.1520739520165375
2021-04-23,-0.0003254657391328804,-0.0003254657391328804,0.0,0.0,1.1516989914162088
2021-04-26,0.014999330351002094,0.014999330351002094,0.0,0.0,1.1689737050533764
2021-04-27,0.000359132990379955,0.000359132990379955,0.0,0.0,1.1693935220757479
2021-04-28,0.0011782162035994497,0.0011782162035994497,0.0,0.0,1.1707713204718417
2021-04-29,-0.004505004955994572,-0.004505004955994572,0.0,0.0,1.1654969898707797
2021-05-03,-0.01028453954992794,-0.01028453954992794,0.0,0.0,1.1535103899831316
2021-05-04,-0.019175452738254523,-0.019175452738254523,0.0,0.0,1.1313913060169245
2021-05-05,0.0042733844511575894,0.0042733844511575894,0.0,0.0,1.136226176032232
2021-05-06,0.009131927665074927,0.009131927665074927,0.0,0.0,1.1466021112829232
2021-05-07,0.010318673337775966,0.010318673337775966,0.0,0.0,1.158433523917656
2021-05-10,0.01100454039482348,0.01100454039482348,0.0,0.0,1.1711815524263256
2021-05-11,-0.02545016476059942,-0.02545016476059942,0.0,0.0,1.141374788952501
2021-05-12,-0.0433146342809927,-0.0433146342809927,0.0,0.0,1.091936557391478
2021-05-13,-0.007442951263712058,-0.007442951263712058,0.0,0.0,1.0838093268117477
2021-05-14,0.010470805208733459,0.010470805208733459,0.0,0.0,1.095157683156202
2021-05-17,-0.035101427711499086,-0.035101427711499086,0.0,0.0,1.0567160849082018
2021-05-18,0.04230407575978637,0.04230407575978637,0.0,0.0,1.1014194822207433
2021-05-19,-0.0005143539522254044,-0.0005143539522254044,0.0,0.0,1.100852962757005
2021-05-20,-0.0043656743298775965,-0.0043656743298775965,0.0,0.0,1.096046997236527
2021-05-21,0.011298371206436961,0.011298371206436961,0.0,0.0,1.1084305430710057
2021-05-24,7.350432478417688e-05,7.350432478417688e-05,0.0,0.0,1.1085120175096443
2021-05-25,0.008595783354706676,0.008595783354706676,0.0,0.0,1.118040546658246
2021-05-26,0.0008163319767320043,0.0008163319767320043,0.0,0.0,1.118953238907766
2021-05-27,-0.005234138918930338,-0.005234138918930338,0.0,0.0,1.113096482211536
2021-05-28,0.012051585141823489,0.012051585141823489,0.0,0.0,1.1265110592379723
2021-05-31,0.009708086707899006,0.009708086707899006,0.0,0.0,1.1374473262784617
2021-06-01,0.005492731516361403,0.005492731516361403,0.0,0.0,1.1436950190557122
2021-06-02,0.0026991394329845373,0.0026991394329845373,0.0,0.0,1.1467820113809535
2021-06-03,0.001278611366114478,0.001278611366114478,0.0,0.0,1.1482482998951609
2021-06-04,-0.0035878549104472602,-0.0035878549104472602,0.0,0.0,1.1441285515939694
2021-06-07,-0.0042213987260228784,-0.0042213987260228784,0.0,0.0,1.1392987287838643
2021-06-08,0.0012786636761289655,0.0012786636761289655,0.0,0.0,1.1407555086846202
2021-06-09,-0.00748436658378029,-0.00748436658378029,0.0,0.0,1.1322176762751577
2021-06-10,0.002642724448068377,0.002642724448068377,0.0,0.0,1.1352098156087853
2021-06-11,0.001437674039105937,0.001437674039105937,0.0,0.0,1.1368418772896243
2021-06-15,-0.0024310348248706066,-0.0024310348248706066,0.0,0.0,1.134078175095562
2021-06-16,-0.0014953059479600305,-0.0014953059479600305,0.0,0.0,1.1323823812548899
2021-06-17,0.0021771357850499684,0.0021771357850499684,0.0,0.0,1.13484773145948
2021-06-18,-0.007041833697479663,-0.007041833697479663,0.0,0.0,1.1268563224625803
2021-06-21,-0.006561467187860241,-0.006561467187860241,0.0,0.0,1.1194624916773093
2021-06-22,0.00368458503734978,0.00368458503734978,0.0,0.0,1.1235872464240177
2021-06-23,0.011203787744818873,0.011203787744818873,0.0,0.0,1.1361756794457378
2021-06-24,0.0023692988044861853,0.0023692988044861853,0.0,0.0,1.1388676191247349
2021-06-25,0.005181134739555666,0.005181134739555666,0.0,0.0,1.144768245709937
2021-06-28,0.0033153992373239865,0.0033153992373239865,0.0,0.0,1.1485636094786766
2021-06-29,-0.005650831372997703,-0.005650831372997703,0.0,0.0,1.142073270200351
2021-06-30,0.004536948115765173,0.004536948115765173,0.0,0.0,1.1472547973716523
2021-07-01,-0.003689033002403737,-0.003689033002403737,0.0,0.0,1.1430225365619822
2021-07-02,0.00030483311964371975,0.00030483311964371975,0.0,0.0,1.1433709676876256
2021-07-05,0.00968779184735774,0.00968779184735774,0.0,0.0,1.1544477076268953
2021-07-06,0.001857019629128341,0.001857019629128341,0.0,0.0,1.1565915396807607
2021-07-07,-0.0011957017305939009,-0.0011957017305939009,0.0,0.0,1.155208601175174
2021-07-08,0.006408031431310884,0.006408031431310884,0.0,0.0,1.1626112142012253
2021-07-09,-0.0023721274218862142,-0.0023721274218862142,0.0,0.0,1.1598533522590262
2021-07-12,0.0031574324306423754,0.0031574324306423754,0.0,0.0,1.1635155108482382
2021-07-13,0.0018603422894203309,0.0018603422894203309,0.0,0.0,1.1656800479574658
2021-07-14,-0.0012782139902063555,-0.0012782139902063555,0.0,0.0,1.1641900594120622
2021-07-15,0.004410381653462367,0.004410381653462367,0.0,0.0,1.1693245818912366
2021-07-16,0.009076588457675637,0.009076588457675637,0.0,0.0,1.1799380598945068
2021-07-19,-0.0015066539335019241,-0.0015066539335019241,0.0,0.0,1.1781603015752782
2021-07-20,-0.012304264390275816,-0.012304264390275816,0.0,0.0,1.1636639057305689
2021-07-21,-0.00198647489097411,-0.00198647489097411,0.0,0.0,1.1613523166003021
2021-07-22,0.007611720499272709,0.007611720499272709,0.0,0.0,1.1701922058354466
2021-07-23,0.001999069786282101,0.001999069786282101,0.0,0.0,1.1725315017182751
2021-07-26,-0.007074275767140811,-0.007074275767140811,0.0,0.0,1.1642366905294603
2021-07-27,-0.006711895440051507,-0.006711895440051507,0.0,0.0,1.156422455595155
2021-07-28,-0.005087377659755989,-0.005087377659755989,0.0,0.0,1.15053929782932
2021-07-29,0.004990173610141934,0.004990173610141934,0.0,0.0,1.156280688670779
2021-07-30,-0.006505123580084369,-0.006505123580084369,0.0,0.0,1.1487589398977105
2021-08-02,0.010645873583606765,0.010645873583606765,0.0,0.0,1.1609884823498997
2021-08-03,0.0012573453126157336,0.0012573453126157336,0.0,0.0,1.162448245776183
2021-08-04,0.004412434880546072,0.004412434880546072,0.0,0.0,1.1675774729626756
2021-08-05,0.0017805503521907506,0.0017805503521907506,0.0,0.0,1.1696564034433694
2021-08-06,-0.002020430214281818,-0.002020430214281818,0.0,0.0,1.1672931943055243
2021-08-09,-0.004299324670924316,-0.004299324670924316,0.0,0.0,1.1622746218770446
2021-08-10,-0.004876361484283498,-0.004876361484283498,0.0,0.0,1.1566069506767631
2021-08-11,-0.002205729626070319,-0.002205729626070319,0.0,0.0,1.1540557884599365
2021-08-12,-0.004799061451305609,-0.004799061451305609,0.0,0.0,1.1485174038128823
2021-08-13,-0.005006031196612555,-0.005006031196612555,0.0,0.0,1.1427678898595426
2021-08-16,-0.012374824705094399,-0.012374824705094399,0.0,0.0,1.12862633754392
2021-08-17,0.001683386863939395,0.001683386863939395,0.0,0.0,1.1305262522948376
2021-08-18,0.005885011930422283,0.005885011930422283,0.0,0.0,1.1371794127772483
2021-08-19,-0.014903767417903353,-0.014903767417903353,0.0,0.0,1.1202311552967883
2021-08-20,-0.0021037955082052234,-0.0021037955082052234,0.0,0.0,1.1178744180241234
2021-08-23,0.005914906852865772,0.005914906852865772,0.0,0.0,1.1244865410799374
2021-08-24,0.007328926247008549,0.007328926247008549,0.0,0.0,1.1327278200052662
2021-08-25,0.0021765348454847325,0.0021765348454847325,0.0,0.0,1.1351932415759576
2021-08-26,-0.0028052626446988652,-0.0028052626446988652,0.0,0.0,1.13200872638085
2021-08-27,0.014009040329580573,0.014009040329580573,0.0,0.0,1.1478670822821564
2021-08-30,0.013605023749505802,0.013605023749505802,0.0,0.0,1.163483841197881
2021-08-31,0.0013516247141365997,0.0013516247141365997,0.0,0.0,1.1650564347121426
2021-09-01,-0.006351063006148042,-0.006351063006148042,0.0,0.0,1.1576570878895676
2021-09-02,-0.009523272539588599,-0.009523272539588599,0.0,0.0,1.1466324039342086
2021-09-03,0.008197576743485962,0.008197576743485962,0.0,0.0,1.156032011062027
2021-09-06,-0.006568126267384023,-0.006568126267384023,0.0,0.0,1.1484390468442338
2021-09-07,-0.0022969452127247687,-0.0022969452127247687,0.0,0.0,1.1458011452734789
2021-09-08,-0.005359104467420248,-0.005359104467420248,0.0,0.0,1.1396606772370685
2021-09-09,-0.0015111686147974653,-0.0015111686147974653,0.0,0.0,1.137938457790109
2021-09-10,0.007501807245492864,0.007501807245492864,0.0,0.0,1.146475052757684
2021-09-13,0.0044197855269396125,0.0044197855269396125,0.0,0.0,1.1515422266028597
2021-09-14,0.0023165047038335917,0.0023165047038335917,0.0,0.0,1.1542097795874482
2021-09-15,0.00020734329590107634,0.00020734329590107634,0.0,0.0,1.1544490972473092
2021-09-16,0.00010539919288363331,0.00010539919288363331,0.0,0.0,1.1545707752503842
2021-09-17,-0.004351033108025175,-0.004351033108025175,0.0,0.0,1.1495471995817115
2021-09-22,-0.0122624371705998,-0.0122624371705998,0.0,0.0,1.1354509492722018
2021-09-23,0.006547646894837684,0.006547646894837684,0.0,0.0,1.1428854811544444
2021-09-24,0.0034152882826695755,0.0034152882826695755,0.0,0.0,1.1467887645466646
2021-09-27,0.0031273845026947313,0.0031273845026947313,0.0,0.0,1.1503752139567722
2021-09-28,-0.0012758443714748907,-0.0012758443714748907,0.0,0.0,1.1489075142149612
2021-09-29,-0.006888547518058053,-0.006888547518058053,0.0,0.0,1.1409932102094376
2021-09-30,0.0017993322797074842,0.0017993322797074842,0.0,0.0,1.1430462361234943
2021-10-01,-0.012652584462383308,-0.012652584462383308,0.0,0.0,1.1285837470765325
2021-10-04,-0.0021877046111948924,-0.0021877046111948924,0.0,0.0,1.1261147392089337
2021-10-05,0.002124618546718908,0.002124618546718908,0.0,0.0,1.1285073034695905
2021-10-06,0.002309489679106341,0.002309489679106341,0.0,0.0,1.1311135794397496
2021-10-07,0.008937157402375018,0.008937157402375018,0.0,0.0,1.1412225195391665
2021-10-08,-0.0015795781111716362,-0.0015795781111716362,0.0,0.0,1.1394198694273263
2021-10-12,-0.003841749896092935,-0.003841749896092935,0.0,0.0,1.1350425032623477
2021-10-13,-0.0018379463851914421,-0.0018379463851914421,0.0,0.0,1.132956355996438
2021-10-14,-0.002514160433048233,-0.002514160433048233,0.0,0.0,1.1301079219538213
2021-10-15,0.008888198505328734,0.008888198505328734,0.0,0.0,1.1401525454965913
2021-10-18,0.0028364422859059758,0.0028364422859059758,0.0,0.0,1.1433865223890212
2021-10-19,0.0018333541324057428,0.0018333541324057428,0.0,0.0,1.1454827547947801
2021-10-20,-0.00014187845658513066,-0.00014187845658513066,0.0,0.0,1.145320235469485
2021-10-21,0.0006504961096538645,0.0006504961096538645,0.0,0.0,1.1460652618269656
2021-10-22,0.0001854907914718978,0.0001854907914718978,0.0,0.0,1.14627784637946
2021-10-25,0.0019385716214544322,0.0019385716214544322,0.0,0.0,1.148499988082753
2021-10-26,0.005735426611351813,0.005735426611351813,0.0,0.0,1.15508712547754
2021-10-27,0.0008089313006048089,0.0008089313006048089,0.0,0.0,1.1560215116082644
2021-10-28,0.0010306925325476294,0.0010306925325476294,0.0,0.0,1.1572130143477435
2021-10-29,-0.0031798816641627945,-0.0031798816641627945,0.0,0.0,1.1535332139018886
2021-11-01,0.0005814396371081924,0.0005814396371081924,0.0,0.0,1.154203923835172
2021-11-02,-0.0010304105531571766,-0.0010304105531571766,0.0,0.0,1.1530146199315567
2021-11-03,0.0045595791641031055,0.0045595791641031055,0.0,0.0,1.158271881368503
2021-11-04,4.920257613434545e-06,4.920257613434545e-06,0.0,0.0,1.1582775803645455
2021-11-05,0.0038420542939815614,0.0038420542939815614,0.0,0.0,1.1627277457158078
2021-11-08,0.003871553689705471,0.003871553689705471,0.0,0.0,1.1672293086098566
2021-11-09,0.00039707040126831894,0.00039707040126831894,0.0,0.0,1.1676927808197985
2021-11-10,0.0025236870026227073,0.0025236870026227073,0.0,0.0,1.1706396719138097
2021-11-11,0.0011254837435452475,0.0011254837435452475,0.0,0.0,1.1719572078340978
2021-11-12,0.007898041128116389,0.007898041128116389,0.0,0.0,1.1812133740619641
2021-11-15,0.004211048673512516,0.004211048673512516,0.0,0.0,1.186187521073943
2021-11-16,0.0016034495809338438,0.0016034495809338438,0.0,0.0,1.188089512957518
2021-11-17,0.012299913468636637,0.012299913468636637,0.0,0.0,1.20270291115989
2021-11-18,0.0070534524918070335,0.0070534524918070335,0.0,0.0,1.2111861190055142
2021-11-19,-0.00976887491488714,-0.00976887491488714,0.0,0.0,1.1993541933103018
2021-11-22,-0.0020668959598882275,-0.0020668959598882275,0.0,0.0,1.1968752529736737
2021-11-23,-0.003623189454663375,-0.003623189454663375,0.0,0.0,1.192538747178552
2021-11-24,0.005800303819188493,0.005800303819188493,0.0,0.0,1.1994558342283421
2021-11-25,0.0002503913026118253,0.0002503913026118253,0.0,0.0,1.1997561675370998
2021-11-26,-0.015382481159122975,-0.015382481159122975,0.0,0.0,1.1813009408944188
2021-11-29,-0.005880433942979123,-0.005880433942979123,0.0,0.0,1.1743543787447102
2021-11-30,-0.000667008083505518,-0.000667008083505518,0.0,0.0,1.1735710748811874
2021-12-01,0.01046255243928705,0.01046255243928705,0.0,0.0,1.1858496237933622
2021-12-02,-0.0006054283774001613,-0.0006054283774001613,0.0,0.0,1.1851316767797884
2021-12-03,0.003593071662237331,0.003593071662237331,0.0,0.0,1.1893899398236458
2021-12-06,0.005303224192583887,0.005303224192583887,0.0,0.0,1.1956975413269344
2021-12-07,0.0073851038906870645,0.0073851038906870645,0.0,0.0,1.204527891891473
2021-12-08,0.0014803537022521683,0.0014803537022521683,0.0,0.0,1.2063110192157005
2021-12-09,0.0044029043994201315,0.0044029043994201315,0.0,0.0,1.2116222913092742
2021-12-10,-0.0008563007470055827,-0.0008563007470055827,0.0,0.0,1.2105847782361374
2021-12-13,-0.003637636740571409,-0.003637636740571409,0.0,0.0,1.2061811105692493
2021-12-14,-0.006664788091466105,-0.006664788091466105,0.0,0.0,1.198142169067376
2021-12-15,0.0001988749800162715,0.0001988749800162715,0.0,0.0,1.198380449567306
2021-12-16,0.00410202105166097,0.00410202105166097,0.0,0.0,1.20329623139933
2021-12-17,0.004945512351637405,0.004945512351637405,0.0,0.0,1.209247147774394
2021-12-20,-0.006048362028771448,-0.006048362028771448,0.0,0.0,1.2019331832423952
2021-12-21,0.005462037655318702,0.005462037655318702,0.0,0.0,1.2084981875484422
2021-12-22,0.000150300934214898,0.000150300934214898,0.0,0.0,1.2086798259550278
2021-12-23,0.004260118827225391,0.004260118827225391,0.0,0.0,1.2138289456376663
2021-12-24,0.0018622871388007953,0.0018622871388007953,0.0,0.0,1.2160894436718315
2021-12-27,0.002328742457293387,0.002328742457293387,0.0,0.0,1.2189214027911763
2021-12-28,0.005977773743052648,0.005977773743052648,0.0,0.0,1.2262078391476263
2021-12-29,0.005782038326755009,0.005782038326755009,0.0,0.0,1.2332978198701454
2021-12-30,-0.0016515394472739172,-0.0016515394472739172,0.0,0.0,1.2312609798703928
2022-01-03,-0.00514247396197026,-0.00514247396197026,0.0,0.0,1.2249292523410193
2022-01-04,0.001652993005398512,0.001652993005398512,0.0,0.0,1.226954051827247
2022-01-05,0.002995115846094729,0.002995115846094729,0.0,0.0,1.230628921350305
2022-01-06,0.002861039935972829,0.002861039935972829,0.0,0.0,1.2341497998406512
2022-01-07,0.0008055293304227273,0.0008055293304227273,0.0,0.0,1.2351439437025582
2022-01-10,0.0044238562540328315,0.0044238562540328315,0.0,0.0,1.2406080429625375
2022-01-11,0.011505953618177606,0.011505953618177606,0.0,0.0,1.2548824215632026
2022-01-12,0.0029617841900497367,0.0029617841900497367,0.0,0.0,1.25859911247976
2022-01-13,0.012856362725741291,0.012856362725741291,0.0,0.0,1.2747801191960957
2022-01-14,-0.006672256607510234,-0.006672256607510234,0.0,0.0,1.266274459122667
2022-01-17,-0.0023929209789603847,-0.0023929209789603847,0.0,0.0,1.2632443644043105
2022-01-18,0.004684894435009866,0.004684894435009866,0.0,0.0,1.269162530897166
2022-01-19,-0.004210378718111021,-0.004210378718111021,0.0,0.0,1.2638188759872526
2022-01-20,-0.0006929506093124125,-0.0006929506093124125,0.0,0.0,1.2629431119270766
2022-01-21,-0.011680658892410996,-0.011680658892410996,0.0,0.0,1.2481911042361364
2022-01-24,-0.002948538968680032,-0.002948538968680032,0.0,0.0,1.2445107641249364
2022-01-25,-0.0078513005540167,-0.0078513005540167,0.0,0.0,1.2347397360730825
2022-01-26,0.0019397612487164761,0.0019397612487164761,0.0,0.0,1.2371348363653674
2022-02-07,0.021640969401649893,0.021640969401649893,0.0,0.0,1.2639076335048656
2022-02-08,0.00917037860504545,0.00917037860504545,0.0,0.0,1.2754981450259122
2022-02-09,0.00796465589939878,0.00796465589939878,0.0,0.0,1.2856570488513652
2022-02-10,0.002870500656733582,0.002870500656733582,0.0,0.0,1.289347528254427
2022-02-11,-0.002175416360590926,-0.002175416360590926,0.0,0.0,1.286542660546975
2022-02-14,-0.009228799742826517,-0.009228799742826517,0.0,0.0,1.2746694159721836
2022-02-15,-0.003741589489514169,-0.003741589489514169,0.0,0.0,1.269900126282777
2022-02-16,0.008112478999063533,0.008112478999063533,0.0,0.0,1.2802021643881543
2022-02-17,0.003629217680824969,0.003629217680824969,0.0,0.0,1.2848482967181822
2022-02-18,0.00037818120622832565,0.00037818120622832565,0.0,0.0,1.2853342021968555
2022-02-21,0.003367494856614954,0.003367494856614954,0.0,0.0,1.2896625585117847
2022-02-22,-0.008247477874068473,-0.008247477874068473,0.0,0.0,1.2790260950954442
2022-02-23,0.004082693001318024,0.004082693001318024,0.0,0.0,1.2842479659823935
2022-02-24,-0.01661211458416949,-0.01661211458416949,0.0,0.0,1.2629138916170075
2022-02-25,-0.0017610357035001789,-0.0017610357035001789,0.0,0.0,1.2606898551634236
2022-03-01,0.011753871752265785,0.011753871752265785,0.0,0.0,1.2755078420403971
2022-03-02,0.002104780212408404,0.002104780212408404,0.0,0.0,1.2781925057070955
2022-03-03,0.0018969944820194983,0.0018969944820194983,0.0,0.0,1.2806172298373806
2022-03-04,-0.009232995608212481,-0.009232995608212481,0.0,0.0,1.268793296578491
2022-03-07,-0.022106555573324155,-0.022106555573324155,0.0,0.0,1.2407446470566172
2022-03-08,-0.012612272267209028,-0.012612272267209028,0.0,0.0,1.225096037753857
2022-03-09,0.004273987295170485,0.004273987295170485,0.0,0.0,1.2303320826545805
2022-03-10,0.02260639613082149,0.02260639613082149,0.0,0.0,1.2581454570875283
2022-03-11,-0.003950957057036882,-0.003950957057036882,0.0,0.0,1.2531745784150694
2022-03-14,0.00487737470412227,0.00487737470412227,0.0,0.0,1.25928678040368
2022-03-15,-0.0011819362678106217,-0.0011819362678106217,0.0,0.0,1.2577983836863464
2022-03-16,0.010035082398826813,0.010035082398826813,0.0,0.0,1.2704204941077502
2022-03-17,0.011422791730186642,0.011422791730186642,0.0,0.0,1.2849322428217036
2022-03-18,0.006292739349459677,0.006292739349459677,0.0,0.0,1.293017986507497
2022-03-21,0.0005669346603546589,0.0005669346603546589,0.0,0.0,1.2937510432205104
2022-03-22,0.003525589643342452,0.003525589643342452,0.0,0.0,1.298312278499552
2022-03-23,0.010428765902666415,0.010428765902666415,0.0,0.0,1.3118520733205814
2022-03-24,0.0013829137051398022,0.0013829137051398022,0.0,0.0,1.3136662515318924
2022-03-25,-0.003748391138727573,-0.003748391138727573,0.0,0.0,1.3087421165954047
2022-03-28,0.0020943709504148006,0.0020943709504148006,0.0,0.0,1.3114831080659866
2022-03-29,-0.0024812194684755047,-0.0031414286185365288,0.20793988978299976,0.0006602091500610242,1.307363177497581
2022-03-30,0.008902563737873537,0.008902563737873537,0.0,0.0,1.3190020615138018
2022-03-31,0.0058029382138312605,0.0058029382138312605,0.0,0.0,1.3266561489806823
2022-04-01,0.0031697363828787793,0.0031697363828787793,0.0,0.0,1.3308612992436764
2022-04-06,0.013999239362153372,0.013999239362153372,0.0,0.0,1.349492345129615
2022-04-07,-0.014886741709115713,-0.014886741709115713,0.0,0.0,1.3294028011492416
2022-04-08,0.012043825112313947,0.012043825112313947,0.0,0.0,1.3454138959901034
2022-04-11,-0.0036831352029236576,-0.0036831352029236576,0.0,0.0,1.3404585547072796
2022-04-12,-0.006140454833898593,-0.006140454833898593,0.0,0.0,1.3322275294953865
2022-04-13,0.007339705084651014,0.007339705084651014,0.0,0.0,1.3420056866675358
2022-04-14,-0.01516089877805103,-0.01516089877805103,0.0,0.0,1.3216596742924005
2022-04-15,-0.004887485046457433,-0.004887485046457433,0.0,0.0,1.3152000823977905
2022-04-18,-0.013960628556983906,-0.013960628556983906,0.0,0.0,1.2968390625693205
2022-04-19,0.0007509863559410348,0.0007509863559410348,0.0,0.0,1.2978129710111612
2022-04-20,0.00867761539839365,0.00867761539839365,0.0,0.0,1.3090748928326426
2022-04-21,-0.006269979903538501,-0.006269979903538501,0.0,0.0,1.300867019562355
2022-04-22,0.004796234638205463,0.004796234638205463,0.0,0.0,1.3071062830212792
2022-04-25,-0.014979719725879,-0.014979719725879,0.0,0.0,1.287526197249685
2022-04-26,0.010958105534801577,0.010958105534801577,0.0,0.0,1.3016350451979688
2022-04-27,-0.013299498258245942,-0.013299498258245942,0.0,0.0,1.2843239521814864
2022-04-28,0.003452278910725102,0.003452278910725102,0.0,0.0,1.2887577966761419
2022-04-29,0.006158757575433083,0.006158757575433083,0.0,0.0,1.2966949435193196
2022-05-03,-0.007734513339142525,-0.007734513339142525,0.0,0.0,1.2866656391818707
2022-05-04,-0.0007967059402459544,-0.0007967059402459544,0.0,0.0,1.2856405450240243
2022-05-05,-0.004895039007139841,-0.004895039007139841,0.0,0.0,1.279347284406971
2022-05-06,-0.010842586244725097,-0.010842586244725097,0.0,0.0,1.2654758511388335
2022-05-09,-0.026997427672590828,-0.026997427672590828,0.0,0.0,1.2313112583763026
2022-05-10,0.0007987372056150884,0.0007987372056150884,0.0,0.0,1.2322947524900605
2022-05-11,-0.007028610148342782,-0.007028610148342782,0.0,0.0,1.2236334330869594
2022-05-12,-0.024577148333110945,-0.024577148333110945,0.0,0.0,1.1935600126966273
2022-05-13,0.00474687580348629,0.00474687580348629,0.0,0.0,1.1992256938409056
2022-05-16,-0.0020335960752515866,-0.0020335960752515866,0.0,0.0,1.19678695317657
2022-05-17,-0.0012171459973405962,-0.0012171459973405962,0.0,0.0,1.1953302887268418
2022-05-18,0.023170469635442417,0.023170469635442417,0.0,0.0,1.2230266528861118
2022-05-19,-0.017634250176666748,-0.017634250176666748,0.0,0.0,1.2014594949163868
2022-05-20,0.0066992883275948855,0.0066992883275948855,0.0,0.0,1.2095084184867582
2022-05-23,0.00016627454314669933,0.00016627454314669933,0.0,0.0,1.2097095289464743
2022-05-24,-0.003438325655314131,-0.003438325655314131,0.0,0.0,1.2055501536376196
2022-05-25,0.0035876621237105064,0.0035876621237105064,0.0,0.0,1.2098752602620588
2022-05-26,-0.0010515503157137321,-0.0010515503157137321,0.0,0.0,1.2086030155501561
2022-05-27,0.011752609137363928,0.011752609137363928,0.0,0.0,1.2228072543941564
2022-05-30,0.0153929748052689,0.0153929748052689,0.0,0.0,1.2416298956527456
2022-05-31,0.005025206830950135,0.005025206830950135,0.0,0.0,1.2478693426858918
2022-06-01,-0.009530240085889105,-0.009530240085889105,0.0,0.0,1.2359768482542746
2022-06-02,-0.0035284179328808687,-0.0035284179328808687,0.0,0.0,1.2316158053782686
2022-06-06,0.006322016260251322,0.006322016260251322,0.0,0.0,1.2394021005262525
2022-06-07,-0.004674959399998878,-0.004674959399998878,0.0,0.0,1.233607946026019
2022-06-08,0.004020760516453985,0.004020760516453985,0.0,0.0,1.2385679881481841
2022-06-09,-0.006301479568797581,-0.006301479568797581,0.0,0.0,1.2307631772763017
2022-06-10,-0.006250782610665808,-0.006250782610665808,0.0,0.0,1.223069944209935
2022-06-13,-0.012739513336207266,-0.012739513336207266,0.0,0.0,1.2074886283445583
2022-06-14,0.004786458520249901,0.004786458520249901,0.0,0.0,1.213268222577803
2022-06-15,-0.00023661879057088563,-0.00023661879057088563,0.0,0.0,1.2129811405183386
2022-06-16,-0.0050625499985310005,-0.0050625499985310005,0.0,0.0,1.2068403628471893
2022-06-17,-0.010110661258386276,-0.010110661258386276,0.0,0.0,1.1946384087454935
2022-06-20,-0.01566914014405139,-0.01566914014405139,0.0,0.0,1.175919452097394
2022-06-21,0.025562630489374332,0.025562630489374332,0.0,0.0,1.2059790465366271
2022-06-22,-0.012996544711998683,-0.012996544711998683,0.0,0.0,1.1903054859365803
2022-06-23,0.001353342107666291,0.001353342107666291,0.0,0.0,1.1919163764716845
2022-06-24,0.009188008505423471,0.009188008505423471,0.0,0.0,1.2028677142764599
2022-06-27,0.0026347128906211857,0.0026347128906211857,0.0,0.0,1.2060369253489762
2022-06-28,-0.005590691202228325,-0.005590691202228325,0.0,0.0,1.199294345320865
2022-06-29,-0.0054706072265674095,-0.0054706072265674095,0.0,0.0,1.1927334770085714
2022-06-30,-0.020499893464029948,-0.020499893464029948,0.0,0.0,1.1682825677989137
2022-07-01,-0.013515449639106052,-0.013515449639106052,0.0,0.0,1.152492703589582
2022-07-04,-0.0021894497016293245,-0.0021894497016293245,0.0,0.0,1.1499693787835779
2022-07-05,0.005252926842111981,0.005252926842111981,0.0,0.0,1.156010083800997
2022-07-06,-0.021788920716178502,-0.021788920716178502,0.0,0.0,1.1308218717379541
2022-07-07,0.003850290568598941,0.003850290568598941,0.0,0.0,1.1351758645254721
2022-07-08,-0.0017606222612775227,-0.0017606222612775227,0.0,0.0,1.1331772486279237
2022-07-11,-0.01103631291497168,-0.01103631291497168,0.0,0.0,1.1206711499239392
2022-07-12,-0.020154333617135537,-0.020154333617135537,0.0,0.0,1.0980847696932732
2022-07-13,0.02403344661040126,0.02403344661040126,0.0,0.0,1.1244755313793913
2022-07-14,-0.006029647705889204,-0.006029647705889204,0.0,0.0,1.117695340071281
2022-07-15,-0.01316455330313685,-0.01316455330313685,0.0,0.0,1.102981380190245
2022-07-18,0.0130489202197819,0.0130489202197819,0.0,0.0,1.1173740962242524
2022-07-19,-0.0007132588659224799,-0.0007132588659224799,0.0,0.0,1.1165771192435685
2022-07-20,-0.0024321526781991617,-0.0024321526781991617,0.0,0.0,1.1138614332125842
2022-07-21,0.006513492930356462,0.006513492930356462,0.0,0.0,1.1211165617832113
2022-07-22,0.003952426958243913,0.003952426958243913,0.0,0.0,1.125547693105337
2022-07-25,0.0071129232712710145,0.0071129232712710145,0.0,0.0,1.1335536274845512
2022-07-26,-0.0016246772186405826,-0.0016246772186405826,0.0,0.0,1.1317119687298698
2022-07-27,0.004493072923416375,0.004493072923416375,0.0,0.0,1.1367968331336762
2022-07-28,-0.001227770364946139,-0.001227770364946139,0.0,0.0,1.13540110767099
2022-07-29,-0.0003185959679818197,-0.0003185959679818197,0.0,0.0,1.135039373456044
2022-08-01,0.0028351052486982288,0.0028351052486982288,0.0,0.0,1.1382573295412082
2022-08-02,-0.004951299078988897,-0.004951299078988897,0.0,0.0,1.1326214770737983
2022-08-03,-0.003389322646031593,-0.003389322646031593,0.0,0.0,1.1287826574521702
2022-08-04,-0.006240226247835919,-0.006240226247835919,0.0,0.0,1.121738798285035
2022-08-05,0.012186053764875634,0.012186053764875634,0.0,0.0,1.1354083675910835
2022-08-08,0.0048103707233300656,0.0048103707233300656,0.0,0.0,1.1408701027615675
2022-08-09,0.007906458396216145,0.007906458396216145,0.0,0.0,1.1498903447645386
2022-08-10,0.0008636127382410986,0.0008636127382410986,0.0,0.0,1.1508834047138576
2022-08-11,0.010434850887169066,0.010434850887169066,0.0,0.0,1.1628927014305641
2022-08-12,-0.0013732053963238931,-0.0013732053963238931,0.0,0.0,1.161295810897614
2022-08-15,7.07794806696512e-05,7.07794806696512e-05,0.0,0.0,1.161378006812013
2022-08-16,0.0019029959293745805,0.0019029959293745805,0.0,0.0,1.1635881044314413
2022-08-17,0.004712479389163272,0.004712479389163272,0.0,0.0,1.16907148939105
2022-08-18,-0.003458263614308295,-0.003458263614308295,0.0,0.0,1.1650285319967637
2022-08-19,0.0016897100721544375,0.0016897100721544375,0.0,0.0,1.166997092441626
2022-08-22,-0.003138080253430563,-0.003138080253430563,0.0,0.0,1.163334961910024
2022-08-23,-0.010977253348213136,-0.010977253348213136,0.0,0.0,1.1505647393043037
2022-08-24,-0.004325496452823901,-0.004325496452823901,0.0,0.0,1.1455879756056988
2022-08-25,0.005985514708424864,0.005985514708424864,0.0,0.0,1.1524449092834814
2022-08-26,0.0039504433256373934,0.0039504433256373934,0.0,0.0,1.1569975775835253
2022-08-29,-0.012901770035183308,-0.012901770035183308,0.0,0.0,1.1420702609062785
2022-08-30,0.0017933591270184726,0.0017933591270184726,0.0,0.0,1.1441184030323712
2022-08-31,0.0054922475476152505,0.0054922475476152505,0.0,0.0,1.1504021845256074
2022-09-01,-0.012557475793395853,-0.012557475793395853,0.0,0.0,1.1359560369407573
2022-09-02,-0.005651253696849049,-0.005651253696849049,0.0,0.0,1.1295364611875378
2022-09-05,0.005196403985988179,0.005196403985988179,0.0,0.0,1.1354059889567718
2022-09-06,0.0026226015698632456,0.0026226015698632456,0.0,0.0,1.138383706485842
2022-09-07,-0.013826836604417131,-0.013826836604417131,0.0,0.0,1.1226434609831315
2022-09-08,0.01326898035979783,0.01326898035979783,0.0,0.0,1.1375397950179722
2022-09-12,0.00834286428749278,0.00834286428749278,0.0,0.0,1.1470301351494294
2022-09-13,-0.00019178023665870133,-0.00019178023665870133,0.0,0.0,1.1468101574386558
2022-09-14,-0.013343769399020995,-0.013343769399020995,0.0,0.0,1.1315073871533394
2022-09-15,0.005628964911020556,0.005628964911020556,0.0,0.0,1.1378766025321863
2022-09-16,-0.0037251556223960795,-0.0037251556223960795,0.0,0.0,1.1336378351086704
2022-09-19,-0.006472887954446873,-0.006472887954446873,0.0,0.0,1.1262999244210903
2022-09-20,0.0023536430501807674,0.0023536430501807674,0.0,0.0,1.128950832410623
2022-09-21,-0.006217787254509351,-0.006217787254509351,0.0,0.0,1.1219312563138926
2022-09-22,-0.014265147796419877,-0.014265147796419877,0.0,0.0,1.1059267411251519
2022-09-23,-0.001641962959462537,-0.001641962959462537,0.0,0.0,1.1041108503803454
2022-09-26,-0.01719821486534178,-0.01719821486534178,0.0,0.0,1.085122114740349
2022-09-27,-0.0011120512667023236,-0.0011120512667023236,0.0,0.0,1.0839154033181253
2022-09-28,-0.014178185115395795,-0.014178185115395795,0.0,0.0,1.068547450080452
2022-09-29,0.007135615021909108,0.007135615021909108,0.0,0.0,1.0761721933168686
2022-09-30,-0.008511507446591845,-0.008511507446591845,0.0,0.0,1.067012345679637
2022-10-03,-0.013920404242293962,-0.013920404242293962,0.0,0.0,1.052159102496258
2022-10-04,0.007519808566982983,0.007519808566982983,0.0,0.0,1.0600711375290384
2022-10-05,0.0050600943449019544,0.0050600943449019544,0.0,0.0,1.065435197497243
2022-10-06,0.005584872777662385,0.005584872777662385,0.0,0.0,1.0713855175281086
2022-10-07,-0.0057776943606493245,-0.0057776943606493245,0.0,0.0,1.065195379465405
2022-10-11,-0.020336695569063805,-0.020336695569063805,0.0,0.0,1.0435328253116436
2022-10-12,0.006092511541585483,0.006092511541585483,0.0,0.0,1.0498905610938782
2022-10-13,-0.022675969510664452,-0.022675969510664452,0.0,0.0,1.0260832747409792
2022-10-14,0.0026623963981142204,0.0026623963981142204,0.0,0.0,1.028815115155815
2022-10-17,-0.0030804774159055247,-0.0030804774159055247,0.0,0.0,1.025645873428435
2022-10-18,0.006068668941269129,0.006068668941269129,0.0,0.0,1.031870178685251
2022-10-19,-0.008677282223107739,-0.008677282223107739,0.0,0.0,1.0229163499271905
2022-10-20,0.0008155923740226154,0.0008155923740226154,0.0,0.0,1.023750632701454
2022-10-21,0.0010182752501870923,0.0010182752501870923,0.0,0.0,1.0247930926330973
2022-10-24,-0.0009360380764783507,-0.0009360380764783507,0.0,0.0,1.0238338472778807
2022-10-25,0.0050906461192791914,0.0050906461192791914,0.0,0.0,1.0290458230793127
2022-10-26,0.005914767464043435,0.005914767464043435,0.0,0.0,1.035132389832672
2022-10-27,-0.0026836835639944623,-0.0026836835639944623,0.0,0.0,1.0323544220515197
2022-10-28,-0.00406724137707748,-0.00406724137707748,0.0,0.0,1.028155587430343
2022-10-31,0.0037377765706277464,0.0037377765706277464,0.0,0.0,1.031998603296
2022-11-01,0.009103834157752766,0.009103834157752766,0.0,0.0,1.0413937474314392
2022-11-02,-0.0027669892516317732,-0.0027669892516317732,0.0,0.0,1.0385122221255798
2022-11-03,-0.005221102430999467,-0.005221102430999467,0.0,0.0,1.0330900434380172
2022-11-04,0.00904812695584819,0.00904812695584819,0.0,0.0,1.0424375733078672
2022-11-07,0.009637968365767057,0.009637968365767057,0.0,0.0,1.0524845536626954
2022-11-08,0.006510235333166081,0.006510235333166081,0.0,0.0,1.0593364757915618
2022-11-09,0.008701555900393796,0.008701555900393796,0.0,0.0,1.0685543513529883
2022-11-10,-0.007077103091611479,-0.007077103091611479,0.0,0.0,1.0609920820494732
2022-11-11,0.023546574403429655,0.023546574403429655,0.0,0.0,1.0859748110509007
2022-11-14,0.00868608773619003,0.00868608773619003,0.0,0.0,1.0954076835389812
2022-11-15,0.0027619446999183114,0.0027619446999183114,0.0,0.0,1.0984331389847815
2022-11-16,-0.008907695588016578,-0.008907695588016578,0.0,0.0,1.0886486309589154
2022-11-17,-0.003258587166748786,-0.003258587166748786,0.0,0.0,1.085101174500974
2022-11-18,-0.003981464455575356,-0.003981464455575356,0.0,0.0,1.0807808827439953
2022-11-21,-0.0013843680346002315,-0.0013843680346002315,0.0,0.0,1.0792846842375174
2022-11-22,0.003639078459224045,0.003639078459224045,0.0,0.0,1.0832122858832964
2022-11-23,0.007359844505195567,0.007359844505195567,0.0,0.0,1.091184559873515
2022-11-24,0.008305542020007932,0.008305542020007932,0.0,0.0,1.1002474390871284
2022-11-25,0.00027937640772284574,0.00027937640772284574,0.0,0.0,1.100554822264267
2022-11-28,-0.004213902125095159,-0.004213902125095159,0.0,0.0,1.0959171919599437
2022-11-29,0.013196335054321408,0.013196335054321408,0.0,0.0,1.1103792824168381
2022-11-30,0.012089683242362918,0.012089683242362918,0.0,0.0,1.12380341622014
2022-12-01,-0.002195229215359507,-0.002195229215359507,0.0,0.0,1.1213364101285328
2022-12-02,-0.003923731267948209,-0.003923731267948209,0.0,0.0,1.1169365873942227
2022-12-05,0.0005561117156650254,0.0005561117156650254,0.0,0.0,1.1175577289161276
2022-12-06,-0.01040919666740557,-0.01040919666740557,0.0,0.0,1.1059248507286605
2022-12-07,0.0033722875241695947,0.0033722875241695947,0.0,0.0,1.1096543473054419
2022-12-08,-0.003194068565142749,-0.003194068565142749,0.0,0.0,1.1061100352365396
2022-12-09,0.004949831109757029,0.004949831109757029,0.0,0.0,1.111585093099768
2022-12-12,-0.00031006582190385866,-0.00031006582190385866,0.0,0.0,1.1112404285542599
2022-12-13,-0.00797825448027676,-0.00797825448027676,0.0,0.0,1.1023746696264822
2022-12-14,0.009463227748352728,0.009463227748352728,0.0,0.0,1.1128066921891726
2022-12-15,-0.0008373742910962703,-0.0008373742910962703,0.0,0.0,1.1118748564741734
2022-12-16,-0.009185785380798145,-0.009185785380798145,0.0,0.0,1.101661412672296
2022-12-19,-0.0012123949788730892,-0.0012123949788730892,0.0,0.0,1.1003257639071538
2022-12-20,-0.008906613277491737,-0.008906613277491737,0.0,0.0,1.090525587848772
2022-12-21,0.00019247527586192987,0.00019247527586192987,0.0,0.0,1.0907354870621278
2022-12-22,0.014981987710707134,0.014981987710707134,0.0,0.0,1.1070768727249247
2022-12-23,-0.007439356646988913,-0.007439356646988913,0.0,0.0,1.0988409330330908
2022-12-26,0.0031696570706621534,0.0031696570706621534,0.0,0.0,1.1023238819660122
2022-12-27,0.0024344330704492855,0.0024344330704492855,0.0,0.0,1.1050074156786163
2022-12-28,-0.0063371755187841584,-0.0063371755187841584,0.0,0.0,1.0980047897359027
2022-12-29,-0.004409336898340407,-0.004409336898340407,0.0,0.0,1.0931633167019656
2022-12-30,0.004388048029659814,0.004388048029659814,0.0,0.0,1.0979601698399162
2023-01-03,0.00039040573010959374,0.00039040573010959374,0.0,0.0,1.0983888197816538
2023-01-04,0.001491002923230226,0.001491002923230226,0.0,0.0,1.1000265207227917
2023-01-05,0.006376515310308922,0.006376515310308922,0.0,0.0,1.1070408566739265
2023-01-06,0.0031759940275958047,0.0031759940275958047,0.0,0.0,1.1105568118230273
2023-01-09,0.01784757677878214,0.01784757677878214,0.0,0.0,1.1303775597892385
2023-01-10,0.0006147427199208881,0.0006147427199208881,0.0,0.0,1.1310724511648806
2023-01-11,-0.008200211249348143,-0.008200211249348143,0.0,0.0,1.1217974181270107
2023-01-12,-0.004952297603973645,-0.004952297603973645,0.0,0.0,1.1162419434610764
2023-01-13,0.0020002336586725823,0.0020002336586725823,0.0,0.0,1.1184746881676093
2023-01-16,0.0073760292443818,0.0073760292443818,0.0,0.0,1.1267245901766345
2023-01-17,0.00012890741945129647,0.00012890741945129647,0.0,0.0,1.1268698333359866
2023-01-30,0.019171718924986886,0.019171718924986886,0.0,0.0,1.1484738650457509
2023-01-31,-0.015794089085019874,-0.015794089085019874,0.0,0.0,1.1303347665094012
2023-02-01,0.0063689875365816944,0.0063689875365816944,0.0,0.0,1.1375338545494647
2023-02-02,0.0028242337362840413,0.0028242337362840413,0.0,0.0,1.1407465160376484
2023-02-03,-0.0015527104149530868,-0.0015527104149530868,0.0,0.0,1.1389752670413753
2023-02-06,-0.00507564143723233,-0.00507564143723233,0.0,0.0,1.1331942369799972
2023-02-07,0.0022243239601396807,0.0022243239601396807,0.0,0.0,1.135714828072804
2023-02-08,0.00017419164306678686,0.00017419164306678686,0.0,0.0,1.1359126601047613
2023-02-09,-0.00014080664019495048,-0.00014080664019495048,0.0,0.0,1.135752716059537
2023-02-10,-0.0003757598511158794,-0.0003757598511158794,0.0,0.0,1.135325945788046
2023-02-13,0.006266087035569532,0.006266087035569532,0.0,0.0,1.1424399969780943
2023-02-14,0.004053111146768525,0.004053111146768525,0.0,0.0,1.1470704332643604
2023-02-15,-0.005754164804196498,-0.005754164804196498,0.0,0.0,1.1404700009493363
2023-02-16,0.005019588254397278,0.005019588254397278,0.0,0.0,1.146194690770594
2023-02-17,0.004438743720523964,0.004438743720523964,0.0,0.0,1.15128235525675
2023-02-20,0.009524172703222077,0.009524172703222077,0.0,0.0,1.1622473672383875
2023-02-21,-0.005385849588461394,-0.005385849588461394,0.0,0.0,1.1559876777338562
2023-02-22,-2.8907885536833965e-05,-2.8907885536833965e-05,0.0,0.0,1.1559542605743862
2023-02-23,0.004531411848434004,0.004531411848434004,0.0,0.0,1.1611923654070009
2023-02-24,-0.0040906402910255,-0.0040906402910255,0.0,0.0,1.1564423451314358
2023-03-01,-0.006603233066378215,-0.006603233066378215,0.0,0.0,1.148806086798704
2023-03-02,-0.0002863176409106211,-0.0002863176409106211,0.0,0.0,1.148477163350068
2023-03-03,0.0029318403601502267,0.0029318403601502267,0.0,0.0,1.1518443150502886
2023-03-06,0.007704098925551619,0.007704098925551619,0.0,0.0,1.1607182376002703
2023-03-07,0.0042831452485431725,0.0042831452485431725,0.0,0.0,1.1656897624045452
2023-03-08,-0.0003990818801810462,-0.0003990818801810462,0.0,0.0,1.165224556742457
2023-03-09,-0.006809828402065676,-0.006809828402065676,0.0,0.0,1.1572895774611678
2023-03-10,-0.011904029528079427,-0.011904029528079427,0.0,0.0,1.1435131681585315
2023-03-13,-0.0021055114553213323,-0.0021055114553213323,0.0,0.0,1.1411054880836629
2023-03-14,-0.012297826708612132,-0.012297826708612132,0.0,0.0,1.1270723705349637
2023-03-15,-0.0025796077012272857,-0.0025796077012272857,0.0,0.0,1.1241649659680912
2023-03-16,-0.011717909015550174,-0.011717909015550174,0.0,0.0,1.110992103178408
2023-03-17,0.005861984890897594,0.005861984890897594,0.0,0.0,1.1175047221011465
2023-03-20,-0.002256261500277335,-0.002256261500277335,0.0,0.0,1.1149833392202915
2023-03-21,0.005894005624244129,0.005894005624244129,0.0,0.0,1.1215550572925943
2023-03-22,0.011413958997786685,0.011413958997786685,0.0,0.0,1.1343564407302922
2023-03-23,0.0056239149275094345,0.0056239149275094345,0.0,0.0,1.1407359648504318
2023-03-24,0.0017515517146074351,0.0017515517146074351,0.0,0.0,1.14273402288558
2023-03-27,-0.0002162727832840483,-0.0002162727832840483,0.0,0.0,1.1424868806178972
2023-03-28,-0.0020135362946470782,-0.0020135362946470782,0.0,0.0,1.1401864418176149
2023-03-29,0.00635207996127075,0.00635207996127075,0.0,0.0,1.1474289972667973
2023-03-30,-0.0004169387852970858,-0.0004169387852970858,0.0,0.0,1.146950589614462
2023-03-31,0.0030500111904458132,0.0030500111904458132,0.0,0.0,1.1504488017476746
2023-04-06,0.0034932685604867693,0.0034932685604867693,0.0,0.0,1.1544676283772695
2023-04-07,-0.0005486457856386796,-0.0005486457856386796,0.0,0.0,1.153834234578304
2023-04-10,0.0040894890814457685,0.0040894890814457685,0.0,0.0,1.1585528270824104
2023-04-11,0.006125561398308009,0.006125561398308009,0.0,0.0,1.1656496135578869
2023-04-12,0.0018236654880378952,0.0018236654880378952,0.0,0.0,1.167775368529277
2023-04-13,0.0005698717452848031,-0.0009670357801424881,0.4840653623393043,0.0015369075254272912,1.1666460879647402
2023-04-14,0.002204382137479575,0.002204382137479575,0.0,0.0,1.16921782176181
2023-04-17,-0.0007002829217752357,-0.0007002829217752357,0.0,0.0,1.168399038489395
2023-04-18,0.0015521705146407786,0.0015521705146407786,0.0,0.0,1.170212593026273
2023-04-19,-0.002271137535473973,-0.002271137535473973,0.0,0.0,1.1675548792817667
2023-04-20,-0.00670998698957374,-0.00670998698957374,0.0,0.0,1.1597206012321728
2023-04-21,0.00011616077389246424,0.00011616077389246424,0.0,0.0,1.1598553152747109
2023-04-24,0.001586170756137499,0.001586170756137499,0.0,0.0,1.1616950438571503
2023-04-25,-0.005595660838337552,-0.005595660838337552,0.0,0.0,1.155194592394148
2023-04-26,0.005279175787459805,0.005279175787459805,0.0,0.0,1.1612930677161195
2023-04-27,-0.00016884961987876344,-0.00016884961987876344,0.0,0.0,1.1610969838230678
2023-04-28,0.0027301418007505155,0.0027301418007505155,0.0,0.0,1.1642669432333286
2023-05-02,0.0045144657888047494,0.0045144657888047494,0.0,0.0,1.1695229865175918
2023-05-03,-0.0019854342504505777,-0.0019854342504505777,0.0,0.0,1.1672009755234705
2023-05-04,0.004621111224574874,0.004621111224574874,0.0,0.0,1.1725947410527968
2023-05-05,0.0006877385435871278,0.0006877385435871278,0.0,0.0,1.1734011796522263
2023-05-08,0.0040794441676907265,0.0040794441676907265,0.0,0.0,1.17818800425092
2023-05-09,0.003527884297535503,0.003527884297535503,0.0,0.0,1.1823445152106615
2023-05-10,0.0012270249393386485,0.0012270249393386485,0.0,0.0,1.1837952814177153
2023-05-11,-0.0033337488075111466,-0.0033337488075111466,0.0,0.0,1.1798488053099516
2023-05-12,-0.001482155697779152,-0.001482155697779152,0.0,0.0,1.1781000856806436
2023-05-15,0.0006368311661121664,0.0006368311661121664,0.0,0.0,1.1788503365320044
2023-05-16,0.008836966830815687,0.008836966830815687,0.0,0.0,1.1892677978544337
2023-05-17,0.008984224461327971,0.008984224461327971,0.0,0.0,1.1999524466949874
2023-05-18,0.003973651172208669,0.003973651172208669,0.0,0.0,1.2047206391413914
2023-05-19,0.005549750144767642,0.005549750144767642,0.0,0.0,1.2114065376828709
2023-05-22,0.00024109590967378778,0.00024109590967378778,0.0,0.0,1.2116986028440582
2023-05-23,0.0011175826429757959,0.0011175826429757959,0.0,0.0,1.2130527761711147
2023-05-24,-0.000669259228795441,-0.000669259228795441,0.0,0.0,1.2122409294056462
2023-05-25,-0.0016664587788566007,-0.0016664587788566007,0.0,0.0,1.2102207798667488
2023-05-26,0.0010759135092542936,0.0010759135092542936,0.0,0.0,1.2115228727529879
2023-05-29,0.005293082161401836,0.005293082161401836,0.0,0.0,1.217935562858887
2023-05-30,0.0008738298675437721,0.0008738298675437721,0.0,0.0,1.2189998313304569
2023-05-31,0.0017420846682589344,0.0017420846682589344,0.0,0.0,1.221123432247228
2023-06-01,-0.003628254398430616,-0.003628254398430616,0.0,0.0,1.2166928857831503
2023-06-02,0.007885734486220203,0.007885734486220203,0.0,0.0,1.2262874028317092
2023-06-05,0.005452425199761366,0.005452425199761366,0.0,0.0,1.2329736431690588
2023-06-06,0.00102486689695452,0.00102486689695452,0.0,0.0,1.2342372770407601
2023-06-07,0.004733231247035023,0.004733231247035023,0.0,0.0,1.2400792074867049
2023-06-08,-0.00189341474716047,-0.00189341474716047,0.0,0.0,1.2377312232276025
2023-06-09,0.0069810030831290735,0.0069810030831290735,0.0,0.0,1.2463718287130394
2023-06-12,-0.0022661599652962477,-0.0022661599652962477,0.0,0.0,1.2435473507729369
2023-06-13,0.00773325184145394,0.00773325184145394,0.0,0.0,1.2531640156132369
2023-06-14,0.0006460005381304276,0.0006460005381304276,0.0,0.0,1.2539735602416886
2023-06-15,0.004224517624730368,0.004224517624730368,0.0,0.0,1.2592709936478756
2023-06-16,-0.004617136747819171,-0.004617136747819171,0.0,0.0,1.2534567672676413
2023-06-19,0.003368476144464544,0.003368476144464544,0.0,0.0,1.2576790064863
2023-06-20,-0.002403822880576785,-0.002403822880576785,0.0,0.0,1.254655768914087
2023-06-21,0.004393340867196814,0.004393340867196814,0.0,0.0,1.2601678993779213
2023-06-26,-0.004046183777088625,-0.004046183777088625,0.0,0.0,1.2550690284670505
2023-06-27,-0.011615058909671981,-0.011615058909671981,0.0,0.0,1.240491327765701
2023-06-28,0.0019709460739784235,0.0019709460739784235,0.0,0.0,1.2429362692779653
2023-06-29,-0.0017735117571073156,-0.0017735117571073156,0.0,0.0,1.2407319071910659
2023-06-30,-0.00532614528622149,-0.00532614528622149,0.0,0.0,1.2341235887921156
2023-07-03,0.006351231237687071,0.006351231237687071,0.0,0.0,1.2419617930804185
2023-07-04,0.0024588001670615917,0.0024588001670615917,0.0,0.0,1.2450155289447287
2023-07-05,-0.00575055660886494,-0.00575055660886494,0.0,0.0,1.237855996666616
2023-07-06,-0.013581305715151306,-0.013581305715151306,0.0,0.0,1.2210442959445535
2023-07-07,-0.008303322314375198,-0.008303322314375198,0.0,0.0,1.2109055715951966
2023-07-10,0.0008877688681648716,0.0008877688681648716,0.0,0.0,1.2119805758639461
2023-07-11,0.01592662784916077,0.01592662784916077,0.0,0.0,1.2312833394561429
2023-07-12,0.0060316033091969996,0.0060316033091969996,0.0,0.0,1.2387099521209657
2023-07-13,0.0035467644426307103,0.0035467644426307103,0.0,0.0,1.2431033645338811
2023-07-14,0.013931762645570712,0.013931762645570712,0.0,0.0,1.2604219855524774
2023-07-17,0.009345884696653591,0.009345884696653591,0.0,0.0,1.2722017440985782
2023-07-18,0.0021911584318080155,0.0021911584318080155,0.0,0.0,1.2749893396771206
2023-07-19,-0.008564397258887751,-0.008564397258887751,0.0,0.0,1.2640698244712787
2023-07-20,0.001173504165933494,0.001173504165933494,0.0,0.0,1.2655532156763265
2023-07-21,-0.0015150534857845445,-0.0015150534857845445,0.0,0.0,1.2636358348654704
2023-07-24,-0.0005817222097639346,-0.0005817222097639346,0.0,0.0,1.2629007498352756
2023-07-25,0.0071859728497842956,0.0071859728497842956,0.0,0.0,1.271975920335564
2023-07-26,0.003514144046005578,0.003514144046005578,0.0,0.0,1.2764458269426737
2023-07-27,0.0006713277209861239,0.0006713277209861239,0.0,0.0,1.2773027404106374
2023-07-28,0.0018783390562233135,0.0018783390562233135,0.0,0.0,1.279701948034572
2023-07-31,-0.004073811253144802,-0.004073811253144802,0.0,0.0,1.2744886838379974
2023-08-01,0.0031874096569757693,0.0031874096569757693,0.0,0.0,1.2785510013765689
2023-08-02,-0.016974664795816184,-0.016974664795816184,0.0,0.0,1.2568480267038464
2023-08-04,0.0013596646309113167,0.0013596646309113167,0.0,0.0,1.2585569185121863
2023-08-07,0.01196887299609255,0.01196887299609255,0.0,0.0,1.2736204264282123
2023-08-08,-0.003240237369816025,-0.003240237369816025,0.0,0.0,1.2694935939275385
2023-08-09,-0.00376165674676089,-0.00376165674676089,0.0,0.0,1.2647181947849713
2023-08-10,-0.009938404229451157,-0.009938404229451157,0.0,0.0,1.2521489141288564
2023-08-11,-0.005550064556745158,-0.005550064556745158,0.0,0.0,1.245199406820783
2023-08-14,-0.009662166001578583,-0.009662166001578583,0.0,0.0,1.2331680834470136
2023-08-15,-0.00043128217616642006,-0.00043128217616642006,0.0,0.0,1.2326362400324056
2023-08-16,-0.004976784755806188,-0.004976784755806188,0.0,0.0,1.226501674783558
2023-08-17,-0.0019288663268960744,-0.0019288663268960744,0.0,0.0,1.2241359170031865
2023-08-18,-0.0026704192204378813,-0.0026704192204378813,0.0,0.0,1.2208669609219929
2023-08-21,0.0018156582711048555,0.0018156582711048555,0.0,0.0,1.2230836381175096
2023-08-22,-0.001012217700049749,-0.001012217700049749,0.0,0.0,1.2218456112103657
2023-08-23,0.0022660682463622787,0.0022660682463622787,0.0,0.0,1.2246143967518865
2023-08-24,0.0028697229193695574,0.0028697229193695574,0.0,0.0,1.2281287007536352
2023-08-25,-0.007891240357484343,-0.007891240357484343,0.0,0.0,1.2184372419860634
2023-08-28,0.0020366507811066616,0.0020366507811066616,0.0,0.0,1.2209187731466837
2023-08-29,0.005573725718927888,0.005573725718927888,0.0,0.0,1.2277238395132932
2023-08-30,0.0029736356153251364,0.0029736356153251364,0.0,0.0,1.2313746428482537
2023-08-31,-0.008369145786116583,-0.008369145786116583,0.0,0.0,1.2210690889449294
2023-09-01,0.0029895346443647537,0.0029895346443647537,0.0,0.0,1.2247195172894931
2023-09-04,0.003998251423179621,0.003998251423179621,0.0,0.0,1.2296162538424917
2023-09-05,0.00015920096091393964,0.00015920096091393964,0.0,0.0,1.229812009931659
2023-09-06,-0.0018451869091415964,-0.0018451869091415964,0.0,0.0,1.2275427769102278
2023-09-07,-0.001443031510594253,-0.001443031510594253,0.0,0.0,1.225771394002544
2023-09-08,0.0010035653222400188,0.0010035653222400188,0.0,0.0,1.227001535666559
2023-09-11,-0.0029774629347244165,-0.0029774629347244165,0.0,0.0,1.2233481840732618
2023-09-12,0.006323633260246089,0.006323633260246089,0.0,0.0,1.2310841893389293
2023-09-13,0.0016691766219846492,0.0016691766219846492,0.0,0.0,1.233139086287469
2023-09-14,0.011994738297424038,0.011994738297424038,0.0,0.0,1.2479302669118117
2023-09-15,0.0004401054775139391,0.0004401054775139391,0.0,0.0,1.248479487857835
2023-09-18,-0.004785597908692051,-0.004785597908692051,0.0,0.0,1.2425047670316975
2023-09-19,0.0010178167649101697,0.0010178167649101697,0.0,0.0,1.2437694092140632
2023-09-20,-0.004641861173255685,-0.004641861173255685,0.0,0.0,1.2379960042849492
2023-09-21,-0.012996479245138243,-0.012996479245138243,0.0,0.0,1.2219064149096956
2023-09-22,0.004266227006028536,0.004266227006028536,0.0,0.0,1.2271193450558229
2023-09-25,0.0038903419931024742,0.0038903419931024742,0.0,0.0,1.231893258974442
2023-09-26,-0.008546803170082409,-0.008546803170082409,0.0,0.0,1.2213645097634362
2023-09-27,0.000768703815183285,0.000768703815183285,0.0,0.0,1.222303377321821
2023-09-28,0.002955036281055646,0.002955036281055646,0.0,0.0,1.225915328148264
2023-10-02,0.003126947273017768,0.003126947273017768,0.0,0.0,1.2297487007405679
2023-10-03,-0.00542329924202004,-0.00542329924202004,0.0,0.0,1.2230794055439664
2023-10-04,-0.011303854344496435,-0.011303854344496435,0.0,0.0,1.2092538940919442
2023-10-05,0.00839443576907083,0.00839443576907083,0.0,0.0,1.2194048982343977
2023-10-06,0.00533777902582503,0.00533777902582503,0.0,0.0,1.2259138121241817
2023-10-11,0.01193205942096559,0.01193205942096559,0.0,0.0,1.2405414885754298
2023-10-12,0.006057819378507064,0.006057819378507064,0.0,0.0,1.248056464844764
2023-10-13,-0.006664307844139858,-0.006664307844139858,0.0,0.0,1.2397390323561697
2023-10-16,-0.001321200510059675,-0.001321200510059675,0.0,0.0,1.2381010885142798
2023-10-17,-0.0034531696803419823,-0.0034531696803419823,0.0,0.0,1.233825715374224
2023-10-18,-0.005354240072714475,-0.005354240072714475,0.0,0.0,1.2272195162862218
2023-10-19,-0.0048151873090987885,-0.0048151873090987885,0.0,0.0,1.221310224445922
2023-10-20,-0.007081286052057723,-0.007081286052057723,0.0,0.0,1.2126617773883175
2023-10-23,-0.006342174450414619,-0.006342174450414619,0.0,0.0,1.204970864846771
2023-10-24,0.0038270054893721427,0.0038270054893721427,0.0,0.0,1.209582294961073
2023-10-25,0.00010135553382287378,0.00010135553382287378,0.0,0.0,1.2097048928202816
2023-10-26,-0.00856075545041991,-0.00856075545041991,0.0,0.0,1.1993489050656707
2023-10-27,0.005667953668300085,0.005667953668300085,0.0,0.0,1.2061467590917094
2023-10-30,-0.004089081150129219,-0.004089081150129219,0.0,0.0,1.2012147271148181
2023-10-31,-0.00253659787557816,-0.00253659787557816,0.0,0.0,1.1981677283899055
2023-11-01,0.004925841652797862,0.004925841652797862,0.0,0.0,1.2040697128934468
2023-11-02,0.012422922589063634,0.012422922589063634,0.0,0.0,1.2190277777285583
2023-11-03,0.006667461809767673,0.006667461809767673,0.0,0.0,1.2271555988816094
2023-11-06,0.008326800962923384,0.008326800962923384,0.0,0.0,1.2373738793040336
2023-11-07,-0.001275347910641029,-0.001275347910641029,0.0,0.0,1.2357957971123814
2023-11-08,0.003997570418575186,0.003997570418575186,0.0,0.0,1.2407359778343174
2023-11-09,-0.0016939038891084536,-0.0016939038891084536,0.0,0.0,1.238634290336107
2023-11-10,-0.002379680689302759,-0.002379680689302759,0.0,0.0,1.235686736234286
2023-11-13,-0.0007999934794504625,-0.0007999934794504625,0.0,0.0,1.2346981949026552
2023-11-14,0.0028990635551165767,0.0028990635551165767,0.0,0.0,1.2382776634410655
2023-11-15,0.009687912645225984,0.009687912645225984,0.0,0.0,1.2502739892750172
2023-11-16,0.0048017260160786255,0.0048017260160786255,0.0,0.0,1.2562774624165456
2023-11-17,0.0003710398162609127,0.0003710398162609127,0.0,0.0,1.2567435913753733
2023-11-20,0.0001281595693048398,0.0001281595693048398,0.0,0.0,1.2569046550927705
2023-11-21,0.011480129249414826,0.011480129249414826,0.0,0.0,1.2713340829874267
2023-11-22,-0.00592830840692591,-0.00592830840692591,0.0,0.0,1.2637972224552407
2023-11-23,0.0004789824740329638,0.0004789824740329638,0.0,0.0,1.2644025591755284
2023-11-24,-0.00019461348059906006,-0.00019461348059906006,0.0,0.0,1.264156489392609
2023-11-27,-0.0022265478424273047,-0.0022265478424273047,0.0,0.0,1.2613417844886614
2023-11-28,0.006317984723127093,0.006317984723127093,0.0,0.0,1.2693109226137027
2023-11-29,-0.00047505462940262223,-0.00047505462940262223,0.0,0.0,1.2687079305837636
2023-11-30,0.004017980438341501,0.004017980438341501,0.0,0.0,1.273805574230818
2023-12-01,-0.00529611338487935,-0.00529611338487935,0.0,0.0,1.2670593554794003
2023-12-04,0.004361522200703933,0.004361522200703933,0.0,0.0,1.2725856629879333
2023-12-05,-0.0008734345862244634,-0.0008734345862244634,0.0,0.0,1.2714741426559462
2023-12-06,0.004295834304932208,0.004295834304932208,0.0,0.0,1.2769361848958019
2023-12-07,-0.005729295973120432,-0.005729295973120432,0.0,0.0,1.2696202395537466
2023-12-08,0.002875017456679174,0.002875017456679174,0.0,0.0,1.273270419905817
2023-12-11,0.0009945039691647397,0.0009945039691647397,0.0,0.0,1.2745366923922334
2023-12-12,0.0018275810262188765,0.0018275810262188765,0.0,0.0,1.2768660114684693
2023-12-13,0.0021817767107321414,0.0021817767107321414,0.0,0.0,1.2796518479950167
2023-12-14,0.009146519313524757,0.009146519313524757,0.0,0.0,1.2913562083372907
2023-12-15,-0.006909472557289386,-0.006909472557289386,0.0,0.0,1.282433618054099
2023-12-18,0.00066118121169086,0.00066118121169086,0.0,0.0,1.283281539067597
2023-12-19,-0.005674478392652497,-0.005674478392652497,0.0,0.0,1.275999585702468
2023-12-20,0.002949351690471038,0.002949351690471038,0.0,0.0,1.2797629572376
2023-12-21,-0.0025783430852754146,-0.0025783430852754146,0.0,0.0,1.2764632892660148
2023-12-22,4.65787161313148e-05,4.65787161313148e-05,0.0,0.0,1.2765227452872174
2023-12-25,0.0033255142232709884,0.0033255142232709884,0.0,0.0,1.2807678398329991
2023-12-26,0.007745414639193068,0.007745414639193068,0.0,0.0,1.2906879178090493
2023-12-27,0.006909066301407469,0.006909066301407469,0.0,0.0,1.2996053662076177
2023-12-28,0.0023189412952735865,0.0023189412952735865,0.0,0.0,1.3026190747588757
2023-12-29,0.0029898756455883106,0.0029898756455883106,0.0,0.0,1.3065137438059762
2024-01-02,-0.0019386186429375925,-0.0019386186429375925,0.0,0.0,1.30398091190498
2024-01-03,-0.011919298125783549,-0.011919298125783549,0.0,0.0,1.2884383746656534
2024-01-04,0.002113591991349602,0.002113591991349602,0.0,0.0,1.291161607695694
2024-01-05,0.0009356359476425172,0.0009356359476425172,0.0,0.0,1.29236966491007
2024-01-08,0.0035468172309736615,0.0035468172309736615,0.0,0.0,1.2969534639063607
2024-01-09,-0.006204240519863388,-0.006204240519863388,0.0,0.0,1.2889068526732157
2024-01-10,-0.005836728667823306,-0.005836728667823306,0.0,0.0,1.2813838530960642
2024-01-11,0.004299928666504715,0.004299928666504715,0.0,0.0,1.286893712258788
2024-01-12,-0.0030388660474004103,-0.0030388660474004103,0.0,0.0,1.2829830146499916
2024-01-15,-0.0012408114011523092,-0.0012408114011523092,0.0,0.0,1.2813910746979291
2024-01-16,-0.010350428821739885,-0.010350428821739885,0.0,0.0,1.2681281275864555
2024-01-17,-0.01403186074872224,-0.01403186074872224,0.0,0.0,1.2503339302886245
2024-01-18,0.0022491375285594965,0.0022491375285594965,0.0,0.0,1.253146103254468
2024-01-19,0.010106849124902553,0.010106849124902553,0.0,0.0,1.2658114618515204
2024-01-22,0.005938750010133373,0.005938750010133373,0.0,0.0,1.273328799683418
2024-01-23,0.00286092772016872,0.00286092772016872,0.0,0.0,1.2769717013433215
2024-01-24,0.0015261691462201653,0.0015261691462201653,0.0,0.0,1.2789205761545077
2024-01-25,0.0013015861845469317,0.0013015861845469317,0.0,0.0,1.2805852015075632
2024-01-26,0.002195832313194125,0.002195832313194125,0.0,0.0,1.2833971518728315
2024-01-29,0.004452459378093311,0.004452459378093311,0.0,0.0,1.2891114255575058
2024-01-30,-0.0074475481329320066,-0.0074475481329320066,0.0,0.0,1.2795107061669537
2024-01-31,-0.00039378008824531626,-0.00039378008824531626,0.0,0.0,1.2790068603281686
2024-02-01,0.007112686561540396,0.007112686561540396,0.0,0.0,1.2881040352357427
2024-02-02,0.0003715822703796098,0.0003715822703796098,0.0,0.0,1.2885826718576407
2024-02-05,-0.004818556943094279,-0.004818556943094279,0.0,0.0,1.2823735628774102
2024-02-15,0.001581549503434158,0.001581549503434158,0.0,0.0,1.284401700148996
2024-02-16,0.0029781329879764607,0.0029781329879764607,0.0,0.0,1.288226819222023
2024-02-19,0.00795418286583408,0.00795418286583408,0.0,0.0,1.2984736109147867
2024-02-20,0.0028196375174523035,0.0028196375174523035,0.0,0.0,1.3021348358235438
2024-02-21,-0.002040464152585398,-0.002040464152585398,0.0,0.0,1.2994778763692132
2024-02-22,0.0027997796493070526,0.0027997796493070526,0.0,0.0,1.3031161280821966
2024-02-23,-0.005588302635975381,-0.005588302635975381,0.0,0.0,1.2958339207886527
2024-02-26,-0.0020764655317947038,-0.0020764655317947038,0.0,0.0,1.2931431663172046
2024-02-27,-0.0012204626923888694,-0.0012204626923888694,0.0,0.0,1.291564933326797
2024-02-29,0.007456388522538325,0.007456388522538325,0.0,0.0,1.3011953432717678
2024-03-01,-0.0035486821430313776,-0.0035486821430313776,0.0,0.0,1.2965778145925038
2024-03-04,0.00368936116442719,0.00368936116442719,0.0,0.0,1.301361358428319
2024-03-05,-6.863405291337658e-05,-6.863405291337658e-05,0.0,0.0,1.3012720407239853
2024-03-06,0.0037770520345450833,0.0037770520345450833,0.0,0.0,1.3061870129328983
2024-03-07,-0.0004951844860295114,-0.0004951844860295114,0.0,0.0,1.3055402093882407
2024-03-08,0.000701694568424479,0.000701694568424479,0.0,0.0,1.306456299862028
2024-03-11,0.003739471088579063,0.003739471088579063,0.0,0.0,1.3113417554238538
2024-03-12,0.010715826098569466,0.010715826098569466,0.0,0.0,1.3253938656307684
2024-03-13,0.0059947446715173216,0.0059947446715173216,0.0,0.0,1.3333392634444203
2024-03-14,0.005273711976596439,0.005273711976596439,0.0,0.0,1.3403709106869135
2024-03-15,0.003222616643575192,0.003222616643575192,0.0,0.0,1.3446904122922572
2024-03-18,-0.0016646436493145693,-0.0016646436493145693,0.0,0.0,1.3424519819371405
2024-03-19,-0.000270198427070845,-0.000270198427070845,0.0,0.0,1.342089253523203
2024-03-20,-0.0030072564183566265,-0.0030072564183566265,0.0,0.0,1.3380532470015378
2024-03-21,0.014199618138672406,0.014199618138672406,0.0,0.0,1.3570530921581703
2024-03-22,0.0001442432576715221,0.0001442432576715221,0.0,0.0,1.3572488379170162
2024-03-25,-0.0009893445932208852,-0.0009893445932208852,0.0,0.0,1.3559060511175678
2024-03-26,0.003283591063893354,0.003283591063893354,0.0,0.0,1.3603582921104962
2024-03-27,0.0063825203380225865,0.0063825203380225865,0.0,0.0,1.369040806576889
2024-03-28,0.00039553772940948903,0.00039553772940948903,0.0,0.0,1.3695823138689915
2024-03-29,0.0026429719929450253,0.0026429719929450253,0.0,0.0,1.3732020815665802
2024-04-01,-0.0012687895567282872,-0.0012687895567282872,0.0,0.0,1.371459777106211
2024-04-02,0.00217514694954616,0.00217514694954616,0.0,0.0,1.3744429036568087
2024-04-03,-0.011433773594384187,-0.011433773594384187,0.0,0.0,1.3587278346779887
2024-04-08,0.0064777595165514314,0.0064777595165514314,0.0,0.0,1.3675293468394776
2024-04-09,0.0036685323830480242,0.0036685323830480242,0.0,0.0,1.3725461725331267
2024-04-10,-0.000548063278593287,-0.000548063278593287,0.0,0.0,1.3717939303777875
2024-04-11,-0.0016018148992757593,-0.0016018148992757593,0.0,0.0,1.3695965704213722
2024-04-12,-0.005728693859095104,-0.005728693859095104,0.0,0.0,1.3617505709589615
2024-04-15,-0.0028803298083271032,-0.0028803298083271032,0.0,0.0,1.357828280197922
2024-04-16,-0.023156886164670442,-0.023156886164670442,0.0,0.0,1.3263852052822085
2024-04-17,0.005911748436434778,0.005911748436434778,0.0,0.0,1.3342264609456458
2024-04-18,0.006355444495817787,0.006355444495817787,0.0,0.0,1.3427060631630372
2024-04-19,-0.01469048552146323,-0.01469048552146323,0.0,0.0,1.3229810591825597
2024-04-22,0.011825030015749907,0.011825030015749907,0.0,0.0,1.338625349917662
2024-04-23,0.005100531845714383,0.005100531845714383,0.0,0.0,1.3454530511443976
2024-04-24,0.004352044348157474,0.004352044348157474,0.0,0.0,1.351308522491342
2024-04-25,-0.006084559115388857,-0.00766224041568837,0.4969074961573268,0.0015776813002995125,1.3409544717162445
2024-04-26,0.003214497085582569,0.003214497085582569,0.0,0.0,1.3452649659574751
2024-04-29,0.01687106832802892,0.01687106832802892,0.0,0.0,1.367961023117447
2024-04-30,-0.00286363746709959,-0.00286363746709959,0.0,0.0,1.364043678678116
2024-05-02,0.0016191865915697393,0.0016191865915697393,0.0,0.0,1.3662523199129473
2024-05-03,0.000782692861036859,0.000782692861036859,0.0,0.0,1.367321675850118
2024-05-06,0.015021288141985481,0.015021288141985481,0.0,0.0,1.3878606087258454
2024-05-07,-0.0004008694219272353,-0.0004008694219272353,0.0,0.0,1.3873042578459098
2024-05-08,0.0007433814082770748,0.0007433814082770748,0.0,0.0,1.3883355540388163
2024-05-09,-0.007505580043881176,-0.007505580043881176,0.0,0.0,1.3779152904102119
2024-05-10,0.010901113235705407,0.010901113235705407,0.0,0.0,1.3929361010201833
2024-05-13,0.0010435321769846808,0.0010435321769846808,0.0,0.0,1.3943896746620814
2024-05-14,-0.006455479258580649,-0.006455479258580649,0.0,0.0,1.3853882210389212
2024-05-15,0.0013693502121582936,0.0013693502121582936,0.0,0.0,1.3872853026933225
2024-05-16,0.008950871914654152,0.008950871914654152,0.0,0.0,1.3997027157468125
2024-05-17,0.001116512677226694,0.001116512677226694,0.0,0.0,1.4012655015732927
2024-05-20,0.0079482117009703,0.0079482117009703,0.0,0.0,1.4124030564290637
2024-05-21,-0.004584150119673209,-0.004584150119673209,0.0,0.0,1.4059283887889076
2024-05-22,0.004339673747074713,0.004339673747074713,0.0,0.0,1.4120296593080017
2024-05-23,-0.001264866190240771,-0.001264866190240771,0.0,0.0,1.4102436307323258
2024-05-24,-0.004130190979392311,-0.004130190979392311,0.0,0.0,1.4044190552099298
2024-05-27,0.006376066569353433,0.006376066569353433,0.0,0.0,1.4133737245972169
2024-05-28,0.0009127427711273751,0.0009127427711273751,0.0,0.0,1.4146637712472443
2024-05-29,-0.011380760594226602,-0.011380760594226602,0.0,0.0,1.3985638215453535
2024-05-30,-0.004957095637930882,-0.004957095637930882,0.0,0.0,1.391631006926203
2024-05-31,0.005748916333451076,0.005748916333451076,0.0,0.0,1.3996313771520579
2024-06-03,0.004654725911997944,0.004654725911997944,0.0,0.0,1.406146277590533
2024-06-04,-0.0048805454402933695,-0.0048805454402933695,0.0,0.0,1.399283516787053
2024-06-05,0.0007393491689484889,0.0007393491689484889,0.0,0.0,1.4003180758923128
2024-06-06,0.0036031448534426394,0.0036031448534426394,0.0,0.0,1.405363624760647
2024-06-07,0.0039022191637481975,0.0039022191637481975,0.0,0.0,1.4108476616292225
2024-06-11,-0.004060717657449502,-0.004060717657449502,0.0,0.0,1.4051186076176734
2024-06-12,0.0014155727866799364,0.0014155727866799364,0.0,0.0,1.4071076552806747
2024-06-13,0.004395207776840471,0.004395207776840471,0.0,0.0,1.4132921857900163
2024-06-14,0.006065638392313116,0.006065638392313116,0.0,0.0,1.4218647051317004
2024-06-17,0.000548013768415979,0.000548013768415979,0.0,0.0,1.4226439065669372
2024-06-18,0.006328772637349803,0.006328772637349803,0.0,0.0,1.4316474963955104
2024-06-19,0.0007348668800461278,0.0007348668800461278,0.0,0.0,1.4326995667245126
2024-06-20,0.00475602047172615,0.00475602047172615,0.0,0.0,1.4395135151936875
2024-06-21,-0.0017395297307136225,-0.0017395297307136225,0.0,0.0,1.437009438636244
2024-06-24,-0.0030675972054902863,-0.0030675972054902863,0.0,0.0,1.4326012724980202
2024-06-25,0.003973383880901955,0.003973383880901955,0.0,0.0,1.4382935473019234
2024-06-26,-0.007004228853522711,-0.007004228853522711,0.0,0.0,1.4282194101380756
2024-06-27,-0.009254718256748628,-0.009254718256748628,0.0,0.0,1.4150016418884281
2024-06-28,0.0030512438274440954,0.0030512438274440954,0.0,0.0,1.4193191569140635
2024-07-01,0.0042981760101437755,0.0042981760101437755,0.0,0.0,1.425419640465049
2024-07-02,0.0012725442083518239,0.0012725442083518239,0.0,0.0,1.4272335499729938
2024-07-03,0.008982349790708147,0.008982349790708147,0.0,0.0,1.4400534609518854
2024-07-04,0.002320162938104232,0.002320162938104232,0.0,0.0,1.4433946196208747
2024-07-05,0.0038179478131989417,0.0038179478131989417,0.0,0.0,1.4489054249524393
2024-07-08,-0.006130029929490093,-0.006130029929490093,0.0,0.0,1.4400235913324804
2024-07-09,-0.007092673122844052,-0.007092673122844052,0.0,0.0,1.4298099747099753
2024-07-10,-0.0004964251029336382,-0.0004964251029336382,0.0,0.0,1.4291001811461044
2024-07-11,0.003100446840269721,0.003100446840269721,0.0,0.0,1.4335310302871678
2024-07-12,0.0035728888667369623,0.0035728888667369623,0.0,0.0,1.4386528773454028
2024-07-15,-0.00089158867628653,-0.00089158867628653,0.0,0.0,1.4373701907308545
2024-07-16,-0.0010899706102537655,-0.0010899706102537655,0.0,0.0,1.435803499466903
2024-07-17,0.002393635970982952,0.002393635970982952,0.0,0.0,1.4392402903704902
2024-07-18,0.0073778584667368585,0.0073778584667368585,0.0,0.0,1.4498588015324687
2024-07-19,-0.010139307669440961,-0.010139307669440961,0.0,0.0,1.4351582370664842
2024-07-22,-0.011443648271550432,-0.011443648271550432,0.0,0.0,1.418734790987477
2024-07-23,0.012920782463902523,0.012920782463902523,0.0,0.0,1.4370659545957964
2024-07-26,-0.011755607274939031,-0.011755607274939031,0.0,0.0,1.420172371605383
2024-07-29,-0.0009206194632682719,-0.0009206194632682719,0.0,0.0,1.4188649332788872
2024-07-30,-0.0016427115260289,-0.0016427115260289,0.0,0.0,1.4165341474991118
2024-07-31,0.0032645103227076995,0.0032645103227076995,0.0,0.0,1.4211584378460906
2024-08-01,0.006692163599034905,0.006692163599034905,0.0,0.0,1.4306690626123055
2024-08-02,-0.01221726291202911,-0.01221726291202911,0.0,0.0,1.4131902025342649
2024-08-05,-0.04931784205946922,-0.04931784205946922,0.0,0.0,1.3434947113256908
2024-08-06,0.009619828825487413,0.009619828825487413,0.0,0.0,1.3564189004765914
2024-08-07,0.012935399608911304,0.012935399608911304,0.0,0.0,1.3739647209913362
2024-08-08,-0.016467371912002163,-0.016467371912002163,0.0,0.0,1.3513391329368014
2024-08-09,0.019575624014363257,0.019575624014363257,0.0,0.0,1.3777924397190677
2024-08-12,0.007946944002995256,0.007946944002995256,0.0,0.0,1.3887416790852656
2024-08-13,-0.0010834339832146446,-0.0010834339832146446,0.0,0.0,1.3872370691562381
2024-08-14,0.0047824649869112525,0.0047824649869112525,0.0,0.0,1.3938714818680231
2024-08-15,-0.00908031619238459,-0.00908031619238459,0.0,0.0,1.3812146880811138
2024-08-16,0.01084727553776698,0.01084727553776698,0.0,0.0,1.3961971043795405
2024-08-19,0.000246726044637045,0.000246726044637045,0.0,0.0,1.3965415825686378
2024-08-20,0.003123552744236774,0.003123552744236774,0.0,0.0,1.400903753861311
2024-08-21,0.000974927917629363,0.000974927917629363,0.0,0.0,1.4022695340408622
2024-08-22,-0.00517495513597021,-0.00517495513597021,0.0,0.0,1.3950128521136629
2024-08-23,0.00028354084712960435,0.00028354084712960435,0.0,0.0,1.3954083952395078
2024-08-26,0.007009348995799742,0.007009348995799742,0.0,0.0,1.40518929967341
2024-08-27,-0.0006298808980868269,-0.0006298808980868269,0.0,0.0,1.4043041977753499
2024-08-28,-0.0023075823389339077,-0.0023075823389339077,0.0,0.0,1.4010636502100726
2024-08-29,-0.00549458252111244,-0.00549458252111244,0.0,0.0,1.3933653903666623
2024-08-30,0.006355309610104429,0.006355309610104429,0.0,0.0,1.4022206588224464
2024-09-02,0.0005968377795474075,0.0005968377795474075,0.0,0.0,1.4030575570868933
2024-09-03,-0.006912059388492698,-0.006912059388492698,0.0,0.0,1.3933595399268353
2024-09-04,-0.02119733676912486,-0.02119733676912486,0.0,0.0,1.3638240285185332
2024-09-05,0.005760519556564797,0.005760519556564797,0.0,0.0,1.3716803635065273
2024-09-06,0.008655749255874347,0.008655749255874347,0.0,0.0,1.3835532847922463
2024-09-09,-0.00301895480923567,-0.00301895480923567,0.0,0.0,1.379376399949289
2024-09-10,-0.001146036850195994,-0.001146036850195994,0.0,0.0,1.3777955837646565
2024-09-11,-0.004291665504438094,-0.004291665504438094,0.0,0.0,1.3718825459856467
2024-09-12,0.008777238546144334,0.008777238546144334,0.0,0.0,1.3839238863490546
2024-09-13,0.0027320307461536197,0.0027320307461536197,0.0,0.0,1.3877048089568966
2024-09-16,0.005440309641023761,0.005440309641023761,0.0,0.0,1.39525435280796
2024-09-18,-0.004676055968829598,-0.004676055968829598,0.0,0.0,1.3887300653634769
2024-09-19,0.005403595671771103,0.005403595671771103,0.0,0.0,1.3962342011339333
2024-09-20,0.004570627596113144,0.004570627596113144,0.0,0.0,1.4026158677042728
2024-09-23,0.004926451997139823,0.004926451997139823,0.0,0.0,1.4095257874469447
2024-09-24,0.0011098178730504205,0.0011098178730504205,0.0,0.0,1.4110901043583788
2024-09-25,0.0019704658431296783,0.0019704658431296783,0.0,0.0,1.4138706092105953
2024-09-26,0.0017712854874042598,0.0017712854874042598,0.0,0.0,1.4163749777017576
2024-09-27,-0.0001890285323178576,-0.0001890285323178576,0.0,0.0,1.4161072424185108
2024-09-30,-0.006743793643069524,-0.006743793643069524,0.0,0.0,1.4065573073991842
2024-10-01,0.0023967371499068225,0.0023967371499068225,0.0,0.0,1.4099284555513005
2024-10-04,-0.010772246632179284,-0.010772246632179284,0.0,0.0,1.3947403584943743
2024-10-07,0.005708262809866545,0.005708262809866545,0.0,0.0,1.4027019030121877
2024-10-08,-0.009074231554990632,-0.009074231554990632,0.0,0.0,1.389973461141629
2024-10-09,-0.0024174738807814294,-0.0024174738807814294,0.0,0.0,1.3866132366043398
2024-10-11,-0.0016195601822023668,-0.0016195601822023668,0.0,0.0,1.3843675330182208
2024-10-14,0.0032756207424326994,0.0032756207424326994,0.0,0.0,1.3889021960245256
2024-10-15,0.007349796053352802,0.007349796053352802,0.0,0.0,1.3991103439033596
2024-10-16,-0.006940727776523875,-0.006940727776523875,0.0,0.0,1.3893994998770076
2024-10-17,0.00804504789372635,0.00804504789372635,0.0,0.0,1.4005772853970377
2024-10-18,0.008462710226399934,0.008462710226399934,0.0,0.0,1.4124299651130305
2024-10-21,-0.005826723361245613,-0.005826723361245613,0.0,0.0,1.4042001264391832
2024-10-22,0.004220345483172681,0.004220345483172681,0.0,0.0,1.4101263361002714
2024-10-23,-0.009022771203058302,-0.009022771203058302,0.0,0.0,1.3974030888022317
2024-10-24,-0.00042126794882877696,-0.00042126794882877696,0.0,0.0,1.396814407669325
2024-10-25,0.0028507375623308883,0.0028507375623308883,0.0,0.0,1.4007963589688728
2024-10-28,-0.002233452774347274,-0.002233452774347274,0.0,0.0,1.397667746454638
2024-10-29,-0.003827672594135882,-0.003827672594135882,0.0,0.0,1.392317931925826
2024-10-30,-0.0018274959138272063,-0.0018274959138272063,0.0,0.0,1.3897734765944831
2024-11-01,-0.004640945496001102,-0.004640945496001102,0.0,0.0,1.3833236136378202
2024-11-04,0.006056405735759124,0.006056405735759124,0.0,0.0,1.3917015827058672
2024-11-05,0.0034848807469797464,0.0034848807469797464,0.0,0.0,1.3965514967569803
2024-11-06,-0.0044843696830268,-0.0044843696830268,0.0,0.0,1.3902888435641376
2024-11-07,0.00831375469405495,0.00831375469405495,0.0,0.0,1.4018473639634113
2024-11-08,-0.0021832333689470323,-0.0021832333689470323,0.0,0.0,1.398786804020236
2024-11-11,0.0022483498038765827,0.0022483498038765827,0.0,0.0,1.40193176605672
2024-11-12,-0.008165742563824423,-0.008165742563824423,0.0,0.0,1.3904839521630532
2024-11-13,0.0019196437769119674,0.0019196437769119674,0.0,0.0,1.393153186028719
2024-11-14,-0.009812237781613694,-0.009812237781613694,0.0,0.0,1.3794832357011926
2024-11-15,0.007523741951236303,0.007523741951236303,0.0,0.0,1.389862111592665
2024-11-18,-0.003131031602833602,-0.003131031602833602,0.0,0.0,1.3855104093976873
2024-11-19,0.011400161100462798,0.011400161100462798,0.0,0.0,1.401305451271189
2024-11-20,-0.007612831413884075,-0.007612831413884075,0.0,0.0,1.3906375491113048
2024-11-21,-0.0015196898746875544,-0.0015196898746875544,0.0,0.0,1.38852421130856
2024-11-22,0.00210442893920712,0.00210442893920712,0.0,0.0,1.3914462618416277
2024-11-25,0.011965890856630648,0.011965890856630648,0.0,0.0,1.4080961559436913
2024-11-26,-0.005806463257750661,-0.005806463257750661,0.0,0.0,1.3999200973508243
2024-11-27,-0.004285258485163443,-0.004285258485163443,0.0,0.0,1.3939210778751008
2024-11-28,-0.0049710905834323025,-0.0049710905834323025,0.0,0.0,1.386991769930828
2024-11-29,-0.0033220157508745676,-0.0033220157508745676,0.0,0.0,1.3823841614247845
2024-12-02,0.00999612608525938,0.00999612608525938,0.0,0.0,1.3962026478006524
2024-12-03,0.0058238726681453,0.0058238726681453,0.0,0.0,1.4043339542403706
2024-12-04,0.0007485164624811146,0.0007485164624811146,0.0,0.0,1.4053851213239408
2024-12-05,0.0013813127529742697,0.0013813127529742697,0.0,0.0,1.4073263977148658
2024-12-06,0.0016719546109817476,0.0016719546109817476,0.0,0.0,1.4096793835746815
2024-12-09,-0.00012582315611051265,-0.00012582315611051265,0.0,0.0,1.4095020132655363
2024-12-10,-0.005868411938798396,-0.005868411938798396,0.0,0.0,1.4012304748231283
2024-12-11,-0.00475988069466029,-0.00475988069466029,0.0,0.0,1.394560784937248
2024-12-12,0.002427801541317067,0.002427801541317067,0.0,0.0,1.3979465017603792
2024-12-13,-0.006894132432937048,-0.006894132432937048,0.0,0.0,1.3883088734430822
2024-12-16,-0.005355085429261579,-0.005355085429261579,0.0,0.0,1.3808743608235927
2024-12-17,-0.0007853109761134982,-0.0007853109761134982,0.0,0.0,1.3797899450314044
2024-12-18,0.0017892088474876179,0.0017892088474876179,0.0,0.0,1.3822586774087289
2024-12-19,-0.005463068003190738,-0.005463068003190738,0.0,0.0,1.3747073042560445
2024-12-20,-0.010977054568287088,-0.010977054568287088,0.0,0.0,1.359617067161803
2024-12-23,0.015893756607302623,0.015893756607302623,0.0,0.0,1.3812264899064073
2024-12-24,0.0033482156837682047,0.0033482156837682047,0.0,0.0,1.3858511341027482
2024-12-25,0.0007259665184825546,0.0007259665184825546,0.0,0.0,1.3868572156257077
2024-12-26,0.000563079760732959,0.000563079760732959,0.0,0.0,1.387638126854853
2024-12-27,-0.003625148503128816,-0.003625148503128816,0.0,0.0,1.3826077325764008
2024-12-30,-0.00658483457200951,-0.00658483457200951,0.0,0.0,1.373503489379404
2024-12-31,-0.0054659253041132476,-0.0054659253041132476,0.0,0.0,1.3659960219015173
2025-01-02,0.0005236632934500459,0.0005236632934500459,0.0,0.0,1.3667113438771858
2025-01-03,-0.0006345883446051473,-0.0006345883446051473,0.0,0.0,1.3658440447879217
2025-01-06,0.011481273817832132,0.011481273817832132,0.0,0.0,1.381525674258587
2025-01-07,-0.002461399251535294,-0.002461399251535294,0.0,0.0,1.37812518799799
2025-01-08,0.000774283847014031,0.000774283847014031,0.0,0.0,1.3791922480702201
2025-01-09,-0.008119348393108532,-0.008119348393108532,0.0,0.0,1.3679941057070635
2025-01-10,-0.0033566142864195543,-0.0033566142864195543,0.0,0.0,1.3634022771481094
2025-01-13,-0.008185808824490774,-0.008185808824490774,0.0,0.0,1.3522417267564995
2025-01-14,0.010898546884611116,0.010898546884611116,0.0,0.0,1.3669791966148825
2025-01-15,-0.0007771258203643414,-0.0007771258203643414,0.0,0.0,1.3659168817852922
2025-01-16,0.007045871999050027,0.007045871999050027,0.0,0.0,1.375540957295693
2025-01-17,-0.0019316777568597172,-0.0019316777568597172,0.0,0.0,1.3728838554248353
2025-01-20,-0.0013200614600558695,-0.0013200614600558695,0.0,0.0,1.371071564358156
2025-01-21,0.004215409845047888,0.004215409845047888,0.0,0.0,1.3768511929288165
2025-01-22,0.0017145944050919503,0.0017145944050919503,0.0,0.0,1.3792119342808566
2025-02-03,0.0010565305342267288,0.0010565305342267288,0.0,0.0,1.3806691138025942
2025-02-04,-0.005230861760390221,-0.005230861760390221,0.0,0.0,1.3734470245314523
2025-02-05,0.006989034802951921,0.006989034802951921,0.0,0.0,1.3830460935859135
2025-02-06,0.008695710439367293,0.008695710439367293,0.0,0.0,1.3950726619400347
2025-02-07,-0.0032765709206166666,-0.0032765709206166666,0.0,0.0,1.3905016074237748
2025-02-10,-0.0013537014960718226,-0.0013537014960718226,0.0,0.0,1.388619283317515
2025-02-11,0.0005675083071932149,0.0005675083071932149,0.0,0.0,1.3894073362963264
2025-02-12,0.0028047792396561793,0.0028047792396561793,0.0,0.0,1.3933043171485964
2025-02-13,0.005485423332120167,0.005485423332120167,0.0,0.0,1.4009471811586272
2025-02-14,0.00027333884711522555,0.00027333884711522555,0.0,0.0,1.4013301144459944
2025-02-17,0.0050668204797599415,0.0050668204797599415,0.0,0.0,1.4084304025687737
2025-02-18,0.0034973336600436986,0.0034973336600436986,0.0,0.0,1.4133561536235064
2025-02-19,-0.0001680807831143722,-0.0001680807831143722,0.0,0.0,1.413118595614386
2025-02-20,-0.0014843009114587833,-0.0014843009114587833,0.0,0.0,1.4110211023949162
2025-02-21,0.00698927508765591,0.00698927508765591,0.0,0.0,1.4208831170340417
2025-02-24,-0.0015310701972489624,-0.0015310701972489624,0.0,0.0,1.4187076452397767
2025-02-25,-0.00266121607885975,-0.00266121607885975,0.0,0.0,1.4149321576430633
2025-02-26,0.005441679859642762,0.005441679859642762,0.0,0.0,1.4226317654680707
2025-02-27,-0.004214055634824565,-0.004214055634824565,0.0,0.0,1.4166367160605196
2025-03-03,0.004307182782253411,0.004307182782253411,0.0,0.0,1.4227384293326435
2025-03-04,-0.0060461444741901176,-0.0060461444741901176,0.0,0.0,1.414136347239916
2025-03-05,0.001756642156575066,0.001756642156575066,0.0,0.0,1.4166204787626229
2025-03-06,-0.0012722041938613904,-0.0012722041938613904,0.0,0.0,1.414818248248431
2025-03-07,-0.00403138095748725,-0.00403138095748725,0.0,0.0,1.4091145769041369
2025-03-10,-0.0012076558272339389,-0.0012076558272339389,0.0,0.0,1.4074128514740984
2025-03-11,-0.005905096681983155,-0.005905096681983155,0.0,0.0,1.3991019425146782
2025-03-12,0.0007422907256861424,0.0007422907256861424,0.0,0.0,1.4001404829108965
2025-03-13,-0.0018747873692499632,-0.0018747873692499632,0.0,0.0,1.3975155172183598
2025-03-14,0.0031673459810386013,0.0031673459810386013,0.0,0.0,1.4019419323752604
2025-03-17,0.0023765086974344863,0.0023765086974344863,0.0,0.0,1.4052736595708484
2025-03-18,0.005660604690833129,0.005660604690833129,0.0,0.0,1.4132283582401195
2025-03-19,-0.006531580430924933,-0.006531580430924933,0.0,0.0,1.4039977435510103
2025-03-20,0.00805547262878174,0.00805547262878174,0.0,0.0,1.415307608945057
2025-03-21,-0.002086162632430663,-0.002086162632430663,0.0,0.0,1.412355047097881
2025-03-24,0.0008178419963031964,0.0008178419963031964,0.0,0.0,1.4135101303690885
2025-03-25,-0.003135375650845015,-0.003135375650845015,0.0,0.0,1.4090782451241064
2025-03-26,0.003943352654444024,0.003943352654444024,0.0,0.0,1.414634737562336
2025-03-27,0.0005106972201653589,0.0005106972201653589,0.0,0.0,1.4153571875903586
2025-03-28,-0.009778326047084392,-0.009778326047084392,0.0,0.0,1.4015173635370157
2025-03-31,-0.022507930271289035,-0.022507930271289035,0.0,0.0,1.3699721084445238
2025-04-01,0.011136525630366503,0.011136525630366503,0.0,0.0,1.3852288379431035
2025-04-02,0.0032147532621110758,0.0032147532621110758,0.0,0.0,1.3896820068686515
2025-04-07,-0.08656047280776995,-0.08656047280776995,0.0,0.0,1.2693904753016505
2025-04-08,-0.0032789395532005373,-0.0032789395532005373,0.0,0.0,1.2652282206637278
2025-04-09,-0.05062886695731039,-0.05062886695731039,0.0,0.0,1.2011711494091093
2025-04-10,0.07264181090236402,0.07264181090236402,0.0,0.0,1.2884263969058611
2025-04-11,0.0054673103282768375,0.0054673103282768375,0.0,0.0,1.295470623852889
2025-04-14,0.0025415642558745564,0.0025415642558745564,0.0,0.0,1.298763145685009
2025-04-15,0.01330816525910321,0.01330816525910321,0.0,0.0,1.3160473002602178
2025-04-16,-0.006492195874927594,-0.006492195874927594,0.0,0.0,1.3075032634062589
2025-04-17,-0.006767943781325475,-0.006767943781325475,0.0,0.0,1.2986541548256256
2025-04-18,-0.00026563974834582197,-0.00026563974834582197,0.0,0.0,1.2983091806627496
2025-04-21,-0.005056459729569389,-0.005056459729569389,0.0,0.0,1.2917443325741982
2025-04-22,-0.007941427430207182,-0.007941427430207182,0.0,0.0,1.2814860386986788
2025-04-23,0.016394453292155407,0.016394453292155407,0.0,0.0,1.3024953017046736
2025-04-24,-0.003704302056285418,-0.003704302056285418,0.0,0.0,1.297670465680267
2025-04-25,0.0019284282248015823,0.0019284282248015823,0.0,0.0,1.300172930032776
2025-04-28,0.004119912920459027,0.004119912920459027,0.0,0.0,1.3055295292860492
2025-04-29,0.009750677301684602,0.009750677301684602,0.0,0.0,1.3182593264339377
2025-04-30,0.003282264308335822,0.003282264308335822,0.0,0.0,1.3225862019702228
2025-05-02,0.004250891869483702,0.004250891869483702,0.0,0.0,1.3282083729028693
2025-05-05,-0.007319968123589074,-0.007319968123589074,0.0,0.0,1.3184859299517362
2025-05-06,0.012029729378429298,0.012029729378429298,0.0,0.0,1.3343469588783223
2025-05-07,0.0013797174141010117,0.0013797174141010117,0.0,0.0,1.3361879806139396
2025-05-08,-0.00015803836615020748,-0.00015803836615020748,0.0,0.0,1.3359768116486137
2025-05-09,0.010618455012965364,0.010618455012965364,0.0,0.0,1.3501628213214694
2025-05-12,0.007133923191286451,0.007133923191286451,0.0,0.0,1.3597947791845073
2025-05-13,-0.0006979596280247764,-0.0017025489180792388,0.31640607560770473,0.0010045892900544624,1.357479662054397
2025-05-14,0.006412077869697374,0.006412077869697374,0.0,0.0,1.3661839273540204
2025-05-15,0.00648133338479547,0.00648133338479547,0.0,0.0,1.375038620852151
2025-05-16,0.003093316746778273,0.003093316746778273,0.0,0.0,1.3792920508455
2025-05-19,-0.005387514738643243,-0.005387514738643243,0.0,0.0,1.3718610945926764
2025-05-20,0.0028203123542931514,0.0028203123542931514,0.0,0.0,1.3757301713861303
2025-05-21,0.007023303492955874,0.007023303492955874,0.0,0.0,1.3853923419041914
2025-05-22,-0.0073122120702312325,-0.0073122120702312325,0.0,0.0,1.3752620592997136
2025-05-23,0.004290777134962173,0.004290777134962173,0.0,0.0,1.3811630022983377
2025-05-26,-0.0006716557747342439,-0.0006716557747342439,0.0,0.0,1.3802353361919946
2025-05-27,-0.008457417209672014,-0.008457417209672014,0.0,0.0,1.368562110106287
2025-05-28,-0.0020227229567784705,-0.0020227229567784705,0.0,0.0,1.3657938881083977
2025-05-29,-0.006911552480901978,-0.006911552480901978,0.0,0.0,1.3563541319726413
2025-06-02,-0.008203278915140316,-0.008203278915140316,0.0,0.0,1.3452275807203669
2025-06-03,0.0005822385255452427,0.0005822385255452427,0.0,0.0,1.3460108240434883
2025-06-04,0.004489263694916383,0.004489263694916383,0.0,0.0,1.3520534215688311
2025-06-05,0.005463572786417773,0.005463572786417773,0.0,0.0,1.3594404638486977
2025-06-06,0.004819101484312848,0.004819101484312848,0.0,0.0,1.3659917454058659
2025-06-09,0.007759028157420133,0.007759028157420133,0.0,0.0,1.3765905138212733
2025-06-10,0.005502269566029328,0.005502269566029328,0.0,0.0,1.3841648859103568
2025-06-11,0.002239017363588664,0.002239017363588664,0.0,0.0,1.3872640551239799
2025-06-12,0.0035161861662039093,0.0035161861662039093,0.0,0.0,1.3921419338034786
2025-06-13,9.39221276969166e-05,9.39221276969166e-05,0.0,0.0,1.3922726867359576
2025-06-16,0.0036800587767786145,0.0036800587767786145,0.0,0.0,1.3973963320564495
2025-06-17,-0.0009225771295454453,-0.0009225771295454453,0.0,0.0,1.3961071261595834
2025-06-18,0.005599277579502145,0.005599277579502145,0.0,0.0,1.403924317489672
2025-06-19,-0.01021599159578028,-0.01021599159578028,0.0,0.0,1.389581838461086
2025-06-20,-0.007930822104449068,-0.007930822104449068,0.0,0.0,1.378561312100678
2025-06-23,-0.009454919719459496,-0.009454919719459496,0.0,0.0,1.3655271255664132
2025-06-24,0.0014010510226472985,0.0014010510226472985,0.0,0.0,1.3674402987421406
2025-06-25,0.007031458245277541,0.007031458245277541,0.0,0.0,1.3770553981056557
2025-06-26,-0.0009815986337131045,-0.0009815986337131045,0.0,0.0,1.375703682408328
2025-06-27,0.006523156461429597,0.006523156461429597,0.0,0.0,1.3846776127732423
2025-06-30,-0.004245128194494041,-0.004245128194494041,0.0,0.0,1.378799478798974
2025-07-01,0.0022274768135292305,0.0022274768135292305,0.0,0.0,1.381870722668505
2025-07-02,7.825363107799707e-05,7.825363107799707e-05,0.0,0.0,1.381978859070234
2025-07-03,0.0044361495792599875,0.0044361495792599875,0.0,0.0,1.3881095240044445
2025-07-04,-0.003806222170333131,-0.003806222170333131,0.0,0.0,1.3828260707593283
2025-07-07,-0.0037592150154728355,-0.0037592150154728355,0.0,0.0,1.3776277302303426
2025-07-08,-0.0003126139025299,-0.0003126139025299,0.0,0.0,1.3771970646493619
2025-07-09,-0.008293771831267133,-0.008293771831267133,0.0,0.0,1.3657749064284692
2025-07-10,0.0069938160103500575,0.0069938160103500575,0.0,0.0,1.3753268848355829
2025-07-11,0.01020828060070989,0.01020828060070989,0.0,0.0,1.3893666075936848
2025-07-14,0.0034383186104605555,0.0034383186104605555,0.0,0.0,1.3941436926573265
2025-07-15,-0.002119397872739055,-0.002119397872739055,0.0,0.0,1.391188947480816
2025-07-16,0.001398294747165717,0.001398294747165717,0.0,0.0,1.3931342396783934
2025-07-17,0.0024436129359163977,0.0024436129359163977,0.0,0.0,1.3965385205279397
2025-07-18,-0.003234258254080074,-0.003234258254080074,0.0,0.0,1.3920217542907813
2025-07-21,-0.0019705727416573027,-0.0019705727416573027,0.0,0.0,1.389278674165982
2025-07-22,-0.007379614780428305,-0.007379614780428305,0.0,0.0,1.3790263327279728
2025-07-23,0.00810672095514612,0.00810672095514612,0.0,0.0,1.390205714397197
2025-07-24,-0.003449574059156594,-0.003449574059156594,0.0,0.0,1.3854100968279213
2025-07-25,-0.0016012637676977625,-0.0016012637676977625,0.0,0.0,1.383191689836468
2025-07-28,-0.0019777295287216057,-0.0019777295287216057,0.0,0.0,1.3804561107875961
2025-07-29,-0.005367101272948296,-0.005367101272948296,0.0,0.0,1.3730470630381388
2025-07-30,0.006558342897108717,0.006558342897108717,0.0,0.0,1.382051976491411
2025-07-31,-0.009867593318220179,-0.009867593318220179,0.0,0.0,1.3684144496427513
2025-08-01,0.004591512301494308,0.004591512301494308,0.0,0.0,1.3746975414218285
2025-08-04,0.008059006763301938,0.008059006763301938,0.0,0.0,1.3857762382056416
2025-08-05,0.007750968281653139,0.007750968281653139,0.0,0.0,1.3965173458734421
2025-08-06,0.0033782801702921684,0.0033782801702921684,0.0,0.0,1.4012351727304755
2025-08-07,-0.009502791777012866,-0.009502791777012866,0.0,0.0,1.3879195266533912
2025-08-08,0.0006663522787201527,0.0006663522787201527,0.0,0.0,1.3888443699926571
2025-08-11,0.0014800781346773456,0.0014800781346773456,0.0,0.0,1.390899968177153
2025-08-12,-0.0034597896632071593,-0.0034597896632071593,0.0,0.0,1.3860877468446986
2025-08-13,0.003760440982881905,0.003760440982881905,0.0,0.0,1.391300048013804
2025-08-14,0.0037242340025915284,0.0037242340025915284,0.0,0.0,1.3964815749604242
2025-08-15,-0.0012170920630840297,-0.0012170920630840297,0.0,0.0,1.3947819283192968
2025-08-18,0.004986802950226309,0.004986802950226309,0.0,0.0,1.4017374309543618
2025-08-19,-0.0025491907205165408,-0.0025491907205165408,0.0,0.0,1.3981641349027722
2025-08-20,-0.00641321074707416,-0.00641321074707416,0.0,0.0,1.3891974136466403
2025-08-21,0.0017269521265663647,0.0017269521265663647,0.0,0.0,1.391596491074358
2025-08-22,-0.005421723046011635,-0.005421723046011635,0.0,0.0,1.3840516403079512
2025-08-25,0.004255104080774991,0.004255104080774991,0.0,0.0,1.3899409240906289
2025-08-26,-0.006211706325315214,-0.006211706325315214,0.0,0.0,1.3813070192606407
2025-08-27,0.0006961410455912209,0.0006961410455912209,0.0,0.0,1.3822686037733114
2025-08-28,0.00561411171618474,0.00561411171618474,0.0,0.0,1.3900288141366695
2025-08-29,-0.002293784414852099,-0.002293784414852099,0.0,0.0,1.3868403877066076
2025-09-01,-0.002492153380016051,-0.002492153380016051,0.0,0.0,1.3833841687468418
2025-09-02,0.0037109819151970188,0.0037109819151970188,0.0,0.0,1.3885178823788311
2025-09-03,0.0019099696124253488,0.0019099696124253488,0.0,0.0,1.391169909340484
2025-09-04,0.005734550946063519,0.005734550946063519,0.0,0.0,1.3991476440602275
2025-09-05,-0.0008242260882503534,-0.0008242260882503534,0.0,0.0,1.397994430070679
2025-09-08,0.0018026869765944114,0.0018026869765944114,0.0,0.0,1.4005145764231188
2025-09-09,0.005629217944833814,0.005629217944833814,0.0,0.0,1.4083983782087213
2025-09-10,0.002981921792765141,0.002981921792765141,0.0,0.0,1.4125981120255968
2025-09-11,-0.007554200506277845,-0.007554200506277845,0.0,0.0,1.401927062652566
2025-09-12,0.009664007804760393,0.009664007804760393,0.0,0.0,1.415475296727745
2025-09-15,-0.003535613081595267,-0.003535613081595267,0.0,0.0,1.4104707237519596
2025-09-16,-0.0007709094109806768,-0.0007709094109806768,0.0,0.0,1.4093833785971064
2025-09-17,-0.004387905119679805,-0.004387905119679805,0.0,0.0,1.4031991380545685
2025-09-18,0.005814662905856998,0.005814662905856998,0.0,0.0,1.411358268032145
2025-09-19,-0.0009114675643507853,-0.0009114675643507853,0.0,0.0,1.4100718607491554
2025-09-22,0.003347599648510286,0.003347599648510286,0.0,0.0,1.4147922168145737
2025-09-23,0.002047929761900096,0.002047929761900096,0.0,0.0,1.4176896119022928
2025-09-24,0.0043413196173731836,0.0043413196173731836,0.0,0.0,1.4238442556257904
2025-09-25,-0.001604856091455597,-0.001604856091455597,0.0,0.0,1.4215591904988654
2025-09-26,-0.003989448706938131,-0.003989448706938131,0.0,0.0,1.4158879530244937
2025-09-30,0.008905452475820018,0.008905452475820018,0.0,0.0,1.4284970759012394
2025-10-01,-0.0007021073171329748,-0.0007021073171329748,0.0,0.0,1.4274941176517462
2025-10-02,-0.0015651075496214235,-0.0015651075496214235,0.0,0.0,1.4252599358311693
2025-10-03,-0.0028138046841191585,-0.0028138046841191585,0.0,0.0,1.4212495327476402
2025-10-07,0.005380043683160254,0.005380043683160254,0.0,0.0,1.4288959173184939
2025-10-08,0.0029775195926318022,0.0029775195926318022,0.0,0.0,1.4331504829081412
2025-10-09,-0.0017944194258182956,-0.0017944194258182956,0.0,0.0,1.43057880984149
2025-10-13,-0.0082593594482262,-0.0082593594482262,0.0,0.0,1.4187631452319935
2025-10-14,-0.0018325663462173368,-0.0018325663462173368,0.0,0.0,1.416163167638788
2025-10-15,-0.0009721740289864711,-0.0009721740289864711,0.0,0.0,1.4147864105864025
2025-10-16,0.003903265822788463,0.003903265822788463,0.0,0.0,1.42030869802939
2025-10-17,0.0006566882331557393,0.0006566882331557393,0.0,0.0,1.4212413980388348
2025-10-20,0.005856723264616956,0.005856723264616956,0.0,0.0,1.4295652155993654
2025-10-21,0.0027082781793539078,0.0027082781793539078,0.0,0.0,1.4334368758787366
2025-10-22,0.005954312157078682,0.005954312157078682,0.0,0.0,1.4419720064951862
2025-10-23,-0.0008120480736024804,-0.0008120480736024804,0.0,0.0,1.4408010559051232
2025-10-27,-0.005854334721739619,-0.005854334721739619,0.0,0.0,1.4323661242564187
2025-10-28,-0.00545567309860139,-0.00545567309860139,0.0,0.0,1.424551602924965
2025-10-29,0.0024949889325114353,0.0024949889325114353,0.0,0.0,1.4281058434080542
2025-10-30,-0.004598414999115745,-0.004598414999115745,0.0,0.0,1.4215388200774017
2025-10-31,-0.00670228451822647,-0.00670228451822647,0.0,0.0,1.412011262451539
2025-11-03,0.004719227741706022,0.004719227741706022,0.0,0.0,1.4186748651729018
2025-11-04,-0.0037656590126237273,-0.0037656590126237273,0.0,0.0,1.4133326193808806
2025-11-05,0.0032594944845286975,0.0032594944845286975,0.0,0.0,1.4179393692585571
2025-11-06,0.0007908129952087112,0.0007908129952087112,0.0,0.0,1.419060694138185
2025-11-07,-0.0029248823183721734,-0.0029248823183721734,0.0,0.0,1.4149101086052032
2025-11-10,-0.002247854312930978,-0.002247854312930978,0.0,0.0,1.4117295968151653
2025-11-11,0.0001469347459517041,0.0001469347459517041,0.0,0.0,1.4119370289448259
2025-11-12,0.005899686493785326,0.005899686493785326,0.0,0.0,1.4202670147645668
2025-11-13,-0.006467815521003757,-0.006467815521003757,0.0,0.0,1.411080989722503
2025-11-14,-0.006611238803069927,-0.006611238803069927,0.0,0.0,1.4017519963289753
2025-11-17,-0.003946527300438615,-0.003946527300438615,0.0,0.0,1.3962199438070186
2025-11-18,-0.01091333518787021,-0.01091333518787021,0.0,0.0,1.3809825275642633
2025-11-19,-0.0023459699807134434,-0.0023459699807134434,0.0,0.0,1.3777427840107077
2025-11-20,0.016689288672890278,0.016689288672890278,0.0,0.0,1.4007363310500538
2025-11-21,-0.010492196413295728,-0.010492196413295728,0.0,0.0,1.3860395303414375
2025-11-24,0.007798669781571805,0.007798669781571805,0.0,0.0,1.396848794942775
2025-11-25,-0.008427543106429956,-0.008427543106429956,0.0,0.0,1.3850767915102302
2025-11-26,0.009392161082987219,0.009392161082987219,0.0,0.0,1.3980856558484014
2025-11-27,0.00405644466916631,0.00405644466916631,0.0,0.0,1.4037569129541054
2025-11-28,-0.0058859578927942195,-0.0058859578927942195,0.0,0.0,1.3954944588727387
2025-12-01,-0.002562977324817069,-0.002562977324817069,0.0,0.0,1.3919178382177402
2025-12-02,0.005683903759841377,0.005683903759841377,0.0,0.0,1.3998293652517761
2025-12-03,-0.0015090430847245,-0.0015090430847245,0.0,0.0,1.3977169624283485
2025-12-04,0.005577437546262572,0.005577437546262572,0.0,0.0,1.4055126414936443
2025-12-05,0.0015590458194371273,0.0015590458194371273,0.0,0.0,1.4077039001015312
2025-12-08,-0.0031965194511748515,-0.0031965194511748515,0.0,0.0,1.403204147203362
2025-12-09,-0.00017904083273398267,-0.00017904083273398267,0.0,0.0,1.402952916364351
2025-12-10,-0.0034038905803344213,-0.0034038905803344213,0.0,0.0,1.3981774181476858
2025-12-11,0.0009844348808792248,0.0009844348808792248,0.0,0.0,1.399553832767768
2025-12-12,0.0034327842881353853,0.0034327842881353853,0.0,0.0,1.404358199175293
2025-12-15,0.0010103649138142768,0.0010103649138142768,0.0,0.0,1.405777113426167
2025-12-16,0.0006009576301569993,0.0006009576301569993,0.0,0.0,1.4066219259087807
2025-12-17,0.006667982991891562,0.006667982991891562,0.0,0.0,1.4160012569867624
2025-12-18,-0.00042537253857714326,-0.00042537253857714326,0.0,0.0,1.4153989289374496
2025-12-19,0.012642109512075932,0.012642109512075932,0.0,0.0,1.4332925572003516
2025-12-22,0.0021986737839108286,0.0021986737839108286,0.0,0.0,1.4364438999705424
2025-12-23,-0.0032864163323951066,-0.0032864163323951066,0.0,0.0,1.43172314727711
2025-12-24,0.002229466695584586,0.002229466695584586,0.0,0.0,1.4349151263512618
2025-12-26,0.005056719553437263,0.005056719553437263,0.0,0.0,1.4421710897282052
2025-12-29,-0.0007689910690641923,-0.0007689910690641923,0.0,0.0,1.4410620730401418
2025-12-30,-1.5859680618607384e-05,-1.5859680618607384e-05,0.0,0.0,1.4410392182559117
2025-12-31,-0.006027666422349346,-0.006027666422349346,0.0,0.0,1.432353114546742
2026-01-02,0.005178136799724557,0.005178136799724557,0.0,0.0,1.4397700349193767
2026-01-05,0.0038287684101485074,0.0038287684101485074,0.0,0.0,1.4452825809469545
2026-01-06,0.008256630839270846,0.008256630839270846,0.0,0.0,1.4572157456762622
2026-01-07,0.005413543396522584,0.005413543396522584,0.0,0.0,1.4651044463535767
2026-01-08,-0.0019324455148827815,-0.0019324455148827815,0.0,0.0,1.4622732118373858
2026-01-09,0.0002886836151671907,0.0002886836151671907,0.0,0.0,1.462695346154541
2026-01-12,0.002098629502948533,0.002098629502948533,0.0,0.0,1.4657650017618067
2026-01-13,-0.0007840555506808943,-0.0007840555506808943,0.0,0.0,1.4646157605761816
2026-01-14,0.006021094047044823,0.006021094047044823,0.0,0.0,1.4734343498133948
2026-01-15,0.008267420600235912,0.008267420600235912,0.0,0.0,1.4856158513101374
2026-01-16,0.002808853403002159,0.002808853403002159,0.0,0.0,1.4897887284496438
2026-01-19,0.006414455221667449,0.006414455221667449,0.0,0.0,1.4993449115380288
2026-01-20,-0.007250860366144433,-0.007250860366144433,0.0,0.0,1.4884733709437774
2026-01-21,-0.0056853279176205355,-0.0056853279176205355,0.0,0.0,1.480010911733316
2026-01-22,0.0028965698847043097,0.0028965698847043097,0.0,0.0,1.4842978667692766
2026-01-23,-3.728914781604296e-05,-3.728914781604296e-05,0.0,0.0,1.4842425185667194
2026-01-26,0.0051778612117380236,0.0051778612117380236,0.0,0.0,1.4919277203324186
2026-01-27,-0.0041291042526648905,-0.0041291042526648905,0.0,0.0,1.4857673952377255
2026-01-28,-0.0010844914873869532,-0.0010844914873869532,0.0,0.0,1.484156093145353
2026-01-29,-0.0017819177973339327,-0.0017819177973339327,0.0,0.0,1.4815114489889556
2026-01-30,-0.007937136152414356,-0.007937136152414356,0.0,0.0,1.4697524909069697
2026-02-02,-0.008109378004805436,-0.008109378004805436,0.0,0.0,1.4578337123847007
2026-02-03,0.005235524094536523,0.005235524094536523,0.0,0.0,1.4654662359117185
2026-02-04,0.008807989930245126,0.008807989930245126,0.0,0.0,1.4783740477607432
2026-02-05,0.000540500949876679,0.000540500949876679,0.0,0.0,1.479173110337831
2026-02-06,0.0019139691316748773,0.0019139691316748773,0.0,0.0,1.4820042020114212
2026-02-09,0.002262805995426835,0.002262805995426835,0.0,0.0,1.4853576900049805
2026-02-10,0.004678411559032183,0.004678411559032183,0.0,0.0,1.4923068045911971
2026-02-11,0.00817738696939792,0.00817738696939792,0.0,0.0,1.504509974809405
2026-02-23,0.023773160238200287,0.023773160238200287,0.0,0.0,1.5402769315205198
2026-02-24,0.007532799641486486,0.007532799641486486,0.0,0.0,1.5518795290380674
2026-02-25,0.0014126299018775365,0.0014126299018775365,0.0,0.0,1.5540717604648981
2026-02-26,0.00032744866896999673,0.00032744866896999673,0.0,0.0,1.5545806391943462
2026-03-02,-0.006705519211895316,-0.006705519211895316,0.0,0.0,1.544156368851788
2026-03-03,-0.005463888094610721,-0.005463888094610721,0.0,0.0,1.5357192712518015
2026-03-04,-0.034696700481359935,-0.034696700481359935,0.0,0.0,1.4824348796737254
2026-03-05,0.0118275743186635,0.0118275743186635,0.0,0.0,1.4999684883856454
2026-03-06,0.005590542631010538,0.005590542631010538,0.0,0.0,1.5083541261651379
2026-03-09,-0.018920721713945834,-0.018920721713945834,0.0,0.0,1.4798149774978853
2026-03-10,-0.002075035046215122,-0.002075035046215122,0.0,0.0,1.4767443095576631
2026-03-11,0.011008275869323951,0.011008275869323951,0.0,0.0,1.4930007183057281
2026-03-12,0.0022470027914633164,0.0022470027914633164,0.0,0.0,1.4963554950874178
2026-03-13,-0.0018857734132223013,-0.0018857734132223013,0.0,0.0,1.4935337076780528
2026-03-16,0.008978870967457019,0.008978870967457019,0.0,0.0,1.5069439541248417
2026-03-17,0.005857359995661372,0.005857359995661372,0.0,0.0,1.5157706673574363
2026-03-18,0.0018712903756604984,0.0018712903756604984,0.0,0.0,1.5186071144189708
2026-03-19,-0.013105134480060723,-0.013105134480060723,0.0,0.0,1.4987055639621332
2026-03-20,-0.000614944166400765,-0.000614944166400765,0.0,0.0,1.4977839437184224
2026-03-23,-0.01677191003565133,-0.01677191003565133,0.0,0.0,1.4726632461615339
2026-03-24,0.007448630327204305,0.007448630327204305,0.0,0.0,1.483632570278652
2026-03-25,0.010613479549963618,0.010613479549963618,0.0,0.0,1.4993790742229645
2026-03-26,-0.0004951157493328165,-0.0004951157493328165,0.0,0.0,1.4986367080290965
2026-03-27,-0.0012473099696547895,-0.0012473099696547895,0.0,0.0,1.496767443522281
2026-03-30,-0.013014890000580152,-0.013014890000580152,0.0,0.0,1.4772871798883889
2026-03-31,-0.008201212124268456,-0.008201212124268456,0.0,0.0,1.4651716343576617
2026-04-01,0.02209533309529936,0.02209533309529936,0.0,0.0,1.4975450896605784
2026-04-02,-0.004654287873617653,-0.004654287873617653,0.0,0.0,1.4905750837095755
2026-04-07,0.006090286136128378,0.006090286136128378,0.0,0.0,1.49965311247675
2026-04-08,0.011996060957837174,0.011996060957837174,0.0,0.0,1.5176430426296312
2026-04-09,0.008690609792141566,0.008690609792141566,0.0,0.0,1.5308322861168837
2026-04-10,-0.0061443164821818105,-0.0061443164821818105,0.0,0.0,1.5214263680698397
2026-04-13,-0.003711132426053275,-0.003711132426053275,0.0,0.0,1.5157801533414432
2026-04-14,0.009445968093363526,0.009445968093363526,0.0,0.0,1.5300981643064604
2026-04-15,0.007967770631580325,0.007967770631580325,0.0,0.0,1.5422896355234565
2026-04-16,0.006971712876984424,0.006971712876984424,0.0,0.0,1.553042036035475
2026-04-17,0.00565571317870036,0.00565571317870036,0.0,0.0,1.5618255963457564
