date,gross_ret,net_ret,turnover,total_cost,equity
2015-01-05,0.0,0.0,0.0,0.0,1.0
2015-01-06,0.0,0.0,0.0,0.0,1.0
2015-01-07,0.0,0.0,0.0,0.0,1.0
2015-01-08,0.0,0.0,0.0,0.0,1.0
2015-01-09,0.0,0.0,0.0,0.0,1.0
2015-01-12,0.0,0.0,0.0,0.0,1.0
2015-01-13,0.0,0.0,0.0,0.0,1.0
2015-01-14,0.0,0.0,0.0,0.0,1.0
2015-01-15,0.0,0.0,0.0,0.0,1.0
2015-01-16,0.0,0.0,0.0,0.0,1.0
2015-01-19,0.0,0.0,0.0,0.0,1.0
2015-01-20,0.0,0.0,0.0,0.0,1.0
2015-01-21,0.0,0.0,0.0,0.0,1.0
2015-01-22,0.0,0.0,0.0,0.0,1.0
2015-01-23,0.0,0.0,0.0,0.0,1.0
2015-01-26,0.0,0.0,0.0,0.0,1.0
2015-01-27,0.0,0.0,0.0,0.0,1.0
2015-01-28,0.0,0.0,0.0,0.0,1.0
2015-01-29,0.0,0.0,0.0,0.0,1.0
2015-01-30,0.0,0.0,0.0,0.0,1.0
2015-02-02,0.0,0.0,0.0,0.0,1.0
2015-02-03,0.0,0.0,0.0,0.0,1.0
2015-02-04,0.0,0.0,0.0,0.0,1.0
2015-02-05,0.0,0.0,0.0,0.0,1.0
2015-02-06,0.0,0.0,0.0,0.0,1.0
2015-02-09,0.0,0.0,0.0,0.0,1.0
2015-02-10,0.0,0.0,0.0,0.0,1.0
2015-02-11,0.0,0.0,0.0,0.0,1.0
2015-02-12,0.0,0.0,0.0,0.0,1.0
2015-02-13,0.0,0.0,0.0,0.0,1.0
2015-02-24,0.0,0.0,0.0,0.0,1.0
2015-02-25,0.0,0.0,0.0,0.0,1.0
2015-02-26,0.0,0.0,0.0,0.0,1.0
2015-03-02,0.0,0.0,0.0,0.0,1.0
2015-03-03,0.0,0.0,0.0,0.0,1.0
2015-03-04,0.0,0.0,0.0,0.0,1.0
2015-03-05,0.0,0.0,0.0,0.0,1.0
2015-03-06,0.0,0.0,0.0,0.0,1.0
2015-03-09,0.0,0.0,0.0,0.0,1.0
2015-03-10,0.0,0.0,0.0,0.0,1.0
2015-03-11,0.0,0.0,0.0,0.0,1.0
2015-03-12,0.0,0.0,0.0,0.0,1.0
2015-03-13,0.0,0.0,0.0,0.0,1.0
2015-03-16,0.0,0.0,0.0,0.0,1.0
2015-03-17,0.0,0.0,0.0,0.0,1.0
2015-03-18,0.0,0.0,0.0,0.0,1.0
2015-03-19,0.0,0.0,0.0,0.0,1.0
2015-03-20,0.0,0.0,0.0,0.0,1.0
2015-03-23,0.0,0.0,0.0,0.0,1.0
2015-03-24,0.0,0.0,0.0,0.0,1.0
2015-03-25,0.0,0.0,0.0,0.0,1.0
2015-03-26,0.0,0.0,0.0,0.0,1.0
2015-03-27,0.0,0.0,0.0,0.0,1.0
2015-03-30,0.0,0.0,0.0,0.0,1.0
2015-03-31,0.0,0.0,0.0,0.0,1.0
2015-04-01,0.0,0.0,0.0,0.0,1.0
2015-04-02,0.0,0.0,0.0,0.0,1.0
2015-04-07,0.0,0.0,0.0,0.0,1.0
2015-04-08,0.0,0.0,0.0,0.0,1.0
2015-04-09,0.0,0.0,0.0,0.0,1.0
2015-04-10,0.0,0.0,0.0,0.0,1.0
2015-04-13,0.0,0.0,0.0,0.0,1.0
2015-04-14,0.0,0.0,0.0,0.0,1.0
2015-04-15,0.0,0.0,0.0,0.0,1.0
2015-04-16,0.0,0.0,0.0,0.0,1.0
2015-04-17,0.0,0.0,0.0,0.0,1.0
2015-04-20,0.0,0.0,0.0,0.0,1.0
2015-04-21,0.0,0.0,0.0,0.0,1.0
2015-04-22,0.0,0.0,0.0,0.0,1.0
2015-04-23,0.0,0.0,0.0,0.0,1.0
2015-04-24,0.0,0.0,0.0,0.0,1.0
2015-04-27,0.0,0.0,0.0,0.0,1.0
2015-04-28,0.0,0.0,0.0,0.0,1.0
2015-04-29,0.0,0.0,0.0,0.0,1.0
2015-04-30,0.0,0.0,0.0,0.0,1.0
2015-05-04,0.0,0.0,0.0,0.0,1.0
2015-05-05,0.0,0.0,0.0,0.0,1.0
2015-05-06,0.0,0.0,0.0,0.0,1.0
2015-05-07,0.0,0.0,0.0,0.0,1.0
2015-05-08,0.0,0.0,0.0,0.0,1.0
2015-05-11,0.0,0.0,0.0,0.0,1.0
2015-05-12,0.0,0.0,0.0,0.0,1.0
2015-05-13,0.0,0.0,0.0,0.0,1.0
2015-05-14,0.0,0.0,0.0,0.0,1.0
2015-05-15,0.0,0.0,0.0,0.0,1.0
2015-05-18,0.0,0.0,0.0,0.0,1.0
2015-05-19,0.0,0.0,0.0,0.0,1.0
2015-05-20,0.0,0.0,0.0,0.0,1.0
2015-05-21,0.0,0.0,0.0,0.0,1.0
2015-05-22,0.0,0.0,0.0,0.0,1.0
2015-05-25,0.0,0.0,0.0,0.0,1.0
2015-05-26,0.0,0.0,0.0,0.0,1.0
2015-05-27,0.0,0.0,0.0,0.0,1.0
2015-05-28,0.0,0.0,0.0,0.0,1.0
2015-05-29,0.0,0.0,0.0,0.0,1.0
2015-06-01,0.0,0.0,0.0,0.0,1.0
2015-06-02,0.0,0.0,0.0,0.0,1.0
2015-06-03,0.0,0.0,0.0,0.0,1.0
2015-06-04,0.0,0.0,0.0,0.0,1.0
2015-06-05,0.0,0.0,0.0,0.0,1.0
2015-06-08,0.0,0.0,0.0,0.0,1.0
2015-06-09,0.0,0.0,0.0,0.0,1.0
2015-06-10,0.0,0.0,0.0,0.0,1.0
2015-06-11,0.0,0.0,0.0,0.0,1.0
2015-06-12,0.0,0.0,0.0,0.0,1.0
2015-06-15,0.0,0.0,0.0,0.0,1.0
2015-06-16,0.0,0.0,0.0,0.0,1.0
2015-06-17,0.0,0.0,0.0,0.0,1.0
2015-06-18,0.0,0.0,0.0,0.0,1.0
2015-06-22,0.0,0.0,0.0,0.0,1.0
2015-06-23,0.0,0.0,0.0,0.0,1.0
2015-06-24,0.0,0.0,0.0,0.0,1.0
2015-06-25,0.0,0.0,0.0,0.0,1.0
2015-06-26,0.0,0.0,0.0,0.0,1.0
2015-06-29,0.0,0.0,0.0,0.0,1.0
2015-06-30,0.0,0.0,0.0,0.0,1.0
2015-07-01,0.0,0.0,0.0,0.0,1.0
2015-07-02,0.0,0.0,0.0,0.0,1.0
2015-07-03,0.0,0.0,0.0,0.0,1.0
2015-07-06,0.0,0.0,0.0,0.0,1.0
2015-07-07,0.0,0.0,0.0,0.0,1.0
2015-07-08,0.0,0.0,0.0,0.0,1.0
2015-07-09,0.0,0.0,0.0,0.0,1.0
2015-07-13,0.0,0.0,0.0,0.0,1.0
2015-07-14,0.0,0.0,0.0,0.0,1.0
2015-07-15,0.0,0.0,0.0,0.0,1.0
2015-07-16,0.0,0.0,0.0,0.0,1.0
2015-07-17,0.0,0.0,0.0,0.0,1.0
2015-07-20,0.0,0.0,0.0,0.0,1.0
2015-07-21,0.0,0.0,0.0,0.0,1.0
2015-07-22,0.0,0.0,0.0,0.0,1.0
2015-07-23,0.0,0.0,0.0,0.0,1.0
2015-07-24,0.0,0.0,0.0,0.0,1.0
2015-07-27,0.0,0.0,0.0,0.0,1.0
2015-07-28,0.0,0.0,0.0,0.0,1.0
2015-07-29,0.0,0.0,0.0,0.0,1.0
2015-07-30,0.0,0.0,0.0,0.0,1.0
2015-07-31,0.0,0.0,0.0,0.0,1.0
2015-08-03,0.0,0.0,0.0,0.0,1.0
2015-08-04,0.0,0.0,0.0,0.0,1.0
2015-08-05,0.0,0.0,0.0,0.0,1.0
2015-08-06,0.0,0.0,0.0,0.0,1.0
2015-08-07,0.0,0.0,0.0,0.0,1.0
2015-08-10,0.0,0.0,0.0,0.0,1.0
2015-08-11,0.0,0.0,0.0,0.0,1.0
2015-08-12,0.0,0.0,0.0,0.0,1.0
2015-08-13,0.0,0.0,0.0,0.0,1.0
2015-08-14,0.0,0.0,0.0,0.0,1.0
2015-08-17,0.0,0.0,0.0,0.0,1.0
2015-08-18,0.0,0.0,0.0,0.0,1.0
2015-08-19,0.0,0.0,0.0,0.0,1.0
2015-08-20,0.0,0.0,0.0,0.0,1.0
2015-08-21,0.0,0.0,0.0,0.0,1.0
2015-08-24,0.0,0.0,0.0,0.0,1.0
2015-08-25,0.0,0.0,0.0,0.0,1.0
2015-08-26,0.0,0.0,0.0,0.0,1.0
2015-08-27,0.0,0.0,0.0,0.0,1.0
2015-08-28,0.0,0.0,0.0,0.0,1.0
2015-08-31,0.0,0.0,0.0,0.0,1.0
2015-09-01,0.0,0.0,0.0,0.0,1.0
2015-09-02,0.0,0.0,0.0,0.0,1.0
2015-09-03,0.0,0.0,0.0,0.0,1.0
2015-09-04,0.0,0.0,0.0,0.0,1.0
2015-09-07,0.0,0.0,0.0,0.0,1.0
2015-09-08,0.0,0.0,0.0,0.0,1.0
2015-09-09,0.0,0.0,0.0,0.0,1.0
2015-09-10,0.0,0.0,0.0,0.0,1.0
2015-09-11,0.0,0.0,0.0,0.0,1.0
2015-09-14,0.0,0.0,0.0,0.0,1.0
2015-09-15,0.0,0.0,0.0,0.0,1.0
2015-09-16,0.0,0.0,0.0,0.0,1.0
2015-09-17,0.0,0.0,0.0,0.0,1.0
2015-09-18,0.0,0.0,0.0,0.0,1.0
2015-09-21,0.0,0.0,0.0,0.0,1.0
2015-09-22,0.0,0.0,0.0,0.0,1.0
2015-09-23,0.0,0.0,0.0,0.0,1.0
2015-09-24,0.0,0.0,0.0,0.0,1.0
2015-09-25,0.0,0.0,0.0,0.0,1.0
2015-09-30,0.0,0.0,0.0,0.0,1.0
2015-10-01,0.0,0.0,0.0,0.0,1.0
2015-10-02,0.0,0.0,0.0,0.0,1.0
2015-10-05,0.0,0.0,0.0,0.0,1.0
2015-10-06,0.0,0.0,0.0,0.0,1.0
2015-10-07,0.0,0.0,0.0,0.0,1.0
2015-10-08,0.0,0.0,0.0,0.0,1.0
2015-10-12,0.0,0.0,0.0,0.0,1.0
2015-10-13,0.0,0.0,0.0,0.0,1.0
2015-10-14,0.0,0.0,0.0,0.0,1.0
2015-10-15,0.0,0.0,0.0,0.0,1.0
2015-10-16,0.0,0.0,0.0,0.0,1.0
2015-10-19,0.0,0.0,0.0,0.0,1.0
2015-10-20,0.0,0.0,0.0,0.0,1.0
2015-10-21,0.0,0.0,0.0,0.0,1.0
2015-10-22,0.0,0.0,0.0,0.0,1.0
2015-10-23,0.0,0.0,0.0,0.0,1.0
2015-10-26,0.0,0.0,0.0,0.0,1.0
2015-10-27,0.0,0.0,0.0,0.0,1.0
2015-10-28,0.0,0.0,0.0,0.0,1.0
2015-10-29,0.0,0.0,0.0,0.0,1.0
2015-10-30,0.0,0.0,0.0,0.0,1.0
2015-11-02,0.0,0.0,0.0,0.0,1.0
2015-11-03,0.0,0.0,0.0,0.0,1.0
2015-11-04,0.0,0.0,0.0,0.0,1.0
2015-11-05,0.0,0.0,0.0,0.0,1.0
2015-11-06,0.0,0.0,0.0,0.0,1.0
2015-11-09,0.0,0.0,0.0,0.0,1.0
2015-11-10,0.0,0.0,0.0,0.0,1.0
2015-11-11,0.0,0.0,0.0,0.0,1.0
2015-11-12,0.0,0.0,0.0,0.0,1.0
2015-11-13,0.0,0.0,0.0,0.0,1.0
2015-11-16,0.0,0.0,0.0,0.0,1.0
2015-11-17,0.0,0.0,0.0,0.0,1.0
2015-11-18,0.0,0.0,0.0,0.0,1.0
2015-11-19,0.0,0.0,0.0,0.0,1.0
2015-11-20,0.0,0.0,0.0,0.0,1.0
2015-11-23,0.0,0.0,0.0,0.0,1.0
2015-11-24,0.0,0.0,0.0,0.0,1.0
2015-11-25,0.0,0.0,0.0,0.0,1.0
2015-11-26,0.0,0.0,0.0,0.0,1.0
2015-11-27,0.0,0.0,0.0,0.0,1.0
2015-11-30,0.0,0.0,0.0,0.0,1.0
2015-12-01,0.0,0.0,0.0,0.0,1.0
2015-12-02,0.0,0.0,0.0,0.0,1.0
2015-12-03,0.0,0.0,0.0,0.0,1.0
2015-12-04,0.0,0.0,0.0,0.0,1.0
2015-12-07,0.0,0.0,0.0,0.0,1.0
2015-12-08,0.0,0.0,0.0,0.0,1.0
2015-12-09,0.0,0.0,0.0,0.0,1.0
2015-12-10,0.0,0.0,0.0,0.0,1.0
2015-12-11,0.0,0.0,0.0,0.0,1.0
2015-12-14,0.0,0.0,0.0,0.0,1.0
2015-12-15,0.0,0.0,0.0,0.0,1.0
2015-12-16,0.0,0.0,0.0,0.0,1.0
2015-12-17,0.0,0.0,0.0,0.0,1.0
2015-12-18,0.0,0.0,0.0,0.0,1.0
2015-12-21,0.0,0.0,0.0,0.0,1.0
2015-12-22,0.0,0.0,0.0,0.0,1.0
2015-12-23,0.0,0.0,0.0,0.0,1.0
2015-12-24,0.0,0.0,0.0,0.0,1.0
2015-12-25,0.0,0.0,0.0,0.0,1.0
2015-12-28,0.0,0.0,0.0,0.0,1.0
2015-12-29,0.0,0.0,0.0,0.0,1.0
2015-12-30,0.0,0.0,0.0,0.0,1.0
2015-12-31,0.0,0.0,0.0,0.0,1.0
2016-01-04,0.0,0.0,0.0,0.0,1.0
2016-01-05,0.0,0.0,0.0,0.0,1.0
2016-01-06,0.0,0.0,0.0,0.0,1.0
2016-01-07,0.0,0.0,0.0,0.0,1.0
2016-01-08,0.0,0.0,0.0,0.0,1.0
2016-01-11,0.0,0.0,0.0,0.0,1.0
2016-01-12,0.0,0.0,0.0,0.0,1.0
2016-01-13,0.0,0.0,0.0,0.0,1.0
2016-01-14,0.0,0.0,0.0,0.0,1.0
2016-01-15,0.0,0.0,0.0,0.0,1.0
2016-01-18,0.0,0.0,0.0,0.0,1.0
2016-01-19,0.0,0.0,0.0,0.0,1.0
2016-01-20,0.0,0.0,0.0,0.0,1.0
2016-01-21,0.0,0.0,0.0,0.0,1.0
2016-01-22,0.0,0.0,0.0,0.0,1.0
2016-01-25,0.0,0.0,0.0,0.0,1.0
2016-01-26,0.0,0.0,0.0,0.0,1.0
2016-01-27,0.0,0.0,0.0,0.0,1.0
2016-01-28,0.0,0.0,0.0,0.0,1.0
2016-01-29,0.0,0.0,0.0,0.0,1.0
2016-01-30,0.0,0.0,0.0,0.0,1.0
2016-02-01,0.0,0.0,0.0,0.0,1.0
2016-02-02,0.0,0.0,0.0,0.0,1.0
2016-02-03,0.0,0.0,0.0,0.0,1.0
2016-02-15,0.0,0.0,0.0,0.0,1.0
2016-02-16,0.0,0.0,0.0,0.0,1.0
2016-02-17,0.0,0.0,0.0,0.0,1.0
2016-02-18,0.0,0.0,0.0,0.0,1.0
2016-02-19,0.0,0.0,0.0,0.0,1.0
2016-02-22,0.0,0.0,0.0,0.0,1.0
2016-02-23,0.0,0.0,0.0,0.0,1.0
2016-02-24,0.0,0.0,0.0,0.0,1.0
2016-02-25,0.0,0.0,0.0,0.0,1.0
2016-02-26,0.0,0.0,0.0,0.0,1.0
2016-03-01,0.0,0.0,0.0,0.0,1.0
2016-03-02,0.0,0.0,0.0,0.0,1.0
2016-03-03,0.0,0.0,0.0,0.0,1.0
2016-03-04,0.0,0.0,0.0,0.0,1.0
2016-03-07,0.0,0.0,0.0,0.0,1.0
2016-03-08,0.0,0.0,0.0,0.0,1.0
2016-03-09,0.0,0.0,0.0,0.0,1.0
2016-03-10,0.0,0.0,0.0,0.0,1.0
2016-03-11,0.0,0.0,0.0,0.0,1.0
2016-03-14,0.0,0.0,0.0,0.0,1.0
2016-03-15,0.0,0.0,0.0,0.0,1.0
2016-03-16,0.0,0.0,0.0,0.0,1.0
2016-03-17,0.0,0.0,0.0,0.0,1.0
2016-03-18,0.0,0.0,0.0,0.0,1.0
2016-03-21,0.0,0.0,0.0,0.0,1.0
2016-03-22,0.0,0.0,0.0,0.0,1.0
2016-03-23,0.0,0.0,0.0,0.0,1.0
2016-03-24,0.0,0.0,0.0,0.0,1.0
2016-03-25,0.0,0.0,0.0,0.0,1.0
2016-03-28,0.0,0.0,0.0,0.0,1.0
2016-03-29,0.0,0.0,0.0,0.0,1.0
2016-03-30,0.0,0.0,0.0,0.0,1.0
2016-03-31,0.0,0.0,0.0,0.0,1.0
2016-04-01,0.0,0.0,0.0,0.0,1.0
2016-04-06,0.0,0.0,0.0,0.0,1.0
2016-04-07,0.0,0.0,0.0,0.0,1.0
2016-04-08,0.0,0.0,0.0,0.0,1.0
2016-04-11,0.0,0.0,0.0,0.0,1.0
2016-04-12,0.0,0.0,0.0,0.0,1.0
2016-04-13,0.0,0.0,0.0,0.0,1.0
2016-04-14,0.0,0.0,0.0,0.0,1.0
2016-04-15,0.0,0.0,0.0,0.0,1.0
2016-04-18,0.0,0.0,0.0,0.0,1.0
2016-04-19,0.0,0.0,0.0,0.0,1.0
2016-04-20,0.0,0.0,0.0,0.0,1.0
2016-04-21,0.0,0.0,0.0,0.0,1.0
2016-04-22,0.0,0.0,0.0,0.0,1.0
2016-04-25,0.0,0.0,0.0,0.0,1.0
2016-04-26,0.0,0.0,0.0,0.0,1.0
2016-04-27,0.0,0.0,0.0,0.0,1.0
2016-04-28,0.0,0.0,0.0,0.0,1.0
2016-04-29,0.0,0.0,0.0,0.0,1.0
2016-05-03,0.0,0.0,0.0,0.0,1.0
2016-05-04,0.0,0.0,0.0,0.0,1.0
2016-05-05,0.0,0.0,0.0,0.0,1.0
2016-05-06,0.0,0.0,0.0,0.0,1.0
2016-05-09,0.0,0.0,0.0,0.0,1.0
2016-05-10,0.0,0.0,0.0,0.0,1.0
2016-05-11,0.0,0.0,0.0,0.0,1.0
2016-05-12,0.0,0.0,0.0,0.0,1.0
2016-05-13,0.0,0.0,0.0,0.0,1.0
2016-05-16,0.0,0.0,0.0,0.0,1.0
2016-05-17,0.0,0.0,0.0,0.0,1.0
2016-05-18,0.0,0.0,0.0,0.0,1.0
2016-05-19,0.0,0.0,0.0,0.0,1.0
2016-05-20,0.0,0.0,0.0,0.0,1.0
2016-05-23,0.0,0.0,0.0,0.0,1.0
2016-05-24,0.0,0.0,0.0,0.0,1.0
2016-05-25,0.0,0.0,0.0,0.0,1.0
2016-05-26,0.0,0.0,0.0,0.0,1.0
2016-05-27,0.0,0.0,0.0,0.0,1.0
2016-05-30,0.0,0.0,0.0,0.0,1.0
2016-05-31,0.0,0.0,0.0,0.0,1.0
2016-06-01,0.0,0.0,0.0,0.0,1.0
2016-06-02,0.0,0.0,0.0,0.0,1.0
2016-06-03,0.0,0.0,0.0,0.0,1.0
2016-06-04,0.0,0.0,0.0,0.0,1.0
2016-06-06,0.0,0.0,0.0,0.0,1.0
2016-06-07,0.0,0.0,0.0,0.0,1.0
2016-06-08,0.0,0.0,0.0,0.0,1.0
2016-06-13,0.0,0.0,0.0,0.0,1.0
2016-06-14,0.0,0.0,0.0,0.0,1.0
2016-06-15,0.0,0.0,0.0,0.0,1.0
2016-06-16,0.0,0.0,0.0,0.0,1.0
2016-06-17,0.0,0.0,0.0,0.0,1.0
2016-06-20,0.0,0.0,0.0,0.0,1.0
2016-06-21,0.0,0.0,0.0,0.0,1.0
2016-06-22,0.0,0.0,0.0,0.0,1.0
2016-06-23,0.0,0.0,0.0,0.0,1.0
2016-06-24,0.0,0.0,0.0,0.0,1.0
2016-06-27,0.0,0.0,0.0,0.0,1.0
2016-06-28,0.0,0.0,0.0,0.0,1.0
2016-06-29,0.0,0.0,0.0,0.0,1.0
2016-06-30,0.0,0.0,0.0,0.0,1.0
2016-07-01,0.0,0.0,0.0,0.0,1.0
2016-07-04,0.0,0.0,0.0,0.0,1.0
2016-07-05,0.0,0.0,0.0,0.0,1.0
2016-07-06,0.0,0.0,0.0,0.0,1.0
2016-07-07,0.0,0.0,0.0,0.0,1.0
2016-07-11,0.0,0.0,0.0,0.0,1.0
2016-07-12,0.0,0.0,0.0,0.0,1.0
2016-07-13,0.0,0.0,0.0,0.0,1.0
2016-07-14,0.0,0.0,0.0,0.0,1.0
2016-07-15,0.0,0.0,0.0,0.0,1.0
2016-07-18,0.0,0.0,0.0,0.0,1.0
2016-07-19,0.0,0.0,0.0,0.0,1.0
2016-07-20,0.0,0.0,0.0,0.0,1.0
2016-07-21,0.0,0.0,0.0,0.0,1.0
2016-07-22,0.0,0.0,0.0,0.0,1.0
2016-07-25,0.0,0.0,0.0,0.0,1.0
2016-07-26,0.0,0.0,0.0,0.0,1.0
2016-07-27,0.0,0.0,0.0,0.0,1.0
2016-07-28,0.0,0.0,0.0,0.0,1.0
2016-07-29,0.0,0.0,0.0,0.0,1.0
2016-08-01,0.0,0.0,0.0,0.0,1.0
2016-08-02,0.0,0.0,0.0,0.0,1.0
2016-08-03,0.0,0.0,0.0,0.0,1.0
2016-08-04,0.0,0.0,0.0,0.0,1.0
2016-08-05,0.0,0.0,0.0,0.0,1.0
2016-08-08,0.0,0.0,0.0,0.0,1.0
2016-08-09,0.0,0.0,0.0,0.0,1.0
2016-08-10,0.0,0.0,0.0,0.0,1.0
2016-08-11,0.0,0.0,0.0,0.0,1.0
2016-08-12,0.0,0.0,0.0,0.0,1.0
2016-08-15,0.0,0.0,0.0,0.0,1.0
2016-08-16,0.0,0.0,0.0,0.0,1.0
2016-08-17,0.0,0.0,0.0,0.0,1.0
2016-08-18,0.0,0.0,0.0,0.0,1.0
2016-08-19,0.0,0.0,0.0,0.0,1.0
2016-08-22,0.0,0.0,0.0,0.0,1.0
2016-08-23,0.0,0.0,0.0,0.0,1.0
2016-08-24,0.0,0.0,0.0,0.0,1.0
2016-08-25,0.0,0.0,0.0,0.0,1.0
2016-08-26,0.0,0.0,0.0,0.0,1.0
2016-08-29,0.0,0.0,0.0,0.0,1.0
2016-08-30,0.0,0.0,0.0,0.0,1.0
2016-08-31,0.0,0.0,0.0,0.0,1.0
2016-09-01,0.0,0.0,0.0,0.0,1.0
2016-09-02,0.0,0.0,0.0,0.0,1.0
2016-09-05,0.0,0.0,0.0,0.0,1.0
2016-09-06,0.0,0.0,0.0,0.0,1.0
2016-09-07,0.0,0.0,0.0,0.0,1.0
2016-09-08,0.0,0.0,0.0,0.0,1.0
2016-09-09,0.0,0.0,0.0,0.0,1.0
2016-09-10,0.0,0.0,0.0,0.0,1.0
2016-09-12,0.0,0.0,0.0,0.0,1.0
2016-09-13,0.0,0.0,0.0,0.0,1.0
2016-09-14,0.0,0.0,0.0,0.0,1.0
2016-09-19,0.0,0.0,0.0,0.0,1.0
2016-09-20,0.0,0.0,0.0,0.0,1.0
2016-09-21,0.0,0.0,0.0,0.0,1.0
2016-09-22,0.0,0.0,0.0,0.0,1.0
2016-09-23,0.0,0.0,0.0,0.0,1.0
2016-09-26,0.0,0.0,0.0,0.0,1.0
2016-09-29,0.0,0.0,0.0,0.0,1.0
2016-09-30,0.0,0.0,0.0,0.0,1.0
2016-10-03,0.0,0.0,0.0,0.0,1.0
2016-10-04,0.0,0.0,0.0,0.0,1.0
2016-10-05,0.0,0.0,0.0,0.0,1.0
2016-10-06,0.0,0.0,0.0,0.0,1.0
2016-10-07,0.0,0.0,0.0,0.0,1.0
2016-10-11,0.0,0.0,0.0,0.0,1.0
2016-10-12,0.0,0.0,0.0,0.0,1.0
2016-10-13,0.0,0.0,0.0,0.0,1.0
2016-10-14,0.0,0.0,0.0,0.0,1.0
2016-10-17,0.0,0.0,0.0,0.0,1.0
2016-10-18,0.0,0.0,0.0,0.0,1.0
2016-10-19,0.0,0.0,0.0,0.0,1.0
2016-10-20,0.0,0.0,0.0,0.0,1.0
2016-10-21,0.0,0.0,0.0,0.0,1.0
2016-10-24,0.0,0.0,0.0,0.0,1.0
2016-10-25,0.0,0.0,0.0,0.0,1.0
2016-10-26,0.0,0.0,0.0,0.0,1.0
2016-10-27,0.0,0.0,0.0,0.0,1.0
2016-10-28,0.0,0.0,0.0,0.0,1.0
2016-10-31,0.0,0.0,0.0,0.0,1.0
2016-11-01,0.0,0.0,0.0,0.0,1.0
2016-11-02,0.0,0.0,0.0,0.0,1.0
2016-11-03,0.0,0.0,0.0,0.0,1.0
2016-11-04,0.0,0.0,0.0,0.0,1.0
2016-11-07,0.0,0.0,0.0,0.0,1.0
2016-11-08,0.0,0.0,0.0,0.0,1.0
2016-11-09,0.0,0.0,0.0,0.0,1.0
2016-11-10,0.0,0.0,0.0,0.0,1.0
2016-11-11,0.0,0.0,0.0,0.0,1.0
2016-11-14,0.0,0.0,0.0,0.0,1.0
2016-11-15,0.0,0.0,0.0,0.0,1.0
2016-11-16,0.0,0.0,0.0,0.0,1.0
2016-11-17,0.0,0.0,0.0,0.0,1.0
2016-11-18,0.0,0.0,0.0,0.0,1.0
2016-11-21,0.0,0.0,0.0,0.0,1.0
2016-11-22,0.0,0.0,0.0,0.0,1.0
2016-11-23,0.0,0.0,0.0,0.0,1.0
2016-11-24,0.0,0.0,0.0,0.0,1.0
2016-11-25,0.0,0.0,0.0,0.0,1.0
2016-11-28,0.0,0.0,0.0,0.0,1.0
2016-11-29,0.0,0.0,0.0,0.0,1.0
2016-11-30,0.0,0.0,0.0,0.0,1.0
2016-12-01,0.0,0.0,0.0,0.0,1.0
2016-12-02,0.0,0.0,0.0,0.0,1.0
2016-12-05,0.0,0.0,0.0,0.0,1.0
2016-12-06,0.0,0.0,0.0,0.0,1.0
2016-12-07,0.0,0.0,0.0,0.0,1.0
2016-12-08,0.0,0.0,0.0,0.0,1.0
2016-12-09,0.0,0.0,0.0,0.0,1.0
2016-12-12,0.0,0.0,0.0,0.0,1.0
2016-12-13,0.0,0.0,0.0,0.0,1.0
2016-12-14,0.0,0.0,0.0,0.0,1.0
2016-12-15,0.0,0.0,0.0,0.0,1.0
2016-12-16,0.0,0.0,0.0,0.0,1.0
2016-12-19,0.0,0.0,0.0,0.0,1.0
2016-12-20,0.0,0.0,0.0,0.0,1.0
2016-12-21,0.0,0.0,0.0,0.0,1.0
2016-12-22,0.0,0.0,0.0,0.0,1.0
2016-12-23,0.0,0.0,0.0,0.0,1.0
2016-12-26,0.0,0.0,0.0,0.0,1.0
2016-12-27,0.0,0.0,0.0,0.0,1.0
2016-12-28,0.0,0.0,0.0,0.0,1.0
2016-12-29,0.0,0.0,0.0,0.0,1.0
2016-12-30,0.0,0.0,0.0,0.0,1.0
2017-01-03,0.0,0.0,0.0,0.0,1.0
2017-01-04,0.0,0.0,0.0,0.0,1.0
2017-01-05,0.0,0.0,0.0,0.0,1.0
2017-01-06,0.0,0.0,0.0,0.0,1.0
2017-01-09,0.0,0.0,0.0,0.0,1.0
2017-01-10,0.0,0.0,0.0,0.0,1.0
2017-01-11,0.0,0.0,0.0,0.0,1.0
2017-01-12,0.0,0.0,0.0,0.0,1.0
2017-01-13,0.0,0.0,0.0,0.0,1.0
2017-01-16,0.0,0.0,0.0,0.0,1.0
2017-01-17,0.0,0.0,0.0,0.0,1.0
2017-01-18,0.0,0.0,0.0,0.0,1.0
2017-01-19,0.0,0.0,0.0,0.0,1.0
2017-01-20,0.0,0.0,0.0,0.0,1.0
2017-01-23,0.0,0.0,0.0,0.0,1.0
2017-01-24,0.0,0.0,0.0,0.0,1.0
2017-02-02,0.0,0.0,0.0,0.0,1.0
2017-02-03,0.0,0.0,0.0,0.0,1.0
2017-02-06,0.0,0.0,0.0,0.0,1.0
2017-02-07,0.0,0.0,0.0,0.0,1.0
2017-02-08,0.0,0.0,0.0,0.0,1.0
2017-02-09,0.0,0.0,0.0,0.0,1.0
2017-02-10,0.0,0.0,0.0,0.0,1.0
2017-02-13,0.0,0.0,0.0,0.0,1.0
2017-02-14,0.0,0.0,0.0,0.0,1.0
2017-02-15,0.0,0.0,0.0,0.0,1.0
2017-02-16,0.0,0.0,0.0,0.0,1.0
2017-02-17,0.0,0.0,0.0,0.0,1.0
2017-02-18,0.0,0.0,0.0,0.0,1.0
2017-02-20,0.0,0.0,0.0,0.0,1.0
2017-02-21,0.0,0.0,0.0,0.0,1.0
2017-02-22,0.0,0.0,0.0,0.0,1.0
2017-02-23,0.0,0.0,0.0,0.0,1.0
2017-02-24,0.0,0.0,0.0,0.0,1.0
2017-03-01,0.0,0.0,0.0,0.0,1.0
2017-03-02,0.0,0.0,0.0,0.0,1.0
2017-03-03,0.0,0.0,0.0,0.0,1.0
2017-03-06,0.0,0.0,0.0,0.0,1.0
2017-03-07,0.0,0.0,0.0,0.0,1.0
2017-03-08,0.0,0.0,0.0,0.0,1.0
2017-03-09,0.0,0.0,0.0,0.0,1.0
2017-03-10,0.0,0.0,0.0,0.0,1.0
2017-03-13,0.0,0.0,0.0,0.0,1.0
2017-03-14,0.0,0.0,0.0,0.0,1.0
2017-03-15,0.0,0.0,0.0,0.0,1.0
2017-03-16,0.0,0.0,0.0,0.0,1.0
2017-03-17,0.0,0.0,0.0,0.0,1.0
2017-03-20,0.0,0.0,0.0,0.0,1.0
2017-03-21,0.0,0.0,0.0,0.0,1.0
2017-03-22,0.0,0.0,0.0,0.0,1.0
2017-03-23,0.0,0.0,0.0,0.0,1.0
2017-03-24,0.0,0.0,0.0,0.0,1.0
2017-03-27,0.0,0.0,0.0,0.0,1.0
2017-03-28,0.0,0.0,0.0,0.0,1.0
2017-03-29,0.0,0.0,0.0,0.0,1.0
2017-03-30,0.0,0.0,0.0,0.0,1.0
2017-03-31,0.0,0.0,0.0,0.0,1.0
2017-04-05,0.0,0.0,0.0,0.0,1.0
2017-04-06,0.0,0.0,0.0,0.0,1.0
2017-04-07,0.0,0.0,0.0,0.0,1.0
2017-04-10,0.0,0.0,0.0,0.0,1.0
2017-04-11,0.0,0.0,0.0,0.0,1.0
2017-04-12,0.0,0.0,0.0,0.0,1.0
2017-04-13,0.0,0.0,0.0,0.0,1.0
2017-04-14,0.0,0.0,0.0,0.0,1.0
2017-04-17,0.0,0.0,0.0,0.0,1.0
2017-04-18,0.0,0.0,0.0,0.0,1.0
2017-04-19,0.0,0.0,0.0,0.0,1.0
2017-04-20,0.0,0.0,0.0,0.0,1.0
2017-04-21,0.0,0.0,0.0,0.0,1.0
2017-04-24,0.0,0.0,0.0,0.0,1.0
2017-04-25,0.0,0.0,0.0,0.0,1.0
2017-04-26,0.0,0.0,0.0,0.0,1.0
2017-04-27,0.0,0.0,0.0,0.0,1.0
2017-04-28,0.0,0.0,0.0,0.0,1.0
2017-05-02,0.0,0.0,0.0,0.0,1.0
2017-05-03,0.0,0.0,0.0,0.0,1.0
2017-05-04,0.0,0.0,0.0,0.0,1.0
2017-05-05,0.0,0.0,0.0,0.0,1.0
2017-05-08,0.0,0.0,0.0,0.0,1.0
2017-05-09,0.0,0.0,0.0,0.0,1.0
2017-05-10,0.0,0.0,0.0,0.0,1.0
2017-05-11,0.0,0.0,0.0,0.0,1.0
2017-05-12,0.0,0.0,0.0,0.0,1.0
2017-05-15,0.0,0.0,0.0,0.0,1.0
2017-05-16,0.0,0.0,0.0,0.0,1.0
2017-05-17,0.0,0.0,0.0,0.0,1.0
2017-05-18,0.0,0.0,0.0,0.0,1.0
2017-05-19,0.0,0.0,0.0,0.0,1.0
2017-05-22,0.0,0.0,0.0,0.0,1.0
2017-05-23,0.0,0.0,0.0,0.0,1.0
2017-05-24,0.0,0.0,0.0,0.0,1.0
2017-05-25,0.0,0.0,0.0,0.0,1.0
2017-05-26,0.0,0.0,0.0,0.0,1.0
2017-05-31,0.0,0.0,0.0,0.0,1.0
2017-06-01,0.0,0.0,0.0,0.0,1.0
2017-06-02,0.0,0.0,0.0,0.0,1.0
2017-06-03,0.0,0.0,0.0,0.0,1.0
2017-06-05,0.0,0.0,0.0,0.0,1.0
2017-06-06,0.0,0.0,0.0,0.0,1.0
2017-06-07,0.0,0.0,0.0,0.0,1.0
2017-06-08,0.0,0.0,0.0,0.0,1.0
2017-06-09,0.0,0.0,0.0,0.0,1.0
2017-06-12,0.0,0.0,0.0,0.0,1.0
2017-06-13,0.0,0.0,0.0,0.0,1.0
2017-06-14,0.0,0.0,0.0,0.0,1.0
2017-06-15,0.0,0.0,0.0,0.0,1.0
2017-06-16,0.0,0.0,0.0,0.0,1.0
2017-06-19,0.0,0.0,0.0,0.0,1.0
2017-06-20,0.0,0.0,0.0,0.0,1.0
2017-06-21,0.0,0.0,0.0,0.0,1.0
2017-06-22,0.0,0.0,0.0,0.0,1.0
2017-06-23,0.0,0.0,0.0,0.0,1.0
2017-06-26,0.0,0.0,0.0,0.0,1.0
2017-06-27,0.0,0.0,0.0,0.0,1.0
2017-06-28,0.0,0.0,0.0,0.0,1.0
2017-06-29,0.0,0.0,0.0,0.0,1.0
2017-06-30,0.0,0.0,0.0,0.0,1.0
2017-07-03,0.0,0.0,0.0,0.0,1.0
2017-07-04,0.0,0.0,0.0,0.0,1.0
2017-07-05,0.0,0.0,0.0,0.0,1.0
2017-07-06,0.0,0.0,0.0,0.0,1.0
2017-07-07,0.0,0.0,0.0,0.0,1.0
2017-07-10,0.0,0.0,0.0,0.0,1.0
2017-07-11,0.0,0.0,0.0,0.0,1.0
2017-07-12,0.0,0.0,0.0,0.0,1.0
2017-07-13,0.0,0.0,0.0,0.0,1.0
2017-07-14,0.0,0.0,0.0,0.0,1.0
2017-07-17,0.0,0.0,0.0,0.0,1.0
2017-07-18,0.0,0.0,0.0,0.0,1.0
2017-07-19,0.0,0.0,0.0,0.0,1.0
2017-07-20,0.0,0.0,0.0,0.0,1.0
2017-07-21,0.0,0.0,0.0,0.0,1.0
2017-07-24,0.0,0.0,0.0,0.0,1.0
2017-07-25,0.0,0.0,0.0,0.0,1.0
2017-07-26,0.0,0.0,0.0,0.0,1.0
2017-07-27,0.0,0.0,0.0,0.0,1.0
2017-07-28,0.0,0.0,0.0,0.0,1.0
2017-07-31,0.0,0.0,0.0,0.0,1.0
2017-08-01,0.0,0.0,0.0,0.0,1.0
2017-08-02,0.0,0.0,0.0,0.0,1.0
2017-08-03,0.0,0.0,0.0,0.0,1.0
2017-08-04,0.0,0.0,0.0,0.0,1.0
2017-08-07,0.0,0.0,0.0,0.0,1.0
2017-08-08,0.0,0.0,0.0,0.0,1.0
2017-08-09,0.0,0.0,0.0,0.0,1.0
2017-08-10,0.0,0.0,0.0,0.0,1.0
2017-08-11,0.0,0.0,0.0,0.0,1.0
2017-08-14,0.0,0.0,0.0,0.0,1.0
2017-08-15,0.0,0.0,0.0,0.0,1.0
2017-08-16,0.0,0.0,0.0,0.0,1.0
2017-08-17,0.0,0.0,0.0,0.0,1.0
2017-08-18,0.0,0.0,0.0,0.0,1.0
2017-08-21,0.0,0.0,0.0,0.0,1.0
2017-08-22,0.0,0.0,0.0,0.0,1.0
2017-08-23,0.0,0.0,0.0,0.0,1.0
2017-08-24,0.0,0.0,0.0,0.0,1.0
2017-08-25,0.0,0.0,0.0,0.0,1.0
2017-08-28,0.0,0.0,0.0,0.0,1.0
2017-08-29,0.0,0.0,0.0,0.0,1.0
2017-08-30,0.0,0.0,0.0,0.0,1.0
2017-08-31,0.0,0.0,0.0,0.0,1.0
2017-09-01,0.0,0.0,0.0,0.0,1.0
2017-09-04,0.0,0.0,0.0,0.0,1.0
2017-09-05,0.0,0.0,0.0,0.0,1.0
2017-09-06,0.0,0.0,0.0,0.0,1.0
2017-09-07,0.0,0.0,0.0,0.0,1.0
2017-09-08,0.0,0.0,0.0,0.0,1.0
2017-09-11,0.0,0.0,0.0,0.0,1.0
2017-09-12,0.0,0.0,0.0,0.0,1.0
2017-09-13,0.0,0.0,0.0,0.0,1.0
2017-09-14,0.0,0.0,0.0,0.0,1.0
2017-09-15,0.0,0.0,0.0,0.0,1.0
2017-09-18,0.0,0.0,0.0,0.0,1.0
2017-09-19,0.0,0.0,0.0,0.0,1.0
2017-09-20,0.0,0.0,0.0,0.0,1.0
2017-09-21,0.0,0.0,0.0,0.0,1.0
2017-09-22,0.0,0.0,0.0,0.0,1.0
2017-09-25,0.0,0.0,0.0,0.0,1.0
2017-09-26,0.0,0.0,0.0,0.0,1.0
2017-09-27,0.0,0.0,0.0,0.0,1.0
2017-09-28,0.0,0.0,0.0,0.0,1.0
2017-09-29,0.0,0.0,0.0,0.0,1.0
2017-09-30,0.0,0.0,0.0,0.0,1.0
2017-10-02,0.0,0.0,0.0,0.0,1.0
2017-10-03,0.0,0.0,0.0,0.0,1.0
2017-10-05,0.0,0.0,0.0,0.0,1.0
2017-10-06,0.0,0.0,0.0,0.0,1.0
2017-10-11,0.0,0.0,0.0,0.0,1.0
2017-10-12,0.0,0.0,0.0,0.0,1.0
2017-10-13,0.0,0.0,0.0,0.0,1.0
2017-10-16,0.0,0.0,0.0,0.0,1.0
2017-10-17,0.0,0.0,0.0,0.0,1.0
2017-10-18,0.0,0.0,0.0,0.0,1.0
2017-10-19,0.0,0.0,0.0,0.0,1.0
2017-10-20,0.0,0.0,0.0,0.0,1.0
2017-10-23,0.0,0.0,0.0,0.0,1.0
2017-10-24,0.0,0.0,0.0,0.0,1.0
2017-10-25,0.0,0.0,0.0,0.0,1.0
2017-10-26,0.0,0.0,0.0,0.0,1.0
2017-10-27,0.0,0.0,0.0,0.0,1.0
2017-10-30,0.0,0.0,0.0,0.0,1.0
2017-10-31,0.0,0.0,0.0,0.0,1.0
2017-11-01,0.0,0.0,0.0,0.0,1.0
2017-11-02,0.0,0.0,0.0,0.0,1.0
2017-11-03,0.0,0.0,0.0,0.0,1.0
2017-11-06,0.0,0.0,0.0,0.0,1.0
2017-11-07,0.0,0.0,0.0,0.0,1.0
2017-11-08,0.0,0.0,0.0,0.0,1.0
2017-11-09,0.0,0.0,0.0,0.0,1.0
2017-11-10,0.0,0.0,0.0,0.0,1.0
2017-11-13,0.0,0.0,0.0,0.0,1.0
2017-11-14,0.0,0.0,0.0,0.0,1.0
2017-11-15,0.0,0.0,0.0,0.0,1.0
2017-11-16,0.0,0.0,0.0,0.0,1.0
2017-11-17,0.0,0.0,0.0,0.0,1.0
2017-11-20,0.0,0.0,0.0,0.0,1.0
2017-11-21,0.0,0.0,0.0,0.0,1.0
2017-11-22,0.0,0.0,0.0,0.0,1.0
2017-11-23,0.0,0.0,0.0,0.0,1.0
2017-11-24,0.0,0.0,0.0,0.0,1.0
2017-11-27,0.0,0.0,0.0,0.0,1.0
2017-11-28,0.0,0.0,0.0,0.0,1.0
2017-11-29,0.0,0.0,0.0,0.0,1.0
2017-11-30,0.0,0.0,0.0,0.0,1.0
2017-12-01,0.0,0.0,0.0,0.0,1.0
2017-12-04,0.0,0.0,0.0,0.0,1.0
2017-12-05,0.0,0.0,0.0,0.0,1.0
2017-12-06,0.0,0.0,0.0,0.0,1.0
2017-12-07,0.0,0.0,0.0,0.0,1.0
2017-12-08,0.0,0.0,0.0,0.0,1.0
2017-12-11,0.0,0.0,0.0,0.0,1.0
2017-12-12,0.0,0.0,0.0,0.0,1.0
2017-12-13,0.0,0.0,0.0,0.0,1.0
2017-12-14,0.0,0.0,0.0,0.0,1.0
2017-12-15,0.0,0.0,0.0,0.0,1.0
2017-12-18,0.0,0.0,0.0,0.0,1.0
2017-12-19,0.0,0.0,0.0,0.0,1.0
2017-12-20,0.0,0.0,0.0,0.0,1.0
2017-12-21,0.0,0.0,0.0,0.0,1.0
2017-12-22,0.0,0.0,0.0,0.0,1.0
2017-12-25,0.0,0.0,0.0,0.0,1.0
2017-12-26,0.0,0.0,0.0,0.0,1.0
2017-12-27,0.0,0.0,0.0,0.0,1.0
2017-12-28,0.0,0.0,0.0,0.0,1.0
2017-12-29,0.0,0.0,0.0,0.0,1.0
2018-01-02,0.0,0.0,0.0,0.0,1.0
2018-01-03,0.0,0.0,0.0,0.0,1.0
2018-01-04,0.0,0.0,0.0,0.0,1.0
2018-01-05,0.0,0.0,0.0,0.0,1.0
2018-01-08,0.0,0.0,0.0,0.0,1.0
2018-01-09,0.0,0.0,0.0,0.0,1.0
2018-01-10,0.0,0.0,0.0,0.0,1.0
2018-01-11,0.0,0.0,0.0,0.0,1.0
2018-01-12,0.0,0.0,0.0,0.0,1.0
2018-01-15,0.0,0.0,0.0,0.0,1.0
2018-01-16,0.0,0.0,0.0,0.0,1.0
2018-01-17,0.0,0.0,0.0,0.0,1.0
2018-01-18,0.0,0.0,0.0,0.0,1.0
2018-01-19,0.0,0.0,0.0,0.0,1.0
2018-01-22,0.0,0.0,0.0,0.0,1.0
2018-01-23,0.0,0.0,0.0,0.0,1.0
2018-01-24,0.0,0.0,0.0,0.0,1.0
2018-01-25,0.0,0.0,0.0,0.0,1.0
2018-01-26,0.0,0.0,0.0,0.0,1.0
2018-01-29,0.0,0.0,0.0,0.0,1.0
2018-01-30,0.0,0.0,0.0,0.0,1.0
2018-01-31,0.0,0.0,0.0,0.0,1.0
2018-02-01,0.0,0.0,0.0,0.0,1.0
2018-02-02,-0.0044065590272486695,-0.007431559027248669,1.0,0.0030250000000000003,0.9925684409727513
2018-02-05,-0.01290859142520387,-0.01290859142520387,0.0,0.0,0.9797557805066825
2018-02-06,-0.042176445522153105,-0.042176445522153105,0.0,0.0,0.9384331642051278
2018-02-07,0.014757688240089398,0.014757688240089398,0.0,0.0,0.9522822682766278
2018-02-08,7.788710766383879e-05,7.788710766383879e-05,0.0,0.0,0.9523564387881834
2018-02-09,-0.008065187526103806,-0.008065187526103806,0.0,0.0,0.9446755055176643
2018-02-12,0.004905090068435127,0.004905090068435127,0.0,0.0,0.9493092239576729
2018-02-21,0.021775091372780272,0.021775091372780272,0.0,0.0,0.9699805190503744
2018-02-22,0.0012695487358369672,0.0012695487358369672,0.0,0.0,0.9712119565921213
2018-02-23,0.008084174313338244,0.008084174313338244,0.0,0.0,0.9790634033444103
2018-02-26,0.004460451369798582,0.004460451369798582,0.0,0.0,0.9834304680429775
2018-02-27,-0.0027523511995426963,-0.0027523511995426963,0.0,0.0,0.9807237220145927
2018-03-01,0.0009677176236784732,0.0009677176236784732,0.0,0.0,0.9816727856443457
2018-03-02,-0.006142996120287056,-0.006142996120287056,0.0,0.0,0.9756423735307411
2018-03-05,-0.007828860127338041,-0.007828860127338041,0.0,0.0,0.9680042058540648
2018-03-06,0.007809033696362911,0.007809033696362911,0.0,0.0,0.9755633833158003
2018-03-07,0.000564831180446565,0.000564831180446565,0.0,0.0,0.9761144119331989
2018-03-08,0.005877228760677499,0.005877228760677499,0.0,0.0,0.9818512596287244
2018-03-09,0.0011873366306627917,0.0011873366306627917,0.0,0.0,0.983017047595144
2018-03-12,0.007832801605766436,0.007832801605766436,0.0,0.0,0.990716825104043
2018-03-13,0.004598312373341359,0.004598312373341359,0.0,0.0,0.9952724505393964
2018-03-14,-0.0015951214650872037,-0.0015951214650872037,0.0,0.0,0.993684870089931
2018-03-15,0.00011909819680796152,0.00011909819680796152,0.0,0.0,0.9938032161661541
2018-03-16,0.005649161939981463,0.005649161939981463,0.0,0.0,0.999417371470751
2018-03-19,0.0003566547005418916,0.0003566547005418916,0.0,0.0,0.9997738183740892
2018-03-20,-0.0016816290199199557,-0.0016816290199199557,0.0,0.0,0.9980925697077551
2018-03-21,0.0008670691755207456,0.0008670691755207456,0.0,0.0,0.998957985009265
2018-03-22,0.0004911829916654716,0.0004911829916654716,0.0,0.0,0.99944865618089
2018-03-23,-0.01201572584309478,-0.01201572584309478,0.0,0.0,0.987439555133971
2018-03-26,0.0026546985880109616,0.0026546985880109616,0.0,0.0,0.9900609095267313
2018-03-27,0.00698866978124511,0.00698866978124511,0.0,0.0,0.9969801182867328
2018-03-28,-0.004285811917219103,-0.004285811917219103,0.0,0.0,0.992707249014549
2018-03-29,-0.001337155283383783,-0.001337155283383783,0.0,0.0,0.9913798452716759
2018-03-30,0.006267366233801174,0.006267366233801174,0.0,0.0,0.9975931858388025
2018-03-31,0.0018541256131515416,0.0018541256131515416,0.0,0.0,0.9994428489161716
2018-04-02,-0.0023500008057589106,-0.0023500008057589106,0.0,0.0,0.9970941574159087
2018-04-03,-0.005170618343754806,-0.005170618343754806,0.0,0.0,0.9919385640751233
2018-04-09,0.008393671249644586,0.008393671249644586,0.0,0.0,1.0002645702818145
2018-04-10,0.004650314264843783,0.004650314264843783,0.0,0.0,1.0049161148816137
2018-04-11,0.001555445755191739,0.001555445755191739,0.0,0.0,1.0064792073868303
2018-04-12,0.0010671818425533977,0.0010671818425533977,0.0,0.0,1.0075533037218611
2018-04-13,-0.0006262754983921424,-0.0006262754983921424,0.0,0.0,1.006922297774416
2018-04-16,-0.0013745083949020032,-0.0013745083949020032,0.0,0.0,1.0055382746231112
2018-04-17,-0.007915585987083164,-0.007915585987083164,0.0,0.0,0.9975788499470287
2018-04-18,0.004311185731549525,0.004311185731549525,0.0,0.0,1.0018795976510158
2018-04-19,0.008324431189158845,0.008324431189158845,0.0,0.0,1.0102196754214838
2018-04-20,-0.0027621475059168067,-0.0027621475059168067,0.0,0.0,1.0074292996645902
2018-04-23,-0.0008053316337491724,-0.0008053316337491724,0.0,0.0,1.0066179849808046
2018-04-24,-0.011069330700877539,-0.011069330700877539,0.0,0.0,0.995475397615601
2018-04-25,0.0007689834204991777,0.0007689834204991777,0.0,0.0,0.9962409016918822
2018-04-26,-0.0025819489222508865,-0.0025819489222508865,0.0,0.0,0.9936686585694566
2018-04-27,0.004641530854886397,0.004641530854886397,0.0,0.0,0.9982808023077403
2018-04-30,0.008861409364329982,0.008861409364329982,0.0,0.0,1.007126977157541
2018-05-02,0.0008621354127041749,0.0008621354127041749,0.0,0.0,1.0079952569896382
2018-05-03,-0.007299111730590518,-0.007299111730590518,0.0,0.0,1.0006377869849656
2018-05-04,-0.0007387528946151361,-0.0007387528946151361,0.0,0.0,0.9998985629233692
2018-05-07,0.0023287431967162287,0.0023287431967162287,0.0,0.0,1.0022270698991833
2018-05-08,0.004847794636596951,0.004847794636596951,0.0,0.0,1.007085660913293
2018-05-09,-0.0016800506376422981,-0.0016800506376422981,0.0,0.0,1.0053937060065152
2018-05-10,0.0024414774662663563,0.0024414774662663563,0.0,0.0,1.0078483520844563
2018-05-11,0.005603934364426634,0.005603934364426634,0.0,0.0,1.0134962680988333
2018-05-14,0.004100217992499697,0.004100217992499697,0.0,0.0,1.0176518237326233
2018-05-15,-0.002105896010037434,-0.002105896010037434,0.0,0.0,1.0155087548174175
2018-05-16,0.005543233187574282,0.005543233187574282,0.0,0.0,1.0211379566493937
2018-05-17,0.00017221868592176597,0.00017221868592176597,0.0,0.0,1.0213138156864328
2018-05-18,0.0034378361003237394,0.0034378361003237394,0.0,0.0,1.024824925191759
2018-05-21,0.0078484604098276,0.0078484604098276,0.0,0.0,1.032868223044131
2018-05-22,-0.0031714040015423067,-0.0031714040015423067,0.0,0.0,1.0295925806285031
2018-05-23,-0.001384712413476794,-0.001384712413476794,0.0,0.0,1.0281668910012831
2018-05-24,0.004360044780542632,0.004360044780542632,0.0,0.0,1.03264974468792
2018-05-25,0.0009022136847407323,0.0009022136847407323,0.0,0.0,1.0335814154191214
2018-05-28,0.003723899597689507,0.003723899597689507,0.0,0.0,1.0374303688361801
2018-05-29,-0.0016686106884690765,-0.0016686106884690765,0.0,0.0,1.0356993014341975
2018-05-30,-0.012195931582684559,-0.012195931582684559,0.0,0.0,1.023067983613672
2018-05-31,0.007864578887280585,0.007864578887280585,0.0,0.0,1.0311139824778528
2018-06-01,0.004522917546874232,0.004522917546874232,0.0,0.0,1.0357776260020293
2018-06-04,0.008244437408742254,0.008244437408742254,0.0,0.0,1.0443170298089786
2018-06-05,0.0018485780056699608,0.0018485780056699608,0.0,0.0,1.04624753130123
2018-06-06,0.0062651475346953535,0.0062651475346953535,0.0,0.0,1.052802426442643
2018-06-07,0.004208703118545392,0.004208703118545392,0.0,0.0,1.0572333592980243
2018-06-08,-0.004259088593687048,-0.004259088593687048,0.0,0.0,1.0527305087565726
2018-06-11,0.000277983396974842,0.000277983396974842,0.0,0.0,1.0530231503594958
2018-06-12,-0.0017179429406862816,-0.0017179429406862816,0.0,0.0,1.0512141166719564
2018-06-13,-0.002375121760634316,-0.002375121760634316,0.0,0.0,1.0487173551483628
2018-06-14,-0.01038463475375108,-0.01038463475375108,0.0,0.0,1.0378268084552273
2018-06-15,0.0012196873039648482,0.0012196873039648482,0.0,0.0,1.0390926326372147
2018-06-19,-0.01031467750521194,-0.01031467750521194,0.0,0.0,1.0283747272335202
2018-06-20,0.0033492581430076664,0.0033492581430076664,0.0,0.0,1.0318190196627703
2018-06-21,0.003080393961301213,0.003080393961301213,0.0,0.0,1.0349974287400951
2018-06-22,-0.001985539064402437,-0.001985539064402437,0.0,0.0,1.0329424009137755
2018-06-25,-0.0026192113807177618,-0.0026192113807177618,0.0,0.0,1.0302369064216763
2018-06-26,-0.0025208331458221444,-0.0025208331458221444,0.0,0.0,1.0276398510799192
2018-06-27,-0.0038164001371965165,-0.0038164001371965165,0.0,0.0,1.0237179662112692
2018-06-28,-0.005043361872726349,-0.005043361872726349,0.0,0.0,1.0185549860520544
2018-06-29,0.012666276803530503,0.012666276803530503,0.0,0.0,1.031456285445006
2018-07-02,-0.005739832564828823,-0.005739832564828823,0.0,0.0,1.0255358990686114
2018-07-03,-0.006829308401932701,-0.006829308401932701,0.0,0.0,1.0185321981366184
2018-07-04,0.0019351013621111855,0.0019351013621111855,0.0,0.0,1.0205031611805866
2018-07-05,-0.007014786625433738,-0.007014786625433738,0.0,0.0,1.013344549254324
2018-07-06,-0.002520838888271418,-0.002520838888271418,0.0,0.0,1.0107900709073459
2018-07-09,0.009023495294112165,0.009023495294112165,0.0,0.0,1.0199109303555136
2018-07-10,0.002637683681901725,0.002637683681901725,0.0,0.0,1.0226011327735056
2018-07-11,-0.007232901312234819,-0.007232901312234819,0.0,0.0,1.0152047596983753
2018-07-12,0.004845900468229051,0.004845900468229051,0.0,0.0,1.0201243409187462
2018-07-13,0.005958597699004572,0.005958597699004572,0.0,0.0,1.0262028514692432
2018-07-16,-0.00355770778147724,-0.00355770778147724,0.0,0.0,1.022551921599197
2018-07-17,-2.3696308335310326e-06,-2.3696308335310326e-06,0.0,0.0,1.0225494985286345
2018-07-18,0.003503676371109727,0.003503676371109727,0.0,0.0,1.0261321810449195
2018-07-19,-0.004184152123833792,-0.004184152123833792,0.0,0.0,1.021838687900266
2018-07-20,-6.843418447304229e-05,-6.843418447304229e-05,0.0,0.0,1.0217687592029967
2018-07-23,-0.0022064575686175716,-0.0022064575686175716,0.0,0.0,1.0195142697908763
2018-07-24,0.005818538133686584,0.005818538133686584,0.0,0.0,1.0254463524474922
2018-07-25,-0.0009070992577475242,-0.0009070992577475242,0.0,0.0,1.0245161708223272
2018-07-26,0.0030934828648951527,0.0030934828648951527,0.0,0.0,1.027685494041574
2018-07-27,0.0010988165161480096,0.0010988165161480096,0.0,0.0,1.0288147318358327
2018-07-30,-0.0025505710231916406,-0.0025505710231916406,0.0,0.0,1.0261906667925795
2018-07-31,0.005776963056392017,0.005776963056392017,0.0,0.0,1.0321189323634545
2018-08-01,0.002369654299770165,0.002369654299770165,0.0,0.0,1.0345646974294038
2018-08-02,-0.012032868335995076,-0.012032868335995076,0.0,0.0,1.0221159166401672
2018-08-03,0.006121177826931473,0.006121177826931473,0.0,0.0,1.0283724699256587
2018-08-06,0.0028160366539175643,0.0028160366539175643,0.0,0.0,1.031268404494849
2018-08-07,0.0010851260008001664,0.0010851260008001664,0.0,0.0,1.0323874606543701
2018-08-08,0.0034321310747665095,0.0034321310747665095,0.0,0.0,1.0359307497392813
2018-08-09,-0.005224368653158197,-0.005224368653158197,0.0,0.0,1.0305186656035008
2018-08-10,-0.003052220902642553,-0.003052220902642553,0.0,0.0,1.0273732949917824
2018-08-13,-0.016667845945845628,-0.016667845945845628,0.0,0.0,1.0102491951819836
2018-08-14,0.006191096423690954,0.006191096423690954,0.0,0.0,1.0165037453613115
2018-08-15,-0.011585243150098824,-0.011585243150098824,0.0,0.0,1.0047273023083145
2018-08-16,-0.005655627889650773,-0.005655627889650773,0.0,0.0,0.999044938555886
2018-08-17,0.0005629058460242588,0.0005629058460242588,0.0,0.0,0.9996073067922402
2018-08-20,0.0018290924763057835,0.0018290924763057835,0.0,0.0,1.0014356809963543
2018-08-21,0.007017723727018826,0.007017723727018826,0.0,0.0,1.0084634799359655
2018-08-22,0.0013504690381232808,0.0013504690381232808,0.0,0.0,1.009825378641697
2018-08-23,0.003970722449778062,0.003970722449778062,0.0,0.0,1.0138351149430254
2018-08-24,-0.007490501905977475,-0.007490501905977475,0.0,0.0,1.0062409810821977
2018-08-27,0.007509421623473414,0.007509421623473414,0.0,0.0,1.0137972688639616
2018-08-28,0.004489723331651674,0.004489723331651674,0.0,0.0,1.0183489381155448
2018-08-29,0.0016277101221966828,0.0016277101221966828,0.0,0.0,1.0200065149900437
2018-08-30,-0.0030602779315391845,-0.0030602779315391845,0.0,0.0,1.0168850115621935
2018-08-31,0.0038066496256431953,0.0038066496256431953,0.0,0.0,1.020755936510779
2018-09-03,-0.010489771771965003,-0.010489771771965003,0.0,0.0,1.0100484397019025
2018-09-04,0.001950796443302585,0.001950796443302585,0.0,0.0,1.0120188386056364
2018-09-05,-0.0118762221906787,-0.0118762221906787,0.0,0.0,0.9999998780172031
2018-09-06,-0.004054715568249334,-0.004054715568249334,0.0,0.0,0.9959451629435594
2018-09-07,-0.008913700074707386,-0.008913700074707386,0.0,0.0,0.987067606470225
2018-09-10,-0.010329091208058206,-0.010329091208058206,0.0,0.0,0.9768720951344743
2018-09-11,0.006719925313890873,0.006719925313890873,0.0,0.0,0.9834366026550019
2018-09-12,-0.0010036248881562244,-0.0010036248881562244,0.0,0.0,0.9824496012046535
2018-09-13,0.005684190430277361,0.005684190430277361,0.0,0.0,0.9880340318260508
2018-09-14,0.005986605565321105,0.005986605565321105,0.0,0.0,0.9939490018597071
2018-09-17,-0.0005106002186511734,-0.0005106002186511734,0.0,0.0,0.9934414912820295
2018-09-18,0.0010375770728199662,0.0010375770728199662,0.0,0.0,0.9944722633965718
2018-09-19,0.007012160433107344,0.007012160433107344,0.0,0.0,1.001445662453784
2018-09-20,-0.0040232893487912175,-0.0040232893487912175,0.0,0.0,0.9974165567866404
2018-09-21,0.01274446102879948,0.01274446102879948,0.0,0.0,1.010128093224087
2018-09-25,0.0006251268435847434,0.0006251268435847434,0.0,0.0,1.0107595514106207
2018-09-26,-0.002236029980784354,-0.002236029980784354,0.0,0.0,1.0084994627503023
2018-09-27,0.004966912600834978,0.004966912600834978,0.0,0.0,1.0135085914397721
2018-09-28,-0.0014348754381742967,-0.0014348754381742967,0.0,0.0,1.0120543328555365
2018-10-01,0.0020141397054235536,0.0020141397054235536,0.0,0.0,1.014092751671387
2018-10-02,-0.00871635858694757,-0.00871635858694757,0.0,0.0,1.0052535556073947
2018-10-03,-0.0031563759108989052,-0.0031563759108989052,0.0,0.0,1.0020805975001301
2018-10-04,-0.007081079918274627,-0.007081079918274627,0.0,0.0,0.9949847847046792
2018-10-05,-0.013054041429518059,-0.013054041429518059,0.0,0.0,0.9819962121034043
2018-10-08,-0.00019729176157785042,-0.00019729176157785042,0.0,0.0,0.9818024723408556
2018-10-09,0.0026742103874728075,0.0026742103874728075,0.0,0.0,0.9844280187108361
2018-10-11,-0.05377392676337063,-0.05377392676337063,0.0,0.0,0.9314914585288695
2018-10-12,0.015576882261050595,0.015576882261050595,0.0,0.0,0.946001191305548
2018-10-15,-0.012562981620736864,-0.012562981620736864,0.0,0.0,0.9341165957259813
2018-10-16,0.0013593448781578075,0.0013593448781578075,0.0,0.0,0.9353863823359835
2018-10-17,-0.0006953969366395653,-0.0006953969366395653,0.0,0.0,0.9347359175111327
2018-10-18,-9.940968713373984e-05,-9.940968713373984e-05,0.0,0.0,0.9346429957060203
2018-10-19,-0.004216765607095174,-0.004216765607095174,0.0,0.0,0.9307018252668148
2018-10-22,0.004089214662430547,0.004089214662430547,0.0,0.0,0.9345076648170467
2018-10-23,-0.012565765551424489,-0.012565765551424489,0.0,0.0,0.9227648605949466
2018-10-24,-0.0036633557831657615,-0.0036633557831657615,0.0,0.0,0.9193844446063839
2018-10-25,-0.01859691683416775,-0.01859691683416775,0.0,0.0,0.9022867285514115
2018-10-26,-0.0005909011393376762,-0.0005909011393376762,0.0,0.0,0.9017535662955012
2018-10-29,0.00034928542224043604,0.00034928542224043604,0.0,0.0,0.9020685356706616
2018-10-30,0.003870341035983426,0.003870341035983426,0.0,0.0,0.9055598485415373
2018-10-31,0.020185194040448842,0.020185194040448842,0.0,0.0,0.9238387497995877
2018-11-01,0.00236075121426217,0.00236075121426217,0.0,0.0,0.9260197032499596
2018-11-02,0.01008034264189234,0.01008034264189234,0.0,0.0,0.9353542991518626
2018-11-05,0.0011324926673883858,0.0011324926673883858,0.0,0.0,0.9364135810370623
2018-11-06,-0.004234131504981501,-0.004234131504981501,0.0,0.0,0.9324486827919007
2018-11-07,0.010643874432318911,0.010643874432318911,0.0,0.0,0.942373549486119
2018-11-08,0.004561172881430627,0.004561172881430627,0.0,0.0,0.9466718781642125
2018-11-09,-0.00603465531487148,-0.00603465531487148,0.0,0.0,0.9409590396832095
2018-11-12,-0.00035692002781221536,-0.00035692002781221536,0.0,0.0,0.9406231925565957
2018-11-13,-0.0007923755997384545,-0.0007923755997384545,0.0,0.0,0.9398778656902658
2018-11-14,0.004724264076976708,0.004724264076976708,0.0,0.0,0.9443180969278918
2018-11-15,0.0004931015746284918,0.0004931015746284918,0.0,0.0,0.9447837416684373
2018-11-16,0.0013991124968455414,0.0013991124968455414,0.0,0.0,0.9461056004082221
2018-11-19,0.007116094402599993,0.007116094402599993,0.0,0.0,0.9528381771755556
2018-11-20,-0.004996863448551594,-0.004996863448551594,0.0,0.0,0.9480769749156426
2018-11-21,0.0005770637852353473,0.0005770637852353473,0.0,0.0,0.9486240758034818
2018-11-22,-0.003092637815972811,-0.003092637815972811,0.0,0.0,0.9456903251135097
2018-11-23,-0.0045289564510404565,-0.0045289564510404565,0.0,0.0,0.9414073348149004
2018-11-26,0.004951705030693567,0.004951705030693567,0.0,0.0,0.9460689062506351
2018-11-27,0.00027693698958026385,0.00027693698958026385,0.0,0.0,0.9463309077254677
2018-11-28,0.00862504072960632,0.00862504072960632,0.0,0.0,0.9544930503482851
2018-11-29,-0.0023971802814396507,-0.0023971802814396507,0.0,0.0,0.952204958429219
2018-11-30,0.003887425963122672,0.003887425963122672,0.0,0.0,0.955906584706831
2018-12-03,0.013640083462815943,0.013640083462815943,0.0,0.0,0.9689452303048874
2018-12-04,-0.0007531801586128051,-0.0007531801586128051,0.0,0.0,0.9682154399826393
2018-12-05,-0.010022530835059128,-0.010022530835059128,0.0,0.0,0.958511470880433
2018-12-06,-0.015417418937850393,-0.015417418937850393,0.0,0.0,0.9437336979771341
2018-12-07,0.005862422524926813,0.005862422524926813,0.0,0.0,0.9492662636656878
2018-12-10,-0.01132997023667387,-0.01132997023667387,0.0,0.0,0.938511105151677
2018-12-11,0.000368544242246337,0.000368544242246337,0.0,0.0,0.9388569880157649
2018-12-12,0.0055834770422450684,0.0055834770422450684,0.0,0.0,0.9440990744543023
2018-12-13,0.004742998072313067,0.004742998072313067,0.0,0.0,0.9485769345445115
2018-12-14,-0.003450661605699443,-0.003450661605699443,0.0,0.0,0.9453037165364268
2018-12-17,-0.0008013845600751936,-0.0008013845600751936,0.0,0.0,0.9445461647334128
2018-12-18,-0.00975020750603317,-0.00975020750603317,0.0,0.0,0.9353366436282342
2018-12-19,0.004823285501858666,0.004823285501858666,0.0,0.0,0.9398480393008034
2018-12-20,-0.0067144446227745715,-0.0067144446227745715,0.0,0.0,0.9335374816870948
2018-12-21,-0.0021853090001630695,-0.0021853090001630695,0.0,0.0,0.9314974138263744
2018-12-22,2.7434109772809883e-05,2.7434109772809883e-05,0.0,0.0,0.9315229686286784
2018-12-24,0.005786253763673364,0.005786253763673364,0.0,0.0,0.9369129969118543
2018-12-25,-0.01081038952362817,-0.01081038952362817,0.0,0.0,0.9267846024654873
2018-12-26,-0.005287786303135658,-0.005287786303135658,0.0,0.0,0.9218839635386133
2018-12-27,0.010181878108095758,0.010181878108095758,0.0,0.0,0.9312704736851717
2018-12-28,0.0074223697152819915,0.0074223697152819915,0.0,0.0,0.9381827074457888
2019-01-02,-0.010052862607036554,-0.010052862607036554,0.0,0.0,0.9287512855875387
2019-01-03,-0.0008959815967627864,-0.0008959815967627864,0.0,0.0,0.9279191415276825
2019-01-04,-0.0031405901008094025,-0.0031405901008094025,0.0,0.0,0.9250049278574491
2019-01-07,0.01686874216153518,0.01686874216153518,0.0,0.0,0.9406085974836259
2019-01-08,-0.003324447076482624,-0.003324447076482624,0.0,0.0,0.937481593981607
2019-01-09,0.014216314499946668,0.014216314499946668,0.0,0.0,0.9508091271595609
2019-01-10,-0.0013039717368777915,-0.0013039717368777915,0.0,0.0,0.9495692989305794
2019-01-11,-0.0018594552896824754,-0.0018594552896824754,0.0,0.0,0.9478036172747629
2019-01-14,-0.005596014394908132,-0.005596014394908132,0.0,0.0,0.9424996945889474
2019-01-15,0.0071450957623347125,0.0071450957623347125,0.0,0.0,0.9492339451627567
2019-01-16,-0.002848216659268111,-0.002848216659268111,0.0,0.0,0.9465303212266013
2019-01-17,0.0011201554931400616,0.0011201554931400616,0.0,0.0,0.947590582365347
2019-01-18,0.0045640255893003995,0.0045640255893003995,0.0,0.0,0.9519154100314425
2019-01-21,0.0018310408224103498,0.0018310408224103498,0.0,0.0,0.9536584060066915
2019-01-22,-0.001314732686059114,-0.001314732686059114,0.0,0.0,0.9524046001289795
2019-01-23,0.00024822352923662214,0.00024822352923662214,0.0,0.0,0.9526410093600848
2019-01-24,0.0012229969962890312,0.0012229969962890312,0.0,0.0,0.953806086453074
2019-01-25,0.00558747810400897,0.00558747810400897,0.0,0.0,0.9591354570766011
2019-01-28,0.0017849640946197207,0.0017849640946197207,0.0,0.0,0.9608474794293594
2019-01-29,-0.0006913834690911082,-0.0006913834690911082,0.0,0.0,0.9601831653657641
2019-01-30,0.00010380332326359555,0.00010380332326359555,0.0,0.0,0.9602828355692709
2019-02-11,-0.0020707602805132776,-0.0020707602805132776,0.0,0.0,0.9582943200153153
2019-02-12,0.005484519801054865,0.005484519801054865,0.0,0.0,0.9635501041886778
2019-02-13,0.00276563561808894,0.00276563561808894,0.0,0.0,0.9662149326766354
2019-02-14,-0.0007515944974072682,-0.0007515944974072682,0.0,0.0,0.9654887308499229
2019-02-15,-0.0025005659290282013,-0.0025005659290282013,0.0,0.0,0.9630744626246989
2019-02-18,0.006447541558312417,0.006447541558312417,0.0,0.0,0.9692839252462211
2019-02-19,0.0003991621119407546,0.0003991621119407546,0.0,0.0,0.9696708266648927
2019-02-20,0.006351877019381521,0.0052732244444605066,0.3565793636102527,0.0010786525749210147,0.9747841185711421
2019-02-21,0.003106092649157839,0.003106092649157839,0.0,0.0,0.9778118883563517
2019-02-22,0.0019330126805137695,0.0019330126805137695,0.0,0.0,0.9797020111357015
2019-02-25,0.003050735643756287,0.003050735643756287,0.0,0.0,0.982690822981333
2019-02-26,0.00033348468170840673,0.00033348468170840673,0.0,0.0,0.9830185353176528
2019-02-27,0.003512345503287666,0.003512345503287666,0.0,0.0,0.9864712360498242
2019-03-04,-0.0034374858101315587,-0.0034374858101315587,0.0,0.0,0.9830802551737999
2019-03-05,-0.0018075570638724347,-0.0018075570638724347,0.0,0.0,0.981303281514207
2019-03-06,0.0031368485902572947,0.0031368485902572947,0.0,0.0,0.9843814813294396
2019-03-07,-0.0032203293845206277,-0.0032203293845206277,0.0,0.0,0.9812114487195365
2019-03-08,-0.0039883842769275766,-0.0039883842769275766,0.0,0.0,0.9772980004051222
2019-03-11,-0.0009114475892734586,-0.0009114475892734586,0.0,0.0,0.9764072444986511
2019-03-12,0.007915932216424507,0.007915932216424507,0.0,0.0,0.9841364180617284
2019-03-13,-0.0003711438500786686,-0.0003711438500786686,0.0,0.0,0.9837711618825263
2019-03-14,-0.0032897204397509005,-0.0032897204397509005,0.0,0.0,0.9805348297832438
2019-03-15,0.005894035224021105,0.005894035224021105,0.0,0.0,0.9863141366083658
2019-03-18,0.00654509968920818,0.00654509968920818,0.0,0.0,0.9927696609573429
2019-03-19,0.0012070817360847281,0.0012070817360847281,0.0,0.0,0.9939680150832235
2019-03-20,0.0023662427706678756,0.0023662427706678756,0.0,0.0,0.9963199847131893
2019-03-21,0.0023701787951634053,0.0023701787951634053,0.0,0.0,0.9986814412141539
2019-03-22,-0.0023764331646109363,-0.0023764331646109363,0.0,0.0,0.9963081415163711
2019-03-25,-0.005332903304237637,-0.005332903304237637,0.0,0.0,0.9909949265364396
2019-03-26,0.004286281849309214,0.004286281849309214,0.0,0.0,0.9952426101028103
2019-03-27,-0.0028044391856493116,-0.0028044391856493116,0.0,0.0,0.9924515127278101
2019-03-28,-0.0011408157781069583,-0.0011408157781069583,0.0,0.0,0.991319308383084
2019-03-29,0.008411511237042464,0.008411511237042464,0.0,0.0,0.9996578018850455
2019-04-01,-0.003971143524136579,-0.003971143524136579,0.0,0.0,0.995688017278737
2019-04-02,0.00043492939089824554,0.00043492939089824554,0.0,0.0,0.9961210712616168
2019-04-03,0.0015819535420149183,0.0015819535420149183,0.0,0.0,0.9976968885185749
2019-04-08,0.003546201552296973,0.003546201552296973,0.0,0.0,1.0012349227733612
2019-04-09,0.003987665069386246,0.003987665069386246,0.0,0.0,1.0052275123011543
2019-04-10,0.00020776006142144798,0.00020776006142144798,0.0,0.0,1.0054363584308526
2019-04-11,-0.0025629902788372547,-0.0025629902788372547,0.0,0.0,1.0028594348182047
2019-04-12,0.0009744358536813205,0.0009744358536813205,0.0,0.0,1.0038366570076942
2019-04-15,0.002541901970224688,0.002541901970224688,0.0,0.0,1.0063883113839258
2019-04-16,0.0016789182629084853,0.0016789182629084853,0.0,0.0,1.0080779550994858
2019-04-17,0.0025946366079256447,0.0025946366079256447,0.0,0.0,1.0106935510654298
2019-04-18,-0.006290604377119124,-0.006290604377119124,0.0,0.0,1.0043356777891714
2019-04-19,0.0026703930877819545,0.0026703930877819545,0.0,0.0,1.0070176488409526
2019-04-22,0.0005341452130177272,0.0005341452130177272,0.0,0.0,1.0075555424975053
2019-04-23,0.0030062912330269553,0.0030062912330269553,0.0,0.0,1.0105845478917033
2019-04-24,0.0014135255543037749,0.0014135255543037749,0.0,0.0,1.0120130349749328
2019-04-25,3.648810772929225e-05,3.648810772929225e-05,0.0,0.0,1.0120499614155765
2019-04-26,-2.0026188143983318e-05,-2.0026188143983318e-05,0.0,0.0,1.012029693912638
2019-04-29,0.004380527068894672,0.004380527068894672,0.0,0.0,1.0164629173813475
2019-04-30,0.0025774634811495186,0.0025774634811495186,0.0,0.0,1.0190828134308407
2019-05-02,0.003088134454684675,0.003088134454684675,0.0,0.0,1.0222298781791734
2019-05-03,0.000163974841853717,0.000163974841853717,0.0,0.0,1.022397498161786
2019-05-06,-0.014197588631606832,-0.014197588631606832,0.0,0.0,1.007881919064901
2019-05-07,0.005299019368098334,0.005299019368098334,0.0,0.0,1.0132227048747822
2019-05-08,-0.004549655891709788,-0.004549655891709788,0.0,0.0,1.0086128902259346
2019-05-09,-0.011326104096869207,-0.011326104096869207,0.0,0.0,0.9971892356377916
2019-05-10,-0.002151642825618105,-0.002151642825618105,0.0,0.0,0.995043640573148
2019-05-13,-0.006243989114466702,-0.006243989114466702,0.0,0.0,0.98883059891299
2019-05-14,-0.004193596422800824,-0.004193596422800824,0.0,0.0,0.9846838424506325
2019-05-15,0.002290702271033986,0.002290702271033986,0.0,0.0,0.9869394599647845
2019-05-16,-0.006788518201965847,-0.006788518201965847,0.0,0.0,0.9802396034765752
2019-05-17,-0.0005099215530895918,-0.0005099215530895918,0.0,0.0,0.9797397581755706
2019-05-20,0.009233068734497469,0.009233068734497469,0.0,0.0,0.9887857627047255
2019-05-21,0.010485384661165784,0.010485384661165784,0.0,0.0,0.9991535617741688
2019-05-22,-0.0042817860446672145,-0.0042817860446672145,0.0,0.0,0.9948753999968846
2019-05-23,-0.003339489690682066,-0.003339489690682066,0.0,0.0,0.9915530238550817
2019-05-24,0.0019127879113407234,0.0019127879113407234,0.0,0.0,0.9934496544925651
2019-05-27,0.0029763530091543224,0.0029763530091543224,0.0,0.0,0.9964065113611572
2019-05-28,-0.0008672218646972815,-0.0008672218646972815,0.0,0.0,0.9955424058483782
2019-05-29,-0.0006871955743989918,-0.0006871955743989918,0.0,0.0,0.9948582735129526
2019-05-30,0.007709557334569262,0.007709557334569262,0.0,0.0,1.0025281904123715
2019-05-31,0.009123716303248692,0.009123716303248692,0.0,0.0,1.0116749732077033
2019-06-03,-0.0010108634861994217,-0.0010108634861994217,0.0,0.0,1.010652307917386
2019-06-04,0.0002957498063522634,0.0002957498063522634,0.0,0.0,1.010951208141742
2019-06-05,0.0015135209396255627,0.0015135209396255627,0.0,0.0,1.0124813039642042
2019-06-06,0.004340070442266124,0.004340070442266124,0.0,0.0,1.0168755441448862
2019-06-10,0.00498412174558775,0.00498412174558775,0.0,0.0,1.021943775657015
2019-06-11,-0.00476795736201799,-0.00476795736201799,0.0,0.0,1.0170711913083028
2019-06-12,-0.004967719845772315,-0.004967719845772315,0.0,0.0,1.0120186665666773
2019-06-13,-0.0007014366542026965,-0.0007014366542026965,0.0,0.0,1.01130879957921
2019-06-14,0.0008421653449752083,0.0008421653449752083,0.0,0.0,1.0121604888032842
2019-06-17,0.0017213039899555906,0.0017213039899555906,0.0,0.0,1.0139027246911367
2019-06-18,0.001515354270366676,0.001515354270366676,0.0,0.0,1.0154391465147339
2019-06-19,0.012790838593665164,0.012790838593665164,0.0,0.0,1.028427464739493
2019-06-20,0.0016544164623325153,0.0016544164623325153,0.0,0.0,1.030128912067473
2019-06-21,-0.003094104936004369,-0.003094104936004369,0.0,0.0,1.0269415851159243
2019-06-24,0.004654662444571778,0.004654662444571778,0.0,0.0,1.0317216515449323
2019-06-25,-0.0021695075437558695,-0.0021695075437558695,0.0,0.0,1.0294833236388494
2019-06-26,-0.000993897529723174,-0.000993897529723174,0.0,0.0,1.0284601227065937
2019-06-27,0.004182133480553688,0.004182133480553688,0.0,0.0,1.0327612802191792
2019-06-28,-0.003686322873609223,-0.003686322873609223,0.0,0.0,1.0289541886889293
2019-07-01,0.0015089406668271192,0.0015089406668271192,0.0,0.0,1.0305068195085443
2019-07-02,-0.0021403045286789756,-0.0021403045286789756,0.0,0.0,1.0283012210959155
2019-07-03,-0.0030482134645380197,-0.0030482134645380197,0.0,0.0,1.02516673946817
2019-07-04,0.001171177078343471,0.001171177078343471,0.0,0.0,1.0263673912549154
2019-07-05,0.0016481536343631081,0.0016481536343631081,0.0,0.0,1.028059002401004
2019-07-08,-0.0034186000193505654,-0.0034186000193505654,0.0,0.0,1.0245444798755023
2019-07-09,-0.00584509383427768,-0.00584509383427768,0.0,0.0,1.018555921253239
2019-07-10,0.004765950900420463,0.004765950900420463,0.0,0.0,1.0234103087632644
2019-07-11,0.0021807203098749696,0.0021807203098749696,0.0,0.0,1.02564208040892
2019-07-12,-0.0011266208660153235,-0.0011266208660153235,0.0,0.0,1.0244865706400679
2019-07-15,-0.002436053760982812,-0.002436053760982812,0.0,0.0,1.0219908662765838
2019-07-16,-0.0019953710031537517,-0.0019953710031537517,0.0,0.0,1.0199516153365276
2019-07-17,0.002526157139256667,0.002526157139256667,0.0,0.0,1.0225281733913063
2019-07-18,-0.0031654708772789167,-0.0031654708772789167,0.0,0.0,1.019291390237239
2019-07-19,0.0014370772009300852,0.0014370772009300852,0.0,0.0,1.0207561906552531
2019-07-22,-0.0010236145010529057,-0.0010236145010529057,0.0,0.0,1.0197113298164588
2019-07-23,-0.0014500820378264875,-0.0014500820378264875,0.0,0.0,1.0182326647333237
2019-07-24,-0.0037295956748267306,-0.0037295956748267306,0.0,0.0,1.014435068590967
2019-07-25,-0.003076418602928969,-0.003076418602928969,0.0,0.0,1.0113142416744902
2019-07-26,-0.00155145545915812,-0.00155145545915812,0.0,0.0,1.00974523267332
2019-07-29,-0.00023120606720249056,-0.00023120606720249056,0.0,0.0,1.0095117734491972
2019-07-30,-0.0020083953585380253,-0.0020083953585380253,0.0,0.0,1.0074842746890122
2019-07-31,-0.0011743396591975806,-0.0011743396591975806,0.0,0.0,1.006301145949227
2019-08-01,-0.009802359125937549,-0.009802359125937549,0.0,0.0,0.9964370207277903
2019-08-02,-0.011999501438657932,-0.011999501438657932,0.0,0.0,0.9844802732640352
2019-08-05,-0.0056486755812808235,-0.0056486755812808235,0.0,0.0,0.978919263584196
2019-08-06,-0.008560257102017308,-0.008560257102017308,0.0,0.0,0.9705394630057977
2019-08-07,-0.0017612746672317709,-0.0017612746672317709,0.0,0.0,0.9688300764360569
2019-08-08,0.006528108728217363,0.006528108728217363,0.0,0.0,0.9751547045141986
2019-08-12,-0.0035120970060231126,-0.0035120970060231126,0.0,0.0,0.971729866596065
2019-08-13,-0.008389481148511905,-0.008389481148511905,0.0,0.0,0.9635775571988113
2019-08-14,0.0006088537382829111,0.0006088537382829111,0.0,0.0,0.9641642349966373
2019-08-15,-0.010168150920662561,-0.010168150920662561,0.0,0.0,0.9543604675428863
2019-08-16,0.011647831333403915,0.011647831333403915,0.0,0.0,0.9654766973000942
2019-08-19,0.004922647028445145,0.004922647028445145,0.0,0.0,0.9702293982950916
2019-08-20,-0.0018558637805476817,-0.0018558637805476817,0.0,0.0,0.9684287846959732
2019-08-21,-0.00017680586259025046,-0.00017680586259025046,0.0,0.0,0.9682575608093378
2019-08-22,0.0012308797551002842,0.0012308797551002842,0.0,0.0,0.9694493694386609
2019-08-23,0.0025311880795545853,0.0025311880795545853,0.0,0.0,0.9719032281263158
2019-08-26,-0.01153462454605773,-0.01153462454605773,0.0,0.0,0.9606926892947772
2019-08-27,-0.001210595774302834,-0.001210595774302834,0.0,0.0,0.9595296787847134
2019-08-28,0.0026935631945123346,0.0026935631945123346,0.0,0.0,0.9621142326115302
2019-08-29,0.0013230982390531566,0.0013230982390531566,0.0,0.0,0.9633872042584664
2019-08-30,0.013485741185588302,0.013485741185588302,0.0,0.0,0.9763791947566034
2019-09-02,0.0030031783376669777,0.0030031783376669777,0.0,0.0,0.9793114356036451
2019-09-03,-0.00531844176412623,-0.00531844176412623,0.0,0.0,0.9741030247644442
2019-09-04,0.00709905205174261,0.00709905205174261,0.0,0.0,0.981018232841007
2019-09-05,0.004294216098936712,0.004294216098936712,0.0,0.0,0.9852309371298233
2019-09-06,0.0028771270922853046,0.0028771270922853046,0.0,0.0,0.9880655717511972
2019-09-09,0.005390108080440454,0.005390108080440454,0.0,0.0,0.9933913519734984
2019-09-10,0.005100155112358191,0.005100155112358191,0.0,0.0,0.9984578019558384
2019-09-11,0.0027831012000119155,0.0027831012000119155,0.0,0.0,1.001236611062623
2019-09-12,0.0005415373881855478,0.0005415373881855478,0.0,0.0,1.0017788181219336
2019-09-16,0.0038150637054724643,0.0038150637054724643,0.0,0.0,1.0056006681318617
2019-09-17,-0.00028618395926579654,-0.00028618395926579654,0.0,0.0,1.0053128813512153
2019-09-18,0.0026381991377930998,0.0026381991377930998,0.0,0.0,1.0079650969280083
2019-09-19,-0.0032302172729007294,-0.0032302172729007294,0.0,0.0,1.0047091506614303
2019-09-20,0.0040608321814893,0.0040608321814893,0.0,0.0,1.008789105913473
2019-09-23,-0.004078326581702589,-0.004078326581702589,0.0,0.0,1.0046749344874941
2019-09-24,-0.0014374736120277307,-0.0014374736120277307,0.0,0.0,1.0032307407805026
2019-09-25,-0.005111285279715084,-0.005111285279715084,0.0,0.0,0.9981029422629936
2019-09-26,-0.0022202338318700696,-0.0022202338318700696,0.0,0.0,0.9958869203428922
2019-09-27,-0.008125887875262468,-0.008125887875262468,0.0,0.0,0.9877944548917453
2019-10-01,0.009033267769245271,0.009033267769245271,0.0,0.0,0.9967174667037582
2019-10-02,-0.00372657759483635,-0.00372657759483635,0.0,0.0,0.993003121723958
2019-10-03,-0.0062959493505949414,-0.0062959493505949414,0.0,0.0,0.9867512243646013
2019-10-04,0.0035398159425365284,0.0035398159425365284,0.0,0.0,0.9902441420799246
2019-10-07,0.0007550032989115331,0.0007550032989115331,0.0,0.0,0.9909917796739227
2019-10-08,0.001775187477415113,0.001775187477415113,0.0,0.0,0.992750975871421
2019-10-09,-0.00980113393079864,-0.00980113393079864,0.0,0.0,0.9830208905969742
2019-10-14,0.010170577618502737,0.010170577618502737,0.0,0.0,0.9930187808654005
2019-10-15,0.0005006256741120019,0.0005006256741120019,0.0,0.0,0.9935159115619772
2019-10-16,0.004607290050467259,0.004607290050467259,0.0,0.0,0.9980933275362975
2019-10-17,0.0047525660830563185,0.0047525660830563185,0.0,0.0,1.0028368320324714
2019-10-18,-0.0007396204662147242,-0.0007396204662147242,0.0,0.0,1.0020951133872262
2019-10-21,0.0038720059205662634,0.0038720059205662634,0.0,0.0,1.005975231599232
2019-10-22,0.0034531625127446966,0.0034531625127446966,0.0,0.0,1.0094490275577404
2019-10-23,-0.004408656905557032,-0.004408656905557032,0.0,0.0,1.00499871313159
2019-10-24,0.006178346246891013,0.006178346246891013,0.0,0.0,1.0112079431589969
2019-10-25,-0.0007282294507137157,-0.0007282294507137157,0.0,0.0,1.0104715517539928
2019-10-28,0.0006885646744045235,0.0006885646744045235,0.0,0.0,1.0111673267690213
2019-10-29,-0.00037326361494676504,-0.00037326361494676504,0.0,0.0,1.0107898947973155
2019-10-30,0.005750690677188701,0.005750690677188701,0.0,0.0,1.016602634821923
2019-10-31,-0.0016078299963217704,-0.0016078299963217704,0.0,0.0,1.0149681106113166
2019-11-01,0.0023740615603015996,0.0023740615603015996,0.0,0.0,1.0173777073876509
2019-11-04,0.007246783408569683,0.007246783408569683,0.0,0.0,1.0247504232777964
2019-11-05,0.005217641317154083,0.005217641317154083,0.0,0.0,1.0300972034260618
2019-11-06,0.0025463659083857456,0.0025463659083857456,0.0,0.0,1.0327202078271895
2019-11-07,-0.0009156243279773514,-0.0009156243279773514,0.0,0.0,1.0317746240809091
2019-11-08,-0.0005559708645927969,-0.0005559708645927969,0.0,0.0,1.031200987451094
2019-11-11,-0.008096590343399625,-0.008096590343399625,0.0,0.0,1.0228517754939932
2019-11-12,0.002973697800827865,0.002973697800827865,0.0,0.0,1.0258934275693525
2019-11-13,-0.006176175911652183,-0.006176175911652183,0.0,0.0,1.0195573292940763
2019-11-14,-0.0024910310227334574,-0.0024910310227334574,0.0,0.0,1.0170175803573496
2019-11-15,0.002890724701041356,0.002890724701041356,0.0,0.0,1.019957498198282
2019-11-18,0.005548370850912361,0.005548370850912361,0.0,0.0,1.0256166006504548
2019-11-19,0.0002036540122660779,0.0002036540122660779,0.0,0.0,1.025825471586224
2019-11-20,0.00038331229104543495,0.00038331229104543495,0.0,0.0,1.0262186830979505
2019-11-21,-0.0069491700758449355,-0.0069491700758449355,0.0,0.0,1.0190873149340933
2019-11-22,0.0030046669785174737,0.0030046669785174737,0.0,0.0,1.022149332937502
2019-11-25,0.0018987679897868842,0.0018987679897868842,0.0,0.0,1.0240901573716656
2019-11-26,-0.00041561649215431773,-0.00041561649215431773,0.0,0.0,1.0236645286128092
2019-11-27,0.006408577882745717,0.006408577882745717,0.0,0.0,1.0302247624702285
2019-11-28,-0.0021738733762323875,-0.0021738733762323875,0.0,0.0,1.0279851842875591
2019-11-29,-0.00615710081947197,-0.00615710081947197,0.0,0.0,1.021655775866977
2019-12-02,-0.0019228375985807225,-0.0019228375985807225,0.0,0.0,1.019691297728333
2019-12-03,0.0014908312050109307,0.0014908312050109307,0.0,0.0,1.0212114853344647
2019-12-04,-0.0006577425699741638,-0.0006577425699741638,0.0,0.0,1.0205397910676137
2019-12-05,0.00017155956680616516,0.00017155956680616516,0.0,0.0,1.0207148744320778
2019-12-06,-0.0009671721508466516,-0.0009671721508466516,0.0,0.0,1.019727667431572
2019-12-09,0.0033071771357334216,0.0033071771357334216,0.0,0.0,1.0231000874579765
2019-12-10,0.000555104476796323,0.000555104476796323,0.0,0.0,1.0236680148967352
2019-12-11,0.001062530592361882,0.001062530592361882,0.0,0.0,1.0247556934789854
2019-12-12,0.0033181518315688325,0.0033181518315688325,0.0,0.0,1.0281559884602134
2019-12-13,0.006016641114719424,0.006016641114719424,0.0,0.0,1.034342034052728
2019-12-16,0.0007958533163828022,0.0007958533163828022,0.0,0.0,1.0351652185908031
2019-12-17,0.005953184473943893,0.005953184473943893,0.0,0.0,1.0413277480980847
2019-12-18,0.004346059635273089,0.004346059635273089,0.0,0.0,1.0458534205911836
2019-12-19,-0.002806388886505408,-0.002806388886505408,0.0,0.0,1.0429183491747227
2019-12-20,-0.000524544938402871,-0.000524544938402871,0.0,0.0,1.0423712916334957
2019-12-23,0.004553331602569473,0.004553331602569473,0.0,0.0,1.0471175537773016
2019-12-24,-0.0035665548048894953,-0.0035665548048894953,0.0,0.0,1.043382951634593
2019-12-25,0.0015405944764656575,0.0015405944764656575,0.0,0.0,1.0449903816467196
2019-12-26,-0.0009840705280086174,-0.0009840705280086174,0.0,0.0,1.0439620374100886
2019-12-27,0.002820881290372447,0.002820881290372447,0.0,0.0,1.046906930389278
2019-12-30,-0.0018060941770226494,-0.0018060941770226494,0.0,0.0,1.0450161178784172
2019-12-31,-0.004785141399214945,-0.004785141399214945,0.0,0.0,1.0400155679899104
2020-01-02,0.002147303145491548,0.002147303145491548,0.0,0.0,1.0422487966904153
2020-01-03,0.0015053731255678551,0.0015053731255678551,0.0,0.0,1.0438177700191085
2020-01-06,-0.009452253490664876,-0.009452253490664876,0.0,0.0,1.0339513398588274
2020-01-07,-0.0022995662781043484,-0.0022995662781043484,0.0,0.0,1.0315737002244871
2020-01-08,-0.005780226739800535,-0.005780226739800535,0.0,0.0,1.0256109703383747
2020-01-09,0.006039993313476007,0.006039993313476007,0.0,0.0,1.0318056537414462
2020-01-10,0.0033886529901333362,0.0033886529901333362,0.0,0.0,1.0353020850552335
2020-01-13,0.0077201532016504875,0.0077201532016504875,0.0,0.0,1.043294775761848
2020-01-14,0.0023222284424505527,0.0023222284424505527,0.0,0.0,1.0457175445639821
2020-01-15,-0.0029704886891103706,-0.0029704886891103706,0.0,0.0,1.0426112524258506
2020-01-16,0.0015643129057192852,0.0015643129057192852,0.0,0.0,1.0442422226636685
2020-01-17,0.004555585447597855,0.004555585447597855,0.0,0.0,1.0489993573370022
2020-01-20,0.003951496556310574,0.003951496556310574,0.0,0.0,1.0531444746850913
2020-01-30,-0.05103710620273407,-0.05103710620273407,0.0,0.0,0.9993950282837657
2020-01-31,0.007227330730033015,0.007227330730033015,0.0,0.0,1.006617986683123
2020-02-03,-0.004730832629158757,-0.004730832629158757,0.0,0.0,1.0018558454666244
2020-02-04,0.010412586852513471,0.010412586852513471,0.0,0.0,1.012287756471244
2020-02-05,0.00177228014507183,0.00177228014507183,0.0,0.0,1.0140818139631373
2020-02-06,0.01141946509719344,0.01141946509719344,0.0,0.0,1.025662085843388
2020-02-07,-0.007960362742789896,-0.007960362742789896,0.0,0.0,1.0174974435885482
2020-02-10,-0.00032557310980131735,-0.00032557310980131735,0.0,0.0,1.0171661737816242
2020-02-11,0.0021711176222396155,0.0021711176222396155,0.0,0.0,1.0193745611862677
2020-02-12,0.0016867707857817435,0.0016867707857817435,0.0,0.0,1.0210940124158456
2020-02-13,0.003331990922661262,0.003331990922661262,0.0,0.0,1.024496288396399
2020-02-14,0.0004406860798869397,0.0004406860798869397,0.0,0.0,1.0249477696495912
2020-02-17,-0.002332169173969521,-0.002332169173969521,0.0,0.0,1.0225574180562857
2020-02-18,0.0016722720449592653,0.0016722720449592653,0.0,0.0,1.024267412240867
2020-02-19,0.009394108108462161,0.009394108108462161,0.0,0.0,1.0338894910434324
2020-02-20,-0.003903732216248827,-0.003903732216248827,0.0,0.0,1.0298534633292051
2020-02-21,-0.004568439073954329,-0.004568439073954329,0.0,0.0,1.0251486405268848
2020-02-24,-0.009530094633000134,-0.009530094633000134,0.0,0.0,1.0153788769697722
2020-02-25,-0.003103042760589777,-0.003103042760589777,0.0,0.0,1.0122281128963353
2020-02-26,-0.006370810109571402,-0.006370810109571402,0.0,0.0,1.005779399801503
2020-02-27,-0.006985882046516116,-0.006985882046516116,0.0,0.0,0.9987531435496739
2020-03-02,-0.01189818777946694,-0.01189818777946694,0.0,0.0,0.986869791102387
2020-03-03,0.008352283229648254,0.008352283229648254,0.0,0.0,0.995112407108458
2020-03-04,0.006697357903333626,0.006697357903333626,0.0,0.0,1.0017770310529113
2020-03-05,0.009233347409339841,0.009233347409339841,0.0,0.0,1.0110267864073197
2020-03-06,-0.014485102237775507,-0.015379353056814427,0.2956201054674114,0.0008942508190389197,0.9954778485092649
2020-03-09,-0.02249886659548708,-0.02249886659548708,0.0,0.0,0.9730807251968925
2020-03-10,-0.00039199655865589827,-0.00039199655865589827,0.0,0.0,0.972699280901321
2020-03-11,-0.0027465548327239245,-0.0027465548327239245,0.0,0.0,0.9700277089905743
2020-03-12,-0.038028563153503434,-0.038028563153503434,0.0,0.0,0.933138948998578
2020-03-13,-0.027284571087699223,-0.027284571087699223,0.0,0.0,0.9076786530099253
2020-03-16,-0.03418998640653015,-0.03418998640653015,0.0,0.0,0.8766451322020185
2020-03-17,-0.033818171631993736,-0.033818171631993736,0.0,0.0,0.8469985966608587
2020-03-18,-0.019553892910310667,-0.019553892910310667,0.0,0.0,0.830436476806569
2020-03-19,-0.06637618958661531,-0.06637618958661531,0.0,0.0,0.7753152677824153
2020-03-20,0.057608796231092746,0.057608796231092746,0.0,0.0,0.8199802470589476
2020-03-23,-0.03845680783936128,-0.03845680783936128,0.0,0.0,0.7884464242657296
2020-03-24,0.03893303966272076,0.03893303966272076,0.0,0.0,0.8191430401735976
2020-03-25,0.039844144684102106,0.039844144684102106,0.0,0.0,0.8517810939832496
2020-03-26,0.002365801113569133,0.002365801113569133,0.0,0.0,0.8537962386439124
2020-03-27,0.01083652092207139,0.01083652092207139,0.0,0.0,0.8630484194471629
2020-03-30,-0.009075703615561533,-0.009075703615561533,0.0,0.0,0.8552156477863816
2020-03-31,-0.0010071581476306614,-0.0010071581476306614,0.0,0.0,0.8543543103787323
2020-04-01,-0.0026470729461047365,-0.0026470729461047365,0.0,0.0,0.8520927721973408
2020-04-06,0.013845918911911378,0.013845918911911378,0.0,0.0,0.863890779626611
2020-04-07,0.008755027832573245,0.008755027832573245,0.0,0.0,0.8714541674465454
2020-04-08,0.010343759558520814,0.010343759558520814,0.0,0.0,0.8804682798208833
2020-04-09,0.005830314695183364,0.005830314695183364,0.0,0.0,0.8856016869713659
2020-04-10,0.015832736602694183,0.015832736602694183,0.0,0.0,0.8996231852160852
2020-04-13,-0.007847274525466293,-0.007847274525466293,0.0,0.0,0.8925635951122202
2020-04-14,0.02072925113862239,0.02072925113862239,0.0,0.0,0.911065770032493
2020-04-15,0.014467055764793273,0.014467055764793273,0.0,0.0,0.9242462093329473
2020-04-16,-0.012341726941065924,-0.012341726941065924,0.0,0.0,0.9128394149910448
2020-04-17,0.0033615355848921114,0.0033615355848921114,0.0,0.0,0.9159079571678294
2020-04-20,-0.002887845790250575,-0.002887845790250575,0.0,0.0,0.9132629562294652
2020-04-21,-0.028074820070512277,-0.028074820070512277,0.0,0.0,0.8876232630562588
2020-04-22,0.00014026423437944998,0.00014026423437944998,0.0,0.0,0.8877477648536689
2020-04-23,0.0026525446212407955,0.0026525446212407955,0.0,0.0,0.8901025554123501
2020-04-24,-0.0010652580207031138,-0.0010652580207031138,0.0,0.0,0.8891543665259487
2020-04-27,0.022522730107371366,0.022522730107371366,0.0,0.0,0.9091805503470034
2020-04-28,0.008327919900508587,0.008327919900508587,0.0,0.0,0.9167521331453936
2020-04-29,0.013091662485233826,0.013091662485233826,0.0,0.0,0.9287539426551512
2020-04-30,0.01661213232934433,0.01661213232934433,0.0,0.0,0.9441825260519388
2020-05-04,-0.022583939803786007,-0.022583939803786007,0.0,0.0,0.9228591647197951
2020-05-05,0.005828318752217098,0.005828318752217098,0.0,0.0,0.9282378820951869
2020-05-06,-0.00576710138063269,-0.00576710138063269,0.0,0.0,0.9228846401238001
2020-05-07,0.002448587756417382,0.002448587756417382,0.0,0.0,0.9251444041541929
2020-05-08,0.004415955330224264,0.004415955330224264,0.0,0.0,0.9292298005169448
2020-05-11,0.011116699638878442,0.011116699638878442,0.0,0.0,0.9395597691047867
2020-05-12,-0.007920909175980671,-0.007920909175980671,0.0,0.0,0.9321176015083023
2020-05-13,0.0029410911795316316,0.0029410911795316316,0.0,0.0,0.9348590443643844
2020-05-14,-0.010481005526204224,-0.010481005526204224,0.0,0.0,0.9250607815541793
2020-05-15,-0.0008297773036862113,-0.0008297773036862113,0.0,0.0,0.9242931871131154
2020-05-18,-0.00021137849351249356,-0.00021137849351249356,0.0,0.0,0.9240978114116596
2020-05-19,0.011459122165148373,0.011459122165148373,0.0,0.0,0.934687161125172
2020-05-20,0.0018090866455379244,0.0018090866455379244,0.0,0.0,0.9363780911861195
2020-05-21,0.005830192670714045,0.005830192670714045,0.0,0.0,0.94183735587037
2020-05-22,-0.015305238863935504,-0.015305238863935504,0.0,0.0,0.9274223101677965
2020-05-25,0.002414714861468083,0.002414714861468083,0.0,0.0,0.9296617706030158
2020-05-26,0.012391711186670533,0.012391711186670533,0.0,0.0,0.9411818707656171
2020-05-27,0.0017749211563509286,0.0017749211563509286,0.0,0.0,0.9428523943800129
2020-05-28,-0.004948588604951415,-0.004948588604951415,0.0,0.0,0.9381866057650328
2020-05-29,0.0021963280103122905,0.0021963280103122905,0.0,0.0,0.9402471712861744
2020-06-01,0.009129289908874207,0.009129289908874207,0.0,0.0,0.9488309602988447
2020-06-02,0.008595930303187456,0.008595930303187456,0.0,0.0,0.9569870451030801
2020-06-03,0.01786089773804866,0.01786089773804866,0.0,0.0,0.9740796928523034
2020-06-04,0.0007699027013606718,0.0007699027013606718,0.0,0.0,0.9748296394391709
2020-06-05,0.0022554401244241694,0.0022554401244241694,0.0,0.0,0.9770283093224399
2020-06-08,0.010314492404288774,0.010314492404288774,0.0,0.0,0.9871058603977214
2020-06-09,-0.0009657444854515553,-0.0009657444854515553,0.0,0.0,0.9861525683564855
2020-06-10,0.0067899887111217486,0.0067899887111217486,0.0,0.0,0.9928485331630698
2020-06-11,-0.021310865079071022,-0.021310865079071022,0.0,0.0,0.971690072028878
2020-06-12,-0.00987006598247757,-0.00987006598247757,0.0,0.0,0.9620994269034346
2020-06-15,-0.008219941556945118,-0.008219941556945118,0.0,0.0,0.954191025842318
2020-06-16,0.013833924386559117,0.013833924386559117,0.0,0.0,0.9673912323441538
2020-06-17,0.003577314421117361,0.003577314421117361,0.0,0.0,0.970851894950481
2020-06-18,-0.005427711264317564,-0.005427711264317564,0.0,0.0,0.9655823911842742
2020-06-19,-0.006558252042147187,-0.006558252042147187,0.0,0.0,0.9592498584954285
2020-06-22,0.0042859192933964365,0.0042859192933964365,0.0,0.0,0.9633611259711419
2020-06-23,0.003432696900241173,0.003432696900241173,0.0,0.0,0.9666680527220759
2020-06-24,0.0026928003001645533,0.0026928003001645533,0.0,0.0,0.9692710967446053
2020-06-29,-0.0077591086148465944,-0.0077591086148465944,0.0,0.0,0.9617504170277325
2020-06-30,0.005650599025175174,0.005650599025175174,0.0,0.0,0.9671848829966512
2020-07-01,0.0047556591233951125,0.0047556591233951125,0.0,0.0,0.971784484609484
2020-07-02,0.005157316129422819,0.005157316129422819,0.0,0.0,0.9767962844062832
2020-07-03,0.0018656746063120903,0.0018656746063120903,0.0,0.0,0.9786186684296401
2020-07-06,0.01075723360278486,0.01075723360278486,0.0,0.0,0.9891458980539839
2020-07-07,-0.003517022900842463,-0.003517022900842463,0.0,0.0,0.9856670492782537
2020-07-08,0.0011086305505394797,0.0011086305505394797,0.0,0.0,0.9867597898817436
2020-07-09,-0.0029705203579938225,-0.0029705203579938225,0.0,0.0,0.9838285998374502
2020-07-10,-0.00705661914147173,-0.00705661914147173,0.0,0.0,0.9768860961079099
2020-07-13,0.005553560003422257,0.005553560003422257,0.0,0.0,0.9823112916591541
2020-07-14,-0.003552709701270784,-0.003552709701270784,0.0,0.0,0.9788214248036088
2020-07-15,0.0034534593947200304,0.0034534593947200304,0.0,0.0,0.98220174484885
2020-07-16,-0.002303852660772694,-0.002303852660772694,0.0,0.0,0.9799388967455644
2020-07-17,-0.0035706067635201963,-0.0035706067635201963,0.0,0.0,0.9764399202930082
2020-07-20,-0.00013511574153754707,-0.00013511574153754707,0.0,0.0,0.9763079878891109
2020-07-21,0.0013715835698395516,0.0013715835698395516,0.0,0.0,0.9776470758844027
2020-07-22,0.005316302802362795,0.005316302802362795,0.0,0.0,0.9828445437736488
2020-07-23,-0.005490403373131289,-0.005490403373131289,0.0,0.0,0.9774483307752503
2020-07-24,-0.012597419149498253,-0.012597419149498253,0.0,0.0,0.965135004455497
2020-07-27,-0.01459103837527151,-0.01459103837527151,0.0,0.0,0.951052682568169
2020-07-28,-0.006851268646396952,-0.006851268646396952,0.0,0.0,0.944536765143018
2020-07-29,0.006123680509928875,0.006123680509928875,0.0,0.0,0.9503208065226356
2020-07-30,0.006411752586938416,0.006411752586938416,0.0,0.0,0.9564140284122786
2020-07-31,-0.006457639566050437,-0.006457639566050437,0.0,0.0,0.9502378513408779
2020-08-03,-0.008146241826969611,-0.008146241826969611,0.0,0.0,0.942496984010715
2020-08-04,0.008830899802851223,0.008830899802851223,0.0,0.0,0.9508200804410031
2020-08-05,0.004366129248134604,0.004366129248134604,0.0,0.0,0.9549714838039302
2020-08-06,0.0073775906659306395,0.0073775906659306395,0.0,0.0,0.9620168725090719
2020-08-07,-0.008110685335400273,-0.008110685335400273,0.0,0.0,0.9542142563688049
2020-08-10,0.007675050971579567,0.007675050971579567,0.0,0.0,0.9615378994242433
2020-08-11,-0.007496364087576601,-0.007496364087576601,0.0,0.0,0.9543298612461556
2020-08-12,-0.002569669310970813,-0.002569669310970813,0.0,0.0,0.9518775490891683
2020-08-13,-0.0018121732702295508,-0.0018121732702295508,0.0,0.0,0.9501525820381773
2020-08-14,-0.0013013408828548643,-0.0013013408828548643,0.0,0.0,0.9489161096382209
2020-08-17,0.00655075071378621,0.00655075071378621,0.0,0.0,0.9551322225207568
2020-08-18,-0.0001096925804686973,-0.0001096925804686973,0.0,0.0,0.9550274516025797
2020-08-19,-0.00438571032881876,-0.00438571032881876,0.0,0.0,0.9508389778437809
2020-08-20,-0.0228092548486993,-0.0228092548486993,0.0,0.0,0.9291510492780654
2020-08-21,0.01187011240663743,0.01187011240663743,0.0,0.0,0.940180176675741
2020-08-24,-0.0027505551020334277,-0.0027505551020334277,0.0,0.0,0.9375941592939548
2020-08-25,0.005983863640311357,0.005983863640311357,0.0,0.0,0.9432045948931223
2020-08-26,0.0022687527112391585,0.0022687527112391585,0.0,0.0,0.9453444928750392
2020-08-27,-0.00278405299827716,-0.00278405299827716,0.0,0.0,0.9427126037052457
2020-08-28,0.0013925844018803043,0.0013925844018803043,0.0,0.0,0.9440254105726216
2020-08-31,-0.005259668558426477,-0.005259668558426477,0.0,0.0,0.939060149802277
2020-09-01,-0.0009311314940156314,-0.0009311314940156314,0.0,0.0,0.9381857613220211
2020-09-02,-0.0021506984631516598,-0.0021506984631516598,0.0,0.0,0.9361680066469952
2020-09-03,0.002923548610649731,0.002923548610649731,0.0,0.0,0.9389049393221628
2020-09-04,-0.004588665868964847,-0.004588665868964847,0.0,0.0,0.9345966182728926
2020-09-07,0.005388142018295454,0.005388142018295454,0.0,0.0,0.9396323575819657
2020-09-08,0.00048009477325809463,0.00048009477325809463,0.0,0.0,0.9400834701656251
2020-09-09,-0.0020444257661995464,-0.0020444257661995464,0.0,0.0,0.9381615392968402
2020-09-10,0.004231960995280175,0.004231960995280175,0.0,0.0,0.9421318023384164
2020-09-11,-0.00033230624308629484,-0.00033230624308629484,0.0,0.0,0.9418187260586892
2020-09-14,0.0003100683738331504,0.0003100683738331504,0.0,0.0,0.9421107542595237
2020-09-15,0.00018565688526583763,0.00018565688526583763,0.0,0.0,0.942285663607735
2020-09-16,0.000992250622415011,0.000992250622415011,0.0,0.0,0.9432206471439425
2020-09-17,-0.0048934353427988065,-0.0048934353427988065,0.0,0.0,0.9386050578931507
2020-09-18,3.7334359100897725e-05,3.7334359100897725e-05,0.0,0.0,0.9386401001114361
2020-09-21,-0.006547005175751413,-0.006547005175751413,0.0,0.0,0.9324948185178387
2020-09-22,-0.010996792097415798,-0.010996792097415798,0.0,0.0,0.9222403668666805
2020-09-23,-0.006241803211710951,-0.006241803211710951,0.0,0.0,0.9164839239828025
2020-09-24,-0.025264782777660325,-0.025264782777660325,0.0,0.0,0.8933291567241592
2020-09-25,0.006182597019863109,0.006182597019863109,0.0,0.0,0.8988522509062787
2020-09-28,0.016714944428710698,0.016714944428710698,0.0,0.0,0.9138765163297987
2020-09-29,0.0005298115031192506,0.0005298115031192506,0.0,0.0,0.9143606986205807
2020-09-30,-0.0007127954732271314,-0.0007127954732271314,0.0,0.0,0.9137089464537071
2020-10-05,0.001258841444832971,0.001258841444832971,0.0,0.0,0.9148591611440177
2020-10-06,0.01173563453510669,0.01173563453510669,0.0,0.0,0.9255956139102982
2020-10-07,-0.005393458657000025,-0.005393458657000025,0.0,0.0,0.9206034522335724
2020-10-08,0.0030589223006097766,0.0030589223006097766,0.0,0.0,0.9234195066636279
2020-10-12,-0.001496517681029263,-0.001496517681029263,0.0,0.0,0.9220375930448985
2020-10-13,-0.0026105371812710255,-0.0026105371812710255,0.0,0.0,0.9196305796257251
2020-10-14,-0.00053429940858861,-0.00053429940858861,0.0,0.0,0.9191392215509111
2020-10-15,-0.005676854340283069,-0.005676854340283069,0.0,0.0,0.9139214020717253
2020-10-16,-0.00407775840417643,-0.00407775840417643,0.0,0.0,0.9101946513936706
2020-10-19,0.003728775921464884,0.003728775921464884,0.0,0.0,0.9135885632936334
2020-10-20,-0.00021032289119052107,-0.00021032289119052107,0.0,0.0,0.9133964147056429
2020-10-21,-0.0023788180008549927,-0.0023788180008549927,0.0,0.0,0.9112236108724246
2020-10-22,0.006574917541763052,0.006574917541763052,0.0,0.0,0.9172148309760184
2020-10-23,0.0002173932040098147,0.0002173932040098147,0.0,0.0,0.9174142272468895
2020-10-26,0.006145641857369016,0.006145641857369016,0.0,0.0,0.9230523265224039
2020-10-27,-0.002475118816156991,-0.002475118816156991,0.0,0.0,0.9207676623407307
2020-10-28,-0.002377744279493127,-0.002377744279493127,0.0,0.0,0.9185783122988578
2020-10-29,-0.00914800482817186,-0.00914800482817186,0.0,0.0,0.9101751534628938
2020-10-30,-0.0049283854035610634,-0.0049283854035610634,0.0,0.0,0.9056894595218833
2020-11-02,0.01070092618920574,0.01070092618920574,0.0,0.0,0.9153811755785686
2020-11-03,0.007428580299327933,0.007428580299327933,0.0,0.0,0.9221811581458471
2020-11-04,-0.0005675109380066818,-0.0005675109380066818,0.0,0.0,0.9216578102517757
2020-11-05,0.005501717731028324,0.005501717731028324,0.0,0.0,0.9267285113683787
2020-11-06,0.0037840605236268052,0.0037840605236268052,0.0,0.0,0.9302353081443673
2020-11-09,0.0070081129498622535,0.0070081129498622535,0.0,0.0,0.936754502253793
2020-11-10,0.009975946920474453,0.009975946920474453,0.0,0.0,0.9460995154457924
2020-11-11,0.018479624834145114,0.018479624834145114,0.0,0.0,0.9635830795469971
2020-11-12,-0.009353668051404538,-0.009353668051404538,0.0,0.0,0.9545700432809643
2020-11-13,0.00020110325386082733,0.00020110325386082733,0.0,0.0,0.9547620104227063
2020-11-16,0.007771431351359574,0.007771431351359574,0.0,0.0,0.9621818778435923
2020-11-17,0.0017066047165762229,0.0017066047165762229,0.0,0.0,0.9638239419745243
2020-11-18,0.0053275616703387235,0.0053275616703387235,0.0,0.0,0.9689587734647426
2020-11-19,-0.0031657386909373607,-0.0031657386909373607,0.0,0.0,0.965891303185662
2020-11-20,-0.0021924458242785763,-0.0021924458242785763,0.0,0.0,0.9637736388312855
2020-11-23,0.007450178526430715,0.007450178526430715,0.0,0.0,0.9709539244996463
2020-11-24,-0.0049526491225703245,-0.0049526491225703245,0.0,0.0,0.966145130397417
2020-11-25,0.001353764130702696,0.001353764130702696,0.0,0.0,0.9674530630200021
2020-11-26,0.003593606660976508,0.003593606660976508,0.0,0.0,0.9709297087914529
2020-11-27,-0.0012467897750513901,-0.0012467897750513901,0.0,0.0,0.9697191635582381
2020-11-30,-0.003000960657354015,-0.003000960657354015,0.0,0.0,0.9668090744997175
2020-12-01,0.006905518768577272,0.006905518768577272,0.0,0.0,0.9734853927093062
2020-12-02,0.001299579317991495,0.001299579317991495,0.0,0.0,0.9747505141920381
2020-12-03,-0.0007452814040331618,-0.0007452814040331618,0.0,0.0,0.9740240507602389
2020-12-04,0.009936492740746915,0.009936492740746915,0.0,0.0,0.9837024336699308
2020-12-07,0.0010110648836285578,0.0010110648836285578,0.0,0.0,0.9846970206565544
2020-12-08,-0.007976409643180521,-0.007976409643180521,0.0,0.0,0.9768426738453784
2020-12-09,4.673777304715351e-05,4.673777304715351e-05,0.0,0.0,0.9768883292965713
2020-12-10,0.00044164850842454264,0.00044164850842454264,0.0,0.0,0.9773197705701026
2020-12-11,0.005750582673392608,0.005750582673392608,0.0,0.0,0.982939928709107
2020-12-14,0.0005070286247467091,0.0005070286247467091,0.0,0.0,0.9834383073893689
2020-12-15,-0.008293225660460177,-0.008293225660460177,0.0,0.0,0.9752824315830478
2020-12-16,0.012967755874359308,0.012967755874359308,0.0,0.0,0.9879296560643683
2020-12-17,-0.001401780566140552,-0.001401780566140552,0.0,0.0,0.9865447954717833
2020-12-18,-0.005541188123873906,-0.005541188123873906,0.0,0.0,0.9810781651674454
2020-12-21,0.00822679340353458,0.00822679340353458,0.0,0.0,0.9891492925449966
2020-12-22,-0.00888527023914081,-0.00888527023914081,0.0,0.0,0.9803604337738794
2020-12-23,-0.0006325599966154464,-0.0006325599966154464,0.0,0.0,0.9797402969812095
2020-12-24,0.004202867637371665,0.004202867637371665,0.0,0.0,0.9838580157684208
2020-12-25,0.0044773423290874305,0.0044773423290874305,0.0,0.0,0.9882630849082327
2020-12-28,0.00606746573550798,0.00606746573550798,0.0,0.0,0.9942593373135807
2020-12-29,0.000796963846433464,0.000796963846433464,0.0,0.0,0.9950517260593986
2020-12-30,0.014731980665602766,0.014731980665602766,0.0,0.0,1.0097108088489803
2020-12-31,-0.0038535026599991057,-0.0038535026599991057,0.0,0.0,1.005819885561251
2021-01-04,-0.0009633042581750307,-0.0009633042581750307,0.0,0.0,1.0048509749825327
2021-01-05,0.004784034241845007,0.004784034241845007,0.0,0.0,1.0096582164548005
2021-01-06,-0.008383570139964172,-0.008383570139964172,0.0,0.0,1.0011936759797606
2021-01-07,0.005794791443049223,0.005794791443049223,0.0,0.0,1.006995384526163
2021-01-08,0.010921347386903958,0.010921347386903958,0.0,0.0,1.017993130937582
2021-01-11,0.00593445634057542,0.00593445634057542,0.0,0.0,1.0240343667281369
2021-01-12,-0.010542318307223074,-0.010542318307223074,0.0,0.0,1.0132386704765532
2021-01-13,0.00867242795838919,0.00867242795838919,0.0,0.0,1.0220259098509152
2021-01-14,0.0009295701401075382,0.0009295701401075382,0.0,0.0,1.0229759546191288
2021-01-15,-0.010942279133557416,-0.010942279133557416,0.0,0.0,1.011782266176769
2021-01-18,-0.006232244542113717,-0.006232244542113717,0.0,0.0,1.0054765916705815
2021-01-19,0.0004132076179059477,0.0004132076179059477,0.0,0.0,1.005892062257886
2021-01-20,-0.023075583721817422,-0.023075583721817422,0.0,0.0,0.9826805157601426
2021-01-21,0.0035093770834207236,0.0035093770834207236,0.0,0.0,0.9861291122424752
2021-01-22,0.0007744519504352178,0.0007744519504352178,0.0,0.0,0.9868928218568322
2021-01-25,0.010571663656552915,0.010571663656552915,0.0,0.0,0.9973259208345691
2021-01-26,-0.006612727485498784,-0.006612727485498784,0.0,0.0,0.9907308763058659
2021-01-27,0.00019707790797799144,0.00019707790797799144,0.0,0.0,0.9909261274743375
2021-01-28,-0.0068668301086178204,-0.0068668301086178204,0.0,0.0,0.9841216061067807
2021-01-29,-0.014590813471357676,-0.014590813471357676,0.0,0.0,0.9697624713189437
2021-02-01,0.009010597478246151,0.009010597478246151,0.0,0.0,0.9785006105975079
2021-02-02,0.009216691176746448,0.009216691176746448,0.0,0.0,0.9875191485416429
2021-02-03,0.00347192975810404,0.00347192975810404,0.0,0.0,0.9909477456601622
2021-02-04,-0.004057315658190136,-0.004057315658190136,0.0,0.0,0.986927157855247
2021-02-05,0.0033644979360780447,0.0033644979360780447,0.0,0.0,0.9902476722409104
2021-02-17,0.015573255177156669,0.015573255177156669,0.0,0.0,1.0056690519293034
2021-02-18,0.004670657025182135,0.004670657025182135,0.0,0.0,1.0103661871517053
2021-02-19,-0.0005173624792092408,-0.0005173624792092408,0.0,0.0,1.0098434615962113
2021-02-22,0.003705687485936457,0.003705687485936457,0.0,0.0,1.0135856258746032
2021-02-23,0.013650085362656524,0.013650085362656524,0.0,0.0,1.0274211561901532
2021-02-24,-0.00044833003041520804,-0.00044833003041520804,0.0,0.0,1.0269605324319493
2021-02-25,0.01596771005753315,0.01596771005753315,0.0,0.0,1.0433587404543525
2021-02-26,-0.018933723609288293,-0.018933723609288293,0.0,0.0,1.0236040744372548
2021-03-02,-0.0006374549606549883,-0.0006374549606549883,0.0,0.0,1.022951572942258
2021-03-03,0.011884281453492185,0.011884281453492185,0.0,0.0,1.0351086173483965
2021-03-04,-0.005611900521783428,-0.005611900521783428,0.0,0.0,1.0292996907585965
2021-03-05,-0.0015850657947431423,-0.0015850657947431423,0.0,0.0,1.0276681830262353
2021-03-08,0.0012340883523942491,0.0012340883523942491,0.0,0.0,1.0289364163610342
2021-03-09,0.015182311577595147,0.015182311577595147,0.0,0.0,1.0445580496277616
2021-03-10,0.005165439970662716,0.005165439970662716,0.0,0.0,1.0499536515289862
2021-03-11,0.0049599723978350375,0.0049599723978350375,0.0,0.0,1.0551613926595762
2021-03-12,0.003908621450939295,0.003908621450939295,0.0,0.0,1.0592856191131286
2021-03-15,0.0038249873974695496,0.0038249873974695496,0.0,0.0,1.0633373732565572
2021-03-16,0.004044205310645586,0.004044205310645586,0.0,0.0,1.0676377279084892
2021-03-17,-0.003218993833112919,-0.003218993833112919,0.0,0.0,1.0642010086463531
2021-03-18,0.004100570391023524,0.002616460667221682,0.4906147847278815,0.0014841097238018418,1.066985448727494
2021-03-19,-0.009060336053529947,-0.009060336053529947,0.0,0.0,1.0573182019977962
2021-03-22,0.00873218157176524,0.00873218157176524,0.0,0.0,1.0665508965167732
2021-03-23,0.00299380960736674,0.00299380960736674,0.0,0.0,1.0697439468375107
2021-03-24,0.002038158199551011,0.002038158199551011,0.0,0.0,1.0719242542341776
2021-03-25,0.005466338930615238,0.005466338930615238,0.0,0.0,1.0777837555157688
2021-03-26,0.0035293303767168754,0.0035293303767168754,0.0,0.0,1.0815876104636424
2021-03-29,0.013179041472062582,0.013179041472062582,0.0,0.0,1.0958418984376117
2021-03-30,0.005776812562676819,0.005776812562676819,0.0,0.0,1.102172371683214
2021-03-31,-0.0005584074248660721,-0.0005584074248660721,0.0,0.0,1.1015569104473837
2021-04-01,-0.0018988527928175578,-0.0018988527928175578,0.0,0.0,1.0994652160315332
2021-04-06,0.002123482371369197,0.002123482371369197,0.0,0.0,1.1017999110357097
2021-04-07,0.005489876763297117,0.005489876763297117,0.0,0.0,1.1078486567651076
2021-04-08,-0.002586699147072794,-0.002586699147072794,0.0,0.0,1.1049829855895676
2021-04-09,-0.0016557991993326293,-0.0016557991993326293,0.0,0.0,1.1031533556467523
2021-04-12,0.011270260191245947,0.011270260191245947,0.0,0.0,1.1155861809957373
2021-04-13,-0.0032530897273263647,-0.0032530897273263647,0.0,0.0,1.1119570790503928
2021-04-14,-0.001714212802092681,-0.001714212802092681,0.0,0.0,1.110050947990107
2021-04-15,0.010174860416747516,0.010174860416747516,0.0,0.0,1.1213455614413848
2021-04-16,0.008997635090109894,0.008997635090109894,0.0,0.0,1.1314350196131489
2021-04-19,0.019498899536415717,0.019498899536415717,0.0,0.0,1.1534967573925683
2021-04-20,0.003632480211205496,0.003632480211205496,0.0,0.0,1.1576868115374865
2021-04-21,-0.001090932898384805,-0.001090932898384805,0.0,0.0,1.156423852908754
2021-04-22,-0.003439891349436269,-0.003439891349436269,0.0,0.0,1.1524458805008515
2021-04-23,-0.0003254657391328804,-0.0003254657391328804,0.0,0.0,1.1520707988505436
2021-04-26,0.014999330351002094,0.014999330351002094,0.0,0.0,1.169351089350246
2021-04-27,0.000359132990379955,0.000359132990379955,0.0,0.0,1.1697710419037683
2021-04-28,0.0011782162035994497,0.0011782162035994497,0.0,0.0,1.1711492850998406
2021-04-29,-0.004505004955994572,-0.004505004955994572,0.0,0.0,1.1658732517662562
2021-05-03,-0.01028453954992794,-0.01028453954992794,0.0,0.0,1.1538827821982631
2021-05-04,-0.019175452738254523,-0.019175452738254523,0.0,0.0,1.1317565574427346
2021-05-05,0.0042733844511575894,0.0042733844511575894,0.0,0.0,1.136592988317806
2021-05-06,0.009131927665074927,0.009131927665074927,0.0,0.0,1.1469722732717558
2021-05-07,0.010318673337775966,0.010318673337775966,0.0,0.0,1.1588075054871334
2021-05-10,0.01100454039482348,0.01100454039482348,0.0,0.0,1.1715596494910914
2021-05-11,-0.02545016476059942,-0.02545016476059942,0.0,0.0,1.141743263384673
2021-05-12,-0.0433146342809927,-0.0433146342809927,0.0,0.0,1.0922890714883786
2021-05-13,-0.007442951263712058,-0.007442951263712058,0.0,0.0,1.0841592171634054
2021-05-14,0.010470805208733459,0.010470805208733459,0.0,0.0,1.0955112371415763
2021-05-17,-0.035101427711499086,-0.035101427711499086,0.0,0.0,1.0570572286439164
2021-05-18,0.04230407575978637,0.04230407575978637,0.0,0.0,1.1017750577268983
2021-05-19,-0.0005143539522254044,-0.0005143539522254044,0.0,0.0,1.101208355371493
2021-05-20,-0.0043656743298775965,-0.0043656743298775965,0.0,0.0,1.0964008383226012
2021-05-21,0.011298371206436961,0.011298371206436961,0.0,0.0,1.1087883819850186
2021-05-24,7.350432478417688e-05,7.350432478417688e-05,0.0,0.0,1.108869882726365
2021-05-25,0.008595783354706676,0.008595783354706676,0.0,0.0,1.1184014880068398
2021-05-26,0.0008163319767320043,0.0008163319767320043,0.0,0.0,1.1193144749043245
2021-05-27,-0.005234138918930338,-0.005234138918930338,0.0,0.0,1.1134558274487056
2021-05-28,0.012051585141823489,0.012051585141823489,0.0,0.0,1.1268747351548631
2021-05-31,0.009708086707899006,0.009708086707899006,0.0,0.0,1.1378145327926872
2021-06-01,0.005492731516361403,0.005492731516361403,0.0,0.0,1.1440642425367316
2021-06-02,0.0026991394329845373,0.0026991394329845373,0.0,0.0,1.14715223144763
2021-06-03,0.001278611366114478,0.001278611366114478,0.0,0.0,1.1486189933294224
2021-06-04,-0.0035878549104472602,-0.0035878549104472602,0.0,0.0,1.1444979150339725
2021-06-07,-0.0042213987260228784,-0.0042213987260228784,0.0,0.0,1.1396665329935123
2021-06-08,0.0012786636761289655,0.0012786636761289655,0.0,0.0,1.141123783192151
2021-06-09,-0.00748436658378029,-0.00748436658378029,0.0,0.0,1.1325831944812708
2021-06-10,0.002642724448068377,0.002642724448068377,0.0,0.0,1.135576299778798
2021-06-11,0.001437674039105937,0.001437674039105937,0.0,0.0,1.137208888344414
2021-06-15,-0.0024310348248706066,-0.0024310348248706066,0.0,0.0,1.1344442939336963
2021-06-16,-0.0014953059479600305,-0.0014953059479600305,0.0,0.0,1.132747952633348
2021-06-17,0.0021771357850499684,0.0021771357850499684,0.0,0.0,1.135214098736468
2021-06-18,-0.007041833697479663,-0.007041833697479663,0.0,0.0,1.1272201098421315
2021-06-21,-0.006561467187860241,-0.006561467187860241,0.0,0.0,1.1198238920779062
2021-06-22,0.00368458503734978,0.00368458503734978,0.0,0.0,1.1239499784351232
2021-06-23,0.011203787744818873,0.011203787744818873,0.0,0.0,1.136542475429304
2021-06-24,0.0023692988044861853,0.0023692988044861853,0.0,0.0,1.1392352841575863
2021-06-25,0.005181134739555666,0.005181134739555666,0.0,0.0,1.1451378156648628
2021-06-28,0.0033153992373239865,0.0033153992373239865,0.0,0.0,1.148934404705549
2021-06-29,-0.005650831372997703,-0.005650831372997703,0.0,0.0,1.1424419701259223
2021-06-30,0.004536948115765173,0.004536948115765173,0.0,0.0,1.147625170069656
2021-07-01,-0.003689033002403737,-0.003689033002403737,0.0,0.0,1.1433915429428798
2021-07-02,0.00030483311964371975,0.00030483311964371975,0.0,0.0,1.1437400865538894
2021-07-05,0.00968779184735774,0.00968779184735774,0.0,0.0,1.1548204024399022
2021-07-06,0.001857019629128341,0.001857019629128341,0.0,0.0,1.156964926595351
2021-07-07,-0.0011957017305939009,-0.0011957017305939009,0.0,0.0,1.1555815416303845
2021-07-08,0.006408031431310884,0.006408031431310884,0.0,0.0,1.1629865444705947
2021-07-09,-0.0023721274218862142,-0.0023721274218862142,0.0,0.0,1.1602277921971713
2021-07-12,0.0031574324306423754,0.0031574324306423754,0.0,0.0,1.1638911330551873
2021-07-13,0.0018603422894203309,0.0018603422894203309,0.0,0.0,1.1660563689502912
2021-07-14,-0.0012782139902063555,-0.0012782139902063555,0.0,0.0,1.1645658993861296
2021-07-15,0.004410381653462367,0.004410381653462367,0.0,0.0,1.1697020794630302
2021-07-16,0.009076588457675637,0.009076588457675637,0.0,0.0,1.1803189838564034
2021-07-19,-0.0015066539335019241,-0.0015066539335019241,0.0,0.0,1.1785406516165893
2021-07-20,-0.012304264390275816,-0.012304264390275816,0.0,0.0,1.1640395758444109
2021-07-21,-0.00198647489097411,-0.00198647489097411,0.0,0.0,1.1617272404548957
2021-07-22,0.007611720499272709,0.007611720499272709,0.0,0.0,1.1705699835056298
2021-07-23,0.001999069786282101,0.001999069786282101,0.0,0.0,1.1729100345923846
2021-07-26,-0.007074275767140811,-0.007074275767140811,0.0,0.0,1.1646125455576315
2021-07-27,-0.006711895440051507,-0.006711895440051507,0.0,0.0,1.1567957879236765
2021-07-28,-0.005087377659755989,-0.005087377659755989,0.0,0.0,1.1509107308752937
2021-07-29,0.004990173610141934,0.004990173610141934,0.0,0.0,1.1566539752321368
2021-07-30,-0.006505123580084369,-0.006505123580084369,0.0,0.0,1.149129798183856
2021-08-02,0.010645873583606765,0.010645873583606765,0.0,0.0,1.1613632887464769
2021-08-03,0.0012573453126157336,0.0012573453126157336,0.0,0.0,1.1628235234338262
2021-08-04,0.004412434880546072,0.004412434880546072,0.0,0.0,1.1679544065085452
2021-08-05,0.0017805503521907506,0.0017805503521907506,0.0,0.0,1.1700340081383969
2021-08-06,-0.002020430214281818,-0.002020430214281818,0.0,0.0,1.1676700360766168
2021-08-09,-0.004299324670924316,-0.004299324670924316,0.0,0.0,1.1626498434830135
2021-08-10,-0.004876361484283498,-0.004876361484283498,0.0,0.0,1.1569803425665446
2021-08-11,-0.002205729626070319,-0.002205729626070319,0.0,0.0,1.1544283567481646
2021-08-12,-0.004799061451305609,-0.004799061451305609,0.0,0.0,1.1488881841230003
2021-08-13,-0.005006031196612555,-0.005006031196612555,0.0,0.0,1.143136814031861
2021-08-16,-0.012374824705094399,-0.012374824705094399,0.0,0.0,1.1289906963442766
2021-08-17,0.001683386863939395,0.001683386863939395,0.0,0.0,1.1308912244520124
2021-08-18,0.005885011930422283,0.005885011930422283,0.0,0.0,1.1375465327999223
2021-08-19,-0.014903767417903353,-0.014903767417903353,0.0,0.0,1.12059280384803
2021-08-20,-0.0021037955082052234,-0.0021037955082052234,0.0,0.0,1.1182353057407672
2021-08-23,0.005914906852865772,0.005914906852865772,0.0,0.0,1.1248495634138096
2021-08-24,0.007328926247008549,0.007328926247008549,0.0,0.0,1.1330935029030493
2021-08-25,0.0021765348454847325,0.0021765348454847325,0.0,0.0,1.1355597203953103
2021-08-26,-0.0028052626446988652,-0.0028052626446988652,0.0,0.0,1.1323741771308606
2021-08-27,0.014009040329580573,0.014009040329580573,0.0,0.0,1.1482376526464624
2021-08-30,0.013605023749505802,0.013605023749505802,0.0,0.0,1.1638594531807942
2021-08-31,0.0013516247141365997,0.0013516247141365997,0.0,0.0,1.1654325543814947
2021-09-01,-0.006351063006148042,-0.006351063006148042,0.0,0.0,1.1580308187992017
2021-09-02,-0.009523272539588599,-0.009523272539588599,0.0,0.0,1.147002575702534
2021-09-03,0.008197576743485962,0.008197576743485962,0.0,0.0,1.1564052173418313
2021-09-06,-0.006568126267384023,-0.006568126267384023,0.0,0.0,1.1488098018580686
2021-09-07,-0.0022969452127247687,-0.0022969452127247687,0.0,0.0,1.1461710486833594
2021-09-08,-0.005359104467420248,-0.005359104467420248,0.0,0.0,1.1400285982959326
2021-09-09,-0.0015111686147974653,-0.0015111686147974653,0.0,0.0,1.1383058228582161
2021-09-10,0.007501807245492864,0.007501807245492864,0.0,0.0,1.1468451737277205
2021-09-13,0.0044197855269396125,0.0044197855269396125,0.0,0.0,1.1519139834282028
2021-09-14,0.0023165047038335917,0.0023165047038335917,0.0,0.0,1.154582397589226
2021-09-15,0.00020734329590107634,0.00020734329590107634,0.0,0.0,1.1548217925089315
2021-09-16,0.00010539919288363331,0.00010539919288363331,0.0,0.0,1.1549435097937863
2021-09-17,-0.004351033108025175,-0.004351033108025175,0.0,0.0,1.1499183123447747
2021-09-22,-0.0122624371705998,-0.0122624371705998,0.0,0.0,1.1358175112883246
2021-09-23,0.006547646894837684,0.006547646894837684,0.0,0.0,1.143254443289214
2021-09-24,0.0034152882826695755,0.0034152882826695755,0.0,0.0,1.1471589867934897
2021-09-27,0.0031273845026947313,0.0031273845026947313,0.0,0.0,1.1507465940309145
2021-09-28,-0.0012758443714748907,-0.0012758443714748907,0.0,0.0,1.1492784204659263
2021-09-29,-0.006888547518058053,-0.006888547518058053,0.0,0.0,1.141361561455068
2021-09-30,0.0017993322797074842,0.0017993322797074842,0.0,0.0,1.1434152501554113
2021-10-01,-0.012652584462383308,-0.012652584462383308,0.0,0.0,1.128948092127243
2021-10-04,-0.0021877046111948924,-0.0021877046111948924,0.0,0.0,1.1264782871802965
2021-10-05,0.002124618546718908,0.002124618546718908,0.0,0.0,1.128871623841716
2021-10-06,0.002309489679106341,0.002309489679106341,0.0,0.0,1.1314787412060143
2021-10-07,0.008937157402375018,0.008937157402375018,0.0,0.0,1.1415909448136137
2021-10-08,-0.0015795781111716362,-0.0015795781111716362,0.0,0.0,1.1397877127452745
2021-10-12,-0.003841749896092935,-0.003841749896092935,0.0,0.0,1.1354089334182673
2021-10-13,-0.0018379463851914421,-0.0018379463851914421,0.0,0.0,1.1333221126733772
2021-10-14,-0.002514160433048233,-0.002514160433048233,0.0,0.0,1.1304727590597952
2021-10-15,0.008888198505328734,0.008888198505328734,0.0,0.0,1.1405206253471851
2021-10-18,0.0028364422859059758,0.0028364422859059758,0.0,0.0,1.1437556462768679
2021-10-19,0.0018333541324057428,0.0018333541324057428,0.0,0.0,1.1458525554174321
2021-10-20,-0.00014187845658513066,-0.00014187845658513066,0.0,0.0,1.1456899836253955
2021-10-21,0.0006504961096538645,0.0006504961096538645,0.0,0.0,1.1464352505026132
2021-10-22,0.0001854907914718978,0.0001854907914718978,0.0,0.0,1.1466479036846
2021-10-25,0.0019385716214544322,0.0019385716214544322,0.0,0.0,1.148870762770483
2021-10-26,0.005735426611351813,0.005735426611351813,0.0,0.0,1.155460026716281
2021-10-27,0.0008089313006048089,0.0008089313006048089,0.0,0.0,1.1563947144984894
2021-10-28,0.0010306925325476294,0.0010306925325476294,0.0,0.0,1.1575866018954006
2021-10-29,-0.0031798816641627945,-0.0031798816641627945,0.0,0.0,1.153905613485353
2021-11-01,0.0005814396371081924,0.0005814396371081924,0.0,0.0,1.1545765399465149
2021-11-02,-0.0010304105531571766,-0.0010304105531571766,0.0,0.0,1.1533868520953263
2021-11-03,0.0045595791641031055,0.0045595791641031055,0.0,0.0,1.1586458107542907
2021-11-04,4.920257613434545e-06,4.920257613434545e-06,0.0,0.0,1.1586515115901623
2021-11-05,0.0038420542939815614,0.0038420542939815614,0.0,0.0,1.1631031136054957
2021-11-08,0.003871553689705471,0.003871553689705471,0.0,0.0,1.1676061297564828
2021-11-09,0.00039707040126831894,0.00039707040126831894,0.0,0.0,1.1680697515909486
2021-11-10,0.0025236870026227073,0.0025236870026227073,0.0,0.0,1.1710175940411953
2021-11-11,0.0011254837435452475,0.0011254837435452475,0.0,0.0,1.172335555306694
2021-11-12,0.007898041128116389,0.007898041128116389,0.0,0.0,1.1815947097384596
2021-11-15,0.004211048673512516,0.004211048673512516,0.0,0.0,1.1865704625735332
2021-11-16,0.0016034495809338438,0.0016034495809338438,0.0,0.0,1.188473068484495
2021-11-17,0.012299913468636637,0.012299913468636637,0.0,0.0,1.2030911843866594
2021-11-18,0.0070534524918070335,0.0070534524918070335,0.0,0.0,1.2115771308990426
2021-11-19,-0.00976887491488714,-0.00976887491488714,0.0,0.0,1.199741385457552
2021-11-22,-0.0020668959598882275,-0.0020668959598882275,0.0,0.0,1.1972616448350393
2021-11-23,-0.003623189454663375,-0.003623189454663375,0.0,0.0,1.1929237390690002
2021-11-24,0.005800303819188493,0.005800303819188493,0.0,0.0,1.1998430591887228
2021-11-25,0.0002503913026118253,0.0002503913026118253,0.0,0.0,1.2001434894552427
2021-11-26,-0.015382481159122975,-0.015382481159122975,0.0,0.0,1.1816823048404534
2021-11-29,-0.005880433942979123,-0.005880433942979123,0.0,0.0,1.174733500105252
2021-11-30,-0.000667008083505518,-0.000667008083505518,0.0,0.0,1.173949943364717
2021-12-01,0.01046255243928705,0.01046255243928705,0.0,0.0,1.1862324562082682
2021-12-02,-0.0006054283774001613,-0.0006054283774001613,0.0,0.0,1.1855142774170866
2021-12-03,0.003593071662237331,0.003593071662237331,0.0,0.0,1.1897739151724518
2021-12-06,0.005303224192583887,0.005303224192583887,0.0,0.0,1.1960835529830995
2021-12-07,0.0073851038906870645,0.0073851038906870645,0.0,0.0,1.204916754283822
2021-12-08,0.0014803537022521683,0.0014803537022521683,0.0,0.0,1.2067004572619315
2021-12-09,0.0044029043994201315,0.0044029043994201315,0.0,0.0,1.2120134440139922
2021-12-10,-0.0008563007470055827,-0.0008563007470055827,0.0,0.0,1.2109755959965023
2021-12-13,-0.003637636740571409,-0.003637636740571409,0.0,0.0,1.2065705066765702
2021-12-14,-0.006664788091466105,-0.006664788091466105,0.0,0.0,1.198528969932158
2021-12-15,0.0001988749800162715,0.0001988749800162715,0.0,0.0,1.1987673273571022
2021-12-16,0.00410202105166097,0.00410202105166097,0.0,0.0,1.2036846961699643
2021-12-17,0.004945512351637405,0.004945512351637405,0.0,0.0,1.2096375337023497
2021-12-20,-0.006048362028771448,-0.006048362028771448,0.0,0.0,1.2023212079749277
2021-12-21,0.005462037655318702,0.005462037655318702,0.0,0.0,1.208888331686675
2021-12-22,0.000150300934214898,0.000150300934214898,0.0,0.0,1.209070028732289
2021-12-23,0.004260118827225391,0.004260118827225391,0.0,0.0,1.2142208107251253
2021-12-24,0.0018622871388007953,0.0018622871388007953,0.0,0.0,1.216482038524603
2021-12-27,0.002328742457293387,0.002328742457293387,0.0,0.0,1.2193149118962499
2021-12-28,0.005977773743052648,0.005977773743052648,0.0,0.0,1.2266037005610957
2021-12-29,0.005782038326755009,0.005782038326755009,0.0,0.0,1.2336959701694796
2021-12-30,-0.0016515394472739172,-0.0016515394472739172,0.0,0.0,1.2316584726088018
2022-01-03,-0.00514247396197026,-0.00514247396197026,0.0,0.0,1.225324700983371
2022-01-04,0.001652993005398512,0.001652993005398512,0.0,0.0,1.2273501541434386
2022-01-05,0.002995115846094729,0.002995115846094729,0.0,0.0,1.2310262100388205
2022-01-06,0.002861039935972829,0.002861039935972829,0.0,0.0,1.2345482251879707
2022-01-07,0.0008055293304227273,0.0008055293304227273,0.0,0.0,1.235542689993181
2022-01-10,0.0044238562540328315,0.0044238562540328315,0.0,0.0,1.241008553249432
2022-01-11,0.011505953618177606,0.011505953618177606,0.0,0.0,1.2552875401028816
2022-01-12,0.0029617841900497367,0.0029617841900497367,0.0,0.0,1.2590054308931247
2022-01-13,0.012856362725741291,0.012856362725741291,0.0,0.0,1.2751916613863647
2022-01-14,-0.006672256607510234,-0.006672256607510234,0.0,0.0,1.2666832553978375
2022-01-17,-0.0023929209789603847,-0.0023929209789603847,0.0,0.0,1.2636521824622982
2022-01-18,0.004684894435009866,0.004684894435009866,0.0,0.0,1.2695722595397039
2022-01-19,-0.004210378718111021,-0.004210378718111021,0.0,0.0,1.2642268795170337
2022-01-20,-0.0006929506093124125,-0.0006929506093124125,0.0,0.0,1.2633508327305634
2022-01-21,-0.011680658892410996,-0.011680658892410996,0.0,0.0,1.2485940625919942
2022-01-24,-0.002948538968680032,-0.002948538968680032,0.0,0.0,1.2449125343423793
2022-01-25,-0.0078513005540167,-0.0078513005540167,0.0,0.0,1.2351383518717947
2022-01-26,0.0019397612487164761,0.0019397612487164761,0.0,0.0,1.237534225383559
2022-02-07,0.021640969401649893,0.021640969401649893,0.0,0.0,1.2643156656885792
2022-02-08,0.00917037860504545,0.00917037860504545,0.0,0.0,1.2759099190192336
2022-02-09,0.00796465589939878,0.00796465589939878,0.0,0.0,1.2860721024828516
2022-02-10,0.002870500656733582,0.002870500656733582,0.0,0.0,1.2897637732976355
2022-02-11,-0.002175416360590926,-0.002175416360590926,0.0,0.0,1.2869580000839063
2022-02-14,-0.009228799742826517,-0.009228799742826517,0.0,0.0,1.2750809224237034
2022-02-15,-0.003741589489514169,-0.003741589489514169,0.0,0.0,1.2703100930460829
2022-02-16,0.008112478999063533,0.008112478999063533,0.0,0.0,1.2806154569982178
2022-02-17,0.003629217680824969,0.003629217680824969,0.0,0.0,1.2852630892570935
2022-02-18,0.00037818120622832565,0.00037818120622832565,0.0,0.0,1.2857491516025095
2022-02-21,0.003367494856614954,0.003367494856614954,0.0,0.0,1.290078905257428
2022-02-22,-0.008247477874068473,-0.008247477874068473,0.0,0.0,1.279439008030515
2022-02-23,0.004082693001318024,0.004082693001318024,0.0,0.0,1.2846625647142145
2022-02-24,-0.01661211458416949,-0.01661211458416949,0.0,0.0,1.263321602987189
2022-02-25,-0.0017610357035001789,-0.0017610357035001789,0.0,0.0,1.2610968485393255
2022-03-01,0.011753871752265785,0.011753871752265785,0.0,0.0,1.2759196191642432
2022-03-02,0.002104780212408404,0.002104780212408404,0.0,0.0,1.2786051495312838
2022-03-03,0.0018969944820194983,0.0018969944820194983,0.0,0.0,1.2810306564446263
2022-03-04,-0.009232995608212481,-0.009232995608212481,0.0,0.0,1.2692029060196877
2022-03-07,-0.022106555573324155,-0.022106555573324155,0.0,0.0,1.2411452014439388
2022-03-08,-0.012612272267209028,-0.012612272267209028,0.0,0.0,1.2254915402401878
2022-03-09,0.004273987295170485,0.004273987295170485,0.0,0.0,1.2307292755135133
2022-03-10,0.02260639613082149,0.02260639613082149,0.0,0.0,1.2585516290455705
2022-03-11,-0.003950957057036882,-0.003950957057036882,0.0,0.0,1.2535791456051477
2022-03-14,0.00487737470412227,0.00487737470412227,0.0,0.0,1.2596933208195373
2022-03-15,-0.0011819362678106217,-0.0011819362678106217,0.0,0.0,1.2582044435973418
2022-03-16,0.010035082398826813,0.010035082398826813,0.0,0.0,1.2708306288634112
2022-03-17,0.011422791730186642,0.011422791730186642,0.0,0.0,1.28534706246126
2022-03-18,0.006292739349459677,0.006292739349459677,0.0,0.0,1.2934354164989224
2022-03-21,0.0005669346603546589,0.0005669346603546589,0.0,0.0,1.294168709867466
2022-03-22,0.003525589643342452,0.003525589643342452,0.0,0.0,1.2987314176677125
2022-03-23,0.010428765902666415,0.010428765902666415,0.0,0.0,1.3122755835930073
2022-03-24,0.0013829137051398022,0.0013829137051398022,0.0,0.0,1.3140903474824783
2022-03-25,-0.003748391138727573,-0.003748391138727573,0.0,0.0,1.3091646228684874
2022-03-28,0.0020943709504148006,0.0020943709504148006,0.0,0.0,1.311906499223934
2022-03-29,-0.0024812194684755047,-0.003110237635069079,0.20793988978299976,0.0006290181665935744,1.307826158256356
2022-03-30,0.008902563737873537,0.008902563737873537,0.0,0.0,1.3194691639882914
2022-03-31,0.0058029382138312605,0.0058029382138312605,0.0,0.0,1.3271259620219709
2022-04-01,0.0031697363828787793,0.0031697363828787793,0.0,0.0,1.331332601468455
2022-04-06,0.013999239362153372,0.013999239362153372,0.0,0.0,1.3499702452270501
2022-04-07,-0.014886741709115713,-0.014886741709115713,0.0,0.0,1.3298735868713634
2022-04-08,0.012043825112313947,0.012043825112313947,0.0,0.0,1.3458903517731278
2022-04-11,-0.0036831352029236576,-0.0036831352029236576,0.0,0.0,1.3409332556392368
2022-04-12,-0.006140454833898593,-0.006140454833898593,0.0,0.0,1.3326993155477116
2022-04-13,0.007339705084651014,0.007339705084651014,0.0,0.0,1.3424809354903482
2022-04-14,-0.01516089877805103,-0.01516089877805103,0.0,0.0,1.3221277179159157
2022-04-15,-0.004887485046457433,-0.004887485046457433,0.0,0.0,1.3156658384650948
2022-04-18,-0.013960628556983906,-0.013960628556983906,0.0,0.0,1.297298316389171
2022-04-19,0.0007509863559410348,0.0007509863559410348,0.0,0.0,1.2982725697243644
2022-04-20,0.00867761539839365,0.00867761539839365,0.0,0.0,1.3095384797667167
2022-04-21,-0.006269979903538501,-0.006269979903538501,0.0,0.0,1.301327699815669
2022-04-22,0.004796234638205463,0.004796234638205463,0.0,0.0,1.3075691728051813
2022-04-25,-0.014979719725879,-0.014979719725879,0.0,0.0,1.2879821530743603
2022-04-26,0.010958105534801577,0.010958105534801577,0.0,0.0,1.3020959974346902
2022-04-27,-0.013299498258245942,-0.013299498258245942,0.0,0.0,1.2847787739847385
2022-04-28,0.003452278910725102,0.003452278910725102,0.0,0.0,1.2892141886511135
2022-04-29,0.006158757575433083,0.006158757575433083,0.0,0.0,1.2971541463018244
2022-05-03,-0.007734513339142525,-0.007734513339142525,0.0,0.0,1.2871212902543288
2022-05-04,-0.0007967059402459544,-0.0007967059402459544,0.0,0.0,1.2860958330765662
2022-05-05,-0.004895039007139841,-0.004895039007139841,0.0,0.0,1.2798003438067365
2022-05-06,-0.010842586244725097,-0.010842586244725097,0.0,0.0,1.265923998202983
2022-05-09,-0.026997427672590828,-0.026997427672590828,0.0,0.0,1.231747306622501
2022-05-10,0.0007987372056150884,0.0007987372056150884,0.0,0.0,1.2327311490242165
2022-05-11,-0.007028610148342782,-0.007028610148342782,0.0,0.0,1.2240667623600068
2022-05-12,-0.024577148333110945,-0.024577148333110945,0.0,0.0,1.193982691971854
2022-05-13,0.00474687580348629,0.00474687580348629,0.0,0.0,1.1996503795221565
2022-05-16,-0.0020335960752515866,-0.0020335960752515866,0.0,0.0,1.1972107752186862
2022-05-17,-0.0012171459973405962,-0.0012171459973405962,0.0,0.0,1.195753594915656
2022-05-18,0.023170469635442417,0.023170469635442417,0.0,0.0,1.2234597672781202
2022-05-19,-0.017634250176666748,-0.017634250176666748,0.0,0.0,1.2018849716608513
2022-05-20,0.0066992883275948855,0.0066992883275948855,0.0,0.0,1.2099367456226107
2022-05-23,0.00016627454314669933,0.00016627454314669933,0.0,0.0,1.2101379273022255
2022-05-24,-0.003438325655314131,-0.003438325655314131,0.0,0.0,1.2059770790203137
2022-05-25,0.0035876621237105064,0.0035876621237105064,0.0,0.0,1.2103037173087778
2022-05-26,-0.0010515503157137321,-0.0010515503157137321,0.0,0.0,1.2090310220527323
2022-05-27,0.011752609137363928,0.011752609137363928,0.0,0.0,1.2232402910898657
2022-05-30,0.0153929748052689,0.0153929748052689,0.0,0.0,1.2420695980714016
2022-05-31,0.005025206830950135,0.005025206830950135,0.0,0.0,1.2483112547001456
2022-06-01,-0.009530240085889105,-0.009530240085889105,0.0,0.0,1.2364145487409357
2022-06-02,-0.0035284179328808687,-0.0035284179328808687,0.0,0.0,1.2320519614746834
2022-06-06,0.006322016260251322,0.006322016260251322,0.0,0.0,1.239841014008601
2022-06-07,-0.004674959399998878,-0.004674959399998878,0.0,0.0,1.2340448076056574
2022-06-08,0.004020760516453985,0.004020760516453985,0.0,0.0,1.2390066062436131
2022-06-09,-0.006301479568797581,-0.006301479568797581,0.0,0.0,1.2311990314287637
2022-06-10,-0.006250782610665808,-0.006250782610665808,0.0,0.0,1.2235030739328403
2022-06-13,-0.012739513336207266,-0.012739513336207266,0.0,0.0,1.2079162402055823
2022-06-14,0.004786458520249901,0.004786458520249901,0.0,0.0,1.2136978811852626
2022-06-15,-0.00023661879057088563,-0.00023661879057088563,0.0,0.0,1.2134106974604981
2022-06-16,-0.0050625499985310005,-0.0050625499985310005,0.0,0.0,1.207267745135852
2022-06-17,-0.010110661258386276,-0.010110661258386276,0.0,0.0,1.1950614699166076
2022-06-20,-0.01566914014405139,-0.01566914014405139,0.0,0.0,1.1763358842637281
2022-06-21,0.025562630489374332,0.025562630489374332,0.0,0.0,1.2064061238045534
2022-06-22,-0.012996544711998683,-0.012996544711998683,0.0,0.0,1.1907270126756984
2022-06-23,0.001353342107666291,0.001353342107666291,0.0,0.0,1.1923384736806881
2022-06-24,0.009188008505423471,0.009188008505423471,0.0,0.0,1.2032936897182098
2022-06-27,0.0026347128906211857,0.0026347128906211857,0.0,0.0,1.2064640231137136
2022-06-28,-0.005590691202228325,-0.005590691202228325,0.0,0.0,1.1997190553138868
2022-06-29,-0.0054706072265674095,-0.0054706072265674095,0.0,0.0,1.193155863580036
2022-06-30,-0.020499893464029948,-0.020499893464029948,0.0,0.0,1.1686962954906626
2022-07-01,-0.013515449639106052,-0.013515449639106052,0.0,0.0,1.1529008395655487
2022-07-04,-0.0021894497016293245,-0.0021894497016293245,0.0,0.0,1.1503766211663535
2022-07-05,0.005252926842111981,0.005252926842111981,0.0,0.0,1.1564194653982163
2022-07-06,-0.021788920716178502,-0.021788920716178502,0.0,0.0,1.131222333352009
2022-07-07,0.003850290568598941,0.003850290568598941,0.0,0.0,1.1355778680331028
2022-07-08,-0.0017606222612775227,-0.0017606222612775227,0.0,0.0,1.1335785443592297
2022-07-11,-0.01103631291497168,-0.01103631291497168,0.0,0.0,1.1210680168299831
2022-07-12,-0.020154333617135537,-0.020154333617135537,0.0,0.0,1.0984736380112912
2022-07-13,0.02403344661040126,0.02403344661040126,0.0,0.0,1.1248737455433688
2022-07-14,-0.006029647705889204,-0.006029647705889204,0.0,0.0,1.1180911531441382
2022-07-15,-0.01316455330313685,-0.01316455330313685,0.0,0.0,1.1033719825608066
2022-07-18,0.0130489202197819,0.0130489202197819,0.0,0.0,1.1177697955339851
2022-07-19,-0.0007132588659224799,-0.0007132588659224799,0.0,0.0,1.1169725363172602
2022-07-20,-0.0024321526781991617,-0.0024321526781991617,0.0,0.0,1.1142558885715812
2022-07-21,0.006513492930356462,0.006513492930356462,0.0,0.0,1.1215135864244004
2022-07-22,0.003952426958243913,0.003952426958243913,0.0,0.0,1.1259462869574208
2022-07-25,0.0071129232712710145,0.0071129232712710145,0.0,0.0,1.1339550565041214
2022-07-26,-0.0016246772186405826,-0.0016246772186405826,0.0,0.0,1.132112745556857
2022-07-27,0.004493072923416375,0.004493072923416375,0.0,0.0,1.1371994106801728
2022-07-28,-0.001227770364946139,-0.001227770364946139,0.0,0.0,1.1358031909447055
2022-07-29,-0.0003185959679818197,-0.0003185959679818197,0.0,0.0,1.1354413286276497
2022-08-01,0.0028351052486982288,0.0028351052486982288,0.0,0.0,1.1386604242980307
2022-08-02,-0.004951299078988897,-0.004951299078988897,0.0,0.0,1.1330225759879227
2022-08-03,-0.003389322646031593,-0.003389322646031593,0.0,0.0,1.1291823969126618
2022-08-04,-0.006240226247835919,-0.006240226247835919,0.0,0.0,1.1221360432808531
2022-08-05,0.012186053764875634,0.012186053764875634,0.0,0.0,1.1358104534357785
2022-08-08,0.0048103707233300656,0.0048103707233300656,0.0,0.0,1.1412741227882381
2022-08-09,0.007906458396216145,0.007906458396216145,0.0,0.0,1.1502975591587414
2022-08-10,0.0008636127382410986,0.0008636127382410986,0.0,0.0,1.1512909707835985
2022-08-11,0.010434850887169066,0.010434850887169066,0.0,0.0,1.1633045203914694
2022-08-12,-0.0013732053963238931,-0.0013732053963238931,0.0,0.0,1.1617070643464997
2022-08-15,7.07794806696512e-05,7.07794806696512e-05,0.0,0.0,1.1617892893692043
2022-08-16,0.0019029959293745805,0.0019029959293745805,0.0,0.0,1.164000169657665
2022-08-17,0.004712479389163272,0.004712479389163272,0.0,0.0,1.1694854964661592
2022-08-18,-0.003458263614308295,-0.003458263614308295,0.0,0.0,1.165441107326269
2022-08-19,0.0016897100721544375,0.0016897100721544375,0.0,0.0,1.167410364903821
2022-08-22,-0.003138080253430563,-0.003138080253430563,0.0,0.0,1.1637469374900662
2022-08-23,-0.010977253348213136,-0.010977253348213136,0.0,0.0,1.1509721925240306
2022-08-24,-0.004325496452823901,-0.004325496452823901,0.0,0.0,1.145993666387969
2022-08-25,0.005985514708424864,0.005985514708424864,0.0,0.0,1.152853028333896
2022-08-26,0.0039504433256373934,0.0039504433256373934,0.0,0.0,1.1574073088851187
2022-08-29,-0.012901770035183308,-0.012901770035183308,0.0,0.0,1.1424747059488425
2022-08-30,0.0017933591270184726,0.0017933591270184726,0.0,0.0,1.1445235733901435
2022-08-31,0.0054922475476152505,0.0054922475476152505,0.0,0.0,1.1508095801792835
2022-09-01,-0.012557475793395853,-0.012557475793395853,0.0,0.0,1.1363583167333742
2022-09-02,-0.005651253696849049,-0.005651253696849049,0.0,0.0,1.1299364675949894
2022-09-05,0.005196403985988179,0.005196403985988179,0.0,0.0,1.1358080739591134
2022-09-06,0.0026226015698632456,0.0026226015698632456,0.0,0.0,1.138786845996942
2022-09-07,-0.013826836604417131,-0.013826836604417131,0.0,0.0,1.1230410263500827
2022-09-08,0.01326898035979783,0.01326898035979783,0.0,0.0,1.1379426356719693
2022-09-12,0.00834286428749278,0.00834286428749278,0.0,0.0,1.1474363366483324
2022-09-13,-0.00019178023665870133,-0.00019178023665870133,0.0,0.0,1.1472162810361393
2022-09-14,-0.013343769399020995,-0.013343769399020995,0.0,0.0,1.1319080915311905
2022-09-15,0.005628964911020556,0.005628964911020556,0.0,0.0,1.1382795624609199
2022-09-16,-0.0037251556223960795,-0.0037251556223960795,0.0,0.0,1.13403929394896
2022-09-19,-0.006472887954446873,-0.006472887954446873,0.0,0.0,1.1266987846632883
2022-09-20,0.0023536430501807674,0.0023536430501807674,0.0,0.0,1.1293506314274582
2022-09-21,-0.006217787254509351,-0.006217787254509351,0.0,0.0,1.1223285694654963
2022-09-22,-0.014265147796419877,-0.014265147796419877,0.0,0.0,1.1063183865459265
2022-09-23,-0.001641962959462537,-0.001641962959462537,0.0,0.0,1.1045018527338457
2022-09-26,-0.01719821486534178,-0.01719821486534178,0.0,0.0,1.0855063925513608
2022-09-27,-0.0011120512667023236,-0.0011120512667023236,0.0,0.0,1.0842992537925107
2022-09-28,-0.014178185115395795,-0.014178185115395795,0.0,0.0,1.068925858251755
2022-09-29,0.007135615021909108,0.007135615021909108,0.0,0.0,1.0765533016632032
2022-09-30,-0.008511507446591845,-0.008511507446591845,0.0,0.0,1.067390210219444
2022-10-03,-0.013920404242293962,-0.013920404242293962,0.0,0.0,1.052531707008922
2022-10-04,0.007519808566982983,0.007519808566982983,0.0,0.0,1.0604465439563089
2022-10-05,0.0050600943449019544,0.0050600943449019544,0.0,0.0,1.065812503516453
2022-10-06,0.005584872777662385,0.005584872777662385,0.0,0.0,1.0717649307534343
2022-10-07,-0.0057776943606493245,-0.0057776943606493245,0.0,0.0,1.0655726005570785
2022-10-11,-0.020336695569063805,-0.020336695569063805,0.0,0.0,1.0439023749728136
2022-10-12,0.006092511541585483,0.006092511541585483,0.0,0.0,1.050262362240624
2022-10-13,-0.022675969510664452,-0.022675969510664452,0.0,0.0,1.0264466449362573
2022-10-14,0.0026623963981142204,0.0026623963981142204,0.0,0.0,1.029179452786592
2022-10-17,-0.0030804774159055247,-0.0030804774159055247,0.0,0.0,1.026009088725369
2022-10-18,0.006068668941269129,0.006068668941269129,0.0,0.0,1.0322355982155766
2022-10-19,-0.008677282223107739,-0.008677282223107739,0.0,0.0,1.0232785986091217
2022-10-20,0.0008155923740226154,0.0008155923740226154,0.0,0.0,1.0241131768306477
2022-10-21,0.0010182752501870923,0.0010182752501870923,0.0,0.0,1.0251560059320048
2022-10-24,-0.0009360380764783507,-0.0009360380764783507,0.0,0.0,1.024196420876122
2022-10-25,0.0050906461192791914,0.0050906461192791914,0.0,0.0,1.0294102424114349
2022-10-26,0.005914767464043435,0.005914767464043435,0.0,0.0,1.0354989646204031
2022-10-27,-0.0026836835639944623,-0.0026836835639944623,0.0,0.0,1.0327200130685181
2022-10-28,-0.00406724137707748,-0.00406724137707748,0.0,0.0,1.0285196915004298
2022-10-31,0.0037377765706277464,0.0037377765706277464,0.0,0.0,1.0323640683057493
2022-11-01,0.009103834157752766,0.009103834157752766,0.0,0.0,1.0417625395740278
2022-11-02,-0.0027669892516317732,-0.0027669892516317732,0.0,0.0,1.0388799938242739
2022-11-03,-0.005221102430999467,-0.005221102430999467,0.0,0.0,1.0334558949630013
2022-11-04,0.00904812695584819,0.00904812695584819,0.0,0.0,1.0428067351038963
2022-11-07,0.009637968365767057,0.009637968365767057,0.0,0.0,1.0528572734284365
2022-11-08,0.006510235333166081,0.006510235333166081,0.0,0.0,1.0597116220506912
2022-11-09,0.008701555900393796,0.008701555900393796,0.0,0.0,1.0689327619682623
2022-11-10,-0.007077103091611479,-0.007077103091611479,0.0,0.0,1.061367814613812
2022-11-11,0.023546574403429655,0.023546574403429655,0.0,0.0,1.0863593908300215
2022-11-14,0.00868608773619003,0.00868608773619003,0.0,0.0,1.095795603811805
2022-11-15,0.0027619446999183114,0.0027619446999183114,0.0,0.0,1.0988221306719468
2022-11-16,-0.008907695588016578,-0.008907695588016578,0.0,0.0,1.0890341576265452
2022-11-17,-0.003258587166748786,-0.003258587166748786,0.0,0.0,1.0854854448963522
2022-11-18,-0.003981464455575356,-0.003981464455575356,0.0,0.0,1.0811636231804531
2022-11-21,-0.0013843680346002315,-0.0013843680346002315,0.0,0.0,1.0796668948203496
2022-11-22,0.003639078459224045,0.003639078459224045,0.0,0.0,1.0835958873604277
2022-11-23,0.007359844505195567,0.007359844505195567,0.0,0.0,1.0915709845978698
2022-11-24,0.008305542020007932,0.008305542020007932,0.0,0.0,1.1006370732782689
2022-11-25,0.00027937640772284574,0.00027937640772284574,0.0,0.0,1.100944565310008
2022-11-28,-0.004213902125095159,-0.004213902125095159,0.0,0.0,1.0963052926666361
2022-11-29,0.013196335054321408,0.013196335054321408,0.0,0.0,1.1107725046304908
2022-11-30,0.012089683242362918,0.012089683242362918,0.0,0.0,1.1242013923657996
2022-12-01,-0.002195229215359507,-0.002195229215359507,0.0,0.0,1.1217335126253303
2022-12-02,-0.003923731267948209,-0.003923731267948209,0.0,0.0,1.1173321317675369
2022-12-05,0.0005561117156650254,0.0005561117156650254,0.0,0.0,1.1179534932563018
2022-12-06,-0.01040919666740557,-0.01040919666740557,0.0,0.0,1.1063164954799838
2022-12-07,0.0033722875241695947,0.0033722875241695947,0.0,0.0,1.110047312795474
2022-12-08,-0.003194068565142749,-0.003194068565142749,0.0,0.0,1.1065017455678527
2022-12-09,0.004949831109757029,0.004949831109757029,0.0,0.0,1.111978742331065
2022-12-12,-0.00031006582190385866,-0.00031006582190385866,0.0,0.0,1.1116339557283845
2022-12-13,-0.00797825448027676,-0.00797825448027676,0.0,0.0,1.1027650571406666
2022-12-14,0.009463227748352728,0.009463227748352728,0.0,0.0,1.113200774029314
2022-12-15,-0.0008373742910962703,-0.0008373742910962703,0.0,0.0,1.1122686083203133
2022-12-16,-0.009185785380798145,-0.009185785380798145,0.0,0.0,1.1020515475984838
2022-12-19,-0.0012123949788730892,-0.0012123949788730892,0.0,0.0,1.1007154258357161
2022-12-20,-0.008906613277491737,-0.008906613277491737,0.0,0.0,1.0909117792092278
2022-12-21,0.00019247527586192987,0.00019247527586192987,0.0,0.0,1.0911217527548722
2022-12-22,0.014981987710707134,0.014981987710707134,0.0,0.0,1.107468925445531
2022-12-23,-0.007439356646988913,-0.007439356646988913,0.0,0.0,1.099230069133684
2022-12-26,0.0031696570706621534,0.0031696570706621534,0.0,0.0,1.102714251494598
2022-12-27,0.0024344330704492855,0.0024344330704492855,0.0,0.0,1.1053987355356922
2022-12-28,-0.0063371755187841584,-0.0063371755187841584,0.0,0.0,1.0983936297303605
2022-12-29,-0.004409336898340407,-0.004409336898340407,0.0,0.0,1.0935504421698883
2022-12-30,0.004388048029659814,0.004388048029659814,0.0,0.0,1.0983489940329856
2023-01-03,0.00039040573010959374,0.00039040573010959374,0.0,0.0,1.0987777957739162
2023-01-04,0.001491002923230226,0.001491002923230226,0.0,0.0,1.1004160766793956
2023-01-05,0.006376515310308922,0.006376515310308922,0.0,0.0,1.107432896640052
2023-01-06,0.0031759940275958047,0.0031759940275958047,0.0,0.0,1.1109500969057438
2023-01-09,0.01784757677878214,0.01784757677878214,0.0,0.0,1.1307778640576647
2023-01-10,0.0006147427199208881,0.0006147427199208881,0.0,0.0,1.1314730015174417
2023-01-11,-0.008200211249348143,-0.008200211249348143,0.0,0.0,1.1221946838820647
2023-01-12,-0.004952297603973645,-0.004952297603973645,0.0,0.0,1.1166372418378836
2023-01-13,0.0020002336586725823,0.0020002336586725823,0.0,0.0,1.1188707772335351
2023-01-16,0.0073760292443818,0.0073760292443818,0.0,0.0,1.127123600807094
2023-01-17,0.00012890741945129647,0.00012890741945129647,0.0,0.0,1.1272688954018766
2023-01-30,0.019171718924986886,0.019171718924986886,0.0,0.0,1.1488805778174018
2023-01-31,-0.015794089085019874,-0.015794089085019874,0.0,0.0,1.1307350556233047
2023-02-01,0.0063689875365816944,0.0063689875365816944,0.0,0.0,1.1379366930997457
2023-02-02,0.0028242337362840413,0.0028242337362840413,0.0,0.0,1.1411504922981535
2023-02-03,-0.0015527104149530868,-0.0015527104149530868,0.0,0.0,1.1393786160437334
2023-02-06,-0.00507564143723233,-0.00507564143723233,0.0,0.0,1.1335955387274452
2023-02-07,0.0022243239601396807,0.0022243239601396807,0.0,0.0,1.136117022445344
2023-02-08,0.00017419164306678686,0.00017419164306678686,0.0,0.0,1.1363149245362
2023-02-09,-0.00014080664019495048,-0.00014080664019495048,0.0,0.0,1.1361549238494728
2023-02-10,-0.0003757598511158794,-0.0003757598511158794,0.0,0.0,1.1357280024444425
2023-02-13,0.006266087035569532,0.006266087035569532,0.0,0.0,1.1428445729564929
2023-02-14,0.004053111146768525,0.004053111146768525,0.0,0.0,1.1474766490341668
2023-02-15,-0.005754164804196498,-0.005754164804196498,0.0,0.0,1.140873879286657
2023-02-16,0.005019588254397278,0.005019588254397278,0.0,0.0,1.146600596410873
2023-02-17,0.004438743720523964,0.004438743720523964,0.0,0.0,1.1516900626081408
2023-02-20,0.009524172703222077,0.009524172703222077,0.0,0.0,1.1626589576650053
2023-02-21,-0.005385849588461394,-0.005385849588461394,0.0,0.0,1.1563970513963442
2023-02-22,-2.8907885536833965e-05,-2.8907885536833965e-05,0.0,0.0,1.1563636224027471
2023-02-23,0.004531411848434004,0.004531411848434004,0.0,0.0,1.1616035822224011
2023-02-24,-0.0040906402910255,-0.0040906402910255,0.0,0.0,1.1568518798067626
2023-03-01,-0.006603233066378215,-0.006603233066378215,0.0,0.0,1.1492129172211207
2023-03-02,-0.0002863176409106211,-0.0002863176409106211,0.0,0.0,1.148883877289758
2023-03-03,0.0029318403601502267,0.0029318403601502267,0.0,0.0,1.152252221410322
2023-03-06,0.007704098925551619,0.007704098925551619,0.0,0.0,1.1611292865112537
2023-03-07,0.0042831452485431725,0.0042831452485431725,0.0,0.0,1.1661025718977187
2023-03-08,-0.0003990818801810462,-0.0003990818801810462,0.0,0.0,1.1656372014908418
2023-03-09,-0.006809828402065676,-0.006809828402065676,0.0,0.0,1.1576994121696251
2023-03-10,-0.011904029528079427,-0.011904029528079427,0.0,0.0,1.1439181241825176
2023-03-13,-0.0021055114553213323,-0.0021055114553213323,0.0,0.0,1.1415095914681015
2023-03-14,-0.012297826708612132,-0.012297826708612132,0.0,0.0,1.1274715043260082
2023-03-15,-0.0025796077012272857,-0.0025796077012272857,0.0,0.0,1.1245630701505345
2023-03-16,-0.011717909015550174,-0.011717909015550174,0.0,0.0,1.1113855424122627
2023-03-17,0.005861984890897594,0.005861984890897594,0.0,0.0,1.1179004676698454
2023-03-20,-0.002256261500277335,-0.002256261500277335,0.0,0.0,1.1153781918835
2023-03-21,0.005894005624244129,0.005894005624244129,0.0,0.0,1.1219522372196205
2023-03-22,0.011413958997786685,0.011413958997786685,0.0,0.0,1.1347581540527203
2023-03-23,0.0056239149275094345,0.0056239149275094345,0.0,0.0,1.1411399373744104
2023-03-24,0.0017515517146074351,0.0017515517146074351,0.0,0.0,1.1431387029883255
2023-03-27,-0.0002162727832840483,-0.0002162727832840483,0.0,0.0,1.1428914731993505
2023-03-28,-0.0020135362946470782,-0.0020135362946470782,0.0,0.0,1.1405902197372209
2023-03-29,0.00635207996127075,0.00635207996127075,0.0,0.0,1.1478353400160353
2023-03-30,-0.0004169387852970858,-0.0004169387852970858,0.0,0.0,1.1473567629436479
2023-03-31,0.0030500111904458132,0.0030500111904458132,0.0,0.0,1.1508562139100598
2023-04-06,0.0034932685604867693,0.0034932685604867693,0.0,0.0,1.1548764637397526
2023-04-07,-0.0005486457856386796,-0.0005486457856386796,0.0,0.0,1.1542428456349885
2023-04-10,0.0040894890814457685,0.0040894890814457685,0.0,0.0,1.1589631091495496
2023-04-11,0.006125561398308009,0.006125561398308009,0.0,0.0,1.1660624088330191
2023-04-12,0.0018236654880378952,0.0018236654880378952,0.0,0.0,1.1681889166049062
2023-04-13,0.0005698717452848031,-0.0008944259757915926,0.4840653623393043,0.0014642977210763957,1.167144058093263
2023-04-14,0.002204382137479575,0.002204382137479575,0.0,0.0,1.169716889606789
2023-04-17,-0.0007002829217752357,-0.0007002829217752357,0.0,0.0,1.1688977568456853
2023-04-18,0.0015521705146407786,0.0015521705146407786,0.0,0.0,1.170712085478491
2023-04-19,-0.002271137535473973,-0.002271137535473973,0.0,0.0,1.1680532373179278
2023-04-20,-0.00670998698957374,-0.00670998698957374,0.0,0.0,1.160215615292395
2023-04-21,0.00011616077389246424,0.00011616077389246424,0.0,0.0,1.1603503868361495
2023-04-24,0.001586170756137499,0.001586170756137499,0.0,0.0,1.162190900686622
2023-04-25,-0.005595660838337552,-0.005595660838337552,0.0,0.0,1.1556876745769777
2023-04-26,0.005279175787459805,0.005279175787459805,0.0,0.0,1.16178875296647
2023-04-27,-0.00016884961987876344,-0.00016884961987876344,0.0,0.0,1.1615925853771523
2023-04-28,0.0027301418007505155,0.0027301418007505155,0.0,0.0,1.1647638978499324
2023-05-02,0.0045144657888047494,0.0045144657888047494,0.0,0.0,1.1700221846188108
2023-05-03,-0.0019854342504505777,-0.0019854342504505777,0.0,0.0,1.1676991824996816
2023-05-04,0.004621111224574874,0.004621111224574874,0.0,0.0,1.1730952502988579
2023-05-05,0.0006877385435871278,0.0006877385435871278,0.0,0.0,1.1739020331177874
2023-05-08,0.0040794441676907265,0.0040794441676907265,0.0,0.0,1.1786909009202302
2023-05-09,0.003527884297535503,0.003527884297535503,0.0,0.0,1.1828491860412347
2023-05-10,0.0012270249393386485,0.0012270249393386485,0.0,0.0,1.1843005714919836
2023-05-11,-0.0033337488075111466,-0.0033337488075111466,0.0,0.0,1.1803524108740375
2023-05-12,-0.001482155697779152,-0.001482155697779152,0.0,0.0,1.1786029448228732
2023-05-15,0.0006368311661121664,0.0006368311661121664,0.0,0.0,1.179353515910608
2023-05-16,0.008836966830815687,0.008836966830815687,0.0,0.0,1.189775423812516
2023-05-17,0.008984224461327971,0.008984224461327971,0.0,0.0,1.2004646332786193
2023-05-18,0.003973651172208669,0.003973651172208669,0.0,0.0,1.2052348609758419
2023-05-19,0.005549750144767642,0.005549750144767642,0.0,0.0,1.2119236133200215
2023-05-22,0.00024109590967378778,0.00024109590967378778,0.0,0.0,1.21221580314603
2023-05-23,0.0011175826429757959,0.0011175826429757959,0.0,0.0,1.213570554487167
2023-05-24,-0.000669259228795441,-0.000669259228795441,0.0,0.0,1.2127583611937822
2023-05-25,-0.0016664587788566007,-0.0016664587788566007,0.0,0.0,1.210737349376139
2023-05-26,0.0010759135092542936,0.0010759135092542936,0.0,0.0,1.2120399980464918
2023-05-29,0.005293082161401836,0.005293082161401836,0.0,0.0,1.2184554253390572
2023-05-30,0.0008738298675437721,0.0008738298675437721,0.0,0.0,1.219520148081989
2023-05-31,0.0017420846682589344,0.0017420846682589344,0.0,0.0,1.2216446554345957
2023-06-01,-0.003628254398430616,-0.003628254398430616,0.0,0.0,1.2172122178401958
2023-06-02,0.007885734486220203,0.007885734486220203,0.0,0.0,1.2268108302034668
2023-06-05,0.005452425199761366,0.005452425199761366,0.0,0.0,1.2334999244894085
2023-06-06,0.00102486689695452,0.00102486689695452,0.0,0.0,1.2347640977294136
2023-06-07,0.004733231247035023,0.004733231247035023,0.0,0.0,1.2406085217395035
2023-06-08,-0.00189341474716047,-0.00189341474716047,0.0,0.0,1.2382595352689891
2023-06-09,0.0069810030831290735,0.0069810030831290735,0.0,0.0,1.246903828902416
2023-06-12,-0.0022661599652962477,-0.0022661599652962477,0.0,0.0,1.2440781453647827
2023-06-13,0.00773325184145394,0.00773325184145394,0.0,0.0,1.2536989149733375
2023-06-14,0.0006460005381304276,0.0006460005381304276,0.0,0.0,1.2545088051470636
2023-06-15,0.004224517624730368,0.004224517624730368,0.0,0.0,1.259808499704787
2023-06-16,-0.004617136747819171,-0.004617136747819171,0.0,0.0,1.253991791585585
2023-06-19,0.003368476144464544,0.003368476144464544,0.0,0.0,1.2582158330208955
2023-06-20,-0.002403822880576785,-0.002403822880576785,0.0,0.0,1.2551913050127759
2023-06-21,0.004393340867196814,0.004393340867196814,0.0,0.0,1.2607057882692385
2023-06-26,-0.004046183777088625,-0.004046183777088625,0.0,0.0,1.2556047409610618
2023-06-27,-0.011615058909671981,-0.011615058909671981,0.0,0.0,1.2410208179275357
2023-06-28,0.0019709460739784235,0.0019709460739784235,0.0,0.0,1.2434668030363556
2023-06-29,-0.0017735117571073156,-0.0017735117571073156,0.0,0.0,1.241261500041598
2023-06-30,-0.00532614528622149,-0.00532614528622149,0.0,0.0,1.2346503609541835
2023-07-03,0.006351231237687071,0.006351231237687071,0.0,0.0,1.2424919108942971
2023-07-04,0.0024588001670615917,0.0024588001670615917,0.0,0.0,1.2455469502123766
2023-07-05,-0.00575055660886494,-0.00575055660886494,0.0,0.0,1.2383843619661812
2023-07-06,-0.013581305715151306,-0.013581305715151306,0.0,0.0,1.2215654853534559
2023-07-07,-0.008303322314375198,-0.008303322314375198,0.0,0.0,1.21142243340045
2023-07-10,0.0008877688681648716,0.0008877688681648716,0.0,0.0,1.2124978965230193
2023-07-11,0.01592662784916077,0.01592662784916077,0.0,0.0,1.2318088992888316
2023-07-12,0.0060316033091969996,0.0060316033091969996,0.0,0.0,1.2392386819220804
2023-07-13,0.0035467644426307103,0.0035467644426307103,0.0,0.0,1.2436339696150542
2023-07-14,0.013931762645570712,0.013931762645570712,0.0,0.0,1.2609599828976998
2023-07-17,0.009345884696653591,0.009345884696653591,0.0,0.0,1.272744769504956
2023-07-18,0.0021911584318080155,0.0021911584318080155,0.0,0.0,1.2755335549381963
2023-07-19,-0.008564397258887751,-0.008564397258887751,0.0,0.0,1.2646093788566641
2023-07-20,0.001173504165933494,0.001173504165933494,0.0,0.0,1.2660934032310311
2023-07-21,-0.0015150534857845445,-0.0015150534857845445,0.0,0.0,1.2641752040071372
2023-07-24,-0.0005817222097639346,-0.0005817222097639346,0.0,0.0,1.2634398052139335
2023-07-25,0.0071859728497842956,0.0071859728497842956,0.0,0.0,1.2725188493515376
2023-07-26,0.003514144046005578,0.003514144046005578,0.0,0.0,1.2769906638894162
2023-07-27,0.0006713277209861239,0.0006713277209861239,0.0,0.0,1.2778479431215257
2023-07-28,0.0018783390562233135,0.0018783390562233135,0.0,0.0,1.2802481748210055
2023-07-31,-0.004073811253144802,-0.004073811253144802,0.0,0.0,1.2750326853996017
2023-08-01,0.0031874096569757693,0.0031874096569757693,0.0,0.0,1.279096736894004
2023-08-02,-0.016974664795816184,-0.016974664795816184,0.0,0.0,1.257384498543806
2023-08-04,0.0013596646309113167,0.0013596646309113167,0.0,0.0,1.2590941197739323
2023-08-07,0.01196887299609255,0.01196887299609255,0.0,0.0,1.2741640573836333
2023-08-08,-0.003240237369816025,-0.003240237369816025,0.0,0.0,1.2700354633896225
2023-08-09,-0.00376165674676089,-0.00376165674676089,0.0,0.0,1.2652580259201374
2023-08-10,-0.009938404229451157,-0.009938404229451157,0.0,0.0,1.2526833802039856
2023-08-11,-0.005550064556745158,-0.005550064556745158,0.0,0.0,1.2457309065746918
2023-08-14,-0.009662166001578583,-0.009662166001578583,0.0,0.0,1.2336944477620702
2023-08-15,-0.00043128217616642006,-0.00043128217616642006,0.0,0.0,1.2331623773359148
2023-08-16,-0.004976784755806188,-0.004976784755806188,0.0,0.0,1.2270251936149557
2023-08-17,-0.0019288663268960744,-0.0019288663268960744,0.0,0.0,1.2246584260367386
2023-08-18,-0.0026704192204378813,-0.0026704192204378813,0.0,0.0,1.2213880746373789
2023-08-21,0.0018156582711048555,0.0018156582711048555,0.0,0.0,1.223605697997323
2023-08-22,-0.001012217700049749,-0.001012217700049749,0.0,0.0,1.2223671426519285
2023-08-23,0.0022660682463622787,0.0022660682463622787,0.0,0.0,1.2251371100192885
2023-08-24,0.0028697229193695574,0.0028697229193695574,0.0,0.0,1.228652914063281
2023-08-25,-0.007891240357484343,-0.007891240357484343,0.0,0.0,1.218957318602484
2023-08-28,0.0020366507811066616,0.0020366507811066616,0.0,0.0,1.2214399089775516
2023-08-29,0.005573725718927888,0.005573725718927888,0.0,0.0,1.2282478800123446
2023-08-30,0.0029736356153251364,0.0029736356153251364,0.0,0.0,1.2319002416527969
2023-08-31,-0.008369145786116583,-0.008369145786116583,0.0,0.0,1.2215902889364523
2023-09-01,0.0029895346443647537,0.0029895346443647537,0.0,0.0,1.2252422754264474
2023-09-04,0.003998251423179621,0.003998251423179621,0.0,0.0,1.230141102097911
2023-09-05,0.00015920096091393964,0.00015920096091393964,0.0,0.0,1.2303369417434247
2023-09-06,-0.0018451869091415964,-0.0018451869091415964,0.0,0.0,1.2280667401246863
2023-09-07,-0.001443031510594253,-0.001443031510594253,0.0,0.0,1.2262946011215736
2023-09-08,0.0010035653222400188,0.0010035653222400188,0.0,0.0,1.2275252678581094
2023-09-11,-0.0029774629347244165,-0.0029774629347244165,0.0,0.0,1.2238703568716243
2023-09-12,0.006323633260246089,0.006323633260246089,0.0,0.0,1.231609664166567
2023-09-13,0.0016691766219846492,0.0016691766219846492,0.0,0.0,1.2336654382254044
2023-09-14,0.011994738297424038,0.011994738297424038,0.0,0.0,1.2484629323034953
2023-09-15,0.0004401054775139391,0.0004401054775139391,0.0,0.0,1.2490123876784751
2023-09-18,-0.004785597908692051,-0.004785597908692051,0.0,0.0,1.2430351166080706
2023-09-19,0.0010178167649101697,0.0010178167649101697,0.0,0.0,1.2443002985891265
2023-09-20,-0.004641861173255685,-0.004641861173255685,0.0,0.0,1.238524429345235
2023-09-21,-0.012996479245138243,-0.012996479245138243,0.0,0.0,1.2224279723046532
2023-09-22,0.004266227006028536,0.004266227006028536,0.0,0.0,1.227643127533024
2023-09-25,0.0038903419931024742,0.0038903419931024742,0.0,0.0,1.2324190791446092
2023-09-26,-0.008546803170082409,-0.008546803170082409,0.0,0.0,1.221885835852106
2023-09-27,0.000768703815183285,0.000768703815183285,0.0,0.0,1.222825104155844
2023-09-28,0.002955036281055646,0.002955036281055646,0.0,0.0,1.2264385967040103
2023-10-02,0.003126947273017768,0.003126947273017768,0.0,0.0,1.2302736055294976
2023-10-03,-0.00542329924202004,-0.00542329924202004,0.0,0.0,1.2236014636171522
2023-10-04,-0.011303854344496435,-0.011303854344496435,0.0,0.0,1.2097700508967113
2023-10-05,0.00839443576907083,0.00839443576907083,0.0,0.0,1.2199253878843093
2023-10-06,0.00533777902582503,0.00533777902582503,0.0,0.0,1.2264370800328297
2023-10-11,0.01193205942096559,0.01193205942096559,0.0,0.0,1.2410710001478569
2023-10-12,0.006057819378507064,0.006057819378507064,0.0,0.0,1.2485891841026557
2023-10-13,-0.006664307844139858,-0.006664307844139858,0.0,0.0,1.2402682014089321
2023-10-16,-0.001321200510059675,-0.001321200510059675,0.0,0.0,1.2386295584286198
2023-10-17,-0.0034531696803419823,-0.0034531696803419823,0.0,0.0,1.2343523603922788
2023-10-18,-0.005354240072714475,-0.005354240072714475,0.0,0.0,1.2277433415204169
2023-10-19,-0.0048151873090987885,-0.0048151873090987885,0.0,0.0,1.2218315273634972
2023-10-20,-0.007081286052057723,-0.007081286052057723,0.0,0.0,1.2131793888108138
2023-10-23,-0.006342174450414619,-0.006342174450414619,0.0,0.0,1.2054851934873283
2023-10-24,0.0038270054893721427,0.0038270054893721427,0.0,0.0,1.210098591940161
2023-10-25,0.00010135553382287378,0.00010135553382287378,0.0,0.0,1.2102212421289256
2023-10-26,-0.00856075545041991,-0.00856075545041991,0.0,0.0,1.1998608340341563
2023-10-27,0.005667953668300085,0.005667953668300085,0.0,0.0,1.20666158964987
2023-10-30,-0.004089081150129219,-0.004089081150129219,0.0,0.0,1.2017274524890478
2023-10-31,-0.00253659787557816,-0.00253659787557816,0.0,0.0,1.1986791531860401
2023-11-01,0.004925841652797862,0.004925841652797862,0.0,0.0,1.2045836568871444
2023-11-02,0.012422922589063634,0.012422922589063634,0.0,0.0,1.2195481064087048
2023-11-03,0.006667461809767673,0.006667461809767673,0.0,0.0,1.2276793968333595
2023-11-06,0.008326800962923384,0.008326800962923384,0.0,0.0,1.2379020388170727
2023-11-07,-0.001275347910641029,-0.001275347910641029,0.0,0.0,1.236323283038289
2023-11-08,0.003997570418575186,0.003997570418575186,0.0,0.0,1.241265572422359
2023-11-09,-0.0016939038891084536,-0.0016939038891084536,0.0,0.0,1.2391629878418162
2023-11-10,-0.002379680689302759,-0.002379680689302759,0.0,0.0,1.2362141756087504
2023-11-13,-0.0007999934794504625,-0.0007999934794504625,0.0,0.0,1.235225212329059
2023-11-14,0.0028990635551165767,0.0028990635551165767,0.0,0.0,1.2388062087244833
2023-11-15,0.009687912645225984,0.009687912645225984,0.0,0.0,1.2508076550589697
2023-11-16,0.0048017260160786255,0.0048017260160786255,0.0,0.0,1.2568136907173768
2023-11-17,0.0003710398162609127,0.0003710398162609127,0.0,0.0,1.2572800186382547
2023-11-20,0.0001281595693048398,0.0001281595693048398,0.0,0.0,1.257441151103939
2023-11-21,0.011480129249414826,0.011480129249414826,0.0,0.0,1.2718767380421452
2023-11-22,-0.00592830840692591,-0.00592830840692591,0.0,0.0,1.2643366604834365
2023-11-23,0.0004789824740329638,0.0004789824740329638,0.0,0.0,1.2649422555850856
2023-11-24,-0.00019461348059906006,-0.00019461348059906006,0.0,0.0,1.2646960807699694
2023-11-27,-0.0022265478424273047,-0.0022265478424273047,0.0,0.0,1.2618801744400048
2023-11-28,0.006317984723127093,0.006317984723127093,0.0,0.0,1.2698527141045337
2023-11-29,-0.00047505462940262223,-0.00047505462940262223,0.0,0.0,1.2692494646940389
2023-11-30,0.004017980438341501,0.004017980438341501,0.0,0.0,1.274349284214555
2023-12-01,-0.00529611338487935,-0.00529611338487935,0.0,0.0,1.267600185913415
2023-12-04,0.004361522200703933,0.004361522200703933,0.0,0.0,1.2731288522658926
2023-12-05,-0.0008734345862244634,-0.0008734345862244634,0.0,0.0,1.2720168574936033
2023-12-06,0.004295834304932208,0.004295834304932208,0.0,0.0,1.2774812311464763
2023-12-07,-0.005729295973120432,-0.005729295973120432,0.0,0.0,1.270162163073132
2023-12-08,0.002875017456679174,0.002875017456679174,0.0,0.0,1.2738139014647805
2023-12-11,0.0009945039691647397,0.0009945039691647397,0.0,0.0,1.2750807144457645
2023-12-12,0.0018275810262188765,0.0018275810262188765,0.0,0.0,1.2774110277663833
2023-12-13,0.0021817767107321414,0.0021817767107321414,0.0,0.0,1.2801980533967965
2023-12-14,0.009146519313524757,0.009146519313524757,0.0,0.0,1.291907409617327
2023-12-15,-0.006909472557289386,-0.006909472557289386,0.0,0.0,1.2829810108240174
2023-12-18,0.00066118121169086,0.00066118121169086,0.0,0.0,1.2838292937633302
2023-12-19,-0.005674478392652497,-0.005674478392652497,0.0,0.0,1.2765442321760159
2023-12-20,0.002949351690471038,0.002949351690471038,0.0,0.0,1.2803092100651452
2023-12-21,-0.0025783430852754146,-0.0025783430852754146,0.0,0.0,1.2770081336663592
2023-12-22,4.65787161313148e-05,4.65787161313148e-05,0.0,0.0,1.2770676150657145
2023-12-25,0.0033255142232709884,0.0033255142232709884,0.0,0.0,1.2813145215836945
2023-12-26,0.007745414639193068,0.007745414639193068,0.0,0.0,1.2912388338365797
2023-12-27,0.006909066301407469,0.006909066301407469,0.0,0.0,1.3001600885505087
2023-12-28,0.0023189412952735865,0.0023189412952735865,0.0,0.0,1.303175083470315
2023-12-29,0.0029898756455883106,0.0029898756455883106,0.0,0.0,1.3070714149143206
2024-01-02,-0.0019386186429375925,-0.0019386186429375925,0.0,0.0,1.304537501901717
2024-01-03,-0.011919298125783549,-0.011919298125783549,0.0,0.0,1.2889883305002854
2024-01-04,0.002113591991349602,0.002113591991349602,0.0,0.0,1.2917127259125738
2024-01-05,0.0009356359476425172,0.0009356359476425172,0.0,0.0,1.2929212987729648
2024-01-08,0.0035468172309736615,0.0035468172309736615,0.0,0.0,1.2975070543137455
2024-01-09,-0.006204240519863388,-0.006204240519863388,0.0,0.0,1.2894570084725636
2024-01-10,-0.005836728667823306,-0.005836728667823306,0.0,0.0,1.2819307977852863
2024-01-11,0.004299928666504715,0.004299928666504715,0.0,0.0,1.2874430087711584
2024-01-12,-0.0030388660474004103,-0.0030388660474004103,0.0,0.0,1.2835306419238406
2024-01-15,-0.0012408114011523092,-0.0012408114011523092,0.0,0.0,1.281938022469613
2024-01-16,-0.010350428821739885,-0.010350428821739885,0.0,0.0,1.2686694142141595
2024-01-17,-0.01403186074872224,-0.01403186074872224,0.0,0.0,1.2508676216577435
2024-01-18,0.0022491375285594965,0.0022491375285594965,0.0,0.0,1.253680994968874
2024-01-19,0.010106849124902553,0.010106849124902553,0.0,0.0,1.2663517596357823
2024-01-22,0.005938750010133373,0.005938750010133373,0.0,0.0,1.2738723061611517
2024-01-23,0.00286092772016872,0.00286092772016872,0.0,0.0,1.2775167627538033
2024-01-24,0.0015261691462201653,0.0015261691462201653,0.0,0.0,1.279466469420897
2024-01-25,0.0013015861845469317,0.0013015861845469317,0.0,0.0,1.2811318053010863
2024-01-26,0.002195832313194125,0.002195832313194125,0.0,0.0,1.2839449559166272
2024-01-29,0.004452459378093311,0.004452459378093311,0.0,0.0,1.2896616686765536
2024-01-30,-0.0074475481329320066,-0.0074475481329320066,0.0,0.0,1.2800568513238875
2024-01-31,-0.00039378008824531626,-0.00039378008824531626,0.0,0.0,1.279552790424014
2024-02-01,0.007112686561540396,0.007112686561540396,0.0,0.0,1.2886538483612444
2024-02-02,0.0003715822703796098,0.0003715822703796098,0.0,0.0,1.2891326892839519
2024-02-05,-0.004818556943094279,-0.004818556943094279,0.0,0.0,1.2829209300134328
2024-02-15,0.001581549503434158,0.001581549503434158,0.0,0.0,1.2849499329732408
2024-02-16,0.0029781329879764607,0.0029781329879764607,0.0,0.0,1.2887766847565267
2024-02-19,0.00795418286583408,0.00795418286583408,0.0,0.0,1.2990278501803034
2024-02-20,0.0028196375174523035,0.0028196375174523035,0.0,0.0,1.3026906378428873
2024-02-21,-0.002040464152585398,-0.002040464152585398,0.0,0.0,1.3000325442944602
2024-02-22,0.0027997796493070526,0.0027997796493070526,0.0,0.0,1.3036723489554127
2024-02-23,-0.005588302635975381,-0.005588302635975381,0.0,0.0,1.296387033331297
2024-02-26,-0.0020764655317947038,-0.0020764655317947038,0.0,0.0,1.293695130340719
2024-02-27,-0.0012204626923888694,-0.0012204626923888694,0.0,0.0,1.2921162236988128
2024-02-29,0.007456388522538325,0.007456388522538325,0.0,0.0,1.3017507442789862
2024-03-01,-0.0035486821430313776,-0.0035486821430313776,0.0,0.0,1.2971312446580856
2024-03-04,0.00368936116442719,0.00368936116442719,0.0,0.0,1.301916830297292
2024-03-05,-6.863405291337658e-05,-6.863405291337658e-05,0.0,0.0,1.3018274744686726
2024-03-06,0.0037770520345450833,0.0037770520345450833,0.0,0.0,1.3067445445797412
2024-03-07,-0.0004951844860295114,-0.0004951844860295114,0.0,0.0,1.3060974649540618
2024-03-08,0.000701694568424479,0.000701694568424479,0.0,0.0,1.3070139464510528
2024-03-11,0.003739471088579063,0.003739471088579063,0.0,0.0,1.311901487316176
2024-03-12,0.010715826098569466,0.010715826098569466,0.0,0.0,1.3259595955127108
2024-03-13,0.0059947446715173216,0.0059947446715173216,0.0,0.0,1.333908384732558
2024-03-14,0.005273711976596439,0.005273711976596439,0.0,0.0,1.3409430333568044
2024-03-15,0.003222616643575192,0.003222616643575192,0.0,0.0,1.3452643786941862
2024-03-18,-0.0016646436493145693,-0.0016646436493145693,0.0,0.0,1.3430249928895437
2024-03-19,-0.000270198427070845,-0.000270198427070845,0.0,0.0,1.3426621096489482
2024-03-20,-0.0030072564183566265,-0.0030072564183566265,0.0,0.0,1.3386243804020221
2024-03-21,0.014199618138672406,0.014199618138672406,0.0,0.0,1.3576323354348476
2024-03-22,0.0001442432576715221,0.0001442432576715221,0.0,0.0,1.357828164745631
2024-03-25,-0.0009893445932208852,-0.0009893445932208852,0.0,0.0,1.3564848047923168
2024-03-26,0.003283591063893354,0.003283591063893354,0.0,0.0,1.3609389461756398
2024-03-27,0.0063825203380225865,0.0063825203380225865,0.0,0.0,1.3696251666784127
2024-03-28,0.00039553772940948903,0.00039553772940948903,0.0,0.0,1.370166905106983
2024-03-29,0.0026429719929450253,0.0026429719929450253,0.0,0.0,1.3737882178628409
2024-04-01,-0.0012687895567282872,-0.0012687895567282872,0.0,0.0,1.3720451697188603
2024-04-02,0.00217514694954616,0.00217514694954616,0.0,0.0,1.3750295695844137
2024-04-03,-0.011433773594384187,-0.011433773594384187,0.0,0.0,1.359307792800202
2024-04-08,0.0064777595165514314,0.0064777595165514314,0.0,0.0,1.368113061790936
2024-04-09,0.0036685323830480242,0.0036685323830480242,0.0,0.0,1.3731320288617872
2024-04-10,-0.000548063278593287,-0.000548063278593287,0.0,0.0,1.3723794656201078
2024-04-11,-0.0016018148992757593,-0.0016018148992757593,0.0,0.0,1.3701811677446174
2024-04-12,-0.005728693859095104,-0.005728693859095104,0.0,0.0,1.362331819303111
2024-04-15,-0.0028803298083271032,-0.0028803298083271032,0.0,0.0,1.3584078543551399
2024-04-16,-0.023156886164670442,-0.023156886164670442,0.0,0.0,1.3269513583066437
2024-04-17,0.005911748436434778,0.005911748436434778,0.0,0.0,1.334795960924338
2024-04-18,0.006355444495817787,0.006355444495817787,0.0,0.0,1.3432791825672346
2024-04-19,-0.01469048552146323,-0.01469048552146323,0.0,0.0,1.3235457591844477
2024-04-22,0.011825030015749907,0.011825030015749907,0.0,0.0,1.3391967275140222
2024-04-23,0.005100531845714383,0.005100531845714383,0.0,0.0,1.346027343070384
2024-04-24,0.004352044348157474,0.004352044348157474,0.0,0.0,1.351885313761259
2024-04-25,-0.006084559115388857,-0.007587704291264771,0.4969074961573268,0.0015031451758759139,1.3416276077647349
2024-04-26,0.003214497085582569,0.003214497085582569,0.0,0.0,1.3459402657998316
2024-04-29,0.01687106832802892,0.01687106832802892,0.0,0.0,1.368647715989586
2024-04-30,-0.00286363746709959,-0.00286363746709959,0.0,0.0,1.364728405110818
2024-05-02,0.0016191865915697393,0.0016191865915697393,0.0,0.0,1.3669381550455078
2024-05-03,0.000782692861036859,0.000782692861036859,0.0,0.0,1.3680080477809407
2024-05-06,0.015021288141985481,0.015021288141985481,0.0,0.0,1.3885572908472132
2024-05-07,-0.0004008694219272353,-0.0004008694219272353,0.0,0.0,1.3880006606887185
2024-05-08,0.0007433814082770748,0.0007433814082770748,0.0,0.0,1.3890324745745508
2024-05-09,-0.007505580043881176,-0.007505580043881176,0.0,0.0,1.3786069801530811
2024-05-10,0.010901113235705407,0.010901113235705407,0.0,0.0,1.3936353309512637
2024-05-13,0.0010435321769846808,0.0010435321769846808,0.0,0.0,1.395089634262094
2024-05-14,-0.006455479258580649,-0.006455479258580649,0.0,0.0,1.386083662064254
2024-05-15,0.0013693502121582936,0.0013693502121582936,0.0,0.0,1.387981696020971
2024-05-16,0.008950871914654152,0.008950871914654152,0.0,0.0,1.400405342401939
2024-05-17,0.001116512677226694,0.001116512677226694,0.0,0.0,1.4019689127199868
2024-05-20,0.0079482117009703,0.0079482117009703,0.0,0.0,1.4131120584364645
2024-05-21,-0.004584150119673209,-0.004584150119673209,0.0,0.0,1.4066341406246714
2024-05-22,0.004339673747074713,0.004339673747074713,0.0,0.0,1.4127384738764792
2024-05-23,-0.001264866190240771,-0.001264866190240771,0.0,0.0,1.4109515487452204
2024-05-24,-0.004130190979392311,-0.004130190979392311,0.0,0.0,1.4051240493862334
2024-05-27,0.006376066569353433,0.006376066569353433,0.0,0.0,1.4140832138633195
2024-05-28,0.0009127427711273751,0.0009127427711273751,0.0,0.0,1.4153739080945458
2024-05-29,-0.011380760594226602,-0.011380760594226602,0.0,0.0,1.3992658764952068
2024-05-30,-0.004957095637930882,-0.004957095637930882,0.0,0.0,1.392329581722527
2024-05-31,0.005748916333451076,0.005748916333451076,0.0,0.0,1.4003339679964386
2024-06-03,0.004654725911997944,0.004654725911997944,0.0,0.0,1.4068521388027226
2024-06-04,-0.0048805454402933695,-0.0048805454402933695,0.0,0.0,1.399985933011522
2024-06-05,0.0007393491689484889,0.0007393491689484889,0.0,0.0,1.4010210114476336
2024-06-06,0.0036031448534426394,0.0036031448534426394,0.0,0.0,1.406069093094596
2024-06-07,0.0039022191637481975,0.0039022191637481975,0.0,0.0,1.4115558828552237
2024-06-11,-0.004060717657449502,-0.004060717657449502,0.0,0.0,1.4058239529572367
2024-06-12,0.0014155727866799364,0.0014155727866799364,0.0,0.0,1.407813999087906
2024-06-13,0.004395207776840471,0.004395207776840471,0.0,0.0,1.414001634125042
2024-06-14,0.006065638392313116,0.006065638392313116,0.0,0.0,1.4225784567237847
2024-06-17,0.000548013768415979,0.000548013768415979,0.0,0.0,1.4233580493047213
2024-06-18,0.006328772637349803,0.006328772637349803,0.0,0.0,1.4323661587803125
2024-06-19,0.0007348668800461278,0.0007348668800461278,0.0,0.0,1.433418757230499
2024-06-20,0.00475602047172615,0.00475602047172615,0.0,0.0,1.4402361261844434
2024-06-21,-0.0017395297307136225,-0.0017395297307136225,0.0,0.0,1.4377307926236977
2024-06-24,-0.0030675972054902863,-0.0030675972054902863,0.0,0.0,1.433320413661998
2024-06-25,0.003973383880901955,0.003973383880901955,0.0,0.0,1.4390155458898102
2024-06-26,-0.007004228853522711,-0.007004228853522711,0.0,0.0,1.428936351682621
2024-06-27,-0.009254718256748628,-0.009254718256748628,0.0,0.0,1.4157119483409721
2024-06-28,0.0030512438274440954,0.0030512438274440954,0.0,0.0,1.4200316306847864
2024-07-01,0.0042981760101437755,0.0042981760101437755,0.0,0.0,1.4261351765734411
2024-07-02,0.0012725442083518239,0.0012725442083518239,0.0,0.0,1.4279499966327165
2024-07-03,0.008982349790708147,0.008982349790708147,0.0,0.0,1.4407763429861122
2024-07-04,0.002320162938104232,0.002320162938104232,0.0,0.0,1.444119178859206
2024-07-05,0.0038179478131989417,0.0038179478131989417,0.0,0.0,1.4496327505201303
2024-07-08,-0.006130029929490093,-0.006130029929490093,0.0,0.0,1.4407464583726728
2024-07-09,-0.007092673122844052,-0.007092673122844052,0.0,0.0,1.4305277146905402
2024-07-10,-0.0004964251029336382,-0.0004964251029336382,0.0,0.0,1.4298175648225255
2024-07-11,0.003100446840269721,0.003100446840269721,0.0,0.0,1.4342506381735418
2024-07-12,0.0035728888667369623,0.0035728888667369623,0.0,0.0,1.4393750563107826
2024-07-15,-0.00089158867628653,-0.00089158867628653,0.0,0.0,1.4380917258096464
2024-07-16,-0.0010899706102537655,-0.0010899706102537655,0.0,0.0,1.4365242480936649
2024-07-17,0.002393635970982952,0.002393635970982952,0.0,0.0,1.439962764207091
2024-07-18,0.0073778584667368585,0.0073778584667368585,0.0,0.0,1.450586605678782
2024-07-19,-0.010139307669440961,-0.010139307669440961,0.0,0.0,1.4358786617826347
2024-07-22,-0.011443648271550432,-0.011443648271550432,0.0,0.0,1.4194469714165696
2024-07-23,0.012920782463902523,0.012920782463902523,0.0,0.0,1.4377873369532885
2024-07-26,-0.011755607274939031,-0.011755607274939031,0.0,0.0,1.4208852736751851
2024-07-29,-0.0009206194632682719,-0.0009206194632682719,0.0,0.0,1.4195771790371685
2024-07-30,-0.0016427115260289,-0.0016427115260289,0.0,0.0,1.4172452232430766
2024-07-31,0.0032645103227076995,0.0032645103227076995,0.0,0.0,1.421871834904162
2024-08-01,0.006692163599034905,0.006692163599034905,0.0,0.0,1.4313872338402005
2024-08-02,-0.01221726291202911,-0.01221726291202911,0.0,0.0,1.4138995996754526
2024-08-05,-0.04931784205946922,-0.04931784205946922,0.0,0.0,1.344169122530712
2024-08-06,0.009619828825487413,0.009619828825487413,0.0,0.0,1.357099799401963
2024-08-07,0.012935399608911304,0.012935399608911304,0.0,0.0,1.3746544276164006
2024-08-08,-0.016467371912002163,-0.016467371912002163,0.0,0.0,1.3520174819063608
2024-08-09,0.019575624014363257,0.019575624014363257,0.0,0.0,1.378484067793006
2024-08-12,0.007946944002995256,0.007946944002995256,0.0,0.0,1.3894388034887781
2024-08-13,-0.0010834339832146446,-0.0010834339832146446,0.0,0.0,1.3879334382714812
2024-08-14,0.0047824649869112525,0.0047824649869112525,0.0,0.0,1.394571181344178
2024-08-15,-0.00908031619238459,-0.00908031619238459,0.0,0.0,1.3819080340647856
2024-08-16,0.01084727553776698,0.01084727553776698,0.0,0.0,1.39689797127814
2024-08-19,0.000246726044637045,0.000246726044637045,0.0,0.0,1.397242622389355
2024-08-20,0.003123552744236774,0.003123552744236774,0.0,0.0,1.401606983416884
2024-08-21,0.000974927917629363,0.000974927917629363,0.0,0.0,1.4029734491945616
2024-08-22,-0.00517495513597021,-0.00517495513597021,0.0,0.0,1.3957131245380223
2024-08-23,0.00028354084712960435,0.00028354084712960435,0.0,0.0,1.3961088662197036
2024-08-26,0.007009348995799742,0.007009348995799742,0.0,0.0,1.4058946804991677
2024-08-27,-0.0006298808980868269,-0.0006298808980868269,0.0,0.0,1.4050091342951994
2024-08-28,-0.0023075823389339077,-0.0023075823389339077,0.0,0.0,1.4017669600308589
2024-08-29,-0.00549458252111244,-0.00549458252111244,0.0,0.0,1.3940648357936003
2024-08-30,0.006355309610104429,0.006355309610104429,0.0,0.0,1.4029245494416278
2024-09-02,0.0005968377795474075,0.0005968377795474075,0.0,0.0,1.403761867814589
2024-09-03,-0.006912059388492698,-0.006912059388492698,0.0,0.0,1.394058982416953
2024-09-04,-0.02119733676912486,-0.02119733676912486,0.0,0.0,1.3645086446906374
2024-09-05,0.005760519556564797,0.005760519556564797,0.0,0.0,1.3723689234234797
2024-09-06,0.008655749255874347,0.008655749255874347,0.0,0.0,1.3842478047111875
2024-09-09,-0.00301895480923567,-0.00301895480923567,0.0,0.0,1.3800688231439808
2024-09-10,-0.001146036850195994,-0.001146036850195994,0.0,0.0,1.3784872134168513
2024-09-11,-0.004291665504438094,-0.004291665504438094,0.0,0.0,1.3725712073947214
2024-09-12,0.008777238546144334,0.008777238546144334,0.0,0.0,1.3846185923035943
2024-09-13,0.0027320307461536197,0.0027320307461536197,0.0,0.0,1.3884014128694635
2024-09-16,0.005440309641023761,0.005440309641023761,0.0,0.0,1.3959547464615083
2024-09-18,-0.004676055968829598,-0.004676055968829598,0.0,0.0,1.389427183937101
2024-09-19,0.005403595671771103,0.005403595671771103,0.0,0.0,1.3969350866544648
2024-09-20,0.004570627596113144,0.004570627596113144,0.0,0.0,1.4033199567115062
2024-09-23,0.004926451997139823,0.004926451997139823,0.0,0.0,1.4102333451148739
2024-09-24,0.0011098178730504205,0.0011098178730504205,0.0,0.0,1.411798447286454
2024-09-25,0.0019704658431296783,0.0019704658431296783,0.0,0.0,1.4145803479042154
2024-09-26,0.0017712854874042598,0.0017712854874042598,0.0,0.0,1.4170859735452255
2024-09-27,-0.0001890285323178576,-0.0001890285323178576,0.0,0.0,1.416818103863478
2024-09-30,-0.006743793643069524,-0.006743793643069524,0.0,0.0,1.4072633749412575
2024-10-01,0.0023967371499068225,0.0023967371499068225,0.0,0.0,1.4106362153516823
2024-10-04,-0.010772246632179284,-0.010772246632179284,0.0,0.0,1.39544049413163
2024-10-07,0.005708262809866545,0.005708262809866545,0.0,0.0,1.4034060352076636
2024-10-08,-0.009074231554990632,-0.009074231554990632,0.0,0.0,1.3906712038785178
2024-10-09,-0.0024174738807814294,-0.0024174738807814294,0.0,0.0,1.3873092925663868
2024-10-11,-0.0016195601822023668,-0.0016195601822023668,0.0,0.0,1.385062461675747
2024-10-14,0.0032756207424326994,0.0032756207424326994,0.0,0.0,1.389599401004777
2024-10-15,0.007349796053352802,0.007349796053352802,0.0,0.0,1.3998126731980234
2024-10-16,-0.006940727776523875,-0.006940727776523875,0.0,0.0,1.3900969544952277
2024-10-17,0.00804504789372635,0.00804504789372635,0.0,0.0,1.401280351071065
2024-10-18,0.008462710226399934,0.008462710226399934,0.0,0.0,1.4131389806281274
2024-10-21,-0.005826723361245613,-0.005826723361245613,0.0,0.0,1.4049050107170147
2024-10-22,0.004220345483172681,0.004220345483172681,0.0,0.0,1.4108341952332808
2024-10-23,-0.009022771203058302,-0.009022771203058302,0.0,0.0,1.39810456108424
2024-10-24,-0.00042126794882877696,-0.00042126794882877696,0.0,0.0,1.3975155844435438
2024-10-25,0.0028507375623308883,0.0028507375623308883,0.0,0.0,1.4014995346140597
2024-10-28,-0.002233452774347274,-0.002233452774347274,0.0,0.0,1.3983693515902296
2024-10-29,-0.003827672594135882,-0.003827672594135882,0.0,0.0,1.393016851546668
2024-10-30,-0.0018274959138272063,-0.0018274959138272063,0.0,0.0,1.390471118942574
2024-11-01,-0.004640945496001102,-0.004640945496001102,0.0,0.0,1.3840180182657977
2024-11-04,0.006056405735759124,0.006056405735759124,0.0,0.0,1.3924001929300165
2024-11-05,0.0034848807469797464,0.0034848807469797464,0.0,0.0,1.3972525415544492
2024-11-06,-0.0044843696830268,-0.0044843696830268,0.0,0.0,1.3909867446175703
2024-11-07,0.00831375469405495,0.00831375469405495,0.0,0.0,1.402551067195003
2024-11-08,-0.0021832333689470323,-0.0021832333689470323,0.0,0.0,1.3994889709034506
2024-11-11,0.0022483498038765827,0.0022483498038765827,0.0,0.0,1.4026355116567089
2024-11-12,-0.008165742563824423,-0.008165742563824423,0.0,0.0,1.391181951157642
2024-11-13,0.0019196437769119674,0.0019196437769119674,0.0,0.0,1.393852524932734
2024-11-14,-0.009812237781613694,-0.009812237781613694,0.0,0.0,1.3801757125255916
2024-11-15,0.007523741951236303,0.007523741951236303,0.0,0.0,1.390559798433998
2024-11-18,-0.003131031602833602,-0.003131031602833602,0.0,0.0,1.3862059117594712
2024-11-19,0.011400161100462798,0.011400161100462798,0.0,0.0,1.402008882471943
2024-11-20,-0.007612831413884075,-0.007612831413884075,0.0,0.0,1.3913356252089162
2024-11-21,-0.0015196898746875544,-0.0015196898746875544,0.0,0.0,1.389221226546994
2024-11-22,0.00210442893920712,0.00210442893920712,0.0,0.0,1.3921447438991004
2024-11-25,0.011965890856630648,0.011965890856630648,0.0,0.0,1.4088029959612292
2024-11-26,-0.005806463257750661,-0.005806463257750661,0.0,0.0,1.4006228331277712
2024-11-27,-0.004285258485163443,-0.004285258485163443,0.0,0.0,1.3946208022475968
2024-11-28,-0.0049710905834323025,-0.0049710905834323025,0.0,0.0,1.387688015910085
2024-11-29,-0.0033220157508745676,-0.0033220157508745676,0.0,0.0,1.3830780944639318
2024-12-02,0.00999612608525938,0.00999612608525938,0.0,0.0,1.3969035174819537
2024-12-03,0.0058238726681453,0.0058238726681453,0.0,0.0,1.4050389056974528
2024-12-04,0.0007485164624811146,0.0007485164624811146,0.0,0.0,1.4060906004487939
2024-12-05,0.0013813127529742697,0.0013813127529742697,0.0,0.0,1.408032851327031
2024-12-06,0.0016719546109817476,0.0016719546109817476,0.0,0.0,1.4103870183452212
2024-12-09,-0.00012582315611051265,-0.00012582315611051265,0.0,0.0,1.4102095589992356
2024-12-10,-0.005868411938798396,-0.005868411938798396,0.0,0.0,1.4019338683869969
2024-12-11,-0.00475988069466029,-0.00475988069466029,0.0,0.0,1.3952608304316712
2024-12-12,0.002427801541317067,0.002427801541317067,0.0,0.0,1.3986482468263324
2024-12-13,-0.006894132432937048,-0.006894132432937048,0.0,0.0,1.3890057805856164
2024-12-16,-0.005355085429261579,-0.005355085429261579,0.0,0.0,1.3815675359688424
2024-12-17,-0.0007853109761134982,-0.0007853109761134982,0.0,0.0,1.3804825758186041
2024-12-18,0.0017892088474876179,0.0017892088474876179,0.0,0.0,1.3829525474570612
2024-12-19,-0.005463068003190738,-0.005463068003190738,0.0,0.0,1.3753973836451174
2024-12-20,-0.010977054568287088,-0.010977054568287088,0.0,0.0,1.3602995715117656
2024-12-23,0.015893756607302623,0.015893756607302623,0.0,0.0,1.3819198418143914
2024-12-24,0.0033482156837682047,0.0033482156837682047,0.0,0.0,1.386546807502465
2024-12-25,0.0007259665184825546,0.0007259665184825546,0.0,0.0,1.3875533940610205
2024-12-26,0.000563079760732959,0.000563079760732959,0.0,0.0,1.3883346972941526
2024-12-27,-0.003625148503128816,-0.003625148503128816,0.0,0.0,1.383301777844415
2024-12-30,-0.00658483457200951,-0.00658483457200951,0.0,0.0,1.3741929644741429
2024-12-31,-0.0054659253041132476,-0.0054659253041132476,0.0,0.0,1.3666817283768893
2025-01-02,0.0005236632934500459,0.0005236632934500459,0.0,0.0,1.367397409431869
2025-01-03,-0.0006345883446051473,-0.0006345883446051473,0.0,0.0,1.3665296749734004
2025-01-06,0.011481273817832132,0.011481273817832132,0.0,0.0,1.3822191763519631
2025-01-07,-0.002461399251535294,-0.002461399251535294,0.0,0.0,1.3788169831058326
2025-01-08,0.000774283847014031,0.000774283847014031,0.0,0.0,1.3798845788238399
2025-01-09,-0.008119348393108532,-0.008119348393108532,0.0,0.0,1.3686808151860912
2025-01-10,-0.0033566142864195543,-0.0033566142864195543,0.0,0.0,1.3640866816082893
2025-01-13,-0.008185808824490774,-0.008185808824490774,0.0,0.0,1.3529205288126098
2025-01-14,0.010898546884611116,0.010898546884611116,0.0,0.0,1.3676653966270267
2025-01-15,-0.0007771258203643414,-0.0007771258203643414,0.0,0.0,1.366602548533689
2025-01-16,0.007045871999050027,0.007045871999050027,0.0,0.0,1.376231455164233
2025-01-17,-0.0019316777568597172,-0.0019316777568597172,0.0,0.0,1.3735730194740015
2025-01-20,-0.0013200614600558695,-0.0013200614600558695,0.0,0.0,1.3717598186684212
2025-01-21,0.004215409845047888,0.004215409845047888,0.0,0.0,1.3775423485130773
2025-01-22,0.0017145944050919503,0.0017145944050919503,0.0,0.0,1.3799042749166153
2025-02-03,0.0010565305342267288,0.0010565305342267288,0.0,0.0,1.3813621859173746
2025-02-04,-0.005230861760390221,-0.005230861760390221,0.0,0.0,1.3741364712818103
2025-02-05,0.006989034802951921,0.006989034802951921,0.0,0.0,1.3837403589036046
2025-02-06,0.008695710439367293,0.008695710439367293,0.0,0.0,1.3957729643878964
2025-02-07,-0.0032765709206166666,-0.0032765709206166666,0.0,0.0,1.3911996152810002
2025-02-10,-0.0013537014960718226,-0.0013537014960718226,0.0,0.0,1.3893163462804599
2025-02-11,0.0005675083071932149,0.0005675083071932149,0.0,0.0,1.3901047948482934
2025-02-12,0.0028047792396561793,0.0028047792396561793,0.0,0.0,1.3940037319178304
2025-02-13,0.005485423332120167,0.005485423332120167,0.0,0.0,1.4016504325139552
2025-02-14,0.00027333884711522555,0.00027333884711522555,0.0,0.0,1.4020335580272372
2025-02-17,0.0050668204797599415,0.0050668204797599415,0.0,0.0,1.4091374103723602
2025-02-18,0.0034973336600436986,0.0034973336600436986,0.0,0.0,1.4140656340692823
2025-02-19,-0.0001680807831143722,-0.0001680807831143722,0.0,0.0,1.4138279568101328
2025-02-20,-0.0014843009114587833,-0.0014843009114587833,0.0,0.0,1.4117294106851936
2025-02-21,0.00698927508765591,0.00698927508765591,0.0,0.0,1.4215963758858068
2025-02-24,-0.0015310701972489624,-0.0015310701972489624,0.0,0.0,1.4194198120421708
2025-02-25,-0.00266121607885975,-0.00266121607885975,0.0,0.0,1.4156424292157122
2025-02-26,0.005441679859642762,0.005441679859642762,0.0,0.0,1.4233459021112311
2025-02-27,-0.004214055634824565,-0.004214055634824565,0.0,0.0,1.417347843292135
2025-03-03,0.004307182782253411,0.004307182782253411,0.0,0.0,1.4234526195192267
2025-03-04,-0.0060461444741901176,-0.0060461444741901176,0.0,0.0,1.414846219329449
2025-03-05,0.001756642156575066,0.001756642156575066,0.0,0.0,1.417331597843394
2025-03-06,-0.0012722041938613904,-0.0012722041938613904,0.0,0.0,1.4155284626405253
2025-03-07,-0.00403138095748725,-0.00403138095748725,0.0,0.0,1.4098219281514552
2025-03-10,-0.0012076558272339389,-0.0012076558272339389,0.0,0.0,1.4081193484845609
2025-03-11,-0.005905096681983155,-0.005905096681983155,0.0,0.0,1.3998042675919884
2025-03-12,0.0007422907256861424,0.0007422907256861424,0.0,0.0,1.400843329317598
2025-03-13,-0.0018747873692499632,-0.0018747873692499632,0.0,0.0,1.3982170459374952
2025-03-14,0.0031673459810386013,0.0031673459810386013,0.0,0.0,1.402645683078565
2025-03-17,0.0023765086974344863,0.0023765086974344863,0.0,0.0,1.40597908274382
2025-03-18,0.005660604690833129,0.005660604690833129,0.0,0.0,1.4139377745348132
2025-03-19,-0.006531580430924933,-0.006531580430924933,0.0,0.0,1.4047025262361161
2025-03-20,0.00805547262878174,0.00805547262878174,0.0,0.0,1.416018068987792
2025-03-21,-0.002086162632430663,-0.002086162632430663,0.0,0.0,1.413064025005423
2025-03-24,0.0008178419963031964,0.0008178419963031964,0.0,0.0,1.4142196881085376
2025-03-25,-0.003135375650845015,-0.003135375650845015,0.0,0.0,1.4097855781334965
2025-03-26,0.003943352654444024,0.003943352654444024,0.0,0.0,1.4153448598352263
2025-03-27,0.0005106972201653589,0.0005106972201653589,0.0,0.0,1.4160676725207195
2025-03-28,-0.009778326047084392,-0.009778326047084392,0.0,0.0,1.402220901114076
2025-03-31,-0.022507930271289035,-0.022507930271289035,0.0,0.0,1.3706598108468564
2025-04-01,0.011136525630366503,0.011136525630366503,0.0,0.0,1.385924198960866
2025-04-02,0.0032147532621110758,0.0032147532621110758,0.0,0.0,1.3903796033005142
2025-04-07,-0.08656047280776995,-0.08656047280776995,0.0,0.0,1.2700276874565422
2025-04-08,-0.0032789395532005373,-0.0032789395532005373,0.0,0.0,1.265863343438481
2025-04-09,-0.05062886695731039,-0.05062886695731039,0.0,0.0,1.201774116637398
2025-04-10,0.07264181090236402,0.07264181090236402,0.0,0.0,1.2890731647655276
2025-04-11,0.0054673103282768375,0.0054673103282768375,0.0,0.0,1.2961209277931545
2025-04-14,0.0025415642558745564,0.0025415642558745564,0.0,0.0,1.2994151024145246
2025-04-15,0.01330816525910321,0.01330816525910321,0.0,0.0,1.3167079333376315
2025-04-16,-0.006492195874927594,-0.006492195874927594,0.0,0.0,1.3081596075243325
2025-04-17,-0.006767943781325475,-0.006767943781325475,0.0,0.0,1.299306056843607
2025-04-18,-0.00026563974834582197,-0.00026563974834582197,0.0,0.0,1.2989609095096428
2025-04-21,-0.005056459729569389,-0.005056459729569389,0.0,0.0,1.2923927659804226
2025-04-22,-0.007941427430207182,-0.007941427430207182,0.0,0.0,1.2821293226180643
2025-04-23,0.016394453292155407,0.016394453292155407,0.0,0.0,1.303149131912229
2025-04-24,-0.003704302056285418,-0.003704302056285418,0.0,0.0,1.2983218739032398
2025-04-25,0.0019284282248015823,0.0019284282248015823,0.0,0.0,1.300825594449752
2025-04-28,0.004119912920459027,0.004119912920459027,0.0,0.0,1.3061848826235893
2025-04-29,0.009750677301684602,0.009750677301684602,0.0,0.0,1.3189210699103908
2025-04-30,0.003282264308335822,0.003282264308335822,0.0,0.0,1.32325011746367
2025-05-02,0.004250891869483702,0.004250891869483702,0.0,0.0,1.3288751106292895
2025-05-05,-0.007319968123589074,-0.007319968123589074,0.0,0.0,1.3191477871792523
2025-05-06,0.012029729378429298,0.012029729378429298,0.0,0.0,1.3350167780691726
2025-05-07,0.0013797174141010117,0.0013797174141010117,0.0,0.0,1.3368587239659917
2025-05-08,-0.00015803836615020748,-0.00015803836615020748,0.0,0.0,1.3366474489974824
2025-05-09,0.010618455012965364,0.010618455012965364,0.0,0.0,1.350840579802857
2025-05-12,0.007133923191286451,0.007133923191286451,0.0,0.0,1.3604773727428434
2025-05-13,-0.0006979596280247764,-0.0016550880067380835,0.31640607560770473,0.0009571283787133069,1.3582256629597782
2025-05-14,0.006412077869697374,0.006412077869697374,0.0,0.0,1.3669347116752977
2025-05-15,0.00648133338479547,0.00648133338479547,0.0,0.0,1.3757942712569147
2025-05-16,0.003093316746778273,0.003093316746778273,0.0,0.0,1.3800500387163155
2025-05-19,-0.005387514738643243,-0.005387514738643243,0.0,0.0,1.3726149987926661
2025-05-20,0.0028203123542931514,0.0028203123542931514,0.0,0.0,1.3764862018314492
2025-05-21,0.007023303492955874,0.007023303492955874,0.0,0.0,1.3861536821807776
2025-05-22,-0.0073122120702312325,-0.0073122120702312325,0.0,0.0,1.3760178324947399
2025-05-23,0.004290777134962173,0.004290777134962173,0.0,0.0,1.3819220183477083
2025-05-26,-0.0006716557747342439,-0.0006716557747342439,0.0,0.0,1.3809938424438526
2025-05-27,-0.008457417209672014,-0.008457417209672014,0.0,0.0,1.369314201354317
2025-05-28,-0.0020227229567784705,-0.0020227229567784705,0.0,0.0,1.3665444580841948
2025-05-29,-0.006911552480901978,-0.006911552480901978,0.0,0.0,1.35709951434466
2025-06-02,-0.008203278915140316,-0.008203278915140316,0.0,0.0,1.3459668485128893
2025-06-03,0.0005822385255452427,0.0005822385255452427,0.0,0.0,1.3467505222662002
2025-06-04,0.004489263694916383,0.004489263694916383,0.0,0.0,1.3527964404919195
2025-06-05,0.005463572786417773,0.005463572786417773,0.0,0.0,1.360187542309754
2025-06-06,0.004819101484312848,0.004819101484312848,0.0,0.0,1.3667424241138428
2025-06-09,0.007759028157420133,0.007759028157420133,0.0,0.0,1.3773470170664825
2025-06-10,0.005502269566029328,0.005502269566029328,0.0,0.0,1.384925551640349
2025-06-11,0.002239017363588664,0.002239017363588664,0.0,0.0,1.3880264239977493
2025-06-12,0.0035161861662039093,0.0035161861662039093,0.0,0.0,1.3929069833081356
2025-06-13,9.39221276969166e-05,9.39221276969166e-05,0.0,0.0,1.3930378080956918
2025-06-16,0.0036800587767786145,0.0036800587767786145,0.0,0.0,1.398164269107759
2025-06-17,-0.0009225771295454453,-0.0009225771295454453,0.0,0.0,1.3968743547297324
2025-06-18,0.005599277579502145,0.005599277579502145,0.0,0.0,1.4046958419855522
2025-06-19,-0.01021599159578028,-0.01021599159578028,0.0,0.0,1.3903454810692004
2025-06-20,-0.007930822104449068,-0.007930822104449068,0.0,0.0,1.379318898395116
2025-06-23,-0.009454919719459496,-0.009454919719459496,0.0,0.0,1.3662775489432568
2025-06-24,0.0014010510226472985,0.0014010510226472985,0.0,0.0,1.3681917735004236
2025-06-25,0.007031458245277541,0.007031458245277541,0.0,0.0,1.377812156827324
2025-06-26,-0.0009815986337131045,-0.0009815986337131045,0.0,0.0,1.376459698296669
2025-06-27,0.006523156461429597,0.006523156461429597,0.0,0.0,1.3854385602715105
2025-06-30,-0.004245128194494041,-0.004245128194494041,0.0,0.0,1.3795571959775625
2025-07-01,0.0022274768135292305,0.0022274768135292305,0.0,0.0,1.38263012764454
2025-07-02,7.825363107799707e-05,7.825363107799707e-05,0.0,0.0,1.382738323472466
2025-07-03,0.0044361495792599875,0.0044361495792599875,0.0,0.0,1.3888723575043649
2025-07-04,-0.003806222170333131,-0.003806222170333131,0.0,0.0,1.383586000745469
2025-07-07,-0.0037592150154728355,-0.0037592150154728355,0.0,0.0,1.3783848034762687
2025-07-08,-0.0003126139025299,-0.0003126139025299,0.0,0.0,1.3779539012236661
2025-07-09,-0.008293771831267133,-0.008293771831267133,0.0,0.0,1.3665254659729127
2025-07-10,0.0069938160103500575,0.0069938160103500575,0.0,0.0,1.376082693655385
2025-07-11,0.01020828060070989,0.01020828060070989,0.0,0.0,1.3901301319219999
2025-07-14,0.0034383186104605555,0.0034383186104605555,0.0,0.0,1.3949098422255493
2025-07-15,-0.002119397872739055,-0.002119397872739055,0.0,0.0,1.3919534732732737
2025-07-16,0.001398294747165717,0.001398294747165717,0.0,0.0,1.393899834503251
2025-07-17,0.0024436129359163977,0.0024436129359163977,0.0,0.0,1.3973059861702148
2025-07-18,-0.003234258254080074,-0.003234258254080074,0.0,0.0,1.3927867377509684
2025-07-21,-0.0019705727416573027,-0.0019705727416573027,0.0,0.0,1.3900421501706144
2025-07-22,-0.007379614780428305,-0.007379614780428305,0.0,0.0,1.379784174573797
2025-07-23,0.00810672095514612,0.00810672095514612,0.0,0.0,1.3909696998553935
2025-07-24,-0.003449574059156594,-0.003449574059156594,0.0,0.0,1.3861714468616995
2025-07-25,-0.0016012637676977625,-0.0016012637676977625,0.0,0.0,1.3839518207480226
2025-07-28,-0.0019777295287216057,-0.0019777295287216057,0.0,0.0,1.3812147383658013
2025-07-29,-0.005367101272948296,-0.005367101272948296,0.0,0.0,1.3738016189853033
2025-07-30,0.006558342897108717,0.006558342897108717,0.0,0.0,1.3828114810752121
2025-07-31,-0.009867593318220179,-0.009867593318220179,0.0,0.0,1.3691664597441962
2025-08-01,0.004591512301494308,0.004591512301494308,0.0,0.0,1.375453004386905
2025-08-04,0.008059006763301938,0.008059006763301938,0.0,0.0,1.3865377894518631
2025-08-05,0.007750968281653139,0.007750968281653139,0.0,0.0,1.3972847998792182
2025-08-06,0.0033782801702921684,0.0033782801702921684,0.0,0.0,1.4020052194109007
2025-08-07,-0.009502791777012866,-0.009502791777012866,0.0,0.0,1.3886822557405538
2025-08-08,0.0006663522787201527,0.0006663522787201527,0.0,0.0,1.389607607326085
2025-08-11,0.0014800781346773456,0.0014800781346773456,0.0,0.0,1.3916643351614697
2025-08-12,-0.0034597896632071593,-0.0034597896632071593,0.0,0.0,1.386849469280024
2025-08-13,0.003760440982881905,0.003760440982881905,0.0,0.0,1.3920646348613928
2025-08-14,0.0037242340025915284,0.0037242340025915284,0.0,0.0,1.3972490093083487
2025-08-15,-0.0012170920630840297,-0.0012170920630840297,0.0,0.0,1.3955484286289674
2025-08-18,0.004986802950226309,0.004986802950226309,0.0,0.0,1.4025077536500379
2025-08-19,-0.0025491907205165408,-0.0025491907205165408,0.0,0.0,1.3989324938989807
2025-08-20,-0.00641321074707416,-0.00641321074707416,0.0,0.0,1.3899608449946765
2025-08-21,0.0017269521265663647,0.0017269521265663647,0.0,0.0,1.392361240831784
2025-08-22,-0.005421723046011635,-0.005421723046011635,0.0,0.0,1.384812243803993
2025-08-25,0.004255104080774991,0.004255104080774991,0.0,0.0,1.3907047640337105
2025-08-26,-0.006211706325315214,-0.006211706325315214,0.0,0.0,1.3820661144543163
2025-08-27,0.0006961410455912209,0.0006961410455912209,0.0,0.0,1.3830282274043086
2025-08-28,0.00561411171618474,0.00561411171618474,0.0,0.0,1.3907927023795934
2025-08-29,-0.002293784414852099,-0.002293784414852099,0.0,0.0,1.387602523754585
2025-09-01,-0.002492153380016051,-0.002492153380016051,0.0,0.0,1.3841444054348913
2025-09-02,0.0037109819151970188,0.0037109819151970188,0.0,0.0,1.3892809402914812
2025-09-03,0.0019099696124253488,0.0019099696124253488,0.0,0.0,1.3919344246705596
2025-09-04,0.005734550946063519,0.005734550946063519,0.0,0.0,1.3999165435424126
2025-09-05,-0.0008242260882503534,-0.0008242260882503534,0.0,0.0,1.3987626958058517
2025-09-08,0.0018026869765944114,0.0018026869765944114,0.0,0.0,1.401284227100927
2025-09-09,0.005629217944833814,0.005629217944833814,0.0,0.0,1.4091723614179361
2025-09-10,0.002981921792765141,0.002981921792765141,0.0,0.0,1.4133744031922106
2025-09-11,-0.007554200506277845,-0.007554200506277845,0.0,0.0,1.402697489560056
2025-09-12,0.009664007804760393,0.009664007804760393,0.0,0.0,1.416253169046882
2025-09-15,-0.003535613081595267,-0.003535613081595267,0.0,0.0,1.4112458458155492
2025-09-16,-0.0007709094109806768,-0.0007709094109806768,0.0,0.0,1.4101579031118026
2025-09-17,-0.004387905119679805,-0.004387905119679805,0.0,0.0,1.4039702640291813
2025-09-18,0.005814662905856998,0.005814662905856998,0.0,0.0,1.4121338778443582
2025-09-19,-0.0009114675643507853,-0.0009114675643507853,0.0,0.0,1.410846763618182
2025-09-22,0.003347599648510286,0.003347599648510286,0.0,0.0,1.4155697137481724
2025-09-23,0.002047929761900096,0.002047929761900096,0.0,0.0,1.4184687010950017
2025-09-24,0.0043413196173731836,0.0043413196173731836,0.0,0.0,1.4246267270936952
2025-09-25,-0.001604856091455597,-0.001604856091455597,0.0,0.0,1.4223404062126686
2025-09-26,-0.003989448706938131,-0.003989448706938131,0.0,0.0,1.4166660521182775
2025-09-30,0.008905452475820018,0.008905452475820018,0.0,0.0,1.4292821043195245
2025-10-01,-0.0007021073171329748,-0.0007021073171329748,0.0,0.0,1.4282785948958345
2025-10-02,-0.0015651075496214235,-0.0015651075496214235,0.0,0.0,1.4260431852840003
2025-10-03,-0.0028138046841191585,-0.0028138046841191585,0.0,0.0,1.422030578289492
2025-10-07,0.005380043683160254,0.005380043683160254,0.0,0.0,1.4296811649194792
2025-10-08,0.0029775195926318022,0.0029775195926318022,0.0,0.0,1.4339380685992436
2025-10-09,-0.0017944194258182956,-0.0017944194258182956,0.0,0.0,1.4313649822735288
2025-10-13,-0.0082593594482262,-0.0082593594482262,0.0,0.0,1.419542824383328
2025-10-14,-0.0018325663462173368,-0.0018325663462173368,0.0,0.0,1.4169414179763486
2025-10-15,-0.0009721740289864711,-0.0009721740289864711,0.0,0.0,1.4155639043291968
2025-10-16,0.003903265822788463,0.003903265822788463,0.0,0.0,1.421089226536938
2025-10-17,0.0006566882331557393,0.0006566882331557393,0.0,0.0,1.4220224391102692
2025-10-20,0.005856723264616956,0.005856723264616956,0.0,0.0,1.4303508310122135
2025-10-21,0.0027082781793539078,0.0027082781793539078,0.0,0.0,1.4342246189566645
2025-10-22,0.005954312157078682,0.005954312157078682,0.0,0.0,1.4427644400412998
2025-10-23,-0.0008120480736024804,-0.0008120480736024804,0.0,0.0,1.4415928459571021
2025-10-27,-0.005854334721739619,-0.005854334721739619,0.0,0.0,1.4331532789044041
2025-10-28,-0.00545567309860139,-0.00545567309860139,0.0,0.0,1.425334463114513
2025-10-29,0.0024949889325114353,0.0024949889325114353,0.0,0.0,1.428890656825111
2025-10-30,-0.004598414999115745,-0.004598414999115745,0.0,0.0,1.42232002459667
2025-10-31,-0.00670228451822647,-0.00670228451822647,0.0,0.0,1.4127872311158522
2025-11-03,0.004719227741706022,0.004719227741706022,0.0,0.0,1.4194544958100623
2025-11-04,-0.0037656590126237273,-0.0037656590126237273,0.0,0.0,1.414109314194906
2025-11-05,0.0032594944845286975,0.0032594944845286975,0.0,0.0,1.418718595705045
2025-11-06,0.0007908129952087112,0.0007908129952087112,0.0,0.0,1.4198405368070728
2025-11-07,-0.0029248823183721734,-0.0029248823183721734,0.0,0.0,1.4156876703260577
2025-11-10,-0.002247854312930978,-0.002247854312930978,0.0,0.0,1.4125054106905521
2025-11-11,0.0001469347459517041,0.0001469347459517041,0.0,0.0,1.4127129568142274
2025-11-12,0.005899686493785326,0.005899686493785326,0.0,0.0,1.4210475203651396
2025-11-13,-0.006467815521003757,-0.006467815521003757,0.0,0.0,1.411856447156838
2025-11-14,-0.006611238803069927,-0.006611238803069927,0.0,0.0,1.4025223270290303
2025-11-17,-0.003946527300438615,-0.003946527300438615,0.0,0.0,1.3969872343759355
2025-11-18,-0.01091333518787021,-0.01091333518787021,0.0,0.0,1.3817414444340153
2025-11-19,-0.0023459699807134434,-0.0023459699807134434,0.0,0.0,1.3784999204842654
2025-11-20,0.016689288672890278,0.016689288672890278,0.0,0.0,1.4015061035927836
2025-11-21,-0.010492196413295728,-0.010492196413295728,0.0,0.0,1.3868012262794553
2025-11-24,0.007798669781571805,0.007798669781571805,0.0,0.0,1.3976164310958876
2025-11-25,-0.008427543106429956,-0.008427543106429956,0.0,0.0,1.3858379583765723
2025-11-26,0.009392161082987219,0.009392161082987219,0.0,0.0,1.3988539717165633
2025-11-27,0.00405644466916631,0.00405644466916631,0.0,0.0,1.404528345453075
2025-11-28,-0.0058859578927942195,-0.0058859578927942195,0.0,0.0,1.3962613507525024
2025-12-01,-0.002562977324817069,-0.002562977324817069,0.0,0.0,1.3926827645710054
2025-12-02,0.005683903759841377,0.005683903759841377,0.0,0.0,1.4005986393728167
2025-12-03,-0.0015090430847245,-0.0015090430847245,0.0,0.0,1.3984850756815965
2025-12-04,0.005577437546262572,0.005577437546262572,0.0,0.0,1.4062850388505908
2025-12-05,0.0015590458194371273,0.0015590458194371273,0.0,0.0,1.4084775016613478
2025-12-08,-0.0031965194511748515,-0.0031965194511748515,0.0,0.0,1.4039752759307451
2025-12-09,-0.00017904083273398267,-0.00017904083273398267,0.0,0.0,1.4037239070282046
2025-12-10,-0.0034038905803344213,-0.0034038905803344213,0.0,0.0,1.398945784443681
2025-12-11,0.0009844348808792248,0.0009844348808792248,0.0,0.0,1.4003229554703462
2025-12-12,0.0034327842881353853,0.0034327842881353853,0.0,0.0,1.4051299621102002
2025-12-15,0.0010103649138142768,0.0010103649138142768,0.0,0.0,1.4065496561232655
2025-12-16,0.0006009576301569993,0.0006009576301569993,0.0,0.0,1.4073949328713076
2025-12-17,0.006667982991891562,0.006667982991891562,0.0,0.0,1.4167794183465678
2025-12-18,-0.00042537253857714326,-0.00042537253857714326,0.0,0.0,1.416176759288782
2025-12-19,0.012642109512075932,0.012642109512075932,0.0,0.0,1.4340802209681676
2025-12-22,0.0021986737839108286,0.0021986737839108286,0.0,0.0,1.4372332955540352
2025-12-23,-0.0032864163323951066,-0.0032864163323951066,0.0,0.0,1.4325099485780644
2025-12-24,0.002229466695584586,0.002229466695584586,0.0,0.0,1.4357036817995128
2025-12-26,0.005056719553437263,0.005056719553437263,0.0,0.0,1.4429636326802102
2025-12-29,-0.0007689910690641923,-0.0007689910690641923,0.0,0.0,1.4418540065336949
2025-12-30,-1.5859680618607384e-05,-1.5859680618607384e-05,0.0,0.0,1.4418311391896526
2025-12-31,-0.006027666422349346,-0.006027666422349346,0.0,0.0,1.4331402620452613
2026-01-02,0.005178136799724557,0.005178136799724557,0.0,0.0,1.440561258375325
2026-01-05,0.0038287684101485074,0.0038287684101485074,0.0,0.0,1.4460768338142762
2026-01-06,0.008256630839270846,0.008256630839270846,0.0,0.0,1.4580165563963023
2026-01-07,0.005413543396522584,0.005413543396522584,0.0,0.0,1.465909592297202
2026-01-08,-0.0019324455148827815,-0.0019324455148827815,0.0,0.0,1.4630768018803437
2026-01-09,0.0002886836151671907,0.0002886836151671907,0.0,0.0,1.4634991681807779
2026-01-12,0.002098629502948533,0.002098629502948533,0.0,0.0,1.4665705107126628
2026-01-13,-0.0007840555506808943,-0.0007840555506808943,0.0,0.0,1.4654206379632737
2026-01-14,0.006021094047044823,0.006021094047044823,0.0,0.0,1.4742440734429312
2026-01-15,0.008267420600235912,0.008267420600235912,0.0,0.0,1.486432269265489
2026-01-16,0.002808853403002159,0.002808853403002159,0.0,0.0,1.4906074396033475
2026-01-19,0.006414455221667449,0.006414455221667449,0.0,0.0,1.5001688742777675
2026-01-20,-0.007250860366144433,-0.007250860366144433,0.0,0.0,1.4892913592447432
2026-01-21,-0.0056853279176205355,-0.0056853279176205355,0.0,0.0,1.480824249502558
2026-01-22,0.0028965698847043097,0.0028965698847043097,0.0,0.0,1.485113560428207
2026-01-23,-3.728914781604296e-05,-3.728914781604296e-05,0.0,0.0,1.4850581818091286
2026-01-26,0.0051778612117380236,0.0051778612117380236,0.0,0.0,1.4927476069658925
2026-01-27,-0.0041291042526648905,-0.0041291042526648905,0.0,0.0,1.4865838964738143
2026-01-28,-0.0010844914873869532,-0.0010844914873869532,0.0,0.0,1.4849717088928018
2026-01-29,-0.0017819177973339327,-0.0017819177973339327,0.0,0.0,1.4823256113761885
2026-01-30,-0.007937136152414356,-0.007937136152414356,0.0,0.0,1.470560191176485
2026-02-02,-0.008109378004805436,-0.008109378004805436,0.0,0.0,1.4586348627074157
2026-02-03,0.005235524094536523,0.005235524094536523,0.0,0.0,1.4662715806762514
2026-02-04,0.008807989930245126,0.008807989930245126,0.0,0.0,1.4791864859938524
2026-02-05,0.000540500949876679,0.000540500949876679,0.0,0.0,1.479985987694577
2026-02-06,0.0019139691316748773,0.0019139691316748773,0.0,0.0,1.4828186351903359
2026-02-09,0.002262805995426835,0.002262805995426835,0.0,0.0,1.4861739660881752
2026-02-10,0.004678411559032183,0.004678411559032183,0.0,0.0,1.4931268995498548
2026-02-11,0.00817738696939792,0.00817738696939792,0.0,0.0,1.5053367760018914
2026-02-23,0.023773160238200287,0.023773160238200287,0.0,0.0,1.5411233883902402
2026-02-24,0.007532799641486486,0.007532799641486486,0.0,0.0,1.5527323620977926
2026-02-25,0.0014126299018775365,0.0014126299018775365,0.0,0.0,1.554925798262105
2026-02-26,0.00032744866896999673,0.00032744866896999673,0.0,0.0,1.555434956645093
2026-03-02,-0.006705519211895316,-0.006705519211895316,0.0,0.0,1.5450049576604556
2026-03-03,-0.005463888094610721,-0.005463888094610721,0.0,0.0,1.5365632234661801
2026-03-04,-0.034696700481359935,-0.034696700481359935,0.0,0.0,1.483249549530901
2026-03-05,0.0118275743186635,0.0118275743186635,0.0,0.0,1.500792793811102
2026-03-06,0.005590542631010538,0.005590542631010538,0.0,0.0,1.5091830399052164
2026-03-09,-0.018920721713945834,-0.018920721713945834,0.0,0.0,1.480628207591763
2026-03-10,-0.002075035046215122,-0.002075035046215122,0.0,0.0,1.4775558521705954
2026-03-11,0.011008275869323951,0.011008275869323951,0.0,0.0,1.4938211946036233
2026-03-12,0.0022470027914633164,0.0022470027914633164,0.0,0.0,1.4971778149978447
2026-03-13,-0.0018857734132223013,-0.0018857734132223013,0.0,0.0,1.4943544768794557
2026-03-16,0.008978870967457019,0.008978870967457019,0.0,0.0,1.507772092906998
2026-03-17,0.005857359995661372,0.005857359995661372,0.0,0.0,1.516603656846566
2026-03-18,0.0018712903756604984,0.0018712903756604984,0.0,0.0,1.5194416626733145
2026-03-19,-0.013105134480060723,-0.013105134480060723,0.0,0.0,1.4995291753493738
2026-03-20,-0.000614944166400765,-0.000614944166400765,0.0,0.0,1.498607048630645
2026-03-23,-0.01677191003565133,-0.01677191003565133,0.0,0.0,1.4734725460322189
2026-03-24,0.007448630327204305,0.007448630327204305,0.0,0.0,1.4844478983248974
2026-03-25,0.010613479549963618,0.010613479549963618,0.0,0.0,1.5002030557367554
2026-03-26,-0.0004951157493328165,-0.0004951157493328165,0.0,0.0,1.499460281576663
2026-03-27,-0.0012473099696547895,-0.0012473099696547895,0.0,0.0,1.497589989818351
2026-03-30,-0.013014890000580152,-0.013014890000580152,0.0,0.0,1.478099020834895
2026-03-31,-0.008201212124268456,-0.008201212124268456,0.0,0.0,1.4659768172243544
2026-04-01,0.02209533309529936,0.02209533309529936,0.0,0.0,1.498368063310913
2026-04-02,-0.004654287873617653,-0.004654287873617653,0.0,0.0,1.4913942270036291
2026-04-07,0.006090286136128378,0.006090286136128378,0.0,0.0,1.5004772445878511
2026-04-08,0.011996060957837174,0.011996060957837174,0.0,0.0,1.5184770610797744
2026-04-09,0.008690609792141566,0.008690609792141566,0.0,0.0,1.5316735526959366
2026-04-10,-0.0061443164821818105,-0.0061443164821818105,0.0,0.0,1.522262465640785
2026-04-13,-0.003711132426053275,-0.003711132426053275,0.0,0.0,1.5166131480435818
2026-04-14,0.009445968093363526,0.009445968093363526,0.0,0.0,1.5309390274499772
2026-04-15,0.007967770631580325,0.007967770631580325,0.0,0.0,1.5431371984716333
2026-04-16,0.006971712876984424,0.006971712876984424,0.0,0.0,1.5538955079491716
2026-04-17,0.00565571317870036,0.00565571317870036,0.0,0.0,1.562683895251803
