date,gross_ret,net_ret,turnover,total_cost,equity
2015-01-05,0.0,0.0,0.0,0.0,1.0
2015-01-06,0.0,0.0,0.0,0.0,1.0
2015-01-07,0.0,0.0,0.0,0.0,1.0
2015-01-08,0.0,0.0,0.0,0.0,1.0
2015-01-09,0.0,0.0,0.0,0.0,1.0
2015-01-12,0.0,0.0,0.0,0.0,1.0
2015-01-13,0.0,0.0,0.0,0.0,1.0
2015-01-14,0.0,0.0,0.0,0.0,1.0
2015-01-15,0.0,0.0,0.0,0.0,1.0
2015-01-16,0.0,0.0,0.0,0.0,1.0
2015-01-19,0.0,0.0,0.0,0.0,1.0
2015-01-20,0.0,0.0,0.0,0.0,1.0
2015-01-21,0.0,0.0,0.0,0.0,1.0
2015-01-22,0.0,0.0,0.0,0.0,1.0
2015-01-23,0.0,0.0,0.0,0.0,1.0
2015-01-26,0.0,0.0,0.0,0.0,1.0
2015-01-27,0.0,0.0,0.0,0.0,1.0
2015-01-28,0.0,0.0,0.0,0.0,1.0
2015-01-29,0.0,0.0,0.0,0.0,1.0
2015-01-30,0.0,0.0,0.0,0.0,1.0
2015-02-02,0.0,0.0,0.0,0.0,1.0
2015-02-03,0.0,0.0,0.0,0.0,1.0
2015-02-04,0.0,0.0,0.0,0.0,1.0
2015-02-05,0.0,0.0,0.0,0.0,1.0
2015-02-06,0.0,0.0,0.0,0.0,1.0
2015-02-09,0.0,0.0,0.0,0.0,1.0
2015-02-10,0.0,0.0,0.0,0.0,1.0
2015-02-11,0.0,0.0,0.0,0.0,1.0
2015-02-12,0.0,0.0,0.0,0.0,1.0
2015-02-13,0.0,0.0,0.0,0.0,1.0
2015-02-24,0.0,0.0,0.0,0.0,1.0
2015-02-25,0.0,0.0,0.0,0.0,1.0
2015-02-26,0.0,0.0,0.0,0.0,1.0
2015-03-02,0.0,0.0,0.0,0.0,1.0
2015-03-03,0.0,0.0,0.0,0.0,1.0
2015-03-04,0.0,0.0,0.0,0.0,1.0
2015-03-05,0.0,0.0,0.0,0.0,1.0
2015-03-06,0.0,0.0,0.0,0.0,1.0
2015-03-09,0.0,0.0,0.0,0.0,1.0
2015-03-10,0.0,0.0,0.0,0.0,1.0
2015-03-11,0.0,0.0,0.0,0.0,1.0
2015-03-12,0.0,0.0,0.0,0.0,1.0
2015-03-13,0.0,0.0,0.0,0.0,1.0
2015-03-16,0.0,0.0,0.0,0.0,1.0
2015-03-17,0.0,0.0,0.0,0.0,1.0
2015-03-18,0.0,0.0,0.0,0.0,1.0
2015-03-19,0.0,0.0,0.0,0.0,1.0
2015-03-20,0.0,0.0,0.0,0.0,1.0
2015-03-23,0.0,0.0,0.0,0.0,1.0
2015-03-24,0.0,0.0,0.0,0.0,1.0
2015-03-25,0.0,0.0,0.0,0.0,1.0
2015-03-26,0.0,0.0,0.0,0.0,1.0
2015-03-27,0.0,0.0,0.0,0.0,1.0
2015-03-30,0.0,0.0,0.0,0.0,1.0
2015-03-31,0.0,0.0,0.0,0.0,1.0
2015-04-01,0.0,0.0,0.0,0.0,1.0
2015-04-02,0.0,0.0,0.0,0.0,1.0
2015-04-07,0.0,0.0,0.0,0.0,1.0
2015-04-08,0.0,0.0,0.0,0.0,1.0
2015-04-09,0.0,0.0,0.0,0.0,1.0
2015-04-10,0.0,0.0,0.0,0.0,1.0
2015-04-13,0.0,0.0,0.0,0.0,1.0
2015-04-14,0.0,0.0,0.0,0.0,1.0
2015-04-15,0.0,0.0,0.0,0.0,1.0
2015-04-16,0.0,0.0,0.0,0.0,1.0
2015-04-17,0.0,0.0,0.0,0.0,1.0
2015-04-20,0.0,0.0,0.0,0.0,1.0
2015-04-21,0.0,0.0,0.0,0.0,1.0
2015-04-22,0.0,0.0,0.0,0.0,1.0
2015-04-23,0.0,0.0,0.0,0.0,1.0
2015-04-24,0.0,0.0,0.0,0.0,1.0
2015-04-27,0.0,0.0,0.0,0.0,1.0
2015-04-28,0.0,0.0,0.0,0.0,1.0
2015-04-29,0.0,0.0,0.0,0.0,1.0
2015-04-30,0.0,0.0,0.0,0.0,1.0
2015-05-04,0.0,0.0,0.0,0.0,1.0
2015-05-05,0.0,0.0,0.0,0.0,1.0
2015-05-06,0.0,0.0,0.0,0.0,1.0
2015-05-07,0.0,0.0,0.0,0.0,1.0
2015-05-08,0.0,0.0,0.0,0.0,1.0
2015-05-11,0.0,0.0,0.0,0.0,1.0
2015-05-12,0.0,0.0,0.0,0.0,1.0
2015-05-13,0.0,0.0,0.0,0.0,1.0
2015-05-14,0.0,0.0,0.0,0.0,1.0
2015-05-15,0.0,0.0,0.0,0.0,1.0
2015-05-18,0.0,0.0,0.0,0.0,1.0
2015-05-19,0.0,0.0,0.0,0.0,1.0
2015-05-20,0.0,0.0,0.0,0.0,1.0
2015-05-21,0.0,0.0,0.0,0.0,1.0
2015-05-22,0.0,0.0,0.0,0.0,1.0
2015-05-25,0.0,0.0,0.0,0.0,1.0
2015-05-26,0.0,0.0,0.0,0.0,1.0
2015-05-27,0.0,0.0,0.0,0.0,1.0
2015-05-28,0.0,0.0,0.0,0.0,1.0
2015-05-29,0.0,0.0,0.0,0.0,1.0
2015-06-01,0.0,0.0,0.0,0.0,1.0
2015-06-02,0.0,0.0,0.0,0.0,1.0
2015-06-03,0.0,0.0,0.0,0.0,1.0
2015-06-04,0.0,0.0,0.0,0.0,1.0
2015-06-05,0.0,0.0,0.0,0.0,1.0
2015-06-08,0.0,0.0,0.0,0.0,1.0
2015-06-09,0.0,0.0,0.0,0.0,1.0
2015-06-10,0.0,0.0,0.0,0.0,1.0
2015-06-11,0.0,0.0,0.0,0.0,1.0
2015-06-12,0.0,0.0,0.0,0.0,1.0
2015-06-15,0.0,0.0,0.0,0.0,1.0
2015-06-16,0.0,0.0,0.0,0.0,1.0
2015-06-17,0.0,0.0,0.0,0.0,1.0
2015-06-18,0.0,0.0,0.0,0.0,1.0
2015-06-22,0.0,0.0,0.0,0.0,1.0
2015-06-23,0.0,0.0,0.0,0.0,1.0
2015-06-24,0.0,0.0,0.0,0.0,1.0
2015-06-25,0.0,0.0,0.0,0.0,1.0
2015-06-26,0.0,0.0,0.0,0.0,1.0
2015-06-29,0.0,0.0,0.0,0.0,1.0
2015-06-30,0.0,0.0,0.0,0.0,1.0
2015-07-01,0.0,0.0,0.0,0.0,1.0
2015-07-02,0.0,0.0,0.0,0.0,1.0
2015-07-03,0.0,0.0,0.0,0.0,1.0
2015-07-06,0.0,0.0,0.0,0.0,1.0
2015-07-07,0.0,0.0,0.0,0.0,1.0
2015-07-08,0.0,0.0,0.0,0.0,1.0
2015-07-09,0.0,0.0,0.0,0.0,1.0
2015-07-13,0.0,0.0,0.0,0.0,1.0
2015-07-14,0.0,0.0,0.0,0.0,1.0
2015-07-15,0.0,0.0,0.0,0.0,1.0
2015-07-16,0.0,0.0,0.0,0.0,1.0
2015-07-17,0.0,0.0,0.0,0.0,1.0
2015-07-20,0.0,0.0,0.0,0.0,1.0
2015-07-21,0.0,0.0,0.0,0.0,1.0
2015-07-22,0.0,0.0,0.0,0.0,1.0
2015-07-23,0.0,0.0,0.0,0.0,1.0
2015-07-24,0.0,0.0,0.0,0.0,1.0
2015-07-27,0.0,0.0,0.0,0.0,1.0
2015-07-28,0.0,0.0,0.0,0.0,1.0
2015-07-29,0.0,0.0,0.0,0.0,1.0
2015-07-30,0.0,0.0,0.0,0.0,1.0
2015-07-31,0.0,0.0,0.0,0.0,1.0
2015-08-03,0.0,0.0,0.0,0.0,1.0
2015-08-04,0.0,0.0,0.0,0.0,1.0
2015-08-05,0.0,0.0,0.0,0.0,1.0
2015-08-06,0.0,0.0,0.0,0.0,1.0
2015-08-07,0.0,0.0,0.0,0.0,1.0
2015-08-10,0.0,0.0,0.0,0.0,1.0
2015-08-11,0.0,0.0,0.0,0.0,1.0
2015-08-12,0.0,0.0,0.0,0.0,1.0
2015-08-13,0.0,0.0,0.0,0.0,1.0
2015-08-14,0.0,0.0,0.0,0.0,1.0
2015-08-17,0.0,0.0,0.0,0.0,1.0
2015-08-18,0.0,0.0,0.0,0.0,1.0
2015-08-19,0.0,0.0,0.0,0.0,1.0
2015-08-20,0.0,0.0,0.0,0.0,1.0
2015-08-21,0.0,0.0,0.0,0.0,1.0
2015-08-24,0.0,0.0,0.0,0.0,1.0
2015-08-25,0.0,0.0,0.0,0.0,1.0
2015-08-26,0.0,0.0,0.0,0.0,1.0
2015-08-27,0.0,0.0,0.0,0.0,1.0
2015-08-28,0.0,0.0,0.0,0.0,1.0
2015-08-31,0.0,0.0,0.0,0.0,1.0
2015-09-01,0.0,0.0,0.0,0.0,1.0
2015-09-02,0.0,0.0,0.0,0.0,1.0
2015-09-03,0.0,0.0,0.0,0.0,1.0
2015-09-04,0.0,0.0,0.0,0.0,1.0
2015-09-07,0.0,0.0,0.0,0.0,1.0
2015-09-08,0.0,0.0,0.0,0.0,1.0
2015-09-09,0.0,0.0,0.0,0.0,1.0
2015-09-10,0.0,0.0,0.0,0.0,1.0
2015-09-11,0.0,0.0,0.0,0.0,1.0
2015-09-14,0.0,0.0,0.0,0.0,1.0
2015-09-15,0.0,0.0,0.0,0.0,1.0
2015-09-16,0.0,0.0,0.0,0.0,1.0
2015-09-17,0.0,0.0,0.0,0.0,1.0
2015-09-18,0.0,0.0,0.0,0.0,1.0
2015-09-21,0.0,0.0,0.0,0.0,1.0
2015-09-22,0.0,0.0,0.0,0.0,1.0
2015-09-23,0.0,0.0,0.0,0.0,1.0
2015-09-24,0.0,0.0,0.0,0.0,1.0
2015-09-25,0.0,0.0,0.0,0.0,1.0
2015-09-30,0.0,0.0,0.0,0.0,1.0
2015-10-01,0.0,0.0,0.0,0.0,1.0
2015-10-02,0.0,0.0,0.0,0.0,1.0
2015-10-05,0.0,0.0,0.0,0.0,1.0
2015-10-06,0.0,0.0,0.0,0.0,1.0
2015-10-07,0.0,0.0,0.0,0.0,1.0
2015-10-08,0.0,0.0,0.0,0.0,1.0
2015-10-12,0.0,0.0,0.0,0.0,1.0
2015-10-13,0.0,0.0,0.0,0.0,1.0
2015-10-14,0.0,0.0,0.0,0.0,1.0
2015-10-15,0.0,0.0,0.0,0.0,1.0
2015-10-16,0.0,0.0,0.0,0.0,1.0
2015-10-19,0.0,0.0,0.0,0.0,1.0
2015-10-20,0.0,0.0,0.0,0.0,1.0
2015-10-21,0.0,0.0,0.0,0.0,1.0
2015-10-22,0.0,0.0,0.0,0.0,1.0
2015-10-23,0.0,0.0,0.0,0.0,1.0
2015-10-26,0.0,0.0,0.0,0.0,1.0
2015-10-27,0.0,0.0,0.0,0.0,1.0
2015-10-28,0.0,0.0,0.0,0.0,1.0
2015-10-29,0.0,0.0,0.0,0.0,1.0
2015-10-30,0.0,0.0,0.0,0.0,1.0
2015-11-02,0.0,0.0,0.0,0.0,1.0
2015-11-03,0.0,0.0,0.0,0.0,1.0
2015-11-04,0.0,0.0,0.0,0.0,1.0
2015-11-05,0.0,0.0,0.0,0.0,1.0
2015-11-06,0.0,0.0,0.0,0.0,1.0
2015-11-09,0.0,0.0,0.0,0.0,1.0
2015-11-10,0.0,0.0,0.0,0.0,1.0
2015-11-11,0.0,0.0,0.0,0.0,1.0
2015-11-12,0.0,0.0,0.0,0.0,1.0
2015-11-13,0.0,0.0,0.0,0.0,1.0
2015-11-16,0.0,0.0,0.0,0.0,1.0
2015-11-17,0.0,0.0,0.0,0.0,1.0
2015-11-18,0.0,0.0,0.0,0.0,1.0
2015-11-19,0.0,0.0,0.0,0.0,1.0
2015-11-20,0.0,0.0,0.0,0.0,1.0
2015-11-23,0.0,0.0,0.0,0.0,1.0
2015-11-24,0.0,0.0,0.0,0.0,1.0
2015-11-25,0.0,0.0,0.0,0.0,1.0
2015-11-26,0.0,0.0,0.0,0.0,1.0
2015-11-27,0.0,0.0,0.0,0.0,1.0
2015-11-30,0.0,0.0,0.0,0.0,1.0
2015-12-01,0.0,0.0,0.0,0.0,1.0
2015-12-02,0.0,0.0,0.0,0.0,1.0
2015-12-03,0.0,0.0,0.0,0.0,1.0
2015-12-04,0.0,0.0,0.0,0.0,1.0
2015-12-07,0.0,0.0,0.0,0.0,1.0
2015-12-08,0.0,0.0,0.0,0.0,1.0
2015-12-09,0.0,0.0,0.0,0.0,1.0
2015-12-10,0.0,0.0,0.0,0.0,1.0
2015-12-11,0.0,0.0,0.0,0.0,1.0
2015-12-14,0.0,0.0,0.0,0.0,1.0
2015-12-15,0.0,0.0,0.0,0.0,1.0
2015-12-16,0.0,0.0,0.0,0.0,1.0
2015-12-17,0.0,0.0,0.0,0.0,1.0
2015-12-18,0.0,0.0,0.0,0.0,1.0
2015-12-21,0.0,0.0,0.0,0.0,1.0
2015-12-22,0.0,0.0,0.0,0.0,1.0
2015-12-23,0.0,0.0,0.0,0.0,1.0
2015-12-24,0.0,0.0,0.0,0.0,1.0
2015-12-25,0.0,0.0,0.0,0.0,1.0
2015-12-28,0.0,0.0,0.0,0.0,1.0
2015-12-29,0.0,0.0,0.0,0.0,1.0
2015-12-30,0.0,0.0,0.0,0.0,1.0
2015-12-31,0.0,0.0,0.0,0.0,1.0
2016-01-04,0.0,0.0,0.0,0.0,1.0
2016-01-05,0.0,0.0,0.0,0.0,1.0
2016-01-06,0.0,0.0,0.0,0.0,1.0
2016-01-07,0.0,0.0,0.0,0.0,1.0
2016-01-08,0.0,0.0,0.0,0.0,1.0
2016-01-11,0.0,0.0,0.0,0.0,1.0
2016-01-12,0.0,0.0,0.0,0.0,1.0
2016-01-13,0.0,0.0,0.0,0.0,1.0
2016-01-14,0.0,0.0,0.0,0.0,1.0
2016-01-15,0.0,0.0,0.0,0.0,1.0
2016-01-18,0.0,0.0,0.0,0.0,1.0
2016-01-19,0.0,0.0,0.0,0.0,1.0
2016-01-20,0.0,0.0,0.0,0.0,1.0
2016-01-21,0.0,0.0,0.0,0.0,1.0
2016-01-22,0.0,0.0,0.0,0.0,1.0
2016-01-25,0.0,0.0,0.0,0.0,1.0
2016-01-26,0.0,0.0,0.0,0.0,1.0
2016-01-27,0.0,0.0,0.0,0.0,1.0
2016-01-28,0.0,0.0,0.0,0.0,1.0
2016-01-29,0.0,0.0,0.0,0.0,1.0
2016-01-30,0.0,0.0,0.0,0.0,1.0
2016-02-01,0.0,0.0,0.0,0.0,1.0
2016-02-02,0.0,0.0,0.0,0.0,1.0
2016-02-03,0.0,0.0,0.0,0.0,1.0
2016-02-15,0.0,0.0,0.0,0.0,1.0
2016-02-16,0.0,0.0,0.0,0.0,1.0
2016-02-17,0.0,0.0,0.0,0.0,1.0
2016-02-18,0.0,0.0,0.0,0.0,1.0
2016-02-19,0.0,0.0,0.0,0.0,1.0
2016-02-22,0.0,0.0,0.0,0.0,1.0
2016-02-23,0.0,0.0,0.0,0.0,1.0
2016-02-24,0.0,0.0,0.0,0.0,1.0
2016-02-25,0.0,0.0,0.0,0.0,1.0
2016-02-26,0.0,0.0,0.0,0.0,1.0
2016-03-01,0.0,0.0,0.0,0.0,1.0
2016-03-02,0.0,0.0,0.0,0.0,1.0
2016-03-03,0.0,0.0,0.0,0.0,1.0
2016-03-04,0.0,0.0,0.0,0.0,1.0
2016-03-07,0.0,0.0,0.0,0.0,1.0
2016-03-08,0.0,0.0,0.0,0.0,1.0
2016-03-09,0.0,0.0,0.0,0.0,1.0
2016-03-10,0.0,0.0,0.0,0.0,1.0
2016-03-11,0.0,0.0,0.0,0.0,1.0
2016-03-14,0.0,0.0,0.0,0.0,1.0
2016-03-15,0.0,0.0,0.0,0.0,1.0
2016-03-16,0.0,0.0,0.0,0.0,1.0
2016-03-17,0.0,0.0,0.0,0.0,1.0
2016-03-18,0.0,0.0,0.0,0.0,1.0
2016-03-21,0.0,0.0,0.0,0.0,1.0
2016-03-22,0.0,0.0,0.0,0.0,1.0
2016-03-23,0.0,0.0,0.0,0.0,1.0
2016-03-24,0.0,0.0,0.0,0.0,1.0
2016-03-25,0.0,0.0,0.0,0.0,1.0
2016-03-28,0.0,0.0,0.0,0.0,1.0
2016-03-29,0.0,0.0,0.0,0.0,1.0
2016-03-30,0.0,0.0,0.0,0.0,1.0
2016-03-31,0.0,0.0,0.0,0.0,1.0
2016-04-01,0.0,0.0,0.0,0.0,1.0
2016-04-06,0.0,0.0,0.0,0.0,1.0
2016-04-07,0.0,0.0,0.0,0.0,1.0
2016-04-08,0.0,0.0,0.0,0.0,1.0
2016-04-11,0.0,0.0,0.0,0.0,1.0
2016-04-12,0.0,0.0,0.0,0.0,1.0
2016-04-13,0.0,0.0,0.0,0.0,1.0
2016-04-14,0.0,0.0,0.0,0.0,1.0
2016-04-15,0.0,0.0,0.0,0.0,1.0
2016-04-18,0.0,0.0,0.0,0.0,1.0
2016-04-19,0.0,0.0,0.0,0.0,1.0
2016-04-20,0.0,0.0,0.0,0.0,1.0
2016-04-21,0.0,0.0,0.0,0.0,1.0
2016-04-22,0.0,0.0,0.0,0.0,1.0
2016-04-25,0.0,0.0,0.0,0.0,1.0
2016-04-26,0.0,0.0,0.0,0.0,1.0
2016-04-27,0.0,0.0,0.0,0.0,1.0
2016-04-28,0.0,0.0,0.0,0.0,1.0
2016-04-29,0.0,0.0,0.0,0.0,1.0
2016-05-03,0.0,0.0,0.0,0.0,1.0
2016-05-04,0.0,0.0,0.0,0.0,1.0
2016-05-05,0.0,0.0,0.0,0.0,1.0
2016-05-06,0.0,0.0,0.0,0.0,1.0
2016-05-09,0.0,0.0,0.0,0.0,1.0
2016-05-10,0.0,0.0,0.0,0.0,1.0
2016-05-11,0.0,0.0,0.0,0.0,1.0
2016-05-12,0.0,0.0,0.0,0.0,1.0
2016-05-13,0.0,0.0,0.0,0.0,1.0
2016-05-16,0.0,0.0,0.0,0.0,1.0
2016-05-17,0.0,0.0,0.0,0.0,1.0
2016-05-18,0.0,0.0,0.0,0.0,1.0
2016-05-19,0.0,0.0,0.0,0.0,1.0
2016-05-20,0.0,0.0,0.0,0.0,1.0
2016-05-23,0.0,0.0,0.0,0.0,1.0
2016-05-24,0.0,0.0,0.0,0.0,1.0
2016-05-25,0.0,0.0,0.0,0.0,1.0
2016-05-26,0.0,0.0,0.0,0.0,1.0
2016-05-27,0.0,0.0,0.0,0.0,1.0
2016-05-30,0.0,0.0,0.0,0.0,1.0
2016-05-31,0.0,0.0,0.0,0.0,1.0
2016-06-01,0.0,0.0,0.0,0.0,1.0
2016-06-02,0.0,0.0,0.0,0.0,1.0
2016-06-03,0.0,0.0,0.0,0.0,1.0
2016-06-04,0.0,0.0,0.0,0.0,1.0
2016-06-06,0.0,0.0,0.0,0.0,1.0
2016-06-07,0.0,0.0,0.0,0.0,1.0
2016-06-08,0.0,0.0,0.0,0.0,1.0
2016-06-13,0.0,0.0,0.0,0.0,1.0
2016-06-14,0.0,0.0,0.0,0.0,1.0
2016-06-15,0.0,0.0,0.0,0.0,1.0
2016-06-16,0.0,0.0,0.0,0.0,1.0
2016-06-17,0.0,0.0,0.0,0.0,1.0
2016-06-20,0.0,0.0,0.0,0.0,1.0
2016-06-21,0.0,0.0,0.0,0.0,1.0
2016-06-22,0.0,0.0,0.0,0.0,1.0
2016-06-23,0.0,0.0,0.0,0.0,1.0
2016-06-24,0.0,0.0,0.0,0.0,1.0
2016-06-27,0.0,0.0,0.0,0.0,1.0
2016-06-28,0.0,0.0,0.0,0.0,1.0
2016-06-29,0.0,0.0,0.0,0.0,1.0
2016-06-30,0.0,0.0,0.0,0.0,1.0
2016-07-01,0.0,0.0,0.0,0.0,1.0
2016-07-04,0.0,0.0,0.0,0.0,1.0
2016-07-05,0.0,0.0,0.0,0.0,1.0
2016-07-06,0.0,0.0,0.0,0.0,1.0
2016-07-07,0.0,0.0,0.0,0.0,1.0
2016-07-11,0.0,0.0,0.0,0.0,1.0
2016-07-12,0.0,0.0,0.0,0.0,1.0
2016-07-13,0.0,0.0,0.0,0.0,1.0
2016-07-14,0.0,0.0,0.0,0.0,1.0
2016-07-15,0.0,0.0,0.0,0.0,1.0
2016-07-18,0.0,0.0,0.0,0.0,1.0
2016-07-19,0.0,0.0,0.0,0.0,1.0
2016-07-20,0.0,0.0,0.0,0.0,1.0
2016-07-21,0.0,0.0,0.0,0.0,1.0
2016-07-22,0.0,0.0,0.0,0.0,1.0
2016-07-25,0.0,0.0,0.0,0.0,1.0
2016-07-26,0.0,0.0,0.0,0.0,1.0
2016-07-27,0.0,0.0,0.0,0.0,1.0
2016-07-28,0.0,0.0,0.0,0.0,1.0
2016-07-29,0.0,0.0,0.0,0.0,1.0
2016-08-01,0.0,0.0,0.0,0.0,1.0
2016-08-02,0.0,0.0,0.0,0.0,1.0
2016-08-03,0.0,0.0,0.0,0.0,1.0
2016-08-04,0.0,0.0,0.0,0.0,1.0
2016-08-05,0.0,0.0,0.0,0.0,1.0
2016-08-08,0.0,0.0,0.0,0.0,1.0
2016-08-09,0.0,0.0,0.0,0.0,1.0
2016-08-10,0.0,0.0,0.0,0.0,1.0
2016-08-11,0.0,0.0,0.0,0.0,1.0
2016-08-12,0.0,0.0,0.0,0.0,1.0
2016-08-15,0.0,0.0,0.0,0.0,1.0
2016-08-16,0.0,0.0,0.0,0.0,1.0
2016-08-17,0.0,0.0,0.0,0.0,1.0
2016-08-18,0.0,0.0,0.0,0.0,1.0
2016-08-19,0.0,0.0,0.0,0.0,1.0
2016-08-22,0.0,0.0,0.0,0.0,1.0
2016-08-23,0.0,0.0,0.0,0.0,1.0
2016-08-24,0.0,0.0,0.0,0.0,1.0
2016-08-25,0.0,0.0,0.0,0.0,1.0
2016-08-26,0.0,0.0,0.0,0.0,1.0
2016-08-29,0.0,0.0,0.0,0.0,1.0
2016-08-30,0.0,0.0,0.0,0.0,1.0
2016-08-31,0.0,0.0,0.0,0.0,1.0
2016-09-01,0.0,0.0,0.0,0.0,1.0
2016-09-02,0.0,0.0,0.0,0.0,1.0
2016-09-05,0.0,0.0,0.0,0.0,1.0
2016-09-06,0.0,0.0,0.0,0.0,1.0
2016-09-07,0.0,0.0,0.0,0.0,1.0
2016-09-08,0.0,0.0,0.0,0.0,1.0
2016-09-09,0.0,0.0,0.0,0.0,1.0
2016-09-10,0.0,0.0,0.0,0.0,1.0
2016-09-12,0.0,0.0,0.0,0.0,1.0
2016-09-13,0.0,0.0,0.0,0.0,1.0
2016-09-14,0.0,0.0,0.0,0.0,1.0
2016-09-19,0.0,0.0,0.0,0.0,1.0
2016-09-20,0.0,0.0,0.0,0.0,1.0
2016-09-21,0.0,0.0,0.0,0.0,1.0
2016-09-22,0.0,0.0,0.0,0.0,1.0
2016-09-23,0.0,0.0,0.0,0.0,1.0
2016-09-26,0.0,0.0,0.0,0.0,1.0
2016-09-29,0.0,0.0,0.0,0.0,1.0
2016-09-30,0.0,0.0,0.0,0.0,1.0
2016-10-03,0.0,0.0,0.0,0.0,1.0
2016-10-04,0.0,0.0,0.0,0.0,1.0
2016-10-05,0.0,0.0,0.0,0.0,1.0
2016-10-06,0.0,0.0,0.0,0.0,1.0
2016-10-07,0.0,0.0,0.0,0.0,1.0
2016-10-11,0.0,0.0,0.0,0.0,1.0
2016-10-12,0.0,0.0,0.0,0.0,1.0
2016-10-13,0.0,0.0,0.0,0.0,1.0
2016-10-14,0.0,0.0,0.0,0.0,1.0
2016-10-17,0.0,0.0,0.0,0.0,1.0
2016-10-18,0.0,0.0,0.0,0.0,1.0
2016-10-19,0.0,0.0,0.0,0.0,1.0
2016-10-20,0.0,0.0,0.0,0.0,1.0
2016-10-21,0.0,0.0,0.0,0.0,1.0
2016-10-24,0.0,0.0,0.0,0.0,1.0
2016-10-25,0.0,0.0,0.0,0.0,1.0
2016-10-26,0.0,0.0,0.0,0.0,1.0
2016-10-27,0.0,0.0,0.0,0.0,1.0
2016-10-28,0.0,0.0,0.0,0.0,1.0
2016-10-31,0.0,0.0,0.0,0.0,1.0
2016-11-01,0.0,0.0,0.0,0.0,1.0
2016-11-02,0.0,0.0,0.0,0.0,1.0
2016-11-03,0.0,0.0,0.0,0.0,1.0
2016-11-04,0.0,0.0,0.0,0.0,1.0
2016-11-07,0.0,0.0,0.0,0.0,1.0
2016-11-08,0.0,0.0,0.0,0.0,1.0
2016-11-09,0.0,0.0,0.0,0.0,1.0
2016-11-10,0.0,0.0,0.0,0.0,1.0
2016-11-11,0.0,0.0,0.0,0.0,1.0
2016-11-14,0.0,0.0,0.0,0.0,1.0
2016-11-15,0.0,0.0,0.0,0.0,1.0
2016-11-16,0.0,0.0,0.0,0.0,1.0
2016-11-17,0.0,0.0,0.0,0.0,1.0
2016-11-18,0.0,0.0,0.0,0.0,1.0
2016-11-21,0.0,0.0,0.0,0.0,1.0
2016-11-22,0.0,0.0,0.0,0.0,1.0
2016-11-23,0.0,0.0,0.0,0.0,1.0
2016-11-24,0.0,0.0,0.0,0.0,1.0
2016-11-25,0.0,0.0,0.0,0.0,1.0
2016-11-28,0.0,0.0,0.0,0.0,1.0
2016-11-29,0.0,0.0,0.0,0.0,1.0
2016-11-30,0.0,0.0,0.0,0.0,1.0
2016-12-01,0.0,0.0,0.0,0.0,1.0
2016-12-02,0.0,0.0,0.0,0.0,1.0
2016-12-05,0.0,0.0,0.0,0.0,1.0
2016-12-06,0.0,0.0,0.0,0.0,1.0
2016-12-07,0.0,0.0,0.0,0.0,1.0
2016-12-08,0.0,0.0,0.0,0.0,1.0
2016-12-09,0.0,0.0,0.0,0.0,1.0
2016-12-12,0.0,0.0,0.0,0.0,1.0
2016-12-13,0.0,0.0,0.0,0.0,1.0
2016-12-14,0.0,0.0,0.0,0.0,1.0
2016-12-15,0.0,0.0,0.0,0.0,1.0
2016-12-16,0.0,0.0,0.0,0.0,1.0
2016-12-19,0.0,0.0,0.0,0.0,1.0
2016-12-20,0.0,0.0,0.0,0.0,1.0
2016-12-21,0.0,0.0,0.0,0.0,1.0
2016-12-22,0.0,0.0,0.0,0.0,1.0
2016-12-23,0.0,0.0,0.0,0.0,1.0
2016-12-26,0.0,0.0,0.0,0.0,1.0
2016-12-27,0.0,0.0,0.0,0.0,1.0
2016-12-28,0.0,0.0,0.0,0.0,1.0
2016-12-29,0.0,0.0,0.0,0.0,1.0
2016-12-30,0.0,0.0,0.0,0.0,1.0
2017-01-03,0.0,0.0,0.0,0.0,1.0
2017-01-04,0.0,0.0,0.0,0.0,1.0
2017-01-05,0.0,0.0,0.0,0.0,1.0
2017-01-06,0.0,0.0,0.0,0.0,1.0
2017-01-09,0.0,0.0,0.0,0.0,1.0
2017-01-10,0.0,0.0,0.0,0.0,1.0
2017-01-11,0.0,0.0,0.0,0.0,1.0
2017-01-12,0.0,0.0,0.0,0.0,1.0
2017-01-13,0.0,0.0,0.0,0.0,1.0
2017-01-16,0.0,0.0,0.0,0.0,1.0
2017-01-17,0.0,0.0,0.0,0.0,1.0
2017-01-18,0.0,0.0,0.0,0.0,1.0
2017-01-19,0.0,0.0,0.0,0.0,1.0
2017-01-20,0.0,0.0,0.0,0.0,1.0
2017-01-23,0.0,0.0,0.0,0.0,1.0
2017-01-24,0.0,0.0,0.0,0.0,1.0
2017-02-02,0.0,0.0,0.0,0.0,1.0
2017-02-03,0.0,0.0,0.0,0.0,1.0
2017-02-06,0.0,0.0,0.0,0.0,1.0
2017-02-07,0.0,0.0,0.0,0.0,1.0
2017-02-08,0.0,0.0,0.0,0.0,1.0
2017-02-09,0.0,0.0,0.0,0.0,1.0
2017-02-10,0.0,0.0,0.0,0.0,1.0
2017-02-13,0.0,0.0,0.0,0.0,1.0
2017-02-14,0.0,0.0,0.0,0.0,1.0
2017-02-15,0.0,0.0,0.0,0.0,1.0
2017-02-16,0.0,0.0,0.0,0.0,1.0
2017-02-17,0.0,0.0,0.0,0.0,1.0
2017-02-18,0.0,0.0,0.0,0.0,1.0
2017-02-20,0.0,0.0,0.0,0.0,1.0
2017-02-21,0.0,0.0,0.0,0.0,1.0
2017-02-22,0.0,0.0,0.0,0.0,1.0
2017-02-23,0.0,0.0,0.0,0.0,1.0
2017-02-24,0.0,0.0,0.0,0.0,1.0
2017-03-01,0.0,0.0,0.0,0.0,1.0
2017-03-02,0.0,0.0,0.0,0.0,1.0
2017-03-03,0.0,0.0,0.0,0.0,1.0
2017-03-06,0.0,0.0,0.0,0.0,1.0
2017-03-07,0.0,0.0,0.0,0.0,1.0
2017-03-08,0.0,0.0,0.0,0.0,1.0
2017-03-09,0.0,0.0,0.0,0.0,1.0
2017-03-10,0.0,0.0,0.0,0.0,1.0
2017-03-13,0.0,0.0,0.0,0.0,1.0
2017-03-14,0.0,0.0,0.0,0.0,1.0
2017-03-15,0.0,0.0,0.0,0.0,1.0
2017-03-16,0.0,0.0,0.0,0.0,1.0
2017-03-17,0.0,0.0,0.0,0.0,1.0
2017-03-20,0.0,0.0,0.0,0.0,1.0
2017-03-21,0.0,0.0,0.0,0.0,1.0
2017-03-22,0.0,0.0,0.0,0.0,1.0
2017-03-23,0.0,0.0,0.0,0.0,1.0
2017-03-24,0.0,0.0,0.0,0.0,1.0
2017-03-27,0.0,0.0,0.0,0.0,1.0
2017-03-28,0.0,0.0,0.0,0.0,1.0
2017-03-29,0.0,0.0,0.0,0.0,1.0
2017-03-30,0.0,0.0,0.0,0.0,1.0
2017-03-31,0.0,0.0,0.0,0.0,1.0
2017-04-05,0.0,0.0,0.0,0.0,1.0
2017-04-06,0.0,0.0,0.0,0.0,1.0
2017-04-07,0.0,0.0,0.0,0.0,1.0
2017-04-10,0.0,0.0,0.0,0.0,1.0
2017-04-11,0.0,0.0,0.0,0.0,1.0
2017-04-12,0.0,0.0,0.0,0.0,1.0
2017-04-13,0.0,0.0,0.0,0.0,1.0
2017-04-14,0.0,0.0,0.0,0.0,1.0
2017-04-17,0.0,0.0,0.0,0.0,1.0
2017-04-18,0.0,0.0,0.0,0.0,1.0
2017-04-19,0.0,0.0,0.0,0.0,1.0
2017-04-20,0.0,0.0,0.0,0.0,1.0
2017-04-21,0.0,0.0,0.0,0.0,1.0
2017-04-24,0.0,0.0,0.0,0.0,1.0
2017-04-25,0.0,0.0,0.0,0.0,1.0
2017-04-26,0.0,0.0,0.0,0.0,1.0
2017-04-27,0.0,0.0,0.0,0.0,1.0
2017-04-28,0.0,0.0,0.0,0.0,1.0
2017-05-02,0.0,0.0,0.0,0.0,1.0
2017-05-03,0.0,0.0,0.0,0.0,1.0
2017-05-04,0.0,0.0,0.0,0.0,1.0
2017-05-05,0.0,0.0,0.0,0.0,1.0
2017-05-08,0.0,0.0,0.0,0.0,1.0
2017-05-09,0.0,0.0,0.0,0.0,1.0
2017-05-10,0.0,0.0,0.0,0.0,1.0
2017-05-11,0.0,0.0,0.0,0.0,1.0
2017-05-12,0.0,0.0,0.0,0.0,1.0
2017-05-15,0.0,0.0,0.0,0.0,1.0
2017-05-16,0.0,0.0,0.0,0.0,1.0
2017-05-17,0.0,0.0,0.0,0.0,1.0
2017-05-18,0.0,0.0,0.0,0.0,1.0
2017-05-19,0.0,0.0,0.0,0.0,1.0
2017-05-22,0.0,0.0,0.0,0.0,1.0
2017-05-23,0.0,0.0,0.0,0.0,1.0
2017-05-24,0.0,0.0,0.0,0.0,1.0
2017-05-25,0.0,0.0,0.0,0.0,1.0
2017-05-26,0.0,0.0,0.0,0.0,1.0
2017-05-31,0.0,0.0,0.0,0.0,1.0
2017-06-01,0.0,0.0,0.0,0.0,1.0
2017-06-02,0.0,0.0,0.0,0.0,1.0
2017-06-03,0.0,0.0,0.0,0.0,1.0
2017-06-05,0.0,0.0,0.0,0.0,1.0
2017-06-06,0.0,0.0,0.0,0.0,1.0
2017-06-07,0.0,0.0,0.0,0.0,1.0
2017-06-08,0.0,0.0,0.0,0.0,1.0
2017-06-09,0.0,0.0,0.0,0.0,1.0
2017-06-12,0.0,0.0,0.0,0.0,1.0
2017-06-13,0.0,0.0,0.0,0.0,1.0
2017-06-14,0.0,0.0,0.0,0.0,1.0
2017-06-15,0.0,0.0,0.0,0.0,1.0
2017-06-16,0.0,0.0,0.0,0.0,1.0
2017-06-19,0.0,0.0,0.0,0.0,1.0
2017-06-20,0.0,0.0,0.0,0.0,1.0
2017-06-21,0.0,0.0,0.0,0.0,1.0
2017-06-22,0.0,0.0,0.0,0.0,1.0
2017-06-23,0.0,0.0,0.0,0.0,1.0
2017-06-26,0.0,0.0,0.0,0.0,1.0
2017-06-27,0.0,0.0,0.0,0.0,1.0
2017-06-28,0.0,0.0,0.0,0.0,1.0
2017-06-29,0.0,0.0,0.0,0.0,1.0
2017-06-30,0.0,0.0,0.0,0.0,1.0
2017-07-03,0.0,0.0,0.0,0.0,1.0
2017-07-04,0.0,0.0,0.0,0.0,1.0
2017-07-05,0.0,0.0,0.0,0.0,1.0
2017-07-06,0.0,0.0,0.0,0.0,1.0
2017-07-07,0.0,0.0,0.0,0.0,1.0
2017-07-10,0.0,0.0,0.0,0.0,1.0
2017-07-11,0.0,0.0,0.0,0.0,1.0
2017-07-12,0.0,0.0,0.0,0.0,1.0
2017-07-13,0.0,0.0,0.0,0.0,1.0
2017-07-14,0.0,0.0,0.0,0.0,1.0
2017-07-17,0.0,0.0,0.0,0.0,1.0
2017-07-18,0.0,0.0,0.0,0.0,1.0
2017-07-19,0.0,0.0,0.0,0.0,1.0
2017-07-20,0.0,0.0,0.0,0.0,1.0
2017-07-21,0.0,0.0,0.0,0.0,1.0
2017-07-24,0.0,0.0,0.0,0.0,1.0
2017-07-25,0.0,0.0,0.0,0.0,1.0
2017-07-26,0.0,0.0,0.0,0.0,1.0
2017-07-27,0.0,0.0,0.0,0.0,1.0
2017-07-28,0.0,0.0,0.0,0.0,1.0
2017-07-31,0.0,0.0,0.0,0.0,1.0
2017-08-01,0.0,0.0,0.0,0.0,1.0
2017-08-02,0.0,0.0,0.0,0.0,1.0
2017-08-03,0.0,0.0,0.0,0.0,1.0
2017-08-04,0.0,0.0,0.0,0.0,1.0
2017-08-07,0.0,0.0,0.0,0.0,1.0
2017-08-08,0.0,0.0,0.0,0.0,1.0
2017-08-09,0.0,0.0,0.0,0.0,1.0
2017-08-10,0.0,0.0,0.0,0.0,1.0
2017-08-11,0.0,0.0,0.0,0.0,1.0
2017-08-14,0.0,0.0,0.0,0.0,1.0
2017-08-15,0.0,0.0,0.0,0.0,1.0
2017-08-16,0.0,0.0,0.0,0.0,1.0
2017-08-17,0.0,0.0,0.0,0.0,1.0
2017-08-18,0.0,0.0,0.0,0.0,1.0
2017-08-21,0.0,0.0,0.0,0.0,1.0
2017-08-22,0.0,0.0,0.0,0.0,1.0
2017-08-23,0.0,0.0,0.0,0.0,1.0
2017-08-24,0.0,0.0,0.0,0.0,1.0
2017-08-25,0.0,0.0,0.0,0.0,1.0
2017-08-28,0.0,0.0,0.0,0.0,1.0
2017-08-29,0.0,0.0,0.0,0.0,1.0
2017-08-30,0.0,0.0,0.0,0.0,1.0
2017-08-31,0.0,0.0,0.0,0.0,1.0
2017-09-01,0.0,0.0,0.0,0.0,1.0
2017-09-04,0.0,0.0,0.0,0.0,1.0
2017-09-05,0.0,0.0,0.0,0.0,1.0
2017-09-06,0.0,0.0,0.0,0.0,1.0
2017-09-07,0.0,0.0,0.0,0.0,1.0
2017-09-08,0.0,0.0,0.0,0.0,1.0
2017-09-11,0.0,0.0,0.0,0.0,1.0
2017-09-12,0.0,0.0,0.0,0.0,1.0
2017-09-13,0.0,0.0,0.0,0.0,1.0
2017-09-14,0.0,0.0,0.0,0.0,1.0
2017-09-15,0.0,0.0,0.0,0.0,1.0
2017-09-18,0.0,0.0,0.0,0.0,1.0
2017-09-19,0.0,0.0,0.0,0.0,1.0
2017-09-20,0.0,0.0,0.0,0.0,1.0
2017-09-21,0.0,0.0,0.0,0.0,1.0
2017-09-22,0.0,0.0,0.0,0.0,1.0
2017-09-25,0.0,0.0,0.0,0.0,1.0
2017-09-26,0.0,0.0,0.0,0.0,1.0
2017-09-27,0.0,0.0,0.0,0.0,1.0
2017-09-28,0.0,0.0,0.0,0.0,1.0
2017-09-29,0.0,0.0,0.0,0.0,1.0
2017-09-30,0.0,0.0,0.0,0.0,1.0
2017-10-02,0.0,0.0,0.0,0.0,1.0
2017-10-03,0.0,0.0,0.0,0.0,1.0
2017-10-05,0.0,0.0,0.0,0.0,1.0
2017-10-06,0.0,0.0,0.0,0.0,1.0
2017-10-11,0.0,0.0,0.0,0.0,1.0
2017-10-12,0.0,0.0,0.0,0.0,1.0
2017-10-13,0.0,0.0,0.0,0.0,1.0
2017-10-16,0.0,0.0,0.0,0.0,1.0
2017-10-17,0.0,0.0,0.0,0.0,1.0
2017-10-18,0.0,0.0,0.0,0.0,1.0
2017-10-19,0.0,0.0,0.0,0.0,1.0
2017-10-20,0.0,0.0,0.0,0.0,1.0
2017-10-23,0.0,0.0,0.0,0.0,1.0
2017-10-24,0.0,0.0,0.0,0.0,1.0
2017-10-25,0.0,0.0,0.0,0.0,1.0
2017-10-26,0.0,0.0,0.0,0.0,1.0
2017-10-27,0.0,0.0,0.0,0.0,1.0
2017-10-30,0.0,0.0,0.0,0.0,1.0
2017-10-31,0.0,0.0,0.0,0.0,1.0
2017-11-01,0.0,0.0,0.0,0.0,1.0
2017-11-02,0.0,0.0,0.0,0.0,1.0
2017-11-03,0.0,0.0,0.0,0.0,1.0
2017-11-06,0.0,0.0,0.0,0.0,1.0
2017-11-07,0.0,0.0,0.0,0.0,1.0
2017-11-08,0.0,0.0,0.0,0.0,1.0
2017-11-09,0.0,0.0,0.0,0.0,1.0
2017-11-10,0.0,0.0,0.0,0.0,1.0
2017-11-13,0.0,0.0,0.0,0.0,1.0
2017-11-14,0.0,0.0,0.0,0.0,1.0
2017-11-15,0.0,0.0,0.0,0.0,1.0
2017-11-16,0.0,0.0,0.0,0.0,1.0
2017-11-17,0.0,0.0,0.0,0.0,1.0
2017-11-20,0.0,0.0,0.0,0.0,1.0
2017-11-21,0.0,0.0,0.0,0.0,1.0
2017-11-22,0.0,0.0,0.0,0.0,1.0
2017-11-23,0.0,0.0,0.0,0.0,1.0
2017-11-24,0.0,0.0,0.0,0.0,1.0
2017-11-27,0.0,0.0,0.0,0.0,1.0
2017-11-28,0.0,0.0,0.0,0.0,1.0
2017-11-29,0.0,0.0,0.0,0.0,1.0
2017-11-30,0.0,0.0,0.0,0.0,1.0
2017-12-01,0.0,0.0,0.0,0.0,1.0
2017-12-04,0.0,0.0,0.0,0.0,1.0
2017-12-05,0.0,0.0,0.0,0.0,1.0
2017-12-06,0.0,0.0,0.0,0.0,1.0
2017-12-07,0.0,0.0,0.0,0.0,1.0
2017-12-08,0.0,0.0,0.0,0.0,1.0
2017-12-11,0.0,0.0,0.0,0.0,1.0
2017-12-12,0.0,0.0,0.0,0.0,1.0
2017-12-13,0.0,0.0,0.0,0.0,1.0
2017-12-14,0.0,0.0,0.0,0.0,1.0
2017-12-15,0.0,0.0,0.0,0.0,1.0
2017-12-18,0.0,0.0,0.0,0.0,1.0
2017-12-19,0.0,0.0,0.0,0.0,1.0
2017-12-20,0.0,0.0,0.0,0.0,1.0
2017-12-21,0.0,0.0,0.0,0.0,1.0
2017-12-22,0.0,0.0,0.0,0.0,1.0
2017-12-25,0.0,0.0,0.0,0.0,1.0
2017-12-26,0.0,0.0,0.0,0.0,1.0
2017-12-27,0.0,0.0,0.0,0.0,1.0
2017-12-28,0.0,0.0,0.0,0.0,1.0
2017-12-29,0.0,0.0,0.0,0.0,1.0
2018-01-02,0.0,0.0,0.0,0.0,1.0
2018-01-03,0.0,0.0,0.0,0.0,1.0
2018-01-04,0.0,0.0,0.0,0.0,1.0
2018-01-05,0.0,0.0,0.0,0.0,1.0
2018-01-08,0.0,0.0,0.0,0.0,1.0
2018-01-09,0.0,0.0,0.0,0.0,1.0
2018-01-10,0.0,0.0,0.0,0.0,1.0
2018-01-11,0.0,0.0,0.0,0.0,1.0
2018-01-12,0.0,0.0,0.0,0.0,1.0
2018-01-15,0.0,0.0,0.0,0.0,1.0
2018-01-16,0.0,0.0,0.0,0.0,1.0
2018-01-17,0.0,0.0,0.0,0.0,1.0
2018-01-18,0.0,0.0,0.0,0.0,1.0
2018-01-19,0.0,0.0,0.0,0.0,1.0
2018-01-22,0.0,0.0,0.0,0.0,1.0
2018-01-23,0.0,0.0,0.0,0.0,1.0
2018-01-24,0.0,0.0,0.0,0.0,1.0
2018-01-25,0.0,0.0,0.0,0.0,1.0
2018-01-26,0.0,0.0,0.0,0.0,1.0
2018-01-29,0.0,0.0,0.0,0.0,1.0
2018-01-30,0.0,0.0,0.0,0.0,1.0
2018-01-31,0.0,0.0,0.0,0.0,1.0
2018-02-01,0.0,0.0,0.0,0.0,1.0
2018-02-02,-0.0044065590272486695,-0.005856559027248669,1.0,0.0014500000000000001,0.9941434409727513
2018-02-05,-0.01290859142520387,-0.01290859142520387,0.0,0.0,0.9813104494751879
2018-02-06,-0.042176445522153105,-0.042176445522153105,0.0,0.0,0.939922262762578
2018-02-07,0.014757688240089398,0.014757688240089398,0.0,0.0,0.9537933424863475
2018-02-08,7.788710766383879e-05,7.788710766383879e-05,0.0,0.0,0.9538676306911028
2018-02-09,-0.008065187526103806,-0.008065187526103806,0.0,0.0,0.9461745093744987
2018-02-12,0.004905090068435127,0.004905090068435127,0.0,0.0,0.950815580563438
2018-02-21,0.021775091372780272,0.021775091372780272,0.0,0.0,0.97151967670887
2018-02-22,0.0012695487358369672,0.0012695487358369672,0.0,0.0,0.9727530682862764
2018-02-23,0.008084174313338244,0.008084174313338244,0.0,0.0,0.9806169736541372
2018-02-26,0.004460451369798582,0.004460451369798582,0.0,0.0,0.9849909679775205
2018-02-27,-0.0027523511995426963,-0.0027523511995426963,0.0,0.0,0.9822799269052689
2018-03-01,0.0009677176236784732,0.0009677176236784732,0.0,0.0,0.9832304965019206
2018-03-02,-0.006142996120287056,-0.006142996120287056,0.0,0.0,0.9771905153765614
2018-03-05,-0.007828860127338041,-0.007828860127338041,0.0,0.0,0.9695402275139169
2018-03-06,0.007809033696362911,0.007809033696362911,0.0,0.0,0.9771113998205525
2018-03-07,0.000564831180446565,0.000564831180446565,0.0,0.0,0.9776633028059408
2018-03-08,0.005877228760677499,0.005877228760677499,0.0,0.0,0.9834092536874508
2018-03-09,0.0011873366306627917,0.0011873366306627917,0.0,0.0,0.9845768915172866
2018-03-12,0.007832801605766436,0.007832801605766436,0.0,0.0,0.9922888869741637
2018-03-13,0.004598312373341359,0.004598312373341359,0.0,0.0,0.9968517412410661
2018-03-14,-0.0015951214650872037,-0.0015951214650872037,0.0,0.0,0.995261641631103
2018-03-15,0.00011909819680796152,0.00011909819680796152,0.0,0.0,0.9953801754979734
2018-03-16,0.005649161939981463,0.005649161939981463,0.0,0.0,1.0010032393012087
2018-03-19,0.0003566547005418916,0.0003566547005418916,0.0,0.0,1.001360251811763
2018-03-20,-0.0016816290199199557,-0.0016816290199199557,0.0,0.0,0.999676335352922
2018-03-21,0.0008670691755207456,0.0008670691755207456,0.0,0.0,1.000543123888804
2018-03-22,0.0004911829916654716,0.0004911829916654716,0.0,0.0,1.001034573653686
2018-03-23,-0.01201572584309478,-0.01201572584309478,0.0,0.0,0.9890064166572041
2018-03-26,0.0026546985880109616,0.0026546985880109616,0.0,0.0,0.9916319305950377
2018-03-27,0.00698866978124511,0.00698866978124511,0.0,0.0,0.998562118702505
2018-03-28,-0.004285811917219103,-0.004285811917219103,0.0,0.0,0.9942824692740863
2018-03-29,-0.001337155283383783,-0.001337155283383783,0.0,0.0,0.9929529592171206
2018-03-30,0.006267366233801174,0.006267366233801174,0.0,0.0,0.9991761590654709
2018-03-31,0.0018541256131515416,0.0018541256131515416,0.0,0.0,1.0010287571740444
2018-04-02,-0.0023500008057589106,-0.0023500008057589106,0.0,0.0,0.9986763387880976
2018-04-03,-0.005170618343754806,-0.005170618343754806,0.0,0.0,0.993512564591286
2018-04-09,0.008393671249644586,0.008393671249644586,0.0,0.0,1.0018517824408566
2018-04-10,0.004650314264843783,0.004650314264843783,0.0,0.0,1.0065107080760005
2018-04-11,0.001555445755191739,0.001555445755191739,0.0,0.0,1.0080762808844326
2018-04-12,0.0010671818425533977,0.0010671818425533977,0.0,0.0,1.0091520815873012
2018-04-13,-0.0006262754983921424,-0.0006262754983921424,0.0,0.0,1.0085200743644516
2018-04-16,-0.0013745083949020032,-0.0013745083949020032,0.0,0.0,1.0071338550558104
2018-04-17,-0.007915585987083164,-0.007915585987083164,0.0,0.0,0.9991618004256135
2018-04-18,0.004311185731549525,0.004311185731549525,0.0,0.0,1.0034693725231176
2018-04-19,0.008324431189158845,0.008324431189158845,0.0,0.0,1.0118226842651148
2018-04-20,-0.0027621475059168067,-0.0027621475059168067,0.0,0.0,1.0090278807613418
2018-04-23,-0.0008053316337491724,-0.0008053316337491724,0.0,0.0,1.0082152786896297
2018-04-24,-0.011069330700877539,-0.011069330700877539,0.0,0.0,0.9970550103521367
2018-04-25,0.0007689834204991777,0.0007689834204991777,0.0,0.0,0.9978217291244231
2018-04-26,-0.0025819489222508865,-0.0025819489222508865,0.0,0.0,0.9952454043863118
2018-04-27,0.004641530854886397,0.004641530854886397,0.0,0.0,0.9998648666389548
2018-04-30,0.008861409364329982,0.008861409364329982,0.0,0.0,1.0087250785312538
2018-05-02,0.0008621354127041749,0.0008621354127041749,0.0,0.0,1.0095947361431383
2018-05-03,-0.007299111730590518,-0.007299111730590518,0.0,0.0,1.0022255913614135
2018-05-04,-0.0007387528946151361,-0.0007387528946151361,0.0,0.0,1.001485194304738
2018-05-07,0.0023287431967162287,0.0023287431967162287,0.0,0.0,1.0038173961375874
2018-05-08,0.004847794636596951,0.004847794636596951,0.0,0.0,1.0086836967267059
2018-05-09,-0.0016800506376422981,-0.0016800506376422981,0.0,0.0,1.0069890570388407
2018-05-10,0.0024414774662663563,0.0024414774662663563,0.0,0.0,1.0094475981303779
2018-05-11,0.005603934364426634,0.005603934364426634,0.0,0.0,1.0151044762146288
2018-05-14,0.004100217992499697,0.004100217992499697,0.0,0.0,1.019266625852271
2018-05-15,-0.002105896010037434,-0.002105896010037434,0.0,0.0,1.0171201563317243
2018-05-16,0.005543233187574282,0.005543233187574282,0.0,0.0,1.022758290538053
2018-05-17,0.00017221868592176597,0.00017221868592176597,0.0,0.0,1.0229344286268651
2018-05-18,0.0034378361003237394,0.0034378361003237394,0.0,0.0,1.0264511095338626
2018-05-21,0.0078484604098276,0.0078484604098276,0.0,0.0,1.034507170429663
2018-05-22,-0.0031714040015423067,-0.0031714040015423067,0.0,0.0,1.0312263302497382
2018-05-23,-0.001384712413476794,-0.001384712413476794,0.0,0.0,1.0297983783491373
2018-05-24,0.004360044780542632,0.004360044780542632,0.0,0.0,1.0342883453936698
2018-05-25,0.0009022136847407323,0.0009022136847407323,0.0,0.0,1.0352214944928517
2018-05-28,0.003723899597689507,0.003723899597689507,0.0,0.0,1.0390765553997132
2018-05-29,-0.0016686106884690765,-0.0016686106884690765,0.0,0.0,1.0373427411532357
2018-05-30,-0.012195931582684559,-0.012195931582684559,0.0,0.0,1.0246913800543365
2018-05-31,0.007864578887280585,0.007864578887280585,0.0,0.0,1.0327501462478903
2018-06-01,0.004522917546874232,0.004522917546874232,0.0,0.0,1.0374211900058918
2018-06-04,0.008244437408742254,0.008244437408742254,0.0,0.0,1.0459741440733983
2018-06-05,0.0018485780056699608,0.0018485780056699608,0.0,0.0,1.047907708870632
2018-06-06,0.0062651475346953535,0.0062651475346953535,0.0,0.0,1.0544730052694509
2018-06-07,0.004208703118545392,0.004208703118545392,0.0,0.0,1.0589109690951504
2018-06-08,-0.004259088593687048,-0.004259088593687048,0.0,0.0,1.054400973464947
2018-06-11,0.000277983396974842,0.000277983396974842,0.0,0.0,1.0546940794293245
2018-06-12,-0.0017179429406862816,-0.0017179429406862816,0.0,0.0,1.0528821751809851
2018-06-13,-0.002375121760634316,-0.002375121760634316,0.0,0.0,1.0503814518153287
2018-06-14,-0.01038463475375108,-0.01038463475375108,0.0,0.0,1.0394736240861118
2018-06-15,0.0012196873039648482,0.0012196873039648482,0.0,0.0,1.040741456868216
2018-06-19,-0.01031467750521194,-0.01031467750521194,0.0,0.0,1.0300065443743158
2018-06-20,0.0033492581430076664,0.0033492581430076664,0.0,0.0,1.0334563021804126
2018-06-21,0.003080393961301213,0.003080393961301213,0.0,0.0,1.0366397547329178
2018-06-22,-0.001985539064402437,-0.001985539064402437,0.0,0.0,1.034581466004183
2018-06-25,-0.0026192113807177618,-0.0026192113807177618,0.0,0.0,1.0318716784541453
2018-06-26,-0.0025208331458221444,-0.0025208331458221444,0.0,0.0,1.029270502124863
2018-06-27,-0.0038164001371965165,-0.0038164001371965165,0.0,0.0,1.0253423940393414
2018-06-28,-0.005043361872726349,-0.005043361872726349,0.0,0.0,1.0201712213027534
2018-06-29,0.012666276803530503,0.012666276803530503,0.0,0.0,1.03309299237877
2018-07-02,-0.005739832564828823,-0.005739832564828823,0.0,0.0,1.0271632115786178
2018-07-03,-0.006829308401932701,-0.006829308401932701,0.0,0.0,1.0201483972276277
2018-07-04,0.0019351013621111855,0.0019351013621111855,0.0,0.0,1.0221224877806585
2018-07-05,-0.007014786625433738,-0.007014786625433738,0.0,0.0,1.0149525166238196
2018-07-06,-0.002520838888271418,-0.002520838888271418,0.0,0.0,1.0123939848501653
2018-07-09,0.009023495294112165,0.009023495294112165,0.0,0.0,1.0215293172082482
2018-07-10,0.002637683681901725,0.002637683681901725,0.0,0.0,1.0242237884188328
2018-07-11,-0.007232901312234819,-0.007232901312234819,0.0,0.0,1.016815678835556
2018-07-12,0.004845900468229051,0.004845900468229051,0.0,0.0,1.021743066409728
2018-07-13,0.005958597699004572,0.005958597699004572,0.0,0.0,1.027831222294211
2018-07-16,-0.00355770778147724,-0.00355770778147724,0.0,0.0,1.0241744991566095
2018-07-17,-2.3696308335310326e-06,-2.3696308335310326e-06,0.0,0.0,1.0241720722411374
2018-07-18,0.003503676371109727,0.003503676371109727,0.0,0.0,1.0277604397305993
2018-07-19,-0.004184152123833792,-0.004184152123833792,0.0,0.0,1.0234601337039082
2018-07-20,-6.843418447304229e-05,-6.843418447304229e-05,0.0,0.0,1.0233900940443175
2018-07-23,-0.0022064575686175716,-0.0022064575686175716,0.0,0.0,1.0211320272256652
2018-07-24,0.005818538133686584,0.005818538133686584,0.0,0.0,1.0270735228656065
2018-07-25,-0.0009070992577475242,-0.0009070992577475242,0.0,0.0,1.0261418652353629
2018-07-26,0.0030934828648951527,0.0030934828648951527,0.0,0.0,1.02931621751242
2018-07-27,0.0010988165161480096,0.0010988165161480096,0.0,0.0,1.0304472471725616
2018-07-30,-0.0025505710231916406,-0.0025505710231916406,0.0,0.0,1.0278190182829956
2018-07-31,0.005776963056392017,0.005776963056392017,0.0,0.0,1.0337566907802735
2018-08-01,0.002369654299770165,0.002369654299770165,0.0,0.0,1.0362063367674972
2018-08-02,-0.012032868335995076,-0.012032868335995076,0.0,0.0,1.0237378023482502
2018-08-03,0.006121177826931473,0.006121177826931473,0.0,0.0,1.0300042834845757
2018-08-06,0.0028160366539175643,0.0028160366539175643,0.0,0.0,1.0329048133005605
2018-08-07,0.0010851260008001664,0.0010851260008001664,0.0,0.0,1.0340256451698246
2018-08-08,0.0034321310747665095,0.0034321310747665095,0.0,0.0,1.0375745567187176
2018-08-09,-0.005224368653158197,-0.005224368653158197,0.0,0.0,1.0321538847292817
2018-08-10,-0.003052220902642553,-0.003052220902642553,0.0,0.0,1.0290035230675674
2018-08-13,-0.016667845945845628,-0.016667845945845628,0.0,0.0,1.0118522508673449
2018-08-14,0.006191096423690954,0.006191096423690954,0.0,0.0,1.0181167257189931
2018-08-15,-0.011585243150098824,-0.011585243150098824,0.0,0.0,1.0063215958963563
2018-08-16,-0.005655627889650773,-0.005655627889650773,0.0,0.0,1.000630215412647
2018-08-17,0.0005629058460242588,0.0005629058460242588,0.0,0.0,1.0011934760106114
2018-08-20,0.0018290924763057835,0.0018290924763057835,0.0,0.0,1.0030247514649089
2018-08-21,0.007017723727018826,0.007017723727018826,0.0,0.0,1.0100637020620513
2018-08-22,0.0013504690381232808,0.0013504690381232808,0.0,0.0,1.0114277618182181
2018-08-23,0.003970722449778062,0.003970722449778062,0.0,0.0,1.0154438607383984
2018-08-24,-0.007490501905977475,-0.007490501905977475,0.0,0.0,1.0078376765641244
2018-08-27,0.007509421623473414,0.007509421623473414,0.0,0.0,1.0154059546054663
2018-08-28,0.004489723331651674,0.004489723331651674,0.0,0.0,1.0199648464109565
2018-08-29,0.0016277101221966828,0.0016277101221966828,0.0,0.0,1.0216250535157443
2018-08-30,-0.0030602779315391845,-0.0030602779315391845,0.0,0.0,1.0184985969101625
2018-08-31,0.0038066496256431953,0.0038066496256431953,0.0,0.0,1.0223756642128088
2018-09-03,-0.010489771771965003,-0.010489771771965003,0.0,0.0,1.0116511768300054
2018-09-04,0.001950796443302585,0.001950796443302585,0.0,0.0,1.0136247023476281
2018-09-05,-0.0118762221906787,-0.0118762221906787,0.0,0.0,1.001586670164587
2018-09-06,-0.004054715568249334,-0.004054715568249334,0.0,0.0,0.9975255211001197
2018-09-07,-0.008913700074707386,-0.008913700074707386,0.0,0.0,0.988633877788167
2018-09-10,-0.010329091208058206,-0.010329091208058206,0.0,0.0,0.9784221882931168
2018-09-11,0.006719925313890873,0.006719925313890873,0.0,0.0,0.9849971123239001
2018-09-12,-0.0010036248881562244,-0.0010036248881562244,0.0,0.0,0.9840085447072098
2018-09-13,0.005684190430277361,0.005684190430277361,0.0,0.0,0.9896018366603456
2018-09-14,0.005986605565321105,0.005986605565321105,0.0,0.0,0.9955261925231483
2018-09-17,-0.0005106002186511734,-0.0005106002186511734,0.0,0.0,0.995017876631573
2018-09-18,0.0010375770728199662,0.0010375770728199662,0.0,0.0,0.9960502843674119
2018-09-19,0.007012160433107344,0.007012160433107344,0.0,0.0,1.0030347487608384
2018-09-20,-0.0040232893487912175,-0.0040232893487912175,0.0,0.0,0.9989992497396815
2018-09-21,0.01274446102879948,0.01274446102879948,0.0,0.0,1.0117309567457886
2018-09-25,0.0006251268435847434,0.0006251268435847434,0.0,0.0,1.0123634169253362
2018-09-26,-0.002236029980784354,-0.002236029980784354,0.0,0.0,1.010099741973642
2018-09-27,0.004966912600834978,0.004966912600834978,0.0,0.0,1.015116819110151
2018-09-28,-0.0014348754381742967,-0.0014348754381742967,0.0,0.0,1.0136602529195322
2018-10-01,0.0020141397054235536,0.0020141397054235536,0.0,0.0,1.0157019062827473
2018-10-02,-0.00871635858694757,-0.00871635858694757,0.0,0.0,1.0068486842501407
2018-10-03,-0.0031563759108989052,-0.0031563759108989052,0.0,0.0,1.0036706913172533
2018-10-04,-0.007081079918274627,-0.007081079918274627,0.0,0.0,0.9965636189404058
2018-10-05,-0.013054041429518059,-0.013054041429518059,0.0,0.0,0.9835544361716073
2018-10-08,-0.00019729176157785042,-0.00019729176157785042,0.0,0.0,0.9833603889842872
2018-10-09,0.0026742103874728075,0.0026742103874728075,0.0,0.0,0.9859901015511383
2018-10-11,-0.05377392676337063,-0.05377392676337063,0.0,0.0,0.932969542040919
2018-10-12,0.015576882261050595,0.015576882261050595,0.0,0.0,0.9475022987504368
2018-10-15,-0.012562981620736864,-0.012562981620736864,0.0,0.0,0.9355988447856292
2018-10-16,0.0013593448781578075,0.0013593448781578075,0.0,0.0,0.9368706462832987
2018-10-17,-0.0006953969366395653,-0.0006953969366395653,0.0,0.0,0.9362191493058458
2018-10-18,-9.940968713373984e-05,-9.940968713373984e-05,0.0,0.0,0.9361260800531247
2018-10-19,-0.004216765607095174,-0.004216765607095174,0.0,0.0,0.9321786557948518
2018-10-22,0.004089214662430547,0.004089214662430547,0.0,0.0,0.9359905344221329
2018-10-23,-0.012565765551424489,-0.012565765551424489,0.0,0.0,0.9242290968082318
2018-10-24,-0.0036633557831657615,-0.0036633557831657615,0.0,0.0,0.9208433168014694
2018-10-25,-0.01859691683416775,-0.01859691683416775,0.0,0.0,0.9037184702216132
2018-10-26,-0.0005909011393376762,-0.0005909011393376762,0.0,0.0,0.9031844619479188
2018-10-29,0.00034928542224043604,0.00034928542224043604,0.0,0.0,0.9034999311140712
2018-10-30,0.003870341035983426,0.003870341035983426,0.0,0.0,0.9069967839734703
2018-10-31,0.020185194040448842,0.020185194040448842,0.0,0.0,0.925304690052038
2018-11-01,0.00236075121426217,0.00236075121426217,0.0,0.0,0.9274891042226409
2018-11-02,0.01008034264189234,0.01008034264189234,0.0,0.0,0.9368385121898268
2018-11-05,0.0011324926673883858,0.0011324926673883858,0.0,0.0,0.9378994749354088
2018-11-06,-0.004234131504981501,-0.004234131504981501,0.0,0.0,0.9339282852200792
2018-11-07,0.010643874432318911,0.010643874432318911,0.0,0.0,0.9438689006167527
2018-11-08,0.004561172881430627,0.004561172881430627,0.0,0.0,0.9481740498498714
2018-11-09,-0.00603465531487148,-0.00603465531487148,0.0,0.0,0.9424521462805217
2018-11-12,-0.00035692002781221536,-0.00035692002781221536,0.0,0.0,0.9421157662342595
2018-11-13,-0.0007923755997384545,-0.0007923755997384545,0.0,0.0,0.9413692566889666
2018-11-14,0.004724264076976708,0.004724264076976708,0.0,0.0,0.9458165336515125
2018-11-15,0.0004931015746284918,0.0004931015746284918,0.0,0.0,0.9462829172735658
2018-11-16,0.0013991124968455414,0.0013991124968455414,0.0,0.0,0.9476068735286748
2018-11-19,0.007116094402599993,0.007116094402599993,0.0,0.0,0.9543501334972575
2018-11-20,-0.004996863448551594,-0.004996863448551594,0.0,0.0,0.9495813761980648
2018-11-21,0.0005770637852353473,0.0005770637852353473,0.0,0.0,0.9501293452214027
2018-11-22,-0.003092637815972811,-0.003092637815972811,0.0,0.0,0.9471909392783056
2018-11-23,-0.0045289564510404565,-0.0045289564510404565,0.0,0.0,0.942901152763494
2018-11-26,0.004951705030693567,0.004951705030693567,0.0,0.0,0.9475701211450797
2018-11-27,0.00027693698958026385,0.00027693698958026385,0.0,0.0,0.9478325383618458
2018-11-28,0.00862504072960632,0.00862504072960632,0.0,0.0,0.9560076326100627
2018-11-29,-0.0023971802814396507,-0.0023971802814396507,0.0,0.0,0.953715909964264
2018-11-30,0.003887425963122672,0.003887425963122672,0.0,0.0,0.9574234099541024
2018-12-03,0.013640083462815943,0.013640083462815943,0.0,0.0,0.9704827451751301
2018-12-04,-0.0007531801586128051,-0.0007531801586128051,0.0,0.0,0.9697517968271882
2018-12-05,-0.010022530835059128,-0.010022530835059128,0.0,0.0,0.9600324295411337
2018-12-06,-0.015417418937850393,-0.015417418937850393,0.0,0.0,0.9452312073809757
2018-12-07,0.005862422524926813,0.005862422524926813,0.0,0.0,0.9507725521023896
2018-12-10,-0.01132997023667387,-0.01132997023667387,0.0,0.0,0.9400003273852232
2018-12-11,0.000368544242246337,0.000368544242246337,0.0,0.0,0.9403467590935907
2018-12-12,0.0055834770422450684,0.0055834770422450684,0.0,0.0,0.9455971636347393
2018-12-13,0.004742998072313067,0.004742998072313067,0.0,0.0,0.9500821291590436
2018-12-14,-0.003450661605699443,-0.003450661605699443,0.0,0.0,0.9468037172336933
2018-12-17,-0.0008013845600751936,-0.0008013845600751936,0.0,0.0,0.9460449633532804
2018-12-18,-0.00975020750603317,-0.00975020750603317,0.0,0.0,0.9368208286505484
2018-12-19,0.004823285501858666,0.004823285501858666,0.0,0.0,0.9413393829712178
2018-12-20,-0.0067144446227745715,-0.0067144446227745715,0.0,0.0,0.9350188118130207
2018-12-21,-0.0021853090001630695,-0.0021853090001630695,0.0,0.0,0.9329755067882439
2018-12-22,2.7434109772809883e-05,2.7434109772809883e-05,0.0,0.0,0.9330011021407125
2018-12-24,0.005786253763673364,0.005786253763673364,0.0,0.0,0.9383996832794855
2018-12-25,-0.01081038952362817,-0.01081038952362817,0.0,0.0,0.9282552171743851
2018-12-26,-0.005287786303135658,-0.005287786303135658,0.0,0.0,0.9233468019511961
2018-12-27,0.010181878108095758,0.010181878108095758,0.0,0.0,0.9327482065401632
2018-12-28,0.0074223697152819915,0.0074223697152819915,0.0,0.0,0.9396714085803705
2019-01-02,-0.010052862607036554,-0.010052862607036554,0.0,0.0,0.9302250210141515
2019-01-03,-0.0008959815967627864,-0.0008959815967627864,0.0,0.0,0.9293915565144746
2019-01-04,-0.0031405901008094025,-0.0031405901008094025,0.0,0.0,0.9264727185923094
2019-01-07,0.01686874216153518,0.01686874216153518,0.0,0.0,0.9421011480019397
2019-01-08,-0.003324447076482624,-0.003324447076482624,0.0,0.0,0.9389691825947137
2019-01-09,0.014216314499946668,0.014216314499946668,0.0,0.0,0.9523178638002381
2019-01-10,-0.0013039717368777915,-0.0013039717368777915,0.0,0.0,0.9510760682213187
2019-01-11,-0.0018594552896824754,-0.0018594552896824754,0.0,0.0,0.9493075847953742
2019-01-14,-0.005596014394908132,-0.005596014394908132,0.0,0.0,0.9439952458856639
2019-01-15,0.0071450957623347125,0.0071450957623347125,0.0,0.0,0.9507401823167057
2019-01-16,-0.002848216659268111,-0.002848216659268111,0.0,0.0,0.9480322682907956
2019-01-17,0.0011201554931400616,0.0011201554931400616,0.0,0.0,0.9490942118437956
2019-01-18,0.0045640255893003995,0.0045640255893003995,0.0,0.0,0.9534259021133077
2019-01-21,0.0018310408224103498,0.0018310408224103498,0.0,0.0,0.9551716638612204
2019-01-22,-0.001314732686059114,-0.001314732686059114,0.0,0.0,0.9539158684539446
2019-01-23,0.00024822352923662214,0.00024822352923662214,0.0,0.0,0.9541526528174071
2019-01-24,0.0012229969962890312,0.0012229969962890312,0.0,0.0,0.9553195786458041
2019-01-25,0.00558747810400897,0.00558747810400897,0.0,0.0,0.9606574058738186
2019-01-28,0.0017849640946197207,0.0017849640946197207,0.0,0.0,0.9623721448505339
2019-01-29,-0.0006913834690911082,-0.0006913834690911082,0.0,0.0,0.9617067766584705
2019-01-30,0.00010380332326359555,0.00010380332326359555,0.0,0.0,0.9618066050178928
2019-02-11,-0.0020707602805132776,-0.0020707602805132776,0.0,0.0,0.9598149341026865
2019-02-12,0.005484519801054865,0.005484519801054865,0.0,0.0,0.9650790581141209
2019-02-13,0.00276563561808894,0.00276563561808894,0.0,0.0,0.967748115131513
2019-02-14,-0.0007515944974072682,-0.0007515944974072682,0.0,0.0,0.9670207609733039
2019-02-15,-0.0025005659290282013,-0.0025005659290282013,0.0,0.0,0.964602661805751
2019-02-18,0.006447541558312417,0.006447541558312417,0.0,0.0,0.9708219775550025
2019-02-19,0.0003991621119407546,0.0003991621119407546,0.0,0.0,0.971209492905882
2019-02-20,0.006351877019381521,0.0058348369421466545,0.3565793636102527,0.0005170400772348665,0.9768763419336527
2019-02-21,0.003106092649157839,0.003106092649157839,0.0,0.0,0.9799106103584689
2019-02-22,0.0019330126805137695,0.0019330126805137695,0.0,0.0,0.9818047899940618
2019-02-25,0.003050735643756287,0.003050735643756287,0.0,0.0,0.9848000168621075
2019-02-26,0.00033348468170840673,0.00033348468170840673,0.0,0.0,0.9851284325822772
2019-02-27,0.003512345503287666,0.003512345503287666,0.0,0.0,0.9885885440026184
2019-03-04,-0.0034374858101315587,-0.0034374858101315587,0.0,0.0,0.9851902849105507
2019-03-05,-0.0018075570638724347,-0.0018075570638724347,0.0,0.0,0.9834094972518022
2019-03-06,0.0031368485902572947,0.0031368485902572947,0.0,0.0,0.986494303946902
2019-03-07,-0.0032203293845206277,-0.0032203293845206277,0.0,0.0,0.9833174673522395
2019-03-08,-0.0039883842769275766,-0.0039883842769275766,0.0,0.0,0.9793956194262236
2019-03-11,-0.0009114475892734586,-0.0009114475892734586,0.0,0.0,0.9785029516499526
2019-03-12,0.007915932216424507,0.007915932216424507,0.0,0.0,0.986248714688785
2019-03-13,-0.0003711438500786686,-0.0003711438500786686,0.0,0.0,0.9858826745436804
2019-03-14,-0.0032897204397509005,-0.0032897204397509005,0.0,0.0,0.9826393961580377
2019-03-15,0.005894035224021105,0.005894035224021105,0.0,0.0,0.9884311073715041
2019-03-18,0.00654509968920818,0.00654509968920818,0.0,0.0,0.994900487505165
2019-03-19,0.0012070817360847281,0.0012070817360847281,0.0,0.0,0.9961014137128543
2019-03-20,0.0023662427706678756,0.0023662427706678756,0.0,0.0,0.9984584314819044
2019-03-21,0.0023701787951634053,0.0023701787951634053,0.0,0.0,1.0008249564840548
2019-03-22,-0.0023764331646109363,-0.0023764331646109363,0.0,0.0,0.9984465628654958
2019-03-25,-0.005332903304237637,-0.005332903304237637,0.0,0.0,0.9931219438912857
2019-03-26,0.004286281849309214,0.004286281849309214,0.0,0.0,0.9973787444535377
2019-03-27,-0.0028044391856493116,-0.0028044391856493116,0.0,0.0,0.9945816564196585
2019-03-28,-0.0011408157781069583,-0.0011408157781069583,0.0,0.0,0.9934470219733992
2019-03-29,0.008411511237042464,0.008411511237042464,0.0,0.0,1.0018034127621347
2019-04-01,-0.003971143524136579,-0.003971143524136579,0.0,0.0,0.9978251076270863
2019-04-02,0.00043492939089824554,0.00043492939089824554,0.0,0.0,0.9982590910933696
2019-04-03,0.0015819535420149183,0.0015819535420149183,0.0,0.0,0.9998382905983734
2019-04-08,0.003546201552296973,0.003546201552296973,0.0,0.0,1.0033839186965392
2019-04-09,0.003987665069386246,0.003987665069386246,0.0,0.0,1.0073850777003093
2019-04-10,0.00020776006142144798,0.00020776006142144798,0.0,0.0,1.0075943720859273
2019-04-11,-0.0025629902788372547,-0.0025629902788372547,0.0,0.0,1.0050119175052599
2019-04-12,0.0009744358536813205,0.0009744358536813205,0.0,0.0,1.005991237151054
2019-04-15,0.002541901970224688,0.002541901970224688,0.0,0.0,1.008548368258797
2019-04-16,0.0016789182629084853,0.0016789182629084853,0.0,0.0,1.0102416385332933
2019-04-17,0.0025946366079256447,0.0025946366079256447,0.0,0.0,1.0128628484714826
2019-04-18,-0.006290604377119124,-0.006290604377119124,0.0,0.0,1.0064913290034665
2019-04-19,0.0026703930877819545,0.0026703930877819545,0.0,0.0,1.0091790564913499
2019-04-22,0.0005341452130177272,0.0005341452130177272,0.0,0.0,1.0097181046534525
2019-04-23,0.0030062912330269553,0.0030062912330269553,0.0,0.0,1.0127536113393008
2019-04-24,0.0014135255543037749,0.0014135255543037749,0.0,0.0,1.0141851644491422
2019-04-25,3.648810772929225e-05,3.648810772929225e-05,0.0,0.0,1.01422217014668
2019-04-26,-2.0026188143983318e-05,-2.0026188143983318e-05,0.0,0.0,1.014201859142681
2019-04-29,0.004380527068894672,0.004380527068894672,0.0,0.0,1.0186445978399787
2019-04-30,0.0025774634811495186,0.0025774634811495186,0.0,0.0,1.0212701170911815
2019-05-02,0.003088134454684675,0.003088134454684675,0.0,0.0,1.0244239365273107
2019-05-03,0.000163974841853717,0.000163974841853717,0.0,0.0,1.0245919162802941
2019-05-06,-0.014197588631606832,-0.014197588631606832,0.0,0.0,1.0100451817376768
2019-05-07,0.005299019368098334,0.005299019368098334,0.0,0.0,1.015397430718359
2019-05-08,-0.004549655891709788,-0.004549655891709788,0.0,0.0,1.0107777218152643
2019-05-09,-0.011326104096869207,-0.011326104096869207,0.0,0.0,0.9993295481191883
2019-05-10,-0.002151642825618105,-0.002151642825618105,0.0,0.0,0.9971793478665495
2019-05-13,-0.006243989114466702,-0.006243989114466702,0.0,0.0,0.9909529708732998
2019-05-14,-0.004193596422800824,-0.004193596422800824,0.0,0.0,0.9867973140394817
2019-05-15,0.002290702271033986,0.002290702271033986,0.0,0.0,0.9890577728878021
2019-05-16,-0.006788518201965847,-0.006788518201965847,0.0,0.0,0.9823435361937575
2019-05-17,-0.0005099215530895918,-0.0005099215530895918,0.0,0.0,0.981842618052114
2019-05-20,0.009233068734497469,0.009233068734497469,0.0,0.0,0.9909080384310481
2019-05-21,0.010485384661165784,0.010485384661165784,0.0,0.0,1.001298090377839
2019-05-22,-0.0042817860446672145,-0.0042817860446672145,0.0,0.0,0.9970107461879072
2019-05-23,-0.003339489690682066,-0.003339489690682066,0.0,0.0,0.9936812390795134
2019-05-24,0.0019127879113407234,0.0019127879113407234,0.0,0.0,0.9955819405413509
2019-05-27,0.0029763530091543224,0.0029763530091543224,0.0,0.0,0.9985451438459407
2019-05-28,-0.0008672218646972815,-0.0008672218646972815,0.0,0.0,0.9976791836643103
2019-05-29,-0.0006871955743989918,-0.0006871955743989918,0.0,0.0,0.9969935829446261
2019-05-30,0.007709557334569262,0.007709557334569262,0.0,0.0,1.0046799621345355
2019-05-31,0.009123716303248692,0.009123716303248692,0.0,0.0,1.0138463770846096
2019-06-03,-0.0010108634861994217,-0.0010108634861994217,0.0,0.0,1.0128215168013992
2019-06-04,0.0002957498063522634,0.0002957498063522634,0.0,0.0,1.0131210585688626
2019-06-05,0.0015135209396255627,0.0015135209396255627,0.0,0.0,1.0146544385053822
2019-06-06,0.004340070442266124,0.004340070442266124,0.0,0.0,1.0190581102430534
2019-06-10,0.00498412174558775,0.00498412174558775,0.0,0.0,1.0241372199303334
2019-06-11,-0.00476795736201799,-0.00476795736201799,0.0,0.0,1.0192541773328498
2019-06-12,-0.004967719845772315,-0.004967719845772315,0.0,0.0,1.0141908081282272
2019-06-13,-0.0007014366542026965,-0.0007014366542026965,0.0,0.0,1.0134794175210504
2019-06-14,0.0008421653449752083,0.0008421653449752083,0.0,0.0,1.0143329347643324
2019-06-17,0.0017213039899555906,0.0017213039899555906,0.0,0.0,1.0160789100920855
2019-06-18,0.001515354270366676,0.001515354270366676,0.0,0.0,1.0176186296075231
2019-06-19,0.012790838593665164,0.012790838593665164,0.0,0.0,1.0306348252487398
2019-06-20,0.0016544164623325153,0.0016544164623325153,0.0,0.0,1.0323399244702844
2019-06-21,-0.003094104936004369,-0.003094104936004369,0.0,0.0,1.0291457564143465
2019-06-24,0.004654662444571778,0.004654662444571778,0.0,0.0,1.0339360825167188
2019-06-25,-0.0021695075437558695,-0.0021695075437558695,0.0,0.0,1.0316929503859373
2019-06-26,-0.000993897529723174,-0.000993897529723174,0.0,0.0,1.030667553311116
2019-06-27,0.004182133480553688,0.004182133480553688,0.0,0.0,1.0349779425931387
2019-06-28,-0.003686322873609223,-0.003686322873609223,0.0,0.0,1.0311626797296765
2019-07-01,0.0015089406668271192,0.0015089406668271192,0.0,0.0,1.032718643031235
2019-07-02,-0.0021403045286789756,-0.0021403045286789756,0.0,0.0,1.030508310642704
2019-07-03,-0.0030482134645380197,-0.0030482134645380197,0.0,0.0,1.0273671013348846
2019-07-04,0.001171177078343471,0.001171177078343471,0.0,0.0,1.0285703301350124
2019-07-05,0.0016481536343631081,0.0016481536343631081,0.0,0.0,1.0302655720628224
2019-07-08,-0.0034186000193505654,-0.0034186000193505654,0.0,0.0,1.0267435061582322
2019-07-09,-0.00584509383427768,-0.00584509383427768,0.0,0.0,1.0207420940210021
2019-07-10,0.004765950900420463,0.004765950900420463,0.0,0.0,1.0256069007230986
2019-07-11,0.0021807203098749696,0.0021807203098749696,0.0,0.0,1.0278434625214532
2019-07-12,-0.0011266208660153235,-0.0011266208660153235,0.0,0.0,1.026685472629579
2019-07-15,-0.002436053760982812,-0.002436053760982812,0.0,0.0,1.0241844116226335
2019-07-16,-0.0019953710031537517,-0.0019953710031537517,0.0,0.0,1.0221407837457996
2019-07-17,0.002526157139256667,0.002526157139256667,0.0,0.0,1.0247228719839845
2019-07-18,-0.0031654708772789167,-0.0031654708772789167,0.0,0.0,1.0214791415754376
2019-07-19,0.0014370772009300852,0.0014370772009300852,0.0,0.0,1.0229470859610212
2019-07-22,-0.0010236145010529057,-0.0010236145010529057,0.0,0.0,1.0218999824900217
2019-07-23,-0.0014500820378264875,-0.0014500820378264875,0.0,0.0,1.0204181436809576
2019-07-24,-0.0037295956748267306,-0.0037295956748267306,0.0,0.0,1.0166123965857703
2019-07-25,-0.003076418602928969,-0.003076418602928969,0.0,0.0,1.0134848712969455
2019-07-26,-0.00155145545915812,-0.00155145545915812,0.0,0.0,1.0119124946605977
2019-07-29,-0.00023120606720249056,-0.00023120606720249056,0.0,0.0,1.0116785343523542
2019-07-30,-0.0020083953585380253,-0.0020083953585380253,0.0,0.0,1.0096466838796283
2019-07-31,-0.0011743396591975806,-0.0011743396591975806,0.0,0.0,1.0084610157369711
2019-08-01,-0.009802359125937549,-0.009802359125937549,0.0,0.0,0.9985757186962095
2019-08-02,-0.011999501438657932,-0.011999501438657932,0.0,0.0,0.9865933079231055
2019-08-05,-0.0056486755812808235,-0.0056486755812808235,0.0,0.0,0.9810203623959852
2019-08-06,-0.008560257102017308,-0.008560257102017308,0.0,0.0,0.9726225758715613
2019-08-07,-0.0017612746672317709,-0.0017612746672317709,0.0,0.0,0.970909520367901
2019-08-08,0.006528108728217363,0.006528108728217363,0.0,0.0,0.9772477232821241
2019-08-12,-0.0035120970060231126,-0.0035120970060231126,0.0,0.0,0.973815534479042
2019-08-13,-0.008389481148511905,-0.008389481148511905,0.0,0.0,0.965645727410402
2019-08-14,0.0006088537382829111,0.0006088537382829111,0.0,0.0,0.9662336644213927
2019-08-15,-0.010168150920662561,-0.010168150920662561,0.0,0.0,0.9564088546969312
2019-08-16,0.011647831333403915,0.011647831333403915,0.0,0.0,0.967548943722215
2019-08-19,0.004922647028445145,0.004922647028445145,0.0,0.0,0.9723118456549044
2019-08-20,-0.0018558637805476817,-0.0018558637805476817,0.0,0.0,0.9705073673171559
2019-08-21,-0.00017680586259025046,-0.00017680586259025046,0.0,0.0,0.9703357759249271
2019-08-22,0.0012308797551002842,0.0012308797551002842,0.0,0.0,0.9715301425871627
2019-08-23,0.0025311880795545853,0.0025311880795545853,0.0,0.0,0.9739892681030075
2019-08-26,-0.01153462454605773,-0.01153462454605773,0.0,0.0,0.9627546675835498
2019-08-27,-0.001210595774302834,-0.001210595774302834,0.0,0.0,0.9615891608512828
2019-08-28,0.0026935631945123346,0.0026935631945123346,0.0,0.0,0.9641792620231938
2019-08-29,0.0013230982390531566,0.0013230982390531566,0.0,0.0,0.9654549659069082
2019-08-30,0.013485741185588302,0.013485741185588302,0.0,0.0,0.9784748417034697
2019-09-02,0.0030031783376669777,0.0030031783376669777,0.0,0.0,0.9814133761520256
2019-09-03,-0.00531844176412623,-0.00531844176412623,0.0,0.0,0.9761937862644265
2019-09-04,0.00709905205174261,0.00709905205174261,0.0,0.0,0.9831238367657055
2019-09-05,0.004294216098936712,0.004294216098936712,0.0,0.0,0.9873455829727933
2019-09-06,0.0028771270922853046,0.0028771270922853046,0.0,0.0,0.9901863016990127
2019-09-09,0.005390108080440454,0.005390108080440454,0.0,0.0,0.9955235128849419
2019-09-10,0.005100155112358191,0.005100155112358191,0.0,0.0,1.0006008372186548
2019-09-11,0.0027831012000119155,0.0027831012000119155,0.0,0.0,1.003385610609451
2019-09-12,0.0005415373881855478,0.0005415373881855478,0.0,0.0,1.0039289814323635
2019-09-16,0.0038150637054724643,0.0038150637054724643,0.0,0.0,1.007759034452298
2019-09-17,-0.00028618395926579654,-0.00028618395926579654,0.0,0.0,1.0074706299818326
2019-09-18,0.0026381991377930998,0.0026381991377930998,0.0,0.0,1.0101285381292024
2019-09-19,-0.0032302172729007294,-0.0032302172729007294,0.0,0.0,1.0068656034774874
2019-09-20,0.0040608321814893,0.0040608321814893,0.0,0.0,1.0109543157225234
2019-09-23,-0.004078326581702589,-0.004078326581702589,0.0,0.0,1.0068313138638252
2019-09-24,-0.0014374736120277307,-0.0014374736120277307,0.0,0.0,1.0053840204183828
2019-09-25,-0.005111285279715084,-0.005111285279715084,0.0,0.0,1.0002452158743576
2019-09-26,-0.0022202338318700696,-0.0022202338318700696,0.0,0.0,0.9980244376059071
2019-09-27,-0.008125887875262468,-0.008125887875262468,0.0,0.0,0.9899146029291496
2019-10-01,0.009033267769245271,0.009033267769245271,0.0,0.0,0.9988567666060947
2019-10-02,-0.00372657759483635,-0.00372657759483635,0.0,0.0,0.9951344493592098
2019-10-03,-0.0062959493505949414,-0.0062959493505949414,0.0,0.0,0.988869133269012
2019-10-04,0.0035398159425365284,0.0035398159425365284,0.0,0.0,0.99236954799204
2019-10-07,0.0007550032989115331,0.0007550032989115331,0.0,0.0,0.9931187902745132
2019-10-08,0.001775187477415113,0.001775187477415113,0.0,0.0,0.9948817623145941
2019-10-09,-0.00980113393079864,-0.00980113393079864,0.0,0.0,0.9851307929168398
2019-10-14,0.010170577618502737,0.010170577618502737,0.0,0.0,0.9951501421105777
2019-10-15,0.0005006256741120019,0.0005006256741120019,0.0,0.0,0.9956483398213145
2019-10-16,0.004607290050467259,0.004607290050467259,0.0,0.0,1.0002355805111374
2019-10-17,0.0047525660830563185,0.0047525660830563185,0.0,0.0,1.0049892662061408
2019-10-18,-0.0007396204662147242,-0.0007396204662147242,0.0,0.0,1.0042459555765286
2019-10-21,0.0038720059205662634,0.0038720059205662634,0.0,0.0,1.0081344018622258
2019-10-22,0.0034531625127446966,0.0034531625127446966,0.0,0.0,1.0116156537865448
2019-10-23,-0.004408656905557032,-0.004408656905557032,0.0,0.0,1.0071557874487091
2019-10-24,0.006178346246891013,0.006178346246891013,0.0,0.0,1.0133783446281275
2019-10-25,-0.0007282294507137157,-0.0007282294507137157,0.0,0.0,1.0126403726728537
2019-10-28,0.0006885646744045235,0.0006885646744045235,0.0,0.0,1.0133376410613522
2019-10-29,-0.00037326361494676504,-0.00037326361494676504,0.0,0.0,1.012959398990288
2019-10-30,0.005750690677188701,0.005750690677188701,0.0,0.0,1.0187846151624322
2019-10-31,-0.0016078299963217704,-0.0016078299963217704,0.0,0.0,1.017146582698383
2019-11-01,0.0023740615603015996,0.0023740615603015996,0.0,0.0,1.0195613513015593
2019-11-04,0.007246783408569683,0.007246783408569683,0.0,0.0,1.0269498915861903
2019-11-05,0.005217641317154083,0.005217641317154083,0.0,0.0,1.0323081477711773
2019-11-06,0.0025463659083857456,0.0025463659083857456,0.0,0.0,1.0349367820456106
2019-11-07,-0.0009156243279773514,-0.0009156243279773514,0.0,0.0,1.033989168750051
2019-11-08,-0.0005559708645927969,-0.0005559708645927969,0.0,0.0,1.0334143008979215
2019-11-11,-0.008096590343399625,-0.008096590343399625,0.0,0.0,1.0250471686485403
2019-11-12,0.002973697800827865,0.002973697800827865,0.0,0.0,1.0280953491596954
2019-11-13,-0.006176175911652183,-0.006176175911652183,0.0,0.0,1.0217456514293335
2019-11-14,-0.0024910310227334574,-0.0024910310227334574,0.0,0.0,1.01920045131428
2019-11-15,0.002890724701041356,0.002890724701041356,0.0,0.0,1.0221466792342069
2019-11-18,0.005548370850912361,0.005548370850912361,0.0,0.0,1.0278179280746267
2019-11-19,0.0002036540122660779,0.0002036540122660779,0.0,0.0,1.0280272473195582
2019-11-20,0.00038331229104543495,0.00038331229104543495,0.0,0.0,1.0284213027989855
2019-11-21,-0.0069491700758449355,-0.0069491700758449355,0.0,0.0,1.0212746282562133
2019-11-22,0.0030046669785174737,0.0030046669785174737,0.0,0.0,1.0243432184077326
2019-11-25,0.0018987679897868842,0.0018987679897868842,0.0,0.0,1.0262882085214005
2019-11-26,-0.00041561649215431773,-0.00041561649215431773,0.0,0.0,1.0258616662162354
2019-11-27,0.006408577882745717,0.006408577882745717,0.0,0.0,1.0324359806011054
2019-11-28,-0.0021738733762323875,-0.0021738733762323875,0.0,0.0,1.0301915955102123
2019-11-29,-0.00615710081947197,-0.00615710081947197,0.0,0.0,1.0238486019932833
2019-12-02,-0.0019228375985807225,-0.0019228375985807225,0.0,0.0,1.0218799074061165
2019-12-03,0.0014908312050109307,0.0014908312050109307,0.0,0.0,1.0234033578598514
2019-12-04,-0.0006577425699741638,-0.0006577425699741638,0.0,0.0,1.0227302219051324
2019-12-05,0.00017155956680616516,0.00017155956680616516,0.0,0.0,1.022905681058962
2019-12-06,-0.0009671721508466516,-0.0009671721508466516,0.0,0.0,1.021916355171299
2019-12-09,0.0033071771357334216,0.0033071771357334216,0.0,0.0,1.0252960135757536
2019-12-10,0.000555104476796323,0.000555104476796323,0.0,0.0,1.025865159982931
2019-12-11,0.001062530592361882,0.001062530592361882,0.0,0.0,1.0269551730990512
2019-12-12,0.0033181518315688325,0.0033181518315688325,0.0,0.0,1.030362766287609
2019-12-13,0.006016641114719424,0.006016641114719424,0.0,0.0,1.0365620892703309
2019-12-16,0.0007958533163828022,0.0007958533163828022,0.0,0.0,1.0373870406467134
2019-12-17,0.005953184473943893,0.005953184473943893,0.0,0.0,1.043562797070562
2019-12-18,0.004346059635273089,0.004346059635273089,0.0,0.0,1.048098183219783
2019-12-19,-0.002806388886505408,-0.002806388886505408,0.0,0.0,1.0451568121264285
2019-12-20,-0.000524544938402871,-0.000524544938402871,0.0,0.0,1.0446085804107903
2019-12-23,0.004553331602569473,0.004553331602569473,0.0,0.0,1.0493650296722898
2019-12-24,-0.0035665548048894953,-0.0035665548048894953,0.0,0.0,1.045622411783629
2019-12-25,0.0015405944764656575,0.0015405944764656575,0.0,0.0,1.0472332918956917
2019-12-26,-0.0009840705280086174,-0.0009840705280086174,0.0,0.0,1.0462027404771876
2019-12-27,0.002820881290372447,0.002820881290372447,0.0,0.0,1.0491539542137363
2019-12-30,-0.0018060941770226494,-0.0018060941770226494,0.0,0.0,1.0472590833662305
2019-12-31,-0.004785141399214945,-0.004785141399214945,0.0,0.0,1.042247800570711
2020-01-02,0.002147303145491548,0.002147303145491548,0.0,0.0,1.044485822551258
2020-01-03,0.0015053731255678551,0.0015053731255678551,0.0,0.0,1.0460581634385635
2020-01-06,-0.009452253490664876,-0.009452253490664876,0.0,0.0,1.0361705565117627
2020-01-07,-0.0022995662781043484,-0.0022995662781043484,0.0,0.0,1.0337878136416436
2020-01-08,-0.005780226739800535,-0.005780226739800535,0.0,0.0,1.0278122856779524
2020-01-09,0.006039993313476007,0.006039993313476007,0.0,0.0,1.0340202650109558
2020-01-10,0.0033886529901333362,0.0033886529901333362,0.0,0.0,1.0375242008738434
2020-01-13,0.0077201532016504875,0.0077201532016504875,0.0,0.0,1.0455340466550094
2020-01-14,0.0023222284424505527,0.0023222284424505527,0.0,0.0,1.047962015555702
2020-01-15,-0.0029704886891103706,-0.0029704886891103706,0.0,0.0,1.0448490562418764
2020-01-16,0.0015643129057192852,0.0015643129057192852,0.0,0.0,1.046483527105084
2020-01-17,0.004555585447597855,0.004555585447597855,0.0,0.0,1.0512508722323148
2020-01-20,0.003951496556310574,0.003951496556310574,0.0,0.0,1.0554048864337593
2020-01-30,-0.05103710620273407,-0.05103710620273407,0.0,0.0,1.001540075157955
2020-01-31,0.007227330730033015,0.007227330730033015,0.0,0.0,1.0087785365205038
2020-02-03,-0.004730832629158757,-0.004730832629158757,0.0,0.0,1.0040061741043376
2020-02-04,0.010412586852513471,0.010412586852513471,0.0,0.0,1.0144604755926587
2020-02-05,0.00177228014507183,0.00177228014507183,0.0,0.0,1.0162583837515118
2020-02-06,0.01141946509719344,0.01141946509719344,0.0,0.0,1.0278635108944925
2020-02-07,-0.007960362742789896,-0.007960362742789896,0.0,0.0,1.0196813444976947
2020-02-10,-0.00032557310980131735,-0.00032557310980131735,0.0,0.0,1.0193493636713602
2020-02-11,0.0021711176222396155,0.0021711176222396155,0.0,0.0,1.0215624910380459
2020-02-12,0.0016867707857817435,0.0016867707857817435,0.0,0.0,1.0232856328037792
2020-02-13,0.003331990922661262,0.003331990922661262,0.0,0.0,1.026695211243571
2020-02-14,0.0004406860798869397,0.0004406860798869397,0.0,0.0,1.0271476615314525
2020-02-17,-0.002332169173969521,-0.002332169173969521,0.0,0.0,1.024752179418114
2020-02-18,0.0016722720449592653,0.0016722720449592653,0.0,0.0,1.0264658438407661
2020-02-19,0.009394108108462161,0.009394108108462161,0.0,0.0,1.0361085749474501
2020-02-20,-0.003903732216248827,-0.003903732216248827,0.0,0.0,1.032063884523896
2020-02-21,-0.004568439073954329,-0.004568439073954329,0.0,0.0,1.02734896354702
2020-02-24,-0.009530094633000134,-0.009530094633000134,0.0,0.0,1.0175582307033024
2020-02-25,-0.003103042760589777,-0.003103042760589777,0.0,0.0,1.01440070400204
2020-02-26,-0.006370810109571402,-0.006370810109571402,0.0,0.0,1.0079381497418274
2020-02-27,-0.006985882046516116,-0.006985882046516116,0.0,0.0,1.0008968127175473
2020-03-02,-0.01189818777946694,-0.01189818777946694,0.0,0.0,0.988987954491964
2020-03-03,0.008352283229648254,0.008352283229648254,0.0,0.0,0.9972482619985914
2020-03-04,0.006697357903333626,0.006697357903333626,0.0,0.0,1.0039271905276734
2020-03-05,0.009233347409339841,0.009233347409339841,0.0,0.0,1.0131967990514978
2020-03-06,-0.014485102237775507,-0.014913751390703254,0.2956201054674114,0.00042864915292774655,0.9980862338805875
2020-03-09,-0.02249886659548708,-0.02249886659548708,0.0,0.0,0.9756304248537161
2020-03-10,-0.00039199655865589827,-0.00039199655865589827,0.0,0.0,0.9752479810846535
2020-03-11,-0.0027465548327239245,-0.0027465548327239245,0.0,0.0,0.9725694090291012
2020-03-12,-0.038028563153503434,-0.038028563153503434,0.0,0.0,0.9355839918366725
2020-03-13,-0.027284571087699223,-0.027284571087699223,0.0,0.0,0.9100569839028915
2020-03-16,-0.03418998640653015,-0.03418998640653015,0.0,0.0,0.8789421479940838
2020-03-17,-0.033818171631993736,-0.033818171631993736,0.0,0.0,0.8492179315786266
2020-03-18,-0.019553892910310667,-0.019553892910310667,0.0,0.0,0.8326124150870227
2020-03-19,-0.06637618958661531,-0.06637618958661531,0.0,0.0,0.7773467755710368
2020-03-20,0.057608796231092746,0.057608796231092746,0.0,0.0,0.8221287875658057
2020-03-23,-0.03845680783936128,-0.03845680783936128,0.0,0.0,0.7905123387631804
2020-03-24,0.03893303966272076,0.03893303966272076,0.0,0.0,0.8212893870021174
2020-03-25,0.039844144684102106,0.039844144684102106,0.0,0.0,0.8540129601653472
2020-03-26,0.002365801113569133,0.002365801113569133,0.0,0.0,0.8560333849775089
2020-03-27,0.01083652092207139,0.01083652092207139,0.0,0.0,0.8653098086638092
2020-03-30,-0.009075703615561533,-0.009075703615561533,0.0,0.0,0.8574565133047383
2020-03-31,-0.0010071581476306614,-0.0010071581476306614,0.0,0.0,0.8565929189911244
2020-04-01,-0.0026470729461047365,-0.0026470729461047365,0.0,0.0,0.8543254550494381
2020-04-06,0.013845918911911378,0.013845918911911378,0.0,0.0,0.8661543760244345
2020-04-07,0.008755027832573245,0.008755027832573245,0.0,0.0,0.8737375816938334
2020-04-08,0.010343759558520814,0.010343759558520814,0.0,0.0,0.8827753131561178
2020-04-09,0.005830314695183364,0.005830314695183364,0.0,0.0,0.8879221710369571
2020-04-10,0.015832736602694183,0.015832736602694183,0.0,0.0,0.9019804088946777
2020-04-13,-0.007847274525466293,-0.007847274525466293,0.0,0.0,0.8949023210094887
2020-04-14,0.02072925113862239,0.02072925113862239,0.0,0.0,0.9134529759662304
2020-04-15,0.014467055764793273,0.014467055764793273,0.0,0.0,0.9266679511080502
2020-04-16,-0.012341726941065924,-0.012341726941065924,0.0,0.0,0.9152312682904377
2020-04-17,0.0033615355848921114,0.0033615355848921114,0.0,0.0,0.918307850767202
2020-04-20,-0.002887845790250575,-0.002887845790250575,0.0,0.0,0.9156559193062099
2020-04-21,-0.028074820070512277,-0.028074820070512277,0.0,0.0,0.8899490441251885
2020-04-22,0.00014026423437944998,0.00014026423437944998,0.0,0.0,0.8900738721464995
2020-04-23,0.0026525446212407955,0.0026525446212407955,0.0,0.0,0.8924348328085687
2020-04-24,-0.0010652580207031138,-0.0010652580207031138,0.0,0.0,0.8914841594449645
2020-04-27,0.022522730107371366,0.022522730107371366,0.0,0.0,0.9115628165631403
2020-04-28,0.008327919900508587,0.008327919900508587,0.0,0.0,0.9191542386837602
2020-04-29,0.013091662485233826,0.013091662485233826,0.0,0.0,0.93118749574848
2020-04-30,0.01661213232934433,0.01661213232934433,0.0,0.0,0.9466565056512845
2020-05-04,-0.022583939803786007,-0.022583939803786007,0.0,0.0,0.9252772721127934
2020-05-05,0.005828318752217098,0.005828318752217098,0.0,0.0,0.9306700829888486
2020-05-06,-0.00576710138063269,-0.00576710138063269,0.0,0.0,0.9253028142683299
2020-05-07,0.002448587756417382,0.002448587756417382,0.0,0.0,0.9275684994103258
2020-05-08,0.004415955330224264,0.004415955330224264,0.0,0.0,0.931664600469445
2020-05-11,0.011116699638878442,0.011116699638878442,0.0,0.0,0.9420216359970396
2020-05-12,-0.007920909175980671,-0.007920909175980671,0.0,0.0,0.9345599681764983
2020-05-13,0.0029410911795316316,0.0029410911795316316,0.0,0.0,0.9373085942556455
2020-05-14,-0.010481005526204224,-0.010481005526204224,0.0,0.0,0.9274846576994934
2020-05-15,-0.0008297773036862113,-0.0008297773036862113,0.0,0.0,0.9267150519810172
2020-05-18,-0.00021137849351249356,-0.00021137849351249356,0.0,0.0,0.9265191643494142
2020-05-19,0.011459122165148373,0.011459122165148373,0.0,0.0,0.9371362606420452
2020-05-20,0.0018090866455379244,0.0018090866455379244,0.0,0.0,0.9388316213362222
2020-05-21,0.005830192670714045,0.005830192670714045,0.0,0.0,0.9443051905739712
2020-05-22,-0.015305238863935504,-0.015305238863935504,0.0,0.0,0.9298523740717825
2020-05-25,0.002414714861468083,0.002414714861468083,0.0,0.0,0.932097702418425
2020-05-26,0.012391711186670533,0.012391711186670533,0.0,0.0,0.9436479879445533
2020-05-27,0.0017749211563509286,0.0017749211563509286,0.0,0.0,0.945322888722504
2020-05-28,-0.004948588604951415,-0.004948588604951415,0.0,0.0,0.9406448746473721
2020-05-29,0.0021963280103122905,0.0021963280103122905,0.0,0.0,0.9427108393333169
2020-06-01,0.009129289908874207,0.009129289908874207,0.0,0.0,0.9513171198858289
2020-06-02,0.008595930303187456,0.008595930303187456,0.0,0.0,0.9594945755445966
2020-06-03,0.01786089773804866,0.01786089773804866,0.0,0.0,0.976632010038611
2020-06-04,0.0007699027013606718,0.0007699027013606718,0.0,0.0,0.9773839216613749
2020-06-05,0.0022554401244241694,0.0022554401244241694,0.0,0.0,0.979588352575257
2020-06-08,0.010314492404288774,0.010314492404288774,0.0,0.0,0.9896923091972243
2020-06-09,-0.0009657444854515553,-0.0009657444854515553,0.0,0.0,0.9887365193073233
2020-06-10,0.0067899887111217486,0.0067899887111217486,0.0,0.0,0.9954500291116939
2020-06-11,-0.021310865079071022,-0.021310865079071022,0.0,0.0,0.9742361278483374
2020-06-12,-0.00987006598247757,-0.00987006598247757,0.0,0.0,0.9646203529839609
2020-06-15,-0.008219941556945118,-0.008219941556945118,0.0,0.0,0.9566912300577929
2020-06-16,0.013833924386559117,0.013833924386559117,0.0,0.0,0.9699260241956966
2020-06-17,0.003577314421117361,0.003577314421117361,0.0,0.0,0.9733957545494689
2020-06-18,-0.005427711264317564,-0.005427711264317564,0.0,0.0,0.968112443447862
2020-06-19,-0.006558252042147187,-0.006558252042147187,0.0,0.0,0.9617633180385919
2020-06-22,0.0042859192933964365,0.0042859192933964365,0.0,0.0,0.9658853579990545
2020-06-23,0.003432696900241173,0.003432696900241173,0.0,0.0,0.9692009496734462
2020-06-24,0.0026928003001645533,0.0026928003001645533,0.0,0.0,0.9718108142816465
2020-06-29,-0.0077591086148465944,-0.0077591086148465944,0.0,0.0,0.9642704286205527
2020-06-30,0.005650599025175174,0.005650599025175174,0.0,0.0,0.9697191341645213
2020-07-01,0.0047556591233951125,0.0047556591233951125,0.0,0.0,0.9743307878120415
2020-07-02,0.005157316129422819,0.005157316129422819,0.0,0.0,0.9793557196994177
2020-07-03,0.0018656746063120903,0.0018656746063120903,0.0,0.0,0.9811828787962075
2020-07-06,0.01075723360278486,0.01075723360278486,0.0,0.0,0.9917376922304711
2020-07-07,-0.003517022900842463,-0.003517022900842463,0.0,0.0,0.9882497280552679
2020-07-08,0.0011086305505394797,0.0011086305505394797,0.0,0.0,0.9893453318953522
2020-07-09,-0.0029705203579938225,-0.0029705203579938225,0.0,0.0,0.986406461445871
2020-07-10,-0.00705661914147173,-0.00705661914147173,0.0,0.0,0.9794457667287606
2020-07-13,0.005553560003422257,0.005553560003422257,0.0,0.0,0.9848851775643866
2020-07-14,-0.003552709701270784,-0.003552709701270784,0.0,0.0,0.9813861664394159
2020-07-15,0.0034534593947200304,0.0034534593947200304,0.0,0.0,0.9847753437157544
2020-07-16,-0.002303852660772694,-0.002303852660772694,0.0,0.0,0.9825065664198714
2020-07-17,-0.0035706067635201963,-0.0035706067635201963,0.0,0.0,0.9789984218286096
2020-07-20,-0.00013511574153754707,-0.00013511574153754707,0.0,0.0,0.9788661437308801
2020-07-21,0.0013715835698395516,0.0013715835698395516,0.0,0.0,0.9802087404506936
2020-07-22,0.005316302802362795,0.005316302802362795,0.0,0.0,0.9854198269244522
2020-07-23,-0.005490403373131289,-0.005490403373131289,0.0,0.0,0.9800094745827557
2020-07-24,-0.012597419149498253,-0.012597419149498253,0.0,0.0,0.9676638844609571
2020-07-27,-0.01459103837527151,-0.01459103837527151,0.0,0.0,0.9535446635884229
2020-07-28,-0.006851268646396952,-0.006851268646396952,0.0,0.0,0.9470116729318404
2020-07-29,0.006123680509928875,0.006123680509928875,0.0,0.0,0.9528108698560483
2020-07-30,0.006411752586938416,0.006411752586938416,0.0,0.0,0.958920057415711
2020-07-31,-0.006457639566050437,-0.006457639566050437,0.0,0.0,0.9527276973122639
2020-08-03,-0.008146241826969611,-0.008146241826969611,0.0,0.0,0.9449665470947063
2020-08-04,0.008830899802851223,0.008830899802851223,0.0,0.0,0.9533114519891459
2020-08-05,0.004366129248134604,0.004366129248134604,0.0,0.0,0.9574737330022572
2020-08-06,0.0073775906659306395,0.0073775906659306395,0.0,0.0,0.9645375822777285
2020-08-07,-0.008110685335400273,-0.008110685335400273,0.0,0.0,0.9567145214537061
2020-08-10,0.007675050971579567,0.007675050971579567,0.0,0.0,0.9640573541711135
2020-08-11,-0.007496364087576601,-0.007496364087576601,0.0,0.0,0.956830429242941
2020-08-12,-0.002569669310970813,-0.002569669310970813,0.0,0.0,0.9543716914531124
2020-08-13,-0.0018121732702295508,-0.0018121732702295508,0.0,0.0,0.9526422045839973
2020-08-14,-0.0013013408828548643,-0.0013013408828548643,0.0,0.0,0.9514024923364391
2020-08-17,0.00655075071378621,0.00655075071378621,0.0,0.0,0.9576348928922102
2020-08-18,-0.0001096925804686973,-0.0001096925804686973,0.0,0.0,0.957529847449662
2020-08-19,-0.00438571032881876,-0.00438571032881876,0.0,0.0,0.9533303989075498
2020-08-20,-0.0228092548486993,-0.0228092548486993,0.0,0.0,0.9315856428838553
2020-08-21,0.01187011240663743,0.01187011240663743,0.0,0.0,0.9426436691812962
2020-08-24,-0.0027505551020334277,-0.0027505551020334277,0.0,0.0,0.94005087582763
2020-08-25,0.005983863640311357,0.005983863640311357,0.0,0.0,0.9456760120835378
2020-08-26,0.0022687527112391585,0.0022687527112391585,0.0,0.0,0.947821517099906
2020-08-27,-0.00278405299827716,-0.00278405299827716,0.0,0.0,0.9451827317633925
2020-08-28,0.0013925844018803043,0.0013925844018803043,0.0,0.0,0.9464989784925728
2020-08-31,-0.005259668558426477,-0.005259668558426477,0.0,0.0,0.9415207075748127
2020-09-01,-0.0009311314940156314,-0.0009311314940156314,0.0,0.0,0.9406440279917219
2020-09-02,-0.0021506984631516598,-0.0021506984631516598,0.0,0.0,0.9386209863263473
2020-09-03,0.002923548610649731,0.002923548610649731,0.0,0.0,0.9413650904068485
2020-09-04,-0.004588665868964847,-0.004588665868964847,0.0,0.0,0.9370454805462635
2020-09-07,0.005388142018295454,0.005388142018295454,0.0,0.0,0.9420944146730487
2020-09-08,0.00048009477325809463,0.00048009477325809463,0.0,0.0,0.9425467092774489
2020-09-09,-0.0020444257661995464,-0.0020444257661995464,0.0,0.0,0.9406197424991555
2020-09-10,0.004231960995280175,0.004231960995280175,0.0,0.0,0.9446004085608023
2020-09-11,-0.00033230624308629484,-0.00033230624308629484,0.0,0.0,0.9442865119478157
2020-09-14,0.0003100683738331504,0.0003100683738331504,0.0,0.0,0.9445793053310079
2020-09-15,0.00018565688526583763,0.00018565688526583763,0.0,0.0,0.9447546729827222
2020-09-16,0.000992250622415011,0.000992250622415011,0.0,0.0,0.9456921063950187
2020-09-17,-0.0048934353427988065,-0.0048934353427988065,0.0,0.0,0.9410644232181794
2020-09-18,3.7334359100897725e-05,3.7334359100897725e-05,0.0,0.0,0.9410995572552929
2020-09-21,-0.006547005175751413,-0.006547005175751413,0.0,0.0,0.9349381735830451
2020-09-22,-0.010996792097415798,-0.010996792097415798,0.0,0.0,0.9246568528642147
2020-09-23,-0.006241803211710951,-0.006241803211710951,0.0,0.0,0.9188853267502763
2020-09-24,-0.025264782777660325,-0.025264782777660325,0.0,0.0,0.8956698885723512
2020-09-25,0.006182597019863109,0.006182597019863109,0.0,0.0,0.9012074545562196
2020-09-28,0.016714944428710698,0.016714944428710698,0.0,0.0,0.9162710870778666
2020-09-29,0.0005298115031192506,0.0005298115031192506,0.0,0.0,0.916756538039776
2020-09-30,-0.0007127954732271314,-0.0007127954732271314,0.0,0.0,0.9161030781294098
2020-10-05,0.001258841444832971,0.001258841444832971,0.0,0.0,0.9172563066518982
2020-10-06,0.01173563453510669,0.01173563453510669,0.0,0.0,0.9280208914417867
2020-10-07,-0.005393458657000025,-0.005393458657000025,0.0,0.0,0.9230156491309631
2020-10-08,0.0030589223006097766,0.0030589223006097766,0.0,0.0,0.9258390822839015
2020-10-12,-0.001496517681029263,-0.001496517681029263,0.0,0.0,0.9244535477274758
2020-10-13,-0.0026105371812710255,-0.0026105371812710255,0.0,0.0,0.9220402273687753
2020-10-14,-0.00053429940858861,-0.00053429940858861,0.0,0.0,0.9215475818205973
2020-10-15,-0.005676854340283069,-0.005676854340283069,0.0,0.0,0.9163160904309616
2020-10-16,-0.00407775840417643,-0.00407775840417643,0.0,0.0,0.9125795747923247
2020-10-19,0.003728775921464884,0.003728775921464884,0.0,0.0,0.9159823795372308
2020-10-20,-0.00021032289119052107,-0.00021032289119052107,0.0,0.0,0.915789727474887
2020-10-21,-0.0023788180008549927,-0.0023788180008549927,0.0,0.0,0.9136112303861715
2020-10-22,0.006574917541763052,0.006574917541763052,0.0,0.0,0.9196181488911893
2020-10-23,0.0002173932040098147,0.0002173932040098147,0.0,0.0,0.9198180676270422
2020-10-26,0.006145641857369016,0.006145641857369016,0.0,0.0,0.9254709400446153
2020-10-27,-0.002475118816156991,-0.002475118816156991,0.0,0.0,0.9231802895071043
2020-10-28,-0.002377744279493127,-0.002377744279493127,0.0,0.0,0.920985202854788
2020-10-29,-0.00914800482817186,-0.00914800482817186,0.0,0.0,0.9125600257723976
2020-10-30,-0.0049283854035610634,-0.0049283854035610634,0.0,0.0,0.9080625782615076
2020-11-02,0.01070092618920574,0.01070092618920574,0.0,0.0,0.9177796888866638
2020-11-03,0.007428580299327933,0.007428580299327933,0.0,0.0,0.9245974890026506
2020-11-04,-0.0005675109380066818,-0.0005675109380066818,0.0,0.0,0.9240727698143881
2020-11-05,0.005501717731028324,0.005501717731028324,0.0,0.0,0.9291567573568364
2020-11-06,0.0037840605236268052,0.0037840605236268052,0.0,0.0,0.9326727427626115
2020-11-09,0.0070081129498622535,0.0070081129498622535,0.0,0.0,0.9392090186891496
2020-11-10,0.009975946920474453,0.009975946920474453,0.0,0.0,0.9485785180068236
2020-11-11,0.018479624834145114,0.018479624834145114,0.0,0.0,0.966107893145319
2020-11-12,-0.009353668051404538,-0.009353668051404538,0.0,0.0,0.9570712406109958
2020-11-13,0.00020110325386082733,0.00020110325386082733,0.0,0.0,0.9572637107516594
2020-11-16,0.007771431351359574,0.007771431351359574,0.0,0.0,0.9647030199649136
2020-11-17,0.0017066047165762229,0.0017066047165762229,0.0,0.0,0.9663493866888809
2020-11-18,0.0053275616703387235,0.0053275616703387235,0.0,0.0,0.97149767264156
2020-11-19,-0.0031657386909373607,-0.0031657386909373607,0.0,0.0,0.968422164871123
2020-11-20,-0.0021924458242785763,-0.0021924458242785763,0.0,0.0,0.9662989517396124
2020-11-23,0.007450178526430715,0.007450178526430715,0.0,0.0,0.9734980514399754
2020-11-24,-0.0049526491225703245,-0.0049526491225703245,0.0,0.0,0.9686766571696872
2020-11-25,0.001353764130702696,0.001353764130702696,0.0,0.0,0.9699880168824124
2020-11-26,0.003593606660976508,0.003593606660976508,0.0,0.0,0.9734737722809484
2020-11-27,-0.0012467897750513901,-0.0012467897750513901,0.0,0.0,0.9722600551353878
2020-11-30,-0.003000960657354015,-0.003000960657354015,0.0,0.0,0.9693423409612097
2020-12-01,0.006905518768577272,0.006905518768577272,0.0,0.0,0.9760361526898941
2020-12-02,0.001299579317991495,0.001299579317991495,0.0,0.0,0.9773045890875419
2020-12-03,-0.0007452814040331618,-0.0007452814040331618,0.0,0.0,0.9765762221512186
2020-12-04,0.009936492740746915,0.009936492740746915,0.0,0.0,0.9862799646934102
2020-12-07,0.0010110648836285578,0.0010110648836285578,0.0,0.0,0.9872771577311381
2020-12-08,-0.007976409643180521,-0.007976409643180521,0.0,0.0,0.9794022306897197
2020-12-09,4.673777304715351e-05,4.673777304715351e-05,0.0,0.0,0.9794480057688995
2020-12-10,0.00044164850842454264,0.00044164850842454264,0.0,0.0,0.9798805775197268
2020-12-11,0.005750582673392608,0.005750582673392608,0.0,0.0,0.9855154617908056
2020-12-14,0.0005070286247467091,0.0005070286247467091,0.0,0.0,0.9860151463400639
2020-12-15,-0.008293225660460177,-0.008293225660460177,0.0,0.0,0.9778379002268341
2020-12-16,0.012967755874359308,0.012967755874359308,0.0,0.0,0.9905182634016718
2020-12-17,-0.001401780566140552,-0.001401780566140552,0.0,0.0,0.989129774149628
2020-12-18,-0.005541188123873906,-0.005541188123873906,0.0,0.0,0.9836488199921399
2020-12-21,0.00822679340353458,0.00822679340353458,0.0,0.0,0.9917410956158458
2020-12-22,-0.00888527023914081,-0.00888527023914081,0.0,0.0,0.9829292079740375
2020-12-23,-0.0006325599966154464,-0.0006325599966154464,0.0,0.0,0.9823074462775682
2020-12-24,0.004202867637371665,0.004202867637371665,0.0,0.0,0.9864359544534774
2020-12-25,0.0044773423290874305,0.0044773423290874305,0.0,0.0,0.9908525659072857
2020-12-28,0.00606746573550798,0.00606746573550798,0.0,0.0,0.9968645298998683
2020-12-29,0.000796963846433464,0.000796963846433464,0.0,0.0,0.9976589948899904
2020-12-30,0.014731980665602766,0.014731980665602766,0.0,0.0,1.0123564879135745
2020-12-31,-0.0038535026599991057,-0.0038535026599991057,0.0,0.0,1.0084553694945322
2021-01-04,-0.0009633042581750307,-0.0009633042581750307,0.0,0.0,1.0074839201429187
2021-01-05,0.004784034241845007,0.004784034241845007,0.0,0.0,1.0123037577149907
2021-01-06,-0.008383570139964172,-0.008383570139964172,0.0,0.0,1.0038170381592377
2021-01-07,0.005794791443049223,0.005794791443049223,0.0,0.0,1.0096339485423498
2021-01-08,0.010921347386903958,0.010921347386903958,0.0,0.0,1.020660511627992
2021-01-11,0.00593445634057542,0.00593445634057542,0.0,0.0,1.0267175768727979
2021-01-12,-0.010542318307223074,-0.010542318307223074,0.0,0.0,1.015893593365784
2021-01-13,0.00867242795838919,0.00867242795838919,0.0,0.0,1.024703857367638
2021-01-14,0.0009295701401075382,0.0009295701401075382,0.0,0.0,1.0256563914758998
2021-01-15,-0.010942279133557416,-0.010942279133557416,0.0,0.0,1.0144333729452533
2021-01-18,-0.006232244542113717,-0.006232244542113717,0.0,0.0,1.0081111760933772
2021-01-19,0.0004132076179059477,0.0004132076179059477,0.0,0.0,1.0085277353110351
2021-01-20,-0.023075583721817422,-0.023075583721817422,0.0,0.0,0.9852553691190904
2021-01-21,0.0035093770834207236,0.0035093770834207236,0.0,0.0,0.9887130017327941
2021-01-22,0.0007744519504352178,0.0007744519504352178,0.0,0.0,0.9894787124454066
2021-01-25,0.010571663656552915,0.010571663656552915,0.0,0.0,0.9999391485886985
2021-01-26,-0.006612727485498784,-0.006612727485498784,0.0,0.0,0.9933268234969997
2021-01-27,0.00019707790797799144,0.00019707790797799144,0.0,0.0,0.993522586269313
2021-01-28,-0.0068668301086178204,-0.0068668301086178204,0.0,0.0,0.986700235460327
2021-01-29,-0.014590813471357676,-0.014590813471357676,0.0,0.0,0.9723034763725806
2021-02-01,0.009010597478246151,0.009010597478246151,0.0,0.0,0.9810645116248734
2021-02-02,0.009216691176746448,0.009216691176746448,0.0,0.0,0.9901066802529854
2021-02-03,0.00347192975810404,0.00347192975810404,0.0,0.0,0.9935442610998534
2021-02-04,-0.004057315658190136,-0.004057315658190136,0.0,0.0,0.989513138412188
2021-02-05,0.0033644979360780447,0.0033644979360780447,0.0,0.0,0.992842353324098
2021-02-17,0.015573255177156669,0.015573255177156669,0.0,0.0,1.0083041406431028
2021-02-18,0.004670657025182135,0.004670657025182135,0.0,0.0,1.0130135834611178
2021-02-19,-0.0005173624792092408,-0.0005173624792092408,0.0,0.0,1.0124894882421058
2021-02-22,0.003705687485936457,0.003705687485936457,0.0,0.0,1.0162414578683268
2021-02-23,0.013650085362656524,0.013650085362656524,0.0,0.0,1.0301132405173
2021-02-24,-0.00044833003041520804,-0.00044833003041520804,0.0,0.0,1.0296514098168477
2021-02-25,0.01596771005753315,0.01596771005753315,0.0,0.0,1.0460925849891332
2021-02-26,-0.018933723609288293,-0.018933723609288293,0.0,0.0,1.026286157115223
2021-03-02,-0.0006374549606549883,-0.0006374549606549883,0.0,0.0,1.0256319459133183
2021-03-03,0.011884281453492185,0.011884281453492185,0.0,0.0,1.0378208446262451
2021-03-04,-0.005611900521783428,-0.005611900521783428,0.0,0.0,1.0319966972867693
2021-03-05,-0.0015850657947431423,-0.0015850657947431423,0.0,0.0,1.0303609146216122
2021-03-08,0.0012340883523942491,0.0012340883523942491,0.0,0.0,1.031632471025109
2021-03-09,0.015182311577595147,0.015182311577595147,0.0,0.0,1.0472950366337765
2021-03-10,0.005165439970662716,0.005165439970662716,0.0,0.0,1.0527047762770814
2021-03-11,0.0049599723978350375,0.0049599723978350375,0.0,0.0,1.0579261629104848
2021-03-12,0.003908621450939295,0.003908621450939295,0.0,0.0,1.0620611958043467
2021-03-15,0.0038249873974695496,0.0038249873974695496,0.0,0.0,1.0661235664936397
2021-03-16,0.004044205310645586,0.004044205310645586,0.0,0.0,1.0704351890830577
2021-03-17,-0.003218993833112919,-0.003218993833112919,0.0,0.0,1.0669894648106522
2021-03-18,0.004100570391023524,0.0033891789531680957,0.4906147847278815,0.0007113914378554283,1.0706056830480406
2021-03-19,-0.009060336053529947,-0.009060336053529947,0.0,0.0,1.0609056357788065
2021-03-22,0.00873218157176524,0.00873218157176524,0.0,0.0,1.070169656420936
2021-03-23,0.00299380960736674,0.00299380960736674,0.0,0.0,1.0733735406198412
2021-03-24,0.002038158199551011,0.002038158199551011,0.0,0.0,1.0755612457028367
2021-03-25,0.005466338930615238,0.005466338930615238,0.0,0.0,1.0814406280124833
2021-03-26,0.0035293303767168754,0.0035293303767168754,0.0,0.0,1.0852573892715434
2021-03-29,0.013179041472062582,0.013179041472062582,0.0,0.0,1.0995600414126152
2021-03-30,0.005776812562676819,0.005776812562676819,0.0,0.0,1.105911993673265
2021-03-31,-0.0005584074248660721,-0.0005584074248660721,0.0,0.0,1.1052944442047494
2021-04-01,-0.0018988527928175578,-0.0018988527928175578,0.0,0.0,1.1031956527624855
2021-04-06,0.002123482371369197,0.002123482371369197,0.0,0.0,1.1055382692832978
2021-04-07,0.005489876763297117,0.005489876763297117,0.0,0.0,1.111607538138772
2021-04-08,-0.002586699147072794,-0.002586699147072794,0.0,0.0,1.1087321438679887
2021-04-09,-0.0016557991993326293,-0.0016557991993326293,0.0,0.0,1.1068963060718977
2021-04-12,0.011270260191245947,0.011270260191245947,0.0,0.0,1.1193713154460572
2021-04-13,-0.0032530897273263647,-0.0032530897273263647,0.0,0.0,1.1157299001187158
2021-04-14,-0.001714212802092681,-0.001714212802092681,0.0,0.0,1.1138173016402546
2021-04-15,0.010174860416747516,0.010174860416747516,0.0,0.0,1.1251502372142026
2021-04-16,0.008997635090109894,0.008997635090109894,0.0,0.0,1.1352739284702067
2021-04-19,0.019498899536415717,0.019498899536415717,0.0,0.0,1.1574105207477594
2021-04-20,0.003632480211205496,0.003632480211205496,0.0,0.0,1.1616147915606168
2021-04-21,-0.001090932898384805,-0.001090932898384805,0.0,0.0,1.1603475477692529
2021-04-22,-0.003439891349436269,-0.003439891349436269,0.0,0.0,1.1563560782773419
2021-04-23,-0.0003254657391328804,-0.0003254657391328804,0.0,0.0,1.1559797239916245
2021-04-26,0.014999330351002094,0.014999330351002094,0.0,0.0,1.173318645750835
2021-04-27,0.000359132990379955,0.000359132990379955,0.0,0.0,1.1737400231847523
2021-04-28,0.0011782162035994497,0.0011782162035994497,0.0,0.0,1.1751229426988816
2021-04-29,-0.004505004955994572,-0.004505004955994572,0.0,0.0,1.1698290080181202
2021-05-03,-0.01028453954992794,-0.01028453954992794,0.0,0.0,1.1577978553185049
2021-05-04,-0.019175452738254523,-0.019175452738254523,0.0,0.0,1.1355965572633924
2021-05-05,0.0042733844511575894,0.0042733844511575894,0.0,0.0,1.1404493979339898
2021-05-06,0.009131927665074927,0.009131927665074927,0.0,0.0,1.1508638993416014
2021-05-07,0.010318673337775966,0.010318673337775966,0.0,0.0,1.1627392879751466
2021-05-10,0.01100454039482348,0.01100454039482348,0.0,0.0,1.1755346994383176
2021-05-11,-0.02545016476059942,-0.02545016476059942,0.0,0.0,1.1456171476558106
2021-05-12,-0.0433146342809927,-0.0433146342809927,0.0,0.0,1.0959951598790652
2021-05-13,-0.007442951263712058,-0.007442951263712058,0.0,0.0,1.0878377213188208
2021-05-14,0.010470805208733459,0.010470805208733459,0.0,0.0,1.0992282581974626
2021-05-17,-0.035101427711499086,-0.035101427711499086,0.0,0.0,1.0606437769539074
2021-05-18,0.04230407575978637,0.04230407575978637,0.0,0.0,1.1055133316483114
2021-05-19,-0.0005143539522254044,-0.0005143539522254044,0.0,0.0,1.1049447064969402
2021-05-20,-0.0043656743298775965,-0.0043656743298775965,0.0,0.0,1.1001208777558524
2021-05-21,0.011298371206436961,0.011298371206436961,0.0,0.0,1.1125504518046894
2021-05-24,7.350432478417688e-05,7.350432478417688e-05,0.0,0.0,1.1126322290744375
2021-05-25,0.008595783354706676,0.008595783354706676,0.0,0.0,1.1221961746690257
2021-05-26,0.0008163319767320043,0.0008163319767320043,0.0,0.0,1.1231122592905745
2021-05-27,-0.005234138918930338,-0.005234138918930338,0.0,0.0,1.117233733703894
2021-05-28,0.012051585141823489,0.012051585141823489,0.0,0.0,1.1306981711689439
2021-05-31,0.009708086707899006,0.009708086707899006,0.0,0.0,1.1416750870551147
2021-06-01,0.005492731516361403,0.005492731516361403,0.0,0.0,1.147946001787227
2021-06-02,0.0026991394329845373,0.0026991394329845373,0.0,0.0,1.1510444681075878
2021-06-03,0.001278611366114478,0.001278611366114478,0.0,0.0,1.1525162066474133
2021-06-04,-0.0035878549104472602,-0.0035878549104472602,0.0,0.0,1.1483811457160233
2021-06-07,-0.0042213987260228784,-0.0042213987260228784,0.0,0.0,1.1435333710105091
2021-06-08,0.0012786636761289655,0.0012786636761289655,0.0,0.0,1.1449955655944617
2021-06-09,-0.00748436658378029,-0.00748436658378029,0.0,0.0,1.1364259990447498
2021-06-10,0.002642724448068377,0.002642724448068377,0.0,0.0,1.139429259815846
2021-06-11,0.001437674039105937,0.001437674039105937,0.0,0.0,1.141067387682081
2021-06-15,-0.0024310348248706066,-0.0024310348248706066,0.0,0.0,1.1382934131251017
2021-06-16,-0.0014953059479600305,-0.0014953059479600305,0.0,0.0,1.136591316213932
2021-06-17,0.0021771357850499684,0.0021771357850499684,0.0,0.0,1.1390658298414384
2021-06-18,-0.007041833697479663,-0.007041833697479663,0.0,0.0,1.1310447176972134
2021-06-21,-0.006561467187860241,-0.006561467187860241,0.0,0.0,1.1236234048940406
2021-06-22,0.00368458503734978,0.00368458503734978,0.0,0.0,1.127763490879329
2021-06-23,0.011203787744818873,0.011203787744818873,0.0,0.0,1.140398713657497
2021-06-24,0.0023692988044861853,0.0023692988044861853,0.0,0.0,1.143100658966403
2021-06-25,0.005181134739555666,0.005181134739555666,0.0,0.0,1.1490232175013828
2021-06-28,0.0033153992373239865,0.0033153992373239865,0.0,0.0,1.1528326882003546
2021-06-29,-0.005650831372997703,-0.005650831372997703,0.0,0.0,1.1463182250780548
2021-06-30,0.004536948115765173,0.004536948115765173,0.0,0.0,1.1515190113893898
2021-07-01,-0.003689033002403737,-0.003689033002403737,0.0,0.0,1.147271019753479
2021-07-02,0.00030483311964371975,0.00030483311964371975,0.0,0.0,1.1476207459575074
2021-07-05,0.00968779184735774,0.00968779184735774,0.0,0.0,1.1587386568640532
2021-07-06,0.001857019629128341,0.001857019629128341,0.0,0.0,1.1608904572948795
2021-07-07,-0.0011957017305939009,-0.0011957017305939009,0.0,0.0,1.159502378566062
2021-07-08,0.006408031431310884,0.006408031431310884,0.0,0.0,1.166932506252593
2021-07-09,-0.0023721274218862142,-0.0023721274218862142,0.0,0.0,1.1641643936550208
2021-07-12,0.0031574324306423754,0.0031574324306423754,0.0,0.0,1.1678401640661464
2021-07-13,0.0018603422894203309,0.0018603422894203309,0.0,0.0,1.1700127465106422
2021-07-14,-0.0012782139902063555,-0.0012782139902063555,0.0,0.0,1.1685172198493325
2021-07-15,0.004410381653462367,0.004410381653462367,0.0,0.0,1.1736708267575109
2021-07-16,0.009076588457675637,0.009076588457675637,0.0,0.0,1.1843237538367686
2021-07-19,-0.0015066539335019241,-0.0015066539335019241,0.0,0.0,1.1825393877945107
2021-07-20,-0.012304264390275816,-0.012304264390275816,0.0,0.0,1.1679891105151723
2021-07-21,-0.00198647489097411,-0.00198647489097411,0.0,0.0,1.1656689294742026
2021-07-22,0.007611720499272709,0.007611720499272709,0.0,0.0,1.1745416755600466
2021-07-23,0.001999069786282101,0.001999069786282101,0.0,0.0,1.176889666336388
2021-07-26,-0.007074275767140811,-0.007074275767140811,0.0,0.0,1.168564024289226
2021-07-27,-0.006711895440051507,-0.006711895440051507,0.0,0.0,1.1607207447431909
2021-07-28,-0.005087377659755989,-0.005087377659755989,0.0,0.0,1.1548157199571691
2021-07-29,0.004990173610141934,0.004990173610141934,0.0,0.0,1.1605784508874764
2021-07-30,-0.006505123580084369,-0.006505123580084369,0.0,0.0,1.1530287446400704
2021-08-02,0.010645873583606765,0.010645873583606765,0.0,0.0,1.1653037428937734
2021-08-03,0.0012573453126157336,0.0012573453126157336,0.0,0.0,1.1667689320926744
2021-08-04,0.004412434880546072,0.004412434880546072,0.0,0.0,1.1719172240261777
2021-08-05,0.0017805503521907506,0.0017805503521907506,0.0,0.0,1.174003881652156
2021-08-06,-0.002020430214281818,-0.002020430214281818,0.0,0.0,1.171631888737982
2021-08-09,-0.004299324670924316,-0.004299324670924316,0.0,0.0,1.1665946628534891
2021-08-10,-0.004876361484283498,-0.004876361484283498,0.0,0.0,1.1609059255717797
2021-08-11,-0.002205729626070319,-0.002205729626070319,0.0,0.0,1.1583452809786654
2021-08-12,-0.004799061451305609,-0.004799061451305609,0.0,0.0,1.1527863107934189
2021-08-13,-0.005006031196612555,-0.005006031196612555,0.0,0.0,1.147015426558559
2021-08-16,-0.012374824705094399,-0.012374824705094399,0.0,0.0,1.1328213117208576
2021-08-17,0.001683386863939395,0.001683386863939395,0.0,0.0,1.134728288236199
2021-08-18,0.005885011930422283,0.005885011930422283,0.0,0.0,1.1414061777502569
2021-08-19,-0.014903767417903353,-0.014903767417903353,0.0,0.0,1.124394925547709
2021-08-20,-0.0021037955082052234,-0.0021037955082052234,0.0,0.0,1.122029428553893
2021-08-23,0.005914906852865772,0.005914906852865772,0.0,0.0,1.1286661281099633
2021-08-24,0.007328926247008549,0.007328926247008549,0.0,0.0,1.136938038920378
2021-08-25,0.0021765348454847325,0.0021765348454847325,0.0,0.0,1.1394126241792453
2021-08-26,-0.0028052626446988652,-0.0028052626446988652,0.0,0.0,1.136216272507737
2021-08-27,0.014009040329580573,0.014009040329580573,0.0,0.0,1.1521335720924235
2021-08-30,0.013605023749505802,0.013605023749505802,0.0,0.0,1.1678083767033438
2021-08-31,0.0013516247141365997,0.0013516247141365997,0.0,0.0,1.1693868153666718
2021-09-01,-0.006351063006148042,-0.006351063006148042,0.0,0.0,1.1619599660237192
2021-09-02,-0.009523272539588599,-0.009523272539588599,0.0,0.0,1.1508943045871842
2021-09-03,0.008197576743485962,0.008197576743485962,0.0,0.0,1.1603288489726784
2021-09-06,-0.006568126267384023,-0.006568126267384023,0.0,0.0,1.1527076625809376
2021-09-07,-0.0022969452127247687,-0.0022969452127247687,0.0,0.0,1.1500599562337013
2021-09-08,-0.005359104467420248,-0.005359104467420248,0.0,0.0,1.1438966647844482
2021-09-09,-0.0015111686147974653,-0.0015111686147974653,0.0,0.0,1.1421680440460544
2021-09-10,0.007501807245492864,0.007501807245492864,0.0,0.0,1.1507363685544496
2021-09-13,0.0044197855269396125,0.0044197855269396125,0.0,0.0,1.1558223765015097
2021-09-14,0.0023165047038335917,0.0023165047038335917,0.0,0.0,1.1584998444734715
2021-09-15,0.00020734329590107634,0.00020734329590107634,0.0,0.0,1.1587400516495256
2021-09-16,0.00010539919288363331,0.00010539919288363331,0.0,0.0,1.1588621819157314
2021-09-17,-0.004351033108025175,-0.004351033108025175,0.0,0.0,1.1538199341945778
2021-09-22,-0.0122624371705998,-0.0122624371705998,0.0,0.0,1.1396712897453312
2021-09-23,0.006547646894837684,0.006547646894837684,0.0,0.0,1.147133454926768
2021-09-24,0.0034152882826695755,0.0034152882826695755,0.0,0.0,1.1510512463740377
2021-09-27,0.0031273845026947313,0.0031273845026947313,0.0,0.0,1.1546510262037553
2021-09-28,-0.0012758443714748907,-0.0012758443714748907,0.0,0.0,1.1531778711909555
2021-09-29,-0.006888547518058053,-0.006888547518058053,0.0,0.0,1.1452341506284835
2021-09-30,0.0017993322797074842,0.0017993322797074842,0.0,0.0,1.1472948074035327
2021-10-01,-0.012652584462383308,-0.012652584462383308,0.0,0.0,1.1327785629496059
2021-10-04,-0.0021877046111948924,-0.0021877046111948924,0.0,0.0,1.1303003780639782
2021-10-05,0.002124618546718908,0.002124618546718908,0.0,0.0,1.1327018352105764
2021-10-06,0.002309489679106341,0.002309489679106341,0.0,0.0,1.1353177984085
2021-10-07,0.008937157402375018,0.008937157402375018,0.0,0.0,1.1454643122745947
2021-10-08,-0.0015795781111716362,-0.0015795781111716362,0.0,0.0,1.1436549619197975
2021-10-12,-0.003841749896092935,-0.003841749896092935,0.0,0.0,1.1392613255886759
2021-10-13,-0.0018379463851914421,-0.0018379463851914421,0.0,0.0,1.1371674243535217
2021-10-14,-0.002514160433048233,-0.002514160433048233,0.0,0.0,1.1343084030094608
2021-10-15,0.008888198505328734,0.008888198505328734,0.0,0.0,1.1443903612616713
2021-10-18,0.0028364422859059758,0.0028364422859059758,0.0,0.0,1.147636358473937
2021-10-19,0.0018333541324057428,0.0018333541324057428,0.0,0.0,1.1497403823342445
2021-10-20,-0.00014187845658513066,-0.00014187845658513066,0.0,0.0,1.1495772589433253
2021-10-21,0.0006504961096538645,0.0006504961096538645,0.0,0.0,1.1503250544780144
2021-10-22,0.0001854907914718978,0.0001854907914718978,0.0,0.0,1.1505384291828193
2021-10-25,0.0019385716214544322,0.0019385716214544322,0.0,0.0,1.152768830331026
2021-10-26,0.005735426611351813,0.005735426611351813,0.0,0.0,1.1593804513572434
2021-10-27,0.0008089313006048089,0.0008089313006048089,0.0,0.0,1.1603183104936556
2021-10-28,0.0010306925325476294,0.0010306925325476294,0.0,0.0,1.1615142419116598
2021-10-29,-0.0031798816641627945,-0.0031798816641627945,0.0,0.0,1.1578207640711409
2021-11-01,0.0005814396371081924,0.0005814396371081924,0.0,0.0,1.1584939669560388
2021-11-02,-0.0010304105531571766,-0.0010304105531571766,0.0,0.0,1.1573002425467183
2021-11-03,0.0045595791641031055,0.0045595791641031055,0.0,0.0,1.1625770446192458
2021-11-04,4.920257613434545e-06,4.920257613434545e-06,0.0,0.0,1.1625827647978006
2021-11-05,0.0038420542939815614,0.0038420542939815614,0.0,0.0,1.1670494709014012
2021-11-08,0.003871553689705471,0.003871553689705471,0.0,0.0,1.1715677655865382
2021-11-09,0.00039707040126831894,0.00039707040126831894,0.0,0.0,1.1720329604693327
2021-11-10,0.0025236870026227073,0.0025236870026227073,0.0,0.0,1.1749908048183144
2021-11-11,0.0011254837435452475,0.0011254837435452475,0.0,0.0,1.1763132378679526
2021-11-12,0.007898041128116389,0.007898041128116389,0.0,0.0,1.1856038082001814
2021-11-15,0.004211048673512516,0.004211048673512516,0.0,0.0,1.1905964435440142
2021-11-16,0.0016034495809338438,0.0016034495809338438,0.0,0.0,1.1925055049124762
2021-11-17,0.012299913468636637,0.012299913468636637,0.0,0.0,1.2071732194337723
2021-11-18,0.0070534524918070335,0.0070534524918070335,0.0,0.0,1.2156879583864302
2021-11-19,-0.00976887491488714,-0.00976887491488714,0.0,0.0,1.2038120547854188
2021-11-22,-0.0020668959598882275,-0.0020668959598882275,0.0,0.0,1.2013239005129182
2021-11-23,-0.003623189454663375,-0.003623189454663375,0.0,0.0,1.1969712764249447
2021-11-24,0.005800303819188493,0.005800303819188493,0.0,0.0,1.2039140734910512
2021-11-25,0.0002503913026118253,0.0002503913026118253,0.0,0.0,1.2042155231041451
2021-11-26,-0.015382481159122975,-0.015382481159122975,0.0,0.0,1.1856917005084722
2021-11-29,-0.005880433942979123,-0.005880433942979123,0.0,0.0,1.1787193187868936
2021-11-30,-0.000667008083505518,-0.000667008083505518,0.0,0.0,1.1779331034730787
2021-12-01,0.01046255243928705,0.01046255243928705,0.0,0.0,1.1902572903381379
2021-12-02,-0.0006054283774001613,-0.0006054283774001613,0.0,0.0,1.1895366747981597
2021-12-03,0.003593071662237331,0.003593071662237331,0.0,0.0,1.1938107653155692
2021-12-06,0.005303224192583887,0.005303224192583887,0.0,0.0,1.2001418114475577
2021-12-07,0.0073851038906870645,0.0073851038906870645,0.0,0.0,1.2090049834086554
2021-12-08,0.0014803537022521683,0.0014803537022521683,0.0,0.0,1.2107947384118856
2021-12-09,0.0044029043994201315,0.0044029043994201315,0.0,0.0,1.216125751892434
2021-12-10,-0.0008563007470055827,-0.0008563007470055827,0.0,0.0,1.2150843825026358
2021-12-13,-0.003637636740571409,-0.003637636740571409,0.0,0.0,1.2106643469099498
2021-12-14,-0.006664788091466105,-0.006664788091466105,0.0,0.0,1.2025955255879017
2021-12-15,0.0001988749800162715,0.0001988749800162715,0.0,0.0,1.2028346917490207
2021-12-16,0.00410202105166097,0.00410202105166097,0.0,0.0,1.2077687449762433
2021-12-17,0.004945512351637405,0.004945512351637405,0.0,0.0,1.2137417802224448
2021-12-20,-0.006048362028771448,-0.006048362028771448,0.0,0.0,1.2064006305262138
2021-12-21,0.005462037655318702,0.005462037655318702,0.0,0.0,1.2129900361975483
2021-12-22,0.000150300934214898,0.000150300934214898,0.0,0.0,1.2131723497331823
2021-12-23,0.004260118827225391,0.004260118827225391,0.0,0.0,1.2183406081009498
2021-12-24,0.0018622871388007953,0.0018622871388007953,0.0,0.0,1.2206095081460948
2021-12-27,0.002328742457293387,0.002328742457293387,0.0,0.0,1.2234519933314905
2021-12-28,0.005977773743052648,0.005977773743052648,0.0,0.0,1.230765512533113
2021-12-29,0.005782038326755009,0.005782038326755009,0.0,0.0,1.2378818458978278
2021-12-30,-0.0016515394472739172,-0.0016515394472739172,0.0,0.0,1.2358374351982633
2022-01-03,-0.00514247396197026,-0.00514247396197026,0.0,0.0,1.2294821733665282
2022-01-04,0.001652993005398512,0.001652993005398512,0.0,0.0,1.2315144987993654
2022-01-05,0.002995115846094729,0.002995115846094729,0.0,0.0,1.2352030273894148
2022-01-06,0.002861039935972829,0.002861039935972829,0.0,0.0,1.2387369925798104
2022-01-07,0.0008055293304227273,0.0008055293304227273,0.0,0.0,1.2397348315600132
2022-01-10,0.0044238562540328315,0.0044238562540328315,0.0,0.0,1.2452192402479523
2022-01-11,0.011505953618177606,0.011505953618177606,0.0,0.0,1.2595466750707076
2022-01-12,0.0029617841900497367,0.0029617841900497367,0.0,0.0,1.2632771804995617
2022-01-13,0.012856362725741291,0.012856362725741291,0.0,0.0,1.2795183301552158
2022-01-14,-0.006672256607510234,-0.006672256607510234,0.0,0.0,1.2709810555224073
2022-01-17,-0.0023929209789603847,-0.0023929209789603847,0.0,0.0,1.2679396982907865
2022-01-18,0.004684894435009866,0.004684894435009866,0.0,0.0,1.2738798619272371
2022-01-19,-0.004210378718111021,-0.004210378718111021,0.0,0.0,1.2685163452671484
2022-01-20,-0.0006929506093124125,-0.0006929506093124125,0.0,0.0,1.2676373260927727
2022-01-21,-0.011680658892410996,-0.011680658892410996,0.0,0.0,1.252830486887395
2022-01-24,-0.002948538968680032,-0.002948538968680032,0.0,0.0,1.249136467375657
2022-01-25,-0.0078513005540167,-0.0078513005540167,0.0,0.0,1.2393291215373081
2022-01-26,0.0019397612487164761,0.0019397612487164761,0.0,0.0,1.241733124141672
2022-02-07,0.021640969401649893,0.021640969401649893,0.0,0.0,1.268605432686237
2022-02-08,0.00917037860504545,0.00917037860504545,0.0,0.0,1.2802390248043873
2022-02-09,0.00796465589939878,0.00796465589939878,0.0,0.0,1.2904356881059362
2022-02-10,0.002870500656733582,0.002870500656733582,0.0,0.0,1.2941398845961167
2022-02-11,-0.002175416360590926,-0.002175416360590926,0.0,0.0,1.2913245915182732
2022-02-14,-0.009228799742826517,-0.009228799742826517,0.0,0.0,1.2794072154601637
2022-02-15,-0.003741589489514169,-0.003741589489514169,0.0,0.0,1.2746201988699892
2022-02-16,0.008112478999063533,0.008112478999063533,0.0,0.0,1.2849605284651044
2022-02-17,0.003629217680824969,0.003629217680824969,0.0,0.0,1.2896239299341723
2022-02-18,0.00037818120622832565,0.00037818120622832565,0.0,0.0,1.2901116414675755
2022-02-21,0.003367494856614954,0.003367494856614954,0.0,0.0,1.2944560857846765
2022-02-22,-0.008247477874068473,-0.008247477874068473,0.0,0.0,1.2837800878582142
2022-02-23,0.004082693001318024,0.004082693001318024,0.0,0.0,1.2890213678381444
2022-02-24,-0.01661211458416949,-0.01661211458416949,0.0,0.0,1.2676079971741743
2022-02-25,-0.0017610357035001789,-0.0017610357035001789,0.0,0.0,1.2653756942331083
2022-03-01,0.011753871752265785,0.011753871752265785,0.0,0.0,1.2802487578615585
2022-03-02,0.002104780212408404,0.002104780212408404,0.0,0.0,1.2829434001140658
2022-03-03,0.0018969944820194983,0.0018969944820194983,0.0,0.0,1.2853771366648257
2022-03-04,-0.009232995608212481,-0.009232995608212481,0.0,0.0,1.2735092552071026
2022-03-07,-0.022106555573324155,-0.022106555573324155,0.0,0.0,1.245356352083724
2022-03-08,-0.012612272267209028,-0.012612272267209028,0.0,0.0,1.2296495787015458
2022-03-09,0.004273987295170485,0.004273987295170485,0.0,0.0,1.234905085378428
2022-03-10,0.02260639613082149,0.02260639613082149,0.0,0.0,1.2628218389224586
2022-03-11,-0.003950957057036882,-0.003950957057036882,0.0,0.0,1.2578324840661876
2022-03-14,0.00487737470412227,0.00487737470412227,0.0,0.0,1.2639674044059952
2022-03-15,-0.0011819362678106217,-0.0011819362678106217,0.0,0.0,1.2624734754893974
2022-03-16,0.010035082398826813,0.010035082398826813,0.0,0.0,1.2751425008422668
2022-03-17,0.011422791730186642,0.011422791730186642,0.0,0.0,1.2897081880556973
2022-03-18,0.006292739349459677,0.006292739349459677,0.0,0.0,1.2978239855199956
2022-03-21,0.0005669346603546589,0.0005669346603546589,0.0,0.0,1.2985597669204265
2022-03-22,0.003525589643342452,0.003525589643342452,0.0,0.0,1.3031379557859422
2022-03-23,0.010428765902666415,0.010428765902666415,0.0,0.0,1.3167280764657132
2022-03-24,0.0013829137051398022,0.0013829137051398022,0.0,0.0,1.3185489977686
2022-03-25,-0.003748391138727573,-0.003748391138727573,0.0,0.0,1.313606560389386
2022-03-28,0.0020943709504148006,0.0020943709504148006,0.0,0.0,1.31635773980974
2022-03-29,-0.0024812194684755047,-0.0027827323086608543,0.20793988978299976,0.00030151284018534966,1.3126946685974155
2022-03-30,0.008902563737873537,0.008902563737873537,0.0,0.0,1.3243810165529706
2022-03-31,0.0058029382138312605,0.0058029382138312605,0.0,0.0,1.3320663177635983
2022-04-01,0.0031697363828787793,0.0031697363828787793,0.0,0.0,1.336288616835421
2022-04-06,0.013999239362153372,0.013999239362153372,0.0,0.0,1.3549956410394208
2022-04-07,-0.014886741709115713,-0.014886741709115713,0.0,0.0,1.3348241709142892
2022-04-08,0.012043825112313947,0.012043825112313947,0.0,0.0,1.3509005597844705
2022-04-11,-0.0036831352029236576,-0.0036831352029236576,0.0,0.0,1.3459250103770792
2022-04-12,-0.006140454833898593,-0.006140454833898593,0.0,0.0,1.3376604186410443
2022-04-13,0.007339705084651014,0.007339705084651014,0.0,0.0,1.3474784516172806
2022-04-14,-0.01516089877805103,-0.01516089877805103,0.0,0.0,1.3270494672067061
2022-04-15,-0.004887485046457433,-0.004887485046457433,0.0,0.0,1.320563532779824
2022-04-18,-0.013960628556983906,-0.013960628556983906,0.0,0.0,1.3021276358127865
2022-04-19,0.0007509863559410348,0.0007509863559410348,0.0,0.0,1.3031055159009755
2022-04-20,0.00867761539839365,0.00867761539839365,0.0,0.0,1.3144133643914895
2022-04-21,-0.006269979903538501,-0.006269979903538501,0.0,0.0,1.3061720190118125
2022-04-22,0.004796234638205463,0.004796234638205463,0.0,0.0,1.3124367264928518
2022-04-25,-0.014979719725879,-0.014979719725879,0.0,0.0,1.2927767921720388
2022-04-26,0.010958105534801577,0.010958105534801577,0.0,0.0,1.3069431766936022
2022-04-27,-0.013299498258245942,-0.013299498258245942,0.0,0.0,1.2895614881915392
2022-04-28,0.003452278910725102,0.003452278910725102,0.0,0.0,1.2940134141213062
2022-04-29,0.006158757575433083,0.006158757575433083,0.0,0.0,1.3019829290382379
2022-05-03,-0.007734513339142525,-0.007734513339142525,0.0,0.0,1.2919127247062558
2022-05-04,-0.0007967059402459544,-0.0007967059402459544,0.0,0.0,1.290883450164203
2022-05-05,-0.004895039007139841,-0.004895039007139841,0.0,0.0,1.284564525321978
2022-05-06,-0.010842586244725097,-0.010842586244725097,0.0,0.0,1.27063652366926
2022-05-09,-0.026997427672590828,-0.026997427672590828,0.0,0.0,1.236332606023347
2022-05-10,0.0007987372056150884,0.0007987372056150884,0.0,0.0,1.2373201108742928
2022-05-11,-0.007028610148342782,-0.007028610148342782,0.0,0.0,1.228623470186253
2022-05-12,-0.024577148333110945,-0.024577148333110945,0.0,0.0,1.198427408913944
2022-05-13,0.00474687580348629,0.00474687580348629,0.0,0.0,1.2041161949835524
2022-05-16,-0.0020335960752515866,-0.0020335960752515866,0.0,0.0,1.201667509015287
2022-05-17,-0.0012171459973405962,-0.0012171459973405962,0.0,0.0,1.2002049042165548
2022-05-18,0.023170469635442417,0.023170469635442417,0.0,0.0,1.2280142155060136
2022-05-19,-0.017634250176666748,-0.017634250176666748,0.0,0.0,1.2063591056092775
2022-05-20,0.0066992883275948855,0.0066992883275948855,0.0,0.0,1.2144408530843736
2022-05-23,0.00016627454314669933,0.00016627454314669933,0.0,0.0,1.214642783682399
2022-05-24,-0.003438325655314131,-0.003438325655314131,0.0,0.0,1.2104664462372217
2022-05-25,0.0035876621237105064,0.0035876621237105064,0.0,0.0,1.2148091908584093
2022-05-26,-0.0010515503157137321,-0.0010515503157137321,0.0,0.0,1.2135317578702303
2022-05-27,0.011752609137363928,0.011752609137363928,0.0,0.0,1.2277939222962573
2022-05-30,0.0153929748052689,0.0153929748052689,0.0,0.0,1.2466933232082258
2022-05-31,0.005025206830950135,0.005025206830950135,0.0,0.0,1.2529582150121117
2022-06-01,-0.009530240085889105,-0.009530240085889105,0.0,0.0,1.2410172224054592
2022-06-02,-0.0035284179328808687,-0.0035284179328808687,0.0,0.0,1.2366383949829098
2022-06-06,0.006322016260251322,0.006322016260251322,0.0,0.0,1.2444564430240428
2022-06-07,-0.004674959399998878,-0.004674959399998878,0.0,0.0,1.2386386596778385
2022-06-08,0.004020760516453985,0.004020760516453985,0.0,0.0,1.2436189290948245
2022-06-09,-0.006301479568797581,-0.006301479568797581,0.0,0.0,1.2357822898217636
2022-06-10,-0.006250782610665808,-0.006250782610665808,0.0,0.0,1.228057683373977
2022-06-13,-0.012739513336207266,-0.012739513336207266,0.0,0.0,1.2124128261390024
2022-06-14,0.004786458520249901,0.004786458520249901,0.0,0.0,1.2182159898407356
2022-06-15,-0.00023661879057088563,-0.00023661879057088563,0.0,0.0,1.2179277370465653
2022-06-16,-0.0050625499985310005,-0.0050625499985310005,0.0,0.0,1.2117619169831695
2022-06-17,-0.010110661258386276,-0.010110661258386276,0.0,0.0,1.19951020271474
2022-06-20,-0.01566914014405139,-0.01566914014405139,0.0,0.0,1.180714909244183
2022-06-21,0.025562630489374332,0.025562630489374332,0.0,0.0,1.2108970881824874
2022-06-22,-0.012996544711998683,-0.012996544711998683,0.0,0.0,1.1951596100342947
2022-06-23,0.001353342107666291,0.001353342107666291,0.0,0.0,1.1967770698599363
2022-06-24,0.009188008505423471,0.009188008505423471,0.0,0.0,1.2077730677569052
2022-06-27,0.0026347128906211857,0.0026347128906211857,0.0,0.0,1.2109552030274695
2022-06-28,-0.005590691202228325,-0.005590691202228325,0.0,0.0,1.204185126427611
2022-06-29,-0.0054706072265674095,-0.0054706072265674095,0.0,0.0,1.1975975025728511
2022-06-30,-0.020499893464029948,-0.020499893464029948,0.0,0.0,1.1730468813573194
2022-07-01,-0.013515449639106052,-0.013515449639106052,0.0,0.0,1.1571926253080242
2022-07-04,-0.0021894497016293245,-0.0021894497016293245,0.0,0.0,1.154659010259816
2022-07-05,0.005252926842111981,0.005252926842111981,0.0,0.0,1.1607243495682962
2022-07-06,-0.021788920716178502,-0.021788920716178502,0.0,0.0,1.1354334187422146
2022-07-07,0.003850290568598941,0.003850290568598941,0.0,0.0,1.1398051673256697
2022-07-08,-0.0017606222612775227,-0.0017606222612775227,0.0,0.0,1.137798400974557
2022-07-11,-0.01103631291497168,-0.01103631291497168,0.0,0.0,1.1252413017872473
2022-07-12,-0.020154333617135537,-0.020154333617135537,0.0,0.0,1.1025628131912473
2022-07-13,0.02403344661040126,0.02403344661040126,0.0,0.0,1.1290611976966929
2022-07-14,-0.006029647705889204,-0.006029647705889204,0.0,0.0,1.1222533564361925
2022-07-15,-0.01316455330313685,-0.01316455330313685,0.0,0.0,1.107479392305764
2022-07-18,0.0130489202197819,0.0130489202197819,0.0,0.0,1.1219308025410144
2022-07-19,-0.0007132588659224799,-0.0007132588659224799,0.0,0.0,1.1211305754491505
2022-07-20,-0.0024321526781991617,-0.0024321526781991617,0.0,0.0,1.1184038147174609
2022-07-21,0.006513492930356462,0.006513492930356462,0.0,0.0,1.125688530057907
2022-07-22,0.003952426958243913,0.003952426958243913,0.0,0.0,1.1301377317506938
2022-07-25,0.0071129232712710145,0.0071129232712710145,0.0,0.0,1.1381763147226047
2022-07-26,-0.0016246772186405826,-0.0016246772186405826,0.0,0.0,1.1363271455932786
2022-07-27,0.004493072923416375,0.004493072923416375,0.0,0.0,1.1414327463232867
2022-07-28,-0.001227770364946139,-0.001227770364946139,0.0,0.0,1.1400313290237718
2022-07-29,-0.0003185959679818197,-0.0003185959679818197,0.0,0.0,1.139668119638972
2022-08-01,0.0028351052486982288,0.0028351052486982288,0.0,0.0,1.1428991987067343
2022-08-02,-0.004951299078988897,-0.004951299078988897,0.0,0.0,1.1372403629568004
2022-08-03,-0.003389322646031593,-0.003389322646031593,0.0,0.0,1.1333858884406496
2022-08-04,-0.006240226247835919,-0.006240226247835919,0.0,0.0,1.1263133040706754
2022-08-05,0.012186053764875634,0.012186053764875634,0.0,0.0,1.1400386185501754
2022-08-08,0.0048103707233300656,0.0048103707233300656,0.0,0.0,1.1455226269443148
2022-08-09,0.007906458396216145,0.007906458396216145,0.0,0.0,1.1545796539361741
2022-08-10,0.0008636127382410986,0.0008636127382410986,0.0,0.0,1.1555767636326273
2022-08-11,0.010434850887169066,0.010434850887169066,0.0,0.0,1.167635034849811
2022-08-12,-0.0013732053963238931,-0.0013732053963238931,0.0,0.0,1.1660316321190185
2022-08-15,7.07794806696512e-05,7.07794806696512e-05,0.0,0.0,1.1661141632323841
2022-08-16,0.0019029959293745805,0.0019029959293745805,0.0,0.0,1.1683332737382015
2022-08-17,0.004712479389163272,0.004712479389163272,0.0,0.0,1.1738390202103666
2022-08-18,-0.003458263614308295,-0.003458263614308295,0.0,0.0,1.1697795754377176
2022-08-19,0.0016897100721544375,0.0016897100721544375,0.0,0.0,1.1717561637685352
2022-08-22,-0.003138080253430563,-0.003138080253430563,0.0,0.0,1.1680790988891776
2022-08-23,-0.010977253348213136,-0.010977253348213136,0.0,0.0,1.1552567986899187
2022-08-24,-0.004325496452823901,-0.004325496452823901,0.0,0.0,1.1502597395050849
2022-08-25,0.005985514708424864,0.005985514708424864,0.0,0.0,1.1571446360944015
2022-08-26,0.0039504433256373934,0.0039504433256373934,0.0,0.0,1.161715870398858
2022-08-29,-0.012901770035183308,-0.012901770035183308,0.0,0.0,1.146727679392749
2022-08-30,0.0017933591270184726,0.0017933591270184726,0.0,0.0,1.1487841739427926
2022-08-31,0.0054922475476152505,0.0054922475476152505,0.0,0.0,1.1550935810048693
2022-09-01,-0.012557475793395853,-0.012557475793395853,0.0,0.0,1.1405885213222937
2022-09-02,-0.005651253696849049,-0.005651253696849049,0.0,0.0,1.1341427662245875
2022-09-05,0.005196403985988179,0.005196403985988179,0.0,0.0,1.1400362302156766
2022-09-06,0.0026226015698632456,0.0026226015698632456,0.0,0.0,1.143026091022741
2022-09-07,-0.013826836604417131,-0.013826836604417131,0.0,0.0,1.127221656027584
2022-09-08,0.01326898035979783,0.01326898035979783,0.0,0.0,1.1421787380425528
2022-09-12,0.00834286428749278,0.00834286428749278,0.0,0.0,1.1517077802461015
2022-09-13,-0.00019178023665870133,-0.00019178023665870133,0.0,0.0,1.1514869054554444
2022-09-14,-0.013343769399020995,-0.013343769399020995,0.0,0.0,1.1361217297230546
2022-09-15,0.005628964911020556,0.005628964911020556,0.0,0.0,1.1425169190743136
2022-09-16,-0.0037251556223960795,-0.0037251556223960795,0.0,0.0,1.1382608657495412
2022-09-19,-0.006472887954446873,-0.006472887954446873,0.0,0.0,1.1308930307026128
2022-09-20,0.0023536430501807674,0.0023536430501807674,0.0,0.0,1.133554749224824
2022-09-21,-0.006217787254509351,-0.006217787254509351,0.0,0.0,1.1265065469528053
2022-09-22,-0.014265147796419877,-0.014265147796419877,0.0,0.0,1.110436764566889
2022-09-23,-0.001641962959462537,-0.001641962959462537,0.0,0.0,1.1086134685306446
2022-09-26,-0.01719821486534178,-0.01719821486534178,0.0,0.0,1.0895472958962427
2022-09-27,-0.0011120512667023236,-0.0011120512667023236,0.0,0.0,1.088335663445709
2022-09-28,-0.014178185115395795,-0.014178185115395795,0.0,0.0,1.0729050389416888
2022-09-29,0.007135615021909108,0.007135615021909108,0.0,0.0,1.080560876254643
2022-09-30,-0.008511507446591845,-0.008511507446591845,0.0,0.0,1.071363674309906
2022-10-03,-0.013920404242293962,-0.013920404242293962,0.0,0.0,1.0564498588730027
2022-10-04,0.007519808566982983,0.007519808566982983,0.0,0.0,1.0643941595723438
2022-10-05,0.0050600943449019544,0.0050600943449019544,0.0,0.0,1.0697800944399425
2022-10-06,0.005584872777662385,0.005584872777662385,0.0,0.0,1.0757546801674653
2022-10-07,-0.0057776943606493245,-0.0057776943606493245,0.0,0.0,1.0695392984184195
2022-10-11,-0.020336695569063805,-0.020336695569063805,0.0,0.0,1.0477884033073341
2022-10-12,0.006092511541585483,0.006092511541585483,0.0,0.0,1.0541720662476235
2022-10-13,-0.022675969510664452,-0.022675969510664452,0.0,0.0,1.0302676926143983
2022-10-14,0.0026623963981142204,0.0026623963981142204,0.0,0.0,1.0330106736083084
2022-10-17,-0.0030804774159055247,-0.0030804774159055247,0.0,0.0,1.0298285075578686
2022-10-18,0.006068668941269129,0.006068668941269129,0.0,0.0,1.0360781958365186
2022-10-19,-0.008677282223107739,-0.008677282223107739,0.0,0.0,1.027087852926037
2022-10-20,0.0008155923740226154,0.0008155923740226154,0.0,0.0,1.0279255379463346
2022-10-21,0.0010182752501870923,0.0010182752501870923,0.0,0.0,1.0289722490806605
2022-10-24,-0.0009360380764783507,-0.0009360380764783507,0.0,0.0,1.0280090918758815
2022-10-25,0.0050906461192791914,0.0050906461192791914,0.0,0.0,1.0332423223700233
2022-10-26,0.005914767464043435,0.005914767464043435,0.0,0.0,1.0393537104408501
2022-10-27,-0.0026836835639944623,-0.0026836835639944623,0.0,0.0,1.0365644139709633
2022-10-28,-0.00406724137707748,-0.00406724137707748,0.0,0.0,1.0323484562964547
2022-10-31,0.0037377765706277464,0.0037377765706277464,0.0,0.0,1.0362071441691232
2022-11-01,0.009103834157752766,0.009103834157752766,0.0,0.0,1.0456406021627174
2022-11-02,-0.0027669892516317732,-0.0027669892516317732,0.0,0.0,1.0427473258554634
2022-11-03,-0.005221102430999467,-0.005221102430999467,0.0,0.0,1.0373030352575212
2022-11-04,0.00904812695584819,0.00904812695584819,0.0,0.0,1.0466886848122179
2022-11-07,0.009637968365767057,0.009637968365767057,0.0,0.0,1.0567766372452443
2022-11-08,0.006510235333166081,0.006510235333166081,0.0,0.0,1.0636565018483026
2022-11-09,0.008701555900393796,0.008701555900393796,0.0,0.0,1.0729119683579529
2022-11-10,-0.007077103091611479,-0.007077103091611479,0.0,0.0,1.06531885974966
2022-11-11,0.023546574403429655,0.023546574403429655,0.0,0.0,1.090403469544132
2022-11-14,0.00868608773619003,0.00868608773619003,0.0,0.0,1.0998748097484383
2022-11-15,0.0027619446999183114,0.0027619446999183114,0.0,0.0,1.1029126031497967
2022-11-16,-0.008907695588016578,-0.008907695588016578,0.0,0.0,1.0930881934207513
2022-11-17,-0.003258587166748786,-0.003258587166748786,0.0,0.0,1.0895262702615458
2022-11-18,-0.003981464455575356,-0.003981464455575356,0.0,0.0,1.0851883601430838
2022-11-21,-0.0013843680346002315,-0.0013843680346002315,0.0,0.0,1.0836860600657816
2022-11-22,0.003639078459224045,0.003639078459224045,0.0,0.0,1.0876296786635282
2022-11-23,0.007359844505195567,0.007359844505195567,0.0,0.0,1.0956344639777278
2022-11-24,0.008305542020007932,0.008305542020007932,0.0,0.0,1.1047343020568638
2022-11-25,0.00027937640772284574,0.00027937640772284574,0.0,0.0,1.1050429387576608
2022-11-28,-0.004213902125095159,-0.004213902125095159,0.0,0.0,1.1003863959697084
2022-11-29,0.013196335054321408,0.013196335054321408,0.0,0.0,1.114907463540142
2022-11-30,0.012089683242362918,0.012089683242362918,0.0,0.0,1.1283863416188886
2022-12-01,-0.002195229215359507,-0.002195229215359507,0.0,0.0,1.1259092749555542
2022-12-02,-0.003923731267948209,-0.003923731267948209,0.0,0.0,1.121491509528538
2022-12-05,0.0005561117156650254,0.0005561117156650254,0.0,0.0,1.1221151840960055
2022-12-06,-0.01040919666740557,-0.01040919666740557,0.0,0.0,1.1104348664612682
2022-12-07,0.0033722875241695947,0.0033722875241695947,0.0,0.0,1.1141795721078385
2022-12-08,-0.003194068565142749,-0.003194068565142749,0.0,0.0,1.1106208061606446
2022-12-09,0.004949831109757029,0.004949831109757029,0.0,0.0,1.1161181915781222
2022-12-12,-0.00031006582190385866,-0.00031006582190385866,0.0,0.0,1.1157721214737086
2022-12-13,-0.00797825448027676,-0.00797825448027676,0.0,0.0,1.106870207546593
2022-12-14,0.009463227748352728,0.009463227748352728,0.0,0.0,1.1173447724084729
2022-12-15,-0.0008373742910962703,-0.0008373742910962703,0.0,0.0,1.1164091366217672
2022-12-16,-0.009185785380798145,-0.009185785380798145,0.0,0.0,1.1061540418955975
2022-12-19,-0.0012123949788730892,-0.0012123949788730892,0.0,0.0,1.1048129462893432
2022-12-20,-0.008906613277491737,-0.008906613277491737,0.0,0.0,1.0949728046327778
2022-12-21,0.00019247527586192987,0.00019247527586192987,0.0,0.0,1.095183559825411
2022-12-22,0.014981987710707134,0.014981987710707134,0.0,0.0,1.1115915864596837
2022-12-23,-0.007439356646988913,-0.007439356646988913,0.0,0.0,1.1033220602022178
2022-12-26,0.0031696570706621534,0.0031696570706621534,0.0,0.0,1.1068192127715553
2022-12-27,0.0024344330704492855,0.0024344330704492855,0.0,0.0,1.109513690066135
2022-12-28,-0.0063371755187841584,-0.0063371755187841584,0.0,0.0,1.1024825070716922
2022-12-29,-0.004409336898340407,-0.004409336898340407,0.0,0.0,1.097621290273486
2022-12-30,0.004388048029659814,0.004388048029659814,0.0,0.0,1.1024377052135834
2023-01-03,0.00039040573010959374,0.00039040573010959374,0.0,0.0,1.1028681032107877
2023-01-04,0.001491002923230226,0.001491002923230226,0.0,0.0,1.1045124827766124
2023-01-05,0.006376515310308922,0.006376515310308922,0.0,0.0,1.1115554235334648
2023-01-06,0.0031759940275958047,0.0031759940275958047,0.0,0.0,1.1150857169199486
2023-01-09,0.01784757677878214,0.01784757677878214,0.0,0.0,1.1349872948676007
2023-01-10,0.0006147427199208881,0.0006147427199208881,0.0,0.0,1.1356850200443231
2023-01-11,-0.008200211249348143,-0.008200211249348143,0.0,0.0,1.1263721629672396
2023-01-12,-0.004952297603973645,-0.004952297603973645,0.0,0.0,1.1207940328033943
2023-01-13,0.0020002336586725823,0.0020002336586725823,0.0,0.0,1.123035882752247
2023-01-16,0.0073760292443818,0.0073760292443818,0.0,0.0,1.1313194282659178
2023-01-17,0.00012890741945129647,0.00012890741945129647,0.0,0.0,1.1314652637339906
2023-01-30,0.019171718924986886,0.019171718924986886,0.0,0.0,1.1531573977436849
2023-01-31,-0.015794089085019874,-0.015794089085019874,0.0,0.0,1.1349443270746713
2023-02-01,0.0063689875365816944,0.0063689875365816944,0.0,0.0,1.142172773348524
2023-02-02,0.0028242337362840413,0.0028242337362840413,0.0,0.0,1.1453985362276802
2023-02-03,-0.0015527104149530868,-0.0015527104149530868,0.0,0.0,1.1436200639912075
2023-02-06,-0.00507564143723233,-0.00507564143723233,0.0,0.0,1.1378154586059634
2023-02-07,0.0022243239601396807,0.0022243239601396807,0.0,0.0,1.140346328792758
2023-02-08,0.00017419164306678686,0.00017419164306678686,0.0,0.0,1.1405449675934356
2023-02-09,-0.00014080664019495048,-0.00014080664019495048,0.0,0.0,1.1403843712885575
2023-02-10,-0.0003757598511158794,-0.0003757598511158794,0.0,0.0,1.1399558606269873
2023-02-13,0.006266087035569532,0.006266087035569532,0.0,0.0,1.1470989232663835
2023-02-14,0.004053111146768525,0.004053111146768525,0.0,0.0,1.1517482426987207
2023-02-15,-0.005754164804196498,-0.005754164804196498,0.0,0.0,1.1451208934972885
2023-02-16,0.005019588254397278,0.005019588254397278,0.0,0.0,1.1508689288841525
2023-02-17,0.004438743720523964,0.004438743720523964,0.0,0.0,1.1559773411153833
2023-02-20,0.009524172703222077,0.009524172703222077,0.0,0.0,1.1669870689531776
2023-02-21,-0.005385849588461394,-0.005385849588461394,0.0,0.0,1.1607018521281163
2023-02-22,-2.8907885536833965e-05,-2.8907885536833965e-05,0.0,0.0,1.1606682986918324
2023-02-23,0.004531411848434004,0.004531411848434004,0.0,0.0,1.1659277647726265
2023-02-24,-0.0040906402910255,-0.0040906402910255,0.0,0.0,1.1611583736816222
2023-03-01,-0.006603233066378215,-0.006603233066378215,0.0,0.0,1.1534909743132258
2023-03-02,-0.0002863176409106211,-0.0002863176409106211,0.0,0.0,1.1531607094986487
2023-03-03,0.0029318403601502267,0.0029318403601502267,0.0,0.0,1.1565415926084963
2023-03-06,0.007704098925551619,0.007704098925551619,0.0,0.0,1.1654517034494674
2023-03-07,0.0042831452485431725,0.0042831452485431725,0.0,0.0,1.1704435023755035
2023-03-08,-0.0003990818801810462,-0.0003990818801810462,0.0,0.0,1.16997639958193
2023-03-09,-0.006809828402065676,-0.006809828402065676,0.0,0.0,1.1620090610663103
2023-03-10,-0.011904029528079427,-0.011904029528079427,0.0,0.0,1.148176470891481
2023-03-13,-0.0021055114553213323,-0.0021055114553213323,0.0,0.0,1.1457589721792885
2023-03-14,-0.012297826708612132,-0.012297826708612132,0.0,0.0,1.1316686268895901
2023-03-15,-0.0025796077012272857,-0.0025796077012272857,0.0,0.0,1.1287493657844283
2023-03-16,-0.011717909015550174,-0.011717909015550174,0.0,0.0,1.1155227834148065
2023-03-17,0.005861984890897594,0.005861984890897594,0.0,0.0,1.122061961116636
2023-03-20,-0.002256261500277335,-0.002256261500277335,0.0,0.0,1.1195302959128428
2023-03-21,0.005894005624244129,0.005894005624244129,0.0,0.0,1.1261288137734646
2023-03-22,0.011413958997786685,0.011413958997786685,0.0,0.0,1.1389824018801011
2023-03-23,0.0056239149275094345,0.0056239149275094345,0.0,0.0,1.1453879420122053
2023-03-24,0.0017515517146074351,0.0017515517146074351,0.0,0.0,1.1473941482259273
2023-03-27,-0.0002162727832840483,-0.0002162727832840483,0.0,0.0,1.1471459980999668
2023-03-28,-0.0020135362946470782,-0.0020135362946470782,0.0,0.0,1.1448361779975333
2023-03-29,0.00635207996127075,0.00635207996127075,0.0,0.0,1.1521082689427293
2023-03-30,-0.0004169387852970858,-0.0004169387852970858,0.0,0.0,1.1516279103205456
2023-03-31,0.0030500111904458132,0.0030500111904458132,0.0,0.0,1.155140388334253
2023-04-06,0.0034932685604867693,0.0034932685604867693,0.0,0.0,1.1591756039357695
2023-04-07,-0.0005486457856386796,-0.0005486457856386796,0.0,0.0,1.1585396271258548
2023-04-10,0.0040894890814457685,0.0040894890814457685,0.0,0.0,1.1632774622814082
2023-04-11,0.006125561398308009,0.006125561398308009,0.0,0.0,1.1704031897998808
2023-04-12,0.0018236654880378952,0.0018236654880378952,0.0,0.0,1.1725376137042083
2023-04-13,0.0005698717452848031,-0.00013202303010718822,0.4840653623393043,0.0007018947753919913,1.1723828117355324
2023-04-14,0.002204382137479575,0.002204382137479575,0.0,0.0,1.1749671914640103
2023-04-17,-0.0007002829217752357,-0.0007002829217752357,0.0,0.0,1.1741443820061819
2023-04-18,0.0015521705146407786,0.0015521705146407786,0.0,0.0,1.175966854295863
2023-04-19,-0.002271137535473973,-0.002271137535473973,0.0,0.0,1.1732960718325984
2023-04-20,-0.00670998698957374,-0.00670998698957374,0.0,0.0,1.1654232704556837
2023-04-21,0.00011616077389246424,0.00011616077389246424,0.0,0.0,1.1655586469246921
2023-04-24,0.001586170756137499,0.001586170756137499,0.0,0.0,1.1674074219650072
2023-04-25,-0.005595660838337552,-0.005595660838337552,0.0,0.0,1.1608750059715331
2023-04-26,0.005279175787459805,0.005279175787459805,0.0,0.0,1.1670034691953253
2023-04-27,-0.00016884961987876344,-0.00016884961987876344,0.0,0.0,1.1668064211031546
2023-04-28,0.0027301418007505155,0.0027301418007505155,0.0,0.0,1.1699919680867925
2023-05-02,0.0045144657888047494,0.0045144657888047494,0.0,0.0,1.1752738567998966
2023-05-03,-0.0019854342504505777,-0.0019854342504505777,0.0,0.0,1.172940427830947
2023-05-04,0.004621111224574874,0.004621111224574874,0.0,0.0,1.1783607160077543
2023-05-05,0.0006877385435871278,0.0006877385435871278,0.0,0.0,1.1791711200904016
2023-05-08,0.0040794441676907265,0.0040794441676907265,0.0,0.0,1.1839814828389639
2023-05-09,0.003527884297535503,0.003527884297535503,0.0,0.0,1.1881584325208443
2023-05-10,0.0012270249393386485,0.0012270249393386485,0.0,0.0,1.1896163325494329
2023-05-11,-0.0033337488075111466,-0.0033337488075111466,0.0,0.0,1.1856504505194005
2023-05-12,-0.001482155697779152,-0.001482155697779152,0.0,0.0,1.1838931319485888
2023-05-15,0.0006368311661121664,0.0006368311661121664,0.0,0.0,1.1846470719923599
2023-05-16,0.008836966830815687,0.008836966830815687,0.0,0.0,1.1951157588737793
2023-05-17,0.008984224461327971,0.008984224461327971,0.0,0.0,1.2058529471087718
2023-05-18,0.003973651172208669,0.003973651172208669,0.0,0.0,1.2106445860855617
2023-05-19,0.005549750144767642,0.005549750144767642,0.0,0.0,1.2173633610524521
2023-05-22,0.00024109590967378778,0.00024109590967378778,0.0,0.0,1.2176568623793884
2023-05-23,0.0011175826429757959,0.0011175826429757959,0.0,0.0,1.2190176945538842
2023-05-24,-0.000669259228795441,-0.000669259228795441,0.0,0.0,1.2182018557117391
2023-05-25,-0.0016664587788566007,-0.0016664587788566007,0.0,0.0,1.2161717725348689
2023-05-26,0.0010759135092542936,0.0010759135092542936,0.0,0.0,1.217480268174513
2023-05-29,0.005293082161401836,0.005293082161401836,0.0,0.0,1.2239244912638463
2023-05-30,0.0008738298675437721,0.0008738298675437721,0.0,0.0,1.224993993039931
2023-05-31,0.0017420846682589344,0.0017420846682589344,0.0,0.0,1.2271280362939152
2023-06-01,-0.003628254398430616,-0.003628254398430616,0.0,0.0,1.2226757035987943
2023-06-02,0.007885734486220203,0.007885734486220203,0.0,0.0,1.2323173995601269
2023-06-05,0.005452425199761366,0.005452425199761366,0.0,0.0,1.239036518003593
2023-06-06,0.00102486689695452,0.00102486689695452,0.0,0.0,1.2403063655150126
2023-06-07,0.004733231247035023,0.004733231247035023,0.0,0.0,1.2461770223601647
2023-06-08,-0.00189341474716047,-0.00189341474716047,0.0,0.0,1.2438174924084555
2023-06-09,0.0069810030831290735,0.0069810030831290735,0.0,0.0,1.2525005861578087
2023-06-12,-0.0022661599652962477,-0.0022661599652962477,0.0,0.0,1.2496622194729479
2023-06-13,0.00773325184145394,0.00773325184145394,0.0,0.0,1.2593261721328823
2023-06-14,0.0006460005381304276,0.0006460005381304276,0.0,0.0,1.260139697517762
2023-06-15,0.004224517624730368,0.004224517624730368,0.0,0.0,1.2654631798795482
2023-06-16,-0.004617136747819171,-0.004617136747819171,0.0,0.0,1.2596203633287142
2023-06-19,0.003368476144464544,0.003368476144464544,0.0,0.0,1.2638633644736688
2023-06-20,-0.002403822880576785,-0.002403822880576785,0.0,0.0,1.2608252608002242
2023-06-21,0.004393340867196814,0.004393340867196814,0.0,0.0,1.2663644959448919
2023-06-26,-0.004046183777088625,-0.004046183777088625,0.0,0.0,1.2612405524655186
2023-06-27,-0.011615058909671981,-0.011615058909671981,0.0,0.0,1.2465911691493643
2023-06-28,0.0019709460739784235,0.0019709460739784235,0.0,0.0,1.2490481331200556
2023-06-29,-0.0017735117571073156,-0.0017735117571073156,0.0,0.0,1.2468329315707742
2023-06-30,-0.00532614528622149,-0.00532614528622149,0.0,0.0,1.240192118229583
2023-07-03,0.006351231237687071,0.006351231237687071,0.0,0.0,1.2480688651516159
2023-07-04,0.0024588001670615917,0.0024588001670615917,0.0,0.0,1.251137617085755
2023-07-05,-0.00575055660886494,-0.00575055660886494,0.0,0.0,1.243942879393223
2023-07-06,-0.013581305715151306,-0.013581305715151306,0.0,0.0,1.227048510855998
2023-07-07,-0.008303322314375198,-0.008303322314375198,0.0,0.0,1.2168599315749866
2023-07-10,0.0008877688681648716,0.0008877688681648716,0.0,0.0,1.217940221939156
2023-07-11,0.01592662784916077,0.01592662784916077,0.0,0.0,1.2373379025965052
2023-07-12,0.0060316033091969996,0.0060316033091969996,0.0,0.0,1.2448010339844011
2023-07-13,0.0035467644426307103,0.0035467644426307103,0.0,0.0,1.249216050029887
2023-07-14,0.013931762645570712,0.013931762645570712,0.0,0.0,1.2666198315319406
2023-07-17,0.009345884696653591,0.009345884696653591,0.0,0.0,1.278457514431933
2023-07-18,0.0021911584318080155,0.0021911584318080155,0.0,0.0,1.2812588173943888
2023-07-19,-0.008564397258887751,-0.008564397258887751,0.0,0.0,1.2702856078907705
2023-07-20,0.001173504165933494,0.001173504165933494,0.0,0.0,1.2717762933435557
2023-07-21,-0.0015150534857845445,-0.0015150534857845445,0.0,0.0,1.2698494842371875
2023-07-24,-0.0005817222097639346,-0.0005817222097639346,0.0,0.0,1.2691107845891494
2023-07-25,0.0071859728497842956,0.0071859728497842956,0.0,0.0,1.2782305802305753
2023-07-26,0.003514144046005578,0.003514144046005578,0.0,0.0,1.2827224666135149
2023-07-27,0.0006713277209861239,0.0006713277209861239,0.0,0.0,1.2835835937636844
2023-07-28,0.0018783390562233135,0.0018783390562233135,0.0,0.0,1.2859945989597783
2023-07-31,-0.004073811253144802,-0.004073811253144802,0.0,0.0,1.2807556996910525
2023-08-01,0.0031874096569757693,0.0031874096569757693,0.0,0.0,1.2848379927764746
2023-08-02,-0.016974664795816184,-0.016974664795816184,0.0,0.0,1.2630282985321646
2023-08-04,0.0013596646309113167,0.0013596646309113167,0.0,0.0,1.264745593437519
2023-08-07,0.01196887299609255,0.01196887299609255,0.0,0.0,1.2798831728177402
2023-08-08,-0.003240237369816025,-0.003240237369816025,0.0,0.0,1.2757360475321775
2023-08-09,-0.00376165674676089,-0.00376165674676089,0.0,0.0,1.270937166421892
2023-08-10,-0.009938404229451157,-0.009938404229451157,0.0,0.0,1.258306079111758
2023-08-11,-0.005550064556745158,-0.005550064556745158,0.0,0.0,1.2513223991405429
2023-08-14,-0.009662166001578583,-0.009662166001578583,0.0,0.0,1.2392319143985535
2023-08-15,-0.00043128217616642006,-0.00043128217616642006,0.0,0.0,1.238697455761737
2023-08-16,-0.004976784755806188,-0.004976784755806188,0.0,0.0,1.232532725146846
2023-08-17,-0.0019288663268960744,-0.0019288663268960744,0.0,0.0,1.230155334276513
2023-08-18,-0.0026704192204378813,-0.0026704192204378813,0.0,0.0,1.2268703038277369
2023-08-21,0.0018156582711048555,0.0018156582711048555,0.0,0.0,1.2290978810424547
2023-08-22,-0.001012217700049749,-0.001012217700049749,0.0,0.0,1.2278537664121698
2023-08-23,0.0022660682463622787,0.0022660682463622787,0.0,0.0,1.2306361668434127
2023-08-24,0.0028697229193695574,0.0028697229193695574,0.0,0.0,1.2341677516568084
2023-08-25,-0.007891240357484343,-0.007891240357484343,0.0,0.0,1.2244286372870286
2023-08-28,0.0020366507811066616,0.0020366507811066616,0.0,0.0,1.2269223708275685
2023-08-29,0.005573725718927888,0.005573725718927888,0.0,0.0,1.2337608996009781
2023-08-30,0.0029736356153251364,0.0029736356153251364,0.0,0.0,1.2374296549528272
2023-08-31,-0.008369145786116583,-0.008369145786116583,0.0,0.0,1.227073425770463
2023-09-01,0.0029895346443647537,0.0029895346443647537,0.0,0.0,1.230741804287983
2023-09-04,0.003998251423179621,0.003998251423179621,0.0,0.0,1.235662619458544
2023-09-05,0.00015920096091393964,0.00015920096091393964,0.0,0.0,1.2358593381349272
2023-09-06,-0.0018451869091415964,-0.0018451869091415964,0.0,0.0,1.2335789466626603
2023-09-07,-0.001443031510594253,-0.001443031510594253,0.0,0.0,1.2317988533718205
2023-09-08,0.0010035653222400188,0.0010035653222400188,0.0,0.0,1.2330350439850395
2023-09-11,-0.0029774629347244165,-0.0029774629347244165,0.0,0.0,1.2293637278443577
2023-09-12,0.006323633260246089,0.006323633260246089,0.0,0.0,1.2371377732026945
2023-09-13,0.0016691766219846492,0.0016691766219846492,0.0,0.0,1.2392027746518988
2023-09-14,0.011994738297424038,0.011994738297424038,0.0,0.0,1.2540666876312903
2023-09-15,0.0004401054775139391,0.0004401054775139391,0.0,0.0,1.2546186092496845
2023-09-18,-0.004785597908692051,-0.004785597908692051,0.0,0.0,1.248614509057053
2023-09-19,0.0010178167649101697,0.0010178167649101697,0.0,0.0,1.2498853698372814
2023-09-20,-0.004641861173255685,-0.004641861173255685,0.0,0.0,1.2440835754680133
2023-09-21,-0.012996479245138243,-0.012996479245138243,0.0,0.0,1.227914869100226
2023-09-22,0.004266227006028536,0.004266227006028536,0.0,0.0,1.2331534326758853
2023-09-25,0.0038903419931024742,0.0038903419931024742,0.0,0.0,1.2379508212589627
2023-09-26,-0.008546803170082409,-0.008546803170082409,0.0,0.0,1.2273702992554205
2023-09-27,0.000768703815183285,0.000768703815183285,0.0,0.0,1.228313783487101
2023-09-28,0.002955036281055646,0.002955036281055646,0.0,0.0,1.2319434952818262
2023-10-02,0.003126947273017768,0.003126947273017768,0.0,0.0,1.2357957176349097
2023-10-03,-0.00542329924202004,-0.00542329924202004,0.0,0.0,1.2290936276561688
2023-10-04,-0.011303854344496435,-0.011303854344496435,0.0,0.0,1.2152001323133947
2023-10-05,0.00839443576907083,0.00839443576907083,0.0,0.0,1.225401051770666
2023-10-06,0.00533777902582503,0.00533777902582503,0.0,0.0,1.2319419718030313
2023-10-11,0.01193205942096559,0.01193205942096559,0.0,0.0,1.2466415766137666
2023-10-12,0.006057819378507064,0.006057819378507064,0.0,0.0,1.25419350611463
2023-10-13,-0.006664307844139858,-0.006664307844139858,0.0,0.0,1.245835174493761
2023-10-16,-0.001321200510059675,-0.001321200510059675,0.0,0.0,1.2441891764257695
2023-10-17,-0.0034531696803419823,-0.0034531696803419823,0.0,0.0,1.2398927800851265
2023-10-18,-0.005354240072714475,-0.005354240072714475,0.0,0.0,1.2332540964761254
2023-10-19,-0.0048151873090987885,-0.0048151873090987885,0.0,0.0,1.2273157470018794
2023-10-20,-0.007081286052057723,-0.007081286052057723,0.0,0.0,1.2186247731211641
2023-10-23,-0.006342174450414619,-0.006342174450414619,0.0,0.0,1.2108960422204327
2023-10-24,0.0038270054893721427,0.0038270054893721427,0.0,0.0,1.2155301480210692
2023-10-25,0.00010135553382287378,0.00010135553382287378,0.0,0.0,1.2156533487280998
2023-10-26,-0.00856075545041991,-0.00856075545041991,0.0,0.0,1.2052464376971546
2023-10-27,0.005667953668300085,0.005667953668300085,0.0,0.0,1.2120777186649059
2023-10-30,-0.004089081150129219,-0.004089081150129219,0.0,0.0,1.2071214345130217
2023-10-31,-0.00253659787557816,-0.00253659787557816,0.0,0.0,1.204059452846671
2023-11-01,0.004925841652797862,0.004925841652797862,0.0,0.0,1.2099904590519484
2023-11-02,0.012422922589063634,0.012422922589063634,0.0,0.0,1.2250220768582565
2023-11-03,0.006667461809767673,0.006667461809767673,0.0,0.0,1.2331898647718313
2023-11-06,0.008326800962923384,0.008326800962923384,0.0,0.0,1.2434583913252808
2023-11-07,-0.001275347910641029,-0.001275347910641029,0.0,0.0,1.241872549263935
2023-11-08,0.003997570418575186,0.003997570418575186,0.0,0.0,1.2468370222305132
2023-11-09,-0.0016939038891084536,-0.0016939038891084536,0.0,0.0,1.2447250001494725
2023-11-10,-0.002379680689302759,-0.002379680689302759,0.0,0.0,1.2417629521031246
2023-11-13,-0.0007999934794504625,-0.0007999934794504625,0.0,0.0,1.240769549838419
2023-11-14,0.0028990635551165767,0.0028990635551165767,0.0,0.0,1.244366619620654
2023-11-15,0.009687912645225984,0.009687912645225984,0.0,0.0,1.2564219347301742
2023-11-16,0.0048017260160786255,0.0048017260160786255,0.0,0.0,1.26245492862134
2023-11-17,0.0003710398162609127,0.0003710398162609127,0.0,0.0,1.2629233496660932
2023-11-20,0.0001281595693048398,0.0001281595693048398,0.0,0.0,1.2630852053786514
2023-11-21,0.011480129249414826,0.011480129249414826,0.0,0.0,1.2775855867894221
2023-11-22,-0.00592830840692591,-0.00592830840692591,0.0,0.0,1.270011665414691
2023-11-23,0.0004789824740329638,0.0004789824740329638,0.0,0.0,1.270619978744242
2023-11-24,-0.00019461348059906006,-0.00019461348059906006,0.0,0.0,1.27037269896766
2023-11-27,-0.0022265478424273047,-0.0022265478424273047,0.0,0.0,1.267544153375695
2023-11-28,0.006317984723127093,0.006317984723127093,0.0,0.0,1.2755524779726117
2023-11-29,-0.00047505462940262223,-0.00047505462940262223,0.0,0.0,1.2749465208629047
2023-11-30,0.004017980438341501,0.004017980438341501,0.0,0.0,1.2800692310436634
2023-12-01,-0.00529611338487935,-0.00529611338487935,0.0,0.0,1.273289839255561
2023-12-04,0.004361522200703933,0.004361522200703933,0.0,0.0,1.2788433211574046
2023-12-05,-0.0008734345862244634,-0.0008734345862244634,0.0,0.0,1.2777263351703436
2023-12-06,0.004295834304932208,0.004295834304932208,0.0,0.0,1.2832152357932836
2023-12-07,-0.005729295973120432,-0.005729295973120432,0.0,0.0,1.2758633159102064
2023-12-08,0.002875017456679174,0.002875017456679174,0.0,0.0,1.2795314452157849
2023-12-11,0.0009945039691647397,0.0009945039691647397,0.0,0.0,1.2808039443167232
2023-12-12,0.0018275810262188765,0.0018275810262188765,0.0,0.0,1.2831447173036628
2023-12-13,0.0021817767107321414,0.0021817767107321414,0.0,0.0,1.285944252564375
2023-12-14,0.009146519313524757,0.009146519313524757,0.0,0.0,1.2977061665065712
2023-12-15,-0.006909472557289386,-0.006909472557289386,0.0,0.0,1.2887397013616688
2023-12-18,0.00066118121169086,0.00066118121169086,0.0,0.0,1.2895917918389692
2023-12-19,-0.005674478392652497,-0.005674478392652497,0.0,0.0,1.282274031080837
2023-12-20,0.002949351690471038,0.002949351690471038,0.0,0.0,1.2860559081620524
2023-12-21,-0.0025783430852754146,-0.0025783430852754146,0.0,0.0,1.2827400148039652
2023-12-22,4.65787161313148e-05,4.65787161313148e-05,0.0,0.0,1.282799763186985
2023-12-25,0.0033255142232709884,0.0033255142232709884,0.0,0.0,1.287065732045072
2023-12-26,0.007745414639193068,0.007745414639193068,0.0,0.0,1.2970345898076576
2023-12-27,0.006909066301407469,0.006909066301407469,0.0,0.0,1.3059958877838576
2023-12-28,0.0023189412952735865,0.0023189412952735865,0.0,0.0,1.309024415579497
2023-12-29,0.0029898756455883106,0.0029898756455883106,0.0,0.0,1.3129382357991186
2024-01-02,-0.0019386186429375925,-0.0019386186429375925,0.0,0.0,1.310392949258173
2024-01-03,-0.011919298125783549,-0.011919298125783549,0.0,0.0,1.29477398503404
2024-01-04,0.002113591991349602,0.002113591991349602,0.0,0.0,1.2975106089594157
2024-01-05,0.0009356359476425172,0.0009356359476425172,0.0,0.0,1.2987246065276057
2024-01-08,0.0035468172309736615,0.0035468172309736615,0.0,0.0,1.3033309453403272
2024-01-09,-0.006204240519863388,-0.006204240519863388,0.0,0.0,1.295244766678455
2024-01-10,-0.005836728667823306,-0.005836728667823306,0.0,0.0,1.2876847744169349
2024-01-11,0.004299928666504715,0.004299928666504715,0.0,0.0,1.2932217270918718
2024-01-12,-0.0030388660474004103,-0.0030388660474004103,0.0,0.0,1.2892917994936517
2024-01-15,-0.0012408114011523092,-0.0012408114011523092,0.0,0.0,1.2876920315294278
2024-01-16,-0.010350428821739885,-0.010350428821739885,0.0,0.0,1.2743638668127608
2024-01-17,-0.01403186074872224,-0.01403186074872224,0.0,0.0,1.256482170490441
2024-01-18,0.0022491375285594965,0.0022491375285594965,0.0,0.0,1.259308171694057
2024-01-19,0.010106849124902553,0.010106849124902553,0.0,0.0,1.2720358093871258
2024-01-22,0.005938750010133373,0.005938750010133373,0.0,0.0,1.2795901120630135
2024-01-23,0.00286092772016872,0.00286092772016872,0.0,0.0,1.2832509268850685
2024-01-24,0.0015261691462201653,0.0015261691462201653,0.0,0.0,1.2852093848565387
2024-01-25,0.0013015861845469317,0.0013015861845469317,0.0,0.0,1.286882195636118
2024-01-26,0.002195832313194125,0.002195832313194125,0.0,0.0,1.28970797314457
2024-01-29,0.004452459378093311,0.004452459378093311,0.0,0.0,1.2954503455045991
2024-01-30,-0.0074475481329320066,-0.0074475481329320066,0.0,0.0,1.2858024167026303
2024-01-31,-0.00039378008824531626,-0.00039378008824531626,0.0,0.0,1.2852960933135151
2024-02-01,0.007112686561540396,0.007112686561540396,0.0,0.0,1.2944380015640264
2024-02-02,0.0003715822703796098,0.0003715822703796098,0.0,0.0,1.2949189917755133
2024-02-05,-0.004818556943094279,-0.004818556943094279,0.0,0.0,1.2886793508769487
2024-02-15,0.001581549503434158,0.001581549503434158,0.0,0.0,1.290717461064414
2024-02-16,0.0029781329879764607,0.0029781329879764607,0.0,0.0,1.2945613893133674
2024-02-19,0.00795418286583408,0.00795418286583408,0.0,0.0,1.3048585673350142
2024-02-20,0.0028196375174523035,0.0028196375174523035,0.0,0.0,1.308537795506441
2024-02-21,-0.002040464152585398,-0.002040464152585398,0.0,0.0,1.305867771042407
2024-02-22,0.0027997796493070526,0.0027997796493070526,0.0,0.0,1.3095239130524574
2024-02-23,-0.005588302635975381,-0.005588302635975381,0.0,0.0,1.3022058971172734
2024-02-26,-0.0020764655317947038,-0.0020764655317947038,0.0,0.0,1.2995019114566095
2024-02-27,-0.0012204626923888694,-0.0012204626923888694,0.0,0.0,1.2979159178549888
2024-02-29,0.007456388522538325,0.007456388522538325,0.0,0.0,1.3075936832081025
2024-03-01,-0.0035486821430313776,-0.0035486821430313776,0.0,0.0,1.3029534488541612
2024-03-04,0.00368936116442719,0.00368936116442719,0.0,0.0,1.30776051470742
2024-03-05,-6.863405291337658e-05,-6.863405291337658e-05,0.0,0.0,1.3076707578030555
2024-03-06,0.0037770520345450833,0.0037770520345450833,0.0,0.0,1.3126098982993306
2024-03-07,-0.0004951844860295114,-0.0004951844860295114,0.0,0.0,1.311959914241484
2024-03-08,0.000701694568424479,0.000701694568424479,0.0,0.0,1.3128805093872977
2024-03-11,0.003739471088579063,0.003739471088579063,0.0,0.0,1.3177899880949104
2024-03-12,0.010715826098569466,0.010715826098569466,0.0,0.0,1.3319111964417714
2024-03-13,0.0059947446715173216,0.0059947446715173216,0.0,0.0,1.339895663989575
2024-03-14,0.005273711976596439,0.005273711976596439,0.0,0.0,1.3469618878001464
2024-03-15,0.003222616643575192,0.003222616643575192,0.0,0.0,1.3513026295980326
2024-03-18,-0.0016646436493145693,-0.0016646436493145693,0.0,0.0,1.34905319225737
2024-03-19,-0.000270198427070845,-0.000270198427070845,0.0,0.0,1.3486886802067872
2024-03-20,-0.0030072564183566265,-0.0030072564183566265,0.0,0.0,1.3446328275168704
2024-03-21,0.014199618138672406,0.014199618138672406,0.0,0.0,1.3637261002043333
2024-03-22,0.0001442432576715221,0.0001442432576715221,0.0,0.0,1.3639228084995985
2024-03-25,-0.0009893445932208852,-0.0009893445932208852,0.0,0.0,1.3625734188434389
2024-03-26,0.003283591063893354,0.003283591063893354,0.0,0.0,1.3670475527454518
2024-03-27,0.0063825203380225865,0.0063825203380225865,0.0,0.0,1.3757727615538935
2024-03-28,0.00039553772940948903,0.00039553772940948903,0.0,0.0,1.376316931588182
2024-03-29,0.0026429719929450253,0.0026429719929450253,0.0,0.0,1.3799544986917858
2024-04-01,-0.0012687895567282872,-0.0012687895567282872,0.0,0.0,1.3782036268350855
2024-04-02,0.00217514694954616,0.00217514694954616,0.0,0.0,1.3812014222498492
2024-04-03,-0.011433773594384187,-0.011433773594384187,0.0,0.0,1.365409077899603
2024-04-08,0.0064777595165514314,0.0064777595165514314,0.0,0.0,1.3742538695479531
2024-04-09,0.0036685323830480242,0.0036685323830480242,0.0,0.0,1.379295364370919
2024-04-10,-0.000548063278593287,-0.000548063278593287,0.0,0.0,1.3785394232313732
2024-04-11,-0.0016018148992757593,-0.0016018148992757593,0.0,0.0,1.3763312582440022
2024-04-12,-0.005728693859095104,-0.005728693859095104,0.0,0.0,1.3684466778168192
2024-04-15,-0.0028803298083271032,-0.0028803298083271032,0.0,0.0,1.3645051000595971
2024-04-16,-0.023156886164670442,-0.023156886164670442,0.0,0.0,1.3329074107864047
2024-04-17,0.005911748436434778,0.005911748436434778,0.0,0.0,1.3407872240880336
2024-04-18,0.006355444495817787,0.006355444495817787,0.0,0.0,1.3493085228714268
2024-04-19,-0.01469048552146323,-0.01469048552146323,0.0,0.0,1.329486525552197
2024-04-22,0.011825030015749907,0.011825030015749907,0.0,0.0,1.3452077436223868
2024-04-23,0.005100531845714383,0.005100531845714383,0.0,0.0,1.3520690185578346
2024-04-24,0.004352044348157474,0.004352044348157474,0.0,0.0,1.357953282888368
2024-04-25,-0.006084559115388857,-0.006805074984816981,0.4969074961573268,0.0007205158694281239,1.3487123089724342
2024-04-26,0.003214497085582569,0.003214497085582569,0.0,0.0,1.3530477407589154
2024-04-29,0.01687106832802892,0.01687106832802892,0.0,0.0,1.3758751016443442
2024-04-30,-0.00286363746709959,-0.00286363746709959,0.0,0.0,1.371935094153226
2024-05-02,0.0016191865915697393,0.0016191865915697393,0.0,0.0,1.374156513062183
2024-05-03,0.000782692861036859,0.000782692861036859,0.0,0.0,1.375232055554904
2024-05-06,0.015021288141985481,0.015021288141985481,0.0,0.0,1.3958898125234893
2024-05-07,-0.0004008694219272353,-0.0004008694219272353,0.0,0.0,1.395330242981269
2024-05-08,0.0007433814082770748,0.0007433814082770748,0.0,0.0,1.3963675055423082
2024-05-09,-0.007505580043881176,-0.007505580043881176,0.0,0.0,1.3858869574587858
2024-05-10,0.010901113235705407,0.010901113235705407,0.0,0.0,1.4009946681139311
2024-05-13,0.0010435321769846808,0.0010435321769846808,0.0,0.0,1.402456651129892
2024-05-14,-0.006455479258580649,-0.006455479258580649,0.0,0.0,1.3934031213074645
2024-05-15,0.0013693502121582936,0.0013693502121582936,0.0,0.0,1.395311178167249
2024-05-16,0.008950871914654152,0.008950871914654152,0.0,0.0,1.407800429804109
2024-05-17,0.001116512677226694,0.001116512677226694,0.0,0.0,1.4093722568309905
2024-05-20,0.0079482117009703,0.0079482117009703,0.0,0.0,1.4205742458937576
2024-05-21,-0.004584150119673209,-0.004584150119673209,0.0,0.0,1.414062120294439
2024-05-22,0.004339673747074713,0.004339673747074713,0.0,0.0,1.4201986885546136
2024-05-23,-0.001264866190240771,-0.001264866190240771,0.0,0.0,1.4184023272500366
2024-05-24,-0.004130190979392311,-0.004130190979392311,0.0,0.0,1.4125440547528794
2024-05-27,0.006376066569353433,0.006376066569353433,0.0,0.0,1.4215505296781283
2024-05-28,0.0009127427711273751,0.0009127427711273751,0.0,0.0,1.4228480396478842
2024-05-29,-0.011380760594226602,-0.011380760594226602,0.0,0.0,1.406654946746687
2024-05-30,-0.004957095637930882,-0.004957095637930882,0.0,0.0,1.399682023646095
2024-05-31,0.005748916333451076,0.005748916333451076,0.0,0.0,1.4077286784934717
2024-06-03,0.004654725911997944,0.004654725911997944,0.0,0.0,1.414281269650318
2024-06-04,-0.0048805454402933695,-0.0048805454402933695,0.0,0.0,1.4073788056484338
2024-06-05,0.0007393491689484889,0.0007393491689484889,0.0,0.0,1.4084193499987856
2024-06-06,0.0036031448534426394,0.0036031448534426394,0.0,0.0,1.4134940889312226
2024-06-07,0.0039022191637481975,0.0039022191637481975,0.0,0.0,1.4190098526528947
2024-06-11,-0.004060717657449502,-0.004060717657449502,0.0,0.0,1.4132476542881323
2024-06-12,0.0014155727866799364,0.0014155727866799364,0.0,0.0,1.415248209208382
2024-06-13,0.004395207776840471,0.004395207776840471,0.0,0.0,1.4214685191436545
2024-06-14,0.006065638392313116,0.006065638392313116,0.0,0.0,1.4300906331668368
2024-06-17,0.000548013768415979,0.000548013768415979,0.0,0.0,1.430874342523895
2024-06-18,0.006328772637349803,0.006328772637349803,0.0,0.0,1.439930020910346
2024-06-19,0.0007348668800461278,0.0007348668800461278,0.0,0.0,1.4409881777922973
2024-06-20,0.00475602047172615,0.00475602047172615,0.0,0.0,1.4478415470653927
2024-06-21,-0.0017395297307136225,-0.0017395297307136225,0.0,0.0,1.4453229836489099
2024-06-24,-0.0030675972054902863,-0.0030675972054902863,0.0,0.0,1.4408893149032376
2024-06-25,0.003973383880901955,0.003973383880901955,0.0,0.0,1.446614521281238
2024-06-26,-0.007004228853522711,-0.007004228853522711,0.0,0.0,1.436482102111355
2024-06-27,-0.009254718256748628,-0.009254718256748628,0.0,0.0,1.4231878649754524
2024-06-28,0.0030512438274440954,0.0030512438274440954,0.0,0.0,1.4275303581637522
2024-07-01,0.0042981760101437755,0.0042981760101437755,0.0,0.0,1.4336661349029636
2024-07-02,0.0012725442083518239,0.0012725442083518239,0.0,0.0,1.4354905384396446
2024-07-03,0.008982349790708147,0.008982349790708147,0.0,0.0,1.4483846165771617
2024-07-04,0.002320162938104232,0.002320162938104232,0.0,0.0,1.4517451048846644
2024-07-05,0.0038179478131989417,0.0038179478131989417,0.0,0.0,1.457287791933181
2024-07-08,-0.006130029929490093,-0.006130029929490093,0.0,0.0,1.4483545741527502
2024-07-09,-0.007092673122844052,-0.007092673122844052,0.0,0.0,1.4380818685923087
2024-07-10,-0.0004964251029336382,-0.0004964251029336382,0.0,0.0,1.4373679686526657
2024-07-11,0.003100446840269721,0.003100446840269721,0.0,0.0,1.4418244516293799
2024-07-12,0.0035728888667369623,0.0035728888667369623,0.0,0.0,1.4469759301603957
2024-07-15,-0.00089158867628653,-0.00089158867628653,0.0,0.0,1.4456858228062055
2024-07-16,-0.0010899706102537655,-0.0010899706102537655,0.0,0.0,1.4441100677476864
2024-07-17,0.002393635970982952,0.002393635970982952,0.0,0.0,1.4475667415519058
2024-07-18,0.0073778584667368585,0.0073778584667368585,0.0,0.0,1.458246684092231
2024-07-19,-0.010139307669440961,-0.010139307669440961,0.0,0.0,1.4434610723042778
2024-07-22,-0.011443648271550432,-0.011443648271550432,0.0,0.0,1.4269426114991526
2024-07-23,0.012920782463902523,0.012920782463902523,0.0,0.0,1.4453798265708062
2024-07-26,-0.011755607274939031,-0.011755607274939031,0.0,0.0,1.4283885089665203
2024-07-29,-0.0009206194632682719,-0.0009206194632682719,0.0,0.0,1.427073506704057
2024-07-30,-0.0016427115260289,-0.0016427115260289,0.0,0.0,1.4247292366061037
2024-07-31,0.0032645103227076995,0.0032645103227076995,0.0,0.0,1.429380279906068
2024-08-01,0.006692163599034905,0.006692163599034905,0.0,0.0,1.4389459265844338
2024-08-02,-0.01221726291202911,-0.01221726291202911,0.0,0.0,1.4213659458831585
2024-08-05,-0.04931784205946922,-0.04931784205946922,0.0,0.0,1.3512672446553848
2024-08-06,0.009619828825487413,0.009619828825487413,0.0,0.0,1.3642662042464577
2024-08-07,0.012935399608911304,0.012935399608911304,0.0,0.0,1.3819135327713181
2024-08-08,-0.016467371912002163,-0.016467371912002163,0.0,0.0,1.359157048676944
2024-08-09,0.019575624014363257,0.019575624014363257,0.0,0.0,1.3857633960383153
2024-08-12,0.007946944002995256,0.007946944002995256,0.0,0.0,1.3967759801480324
2024-08-13,-0.0010834339832146446,-0.0010834339832146446,0.0,0.0,1.395262665584202
2024-08-14,0.0047824649869112525,0.0047824649869112525,0.0,0.0,1.4019354604299028
2024-08-15,-0.00908031619238459,-0.00908031619238459,0.0,0.0,1.389205443167883
2024-08-16,0.01084727553776698,0.01084727553776698,0.0,0.0,1.4042745373884906
2024-08-19,0.000246726044637045,0.000246726044637045,0.0,0.0,1.404621008490685
2024-08-20,0.003123552744236774,0.003123552744236774,0.0,0.0,1.4090084162963687
2024-08-21,0.000974927917629363,0.000974927917629363,0.0,0.0,1.410382097937591
2024-08-22,-0.00517495513597021,-0.00517495513597021,0.0,0.0,1.4030834338561884
2024-08-23,0.00028354084712960435,0.00028354084712960435,0.0,0.0,1.4034812653216173
2024-08-26,0.007009348995799742,0.007009348995799742,0.0,0.0,1.413318755319323
2024-08-27,-0.0006298808980868269,-0.0006298808980868269,0.0,0.0,1.4124285328324395
2024-08-28,-0.0023075823389339077,-0.0023075823389339077,0.0,0.0,1.409169237695069
2024-08-29,-0.00549458252111244,-0.00549458252111244,0.0,0.0,1.4014264410323405
2024-08-30,0.006355309610104429,0.006355309610104429,0.0,0.0,1.4103329399608877
2024-09-02,0.0005968377795474075,0.0005968377795474075,0.0,0.0,1.4111746799411964
2024-09-03,-0.006912059388492698,-0.006912059388492698,0.0,0.0,1.4014205567459057
2024-09-04,-0.02119733676912486,-0.02119733676912486,0.0,0.0,1.3717141732493883
2024-09-05,0.005760519556564797,0.005760519556564797,0.0,0.0,1.3796159595704085
2024-09-06,0.008655749255874347,0.008655749255874347,0.0,0.0,1.3915575693858524
2024-09-09,-0.00301895480923567,-0.00301895480923567,0.0,0.0,1.3873565199694267
2024-09-10,-0.001146036850195994,-0.001146036850195994,0.0,0.0,1.385766558273182
2024-09-11,-0.004291665504438094,-0.004291665504438094,0.0,0.0,1.379819311737837
2024-09-12,0.008777238546144334,0.008777238546144334,0.0,0.0,1.3919303149875368
2024-09-13,0.0027320307461536197,0.0027320307461536197,0.0,0.0,1.3957331114045861
2024-09-16,0.005440309641023761,0.005440309641023761,0.0,0.0,1.4033263317068567
2024-09-18,-0.004676055968829598,-0.004676055968829598,0.0,0.0,1.396764299237263
2024-09-19,0.005403595671771103,0.005403595671771103,0.0,0.0,1.404311848759106
2024-09-20,0.004570627596113144,0.004570627596113144,0.0,0.0,1.4107304352485928
2024-09-23,0.004926451997139823,0.004926451997139823,0.0,0.0,1.4176803310187494
2024-09-24,0.0011098178730504205,0.0011098178730504205,0.0,0.0,1.419253697988386
2024-09-25,0.0019704658431296783,0.0019704658431296783,0.0,0.0,1.4220502889230076
2024-09-26,0.0017712854874042598,0.0017712854874042598,0.0,0.0,1.4245691459621361
2024-09-27,-0.0001890285323178576,-0.0001890285323178576,0.0,0.0,1.4242998617472897
2024-09-30,-0.006743793643069524,-0.006743793643069524,0.0,0.0,1.4146946773938136
2024-10-01,0.0023967371499068225,0.0023967371499068225,0.0,0.0,1.4180853286828987
2024-10-04,-0.010772246632179284,-0.010772246632179284,0.0,0.0,1.4028093637768515
2024-10-07,0.005708262809866545,0.005708262809866545,0.0,0.0,1.4108169682974314
2024-10-08,-0.009074231554990632,-0.009074231554990632,0.0,0.0,1.3980148884453907
2024-10-09,-0.0024174738807814294,-0.0024174738807814294,0.0,0.0,1.3946352239676305
2024-10-11,-0.0016195601822023668,-0.0016195601822023668,0.0,0.0,1.3923765282901956
2024-10-14,0.0032756207424326994,0.0032756207424326994,0.0,0.0,1.3969374257275395
2024-10-15,0.007349796053352802,0.007349796053352802,0.0,0.0,1.4072046309059327
2024-10-16,-0.006940727776523875,-0.006940727776523875,0.0,0.0,1.397437606636951
2024-10-17,0.00804504789372635,0.00804504789372635,0.0,0.0,1.4086800591108395
2024-10-18,0.008462710226399934,0.008462710226399934,0.0,0.0,1.4206013102528023
2024-10-21,-0.005826723361245613,-0.005826723361245613,0.0,0.0,1.4123238594113363
2024-10-22,0.004220345483172681,0.004220345483172681,0.0,0.0,1.41828435403218
2024-10-23,-0.009022771203058302,-0.009022771203058302,0.0,0.0,1.4054874988048702
2024-10-24,-0.00042126794882877696,-0.00042126794882877696,0.0,0.0,1.4048954119691441
2024-10-25,0.0028507375623308883,0.0028507375623308883,0.0,0.0,1.4089004000911907
2024-10-28,-0.002233452774347274,-0.002233452774347274,0.0,0.0,1.405753687583828
2024-10-29,-0.003827672594135882,-0.003827672594135882,0.0,0.0,1.4003729227197579
2024-10-30,-0.0018274959138272063,-0.0018274959138272063,0.0,0.0,1.3978137469256533
2024-11-01,-0.004640945496001102,-0.004640945496001102,0.0,0.0,1.3913265695126102
2024-11-04,0.006056405735759124,0.006056405735759124,0.0,0.0,1.3997530077285203
2024-11-05,0.0034848807469797464,0.0034848807469797464,0.0,0.0,1.4046309800356804
2024-11-06,-0.0044843696830268,-0.0044843696830268,0.0,0.0,1.3983320954529683
2024-11-07,0.00831375469405495,0.00831375469405495,0.0,0.0,1.4099574854753882
2024-11-08,-0.0021832333689470323,-0.0021832333689470323,0.0,0.0,1.4068792192443018
2024-11-11,0.0022483498038765827,0.0022483498038765827,0.0,0.0,1.4100423758609677
2024-11-12,-0.008165742563824423,-0.008165742563824423,0.0,0.0,1.3985283328156037
2024-11-13,0.0019196437769119674,0.0019196437769119674,0.0,0.0,1.4012130090265282
2024-11-14,-0.009812237781613694,-0.009812237781613694,0.0,0.0,1.3874639737992696
2024-11-15,0.007523741951236303,0.007523741951236303,0.0,0.0,1.3979028947047722
2024-11-18,-0.003131031602833602,-0.003131031602833602,0.0,0.0,1.393526016563759
2024-11-19,0.011400161100462798,0.011400161100462798,0.0,0.0,1.4094124376502721
2024-11-20,-0.007612831413884075,-0.007612831413884075,0.0,0.0,1.3986828183698092
2024-11-21,-0.0015196898746875544,-0.0015196898746875544,0.0,0.0,1.3965572542528333
2024-11-22,0.00210442893920712,0.00210442893920712,0.0,0.0,1.3994962097539425
2024-11-25,0.011965890856630648,0.011965890856630648,0.0,0.0,1.4162424286541264
2024-11-26,-0.005806463257750661,-0.005806463257750661,0.0,0.0,1.4080190690280787
2024-11-27,-0.004285258485163443,-0.004285258485163443,0.0,0.0,1.4019853433652543
2024-11-28,-0.0049710905834323025,-0.0049710905834323025,0.0,0.0,1.3950159472267412
2024-11-29,-0.0033220157508745676,-0.0033220157508745676,0.0,0.0,1.3903816822773327
2024-12-02,0.00999612608525938,0.00999612608525938,0.0,0.0,1.4042801128800122
2024-12-03,0.0058238726681453,0.0058238726681453,0.0,0.0,1.412458461447834
2024-12-04,0.0007485164624811146,0.0007485164624811146,0.0,0.0,1.4135157098587985
2024-12-05,0.0013813127529742697,0.0013813127529742697,0.0,0.0,1.4154682171353559
2024-12-06,0.0016719546109817476,0.0016719546109817476,0.0,0.0,1.4178348157476934
2024-12-09,-0.00012582315611051265,-0.00012582315611051265,0.0,0.0,1.4176564192963326
2024-12-10,-0.005868411938798396,-0.005868411938798396,0.0,0.0,1.4093370274402197
2024-12-11,-0.00475988069466029,-0.00475988069466029,0.0,0.0,1.4026287513310371
2024-12-12,0.002427801541317067,0.002427801541317067,0.0,0.0,1.4060340555754143
2024-12-13,-0.006894132432937048,-0.006894132432937048,0.0,0.0,1.396340670591058
2024-12-16,-0.005355085429261579,-0.005355085429261579,0.0,0.0,1.3888631470116906
2024-12-17,-0.0007853109761134982,-0.0007853109761134982,0.0,0.0,1.3877724575380228
2024-12-18,0.0017892088474876179,0.0017892088474876179,0.0,0.0,1.3902554722973495
2024-12-19,-0.005463068003190738,-0.005463068003190738,0.0,0.0,1.382660412110381
2024-12-20,-0.010977054568287088,-0.010977054568287088,0.0,0.0,1.3674828733172348
2024-12-23,0.015893756607302623,0.015893756607302623,0.0,0.0,1.3892173132703938
2024-12-24,0.0033482156837682047,0.0033482156837682047,0.0,0.0,1.393868712466848
2024-12-25,0.0007259665184825546,0.0007259665184825546,0.0,0.0,1.3948806144832593
2024-12-26,0.000563079760732959,0.000563079760732959,0.0,0.0,1.3956660435259136
2024-12-27,-0.003625148503128816,-0.003625148503128816,0.0,0.0,1.390606546857358
2024-12-30,-0.00658483457200951,-0.00658483457200951,0.0,0.0,1.3814496327915489
2024-12-31,-0.0054659253041132476,-0.0054659253041132476,0.0,0.0,1.3738987322873155
2025-01-02,0.0005236632934500459,0.0005236632934500459,0.0,0.0,1.3746181926223318
2025-01-03,-0.0006345883446051473,-0.0006345883446051473,0.0,0.0,1.3737458759390113
2025-01-06,0.011481273817832132,0.011481273817832132,0.0,0.0,1.3895182284967846
2025-01-07,-0.002461399251535294,-0.002461399251535294,0.0,0.0,1.386098069369168
2025-01-08,0.000774283847014031,0.000774283847014031,0.0,0.0,1.3871713027146577
2025-01-09,-0.008119348393108532,-0.008119348393108532,0.0,0.0,1.3759083756269952
2025-01-10,-0.0033566142864195543,-0.0033566142864195543,0.0,0.0,1.3712899819165614
2025-01-13,-0.008185808824490774,-0.008185808824490774,0.0,0.0,1.3600648642816529
2025-01-14,0.010898546884611116,0.010898546884611116,0.0,0.0,1.3748875949711385
2025-01-15,-0.0007771258203643414,-0.0007771258203643414,0.0,0.0,1.3738191343209878
2025-01-16,0.007045871999050027,0.007045871999050027,0.0,0.0,1.3834988880912593
2025-01-17,-0.0019316777568597172,-0.0019316777568597172,0.0,0.0,1.3808264140624933
2025-01-20,-0.0013200614600558695,-0.0013200614600558695,0.0,0.0,1.3790036383302622
2025-01-21,0.004215409845047888,0.004215409845047888,0.0,0.0,1.3848167038436365
2025-01-22,0.0017145944050919503,0.0017145944050919503,0.0,0.0,1.3871911028161248
2025-02-03,0.0010565305342267288,0.0010565305342267288,0.0,0.0,1.3886567125730576
2025-02-04,-0.005230861760390221,-0.005230861760390221,0.0,0.0,1.38139284127695
2025-02-05,0.006989034802951921,0.006989034802951921,0.0,0.0,1.3910474439211833
2025-02-06,0.008695710439367293,0.008695710439367293,0.0,0.0,1.4031435897009439
2025-02-07,-0.0032765709206166666,-0.0032765709206166666,0.0,0.0,1.3985460902174802
2025-02-10,-0.0013537014960718226,-0.0013537014960718226,0.0,0.0,1.3966528762828274
2025-02-11,0.0005675083071932149,0.0005675083071932149,0.0,0.0,1.3974454883923833
2025-02-12,0.0028047792396561793,0.0028047792396561793,0.0,0.0,1.4013650144867773
2025-02-13,0.005485423332120167,0.005485423332120167,0.0,0.0,1.4090520948340601
2025-02-14,0.00027333884711522555,0.00027333884711522555,0.0,0.0,1.4094372435091873
2025-02-17,0.0050668204797599415,0.0050668204797599415,0.0,0.0,1.416578608999536
2025-02-18,0.0034973336600436986,0.0034973336600436986,0.0,0.0,1.421532857050888
2025-02-19,-0.0001680807831143722,-0.0001680807831143722,0.0,0.0,1.4212939246950522
2025-02-20,-0.0014843009114587833,-0.0014843009114587833,0.0,0.0,1.4191842968271766
2025-02-21,0.00698927508765591,0.00698927508765591,0.0,0.0,1.4291033662777832
2025-02-24,-0.0015310701972489624,-0.0015310701972489624,0.0,0.0,1.4269153087048871
2025-02-25,-0.00266121607885975,-0.00266121607885975,0.0,0.0,1.4231179787421906
2025-02-26,0.005441679859642762,0.005441679859642762,0.0,0.0,1.4308621311850076
2025-02-27,-0.004214055634824565,-0.004214055634824565,0.0,0.0,1.4248323985584304
2025-03-03,0.004307182782253411,0.004307182782253411,0.0,0.0,1.430969412133098
2025-03-04,-0.0060461444741901176,-0.0060461444741901176,0.0,0.0,1.4223175643291943
2025-03-05,0.001756642156575066,0.001756642156575066,0.0,0.0,1.4248160673227321
2025-03-06,-0.0012722041938613904,-0.0012722041938613904,0.0,0.0,1.423003410346403
2025-03-07,-0.00403138095748725,-0.00403138095748725,0.0,0.0,1.4172667414954931
2025-03-10,-0.0012076558272339389,-0.0012076558272339389,0.0,0.0,1.4155551710563812
2025-03-11,-0.005905096681983155,-0.005905096681983155,0.0,0.0,1.4071961809126121
2025-03-12,0.0007422907256861424,0.0007422907256861424,0.0,0.0,1.4082407295869246
2025-03-13,-0.0018747873692499632,-0.0018747873692499632,0.0,0.0,1.4056005776542317
2025-03-14,0.0031673459810386013,0.0031673459810386013,0.0,0.0,1.4100526009948104
2025-03-17,0.0023765086974344863,0.0023765086974344863,0.0,0.0,1.4134036032649149
2025-03-18,0.005660604690833129,0.005660604690833129,0.0,0.0,1.4214043223315969
2025-03-19,-0.006531580430924933,-0.006531580430924933,0.0,0.0,1.4121203056754237
2025-03-20,0.00805547262878174,0.00805547262878174,0.0,0.0,1.423495602146339
2025-03-21,-0.002086162632430663,-0.002086162632430663,0.0,0.0,1.4205259588137118
2025-03-24,0.0008178419963031964,0.0008178419963031964,0.0,0.0,1.4216877245996684
2025-03-25,-0.003135375650845015,-0.003135375650845015,0.0,0.0,1.4172301995248533
2025-03-26,0.003943352654444024,0.003943352654444024,0.0,0.0,1.422818837994108
2025-03-27,0.0005106972201653589,0.0005106972201653589,0.0,0.0,1.4235454676194705
2025-03-28,-0.009778326047084392,-0.009778326047084392,0.0,0.0,1.4096255758942382
2025-03-31,-0.022507930271289035,-0.022507930271289035,0.0,0.0,1.377897821723385
2025-04-01,0.011136525630366503,0.011136525630366503,0.0,0.0,1.3932428161310337
2025-04-02,0.0032147532621110758,0.0032147532621110758,0.0,0.0,1.397721748019104
2025-04-07,-0.08656047280776995,-0.08656047280776995,0.0,0.0,1.2767342926568677
2025-04-08,-0.0032789395532005373,-0.0032789395532005373,0.0,0.0,1.2725479580857475
2025-04-09,-0.05062886695731039,-0.05062886695731039,0.0,0.0,1.2081202968190272
2025-04-10,0.07264181090236402,0.07264181090236402,0.0,0.0,1.295880342967863
2025-04-11,0.0054673103282768375,0.0054673103282768375,0.0,0.0,1.302965322951182
2025-04-14,0.0025415642558745564,0.0025415642558745564,0.0,0.0,1.3062768930426387
2025-04-15,0.01330816525910321,0.01330816525910321,0.0,0.0,1.323661041809398
2025-04-16,-0.006492195874927594,-0.006492195874927594,0.0,0.0,1.3150675750539607
2025-04-17,-0.006767943781325475,-0.006767943781325475,0.0,0.0,1.3061672716373514
2025-04-18,-0.00026563974834582197,-0.00026563974834582197,0.0,0.0,1.305820301692016
2025-04-21,-0.005056459729569389,-0.005056459729569389,0.0,0.0,1.2992174739224562
2025-04-22,-0.007941427430207182,-0.007941427430207182,0.0,0.0,1.2888998326372438
2025-04-23,0.016394453292155407,0.016394453292155407,0.0,0.0,1.310030640741682
2025-04-24,-0.003704302056285418,-0.003704302056285418,0.0,0.0,1.3051778915453855
2025-04-25,0.0019284282248015823,0.0019284282248015823,0.0,0.0,1.3076948334298286
2025-04-28,0.004119912920459027,0.004119912920459027,0.0,0.0,1.3130824222700936
2025-04-29,0.009750677301684602,0.009750677301684602,0.0,0.0,1.3258858652401637
2025-04-30,0.003282264308335822,0.003282264308335822,0.0,0.0,1.3302377730925685
2025-05-02,0.004250891869483702,0.004250891869483702,0.0,0.0,1.3358924700266879
2025-05-05,-0.007319968123589074,-0.007319968123589074,0.0,0.0,1.32611377972955
2025-05-06,0.012029729378429298,0.012029729378429298,0.0,0.0,1.3420665696247023
2025-05-07,0.0013797174141010117,0.0013797174141010117,0.0,0.0,1.3439182422416964
2025-05-08,-0.00015803836615020748,-0.00015803836615020748,0.0,0.0,1.343705851598453
2025-05-09,0.010618455012965364,0.010618455012965364,0.0,0.0,1.3579739317343094
2025-05-12,0.007133923191286451,0.007133923191286451,0.0,0.0,1.3676616134590711
2025-05-13,-0.0006979596280247764,-0.0011567484376559484,0.31640607560770473,0.0004587888096311719,1.3660795730244604
2025-05-14,0.006412077869697374,0.006412077869697374,0.0,0.0,1.3748389816228963
2025-05-15,0.00648133338479547,0.00648133338479547,0.0,0.0,1.383749771413207
2025-05-16,0.003093316746778273,0.003093316746778273,0.0,0.0,1.3880301477544703
2025-05-19,-0.005387514738643243,-0.005387514738643243,0.0,0.0,1.3805521148757618
2025-05-20,0.0028203123542931514,0.0028203123542931514,0.0,0.0,1.3844457030610915
2025-05-21,0.007023303492955874,0.007023303492955874,0.0,0.0,1.3941690854032083
2025-05-22,-0.0073122120702312325,-0.0073122120702312325,0.0,0.0,1.3839746253889798
2025-05-23,0.004290777134962173,0.004290777134962173,0.0,0.0,1.3899129520669664
2025-05-26,-0.0006716557747342439,-0.0006716557747342439,0.0,0.0,1.3889794090063328
2025-05-27,-0.008457417209672014,-0.008457417209672014,0.0,0.0,1.3772322306487226
2025-05-28,-0.0020227229567784705,-0.0020227229567784705,0.0,0.0,1.3744464713989741
2025-05-29,-0.006911552480901978,-0.006911552480901978,0.0,0.0,1.3649469124797096
2025-06-02,-0.008203278915140316,-0.008203278915140316,0.0,0.0,1.353749872252279
2025-06-03,0.0005822385255452427,0.0005822385255452427,0.0,0.0,1.354538077581856
2025-06-04,0.004489263694916383,0.004489263694916383,0.0,0.0,1.360618956196926
2025-06-05,0.005463572786417773,0.005463572786417773,0.0,0.0,1.3680527968986878
2025-06-06,0.004819101484312848,0.004819101484312848,0.0,0.0,1.3746455821628405
2025-06-09,0.007759028157420133,0.007759028157420133,0.0,0.0,1.385311495941315
2025-06-10,0.005502269566029328,0.005502269566029328,0.0,0.0,1.3929338532249036
2025-06-11,0.002239017363588664,0.002239017363588664,0.0,0.0,1.3960526563086046
2025-06-12,0.0035161861662039093,0.0035161861662039093,0.0,0.0,1.400961437346009
2025-06-13,9.39221276969166e-05,9.39221276969166e-05,0.0,0.0,1.401093018625026
2025-06-16,0.0036800587767786145,0.0036800587767786145,0.0,0.0,1.4062491232853005
2025-06-17,-0.0009225771295454453,-0.0009225771295454453,0.0,0.0,1.404951750005714
2025-06-18,0.005599277579502145,0.005599277579502145,0.0,0.0,1.4128184648398034
2025-06-19,-0.01021599159578028,-0.01021599159578028,0.0,0.0,1.3983851232766369
2025-06-20,-0.007930822104449068,-0.007930822104449068,0.0,0.0,1.3872947796304218
2025-06-23,-0.009454919719459496,-0.009454919719459496,0.0,0.0,1.374178018861791
2025-06-24,0.0014010510226472985,0.0014010510226472985,0.0,0.0,1.3761033123804165
2025-06-25,0.007031458245277541,0.007031458245277541,0.0,0.0,1.3857793253626074
2025-06-26,-0.0009815986337131045,-0.0009815986337131045,0.0,0.0,1.3844190462702037
2025-06-27,0.006523156461429597,0.006523156461429597,0.0,0.0,1.3934498283172074
2025-06-30,-0.004245128194494041,-0.004245128194494041,0.0,0.0,1.3875344551634052
2025-07-01,0.0022274768135292305,0.0022274768135292305,0.0,0.0,1.3906251559902547
2025-07-02,7.825363107799707e-05,7.825363107799707e-05,0.0,0.0,1.3907339774581793
2025-07-03,0.0044361495792599875,0.0044361495792599875,0.0,0.0,1.396903481407143
2025-07-04,-0.003806222170333131,-0.003806222170333131,0.0,0.0,1.3915865564063956
2025-07-07,-0.0037592150154728355,-0.0037592150154728355,0.0,0.0,1.3863552833282227
2025-07-08,-0.0003126139025299,-0.0003126139025299,0.0,0.0,1.3859218893928085
2025-07-09,-0.008293771831267133,-0.008293771831267133,0.0,0.0,1.374427369466226
2025-07-10,0.0069938160103500575,0.0069938160103500575,0.0,0.0,1.384039861607862
2025-07-11,0.01020828060070989,0.01020828060070989,0.0,0.0,1.3981685288777228
2025-07-14,0.0034383186104605555,0.0034383186104605555,0.0,0.0,1.4029758777511232
2025-07-15,-0.002119397872739055,-0.002119397872739055,0.0,0.0,1.4000024136603133
2025-07-16,0.001398294747165717,0.001398294747165717,0.0,0.0,1.401960029681354
2025-07-17,0.0024436129359163977,0.0024436129359163977,0.0,0.0,1.405385877345521
2025-07-18,-0.003234258254080074,-0.003234258254080074,0.0,0.0,1.4008404964715486
2025-07-21,-0.0019705727416573027,-0.0019705727416573027,0.0,0.0,1.3980800383737921
2025-07-22,-0.007379614780428305,-0.007379614780428305,0.0,0.0,1.3877627462583872
2025-07-23,0.00810672095514612,0.00810672095514612,0.0,0.0,1.3990129515942513
2025-07-24,-0.003449574059156594,-0.003449574059156594,0.0,0.0,1.3941869528080078
2025-07-25,-0.0016012637676977625,-0.0016012637676977625,0.0,0.0,1.3919544917550792
2025-07-28,-0.0019777295287216057,-0.0019777295287216057,0.0,0.0,1.3892015822540986
2025-07-29,-0.005367101272948296,-0.005367101272948296,0.0,0.0,1.381745596673601
2025-07-30,0.006558342897108717,0.006558342897108717,0.0,0.0,1.3908075580931567
2025-07-31,-0.009867593318220179,-0.009867593318220179,0.0,0.0,1.3770836347259865
2025-08-01,0.004591512301494308,0.004591512301494308,0.0,0.0,1.3834065311750174
2025-08-04,0.008059006763301938,0.008059006763301938,0.0,0.0,1.394555413766153
2025-08-05,0.007750968281653139,0.007750968281653139,0.0,0.0,1.4053645685452623
2025-08-06,0.0033782801702921684,0.0033782801702921684,0.0,0.0,1.41011228379921
2025-08-07,-0.009502791777012866,-0.009502791777012866,0.0,0.0,1.396712280384058
2025-08-08,0.0006663522787201527,0.0006663522787201527,0.0,0.0,1.3976429827948085
2025-08-11,0.0014800781346773456,0.0014800781346773456,0.0,0.0,1.3997116036137283
2025-08-12,-0.0034597896632071593,-0.0034597896632071593,0.0,0.0,1.3948688958760744
2025-08-13,0.003760440982881905,0.003760440982881905,0.0,0.0,1.400114218037874
2025-08-14,0.0037242340025915284,0.0037242340025915284,0.0,0.0,1.4053285710162027
2025-08-15,-0.0012170920630840297,-0.0012170920630840297,0.0,0.0,1.4036181567663937
2025-08-18,0.004986802950226309,0.004986802950226309,0.0,0.0,1.4106177239315474
2025-08-19,-0.0025491907205165408,-0.0025491907205165408,0.0,0.0,1.407021790319505
2025-08-20,-0.00641321074707416,-0.00641321074707416,0.0,0.0,1.3979982630524606
2025-08-21,0.0017269521265663647,0.0017269521265663647,0.0,0.0,1.4004125391257751
2025-08-22,-0.005421723046011635,-0.005421723046011635,0.0,0.0,1.3928198901884732
2025-08-25,0.004255104080774991,0.004255104080774991,0.0,0.0,1.3987464837869987
2025-08-26,-0.006211706325315214,-0.006211706325315214,0.0,0.0,1.3900578814061466
2025-08-27,0.0006961410455912209,0.0006961410455912209,0.0,0.0,1.391025557753141
2025-08-28,0.00561411171618474,0.00561411171618474,0.0,0.0,1.3988349306344352
2025-08-29,-0.002293784414852099,-0.002293784414852099,0.0,0.0,1.3956263048715953
2025-09-01,-0.002492153380016051,-0.002492153380016051,0.0,0.0,1.3921481900586703
2025-09-02,0.0037109819151970188,0.0037109819151970188,0.0,0.0,1.3973144268152522
2025-09-03,0.0019099696124253488,0.0019099696124253488,0.0,0.0,1.3999832549094728
2025-09-04,0.005734550946063519,0.005734550946063519,0.0,0.0,1.408011530208387
2025-09-05,-0.0008242260882503534,-0.0008242260882503534,0.0,0.0,1.406851010372632
2025-09-08,0.0018026869765944114,0.0018026869765944114,0.0,0.0,1.4093871223670393
2025-09-09,0.005629217944833814,0.005629217944833814,0.0,0.0,1.4173208696474855
2025-09-10,0.002981921792765141,0.002981921792765141,0.0,0.0,1.4215472096360282
2025-09-11,-0.007554200506277845,-0.007554200506277845,0.0,0.0,1.410808556985298
2025-09-12,0.009664007804760393,0.009664007804760393,0.0,0.0,1.4244426218910264
2025-09-15,-0.003535613081595267,-0.003535613081595267,0.0,0.0,1.4194063439230866
2025-09-16,-0.0007709094109806768,-0.0007709094109806768,0.0,0.0,1.4183121102145506
2025-09-17,-0.004387905119679805,-0.004387905119679805,0.0,0.0,1.4120886912448363
2025-09-18,0.005814662905856998,0.005814662905856998,0.0,0.0,1.420299510977598
2025-09-19,-0.0009114675643507853,-0.0009114675643507853,0.0,0.0,1.4190049540416787
2025-09-22,0.003347599648510286,0.003347599648510286,0.0,0.0,1.423755214527063
2025-09-23,0.002047929761900096,0.002047929761900096,0.0,0.0,1.4266709652045535
2025-09-24,0.0043413196173731836,0.0043413196173731836,0.0,0.0,1.4328645998533327
2025-09-25,-0.001604856091455597,-0.001604856091455597,0.0,0.0,1.430565058372027
2025-09-26,-0.003989448706938131,-0.003989448706938131,0.0,0.0,1.424857892449714
2025-09-30,0.008905452475820018,0.008905452475820018,0.0,0.0,1.437546896695722
2025-10-01,-0.0007021073171329748,-0.0007021073171329748,0.0,0.0,1.4365375845008304
2025-10-02,-0.0015651075496214235,-0.0015651075496214235,0.0,0.0,1.4342892486820131
2025-10-03,-0.0028138046841191585,-0.0028138046841191585,0.0,0.0,1.43025343887569
2025-10-07,0.005380043683160254,0.005380043683160254,0.0,0.0,1.4379482648548316
2025-10-08,0.0029775195926318022,0.0029775195926318022,0.0,0.0,1.4422297839866278
2025-10-09,-0.0017944194258182956,-0.0017944194258182956,0.0,0.0,1.4396418188457485
2025-10-13,-0.0082593594482262,-0.0082593594482262,0.0,0.0,1.4277512995872033
2025-10-14,-0.0018325663462173368,-0.0018325663462173368,0.0,0.0,1.4251348506048118
2025-10-15,-0.0009721740289864711,-0.0009721740289864711,0.0,0.0,1.4237493715152505
2025-10-16,0.003903265822788463,0.003903265822788463,0.0,0.0,1.4293066437773025
2025-10-17,0.0006566882331557393,0.0006566882331557393,0.0,0.0,1.4302452526318425
2025-10-20,0.005856723264616956,0.005856723264616956,0.0,0.0,1.4386218032770395
2025-10-21,0.0027082781793539078,0.0027082781793539078,0.0,0.0,1.4425179913151975
2025-10-22,0.005954312157078682,0.005954312157078682,0.0,0.0,1.4511071937276903
2025-10-23,-0.0008120480736024804,-0.0008120480736024804,0.0,0.0,1.449928824926433
2025-10-27,-0.005854334721739619,-0.005854334721739619,0.0,0.0,1.441440456262615
2025-10-28,-0.00545567309860139,-0.00545567309860139,0.0,0.0,1.4335764283421475
2025-10-29,0.0024949889325114353,0.0024949889325114353,0.0,0.0,1.4371531856647703
2025-10-30,-0.004598414999115745,-0.004598414999115745,0.0,0.0,1.4305445588997825
2025-10-31,-0.00670228451822647,-0.00670228451822647,0.0,0.0,1.4209566422500353
2025-11-03,0.004719227741706022,0.004719227741706022,0.0,0.0,1.4276624602559032
2025-11-04,-0.0037656590126237273,-0.0037656590126237273,0.0,0.0,1.422286370245456
2025-11-05,0.0032594944845286975,0.0032594944845286975,0.0,0.0,1.4269223048246915
2025-11-06,0.0007908129952087112,0.0007908129952087112,0.0,0.0,1.4280507335265002
2025-11-07,-0.0029248823183721734,-0.0029248823183721734,0.0,0.0,1.4238738531862702
2025-11-10,-0.002247854312930978,-0.002247854312930978,0.0,0.0,1.4206731922043159
2025-11-11,0.0001469347459517041,0.0001469347459517041,0.0,0.0,1.4208819384588929
2025-11-12,0.005899686493785326,0.005899686493785326,0.0,0.0,1.4292646964404823
2025-11-13,-0.006467815521003757,-0.006467815521003757,0.0,0.0,1.4200204760532218
2025-11-14,-0.006611238803069927,-0.006611238803069927,0.0,0.0,1.4106323815807849
2025-11-17,-0.003946527300438615,-0.003946527300438615,0.0,0.0,1.4050652823759935
2025-11-18,-0.01091333518787021,-0.01091333518787021,0.0,0.0,1.3897313339885848
2025-11-19,-0.0023459699807134434,-0.0023459699807134434,0.0,0.0,1.3864710659977908
2025-11-20,0.016689288672890278,0.016689288672890278,0.0,0.0,1.4096102818548377
2025-11-21,-0.010492196413295728,-0.010492196413295728,0.0,0.0,1.3948203739114158
2025-11-24,0.007798669781571805,0.007798669781571805,0.0,0.0,1.4056981174121592
2025-11-25,-0.008427543106429956,-0.008427543106429956,0.0,0.0,1.3938515359330408
2025-11-26,0.009392161082987219,0.009392161082987219,0.0,0.0,1.406942814084293
2025-11-27,0.00405644466916631,0.00405644466916631,0.0,0.0,1.412649999762307
2025-11-28,-0.0058859578927942195,-0.0058859578927942195,0.0,0.0,1.4043352013464503
2025-12-01,-0.002562977324817069,-0.002562977324817069,0.0,0.0,1.400735922068957
2025-12-02,0.005683903759841377,0.005683903759841377,0.0,0.0,1.4086975702429496
2025-12-03,-0.0015090430847245,-0.0015090430847245,0.0,0.0,1.4065717849161061
2025-12-04,0.005577437546262572,0.005577437546262572,0.0,0.0,1.4144168512008106
2025-12-05,0.0015590458194371273,0.0015590458194371273,0.0,0.0,1.4166219918796168
2025-12-08,-0.0031965194511748515,-0.0031965194511748515,0.0,0.0,1.4120937321276115
2025-12-09,-0.00017904083273398267,-0.00017904083273398267,0.0,0.0,1.411840909689913
2025-12-10,-0.0034038905803344213,-0.0034038905803344213,0.0,0.0,1.4070351577164886
2025-12-11,0.0009844348808792248,0.0009844348808792248,0.0,0.0,1.408420292204368
2025-12-12,0.0034327842881353853,0.0034327842881353853,0.0,0.0,1.4132550952545384
2025-12-15,0.0010103649138142768,0.0010103649138142768,0.0,0.0,1.4146829986170528
2025-12-16,0.0006009576301569993,0.0006009576301569993,0.0,0.0,1.4155331631593253
2025-12-17,0.006667982991891562,0.006667982991891562,0.0,0.0,1.4249719142157302
2025-12-18,-0.00042537253857714326,-0.00042537253857714326,0.0,0.0,1.4243657702951793
2025-12-19,0.012642109512075932,0.012642109512075932,0.0,0.0,1.4423727583485033
2025-12-22,0.0021986737839108286,0.0021986737839108286,0.0,0.0,1.4455440655189113
2025-12-23,-0.0032864163323951066,-0.0032864163323951066,0.0,0.0,1.4407934058927931
2025-12-24,0.002229466695584586,0.002229466695584586,0.0,0.0,1.444005606806449
2025-12-26,0.005056719553437263,0.005056719553437263,0.0,0.0,1.4513075381936602
2025-12-29,-0.0007689910690641923,-0.0007689910690641923,0.0,0.0,1.4501914956583237
2025-12-30,-1.5859680618607384e-05,-1.5859680618607384e-05,0.0,0.0,1.4501684960843668
2025-12-31,-0.006027666422349346,-0.006027666422349346,0.0,0.0,1.4414273641337703
2026-01-02,0.005178136799724557,0.005178136799724557,0.0,0.0,1.4488912722121212
2026-01-05,0.0038287684101485074,0.0038287684101485074,0.0,0.0,1.454438741344907
2026-01-06,0.008256630839270846,0.008256630839270846,0.0,0.0,1.4664475051105255
2026-01-07,0.005413543396522584,0.005413543396522584,0.0,0.0,1.4743861823181634
2026-01-08,-0.0019324455148827815,-0.0019324455148827815,0.0,0.0,1.4715370113529376
2026-01-09,0.0002886836151671907,0.0002886836151671907,0.0,0.0,1.4719618199772273
2026-01-12,0.002098629502948533,0.002098629502948533,0.0,0.0,1.4750509224798454
2026-01-13,-0.0007840555506808943,-0.0007840555506808943,0.0,0.0,1.4738944006165382
2026-01-14,0.006021094047044823,0.006021094047044823,0.0,0.0,1.4827688574180633
2026-01-15,0.008267420600235912,0.008267420600235912,0.0,0.0,1.4950275312152699
2026-01-16,0.002808853403002159,0.002808853403002159,0.0,0.0,1.4992268443839059
2026-01-19,0.006414455221667449,0.006414455221667449,0.0,0.0,1.5088435678443282
2026-01-20,-0.007250860366144433,-0.007250860366144433,0.0,0.0,1.4979031538195338
2026-01-21,-0.0056853279176205355,-0.0056853279176205355,0.0,0.0,1.4893870832012317
2026-01-22,0.0028965698847043097,0.0028965698847043097,0.0,0.0,1.4937011969731
2026-01-23,-3.728914781604296e-05,-3.728914781604296e-05,0.0,0.0,1.493645498128373
2026-01-26,0.0051778612117380236,0.0051778612117380236,0.0,0.0,1.5013793872172192
2026-01-27,-0.0041291042526648905,-0.0041291042526648905,0.0,0.0,1.4951800352045972
2026-01-28,-0.0010844914873869532,-0.0010844914873869532,0.0,0.0,1.4935585251843069
2026-01-29,-0.0017819177973339327,-0.0017819177973339327,0.0,0.0,1.490897126666921
2026-01-30,-0.007937136152414356,-0.007937136152414356,0.0,0.0,1.4790636731833224
2026-02-02,-0.008109378004805436,-0.008109378004805436,0.0,0.0,1.4670693867643028
2026-02-03,0.005235524094536523,0.005235524094536523,0.0,0.0,1.4747502638870642
2026-02-04,0.008807989930245126,0.008807989930245126,0.0,0.0,1.487739849361008
2026-02-05,0.000540500949876679,0.000540500949876679,0.0,0.0,1.4885439741627569
2026-02-06,0.0019139691316748773,0.0019139691316748773,0.0,0.0,1.491393001380445
2026-02-09,0.002262805995426835,0.002262805995426835,0.0,0.0,1.4947677344055064
2026-02-10,0.004678411559032183,0.004678411559032183,0.0,0.0,1.5017608730522174
2026-02-11,0.00817738696939792,0.00817738696939792,0.0,0.0,1.5140413528466663
2026-02-23,0.023773160238200287,0.023773160238200287,0.0,0.0,1.5500349005351517
2026-02-24,0.007532799641486486,0.007532799641486486,0.0,0.0,1.5617110028781944
2026-02-25,0.0014126299018775365,0.0014126299018775365,0.0,0.0,1.5639171225389512
2026-02-26,0.00032744866896999673,0.00032744866896999673,0.0,0.0,1.5644292251191059
2026-03-02,-0.006705519211895316,-0.006705519211895316,0.0,0.0,1.5539389148944192
2026-03-03,-0.005463888094610721,-0.005463888094610721,0.0,0.0,1.5454483665575751
2026-03-04,-0.034696700481359935,-0.034696700481359935,0.0,0.0,1.49182640747372
2026-03-05,0.0118275743186635,0.0118275743186635,0.0,0.0,1.5094710951786603
2026-03-06,0.005590542631010538,0.005590542631010538,0.0,0.0,1.5179098576865349
2026-03-09,-0.018920721713945834,-0.018920721713945834,0.0,0.0,1.4891899076823927
2026-03-10,-0.002075035046215122,-0.002075035046215122,0.0,0.0,1.486099786433482
2026-03-11,0.011008275869323951,0.011008275869323951,0.0,0.0,1.5024591828518852
2026-03-12,0.0022470027914633164,0.0022470027914633164,0.0,0.0,1.5058352128298131
2026-03-13,-0.0018857734132223013,-0.0018857734132223013,0.0,0.0,1.5029955488207647
2026-03-16,0.008978870967457019,0.008978870967457019,0.0,0.0,1.5164907519182884
2026-03-17,0.005857359995661372,0.005857359995661372,0.0,0.0,1.525373384182365
2026-03-18,0.0018712903756604984,0.0018712903756604984,0.0,0.0,1.5282278007154741
2026-03-19,-0.013105134480060723,-0.013105134480060723,0.0,0.0,1.5082001698709304
2026-03-20,-0.000614944166400765,-0.000614944166400765,0.0,0.0,1.5072727109747037
2026-03-23,-0.01677191003565133,-0.01677191003565133,0.0,0.0,1.4819928686670436
2026-03-24,0.007448630327204305,0.007448630327204305,0.0,0.0,1.4930316856932975
2026-03-25,0.010613479549963618,0.010613479549963618,0.0,0.0,1.5088779469568512
2026-03-26,-0.0004951157493328165,-0.0004951157493328165,0.0,0.0,1.508130877721492
2026-03-27,-0.0012473099696547895,-0.0012473099696547895,0.0,0.0,1.5062497710421656
2026-03-30,-0.013014890000580152,-0.013014890000580152,0.0,0.0,1.4866460959586527
2026-03-31,-0.008201212124268456,-0.008201212124268456,0.0,0.0,1.4744537959719801
2026-04-01,0.02209533309529936,0.02209533309529936,0.0,0.0,1.5070323437276094
2026-04-02,-0.004654287873617653,-0.004654287873617653,0.0,0.0,1.5000181813650484
2026-04-07,0.006090286136128378,0.006090286136128378,0.0,0.0,1.5091537212989563
2026-04-08,0.011996060957837174,0.011996060957837174,0.0,0.0,1.5272576213344053
2026-04-09,0.008690609792141566,0.008690609792141566,0.0,0.0,1.540530421373497
2026-04-10,-0.0061443164821818105,-0.0061443164821818105,0.0,0.0,1.5310649149141493
2026-04-13,-0.003711132426053275,-0.003711132426053275,0.0,0.0,1.525382930262019
2026-04-14,0.009445968093363526,0.009445968093363526,0.0,0.0,1.5397916487514356
2026-04-15,0.007967770631580325,0.007967770631580325,0.0,0.0,1.55206035542911
2026-04-16,0.006971712876984424,0.006971712876984424,0.0,0.0,1.562880874594912
2026-04-17,0.00565571317870036,0.00565571317870036,0.0,0.0,1.5717200805540972
