date,gross_ret,net_ret,turnover,total_cost,equity
2015-01-05,0.0,0.0,0.0,0.0,1.0
2015-01-06,0.0,0.0,0.0,0.0,1.0
2015-01-07,0.0,0.0,0.0,0.0,1.0
2015-01-08,0.0,0.0,0.0,0.0,1.0
2015-01-09,0.0,0.0,0.0,0.0,1.0
2015-01-12,0.0,0.0,0.0,0.0,1.0
2015-01-13,0.0,0.0,0.0,0.0,1.0
2015-01-14,0.0,0.0,0.0,0.0,1.0
2015-01-15,0.0,0.0,0.0,0.0,1.0
2015-01-16,0.0,0.0,0.0,0.0,1.0
2015-01-19,0.0,0.0,0.0,0.0,1.0
2015-01-20,0.0,0.0,0.0,0.0,1.0
2015-01-21,0.0,0.0,0.0,0.0,1.0
2015-01-22,0.0,0.0,0.0,0.0,1.0
2015-01-23,0.0,0.0,0.0,0.0,1.0
2015-01-26,0.0,0.0,0.0,0.0,1.0
2015-01-27,0.0,0.0,0.0,0.0,1.0
2015-01-28,0.0,0.0,0.0,0.0,1.0
2015-01-29,0.0,0.0,0.0,0.0,1.0
2015-01-30,0.0,0.0,0.0,0.0,1.0
2015-02-02,0.0,0.0,0.0,0.0,1.0
2015-02-03,0.0,0.0,0.0,0.0,1.0
2015-02-04,0.0,0.0,0.0,0.0,1.0
2015-02-05,0.0,0.0,0.0,0.0,1.0
2015-02-06,0.0,0.0,0.0,0.0,1.0
2015-02-09,0.0,0.0,0.0,0.0,1.0
2015-02-10,0.0,0.0,0.0,0.0,1.0
2015-02-11,0.0,0.0,0.0,0.0,1.0
2015-02-12,0.0,0.0,0.0,0.0,1.0
2015-02-13,0.0,0.0,0.0,0.0,1.0
2015-02-24,0.0,0.0,0.0,0.0,1.0
2015-02-25,0.0,0.0,0.0,0.0,1.0
2015-02-26,0.0,0.0,0.0,0.0,1.0
2015-03-02,0.0,0.0,0.0,0.0,1.0
2015-03-03,0.0,0.0,0.0,0.0,1.0
2015-03-04,0.0,0.0,0.0,0.0,1.0
2015-03-05,0.0,0.0,0.0,0.0,1.0
2015-03-06,0.0,0.0,0.0,0.0,1.0
2015-03-09,0.0,0.0,0.0,0.0,1.0
2015-03-10,0.0,0.0,0.0,0.0,1.0
2015-03-11,0.0,0.0,0.0,0.0,1.0
2015-03-12,0.0,0.0,0.0,0.0,1.0
2015-03-13,0.0,0.0,0.0,0.0,1.0
2015-03-16,0.0,0.0,0.0,0.0,1.0
2015-03-17,0.0,0.0,0.0,0.0,1.0
2015-03-18,0.0,0.0,0.0,0.0,1.0
2015-03-19,0.0,0.0,0.0,0.0,1.0
2015-03-20,0.0,0.0,0.0,0.0,1.0
2015-03-23,0.0,0.0,0.0,0.0,1.0
2015-03-24,0.0,0.0,0.0,0.0,1.0
2015-03-25,0.0,0.0,0.0,0.0,1.0
2015-03-26,0.0,0.0,0.0,0.0,1.0
2015-03-27,0.0,0.0,0.0,0.0,1.0
2015-03-30,0.0,0.0,0.0,0.0,1.0
2015-03-31,0.0,0.0,0.0,0.0,1.0
2015-04-01,0.0,0.0,0.0,0.0,1.0
2015-04-02,0.0,0.0,0.0,0.0,1.0
2015-04-07,0.0,0.0,0.0,0.0,1.0
2015-04-08,0.0,0.0,0.0,0.0,1.0
2015-04-09,0.0,0.0,0.0,0.0,1.0
2015-04-10,0.0,0.0,0.0,0.0,1.0
2015-04-13,0.0,0.0,0.0,0.0,1.0
2015-04-14,0.0,0.0,0.0,0.0,1.0
2015-04-15,0.0,0.0,0.0,0.0,1.0
2015-04-16,0.0,0.0,0.0,0.0,1.0
2015-04-17,0.0,0.0,0.0,0.0,1.0
2015-04-20,0.0,0.0,0.0,0.0,1.0
2015-04-21,0.0,0.0,0.0,0.0,1.0
2015-04-22,0.0,0.0,0.0,0.0,1.0
2015-04-23,0.0,0.0,0.0,0.0,1.0
2015-04-24,0.0,0.0,0.0,0.0,1.0
2015-04-27,0.0,0.0,0.0,0.0,1.0
2015-04-28,0.0,0.0,0.0,0.0,1.0
2015-04-29,0.0,0.0,0.0,0.0,1.0
2015-04-30,0.0,0.0,0.0,0.0,1.0
2015-05-04,0.0,0.0,0.0,0.0,1.0
2015-05-05,0.0,0.0,0.0,0.0,1.0
2015-05-06,0.0,0.0,0.0,0.0,1.0
2015-05-07,0.0,0.0,0.0,0.0,1.0
2015-05-08,0.0,0.0,0.0,0.0,1.0
2015-05-11,0.0,0.0,0.0,0.0,1.0
2015-05-12,0.0,0.0,0.0,0.0,1.0
2015-05-13,0.0,0.0,0.0,0.0,1.0
2015-05-14,0.0,0.0,0.0,0.0,1.0
2015-05-15,0.0,0.0,0.0,0.0,1.0
2015-05-18,0.0,0.0,0.0,0.0,1.0
2015-05-19,0.0,0.0,0.0,0.0,1.0
2015-05-20,0.0,0.0,0.0,0.0,1.0
2015-05-21,0.0,0.0,0.0,0.0,1.0
2015-05-22,0.0,0.0,0.0,0.0,1.0
2015-05-25,0.0,0.0,0.0,0.0,1.0
2015-05-26,0.0,0.0,0.0,0.0,1.0
2015-05-27,0.0,0.0,0.0,0.0,1.0
2015-05-28,0.0,0.0,0.0,0.0,1.0
2015-05-29,0.0,0.0,0.0,0.0,1.0
2015-06-01,0.0,0.0,0.0,0.0,1.0
2015-06-02,0.0,0.0,0.0,0.0,1.0
2015-06-03,0.0,0.0,0.0,0.0,1.0
2015-06-04,0.0,0.0,0.0,0.0,1.0
2015-06-05,0.0,0.0,0.0,0.0,1.0
2015-06-08,0.0,0.0,0.0,0.0,1.0
2015-06-09,0.0,0.0,0.0,0.0,1.0
2015-06-10,0.0,0.0,0.0,0.0,1.0
2015-06-11,0.0,0.0,0.0,0.0,1.0
2015-06-12,0.0,0.0,0.0,0.0,1.0
2015-06-15,0.0,0.0,0.0,0.0,1.0
2015-06-16,0.0,0.0,0.0,0.0,1.0
2015-06-17,0.0,0.0,0.0,0.0,1.0
2015-06-18,0.0,0.0,0.0,0.0,1.0
2015-06-22,0.0,0.0,0.0,0.0,1.0
2015-06-23,0.0,0.0,0.0,0.0,1.0
2015-06-24,0.0,0.0,0.0,0.0,1.0
2015-06-25,0.0,0.0,0.0,0.0,1.0
2015-06-26,0.0,0.0,0.0,0.0,1.0
2015-06-29,0.0,0.0,0.0,0.0,1.0
2015-06-30,0.0,0.0,0.0,0.0,1.0
2015-07-01,0.0,0.0,0.0,0.0,1.0
2015-07-02,0.0,0.0,0.0,0.0,1.0
2015-07-03,0.0,0.0,0.0,0.0,1.0
2015-07-06,0.0,0.0,0.0,0.0,1.0
2015-07-07,0.0,0.0,0.0,0.0,1.0
2015-07-08,0.0,0.0,0.0,0.0,1.0
2015-07-09,0.0,0.0,0.0,0.0,1.0
2015-07-13,0.0,0.0,0.0,0.0,1.0
2015-07-14,0.0,0.0,0.0,0.0,1.0
2015-07-15,0.0,0.0,0.0,0.0,1.0
2015-07-16,0.0,0.0,0.0,0.0,1.0
2015-07-17,0.0,0.0,0.0,0.0,1.0
2015-07-20,0.0,0.0,0.0,0.0,1.0
2015-07-21,0.0,0.0,0.0,0.0,1.0
2015-07-22,0.0,0.0,0.0,0.0,1.0
2015-07-23,0.0,0.0,0.0,0.0,1.0
2015-07-24,0.0,0.0,0.0,0.0,1.0
2015-07-27,0.0,0.0,0.0,0.0,1.0
2015-07-28,0.0,0.0,0.0,0.0,1.0
2015-07-29,0.0,0.0,0.0,0.0,1.0
2015-07-30,0.0,0.0,0.0,0.0,1.0
2015-07-31,0.0,0.0,0.0,0.0,1.0
2015-08-03,0.0,0.0,0.0,0.0,1.0
2015-08-04,0.0,0.0,0.0,0.0,1.0
2015-08-05,0.0,0.0,0.0,0.0,1.0
2015-08-06,0.0,0.0,0.0,0.0,1.0
2015-08-07,0.0,0.0,0.0,0.0,1.0
2015-08-10,0.0,0.0,0.0,0.0,1.0
2015-08-11,0.0,0.0,0.0,0.0,1.0
2015-08-12,0.0,0.0,0.0,0.0,1.0
2015-08-13,0.0,0.0,0.0,0.0,1.0
2015-08-14,0.0,0.0,0.0,0.0,1.0
2015-08-17,0.0,0.0,0.0,0.0,1.0
2015-08-18,0.0,0.0,0.0,0.0,1.0
2015-08-19,0.0,0.0,0.0,0.0,1.0
2015-08-20,0.0,0.0,0.0,0.0,1.0
2015-08-21,0.0,0.0,0.0,0.0,1.0
2015-08-24,0.0,0.0,0.0,0.0,1.0
2015-08-25,0.0,0.0,0.0,0.0,1.0
2015-08-26,0.0,0.0,0.0,0.0,1.0
2015-08-27,0.0,0.0,0.0,0.0,1.0
2015-08-28,0.0,0.0,0.0,0.0,1.0
2015-08-31,0.0,0.0,0.0,0.0,1.0
2015-09-01,0.0,0.0,0.0,0.0,1.0
2015-09-02,0.0,0.0,0.0,0.0,1.0
2015-09-03,0.0,0.0,0.0,0.0,1.0
2015-09-04,0.0,0.0,0.0,0.0,1.0
2015-09-07,0.0,0.0,0.0,0.0,1.0
2015-09-08,0.0,0.0,0.0,0.0,1.0
2015-09-09,0.0,0.0,0.0,0.0,1.0
2015-09-10,0.0,0.0,0.0,0.0,1.0
2015-09-11,0.0,0.0,0.0,0.0,1.0
2015-09-14,0.0,0.0,0.0,0.0,1.0
2015-09-15,0.0,0.0,0.0,0.0,1.0
2015-09-16,0.0,0.0,0.0,0.0,1.0
2015-09-17,0.0,0.0,0.0,0.0,1.0
2015-09-18,0.0,0.0,0.0,0.0,1.0
2015-09-21,0.0,0.0,0.0,0.0,1.0
2015-09-22,0.0,0.0,0.0,0.0,1.0
2015-09-23,0.0,0.0,0.0,0.0,1.0
2015-09-24,0.0,0.0,0.0,0.0,1.0
2015-09-25,0.0,0.0,0.0,0.0,1.0
2015-09-30,0.0,0.0,0.0,0.0,1.0
2015-10-01,0.0,0.0,0.0,0.0,1.0
2015-10-02,0.0,0.0,0.0,0.0,1.0
2015-10-05,0.0,0.0,0.0,0.0,1.0
2015-10-06,0.0,0.0,0.0,0.0,1.0
2015-10-07,0.0,0.0,0.0,0.0,1.0
2015-10-08,0.0,0.0,0.0,0.0,1.0
2015-10-12,0.0,0.0,0.0,0.0,1.0
2015-10-13,0.0,0.0,0.0,0.0,1.0
2015-10-14,0.0,0.0,0.0,0.0,1.0
2015-10-15,0.0,0.0,0.0,0.0,1.0
2015-10-16,0.0,0.0,0.0,0.0,1.0
2015-10-19,0.0,0.0,0.0,0.0,1.0
2015-10-20,0.0,0.0,0.0,0.0,1.0
2015-10-21,0.0,0.0,0.0,0.0,1.0
2015-10-22,0.0,0.0,0.0,0.0,1.0
2015-10-23,0.0,0.0,0.0,0.0,1.0
2015-10-26,0.0,0.0,0.0,0.0,1.0
2015-10-27,0.0,0.0,0.0,0.0,1.0
2015-10-28,0.0,0.0,0.0,0.0,1.0
2015-10-29,0.0,0.0,0.0,0.0,1.0
2015-10-30,0.0,0.0,0.0,0.0,1.0
2015-11-02,0.0,0.0,0.0,0.0,1.0
2015-11-03,0.0,0.0,0.0,0.0,1.0
2015-11-04,0.0,0.0,0.0,0.0,1.0
2015-11-05,0.0,0.0,0.0,0.0,1.0
2015-11-06,0.0,0.0,0.0,0.0,1.0
2015-11-09,0.0,0.0,0.0,0.0,1.0
2015-11-10,0.0,0.0,0.0,0.0,1.0
2015-11-11,0.0,0.0,0.0,0.0,1.0
2015-11-12,0.0,0.0,0.0,0.0,1.0
2015-11-13,0.0,0.0,0.0,0.0,1.0
2015-11-16,0.0,0.0,0.0,0.0,1.0
2015-11-17,0.0,0.0,0.0,0.0,1.0
2015-11-18,0.0,0.0,0.0,0.0,1.0
2015-11-19,0.0,0.0,0.0,0.0,1.0
2015-11-20,0.0,0.0,0.0,0.0,1.0
2015-11-23,0.0,0.0,0.0,0.0,1.0
2015-11-24,0.0,0.0,0.0,0.0,1.0
2015-11-25,0.0,0.0,0.0,0.0,1.0
2015-11-26,0.0,0.0,0.0,0.0,1.0
2015-11-27,0.0,0.0,0.0,0.0,1.0
2015-11-30,0.0,0.0,0.0,0.0,1.0
2015-12-01,0.0,0.0,0.0,0.0,1.0
2015-12-02,0.0,0.0,0.0,0.0,1.0
2015-12-03,0.0,0.0,0.0,0.0,1.0
2015-12-04,0.0,0.0,0.0,0.0,1.0
2015-12-07,0.0,0.0,0.0,0.0,1.0
2015-12-08,0.0,0.0,0.0,0.0,1.0
2015-12-09,0.0,0.0,0.0,0.0,1.0
2015-12-10,0.0,0.0,0.0,0.0,1.0
2015-12-11,0.0,0.0,0.0,0.0,1.0
2015-12-14,0.0,0.0,0.0,0.0,1.0
2015-12-15,0.0,0.0,0.0,0.0,1.0
2015-12-16,0.0,0.0,0.0,0.0,1.0
2015-12-17,0.0,0.0,0.0,0.0,1.0
2015-12-18,0.0,0.0,0.0,0.0,1.0
2015-12-21,0.0,0.0,0.0,0.0,1.0
2015-12-22,0.0,0.0,0.0,0.0,1.0
2015-12-23,0.0,0.0,0.0,0.0,1.0
2015-12-24,0.0,0.0,0.0,0.0,1.0
2015-12-25,0.0,0.0,0.0,0.0,1.0
2015-12-28,0.0,0.0,0.0,0.0,1.0
2015-12-29,0.0,0.0,0.0,0.0,1.0
2015-12-30,0.0,0.0,0.0,0.0,1.0
2015-12-31,0.0,0.0,0.0,0.0,1.0
2016-01-04,0.0,0.0,0.0,0.0,1.0
2016-01-05,0.0,0.0,0.0,0.0,1.0
2016-01-06,0.0,0.0,0.0,0.0,1.0
2016-01-07,0.0,0.0,0.0,0.0,1.0
2016-01-08,0.0,0.0,0.0,0.0,1.0
2016-01-11,0.0,0.0,0.0,0.0,1.0
2016-01-12,0.0,0.0,0.0,0.0,1.0
2016-01-13,0.0,0.0,0.0,0.0,1.0
2016-01-14,0.0,0.0,0.0,0.0,1.0
2016-01-15,0.0,0.0,0.0,0.0,1.0
2016-01-18,0.0,0.0,0.0,0.0,1.0
2016-01-19,0.0,0.0,0.0,0.0,1.0
2016-01-20,0.0,0.0,0.0,0.0,1.0
2016-01-21,0.0,0.0,0.0,0.0,1.0
2016-01-22,0.0,0.0,0.0,0.0,1.0
2016-01-25,0.0,0.0,0.0,0.0,1.0
2016-01-26,0.0,0.0,0.0,0.0,1.0
2016-01-27,0.0,0.0,0.0,0.0,1.0
2016-01-28,0.0,0.0,0.0,0.0,1.0
2016-01-29,0.0,0.0,0.0,0.0,1.0
2016-01-30,0.0,0.0,0.0,0.0,1.0
2016-02-01,0.0,0.0,0.0,0.0,1.0
2016-02-02,0.0,0.0,0.0,0.0,1.0
2016-02-03,0.0,0.0,0.0,0.0,1.0
2016-02-15,0.0,0.0,0.0,0.0,1.0
2016-02-16,0.0,0.0,0.0,0.0,1.0
2016-02-17,0.0,0.0,0.0,0.0,1.0
2016-02-18,0.0,0.0,0.0,0.0,1.0
2016-02-19,0.0,0.0,0.0,0.0,1.0
2016-02-22,0.0,0.0,0.0,0.0,1.0
2016-02-23,0.0,0.0,0.0,0.0,1.0
2016-02-24,0.0,0.0,0.0,0.0,1.0
2016-02-25,0.0,0.0,0.0,0.0,1.0
2016-02-26,0.0,0.0,0.0,0.0,1.0
2016-03-01,0.0,0.0,0.0,0.0,1.0
2016-03-02,0.0,0.0,0.0,0.0,1.0
2016-03-03,0.0,0.0,0.0,0.0,1.0
2016-03-04,0.0,0.0,0.0,0.0,1.0
2016-03-07,0.0,0.0,0.0,0.0,1.0
2016-03-08,0.0,0.0,0.0,0.0,1.0
2016-03-09,0.0,0.0,0.0,0.0,1.0
2016-03-10,0.0,0.0,0.0,0.0,1.0
2016-03-11,0.0,0.0,0.0,0.0,1.0
2016-03-14,0.0,0.0,0.0,0.0,1.0
2016-03-15,0.0,0.0,0.0,0.0,1.0
2016-03-16,0.0,0.0,0.0,0.0,1.0
2016-03-17,0.0,0.0,0.0,0.0,1.0
2016-03-18,0.0,0.0,0.0,0.0,1.0
2016-03-21,0.0,0.0,0.0,0.0,1.0
2016-03-22,0.0,0.0,0.0,0.0,1.0
2016-03-23,0.0,0.0,0.0,0.0,1.0
2016-03-24,0.0,0.0,0.0,0.0,1.0
2016-03-25,0.0,0.0,0.0,0.0,1.0
2016-03-28,0.0,0.0,0.0,0.0,1.0
2016-03-29,0.0,0.0,0.0,0.0,1.0
2016-03-30,0.0,0.0,0.0,0.0,1.0
2016-03-31,0.0,0.0,0.0,0.0,1.0
2016-04-01,0.0,0.0,0.0,0.0,1.0
2016-04-06,0.0,0.0,0.0,0.0,1.0
2016-04-07,0.0,0.0,0.0,0.0,1.0
2016-04-08,0.0,0.0,0.0,0.0,1.0
2016-04-11,0.0,0.0,0.0,0.0,1.0
2016-04-12,0.0,0.0,0.0,0.0,1.0
2016-04-13,0.0,0.0,0.0,0.0,1.0
2016-04-14,0.0,0.0,0.0,0.0,1.0
2016-04-15,0.0,0.0,0.0,0.0,1.0
2016-04-18,0.0,0.0,0.0,0.0,1.0
2016-04-19,0.0,0.0,0.0,0.0,1.0
2016-04-20,0.0,0.0,0.0,0.0,1.0
2016-04-21,0.0,0.0,0.0,0.0,1.0
2016-04-22,0.0,0.0,0.0,0.0,1.0
2016-04-25,0.0,0.0,0.0,0.0,1.0
2016-04-26,0.0,0.0,0.0,0.0,1.0
2016-04-27,0.0,0.0,0.0,0.0,1.0
2016-04-28,0.0,0.0,0.0,0.0,1.0
2016-04-29,0.0,0.0,0.0,0.0,1.0
2016-05-03,0.0,0.0,0.0,0.0,1.0
2016-05-04,0.0,0.0,0.0,0.0,1.0
2016-05-05,0.0,0.0,0.0,0.0,1.0
2016-05-06,0.0,0.0,0.0,0.0,1.0
2016-05-09,0.0,0.0,0.0,0.0,1.0
2016-05-10,0.0,0.0,0.0,0.0,1.0
2016-05-11,0.0,0.0,0.0,0.0,1.0
2016-05-12,0.0,0.0,0.0,0.0,1.0
2016-05-13,0.0,0.0,0.0,0.0,1.0
2016-05-16,0.0,0.0,0.0,0.0,1.0
2016-05-17,0.0,0.0,0.0,0.0,1.0
2016-05-18,0.0,0.0,0.0,0.0,1.0
2016-05-19,0.0,0.0,0.0,0.0,1.0
2016-05-20,0.0,0.0,0.0,0.0,1.0
2016-05-23,0.0,0.0,0.0,0.0,1.0
2016-05-24,0.0,0.0,0.0,0.0,1.0
2016-05-25,0.0,0.0,0.0,0.0,1.0
2016-05-26,0.0,0.0,0.0,0.0,1.0
2016-05-27,0.0,0.0,0.0,0.0,1.0
2016-05-30,0.0,0.0,0.0,0.0,1.0
2016-05-31,0.0,0.0,0.0,0.0,1.0
2016-06-01,0.0,0.0,0.0,0.0,1.0
2016-06-02,0.0,0.0,0.0,0.0,1.0
2016-06-03,0.0,0.0,0.0,0.0,1.0
2016-06-04,0.0,0.0,0.0,0.0,1.0
2016-06-06,0.0,0.0,0.0,0.0,1.0
2016-06-07,0.0,0.0,0.0,0.0,1.0
2016-06-08,0.0,0.0,0.0,0.0,1.0
2016-06-13,0.0,0.0,0.0,0.0,1.0
2016-06-14,0.0,0.0,0.0,0.0,1.0
2016-06-15,0.0,0.0,0.0,0.0,1.0
2016-06-16,0.0,0.0,0.0,0.0,1.0
2016-06-17,0.0,0.0,0.0,0.0,1.0
2016-06-20,0.0,0.0,0.0,0.0,1.0
2016-06-21,0.0,0.0,0.0,0.0,1.0
2016-06-22,0.0,0.0,0.0,0.0,1.0
2016-06-23,0.0,0.0,0.0,0.0,1.0
2016-06-24,0.0,0.0,0.0,0.0,1.0
2016-06-27,0.0,0.0,0.0,0.0,1.0
2016-06-28,0.0,0.0,0.0,0.0,1.0
2016-06-29,0.0,0.0,0.0,0.0,1.0
2016-06-30,0.0,0.0,0.0,0.0,1.0
2016-07-01,0.0,0.0,0.0,0.0,1.0
2016-07-04,0.0,0.0,0.0,0.0,1.0
2016-07-05,0.0,0.0,0.0,0.0,1.0
2016-07-06,0.0,0.0,0.0,0.0,1.0
2016-07-07,0.0,0.0,0.0,0.0,1.0
2016-07-11,0.0,0.0,0.0,0.0,1.0
2016-07-12,0.0,0.0,0.0,0.0,1.0
2016-07-13,0.0,0.0,0.0,0.0,1.0
2016-07-14,0.0,0.0,0.0,0.0,1.0
2016-07-15,0.0,0.0,0.0,0.0,1.0
2016-07-18,0.0,0.0,0.0,0.0,1.0
2016-07-19,0.0,0.0,0.0,0.0,1.0
2016-07-20,0.0,0.0,0.0,0.0,1.0
2016-07-21,0.0,0.0,0.0,0.0,1.0
2016-07-22,0.0,0.0,0.0,0.0,1.0
2016-07-25,0.0,0.0,0.0,0.0,1.0
2016-07-26,0.0,0.0,0.0,0.0,1.0
2016-07-27,0.0,0.0,0.0,0.0,1.0
2016-07-28,0.0,0.0,0.0,0.0,1.0
2016-07-29,0.0,0.0,0.0,0.0,1.0
2016-08-01,0.0,0.0,0.0,0.0,1.0
2016-08-02,0.0,0.0,0.0,0.0,1.0
2016-08-03,0.0,0.0,0.0,0.0,1.0
2016-08-04,0.0,0.0,0.0,0.0,1.0
2016-08-05,0.0,0.0,0.0,0.0,1.0
2016-08-08,0.0,0.0,0.0,0.0,1.0
2016-08-09,0.0,0.0,0.0,0.0,1.0
2016-08-10,0.0,0.0,0.0,0.0,1.0
2016-08-11,0.0,0.0,0.0,0.0,1.0
2016-08-12,0.0,0.0,0.0,0.0,1.0
2016-08-15,0.0,0.0,0.0,0.0,1.0
2016-08-16,0.0,0.0,0.0,0.0,1.0
2016-08-17,0.0,0.0,0.0,0.0,1.0
2016-08-18,0.0,0.0,0.0,0.0,1.0
2016-08-19,0.0,0.0,0.0,0.0,1.0
2016-08-22,0.0,0.0,0.0,0.0,1.0
2016-08-23,0.0,0.0,0.0,0.0,1.0
2016-08-24,0.0,0.0,0.0,0.0,1.0
2016-08-25,0.0,0.0,0.0,0.0,1.0
2016-08-26,0.0,0.0,0.0,0.0,1.0
2016-08-29,0.0,0.0,0.0,0.0,1.0
2016-08-30,0.0,0.0,0.0,0.0,1.0
2016-08-31,0.0,0.0,0.0,0.0,1.0
2016-09-01,0.0,0.0,0.0,0.0,1.0
2016-09-02,0.0,0.0,0.0,0.0,1.0
2016-09-05,0.0,0.0,0.0,0.0,1.0
2016-09-06,0.0,0.0,0.0,0.0,1.0
2016-09-07,0.0,0.0,0.0,0.0,1.0
2016-09-08,0.0,0.0,0.0,0.0,1.0
2016-09-09,0.0,0.0,0.0,0.0,1.0
2016-09-10,0.0,0.0,0.0,0.0,1.0
2016-09-12,0.0,0.0,0.0,0.0,1.0
2016-09-13,0.0,0.0,0.0,0.0,1.0
2016-09-14,0.0,0.0,0.0,0.0,1.0
2016-09-19,0.0,0.0,0.0,0.0,1.0
2016-09-20,0.0,0.0,0.0,0.0,1.0
2016-09-21,0.0,0.0,0.0,0.0,1.0
2016-09-22,0.0,0.0,0.0,0.0,1.0
2016-09-23,0.0,0.0,0.0,0.0,1.0
2016-09-26,0.0,0.0,0.0,0.0,1.0
2016-09-29,0.0,0.0,0.0,0.0,1.0
2016-09-30,0.0,0.0,0.0,0.0,1.0
2016-10-03,0.0,0.0,0.0,0.0,1.0
2016-10-04,0.0,0.0,0.0,0.0,1.0
2016-10-05,0.0,0.0,0.0,0.0,1.0
2016-10-06,0.0,0.0,0.0,0.0,1.0
2016-10-07,0.0,0.0,0.0,0.0,1.0
2016-10-11,0.0,0.0,0.0,0.0,1.0
2016-10-12,0.0,0.0,0.0,0.0,1.0
2016-10-13,0.0,0.0,0.0,0.0,1.0
2016-10-14,0.0,0.0,0.0,0.0,1.0
2016-10-17,0.0,0.0,0.0,0.0,1.0
2016-10-18,0.0,0.0,0.0,0.0,1.0
2016-10-19,0.0,0.0,0.0,0.0,1.0
2016-10-20,0.0,0.0,0.0,0.0,1.0
2016-10-21,0.0,0.0,0.0,0.0,1.0
2016-10-24,0.0,0.0,0.0,0.0,1.0
2016-10-25,0.0,0.0,0.0,0.0,1.0
2016-10-26,0.0,0.0,0.0,0.0,1.0
2016-10-27,0.0,0.0,0.0,0.0,1.0
2016-10-28,0.0,0.0,0.0,0.0,1.0
2016-10-31,0.0,0.0,0.0,0.0,1.0
2016-11-01,0.0,0.0,0.0,0.0,1.0
2016-11-02,0.0,0.0,0.0,0.0,1.0
2016-11-03,0.0,0.0,0.0,0.0,1.0
2016-11-04,0.0,0.0,0.0,0.0,1.0
2016-11-07,0.0,0.0,0.0,0.0,1.0
2016-11-08,0.0,0.0,0.0,0.0,1.0
2016-11-09,0.0,0.0,0.0,0.0,1.0
2016-11-10,0.0,0.0,0.0,0.0,1.0
2016-11-11,0.0,0.0,0.0,0.0,1.0
2016-11-14,0.0,0.0,0.0,0.0,1.0
2016-11-15,0.0,0.0,0.0,0.0,1.0
2016-11-16,0.0,0.0,0.0,0.0,1.0
2016-11-17,0.0,0.0,0.0,0.0,1.0
2016-11-18,0.0,0.0,0.0,0.0,1.0
2016-11-21,0.0,0.0,0.0,0.0,1.0
2016-11-22,0.0,0.0,0.0,0.0,1.0
2016-11-23,0.0,0.0,0.0,0.0,1.0
2016-11-24,0.0,0.0,0.0,0.0,1.0
2016-11-25,0.0,0.0,0.0,0.0,1.0
2016-11-28,0.0,0.0,0.0,0.0,1.0
2016-11-29,0.0,0.0,0.0,0.0,1.0
2016-11-30,0.0,0.0,0.0,0.0,1.0
2016-12-01,0.0,0.0,0.0,0.0,1.0
2016-12-02,0.0,0.0,0.0,0.0,1.0
2016-12-05,0.0,0.0,0.0,0.0,1.0
2016-12-06,0.0,0.0,0.0,0.0,1.0
2016-12-07,0.0,0.0,0.0,0.0,1.0
2016-12-08,0.0,0.0,0.0,0.0,1.0
2016-12-09,0.0,0.0,0.0,0.0,1.0
2016-12-12,0.0,0.0,0.0,0.0,1.0
2016-12-13,0.0,0.0,0.0,0.0,1.0
2016-12-14,0.0,0.0,0.0,0.0,1.0
2016-12-15,0.0,0.0,0.0,0.0,1.0
2016-12-16,0.0,0.0,0.0,0.0,1.0
2016-12-19,0.0,0.0,0.0,0.0,1.0
2016-12-20,0.0,0.0,0.0,0.0,1.0
2016-12-21,0.0,0.0,0.0,0.0,1.0
2016-12-22,0.0,0.0,0.0,0.0,1.0
2016-12-23,0.0,0.0,0.0,0.0,1.0
2016-12-26,0.0,0.0,0.0,0.0,1.0
2016-12-27,0.0,0.0,0.0,0.0,1.0
2016-12-28,0.0,0.0,0.0,0.0,1.0
2016-12-29,0.0,0.0,0.0,0.0,1.0
2016-12-30,0.0,0.0,0.0,0.0,1.0
2017-01-03,0.0,0.0,0.0,0.0,1.0
2017-01-04,0.0,0.0,0.0,0.0,1.0
2017-01-05,0.0,0.0,0.0,0.0,1.0
2017-01-06,0.0,0.0,0.0,0.0,1.0
2017-01-09,0.0,0.0,0.0,0.0,1.0
2017-01-10,0.0,0.0,0.0,0.0,1.0
2017-01-11,0.0,0.0,0.0,0.0,1.0
2017-01-12,0.0,0.0,0.0,0.0,1.0
2017-01-13,0.0,0.0,0.0,0.0,1.0
2017-01-16,0.0,0.0,0.0,0.0,1.0
2017-01-17,0.0,0.0,0.0,0.0,1.0
2017-01-18,0.0,0.0,0.0,0.0,1.0
2017-01-19,0.0,0.0,0.0,0.0,1.0
2017-01-20,0.0,0.0,0.0,0.0,1.0
2017-01-23,0.0,0.0,0.0,0.0,1.0
2017-01-24,0.0,0.0,0.0,0.0,1.0
2017-02-02,0.0,0.0,0.0,0.0,1.0
2017-02-03,0.0,0.0,0.0,0.0,1.0
2017-02-06,0.0,0.0,0.0,0.0,1.0
2017-02-07,0.0,0.0,0.0,0.0,1.0
2017-02-08,0.0,0.0,0.0,0.0,1.0
2017-02-09,0.0,0.0,0.0,0.0,1.0
2017-02-10,0.0,0.0,0.0,0.0,1.0
2017-02-13,0.0,0.0,0.0,0.0,1.0
2017-02-14,0.0,0.0,0.0,0.0,1.0
2017-02-15,0.0,0.0,0.0,0.0,1.0
2017-02-16,0.0,0.0,0.0,0.0,1.0
2017-02-17,0.0,0.0,0.0,0.0,1.0
2017-02-18,0.0,0.0,0.0,0.0,1.0
2017-02-20,0.0,0.0,0.0,0.0,1.0
2017-02-21,0.0,0.0,0.0,0.0,1.0
2017-02-22,0.0,0.0,0.0,0.0,1.0
2017-02-23,0.0,0.0,0.0,0.0,1.0
2017-02-24,0.0,0.0,0.0,0.0,1.0
2017-03-01,0.0,0.0,0.0,0.0,1.0
2017-03-02,0.0,0.0,0.0,0.0,1.0
2017-03-03,0.0,0.0,0.0,0.0,1.0
2017-03-06,0.0,0.0,0.0,0.0,1.0
2017-03-07,0.0,0.0,0.0,0.0,1.0
2017-03-08,0.0,0.0,0.0,0.0,1.0
2017-03-09,0.0,0.0,0.0,0.0,1.0
2017-03-10,0.0,0.0,0.0,0.0,1.0
2017-03-13,0.0,0.0,0.0,0.0,1.0
2017-03-14,0.0,0.0,0.0,0.0,1.0
2017-03-15,0.0,0.0,0.0,0.0,1.0
2017-03-16,0.0,0.0,0.0,0.0,1.0
2017-03-17,0.0,0.0,0.0,0.0,1.0
2017-03-20,0.0,0.0,0.0,0.0,1.0
2017-03-21,0.0,0.0,0.0,0.0,1.0
2017-03-22,0.0,0.0,0.0,0.0,1.0
2017-03-23,0.0,0.0,0.0,0.0,1.0
2017-03-24,0.0,0.0,0.0,0.0,1.0
2017-03-27,0.0,0.0,0.0,0.0,1.0
2017-03-28,0.0,0.0,0.0,0.0,1.0
2017-03-29,0.0,0.0,0.0,0.0,1.0
2017-03-30,0.0,0.0,0.0,0.0,1.0
2017-03-31,0.0,0.0,0.0,0.0,1.0
2017-04-05,0.0,0.0,0.0,0.0,1.0
2017-04-06,0.0,0.0,0.0,0.0,1.0
2017-04-07,0.0,0.0,0.0,0.0,1.0
2017-04-10,0.0,0.0,0.0,0.0,1.0
2017-04-11,0.0,0.0,0.0,0.0,1.0
2017-04-12,0.0,0.0,0.0,0.0,1.0
2017-04-13,0.0,0.0,0.0,0.0,1.0
2017-04-14,0.0,0.0,0.0,0.0,1.0
2017-04-17,0.0,0.0,0.0,0.0,1.0
2017-04-18,0.0,0.0,0.0,0.0,1.0
2017-04-19,0.0,0.0,0.0,0.0,1.0
2017-04-20,0.0,0.0,0.0,0.0,1.0
2017-04-21,0.0,0.0,0.0,0.0,1.0
2017-04-24,0.0,0.0,0.0,0.0,1.0
2017-04-25,0.0,0.0,0.0,0.0,1.0
2017-04-26,0.0,0.0,0.0,0.0,1.0
2017-04-27,0.0,0.0,0.0,0.0,1.0
2017-04-28,0.0,0.0,0.0,0.0,1.0
2017-05-02,0.0,0.0,0.0,0.0,1.0
2017-05-03,0.0,0.0,0.0,0.0,1.0
2017-05-04,0.0,0.0,0.0,0.0,1.0
2017-05-05,0.0,0.0,0.0,0.0,1.0
2017-05-08,0.0,0.0,0.0,0.0,1.0
2017-05-09,0.0,0.0,0.0,0.0,1.0
2017-05-10,0.0,0.0,0.0,0.0,1.0
2017-05-11,0.0,0.0,0.0,0.0,1.0
2017-05-12,0.0,0.0,0.0,0.0,1.0
2017-05-15,0.0,0.0,0.0,0.0,1.0
2017-05-16,0.0,0.0,0.0,0.0,1.0
2017-05-17,0.0,0.0,0.0,0.0,1.0
2017-05-18,0.0,0.0,0.0,0.0,1.0
2017-05-19,0.0,0.0,0.0,0.0,1.0
2017-05-22,0.0,0.0,0.0,0.0,1.0
2017-05-23,0.0,0.0,0.0,0.0,1.0
2017-05-24,0.0,0.0,0.0,0.0,1.0
2017-05-25,0.0,0.0,0.0,0.0,1.0
2017-05-26,0.0,0.0,0.0,0.0,1.0
2017-05-31,0.0,0.0,0.0,0.0,1.0
2017-06-01,0.0,0.0,0.0,0.0,1.0
2017-06-02,0.0,0.0,0.0,0.0,1.0
2017-06-03,0.0,0.0,0.0,0.0,1.0
2017-06-05,0.0,0.0,0.0,0.0,1.0
2017-06-06,0.0,0.0,0.0,0.0,1.0
2017-06-07,0.0,0.0,0.0,0.0,1.0
2017-06-08,0.0,0.0,0.0,0.0,1.0
2017-06-09,0.0,0.0,0.0,0.0,1.0
2017-06-12,0.0,0.0,0.0,0.0,1.0
2017-06-13,0.0,0.0,0.0,0.0,1.0
2017-06-14,0.0,0.0,0.0,0.0,1.0
2017-06-15,0.0,0.0,0.0,0.0,1.0
2017-06-16,0.0,0.0,0.0,0.0,1.0
2017-06-19,0.0,0.0,0.0,0.0,1.0
2017-06-20,0.0,0.0,0.0,0.0,1.0
2017-06-21,0.0,0.0,0.0,0.0,1.0
2017-06-22,0.0,0.0,0.0,0.0,1.0
2017-06-23,0.0,0.0,0.0,0.0,1.0
2017-06-26,0.0,0.0,0.0,0.0,1.0
2017-06-27,0.0,0.0,0.0,0.0,1.0
2017-06-28,0.0,0.0,0.0,0.0,1.0
2017-06-29,0.0,0.0,0.0,0.0,1.0
2017-06-30,0.0,0.0,0.0,0.0,1.0
2017-07-03,0.0,0.0,0.0,0.0,1.0
2017-07-04,0.0,0.0,0.0,0.0,1.0
2017-07-05,0.0,0.0,0.0,0.0,1.0
2017-07-06,0.0,0.0,0.0,0.0,1.0
2017-07-07,0.0,0.0,0.0,0.0,1.0
2017-07-10,0.0,0.0,0.0,0.0,1.0
2017-07-11,0.0,0.0,0.0,0.0,1.0
2017-07-12,0.0,0.0,0.0,0.0,1.0
2017-07-13,0.0,0.0,0.0,0.0,1.0
2017-07-14,0.0,0.0,0.0,0.0,1.0
2017-07-17,0.0,0.0,0.0,0.0,1.0
2017-07-18,0.0,0.0,0.0,0.0,1.0
2017-07-19,0.0,0.0,0.0,0.0,1.0
2017-07-20,0.0,0.0,0.0,0.0,1.0
2017-07-21,0.0,0.0,0.0,0.0,1.0
2017-07-24,0.0,0.0,0.0,0.0,1.0
2017-07-25,0.0,0.0,0.0,0.0,1.0
2017-07-26,0.0,0.0,0.0,0.0,1.0
2017-07-27,0.0,0.0,0.0,0.0,1.0
2017-07-28,0.0,0.0,0.0,0.0,1.0
2017-07-31,0.0,0.0,0.0,0.0,1.0
2017-08-01,0.0,0.0,0.0,0.0,1.0
2017-08-02,0.0,0.0,0.0,0.0,1.0
2017-08-03,0.0,0.0,0.0,0.0,1.0
2017-08-04,0.0,0.0,0.0,0.0,1.0
2017-08-07,0.0,0.0,0.0,0.0,1.0
2017-08-08,0.0,0.0,0.0,0.0,1.0
2017-08-09,0.0,0.0,0.0,0.0,1.0
2017-08-10,0.0,0.0,0.0,0.0,1.0
2017-08-11,0.0,0.0,0.0,0.0,1.0
2017-08-14,0.0,0.0,0.0,0.0,1.0
2017-08-15,0.0,0.0,0.0,0.0,1.0
2017-08-16,0.0,0.0,0.0,0.0,1.0
2017-08-17,0.0,0.0,0.0,0.0,1.0
2017-08-18,0.0,0.0,0.0,0.0,1.0
2017-08-21,0.0,0.0,0.0,0.0,1.0
2017-08-22,0.0,0.0,0.0,0.0,1.0
2017-08-23,0.0,0.0,0.0,0.0,1.0
2017-08-24,0.0,0.0,0.0,0.0,1.0
2017-08-25,0.0,0.0,0.0,0.0,1.0
2017-08-28,0.0,0.0,0.0,0.0,1.0
2017-08-29,0.0,0.0,0.0,0.0,1.0
2017-08-30,0.0,0.0,0.0,0.0,1.0
2017-08-31,0.0,0.0,0.0,0.0,1.0
2017-09-01,0.0,0.0,0.0,0.0,1.0
2017-09-04,0.0,0.0,0.0,0.0,1.0
2017-09-05,0.0,0.0,0.0,0.0,1.0
2017-09-06,0.0,0.0,0.0,0.0,1.0
2017-09-07,0.0,0.0,0.0,0.0,1.0
2017-09-08,0.0,0.0,0.0,0.0,1.0
2017-09-11,0.0,0.0,0.0,0.0,1.0
2017-09-12,0.0,0.0,0.0,0.0,1.0
2017-09-13,0.0,0.0,0.0,0.0,1.0
2017-09-14,0.0,0.0,0.0,0.0,1.0
2017-09-15,0.0,0.0,0.0,0.0,1.0
2017-09-18,0.0,0.0,0.0,0.0,1.0
2017-09-19,0.0,0.0,0.0,0.0,1.0
2017-09-20,0.0,0.0,0.0,0.0,1.0
2017-09-21,0.0,0.0,0.0,0.0,1.0
2017-09-22,0.0,0.0,0.0,0.0,1.0
2017-09-25,0.0,0.0,0.0,0.0,1.0
2017-09-26,0.0,0.0,0.0,0.0,1.0
2017-09-27,0.0,0.0,0.0,0.0,1.0
2017-09-28,0.0,0.0,0.0,0.0,1.0
2017-09-29,0.0,0.0,0.0,0.0,1.0
2017-09-30,0.0,0.0,0.0,0.0,1.0
2017-10-02,0.0,0.0,0.0,0.0,1.0
2017-10-03,0.0,0.0,0.0,0.0,1.0
2017-10-05,0.0,0.0,0.0,0.0,1.0
2017-10-06,0.0,0.0,0.0,0.0,1.0
2017-10-11,0.0,0.0,0.0,0.0,1.0
2017-10-12,0.0,0.0,0.0,0.0,1.0
2017-10-13,0.0,0.0,0.0,0.0,1.0
2017-10-16,0.0,0.0,0.0,0.0,1.0
2017-10-17,0.0,0.0,0.0,0.0,1.0
2017-10-18,0.0,0.0,0.0,0.0,1.0
2017-10-19,0.0,0.0,0.0,0.0,1.0
2017-10-20,0.0,0.0,0.0,0.0,1.0
2017-10-23,0.0,0.0,0.0,0.0,1.0
2017-10-24,0.0,0.0,0.0,0.0,1.0
2017-10-25,0.0,0.0,0.0,0.0,1.0
2017-10-26,0.0,0.0,0.0,0.0,1.0
2017-10-27,0.0,0.0,0.0,0.0,1.0
2017-10-30,0.0,0.0,0.0,0.0,1.0
2017-10-31,0.0,0.0,0.0,0.0,1.0
2017-11-01,0.0,0.0,0.0,0.0,1.0
2017-11-02,0.0,0.0,0.0,0.0,1.0
2017-11-03,0.0,0.0,0.0,0.0,1.0
2017-11-06,0.0,0.0,0.0,0.0,1.0
2017-11-07,0.0,0.0,0.0,0.0,1.0
2017-11-08,0.0,0.0,0.0,0.0,1.0
2017-11-09,0.0,0.0,0.0,0.0,1.0
2017-11-10,0.0,0.0,0.0,0.0,1.0
2017-11-13,0.0,0.0,0.0,0.0,1.0
2017-11-14,0.0,0.0,0.0,0.0,1.0
2017-11-15,0.0,0.0,0.0,0.0,1.0
2017-11-16,0.0,0.0,0.0,0.0,1.0
2017-11-17,0.0,0.0,0.0,0.0,1.0
2017-11-20,0.0,0.0,0.0,0.0,1.0
2017-11-21,0.0,0.0,0.0,0.0,1.0
2017-11-22,0.0,0.0,0.0,0.0,1.0
2017-11-23,0.0,0.0,0.0,0.0,1.0
2017-11-24,0.0,0.0,0.0,0.0,1.0
2017-11-27,0.0,0.0,0.0,0.0,1.0
2017-11-28,0.0,0.0,0.0,0.0,1.0
2017-11-29,0.0,0.0,0.0,0.0,1.0
2017-11-30,0.0,0.0,0.0,0.0,1.0
2017-12-01,0.0,0.0,0.0,0.0,1.0
2017-12-04,0.0,0.0,0.0,0.0,1.0
2017-12-05,0.0,0.0,0.0,0.0,1.0
2017-12-06,0.0,0.0,0.0,0.0,1.0
2017-12-07,0.0,0.0,0.0,0.0,1.0
2017-12-08,0.0,0.0,0.0,0.0,1.0
2017-12-11,0.0,0.0,0.0,0.0,1.0
2017-12-12,0.0,0.0,0.0,0.0,1.0
2017-12-13,0.0,0.0,0.0,0.0,1.0
2017-12-14,0.0,0.0,0.0,0.0,1.0
2017-12-15,0.0,0.0,0.0,0.0,1.0
2017-12-18,0.0,0.0,0.0,0.0,1.0
2017-12-19,0.0,0.0,0.0,0.0,1.0
2017-12-20,0.0,0.0,0.0,0.0,1.0
2017-12-21,0.0,0.0,0.0,0.0,1.0
2017-12-22,0.0,0.0,0.0,0.0,1.0
2017-12-25,0.0,0.0,0.0,0.0,1.0
2017-12-26,0.0,0.0,0.0,0.0,1.0
2017-12-27,0.0,0.0,0.0,0.0,1.0
2017-12-28,0.0,0.0,0.0,0.0,1.0
2017-12-29,0.0,0.0,0.0,0.0,1.0
2018-01-02,0.0,0.0,0.0,0.0,1.0
2018-01-03,0.0,0.0,0.0,0.0,1.0
2018-01-04,0.0,0.0,0.0,0.0,1.0
2018-01-05,0.0,0.0,0.0,0.0,1.0
2018-01-08,0.0,0.0,0.0,0.0,1.0
2018-01-09,0.0,0.0,0.0,0.0,1.0
2018-01-10,0.0,0.0,0.0,0.0,1.0
2018-01-11,0.0,0.0,0.0,0.0,1.0
2018-01-12,0.0,0.0,0.0,0.0,1.0
2018-01-15,0.0,0.0,0.0,0.0,1.0
2018-01-16,0.0,0.0,0.0,0.0,1.0
2018-01-17,0.0,0.0,0.0,0.0,1.0
2018-01-18,0.0,0.0,0.0,0.0,1.0
2018-01-19,0.0,0.0,0.0,0.0,1.0
2018-01-22,0.0,0.0,0.0,0.0,1.0
2018-01-23,0.0,0.0,0.0,0.0,1.0
2018-01-24,0.0,0.0,0.0,0.0,1.0
2018-01-25,0.0,0.0,0.0,0.0,1.0
2018-01-26,0.0,0.0,0.0,0.0,1.0
2018-01-29,0.0,0.0,0.0,0.0,1.0
2018-01-30,0.0,0.0,0.0,0.0,1.0
2018-01-31,0.0,0.0,0.0,0.0,1.0
2018-02-01,0.0,0.0,0.0,0.0,1.0
2018-02-02,-0.0044065590272486695,-0.0054065590272486695,1.0,0.001,0.9945934409727514
2018-02-05,-0.01290859142520387,-0.01290859142520387,0.0,0.0,0.9817546406090465
2018-02-06,-0.042176445522153105,-0.042176445522153105,0.0,0.0,0.940347719493278
2018-02-07,0.014757688240089398,0.014757688240089398,0.0,0.0,0.9542250779748389
2018-02-08,7.788710766383879e-05,7.788710766383879e-05,0.0,0.0,0.9542993998062227
2018-02-09,-0.008065187526103806,-0.008065187526103806,0.0,0.0,0.9466027961907372
2018-02-12,0.004905090068435127,0.004905090068435127,0.0,0.0,0.9512459681650852
2018-02-21,0.021775091372780272,0.021775091372780272,0.0,0.0,0.9719594360398689
2018-02-22,0.0012695487358369672,0.0012695487358369672,0.0,0.0,0.9731933859131782
2018-02-23,0.008084174313338244,0.008084174313338244,0.0,0.0,0.9810608508854881
2018-02-26,0.004460451369798582,0.004460451369798582,0.0,0.0,0.9854368251016761
2018-02-27,-0.0027523511995426963,-0.0027523511995426963,0.0,0.0,0.9827245568740339
2018-03-01,0.0009677176236784732,0.0009677176236784732,0.0,0.0,0.9836755567469425
2018-03-02,-0.006142996120287056,-0.006142996120287056,0.0,0.0,0.9776328416182248
2018-03-05,-0.007828860127338041,-0.007828860127338041,0.0,0.0,0.9699790908453036
2018-03-06,0.007809033696362911,0.007809033696362911,0.0,0.0,0.9775536902504821
2018-03-07,0.000564831180446565,0.000564831180446565,0.0,0.0,0.9781058430552961
2018-03-08,0.005877228760677499,0.005877228760677499,0.0,0.0,0.9838543948470874
2018-03-09,0.0011873366306627917,0.0011873366306627917,0.0,0.0,0.9850225612093279
2018-03-12,0.007832801605766436,0.007832801605766436,0.0,0.0,0.9927380475084845
2018-03-13,0.004598312373341359,0.004598312373341359,0.0,0.0,0.9973029671558294
2018-03-14,-0.0015951214650872037,-0.0015951214650872037,0.0,0.0,0.995712147785724
2018-03-15,0.00011909819680796152,0.00011909819680796152,0.0,0.0,0.9958307353070651
2018-03-16,0.005649161939981463,0.005649161939981463,0.0,0.0,1.0014563443956255
2018-03-19,0.0003566547005418916,0.0003566547005418916,0.0,0.0,1.0018135185082415
2018-03-20,-0.0016816290199199557,-0.0016816290199199557,0.0,0.0,1.00012883982297
2018-03-21,0.0008670691755207456,0.0008670691755207456,0.0,0.0,1.0009960207115298
2018-03-22,0.0004911829916654716,0.0004911829916654716,0.0,0.0,1.001487692931628
2018-03-23,-0.01201572584309478,-0.01201572584309478,0.0,0.0,0.9894540913781282
2018-03-26,0.0026546985880109616,0.0026546985880109616,0.0,0.0,0.9920807937574114
2018-03-27,0.00698866978124511,0.00698866978124511,0.0,0.0,0.9990141188212975
2018-03-28,-0.004285811917219103,-0.004285811917219103,0.0,0.0,0.994732532205383
2018-03-29,-0.001337155283383783,-0.001337155283383783,0.0,0.0,0.993402420344391
2018-03-30,0.006267366233801174,0.006267366233801174,0.0,0.0,0.9996284371302336
2018-03-31,0.0018541256131515416,0.0018541256131515416,0.0,0.0,1.0014818738191513
2018-04-02,-0.0023500008057589106,-0.0023500008057589106,0.0,0.0,0.9991283906087234
2018-04-03,-0.005170618343754806,-0.005170618343754806,0.0,0.0,0.9939622790244758
2018-04-09,0.008393671249644586,0.008393671249644586,0.0,0.0,1.0023052716291547
2018-04-10,0.004650314264843783,0.004650314264843783,0.0,0.0,1.00696630613154
2018-04-11,0.001555445755191739,0.001555445755191739,0.0,0.0,1.0085325875980333
2018-04-12,0.0010671818425533977,0.0010671818425533977,0.0,0.0,1.0096088752631414
2018-04-13,-0.0006262754983921424,-0.0006262754983921424,0.0,0.0,1.0089765819616048
2018-04-16,-0.0013745083949020032,-0.0013745083949020032,0.0,0.0,1.007589735179439
2018-04-17,-0.007915585987083164,-0.007915585987083164,0.0,0.0,0.9996140719909237
2018-04-18,0.004311185731549525,0.004311185731549525,0.0,0.0,1.003923593915147
2018-04-19,0.008324431189158845,0.008324431189158845,0.0,0.0,1.0122806867918666
2018-04-20,-0.0027621475059168067,-0.0027621475059168067,0.0,0.0,1.0094846182175565
2018-04-23,-0.0008053316337491724,-0.0008053316337491724,0.0,0.0,1.0086716483207228
2018-04-24,-0.011069330700877539,-0.011069330700877539,0.0,0.0,0.9975063282768614
2018-04-25,0.0007689834204991777,0.0007689834204991777,0.0,0.0,0.9982733941051493
2018-04-26,-0.0025819489222508865,-0.0025819489222508865,0.0,0.0,0.9956959031911278
2018-04-27,0.004641530854886397,0.004641530854886397,0.0,0.0,1.0003174564478734
2018-04-30,0.008861409364329982,0.008861409364329982,0.0,0.0,1.0091816789237433
2018-05-02,0.0008621354127041749,0.0008621354127041749,0.0,0.0,1.0100517301869956
2018-05-03,-0.007299111730590518,-0.007299111730590518,0.0,0.0,1.0026792497546844
2018-05-04,-0.0007387528946151361,-0.0007387528946151361,0.0,0.0,1.0019385175565576
2018-05-07,0.0023287431967162287,0.0023287431967162287,0.0,0.0,1.0042717750628454
2018-05-08,0.004847794636596951,0.004847794636596951,0.0,0.0,1.0091402783876808
2018-05-09,-0.0016800506376422981,-0.0016800506376422981,0.0,0.0,1.007444871619505
2018-05-10,0.0024414774662663563,0.0024414774662663563,0.0,0.0,1.0099045255720698
2018-05-11,0.005603934364426634,0.005603934364426634,0.0,0.0,1.0155639642477132
2018-05-14,0.004100217992499697,0.004100217992499697,0.0,0.0,1.019727997886456
2018-05-15,-0.002105896010037434,-0.002105896010037434,0.0,0.0,1.0175805567643834
2018-05-16,0.005543233187574282,0.005543233187574282,0.0,0.0,1.02322124307767
2018-05-17,0.00017221868592176597,0.00017221868592176597,0.0,0.0,1.02339746089556
2018-05-18,0.0034378361003237394,0.0034378361003237394,0.0,0.0,1.0269157336316066
2018-05-21,0.0078484604098276,0.0078484604098276,0.0,0.0,1.0349754411112435
2018-05-22,-0.0031714040015423067,-0.0031714040015423067,0.0,0.0,1.0316931158558054
2018-05-23,-0.001384712413476794,-0.001384712413476794,0.0,0.0,1.0302645175913812
2018-05-24,0.004360044780542632,0.004360044780542632,0.0,0.0,1.0347565170238837
2018-05-25,0.0009022136847407323,0.0009022136847407323,0.0,0.0,1.0356900885139173
2018-05-28,0.003723899597689507,0.003723899597689507,0.0,0.0,1.0395468944178654
2018-05-29,-0.0016686106884690765,-0.0016686106884690765,0.0,0.0,1.0378122953586748
2018-05-30,-0.012195931582684559,-0.012195931582684559,0.0,0.0,1.0251552076088117
2018-05-31,0.007864578887280585,0.007864578887280585,0.0,0.0,1.0332176216107578
2018-06-01,0.004522917546874232,0.004522917546874232,0.0,0.0,1.0378907797212806
2018-06-04,0.008244437408742254,0.008244437408742254,0.0,0.0,1.0464476052918035
2018-06-05,0.0018485780056699608,0.0018485780056699608,0.0,0.0,1.048382045319032
2018-06-06,0.0062651475346953535,0.0062651475346953535,0.0,0.0,1.0549503135056815
2018-06-07,0.004208703118545392,0.004208703118545392,0.0,0.0,1.0593902861800433
2018-06-08,-0.004259088593687048,-0.004259088593687048,0.0,0.0,1.054878249095911
2018-06-11,0.000277983396974842,0.000277983396974842,0.0,0.0,1.0551714877349896
2018-06-12,-0.0017179429406862816,-0.0017179429406862816,0.0,0.0,1.0533587633264219
2018-06-13,-0.002375121760634316,-0.002375121760634316,0.0,0.0,1.0508569080058903
2018-06-14,-0.01038463475375108,-0.01038463475375108,0.0,0.0,1.039944142837793
2018-06-15,0.0012196873039648482,0.0012196873039648482,0.0,0.0,1.0412125495056448
2018-06-19,-0.01031467750521194,-0.01031467750521194,0.0,0.0,1.0304727778431144
2018-06-20,0.0033492581430076664,0.0033492581430076664,0.0,0.0,1.0339240971854533
2018-06-21,0.003080393961301213,0.003080393961301213,0.0,0.0,1.037108990730867
2018-06-22,-0.001985539064402437,-0.001985539064402437,0.0,0.0,1.035049770315728
2018-06-25,-0.0026192113807177618,-0.0026192113807177618,0.0,0.0,1.0323387561777078
2018-06-26,-0.0025208331458221444,-0.0025208331458221444,0.0,0.0,1.0297364024234181
2018-06-27,-0.0038164001371965165,-0.0038164001371965165,0.0,0.0,1.0258065162759331
2018-06-28,-0.005043361872726349,-0.005043361872726349,0.0,0.0,1.0206330028029529
2018-06-29,0.012666276803530503,0.012666276803530503,0.0,0.0,1.0335606229312737
2018-07-02,-0.005739832564828823,-0.005739832564828823,0.0,0.0,1.0276281580100481
2018-07-03,-0.006829308401932701,-0.006829308401932701,0.0,0.0,1.0206101683964874
2018-07-04,0.0019351013621111855,0.0019351013621111855,0.0,0.0,1.022585152523536
2018-07-05,-0.007014786625433738,-0.007014786625433738,0.0,0.0,1.0154119358722469
2018-07-06,-0.002520838888271418,-0.002520838888271418,0.0,0.0,1.012852245976685
2018-07-09,0.009023495294112165,0.009023495294112165,0.0,0.0,1.0219917134518868
2018-07-10,0.002637683681901725,0.002637683681901725,0.0,0.0,1.0246874043174976
2018-07-11,-0.007232901312234819,-0.007232901312234819,0.0,0.0,1.017275941446179
2018-07-12,0.004845900468229051,0.004845900468229051,0.0,0.0,1.022205559407151
2018-07-13,0.005958597699004572,0.005958597699004572,0.0,0.0,1.0282964711013443
2018-07-16,-0.00355770778147724,-0.00355770778147724,0.0,0.0,1.0246380927444414
2018-07-17,-2.3696308335310326e-06,-2.3696308335310326e-06,0.0,0.0,1.0246356647304236
2018-07-18,0.003503676371109727,0.003503676371109727,0.0,0.0,1.028225656497936
2018-07-19,-0.004184152123833792,-0.004184152123833792,0.0,0.0,1.0239234039335197
2018-07-20,-6.843418447304229e-05,-6.843418447304229e-05,0.0,0.0,1.0238533325704087
2018-07-23,-0.0022064575686175716,-0.0022064575686175716,0.0,0.0,1.0215942436356042
2018-07-24,0.005818538133686584,0.005818538133686584,0.0,0.0,1.0275384286993527
2018-07-25,-0.0009070992577475242,-0.0009070992577475242,0.0,0.0,1.0266063493533724
2018-07-26,0.0030934828648951527,0.0030934828648951527,0.0,0.0,1.0297821385040897
2018-07-27,0.0010988165161480096,0.0010988165161480096,0.0,0.0,1.0309136801259122
2018-07-30,-0.0025505710231916406,-0.0025505710231916406,0.0,0.0,1.028284261565971
2018-07-31,0.005776963056392017,0.005776963056392017,0.0,0.0,1.034224621756507
2018-08-01,0.002369654299770165,0.002369654299770165,0.0,0.0,1.0366753765783805
2018-08-02,-0.012032868335995076,-0.012032868335995076,0.0,0.0,1.0242011982648447
2018-08-03,0.006121177826931473,0.006121177826931473,0.0,0.0,1.03047051592998
2018-08-06,0.0028160366539175643,0.0028160366539175643,0.0,0.0,1.0333723586736203
2018-08-07,0.0010851260008001664,0.0010851260008001664,0.0,0.0,1.0344936978885253
2018-08-08,0.0034321310747665095,0.0034321310747665095,0.0,0.0,1.0380442158556986
2018-08-09,-0.005224368653158197,-0.005224368653158197,0.0,0.0,1.0326210901937898
2018-08-10,-0.003052220902642553,-0.003052220902642553,0.0,0.0,1.0294693025177908
2018-08-13,-0.016667845945845628,-0.016667845945845628,0.0,0.0,1.012310266777447
2018-08-14,0.006191096423690954,0.006191096423690954,0.0,0.0,1.0185775772497585
2018-08-15,-0.011585243150098824,-0.011585243150098824,0.0,0.0,1.0067771083500816
2018-08-16,-0.005655627889650773,-0.005655627889650773,0.0,0.0,1.001083151657435
2018-08-17,0.0005629058460242588,0.0005629058460242588,0.0,0.0,1.0016466672158595
2018-08-20,0.0018290924763057835,0.0018290924763057835,0.0,0.0,1.0034787715987807
2018-08-21,0.007017723727018826,0.007017723727018826,0.0,0.0,1.0105209083837892
2018-08-22,0.0013504690381232808,0.0013504690381232808,0.0,0.0,1.0118855855829376
2018-08-23,0.003970722449778062,0.003970722449778062,0.0,0.0,1.0159035023942187
2018-08-24,-0.007490501905977475,-0.007490501905977475,0.0,0.0,1.0082938752732455
2018-08-27,0.007509421623473414,0.007509421623473414,0.0,0.0,1.0158655791030382
2018-08-28,0.004489723331651674,0.004489723331651674,0.0,0.0,1.020426534495359
2018-08-29,0.0016277101221966828,0.0016277101221966828,0.0,0.0,1.022087493094515
2018-08-30,-0.0030602779315391845,-0.0030602779315391845,0.0,0.0,1.0189596212952956
2018-08-31,0.0038066496256431953,0.0038066496256431953,0.0,0.0,1.022838443556245
2018-09-03,-0.010489771771965003,-0.010489771771965003,0.0,0.0,1.012109101723748
2018-09-04,0.001950796443302585,0.001950796443302585,0.0,0.0,1.0140835205596248
2018-09-05,-0.0118762221906787,-0.0118762221906787,0.0,0.0,1.002040039349553
2018-09-06,-0.004054715568249334,-0.004054715568249334,0.0,0.0,0.9979770520019932
2018-09-07,-0.008913700074707386,-0.008913700074707386,0.0,0.0,0.9890813838790068
2018-09-10,-0.010329091208058206,-0.010329091208058206,0.0,0.0,0.9788650720527281
2018-09-11,0.006719925313890873,0.006719925313890873,0.0,0.0,0.9854429722292988
2018-09-12,-0.0010036248881562244,-0.0010036248881562244,0.0,0.0,0.9844539571365108
2018-09-13,0.005684190430277361,0.005684190430277361,0.0,0.0,0.9900497808987149
2018-09-14,0.005986605565321105,0.005986605565321105,0.0,0.0,0.995976818426988
2018-09-17,-0.0005106002186511734,-0.0005106002186511734,0.0,0.0,0.9954682724457278
2018-09-18,0.0010375770728199662,0.0010375770728199662,0.0,0.0,0.9965011475019371
2018-09-19,0.007012160433107344,0.007012160433107344,0.0,0.0,1.0034887734199962
2018-09-20,-0.0040232893487912175,-0.0040232893487912175,0.0,0.0,0.9994514477262639
2018-09-21,0.01274446102879948,0.01274446102879948,0.0,0.0,1.0121889177519885
2018-09-25,0.0006251268435847434,0.0006251268435847434,0.0,0.0,1.0128216642152543
2018-09-26,-0.002236029980784354,-0.002236029980784354,0.0,0.0,1.0105569646088812
2018-09-27,0.004966912600834978,0.004966912600834978,0.0,0.0,1.0155763127302586
2018-09-28,-0.0014348754381742967,-0.0014348754381742967,0.0,0.0,1.0141190872235304
2018-10-01,0.0020141397054235536,0.0020141397054235536,0.0,0.0,1.0161616647431353
2018-10-02,-0.00871635858694757,-0.00871635858694757,0.0,0.0,1.0073044352909246
2018-10-03,-0.0031563759108989052,-0.0031563759108989052,0.0,0.0,1.0041250038364307
2018-10-04,-0.007081079918274627,-0.007081079918274627,0.0,0.0,0.997014714436327
2018-10-05,-0.013054041429518059,-0.013054041429518059,0.0,0.0,0.9839996430482362
2018-10-08,-0.00019729176157785042,-0.00019729176157785042,0.0,0.0,0.9838055080252671
2018-10-09,0.0026742103874728075,0.0026742103874728075,0.0,0.0,0.9864364109340813
2018-10-11,-0.05377392676337063,-0.05377392676337063,0.0,0.0,0.9333918516157897
2018-10-12,0.015576882261050595,0.015576882261050595,0.0,0.0,0.947931186591833
2018-10-15,-0.012562981620736864,-0.012562981620736864,0.0,0.0,0.9360223445169564
2018-10-16,0.0013593448781578075,0.0013593448781578075,0.0,0.0,0.9372947216968167
2018-10-17,-0.0006953969366395653,-0.0006953969366395653,0.0,0.0,0.9366429298186203
2018-10-18,-9.940968713373984e-05,-9.940968713373984e-05,0.0,0.0,0.936549818438011
2018-10-19,-0.004216765607095174,-0.004216765607095174,0.0,0.0,0.9326006073742904
2018-10-22,0.004089214662430547,0.004089214662430547,0.0,0.0,0.936414211452157
2018-10-23,-0.012565765551424489,-0.012565765551424489,0.0,0.0,0.9246474500120271
2018-10-24,-0.0036633557831657615,-0.0036633557831657615,0.0,0.0,0.921260137428636
2018-10-25,-0.01859691683416775,-0.01859691683416775,0.0,0.0,0.9041275392702417
2018-10-26,-0.0005909011393376762,-0.0005909011393376762,0.0,0.0,0.9035932892771803
2018-10-29,0.00034928542224043604,0.00034928542224043604,0.0,0.0,0.9039089012407591
2018-10-30,0.003870341035983426,0.003870341035983426,0.0,0.0,0.907407336954022
2018-10-31,0.020185194040448842,0.020185194040448842,0.0,0.0,0.925723530124166
2018-11-01,0.00236075121426217,0.00236075121426217,0.0,0.0,0.9279089330719777
2018-11-02,0.01008034264189234,0.01008034264189234,0.0,0.0,0.937262573057816
2018-11-05,0.0011324926673883858,0.0011324926673883858,0.0,0.0,0.9383240160492216
2018-11-06,-0.004234131504981501,-0.004234131504981501,0.0,0.0,0.9343510287709867
2018-11-07,0.010643874432318911,0.010643874432318911,0.0,0.0,0.9442961437969332
2018-11-08,0.004561172881430627,0.004561172881430627,0.0,0.0,0.9486032417600592
2018-11-09,-0.00603465531487148,-0.00603465531487148,0.0,0.0,0.9428787481654676
2018-11-12,-0.00035692002781221536,-0.00035692002781221536,0.0,0.0,0.9425422158564488
2018-11-13,-0.0007923755997384545,-0.0007923755997384545,0.0,0.0,0.9417953684028808
2018-11-14,0.004724264076976708,0.004724264076976708,0.0,0.0,0.9462446584296895
2018-11-15,0.0004931015746284918,0.0004931015746284918,0.0,0.0,0.9467112531607451
2018-11-16,0.0013991124968455414,0.0013991124968455414,0.0,0.0,0.9480358087059466
2018-11-19,0.007116094402599993,0.007116094402599993,0.0,0.0,0.9547821210177434
2018-11-20,-0.004996863448551594,-0.004996863448551594,0.0,0.0,0.9500112051358993
2018-11-21,0.0005770637852353473,0.0005770637852353473,0.0,0.0,0.9505594221979511
2018-11-22,-0.003092637815972811,-0.003092637815972811,0.0,0.0,0.9476196861825325
2018-11-23,-0.0045289564510404565,-0.0045289564510404565,0.0,0.0,0.9433279578916631
2018-11-26,0.004951705030693567,0.004951705030693567,0.0,0.0,0.9479990396863491
2018-11-27,0.00027693698958026385,0.00027693698958026385,0.0,0.0,0.9482615756865249
2018-11-28,0.00862504072960632,0.00862504072960632,0.0,0.0,0.9564403703991418
2018-11-29,-0.0023971802814396507,-0.0023971802814396507,0.0,0.0,0.9541476104028481
2018-11-30,0.003887425963122672,0.003887425963122672,0.0,0.0,0.9578567885961797
2018-12-03,0.013640083462815943,0.013640083462815943,0.0,0.0,0.9709220351380564
2018-12-04,-0.0007531801586128051,-0.0007531801586128051,0.0,0.0,0.9701907559256304
2018-12-05,-0.010022530835059128,-0.010022530835059128,0.0,0.0,0.9604669891584765
2018-12-06,-0.015417418937850393,-0.015417418937850393,0.0,0.0,0.9456590672106444
2018-12-07,0.005862422524926813,0.005862422524926813,0.0,0.0,0.9512029202271615
2018-12-10,-0.01132997023667387,-0.01132997023667387,0.0,0.0,0.9404258194519505
2018-12-11,0.000368544242246337,0.000368544242246337,0.0,0.0,0.9407724079729692
2018-12-12,0.0055834770422450684,0.0055834770422450684,0.0,0.0,0.946025189114864
2018-12-13,0.004742998072313067,0.004742998072313067,0.0,0.0,0.9505121847631953
2018-12-14,-0.003450661605699443,-0.003450661605699443,0.0,0.0,0.9472322888614835
2018-12-17,-0.0008013845600751936,-0.0008013845600751936,0.0,0.0,0.9464731915303852
2018-12-18,-0.00975020750603317,-0.00975020750603317,0.0,0.0,0.9372448815140665
2018-12-19,0.004823285501858666,0.004823285501858666,0.0,0.0,0.9417654811627645
2018-12-20,-0.0067144446227745715,-0.0067144446227745715,0.0,0.0,0.9354420489918565
2018-12-21,-0.0021853090001630695,-0.0021853090001630695,0.0,0.0,0.9333978190630635
2018-12-22,2.7434109772809883e-05,2.7434109772809883e-05,0.0,0.0,0.9334234260012934
2018-12-24,0.005786253763673364,0.005786253763673364,0.0,0.0,0.9388244508130941
2018-12-25,-0.01081038952362817,-0.01081038952362817,0.0,0.0,0.9286753928054983
2018-12-26,-0.005287786303135658,-0.005287786303135658,0.0,0.0,0.9237647557833623
2018-12-27,0.010181878108095758,0.010181878108095758,0.0,0.0,0.9331704159273033
2018-12-28,0.0074223697152819915,0.0074223697152819915,0.0,0.0,0.9400967517616793
2019-01-02,-0.010052862607036554,-0.010052862607036554,0.0,0.0,0.9306460882788978
2019-01-03,-0.0008959815967627864,-0.0008959815967627864,0.0,0.0,0.9298122465107007
2019-01-04,-0.0031405901008094025,-0.0031405901008094025,0.0,0.0,0.9268920873736979
2019-01-07,0.01686874216153518,0.01686874216153518,0.0,0.0,0.942527591007172
2019-01-08,-0.003324447076482624,-0.003324447076482624,0.0,0.0,0.939394207912744
2019-01-09,0.014216314499946668,0.014216314499946668,0.0,0.0,0.9527489314118599
2019-01-10,-0.0013039717368777915,-0.0013039717368777915,0.0,0.0,0.9515065737329583
2019-01-11,-0.0018594552896824754,-0.0018594552896824754,0.0,0.0,0.9497372898012629
2019-01-14,-0.005596014394908132,-0.005596014394908132,0.0,0.0,0.9444225462561541
2019-01-15,0.0071450957623347125,0.0071450957623347125,0.0,0.0,0.9511705357892623
2019-01-16,-0.002848216659268111,-0.002848216659268111,0.0,0.0,0.9484613960234223
2019-01-17,0.0011201554931400616,0.0011201554931400616,0.0,0.0,0.9495238202662093
2019-01-18,0.0045640255893003995,0.0045640255893003995,0.0,0.0,0.9538574712795546
2019-01-21,0.0018310408224103498,0.0018310408224103498,0.0,0.0,0.9556040232482285
2019-01-22,-0.001314732686059114,-0.001314732686059114,0.0,0.0,0.9543476594039344
2019-01-23,0.00024822352923662214,0.00024822352923662214,0.0,0.0,0.9545845509480704
2019-01-24,0.0012229969962890312,0.0012229969962890312,0.0,0.0,0.9557520049865839
2019-01-25,0.00558747810400897,0.00558747810400897,0.0,0.0,0.9610922483873091
2019-01-28,0.0017849640946197207,0.0017849640946197207,0.0,0.0,0.9628077635422978
2019-01-29,-0.0006913834690911082,-0.0006913834690911082,0.0,0.0,0.9621420941706721
2019-01-30,0.00010380332326359555,0.00010380332326359555,0.0,0.0,0.9622419677174988
2019-02-11,-0.0020707602805132776,-0.0020707602805132776,0.0,0.0,0.9602493952705066
2019-02-12,0.005484519801054865,0.005484519801054865,0.0,0.0,0.9655159020928187
2019-02-13,0.00276563561808894,0.00276563561808894,0.0,0.0,0.9681861672614779
2019-02-14,-0.0007515944974072682,-0.0007515944974072682,0.0,0.0,0.9674584838656983
2019-02-15,-0.0025005659290282013,-0.0025005659290282013,0.0,0.0,0.9650392901431945
2019-02-18,0.006447541558312417,0.006447541558312417,0.0,0.0,0.9712614210717971
2019-02-19,0.0003991621119407546,0.0003991621119407546,0.0,0.0,0.9716491118318787
2019-02-20,0.006351877019381521,0.005995297655771268,0.3565793636102527,0.00035657936361025274,0.9774744374742768
2019-02-21,0.003106092649157839,0.003106092649157839,0.0,0.0,0.9805105636392552
2019-02-22,0.0019330126805137695,0.0019330126805137695,0.0,0.0,0.9824059029921475
2019-02-25,0.003050735643756287,0.003050735643756287,0.0,0.0,0.9854029636970423
2019-02-26,0.00033348468170840673,0.00033348468170840673,0.0,0.0,0.9857315804907454
2019-02-27,0.003512345503287666,0.003512345503287666,0.0,0.0,0.9891938103749307
2019-03-04,-0.0034374858101315587,-0.0034374858101315587,0.0,0.0,0.9857934706882969
2019-03-05,-0.0018075570638724347,-0.0018075570638724347,0.0,0.0,0.9840115927368349
2019-03-06,0.0031368485902572947,0.0031368485902572947,0.0,0.0,0.9870982881143082
2019-03-07,-0.0032203293845206277,-0.0032203293845206277,0.0,0.0,0.9839195064916837
2019-03-08,-0.0039883842769275766,-0.0039883842769275766,0.0,0.0,0.9799952574022299
2019-03-11,-0.0009114475892734586,-0.0009114475892734586,0.0,0.0,0.9791020430873713
2019-03-12,0.007915932216424507,0.007915932216424507,0.0,0.0,0.9868525484934138
2019-03-13,-0.0003711438500786686,-0.0003711438500786686,0.0,0.0,0.986486284239106
2019-03-14,-0.0032897204397509005,-0.0032897204397509005,0.0,0.0,0.9832410201463107
2019-03-15,0.005894035224021105,0.005894035224021105,0.0,0.0,0.9890362773527555
2019-03-18,0.00654509968920818,0.00654509968920818,0.0,0.0,0.9955096183842727
2019-03-19,0.0012070817360847281,0.0012070817360847281,0.0,0.0,0.996711279862721
2019-03-20,0.0023662427706678756,0.0023662427706678756,0.0,0.0,0.9990697407231393
2019-03-21,0.0023701787951634053,0.0023701787951634053,0.0,0.0,1.0014377146374907
2019-03-22,-0.0023764331646109363,-0.0023764331646109363,0.0,0.0,0.9990578648401339
2019-03-25,-0.005332903304237637,-0.005332903304237637,0.0,0.0,0.9937299858516033
2019-03-26,0.004286281849309214,0.004286281849309214,0.0,0.0,0.9979893926530734
2019-03-27,-0.0028044391856493116,-0.0028044391856493116,0.0,0.0,0.9951905920934547
2019-03-28,-0.0011408157781069583,-0.0011408157781069583,0.0,0.0,0.9940552629637709
2019-03-29,0.008411511237042464,0.008411511237042464,0.0,0.0,1.0024167699784319
2019-04-01,-0.003971143524136579,-0.003971143524136579,0.0,0.0,0.9984360291138461
2019-04-02,0.00043492939089824554,0.00043492939089824554,0.0,0.0,0.9988702782878395
2019-04-03,0.0015819535420149183,0.0015819535420149183,0.0,0.0,1.0004504446625904
2019-04-08,0.003546201552296973,0.003546201552296973,0.0,0.0,1.003998243582449
2019-04-09,0.003987665069386246,0.003987665069386246,0.0,0.0,1.0080018523081078
2019-04-10,0.00020776006142144798,0.00020776006142144798,0.0,0.0,1.0082112748348562
2019-04-11,-0.0025629902788372547,-0.0025629902788372547,0.0,0.0,1.0056272391384404
2019-04-12,0.0009744358536813205,0.0009744358536813205,0.0,0.0,1.0066071583756955
2019-04-15,0.002541901970224688,0.002541901970224688,0.0,0.0,1.0091658550948128
2019-04-16,0.0016789182629084853,0.0016789182629084853,0.0,0.0,1.010860162079235
2019-04-17,0.0025946366079256447,0.0025946366079256447,0.0,0.0,1.0134829768612594
2019-04-18,-0.006290604377119124,-0.006290604377119124,0.0,0.0,1.0071075564108802
2019-04-19,0.0026703930877819545,0.0026703930877819545,0.0,0.0,1.009796929468173
2019-04-22,0.0005341452130177272,0.0005341452130177272,0.0,0.0,1.0103363076641683
2019-04-23,0.0030062912330269553,0.0030062912330269553,0.0,0.0,1.0133736728483078
2019-04-24,0.0014135255543037749,0.0014135255543037749,0.0,0.0,1.0148061024309376
2019-04-25,3.648810772929225e-05,3.648810772929225e-05,0.0,0.0,1.0148431307853274
2019-04-26,-2.0026188143983318e-05,-2.0026188143983318e-05,0.0,0.0,1.0148228073458536
2019-04-29,0.004380527068894672,0.004380527068894672,0.0,0.0,1.0192682661235637
2019-04-30,0.0025774634811495186,0.0025774634811495186,0.0,0.0,1.0218953928569918
2019-05-02,0.003088134454684675,0.003088134454684675,0.0,0.0,1.025051143228757
2019-05-03,0.000163974841853717,0.000163974841853717,0.0,0.0,1.02521922582786
2019-05-06,-0.014197588631606832,-0.014197588631606832,0.0,0.0,1.0106635850023418
2019-05-07,0.005299019368098334,0.005299019368098334,0.0,0.0,1.016019110913901
2019-05-08,-0.004549655891709788,-0.004549655891709788,0.0,0.0,1.0113965735798418
2019-05-09,-0.011326104096869207,-0.011326104096869207,0.0,0.0,0.9999413907042597
2019-05-10,-0.002151642825618105,-0.002151642825618105,0.0,0.0,0.9977898739849123
2019-05-13,-0.006243989114466702,-0.006243989114466702,0.0,0.0,0.9915596848732254
2019-05-14,-0.004193596422800824,-0.004193596422800824,0.0,0.0,0.9874014837257475
2019-05-15,0.002290702271033986,0.002290702271033986,0.0,0.0,0.9896633265469403
2019-05-16,-0.006788518201965847,-0.006788518201965847,0.0,0.0,0.9829449790408584
2019-05-17,-0.0005099215530895918,-0.0005099215530895918,0.0,0.0,0.9824437542105443
2019-05-20,0.009233068734497469,0.009233068734497469,0.0,0.0,0.991514724920948
2019-05-21,0.010485384661165784,0.010485384661165784,0.0,0.0,1.0019111382089543
2019-05-22,-0.0042817860446672145,-0.0042817860446672145,0.0,0.0,0.9976211690793745
2019-05-23,-0.003339489690682066,-0.003339489690682066,0.0,0.0,0.9942896234700277
2019-05-24,0.0019127879113407234,0.0019127879113407234,0.0,0.0,0.9961914886421727
2019-05-27,0.0029763530091543224,0.0029763530091543224,0.0,0.0,0.9991565061770866
2019-05-28,-0.0008672218646972815,-0.0008672218646972815,0.0,0.0,0.9982900158086754
2019-05-29,-0.0006871955743989918,-0.0006871955743989918,0.0,0.0,0.9976039953278449
2019-05-30,0.007709557334569262,0.007709557334569262,0.0,0.0,1.0052950805270204
2019-05-31,0.009123716303248692,0.009123716303248692,0.0,0.0,1.0144671076428005
2019-06-03,-0.0010108634861994217,-0.0010108634861994217,0.0,0.0,1.0134416198857341
2019-06-04,0.0002957498063522634,0.0002957498063522634,0.0,0.0,1.0137413450485646
2019-06-05,0.0015135209396255627,0.0015135209396255627,0.0,0.0,1.0152756638016598
2019-06-06,0.004340070442266124,0.004340070442266124,0.0,0.0,1.0196820317008775
2019-06-10,0.00498412174558775,0.00498412174558775,0.0,0.0,1.0247642510886628
2019-06-11,-0.00476795736201799,-0.00476795736201799,0.0,0.0,1.0198782188333517
2019-06-12,-0.004967719845772315,-0.004967719845772315,0.0,0.0,1.0148117495653823
2019-06-13,-0.0007014366542026965,-0.0007014366542026965,0.0,0.0,1.0140999234071215
2019-06-14,0.0008421653449752083,0.0008421653449752083,0.0,0.0,1.014953963218957
2019-06-17,0.0017213039899555906,0.0017213039899555906,0.0,0.0,1.016701007525467
2019-06-18,0.001515354270366676,0.001515354270366676,0.0,0.0,1.018241669738907
2019-06-19,0.012790838593665164,0.012790838593665164,0.0,0.0,1.0312658345858816
2019-06-20,0.0016544164623325153,0.0016544164623325153,0.0,0.0,1.0329719777596615
2019-06-21,-0.003094104936004369,-0.003094104936004369,0.0,0.0,1.0297758540645212
2019-06-24,0.004654662444571778,0.004654662444571778,0.0,0.0,1.0345691130587622
2019-06-25,-0.0021695075437558695,-0.0021695075437558695,0.0,0.0,1.0323246075634445
2019-06-26,-0.000993897529723174,-0.000993897529723174,0.0,0.0,1.0312985826861147
2019-06-27,0.004182133480553688,0.004182133480553688,0.0,0.0,1.0356116110172138
2019-06-28,-0.003686322873609223,-0.003686322873609223,0.0,0.0,1.0317940122473457
2019-07-01,0.0015089406668271192,0.0015089406668271192,0.0,0.0,1.0333509281922144
2019-07-02,-0.0021403045286789756,-0.0021403045286789756,0.0,0.0,1.03113924252089
2019-07-03,-0.0030482134645380197,-0.0030482134645380197,0.0,0.0,1.0279961099980244
2019-07-04,0.001171177078343471,0.001171177078343471,0.0,0.0,1.0292000754786805
2019-07-05,0.0016481536343631081,0.0016481536343631081,0.0,0.0,1.0308963553235675
2019-07-08,-0.0034186000193505654,-0.0034186000193505654,0.0,0.0,1.0273721330233099
2019-07-09,-0.00584509383427768,-0.00584509383427768,0.0,0.0,1.0213670465030666
2019-07-10,0.004765950900420463,0.004765950900420463,0.0,0.0,1.0262348316980079
2019-07-11,0.0021807203098749696,0.0021807203098749696,0.0,0.0,1.0284727628381929
2019-07-12,-0.0011266208660153235,-0.0011266208660153235,0.0,0.0,1.027314063963451
2019-07-15,-0.002436053760982812,-0.002436053760982812,0.0,0.0,1.0248114716742225
2019-07-16,-0.0019953710031537517,-0.0019953710031537517,0.0,0.0,1.0227665925799445
2019-07-17,0.002526157139256667,0.002526157139256667,0.0,0.0,1.0253502617095835
2019-07-18,-0.0031654708772789167,-0.0031654708772789167,0.0,0.0,1.0221045453171316
2019-07-19,0.0014370772009300852,0.0014370772009300852,0.0,0.0,1.0235733884561737
2019-07-22,-0.0010236145010529057,-0.0010236145010529057,0.0,0.0,1.022525643892858
2019-07-23,-0.0014500820378264875,-0.0014500820378264875,0.0,0.0,1.021042897823432
2019-07-24,-0.0037295956748267306,-0.0037295956748267306,0.0,0.0,1.0172348206478972
2019-07-25,-0.003076418602928969,-0.003076418602928969,0.0,0.0,1.014105380522109
2019-07-26,-0.00155145545915812,-0.00155145545915812,0.0,0.0,1.0125320411933363
2019-07-29,-0.00023120606720249056,-0.00023120606720249056,0.0,0.0,1.0122979376421755
2019-07-30,-0.0020083953585380253,-0.0020083953585380253,0.0,0.0,1.0102648431627572
2019-07-31,-0.0011743396591975806,-0.0011743396591975806,0.0,0.0,1.0090784490911382
2019-08-01,-0.009802359125937549,-0.009802359125937549,0.0,0.0,0.9991870997469028
2019-08-02,-0.011999501438657932,-0.011999501438657932,0.0,0.0,0.9871973527060014
2019-08-05,-0.0056486755812808235,-0.0056486755812808235,0.0,0.0,0.981620995125866
2019-08-06,-0.008560257102017308,-0.008560257102017308,0.0,0.0,0.9732180670308505
2019-08-07,-0.0017612746672317709,-0.0017612746672317709,0.0,0.0,0.9715039627036968
2019-08-08,0.006528108728217363,0.006528108728217363,0.0,0.0,0.9778460462021206
2019-08-12,-0.0035120970060231126,-0.0035120970060231126,0.0,0.0,0.9744117560309026
2019-08-13,-0.008389481148511905,-0.008389481148511905,0.0,0.0,0.9662369469727929
2019-08-14,0.0006088537382829111,0.0006088537382829111,0.0,0.0,0.9668252439500243
2019-08-15,-0.010168150920662561,-0.010168150920662561,0.0,0.0,0.9569944189556341
2019-08-16,0.011647831333403915,0.011647831333403915,0.0,0.0,0.9681413285346382
2019-08-19,0.004922647028445145,0.004922647028445145,0.0,0.0,0.9729071465686642
2019-08-20,-0.0018558637805476817,-0.0018558637805476817,0.0,0.0,0.9711015634335114
2019-08-21,-0.00017680586259025046,-0.00017680586259025046,0.0,0.0,0.9709298669839258
2019-08-22,0.0012308797551002842,0.0012308797551002842,0.0,0.0,0.9721249649008187
2019-08-23,0.0025311880795545853,0.0025311880795545853,0.0,0.0,0.9745855960238131
2019-08-26,-0.01153462454605773,-0.01153462454605773,0.0,0.0,0.9633441170856826
2019-08-27,-0.001210595774302834,-0.001210595774302834,0.0,0.0,0.9621778967683392
2019-08-28,0.0026935631945123346,0.0026935631945123346,0.0,0.0,0.9647695837376478
2019-08-29,0.0013230982390531566,0.0013230982390531566,0.0,0.0,0.966046068674983
2019-08-30,0.013485741185588302,0.013485741185588302,0.0,0.0,0.9790739159304888
2019-09-02,0.0030031783376669777,0.0030031783376669777,0.0,0.0,0.982014249505786
2019-09-03,-0.00531844176412623,-0.00531844176412623,0.0,0.0,0.9767914639082473
2019-09-04,0.00709905205174261,0.00709905205174261,0.0,0.0,0.9837257573542298
2019-09-05,0.004294216098936712,0.004294216098936712,0.0,0.0,0.9879500883383991
2019-09-06,0.0028771270922853046,0.0028771270922853046,0.0,0.0,0.9907925463033833
2019-09-09,0.005390108080440454,0.005390108080440454,0.0,0.0,0.9961330252132533
2019-09-10,0.005100155112358191,0.005100155112358191,0.0,0.0,1.0012134581543835
2019-09-11,0.0027831012000119155,0.0027831012000119155,0.0,0.0,1.003999936531241
2019-09-12,0.0005415373881855478,0.0005415373881855478,0.0,0.0,1.0045436400346088
2019-09-16,0.0038150637054724643,0.0038150637054724643,0.0,0.0,1.0083760380162679
2019-09-17,-0.00028618395926579654,-0.00028618395926579654,0.0,0.0,1.0080874569692795
2019-09-18,0.0026381991377930998,0.0026381991377930998,0.0,0.0,1.0107469924290757
2019-09-19,-0.0032302172729007294,-0.0032302172729007294,0.0,0.0,1.007482060035599
2019-09-20,0.0040608321814893,0.0040608321814893,0.0,0.0,1.0115732756072646
2019-09-23,-0.004078326581702589,-0.004078326581702589,0.0,0.0,1.0074477494280156
2019-09-24,-0.0014374736120277307,-0.0014374736120277307,0.0,0.0,1.0059995698727162
2019-09-25,-0.005111285279715084,-0.005111285279715084,0.0,0.0,1.0008576190798262
2019-09-26,-0.0022202338318700696,-0.0022202338318700696,0.0,0.0,0.9986354811330602
2019-09-27,-0.008125887875262468,-0.008125887875262468,0.0,0.0,0.9905206811851142
2019-10-01,0.009033267769245271,0.009033267769245271,0.0,0.0,0.9994683197292346
2019-10-02,-0.00372657759483635,-0.00372657759483635,0.0,0.0,0.9957437234821829
2019-10-03,-0.0062959493505949414,-0.0062959493505949414,0.0,0.0,0.9894745714329662
2019-10-04,0.0035398159425365284,0.0035398159425365284,0.0,0.0,0.9929771292956592
2019-10-07,0.0007550032989115331,0.0007550032989115331,0.0,0.0,0.993726830304021
2019-10-08,0.001775187477415113,0.001775187477415113,0.0,0.0,0.995490881729148
2019-10-09,-0.00980113393079864,-0.00980113393079864,0.0,0.0,0.9857339422704319
2019-10-14,0.010170577618502737,0.010170577618502737,0.0,0.0,0.995759425841486
2019-10-15,0.0005006256741120019,0.0005006256741120019,0.0,0.0,0.9962579285753013
2019-10-16,0.004607290050467259,0.004607290050467259,0.0,0.0,1.0008479778173254
2019-10-17,0.0047525660830563185,0.0047525660830563185,0.0,0.0,1.0056045739709956
2019-10-18,-0.0007396204662147242,-0.0007396204662147242,0.0,0.0,1.0048608082471675
2019-10-21,0.0038720059205662634,0.0038720059205662634,0.0,0.0,1.0087516352460457
2019-10-22,0.0034531625127446966,0.0034531625127446966,0.0,0.0,1.0122350185775473
2019-10-23,-0.004408656905557032,-0.004408656905557032,0.0,0.0,1.0077724216728488
2019-10-24,0.006178346246891013,0.006178346246891013,0.0,0.0,1.0139987886320114
2019-10-25,-0.0007282294507137157,-0.0007282294507137157,0.0,0.0,1.0132603648511416
2019-10-28,0.0006885646744045235,0.0006885646744045235,0.0,0.0,1.0139580601443523
2019-10-29,-0.00037326361494676504,-0.00037326361494676504,0.0,0.0,1.0135795864934185
2019-10-30,0.005750690677188701,0.005750690677188701,0.0,0.0,1.019408369172055
2019-10-31,-0.0016078299963217704,-0.0016078299963217704,0.0,0.0,1.0177693338175986
2019-11-01,0.0023740615603015996,0.0023740615603015996,0.0,0.0,1.0201855808702687
2019-11-04,0.007246783408569683,0.007246783408569683,0.0,0.0,1.0275786448113813
2019-11-05,0.005217641317154083,0.005217641317154083,0.0,0.0,1.0329401816051744
2019-11-06,0.0025463659083857456,0.0025463659083857456,0.0,0.0,1.0355704252690157
2019-11-07,-0.0009156243279773514,-0.0009156243279773514,0.0,0.0,1.0346222317943055
2019-11-08,-0.0005559708645927969,-0.0005559708645927969,0.0,0.0,1.0340470119775678
2019-11-11,-0.008096590343399625,-0.008096590343399625,0.0,0.0,1.025674756925769
2019-11-12,0.002973697800827865,0.002973697800827865,0.0,0.0,1.0287248036948038
2019-11-13,-0.006176175911652183,-0.006176175911652183,0.0,0.0,1.0223712183425049
2019-11-14,-0.0024910310227334574,-0.0024910310227334574,0.0,0.0,1.019824459920864
2019-11-15,0.002890724701041356,0.002890724701041356,0.0,0.0,1.0227724916778833
2019-11-18,0.005548370850912361,0.005548370850912361,0.0,0.0,1.028447212757824
2019-11-19,0.0002036540122660779,0.0002036540122660779,0.0,0.0,1.0286566601591058
2019-11-20,0.00038331229104543495,0.00038331229104543495,0.0,0.0,1.0290509569002106
2019-11-21,-0.0069491700758449355,-0.0069491700758449355,0.0,0.0,1.021899906784
2019-11-22,0.0030046669785174737,0.0030046669785174737,0.0,0.0,1.024970375689264
2019-11-25,0.0018987679897868842,0.0018987679897868842,0.0,0.0,1.0269165566291025
2019-11-26,-0.00041561649215431773,-0.00041561649215431773,0.0,0.0,1.0264897531721011
2019-11-27,0.006408577882745717,0.006408577882745717,0.0,0.0,1.0330680927011449
2019-11-28,-0.0021738733762323875,-0.0021738733762323875,0.0,0.0,1.0308223334785866
2019-11-29,-0.00615710081947197,-0.00615710081947197,0.0,0.0,1.0244754564443956
2019-12-02,-0.0019228375985807225,-0.0019228375985807225,0.0,0.0,1.0225055565179213
2019-12-03,0.0014908312050109307,0.0014908312050109307,0.0,0.0,1.0240299397088755
2019-12-04,-0.0006577425699741638,-0.0006577425699741638,0.0,0.0,1.023356391624601
2019-12-05,0.00017155956680616516,0.00017155956680616516,0.0,0.0,1.0235319582038362
2019-12-06,-0.0009671721508466516,-0.0009671721508466516,0.0,0.0,1.02254202659836
2019-12-09,0.0033071771357334216,0.0033071771357334216,0.0,0.0,1.0259237542090525
2019-12-10,0.000555104476796323,0.000555104476796323,0.0,0.0,1.0264932490778658
2019-12-11,0.001062530592361882,0.001062530592361882,0.0,0.0,1.027583929557864
2019-12-12,0.0033181518315688325,0.0033181518315688325,0.0,0.0,1.030993609055817
2019-12-13,0.006016641114719424,0.006016641114719424,0.0,0.0,1.0371967275930751
2019-12-16,0.0007958533163828022,0.0007958533163828022,0.0,0.0,1.0380221840484714
2019-12-17,0.005953184473943893,0.005953184473943893,0.0,0.0,1.044201721598158
2019-12-18,0.004346059635273089,0.004346059635273089,0.0,0.0,1.0487398845514786
2019-12-19,-0.002806388886505408,-0.002806388886505408,0.0,0.0,1.0457967125946384
2019-12-20,-0.000524544938402871,-0.000524544938402871,0.0,0.0,1.0452481452224485
2019-12-23,0.004553331602569473,0.004553331602569473,0.0,0.0,1.0500075066346168
2019-12-24,-0.0035665548048894953,-0.0035665548048894953,0.0,0.0,1.046262597316659
2019-12-25,0.0015405944764656575,0.0015405944764656575,0.0,0.0,1.0478744636950177
2019-12-26,-0.0009840705280086174,-0.0009840705280086174,0.0,0.0,1.0468432813182427
2019-12-27,0.002820881290372447,0.002820881290372447,0.0,0.0,1.0497963019444654
2019-12-30,-0.0018060941770226494,-0.0018060941770226494,0.0,0.0,1.0479002709564635
2019-12-31,-0.004785141399214945,-0.004785141399214945,0.0,0.0,1.0428859199876612
2020-01-02,0.002147303145491548,0.002147303145491548,0.0,0.0,1.0451253122040396
2020-01-03,0.0015053731255678551,0.0015053731255678551,0.0,0.0,1.0466986157618823
2020-01-06,-0.009452253490664876,-0.009452253490664876,0.0,0.0,1.0368049551173728
2020-01-07,-0.0022995662781043484,-0.0022995662781043484,0.0,0.0,1.0344207534056133
2020-01-08,-0.005780226739800535,-0.005780226739800535,0.0,0.0,1.0284415669065736
2020-01-09,0.006039993313476007,0.006039993313476007,0.0,0.0,1.0346533470939903
2020-01-10,0.0033886529901333362,0.0033886529901333362,0.0,0.0,1.0381594282523716
2020-01-13,0.0077201532016504875,0.0077201532016504875,0.0,0.0,1.0461741780862177
2020-01-14,0.0023222284424505527,0.0023222284424505527,0.0,0.0,1.0486036335183266
2020-01-15,-0.0029704886891103706,-0.0029704886891103706,0.0,0.0,1.0454887682856004
2020-01-16,0.0015643129057192852,0.0015643129057192852,0.0,0.0,1.047124239858614
2020-01-17,0.004555585447597855,0.004555585447597855,0.0,0.0,1.051894503807541
2020-01-20,0.003951496556310574,0.003951496556310574,0.0,0.0,1.0560510613169385
2020-01-30,-0.05103710620273407,-0.05103710620273407,0.0,0.0,1.0021532711449959
2020-01-31,0.007227330730033015,0.007227330730033015,0.0,0.0,1.0093961642777451
2020-02-03,-0.004730832629158757,-0.004730832629158757,0.0,0.0,1.0046208799680323
2020-02-04,0.010412586852513471,0.010412586852513471,0.0,0.0,1.015081582134548
2020-02-05,0.00177228014507183,0.00177228014507183,0.0,0.0,1.0168805910681933
2020-02-06,0.01141946509719344,0.01141946509719344,0.0,0.0,1.02849282348591
2020-02-07,-0.007960362742789896,-0.007960362742789896,0.0,0.0,1.020305647532606
2020-02-10,-0.00032557310980131735,-0.00032557310980131735,0.0,0.0,1.019973463449991
2020-02-11,0.0021711176222396155,0.0021711176222396155,0.0,0.0,1.0221879458107042
2020-02-12,0.0016867707857817435,0.0016867707857817435,0.0,0.0,1.023912142575276
2020-02-13,0.003331990922661262,0.003331990922661262,0.0,0.0,1.0273238085399394
2020-02-14,0.0004406860798869397,0.0004406860798869397,0.0,0.0,1.0277765358418993
2020-02-17,-0.002332169173969521,-0.002332169173969521,0.0,0.0,1.0253795870872797
2020-02-18,0.0016722720449592653,0.0016722720449592653,0.0,0.0,1.0270943007062376
2020-02-19,0.009394108108462161,0.009394108108462161,0.0,0.0,1.0367429356046574
2020-02-20,-0.003903732216248827,-0.003903732216248827,0.0,0.0,1.0326957688069691
2020-02-21,-0.004568439073954329,-0.004568439073954329,0.0,0.0,1.027977961105244
2020-02-24,-0.009530094633000134,-0.009530094633000134,0.0,0.0,1.0181812338552725
2020-02-25,-0.003103042760589777,-0.003103042760589777,0.0,0.0,1.0150217739485894
2020-02-26,-0.006370810109571402,-0.006370810109571402,0.0,0.0,1.0085552629696826
2020-02-27,-0.006985882046516116,-0.006985882046516116,0.0,0.0,1.0015096148651834
2020-03-02,-0.01189818777946694,-0.01189818777946694,0.0,0.0,0.9895934654045758
2020-03-03,0.008352283229648254,0.008352283229648254,0.0,0.0,0.997858830309844
2020-03-04,0.006697357903333626,0.006697357903333626,0.0,0.0,1.004541848033431
2020-03-05,0.009233347409339841,0.009233347409339841,0.0,0.0,1.0138171319035438
2020-03-06,-0.014485102237775507,-0.014780722343242918,0.2956201054674114,0.0002956201054674114,0.9988321823700547
2020-03-09,-0.02249886659548708,-0.02249886659548708,0.0,0.0,0.9763595903476316
2020-03-10,-0.00039199655865589827,-0.00039199655865589827,0.0,0.0,0.9759768607482048
2020-03-11,-0.0027465548327239245,-0.0027465548327239245,0.0,0.0,0.97329628678469
2020-03-12,-0.038028563153503434,-0.038028563153503434,0.0,0.0,0.9362832274756281
2020-03-13,-0.027284571087699223,-0.027284571087699223,0.0,0.0,0.9107371411973488
2020-03-16,-0.03418998640653015,-0.03418998640653015,0.0,0.0,0.8795990507198893
2020-03-17,-0.033818171631993736,-0.033818171631993736,0.0,0.0,0.8498526190553053
2020-03-18,-0.019553892910310667,-0.019553892910310667,0.0,0.0,0.8332346919527508
2020-03-19,-0.06637618958661531,-0.06637618958661531,0.0,0.0,0.77792774806955
2020-03-20,0.057608796231092746,0.057608796231092746,0.0,0.0,0.8227432291906015
2020-03-23,-0.03845680783936128,-0.03845680783936128,0.0,0.0,0.791103150924483
2020-03-24,0.03893303966272076,0.03893303966272076,0.0,0.0,0.8219032012767293
2020-03-25,0.039844144684102106,0.039844144684102106,0.0,0.0,0.854651231344726
2020-03-26,0.002365801113569133,0.002365801113569133,0.0,0.0,0.8566731661795546
2020-03-27,0.01083652092207139,0.01083652092207139,0.0,0.0,0.8659565228682364
2020-03-30,-0.009075703615561533,-0.009075703615561533,0.0,0.0,0.858097358122722
2020-03-31,-0.0010071581476306614,-0.0010071581476306614,0.0,0.0,0.8572331183770284
2020-04-01,-0.0026470729461047365,-0.0026470729461047365,0.0,0.0,0.8549639597808676
2020-04-06,0.013845918911911378,0.013845918911911378,0.0,0.0,0.8668017214406001
2020-04-07,0.008755027832573245,0.008755027832573245,0.0,0.0,0.8743905946371349
2020-04-08,0.010343759558520814,0.010343759558520814,0.0,0.0,0.8834350807082934
2020-04-09,0.005830314695183364,0.005830314695183364,0.0,0.0,0.8885857852415875
2020-04-10,0.015832736602694183,0.015832736602694183,0.0,0.0,0.9026545299282158
2020-04-13,-0.007847274525466293,-0.007847274525466293,0.0,0.0,0.8955711520302134
2020-04-14,0.02072925113862239,0.02072925113862239,0.0,0.0,0.9141356713531531
2020-04-15,0.014467055764793273,0.014467055764793273,0.0,0.0,0.9273605230872058
2020-04-16,-0.012341726941065924,-0.012341726941065924,0.0,0.0,0.9159152927353394
2020-04-17,0.0033615355848921114,0.0033615355848921114,0.0,0.0,0.9189941745846162
2020-04-20,-0.002887845790250575,-0.002887845790250575,0.0,0.0,0.9163402611262772
2020-04-21,-0.028074820070512277,-0.028074820070512277,0.0,0.0,0.8906141731717907
2020-04-22,0.00014026423437944998,0.00014026423437944998,0.0,0.0,0.8907390944869182
2020-04-23,0.0026525446212407955,0.0026525446212407955,0.0,0.0,0.8931018196809285
2020-04-24,-0.0010652580207031138,-0.0010652580207031138,0.0,0.0,0.8921504358042088
2020-04-27,0.022522730107371366,0.022522730107371366,0.0,0.0,0.9122440992850008
2020-04-28,0.008327919900508587,0.008327919900508587,0.0,0.0,0.919841195073558
2020-04-29,0.013091662485233826,0.013091662485233826,0.0,0.0,0.9318834455394751
2020-04-30,0.01661213232934433,0.01661213232934433,0.0,0.0,0.9473640166523021
2020-05-04,-0.022583939803786007,-0.022583939803786007,0.0,0.0,0.9259688047279535
2020-05-05,0.005828318752217098,0.005828318752217098,0.0,0.0,0.9313656460765174
2020-05-06,-0.00576710138063269,-0.00576710138063269,0.0,0.0,0.9259943659731557
2020-05-07,0.002448587756417382,0.002448587756417382,0.0,0.0,0.9282617444401889
2020-05-08,0.004415955330224264,0.004415955330224264,0.0,0.0,0.9323609068383929
2020-05-11,0.011116699638878442,0.011116699638878442,0.0,0.0,0.9427256829947477
2020-05-12,-0.007920909175980671,-0.007920909175980671,0.0,0.0,0.935258438481882
2020-05-13,0.0029410911795316316,0.0029410911795316316,0.0,0.0,0.9380091188258834
2020-05-14,-0.010481005526204224,-0.010481005526204224,0.0,0.0,0.9281778400678394
2020-05-15,-0.0008297773036862113,-0.0008297773036862113,0.0,0.0,0.9274076591623667
2020-05-18,-0.00021137849351249356,-0.00021137849351249356,0.0,0.0,0.927211625128501
2020-05-19,0.011459122165148373,0.011459122165148373,0.0,0.0,0.9378366564137942
2020-05-20,0.0018090866455379244,0.0018090866455379244,0.0,0.0,0.9395332841846085
2020-05-21,0.005830192670714045,0.005830192670714045,0.0,0.0,0.9450109442519534
2020-05-22,-0.015305238863935504,-0.015305238863935504,0.0,0.0,0.930547326021144
2020-05-25,0.002414714861468083,0.002414714861468083,0.0,0.0,0.9327943324785867
2020-05-26,0.012391711186670533,0.012391711186670533,0.0,0.0,0.9443532504432244
2020-05-27,0.0017749211563509286,0.0017749211563509286,0.0,0.0,0.9460294030065048
2020-05-28,-0.004948588604951415,-0.004948588604951415,0.0,0.0,0.9413478926828379
2020-05-29,0.0021963280103122905,0.0021963280103122905,0.0,0.0,0.9434154014269858
2020-06-01,0.009129289908874207,0.009129289908874207,0.0,0.0,0.9520281141311097
2020-06-02,0.008595930303187456,0.008595930303187456,0.0,0.0,0.9602116814468558
2020-06-03,0.01786089773804866,0.01786089773804866,0.0,0.0,0.9773619240960577
2020-06-04,0.0007699027013606718,0.0007699027013606718,0.0,0.0,0.9781143976816262
2020-06-05,0.0022554401244241694,0.0022554401244241694,0.0,0.0,0.9803204761404343
2020-06-08,0.010314492404288774,0.010314492404288774,0.0,0.0,0.9904319842453536
2020-06-09,-0.0009657444854515553,-0.0009657444854515553,0.0,0.0,0.9894754800183538
2020-06-10,0.0067899887111217486,0.0067899887111217486,0.0,0.0,0.9961940073576103
2020-06-11,-0.021310865079071022,-0.021310865079071022,0.0,0.0,0.9749642512742333
2020-06-12,-0.00987006598247757,-0.00987006598247757,0.0,0.0,0.9653412897835998
2020-06-15,-0.008219941556945118,-0.008219941556945118,0.0,0.0,0.9574062407990725
2020-06-16,0.013833924386559117,0.013833924386559117,0.0,0.0,0.9706509263415066
2020-06-17,0.003577314421117361,0.003577314421117361,0.0,0.0,0.974123249898179
2020-06-18,-0.005427711264317564,-0.005427711264317564,0.0,0.0,0.968835990161873
2020-06-19,-0.006558252042147187,-0.006558252042147187,0.0,0.0,0.9624821195508882
2020-06-22,0.0042859192933964365,0.0042859192933964365,0.0,0.0,0.9666072402366205
2020-06-23,0.003432696900241173,0.003432696900241173,0.0,0.0,0.9699253099139314
2020-06-24,0.0026928003001645533,0.0026928003001645533,0.0,0.0,0.9725371250796048
2020-06-29,-0.0077591086148465944,-0.0077591086148465944,0.0,0.0,0.9649911038941414
2020-06-30,0.005650599025175174,0.005650599025175174,0.0,0.0,0.9704438816851084
2020-07-01,0.0047556591233951125,0.0047556591233951125,0.0,0.0,0.9750589819847871
2020-07-02,0.005157316129422819,0.005157316129422819,0.0,0.0,0.9800876693997158
2020-07-03,0.0018656746063120903,0.0018656746063120903,0.0,0.0,0.9819161940764746
2020-07-06,0.01075723360278486,0.01075723360278486,0.0,0.0,0.9924788959545126
2020-07-07,-0.003517022900842463,-0.003517022900842463,0.0,0.0,0.9889883249488377
2020-07-08,0.0011086305505394797,0.0011086305505394797,0.0,0.0,0.9900847476200029
2020-07-09,-0.0029705203579938225,-0.0029705203579938225,0.0,0.0,0.9871436807210585
2020-07-10,-0.00705661914147173,-0.00705661914147173,0.0,0.0,0.9801777837282994
2020-07-13,0.005553560003422257,0.005553560003422257,0.0,0.0,0.985621259864256
2020-07-14,-0.003552709701270784,-0.003552709701270784,0.0,0.0,0.9821196336525575
2020-07-15,0.0034534593947200304,0.0034534593947200304,0.0,0.0,0.9855113439281339
2020-07-16,-0.002303852660772694,-0.002303852660772694,0.0,0.0,0.9832408709962034
2020-07-17,-0.0035706067635201963,-0.0035706067635201963,0.0,0.0,0.9797301044920549
2020-07-20,-0.00013511574153754707,-0.00013511574153754707,0.0,0.0,0.9795977275324798
2020-07-21,0.0013715835698395516,0.0013715835698395516,0.0,0.0,0.9809413276806155
2020-07-22,0.005316302802362795,0.005316302802362795,0.0,0.0,0.9861563088099174
2020-07-23,-0.005490403373131289,-0.005490403373131289,0.0,0.0,0.9807419128855928
2020-07-24,-0.012597419149498253,-0.012597419149498253,0.0,0.0,0.9683870959314922
2020-07-27,-0.01459103837527151,-0.01459103837527151,0.0,0.0,0.9542573226526381
2020-07-28,-0.006851268646396952,-0.006851268646396952,0.0,0.0,0.9477194493773533
2020-07-29,0.006123680509928875,0.006123680509928875,0.0,0.0,0.953522980498386
2020-07-30,0.006411752586938416,0.006411752586938416,0.0,0.0,0.9596367339353018
2020-07-31,-0.006457639566050437,-0.006457639566050437,0.0,0.0,0.9534397457932058
2020-08-03,-0.008146241826969611,-0.008146241826969611,0.0,0.0,0.9456727950565299
2020-08-04,0.008830899802851223,0.008830899802851223,0.0,0.0,0.9540239367559564
2020-08-05,0.004366129248134604,0.004366129248134604,0.0,0.0,0.958189328569647
2020-08-06,0.0073775906659306395,0.0073775906659306395,0.0,0.0,0.9652584572162968
2020-08-07,-0.008110685335400273,-0.008110685335400273,0.0,0.0,0.9574295496024815
2020-08-10,0.007675050971579567,0.007675050971579567,0.0,0.0,0.9647778701973769
2020-08-11,-0.007496364087576601,-0.007496364087576601,0.0,0.0,0.9575455440187407
2020-08-12,-0.002569669310970813,-0.002569669310970813,0.0,0.0,0.9550849686204189
2020-08-13,-0.0018121732702295508,-0.0018121732702295508,0.0,0.0,0.953354189169487
2020-08-14,-0.0013013408828548643,-0.0013013408828548643,0.0,0.0,0.9521135503872799
2020-08-17,0.00655075071378621,0.00655075071378621,0.0,0.0,0.9583506089070849
2020-08-18,-0.0001096925804686973,-0.0001096925804686973,0.0,0.0,0.9582454849558002
2020-08-19,-0.00438571032881876,-0.00438571032881876,0.0,0.0,0.9540428978348856
2020-08-20,-0.0228092548486993,-0.0228092548486993,0.0,0.0,0.932281890241578
2020-08-21,0.01187011240663743,0.01187011240663743,0.0,0.0,0.9433481810734179
2020-08-24,-0.0027505551020334277,-0.0027505551020334277,0.0,0.0,0.9407534499209724
2020-08-25,0.005983863640311357,0.005983863640311357,0.0,0.0,0.9463827902844519
2020-08-26,0.0022687527112391585,0.0022687527112391585,0.0,0.0,0.9485298988057798
2020-08-27,-0.00278405299827716,-0.00278405299827716,0.0,0.0,0.945889141297054
2020-08-28,0.0013925844018803043,0.0013925844018803043,0.0,0.0,0.9472063717611322
2020-08-31,-0.005259668558426477,-0.005259668558426477,0.0,0.0,0.9422243801892389
2020-09-01,-0.0009311314940156314,-0.0009311314940156314,0.0,0.0,0.9413470453944154
2020-09-02,-0.0021506984631516598,-0.0021506984631516598,0.0,0.0,0.9393224917505932
2020-09-03,0.002923548610649731,0.002923548610649731,0.0,0.0,0.9420686467163027
2020-09-04,-0.004588665868964847,-0.004588665868964847,0.0,0.0,0.9377458084708937
2020-09-07,0.005388142018295454,0.005388142018295454,0.0,0.0,0.9427985160639962
2020-09-08,0.00048009477325809463,0.00048009477325809463,0.0,0.0,0.9432511487037941
2020-09-09,-0.0020444257661995464,-0.0020444257661995464,0.0,0.0,0.9413227417513867
2020-09-10,0.004231960995280175,0.004231960995280175,0.0,0.0,0.9453063828784487
2020-09-11,-0.00033230624308629484,-0.00033230624308629484,0.0,0.0,0.9449922516657888
2020-09-14,0.0003100683738331504,0.0003100683738331504,0.0,0.0,0.9452852638765477
2020-09-15,0.00018565688526583763,0.00018565688526583763,0.0,0.0,0.9454607625943267
2020-09-16,0.000992250622415011,0.000992250622415011,0.0,0.0,0.9463988966244797
2020-09-17,-0.0048934353427988065,-0.0048934353427988065,0.0,0.0,0.9417677548153517
2020-09-18,3.7334359100897725e-05,3.7334359100897725e-05,0.0,0.0,0.9418029151108996
2020-09-21,-0.006547005175751413,-0.006547005175751413,0.0,0.0,0.9356369265511307
2020-09-22,-0.010996792097415798,-0.010996792097415798,0.0,0.0,0.9253479217911829
2020-09-23,-0.006241803211710951,-0.006241803211710951,0.0,0.0,0.9195720821609966
2020-09-24,-0.025264782777660325,-0.025264782777660325,0.0,0.0,0.8963392932567983
2020-09-25,0.006182597019863109,0.006182597019863109,0.0,0.0,0.9018809979000739
2020-09-28,0.016714944428710698,0.016714944428710698,0.0,0.0,0.9169558886612837
2020-09-29,0.0005298115031192506,0.0005298115031192506,0.0,0.0,0.9174417024389493
2020-09-30,-0.0007127954732271314,-0.0007127954732271314,0.0,0.0,0.916787754146501
2020-10-05,0.001258841444832971,0.001258841444832971,0.0,0.0,0.9179418445675359
2020-10-06,0.01173563453510669,0.01173563453510669,0.0,0.0,0.9287144745798622
2020-10-07,-0.005393458657000025,-0.005393458657000025,0.0,0.0,0.9237054914570583
2020-10-08,0.0030589223006097766,0.0030589223006097766,0.0,0.0,0.9265310347840718
2020-10-12,-0.001496517681029263,-0.001496517681029263,0.0,0.0,0.9251444647084952
2020-10-13,-0.0026105371812710255,-0.0026105371812710255,0.0,0.0,0.9227293406853266
2020-10-14,-0.00053429940858861,-0.00053429940858861,0.0,0.0,0.9222363269443111
2020-10-15,-0.005676854340283069,-0.005676854340283069,0.0,0.0,0.9170009256489305
2020-10-16,-0.00407775840417643,-0.00407775840417643,0.0,0.0,0.913261617417728
2020-10-19,0.003728775921464884,0.003728775921464884,0.0,0.0,0.9166669653467533
2020-10-20,-0.00021032289119052107,-0.00021032289119052107,0.0,0.0,0.9164741693003428
2020-10-21,-0.0023788180008549927,-0.0023788180008549927,0.0,0.0,0.9142940440490924
2020-10-22,0.006574917541763052,0.006574917541763052,0.0,0.0,0.9203054519976404
2020-10-23,0.0002173932040098147,0.0002173932040098147,0.0,0.0,0.9205055201485177
2020-10-26,0.006145641857369016,0.006145641857369016,0.0,0.0,0.9261626174030818
2020-10-27,-0.002475118816156991,-0.002475118816156991,0.0,0.0,0.9238702548819262
2020-10-28,-0.002377744279493127,-0.002377744279493127,0.0,0.0,0.9216735276683868
2020-10-29,-0.00914800482817186,-0.00914800482817186,0.0,0.0,0.9132420537872782
2020-10-30,-0.0049283854035610634,-0.0049283854035610634,0.0,0.0,0.9087412449794748
2020-11-02,0.01070092618920574,0.01070092618920574,0.0,0.0,0.9184656179670871
2020-11-03,0.007428580299327933,0.007428580299327933,0.0,0.0,0.9252885135623274
2020-11-04,-0.0005675109380066818,-0.0005675109380066818,0.0,0.0,0.9247634022100689
2020-11-05,0.005501717731028324,0.005501717731028324,0.0,0.0,0.9298511894170142
2020-11-06,0.0037840605236268052,0.0037840605236268052,0.0,0.0,0.9333698025957345
2020-11-09,0.0070081129498622535,0.0070081129498622535,0.0,0.0,0.9399109635963161
2020-11-10,0.009975946920474453,0.009975946920474453,0.0,0.0,0.949287465479125
2020-11-11,0.018479624834145114,0.018479624834145114,0.0,0.0,0.9668299417009356
2020-11-12,-0.009353668051404538,-0.009353668051404538,0.0,0.0,0.9577865353641062
2020-11-13,0.00020110325386082733,0.00020110325386082733,0.0,0.0,0.9579791493528721
2020-11-16,0.007771431351359574,0.007771431351359574,0.0,0.0,0.9654240185481017
2020-11-17,0.0017066047165762229,0.0017066047165762229,0.0,0.0,0.9670716157316518
2020-11-18,0.0053275616703387235,0.0053275616703387235,0.0,0.0,0.9722237494040963
2020-11-19,-0.0031657386909373607,-0.0031657386909373607,0.0,0.0,0.9691459430643595
2020-11-20,-0.0021924458242785763,-0.0021924458242785763,0.0,0.0,0.9670211430883715
2020-11-23,0.007450178526430715,0.007450178526430715,0.0,0.0,0.9742256232432129
2020-11-24,-0.0049526491225703245,-0.0049526491225703245,0.0,0.0,0.9694006255650719
2020-11-25,0.001353764130702696,0.001353764130702696,0.0,0.0,0.9707129653602427
2020-11-26,0.003593606660976508,0.003593606660976508,0.0,0.0,0.9742013259384575
2020-11-27,-0.0012467897750513901,-0.0012467897750513901,0.0,0.0,0.972986701686436
2020-11-30,-0.003000960657354015,-0.003000960657354015,0.0,0.0,0.9700668068745464
2020-12-01,0.006905518768577272,0.006905518768577272,0.0,0.0,0.9767656214161925
2020-12-02,0.001299579317991495,0.001299579317991495,0.0,0.0,0.9780350058163101
2020-12-03,-0.0007452814040331618,-0.0007452814040331618,0.0,0.0,0.9773060945139818
2020-12-04,0.009936492740746915,0.009936492740746915,0.0,0.0,0.9870170894276076
2020-12-07,0.0010110648836285578,0.0010110648836285578,0.0,0.0,0.9880150277462691
2020-12-08,-0.007976409643180521,-0.007976409643180521,0.0,0.0,0.9801342151513466
2020-12-09,4.673777304715351e-05,4.673777304715351e-05,0.0,0.0,0.98018002444185
2020-12-10,0.00044164850842454264,0.00044164850842454264,0.0,0.0,0.9806129194876324
2020-12-11,0.005750582673392608,0.005750582673392608,0.0,0.0,0.9862520151517429
2020-12-14,0.0005070286247467091,0.0005070286247467091,0.0,0.0,0.9867520731546389
2020-12-15,-0.008293225660460177,-0.008293225660460177,0.0,0.0,0.9785687155410405
2020-12-16,0.012967755874359308,0.012967755874359308,0.0,0.0,0.9912585557504621
2020-12-17,-0.001401780566140552,-0.001401780566140552,0.0,0.0,0.9898690287709905
2020-12-18,-0.005541188123873906,-0.005541188123873906,0.0,0.0,0.984383978264574
2020-12-21,0.00822679340353458,0.00822679340353458,0.0,0.0,0.9924823018835061
2020-12-22,-0.00888527023914081,-0.00888527023914081,0.0,0.0,0.9836638284237066
2020-12-23,-0.0006325599966154464,-0.0006325599966154464,0.0,0.0,0.9830416020357281
2020-12-24,0.004202867637371665,0.004202867637371665,0.0,0.0,0.9871731957711142
2020-12-25,0.0044773423290874305,0.0044773423290874305,0.0,0.0,0.9915931081066807
2020-12-28,0.00606746573550798,0.00606746573550798,0.0,0.0,0.9976095653136838
2020-12-29,0.000796963846433464,0.000796963846433464,0.0,0.0,0.9984046240700951
2020-12-30,0.014731980665602766,0.014731980665602766,0.0,0.0,1.0131131016883441
2020-12-31,-0.0038535026599991057,-0.0038535026599991057,0.0,0.0,1.0092090676561083
2021-01-04,-0.0009633042581750307,-0.0009633042581750307,0.0,0.0,1.0082368922638463
2021-01-05,0.004784034241845007,0.004784034241845007,0.0,0.0,1.013060332080328
2021-01-06,-0.008383570139964172,-0.008383570139964172,0.0,0.0,1.0045672697303172
2021-01-07,0.005794791443049223,0.005794791443049223,0.0,0.0,1.0103885275489177
2021-01-08,0.010921347386903958,0.010921347386903958,0.0,0.0,1.0214233316540218
2021-01-11,0.00593445634057542,0.00593445634057542,0.0,0.0,1.0274849238209676
2021-01-12,-0.010542318307223074,-0.010542318307223074,0.0,0.0,1.016652850698174
2021-01-13,0.00867242795838919,0.00867242795838919,0.0,0.0,1.025469699304545
2021-01-14,0.0009295701401075382,0.0009295701401075382,0.0,0.0,1.0264229453166034
2021-01-15,-0.010942279133557416,-0.010942279133557416,0.0,0.0,1.015191538939861
2021-01-18,-0.006232244542113717,-0.006232244542113717,0.0,0.0,1.008864617012103
2021-01-19,0.0004132076179059477,0.0004132076179059477,0.0,0.0,1.0092814875572882
2021-01-20,-0.023075583721817422,-0.023075583721817422,0.0,0.0,0.9859917280922796
2021-01-21,0.0035093770834207236,0.0035093770834207236,0.0,0.0,0.989451944867289
2021-01-22,0.0007744519504352178,0.0007744519504352178,0.0,0.0,0.9902182278558533
2021-01-25,0.010571663656552915,0.010571663656552915,0.0,0.0,1.0006864819073333
2021-01-26,-0.006612727485498784,-0.006612727485498784,0.0,0.0,0.9940692149040576
2021-01-27,0.00019707790797799144,0.00019707790797799144,0.0,0.0,0.9942651239853163
2021-01-28,-0.0068668301086178204,-0.0068668301086178204,0.0,0.0,0.9874376742959854
2021-01-29,-0.014590813471357676,-0.014590813471357676,0.0,0.0,0.9730301553757414
2021-02-01,0.009010597478246151,0.009010597478246151,0.0,0.0,0.9817977384400276
2021-02-02,0.009216691176746448,0.009216691176746448,0.0,0.0,0.9908466649932574
2021-02-03,0.00347192975810404,0.00347192975810404,0.0,0.0,0.9942868150151656
2021-02-04,-0.004057315658190136,-0.004057315658190136,0.0,0.0,0.9902526795518726
2021-02-05,0.0033644979360780447,0.0033644979360780447,0.0,0.0,0.9935843826484206
2021-02-17,0.015573255177156669,0.015573255177156669,0.0,0.0,1.009057725779442
2021-02-18,0.004670657025182135,0.004670657025182135,0.0,0.0,1.013770688335168
2021-02-19,-0.0005173624792092408,-0.0005173624792092408,0.0,0.0,1.0132462014185013
2021-02-22,0.003705687485936457,0.003705687485936457,0.0,0.0,1.0170009751872706
2021-02-23,0.013650085362656524,0.013650085362656524,0.0,0.0,1.0308831253124817
2021-02-24,-0.00044833003041520804,-0.00044833003041520804,0.0,0.0,1.0304209494495558
2021-02-25,0.01596771005753315,0.01596771005753315,0.0,0.0,1.0468744124075742
2021-02-26,-0.018933723609288293,-0.018933723609288293,0.0,0.0,1.027053181629413
2021-03-02,-0.0006374549606549883,-0.0006374549606549883,0.0,0.0,1.0263984814839269
2021-03-03,0.011884281453492185,0.011884281453492185,0.0,0.0,1.038596489921319
2021-03-04,-0.005611900521783428,-0.005611900521783428,0.0,0.0,1.032767989737607
2021-03-05,-0.0015850657947431423,-0.0015850657947431423,0.0,0.0,1.0311309845231682
2021-03-08,0.0012340883523942491,0.0012340883523942491,0.0,0.0,1.032403491260961
2021-03-09,0.015182311577595147,0.015182311577595147,0.0,0.0,1.0480777627390818
2021-03-10,0.005165439970662716,0.005165439970662716,0.0,0.0,1.053491545507097
2021-03-11,0.0049599723978350375,0.0049599723978350375,0.0,0.0,1.0587168344941649
2021-03-12,0.003908621450939295,0.003908621450939295,0.0,0.0,1.0628549578239395
2021-03-15,0.0038249873974695496,0.0038249873974695496,0.0,0.0,1.0669203646429541
2021-03-16,0.004044205310645586,0.004044205310645586,0.0,0.0,1.0712352096476792
2021-03-17,-0.003218993833112919,-0.003218993833112919,0.0,0.0,1.0677869101140098
2021-03-18,0.004100570391023524,0.0036099556062956424,0.4906147847278815,0.0004906147847278815,1.071641573456505
2021-03-19,-0.009060336053529947,-0.009060336053529947,0.0,0.0,1.0619321406720554
2021-03-22,0.00873218157176524,0.00873218157176524,0.0,0.0,1.071205124941297
2021-03-23,0.00299380960736674,0.00299380960736674,0.0,0.0,1.0744121091358068
2021-03-24,0.002038158199551011,0.002038158199551011,0.0,0.0,1.0766019309857389
2021-03-25,0.005466338930615238,0.005466338930615238,0.0,0.0,1.082487002033862
2021-03-26,0.0035293303767168754,0.0035293303767168754,0.0,0.0,1.0863074562925412
2021-03-29,0.013179041472062582,0.013179041472062582,0.0,0.0,1.1006239473104313
2021-03-30,0.005776812562676819,0.005776812562676819,0.0,0.0,1.1069820455560373
2021-03-31,-0.0005584074248660721,-0.0005584074248660721,0.0,0.0,1.1063638985626054
2021-04-01,-0.0018988527928175578,-0.0018988527928175578,0.0,0.0,1.1042630763839474
2021-04-06,0.002123482371369197,0.002123482371369197,0.0,0.0,1.1066079595600027
2021-04-07,0.005489876763297117,0.005489876763297117,0.0,0.0,1.1126831008832707
2021-04-08,-0.002586699147072794,-0.002586699147072794,0.0,0.0,1.1098049244552537
2021-04-09,-0.0016557991993326293,-0.0016557991993326293,0.0,0.0,1.1079673103499252
2021-04-12,0.011270260191245947,0.011270260191245947,0.0,0.0,1.1204543902209638
2021-04-13,-0.0032530897273263647,-0.0032530897273263647,0.0,0.0,1.1168094515541982
2021-04-14,-0.001714212802092681,-0.001714212802092681,0.0,0.0,1.1148950024948459
2021-04-15,0.010174860416747516,0.010174860416747516,0.0,0.0,1.1262389035245604
2021-04-16,0.008997635090109894,0.008997635090109894,0.0,0.0,1.1363723902027598
2021-04-19,0.019498899536415717,0.019498899536415717,0.0,0.0,1.1585304012752802
2021-04-20,0.003632480211205496,0.003632480211205496,0.0,0.0,1.1627387400319926
2021-04-21,-0.001090932898384805,-0.001090932898384805,0.0,0.0,1.1614702700882653
2021-04-22,-0.003439891349436269,-0.003439891349436269,0.0,0.0,1.1574749385535614
2021-04-23,-0.0003254657391328804,-0.0003254657391328804,0.0,0.0,1.1570982201171574
2021-04-26,0.014999330351002094,0.014999330351002094,0.0,0.0,1.174453918569251
2021-04-27,0.000359132990379955,0.000359132990379955,0.0,0.0,1.1748757037170905
2021-04-28,0.0011782162035994497,0.0011782162035994497,0.0,0.0,1.1762599613084253
2021-04-29,-0.004505004955994572,-0.004505004955994572,0.0,0.0,1.1709609043531928
2021-05-03,-0.01028453954992794,-0.01028453954992794,0.0,0.0,1.158918110620953
2021-05-04,-0.019175452738254523,-0.019175452738254523,0.0,0.0,1.1366953311632337
2021-05-05,0.0042733844511575894,0.0042733844511575894,0.0,0.0,1.14155286731713
2021-05-06,0.009131927665074927,0.009131927665074927,0.0,0.0,1.151977445527329
2021-05-07,0.010318673337775966,0.010318673337775966,0.0,0.0,1.1638643244802112
2021-05-10,0.01100454039482348,0.01100454039482348,0.0,0.0,1.1766721164530476
2021-05-11,-0.02545016476059942,-0.02545016476059942,0.0,0.0,1.1467256172201143
2021-05-12,-0.0433146342809927,-0.0433146342809927,0.0,0.0,1.0970556164895795
2021-05-13,-0.007442951263712058,-0.007442951263712058,0.0,0.0,1.088890285002466
2021-05-14,0.010470805208733459,0.010470805208733459,0.0,0.0,1.100291843070409
2021-05-17,-0.035101427711499086,-0.035101427711499086,0.0,0.0,1.061670028479321
2021-05-18,0.04230407575978637,0.04230407575978637,0.0,0.0,1.1065829977960047
2021-05-19,-0.0005143539522254044,-0.0005143539522254044,0.0,0.0,1.1060138224576228
2021-05-20,-0.0043656743298775965,-0.0043656743298775965,0.0,0.0,1.1011853263044298
2021-05-21,0.011298371206436961,0.011298371206436961,0.0,0.0,1.1136269268880987
2021-05-24,7.350432478417688e-05,7.350432478417688e-05,0.0,0.0,1.1137087832834212
2021-05-25,0.008595783354706676,0.008595783354706676,0.0,0.0,1.1232819827047593
2021-05-26,0.0008163319767320043,0.0008163319767320043,0.0,0.0,1.124198953706128
2021-05-27,-0.005234138918930338,-0.005234138918930338,0.0,0.0,1.118314740209914
2021-05-28,0.012051585141823489,0.012051585141823489,0.0,0.0,1.13179220551691
2021-05-31,0.009708086707899006,0.009708086707899006,0.0,0.0,1.1427797423833923
2021-06-01,0.005492731516361403,0.005492731516361403,0.0,0.0,1.149056724690641
2021-06-02,0.0026991394329845373,0.0026991394329845373,0.0,0.0,1.1521581890069894
2021-06-03,0.001278611366114478,0.001278611366114478,0.0,0.0,1.1536313515630157
2021-06-04,-0.0035878549104472602,-0.0035878549104472602,0.0,0.0,1.1494922896534645
2021-06-07,-0.0042213987260228784,-0.0042213987260228784,0.0,0.0,1.1446398243663483
2021-06-08,0.0012786636761289655,0.0012786636761289655,0.0,0.0,1.1461034337320162
2021-06-09,-0.00748436658378029,-0.00748436658378029,0.0,0.0,1.1375255754910365
2021-06-10,0.002642724448068377,0.002642724448068377,0.0,0.0,1.1405317421396899
2021-06-11,0.001437674039105937,0.001437674039105937,0.0,0.0,1.1421714550161404
2021-06-15,-0.0024310348248706066,-0.0024310348248706066,0.0,0.0,1.1393947964330229
2021-06-16,-0.0014953059479600305,-0.0014953059479600305,0.0,0.0,1.137691052616842
2021-06-17,0.0021771357850499684,0.0021771357850499684,0.0,0.0,1.1401679605198254
2021-06-18,-0.007041833697479663,-0.007041833697479663,0.0,0.0,1.1321390873546502
2021-06-21,-0.006561467187860241,-0.006561467187860241,0.0,0.0,1.1247105938808786
2021-06-22,0.00368458503734978,0.00368458503734978,0.0,0.0,1.1288546857064408
2021-06-23,0.011203787744818873,0.011203787744818873,0.0,0.0,1.14150213399984
2021-06-24,0.0023692988044861853,0.0023692988044861853,0.0,0.0,1.144206693641244
2021-06-25,0.005181134739555666,0.005181134739555666,0.0,0.0,1.1501349826909009
2021-06-28,0.0033153992373239865,0.0033153992373239865,0.0,0.0,1.153948139335334
2021-06-29,-0.005650831372997703,-0.005650831372997703,0.0,0.0,1.1474273729867654
2021-06-30,0.004536948115765173,0.004536948115765173,0.0,0.0,1.152633191444615
2021-07-01,-0.003689033002403737,-0.003689033002403737,0.0,0.0,1.14838108956171
2021-07-02,0.00030483311964371975,0.00030483311964371975,0.0,0.0,1.148731154151781
2021-07-05,0.00968779184735774,0.00968779184735774,0.0,0.0,1.1598598224617784
2021-07-06,0.001857019629128341,0.001857019629128341,0.0,0.0,1.1620137049191273
2021-07-07,-0.0011957017305939009,-0.0011957017305939009,0.0,0.0,1.1606242831211817
2021-07-08,0.006408031431310884,0.006408031431310884,0.0,0.0,1.168061600007365
2021-07-09,-0.0023721274218862142,-0.0023721274218862142,0.0,0.0,1.1652908090555352
2021-07-12,0.0031574324306423754,0.0031574324306423754,0.0,0.0,1.1689701360471767
2021-07-13,0.0018603422894203309,0.0018603422894203309,0.0,0.0,1.1711448206263346
2021-07-14,-0.0012782139902063555,-0.0012782139902063555,0.0,0.0,1.1696478469320524
2021-07-15,0.004410381653462367,0.004410381653462367,0.0,0.0,1.1748064403371734
2021-07-16,0.009076588457675637,0.009076588457675637,0.0,0.0,1.1854696749135407
2021-07-19,-0.0015066539335019241,-0.0015066539335019241,0.0,0.0,1.183683582364785
2021-07-20,-0.012304264390275816,-0.012304264390275816,0.0,0.0,1.16911922661294
2021-07-21,-0.00198647489097411,-0.00198647489097411,0.0,0.0,1.1667968006247182
2021-07-22,0.007611720499272709,0.007611720499272709,0.0,0.0,1.1756781317505192
2021-07-23,0.001999069786282101,0.001999069786282101,0.0,0.0,1.1780283943820944
2021-07-26,-0.007074275767140811,-0.007074275767140811,0.0,0.0,1.1696946966587134
2021-07-27,-0.006711895440051507,-0.006711895440051507,0.0,0.0,1.1618438281579575
2021-07-28,-0.005087377659755989,-0.005087377659755989,0.0,0.0,1.1559330898224613
2021-07-29,0.004990173610141934,0.004990173610141934,0.0,0.0,1.161701396622383
2021-07-30,-0.006505123580084369,-0.006505123580084369,0.0,0.0,1.1541443854741977
2021-08-02,0.010645873583606765,0.010645873583606765,0.0,0.0,1.1664312606991856
2021-08-03,0.0012573453126157336,0.0012573453126157336,0.0,0.0,1.1678978675773142
2021-08-04,0.004412434880546072,0.004412434880546072,0.0,0.0,1.1730511408651276
2021-08-05,0.0017805503521907506,0.0017805503521907506,0.0,0.0,1.1751398174871328
2021-08-06,-0.002020430214281818,-0.002020430214281818,0.0,0.0,1.1727655294938761
2021-08-09,-0.004299324670924316,-0.004299324670924316,0.0,0.0,1.1677234297197134
2021-08-10,-0.004876361484283498,-0.004876361484283498,0.0,0.0,1.1620291881627327
2021-08-11,-0.002205729626070319,-0.002205729626070319,0.0,0.0,1.1594660659560436
2021-08-12,-0.004799061451305609,-0.004799061451305609,0.0,0.0,1.153901717054817
2021-08-13,-0.005006031196612555,-0.005006031196612555,0.0,0.0,1.1481252490614158
2021-08-16,-0.012374824705094399,-0.012374824705094399,0.0,0.0,1.1339174003647878
2021-08-17,0.001683386863939395,0.001683386863939395,0.0,0.0,1.1358262220213542
2021-08-18,0.005885011930422283,0.005885011930422283,0.0,0.0,1.1425105728888365
2021-08-19,-0.014903767417903353,-0.014903767417903353,0.0,0.0,1.1254828610380059
2021-08-20,-0.0021037955082052234,-0.0021037955082052234,0.0,0.0,1.123115075250392
2021-08-23,0.005914906852865772,0.005914906852865772,0.0,0.0,1.1297581963055472
2021-08-24,0.007328926247008549,0.007328926247008549,0.0,0.0,1.138038110803224
2021-08-25,0.0021765348454847325,0.0021765348454847325,0.0,0.0,1.1405150904068768
2021-08-26,-0.0028052626446988652,-0.0028052626446988652,0.0,0.0,1.1373156460280431
2021-08-27,0.014009040329580573,0.014009040329580573,0.0,0.0,1.1532483467807129
2021-08-30,0.013605023749505802,0.013605023749505802,0.0,0.0,1.1689383179277428
2021-08-31,0.0013516247141365997,0.0013516247141365997,0.0,0.0,1.1705182838475552
2021-09-01,-0.006351063006148042,-0.006351063006148042,0.0,0.0,1.163084248476991
2021-09-02,-0.009523272539588599,-0.009523272539588599,0.0,0.0,1.152007880192242
2021-09-03,0.008197576743485962,0.008197576743485962,0.0,0.0,1.1614515531992184
2021-09-06,-0.006568126267384023,-0.006568126267384023,0.0,0.0,1.1538229927443566
2021-09-07,-0.0022969452127247687,-0.0022969452127247687,0.0,0.0,1.1511727245448407
2021-09-08,-0.005359104467420248,-0.005359104467420248,0.0,0.0,1.14500346965396
2021-09-09,-0.0015111686147974653,-0.0015111686147974653,0.0,0.0,1.1432731763467847
2021-09-10,0.007501807245492864,0.007501807245492864,0.0,0.0,1.1518497913446806
2021-09-13,0.0044197855269396125,0.0044197855269396125,0.0,0.0,1.1569407203816742
2021-09-14,0.0023165047038335917,0.0023165047038335917,0.0,0.0,1.159620779002495
2021-09-15,0.00020734329590107634,0.00020734329590107634,0.0,0.0,1.159861218596809
2021-09-16,0.00010539919288363331,0.00010539919288363331,0.0,0.0,1.1599834670331062
2021-09-17,-0.004351033108025175,-0.004351033108025175,0.0,0.0,1.1549363405632833
2021-09-22,-0.0122624371705998,-0.0122624371705998,0.0,0.0,1.1407740062510836
2021-09-23,0.006547646894837684,0.006547646894837684,0.0,0.0,1.1482433916308252
2021-09-24,0.0034152882826695755,0.0034152882826695755,0.0,0.0,1.1521649738319149
2021-09-27,0.0031273845026947313,0.0031273845026947313,0.0,0.0,1.1557682367156243
2021-09-28,-0.0012758443714748907,-0.0012758443714748907,0.0,0.0,1.1542936563160813
2021-09-29,-0.006888547518058053,-0.006888547518058053,0.0,0.0,1.146342249614755
2021-09-30,0.0017993322797074842,0.0017993322797074842,0.0,0.0,1.1484049002280794
2021-10-01,-0.012652584462383308,-0.012652584462383308,0.0,0.0,1.1338746102309287
2021-10-04,-0.0021877046111948924,-0.0021877046111948924,0.0,0.0,1.1313940275176098
2021-10-05,0.002124618546718908,0.002124618546718908,0.0,0.0,1.1337978082521207
2021-10-06,0.002309489679106341,0.002309489679106341,0.0,0.0,1.1364163025884724
2021-10-07,0.008937157402375018,0.008937157402375018,0.0,0.0,1.1465726339593307
2021-10-08,-0.0015795781111716362,-0.0015795781111716362,0.0,0.0,1.1447615329238603
2021-10-12,-0.003841749896092935,-0.003841749896092935,0.0,0.0,1.1403636454236987
2021-10-13,-0.0018379463851914421,-0.0018379463851914421,0.0,0.0,1.1382677181837886
2021-10-14,-0.002514160433048233,-0.002514160433048233,0.0,0.0,1.1354059305245148
2021-10-15,0.008888198505328734,0.008888198505328734,0.0,0.0,1.145497643819144
2021-10-18,0.0028364422859059758,0.0028364422859059758,0.0,0.0,1.1487467817744783
2021-10-19,0.0018333541324057428,0.0018333541324057428,0.0,0.0,1.1508528414339325
2021-10-20,-0.00014187845658513066,-0.00014187845658513066,0.0,0.0,1.1506895602090332
2021-10-21,0.0006504961096538645,0.0006504961096538645,0.0,0.0,1.1514380792913685
2021-10-22,0.0001854907914718978,0.0001854907914718978,0.0,0.0,1.151651660452027
2021-10-25,0.0019385716214544322,0.0019385716214544322,0.0,0.0,1.1538842196787802
2021-10-26,0.005735426611351813,0.005735426611351813,0.0,0.0,1.1605022379387449
2021-10-27,0.0008089313006048089,0.0008089313006048089,0.0,0.0,1.1614410045234353
2021-10-28,0.0010306925325476294,0.0010306925325476294,0.0,0.0,1.1626380930937923
2021-10-29,-0.0031798816641627945,-0.0031798816641627945,0.0,0.0,1.158941041539506
2021-11-01,0.0005814396371081924,0.0005814396371081924,0.0,0.0,1.1596148957981287
2021-11-02,-0.0010304105531571766,-0.0010304105531571766,0.0,0.0,1.1584200163719
2021-11-03,0.0045595791641031055,0.0045595791641031055,0.0,0.0,1.1637019241418294
2021-11-04,4.920257613434545e-06,4.920257613434545e-06,0.0,0.0,1.1637076498550813
2021-11-05,0.0038420542939815614,0.0038420542939815614,0.0,0.0,1.1681786778281464
2021-11-08,0.003871553689705471,0.003871553689705471,0.0,0.0,1.1727013442985272
2021-11-09,0.00039707040126831894,0.00039707040126831894,0.0,0.0,1.1731669892918757
2021-11-10,0.0025236870026227073,0.0025236870026227073,0.0,0.0,1.1761276955746576
2021-11-11,0.0011254837435452475,0.0011254837435452475,0.0,0.0,1.1774514081763603
2021-11-12,0.007898041128116389,0.007898041128116389,0.0,0.0,1.1867509678244959
2021-11-15,0.004211048673512516,0.004211048673512516,0.0,0.0,1.1917484339133428
2021-11-16,0.0016034495809338438,0.0016034495809338438,0.0,0.0,1.1936593424402797
2021-11-17,0.012299913468636637,0.012299913468636637,0.0,0.0,1.2083412490633247
2021-11-18,0.0070534524918070335,0.0070534524918070335,0.0,0.0,1.2168642266574838
2021-11-19,-0.00976887491488714,-0.00976887491488714,0.0,0.0,1.204976832238866
2021-11-22,-0.0020668959598882275,-0.0020668959598882275,0.0,0.0,1.2024862704925527
2021-11-23,-0.003623189454663375,-0.003623189454663375,0.0,0.0,1.1981294349179268
2021-11-24,0.005800303819188493,0.005800303819188493,0.0,0.0,1.2050789496551635
2021-11-25,0.0002503913026118253,0.0002503913026118253,0.0,0.0,1.2053806909431177
2021-11-26,-0.015382481159122975,-0.015382481159122975,0.0,0.0,1.1868389451751145
2021-11-29,-0.005880433942979123,-0.005880433942979123,0.0,0.0,1.1798598171570571
2021-11-30,-0.000667008083505518,-0.000667008083505518,0.0,0.0,1.17907284112161
2021-12-01,0.01046255243928705,0.01046255243928705,0.0,0.0,1.1914089525515839
2021-12-02,-0.0006054283774001613,-0.0006054283774001613,0.0,0.0,1.1906876397626205
2021-12-03,0.003593071662237331,0.003593071662237331,0.0,0.0,1.1949658657796278
2021-12-06,0.005303224192583887,0.005303224192583887,0.0,0.0,1.2013030376683422
2021-12-07,0.0073851038906870645,0.0073851038906870645,0.0,0.0,1.210174785405721
2021-12-08,0.0014803537022521683,0.0014803537022521683,0.0,0.0,1.2119662721296685
2021-12-09,0.0044029043994201315,0.0044029043994201315,0.0,0.0,1.2173024437611768
2021-12-10,-0.0008563007470055827,-0.0008563007470055827,0.0,0.0,1.2162600667692525
2021-12-13,-0.003637636740571409,-0.003637636740571409,0.0,0.0,1.2118357544642828
2021-12-14,-0.006664788091466105,-0.006664788091466105,0.0,0.0,1.2037591259591165
2021-12-15,0.0001988749800162715,0.0001988749800162715,0.0,0.0,1.203998523531236
2021-12-16,0.00410202105166097,0.00410202105166097,0.0,0.0,1.2089373508209298
2021-12-17,0.004945512351637405,0.004945512351637405,0.0,0.0,1.2149161654217704
2021-12-20,-0.006048362028771448,-0.006048362028771448,0.0,0.0,1.2075679126186927
2021-12-21,0.005462037655318702,0.005462037655318702,0.0,0.0,1.2141636940287706
2021-12-22,0.000150300934214898,0.000150300934214898,0.0,0.0,1.214346183966273
2021-12-23,0.004260118827225391,0.004260118827225391,0.0,0.0,1.219519443007357
2021-12-24,0.0018622871388007953,0.0018622871388007953,0.0,0.0,1.221790538381587
2021-12-27,0.002328742457293387,0.002328742457293387,0.0,0.0,1.2246357738822355
2021-12-28,0.005977773743052648,0.005977773743052648,0.0,0.0,1.2319563694561517
2021-12-29,0.005782038326755009,0.005782038326755009,0.0,0.0,1.239079588401237
2021-12-30,-0.0016515394472739172,-0.0016515394472739172,0.0,0.0,1.2370331995826804
2022-01-03,-0.00514247396197026,-0.00514247396197026,0.0,0.0,1.2306717885637337
2022-01-04,0.001652993005398512,0.001652993005398512,0.0,0.0,1.232706080422171
2022-01-05,0.002995115846094729,0.002995115846094729,0.0,0.0,1.2363981779372208
2022-01-06,0.002861039935972829,0.002861039935972829,0.0,0.0,1.239935562501063
2022-01-07,0.0008055293304227273,0.0008055293304227273,0.0,0.0,1.2409343669644919
2022-01-10,0.0044238562540328315,0.0044238562540328315,0.0,0.0,1.246424082224632
2022-01-11,0.011505953618177606,0.011505953618177606,0.0,0.0,1.2607653799032883
2022-01-12,0.0029617841900497367,0.0029617841900497367,0.0,0.0,1.2644994948728479
2022-01-13,0.012856362725741291,0.012856362725741291,0.0,0.0,1.2807563590454496
2022-01-14,-0.006672256607510234,-0.006672256607510234,0.0,0.0,1.2722108239661978
2022-01-17,-0.0023929209789603847,-0.0023929209789603847,0.0,0.0,1.2691665239958685
2022-01-18,0.004684894435009866,0.004684894435009866,0.0,0.0,1.2751124351812377
2022-01-19,-0.004210378718111021,-0.004210378718111021,0.0,0.0,1.2697437289209519
2022-01-20,-0.0006929506093124125,-0.0006929506093124125,0.0,0.0,1.2688638592303254
2022-01-21,-0.011680658892410996,-0.011680658892410996,0.0,0.0,1.2540426933097477
2022-01-24,-0.002948538968680032,-0.002948538968680032,0.0,0.0,1.2503450995601355
2022-01-25,-0.0078513005540167,-0.0078513005540167,0.0,0.0,1.2405282643872468
2022-01-26,0.0019397612487164761,0.0019397612487164761,0.0,0.0,1.2429345930424427
2022-02-07,0.021640969401649893,0.021640969401649893,0.0,0.0,1.2698329025387265
2022-02-08,0.00917037860504545,0.00917037860504545,0.0,0.0,1.2814777510201503
2022-02-09,0.00796465589939878,0.00796465589939878,0.0,0.0,1.2916842803497612
2022-02-10,0.002870500656733582,0.002870500656733582,0.0,0.0,1.2953920609247975
2022-02-11,-0.002175416360590926,-0.002175416360590926,0.0,0.0,1.292574043842082
2022-02-14,-0.009228799742826517,-0.009228799742826517,0.0,0.0,1.280645136838688
2022-02-15,-0.003741589489514169,-0.003741589489514169,0.0,0.0,1.2758534884548949
2022-02-16,0.008112478999063533,0.008112478999063533,0.0,0.0,1.2862038230858672
2022-02-17,0.003629217680824969,0.003629217680824969,0.0,0.0,1.2908717367417553
2022-02-18,0.00037818120622832565,0.00037818120622832565,0.0,0.0,1.291359920172242
2022-02-21,0.003367494856614954,0.003367494856614954,0.0,0.0,1.2957085680614608
2022-02-22,-0.008247477874068473,-0.008247477874068473,0.0,0.0,1.285022240315133
2022-02-23,0.004082693001318024,0.004082693001318024,0.0,0.0,1.2902685916222056
2022-02-24,-0.01661211458416949,-0.01661211458416949,0.0,0.0,1.2688345019338225
2022-02-25,-0.0017610357035001789,-0.0017610357035001789,0.0,0.0,1.2666000390740841
2022-03-01,0.011753871752265785,0.011753871752265785,0.0,0.0,1.2814874934947758
2022-03-02,0.002104780212408404,0.002104780212408404,0.0,0.0,1.2841847430135322
2022-03-03,0.0018969944820194983,0.0018969944820194983,0.0,0.0,1.2866208343849226
2022-03-04,-0.009232995608212481,-0.009232995608212481,0.0,0.0,1.274741469871612
2022-03-07,-0.022106555573324155,-0.022106555573324155,0.0,0.0,1.2465613267262743
2022-03-08,-0.012612272267209028,-0.012612272267209028,0.0,0.0,1.2308393558758293
2022-03-09,0.004273987295170485,0.004273987295170485,0.0,0.0,1.2360999476452383
2022-03-10,0.02260639613082149,0.02260639613082149,0.0,0.0,1.264043712718994
2022-03-11,-0.003950957057036882,-0.003950957057036882,0.0,0.0,1.2590495302918239
2022-03-14,0.00487737470412227,0.00487737470412227,0.0,0.0,1.2651903866221061
2022-03-15,-0.0011819362678106217,-0.0011819362678106217,0.0,0.0,1.2636950122184722
2022-03-16,0.010035082398826813,0.010035082398826813,0.0,0.0,1.276376295793071
2022-03-17,0.011422791730186642,0.011422791730186642,0.0,0.0,1.2909560763892625
2022-03-18,0.006292739349459677,0.006292739349459677,0.0,0.0,1.2990797264895813
2022-03-21,0.0005669346603546589,0.0005669346603546589,0.0,0.0,1.2998162198130923
2022-03-22,0.003525589643342452,0.003525589643342452,0.0,0.0,1.3043988384159138
2022-03-23,0.010428765902666415,0.010428765902666415,0.0,0.0,1.3180021085454634
2022-03-24,0.0013829137051398022,0.0013829137051398022,0.0,0.0,1.319824791724774
2022-03-25,-0.003748391138727573,-0.003748391138727573,0.0,0.0,1.3148775721708
2022-03-28,0.0020943709504148006,0.0020943709504148006,0.0,0.0,1.3176314135613065
2022-03-29,-0.0024812194684755047,-0.0026891593582585045,0.20793988978299976,0.00020793988978299978,1.3140880927147927
2022-03-30,0.008902563737873537,0.008902563737873537,0.0,0.0,1.3257868457173667
2022-03-31,0.0058029382138312605,0.0058029382138312605,0.0,0.0,1.3334803048677746
2022-04-01,0.0031697363828787793,0.0031697363828787793,0.0,0.0,1.3377070859059663
2022-04-06,0.013999239362153372,0.013999239362153372,0.0,0.0,1.3564339675980126
2022-04-07,-0.014886741709115713,-0.014886741709115713,0.0,0.0,1.33624108547691
2022-04-08,0.012043825112313947,0.012043825112313947,0.0,0.0,1.3523345394182826
2022-04-11,-0.0036831352029236576,-0.0036831352029236576,0.0,0.0,1.3473537084700216
2022-04-12,-0.006140454833898593,-0.006140454833898593,0.0,0.0,1.3390803438778756
2022-04-13,0.007339705084651014,0.007339705084651014,0.0,0.0,1.3489087986865924
2022-04-14,-0.01516089877805103,-0.01516089877805103,0.0,0.0,1.3284581289288826
2022-04-15,-0.004887485046457433,-0.004887485046457433,0.0,0.0,1.321965309688898
2022-04-18,-0.013960628556983906,-0.013960628556983906,0.0,0.0,1.303509843035113
2022-04-19,0.0007509863559410348,0.0007509863559410348,0.0,0.0,1.3044887611420672
2022-04-20,0.00867761539839365,0.00867761539839365,0.0,0.0,1.315808612902785
2022-04-21,-0.006269979903538501,-0.006269979903538501,0.0,0.0,1.3075585193429817
2022-04-22,0.004796234638205463,0.004796234638205463,0.0,0.0,1.3138298768049352
2022-04-25,-0.014979719725879,-0.014979719725879,0.0,0.0,1.2941490734829113
2022-04-26,0.010958105534801577,0.010958105534801577,0.0,0.0,1.3083304956079027
2022-04-27,-0.013299498258245942,-0.013299498258245942,0.0,0.0,1.2909303564603554
2022-04-28,0.003452278910725102,0.003452278910725102,0.0,0.0,1.2953870081051784
2022-04-29,0.006158757575433083,0.006158757575433083,0.0,0.0,1.3033649826544638
2022-05-03,-0.007734513339142525,-0.007734513339142525,0.0,0.0,1.2932840888103516
2022-05-04,-0.0007967059402459544,-0.0007967059402459544,0.0,0.0,1.2922537216943708
2022-05-05,-0.004895039007139841,-0.004895039007139841,0.0,0.0,1.2859280893195553
2022-05-06,-0.010842586244725097,-0.010842586244725097,0.0,0.0,1.2719853031065933
2022-05-09,-0.026997427672590828,-0.026997427672590828,0.0,0.0,1.2376449718853746
2022-05-10,0.0007987372056150884,0.0007987372056150884,0.0,0.0,1.238633524971762
2022-05-11,-0.007028610148342782,-0.007028610148342782,0.0,0.0,1.2299276528080678
2022-05-12,-0.024577148333110945,-0.024577148333110945,0.0,0.0,1.199699538446009
2022-05-13,0.00474687580348629,0.00474687580348629,0.0,0.0,1.205394363156512
2022-05-16,-0.0020335960752515866,-0.0020335960752515866,0.0,0.0,1.2029430779104666
2022-05-17,-0.0012171459973405962,-0.0012171459973405962,0.0,0.0,1.2014789205581593
2022-05-18,0.023170469635442417,0.023170469635442417,0.0,0.0,1.2293177514045763
2022-05-19,-0.017634250176666748,-0.017634250176666748,0.0,0.0,1.2076396546296906
2022-05-20,0.0066992883275948855,0.0066992883275948855,0.0,0.0,1.215729980871892
2022-05-23,0.00016627454314669933,0.00016627454314669933,0.0,0.0,1.2159321258190512
2022-05-24,-0.003438325655314131,-0.003438325655314131,0.0,0.0,1.2117513551957269
2022-05-25,0.0035876621237105064,0.0035876621237105064,0.0,0.0,1.2160987096361175
2022-05-26,-0.0010515503157137321,-0.0010515503157137321,0.0,0.0,1.2148199206540606
2022-05-27,0.011752609137363928,0.011752609137363928,0.0,0.0,1.2290972243537912
2022-05-30,0.0153929748052689,0.0153929748052689,0.0,0.0,1.248016686961495
2022-05-31,0.005025206830950135,0.005025206830950135,0.0,0.0,1.2542882289419537
2022-06-01,-0.009530240085889105,-0.009530240085889105,0.0,0.0,1.2423345609832321
2022-06-02,-0.0035284179328808687,-0.0035284179328808687,0.0,0.0,1.2379510854396212
2022-06-06,0.006322016260251322,0.006322016260251322,0.0,0.0,1.2457774323311661
2022-06-07,-0.004674959399998878,-0.004674959399998878,0.0,0.0,1.239953473413583
2022-06-08,0.004020760516453985,0.004020760516453985,0.0,0.0,1.2449390293817244
2022-06-09,-0.006301479568797581,-0.006301479568797581,0.0,0.0,1.237094071523677
2022-06-10,-0.006250782610665808,-0.006250782610665808,0.0,0.0,1.229361265413639
2022-06-13,-0.012739513336207266,-0.012739513336207266,0.0,0.0,1.2136998011778852
2022-06-14,0.004786458520249901,0.004786458520249901,0.0,0.0,1.2195091249322587
2022-06-15,-0.00023661879057088563,-0.00023661879057088563,0.0,0.0,1.219220566158027
2022-06-16,-0.0050625499985310005,-0.0050625499985310005,0.0,0.0,1.213048201082615
2022-06-17,-0.010110661258386276,-0.010110661258386276,0.0,0.0,1.2007834816313738
2022-06-20,-0.01566914014405139,-0.01566914014405139,0.0,0.0,1.18196823697503
2022-06-21,0.025562630489374332,0.025562630489374332,0.0,0.0,1.2121824542669999
2022-06-22,-0.012996544711998683,-0.012996544711998683,0.0,0.0,1.1964282708010185
2022-06-23,0.001353342107666291,0.001353342107666291,0.0,0.0,1.198047447558696
2022-06-24,0.009188008505423471,0.009188008505423471,0.0,0.0,1.209055117696766
2022-06-27,0.0026347128906211857,0.0026347128906211857,0.0,0.0,1.2122406308008333
2022-06-28,-0.005590691202228325,-0.005590691202228325,0.0,0.0,1.2054633677712314
2022-06-29,-0.0054706072265674095,-0.0054706072265674095,0.0,0.0,1.1988687511601397
2022-06-30,-0.020499893464029948,-0.020499893464029948,0.0,0.0,1.1742920694840022
2022-07-01,-0.013515449639106052,-0.013515449639106052,0.0,0.0,1.1584209841572897
2022-07-04,-0.0021894497016293245,-0.0021894497016293245,0.0,0.0,1.1558846796791653
2022-07-05,0.005252926842111981,0.005252926842111981,0.0,0.0,1.161956457339438
2022-07-06,-0.021788920716178502,-0.021788920716178502,0.0,0.0,1.1366386802148174
2022-07-07,0.003850290568598941,0.003850290568598941,0.0,0.0,1.141015069405153
2022-07-08,-0.0017606222612775227,-0.0017606222612775227,0.0,0.0,1.1390061728735053
2022-07-11,-0.01103631291497168,-0.01103631291497168,0.0,0.0,1.126435744337589
2022-07-12,-0.020154333617135537,-0.020154333617135537,0.0,0.0,1.1037331825479428
2022-07-13,0.02403344661040126,0.02403344661040126,0.0,0.0,1.1302596950628372
2022-07-14,-0.006029647705889204,-0.006029647705889204,0.0,0.0,1.1234446272854426
2022-07-15,-0.01316455330313685,-0.01316455330313685,0.0,0.0,1.1086549806064208
2022-07-18,0.0130489202197819,0.0130489202197819,0.0,0.0,1.1231217309996178
2022-07-19,-0.0007132588659224799,-0.0007132588659224799,0.0,0.0,1.1223206544674722
2022-07-20,-0.0024321526781991617,-0.0024321526781991617,0.0,0.0,1.1195909992819109
2022-07-21,0.006513492930356462,0.006513492930356462,0.0,0.0,1.1268834473406244
2022-07-22,0.003952426958243913,0.003952426958243913,0.0,0.0,1.1313373718566921
2022-07-25,0.0071129232712710145,0.0071129232712710145,0.0,0.0,1.1393844877766302
2022-07-26,-0.0016246772186405826,-0.0016246772186405826,0.0,0.0,1.137533355756067
2022-07-27,0.004493072923416375,0.004493072923416375,0.0,0.0,1.1426443760762974
2022-07-28,-0.001227770364946139,-0.001227770364946139,0.0,0.0,1.1412414711736785
2022-07-29,-0.0003185959679818197,-0.0003185959679818197,0.0,0.0,1.140877876242469
2022-08-01,0.0028351052486982288,0.0028351052486982288,0.0,0.0,1.1441123850975274
2022-08-02,-0.004951299078988897,-0.004951299078988897,0.0,0.0,1.1384475424989342
2022-08-03,-0.003389322646031593,-0.003389322646031593,0.0,0.0,1.1345889764618236
2022-08-04,-0.006240226247835919,-0.006240226247835919,0.0,0.0,1.127508884550401
2022-08-05,0.012186053764875634,0.012186053764875634,0.0,0.0,1.1412487684379073
2022-08-08,0.0048103707233300656,0.0048103707233300656,0.0,0.0,1.1467385981016376
2022-08-09,0.007906458396216145,0.007906458396216145,0.0,0.0,1.1558052391188633
2022-08-10,0.0008636127382410986,0.0008636127382410986,0.0,0.0,1.1568034072462923
2022-08-11,0.010434850887169066,0.010434850887169066,0.0,0.0,1.1688744783066765
2022-08-12,-0.0013732053963238931,-0.0013732053963238931,0.0,0.0,1.1672693735654405
2022-08-15,7.07794806696512e-05,7.07794806696512e-05,0.0,0.0,1.167351992285503
2022-08-16,0.0019029959293745805,0.0019029959293745805,0.0,0.0,1.1695734583749695
2022-08-17,0.004712479389163272,0.004712479389163272,0.0,0.0,1.175085049191674
2022-08-18,-0.003458263614308295,-0.003458263614308295,0.0,0.0,1.1710212953223367
2022-08-19,0.0016897100721544375,0.0016897100721544375,0.0,0.0,1.1729999817997503
2022-08-22,-0.003138080253430563,-0.003138080253430563,0.0,0.0,1.1693190137195901
2022-08-23,-0.010977253348213136,-0.010977253348213136,0.0,0.0,1.1564831026611075
2022-08-24,-0.004325496452823901,-0.004325496452823901,0.0,0.0,1.1514807391027961
2022-08-25,0.005985514708424864,0.005985514708424864,0.0,0.0,1.1583729440031638
2022-08-26,0.0039504433256373934,0.0039504433256373934,0.0,0.0,1.1629490306684
2022-08-29,-0.012901770035183308,-0.012901770035183308,0.0,0.0,1.147944929712077
2022-08-30,0.0017933591270184726,0.0017933591270184726,0.0,0.0,1.1500036072290907
2022-08-31,0.0054922475476152505,0.0054922475476152505,0.0,0.0,1.1563197117206434
2022-09-01,-0.012557475793395853,-0.012557475793395853,0.0,0.0,1.141799254931285
2022-09-02,-0.005651253696849049,-0.005651253696849049,0.0,0.0,1.1353466576707951
2022-09-05,0.005196403985988179,0.005196403985988179,0.0,0.0,1.141246377568194
2022-09-06,0.0026226015698632456,0.0026226015698632456,0.0,0.0,1.1442394121096051
2022-09-07,-0.013826836604417131,-0.013826836604417131,0.0,0.0,1.1284182007220314
2022-09-08,0.01326898035979783,0.01326898035979783,0.0,0.0,1.1433911596650503
2022-09-12,0.00834286428749278,0.00834286428749278,0.0,0.0,1.1529303169376548
2022-09-13,-0.00019178023665870133,-0.00019178023665870133,0.0,0.0,1.1527092076886216
2022-09-14,-0.013343769399020995,-0.013343769399020995,0.0,0.0,1.1373277218370963
2022-09-15,0.005628964911020556,0.005628964911020556,0.0,0.0,1.1437296996756483
2022-09-16,-0.0037251556223960795,-0.0037251556223960795,0.0,0.0,1.1394691285544003
2022-09-19,-0.006472887954446873,-0.006472887954446873,0.0,0.0,1.1320934725577165
2022-09-20,0.0023536430501807674,0.0023536430501807674,0.0,0.0,1.134758016491557
2022-09-21,-0.006217787254509351,-0.006217787254509351,0.0,0.0,1.1277023325596633
2022-09-22,-0.014265147796419877,-0.014265147796419877,0.0,0.0,1.1116154921153323
2022-09-23,-0.001641962959462537,-0.001641962959462537,0.0,0.0,1.1097902606521142
2022-09-26,-0.01719821486534178,-0.01719821486534178,0.0,0.0,1.0907038492939554
2022-09-27,-0.0011120512667023236,-0.0011120512667023236,0.0,0.0,1.0894909306967508
2022-09-28,-0.014178185115395795,-0.014178185115395795,0.0,0.0,1.0740439265997874
2022-09-29,0.007135615021909108,0.007135615021909108,0.0,0.0,1.081707890576623
2022-09-30,-0.008511507446591845,-0.008511507446591845,0.0,0.0,1.072500925810943
2022-10-03,-0.013920404242293962,-0.013920404242293962,0.0,0.0,1.0575712793734202
2022-10-04,0.007519808566982983,0.007519808566982983,0.0,0.0,1.0655240129402477
2022-10-05,0.0050600943449019544,0.0050600943449019544,0.0,0.0,1.0709156649724838
2022-10-06,0.005584872777662385,0.005584872777662385,0.0,0.0,1.076896592716961
2022-10-07,-0.0057776943606493245,-0.0057776943606493245,0.0,0.0,1.0706746133462177
2022-10-11,-0.020336695569063805,-0.020336695569063805,0.0,0.0,1.0489006296810706
2022-10-12,0.006092511541585483,0.006092511541585483,0.0,0.0,1.0552910688733788
2022-10-13,-0.022675969510664452,-0.022675969510664452,0.0,0.0,1.0313613207707295
2022-10-14,0.0026623963981142204,0.0026623963981142204,0.0,0.0,1.0341072134363039
2022-10-17,-0.0030804774159055247,-0.0030804774159055247,0.0,0.0,1.0309216695196883
2022-10-18,0.006068668941269129,0.006068668941269129,0.0,0.0,1.037177991836384
2022-10-19,-0.008677282223107739,-0.008677282223107739,0.0,0.0,1.0281781056856236
2022-10-20,0.0008155923740226154,0.0008155923740226154,0.0,0.0,1.0290166799077578
2022-10-21,0.0010182752501870923,0.0010182752501870923,0.0,0.0,1.0300645021249375
2022-10-24,-0.0009360380764783507,-0.0009360380764783507,0.0,0.0,1.02910032252972
2022-10-25,0.0050906461192791914,0.0050906461192791914,0.0,0.0,1.034339108092955
2022-10-26,0.005914767464043435,0.005914767464043435,0.0,0.0,1.040456983396291
2022-10-27,-0.0026836835639944623,-0.0026836835639944623,0.0,0.0,1.0376647260909069
2022-10-28,-0.00406724137707748,-0.00406724137707748,0.0,0.0,1.033444293181416
2022-10-31,0.0037377765706277464,0.0037377765706277464,0.0,0.0,1.0373070770475183
2022-11-01,0.009103834157752766,0.009103834157752766,0.0,0.0,1.0467505486476223
2022-11-02,-0.0027669892516317732,-0.0027669892516317732,0.0,0.0,1.0438542011303746
2022-11-03,-0.005221102430999467,-0.005221102430999467,0.0,0.0,1.0384041314232437
2022-11-04,0.00904812695584819,0.00904812695584819,0.0,0.0,1.0477997438358386
2022-11-07,0.009637968365767057,0.009637968365767057,0.0,0.0,1.0578984046205873
2022-11-08,0.006510235333166081,0.006510235333166081,0.0,0.0,1.0647855721932482
2022-11-09,0.008701555900393796,0.008701555900393796,0.0,0.0,1.0740508633716206
2022-11-10,-0.007077103091611479,-0.007077103091611479,0.0,0.0,1.0664496946859052
2022-11-11,0.023546574403429655,0.023546574403429655,0.0,0.0,1.0915609317693415
2022-11-14,0.00868608773619003,0.00868608773619003,0.0,0.0,1.1010423257920874
2022-11-15,0.0027619446999183114,0.0027619446999183114,0.0,0.0,1.1040833438081945
2022-11-16,-0.008907695588016578,-0.008907695588016578,0.0,0.0,1.0942485054777515
2022-11-17,-0.003258587166748786,-0.003258587166748786,0.0,0.0,1.0906828013405678
2022-11-18,-0.003981464455575356,-0.003981464455575356,0.0,0.0,1.086340286534723
2022-11-21,-0.0013843680346002315,-0.0013843680346002315,0.0,0.0,1.0848363917673458
2022-11-22,0.003639078459224045,0.003639078459224045,0.0,0.0,1.0887841965124085
2022-11-23,0.007359844505195567,0.007359844505195567,0.0,0.0,1.0967974788984542
2022-11-24,0.008305542020007932,0.008305542020007932,0.0,0.0,1.1059069764468843
2022-11-25,0.00027937640772284574,0.00027937640772284574,0.0,0.0,1.1062159407652397
2022-11-28,-0.004213902125095159,-0.004213902125095159,0.0,0.0,1.1015544550616347
2022-11-29,0.013196335054321408,0.013196335054321408,0.0,0.0,1.1160909367312084
2022-11-30,0.012089683242362918,0.012089683242362918,0.0,0.0,1.1295841226259609
2022-12-01,-0.002195229215359507,-0.002195229215359507,0.0,0.0,1.1271044265587662
2022-12-02,-0.003923731267948209,-0.003923731267948209,0.0,0.0,1.1226819716780347
2022-12-05,0.0005561117156650254,0.0005561117156650254,0.0,0.0,1.1233063082754506
2022-12-06,-0.01040919666740557,-0.01040919666740557,0.0,0.0,1.1116135919948742
2022-12-07,0.0033722875241695947,0.0033722875241695947,0.0,0.0,1.1153622726428558
2022-12-08,-0.003194068565142749,-0.003194068565142749,0.0,0.0,1.111799729069061
2022-12-09,0.004949831109757029,0.004949831109757029,0.0,0.0,1.1173029499558267
2022-12-12,-0.00031006582190385866,-0.00031006582190385866,0.0,0.0,1.116956512498333
2022-12-13,-0.00797825448027676,-0.00797825448027676,0.0,0.0,1.1080451491982188
2022-12-14,0.009463227748352728,0.009463227748352728,0.0,0.0,1.118530832800539
2022-12-15,-0.0008373742910962703,-0.0008373742910962703,0.0,0.0,1.1175942038373532
2022-12-16,-0.009185785380798145,-0.009185785380798145,0.0,0.0,1.1073282233380792
2022-12-19,-0.0012123949788730892,-0.0012123949788730892,0.0,0.0,1.1059857041601397
2022-12-20,-0.008906613277491737,-0.008906613277491737,0.0,0.0,1.096135117202751
2022-12-21,0.00019247527586192987,0.00019247527586192987,0.0,0.0,1.0963460961118165
2022-12-22,0.014981987710707134,0.014981987710707134,0.0,0.0,1.1127715398504456
2022-12-23,-0.007439356646988913,-0.007439356646988913,0.0,0.0,1.1044932354988792
2022-12-26,0.0031696570706621534,0.0031696570706621534,0.0,0.0,1.1079941002922766
2022-12-27,0.0024344330704492855,0.0024344330704492855,0.0,0.0,1.1106914377718908
2022-12-28,-0.0063371755187841584,-0.0063371755187841584,0.0,0.0,1.1036527911835197
2022-12-29,-0.004409336898340407,-0.004409336898340407,0.0,0.0,1.0987864142083978
2022-12-30,0.004388048029659814,0.004388048029659814,0.0,0.0,1.103607941768282
2023-01-03,0.00039040573010959374,0.00039040573010959374,0.0,0.0,1.104038796632543
2023-01-04,0.001491002923230226,0.001491002923230226,0.0,0.0,1.1056849217056817
2023-01-05,0.006376515310308922,0.006376515310308922,0.0,0.0,1.1127353385373158
2023-01-06,0.0031759940275958047,0.0031759940275958047,0.0,0.0,1.116269379326805
2023-01-09,0.01784757677878214,0.01784757677878214,0.0,0.0,1.1361920827801437
2023-01-10,0.0006147427199208881,0.0006147427199208881,0.0,0.0,1.1368905485914644
2023-01-11,-0.008200211249348143,-0.008200211249348143,0.0,0.0,1.127567805925627
2023-01-12,-0.004952297603973645,-0.004952297603973645,0.0,0.0,1.1219837545820237
2023-01-13,0.0020002336586725823,0.0020002336586725823,0.0,0.0,1.1242279842524225
2023-01-16,0.0073760292443818,0.0073760292443818,0.0,0.0,1.132520322741621
2023-01-17,0.00012890741945129647,0.00012890741945129647,0.0,0.0,1.1326663130139016
2023-01-30,0.019171718924986886,0.019171718924986886,0.0,0.0,1.1543814732028055
2023-01-31,-0.015794089085019874,-0.015794089085019874,0.0,0.0,1.1361490693769438
2023-02-01,0.0063689875365816944,0.0063689875365816944,0.0,0.0,1.1433851886395046
2023-02-02,0.0028242337362840413,0.0028242337362840413,0.0,0.0,1.1466143756628278
2023-02-03,-0.0015527104149530868,-0.0015527104149530868,0.0,0.0,1.1448340155798011
2023-02-06,-0.00507564143723233,-0.00507564143723233,0.0,0.0,1.1390232486115712
2023-02-07,0.0022243239601396807,0.0022243239601396807,0.0,0.0,1.141556805314614
2023-02-08,0.00017419164306678686,0.00017419164306678686,0.0,0.0,1.1417556549701857
2023-02-09,-0.00014080664019495048,-0.00014080664019495048,0.0,0.0,1.1415948881924858
2023-02-10,-0.0003757598511158794,-0.0003757598511158794,0.0,0.0,1.141165922667264
2023-02-13,0.006266087035569532,0.006266087035569532,0.0,0.0,1.148316567660723
2023-02-14,0.004053111146768525,0.004053111146768525,0.0,0.0,1.1529708223411277
2023-02-15,-0.005754164804196498,-0.005754164804196498,0.0,0.0,1.1463364382149468
2023-02-16,0.005019588254397278,0.005019588254397278,0.0,0.0,1.1520905751357982
2023-02-17,0.004438743720523964,0.004438743720523964,0.0,0.0,1.157204409941657
2023-02-20,0.009524172703222077,0.009524172703222077,0.0,0.0,1.1682258245948713
2023-02-21,-0.005385849588461394,-0.005385849588461394,0.0,0.0,1.161933936018247
2023-02-22,-2.8907885536833965e-05,-2.8907885536833965e-05,0.0,0.0,1.161900346965023
2023-02-23,0.004531411848434004,0.004531411848434004,0.0,0.0,1.16716539596396
2023-02-24,-0.0040906402910255,-0.0040906402910255,0.0,0.0,1.1623909421689391
2023-03-01,-0.006603233066378215,-0.006603233066378215,0.0,0.0,1.1547154038635505
2023-03-02,-0.0002863176409106211,-0.0002863176409106211,0.0,0.0,1.1543847884731933
2023-03-03,0.0029318403601502267,0.0029318403601502267,0.0,0.0,1.1577692603871823
2023-03-06,0.007704098925551619,0.007704098925551619,0.0,0.0,1.166688829302168
2023-03-07,0.0042831452485431725,0.0042831452485431725,0.0,0.0,1.171685927017922
2023-03-08,-0.0003990818801810462,-0.0003990818801810462,0.0,0.0,1.171218328395186
2023-03-09,-0.006809828402065676,-0.006809828402065676,0.0,0.0,1.1632425325574607
2023-03-10,-0.011904029528079427,-0.011904029528079427,0.0,0.0,1.1493952591015788
2023-03-13,-0.0021055114553213323,-0.0021055114553213323,0.0,0.0,1.1469751942168485
2023-03-14,-0.012297826708612132,-0.012297826708612132,0.0,0.0,1.132869892039293
2023-03-15,-0.0025796077012272857,-0.0025796077012272857,0.0,0.0,1.1299475321413
2023-03-16,-0.011717909015550174,-0.011717909015550174,0.0,0.0,1.1167069097673228
2023-03-17,0.005861984890897594,0.005861984890897594,0.0,0.0,1.1232530287999398
2023-03-20,-0.002256261500277335,-0.002256261500277335,0.0,0.0,1.1207186762359886
2023-03-21,0.005894005624244129,0.005894005624244129,0.0,0.0,1.1273241984169189
2023-03-22,0.011413958997786685,0.011413958997786685,0.0,0.0,1.1401914305948624
2023-03-23,0.0056239149275094345,0.0056239149275094345,0.0,0.0,1.1466037702016032
2023-03-24,0.0017515517146074351,0.0017515517146074351,0.0,0.0,1.148612106001275
2023-03-27,-0.0002162727832840483,-0.0002162727832840483,0.0,0.0,1.1483636924641965
2023-03-28,-0.0020135362946470782,-0.0020135362946470782,0.0,0.0,1.1460514204899648
2023-03-29,0.00635207996127075,0.00635207996127075,0.0,0.0,1.153331230752645
2023-03-30,-0.0004169387852970858,-0.0004169387852970858,0.0,0.0,1.1528503622302497
2023-03-31,0.0030500111904458132,0.0030500111904458132,0.0,0.0,1.1563665687359617
2023-04-06,0.0034932685604867693,0.0034932685604867693,0.0,0.0,1.1604060677149248
2023-04-07,-0.0005486457856386796,-0.0005486457856386796,0.0,0.0,1.1597694158162435
2023-04-10,0.0040894890814457685,0.0040894890814457685,0.0,0.0,1.1645122801792187
2023-04-11,0.006125561398308009,0.006125561398308009,0.0,0.0,1.17164557165054
2023-04-12,0.0018236654880378952,0.0018236654880378952,0.0,0.0,1.1737822612437716
2023-04-13,0.0005698717452848031,8.580638294549873e-05,0.4840653623393043,0.00048406536233930433,1.1738829792539744
2023-04-14,0.002204382137479575,0.002204382137479575,0.0,0.0,1.176470665924933
2023-04-17,-0.0007002829217752357,-0.0007002829217752357,0.0,0.0,1.1756468036096164
2023-04-18,0.0015521705146407786,0.0015521705146407786,0.0,0.0,1.177471607913811
2023-04-19,-0.002271137535473973,-0.002271137535473973,0.0,0.0,1.1747974079481232
2023-04-20,-0.00670998698957374,-0.00670998698957374,0.0,0.0,1.1669145326254062
2023-04-21,0.00011616077389246424,0.00011616077389246424,0.0,0.0,1.1670500823205823
2023-04-24,0.001586170756137499,0.001586170756137499,0.0,0.0,1.1689012230321072
2023-04-25,-0.005595660838337552,-0.005595660838337552,0.0,0.0,1.1623604482345016
2023-04-26,0.005279175787459805,0.005279175787459805,0.0,0.0,1.168496753369122
2023-04-27,-0.00016884961987876344,-0.00016884961987876344,0.0,0.0,1.168299453136486
2023-04-28,0.0027301418007505155,0.0027301418007505155,0.0,0.0,1.171489076309288
2023-05-02,0.0045144657888047494,0.0045144657888047494,0.0,0.0,1.176777723666245
2023-05-03,-0.0019854342504505777,-0.0019854342504505777,0.0,0.0,1.1744413088685106
2023-05-04,0.004621111224574874,0.004621111224574874,0.0,0.0,1.1798685327835272
2023-05-05,0.0006877385435871278,0.0006877385435871278,0.0,0.0,1.1806799738498879
2023-05-08,0.0040794441676907265,0.0040794441676907265,0.0,0.0,1.1854964918831192
2023-05-09,0.003527884297535503,0.003527884297535503,0.0,0.0,1.1896787863416172
2023-05-10,0.0012270249393386485,0.0012270249393386485,0.0,0.0,1.1911385518822606
2023-05-11,-0.0033337488075111466,-0.0033337488075111466,0.0,0.0,1.1871675951553426
2023-05-12,-0.001482155697779152,-0.001482155697779152,0.0,0.0,1.1854080279399644
2023-05-15,0.0006368311661121664,0.0006368311661121664,0.0,0.0,1.1861629327167162
2023-05-16,0.008836966830815687,0.008836966830815687,0.0,0.0,1.1966450152090768
2023-05-17,0.008984224461327971,0.008984224461327971,0.0,0.0,1.2073959426262446
2023-05-18,0.003973651172208669,0.003973651172208669,0.0,0.0,1.2121937129289813
2023-05-19,0.005549750144767642,0.005549750144767642,0.0,0.0,1.2189210851627954
2023-05-22,0.00024109590967378778,0.00024109590967378778,0.0,0.0,1.2192149620506432
2023-05-23,0.0011175826429757959,0.0011175826429757959,0.0,0.0,1.2205775355302875
2023-05-24,-0.000669259228795441,-0.000669259228795441,0.0,0.0,1.2197606527501734
2023-05-25,-0.0016664587788566007,-0.0016664587788566007,0.0,0.0,1.217727971902294
2023-05-26,0.0010759135092542936,0.0010759135092542936,0.0,0.0,1.2190381418778606
2023-05-29,0.005293082161401836,0.005293082161401836,0.0,0.0,1.2254906109207029
2023-05-30,0.0008738298675437721,0.0008738298675437721,0.0,0.0,1.2265614812189198
2023-05-31,0.0017420846682589344,0.0017420846682589344,0.0,0.0,1.2286982551700283
2023-06-01,-0.003628254398430616,-0.003628254398430616,0.0,0.0,1.2242402253213636
2023-06-02,0.007885734486220203,0.007885734486220203,0.0,0.0,1.2338942586855983
2023-06-05,0.005452425199761366,0.005452425199761366,0.0,0.0,1.2406219748354965
2023-06-06,0.00102486689695452,0.00102486689695452,0.0,0.0,1.2418934472291399
2023-06-07,0.004733231247035023,0.004733231247035023,0.0,0.0,1.2477716160990528
2023-06-08,-0.00189341474716047,-0.00189341474716047,0.0,0.0,1.2454090669200426
2023-06-09,0.0069810030831290735,0.0069810030831290735,0.0,0.0,1.2541032714559681
2023-06-12,-0.0022661599652962477,-0.0022661599652962477,0.0,0.0,1.2512612728298476
2023-06-13,0.00773325184145394,0.00773325184145394,0.0,0.0,1.260937591372099
2023-06-14,0.0006460005381304276,0.0006460005381304276,0.0,0.0,1.2617521577346742
2023-06-15,0.004224517624730368,0.004224517624730368,0.0,0.0,1.267082451963066
2023-06-16,-0.004617136747819171,-0.004617136747819171,0.0,0.0,1.2612321590115905
2023-06-19,0.003368476144464544,0.003368476144464544,0.0,0.0,1.2654805894518526
2023-06-20,-0.002403822880576785,-0.002403822880576785,0.0,0.0,1.2624385982560025
2023-06-21,0.004393340867196814,0.004393340867196814,0.0,0.0,1.267984921342047
2023-06-26,-0.004046183777088625,-0.004046183777088625,0.0,0.0,1.2628544213237198
2023-06-27,-0.011615058909671981,-0.011615058909671981,0.0,0.0,1.248186292825705
2023-06-28,0.0019709460739784235,0.0019709460739784235,0.0,0.0,1.2506464006991436
2023-06-29,-0.0017735117571073156,-0.0017735117571073156,0.0,0.0,1.2484283646035197
2023-06-30,-0.00532614528622149,-0.00532614528622149,0.0,0.0,1.2417790537542015
2023-07-03,0.006351231237687071,0.006351231237687071,0.0,0.0,1.2496658796707105
2023-07-04,0.0024588001670615917,0.0024588001670615917,0.0,0.0,1.252738558344416
2023-07-05,-0.00575055660886494,-0.00575055660886494,0.0,0.0,1.2455346143485486
2023-07-06,-0.013581305715151306,-0.013581305715151306,0.0,0.0,1.228618627972278
2023-07-07,-0.008303322314375198,-0.008303322314375198,0.0,0.0,1.2184170115027786
2023-07-10,0.0008877688681648716,0.0008877688681648716,0.0,0.0,1.2194986841940332
2023-07-11,0.01592662784916077,0.01592662784916077,0.0,0.0,1.2389211858997329
2023-07-12,0.0060316033091969996,0.0060316033091969996,0.0,0.0,1.2463938670244399
2023-07-13,0.0035467644426307103,0.0035467644426307103,0.0,0.0,1.2508145324735154
2023-07-14,0.013931762645570712,0.013931762645570712,0.0,0.0,1.2682405836535668
2023-07-17,0.009345884696653591,0.009345884696653591,0.0,0.0,1.2800934139160098
2023-07-18,0.0021911584318080155,0.0021911584318080155,0.0,0.0,1.2828983013934137
2023-07-19,-0.008564397258887751,-0.008564397258887751,0.0,0.0,1.2719110506975282
2023-07-20,0.001173504165933494,0.001173504165933494,0.0,0.0,1.2734036436142186
2023-07-21,-0.0015150534857845445,-0.0015150534857845445,0.0,0.0,1.2714743689851502
2023-07-24,-0.0005817222097639346,-0.0005817222097639346,0.0,0.0,1.270734724105566
2023-07-25,0.0071859728497842956,0.0071859728497842956,0.0,0.0,1.2798661893322667
2023-07-26,0.003514144046005578,0.003514144046005578,0.0,0.0,1.2843638234811925
2023-07-27,0.0006713277209861239,0.0006713277209861239,0.0,0.0,1.2852260525197272
2023-07-28,0.0018783390562233135,0.0018783390562233135,0.0,0.0,1.2876401428102509
2023-07-31,-0.004073811253144802,-0.004073811253144802,0.0,0.0,1.2823945399064696
2023-08-01,0.0031874096569757693,0.0031874096569757693,0.0,0.0,1.2864820566470203
2023-08-02,-0.016974664795816184,-0.016974664795816184,0.0,0.0,1.264644454969605
2023-08-04,0.0013596646309113167,0.0013596646309113167,0.0,0.0,1.2663639473057053
2023-08-07,0.01196887299609255,0.01196887299609255,0.0,0.0,1.2815208965578377
2023-08-08,-0.003240237369816025,-0.003240237369816025,0.0,0.0,1.277368464658611
2023-08-09,-0.00376165674676089,-0.00376165674676089,0.0,0.0,1.2725634429554282
2023-08-10,-0.009938404229451157,-0.009938404229451157,0.0,0.0,1.259916193051715
2023-08-11,-0.005550064556745158,-0.005550064556745158,0.0,0.0,1.2529235768441895
2023-08-14,-0.009662166001578583,-0.009662166001578583,0.0,0.0,1.2408176212574293
2023-08-15,-0.00043128217616642006,-0.00043128217616642006,0.0,0.0,1.2402824787335078
2023-08-16,-0.004976784755806188,-0.004976784755806188,0.0,0.0,1.2341098598004534
2023-08-17,-0.0019288663268960744,-0.0019288663268960744,0.0,0.0,1.231729426848194
2023-08-18,-0.0026704192204378813,-0.0026704192204378813,0.0,0.0,1.2284401929123596
2023-08-21,0.0018156582711048555,0.0018156582711048555,0.0,0.0,1.2306706205091786
2023-08-22,-0.001012217700049749,-0.001012217700049749,0.0,0.0,1.229424913924168
2023-08-23,0.0022660682463622787,0.0022660682463622787,0.0,0.0,1.2322108746828981
2023-08-24,0.0028697229193695574,0.0028697229193695574,0.0,0.0,1.235746978471472
2023-08-25,-0.007891240357484343,-0.007891240357484343,0.0,0.0,1.2259954020433186
2023-08-28,0.0020366507811066616,0.0020366507811066616,0.0,0.0,1.2284923265365233
2023-08-29,0.005573725718927888,0.005573725718927888,0.0,0.0,1.2353396058124455
2023-08-30,0.0029736356153251364,0.0029736356153251364,0.0,0.0,1.239013055661311
2023-08-31,-0.008369145786116583,-0.008369145786116583,0.0,0.0,1.2286435747675797
2023-09-01,0.0029895346443647537,0.0029895346443647537,0.0,0.0,1.2323166472999234
2023-09-04,0.003998251423179621,0.003998251423179621,0.0,0.0,1.2372437590887981
2023-09-05,0.00015920096091393964,0.00015920096091393964,0.0,0.0,1.2374407294841299
2023-09-06,-0.0018451869091415964,-0.0018451869091415964,0.0,0.0,1.2351574200492472
2023-09-07,-0.001443031510594253,-0.001443031510594253,0.0,0.0,1.2333750489715718
2023-09-08,0.0010035653222400188,0.0010035653222400188,0.0,0.0,1.2346128214000358
2023-09-11,-0.0029774629347244165,-0.0029774629347244165,0.0,0.0,1.2309368074855815
2023-09-12,0.006323633260246089,0.006323633260246089,0.0,0.0,1.2387208004226584
2023-09-13,0.0016691766219846492,0.0016691766219846492,0.0,0.0,1.2407884442238901
2023-09-14,0.011994738297424038,0.011994738297424038,0.0,0.0,1.2556713768948238
2023-09-15,0.0004401054775139391,0.0004401054775139391,0.0,0.0,1.2562240047457525
2023-09-18,-0.004785597908692051,-0.004785597908692051,0.0,0.0,1.2502122217757925
2023-09-19,0.0010178167649101697,0.0010178167649101697,0.0,0.0,1.2514847087348115
2023-09-20,-0.004641861173255685,-0.004641861173255685,0.0,0.0,1.2456754904564122
2023-09-21,-0.012996479245138243,-0.012996479245138243,0.0,0.0,1.229486094798518
2023-09-22,0.004266227006028536,0.004266227006028536,0.0,0.0,1.234731361579684
2023-09-25,0.0038903419931024742,0.0038903419931024742,0.0,0.0,1.239534888845838
2023-09-26,-0.008546803170082409,-0.008546803170082409,0.0,0.0,1.2289408281284226
2023-09-27,0.000768703815183285,0.000768703815183285,0.0,0.0,1.2298855196316396
2023-09-28,0.002955036281055646,0.002955036281055646,0.0,0.0,1.2335198759636963
2023-10-02,0.003126947273017768,0.003126947273017768,0.0,0.0,1.2373770275760543
2023-10-03,-0.00542329924202004,-0.00542329924202004,0.0,0.0,1.2306663616803082
2023-10-04,-0.011303854344496435,-0.011303854344496435,0.0,0.0,1.2167550883812026
2023-10-05,0.00839443576907083,0.00839443576907083,0.0,0.0,1.2269690608173087
2023-10-06,0.00533777902582503,0.00533777902582503,0.0,0.0,1.2335183505354756
2023-10-11,0.01193205942096559,0.01193205942096559,0.0,0.0,1.2482367647909163
2023-10-12,0.006057819378507064,0.006057819378507064,0.0,0.0,1.2557983576536316
2023-10-13,-0.006664307844139858,-0.006664307844139858,0.0,0.0,1.2474293308080626
2023-10-16,-0.001321200510059675,-0.001321200510059675,0.0,0.0,1.2457812265399355
2023-10-17,-0.0034531696803419823,-0.0034531696803419823,0.0,0.0,1.2414793325801086
2023-10-18,-0.005354240072714475,-0.005354240072714475,0.0,0.0,1.2348321541881613
2023-10-19,-0.0048151873090987885,-0.0048151873090987885,0.0,0.0,1.2288862060704473
2023-10-20,-0.007081286052057723,-0.007081286052057723,0.0,0.0,1.2201841113198346
2023-10-23,-0.006342174450414619,-0.006342174450414619,0.0,0.0,1.2124454908242202
2023-10-24,0.0038270054893721427,0.0038270054893721427,0.0,0.0,1.2170855263731688
2023-10-25,0.00010135553382287378,0.00010135553382287378,0.0,0.0,1.2172088847264027
2023-10-26,-0.00856075545041991,-0.00856075545041991,0.0,0.0,1.2067886571321815
2023-10-27,0.005667953668300085,0.005667953668300085,0.0,0.0,1.213628679328237
2023-10-30,-0.004089081150129219,-0.004089081150129219,0.0,0.0,1.2086660531723397
2023-10-31,-0.00253659787557816,-0.00253659787557816,0.0,0.0,1.2056001534295793
2023-11-01,0.004925841652797862,0.004925841652797862,0.0,0.0,1.2115387488819622
2023-11-02,0.012422922589063634,0.012422922589063634,0.0,0.0,1.226589600972974
2023-11-03,0.006667461809767673,0.006667461809767673,0.0,0.0,1.2347678402937194
2023-11-06,0.008326800962923384,0.008326800962923384,0.0,0.0,1.245049506335264
2023-11-07,-0.001275347910641029,-0.001275347910641029,0.0,0.0,1.2434616350487147
2023-11-08,0.003997570418575186,0.003997570418575186,0.0,0.0,1.2484324604976187
2023-11-09,-0.0016939038891084536,-0.0016939038891084536,0.0,0.0,1.2463177358974924
2023-11-10,-0.002379680689302759,-0.002379680689302759,0.0,0.0,1.2433518976486417
2023-11-13,-0.0007999934794504625,-0.0007999934794504625,0.0,0.0,1.2423572242378604
2023-11-14,0.0028990635551165767,0.0028990635551165767,0.0,0.0,1.245958896789084
2023-11-15,0.009687912645225984,0.009687912645225984,0.0,0.0,1.258029637740719
2023-11-16,0.0048017260160786255,0.0048017260160786255,0.0,0.0,1.2640703513812566
2023-11-17,0.0003710398162609127,0.0003710398162609127,0.0,0.0,1.2645393718121738
2023-11-20,0.0001281595693048398,0.0001281595693048398,0.0,0.0,1.2647014346334342
2023-11-21,0.011480129249414826,0.011480129249414826,0.0,0.0,1.2792203705649465
2023-11-22,-0.00592830840692591,-0.00592830840692591,0.0,0.0,1.2716367576878154
2023-11-23,0.0004789824740329638,0.0004789824740329638,0.0,0.0,1.272245849408084
2023-11-24,-0.00019461348059906006,-0.00019461348059906006,0.0,0.0,1.271998253215153
2023-11-27,-0.0022265478424273047,-0.0022265478424273047,0.0,0.0,1.2691660882488855
2023-11-28,0.006317984723127093,0.006317984723127093,0.0,0.0,1.277184660205553
2023-11-29,-0.00047505462940262223,-0.00047505462940262223,0.0,0.0,1.2765779277201204
2023-11-30,0.004017980438341501,0.004017980438341501,0.0,0.0,1.2817071928617183
2023-12-01,-0.00529611338487935,-0.00529611338487935,0.0,0.0,1.2749191262421071
2023-12-04,0.004361522200703933,0.004361522200703933,0.0,0.0,1.280479714315314
2023-12-05,-0.0008734345862244634,-0.0008734345862244634,0.0,0.0,1.279361299045872
2023-12-06,0.004295834304932208,0.004295834304932208,0.0,0.0,1.284857223202716
2023-12-07,-0.005729295973120432,-0.005729295973120432,0.0,0.0,1.277495895887786
2023-12-08,0.002875017456679174,0.002875017456679174,0.0,0.0,1.2811687188892993
2023-12-11,0.0009945039691647397,0.0009945039691647397,0.0,0.0,1.2824428462654045
2023-12-12,0.0018275810262188765,0.0018275810262188765,0.0,0.0,1.2847866144784494
2023-12-13,0.0021817767107321414,0.0021817767107321414,0.0,0.0,1.287589731992179
2023-12-14,0.009146519313524757,0.009146519313524757,0.0,0.0,1.2993666963437416
2023-12-15,-0.006909472557289386,-0.006909472557289386,0.0,0.0,1.2903887578134987
2023-12-18,0.00066118121169086,0.00066118121169086,0.0,0.0,1.291241938615942
2023-12-19,-0.005674478392652497,-0.005674478392652497,0.0,0.0,1.2839148141355792
2023-12-20,0.002949351690471038,0.002949351690471038,0.0,0.0,1.2877015304630708
2023-12-21,-0.0025783430852754146,-0.0025783430852754146,0.0,0.0,1.2843813941261029
2023-12-22,4.65787161313148e-05,4.65787161313148e-05,0.0,0.0,1.284441218962464
2023-12-25,0.0033255142232709884,0.0033255142232709884,0.0,0.0,1.2887126465050796
2023-12-26,0.007745414639193068,0.007745414639193068,0.0,0.0,1.2986942603030334
2023-12-27,0.006909066301407469,0.006909066301407469,0.0,0.0,1.3076670250527245
2023-12-28,0.0023189412952735865,0.0023189412952735865,0.0,0.0,1.3106994281175868
2023-12-29,0.0029898756455883106,0.0029898756455883106,0.0,0.0,1.3146182564164022
2024-01-02,-0.0019386186429375925,-0.0019386186429375925,0.0,0.0,1.3120697129561674
2024-01-03,-0.011919298125783549,-0.011919298125783549,0.0,0.0,1.2964307628856315
2024-01-04,0.002113591991349602,0.002113591991349602,0.0,0.0,1.2991708885634057
2024-01-05,0.0009356359476425172,0.0009356359476425172,0.0,0.0,1.3003864395488762
2024-01-08,0.0035468172309736615,0.0035468172309736615,0.0,0.0,1.3049986725795926
2024-01-09,-0.006204240519863388,-0.006204240519863388,0.0,0.0,1.2969021469368063
2024-01-10,-0.005836728667823306,-0.005836728667823306,0.0,0.0,1.2893324809964186
2024-01-11,0.004299928666504715,0.004299928666504715,0.0,0.0,1.2948765186921107
2024-01-12,-0.0030388660474004103,-0.0030388660474004103,0.0,0.0,1.2909415624038811
2024-01-15,-0.0012408114011523092,-0.0012408114011523092,0.0,0.0,1.289339747395029
2024-01-16,-0.010350428821739885,-0.010350428821739885,0.0,0.0,1.2759945281125766
2024-01-17,-0.01403186074872224,-0.01403186074872224,0.0,0.0,1.2580899505779695
2024-01-18,0.0022491375285594965,0.0022491375285594965,0.0,0.0,1.2609195679001182
2024-01-19,0.010106849124902553,0.010106849124902553,0.0,0.0,1.273663491731522
2024-01-22,0.005938750010133373,0.005938750010133373,0.0,0.0,1.281227460805949
2024-01-23,0.00286092772016872,0.00286092772016872,0.0,0.0,1.2848929599644103
2024-01-24,0.0015261691462201653,0.0015261691462201653,0.0,0.0,1.2868539239561034
2024-01-25,0.0013015861845469317,0.0013015861845469317,0.0,0.0,1.2885288752450546
2024-01-26,0.002195832313194125,0.002195832313194125,0.0,0.0,1.2913582685858014
2024-01-29,0.004452459378093311,0.004452459378093311,0.0,0.0,1.2971079888192445
2024-01-30,-0.0074475481329320066,-0.0074475481329320066,0.0,0.0,1.2874477146389025
2024-01-31,-0.00039378008824531626,-0.00039378008824531626,0.0,0.0,1.2869407433642208
2024-02-01,0.007112686561540396,0.007112686561540396,0.0,0.0,1.296094349495046
2024-02-02,0.0003715822703796098,0.0003715822703796098,0.0,0.0,1.2965759551760576
2024-02-05,-0.004818556943094279,-0.004818556943094279,0.0,0.0,1.2903283301049948
2024-02-15,0.001581549503434158,0.001581549503434158,0.0,0.0,1.2923690482347394
2024-02-16,0.0029781329879764607,0.0029781329879764607,0.0,0.0,1.2962178951299272
2024-02-19,0.00795418286583408,0.00795418286583408,0.0,0.0,1.3065282493017571
2024-02-20,0.0028196375174523035,0.0028196375174523035,0.0,0.0,1.3102121853710997
2024-02-21,-0.002040464152585398,-0.002040464152585398,0.0,0.0,1.3075387443745694
2024-02-22,0.0027997796493070526,0.0027997796493070526,0.0,0.0,1.3111995647417498
2024-02-23,-0.005588302635975381,-0.005588302635975381,0.0,0.0,1.3038721847578136
2024-02-26,-0.0020764655317947038,-0.0020764655317947038,0.0,0.0,1.301164739108298
2024-02-27,-0.0012204626923888694,-0.0012204626923888694,0.0,0.0,1.2995767160875646
2024-02-29,0.007456388522538325,0.007456388522538325,0.0,0.0,1.3092668649975578
2024-03-01,-0.0035486821430313776,-0.0035486821430313776,0.0,0.0,1.3046206930532782
2024-03-04,0.00368936116442719,0.00368936116442719,0.0,0.0,1.309433909972537
2024-03-05,-6.863405291337658e-05,-6.863405291337658e-05,0.0,0.0,1.3093440382162733
2024-03-06,0.0037770520345450833,0.0037770520345450833,0.0,0.0,1.3142894987797376
2024-03-07,-0.0004951844860295114,-0.0004951844860295114,0.0,0.0,1.3136386830097904
2024-03-08,0.000701694568424479,0.000701694568424479,0.0,0.0,1.3145604561385305
2024-03-11,0.003739471088579063,0.003739471088579063,0.0,0.0,1.3194762169584497
2024-03-12,0.010715826098569466,0.010715826098569466,0.0,0.0,1.3336154946405747
2024-03-13,0.0059947446715173216,0.0059947446715173216,0.0,0.0,1.3416101790209243
2024-03-14,0.005273711976596439,0.005273711976596439,0.0,0.0,1.3486854446899506
2024-03-15,0.003222616643575192,0.003222616643575192,0.0,0.0,1.353031740850956
2024-03-18,-0.0016646436493145693,-0.0016646436493145693,0.0,0.0,1.3507794251562273
2024-03-19,-0.000270198427070845,-0.000270198427070845,0.0,0.0,1.3504144466802304
2024-03-20,-0.0030072564183566265,-0.0030072564183566265,0.0,0.0,1.3463534041680096
2024-03-21,0.014199618138672406,0.014199618138672406,0.0,0.0,1.365471108386897
2024-03-22,0.0001442432576715221,0.0001442432576715221,0.0,0.0,1.3656680683878268
2024-03-25,-0.0009893445932208852,-0.0009893445932208852,0.0,0.0,1.364316952068233
2024-03-26,0.003283591063893354,0.003283591063893354,0.0,0.0,1.3687968110203623
2024-03-27,0.0063825203380225865,0.0063825203380225865,0.0,0.0,1.3775331845053203
2024-03-28,0.00039553772940948903,0.00039553772940948903,0.0,0.0,1.378078050853306
2024-03-29,0.0026429719929450253,0.0026429719929450253,0.0,0.0,1.3817202725458035
2024-04-01,-0.0012687895567282872,-0.0012687895567282872,0.0,0.0,1.3799671602936776
2024-04-02,0.00217514694954616,0.00217514694954616,0.0,0.0,1.3829687916528641
2024-04-03,-0.011433773594384187,-0.011433773594384187,0.0,0.0,1.3671562396010062
2024-04-08,0.0064777595165514314,0.0064777595165514314,0.0,0.0,1.3760123489426943
2024-04-09,0.0036685323830480242,0.0036685323830480242,0.0,0.0,1.3810602948042647
2024-04-10,-0.000548063278593287,-0.000548063278593287,0.0,0.0,1.3803033863711593
2024-04-11,-0.0016018148992757593,-0.0016018148992757593,0.0,0.0,1.3780923958413491
2024-04-12,-0.005728693859095104,-0.005728693859095104,0.0,0.0,1.370197726396027
2024-04-15,-0.0028803298083271032,-0.0028803298083271032,0.0,0.0,1.3662511050413866
2024-04-16,-0.023156886164670442,-0.023156886164670442,0.0,0.0,1.334612983729588
2024-04-17,0.005911748436434778,0.005911748436434778,0.0,0.0,1.342502879949397
2024-04-18,0.006355444495817787,0.006355444495817787,0.0,0.0,1.351035082488391
2024-04-19,-0.01469048552146323,-0.01469048552146323,0.0,0.0,1.3311877211701064
2024-04-22,0.011825030015749907,0.011825030015749907,0.0,0.0,1.3469290559295406
2024-04-23,0.005100531845714383,0.005100531845714383,0.0,0.0,1.3537991104732274
2024-04-24,0.004352044348157474,0.004352044348157474,0.0,0.0,1.359690904240503
2024-04-25,-0.006084559115388857,-0.006581466611546184,0.4969074961573268,0.0004969074961573268,1.350742143952221
2024-04-26,0.003214497085582569,0.003214497085582569,0.0,0.0,1.3550841006373289
2024-04-29,0.01687106832802892,0.01687106832802892,0.0,0.0,1.3779458170894068
2024-04-30,-0.00286363746709959,-0.00286363746709959,0.0,0.0,1.3739998798199564
2024-05-02,0.0016191865915697393,0.0016191865915697393,0.0,0.0,1.3762246420021793
2024-05-03,0.000782692861036859,0.000782692861036859,0.0,0.0,1.3773018032046573
2024-05-06,0.015021288141985481,0.015021288141985481,0.0,0.0,1.3979906504490707
2024-05-07,-0.0004008694219272353,-0.0004008694219272353,0.0,0.0,1.3974302387451656
2024-05-08,0.0007433814082770748,0.0007433814082770748,0.0,0.0,1.398469062404013
2024-05-09,-0.007505580043881176,-0.007505580043881176,0.0,0.0,1.3879727409172482
2024-05-10,0.010901113235705407,0.010901113235705407,0.0,0.0,1.4031031889340595
2024-05-13,0.0010435321769846808,0.0010435321769846808,0.0,0.0,1.404567372259342
2024-05-14,-0.006455479258580649,-0.006455479258580649,0.0,0.0,1.3955002167204424
2024-05-15,0.0013693502121582936,0.0013693502121582936,0.0,0.0,1.3974111452382756
2024-05-16,0.008950871914654152,0.008950871914654152,0.0,0.0,1.4099191934114135
2024-05-17,0.001116512677226694,0.001116512677226694,0.0,0.0,1.4114933860647227
2024-05-20,0.0079482117009703,0.0079482117009703,0.0,0.0,1.4227122343116847
2024-05-21,-0.004584150119673209,-0.004584150119673209,0.0,0.0,1.4161903078525042
2024-05-22,0.004339673747074713,0.004339673747074713,0.0,0.0,1.4223361117523534
2024-05-23,-0.001264866190240771,-0.001264866190240771,0.0,0.0,1.4205370468934393
2024-05-24,-0.004130190979392311,-0.004130190979392311,0.0,0.0,1.4146699575964674
2024-05-27,0.006376066569353433,0.006376066569353433,0.0,0.0,1.423689987419767
2024-05-28,0.0009127427711273751,0.0009127427711273751,0.0,0.0,1.4249894501641107
2024-05-29,-0.011380760594226602,-0.011380760594226602,0.0,0.0,1.4087719863824943
2024-05-30,-0.004957095637930882,-0.004957095637930882,0.0,0.0,1.4017885689139584
2024-05-31,0.005748916333451076,0.005748916333451076,0.0,0.0,1.4098473341138327
2024-06-03,0.004654725911997944,0.004654725911997944,0.0,0.0,1.4164097870318937
2024-06-04,-0.0048805454402933695,-0.0048805454402933695,0.0,0.0,1.4094969347042083
2024-06-05,0.0007393491689484889,0.0007393491689484889,0.0,0.0,1.4105390450915174
2024-06-06,0.0036031448534426394,0.0036031448534426394,0.0,0.0,1.4156214215924188
2024-06-07,0.0039022191637481975,0.0039022191637481975,0.0,0.0,1.421145486632369
2024-06-11,-0.004060717657449502,-0.004060717657449502,0.0,0.0,1.4153746160609961
2024-06-12,0.0014155727866799364,0.0014155727866799364,0.0,0.0,1.4173781818504498
2024-06-13,0.004395207776840471,0.004395207776840471,0.0,0.0,1.423607853458043
2024-06-14,0.006065638392313116,0.006065638392313116,0.0,0.0,1.4322429439095767
2024-06-17,0.000548013768415979,0.000548013768415979,0.0,0.0,1.4330278327625559
2024-06-18,0.006328772637349803,0.006328772637349803,0.0,0.0,1.442097140099104
2024-06-19,0.0007348668800461278,0.0007348668800461278,0.0,0.0,1.4431568895251723
2024-06-20,0.00475602047172615,0.00475602047172615,0.0,0.0,1.4500205732356666
2024-06-21,-0.0017395297307136225,-0.0017395297307136225,0.0,0.0,1.4474982193383767
2024-06-24,-0.0030675972054902863,-0.0030675972054902863,0.0,0.0,1.443057877845782
2024-06-25,0.003973383880901955,0.003973383880901955,0.0,0.0,1.4487917007568232
2024-06-26,-0.007004228853522711,-0.007004228853522711,0.0,0.0,1.438644032123638
2024-06-27,-0.009254718256748628,-0.009254718256748628,0.0,0.0,1.425329786934581
2024-06-28,0.0030512438274440954,0.0030512438274440954,0.0,0.0,1.4296788156490374
2024-07-01,0.0042981760101437755,0.0042981760101437755,0.0,0.0,1.4358238268366708
2024-07-02,0.0012725442083518239,0.0012725442083518239,0.0,0.0,1.4376509761317253
2024-07-03,0.008982349790708147,0.008982349790708147,0.0,0.0,1.4505644600762937
2024-07-04,0.002320162938104232,0.002320162938104232,0.0,0.0,1.453930005975894
2024-07-05,0.0038179478131989417,0.0038179478131989417,0.0,0.0,1.459481034862754
2024-07-08,-0.006130029929490093,-0.006130029929490093,0.0,0.0,1.4505343724375221
2024-07-09,-0.007092673122844052,-0.007092673122844052,0.0,0.0,1.4402462062803731
2024-07-10,-0.0004964251029336382,-0.0004964251029336382,0.0,0.0,1.4395312319091706
2024-07-11,0.003100446840269721,0.003100446840269721,0.0,0.0,1.4439944219686132
2024-07-12,0.0035728888667369623,0.0035728888667369623,0.0,0.0,1.4491536535624951
2024-07-15,-0.00089158867628653,-0.00089158867628653,0.0,0.0,1.4478616045747794
2024-07-16,-0.0010899706102537655,-0.0010899706102537655,0.0,0.0,1.446283477978078
2024-07-17,0.002393635970982952,0.002393635970982952,0.0,0.0,1.4497453541352046
2024-07-18,0.0073778584667368585,0.0073778584667368585,0.0,0.0,1.4604413701708232
2024-07-19,-0.010139307669440961,-0.010139307669440961,0.0,0.0,1.4456335057854814
2024-07-22,-0.011443648271550432,-0.011443648271550432,0.0,0.0,1.429090184415704
2024-07-23,0.012920782463902523,0.012920782463902523,0.0,0.0,1.4475551478098378
2024-07-26,-0.011755607274939031,-0.011755607274939031,0.0,0.0,1.430538257983369
2024-07-29,-0.0009206194632682719,-0.0009206194632682719,0.0,0.0,1.4292212766201196
2024-07-30,-0.0016427115260289,-0.0016427115260289,0.0,0.0,1.42687347835577
2024-07-31,0.0032645103227076995,0.0032645103227076995,0.0,0.0,1.4315315215550604
2024-08-01,0.006692163599034905,0.006692163599034905,0.0,0.0,1.441111564694482
2024-08-02,-0.01221726291202911,-0.01221726291202911,0.0,0.0,1.423505125823044
2024-08-05,-0.04931784205946922,-0.04931784205946922,0.0,0.0,1.3533009248568584
2024-08-06,0.009619828825487413,0.009619828825487413,0.0,0.0,1.3663194481033551
2024-08-07,0.012935399608911304,0.012935399608911304,0.0,0.0,1.383993336157999
2024-08-08,-0.016467371912002163,-0.016467371912002163,0.0,0.0,1.3612026031677527
2024-08-09,0.019575624014363257,0.019575624014363257,0.0,0.0,1.387848993534737
2024-08-12,0.007946944002995256,0.007946944002995256,0.0,0.0,1.398878151770971
2024-08-13,-0.0010834339832146446,-0.0010834339832146446,0.0,0.0,1.3973625596429657
2024-08-14,0.0047824649869112525,0.0047824649869112525,0.0,0.0,1.404045397158479
2024-08-15,-0.00908031619238459,-0.00908031619238459,0.0,0.0,1.3912962210038178
2024-08-16,0.01084727553776698,0.01084727553776698,0.0,0.0,1.4063879944677
2024-08-19,0.000246726044637045,0.000246726044637045,0.0,0.0,1.4067349870148
2024-08-20,0.003123552744236774,0.003123552744236774,0.0,0.0,1.4111289979439041
2024-08-21,0.000974927917629363,0.000974927917629363,0.0,0.0,1.4125047469993761
2024-08-22,-0.00517495513597021,-0.00517495513597021,0.0,0.0,1.4051950983043093
2024-08-23,0.00028354084712960435,0.00028354084712960435,0.0,0.0,1.405593528512865
2024-08-26,0.007009348995799742,0.007009348995799742,0.0,0.0,1.415445824100449
2024-08-27,-0.0006298808980868269,-0.0006298808980868269,0.0,0.0,1.4145542618135714
2024-08-28,-0.0023075823389339077,-0.0023075823389339077,0.0,0.0,1.4112900613815467
2024-08-29,-0.00549458252111244,-0.00549458252111244,0.0,0.0,1.40353561167806
2024-08-30,0.006355309610104429,0.006355309610104429,0.0,0.0,1.4124555150390812
2024-09-02,0.0005968377795474075,0.0005968377795474075,0.0,0.0,1.4132985218523866
2024-09-03,-0.006912059388492698,-0.006912059388492698,0.0,0.0,1.4035297185356739
2024-09-04,-0.02119733676912486,-0.02119733676912486,0.0,0.0,1.3737786264263983
2024-09-05,0.005760519556564797,0.005760519556564797,0.0,0.0,1.3816923050703183
2024-09-06,0.008655749255874347,0.008655749255874347,0.0,0.0,1.393651887211778
2024-09-09,-0.00301895480923567,-0.00301895480923567,0.0,0.0,1.3894445151444796
2024-09-10,-0.001146036850195994,-0.001146036850195994,0.0,0.0,1.3878521605288214
2024-09-11,-0.004291665504438094,-0.004291665504438094,0.0,0.0,1.38189596328622
2024-09-12,0.008777238546144334,0.008777238546144334,0.0,0.0,1.3940251938019372
2024-09-13,0.0027320307461536197,0.0027320307461536197,0.0,0.0,1.3978337134923169
2024-09-16,0.005440309641023761,0.005440309641023761,0.0,0.0,1.4054383617203772
2024-09-18,-0.004676055968829598,-0.004676055968829598,0.0,0.0,1.3988664532802326
2024-09-19,0.005403595671771103,0.005403595671771103,0.0,0.0,1.4064253619925635
2024-09-20,0.004570627596113144,0.004570627596113144,0.0,0.0,1.41285360856396
2024-09-23,0.004926451997139823,0.004926451997139823,0.0,0.0,1.4198139640455363
2024-09-24,0.0011098178730504205,0.0011098178730504205,0.0,0.0,1.4213896989592405
2024-09-25,0.0019704658431296783,0.0019704658431296783,0.0,0.0,1.424190498810816
2024-09-26,0.0017712854874042598,0.0017712854874042598,0.0,0.0,1.4267131467726588
2024-09-27,-0.0001890285323178576,-0.0001890285323178576,0.0,0.0,1.4264434572804858
2024-09-30,-0.006743793643069524,-0.006743793643069524,0.0,0.0,1.4168238169610796
2024-10-01,0.0023967371499068225,0.0023967371499068225,0.0,0.0,1.420219571238063
2024-10-04,-0.010772246632179284,-0.010772246632179284,0.0,0.0,1.4049206157448386
2024-10-07,0.005708262809866545,0.005708262809866545,0.0,0.0,1.4129402718465098
2024-10-08,-0.009074231554990632,-0.009074231554990632,0.0,0.0,1.4001189246464032
2024-10-09,-0.0024174738807814294,-0.0024174738807814294,0.0,0.0,1.3967341737160828
2024-10-11,-0.0016195601822023668,-0.0016195601822023668,0.0,0.0,1.394472078663211
2024-10-14,0.0032756207424326994,0.0032756207424326994,0.0,0.0,1.3990398403288236
2024-10-15,0.007349796053352802,0.007349796053352802,0.0,0.0,1.4093224978257557
2024-10-16,-0.006940727776523875,-0.006940727776523875,0.0,0.0,1.3995407740190164
2024-10-17,0.00804504789372635,0.00804504789372635,0.0,0.0,1.4108001465752222
2024-10-18,0.008462710226399934,0.008462710226399934,0.0,0.0,1.4227393394030508
2024-10-21,-0.005826723361245613,-0.005826723361245613,0.0,0.0,1.414449430857188
2024-10-22,0.004220345483172681,0.004220345483172681,0.0,0.0,1.4204188961238822
2024-10-23,-0.009022771203058302,-0.009022771203058302,0.0,0.0,1.4076027814116558
2024-10-24,-0.00042126794882877696,-0.00042126794882877696,0.0,0.0,1.4070098034751648
2024-10-25,0.0028507375623308883,0.0028507375623308883,0.0,0.0,1.411020819172499
2024-10-28,-0.002233452774347274,-0.002233452774347274,0.0,0.0,1.4078693708092564
2024-10-29,-0.003827672594135882,-0.003827672594135882,0.0,0.0,1.4024805078024867
2024-10-30,-0.0018274959138272063,-0.0018274959138272063,0.0,0.0,1.3999174804052552
2024-11-01,-0.004640945496001102,-0.004640945496001102,0.0,0.0,1.3934205396797952
2024-11-04,0.006056405735759124,0.006056405735759124,0.0,0.0,1.4018596598286364
2024-11-05,0.0034848807469797464,0.0034848807469797464,0.0,0.0,1.406744973567141
2024-11-06,-0.0044843696830268,-0.0044843696830268,0.0,0.0,1.4004366090559262
2024-11-07,0.00831375469405495,0.00831375469405495,0.0,0.0,1.4120794954881914
2024-11-08,-0.0021832333689470323,-0.0021832333689470323,0.0,0.0,1.4089965964140359
2024-11-11,0.0022483498038765827,0.0022483498038765827,0.0,0.0,1.412164513635246
2024-11-12,-0.008165742563824423,-0.008165742563824423,0.0,0.0,1.4006331417591324
2024-11-13,0.0019196437769119674,0.0019196437769119674,0.0,0.0,1.403321858453447
2024-11-14,-0.009812237781613694,-0.009812237781613694,0.0,0.0,1.3895521306941658
2024-11-15,0.007523741951236303,0.007523741951236303,0.0,0.0,1.4000067623532995
2024-11-18,-0.003131031602833602,-0.003131031602833602,0.0,0.0,1.3956232969361906
2024-11-19,0.011400161100462798,0.011400161100462798,0.0,0.0,1.4115336273568222
2024-11-20,-0.007612831413884075,-0.007612831413884075,0.0,0.0,1.4007878598167265
2024-11-21,-0.0015196898746875544,-0.0015196898746875544,0.0,0.0,1.3986590966895778
2024-11-22,0.00210442893920712,0.00210442893920712,0.0,0.0,1.4016024753687366
2024-11-25,0.011965890856630648,0.011965890856630648,0.0,0.0,1.4183738976133824
2024-11-26,-0.005806463257750661,-0.005806463257750661,0.0,0.0,1.4101381616911377
2024-11-27,-0.004285258485163443,-0.004285258485163443,0.0,0.0,1.4040953551684978
2024-11-28,-0.0049710905834323025,-0.0049710905834323025,0.0,0.0,1.3971154699701787
2024-11-29,-0.0033220157508745676,-0.0033220157508745676,0.0,0.0,1.3924742303731472
2024-12-02,0.00999612608525938,0.00999612608525938,0.0,0.0,1.4063935783504318
2024-12-03,0.0058238726681453,0.0058238726681453,0.0,0.0,1.4145842354720417
2024-12-04,0.0007485164624811146,0.0007485164624811146,0.0,0.0,1.415643075059859
2024-12-05,0.0013813127529742697,0.0013813127529742697,0.0,0.0,1.4175985208930988
2024-12-06,0.0016719546109817476,0.0016719546109817476,0.0,0.0,1.419968681276627
2024-12-09,-0.00012582315611051265,-0.00012582315611051265,0.0,0.0,1.4197900163355706
2024-12-10,-0.005868411938798396,-0.005868411938798396,0.0,0.0,1.4114581036531202
2024-12-11,-0.00475988069466029,-0.00475988069466029,0.0,0.0,1.4047397314742198
2024-12-12,0.002427801541317067,0.002427801541317067,0.0,0.0,1.4081501607594422
2024-12-13,-0.006894132432937048,-0.006894132432937048,0.0,0.0,1.3984421870657051
2024-12-16,-0.005355085429261579,-0.005355085429261579,0.0,0.0,1.390953409686085
2024-12-17,-0.0007853109761134982,-0.0007853109761134982,0.0,0.0,1.389861078706196
2024-12-18,0.0017892088474876179,0.0017892088474876179,0.0,0.0,1.3923478304449957
2024-12-19,-0.005463068003190738,-0.005463068003190738,0.0,0.0,1.3847413395631796
2024-12-20,-0.010977054568287088,-0.010977054568287088,0.0,0.0,1.3695409583158316
2024-12-23,0.015893756607302623,0.015893756607302623,0.0,0.0,1.3913081089710353
2024-12-24,0.0033482156837682047,0.0033482156837682047,0.0,0.0,1.3959665086024462
2024-12-25,0.0007259665184825546,0.0007259665184825546,0.0,0.0,1.3969799335486144
2024-12-26,0.000563079760732959,0.000563079760732959,0.0,0.0,1.3977665446753458
2024-12-27,-0.003625148503128816,-0.003625148503128816,0.0,0.0,1.3926994333781924
2024-12-30,-0.00658483457200951,-0.00658483457200951,0.0,0.0,1.3835287380008656
2024-12-31,-0.0054659253041132476,-0.0054659253041132476,0.0,0.0,1.3759664732628587
2025-01-02,0.0005236632934500459,0.0005236632934500459,0.0,0.0,1.3766870163979243
2025-01-03,-0.0006345883446051473,-0.0006345883446051473,0.0,0.0,1.375813386863149
2025-01-06,0.011481273817832132,0.011481273817832132,0.0,0.0,1.3916094770799636
2025-01-07,-0.002461399251535294,-0.002461399251535294,0.0,0.0,1.3881841705546496
2025-01-08,0.000774283847014031,0.000774283847014031,0.0,0.0,1.3892590191345906
2025-01-09,-0.008119348393108532,-0.008119348393108532,0.0,0.0,1.3779791411499687
2025-01-10,-0.0033566142864195543,-0.0033566142864195543,0.0,0.0,1.3733537966783966
2025-01-13,-0.008185808824490774,-0.008185808824490774,0.0,0.0,1.3621117850503985
2025-01-14,0.010898546884611116,0.010898546884611116,0.0,0.0,1.3769568242018515
2025-01-15,-0.0007771258203643414,-0.0007771258203643414,0.0,0.0,1.3758867555002372
2025-01-16,0.007045871999050027,0.007045871999050027,0.0,0.0,1.3855810774646802
2025-01-17,-0.0019316777568597172,-0.0019316777568597172,0.0,0.0,1.3829045813170158
2025-01-20,-0.0013200614600558695,-0.0013200614600558695,0.0,0.0,1.3810790622762843
2025-01-21,0.004215409845047888,0.004215409845047888,0.0,0.0,1.3869008765521933
2025-01-22,0.0017145944050919503,0.0017145944050919503,0.0,0.0,1.389278849035547
2025-02-03,0.0010565305342267288,0.0010565305342267288,0.0,0.0,1.3907466645601083
2025-02-04,-0.005230861760390221,-0.005230861760390221,0.0,0.0,1.3834718610140706
2025-02-05,0.006989034802951921,0.006989034802951921,0.0,0.0,1.3931409939996027
2025-02-06,0.008695710439367293,0.008695710439367293,0.0,0.0,1.4052553446846354
2025-02-07,-0.0032765709206166666,-0.0032765709206166666,0.0,0.0,1.4006509258862008
2025-02-10,-0.0013537014960718226,-0.0013537014960718226,0.0,0.0,1.3987548626323543
2025-02-11,0.0005675083071932149,0.0005675083071932149,0.0,0.0,1.399548667636625
2025-02-12,0.0028047792396561793,0.0028047792396561793,0.0,0.0,1.4034740926845009
2025-02-13,0.005485423332120167,0.005485423332120167,0.0,0.0,1.4111727422185387
2025-02-14,0.00027333884711522555,0.00027333884711522555,0.0,0.0,1.4115584705489772
2025-02-17,0.0050668204797599415,0.0050668204797599415,0.0,0.0,1.4187105839159333
2025-02-18,0.0034973336600436986,0.0034973336600436986,0.0,0.0,1.4236722881949226
2025-02-19,-0.0001680807831143722,-0.0001680807831143722,0.0,0.0,1.4234329962418246
2025-02-20,-0.0014843009114587833,-0.0014843009114587833,0.0,0.0,1.4213201933481023
2025-02-21,0.00698927508765591,0.00698927508765591,0.0,0.0,1.4312541911670524
2025-02-24,-0.0015310701972489624,-0.0015310701972489624,0.0,0.0,1.429062840530269
2025-02-25,-0.00266121607885975,-0.00266121607885975,0.0,0.0,1.4252597955213488
2025-02-26,0.005441679859642762,0.005441679859642762,0.0,0.0,1.433015603045396
2025-02-27,-0.004214055634824565,-0.004214055634824565,0.0,0.0,1.426976795568591
2025-03-03,0.004307182782253411,0.004307182782253411,0.0,0.0,1.4331230454531392
2025-03-04,-0.0060461444741901176,-0.0060461444741901176,0.0,0.0,1.424458176471038
2025-03-05,0.001756642156575066,0.001756642156575066,0.0,0.0,1.4269604397541051
2025-03-06,-0.0012722041938613904,-0.0012722041938613904,0.0,0.0,1.4251450546981757
2025-03-07,-0.00403138095748725,-0.00403138095748725,0.0,0.0,1.4193997520630084
2025-03-10,-0.0012076558272339389,-0.0012076558272339389,0.0,0.0,1.417685605681255
2025-03-11,-0.005905096681983155,-0.005905096681983155,0.0,0.0,1.4093140351150515
2025-03-12,0.0007422907256861424,0.0007422907256861424,0.0,0.0,1.4103601558528969
2025-03-13,-0.0018747873692499632,-0.0018747873692499632,0.0,0.0,1.4077160304466105
2025-03-14,0.0031673459810386013,0.0031673459810386013,0.0,0.0,1.4121747541580894
2025-03-17,0.0023765086974344863,0.0023765086974344863,0.0,0.0,1.4155307997436435
2025-03-18,0.005660604690833129,0.005660604690833129,0.0,0.0,1.4235435600286912
2025-03-19,-0.006531580430924933,-0.006531580430924933,0.0,0.0,1.4142455707694386
2025-03-20,0.00805547262878174,0.00805547262878174,0.0,0.0,1.4256379872551477
2025-03-21,-0.002086162632430663,-0.002086162632430663,0.0,0.0,1.4226638745587623
2025-03-24,0.0008178419963031964,0.0008178419963031964,0.0,0.0,1.4238273888219999
2025-03-25,-0.003135375650845015,-0.003135375650845015,0.0,0.0,1.4193631550960812
2025-03-26,0.003943352654444024,0.003943352654444024,0.0,0.0,1.4249602045613496
2025-03-27,0.0005106972201653589,0.0005106972201653589,0.0,0.0,1.4256879277766654
2025-03-28,-0.009778326047084392,-0.009778326047084392,0.0,0.0,1.411747086377473
2025-03-31,-0.022507930271289035,-0.022507930271289035,0.0,0.0,1.3799715813965934
2025-04-01,0.011136525630366503,0.011136525630366503,0.0,0.0,1.395339670281994
2025-04-02,0.0032147532621110758,0.0032147532621110758,0.0,0.0,1.3998253430387861
2025-04-07,-0.08656047280776995,-0.08656047280776995,0.0,0.0,1.2786557994970502
2025-04-08,-0.0032789395532005373,-0.0032789395532005373,0.0,0.0,1.27446316442115
2025-04-09,-0.05062886695731039,-0.05062886695731039,0.0,0.0,1.2099385384276786
2025-04-10,0.07264181090236402,0.07264181090236402,0.0,0.0,1.297830664939625
2025-04-11,0.0054673103282768375,0.0054673103282768375,0.0,0.0,1.3049263079384037
2025-04-14,0.0025415642558745564,0.0025415642558745564,0.0,0.0,1.3082428619992104
2025-04-15,0.01330816525910321,0.01330816525910321,0.0,0.0,1.325653174205738
2025-04-16,-0.006492195874927594,-0.006492195874927594,0.0,0.0,1.317046774136575
2025-04-17,-0.006767943781325475,-0.006767943781325475,0.0,0.0,1.3081330756118426
2025-04-18,-0.00026563974834582197,-0.00026563974834582197,0.0,0.0,1.3077855834708343
2025-04-21,-0.005056459729569389,-0.005056459729569389,0.0,0.0,1.3011728183331026
2025-04-22,-0.007941427430207182,-0.007941427430207182,0.0,0.0,1.290839648822152
2025-04-23,0.016394453292155407,0.016394453292155407,0.0,0.0,1.3120022591524292
2025-04-24,-0.003704302056285418,-0.003704302056285418,0.0,0.0,1.3071422064859997
2025-04-25,0.0019284282248015823,0.0019284282248015823,0.0,0.0,1.3096629364108165
2025-04-28,0.004119912920459027,0.004119912920459027,0.0,0.0,1.3150586336639818
2025-04-29,0.009750677301684602,0.009750677301684602,0.0,0.0,1.3278813460336336
2025-04-30,0.003282264308335822,0.003282264308335822,0.0,0.0,1.332239803581425
2025-05-02,0.004250891869483702,0.004250891869483702,0.0,0.0,1.3379030109306718
2025-05-05,-0.007319968123589074,-0.007319968123589074,0.0,0.0,1.3281096035382054
2025-05-06,0.012029729378429298,0.012029729378429298,0.0,0.0,1.344086402653663
2025-05-07,0.0013797174141010117,0.0013797174141010117,0.0,0.0,1.3459408620694606
2025-05-08,-0.00015803836615020748,-0.00015803836615020748,0.0,0.0,1.3457281517746844
2025-05-09,0.010618455012965364,0.010618455012965364,0.0,0.0,1.3600177056139848
2025-05-12,0.007133923191286451,0.007133923191286451,0.0,0.0,1.3697199674646245
2025-05-13,-0.0006979596280247764,-0.0010143657036324812,0.31640607560770473,0.00031640607560770475,1.3683305705060478
2025-05-14,0.006412077869697374,0.006412077869697374,0.0,0.0,1.37710441267562
2025-05-15,0.00648133338479547,0.00648133338479547,0.0,0.0,1.3860298854798436
2025-05-16,0.003093316746778273,0.003093316746778273,0.0,0.0,1.3903173149361336
2025-05-19,-0.005387514738643243,-0.005387514738643243,0.0,0.0,1.3828269599105243
2025-05-20,0.0028203123542931514,0.0028203123542931514,0.0,0.0,1.3867269638694095
2025-05-21,0.007023303492955874,0.007023303492955874,0.0,0.0,1.3964663681985297
2025-05-22,-0.0073122120702312325,-0.0073122120702312325,0.0,0.0,1.3862551099653164
2025-05-23,0.004290777134962173,0.004290777134962173,0.0,0.0,1.3922032216943798
2025-05-26,-0.0006716557747342439,-0.0006716557747342439,0.0,0.0,1.391268140360925
2025-05-27,-0.008457417209672014,-0.008457417209672014,0.0,0.0,1.3795016052473683
2025-05-28,-0.0020227229567784705,-0.0020227229567784705,0.0,0.0,1.3767112556815215
2025-05-29,-0.006911552480901978,-0.006911552480901978,0.0,0.0,1.3671960435868302
2025-06-02,-0.008203278915140316,-0.008203278915140316,0.0,0.0,1.3559805531096112
2025-06-03,0.0005822385255452427,0.0005822385255452427,0.0,0.0,1.3567700572275216
2025-06-04,0.004489263694916383,0.004489263694916383,0.0,0.0,1.3628609557877827
2025-06-05,0.005463572786417773,0.005463572786417773,0.0,0.0,1.3703070458174962
2025-06-06,0.004819101484312848,0.004819101484312848,0.0,0.0,1.3769106945359597
2025-06-09,0.007759028157420133,0.007759028157420133,0.0,0.0,1.387594183385117
2025-06-10,0.005502269566029328,0.005502269566029328,0.0,0.0,1.3952291006303563
2025-06-11,0.002239017363588664,0.002239017363588664,0.0,0.0,1.3983530428128519
2025-06-12,0.0035161861662039093,0.0035161861662039093,0.0,0.0,1.4032699124374595
2025-06-13,9.39221276969166e-05,9.39221276969166e-05,0.0,0.0,1.4034017105333687
2025-06-16,0.0036800587767786145,0.0036800587767786145,0.0,0.0,1.4085663113155633
2025-06-17,-0.0009225771295454453,-0.0009225771295454453,0.0,0.0,1.4072668002512954
2025-06-18,0.005599277579502145,0.005599277579502145,0.0,0.0,1.4151464776943201
2025-06-19,-0.01021599159578028,-0.01021599159578028,0.0,0.0,1.4006893531713969
2025-06-20,-0.007930822104449068,-0.007930822104449068,0.0,0.0,1.3895807350877987
2025-06-23,-0.009454919719459496,-0.009454919719459496,0.0,0.0,1.376442360793836
2025-06-24,0.0014010510226472985,0.0014010510226472985,0.0,0.0,1.3783708267710413
2025-06-25,0.007031458245277541,0.007031458245277541,0.0,0.0,1.3880627836859905
2025-06-26,-0.0009815986337131045,-0.0009815986337131045,0.0,0.0,1.3867002631540164
2025-06-27,0.006523156461429597,0.006523156461429597,0.0,0.0,1.3957459259356757
2025-06-30,-0.004245128194494041,-0.004245128194494041,0.0,0.0,1.389820805553136
2025-07-01,0.0022274768135292305,0.0022274768135292305,0.0,0.0,1.3929165991724664
2025-07-02,7.825363107799707e-05,7.825363107799707e-05,0.0,0.0,1.3930255999541403
2025-07-03,0.0044361495792599875,0.0044361495792599875,0.0,0.0,1.3992052698832753
2025-07-04,-0.003806222170333131,-0.003806222170333131,0.0,0.0,1.3938795837641986
2025-07-07,-0.0037592150154728355,-0.0037592150154728355,0.0,0.0,1.3886396907031513
2025-07-08,-0.0003126139025299,-0.0003126139025299,0.0,0.0,1.3882055826302326
2025-07-09,-0.008293771831267133,-0.008293771831267133,0.0,0.0,1.3766921222730062
2025-07-10,0.0069938160103500575,0.0069938160103500575,0.0,0.0,1.3863204536790819
2025-07-11,0.01020828060070989,0.01020828060070989,0.0,0.0,1.4004724018727415
2025-07-14,0.0034383186104605555,0.0034383186104605555,0.0,0.0,1.4052876721955367
2025-07-15,-0.002119397872739055,-0.002119397872739055,0.0,0.0,1.4023093084924991
2025-07-16,0.001398294747165717,0.001398294747165717,0.0,0.0,1.404270150232466
2025-07-17,0.0024436129359163977,0.0024436129359163977,0.0,0.0,1.4077016429370952
2025-07-18,-0.003234258254080074,-0.003234258254080074,0.0,0.0,1.4031487722791438
2025-07-21,-0.0019705727416573027,-0.0019705727416573027,0.0,0.0,1.4003837655560005
2025-07-22,-0.007379614780428305,-0.007379614780428305,0.0,0.0,1.3900494728214317
2025-07-23,0.00810672095514612,0.00810672095514612,0.0,0.0,1.401318216011443
2025-07-24,-0.003449574059156594,-0.003449574059156594,0.0,0.0,1.3964842650448663
2025-07-25,-0.0016012637676977625,-0.0016012637676977625,0.0,0.0,1.39424812538909
2025-07-28,-0.0019777295287216057,-0.0019777295287216057,0.0,0.0,1.3914906797011433
2025-07-29,-0.005367101272948296,-0.005367101272948296,0.0,0.0,1.3840224083028236
2025-07-30,0.006558342897108717,0.006558342897108717,0.0,0.0,1.3930993018337559
2025-07-31,-0.009867593318220179,-0.009867593318220179,0.0,0.0,1.379352764471364
2025-08-01,0.004591512301494308,0.004591512301494308,0.0,0.0,1.3856860796575343
2025-08-04,0.008059006763301938,0.008059006763301938,0.0,0.0,1.3968533331453077
2025-08-05,0.007750968281653139,0.007750968281653139,0.0,0.0,1.4076802990246386
2025-08-06,0.0033782801702921684,0.0033782801702921684,0.0,0.0,1.4124358374649446
2025-08-07,-0.009502791777012866,-0.009502791777012866,0.0,0.0,1.3990137538031244
2025-08-08,0.0006663522787201527,0.0006663522787201527,0.0,0.0,1.399945989805932
2025-08-11,0.0014800781346773456,0.0014800781346773456,0.0,0.0,1.402018019255173
2025-08-12,-0.0034597896632071593,-0.0034597896632071593,0.0,0.0,1.3971673318045237
2025-08-13,0.003760440982881905,0.003760440982881905,0.0,0.0,1.4024212970989853
2025-08-14,0.0037242340025915284,0.0037242340025915284,0.0,0.0,1.4076442421796
2025-08-15,-0.0012170920630840297,-0.0012170920630840297,0.0,0.0,1.4059310095447972
2025-08-18,0.004986802950226309,0.004986802950226309,0.0,0.0,1.4129421104510098
2025-08-19,-0.0025491907205165408,-0.0025491907205165408,0.0,0.0,1.409340251534421
2025-08-20,-0.00641321074707416,-0.00641321074707416,0.0,0.0,1.4003018554869964
2025-08-21,0.0017269521265663647,0.0017269521265663647,0.0,0.0,1.4027201097541644
2025-08-22,-0.005421723046011635,-0.005421723046011635,0.0,0.0,1.3951149498080062
2025-08-25,0.004255104080774991,0.004255104080774991,0.0,0.0,1.4010513091240844
2025-08-26,-0.006211706325315214,-0.006211706325315214,0.0,0.0,1.3923483898451072
2025-08-27,0.0006961410455912209,0.0006961410455912209,0.0,0.0,1.3933176607090412
2025-08-28,0.00561411171618474,0.00561411171618474,0.0,0.0,1.4011399017123949
2025-08-29,-0.002293784414852099,-0.002293784414852099,0.0,0.0,1.3979259888428197
2025-09-01,-0.002492153380016051,-0.002492153380016051,0.0,0.0,1.3944421428647127
2025-09-02,0.0037109819151970188,0.0037109819151970188,0.0,0.0,1.3996168924386723
2025-09-03,0.0019099696124253488,0.0019099696124253488,0.0,0.0,1.4022901181722673
2025-09-04,0.005734550946063519,0.005734550946063519,0.0,0.0,1.4103316222960878
2025-09-05,-0.0008242260882503534,-0.0008242260882503534,0.0,0.0,1.4091691901799068
2025-09-08,0.0018026869765944114,0.0018026869765944114,0.0,0.0,1.4117094811268622
2025-09-09,0.005629217944833814,0.005629217944833814,0.0,0.0,1.4196563014709136
2025-09-10,0.002981921792765141,0.002981921792765141,0.0,0.0,1.423889605534506
2025-09-11,-0.007554200506277845,-0.007554200506277845,0.0,0.0,1.4131332579554936
2025-09-12,0.009664007804760393,0.009664007804760393,0.0,0.0,1.4267897887895418
2025-09-15,-0.003535613081595267,-0.003535613081595267,0.0,0.0,1.421745212147611
2025-09-16,-0.0007709094109806768,-0.0007709094109806768,0.0,0.0,1.4206491753835497
2025-09-17,-0.004387905119679805,-0.004387905119679805,0.0,0.0,1.4144155015936153
2025-09-18,0.005814662905856998,0.005814662905856998,0.0,0.0,1.4226398509442009
2025-09-19,-0.0009114675643507853,-0.0009114675643507853,0.0,0.0,1.4213431608643123
2025-09-22,0.003347599648510286,0.003347599648510286,0.0,0.0,1.4261012487300344
2025-09-23,0.002047929761900096,0.002047929761900096,0.0,0.0,1.4290218039207914
2025-09-24,0.0043413196173731836,0.0043413196173731836,0.0,0.0,1.4352256443118068
2025-09-25,-0.001604856091455597,-0.001604856091455597,0.0,0.0,1.4329223136939198
2025-09-26,-0.003989448706938131,-0.003989448706938131,0.0,0.0,1.4272057436224106
2025-09-30,0.008905452475820018,0.008905452475820018,0.0,0.0,1.4399156565454574
2025-10-01,-0.0007021073171329748,-0.0007021073171329748,0.0,0.0,1.4389046812269426
2025-10-02,-0.0015651075496214235,-0.0015651075496214235,0.0,0.0,1.4366526406471687
2025-10-03,-0.0028138046841191585,-0.0028138046841191585,0.0,0.0,1.4326101807174636
2025-10-07,0.005380043683160254,0.005380043683160254,0.0,0.0,1.440317686070664
2025-10-08,0.0029775195926318022,0.0029775195926318022,0.0,0.0,1.4446062602005534
2025-10-09,-0.0017944194258182956,-0.0017944194258182956,0.0,0.0,1.4420140306645908
2025-10-13,-0.0082593594482262,-0.0082593594482262,0.0,0.0,1.4301039184559465
2025-10-14,-0.0018325663462173368,-0.0018325663462173368,0.0,0.0,1.4274831581433907
2025-10-15,-0.0009721740289864711,-0.0009721740289864711,0.0,0.0,1.426095396090228
2025-10-16,0.003903265822788463,0.003903265822788463,0.0,0.0,1.431661825509823
2025-10-17,0.0006566882331557393,0.0006566882331557393,0.0,0.0,1.4326019809844937
2025-10-20,0.005856723264616956,0.005856723264616956,0.0,0.0,1.4409923343354618
2025-10-21,0.0027082781793539078,0.0027082781793539078,0.0,0.0,1.4448949424311588
2025-10-22,0.005954312157078682,0.005954312157078682,0.0,0.0,1.4534982979525781
2025-10-23,-0.0008120480736024804,-0.0008120480736024804,0.0,0.0,1.4523179874597412
2025-10-27,-0.005854334721739619,-0.005854334721739619,0.0,0.0,1.4438156318387487
2025-10-28,-0.00545567309860139,-0.00545567309860139,0.0,0.0,1.435938645736786
2025-10-29,0.0024949889325114353,0.0024949889325114353,0.0,0.0,1.4395212967656648
2025-10-30,-0.004598414999115745,-0.004598414999115745,0.0,0.0,1.432901780443071
2025-10-31,-0.00670228451822647,-0.00670228451822647,0.0,0.0,1.4232980650238682
2025-11-03,0.004719227741706022,0.004719227741706022,0.0,0.0,1.4300149327370455
2025-11-04,-0.0037656590126237273,-0.0037656590126237273,0.0,0.0,1.4246299841173977
2025-11-05,0.0032594944845286975,0.0032594944845286975,0.0,0.0,1.4292735576931228
2025-11-06,0.0007908129952087112,0.0007908129952087112,0.0,0.0,1.430403845796255
2025-11-07,-0.0029248823183721734,-0.0029248823183721734,0.0,0.0,1.426220082879554
2025-11-10,-0.002247854312930978,-0.002247854312930978,0.0,0.0,1.4230141479150644
2025-11-11,0.0001469347459517041,0.0001469347459517041,0.0,0.0,1.423223238137374
2025-11-12,0.005899686493785326,0.005899686493785326,0.0,0.0,1.4316198090530543
2025-11-13,-0.006467815521003757,-0.006467815521003757,0.0,0.0,1.4223603562318845
2025-11-14,-0.006611238803069927,-0.006611238803069927,0.0,0.0,1.412956792252816
2025-11-17,-0.003946527300438615,-0.003946527300438615,0.0,0.0,1.40738051969785
2025-11-18,-0.01091333518787021,-0.01091333518787021,0.0,0.0,1.3920213043495084
2025-11-19,-0.0023459699807134434,-0.0023459699807134434,0.0,0.0,1.388755664156991
2025-11-20,0.016689288672890278,0.016689288672890278,0.0,0.0,1.4119330083322184
2025-11-21,-0.010492196413295728,-0.010492196413295728,0.0,0.0,1.3971187298863812
2025-11-24,0.007798669781571805,0.007798669781571805,0.0,0.0,1.4080143975064139
2025-11-25,-0.008427543106429956,-0.008427543106429956,0.0,0.0,1.3961482954769546
2025-11-26,0.009392161082987219,0.009392161082987219,0.0,0.0,1.4092611451638122
2025-11-27,0.00405644466916631,0.00405644466916631,0.0,0.0,1.414977735023575
2025-11-28,-0.0058859578927942195,-0.0058859578927942195,0.0,0.0,1.406649235655985
2025-12-01,-0.002562977324817069,-0.002562977324817069,0.0,0.0,1.4030440255610275
2025-12-02,0.005683903759841377,0.005683903759841377,0.0,0.0,1.4110187927731366
2025-12-03,-0.0015090430847245,-0.0015090430847245,0.0,0.0,1.408889504621486
2025-12-04,0.005577437546262572,0.005577437546262572,0.0,0.0,1.416747497843097
2025-12-05,0.0015590458194371273,0.0015590458194371273,0.0,0.0,1.4189562721068074
2025-12-08,-0.0031965194511748515,-0.0031965194511748515,0.0,0.0,1.4144205507826515
2025-12-09,-0.00017904083273398267,-0.00017904083273398267,0.0,0.0,1.4141673117494034
2025-12-10,-0.0034038905803344213,-0.0034038905803344213,0.0,0.0,1.4093536409579228
2025-12-11,0.0009844348808792248,0.0009844348808792248,0.0,0.0,1.4107410578415758
2025-12-12,0.0034327842881353853,0.0034327842881353853,0.0,0.0,1.4155838275795618
2025-12-15,0.0010103649138142768,0.0010103649138142768,0.0,0.0,1.417014083811511
2025-12-16,0.0006009576301569993,0.0006009576301569993,0.0,0.0,1.4178656492372177
2025-12-17,0.006667982991891562,0.006667982991891562,0.0,0.0,1.427319953271119
2025-12-18,-0.00042537253857714326,-0.00042537253857714326,0.0,0.0,1.4267128105592342
2025-12-19,0.012642109512075932,0.012642109512075932,0.0,0.0,1.4447494701526056
2025-12-22,0.0021986737839108286,0.0021986737839108286,0.0,0.0,1.4479260029369492
2025-12-23,-0.0032864163323951066,-0.0032864163323951066,0.0,0.0,1.4431675152727976
2025-12-24,0.002229466695584586,0.002229466695584586,0.0,0.0,1.446385009184248
2025-12-26,0.005056719553437263,0.005056719553437263,0.0,0.0,1.4536989725419884
2025-12-29,-0.0007689910690641923,-0.0007689910690641923,0.0,0.0,1.4525810910149959
2025-12-30,-1.5859680618607384e-05,-1.5859680618607384e-05,0.0,0.0,1.4525580535428197
2025-12-31,-0.006027666422349346,-0.006027666422349346,0.0,0.0,1.4438025181369667
2026-01-02,0.005178136799724557,0.005178136799724557,0.0,0.0,1.4512787250876666
2026-01-05,0.0038287684101485074,0.0038287684101485074,0.0,0.0,1.456835335224603
2026-01-06,0.008256630839270846,0.008256630839270846,0.0,0.0,1.468863886781158
2026-01-07,0.005413543396522584,0.005413543396522584,0.0,0.0,1.4768156451758327
2026-01-08,-0.0019324455148827815,-0.0019324455148827815,0.0,0.0,1.473961779406004
2026-01-09,0.0002886836151671907,0.0002886836151671907,0.0,0.0,1.4743872880211013
2026-01-12,0.002098629502948533,0.002098629502948533,0.0,0.0,1.4774814806825147
2026-01-13,-0.0007840555506808943,-0.0007840555506808943,0.0,0.0,1.4763230531265574
2026-01-14,0.006021094047044823,0.006021094047044823,0.0,0.0,1.4852121330732528
2026-01-15,0.008267420600235912,0.008267420600235912,0.0,0.0,1.4974910064579432
2026-01-16,0.002808853403002159,0.002808853403002159,0.0,0.0,1.5016972391673977
2026-01-19,0.006414455221667449,0.006414455221667449,0.0,0.0,1.5113298088645386
2026-01-20,-0.007250860366144433,-0.007250860366144433,0.0,0.0,1.5003713674532702
2026-01-21,-0.0056853279176205355,-0.0056853279176205355,0.0,0.0,1.4918412642310896
2026-01-22,0.0028965698847043097,0.0028965698847043097,0.0,0.0,1.4961624867098207
2026-01-23,-3.728914781604296e-05,-3.728914781604296e-05,0.0,0.0,1.4961066960856968
2026-01-26,0.0051778612117380236,0.0051778612117380236,0.0,0.0,1.5038533289159806
2026-01-27,-0.0041291042526648905,-0.0041291042526648905,0.0,0.0,1.4976437617401694
2026-01-28,-0.0010844914873869532,-0.0010844914873869532,0.0,0.0,1.496019579829424
2026-01-29,-0.0017819177973339327,-0.0017819177973339327,0.0,0.0,1.4933537959149659
2026-01-30,-0.007937136152414356,-0.007937136152414356,0.0,0.0,1.481500843513064
2026-02-02,-0.008109378004805436,-0.008109378004805436,0.0,0.0,1.4694867931585784
2026-02-03,0.005235524094536523,0.005235524094536523,0.0,0.0,1.4771803266707635
2026-02-04,0.008807989930245126,0.008807989930245126,0.0,0.0,1.4901913161132359
2026-02-05,0.000540500949876679,0.000540500949876679,0.0,0.0,1.4909967659350931
2026-02-06,0.0019139691316748773,0.0019139691316748773,0.0,0.0,1.49385048772052
2026-02-09,0.002262805995426835,0.002262805995426835,0.0,0.0,1.4972307815604053
2026-02-10,0.004678411559032183,0.004678411559032183,0.0,0.0,1.5042354433553964
2026-02-11,0.00817738696939792,0.00817738696939792,0.0,0.0,1.5165361586687973
2026-02-23,0.023773160238200287,0.023773160238200287,0.0,0.0,1.5525890157758555
2026-02-24,0.007532799641486486,0.007532799641486486,0.0,0.0,1.5642843577572676
2026-02-25,0.0014126299018775365,0.0014126299018775365,0.0,0.0,1.5664941126160747
2026-02-26,0.00032744866896999673,0.00032744866896999673,0.0,0.0,1.5670070590282001
2026-03-02,-0.006705519211895316,-0.006705519211895316,0.0,0.0,1.556499463088711
2026-03-03,-0.005463888094610721,-0.005463888094610721,0.0,0.0,1.5479949242030726
2026-03-04,-0.034696700481359935,-0.034696700481359935,0.0,0.0,1.494284607971333
2026-03-05,0.0118275743186635,0.0118275743186635,0.0,0.0,1.511958370225349
2026-03-06,0.005590542631010538,0.005590542631010538,0.0,0.0,1.520411037950407
2026-03-09,-0.018920721713945834,-0.018920721713945834,0.0,0.0,1.4916437638105358
2026-03-10,-0.002075035046215122,-0.002075035046215122,0.0,0.0,1.4885485507241607
2026-03-11,0.011008275869323951,0.011008275869323951,0.0,0.0,1.5049349038154147
2026-03-12,0.0022470027914633164,0.0022470027914633164,0.0,0.0,1.5083164967452587
2026-03-13,-0.0018857734132223013,-0.0018857734132223013,0.0,0.0,1.505472153596972
2026-03-16,0.008978870967457019,0.008978870967457019,0.0,0.0,1.5189895938092188
2026-03-17,0.005857359995661372,0.005857359995661372,0.0,0.0,1.5278868626898228
2026-03-18,0.0018712903756604984,0.0018712903756604984,0.0,0.0,1.5307459826710725
2026-03-19,-0.013105134480060723,-0.013105134480060723,0.0,0.0,1.5106853507133555
2026-03-20,-0.000614944166400765,-0.000614944166400765,0.0,0.0,1.5097563635696674
2026-03-23,-0.01677191003565133,-0.01677191003565133,0.0,0.0,1.4844348656641246
2026-03-24,0.007448630327204305,0.007448630327204305,0.0,0.0,1.49549187222327
2026-03-25,0.010613479549963618,0.010613479549963618,0.0,0.0,1.5113642446262485
2026-03-26,-0.0004951157493328165,-0.0004951157493328165,0.0,0.0,1.5106159443857556
2026-03-27,-0.0012473099696547895,-0.0012473099696547895,0.0,0.0,1.5087317380580036
2026-03-30,-0.013014890000580152,-0.013014890000580152,0.0,0.0,1.4890957604467945
2026-03-31,-0.008201212124268456,-0.008201212124268456,0.0,0.0,1.4768833702420214
2026-04-01,0.02209533309529936,0.02209533309529936,0.0,0.0,1.509515600250427
2026-04-02,-0.004654287873617653,-0.004654287873617653,0.0,0.0,1.502489880097145
2026-04-07,0.006090286136128378,0.006090286136128378,0.0,0.0,1.5116404733835735
2026-04-08,0.011996060957837174,0.011996060957837174,0.0,0.0,1.5297742046486167
2026-04-09,0.008690609792141566,0.008690609792141566,0.0,0.0,1.5430688753313015
2026-04-10,-0.0061443164821818105,-0.0061443164821818105,0.0,0.0,1.5335877718074618
2026-04-13,-0.003711132426053275,-0.003711132426053275,0.0,0.0,1.5278964244993083
2026-04-14,0.009445968093363526,0.009445968093363526,0.0,0.0,1.5423288853750932
2026-04-15,0.007967770631580325,0.007967770631580325,0.0,0.0,1.5546178081722228
2026-04-16,0.006971712876984424,0.006971712876984424,0.0,0.0,1.5654561571642465
2026-04-17,0.00565571317870036,0.00565571317870036,0.0,0.0,1.5743099281829978
