date,gross_ret,net_ret,turnover,total_cost,equity
2015-01-05,0.0,0.0,0.0,0.0,1.0
2015-01-06,0.0,0.0,0.0,0.0,1.0
2015-01-07,0.0,0.0,0.0,0.0,1.0
2015-01-08,0.0,0.0,0.0,0.0,1.0
2015-01-09,0.0,0.0,0.0,0.0,1.0
2015-01-12,0.0,0.0,0.0,0.0,1.0
2015-01-13,0.0,0.0,0.0,0.0,1.0
2015-01-14,0.0,0.0,0.0,0.0,1.0
2015-01-15,0.0,0.0,0.0,0.0,1.0
2015-01-16,0.0,0.0,0.0,0.0,1.0
2015-01-19,0.0,0.0,0.0,0.0,1.0
2015-01-20,0.0,0.0,0.0,0.0,1.0
2015-01-21,0.0,0.0,0.0,0.0,1.0
2015-01-22,0.0,0.0,0.0,0.0,1.0
2015-01-23,0.0,0.0,0.0,0.0,1.0
2015-01-26,0.0,0.0,0.0,0.0,1.0
2015-01-27,0.0,0.0,0.0,0.0,1.0
2015-01-28,0.0,0.0,0.0,0.0,1.0
2015-01-29,0.0,0.0,0.0,0.0,1.0
2015-01-30,0.0,0.0,0.0,0.0,1.0
2015-02-02,0.0,0.0,0.0,0.0,1.0
2015-02-03,0.0,0.0,0.0,0.0,1.0
2015-02-04,0.0,0.0,0.0,0.0,1.0
2015-02-05,0.0,0.0,0.0,0.0,1.0
2015-02-06,0.0,0.0,0.0,0.0,1.0
2015-02-09,0.0,0.0,0.0,0.0,1.0
2015-02-10,0.0,0.0,0.0,0.0,1.0
2015-02-11,0.0,0.0,0.0,0.0,1.0
2015-02-12,0.0,0.0,0.0,0.0,1.0
2015-02-13,0.0,0.0,0.0,0.0,1.0
2015-02-24,0.0,0.0,0.0,0.0,1.0
2015-02-25,0.0,0.0,0.0,0.0,1.0
2015-02-26,0.0,0.0,0.0,0.0,1.0
2015-03-02,0.0,0.0,0.0,0.0,1.0
2015-03-03,0.0,0.0,0.0,0.0,1.0
2015-03-04,0.0,0.0,0.0,0.0,1.0
2015-03-05,0.0,0.0,0.0,0.0,1.0
2015-03-06,0.0,0.0,0.0,0.0,1.0
2015-03-09,0.0,0.0,0.0,0.0,1.0
2015-03-10,0.0,0.0,0.0,0.0,1.0
2015-03-11,0.0,0.0,0.0,0.0,1.0
2015-03-12,0.0,0.0,0.0,0.0,1.0
2015-03-13,0.0,0.0,0.0,0.0,1.0
2015-03-16,0.0,0.0,0.0,0.0,1.0
2015-03-17,0.0,0.0,0.0,0.0,1.0
2015-03-18,0.0,0.0,0.0,0.0,1.0
2015-03-19,0.0,0.0,0.0,0.0,1.0
2015-03-20,0.0,0.0,0.0,0.0,1.0
2015-03-23,0.0,0.0,0.0,0.0,1.0
2015-03-24,0.0,0.0,0.0,0.0,1.0
2015-03-25,0.0,0.0,0.0,0.0,1.0
2015-03-26,0.0,0.0,0.0,0.0,1.0
2015-03-27,0.0,0.0,0.0,0.0,1.0
2015-03-30,0.0,0.0,0.0,0.0,1.0
2015-03-31,0.0,0.0,0.0,0.0,1.0
2015-04-01,0.0,0.0,0.0,0.0,1.0
2015-04-02,0.0,0.0,0.0,0.0,1.0
2015-04-07,0.0,0.0,0.0,0.0,1.0
2015-04-08,0.0,0.0,0.0,0.0,1.0
2015-04-09,0.0,0.0,0.0,0.0,1.0
2015-04-10,0.0,0.0,0.0,0.0,1.0
2015-04-13,0.0,0.0,0.0,0.0,1.0
2015-04-14,0.0,0.0,0.0,0.0,1.0
2015-04-15,0.0,0.0,0.0,0.0,1.0
2015-04-16,0.0,0.0,0.0,0.0,1.0
2015-04-17,0.0,0.0,0.0,0.0,1.0
2015-04-20,0.0,0.0,0.0,0.0,1.0
2015-04-21,0.0,0.0,0.0,0.0,1.0
2015-04-22,0.0,0.0,0.0,0.0,1.0
2015-04-23,0.0,0.0,0.0,0.0,1.0
2015-04-24,0.0,0.0,0.0,0.0,1.0
2015-04-27,0.0,0.0,0.0,0.0,1.0
2015-04-28,0.0,0.0,0.0,0.0,1.0
2015-04-29,0.0,0.0,0.0,0.0,1.0
2015-04-30,0.0,0.0,0.0,0.0,1.0
2015-05-04,0.0,0.0,0.0,0.0,1.0
2015-05-05,0.0,0.0,0.0,0.0,1.0
2015-05-06,0.0,0.0,0.0,0.0,1.0
2015-05-07,0.0,0.0,0.0,0.0,1.0
2015-05-08,0.0,0.0,0.0,0.0,1.0
2015-05-11,0.0,0.0,0.0,0.0,1.0
2015-05-12,0.0,0.0,0.0,0.0,1.0
2015-05-13,0.0,0.0,0.0,0.0,1.0
2015-05-14,0.0,0.0,0.0,0.0,1.0
2015-05-15,0.0,0.0,0.0,0.0,1.0
2015-05-18,0.0,0.0,0.0,0.0,1.0
2015-05-19,0.0,0.0,0.0,0.0,1.0
2015-05-20,0.0,0.0,0.0,0.0,1.0
2015-05-21,0.0,0.0,0.0,0.0,1.0
2015-05-22,0.0,0.0,0.0,0.0,1.0
2015-05-25,0.0,0.0,0.0,0.0,1.0
2015-05-26,0.0,0.0,0.0,0.0,1.0
2015-05-27,0.0,0.0,0.0,0.0,1.0
2015-05-28,0.0,0.0,0.0,0.0,1.0
2015-05-29,0.0,0.0,0.0,0.0,1.0
2015-06-01,0.0,0.0,0.0,0.0,1.0
2015-06-02,0.0,0.0,0.0,0.0,1.0
2015-06-03,0.0,0.0,0.0,0.0,1.0
2015-06-04,0.0,0.0,0.0,0.0,1.0
2015-06-05,0.0,0.0,0.0,0.0,1.0
2015-06-08,0.0,0.0,0.0,0.0,1.0
2015-06-09,0.0,0.0,0.0,0.0,1.0
2015-06-10,0.0,0.0,0.0,0.0,1.0
2015-06-11,0.0,0.0,0.0,0.0,1.0
2015-06-12,0.0,0.0,0.0,0.0,1.0
2015-06-15,0.0,0.0,0.0,0.0,1.0
2015-06-16,0.0,0.0,0.0,0.0,1.0
2015-06-17,0.0,0.0,0.0,0.0,1.0
2015-06-18,0.0,0.0,0.0,0.0,1.0
2015-06-22,0.0,0.0,0.0,0.0,1.0
2015-06-23,0.0,0.0,0.0,0.0,1.0
2015-06-24,0.0,0.0,0.0,0.0,1.0
2015-06-25,0.0,0.0,0.0,0.0,1.0
2015-06-26,0.0,0.0,0.0,0.0,1.0
2015-06-29,0.0,0.0,0.0,0.0,1.0
2015-06-30,0.0,0.0,0.0,0.0,1.0
2015-07-01,0.0,0.0,0.0,0.0,1.0
2015-07-02,0.0,0.0,0.0,0.0,1.0
2015-07-03,0.0,0.0,0.0,0.0,1.0
2015-07-06,0.0,0.0,0.0,0.0,1.0
2015-07-07,0.0,0.0,0.0,0.0,1.0
2015-07-08,0.0,0.0,0.0,0.0,1.0
2015-07-09,0.0,0.0,0.0,0.0,1.0
2015-07-13,0.0,0.0,0.0,0.0,1.0
2015-07-14,0.0,0.0,0.0,0.0,1.0
2015-07-15,0.0,0.0,0.0,0.0,1.0
2015-07-16,0.0,0.0,0.0,0.0,1.0
2015-07-17,0.0,0.0,0.0,0.0,1.0
2015-07-20,0.0,0.0,0.0,0.0,1.0
2015-07-21,0.0,0.0,0.0,0.0,1.0
2015-07-22,0.0,0.0,0.0,0.0,1.0
2015-07-23,0.0,0.0,0.0,0.0,1.0
2015-07-24,0.0,0.0,0.0,0.0,1.0
2015-07-27,0.0,0.0,0.0,0.0,1.0
2015-07-28,0.0,0.0,0.0,0.0,1.0
2015-07-29,0.0,0.0,0.0,0.0,1.0
2015-07-30,0.0,0.0,0.0,0.0,1.0
2015-07-31,0.0,0.0,0.0,0.0,1.0
2015-08-03,0.0,0.0,0.0,0.0,1.0
2015-08-04,0.0,0.0,0.0,0.0,1.0
2015-08-05,0.0,0.0,0.0,0.0,1.0
2015-08-06,0.0,0.0,0.0,0.0,1.0
2015-08-07,0.0,0.0,0.0,0.0,1.0
2015-08-10,0.0,0.0,0.0,0.0,1.0
2015-08-11,0.0,0.0,0.0,0.0,1.0
2015-08-12,0.0,0.0,0.0,0.0,1.0
2015-08-13,0.0,0.0,0.0,0.0,1.0
2015-08-14,0.0,0.0,0.0,0.0,1.0
2015-08-17,0.0,0.0,0.0,0.0,1.0
2015-08-18,0.0,0.0,0.0,0.0,1.0
2015-08-19,0.0,0.0,0.0,0.0,1.0
2015-08-20,0.0,0.0,0.0,0.0,1.0
2015-08-21,0.0,0.0,0.0,0.0,1.0
2015-08-24,0.0,0.0,0.0,0.0,1.0
2015-08-25,0.0,0.0,0.0,0.0,1.0
2015-08-26,0.0,0.0,0.0,0.0,1.0
2015-08-27,0.0,0.0,0.0,0.0,1.0
2015-08-28,0.0,0.0,0.0,0.0,1.0
2015-08-31,0.0,0.0,0.0,0.0,1.0
2015-09-01,0.0,0.0,0.0,0.0,1.0
2015-09-02,0.0,0.0,0.0,0.0,1.0
2015-09-03,0.0,0.0,0.0,0.0,1.0
2015-09-04,0.0,0.0,0.0,0.0,1.0
2015-09-07,0.0,0.0,0.0,0.0,1.0
2015-09-08,0.0,0.0,0.0,0.0,1.0
2015-09-09,0.0,0.0,0.0,0.0,1.0
2015-09-10,0.0,0.0,0.0,0.0,1.0
2015-09-11,0.0,0.0,0.0,0.0,1.0
2015-09-14,0.0,0.0,0.0,0.0,1.0
2015-09-15,0.0,0.0,0.0,0.0,1.0
2015-09-16,0.0,0.0,0.0,0.0,1.0
2015-09-17,0.0,0.0,0.0,0.0,1.0
2015-09-18,0.0,0.0,0.0,0.0,1.0
2015-09-21,0.0,0.0,0.0,0.0,1.0
2015-09-22,0.0,0.0,0.0,0.0,1.0
2015-09-23,0.0,0.0,0.0,0.0,1.0
2015-09-24,0.0,0.0,0.0,0.0,1.0
2015-09-25,0.0,0.0,0.0,0.0,1.0
2015-09-30,0.0,0.0,0.0,0.0,1.0
2015-10-01,0.0,0.0,0.0,0.0,1.0
2015-10-02,0.0,0.0,0.0,0.0,1.0
2015-10-05,0.0,0.0,0.0,0.0,1.0
2015-10-06,0.0,0.0,0.0,0.0,1.0
2015-10-07,0.0,0.0,0.0,0.0,1.0
2015-10-08,0.0,0.0,0.0,0.0,1.0
2015-10-12,0.0,0.0,0.0,0.0,1.0
2015-10-13,0.0,0.0,0.0,0.0,1.0
2015-10-14,0.0,0.0,0.0,0.0,1.0
2015-10-15,0.0,0.0,0.0,0.0,1.0
2015-10-16,0.0,0.0,0.0,0.0,1.0
2015-10-19,0.0,0.0,0.0,0.0,1.0
2015-10-20,0.0,0.0,0.0,0.0,1.0
2015-10-21,0.0,0.0,0.0,0.0,1.0
2015-10-22,0.0,0.0,0.0,0.0,1.0
2015-10-23,0.0,0.0,0.0,0.0,1.0
2015-10-26,0.0,0.0,0.0,0.0,1.0
2015-10-27,0.0,0.0,0.0,0.0,1.0
2015-10-28,0.0,0.0,0.0,0.0,1.0
2015-10-29,0.0,0.0,0.0,0.0,1.0
2015-10-30,0.0,0.0,0.0,0.0,1.0
2015-11-02,0.0,0.0,0.0,0.0,1.0
2015-11-03,0.0,0.0,0.0,0.0,1.0
2015-11-04,0.0,0.0,0.0,0.0,1.0
2015-11-05,0.0,0.0,0.0,0.0,1.0
2015-11-06,0.0,0.0,0.0,0.0,1.0
2015-11-09,0.0,0.0,0.0,0.0,1.0
2015-11-10,0.0,0.0,0.0,0.0,1.0
2015-11-11,0.0,0.0,0.0,0.0,1.0
2015-11-12,0.0,0.0,0.0,0.0,1.0
2015-11-13,0.0,0.0,0.0,0.0,1.0
2015-11-16,0.0,0.0,0.0,0.0,1.0
2015-11-17,0.0,0.0,0.0,0.0,1.0
2015-11-18,0.0,0.0,0.0,0.0,1.0
2015-11-19,0.0,0.0,0.0,0.0,1.0
2015-11-20,0.0,0.0,0.0,0.0,1.0
2015-11-23,0.0,0.0,0.0,0.0,1.0
2015-11-24,0.0,0.0,0.0,0.0,1.0
2015-11-25,0.0,0.0,0.0,0.0,1.0
2015-11-26,0.0,0.0,0.0,0.0,1.0
2015-11-27,0.0,0.0,0.0,0.0,1.0
2015-11-30,0.0,0.0,0.0,0.0,1.0
2015-12-01,0.0,0.0,0.0,0.0,1.0
2015-12-02,0.0,0.0,0.0,0.0,1.0
2015-12-03,0.0,0.0,0.0,0.0,1.0
2015-12-04,0.0,0.0,0.0,0.0,1.0
2015-12-07,0.0,0.0,0.0,0.0,1.0
2015-12-08,0.0,0.0,0.0,0.0,1.0
2015-12-09,0.0,0.0,0.0,0.0,1.0
2015-12-10,0.0,0.0,0.0,0.0,1.0
2015-12-11,0.0,0.0,0.0,0.0,1.0
2015-12-14,0.0,0.0,0.0,0.0,1.0
2015-12-15,0.0,0.0,0.0,0.0,1.0
2015-12-16,0.0,0.0,0.0,0.0,1.0
2015-12-17,0.0,0.0,0.0,0.0,1.0
2015-12-18,0.0,0.0,0.0,0.0,1.0
2015-12-21,0.0,0.0,0.0,0.0,1.0
2015-12-22,0.0,0.0,0.0,0.0,1.0
2015-12-23,0.0,0.0,0.0,0.0,1.0
2015-12-24,0.0,0.0,0.0,0.0,1.0
2015-12-25,0.0,0.0,0.0,0.0,1.0
2015-12-28,0.0,0.0,0.0,0.0,1.0
2015-12-29,0.0,0.0,0.0,0.0,1.0
2015-12-30,0.0,0.0,0.0,0.0,1.0
2015-12-31,0.0,0.0,0.0,0.0,1.0
2016-01-04,0.0,0.0,0.0,0.0,1.0
2016-01-05,0.0,0.0,0.0,0.0,1.0
2016-01-06,0.0,0.0,0.0,0.0,1.0
2016-01-07,0.0,0.0,0.0,0.0,1.0
2016-01-08,0.0,0.0,0.0,0.0,1.0
2016-01-11,0.0,0.0,0.0,0.0,1.0
2016-01-12,0.0,0.0,0.0,0.0,1.0
2016-01-13,0.0,0.0,0.0,0.0,1.0
2016-01-14,0.0,0.0,0.0,0.0,1.0
2016-01-15,0.0,0.0,0.0,0.0,1.0
2016-01-18,0.0,0.0,0.0,0.0,1.0
2016-01-19,0.0,0.0,0.0,0.0,1.0
2016-01-20,0.0,0.0,0.0,0.0,1.0
2016-01-21,0.0,0.0,0.0,0.0,1.0
2016-01-22,0.0,0.0,0.0,0.0,1.0
2016-01-25,0.0,0.0,0.0,0.0,1.0
2016-01-26,0.0,0.0,0.0,0.0,1.0
2016-01-27,0.0,0.0,0.0,0.0,1.0
2016-01-28,0.0,0.0,0.0,0.0,1.0
2016-01-29,0.0,0.0,0.0,0.0,1.0
2016-01-30,0.0,0.0,0.0,0.0,1.0
2016-02-01,0.0,0.0,0.0,0.0,1.0
2016-02-02,0.0,0.0,0.0,0.0,1.0
2016-02-03,0.0,0.0,0.0,0.0,1.0
2016-02-15,0.0,0.0,0.0,0.0,1.0
2016-02-16,0.0,0.0,0.0,0.0,1.0
2016-02-17,0.0,0.0,0.0,0.0,1.0
2016-02-18,0.0,0.0,0.0,0.0,1.0
2016-02-19,0.0,0.0,0.0,0.0,1.0
2016-02-22,0.0,0.0,0.0,0.0,1.0
2016-02-23,0.0,0.0,0.0,0.0,1.0
2016-02-24,0.0,0.0,0.0,0.0,1.0
2016-02-25,0.0,0.0,0.0,0.0,1.0
2016-02-26,0.0,0.0,0.0,0.0,1.0
2016-03-01,0.0,0.0,0.0,0.0,1.0
2016-03-02,0.0,0.0,0.0,0.0,1.0
2016-03-03,0.0,0.0,0.0,0.0,1.0
2016-03-04,0.0,0.0,0.0,0.0,1.0
2016-03-07,0.0,0.0,0.0,0.0,1.0
2016-03-08,0.0,0.0,0.0,0.0,1.0
2016-03-09,0.0,0.0,0.0,0.0,1.0
2016-03-10,0.0,0.0,0.0,0.0,1.0
2016-03-11,0.0,0.0,0.0,0.0,1.0
2016-03-14,0.0,0.0,0.0,0.0,1.0
2016-03-15,0.0,0.0,0.0,0.0,1.0
2016-03-16,0.0,0.0,0.0,0.0,1.0
2016-03-17,0.0,0.0,0.0,0.0,1.0
2016-03-18,0.0,0.0,0.0,0.0,1.0
2016-03-21,0.0,0.0,0.0,0.0,1.0
2016-03-22,0.0,0.0,0.0,0.0,1.0
2016-03-23,0.0,0.0,0.0,0.0,1.0
2016-03-24,0.0,0.0,0.0,0.0,1.0
2016-03-25,0.0,0.0,0.0,0.0,1.0
2016-03-28,0.0,0.0,0.0,0.0,1.0
2016-03-29,0.0,0.0,0.0,0.0,1.0
2016-03-30,0.0,0.0,0.0,0.0,1.0
2016-03-31,0.0,0.0,0.0,0.0,1.0
2016-04-01,0.0,0.0,0.0,0.0,1.0
2016-04-06,0.0,0.0,0.0,0.0,1.0
2016-04-07,0.0,0.0,0.0,0.0,1.0
2016-04-08,0.0,0.0,0.0,0.0,1.0
2016-04-11,0.0,0.0,0.0,0.0,1.0
2016-04-12,0.0,0.0,0.0,0.0,1.0
2016-04-13,0.0,0.0,0.0,0.0,1.0
2016-04-14,0.0,0.0,0.0,0.0,1.0
2016-04-15,0.0,0.0,0.0,0.0,1.0
2016-04-18,0.0,0.0,0.0,0.0,1.0
2016-04-19,0.0,0.0,0.0,0.0,1.0
2016-04-20,0.0,0.0,0.0,0.0,1.0
2016-04-21,0.0,0.0,0.0,0.0,1.0
2016-04-22,0.0,0.0,0.0,0.0,1.0
2016-04-25,0.0,0.0,0.0,0.0,1.0
2016-04-26,0.0,0.0,0.0,0.0,1.0
2016-04-27,0.0,0.0,0.0,0.0,1.0
2016-04-28,0.0,0.0,0.0,0.0,1.0
2016-04-29,0.0,0.0,0.0,0.0,1.0
2016-05-03,0.0,0.0,0.0,0.0,1.0
2016-05-04,0.0,0.0,0.0,0.0,1.0
2016-05-05,0.0,0.0,0.0,0.0,1.0
2016-05-06,0.0,0.0,0.0,0.0,1.0
2016-05-09,0.0,0.0,0.0,0.0,1.0
2016-05-10,0.0,0.0,0.0,0.0,1.0
2016-05-11,0.0,0.0,0.0,0.0,1.0
2016-05-12,0.0,0.0,0.0,0.0,1.0
2016-05-13,0.0,0.0,0.0,0.0,1.0
2016-05-16,0.0,0.0,0.0,0.0,1.0
2016-05-17,0.0,0.0,0.0,0.0,1.0
2016-05-18,0.0,0.0,0.0,0.0,1.0
2016-05-19,0.0,0.0,0.0,0.0,1.0
2016-05-20,0.0,0.0,0.0,0.0,1.0
2016-05-23,0.0,0.0,0.0,0.0,1.0
2016-05-24,0.0,0.0,0.0,0.0,1.0
2016-05-25,0.0,0.0,0.0,0.0,1.0
2016-05-26,0.0,0.0,0.0,0.0,1.0
2016-05-27,0.0,0.0,0.0,0.0,1.0
2016-05-30,0.0,0.0,0.0,0.0,1.0
2016-05-31,0.0,0.0,0.0,0.0,1.0
2016-06-01,0.0,0.0,0.0,0.0,1.0
2016-06-02,0.0,0.0,0.0,0.0,1.0
2016-06-03,0.0,0.0,0.0,0.0,1.0
2016-06-04,0.0,0.0,0.0,0.0,1.0
2016-06-06,0.0,0.0,0.0,0.0,1.0
2016-06-07,0.0,0.0,0.0,0.0,1.0
2016-06-08,0.0,0.0,0.0,0.0,1.0
2016-06-13,0.0,0.0,0.0,0.0,1.0
2016-06-14,0.0,0.0,0.0,0.0,1.0
2016-06-15,0.0,0.0,0.0,0.0,1.0
2016-06-16,0.0,0.0,0.0,0.0,1.0
2016-06-17,0.0,0.0,0.0,0.0,1.0
2016-06-20,0.0,0.0,0.0,0.0,1.0
2016-06-21,0.0,0.0,0.0,0.0,1.0
2016-06-22,0.0,0.0,0.0,0.0,1.0
2016-06-23,0.0,0.0,0.0,0.0,1.0
2016-06-24,0.0,0.0,0.0,0.0,1.0
2016-06-27,0.0,0.0,0.0,0.0,1.0
2016-06-28,0.0,0.0,0.0,0.0,1.0
2016-06-29,0.0,0.0,0.0,0.0,1.0
2016-06-30,0.0,0.0,0.0,0.0,1.0
2016-07-01,0.0,0.0,0.0,0.0,1.0
2016-07-04,0.0,0.0,0.0,0.0,1.0
2016-07-05,0.0,0.0,0.0,0.0,1.0
2016-07-06,0.0,0.0,0.0,0.0,1.0
2016-07-07,0.0,0.0,0.0,0.0,1.0
2016-07-11,0.0,0.0,0.0,0.0,1.0
2016-07-12,0.0,0.0,0.0,0.0,1.0
2016-07-13,0.0,0.0,0.0,0.0,1.0
2016-07-14,0.0,0.0,0.0,0.0,1.0
2016-07-15,0.0,0.0,0.0,0.0,1.0
2016-07-18,0.0,0.0,0.0,0.0,1.0
2016-07-19,0.0,0.0,0.0,0.0,1.0
2016-07-20,0.0,0.0,0.0,0.0,1.0
2016-07-21,0.0,0.0,0.0,0.0,1.0
2016-07-22,0.0,0.0,0.0,0.0,1.0
2016-07-25,0.0,0.0,0.0,0.0,1.0
2016-07-26,0.0,0.0,0.0,0.0,1.0
2016-07-27,0.0,0.0,0.0,0.0,1.0
2016-07-28,0.0,0.0,0.0,0.0,1.0
2016-07-29,0.0,0.0,0.0,0.0,1.0
2016-08-01,0.0,0.0,0.0,0.0,1.0
2016-08-02,0.0,0.0,0.0,0.0,1.0
2016-08-03,0.0,0.0,0.0,0.0,1.0
2016-08-04,0.0,0.0,0.0,0.0,1.0
2016-08-05,0.0,0.0,0.0,0.0,1.0
2016-08-08,0.0,0.0,0.0,0.0,1.0
2016-08-09,0.0,0.0,0.0,0.0,1.0
2016-08-10,0.0,0.0,0.0,0.0,1.0
2016-08-11,0.0,0.0,0.0,0.0,1.0
2016-08-12,0.0,0.0,0.0,0.0,1.0
2016-08-15,0.0,0.0,0.0,0.0,1.0
2016-08-16,0.0,0.0,0.0,0.0,1.0
2016-08-17,0.0,0.0,0.0,0.0,1.0
2016-08-18,0.0,0.0,0.0,0.0,1.0
2016-08-19,0.0,0.0,0.0,0.0,1.0
2016-08-22,0.0,0.0,0.0,0.0,1.0
2016-08-23,0.0,0.0,0.0,0.0,1.0
2016-08-24,0.0,0.0,0.0,0.0,1.0
2016-08-25,0.0,0.0,0.0,0.0,1.0
2016-08-26,0.0,0.0,0.0,0.0,1.0
2016-08-29,0.0,0.0,0.0,0.0,1.0
2016-08-30,0.0,0.0,0.0,0.0,1.0
2016-08-31,0.0,0.0,0.0,0.0,1.0
2016-09-01,0.0,0.0,0.0,0.0,1.0
2016-09-02,0.0,0.0,0.0,0.0,1.0
2016-09-05,0.0,0.0,0.0,0.0,1.0
2016-09-06,0.0,0.0,0.0,0.0,1.0
2016-09-07,0.0,0.0,0.0,0.0,1.0
2016-09-08,0.0,0.0,0.0,0.0,1.0
2016-09-09,0.0,0.0,0.0,0.0,1.0
2016-09-10,0.0,0.0,0.0,0.0,1.0
2016-09-12,0.0,0.0,0.0,0.0,1.0
2016-09-13,0.0,0.0,0.0,0.0,1.0
2016-09-14,0.0,0.0,0.0,0.0,1.0
2016-09-19,0.0,0.0,0.0,0.0,1.0
2016-09-20,0.0,0.0,0.0,0.0,1.0
2016-09-21,0.0,0.0,0.0,0.0,1.0
2016-09-22,0.0,0.0,0.0,0.0,1.0
2016-09-23,0.0,0.0,0.0,0.0,1.0
2016-09-26,0.0,0.0,0.0,0.0,1.0
2016-09-29,0.0,0.0,0.0,0.0,1.0
2016-09-30,0.0,0.0,0.0,0.0,1.0
2016-10-03,0.0,0.0,0.0,0.0,1.0
2016-10-04,0.0,0.0,0.0,0.0,1.0
2016-10-05,0.0,0.0,0.0,0.0,1.0
2016-10-06,0.0,0.0,0.0,0.0,1.0
2016-10-07,0.0,0.0,0.0,0.0,1.0
2016-10-11,0.0,0.0,0.0,0.0,1.0
2016-10-12,0.0,0.0,0.0,0.0,1.0
2016-10-13,0.0,0.0,0.0,0.0,1.0
2016-10-14,0.0,0.0,0.0,0.0,1.0
2016-10-17,0.0,0.0,0.0,0.0,1.0
2016-10-18,0.0,0.0,0.0,0.0,1.0
2016-10-19,0.0,0.0,0.0,0.0,1.0
2016-10-20,0.0,0.0,0.0,0.0,1.0
2016-10-21,0.0,0.0,0.0,0.0,1.0
2016-10-24,0.0,0.0,0.0,0.0,1.0
2016-10-25,0.0,0.0,0.0,0.0,1.0
2016-10-26,0.0,0.0,0.0,0.0,1.0
2016-10-27,0.0,0.0,0.0,0.0,1.0
2016-10-28,0.0,0.0,0.0,0.0,1.0
2016-10-31,0.0,0.0,0.0,0.0,1.0
2016-11-01,0.0,0.0,0.0,0.0,1.0
2016-11-02,0.0,0.0,0.0,0.0,1.0
2016-11-03,0.0,0.0,0.0,0.0,1.0
2016-11-04,0.0,0.0,0.0,0.0,1.0
2016-11-07,0.0,0.0,0.0,0.0,1.0
2016-11-08,0.0,0.0,0.0,0.0,1.0
2016-11-09,0.0,0.0,0.0,0.0,1.0
2016-11-10,0.0,0.0,0.0,0.0,1.0
2016-11-11,0.0,0.0,0.0,0.0,1.0
2016-11-14,0.0,0.0,0.0,0.0,1.0
2016-11-15,0.0,0.0,0.0,0.0,1.0
2016-11-16,0.0,0.0,0.0,0.0,1.0
2016-11-17,0.0,0.0,0.0,0.0,1.0
2016-11-18,0.0,0.0,0.0,0.0,1.0
2016-11-21,0.0,0.0,0.0,0.0,1.0
2016-11-22,0.0,0.0,0.0,0.0,1.0
2016-11-23,0.0,0.0,0.0,0.0,1.0
2016-11-24,0.0,0.0,0.0,0.0,1.0
2016-11-25,0.0,0.0,0.0,0.0,1.0
2016-11-28,0.0,0.0,0.0,0.0,1.0
2016-11-29,0.0,0.0,0.0,0.0,1.0
2016-11-30,0.0,0.0,0.0,0.0,1.0
2016-12-01,0.0,0.0,0.0,0.0,1.0
2016-12-02,0.0,0.0,0.0,0.0,1.0
2016-12-05,0.0,0.0,0.0,0.0,1.0
2016-12-06,0.0,0.0,0.0,0.0,1.0
2016-12-07,0.0,0.0,0.0,0.0,1.0
2016-12-08,0.0,0.0,0.0,0.0,1.0
2016-12-09,0.0,0.0,0.0,0.0,1.0
2016-12-12,0.0,0.0,0.0,0.0,1.0
2016-12-13,0.0,0.0,0.0,0.0,1.0
2016-12-14,0.0,0.0,0.0,0.0,1.0
2016-12-15,0.0,0.0,0.0,0.0,1.0
2016-12-16,0.0,0.0,0.0,0.0,1.0
2016-12-19,0.0,0.0,0.0,0.0,1.0
2016-12-20,0.0,0.0,0.0,0.0,1.0
2016-12-21,0.0,0.0,0.0,0.0,1.0
2016-12-22,0.0,0.0,0.0,0.0,1.0
2016-12-23,0.0,0.0,0.0,0.0,1.0
2016-12-26,0.0,0.0,0.0,0.0,1.0
2016-12-27,0.0,0.0,0.0,0.0,1.0
2016-12-28,0.0,0.0,0.0,0.0,1.0
2016-12-29,0.0,0.0,0.0,0.0,1.0
2016-12-30,0.0,0.0,0.0,0.0,1.0
2017-01-03,0.0,0.0,0.0,0.0,1.0
2017-01-04,0.0,0.0,0.0,0.0,1.0
2017-01-05,0.0,0.0,0.0,0.0,1.0
2017-01-06,0.0,0.0,0.0,0.0,1.0
2017-01-09,0.0,0.0,0.0,0.0,1.0
2017-01-10,0.0,0.0,0.0,0.0,1.0
2017-01-11,0.0,0.0,0.0,0.0,1.0
2017-01-12,0.0,0.0,0.0,0.0,1.0
2017-01-13,0.0,0.0,0.0,0.0,1.0
2017-01-16,0.0,0.0,0.0,0.0,1.0
2017-01-17,0.0,0.0,0.0,0.0,1.0
2017-01-18,0.0,0.0,0.0,0.0,1.0
2017-01-19,0.0,0.0,0.0,0.0,1.0
2017-01-20,0.0,0.0,0.0,0.0,1.0
2017-01-23,0.0,0.0,0.0,0.0,1.0
2017-01-24,0.0,0.0,0.0,0.0,1.0
2017-02-02,0.0,0.0,0.0,0.0,1.0
2017-02-03,0.0,0.0,0.0,0.0,1.0
2017-02-06,0.0,0.0,0.0,0.0,1.0
2017-02-07,0.0,0.0,0.0,0.0,1.0
2017-02-08,0.0,0.0,0.0,0.0,1.0
2017-02-09,0.0,0.0,0.0,0.0,1.0
2017-02-10,0.0,0.0,0.0,0.0,1.0
2017-02-13,0.0,0.0,0.0,0.0,1.0
2017-02-14,0.0,0.0,0.0,0.0,1.0
2017-02-15,0.0,0.0,0.0,0.0,1.0
2017-02-16,0.0,0.0,0.0,0.0,1.0
2017-02-17,0.0,0.0,0.0,0.0,1.0
2017-02-18,0.0,0.0,0.0,0.0,1.0
2017-02-20,0.0,0.0,0.0,0.0,1.0
2017-02-21,0.0,0.0,0.0,0.0,1.0
2017-02-22,0.0,0.0,0.0,0.0,1.0
2017-02-23,0.0,0.0,0.0,0.0,1.0
2017-02-24,0.0,0.0,0.0,0.0,1.0
2017-03-01,0.0,0.0,0.0,0.0,1.0
2017-03-02,0.0,0.0,0.0,0.0,1.0
2017-03-03,0.0,0.0,0.0,0.0,1.0
2017-03-06,0.0,0.0,0.0,0.0,1.0
2017-03-07,0.0,0.0,0.0,0.0,1.0
2017-03-08,0.0,0.0,0.0,0.0,1.0
2017-03-09,0.0,0.0,0.0,0.0,1.0
2017-03-10,0.0,0.0,0.0,0.0,1.0
2017-03-13,0.0,0.0,0.0,0.0,1.0
2017-03-14,0.0,0.0,0.0,0.0,1.0
2017-03-15,0.0,0.0,0.0,0.0,1.0
2017-03-16,0.0,0.0,0.0,0.0,1.0
2017-03-17,0.0,0.0,0.0,0.0,1.0
2017-03-20,0.0,0.0,0.0,0.0,1.0
2017-03-21,0.0,0.0,0.0,0.0,1.0
2017-03-22,0.0,0.0,0.0,0.0,1.0
2017-03-23,0.0,0.0,0.0,0.0,1.0
2017-03-24,0.0,0.0,0.0,0.0,1.0
2017-03-27,0.0,0.0,0.0,0.0,1.0
2017-03-28,0.0,0.0,0.0,0.0,1.0
2017-03-29,0.0,0.0,0.0,0.0,1.0
2017-03-30,0.0,0.0,0.0,0.0,1.0
2017-03-31,0.0,0.0,0.0,0.0,1.0
2017-04-05,0.0,0.0,0.0,0.0,1.0
2017-04-06,0.0,0.0,0.0,0.0,1.0
2017-04-07,0.0,0.0,0.0,0.0,1.0
2017-04-10,0.0,0.0,0.0,0.0,1.0
2017-04-11,0.0,0.0,0.0,0.0,1.0
2017-04-12,0.0,0.0,0.0,0.0,1.0
2017-04-13,0.0,0.0,0.0,0.0,1.0
2017-04-14,0.0,0.0,0.0,0.0,1.0
2017-04-17,0.0,0.0,0.0,0.0,1.0
2017-04-18,0.0,0.0,0.0,0.0,1.0
2017-04-19,0.0,0.0,0.0,0.0,1.0
2017-04-20,0.0,0.0,0.0,0.0,1.0
2017-04-21,0.0,0.0,0.0,0.0,1.0
2017-04-24,0.0,0.0,0.0,0.0,1.0
2017-04-25,0.0,0.0,0.0,0.0,1.0
2017-04-26,0.0,0.0,0.0,0.0,1.0
2017-04-27,0.0,0.0,0.0,0.0,1.0
2017-04-28,0.0,0.0,0.0,0.0,1.0
2017-05-02,0.0,0.0,0.0,0.0,1.0
2017-05-03,0.0,0.0,0.0,0.0,1.0
2017-05-04,0.0,0.0,0.0,0.0,1.0
2017-05-05,0.0,0.0,0.0,0.0,1.0
2017-05-08,0.0,0.0,0.0,0.0,1.0
2017-05-09,0.0,0.0,0.0,0.0,1.0
2017-05-10,0.0,0.0,0.0,0.0,1.0
2017-05-11,0.0,0.0,0.0,0.0,1.0
2017-05-12,0.0,0.0,0.0,0.0,1.0
2017-05-15,0.0,0.0,0.0,0.0,1.0
2017-05-16,0.0,0.0,0.0,0.0,1.0
2017-05-17,0.0,0.0,0.0,0.0,1.0
2017-05-18,0.0,0.0,0.0,0.0,1.0
2017-05-19,0.0,0.0,0.0,0.0,1.0
2017-05-22,0.0,0.0,0.0,0.0,1.0
2017-05-23,0.0,0.0,0.0,0.0,1.0
2017-05-24,0.0,0.0,0.0,0.0,1.0
2017-05-25,0.0,0.0,0.0,0.0,1.0
2017-05-26,0.0,0.0,0.0,0.0,1.0
2017-05-31,0.0,0.0,0.0,0.0,1.0
2017-06-01,0.0,0.0,0.0,0.0,1.0
2017-06-02,0.0,0.0,0.0,0.0,1.0
2017-06-03,0.0,0.0,0.0,0.0,1.0
2017-06-05,0.0,0.0,0.0,0.0,1.0
2017-06-06,0.0,0.0,0.0,0.0,1.0
2017-06-07,0.0,0.0,0.0,0.0,1.0
2017-06-08,0.0,0.0,0.0,0.0,1.0
2017-06-09,0.0,0.0,0.0,0.0,1.0
2017-06-12,0.0,0.0,0.0,0.0,1.0
2017-06-13,0.0,0.0,0.0,0.0,1.0
2017-06-14,0.0,0.0,0.0,0.0,1.0
2017-06-15,0.0,0.0,0.0,0.0,1.0
2017-06-16,0.0,0.0,0.0,0.0,1.0
2017-06-19,0.0,0.0,0.0,0.0,1.0
2017-06-20,0.0,0.0,0.0,0.0,1.0
2017-06-21,0.0,0.0,0.0,0.0,1.0
2017-06-22,0.0,0.0,0.0,0.0,1.0
2017-06-23,0.0,0.0,0.0,0.0,1.0
2017-06-26,0.0,0.0,0.0,0.0,1.0
2017-06-27,0.0,0.0,0.0,0.0,1.0
2017-06-28,0.0,0.0,0.0,0.0,1.0
2017-06-29,0.0,0.0,0.0,0.0,1.0
2017-06-30,0.0,0.0,0.0,0.0,1.0
2017-07-03,0.0,0.0,0.0,0.0,1.0
2017-07-04,0.0,0.0,0.0,0.0,1.0
2017-07-05,0.0,0.0,0.0,0.0,1.0
2017-07-06,0.0,0.0,0.0,0.0,1.0
2017-07-07,0.0,0.0,0.0,0.0,1.0
2017-07-10,0.0,0.0,0.0,0.0,1.0
2017-07-11,0.0,0.0,0.0,0.0,1.0
2017-07-12,0.0,0.0,0.0,0.0,1.0
2017-07-13,0.0,0.0,0.0,0.0,1.0
2017-07-14,0.0,0.0,0.0,0.0,1.0
2017-07-17,0.0,0.0,0.0,0.0,1.0
2017-07-18,0.0,0.0,0.0,0.0,1.0
2017-07-19,0.0,0.0,0.0,0.0,1.0
2017-07-20,0.0,0.0,0.0,0.0,1.0
2017-07-21,0.0,0.0,0.0,0.0,1.0
2017-07-24,0.0,0.0,0.0,0.0,1.0
2017-07-25,0.0,0.0,0.0,0.0,1.0
2017-07-26,0.0,0.0,0.0,0.0,1.0
2017-07-27,0.0,0.0,0.0,0.0,1.0
2017-07-28,0.0,0.0,0.0,0.0,1.0
2017-07-31,0.0,0.0,0.0,0.0,1.0
2017-08-01,0.0,0.0,0.0,0.0,1.0
2017-08-02,0.0,0.0,0.0,0.0,1.0
2017-08-03,0.0,0.0,0.0,0.0,1.0
2017-08-04,0.0,0.0,0.0,0.0,1.0
2017-08-07,0.0,0.0,0.0,0.0,1.0
2017-08-08,0.0,0.0,0.0,0.0,1.0
2017-08-09,0.0,0.0,0.0,0.0,1.0
2017-08-10,0.0,0.0,0.0,0.0,1.0
2017-08-11,0.0,0.0,0.0,0.0,1.0
2017-08-14,0.0,0.0,0.0,0.0,1.0
2017-08-15,0.0,0.0,0.0,0.0,1.0
2017-08-16,0.0,0.0,0.0,0.0,1.0
2017-08-17,0.0,0.0,0.0,0.0,1.0
2017-08-18,0.0,0.0,0.0,0.0,1.0
2017-08-21,0.0,0.0,0.0,0.0,1.0
2017-08-22,0.0,0.0,0.0,0.0,1.0
2017-08-23,0.0,0.0,0.0,0.0,1.0
2017-08-24,0.0,0.0,0.0,0.0,1.0
2017-08-25,0.0,0.0,0.0,0.0,1.0
2017-08-28,0.0,0.0,0.0,0.0,1.0
2017-08-29,0.0,0.0,0.0,0.0,1.0
2017-08-30,0.0,0.0,0.0,0.0,1.0
2017-08-31,0.0,0.0,0.0,0.0,1.0
2017-09-01,0.0,0.0,0.0,0.0,1.0
2017-09-04,0.0,0.0,0.0,0.0,1.0
2017-09-05,0.0,0.0,0.0,0.0,1.0
2017-09-06,0.0,0.0,0.0,0.0,1.0
2017-09-07,0.0,0.0,0.0,0.0,1.0
2017-09-08,0.0,0.0,0.0,0.0,1.0
2017-09-11,0.0,0.0,0.0,0.0,1.0
2017-09-12,0.0,0.0,0.0,0.0,1.0
2017-09-13,0.0,0.0,0.0,0.0,1.0
2017-09-14,0.0,0.0,0.0,0.0,1.0
2017-09-15,0.0,0.0,0.0,0.0,1.0
2017-09-18,0.0,0.0,0.0,0.0,1.0
2017-09-19,0.0,0.0,0.0,0.0,1.0
2017-09-20,0.0,0.0,0.0,0.0,1.0
2017-09-21,0.0,0.0,0.0,0.0,1.0
2017-09-22,0.0,0.0,0.0,0.0,1.0
2017-09-25,0.0,0.0,0.0,0.0,1.0
2017-09-26,0.0,0.0,0.0,0.0,1.0
2017-09-27,0.0,0.0,0.0,0.0,1.0
2017-09-28,0.0,0.0,0.0,0.0,1.0
2017-09-29,0.0,0.0,0.0,0.0,1.0
2017-09-30,0.0,0.0,0.0,0.0,1.0
2017-10-02,0.0,0.0,0.0,0.0,1.0
2017-10-03,0.0,0.0,0.0,0.0,1.0
2017-10-05,0.0,0.0,0.0,0.0,1.0
2017-10-06,0.0,0.0,0.0,0.0,1.0
2017-10-11,0.0,0.0,0.0,0.0,1.0
2017-10-12,0.0,0.0,0.0,0.0,1.0
2017-10-13,0.0,0.0,0.0,0.0,1.0
2017-10-16,0.0,0.0,0.0,0.0,1.0
2017-10-17,0.0,0.0,0.0,0.0,1.0
2017-10-18,0.0,0.0,0.0,0.0,1.0
2017-10-19,0.0,0.0,0.0,0.0,1.0
2017-10-20,0.0,0.0,0.0,0.0,1.0
2017-10-23,0.0,0.0,0.0,0.0,1.0
2017-10-24,0.0,0.0,0.0,0.0,1.0
2017-10-25,0.0,0.0,0.0,0.0,1.0
2017-10-26,0.0,0.0,0.0,0.0,1.0
2017-10-27,0.0,0.0,0.0,0.0,1.0
2017-10-30,0.0,0.0,0.0,0.0,1.0
2017-10-31,0.0,0.0,0.0,0.0,1.0
2017-11-01,0.0,0.0,0.0,0.0,1.0
2017-11-02,0.0,0.0,0.0,0.0,1.0
2017-11-03,0.0,0.0,0.0,0.0,1.0
2017-11-06,0.0,0.0,0.0,0.0,1.0
2017-11-07,0.0,0.0,0.0,0.0,1.0
2017-11-08,0.0,0.0,0.0,0.0,1.0
2017-11-09,0.0,0.0,0.0,0.0,1.0
2017-11-10,0.0,0.0,0.0,0.0,1.0
2017-11-13,0.0,0.0,0.0,0.0,1.0
2017-11-14,0.0,0.0,0.0,0.0,1.0
2017-11-15,0.0,0.0,0.0,0.0,1.0
2017-11-16,0.0,0.0,0.0,0.0,1.0
2017-11-17,0.0,0.0,0.0,0.0,1.0
2017-11-20,0.0,0.0,0.0,0.0,1.0
2017-11-21,0.0,0.0,0.0,0.0,1.0
2017-11-22,0.0,0.0,0.0,0.0,1.0
2017-11-23,0.0,0.0,0.0,0.0,1.0
2017-11-24,0.0,0.0,0.0,0.0,1.0
2017-11-27,0.0,0.0,0.0,0.0,1.0
2017-11-28,0.0,0.0,0.0,0.0,1.0
2017-11-29,0.0,0.0,0.0,0.0,1.0
2017-11-30,0.0,0.0,0.0,0.0,1.0
2017-12-01,0.0,0.0,0.0,0.0,1.0
2017-12-04,0.0,0.0,0.0,0.0,1.0
2017-12-05,0.0,0.0,0.0,0.0,1.0
2017-12-06,0.0,0.0,0.0,0.0,1.0
2017-12-07,0.0,0.0,0.0,0.0,1.0
2017-12-08,0.0,0.0,0.0,0.0,1.0
2017-12-11,0.0,0.0,0.0,0.0,1.0
2017-12-12,0.0,0.0,0.0,0.0,1.0
2017-12-13,0.0,0.0,0.0,0.0,1.0
2017-12-14,0.0,0.0,0.0,0.0,1.0
2017-12-15,0.0,0.0,0.0,0.0,1.0
2017-12-18,0.0,0.0,0.0,0.0,1.0
2017-12-19,0.0,0.0,0.0,0.0,1.0
2017-12-20,0.0,0.0,0.0,0.0,1.0
2017-12-21,0.0,0.0,0.0,0.0,1.0
2017-12-22,0.0,0.0,0.0,0.0,1.0
2017-12-25,0.0,0.0,0.0,0.0,1.0
2017-12-26,0.0,0.0,0.0,0.0,1.0
2017-12-27,0.0,0.0,0.0,0.0,1.0
2017-12-28,0.0,0.0,0.0,0.0,1.0
2017-12-29,0.0,0.0,0.0,0.0,1.0
2018-01-02,0.0,0.0,0.0,0.0,1.0
2018-01-03,0.0,0.0,0.0,0.0,1.0
2018-01-04,0.0,0.0,0.0,0.0,1.0
2018-01-05,0.0,0.0,0.0,0.0,1.0
2018-01-08,0.0,0.0,0.0,0.0,1.0
2018-01-09,0.0,0.0,0.0,0.0,1.0
2018-01-10,0.0,0.0,0.0,0.0,1.0
2018-01-11,0.0,0.0,0.0,0.0,1.0
2018-01-12,0.0,0.0,0.0,0.0,1.0
2018-01-15,0.0,0.0,0.0,0.0,1.0
2018-01-16,0.0,0.0,0.0,0.0,1.0
2018-01-17,0.0,0.0,0.0,0.0,1.0
2018-01-18,0.0,0.0,0.0,0.0,1.0
2018-01-19,0.0,0.0,0.0,0.0,1.0
2018-01-22,0.0,0.0,0.0,0.0,1.0
2018-01-23,0.0,0.0,0.0,0.0,1.0
2018-01-24,0.0,0.0,0.0,0.0,1.0
2018-01-25,0.0,0.0,0.0,0.0,1.0
2018-01-26,0.0,0.0,0.0,0.0,1.0
2018-01-29,0.0,0.0,0.0,0.0,1.0
2018-01-30,0.0,0.0,0.0,0.0,1.0
2018-01-31,0.0,0.0,0.0,0.0,1.0
2018-02-01,0.0,0.0,0.0,0.0,1.0
2018-02-02,-0.0044065590272486695,-0.00660655902724867,1.0,0.0022,0.9933934409727513
2018-02-05,-0.01290859142520387,-0.01290859142520387,0.0,0.0,0.9805701309187567
2018-02-06,-0.042176445522153105,-0.042176445522153105,0.0,0.0,0.9392131682114111
2018-02-07,0.014757688240089398,0.014757688240089398,0.0,0.0,0.9530737833388618
2018-02-08,7.788710766383879e-05,7.788710766383879e-05,0.0,0.0,0.9531480154992363
2018-02-09,-0.008065187526103806,-0.008065187526103806,0.0,0.0,0.9454606980141013
2018-02-12,0.004905090068435127,0.004905090068435127,0.0,0.0,0.950098267894026
2018-02-21,0.021775091372780272,0.021775091372780272,0.0,0.0,0.9707867444905387
2018-02-22,0.0012695487358369672,0.0012695487358369672,0.0,0.0,0.972019205574774
2018-02-23,0.008084174313338244,0.008084174313338244,0.0,0.0,0.9798771782685529
2018-02-26,0.004460451369798582,0.004460451369798582,0.0,0.0,0.9842478727705952
2018-02-27,-0.0027523511995426963,-0.0027523511995426963,0.0,0.0,0.9815388769573278
2018-03-01,0.0009677176236784732,0.0009677176236784732,0.0,0.0,0.9824887294268849
2018-03-02,-0.006142996120287056,-0.006142996120287056,0.0,0.0,0.9764533049737899
2018-03-05,-0.007828860127338041,-0.007828860127338041,0.0,0.0,0.9688087886282731
2018-03-06,0.007809033696362911,0.007809033696362911,0.0,0.0,0.9763742491040039
2018-03-07,0.000564831180446565,0.000564831180446565,0.0,0.0,0.9769257357236829
2018-03-08,0.005877228760677499,0.005877228760677499,0.0,0.0,0.9826673517547241
2018-03-09,0.0011873366306627917,0.0011873366306627917,0.0,0.0,0.9838341086972188
2018-03-12,0.007832801605766436,0.007832801605766436,0.0,0.0,0.9915402860836302
2018-03-13,0.004598312373341359,0.004598312373341359,0.0,0.0,0.9960996980497949
2018-03-14,-0.0015951214650872037,-0.0015951214650872037,0.0,0.0,0.9945107980400688
2018-03-15,0.00011909819680796152,0.00011909819680796152,0.0,0.0,0.9946292424828215
2018-03-16,0.005649161939981463,0.005649161939981463,0.0,0.0,1.000248064143848
2018-03-19,0.0003566547005418916,0.0003566547005418916,0.0,0.0,1.0006048073176328
2018-03-20,-0.0016816290199199557,-0.0016816290199199557,0.0,0.0,0.998922161236176
2018-03-21,0.0008670691755207456,0.0008670691755207456,0.0,0.0,0.9997882958509285
2018-03-22,0.0004911829916654716,0.0004911829916654716,0.0,0.0,1.0002793748571166
2018-03-23,-0.01201572584309478,-0.01201572584309478,0.0,0.0,0.9882602921223312
2018-03-26,0.0026546985880109616,0.0026546985880109616,0.0,0.0,0.9908838253244157
2018-03-27,0.00698866978124511,0.00698866978124511,0.0,0.0,0.997808785171185
2018-03-28,-0.004285811917219103,-0.004285811917219103,0.0,0.0,0.9935323643885924
2018-03-29,-0.001337155283383783,-0.001337155283383783,0.0,0.0,0.9922038573383375
2018-03-30,0.006267366233801174,0.006267366233801174,0.0,0.0,0.998422362290867
2018-03-31,0.0018541256131515416,0.0018541256131515416,0.0,0.0,1.0002735627655337
2018-04-02,-0.0023500008057589106,-0.0023500008057589106,0.0,0.0,0.9979229190870554
2018-04-03,-0.005170618343754806,-0.005170618343754806,0.0,0.0,0.9927630405359706
2018-04-09,0.008393671249644586,0.008393671249644586,0.0,0.0,1.0010959671270272
2018-04-10,0.004650314264843783,0.004650314264843783,0.0,0.0,1.0057513779834355
2018-04-11,0.001555445755191739,0.001555445755191739,0.0,0.0,1.0073157696950983
2018-04-12,0.0010671818425533977,0.0010671818425533977,0.0,0.0,1.0083907587942347
2018-04-13,-0.0006262754983921424,-0.0006262754983921424,0.0,0.0,1.0077592283691967
2018-04-16,-0.0013745083949020032,-0.0013745083949020032,0.0,0.0,1.0063740548497633
2018-04-17,-0.007915585987083164,-0.007915585987083164,0.0,0.0,0.9984080144834304
2018-04-18,0.004311185731549525,0.004311185731549525,0.0,0.0,1.002712336869736
2018-04-19,0.008324431189158845,0.008324431189158845,0.0,0.0,1.0110593467205287
2018-04-20,-0.0027621475059168067,-0.0027621475059168067,0.0,0.0,1.0082666516676506
2018-04-23,-0.0008053316337491724,-0.0008053316337491724,0.0,0.0,1.0074546626378083
2018-04-24,-0.011069330700877539,-0.011069330700877539,0.0,0.0,0.9963028138109293
2018-04-25,0.0007689834204991777,0.0007689834204991777,0.0,0.0,0.9970689541565466
2018-04-26,-0.0025819489222508865,-0.0025819489222508865,0.0,0.0,0.9944945730449524
2018-04-27,0.004641530854886397,0.004641530854886397,0.0,0.0,0.9991105502907576
2018-04-30,0.008861409364329982,0.008861409364329982,0.0,0.0,1.007964077877105
2018-05-02,0.0008621354127041749,0.0008621354127041749,0.0,0.0,1.0088330794033766
2018-05-03,-0.007299111730590518,-0.007299111730590518,0.0,0.0,1.0014694940392956
2018-05-04,-0.0007387528946151361,-0.0007387528946151361,0.0,0.0,1.0007296555517053
2018-05-07,0.0023287431967162287,0.0023287431967162287,0.0,0.0,1.0030600979288236
2018-05-08,0.004847794636596951,0.004847794636596951,0.0,0.0,1.0079227272917475
2018-05-09,-0.0016800506376422981,-0.0016800506376422981,0.0,0.0,1.0062293660710668
2018-05-10,0.0024414774662663563,0.0024414774662663563,0.0,0.0,1.008686052394225
2018-05-11,0.005603934364426634,0.005603934364426634,0.0,0.0,1.0143386628261548
2018-05-14,0.004100217992499697,0.004100217992499697,0.0,0.0,1.0184976724619625
2018-05-15,-0.002105896010037434,-0.002105896010037434,0.0,0.0,1.0163528222772924
2018-05-16,0.005543233187574282,0.005543233187574282,0.0,0.0,1.0219867029720247
2018-05-17,0.00017221868592176597,0.00017221868592176597,0.0,0.0,1.02216270817904
2018-05-18,0.0034378361003237394,0.0034378361003237394,0.0,0.0,1.0256767360376227
2018-05-21,0.0078484604098276,0.0078484604098276,0.0,0.0,1.0337267192936952
2018-05-22,-0.0031714040015423067,-0.0031714040015423067,0.0,0.0,1.030448354239626
2018-05-23,-0.001384712413476794,-0.001384712413476794,0.0,0.0,1.0290214796120638
2018-05-24,0.004360044780542632,0.004360044780542632,0.0,0.0,1.0335080593433126
2018-05-25,0.0009022136847407323,0.0009022136847407323,0.0,0.0,1.034440504457742
2018-05-28,0.003723899597689507,0.003723899597689507,0.0,0.0,1.0382926570361262
2018-05-29,-0.0016686106884690765,-0.0016686106884690765,0.0,0.0,1.0365601508108366
2018-05-30,-0.012195931582684559,-0.012195931582684559,0.0,0.0,1.0239183341302105
2018-05-31,0.007864578887280585,0.007864578887280585,0.0,0.0,1.0319710206431105
2018-06-01,0.004522917546874232,0.004522917546874232,0.0,0.0,1.036638540480243
2018-06-04,0.008244437408742254,0.008244437408742254,0.0,0.0,1.0451850420427222
2018-06-05,0.0018485780056699608,0.0018485780056699608,0.0,0.0,1.0471171481232977
2018-06-06,0.0062651475346953535,0.0062651475346953535,0.0,0.0,1.0536774915423996
2018-06-07,0.004208703118545392,0.004208703118545392,0.0,0.0,1.0581121072869952
2018-06-08,-0.004259088593687048,-0.004259088593687048,0.0,0.0,1.053605514080007
2018-06-11,0.000277983396974842,0.000277983396974842,0.0,0.0,1.0538983989198822
2018-06-12,-0.0017179429406862816,-0.0017179429406862816,0.0,0.0,1.0520878616052574
2018-06-13,-0.002375121760634316,-0.002375121760634316,0.0,0.0,1.0495890248310595
2018-06-14,-0.01038463475375108,-0.01038463475375108,0.0,0.0,1.0386894261666433
2018-06-15,0.0012196873039648482,0.0012196873039648482,0.0,0.0,1.0399563024725014
2018-06-19,-0.01031467750521194,-0.01031467750521194,0.0,0.0,1.029229488592985
2018-06-20,0.0033492581430076664,0.0033492581430076664,0.0,0.0,1.0326766438386785
2018-06-21,0.003080393961301213,0.003080393961301213,0.0,0.0,1.0358576947363358
2018-06-22,-0.001985539064402437,-0.001985539064402437,0.0,0.0,1.033800958818275
2018-06-25,-0.0026192113807177618,-0.0026192113807177618,0.0,0.0,1.0310932155815413
2018-06-26,-0.0025208331458221444,-0.0025208331458221444,0.0,0.0,1.028494001627271
2018-06-27,-0.0038164001371965165,-0.0038164001371965165,0.0,0.0,1.0245688569783549
2018-06-28,-0.005043361872726349,-0.005043361872726349,0.0,0.0,1.0194015854690874
2018-06-29,0.012666276803530503,0.012666276803530503,0.0,0.0,1.032313608124597
2018-07-02,-0.005739832564828823,-0.005739832564828823,0.0,0.0,1.0263883008595676
2018-07-03,-0.006829308401932701,-0.006829308401932701,0.0,0.0,1.0193787786128619
2018-07-04,0.0019351013621111855,0.0019351013621111855,0.0,0.0,1.0213513798758629
2018-07-05,-0.007014786625433738,-0.007014786625433738,0.0,0.0,1.0141868178764413
2018-07-06,-0.002520838888271418,-0.002520838888271418,0.0,0.0,1.011630216305966
2018-07-09,0.009023495294112165,0.009023495294112165,0.0,0.0,1.0207586568021847
2018-07-10,0.002637683681901725,0.002637683681901725,0.0,0.0,1.0234510952543918
2018-07-11,-0.007232901312234819,-0.007232901312234819,0.0,0.0,1.016048574484518
2018-07-12,0.004845900468229051,0.004845900468229051,0.0,0.0,1.020972244747356
2018-07-13,0.005958597699004572,0.005958597699004572,0.0,0.0,1.027055807615655
2018-07-16,-0.00355770778147724,-0.00355770778147724,0.0,0.0,1.0234018431768894
2018-07-17,-2.3696308335310326e-06,-2.3696308335310326e-06,0.0,0.0,1.0233994180923267
2018-07-18,0.003503676371109727,0.003503676371109727,0.0,0.0,1.0269850784517043
2018-07-19,-0.004184152123833792,-0.004184152123833792,0.0,0.0,1.0226880166545549
2018-07-20,-6.843418447304229e-05,-6.843418447304229e-05,0.0,0.0,1.0226180298341647
2018-07-23,-0.0022064575686175716,-0.0022064575686175716,0.0,0.0,1.0203616665424322
2018-07-24,0.005818538133686584,0.005818538133686584,0.0,0.0,1.0262986798093614
2018-07-25,-0.0009070992577475242,-0.0009070992577475242,0.0,0.0,1.025367725038679
2018-07-26,0.0030934828648951527,0.0030934828648951527,0.0,0.0,1.0285396825263027
2018-07-27,0.0010988165161480096,0.0010988165161480096,0.0,0.0,1.0296698589169764
2018-07-30,-0.0025505710231916406,-0.0025505710231916406,0.0,0.0,1.027043612811369
2018-07-31,0.005776963056392017,0.005776963056392017,0.0,0.0,1.0329768058198836
2018-08-01,0.002369654299770165,0.002369654299770165,0.0,0.0,1.0354246037493575
2018-08-02,-0.012032868335995076,-0.012032868335995076,0.0,0.0,1.0229654758205917
2018-08-03,0.006121177826931473,0.006121177826931473,0.0,0.0,1.029227229408901
2018-08-06,0.0028160366539175643,0.0028160366539175643,0.0,0.0,1.0321255710121267
2018-08-07,0.0010851260008001664,0.0010851260008001664,0.0,0.0,1.0332455573053227
2018-08-08,0.0034321310747665095,0.0034321310747665095,0.0,0.0,1.0367917914904148
2018-08-09,-0.005224368653158197,-0.005224368653158197,0.0,0.0,1.0313752089551005
2018-08-10,-0.003052220902642553,-0.003052220902642553,0.0,0.0,1.0282272239838604
2018-08-13,-0.016667845945845628,-0.016667845945845628,0.0,0.0,1.011088891017173
2018-08-14,0.006191096423690954,0.006191096423690954,0.0,0.0,1.017348639834383
2018-08-15,-0.011585243150098824,-0.011585243150098824,0.0,0.0,1.0055624084734793
2018-08-16,-0.005655627889650773,-0.005655627889650773,0.0,0.0,0.9998753216713323
2018-08-17,0.0005629058460242588,0.0005629058460242588,0.0,0.0,1.0004381573351966
2018-08-20,0.0018290924763057835,0.0018290924763057835,0.0,0.0,1.0022680512417876
2018-08-21,0.007017723727018826,0.007017723727018826,0.0,0.0,1.00930169152582
2018-08-22,0.0013504690381232808,0.0013504690381232808,0.0,0.0,1.0106647222103509
2018-08-23,0.003970722449778062,0.003970722449778062,0.0,0.0,1.0146777913120302
2018-08-24,-0.007490501905977475,-0.007490501905977475,0.0,0.0,1.0070773453822544
2018-08-27,0.007509421623473414,0.007509421623473414,0.0,0.0,1.0146399137761781
2018-08-28,0.004489723331651674,0.004489723331651674,0.0,0.0,1.019195366270284
2018-08-29,0.0016277101221966828,0.0016277101221966828,0.0,0.0,1.020854320884458
2018-08-30,-0.0030602779315391845,-0.0030602779315391845,0.0,0.0,1.017730222934939
2018-08-31,0.0038066496256431953,0.0038066496256431953,0.0,0.0,1.02160436530708
2018-09-03,-0.010489771771965003,-0.010489771771965003,0.0,0.0,1.0108879686737657
2018-09-04,0.001950796443302585,0.001950796443302585,0.0,0.0,1.0128600053276318
2018-09-05,-0.0118762221906787,-0.0118762221906787,0.0,0.0,1.0008310548563089
2018-09-06,-0.004054715568249334,-0.004054715568249334,0.0,0.0,0.9967729695969956
2018-09-07,-0.008913700074707386,-0.008913700074707386,0.0,0.0,0.9878880343034325
2018-09-10,-0.010329091208058206,-0.010329091208058206,0.0,0.0,0.977684048693763
2018-09-11,0.006719925313890873,0.006719925313890873,0.0,0.0,0.9842540124815674
2018-09-12,-0.0010036248881562244,-0.0010036248881562244,0.0,0.0,0.9832661906583733
2018-09-13,0.005684190430277361,0.005684190430277361,0.0,0.0,0.9888552629297289
2018-09-14,0.005986605565321105,0.005986605565321105,0.0,0.0,0.994775149350081
2018-09-17,-0.0005106002186511734,-0.0005106002186511734,0.0,0.0,0.9942672169413141
2018-09-18,0.0010375770728199662,0.0010375770728199662,0.0,0.0,0.9952988458098689
2018-09-19,0.007012160433107344,0.007012160433107344,0.0,0.0,1.0022780409955743
2018-09-20,-0.0040232893487912175,-0.0040232893487912175,0.0,0.0,0.9982455864287094
2018-09-21,0.01274446102879948,0.01274446102879948,0.0,0.0,1.0109676884021213
2018-09-25,0.0006251268435847434,0.0006251268435847434,0.0,0.0,1.0115996714421382
2018-09-26,-0.002236029980784354,-0.002236029980784354,0.0,0.0,1.009337704248242
2018-09-27,0.004966912600834978,0.004966912600834978,0.0,0.0,1.0143509964099704
2018-09-28,-0.0014348754381742967,-0.0014348754381742967,0.0,0.0,1.012895529079534
2018-10-01,0.0020141397054235536,0.0020141397054235536,0.0,0.0,1.0149356421820992
2018-10-02,-0.00871635858694757,-0.00871635858694757,0.0,0.0,1.006089099182166
2018-10-03,-0.0031563759108989052,-0.0031563759108989052,0.0,0.0,1.0029135037852894
2018-10-04,-0.007081079918274627,-0.007081079918274627,0.0,0.0,0.9958117931138689
2018-10-05,-0.013054041429518059,-0.013054041429518059,0.0,0.0,0.9828124247105579
2018-10-08,-0.00019729176157785042,-0.00019729176157785042,0.0,0.0,0.982618523915986
2018-10-09,0.0026742103874728075,0.0026742103874728075,0.0,0.0,0.9852462525795654
2018-10-11,-0.05377392676337063,-0.05377392676337063,0.0,0.0,0.9322656927494665
2018-10-12,0.015576882261050595,0.015576882261050595,0.0,0.0,0.9467874856814418
2018-10-15,-0.012562981620736864,-0.012562981620736864,0.0,0.0,0.9348930119000821
2018-10-16,0.0013593448781578075,0.0013593448781578075,0.0,0.0,0.936163853927434
2018-10-17,-0.0006953969366395653,-0.0006953969366395653,0.0,0.0,0.9355128484512202
2018-10-18,-9.940968713373984e-05,-9.940968713373984e-05,0.0,0.0,0.935419849411646
2018-10-19,-0.004216765607095174,-0.004216765607095174,0.0,0.0,0.9314754031624528
2018-10-22,0.004089214662430547,0.004089214662430547,0.0,0.0,0.9352844060387581
2018-10-23,-0.012565765551424489,-0.012565765551424489,0.0,0.0,0.9235318414685717
2018-10-24,-0.0036633557831657615,-0.0036633557831657615,0.0,0.0,0.9201486157561901
2018-10-25,-0.01859691683416775,-0.01859691683416775,0.0,0.0,0.9030366884738976
2018-10-26,-0.0005909011393376762,-0.0005909011393376762,0.0,0.0,0.9025030830658146
2018-10-29,0.00034928542224043604,0.00034928542224043604,0.0,0.0,0.9028183142362566
2018-10-30,0.003870341035983426,0.003870341035983426,0.0,0.0,0.9063125290058826
2018-10-31,0.020185194040448842,0.020185194040448842,0.0,0.0,0.9246066232651563
2018-11-01,0.00236075121426217,0.00236075121426217,0.0,0.0,0.9267893894737445
2018-11-02,0.01008034264189234,0.01008034264189234,0.0,0.0,0.9361317440765099
2018-11-05,0.0011324926673883858,0.0011324926673883858,0.0,0.0,0.937191906412386
2018-11-06,-0.004234131504981501,-0.004234131504981501,0.0,0.0,0.9332237126352316
2018-11-07,0.010643874432318911,0.010643874432318911,0.0,0.0,0.9431568286497836
2018-11-08,0.004561172881430627,0.004561172881430627,0.0,0.0,0.9474587299995569
2018-11-09,-0.00603465531487148,-0.00603465531487148,0.0,0.0,0.9417411431389437
2018-11-12,-0.00035692002781221536,-0.00035692002781221536,0.0,0.0,0.9414050168639427
2018-11-13,-0.0007923755997384545,-0.0007923755997384545,0.0,0.0,0.9406590704991084
2018-11-14,0.004724264076976708,0.004724264076976708,0.0,0.0,0.9451029923545495
2018-11-15,0.0004931015746284918,0.0004931015746284918,0.0,0.0,0.9455690241282657
2018-11-16,0.0013991124968455414,0.0013991124968455414,0.0,0.0,0.9468919815665536
2018-11-19,0.007116094402599993,0.007116094402599993,0.0,0.0,0.9536301542964463
2018-11-20,-0.004996863448551594,-0.004996863448551594,0.0,0.0,0.9488649946350057
2018-11-21,0.0005770637852353473,0.0005770637852353473,0.0,0.0,0.9494125502604871
2018-11-22,-0.003092637815972811,-0.003092637815972811,0.0,0.0,0.9464763611045923
2018-11-23,-0.0045289564510404565,-0.0045289564510404565,0.0,0.0,0.9421898108832104
2018-11-26,0.004951705030693567,0.004951705030693567,0.0,0.0,0.946855256909629
2018-11-27,0.00027693698958026385,0.00027693698958026385,0.0,0.0,0.9471174761540458
2018-11-28,0.00862504072960632,0.00862504072960632,0.0,0.0,0.9552864029615964
2018-11-29,-0.0023971802814396507,-0.0023971802814396507,0.0,0.0,0.9529964092332894
2018-11-30,0.003887425963122672,0.003887425963122672,0.0,0.0,0.9567011122173057
2018-12-03,0.013640083462815943,0.013640083462815943,0.0,0.0,0.9697505952369185
2018-12-04,-0.0007531801586128051,-0.0007531801586128051,0.0,0.0,0.9690201983297831
2018-12-05,-0.010022530835059128,-0.010022530835059128,0.0,0.0,0.9593081635122278
2018-12-06,-0.015417418937850393,-0.015417418937850393,0.0,0.0,0.9445181076648599
2018-12-07,0.005862422524926813,0.005862422524926813,0.0,0.0,0.9500552718944356
2018-12-10,-0.01132997023667387,-0.01132997023667387,0.0,0.0,0.9392911739406766
2018-12-11,0.000368544242246337,0.000368544242246337,0.0,0.0,0.9396373442946252
2018-12-12,0.0055834770422450684,0.0055834770422450684,0.0,0.0,0.9448837878345304
2018-12-13,0.004742998072313067,0.004742998072313067,0.0,0.0,0.9493653698187895
2018-12-14,-0.003450661605699443,-0.003450661605699443,0.0,0.0,0.9460894311873752
2018-12-17,-0.0008013845600751936,-0.0008013845600751936,0.0,0.0,0.9453312497247713
2018-12-18,-0.00975020750603317,-0.00975020750603317,0.0,0.0,0.9361140738780171
2018-12-19,0.004823285501858666,0.004823285501858666,0.0,0.0,0.9406292193186389
2018-12-20,-0.0067144446227745715,-0.0067144446227745715,0.0,0.0,0.9343134165149601
2018-12-21,-0.0021853090001630695,-0.0021853090001630695,0.0,0.0,0.9322716529968769
2018-12-22,2.7434109772809883e-05,2.7434109772809883e-05,0.0,0.0,0.9322972290397432
2018-12-24,0.005786253763673364,0.005786253763673364,0.0,0.0,0.9376917373901366
2018-12-25,-0.01081038952362817,-0.01081038952362817,0.0,0.0,0.9275549244558616
2018-12-26,-0.005287786303135658,-0.005287786303135658,0.0,0.0,0.9226502122309179
2018-12-27,0.010181878108095758,0.010181878108095758,0.0,0.0,0.9320445242282618
2018-12-28,0.0074223697152819915,0.0074223697152819915,0.0,0.0,0.9389625032781881
2019-01-02,-0.010052862607036554,-0.010052862607036554,0.0,0.0,0.9295232422395734
2019-01-03,-0.0008959815967627864,-0.0008959815967627864,0.0,0.0,0.9286904065207635
2019-01-04,-0.0031405901008094025,-0.0031405901008094025,0.0,0.0,0.9257737706233278
2019-01-07,0.01686874216153518,0.01686874216153518,0.0,0.0,0.941390409659885
2019-01-08,-0.003324447076482624,-0.003324447076482624,0.0,0.0,0.9382608070646624
2019-01-09,0.014216314499946668,0.014216314499946668,0.0,0.0,0.9515994177808675
2019-01-10,-0.0013039717368777915,-0.0013039717368777915,0.0,0.0,0.9503585590352519
2019-01-11,-0.0018594552896824754,-0.0018594552896824754,0.0,0.0,0.9485914097855588
2019-01-14,-0.005596014394908132,-0.005596014394908132,0.0,0.0,0.9432830786015126
2019-01-15,0.0071450957623347125,0.0071450957623347125,0.0,0.0,0.9500229265291102
2019-01-16,-0.002848216659268111,-0.002848216659268111,0.0,0.0,0.9473170554030833
2019-01-17,0.0011201554931400616,0.0011201554931400616,0.0,0.0,0.9483781978064384
2019-01-18,0.0045640255893003995,0.0045640255893003995,0.0,0.0,0.9527066201695616
2019-01-21,0.0018310408224103498,0.0018310408224103498,0.0,0.0,0.9544510648828726
2019-01-22,-0.001314732686059114,-0.001314732686059114,0.0,0.0,0.9531962168706272
2019-01-23,0.00024822352923662214,0.00024822352923662214,0.0,0.0,0.9534328225996339
2019-01-24,0.0012229969962890312,0.0012229969962890312,0.0,0.0,0.9545988680778368
2019-01-25,0.00558747810400897,0.00558747810400897,0.0,0.0,0.9599326683513335
2019-01-28,0.0017849640946197207,0.0017849640946197207,0.0,0.0,0.9616461136975931
2019-01-29,-0.0006913834690911082,-0.0006913834690911082,0.0,0.0,0.9609812474714668
2019-01-30,0.00010380332326359555,0.00010380332326359555,0.0,0.0,0.9610810005185484
2019-02-11,-0.0020707602805132776,-0.0020707602805132776,0.0,0.0,0.9590908321563186
2019-02-12,0.005484519801054865,0.005484519801054865,0.0,0.0,0.9643509848162902
2019-02-13,0.00276563561808894,0.00276563561808894,0.0,0.0,0.9670180282482373
2019-02-14,-0.0007515944974072682,-0.0007515944974072682,0.0,0.0,0.9662912228193123
2019-02-15,-0.0025005659290282013,-0.0025005659290282013,0.0,0.0,0.9638749479100113
2019-02-18,0.006447541558312417,0.006447541558312417,0.0,0.0,0.9700895716936774
2019-02-19,0.0003991621119407546,0.0003991621119407546,0.0,0.0,0.9704767946958863
2019-02-20,0.006351877019381521,0.005567402419438965,0.3565793636102527,0.000784474599942556,0.9758798295506856
2019-02-21,0.003106092649157839,0.003106092649157839,0.0,0.0,0.9789110027157143
2019-02-22,0.0019330126805137695,0.0019330126805137695,0.0,0.0,0.9808032500970582
2019-02-25,0.003050735643756287,0.003050735643756287,0.0,0.0,0.9837954215316413
2019-02-26,0.00033348468170840673,0.00033348468170840673,0.0,0.0,0.984123502234657
2019-02-27,0.003512345503287666,0.003512345503287666,0.0,0.0,0.9875800839924107
2019-03-04,-0.0034374858101315587,-0.0034374858101315587,0.0,0.0,0.9841852914673183
2019-03-05,-0.0018075570638724347,-0.0018075570638724347,0.0,0.0,0.9824063203915672
2019-03-06,0.0031368485902572947,0.0031368485902572947,0.0,0.0,0.9854879802727472
2019-03-07,-0.0032203293845206277,-0.0032203293845206277,0.0,0.0,0.982314384371783
2019-03-08,-0.0039883842769275766,-0.0039883842769275766,0.0,0.0,0.9783965371261547
2019-03-11,-0.0009114475892734586,-0.0009114475892734586,0.0,0.0,0.9775047799610376
2019-03-12,0.007915932216424507,0.007915932216424507,0.0,0.0,0.9852426415404402
2019-03-13,-0.0003711438500786686,-0.0003711438500786686,0.0,0.0,0.9848769747931972
2019-03-14,-0.0032897204397509005,-0.0032897204397509005,0.0,0.0,0.98163700487858
2019-03-15,0.005894035224021105,0.005894035224021105,0.0,0.0,0.9874228079625369
2019-03-18,0.00654509968920818,0.00654509968920818,0.0,0.0,0.9938855886760496
2019-03-19,0.0012070817360847281,0.0012070817360847281,0.0,0.0,0.9950852898178983
2019-03-20,0.0023662427706678756,0.0023662427706678756,0.0,0.0,0.9974399031911279
2019-03-21,0.0023701787951634053,0.0023701787951634053,0.0,0.0,0.9998040140991212
2019-03-22,-0.0023764331646109363,-0.0023764331646109363,0.0,0.0,0.997428046681905
2019-03-25,-0.005332903304237637,-0.005332903304237637,0.0,0.0,0.9921088593560158
2019-03-26,0.004286281849309214,0.004286281849309214,0.0,0.0,0.9963613175524124
2019-03-27,-0.0028044391856493116,-0.0028044391856493116,0.0,0.0,0.9935670828304033
2019-03-28,-0.0011408157781069583,-0.0011408157781069583,0.0,0.0,0.9924336058257026
2019-03-29,0.008411511237042464,0.008411511237042464,0.0,0.0,1.000781472253124
2019-04-01,-0.003971143524136579,-0.003971143524136579,0.0,0.0,0.9968072253905101
2019-04-02,0.00043492939089824554,0.00043492939089824554,0.0,0.0,0.9972407661498922
2019-04-03,0.0015819535420149183,0.0015819535420149183,0.0,0.0,0.9988183547121448
2019-04-08,0.003546201552296973,0.003546201552296973,0.0,0.0,1.0023603659120877
2019-04-09,0.003987665069386246,0.003987665069386246,0.0,0.0,1.0063574433301725
2019-04-10,0.00020776006142144798,0.00020776006142144798,0.0,0.0,1.0065665242144106
2019-04-11,-0.0025629902788372547,-0.0025629902788372547,0.0,0.0,1.003986703997846
2019-04-12,0.0009744358536813205,0.0009744358536813205,0.0,0.0,1.004965024638841
2019-04-15,0.002541901970224688,0.002541901970224688,0.0,0.0,1.0075195472149774
2019-04-16,0.0016789182629084853,0.0016789182629084853,0.0,0.0,1.0092110901830338
2019-04-17,0.0025946366079256447,0.0025946366079256447,0.0,0.0,1.0118296262227473
2019-04-18,-0.006290604377119124,-0.006290604377119124,0.0,0.0,1.0054646063471318
2019-04-19,0.0026703930877819545,0.0026703930877819545,0.0,0.0,1.0081495920819306
2019-04-22,0.0005341452130177272,0.0005341452130177272,0.0,0.0,1.0086880903605469
2019-04-23,0.0030062912330269553,0.0030062912330269553,0.0,0.0,1.0117205005234564
2019-04-24,0.0014135255543037749,0.0014135255543037749,0.0,0.0,1.0131505933047593
2019-04-25,3.648810772929225e-05,3.648810772929225e-05,0.0,0.0,1.0131875612527539
2019-04-26,-2.0026188143983318e-05,-2.0026188143983318e-05,0.0,0.0,1.013167270968027
2019-04-29,0.004380527068894672,0.004380527068894672,0.0,0.0,1.0176054776238206
2019-04-30,0.0025774634811495186,0.0025774634811495186,0.0,0.0,1.0202283185806136
2019-05-02,0.003088134454684675,0.003088134454684675,0.0,0.0,1.0233789208028674
2019-05-03,0.000163974841853717,0.000163974841853717,0.0,0.0,1.0235467291995626
2019-05-06,-0.014197588631606832,-0.014197588631606832,0.0,0.0,1.0090148337931606
2019-05-07,0.005299019368098334,0.005299019368098334,0.0,0.0,1.014361622940129
2019-05-08,-0.004549655891709788,-0.004549655891709788,0.0,0.0,1.0097466266059953
2019-05-09,-0.011326104096869207,-0.011326104096869207,0.0,0.0,0.9983101312015934
2019-05-10,-0.002151642825618105,-0.002151642825618105,0.0,0.0,0.9961621243700517
2019-05-13,-0.006243989114466702,-0.006243989114466702,0.0,0.0,0.9899420989092411
2019-05-14,-0.004193596422800824,-0.004193596422800824,0.0,0.0,0.9857906812644754
2019-05-15,0.002290702271033986,0.002290702271033986,0.0,0.0,0.988048834216812
2019-05-16,-0.006788518201965847,-0.006788518201965847,0.0,0.0,0.9813414467213001
2019-05-17,-0.0005099215530895918,-0.0005099215530895918,0.0,0.0,0.9808410395666768
2019-05-20,0.009233068734497469,0.009233068734497469,0.0,0.0,0.9898972123026119
2019-05-21,0.010485384661165784,0.010485384661165784,0.0,0.0,1.0002766653486206
2019-05-22,-0.0042817860446672145,-0.0042817860446672145,0.0,0.0,0.9959936946821246
2019-05-23,-0.003339489690682066,-0.003339489690682066,0.0,0.0,0.9926675840067493
2019-05-24,0.0019127879113407234,0.0019127879113407234,0.0,0.0,0.9945663465614172
2019-05-27,0.0029763530091543224,0.0029763530091543224,0.0,0.0,0.9975265270998088
2019-05-28,-0.0008672218646972815,-0.0008672218646972815,0.0,0.0,0.9966614502848924
2019-05-29,-0.0006871955743989918,-0.0006871955743989918,0.0,0.0,0.9959765489470825
2019-05-30,0.007709557334569262,0.007709557334569262,0.0,0.0,1.0036550872550767
2019-05-31,0.009123716303248692,0.009123716303248692,0.0,0.0,1.0128121515375044
2019-06-03,-0.0010108634861994217,-0.0010108634861994217,0.0,0.0,1.0117883367151361
2019-06-04,0.0002957498063522634,0.0002957498063522634,0.0,0.0,1.0120875729197891
2019-06-05,0.0015135209396255627,0.0015135209396255627,0.0,0.0,1.013619388654138
2019-06-06,0.004340070442266124,0.004340070442266124,0.0,0.0,1.0180185682025436
2019-06-10,0.00498412174558775,0.00498412174558775,0.0,0.0,1.023092496685734
2019-06-11,-0.00476795736201799,-0.00476795736201799,0.0,0.0,1.0182144352841358
2019-06-12,-0.004967719845772315,-0.004967719845772315,0.0,0.0,1.013156231226723
2019-06-13,-0.0007014366542026965,-0.0007014366542026965,0.0,0.0,1.0124455663097067
2019-06-14,0.0008421653449752083,0.0008421653449752083,0.0,0.0,1.0132982128793266
2019-06-17,0.0017213039899555906,0.0017213039899555906,0.0,0.0,1.0150424071361706
2019-06-18,0.001515354270366676,0.001515354270366676,0.0,0.0,1.0165805559824277
2019-06-19,0.012790838593665164,0.012790838593665164,0.0,0.0,1.0295834737914573
2019-06-20,0.0016544164623325153,0.0016544164623325153,0.0,0.0,1.0312868336398433
2019-06-21,-0.003094104936004369,-0.003094104936004369,0.0,0.0,1.0280959239574419
2019-06-24,0.004654662444571778,0.004654662444571778,0.0,0.0,1.0328813634441039
2019-06-25,-0.0021695075437558695,-0.0021695075437558695,0.0,0.0,1.030640519534307
2019-06-26,-0.000993897529723174,-0.000993897529723174,0.0,0.0,1.0296161684679093
2019-06-27,0.004182133480553688,0.004182133480553688,0.0,0.0,1.0339221607181783
2019-06-28,-0.003686322873609223,-0.003686322873609223,0.0,0.0,1.0301107898075914
2019-07-01,0.0015089406668271192,0.0015089406668271192,0.0,0.0,1.0316651658696696
2019-07-02,-0.0021403045286789756,-0.0021403045286789756,0.0,0.0,1.0294570882430785
2019-07-03,-0.0030482134645380197,-0.0030482134645380197,0.0,0.0,1.0263190832855318
2019-07-04,0.001171177078343471,0.001171177078343471,0.0,0.0,1.0275210846709424
2019-07-05,0.0016481536343631081,0.0016481536343631081,0.0,0.0,1.0292145972810276
2019-07-08,-0.0034186000193505654,-0.0034186000193505654,0.0,0.0,1.0256961242388467
2019-07-09,-0.00584509383427768,-0.00584509383427768,0.0,0.0,1.0197008341472158
2019-07-10,0.004765950900420463,0.004765950900420463,0.0,0.0,1.0245606782558794
2019-07-11,0.0021807203098749696,0.0021807203098749696,0.0,0.0,1.0267949585356513
2019-07-12,-0.0011266208660153235,-0.0011266208660153235,0.0,0.0,1.0256381499102456
2019-07-15,-0.002436053760982812,-0.002436053760982812,0.0,0.0,1.0231396402377493
2019-07-16,-0.0019953710031537517,-0.0019953710031537517,0.0,0.0,1.0210980970674417
2019-07-17,0.002526157139256667,0.002526157139256667,0.0,0.0,1.02367755131523
2019-07-18,-0.0031654708772789167,-0.0031654708772789167,0.0,0.0,1.0204371298388175
2019-07-19,0.0014370772009300852,0.0014370772009300852,0.0,0.0,1.0219035767730913
2019-07-22,-0.0010236145010529057,-0.0010236145010529057,0.0,0.0,1.0208575414532286
2019-07-23,-0.0014500820378264875,-0.0014500820378264875,0.0,0.0,1.0193772142691875
2019-07-24,-0.0037295956748267306,-0.0037295956748267306,0.0,0.0,1.015575349419832
2019-07-25,-0.003076418602928969,-0.003076418602928969,0.0,0.0,1.0124510145222008
2019-07-26,-0.00155145545915812,-0.00155145545915812,0.0,0.0,1.01088024186859
2019-07-29,-0.00023120606720249056,-0.00023120606720249056,0.0,0.0,1.010646520223455
2019-07-30,-0.0020083953585380253,-0.0020083953585380253,0.0,0.0,1.0086167424431156
2019-07-31,-0.0011743396591975806,-0.0011743396591975806,0.0,0.0,1.007432283801534
2019-08-01,-0.009802359125937549,-0.009802359125937549,0.0,0.0,0.9975570707606479
2019-08-02,-0.011999501438657932,-0.011999501438657932,0.0,0.0,0.9855868832549122
2019-08-05,-0.0056486755812808235,-0.0056486755812808235,0.0,0.0,0.9800196226942395
2019-08-06,-0.008560257102017308,-0.008560257102017308,0.0,0.0,0.9716304027589547
2019-08-07,-0.0017612746672317709,-0.0017612746672317709,0.0,0.0,0.9699190947446632
2019-08-08,0.006528108728217363,0.006528108728217363,0.0,0.0,0.9762508320527306
2019-08-12,-0.0035120970060231126,-0.0035120970060231126,0.0,0.0,0.9728221444283507
2019-08-13,-0.008389481148511905,-0.008389481148511905,0.0,0.0,0.9646606713868141
2019-08-14,0.0006088537382829111,0.0006088537382829111,0.0,0.0,0.9652480086427625
2019-08-15,-0.010168150920662561,-0.010168150920662561,0.0,0.0,0.9554332212150138
2019-08-16,0.011647831333403915,0.011647831333403915,0.0,0.0,0.9665619462260571
2019-08-19,0.004922647028445145,0.004922647028445145,0.0,0.0,0.9713199895184549
2019-08-20,-0.0018558637805476817,-0.0018558637805476817,0.0,0.0,0.9695173519305856
2019-08-21,-0.00017680586259025046,-0.00017680586259025046,0.0,0.0,0.9693459355788813
2019-08-22,0.0012308797551002842,0.0012308797551002842,0.0,0.0,0.9705390838666742
2019-08-23,0.0025311880795545853,0.0025311880795545853,0.0,0.0,0.9729957008264994
2019-08-26,-0.01153462454605773,-0.01153462454605773,0.0,0.0,0.9617725607325375
2019-08-27,-0.001210595774302834,-0.001210595774302834,0.0,0.0,0.9606082429346743
2019-08-28,0.0026935631945123346,0.0026935631945123346,0.0,0.0,0.9631957019421884
2019-08-29,0.0013230982390531566,0.0013230982390531566,0.0,0.0,0.9644701044792916
2019-08-30,0.013485741185588302,0.013485741185588302,0.0,0.0,0.9774766986895366
2019-09-02,0.0030031783376669777,0.0030031783376669777,0.0,0.0,0.9804122355366152
2019-09-03,-0.00531844176412623,-0.00531844176412623,0.0,0.0,0.9751979701570769
2019-09-04,0.00709905205174261,0.00709905205174261,0.0,0.0,0.9821209513079757
2019-09-05,0.004294216098936712,0.004294216098936712,0.0,0.0,0.9863383909081855
2019-09-06,0.0028771270922853046,0.0028771270922853046,0.0,0.0,0.9891762118148286
2019-09-09,0.005390108080440454,0.005390108080440454,0.0,0.0,0.9945079785071111
2019-09-10,0.005100155112358191,0.005100155112358191,0.0,0.0,0.9995801234579752
2019-09-11,0.0027831012000119155,0.0027831012000119155,0.0,0.0,1.0023620560990791
2019-09-12,0.0005415373881855478,0.0005415373881855478,0.0,0.0,1.0029048726289553
2019-09-16,0.0038150637054724643,0.0038150637054724643,0.0,0.0,1.0067310186085634
2019-09-17,-0.00028618395926579654,-0.00028618395926579654,0.0,0.0,1.0064429083397424
2019-09-18,0.0026381991377930998,0.0026381991377930998,0.0,0.0,1.0090981051527623
2019-09-19,-0.0032302172729007294,-0.0032302172729007294,0.0,0.0,1.0058384990234466
2019-09-20,0.0040608321814893,0.0040608321814893,0.0,0.0,1.0099230403696617
2019-09-23,-0.004078326581702589,-0.004078326581702589,0.0,0.0,1.0058042443886483
2019-09-24,-0.0014374736120277307,-0.0014374736120277307,0.0,0.0,1.0043584273284742
2019-09-25,-0.005111285279715084,-0.005111285279715084,0.0,0.0,0.9992248648833124
2019-09-26,-0.0022202338318700696,-0.0022202338318700696,0.0,0.0,0.9970063520326526
2019-09-27,-0.008125887875262468,-0.008125887875262468,0.0,0.0,0.9889047902051108
2019-10-01,0.009033267769245271,0.009033267769245271,0.0,0.0,0.9978378319733229
2019-10-02,-0.00372657759483635,-0.00372657759483635,0.0,0.0,0.994119311865411
2019-10-03,-0.0062959493505949414,-0.0062959493505949414,0.0,0.0,0.9878603870294581
2019-10-04,0.0035398159425365284,0.0035398159425365284,0.0,0.0,0.9913572309764653
2019-10-07,0.0007550032989115331,0.0007550032989115331,0.0,0.0,0.9921057089562523
2019-10-08,0.001775187477415113,0.001775187477415113,0.0,0.0,0.9938668825870633
2019-10-09,-0.00980113393079864,-0.00980113393079864,0.0,0.0,0.9841258601614422
2019-10-14,0.010170577618502737,0.010170577618502737,0.0,0.0,0.9941349886085901
2019-10-15,0.0005006256741120019,0.0005006256741120019,0.0,0.0,0.9946326781074206
2019-10-16,0.004607290050467259,0.004607290050467259,0.0,0.0,0.9992152393491345
2019-10-17,0.0047525660830563185,0.0047525660830563185,0.0,0.0,1.003964075805338
2019-10-18,-0.0007396204662147242,-0.0007396204662147242,0.0,0.0,1.0032215234275281
2019-10-21,0.0038720059205662634,0.0038720059205662634,0.0,0.0,1.0071060031058792
2019-10-22,0.0034531625127446966,0.0034531625127446966,0.0,0.0,1.0105837038021646
2019-10-23,-0.004408656905557032,-0.004408656905557032,0.0,0.0,1.0061283869777538
2019-10-24,0.006178346246891013,0.006178346246891013,0.0,0.0,1.0123445965213282
2019-10-25,-0.0007282294507137157,-0.0007282294507137157,0.0,0.0,1.0116073773718706
2019-10-28,0.0006885646744045235,0.0006885646744045235,0.0,0.0,1.0123039344762959
2019-10-29,-0.00037326361494676504,-0.00037326361494676504,0.0,0.0,1.0119260782502884
2019-10-30,0.005750690677188701,0.005750690677188701,0.0,0.0,1.0177453521144864
2019-10-31,-0.0016078299963217704,-0.0016078299963217704,0.0,0.0,1.0161089906087395
2019-11-01,0.0023740615603015996,0.0023740615603015996,0.0,0.0,1.0185212959044205
2019-11-04,0.007246783408569683,0.007246783408569683,0.0,0.0,1.0259022991328555
2019-11-05,0.005217641317154083,0.005217641317154083,0.0,0.0,1.0312550893561745
2019-11-06,0.0025463659083857456,0.0025463659083857456,0.0,0.0,1.0338810421585602
2019-11-07,-0.0009156243279773514,-0.0009156243279773514,0.0,0.0,1.0329343955241252
2019-11-08,-0.0005559708645927969,-0.0005559708645927969,0.0,0.0,1.0323601140951781
2019-11-11,-0.008096590343399625,-0.008096590343399625,0.0,0.0,1.0240015171644843
2019-11-12,0.002973697800827865,0.002973697800827865,0.0,0.0,1.0270465882241206
2019-11-13,-0.006176175911652183,-0.006176175911652183,0.0,0.0,1.0207033678257862
2019-11-14,-0.0024910310227334574,-0.0024910310227334574,0.0,0.0,1.0181607640715238
2019-11-15,0.002890724701041356,0.002890724701041356,0.0,0.0,1.0211039865418565
2019-11-18,0.005548370850912361,0.005548370850912361,0.0,0.0,1.0267694501365356
2019-11-19,0.0002036540122660779,0.0002036540122660779,0.0,0.0,1.0269785558547282
2019-11-20,0.00038331229104543495,0.00038331229104543495,0.0,0.0,1.0273722093578275
2019-11-21,-0.0069491700758449355,-0.0069491700758449355,0.0,0.0,1.0202328251438033
2019-11-22,0.0030046669785174737,0.0030046669785174737,0.0,0.0,1.0232982850239125
2019-11-25,0.0018987679897868842,0.0018987679897868842,0.0,0.0,1.0252412910515196
2019-11-26,-0.00041561649215431773,-0.00041561649215431773,0.0,0.0,1.024815183862521
2019-11-27,0.006408577882745717,0.006408577882745717,0.0,0.0,1.0313827917837242
2019-11-28,-0.0021738733762323875,-0.0021738733762323875,0.0,0.0,1.0291406961919614
2019-11-29,-0.00615710081947197,-0.00615710081947197,0.0,0.0,1.022804173168086
2019-12-02,-0.0019228375985807225,-0.0019228375985807225,0.0,0.0,1.020837486847933
2019-12-03,0.0014908312050109307,0.0014908312050109307,0.0,0.0,1.0223593832285711
2019-12-04,-0.0006577425699741638,-0.0006577425699741638,0.0,0.0,1.021686933940409
2019-12-05,0.00017155956680616516,0.00017155956680616516,0.0,0.0,1.0218622141082074
2019-12-06,-0.0009671721508466516,-0.0009671721508466516,0.0,0.0,1.0208738974327194
2019-12-09,0.0033071771357334216,0.0033071771357334216,0.0,0.0,1.024250108244776
2019-12-10,0.000555104476796323,0.000555104476796323,0.0,0.0,1.0248186740652219
2019-12-11,0.001062530592361882,0.001062530592361882,0.0,0.0,1.02590757525804
2019-12-12,0.0033181518315688325,0.0033181518315688325,0.0,0.0,1.0293116923579029
2019-12-13,0.006016641114719424,0.006016641114719424,0.0,0.0,1.0355046914060049
2019-12-16,0.0007958533163828022,0.0007958533163828022,0.0,0.0,1.0363288012487903
2019-12-17,0.005953184473943893,0.005953184473943893,0.0,0.0,1.0424982577782855
2019-12-18,0.004346059635273089,0.004346059635273089,0.0,0.0,1.0470290173762582
2019-12-19,-0.002806388886505408,-0.002806388886505408,0.0,0.0,1.0440906467780449
2019-12-20,-0.000524544938402871,-0.000524544938402871,0.0,0.0,1.0435429743140436
2019-12-23,0.004553331602569473,0.004553331602569473,0.0,0.0,1.048294571517627
2019-12-24,-0.0035665548048894953,-0.0035665548048894953,0.0,0.0,1.0445557714766411
2019-12-25,0.0015405944764656575,0.0015405944764656575,0.0,0.0,1.0461650083285383
2019-12-26,-0.0009840705280086174,-0.0009840705280086174,0.0,0.0,1.0451355081764082
2019-12-27,0.002820881290372447,0.002820881290372447,0.0,0.0,1.048083711377327
2019-12-30,-0.0018060941770226494,-0.0018060941770226494,0.0,0.0,1.046190773489176
2019-12-31,-0.004785141399214945,-0.004785141399214945,0.0,0.0,1.0411846027074763
2020-01-02,0.002147303145491548,0.002147303145491548,0.0,0.0,1.0434203416799073
2020-01-03,0.0015053731255678551,0.0015053731255678551,0.0,0.0,1.044991078620943
2020-01-06,-0.009452253490664876,-0.009452253490664876,0.0,0.0,1.0351135580503346
2020-01-07,-0.0022995662781043484,-0.0022995662781043484,0.0,0.0,1.0327332458182334
2020-01-08,-0.005780226739800535,-0.005780226739800535,0.0,0.0,1.026763813495674
2020-01-09,0.006039993313476007,0.006039993313476007,0.0,0.0,1.032965460063707
2020-01-10,0.0033886529901333362,0.0033886529901333362,0.0,0.0,1.0364658215586562
2020-01-13,0.0077201532016504875,0.0077201532016504875,0.0,0.0,1.0444674964893634
2020-01-14,0.0023222284424505527,0.0023222284424505527,0.0,0.0,1.046892988616926
2020-01-15,-0.0029704886891103706,-0.0029704886891103706,0.0,0.0,1.0437832048355307
2020-01-16,0.0015643129057192852,0.0015643129057192852,0.0,0.0,1.045416008373628
2020-01-17,0.004555585447597855,0.004555585447597855,0.0,0.0,1.0501784903280607
2020-01-20,0.003951496556310574,0.003951496556310574,0.0,0.0,1.0543282670161034
2020-01-30,-0.05103710620273407,-0.05103710620273407,0.0,0.0,1.000518403279858
2020-01-31,0.007227330730033015,0.007227330730033015,0.0,0.0,1.007749480681846
2020-02-03,-0.004730832629158757,-0.004730832629158757,0.0,0.0,1.0029819865566187
2020-02-04,0.010412586852513471,0.010412586852513471,0.0,0.0,1.013425623603146
2020-02-05,0.00177228014507183,0.00177228014507183,0.0,0.0,1.015221697714365
2020-02-06,0.01141946509719344,0.01141946509719344,0.0,0.0,1.0268149864573277
2020-02-07,-0.007960362742789896,-0.007960362742789896,0.0,0.0,1.0186411666953945
2020-02-10,-0.00032557310980131735,-0.00032557310980131735,0.0,0.0,1.0183095245229818
2020-02-11,0.0021711176222396155,0.0021711176222396155,0.0,0.0,1.0205203942765682
2020-02-12,0.0016867707857817435,0.0016867707857817435,0.0,0.0,1.0222417782639284
2020-02-13,0.003331990922661262,0.003331990922661262,0.0,0.0,1.0256478785898688
2020-02-14,0.0004406860798869397,0.0004406860798869397,0.0,0.0,1.026099867332829
2020-02-17,-0.002332169173969521,-0.002332169173969521,0.0,0.0,1.0237068288528213
2020-02-18,0.0016722720449592653,0.0016722720449592653,0.0,0.0,1.025418745164946
2020-02-19,0.009394108108462161,0.009394108108462161,0.0,0.0,1.035051639713469
2020-02-20,-0.003903732216248827,-0.003903732216248827,0.0,0.0,1.0310110752820383
2020-02-21,-0.004568439073954329,-0.004568439073954329,0.0,0.0,1.0263009640000402
2020-02-24,-0.009530094633000134,-0.009530094633000134,0.0,0.0,1.0165202186911806
2020-02-25,-0.003103042760589777,-0.003103042760589777,0.0,0.0,1.0133659129855777
2020-02-26,-0.006370810109571402,-0.006370810109571402,0.0,0.0,1.006909951182434
2020-02-27,-0.006985882046516116,-0.006985882046516116,0.0,0.0,0.9998757970320102
2020-03-02,-0.01189818777946694,-0.01189818777946694,0.0,0.0,0.9879790870427793
2020-03-03,0.008352283229648254,0.008352283229648254,0.0,0.0,0.9962309682027299
2020-03-04,0.006697357903333626,0.006697357903333626,0.0,0.0,1.002903083551168
2020-03-05,0.009233347409339841,0.009233347409339841,0.0,0.0,1.012163236139494
2020-03-06,-0.014485102237775507,-0.015135466469803812,0.2956201054674114,0.0006503642320283052,0.9968436734169367
2020-03-09,-0.02249886659548708,-0.02249886659548708,0.0,0.0,0.9744158205921738
2020-03-10,-0.00039199655865589827,-0.00039199655865589827,0.0,0.0,0.9740338529438018
2020-03-11,-0.0027465548327239245,-0.0027465548327239245,0.0,0.0,0.9713586155577624
2020-03-12,-0.038028563153503434,-0.038028563153503434,0.0,0.0,0.9344192431013243
2020-03-13,-0.027284571087699223,-0.027284571087699223,0.0,0.0,0.9089240148372121
2020-03-16,-0.03418998640653015,-0.03418998640653015,0.0,0.0,0.877847915125359
2020-03-17,-0.033818171631993736,-0.033818171631993736,0.0,0.0,0.8481607036648617
2020-03-18,-0.019553892910310667,-0.019553892910310667,0.0,0.0,0.8315758600946653
2020-03-19,-0.06637618958661531,-0.06637618958661531,0.0,0.0,0.7763790231493691
2020-03-20,0.057608796231092746,0.057608796231092746,0.0,0.0,0.821105284092076
2020-03-23,-0.03845680783936128,-0.03845680783936128,0.0,0.0,0.7895281959658629
2020-03-24,0.03893303966272076,0.03893303966272076,0.0,0.0,0.8202669285342382
2020-03-25,0.039844144684102106,0.039844144684102106,0.0,0.0,0.8529497627143404
2020-03-26,0.002365801113569133,0.002365801113569133,0.0,0.0,0.8549676722127886
2020-03-27,0.01083652092207139,0.01083652092207139,0.0,0.0,0.8642325472804171
2020-03-30,-0.009075703615561533,-0.009075703615561533,0.0,0.0,0.8563890288263782
2020-03-31,-0.0010071581476306614,-0.0010071581476306614,0.0,0.0,0.8555265096384542
2020-04-01,-0.0026470729461047365,-0.0026470729461047365,0.0,0.0,0.8532618685601149
2020-04-06,0.013845918911911378,0.013845918911911378,0.0,0.0,0.8650760632028242
2020-04-07,0.008755027832573245,0.008755027832573245,0.0,0.0,0.8726498282134577
2020-04-08,0.010343759558520814,0.010343759558520814,0.0,0.0,0.8816763082152821
2020-04-09,0.005830314695183364,0.005830314695183364,0.0,0.0,0.8868167585514648
2020-04-10,0.015832736602694183,0.015832736602694183,0.0,0.0,0.9008574947044652
2020-04-13,-0.007847274525466293,-0.007847274525466293,0.0,0.0,0.8937882186351954
2020-04-14,0.02072925113862239,0.02072925113862239,0.0,0.0,0.9123157790840263
2020-04-15,0.014467055764793273,0.014467055764793273,0.0,0.0,0.9255143023351357
2020-04-16,-0.012341726941065924,-0.012341726941065924,0.0,0.0,0.9140918575356642
2020-04-17,0.0033615355848921114,0.0033615355848921114,0.0,0.0,0.9171646098426306
2020-04-20,-0.002887845790250575,-0.002887845790250575,0.0,0.0,0.9145159798851298
2020-04-21,-0.028074820070512277,-0.028074820070512277,0.0,0.0,0.8888411082982465
2020-04-22,0.00014026423437944998,0.00014026423437944998,0.0,0.0,0.8889657809157869
2020-04-23,0.0026525446212407955,0.0026525446212407955,0.0,0.0,0.8913238023164223
2020-04-24,-0.0010652580207031138,-0.0010652580207031138,0.0,0.0,0.8903743124869611
2020-04-27,0.022522730107371366,0.022522730107371366,0.0,0.0,0.9104279728216412
2020-04-28,0.008327919900508587,0.008327919900508587,0.0,0.0,0.9180099440544823
2020-04-29,0.013091662485233826,0.013091662485233826,0.0,0.0,0.9300282204001319
2020-04-30,0.01661213232934433,0.01661213232934433,0.0,0.0,0.9454779722674433
2020-05-04,-0.022583939803786007,-0.022583939803786007,0.0,0.0,0.9241253546559497
2020-05-05,0.005828318752217098,0.005828318752217098,0.0,0.0,0.9295114517898901
2020-05-06,-0.00576710138063269,-0.00576710138063269,0.0,0.0,0.9241508650129587
2020-05-07,0.002448587756417382,0.002448587756417382,0.0,0.0,0.9264137295061119
2020-05-08,0.004415955330224264,0.004415955330224264,0.0,0.0,0.9305047311529174
2020-05-11,0.011116699638878442,0.011116699638878442,0.0,0.0,0.9408488727616998
2020-05-12,-0.007920909175980671,-0.007920909175980671,0.0,0.0,0.9333964942922306
2020-05-13,0.0029410911795316316,0.0029410911795316316,0.0,0.0,0.9361416984885992
2020-05-14,-0.010481005526204224,-0.010481005526204224,0.0,0.0,0.9263299921734299
2020-05-15,-0.0008297773036862113,-0.0008297773036862113,0.0,0.0,0.9255613445702007
2020-05-18,-0.00021137849351249356,-0.00021137849351249356,0.0,0.0,0.925365700807532
2020-05-19,0.011459122165148373,0.011459122165148373,0.0,0.0,0.9359695794205236
2020-05-20,0.0018090866455379244,0.0018090866455379244,0.0,0.0,0.9376628294872831
2020-05-21,0.005830192670714045,0.005830192670714045,0.0,0.0,0.9431295844433608
2020-05-22,-0.015305238863935504,-0.015305238863935504,0.0,0.0,0.9286947608738109
2020-05-25,0.002414714861468083,0.002414714861468083,0.0,0.0,0.9309372939146605
2020-05-26,0.012391711186670533,0.012391711186670533,0.0,0.0,0.9424731999937516
2020-05-27,0.0017749211563509286,0.0017749211563509286,0.0,0.0,0.9441460156157142
2020-05-28,-0.004948588604951415,-0.004948588604951415,0.0,0.0,0.939473825401428
2020-05-29,0.0021963280103122905,0.0021963280103122905,0.0,0.0,0.9415372180791124
2020-06-01,0.009129289908874207,0.009129289908874207,0.0,0.0,0.9501327843029514
2020-06-02,0.008595930303187456,0.008595930303187456,0.0,0.0,0.9583000594955932
2020-06-03,0.01786089773804866,0.01786089773804866,0.0,0.0,0.9754161588606098
2020-06-04,0.0007699027013606718,0.0007699027013606718,0.0,0.0,0.9761671343962673
2020-06-05,0.0022554401244241694,0.0022554401244241694,0.0,0.0,0.9783688209193289
2020-06-08,0.010314492404288774,0.010314492404288774,0.0,0.0,0.9884601986912943
2020-06-09,-0.0009657444854515553,-0.0009657444854515553,0.0,0.0,0.9875055987053198
2020-06-10,0.0067899887111217486,0.0067899887111217486,0.0,0.0,0.9942107505726986
2020-06-11,-0.021310865079071022,-0.021310865079071022,0.0,0.0,0.9730232594070819
2020-06-12,-0.00987006598247757,-0.00987006598247757,0.0,0.0,0.9634194556342487
2020-06-15,-0.008219941556945118,-0.008219941556945118,0.0,0.0,0.9555002040141113
2020-06-16,0.013833924386559117,0.013833924386559117,0.0,0.0,0.9687185215877843
2020-06-17,0.003577314421117361,0.003577314421117361,0.0,0.0,0.9721839323250637
2020-06-18,-0.005427711264317564,-0.005427711264317564,0.0,0.0,0.9669071986445945
2020-06-19,-0.006558252042147187,-0.006558252042147187,0.0,0.0,0.9605659775345168
2020-06-22,0.0042859192933964365,0.0042859192933964365,0.0,0.0,0.9646828857902121
2020-06-23,0.003432696900241173,0.003432696900241173,0.0,0.0,0.9679943497419798
2020-06-24,0.0026928003001645533,0.0026928003001645533,0.0,0.0,0.9706009652175226
2020-06-29,-0.0077591086148465944,-0.0077591086148465944,0.0,0.0,0.9630699669067249
2020-06-30,0.005650599025175174,0.005650599025175174,0.0,0.0,0.9685118891229035
2020-07-01,0.0047556591233951125,0.0047556591233951125,0.0,0.0,0.9731178015245274
2020-07-02,0.005157316129422819,0.005157316129422819,0.0,0.0,0.9781364776581583
2020-07-03,0.0018656746063120903,0.0018656746063120903,0.0,0.0,0.9799613620460327
2020-07-06,0.01075723360278486,0.01075723360278486,0.0,0.0,0.990503035339265
2020-07-07,-0.003517022900842463,-0.003517022900842463,0.0,0.0,0.9870194134806228
2020-07-08,0.0011086305505394797,0.0011086305505394797,0.0,0.0,0.988113653356383
2020-07-09,-0.0029705203579938225,-0.0029705203579938225,0.0,0.0,0.9851784416330762
2020-07-10,-0.00705661914147173,-0.00705661914147173,0.0,0.0,0.9782264125840829
2020-07-13,0.005553560003422257,0.005553560003422257,0.0,0.0,0.9836590516633011
2020-07-14,-0.003552709701270784,-0.003552709701270784,0.0,0.0,0.9801643966077142
2020-07-15,0.0034534593947200304,0.0034534593947200304,0.0,0.0,0.9835493545515491
2020-07-16,-0.002303852660772694,-0.002303852660772694,0.0,0.0,0.9812834017540643
2020-07-17,-0.0035706067635201963,-0.0035706067635201963,0.0,0.0,0.9777796246028311
2020-07-20,-0.00013511574153754707,-0.00013511574153754707,0.0,0.0,0.9776475111837926
2020-07-21,0.0013715835698395516,0.0013715835698395516,0.0,0.0,0.9789884364472268
2020-07-22,0.005316302802362795,0.005316302802362795,0.0,0.0,0.9841930354153919
2020-07-23,-0.005490403373131289,-0.005490403373131289,0.0,0.0,0.9787894186539349
2020-07-24,-0.012597419149498253,-0.012597419149498253,0.0,0.0,0.9664591980880575
2020-07-27,-0.01459103837527151,-0.01459103837527151,0.0,0.0,0.9523575548406205
2020-07-28,-0.006851268646396952,-0.006851268646396952,0.0,0.0,0.9458326973849817
2020-07-29,0.006123680509928875,0.006123680509928875,0.0,0.0,0.9516246746396116
2020-07-30,0.006411752586938416,0.006411752586938416,0.0,0.0,0.9577262566090267
2020-07-31,-0.006457639566050437,-0.006457639566050437,0.0,0.0,0.9515416056409028
2020-08-03,-0.008146241826969611,-0.008146241826969611,0.0,0.0,0.9437901176129291
2020-08-04,0.008830899802851223,0.008830899802851223,0.0,0.0,0.95212463357649
2020-08-05,0.004366129248134604,0.004366129248134604,0.0,0.0,0.9562817327870177
2020-08-06,0.0073775906659306395,0.0073775906659306395,0.0,0.0,0.9633367879728271
2020-08-07,-0.008110685335400273,-0.008110685335400273,0.0,0.0,0.9555234664135642
2020-08-10,0.007675050971579567,0.007675050971579567,0.0,0.0,0.9628571577228286
2020-08-11,-0.007496364087576601,-0.007496364087576601,0.0,0.0,0.9556392299042091
2020-08-12,-0.002569669310970813,-0.002569669310970813,0.0,0.0,0.9531835531027645
2020-08-13,-0.0018121732702295508,-0.0018121732702295508,0.0,0.0,0.9514562193462093
2020-08-14,-0.0013013408828548643,-0.0013013408828548643,0.0,0.0,0.9502180504697275
2020-08-17,0.00655075071378621,0.00655075071378621,0.0,0.0,0.9564426920420948
2020-08-18,-0.0001096925804686973,-0.0001096925804686973,0.0,0.0,0.9563377773751343
2020-08-19,-0.00438571032881876,-0.00438571032881876,0.0,0.0,0.9521435569070605
2020-08-20,-0.0228092548486993,-0.0228092548486993,0.0,0.0,0.9304258718650203
2020-08-21,0.01187011240663743,0.01187011240663743,0.0,0.0,0.9414701315501017
2020-08-24,-0.0027505551020334277,-0.0027505551020334277,0.0,0.0,0.9388805660763545
2020-08-25,0.005983863640311357,0.005983863640311357,0.0,0.0,0.9444986993582938
2020-08-26,0.0022687527112391585,0.0022687527112391585,0.0,0.0,0.9466415333432247
2020-08-27,-0.00278405299827716,-0.00278405299827716,0.0,0.0,0.9440060331440268
2020-08-28,0.0013925844018803043,0.0013925844018803043,0.0,0.0,0.945320641221064
2020-08-31,-0.005259668558426477,-0.005259668558426477,0.0,0.0,0.9403485679668019
2020-09-01,-0.0009311314940156314,-0.0009311314940156314,0.0,0.0,0.9394729797998156
2020-09-02,-0.0021506984631516598,-0.0021506984631516598,0.0,0.0,0.9374524567059876
2020-09-03,0.002923548610649731,0.002923548610649731,0.0,0.0,0.9401931445333407
2020-09-04,-0.004588665868964847,-0.004588665868964847,0.0,0.0,0.9358789123407858
2020-09-07,0.005388142018295454,0.005388142018295454,0.0,0.0,0.9409215608324059
2020-09-08,0.00048009477325809463,0.00048009477325809463,0.0,0.0,0.9413732923558074
2020-09-09,-0.0020444257661995464,-0.0020444257661995464,0.0,0.0,0.939448724541303
2020-09-10,0.004231960995280175,0.004231960995280175,0.0,0.0,0.9434244349006274
2020-09-11,-0.00033230624308629484,-0.00033230624308629484,0.0,0.0,0.9431109290710298
2020-09-14,0.0003100683738331504,0.0003100683738331504,0.0,0.0,0.943403357943151
2020-09-15,0.00018565688526583763,0.00018565688526583763,0.0,0.0,0.9435785072721361
2020-09-16,0.000992250622415011,0.000992250622415011,0.0,0.0,0.9445147736332742
2020-09-17,-0.0048934353427988065,-0.0048934353427988065,0.0,0.0,0.9398928516581815
2020-09-18,3.7334359100897725e-05,3.7334359100897725e-05,0.0,0.0,0.9399279419554216
2020-09-21,-0.006547005175751413,-0.006547005175751413,0.0,0.0,0.933774228854606
2020-09-22,-0.010996792097415798,-0.010996792097415798,0.0,0.0,0.9235057077939672
2020-09-23,-0.006241803211710951,-0.006241803211710951,0.0,0.0,0.9177413669010255
2020-09-24,-0.025264782777660325,-0.025264782777660325,0.0,0.0,0.894554830620198
2020-09-25,0.006182597019863109,0.006182597019863109,0.0,0.0,0.9000855026500946
2020-09-28,0.016714944428710698,0.016714944428710698,0.0,0.0,0.915130381807979
2020-09-29,0.0005298115031192506,0.0005298115031192506,0.0,0.0,0.9156152284111146
2020-09-30,-0.0007127954732271314,-0.0007127954732271314,0.0,0.0,0.9149625820210854
2020-10-05,0.001258841444832971,0.001258841444832971,0.0,0.0,0.9161143748398048
2020-10-06,0.01173563453510669,0.01173563453510669,0.0,0.0,0.9268655583352826
2020-10-07,-0.005393458657000025,-0.005393458657000025,0.0,0.0,0.921866547265804
2020-10-08,0.0030589223006097766,0.0030589223006097766,0.0,0.0,0.9246864654054213
2020-10-12,-0.001496517681029263,-0.001496517681029263,0.0,0.0,0.9233026557605337
2020-10-13,-0.0026105371812710255,-0.0026105371812710255,0.0,0.0,0.9208923398481046
2020-10-14,-0.00053429940858861,-0.00053429940858861,0.0,0.0,0.9204003076155499
2020-10-15,-0.005676854340283069,-0.005676854340283069,0.0,0.0,0.9151753291344646
2020-10-16,-0.00407775840417643,-0.00407775840417643,0.0,0.0,0.9114434652447916
2020-10-19,0.003728775921464884,0.003728775921464884,0.0,0.0,0.9148420336917729
2020-10-20,-0.00021032289119052107,-0.00021032289119052107,0.0,0.0,0.9146496214702642
2020-10-21,-0.0023788180008549927,-0.0023788180008549927,0.0,0.0,0.9124738364862355
2020-10-22,0.006574917541763052,0.006574917541763052,0.0,0.0,0.9184732767201487
2020-10-23,0.0002173932040098147,0.0002173932040098147,0.0,0.0,0.9186729465685721
2020-10-26,0.006145641857369016,0.006145641857369016,0.0,0.0,0.9243187814822366
2020-10-27,-0.002475118816156991,-0.002475118816156991,0.0,0.0,0.9220309826740626
2020-10-28,-0.002377744279493127,-0.002377744279493127,0.0,0.0,0.919838628779494
2020-10-29,-0.00914800482817186,-0.00914800482817186,0.0,0.0,0.9114239405622802
2020-10-30,-0.0049283854035610634,-0.0049283854035610634,0.0,0.0,0.9069320921171569
2020-11-02,0.01070092618920574,0.01070092618920574,0.0,0.0,0.9166371054935245
2020-11-03,0.007428580299327933,0.007428580299327933,0.0,0.0,0.9234464178370266
2020-11-04,-0.0005675109380066818,-0.0005675109380066818,0.0,0.0,0.9229223518942411
2020-11-05,0.005501717731028324,0.005501717731028324,0.0,0.0,0.92800001016202
2020-11-06,0.0037840605236268052,0.0037840605236268052,0.0,0.0,0.9315116183663994
2020-11-09,0.0070081129498622535,0.0070081129498622535,0.0,0.0,0.9380397570020201
2020-11-10,0.009975946920474453,0.009975946920474453,0.0,0.0,0.9473975918271671
2020-11-11,0.018479624834145114,0.018479624834145114,0.0,0.0,0.9649051438929056
2020-11-12,-0.009353668051404538,-0.009353668051404538,0.0,0.0,0.9558797414758385
2020-11-13,0.00020110325386082733,0.00020110325386082733,0.0,0.0,0.9560719720021491
2020-11-16,0.007771431351359574,0.007771431351359574,0.0,0.0,0.9635020196995226
2020-11-17,0.0017066047165762229,0.0017066047165762229,0.0,0.0,0.9651463367907724
2020-11-18,0.0053275616703387235,0.0053275616703387235,0.0,0.0,0.9702882134209269
2020-11-19,-0.0031657386909373607,-0.0031657386909373607,0.0,0.0,0.9672165344823397
2020-11-20,-0.0021924458242785763,-0.0021924458242785763,0.0,0.0,0.9650959646301407
2020-11-23,0.007450178526430715,0.007450178526430715,0.0,0.0,0.9722861018617731
2020-11-24,-0.0049526491225703245,-0.0049526491225703245,0.0,0.0,0.9674707099525001
2020-11-25,0.001353764130702696,0.001353764130702696,0.0,0.0,0.9687804370971392
2020-11-26,0.003593606660976508,0.003593606660976508,0.0,0.0,0.9722618529289153
2020-11-27,-0.0012467897750513901,-0.0012467897750513901,0.0,0.0,0.971049646792011
2020-11-30,-0.003000960657354015,-0.003000960657354015,0.0,0.0,0.9681355650056507
2020-12-01,0.006905518768577272,0.006905518768577272,0.0,0.0,0.9748210433203245
2020-12-02,0.001299579317991495,0.001299579317991495,0.0,0.0,0.9760879005869665
2020-12-03,-0.0007452814040331618,-0.0007452814040331618,0.0,0.0,0.9753604404259573
2020-12-04,0.009936492740746915,0.009936492740746915,0.0,0.0,0.9850521023618614
2020-12-07,0.0010110648836285578,0.0010110648836285578,0.0,0.0,0.986048053951104
2020-12-08,-0.007976409643180521,-0.007976409643180521,0.0,0.0,0.978182930744929
2020-12-09,4.673777304715351e-05,4.673777304715351e-05,0.0,0.0,0.9782286488367447
2020-12-10,0.00044164850842454264,0.00044164850842454264,0.0,0.0,0.9786606820604017
2020-12-11,0.005750582673392608,0.005750582673392608,0.0,0.0,0.9842885512217888
2020-12-14,0.0005070286247467091,0.0005070286247467091,0.0,0.0,0.9847876136922686
2020-12-15,-0.008293225660460177,-0.008293225660460177,0.0,0.0,0.9766205477842925
2020-12-16,0.012967755874359308,0.012967755874359308,0.0,0.0,0.9892851246298423
2020-12-17,-0.001401780566140552,-0.001401780566140552,0.0,0.0,0.9878983639677642
2020-12-18,-0.005541188123873906,-0.005541188123873906,0.0,0.0,0.9824242332857516
2020-12-21,0.00822679340353458,0.00822679340353458,0.0,0.0,0.9905064344876192
2020-12-22,-0.00888527023914081,-0.00888527023914081,0.0,0.0,0.9817055171435889
2020-12-23,-0.0006325599966154464,-0.0006325599966154464,0.0,0.0,0.9810845295049871
2020-12-24,0.004202867637371665,0.004202867637371665,0.0,0.0,0.9852078979235698
2020-12-25,0.0044773423290874305,0.0044773423290874305,0.0,0.0,0.9896190109478942
2020-12-28,0.00606746573550798,0.00606746573550798,0.0,0.0,0.9956234903880278
2020-12-29,0.000796963846433464,0.000796963846433464,0.0,0.0,0.996416966314527
2020-12-30,0.014731980665602766,0.014731980665602766,0.0,0.0,1.0110961617971512
2020-12-31,-0.0038535026599991057,-0.0038535026599991057,0.0,0.0,1.007199900048151
2021-01-04,-0.0009633042581750307,-0.0009633042581750307,0.0,0.0,1.0062296600956013
2021-01-05,0.004784034241845007,0.004784034241845007,0.0,0.0,1.0110434972446587
2021-01-06,-0.008383570139964172,-0.008383570139964172,0.0,0.0,1.0025673431709534
2021-01-07,0.005794791443049223,0.005794791443049223,0.0,0.0,1.008377011832241
2021-01-08,0.010921347386903958,0.010921347386903958,0.0,0.0,1.019389847475429
2021-01-11,0.00593445634057542,0.00593445634057542,0.0,0.0,1.0254393720192978
2021-01-12,-0.010542318307223074,-0.010542318307223074,0.0,0.0,1.0146288637547114
2021-01-13,0.00867242795838919,0.00867242795838919,0.0,0.0,1.0234281594801264
2021-01-14,0.0009295701401075382,0.0009295701401075382,0.0,0.0,1.0243795077377245
2021-01-15,-0.010942279133557416,-0.010942279133557416,0.0,0.0,1.0131704612253623
2021-01-18,-0.006232244542113717,-0.006232244542113717,0.0,0.0,1.0068561351481597
2021-01-19,0.0004132076179059477,0.0004132076179059477,0.0,0.0,1.0072721757733383
2021-01-20,-0.023075583721817422,-0.023075583721817422,0.0,0.0,0.9840287823506234
2021-01-21,0.0035093770834207236,0.0035093770834207236,0.0,0.0,0.987482110408831
2021-01-22,0.0007744519504352178,0.0007744519504352178,0.0,0.0,0.988246867855257
2021-01-25,0.010571663656552915,0.010571663656552915,0.0,0.0,0.9986942813518647
2021-01-26,-0.006612727485498784,-0.006612727485498784,0.0,0.0,0.9920901882279587
2021-01-27,0.00019707790797799144,0.00019707790797799144,0.0,0.0,0.9922857072867802
2021-01-28,-0.0068668301086178204,-0.0068668301086178204,0.0,0.0,0.9854718499156323
2021-01-29,-0.014590813471357676,-0.014590813471357676,0.0,0.0,0.9710930139722395
2021-02-01,0.009010597478246151,0.009010597478246151,0.0,0.0,0.9798431422350802
2021-02-02,0.009216691176746448,0.009216691176746448,0.0,0.0,0.9888740538787137
2021-02-03,0.00347192975810404,0.00347192975810404,0.0,0.0,0.9923073551333923
2021-02-04,-0.004057315658190136,-0.004057315658190136,0.0,0.0,0.9882812509636724
2021-02-05,0.0033644979360780447,0.0033644979360780447,0.0,0.0,0.9916063211928043
2021-02-17,0.015573255177156669,0.015573255177156669,0.0,0.0,1.0070488594680214
2021-02-18,0.004670657025182135,0.004670657025182135,0.0,0.0,1.0117524392981974
2021-02-19,-0.0005173624792092408,-0.0005173624792092408,0.0,0.0,1.011228996547856
2021-02-22,0.003705687485936457,0.003705687485936457,0.0,0.0,1.0149762951857795
2021-02-23,0.013650085362656524,0.013650085362656524,0.0,0.0,1.0288308082561382
2021-02-24,-0.00044833003041520804,-0.00044833003041520804,0.0,0.0,1.0283695525085805
2021-02-25,0.01596771005753315,0.01596771005753315,0.0,0.0,1.0447902593550327
2021-02-26,-0.018933723609288293,-0.018933723609288293,0.0,0.0,1.025008489354728
2021-03-02,-0.0006374549606549883,-0.0006374549606549883,0.0,0.0,1.0243550926084752
2021-03-03,0.011884281453492185,0.011884281453492185,0.0,0.0,1.0365288168373525
2021-03-04,-0.005611900521783428,-0.005611900521783428,0.0,0.0,1.0307119202292996
2021-03-05,-0.0015850657947431423,-0.0015850657947431423,0.0,0.0,1.02907817402031
2021-03-08,0.0012340883523942491,0.0012340883523942491,0.0,0.0,1.0303481474085716
2021-03-09,0.015182311577595147,0.015182311577595147,0.0,0.0,1.0459912140159264
2021-03-10,0.005165439970662716,0.005165439970662716,0.0,0.0,1.0513942188417662
2021-03-11,0.0049599723978350375,0.0049599723978350375,0.0,0.0,1.0566091051464648
2021-03-12,0.003908621450939295,0.003908621450939295,0.0,0.0,1.060738990160098
2021-03-15,0.0038249873974695496,0.0038249873974695496,0.0,0.0,1.0647963034294652
2021-03-16,0.004044205310645586,0.004044205310645586,0.0,0.0,1.0691025582945504
2021-03-17,-0.003218993833112919,-0.003218993833112919,0.0,0.0,1.065661123752435
2021-03-18,0.004100570391023524,0.0030212178646221843,0.4906147847278815,0.0010793525264013394,1.0688807181771494
2021-03-19,-0.009060336053529947,-0.009060336053529947,0.0,0.0,1.0591962996693258
2021-03-22,0.00873218157176524,0.00873218157176524,0.0,0.0,1.0684453940781802
2021-03-23,0.00299380960736674,0.00299380960736674,0.0,0.0,1.071644116163918
2021-03-24,0.002038158199551011,0.002038158199551011,0.0,0.0,1.0738282964062782
2021-03-25,0.005466338930615238,0.005466338930615238,0.0,0.0,1.0796982058277202
2021-03-26,0.0035293303767168754,0.0035293303767168754,0.0,0.0,1.0835088175032346
2021-03-29,0.013179041472062582,0.013179041472062582,0.0,0.0,1.0977884251444552
2021-03-30,0.005776812562676819,0.005776812562676819,0.0,0.0,1.104130143109991
2021-03-31,-0.0005584074248660721,-0.0005584074248660721,0.0,0.0,1.10351358864006
2021-04-01,-0.0018988527928175578,-0.0018988527928175578,0.0,0.0,1.1014181787803587
2021-04-06,0.002123482371369197,0.002123482371369197,0.0,0.0,1.1037570208665044
2021-04-07,0.005489876763297117,0.005489876763297117,0.0,0.0,1.1098165108876854
2021-04-08,-0.002586699147072794,-0.002586699147072794,0.0,0.0,1.106945749465565
2021-04-09,-0.0016557991993326293,-0.0016557991993326293,0.0,0.0,1.1051128695798953
2021-04-12,0.011270260191245947,0.011270260191245947,0.0,0.0,1.1175677791607552
2021-04-13,-0.0032530897273263647,-0.0032530897273263647,0.0,0.0,1.1139322308987765
2021-04-14,-0.001714212802092681,-0.001714212802092681,0.0,0.0,1.112022714007906
2021-04-15,0.010174860416747516,0.010174860416747516,0.0,0.0,1.123337389903189
2021-04-16,0.008997635090109894,0.008997635090109894,0.0,0.0,1.1334447698206145
2021-04-19,0.019498899536415717,0.019498899536415717,0.0,0.0,1.1555456955174226
2021-04-20,0.003632480211205496,0.003632480211205496,0.0,0.0,1.1597431923895334
2021-04-21,-0.001090932898384805,-0.001090932898384805,0.0,0.0,1.1584779903872777
2021-04-22,-0.003439891349436269,-0.003439891349436269,0.0,0.0,1.1544929519696323
2021-04-23,-0.0003254657391328804,-0.0003254657391328804,0.0,0.0,1.154117204067696
2021-04-26,0.014999330351002094,0.014999330351002094,0.0,0.0,1.1714281892752823
2021-04-27,0.000359132990379955,0.000359132990379955,0.0,0.0,1.1718488877839122
2021-04-28,0.0011782162035994497,0.0011782162035994497,0.0,0.0,1.1732295791316691
2021-04-29,-0.004505004955994572,-0.004505004955994572,0.0,0.0,1.1679441740631615
2021-05-03,-0.01028453954992794,-0.01028453954992794,0.0,0.0,1.155932406012901
2021-05-04,-0.019175452738254523,-0.019175452738254523,0.0,0.0,1.133766878792784
2021-05-05,0.0042733844511575894,0.0042733844511575894,0.0,0.0,1.1386119005438544
2021-05-06,0.009131927665074927,0.009131927665074927,0.0,0.0,1.1490096220582144
2021-05-07,0.010318673337775966,0.010318673337775966,0.0,0.0,1.1608658770101947
2021-05-10,0.01100454039482348,0.01100454039482348,0.0,0.0,1.1736406724467257
2021-05-11,-0.02545016476059942,-0.02545016476059942,0.0,0.0,1.1437713239632157
2021-05-12,-0.0433146342809927,-0.0433146342809927,0.0,0.0,1.0942292873646622
2021-05-13,-0.007442951263712058,-0.007442951263712058,0.0,0.0,1.0860849921074807
2021-05-14,0.010470805208733459,0.010470805208733459,0.0,0.0,1.097457176499967
2021-05-17,-0.035101427711499086,-0.035101427711499086,0.0,0.0,1.0589348627525876
2021-05-18,0.04230407575978637,0.04230407575978637,0.0,0.0,1.1037321234111521
2021-05-19,-0.0005143539522254044,-0.0005143539522254044,0.0,0.0,1.1031644144312773
2021-05-20,-0.0043656743298775965,-0.0043656743298775965,0.0,0.0,1.0983483578655604
2021-05-21,0.011298371206436961,0.011298371206436961,0.0,0.0,1.110757905326706
2021-05-24,7.350432478417688e-05,7.350432478417688e-05,0.0,0.0,1.1108395508365356
2021-05-25,0.008595783354706676,0.008595783354706676,0.0,0.0,1.1203880869573661
2021-05-26,0.0008163319767320043,0.0008163319767320043,0.0,0.0,1.121302695579099
2021-05-27,-0.005234138918930338,-0.005234138918930338,0.0,0.0,1.115433641500267
2021-05-28,0.012051585141823489,0.012051585141823489,0.0,0.0,1.1288763850008616
2021-05-31,0.009708086707899006,0.009708086707899006,0.0,0.0,1.1398356148289495
2021-06-01,0.005492731516361403,0.005492731516361403,0.0,0.0,1.1460964258339914
2021-06-02,0.0026991394329845373,0.0026991394329845373,0.0,0.0,1.1491898998909624
2021-06-03,0.001278611366114478,0.001278611366114478,0.0,0.0,1.150659267158787
2021-06-04,-0.0035878549104472602,-0.0035878549104472602,0.0,0.0,1.1465308686568598
2021-06-07,-0.0042213987260228784,-0.0042213987260228784,0.0,0.0,1.141690904708566
2021-06-08,0.0012786636761289655,0.0012786636761289655,0.0,0.0,1.1431507433977837
2021-06-09,-0.00748436658378029,-0.00748436658378029,0.0,0.0,1.1345949841736738
2021-06-10,0.002642724448068377,0.002642724448068377,0.0,0.0,1.1375934060770054
2021-06-11,0.001437674039105937,0.001437674039105937,0.0,0.0,1.1392288945839806
2021-06-15,-0.0024310348248706066,-0.0024310348248706066,0.0,0.0,1.1364593894677482
2021-06-16,-0.0014953059479600305,-0.0014953059479600305,0.0,0.0,1.134760034983062
2021-06-17,0.0021771357850499684,0.0021771357850499684,0.0,0.0,1.1372305616626681
2021-06-18,-0.007041833697479663,-0.007041833697479663,0.0,0.0,1.1292223731717481
2021-06-21,-0.006561467187860241,-0.006561467187860241,0.0,0.0,1.121813017622384
2021-06-22,0.00368458503734978,0.00368458503734978,0.0,0.0,1.1259464330818194
2021-06-23,0.011203787744818873,0.011203787744818873,0.0,0.0,1.1385612979301039
2021-06-24,0.0023692988044861853,0.0023692988044861853,0.0,0.0,1.1412588898521239
2021-06-25,0.005181134739555666,0.005181134739555666,0.0,0.0,1.1471719059331633
2021-06-28,0.0033153992373239865,0.0033153992373239865,0.0,0.0,1.1509752387951737
2021-06-29,-0.005650831372997703,-0.005650831372997703,0.0,0.0,1.1444712718062464
2021-06-30,0.004536948115765173,0.004536948115765173,0.0,0.0,1.1496636785864152
2021-07-01,-0.003689033002403737,-0.003689033002403737,0.0,0.0,1.145422531334445
2021-07-02,0.00030483311964371975,0.00030483311964371975,0.0,0.0,1.145771694057982
2021-07-05,0.00968779184735774,0.00968779184735774,0.0,0.0,1.1568716917346102
2021-07-06,0.001857019629128341,0.001857019629128341,0.0,0.0,1.1590200251745444
2021-07-07,-0.0011957017305939009,-0.0011957017305939009,0.0,0.0,1.1576341829246501
2021-07-08,0.006408031431310884,0.006408031431310884,0.0,0.0,1.1650523391547911
2021-07-09,-0.0023721274218862142,-0.0023721274218862142,0.0,0.0,1.1622886865531494
2021-07-12,0.0031574324306423754,0.0031574324306423754,0.0,0.0,1.1659585345458412
2021-07-13,0.0018603422894203309,0.0018603422894203309,0.0,0.0,1.1681276165153673
2021-07-14,-0.0012782139902063555,-0.0012782139902063555,0.0,0.0,1.166634499453591
2021-07-15,0.004410381653462367,0.004410381653462367,0.0,0.0,1.1717798028462776
2021-07-16,0.009076588457675637,0.009076588457675637,0.0,0.0,1.1824155658797295
2021-07-19,-0.0015066539335019241,-0.0015066539335019241,0.0,0.0,1.1806340748163628
2021-07-20,-0.012304264390275816,-0.012304264390275816,0.0,0.0,1.1661072410116538
2021-07-21,-0.00198647489097411,-0.00198647489097411,0.0,0.0,1.1637907982572009
2021-07-22,0.007611720499272709,0.007611720499272709,0.0,0.0,1.17264924853316
2021-07-23,0.001999069786282101,0.001999069786282101,0.0,0.0,1.1749934562158093
2021-07-26,-0.007074275767140811,-0.007074275767140811,0.0,0.0,1.1666812284819528
2021-07-27,-0.006711895440051507,-0.006711895440051507,0.0,0.0,1.158850586064511
2021-07-28,-0.005087377659755989,-0.005087377659755989,0.0,0.0,1.1529550754819713
2021-07-29,0.004990173610141934,0.004990173610141934,0.0,0.0,1.1587085214733206
2021-07-30,-0.006505123580084369,-0.006505123580084369,0.0,0.0,1.1511709793478397
2021-08-02,0.010645873583606765,0.010645873583606765,0.0,0.0,1.1634262000670936
2021-08-03,0.0012573453126157336,0.0012573453126157336,0.0,0.0,1.1648890285463223
2021-08-04,0.004412434880546072,0.004412434880546072,0.0,0.0,1.1700290255278456
2021-08-05,0.0017805503521907506,0.0017805503521907506,0.0,0.0,1.1721123211213227
2021-08-06,-0.002020430214281818,-0.002020430214281818,0.0,0.0,1.1697441499731973
2021-08-09,-0.004299324670924316,-0.004299324670924316,0.0,0.0,1.1647150400905482
2021-08-10,-0.004876361484283498,-0.004876361484283498,0.0,0.0,1.1590354685288848
2021-08-11,-0.002205729626070319,-0.002205729626070319,0.0,0.0,1.1564789496582843
2021-08-12,-0.004799061451305609,-0.004799061451305609,0.0,0.0,1.150928936111733
2021-08-13,-0.005006031196612555,-0.005006031196612555,0.0,0.0,1.1451673499524735
2021-08-16,-0.012374824705094399,-0.012374824705094399,0.0,0.0,1.1309961047388142
2021-08-17,0.001683386863939395,0.001683386863939395,0.0,0.0,1.132900008724698
2021-08-18,0.005885011930422283,0.005885011930422283,0.0,0.0,1.1395671387920185
2021-08-19,-0.014903767417903353,-0.014903767417903353,0.0,0.0,1.1225832951983767
2021-08-20,-0.0021037955082052234,-0.0021037955082052234,0.0,0.0,1.120221609504352
2021-08-23,0.005914906852865772,0.005914906852865772,0.0,0.0,1.1268476159791374
2021-08-24,0.007328926247008549,0.007328926247008549,0.0,0.0,1.135106199048266
2021-08-25,0.0021765348454847325,0.0021765348454847325,0.0,0.0,1.1375767972438204
2021-08-26,-0.0028052626446988652,-0.0028052626446988652,0.0,0.0,1.1343855955490363
2021-08-27,0.014009040329580573,0.014009040329580573,0.0,0.0,1.150277249106378
2021-08-30,0.013605023749505802,0.013605023749505802,0.0,0.0,1.1659267983989865
2021-08-31,0.0013516247141365997,0.0013516247141365997,0.0,0.0,1.1675026938745767
2021-09-01,-0.006351063006148042,-0.006351063006148042,0.0,0.0,1.1600878107059316
2021-09-02,-0.009523272539588599,-0.009523272539588599,0.0,0.0,1.1490399783147243
2021-09-03,0.008197576743485962,0.008197576743485962,0.0,0.0,1.1584593217182926
2021-09-06,-0.006568126267384023,-0.006568126267384023,0.0,0.0,1.1508504146176188
2021-09-07,-0.0022969452127247687,-0.0022969452127247687,0.0,0.0,1.1482069742672005
2021-09-08,-0.005359104467420248,-0.005359104467420248,0.0,0.0,1.1420536131418821
2021-09-09,-0.0015111686147974653,-0.0015111686147974653,0.0,0.0,1.140327777565286
2021-09-10,0.007501807245492864,0.007501807245492864,0.0,0.0,1.148882296749262
2021-09-13,0.0044197855269396125,0.0044197855269396125,0.0,0.0,1.1539601100965915
2021-09-14,0.0023165047038335917,0.0023165047038335917,0.0,0.0,1.1566332641196666
2021-09-15,0.00020734329590107634,0.00020734329590107634,0.0,0.0,1.1568730842727981
2021-09-16,0.00010539919288363331,0.00010539919288363331,0.0,0.0,1.1569950177621493
2021-09-17,-0.004351033108025175,-0.004351033108025175,0.0,0.0,1.151960894134046
2021-09-22,-0.0122624371705998,-0.0122624371705998,0.0,0.0,1.1378350460467392
2021-09-23,0.006547646894837684,0.006547646894837684,0.0,0.0,1.1452851881528248
2021-09-24,0.0034152882826695755,0.0034152882826695755,0.0,0.0,1.1491966672362381
2021-09-27,0.0031273845026947313,0.0031273845026947313,0.0,0.0,1.152790647083901
2021-09-28,-0.0012758443714748907,-0.0012758443714748907,0.0,0.0,1.1513198656253303
2021-09-29,-0.006888547518058053,-0.006888547518058053,0.0,0.0,1.143388944022486
2021-09-30,0.0017993322797074842,0.0017993322797074842,0.0,0.0,1.1454462806577264
2021-10-01,-0.012652584462383308,-0.012652584462383308,0.0,0.0,1.1309534248445816
2021-10-04,-0.0021877046111948924,-0.0021877046111948924,0.0,0.0,1.1284792328220026
2021-10-05,0.002124618546718908,0.002124618546718908,0.0,0.0,1.1308768207296434
2021-10-06,0.002309489679106341,0.002309489679106341,0.0,0.0,1.133488569075459
2021-10-07,0.008937157402375018,0.008937157402375018,0.0,0.0,1.1436187348310793
2021-10-08,-0.0015795781111716362,-0.0015795781111716362,0.0,0.0,1.1418122997100144
2021-10-12,-0.003841749896092935,-0.003841749896092935,0.0,0.0,1.1374257424262457
2021-10-13,-0.0018379463851914421,-0.0018379463851914421,0.0,0.0,1.1353352148945297
2021-10-14,-0.002514160433048233,-0.002514160433048233,0.0,0.0,1.1324808000189956
2021-10-15,0.008888198505328734,0.008888198505328734,0.0,0.0,1.1425465141730378
2021-10-18,0.0028364422859059758,0.0028364422859059758,0.0,0.0,1.1457872814194525
2021-10-19,0.0018333541324057428,0.0018333541324057428,0.0,0.0,1.147887915266701
2021-10-20,-0.00014187845658513066,-0.00014187845658513066,0.0,0.0,1.1477250547009503
2021-10-21,0.0006504961096538645,0.0006504961096538645,0.0,0.0,1.1484716453839856
2021-10-22,0.0001854907914718978,0.0001854907914718978,0.0,0.0,1.1486846762984708
2021-10-25,0.0019385716214544322,0.0019385716214544322,0.0,0.0,1.1509114838139425
2021-10-26,0.005735426611351813,0.005735426611351813,0.0,0.0,1.1575124521655193
2021-10-27,0.0008089313006048089,0.0008089313006048089,0.0,0.0,1.1584488002189157
2021-10-28,0.0010306925325476294,0.0010306925325476294,0.0,0.0,1.15964280474664
2021-10-29,-0.0031798816641627945,-0.0031798816641627945,0.0,0.0,1.1559552778548479
2021-11-01,0.0005814396371081924,0.0005814396371081924,0.0,0.0,1.1566273960721172
2021-11-02,-0.0010304105531571766,-0.0010304105531571766,0.0,0.0,1.1554355949971338
2021-11-03,0.0045595791641031055,0.0045595791641031055,0.0,0.0,1.1607038950615458
2021-11-04,4.920257613434545e-06,4.920257613434545e-06,0.0,0.0,1.1607096060237223
2021-11-05,0.0038420542939815614,0.0038420542939815614,0.0,0.0,1.1651691153496115
2021-11-08,0.003871553689705471,0.003871553689705471,0.0,0.0,1.1696801301372741
2021-11-09,0.00039707040126831894,0.00039707040126831894,0.0,0.0,1.1701445754959034
2021-11-10,0.0025236870026227073,0.0025236870026227073,0.0,0.0,1.1730976541522717
2021-11-11,0.0011254837435452475,0.0011254837435452475,0.0,0.0,1.1744179564916113
2021-11-12,0.007898041128116389,0.007898041128116389,0.0,0.0,1.1836935578135805
2021-11-15,0.004211048673512516,0.004211048673512516,0.0,0.0,1.1886781490000566
2021-11-16,0.0016034495809338438,0.0016034495809338438,0.0,0.0,1.190584134479936
2021-11-17,0.012299913468636637,0.012299913468636637,0.0,0.0,1.2052282163111707
2021-11-18,0.0070534524918070335,0.0070534524918070335,0.0,0.0,1.213729236276707
2021-11-19,-0.00976887491488714,-0.00976887491488714,0.0,0.0,1.2018724671869783
2021-11-22,-0.0020668959598882275,-0.0020668959598882275,0.0,0.0,1.1993883218402486
2021-11-23,-0.003623189454663375,-0.003623189454663375,0.0,0.0,1.1950427107205106
2021-11-24,0.005800303819188493,0.005800303819188493,0.0,0.0,1.2019743215195962
2021-11-25,0.0002503913026118253,0.0002503913026118253,0.0,0.0,1.2022752854356673
2021-11-26,-0.015382481159122975,-0.015382481159122975,0.0,0.0,1.183781308509374
2021-11-29,-0.005880433942979123,-0.005880433942979123,0.0,0.0,1.1768201607217512
2021-11-30,-0.000667008083505518,-0.000667008083505518,0.0,0.0,1.1760352121617175
2021-12-01,0.01046255243928705,0.01046255243928705,0.0,0.0,1.1883395422394074
2021-12-02,-0.0006054283774001613,-0.0006054283774001613,0.0,0.0,1.187620087758549
2021-12-03,0.003593071662237331,0.003593071662237331,0.0,0.0,1.191887291841378
2021-12-06,0.005303224192583887,0.005303224192583887,0.0,0.0,1.1982081373623046
2021-12-07,0.0073851038906870645,0.0073851038906870645,0.0,0.0,1.2070570289393918
2021-12-08,0.0014803537022521683,0.0014803537022521683,0.0,0.0,1.2088439002810116
2021-12-09,0.0044029043994201315,0.0044029043994201315,0.0,0.0,1.214166324407771
2021-12-10,-0.0008563007470055827,-0.0008563007470055827,0.0,0.0,1.2131266328771915
2021-12-13,-0.003637636740571409,-0.003637636740571409,0.0,0.0,1.2087137188664718
2021-12-14,-0.006664788091466105,-0.006664788091466105,0.0,0.0,1.2006578980669789
2021-12-15,0.0001988749800162715,0.0001988749800162715,0.0,0.0,1.2008966788824633
2021-12-16,0.00410202105166097,0.00410202105166097,0.0,0.0,1.2058227823401089
2021-12-17,0.004945512351637405,0.004945512351637405,0.0,0.0,1.2117861938040575
2021-12-20,-0.006048362028771448,-0.006048362028771448,0.0,0.0,1.2044568722024636
2021-12-21,0.005462037655318702,0.005462037655318702,0.0,0.0,1.211035660992641
2021-12-22,0.000150300934214898,0.000150300934214898,0.0,0.0,1.2112176807838557
2021-12-23,0.004260118827225391,0.004260118827225391,0.0,0.0,1.2163776120296312
2021-12-24,0.0018622871388007953,0.0018622871388007953,0.0,0.0,1.2186428564124392
2021-12-27,0.002328742457293387,0.002328742457293387,0.0,0.0,1.2214807617724441
2021-12-28,0.005977773743052648,0.005977773743052648,0.0,0.0,1.2287824973978114
2021-12-29,0.005782038326755009,0.005782038326755009,0.0,0.0,1.2358873648930113
2021-12-30,-0.0016515394472739172,-0.0016515394472739172,0.0,0.0,1.233846248157503
2022-01-03,-0.00514247396197026,-0.00514247396197026,0.0,0.0,1.2275012259532785
2022-01-04,0.001652993005398512,0.001652993005398512,0.0,0.0,1.2295302768938974
2022-01-05,0.002995115846094729,0.002995115846094729,0.0,0.0,1.2332128625094756
2022-01-06,0.002861039935972829,0.002861039935972829,0.0,0.0,1.2367411337586705
2022-01-07,0.0008055293304227273,0.0008055293304227273,0.0,0.0,1.2377373650160535
2022-01-10,0.0044238562540328315,0.0044238562540328315,0.0,0.0,1.2432129371991298
2022-01-11,0.011505953618177606,0.011505953618177606,0.0,0.0,1.2575172875920615
2022-01-12,0.0029617841900497367,0.0029617841900497367,0.0,0.0,1.2612417824131659
2022-01-13,0.012856362725741291,0.012856362725741291,0.0,0.0,1.27745676425273
2022-01-14,-0.006672256607510234,-0.006672256607510234,0.0,0.0,1.268933244916636
2022-01-17,-0.0023929209789603847,-0.0023929209789603847,0.0,0.0,1.2658967879339746
2022-01-18,0.004684894435009866,0.004684894435009866,0.0,0.0,1.2718273807510636
2022-01-19,-0.004210378718111021,-0.004210378718111021,0.0,0.0,1.2664725058140385
2022-01-20,-0.0006929506093124125,-0.0006929506093124125,0.0,0.0,1.2655949029194573
2022-01-21,-0.011680658892410996,-0.011680658892410996,0.0,0.0,1.250811920562481
2022-01-24,-0.002948538968680032,-0.002948538968680032,0.0,0.0,1.247123852872213
2022-01-25,-0.0078513005540167,-0.0078513005540167,0.0,0.0,1.23733230867523
2022-01-26,0.0019397612487164761,0.0019397612487164761,0.0,0.0,1.239732437939383
2022-02-07,0.021640969401649893,0.021640969401649893,0.0,0.0,1.2665614496950621
2022-02-08,0.00917037860504545,0.00917037860504545,0.0,0.0,1.278176297715321
2022-02-09,0.00796465589939878,0.00796465589939878,0.0,0.0,1.2883565321053911
2022-02-10,0.002870500656733582,0.002870500656733582,0.0,0.0,1.2920547603769066
2022-02-11,-0.002175416360590926,-0.002175416360590926,0.0,0.0,1.2892440033124033
2022-02-14,-0.009228799742826517,-0.009228799742826517,0.0,0.0,1.2773458285861932
2022-02-15,-0.003741589489514169,-0.003741589489514169,0.0,0.0,1.2725665248594802
2022-02-16,0.008112478999063533,0.008112478999063533,0.0,0.0,1.282890194067314
2022-02-17,0.003629217680824969,0.003629217680824969,0.0,0.0,1.2875460818421802
2022-02-18,0.00037818120622832565,0.00037818120622832565,0.0,0.0,1.2880330075724857
2022-02-21,0.003367494856614954,0.003367494856614954,0.0,0.0,1.2923704521006363
2022-02-22,-0.008247477874068473,-0.008247477874068473,0.0,0.0,1.2817116553918364
2022-02-23,0.004082693001318024,0.004082693001318024,0.0,0.0,1.2869444905970124
2022-02-24,-0.01661211458416949,-0.01661211458416949,0.0,0.0,1.2655656212557493
2022-02-25,-0.0017610357035001789,-0.0017610357035001789,0.0,0.0,1.2633369150115956
2022-03-01,0.011753871752265785,0.011753871752265785,0.0,0.0,1.278186015090545
2022-03-02,0.002104780212408404,0.002104780212408404,0.0,0.0,1.2808763157228846
2022-03-03,0.0018969944820194983,0.0018969944820194983,0.0,0.0,1.2833061310259604
2022-03-04,-0.009232995608212481,-0.009232995608212481,0.0,0.0,1.2714573711542057
2022-03-07,-0.022106555573324155,-0.022106555573324155,0.0,0.0,1.2433498281196724
2022-03-08,-0.012612272267209028,-0.012612272267209028,0.0,0.0,1.2276683615640396
2022-03-09,0.004273987295170485,0.004273987295170485,0.0,0.0,1.232915400544047
2022-03-10,0.02260639613082149,0.02260639613082149,0.0,0.0,1.260787174484536
2022-03-11,-0.003950957057036882,-0.003950957057036882,0.0,0.0,1.2558058585000849
2022-03-14,0.00487737470412227,0.00487737470412227,0.0,0.0,1.2619308942276217
2022-03-15,-0.0011819362678106217,-0.0011819362678106217,0.0,0.0,1.2604393723362635
2022-03-16,0.010035082398826813,0.010035082398826813,0.0,0.0,1.2730879852963835
2022-03-17,0.011422791730186642,0.011422791730186642,0.0,0.0,1.2876302042066268
2022-03-18,0.006292739349459677,0.006292739349459677,0.0,0.0,1.2957329254601906
2022-03-21,0.0005669346603546589,0.0005669346603546589,0.0,0.0,1.296467521366197
2022-03-22,0.003525589643342452,0.003525589643342452,0.0,0.0,1.3010383338324554
2022-03-23,0.010428765902666415,0.010428765902666415,0.0,0.0,1.3146065580463893
2022-03-24,0.0013829137051398022,0.0013829137051398022,0.0,0.0,1.3164245454723782
2022-03-25,-0.003748391138727573,-0.003748391138727573,0.0,0.0,1.311490071371326
2022-03-28,0.0020943709504148006,0.0020943709504148006,0.0,0.0,1.3142368180785637
2022-03-29,-0.0024812194684755047,-0.002938687225998104,0.20793988978299976,0.00045746775752259953,1.3103746871293398
2022-03-30,0.008902563737873537,0.008902563737873537,0.0,0.0,1.3220403813020047
2022-03-31,0.0058029382138312605,0.0058029382138312605,0.0,0.0,1.32971209995089
2022-04-01,0.0031697363828787793,0.0031697363828787793,0.0,0.0,1.3339269367728586
2022-04-06,0.013999239362153372,0.013999239362153372,0.0,0.0,1.3526008992523657
2022-04-07,-0.014886741709115713,-0.014886741709115713,0.0,0.0,1.3324650790296781
2022-04-08,0.012043825112313947,0.012043825112313947,0.0,0.0,1.3485130554097773
2022-04-11,-0.0036831352029236576,-0.0036831352029236576,0.0,0.0,1.3435462995037954
2022-04-12,-0.006140454833898593,-0.006140454833898593,0.0,0.0,1.3352963141344407
2022-04-13,0.007339705084651014,0.007339705084651014,0.0,0.0,1.3450969952808092
2022-04-14,-0.01516089877805103,-0.01516089877805103,0.0,0.0,1.3247041158886963
2022-04-15,-0.004887485046457433,-0.004887485046457433,0.0,0.0,1.3182296443313097
2022-04-18,-0.013960628556983906,-0.013960628556983906,0.0,0.0,1.2998263299139954
2022-04-19,0.0007509863559410348,0.0007509863559410348,0.0,0.0,1.3008024817528536
2022-04-20,0.00867761539839365,0.00867761539839365,0.0,0.0,1.3120903453987809
2022-04-21,-0.006269979903538501,-0.006269979903538501,0.0,0.0,1.3038635653015036
2022-04-22,0.004796234638205463,0.004796234638205463,0.0,0.0,1.3101172008968969
2022-04-25,-0.014979719725879,-0.014979719725879,0.0,0.0,1.2904920124194084
2022-04-26,0.010958105534801577,0.010958105534801577,0.0,0.0,1.3046333600833186
2022-04-27,-0.013299498258245942,-0.013299498258245942,0.0,0.0,1.287282390983241
2022-04-28,0.003452278910725102,0.003452278910725102,0.0,0.0,1.2917264488337803
2022-04-29,0.006158757575433083,0.006158757575433083,0.0,0.0,1.2996818788859228
2022-05-03,-0.007734513339142525,-0.007734513339142525,0.0,0.0,1.2896294720570378
2022-05-04,-0.0007967059402459544,-0.0007967059402459544,0.0,0.0,1.2886020165959338
2022-05-05,-0.004895039007139841,-0.004895039007139841,0.0,0.0,1.2822942594600175
2022-05-06,-0.010842586244725097,-0.010842586244725097,0.0,0.0,1.2683908733607063
2022-05-09,-0.026997427672590828,-0.026997427672590828,0.0,0.0,1.2341475824965764
2022-05-10,0.0007987372056150884,0.0007987372056150884,0.0,0.0,1.2351333420879362
2022-05-11,-0.007028610148342782,-0.007028610148342782,0.0,0.0,1.2264520713451805
2022-05-12,-0.024577148333110945,-0.024577148333110945,0.0,0.0,1.1963093768642787
2022-05-13,0.00474687580348629,0.00474687580348629,0.0,0.0,1.2019881088987996
2022-05-16,-0.0020335960752515866,-0.0020335960752515866,0.0,0.0,1.199543750598044
2022-05-17,-0.0012171459973405962,-0.0012171459973405962,0.0,0.0,1.1980837307233687
2022-05-18,0.023170469635442417,0.023170469635442417,0.0,0.0,1.225843893426812
2022-05-19,-0.017634250176666748,-0.017634250176666748,0.0,0.0,1.2042270555325845
2022-05-20,0.0066992883275948855,0.0066992883275948855,0.0,0.0,1.2122945197894879
2022-05-23,0.00016627454314669933,0.00016627454314669933,0.0,0.0,1.212496093506925
2022-05-24,-0.003438325655314131,-0.003438325655314131,0.0,0.0,1.2083271370816522
2022-05-25,0.0035876621237105064,0.0035876621237105064,0.0,0.0,1.2126622065844117
2022-05-26,-0.0010515503157137321,-0.0010515503157137321,0.0,0.0,1.2113870312582238
2022-05-27,0.011752609137363928,0.011752609137363928,0.0,0.0,1.2256239895506733
2022-05-30,0.0153929748052689,0.0153929748052689,0.0,0.0,1.2444899887425598
2022-05-31,0.005025206830950135,0.005025206830950135,0.0,0.0,1.250743808335038
2022-06-01,-0.009530240085889105,-0.009530240085889105,0.0,0.0,1.2388239195556658
2022-06-02,-0.0035284179328808687,-0.0035284179328808687,0.0,0.0,1.2344528310222238
2022-06-06,0.006322016260251322,0.006322016260251322,0.0,0.0,1.2422570618924595
2022-06-07,-0.004674959399998878,-0.004674959399998878,0.0,0.0,1.2364495605637504
2022-06-08,0.004020760516453985,0.004020760516453985,0.0,0.0,1.241421028137452
2022-06-09,-0.006301479568797581,-0.006301479568797581,0.0,0.0,1.2335982388923683
2022-06-10,-0.006250782610665808,-0.006250782610665808,0.0,0.0,1.225887284472152
2022-06-13,-0.012739513336207266,-0.012739513336207266,0.0,0.0,1.2102700770629322
2022-06-14,0.004786458520249901,0.004786458520249901,0.0,0.0,1.2160629845850937
2022-06-15,-0.00023661879057088563,-0.00023661879057088563,0.0,0.0,1.215775241232423
2022-06-16,-0.0050625499985310005,-0.0050625499985310005,0.0,0.0,1.2096203182867078
2022-06-17,-0.010110661258386276,-0.010110661258386276,0.0,0.0,1.1973902569972497
2022-06-20,-0.01566914014405139,-0.01566914014405139,0.0,0.0,1.178628181253238
2022-06-21,0.025562630489374332,0.025562630489374332,0.0,0.0,1.2087570179349778
2022-06-22,-0.012996544711998683,-0.012996544711998683,0.0,0.0,1.1930473533054435
2022-06-23,0.001353342107666291,0.001353342107666291,0.0,0.0,1.1946619545251116
2022-06-24,0.009188008505423471,0.009188008505423471,0.0,0.0,1.205638518724394
2022-06-27,0.0026347128906211857,0.0026347128906211857,0.0,0.0,1.2088150300711067
2022-06-28,-0.005590691202228325,-0.005590691202228325,0.0,0.0,1.2020569185173668
2022-06-29,-0.0054706072265674095,-0.0054706072265674095,0.0,0.0,1.1954809372521804
2022-06-30,-0.020499893464029948,-0.020499893464029948,0.0,0.0,1.170973705400232
2022-07-01,-0.013515449639106052,-0.013515449639106052,0.0,0.0,1.1551474692561778
2022-07-04,-0.0021894497016293245,-0.0021894497016293245,0.0,0.0,1.1526183319742769
2022-07-05,0.005252926842111981,0.005252926842111981,0.0,0.0,1.1586729517490149
2022-07-06,-0.021788920716178502,-0.021788920716178502,0.0,0.0,1.133426718667375
2022-07-07,0.003850290568598941,0.003850290568598941,0.0,0.0,1.137790740872458
2022-07-08,-0.0017606222612775227,-0.0017606222612775227,0.0,0.0,1.1357875211654025
2022-07-11,-0.01103631291497168,-0.01103631291497168,0.0,0.0,1.123252614676901
2022-07-12,-0.020154333617135537,-0.020154333617135537,0.0,0.0,1.100614206744383
2022-07-13,0.02403344661040126,0.02403344661040126,0.0,0.0,1.1270657595208233
2022-07-14,-0.006029647705889204,-0.006029647705889204,0.0,0.0,1.1202699500495423
2022-07-15,-0.01316455330313685,-0.01316455330313685,0.0,0.0,1.1055220965782127
2022-07-18,0.0130489202197819,0.0130489202197819,0.0,0.0,1.1199479662176677
2022-07-19,-0.0007132588659224799,-0.0007132588659224799,0.0,0.0,1.119149153401391
2022-07-20,-0.0024321526781991617,-0.0024321526781991617,0.0,0.0,1.1164272117906415
2022-07-21,0.006513492930356462,0.006513492930356462,0.0,0.0,1.1236990525418975
2022-07-22,0.003952426958243913,0.003952426958243913,0.0,0.0,1.128140390970117
2022-07-25,0.0071129232712710145,0.0071129232712710145,0.0,0.0,1.1361647670103092
2022-07-26,-0.0016246772186405826,-0.0016246772186405826,0.0,0.0,1.1343188659967256
2022-07-27,0.004493072923416375,0.004493072923416375,0.0,0.0,1.1394154433800558
2022-07-28,-0.001227770364946139,-0.001227770364946139,0.0,0.0,1.1380165028653118
2022-07-29,-0.0003185959679818197,-0.0003185959679818197,0.0,0.0,1.1376539353960022
2022-08-01,0.0028351052486982288,0.0028351052486982288,0.0,0.0,1.1408793040394456
2022-08-02,-0.004951299078988897,-0.004951299078988897,0.0,0.0,1.1352304693921176
2022-08-03,-0.003389322646031593,-0.003389322646031593,0.0,0.0,1.1313828070537417
2022-08-04,-0.006240226247835919,-0.006240226247835919,0.0,0.0,1.1243227223648147
2022-08-05,0.012186053764875634,0.012186053764875634,0.0,0.0,1.1380237795086237
2022-08-08,0.0048103707233300656,0.0048103707233300656,0.0,0.0,1.1434980957800254
2022-08-09,0.007906458396216145,0.007906458396216145,0.0,0.0,1.1525391159004625
2022-08-10,0.0008636127382410986,0.0008636127382410986,0.0,0.0,1.1535344633622753
2022-08-11,0.010434850887169066,0.010434850887169066,0.0,0.0,1.165571423480671
2022-08-12,-0.0013732053963238931,-0.0013732053963238931,0.0,0.0,1.1639708545121465
2022-08-15,7.07794806696512e-05,7.07794806696512e-05,0.0,0.0,1.1640532397647434
2022-08-16,0.0019029959293745805,0.0019029959293745805,0.0,0.0,1.166268428341591
2022-08-17,0.004712479389163272,0.004712479389163272,0.0,0.0,1.1717644442723825
2022-08-18,-0.003458263614308295,-0.003458263614308295,0.0,0.0,1.167712173930215
2022-08-19,0.0016897100721544375,0.0016897100721544375,0.0,0.0,1.1696852689518822
2022-08-22,-0.003138080253430563,-0.003138080253430563,0.0,0.0,1.1660147027066556
2022-08-23,-0.010977253348213136,-0.010977253348213136,0.0,0.0,1.1532150639073033
2022-08-24,-0.004325496452823901,-0.004325496452823901,0.0,0.0,1.1482268362390293
2022-08-25,0.005985514708424864,0.005985514708424864,0.0,0.0,1.1550995648559461
2022-08-26,0.0039504433256373934,0.0039504433256373934,0.0,0.0,1.159662720222378
2022-08-29,-0.012901770035183308,-0.012901770035183308,0.0,0.0,1.1447010184876936
2022-08-30,0.0017933591270184726,0.0017933591270184726,0.0,0.0,1.1467538785069058
2022-08-31,0.0054922475476152505,0.0054922475476152505,0.0,0.0,1.1530521346838538
2022-09-01,-0.012557475793395853,-0.012557475793395853,0.0,0.0,1.138572710414038
2022-09-02,-0.005651253696849049,-0.005651253696849049,0.0,0.0,1.1321383471751791
2022-09-05,0.005196403985988179,0.005196403985988179,0.0,0.0,1.1380213953951304
2022-09-06,0.0026226015698632456,0.0026226015698632456,0.0,0.0,1.1410059720932315
2022-09-07,-0.013826836604417131,-0.013826836604417131,0.0,0.0,1.1252294689524343
2022-09-08,0.01326898035979783,0.01326898035979783,0.0,0.0,1.1401601166762299
2022-09-12,0.00834286428749278,0.00834286428749278,0.0,0.0,1.1496723177956716
2022-09-13,-0.00019178023665870133,-0.00019178023665870133,0.0,0.0,1.1494518333664847
2022-09-14,-0.013343769399020995,-0.013343769399020995,0.0,0.0,1.1341138131667603
2022-09-15,0.005628964911020556,0.005628964911020556,0.0,0.0,1.1404977000261798
2022-09-16,-0.0037251556223960795,-0.0037251556223960795,0.0,0.0,1.1362491686065974
2022-09-19,-0.006472887954446873,-0.006472887954446873,0.0,0.0,1.1288943550498736
2022-09-20,0.0023536430501807674,0.0023536430501807674,0.0,0.0,1.131551369403025
2022-09-21,-0.006217787254509351,-0.006217787254509351,0.0,0.0,1.1245156237205283
2022-09-22,-0.014265147796419877,-0.014265147796419877,0.0,0.0,1.1084742421487717
2022-09-23,-0.001641962959462537,-0.001641962959462537,0.0,0.0,1.106654168501645
2022-09-26,-0.01719821486534178,-0.01719821486534178,0.0,0.0,1.0876216923301276
2022-09-27,-0.0011120512667023236,-0.0011120512667023236,0.0,0.0,1.086412201249479
2022-09-28,-0.014178185115395795,-0.014178185115395795,0.0,0.0,1.0710088479485393
2022-09-29,0.007135615021909108,0.007135615021909108,0.0,0.0,1.0786511547725586
2022-09-30,-0.008511507446591845,-0.008511507446591845,0.0,0.0,1.069470207436437
2022-10-03,-0.013920404242293962,-0.013920404242293962,0.0,0.0,1.0545827498238318
2022-10-04,0.007519808566982983,0.007519808566982983,0.0,0.0,1.0625130102205496
2022-10-05,0.0050600943449019544,0.0050600943449019544,0.0,0.0,1.0678894262949512
2022-10-06,0.005584872777662385,0.005584872777662385,0.0,0.0,1.0738534528814194
2022-10-07,-0.0057776943606493245,-0.0057776943606493245,0.0,0.0,1.0676490558425427
2022-10-11,-0.020336695569063805,-0.020336695569063805,0.0,0.0,1.0459366020192744
2022-10-12,0.006092511541585483,0.006092511541585483,0.0,0.0,1.0523089828388437
2022-10-13,-0.022675969510664452,-0.022675969510664452,0.0,0.0,1.0284468564281917
2022-10-14,0.0026623963981142204,0.0026623963981142204,0.0,0.0,1.031184989634398
2022-10-17,-0.0030804774159055247,-0.0030804774159055247,0.0,0.0,1.0280084475622084
2022-10-18,0.006068668941269129,0.006068668941269129,0.0,0.0,1.0342470904992915
2022-10-19,-0.008677282223107739,-0.008677282223107739,0.0,0.0,1.0252726366066012
2022-10-20,0.0008155923740226154,0.0008155923740226154,0.0,0.0,1.0261088411503114
2022-10-21,0.0010182752501870923,0.0010182752501870923,0.0,0.0,1.027153702387253
2022-10-24,-0.0009360380764783507,-0.0009360380764783507,0.0,0.0,1.026192247411423
2022-10-25,0.0050906461192791914,0.0050906461192791914,0.0,0.0,1.0314162289933424
2022-10-26,0.005914767464043435,0.005914767464043435,0.0,0.0,1.0375168161464785
2022-10-27,-0.0026836835639944623,-0.0026836835639944623,0.0,0.0,1.0347324493196184
2022-10-28,-0.00406724137707748,-0.00406724137707748,0.0,0.0,1.030523942687541
2022-10-31,0.0037377765706277464,0.0037377765706277464,0.0,0.0,1.0343758109359893
2022-11-01,0.009103834157752766,0.009103834157752766,0.0,0.0,1.0437925967755415
2022-11-02,-0.0027669892516317732,-0.0027669892516317732,0.0,0.0,1.0409044338793307
2022-11-03,-0.005221102430999467,-0.005221102430999467,0.0,0.0,1.0354697652091651
2022-11-04,0.00904812695584819,0.00904812695584819,0.0,0.0,1.04483882710372
2022-11-07,0.009637968365767057,0.009637968365767057,0.0,0.0,1.0549089506666707
2022-11-08,0.006510235333166081,0.006510235333166081,0.0,0.0,1.061776656190574
2022-11-09,0.008701555900393796,0.008701555900393796,0.0,0.0,1.0710157651181493
2022-11-10,-0.007077103091611479,-0.007077103091611479,0.0,0.0,1.0634360761356672
2022-11-11,0.023546574403429655,0.023546574403429655,0.0,0.0,1.0884763528256869
2022-11-14,0.00868608773619003,0.00868608773619003,0.0,0.0,1.097930953925099
2022-11-15,0.0027619446999183114,0.0027619446999183114,0.0,0.0,1.1009633785041686
2022-11-16,-0.008907695588016578,-0.008907695588016578,0.0,0.0,1.0911563318748991
2022-11-17,-0.003258587166748786,-0.003258587166748786,0.0,0.0,1.087600703854935
2022-11-18,-0.003981464455575356,-0.003981464455575356,0.0,0.0,1.0832704603106778
2022-11-21,-0.0013843680346002315,-0.0013843680346002315,0.0,0.0,1.0817708153125971
2022-11-22,0.003639078459224045,0.003639078459224045,0.0,0.0,1.0857074641844182
2022-11-23,0.007359844505195567,0.007359844505195567,0.0,0.0,1.0936981022989458
2022-11-24,0.008305542020007932,0.008305542020007932,0.0,0.0,1.1027818578447928
2022-11-25,0.00027937640772284574,0.00027937640772284574,0.0,0.0,1.1030899490787394
2022-11-28,-0.004213902125095159,-0.004213902125095159,0.0,0.0,1.0984416359981453
2022-11-29,0.013196335054321408,0.013196335054321408,0.0,0.0,1.1129370398643936
2022-11-30,0.012089683242362918,0.012089683242362918,0.0,0.0,1.126392096145047
2022-12-01,-0.002195229215359507,-0.002195229215359507,0.0,0.0,1.1239194073076395
2022-12-02,-0.003923731267948209,-0.003923731267948209,0.0,0.0,1.1195094495865328
2022-12-05,0.0005561117156650254,0.0005561117156650254,0.0,0.0,1.1201320219072455
2022-12-06,-0.01040919666740557,-0.01040919666740557,0.0,0.0,1.1084723473977542
2022-12-07,0.0033722875241695947,0.0033722875241695947,0.0,0.0,1.1122104348657706
2022-12-08,-0.003194068565142749,-0.003194068565142749,0.0,0.0,1.1086579584779421
2022-12-09,0.004949831109757029,0.004949831109757029,0.0,0.0,1.1141456281308961
2022-12-12,-0.00031006582190385866,-0.00031006582190385866,0.0,0.0,1.1138001696509892
2022-12-13,-0.00797825448027676,-0.00797825448027676,0.0,0.0,1.104913988457338
2022-12-14,0.009463227748352728,0.009463227748352728,0.0,0.0,1.1153700411724505
2022-12-15,-0.0008373742910962703,-0.0008373742910962703,0.0,0.0,1.1144360589749136
2022-12-16,-0.009185785380798145,-0.009185785380798145,0.0,0.0,1.1041990885165476
2022-12-19,-0.0012123949788730892,-0.0012123949788730892,0.0,0.0,1.102860363085954
2022-12-20,-0.008906613277491737,-0.008906613277491737,0.0,0.0,1.093037612332873
2022-12-21,0.00019247527586192987,0.00019247527586192987,0.0,0.0,1.0932479950488343
2022-12-22,0.014981987710707134,0.014981987710707134,0.0,0.0,1.109627023075411
2022-12-23,-0.007439356646988913,-0.007439356646988913,0.0,0.0,1.1013721119056166
2022-12-26,0.0031696570706621534,0.0031696570706621534,0.0,0.0,1.1048630838075482
2022-12-27,0.0024344330704492855,0.0024344330704492855,0.0,0.0,1.107552799037088
2022-12-28,-0.0063371755187841584,-0.0063371755187841584,0.0,0.0,1.1005340425532693
2022-12-29,-0.004409336898340407,-0.004409336898340407,0.0,0.0,1.0956814171915594
2022-12-30,0.004388048029659814,0.004388048029659814,0.0,0.0,1.1004893198754018
2023-01-03,0.00039040573010959374,0.00039040573010959374,0.0,0.0,1.1009189572118057
2023-01-04,0.001491002923230226,0.001491002923230226,0.0,0.0,1.102560430595248
2023-01-05,0.006376515310308922,0.006376515310308922,0.0,0.0,1.1095909240614796
2023-01-06,0.0031759940275958047,0.0031759940275958047,0.0,0.0,1.1131149782093732
2023-01-09,0.01784757677878214,0.01784757677878214,0.0,0.0,1.1329813832465776
2023-01-10,0.0006147427199208881,0.0006147427199208881,0.0,0.0,1.1336778753037342
2023-01-11,-0.008200211249348143,-0.008200211249348143,0.0,0.0,1.1243814772375316
2023-01-12,-0.004952297603973645,-0.004952297603973645,0.0,0.0,1.1188132055418558
2023-01-13,0.0020002336586725823,0.0020002336586725823,0.0,0.0,1.121051093373348
2023-01-16,0.0073760292443818,0.0073760292443818,0.0,0.0,1.129319999022516
2023-01-17,0.00012890741945129647,0.00012890741945129647,0.0,0.0,1.1294655767493247
2023-01-30,0.019171718924986886,0.019171718924986886,0.0,0.0,1.151119373322211
2023-01-31,-0.015794089085019874,-0.015794089085019874,0.0,0.0,1.1329384913924676
2023-02-01,0.0063689875365816944,0.0063689875365816944,0.0,0.0,1.14015416252386
2023-02-02,0.0028242337362840413,0.0028242337362840413,0.0,0.0,1.1433742243742246
2023-02-03,-0.0015527104149530868,-0.0015527104149530868,0.0,0.0,1.14159889530785
2023-02-06,-0.00507564143723233,-0.00507564143723233,0.0,0.0,1.1358045486501267
2023-02-07,0.0022243239601396807,0.0022243239601396807,0.0,0.0,1.1383309459217248
2023-02-08,0.00017419164306678686,0.00017419164306678686,0.0,0.0,1.1385292336595487
2023-02-09,-0.00014080664019495048,-0.00014080664019495048,0.0,0.0,1.1383689211833934
2023-02-10,-0.0003757598511158794,-0.0003757598511158794,0.0,0.0,1.1379411678470546
2023-02-13,0.006266087035569532,0.006266087035569532,0.0,0.0,1.145071606246142
2023-02-14,0.004053111146768525,0.004053111146768525,0.0,0.0,1.1497127087372663
2023-02-15,-0.005754164804196498,-0.005754164804196498,0.0,0.0,1.1430970723337128
2023-02-16,0.005019588254397278,0.005019588254397278,0.0,0.0,1.1488349489716352
2023-02-17,0.004438743720523964,0.004438743720523964,0.0,0.0,1.1539343328873015
2023-02-20,0.009524172703222077,0.009524172703222077,0.0,0.0,1.1649246027618976
2023-02-21,-0.005385849588461394,-0.005385849588461394,0.0,0.0,1.1586504940695237
2023-02-22,-2.8907885536833965e-05,-2.8907885536833965e-05,0.0,0.0,1.158616999933664
2023-02-23,0.004531411848434004,0.004531411848434004,0.0,0.0,1.1638671707349606
2023-02-24,-0.0040906402910255,-0.0040906402910255,0.0,0.0,1.1591062087929505
2023-03-01,-0.006603233066378215,-0.006603233066378215,0.0,0.0,1.1514523603476046
2023-03-02,-0.0002863176409106211,-0.0002863176409106211,0.0,0.0,1.1511226792241689
2023-03-03,0.0029318403601502267,0.0029318403601502267,0.0,0.0,1.1544975871546024
2023-03-06,0.007704098925551619,0.007704098925551619,0.0,0.0,1.163391950775352
2023-03-07,0.0042831452485431725,0.0042831452485431725,0.0,0.0,1.168374927481509
2023-03-08,-0.0003990818801810462,-0.0003990818801810462,0.0,0.0,1.1679086502186933
2023-03-09,-0.006809828402065676,-0.006809828402065676,0.0,0.0,1.159955392721416
2023-03-10,-0.011904029528079427,-0.011904029528079427,0.0,0.0,1.1461472494752052
2023-03-13,-0.0021055114553213323,-0.0021055114553213323,0.0,0.0,1.1437340233119502
2023-03-14,-0.012297826708612132,-0.012297826708612132,0.0,0.0,1.1296685804925162
2023-03-15,-0.0025796077012272857,-0.0025796077012272857,0.0,0.0,1.126754478722443
2023-03-16,-0.011717909015550174,-0.011717909015550174,0.0,0.0,1.1135512722579097
2023-03-17,0.005861984890897594,0.005861984890897594,0.0,0.0,1.1200788929911254
2023-03-20,-0.002256261500277335,-0.002256261500277335,0.0,0.0,1.1175517021075962
2023-03-21,0.005894005624244129,0.005894005624244129,0.0,0.0,1.124138558125202
2023-03-22,0.011413958997786685,0.011413958997786685,0.0,0.0,1.136969429535474
2023-03-23,0.0056239149275094345,0.0056239149275094345,0.0,0.0,1.1433636488823604
2023-03-24,0.0017515517146074351,0.0017515517146074351,0.0,0.0,1.1453663094419801
2023-03-27,-0.0002162727832840483,-0.0002162727832840483,0.0,0.0,1.1451185978823573
2023-03-28,-0.0020135362946470782,-0.0020135362946470782,0.0,0.0,1.1428128600238459
2023-03-29,0.00635207996127075,0.00635207996127075,0.0,0.0,1.1500720986914859
2023-03-30,-0.0004169387852970858,-0.0004169387852970858,0.0,0.0,1.1495925890276533
2023-03-31,0.0030500111904458132,0.0030500111904458132,0.0,0.0,1.1530988592886413
2023-04-06,0.0034932685604867693,0.0034932685604867693,0.0,0.0,1.1571269432809275
2023-04-07,-0.0005486457856386796,-0.0005486457856386796,0.0,0.0,1.1564920904600473
2023-04-10,0.0040894890814457685,0.0040894890814457685,0.0,0.0,1.1612215522367622
2023-04-11,0.006125561398308009,0.006125561398308009,0.0,0.0,1.168334686152027
2023-04-12,0.0018236654880378952,0.0018236654880378952,0.0,0.0,1.17046533779764
2023-04-13,0.0005698717452848031,-0.0004950720518616665,0.4840653623393043,0.0010649437971464695,1.1698858731212236
2023-04-14,0.002204382137479575,0.002204382137479575,0.0,0.0,1.1724647486428217
2023-04-17,-0.0007002829217752357,-0.0007002829217752357,0.0,0.0,1.1716436916029636
2023-04-18,0.0015521705146407786,0.0015521705146407786,0.0,0.0,1.1734622823947347
2023-04-19,-0.002271137535473973,-0.002271137535473973,0.0,0.0,1.1707971881587251
2023-04-20,-0.00670998698957374,-0.00670998698957374,0.0,0.0,1.1629411542587507
2023-04-21,0.00011616077389246424,0.00011616077389246424,0.0,0.0,1.1630762424032206
2023-04-24,0.001586170756137499,0.001586170756137499,0.0,0.0,1.164921079926079
2023-04-25,-0.005595660838337552,-0.005595660838337552,0.0,0.0,1.1584025766593828
2023-04-26,0.005279175787459805,0.005279175787459805,0.0,0.0,1.164517987494214
2023-04-27,-0.00016884961987876344,-0.00016884961987876344,0.0,0.0,1.1643213590746837
2023-04-28,0.0027301418007505155,0.0027301418007505155,0.0,0.0,1.1675001214866003
2023-05-02,0.0045144657888047494,0.0045144657888047494,0.0,0.0,1.172770760843477
2023-05-03,-0.0019854342504505777,-0.0019854342504505777,0.0,0.0,1.1704423016069714
2023-05-04,0.004621111224574874,0.004621111224574874,0.0,0.0,1.1758510456646447
2023-05-05,0.0006877385435871278,0.0006877385435871278,0.0,0.0,1.1766597237502654
2023-05-08,0.0040794441676907265,0.0040794441676907265,0.0,0.0,1.1814598413976751
2023-05-09,0.003527884297535503,0.003527884297535503,0.0,0.0,1.1856278950203107
2023-05-10,0.0012270249393386485,0.0012270249393386485,0.0,0.0,1.1870826900162763
2023-05-11,-0.0033337488075111466,-0.0033337488075111466,0.0,0.0,1.1831252545140174
2023-05-12,-0.001482155697779152,-0.001482155697779152,0.0,0.0,1.181371678676853
2023-05-15,0.0006368311661121664,0.0006368311661121664,0.0,0.0,1.1821240129805968
2023-05-16,0.008836966830815687,0.008836966830815687,0.0,0.0,1.192570403673217
2023-05-17,0.008984224461327971,0.008984224461327971,0.0,0.0,1.2032847238657538
2023-05-18,0.003973651172208669,0.003973651172208669,0.0,0.0,1.2080661576192437
2023-05-19,0.005549750144767642,0.005549750144767642,0.0,0.0,1.21477062295238
2023-05-22,0.00024109590967378778,0.00024109590967378778,0.0,0.0,1.2150634991807656
2023-05-23,0.0011175826429757959,0.0011175826429757959,0.0,0.0,1.2164214330575636
2023-05-24,-0.000669259228795441,-0.000669259228795441,0.0,0.0,1.2156073317873852
2023-05-25,-0.0016664587788566007,-0.0016664587788566007,0.0,0.0,1.2135815722776857
2023-05-26,0.0010759135092542936,0.0010759135092542936,0.0,0.0,1.2148872810858815
2023-05-29,0.005293082161401836,0.005293082161401836,0.0,0.0,1.2213177792815113
2023-05-30,0.0008738298675437721,0.0008738298675437721,0.0,0.0,1.2223850032348096
2023-05-31,0.0017420846682589344,0.0017420846682589344,0.0,0.0,1.2245145014076546
2023-06-01,-0.003628254398430616,-0.003628254398430616,0.0,0.0,1.2200716512819803
2023-06-02,0.007885734486220203,0.007885734486220203,0.0,0.0,1.2296928123781543
2023-06-05,0.005452425199761366,0.005452425199761366,0.0,0.0,1.2363976204563305
2023-06-06,0.00102486689695452,0.00102486689695452,0.0,0.0,1.2376647634490097
2023-06-07,0.004733231247035023,0.004733231247035023,0.0,0.0,1.2435229169807207
2023-06-08,-0.00189341474716047,-0.00189341474716047,0.0,0.0,1.2411684123512774
2023-06-09,0.0069810030831290735,0.0069810030831290735,0.0,0.0,1.249833012864584
2023-06-12,-0.0022661599652962477,-0.0022661599652962477,0.0,0.0,1.2470006913275247
2023-06-13,0.00773325184145394,0.00773325184145394,0.0,0.0,1.2566440617200276
2023-06-14,0.0006460005381304276,0.0006460005381304276,0.0,0.0,1.257455854460137
2023-06-15,0.004224517624730368,0.004224517624730368,0.0,0.0,1.2627679988796243
2023-06-16,-0.004617136747819171,-0.004617136747819171,0.0,0.0,1.2569376263480272
2023-06-19,0.003368476144464544,0.003368476144464544,0.0,0.0,1.2611715907574603
2023-06-20,-0.002403822880576785,-0.002403822880576785,0.0,0.0,1.258139957631264
2023-06-21,0.004393340867196814,0.004393340867196814,0.0,0.0,1.2636673953237787
2023-06-26,-0.004046183777088625,-0.004046183777088625,0.0,0.0,1.2585543648091837
2023-06-27,-0.011615058909671981,-0.011615058909671981,0.0,0.0,1.2439361817209003
2023-06-28,0.0019709460739784235,0.0019709460739784235,0.0,0.0,1.246387912854543
2023-06-29,-0.0017735117571073156,-0.0017735117571073156,0.0,0.0,1.244177429237179
2023-06-30,-0.00532614528622149,-0.00532614528622149,0.0,0.0,1.2375507594872244
2023-07-03,0.006351231237687071,0.006351231237687071,0.0,0.0,1.245410730529103
2023-07-04,0.0024588001670615917,0.0024588001670615917,0.0,0.0,1.2484729466413882
2023-07-05,-0.00575055660886494,-0.00575055660886494,0.0,0.0,1.2412935322870906
2023-07-06,-0.013581305715151306,-0.013581305715151306,0.0,0.0,1.2244351453428597
2023-07-07,-0.008303322314375198,-0.008303322314375198,0.0,0.0,1.214268265678029
2023-07-10,0.0008877688681648716,0.0008877688681648716,0.0,0.0,1.2153462552418983
2023-07-11,0.01592662784916077,0.01592662784916077,0.0,0.0,1.2347026227570073
2023-07-12,0.0060316033091969996,0.0060316033091969996,0.0,0.0,1.2421498591823026
2023-07-13,0.0035467644426307103,0.0035467644426307103,0.0,0.0,1.2465554721352692
2023-07-14,0.013931762645570712,0.013931762645570712,0.0,0.0,1.263922187097595
2023-07-17,0.009345884696653591,0.009345884696653591,0.0,0.0,1.2757346581237514
2023-07-18,0.0021911584318080155,0.0021911584318080155,0.0,0.0,1.2785299948766489
2023-07-19,-0.008564397258887751,-0.008564397258887751,0.0,0.0,1.2675801560931215
2023-07-20,0.001173504165933494,0.001173504165933494,0.0,0.0,1.2690676666869514
2023-07-21,-0.0015150534857845445,-0.0015150534857845445,0.0,0.0,1.2671449612948409
2023-07-24,-0.0005817222097639346,-0.0005817222097639346,0.0,0.0,1.2664078349278651
2023-07-25,0.0071859728497842956,0.0071859728497842956,0.0,0.0,1.2755082072464108
2023-07-26,0.003514144046005578,0.003514144046005578,0.0,0.0,1.279990526818537
2023-07-27,0.0006713277209861239,0.0006713277209861239,0.0,0.0,1.28084981994179
2023-07-28,0.0018783390562233135,0.0018783390562233135,0.0,0.0,1.2832556901837433
2023-07-31,-0.004073811253144802,-0.004073811253144802,0.0,0.0,1.2780279487124107
2023-08-01,0.0031874096569757693,0.0031874096569757693,0.0,0.0,1.2821015473380215
2023-08-02,-0.016974664795816184,-0.016974664795816184,0.0,0.0,1.2603383033377613
2023-08-04,0.0013596646309113167,0.0013596646309113167,0.0,0.0,1.2620519407517925
2023-08-07,0.01196887299609255,0.01196887299609255,0.0,0.0,1.2771572801451228
2023-08-08,-0.003240237369816025,-0.003240237369816025,0.0,0.0,1.273018987398864
2023-08-09,-0.00376165674676089,-0.00376165674676089,0.0,0.0,1.2682303269361603
2023-08-10,-0.009938404229451157,-0.009938404229451157,0.0,0.0,1.25562614129102
2023-08-11,-0.005550064556745158,-0.005550064556745158,0.0,0.0,1.248657335147718
2023-08-14,-0.009662166001578583,-0.009662166001578583,0.0,0.0,1.236592600696432
2023-08-15,-0.00043128217616642006,-0.00043128217616642006,0.0,0.0,1.2360592803485724
2023-08-16,-0.004976784755806188,-0.004976784755806188,0.0,0.0,1.229907679364861
2023-08-17,-0.0019288663268960744,-0.0019288663268960744,0.0,0.0,1.2275353518569432
2023-08-18,-0.0026704192204378813,-0.0026704192204378813,0.0,0.0,1.2242573178595775
2023-08-21,0.0018156582711048555,0.0018156582711048555,0.0,0.0,1.2264801507847098
2023-08-22,-0.001012217700049749,-0.001012217700049749,0.0,0.0,1.2252386858673259
2023-08-23,0.0022660682463622787,0.0022660682463622787,0.0,0.0,1.2280151603475844
2023-08-24,0.0028697229193695574,0.0028697229193695574,0.0,0.0,1.2315392235985672
2023-08-25,-0.007891240357484343,-0.007891240357484343,0.0,0.0,1.2218208515754811
2023-08-28,0.0020366507811066616,0.0020366507811066616,0.0,0.0,1.2243092739672148
2023-08-29,0.005573725718927888,0.005573725718927888,0.0,0.0,1.2311332380554478
2023-08-30,0.0029736356153251364,0.0029736356153251364,0.0,0.0,1.23479417969934
2023-08-31,-0.008369145786116583,-0.008369145786116583,0.0,0.0,1.224460007193588
2023-09-01,0.0029895346443647537,0.0029895346443647537,0.0,0.0,1.2281205728057323
2023-09-04,0.003998251423179621,0.003998251423179621,0.0,0.0,1.2330309076337889
2023-09-05,0.00015920096091393964,0.00015920096091393964,0.0,0.0,1.2332272073391208
2023-09-06,-0.0018451869091415964,-0.0018451869091415964,0.0,0.0,1.2309516726401415
2023-09-07,-0.001443031510594253,-0.001443031510594253,0.0,0.0,1.2291753705885031
2023-09-08,0.0010035653222400188,0.0010035653222400188,0.0,0.0,1.2304089283653772
2023-09-11,-0.0029774629347244165,-0.0029774629347244165,0.0,0.0,1.2267454313866153
2023-09-12,0.006323633260246089,0.006323633260246089,0.0,0.0,1.2345029195983865
2023-09-13,0.0016691766219846492,0.0016691766219846492,0.0,0.0,1.2365635230115521
2023-09-14,0.011994738297424038,0.011994738297424038,0.0,0.0,1.2513957788582166
2023-09-15,0.0004401054775139391,0.0004401054775139391,0.0,0.0,1.25194652499503
2023-09-18,-0.004785597908692051,-0.004785597908692051,0.0,0.0,1.2459552123232194
2023-09-19,0.0010178167649101697,0.0010178167649101697,0.0,0.0,1.2472233664266492
2023-09-20,-0.004641861173255685,-0.004641861173255685,0.0,0.0,1.2414339287076561
2023-09-21,-0.012996479245138243,-0.012996479245138243,0.0,0.0,1.2252996584189966
2023-09-22,0.004266227006028536,0.004266227006028536,0.0,0.0,1.2305270649122213
2023-09-25,0.0038903419931024742,0.0038903419931024742,0.0,0.0,1.2353142360264984
2023-09-26,-0.008546803170082409,-0.008546803170082409,0.0,0.0,1.2247562483979793
2023-09-27,0.000768703815183285,0.000768703815183285,0.0,0.0,1.2256977231987924
2023-09-28,0.002955036281055646,0.002955036281055646,0.0,0.0,1.2293197044404522
2023-10-02,0.003126947273017768,0.003126947273017768,0.0,0.0,1.2331637223379193
2023-10-03,-0.00542329924202004,-0.00542329924202004,0.0,0.0,1.2264759064572774
2023-10-04,-0.011303854344496435,-0.011303854344496435,0.0,0.0,1.2126120014536501
2023-10-05,0.00839443576907083,0.00839443576907083,0.0,0.0,1.2227911950126573
2023-10-06,0.00533777902582503,0.00533777902582503,0.0,0.0,1.2293181842063594
2023-10-11,0.01193205942096559,0.01193205942096559,0.0,0.0,1.2439864818275832
2023-10-12,0.006057819378507064,0.006057819378507064,0.0,0.0,1.2515223272437992
2023-10-13,-0.006664307844139858,-0.006664307844139858,0.0,0.0,1.2431817971812322
2023-10-16,-0.001321200510059675,-0.001321200510059675,0.0,0.0,1.2415393047566994
2023-10-17,-0.0034531696803419823,-0.0034531696803419823,0.0,0.0,1.2372520588725608
2023-10-18,-0.005354240072714475,-0.005354240072714475,0.0,0.0,1.230627514318897
2023-10-19,-0.0048151873090987885,-0.0048151873090987885,0.0,0.0,1.2247018123297209
2023-10-20,-0.007081286052057723,-0.007081286052057723,0.0,0.0,1.2160293484681406
2023-10-23,-0.006342174450414619,-0.006342174450414619,0.0,0.0,1.2083170782033317
2023-10-24,0.0038270054893721427,0.0038270054893721427,0.0,0.0,1.2129413142945178
2023-10-25,0.00010135553382287378,0.00010135553382287378,0.0,0.0,1.213064252608924
2023-10-26,-0.00856075545041991,-0.00856075545041991,0.0,0.0,1.2026795061966926
2023-10-27,0.005667953668300085,0.005667953668300085,0.0,0.0,1.2094962379156295
2023-10-30,-0.004089081150129219,-0.004089081150129219,0.0,0.0,1.2045505096480167
2023-10-31,-0.00253659787557816,-0.00253659787557816,0.0,0.0,1.201495049384217
2023-11-01,0.004925841652797862,0.004925841652797862,0.0,0.0,1.2074134237441043
2023-11-02,0.012422922589063634,0.012422922589063634,0.0,0.0,1.2224130272402738
2023-11-03,0.006667461809767673,0.006667461809767673,0.0,0.0,1.230563419415161
2023-11-06,0.008326800962923384,0.008326800962923384,0.0,0.0,1.2408100760808853
2023-11-07,-0.001275347910641029,-0.001275347910641029,0.0,0.0,1.2392276115428533
2023-11-08,0.003997570418575186,0.003997570418575186,0.0,0.0,1.2441815111846388
2023-11-09,-0.0016939038891084536,-0.0016939038891084536,0.0,0.0,1.2420739872840862
2023-11-10,-0.002379680689302759,-0.002379680689302759,0.0,0.0,1.239118247801861
2023-11-13,-0.0007999934794504625,-0.0007999934794504625,0.0,0.0,1.2381269612833514
2023-11-14,0.0028990635551165767,0.0028990635551165767,0.0,0.0,1.241716370033415
2023-11-15,0.009687912645225984,0.009687912645225984,0.0,0.0,1.253746009756446
2023-11-16,0.0048017260160786255,0.0048017260160786255,0.0,0.0,1.2597661545890482
2023-11-17,0.0003710398162609127,0.0003710398162609127,0.0,0.0,1.2602335779915785
2023-11-20,0.0001281595693048398,0.0001281595693048398,0.0,0.0,1.2603950889841573
2023-11-21,0.011480129249414826,0.011480129249414826,0.0,0.0,1.2748645875110232
2023-11-22,-0.00592830840692591,-0.00592830840692591,0.0,0.0,1.2673067970591894
2023-11-23,0.0004789824740329638,0.0004789824740329638,0.0,0.0,1.2679138148042035
2023-11-24,-0.00019461348059906006,-0.00019461348059906006,0.0,0.0,1.267667061683605
2023-11-27,-0.0022265478424273047,-0.0022265478424273047,0.0,0.0,1.2648445403224973
2023-11-28,0.006317984723127093,0.006317984723127093,0.0,0.0,1.2728358088053857
2023-11-29,-0.00047505462940262223,-0.00047505462940262223,0.0,0.0,1.2722311422619432
2023-11-30,0.004017980438341501,0.004017980438341501,0.0,0.0,1.2773429421046008
2023-12-01,-0.00529611338487935,-0.00529611338487935,0.0,0.0,1.2705779890518394
2023-12-04,0.004361522200703933,0.004361522200703933,0.0,0.0,1.2761196431588147
2023-12-05,-0.0008734345862244634,-0.0008734345862244634,0.0,0.0,1.2750050361263192
2023-12-06,0.004295834304932208,0.004295834304932208,0.0,0.0,1.280482246499472
2023-12-07,-0.005729295973120432,-0.005729295973120432,0.0,0.0,1.2731459847209505
2023-12-08,0.002875017456679174,0.002875017456679174,0.0,0.0,1.2768063016519242
2023-12-11,0.0009945039691647397,0.0009945039691647397,0.0,0.0,1.2780760905867716
2023-12-12,0.0018275810262188765,0.0018275810262188765,0.0,0.0,1.280411878199992
2023-12-13,0.0021817767107321414,0.0021817767107321414,0.0,0.0,1.2832054510159936
2023-12-14,0.009146519313524757,0.009146519313524757,0.0,0.0,1.2949423144569316
2023-12-15,-0.006909472557289386,-0.006909472557289386,0.0,0.0,1.2859949460719187
2023-12-18,0.00066118121169086,0.00066118121169086,0.0,0.0,1.2868452217685906
2023-12-19,-0.005674478392652497,-0.005674478392652497,0.0,0.0,1.2795430463629767
2023-12-20,0.002949351690471038,0.002949351690471038,0.0,0.0,1.2833168688097978
2023-12-21,-0.0025783430852754146,-0.0025783430852754146,0.0,0.0,1.2800080376348848
2023-12-22,4.65787161313148e-05,4.65787161313148e-05,0.0,0.0,1.2800676587659154
2023-12-25,0.0033255142232709884,0.0033255142232709884,0.0,0.0,1.2843245419718907
2023-12-26,0.007745414639193068,0.007745414639193068,0.0,0.0,1.2942721680807547
2023-12-27,0.006909066301407469,0.006909066301407469,0.0,0.0,1.3032143803020912
2023-12-28,0.0023189412952735865,0.0023189412952735865,0.0,0.0,1.3062364579451682
2023-12-29,0.0029898756455883106,0.0029898756455883106,0.0,0.0,1.3101419425181582
2024-01-02,-0.0019386186429375925,-0.0019386186429375925,0.0,0.0,1.3076020769234982
2024-01-03,-0.011919298125783549,-0.011919298125783549,0.0,0.0,1.2920163779387532
2024-01-04,0.002113591991349602,0.002113591991349602,0.0,0.0,1.294747173407857
2024-01-05,0.0009356359476425172,0.0009356359476425172,0.0,0.0,1.295958585406406
2024-01-08,0.0035468172309736615,0.0035468172309736615,0.0,0.0,1.3005551136477536
2024-01-09,-0.006204240519863388,-0.006204240519863388,0.0,0.0,1.2924861569133448
2024-01-10,-0.005836728667823306,-0.005836728667823306,0.0,0.0,1.284942265908524
2024-01-11,0.004299928666504715,0.004299928666504715,0.0,0.0,1.2904674259925073
2024-01-12,-0.0030388660474004103,-0.0030388660474004103,0.0,0.0,1.2865458683463824
2024-01-15,-0.0012408114011523092,-0.0012408114011523092,0.0,0.0,1.284949507564833
2024-01-16,-0.010350428821739885,-0.010350428821739885,0.0,0.0,1.2716497291472535
2024-01-17,-0.01403186074872224,-0.01403186074872224,0.0,0.0,1.253806117226709
2024-01-18,0.0022491375285594965,0.0022491375285594965,0.0,0.0,1.2566260996185012
2024-01-19,0.010106849124902553,0.010106849124902553,0.0,0.0,1.2693266300137602
2024-01-22,0.005938750010133373,0.005938750010133373,0.0,0.0,1.276864843550617
2024-01-23,0.00286092772016872,0.00286092772016872,0.0,0.0,1.2805178615764399
2024-01-24,0.0015261691462201653,0.0015261691462201653,0.0,0.0,1.2824721484279615
2024-01-25,0.0013015861845469317,0.0013015861845469317,0.0,0.0,1.2841413964584216
2024-01-26,0.002195832313194125,0.002195832313194125,0.0,0.0,1.2869611556314753
2024-01-29,0.004452459378093311,0.004452459378093311,0.0,0.0,1.2926912978981084
2024-01-30,-0.0074475481329320066,-0.0074475481329320066,0.0,0.0,1.28306391723599
2024-01-31,-0.00039378008824531626,-0.00039378008824531626,0.0,0.0,1.2825586722134363
2024-02-01,0.007112686561540396,0.007112686561540396,0.0,0.0,1.2916811100456758
2024-02-02,0.0003715822703796098,0.0003715822703796098,0.0,0.0,1.292161075845153
2024-02-05,-0.004818556943094279,-0.004818556943094279,0.0,0.0,1.285934724121543
2024-02-15,0.001581549503434158,0.001581549503434158,0.0,0.0,1.2879684935459261
2024-02-16,0.0029781329879764607,0.0029781329879764607,0.0,0.0,1.2918042350040297
2024-02-19,0.00795418286583408,0.00795418286583408,0.0,0.0,1.3020794821161106
2024-02-20,0.0028196375174523035,0.0028196375174523035,0.0,0.0,1.30575087427459
2024-02-21,-0.002040464152585398,-0.002040464152585398,0.0,0.0,1.3030865364234256
2024-02-22,0.0027997796493070526,0.0027997796493070526,0.0,0.0,1.30673489158939
2024-02-23,-0.005588302635975381,-0.005588302635975381,0.0,0.0,1.2994324615502
2024-02-26,-0.0020764655317947038,-0.0020764655317947038,0.0,0.0,1.2967342348328958
2024-02-27,-0.0012204626923888694,-0.0012204626923888694,0.0,0.0,1.295151619077339
2024-02-29,0.007456388522538325,0.007456388522538325,0.0,0.0,1.304808772744774
2024-03-01,-0.0035486821430313776,-0.0035486821430313776,0.0,0.0,1.3001784211528638
2024-03-04,0.00368936116442719,0.00368936116442719,0.0,0.0,1.3049752489266913
2024-03-05,-6.863405291337658e-05,-6.863405291337658e-05,0.0,0.0,1.3048856831864057
2024-03-06,0.0037770520345450833,0.0037770520345450833,0.0,0.0,1.3098143043109336
2024-03-07,-0.0004951844860295114,-0.0004951844860295114,0.0,0.0,1.3091657045878593
2024-03-08,0.000701694568424479,0.000701694568424479,0.0,0.0,1.310084339051936
2024-03-11,0.003739471088579063,0.003739471088579063,0.0,0.0,1.3149833615614208
2024-03-12,0.010715826098569466,0.010715826098569466,0.0,0.0,1.3290744945864252
2024-03-13,0.0059947446715173216,0.0059947446715173216,0.0,0.0,1.3370419568308969
2024-03-14,0.005273711976596439,0.005273711976596439,0.0,0.0,1.344093131011848
2024-03-15,0.003222616643575192,0.003222616643575192,0.0,0.0,1.3484246279063619
2024-03-18,-0.0016646436493145693,-0.0016646436493145693,0.0,0.0,1.346179981412938
2024-03-19,-0.000270198427070845,-0.000270198427070845,0.0,0.0,1.345816245699406
2024-03-20,-0.0030072564183566265,-0.0030072564183566265,0.0,0.0,1.341769031156598
2024-03-21,0.014199618138672406,0.014199618138672406,0.0,0.0,1.360821639029318
2024-03-22,0.0001442432576715221,0.0001442432576715221,0.0,0.0,1.3610179283756414
2024-03-25,-0.0009893445932208852,-0.0009893445932208852,0.0,0.0,1.3596714126469263
2024-03-26,0.003283591063893354,0.003283591063893354,0.0,0.0,1.364136017547325
2024-03-27,0.0063825203380225865,0.0063825203380225865,0.0,0.0,1.3728426434231498
2024-03-28,0.00039553772940948903,0.00039553772940948903,0.0,0.0,1.373385654485166
2024-03-29,0.0026429719929450253,0.0026429719929450253,0.0,0.0,1.3770154743054828
2024-04-01,-0.0012687895567282872,-0.0012687895567282872,0.0,0.0,1.3752683314522307
2024-04-02,0.00217514694954616,0.00217514694954616,0.0,0.0,1.3782597421681964
2024-04-03,-0.011433773594384187,-0.011433773594384187,0.0,0.0,1.362501032321991
2024-04-08,0.0064777595165514314,0.0064777595165514314,0.0,0.0,1.371326986350426
2024-04-09,0.0036685323830480242,0.0036685323830480242,0.0,0.0,1.3763577438076002
2024-04-10,-0.000548063278593287,-0.000548063278593287,0.0,0.0,1.3756034126700118
2024-04-11,-0.0016018148992757593,-0.0016018148992757593,0.0,0.0,1.3733999506281025
2024-04-12,-0.005728693859095104,-0.005728693859095104,0.0,0.0,1.3655321627648578
2024-04-15,-0.0028803298083271032,-0.0028803298083271032,0.0,0.0,1.3615989797722168
2024-04-16,-0.023156886164670442,-0.023156886164670442,0.0,0.0,1.3300685871957
2024-04-17,0.005911748436434778,0.005911748436434778,0.0,0.0,1.3379316180864054
2024-04-18,0.006355444495817787,0.006355444495817787,0.0,0.0,1.3464347682243532
2024-04-19,-0.01469048552146323,-0.01469048552146323,0.0,0.0,1.3266549877561586
2024-04-22,0.011825030015749907,0.011825030015749907,0.0,0.0,1.3423427228069196
2024-04-23,0.005100531845714383,0.005100531845714383,0.0,0.0,1.3491893846124594
2024-04-24,0.004352044348157474,0.004352044348157474,0.0,0.0,1.3550611166483562
2024-04-25,-0.006084559115388857,-0.007177755606934976,0.4969074961573268,0.001093196491546119,1.3453348191205938
2024-04-26,0.003214497085582569,0.003214497085582569,0.0,0.0,1.3496593939757897
2024-04-29,0.01687106832802892,0.01687106832802892,0.0,0.0,1.3724295898311214
2024-04-30,-0.00286363746709959,-0.00286363746709959,0.0,0.0,1.3684994490367248
2024-05-02,0.0016191865915697393,0.0016191865915697393,0.0,0.0,1.3707153049951757
2024-05-03,0.000782692861036859,0.000782692861036859,0.0,0.0,1.3717881540789094
2024-05-06,0.015021288141985481,0.015021288141985481,0.0,0.0,1.3923941792110912
2024-05-07,-0.0004008694219272353,-0.0004008694219272353,0.0,0.0,1.391836010961376
2024-05-08,0.0007433814082770748,0.0007433814082770748,0.0,0.0,1.3928706759752953
2024-05-09,-0.007505580043881176,-0.007505580043881176,0.0,0.0,1.382416373625988
2024-05-10,0.010901113235705407,0.010901113235705407,0.0,0.0,1.397486251053778
2024-05-13,0.0010435321769846808,0.0010435321769846808,0.0,0.0,1.3989445729236463
2024-05-14,-0.006455479258580649,-0.006455479258580649,0.0,0.0,1.3899137152492336
2024-05-15,0.0013693502121582936,0.0013693502121582936,0.0,0.0,1.391816993890092
2024-05-16,0.008950871914654152,0.008950871914654152,0.0,0.0,1.404274969531041
2024-05-17,0.001116512677226694,0.001116512677226694,0.0,0.0,1.4058428603368347
2024-05-20,0.0079482117009703,0.0079482117009703,0.0,0.0,1.4170167970090897
2024-05-21,-0.004584150119673209,-0.004584150119673209,0.0,0.0,1.4105209792895015
2024-05-22,0.004339673747074713,0.004339673747074713,0.0,0.0,1.4166421801530222
2024-05-23,-0.001264866190240771,-0.001264866190240771,0.0,0.0,1.4148503173556777
2024-05-24,-0.004130190979392311,-0.004130190979392311,0.0,0.0,1.409006715337745
2024-05-27,0.006376066569353433,0.006376066569353433,0.0,0.0,1.4179906359514047
2024-05-28,0.0009127427711273751,0.0009127427711273751,0.0,0.0,1.4192848966538956
2024-05-29,-0.011380760594226602,-0.011380760594226602,0.0,0.0,1.4031323550300758
2024-05-30,-0.004957095637930882,-0.004957095637930882,0.0,0.0,1.3961768937535166
2024-05-31,0.005748916333451076,0.005748916333451076,0.0,0.0,1.4042033979024031
2024-06-03,0.004654725911997944,0.004654725911997944,0.0,0.0,1.4107395798443352
2024-06-04,-0.0048805454402933695,-0.0048805454402933695,0.0,0.0,1.4038544012204845
2024-06-05,0.0007393491689484889,0.0007393491689484889,0.0,0.0,1.4048923398053517
2024-06-06,0.0036031448534426394,0.0036031448534426394,0.0,0.0,1.4099543704091622
2024-06-07,0.0039022191637481975,0.0039022191637481975,0.0,0.0,1.4154563213733833
2024-06-11,-0.004060717657449502,-0.004060717657449502,0.0,0.0,1.4097085528958337
2024-06-12,0.0014155727866799364,0.0014155727866799364,0.0,0.0,1.4117040979604631
2024-06-13,0.004395207776840471,0.004395207776840471,0.0,0.0,1.4179088307904166
2024-06-14,0.006065638392313116,0.006065638392313116,0.0,0.0,1.426509353031259
2024-06-17,0.000548013768415979,0.000548013768415979,0.0,0.0,1.4272910997974941
2024-06-18,0.006328772637349803,0.006328772637349803,0.0,0.0,1.4363241006554253
2024-06-19,0.0007348668800461278,0.0007348668800461278,0.0,0.0,1.437379607666009
2024-06-20,0.00475602047172615,0.00475602047172615,0.0,0.0,1.4442158145057102
2024-06-21,-0.0017395297307136225,-0.0017395297307136225,0.0,0.0,1.4417035581588107
2024-06-24,-0.0030675972054902863,-0.0030675972054902863,0.0,0.0,1.4372809923526573
2024-06-25,0.003973383880901955,0.003973383880901955,0.0,0.0,1.4429918614799981
2024-06-26,-0.007004228853522711,-0.007004228853522711,0.0,0.0,1.4328848162484216
2024-06-27,-0.009254718256748628,-0.009254718256748628,0.0,0.0,1.4196238709796694
2024-06-28,0.0030512438274440954,0.0030512438274440954,0.0,0.0,1.4239554895532884
2024-07-01,0.0042981760101437755,0.0042981760101437755,0.0,0.0,1.4300759008779989
2024-07-02,0.0012725442083518239,0.0012725442083518239,0.0,0.0,1.4318957356831647
2024-07-03,0.008982349790708147,0.008982349790708147,0.0,0.0,1.4447575240448944
2024-07-04,0.002320162938104232,0.002320162938104232,0.0,0.0,1.4481095969067306
2024-07-05,0.0038179478131989417,0.0038179478131989417,0.0,0.0,1.453638403775513
2024-07-08,-0.006130029929490093,-0.006130029929490093,0.0,0.0,1.444727556853713
2024-07-09,-0.007092673122844052,-0.007092673122844052,0.0,0.0,1.4344805765413846
2024-07-10,-0.0004964251029336382,-0.0004964251029336382,0.0,0.0,1.4337684643735187
2024-07-11,0.003100446840269721,0.003100446840269721,0.0,0.0,1.438213787278564
2024-07-12,0.0035728888667369623,0.0035728888667369623,0.0,0.0,1.4433523653071194
2024-07-15,-0.00089158867628653,-0.00089158867628653,0.0,0.0,1.44206548868232
2024-07-16,-0.0010899706102537655,-0.0010899706102537655,0.0,0.0,1.4404936796815953
2024-07-17,0.002393635970982952,0.002393635970982952,0.0,0.0,1.4439416971692545
2024-07-18,0.0073778584667368585,0.0073778584667368585,0.0,0.0,1.454594894645189
2024-07-19,-0.010139307669440961,-0.010139307669440961,0.0,0.0,1.4398463094739833
2024-07-22,-0.011443648271550432,-0.011443648271550432,0.0,0.0,1.423369214743273
2024-07-23,0.012920782463902523,0.012920782463902523,0.0,0.0,1.4417602587327867
2024-07-26,-0.011755607274939031,-0.011755607274939031,0.0,0.0,1.4248114913465095
2024-07-29,-0.0009206194632682719,-0.0009206194632682719,0.0,0.0,1.4234997821560877
2024-07-30,-0.0016427115260289,-0.0016427115260289,0.0,0.0,1.4211613826566403
2024-07-31,0.0032645103227076995,0.0032645103227076995,0.0,0.0,1.4258007786605567
2024-08-01,0.006692163599034905,0.006692163599034905,0.0,0.0,1.4353424707309845
2024-08-02,-0.01221726291202911,-0.01221726291202911,0.0,0.0,1.4178065143972627
2024-08-05,-0.04931784205946922,-0.04931784205946922,0.0,0.0,1.347883356649332
2024-08-06,0.009619828825487413,0.009619828825487413,0.0,0.0,1.360849763817022
2024-08-07,0.012935399608911304,0.012935399608911304,0.0,0.0,1.3784528993196876
2024-08-08,-0.016467371912002163,-0.016467371912002163,0.0,0.0,1.3557534027634126
2024-08-09,0.019575624014363257,0.019575624014363257,0.0,0.0,1.3822931216321026
2024-08-12,0.007946944002995256,0.007946944002995256,0.0,0.0,1.3932781276654385
2024-08-13,-0.0010834339832146446,-0.0010834339832146446,0.0,0.0,1.391768602793856
2024-08-14,0.0047824649869112525,0.0047824649869112525,0.0,0.0,1.3984246874066
2024-08-15,-0.00908031619238459,-0.00908031619238459,0.0,0.0,1.3857265490737114
2024-08-16,0.01084727553776698,0.01084727553776698,0.0,0.0,1.4007579067715128
2024-08-19,0.000246726044637045,0.000246726044637045,0.0,0.0,1.4011035102293445
2024-08-20,0.003123552744236774,0.003123552744236774,0.0,0.0,1.4054799309436812
2024-08-21,0.000974927917629363,0.000974927917629363,0.0,0.0,1.406850172566026
2024-08-22,-0.00517495513597021,-0.00517495513597021,0.0,0.0,1.399569786039965
2024-08-23,0.00028354084712960435,0.00028354084712960435,0.0,0.0,1.3999666212427158
2024-08-26,0.007009348995799742,0.007009348995799742,0.0,0.0,1.4097794758734763
2024-08-27,-0.0006298808980868269,-0.0006298808980868269,0.0,0.0,1.4088914827111088
2024-08-28,-0.0023075823389339077,-0.0023075823389339077,0.0,0.0,1.4056403496081302
2024-08-29,-0.00549458252111244,-0.00549458252111244,0.0,0.0,1.397916942712203
2024-08-30,0.006355309610104429,0.006355309610104429,0.0,0.0,1.4068011376923495
2024-09-02,0.0005968377795474075,0.0005968377795474075,0.0,0.0,1.4076407697596345
2024-09-03,-0.006912059388492698,-0.006912059388492698,0.0,0.0,1.3979110731613924
2024-09-04,-0.02119733676912486,-0.02119733676912486,0.0,0.0,1.3682790813703016
2024-09-05,0.005760519556564797,0.005760519556564797,0.0,0.0,1.3761610797773738
2024-09-06,0.008655749255874347,0.008655749255874347,0.0,0.0,1.38807278501962
2024-09-09,-0.00301895480923567,-0.00301895480923567,0.0,0.0,1.383882256009716
2024-09-10,-0.001146036850195994,-0.001146036850195994,0.0,0.0,1.3822962759479964
2024-09-11,-0.004291665504438094,-0.004291665504438094,0.0,0.0,1.3763639227035973
2024-09-12,0.008777238546144334,0.008777238546144334,0.0,0.0,1.3884445971794739
2024-09-13,0.0027320307461536197,0.0027320307461536197,0.0,0.0,1.392237870508299
2024-09-16,0.005440309641023761,0.005440309641023761,0.0,0.0,1.3998120756178236
2024-09-18,-0.004676055968829598,-0.004676055968829598,0.0,0.0,1.393266476006391
2024-09-19,0.005403595671771103,0.005403595671771103,0.0,0.0,1.4007951247057628
2024-09-20,0.004570627596113144,0.004570627596113144,0.0,0.0,1.4071976375592437
2024-09-23,0.004926451997139823,0.004926451997139823,0.0,0.0,1.4141301291711679
2024-09-24,0.0011098178730504205,0.0011098178730504205,0.0,0.0,1.4156995560633412
2024-09-25,0.0019704658431296783,0.0019704658431296783,0.0,0.0,1.4184891436826979
2024-09-26,0.0017712854874042598,0.0017712854874042598,0.0,0.0,1.4210016929169436
2024-09-27,-0.0001890285323178576,-0.0001890285323178576,0.0,0.0,1.4207330830525102
2024-09-30,-0.006743793643069524,-0.006743793643069524,0.0,0.0,1.411151952318522
2024-10-01,0.0023967371499068225,0.0023967371499068225,0.0,0.0,1.4145341126268074
2024-10-04,-0.010772246632179284,-0.010772246632179284,0.0,0.0,1.3992964022959606
2024-10-07,0.005708262809866545,0.005708262809866545,0.0,0.0,1.4072839539091668
2024-10-08,-0.009074231554990632,-0.009074231554990632,0.0,0.0,1.3945139334477723
2024-10-09,-0.0024174738807814294,-0.0024174738807814294,0.0,0.0,1.3911427324372765
2024-10-11,-0.0016195601822023668,-0.0016195601822023668,0.0,0.0,1.388889693060061
2024-10-14,0.0032756207424326994,0.0032756207424326994,0.0,0.0,1.3934391689475996
2024-10-15,0.007349796053352802,0.007349796053352802,0.0,0.0,1.4036806626521179
2024-10-16,-0.006940727776523875,-0.006940727776523875,0.0,0.0,1.3939380972874789
2024-10-17,0.00804504789372635,0.00804504789372635,0.0,0.0,1.4051523960410466
2024-10-18,0.008462710226399934,0.008462710226399934,0.0,0.0,1.4170437935926734
2024-10-21,-0.005826723361245613,-0.005826723361245613,0.0,0.0,1.4087870714166388
2024-10-22,0.004220345483172681,0.004220345483172681,0.0,0.0,1.414732639570244
2024-10-23,-0.009022771203058302,-0.009022771203058302,0.0,0.0,1.401967830649903
2024-10-24,-0.00042126794882877696,-0.00042126794882877696,0.0,0.0,1.4013772265375612
2024-10-25,0.0028507375623308883,0.0028507375623308883,0.0,0.0,1.4053721852362469
2024-10-28,-0.002233452774347274,-0.002233452774347274,0.0,0.0,1.4022333528301405
2024-10-29,-0.003827672594135882,-0.003827672594135882,0.0,0.0,1.3968660626549294
2024-10-30,-0.0018274959138272063,-0.0018274959138272063,0.0,0.0,1.3943132956332636
2024-11-01,-0.004640945496001102,-0.004640945496001102,0.0,0.0,1.38784236362388
2024-11-04,0.006056405735759124,0.006056405735759124,0.0,0.0,1.396247700075261
2024-11-05,0.0034848807469797464,0.0034848807469797464,0.0,0.0,1.401113456803268
2024-11-06,-0.0044843696830268,-0.0044843696830268,0.0,0.0,1.3948303460950986
2024-11-07,0.00831375469405495,0.00831375469405495,0.0,0.0,1.4064266234323572
2024-11-08,-0.0021832333689470323,-0.0021832333689470323,0.0,0.0,1.4033560658971043
2024-11-11,0.0022483498038765827,0.0022483498038765827,0.0,0.0,1.406511301232633
2024-11-12,-0.008165742563824423,-0.008165742563824423,0.0,0.0,1.3950260920336575
2024-11-13,0.0019196437769119674,0.0019196437769119674,0.0,0.0,1.3977040451898597
2024-11-14,-0.009812237781613694,-0.009812237781613694,0.0,0.0,1.3839894407501334
2024-11-15,0.007523741951236303,0.007523741951236303,0.0,0.0,1.3944022201655735
2024-11-18,-0.003131031602833602,-0.003131031602833602,0.0,0.0,1.3900363027471738
2024-11-19,0.011400161100462798,0.011400161100462798,0.0,0.0,1.4058829405339832
2024-11-20,-0.007612831413884075,-0.007612831413884075,0.0,0.0,1.3951801907200425
2024-11-21,-0.0015196898746875544,-0.0015196898746875544,0.0,0.0,1.3930599495108407
2024-11-22,0.00210442893920712,0.00210442893920712,0.0,0.0,1.3959915451826417
2024-11-25,0.011965890856630648,0.011965890856630648,0.0,0.0,1.4126958276490764
2024-11-26,-0.005806463257750661,-0.005806463257750661,0.0,0.0,1.4044930612314543
2024-11-27,-0.004285258485163443,-0.004285258485163443,0.0,0.0,1.398474445423459
2024-11-28,-0.0049710905834323025,-0.0049710905834323025,0.0,0.0,1.3915225022766438
2024-11-29,-0.0033220157508745676,-0.0033220157508745676,0.0,0.0,1.3868998426063843
2024-12-02,0.00999612608525938,0.00999612608525938,0.0,0.0,1.4007634683007042
2024-12-03,0.0058238726681453,0.0058238726681453,0.0,0.0,1.4089213363782769
2024-12-04,0.0007485164624811146,0.0007485164624811146,0.0,0.0,1.409975937192897
2024-12-05,0.0013813127529742697,0.0013813127529742697,0.0,0.0,1.4119235549363285
2024-12-06,0.0016719546109817476,0.0016719546109817476,0.0,0.0,1.414284227034358
2024-12-09,-0.00012582315611051265,-0.00012582315611051265,0.0,0.0,1.4141062773292752
2024-12-10,-0.005868411938798396,-0.005868411938798396,0.0,0.0,1.4058077191686664
2024-12-11,-0.00475988069466029,-0.00475988069466029,0.0,0.0,1.399116242145791
2024-12-12,0.002427801541317067,0.002427801541317067,0.0,0.0,1.4025130187149544
2024-12-13,-0.006894132432937048,-0.006894132432937048,0.0,0.0,1.3928439082250152
2024-12-16,-0.005355085429261579,-0.005355085429261579,0.0,0.0,1.3853851101068437
2024-12-17,-0.0007853109761134982,-0.0007853109761134982,0.0,0.0,1.3842971519737326
2024-12-18,0.0017892088474876179,0.0017892088474876179,0.0,0.0,1.386773948685596
2024-12-19,-0.005463068003190738,-0.005463068003190738,0.0,0.0,1.3791979082988732
2024-12-20,-0.010977054568287088,-0.010977054568287088,0.0,0.0,1.364058377599009
2024-12-23,0.015893756607302623,0.015893756607302623,0.0,0.0,1.3857383894507196
2024-12-24,0.0033482156837682047,0.0033482156837682047,0.0,0.0,1.3903781404598783
2024-12-25,0.0007259665184825546,0.0007259665184825546,0.0,0.0,1.391387508437882
2024-12-26,0.000563079760732959,0.000563079760732959,0.0,0.0,1.39217097058322
2024-12-27,-0.003625148503128816,-0.003625148503128816,0.0,0.0,1.3871241440731108
2024-12-30,-0.00658483457200951,-0.00658483457200951,0.0,0.0,1.377990161053549
2024-12-31,-0.0054659253041132476,-0.0054659253041132476,0.0,0.0,1.3704581697634273
2025-01-02,0.0005236632934500459,0.0005236632934500459,0.0,0.0,1.3711758284021411
2025-01-03,-0.0006345883446051473,-0.0006345883446051473,0.0,0.0,1.3703056962030329
2025-01-06,0.011481273817832132,0.011481273817832132,0.0,0.0,1.3860385511152749
2025-01-07,-0.002461399251535294,-0.002461399251535294,0.0,0.0,1.3826269568629606
2025-01-08,0.000774283847014031,0.000774283847014031,0.0,0.0,1.3836975025821057
2025-01-09,-0.008119348393108532,-0.008119348393108532,0.0,0.0,1.3724627804879672
2025-01-10,-0.0033566142864195543,-0.0033566142864195543,0.0,0.0,1.3678559523114022
2025-01-13,-0.008185808824490774,-0.008185808824490774,0.0,0.0,1.3566589449863393
2025-01-14,0.010898546884611116,0.010898546884611116,0.0,0.0,1.3714445561047
2025-01-15,-0.0007771258203643414,-0.0007771258203643414,0.0,0.0,1.3703787711289528
2025-01-16,0.007045871999050027,0.007045871999050027,0.0,0.0,1.3800342845405429
2025-01-17,-0.0019316777568597172,-0.0019316777568597172,0.0,0.0,1.377368503009392
2025-01-20,-0.0013200614600558695,-0.0013200614600558695,0.0,0.0,1.3755502919322744
2025-01-21,0.004215409845047888,0.004215409845047888,0.0,0.0,1.3813488001752443
2025-01-22,0.0017145944050919503,0.0017145944050919503,0.0,0.0,1.3837172530995054
2025-02-03,0.0010565305342267288,0.0010565305342267288,0.0,0.0,1.3851791926281414
2025-02-04,-0.005230861760390221,-0.005230861760390221,0.0,0.0,1.3779335117581346
2025-02-05,0.006989034802951921,0.006989034802951921,0.0,0.0,1.387563937027966
2025-02-06,0.008695710439367293,0.008695710439367293,0.0,0.0,1.3996297912404696
2025-02-07,-0.0032765709206166666,-0.0032765709206166666,0.0,0.0,1.3950438049668623
2025-02-10,-0.0013537014960718226,-0.0013537014960718226,0.0,0.0,1.3931553320809928
2025-02-11,0.0005675083071932149,0.0005675083071932149,0.0,0.0,1.3939459593051593
2025-02-12,0.0028047792396561793,0.0028047792396561793,0.0,0.0,1.397855669993021
2025-02-13,0.005485423332120167,0.005485423332120167,0.0,0.0,1.4055235001001372
2025-02-14,0.00027333884711522555,0.00027333884711522555,0.0,0.0,1.4059076842732479
2025-02-17,0.0050668204797599415,0.0050668204797599415,0.0,0.0,1.4130311661205754
2025-02-18,0.0034973336600436986,0.0034973336600436986,0.0,0.0,1.4179730075805397
2025-02-19,-0.0001680807831143722,-0.0001680807831143722,0.0,0.0,1.4177346735669905
2025-02-20,-0.0014843009114587833,-0.0014843009114587833,0.0,0.0,1.4156303286988083
2025-02-21,0.00698927508765591,0.00698927508765591,0.0,0.0,1.425524558488513
2025-02-24,-0.0015310701972489624,-0.0015310701972489624,0.0,0.0,1.4233419803215648
2025-02-25,-0.00266121607885975,-0.00266121607885975,0.0,0.0,1.419554159757817
2025-02-26,0.005441679859642762,0.005441679859642762,0.0,0.0,1.4272789190386432
2025-02-27,-0.004214055634824565,-0.004214055634824565,0.0,0.0,1.421264286267402
2025-03-03,0.004307182782253411,0.004307182782253411,0.0,0.0,1.4273859313302446
2025-03-04,-0.0060461444741901176,-0.0060461444741901176,0.0,0.0,1.4187557497689955
2025-03-05,0.001756642156575066,0.001756642156575066,0.0,0.0,1.421247995928923
2025-03-06,-0.0012722041938613904,-0.0012722041938613904,0.0,0.0,1.4194398782679851
2025-03-07,-0.00403138095748725,-0.00403138095748725,0.0,0.0,1.4137175753724376
2025-03-10,-0.0012076558272339389,-0.0012076558272339389,0.0,0.0,1.412010291104476
2025-03-11,-0.005905096681983155,-0.005905096681983155,0.0,0.0,1.403672233819549
2025-03-12,0.0007422907256861424,0.0007422907256861424,0.0,0.0,1.4047141667006167
2025-03-13,-0.0018747873692499632,-0.0018747873692499632,0.0,0.0,1.40208062632348
2025-03-14,0.0031673459810386013,0.0031673459810386013,0.0,0.0,1.4065215007603578
2025-03-17,0.0023765086974344863,0.0023765086974344863,0.0,0.0,1.4098641113400434
2025-03-18,0.005660604690833129,0.005660604690833129,0.0,0.0,1.4178447947421322
2025-03-19,-0.006531580430924933,-0.006531580430924933,0.0,0.0,1.4085840274267056
2025-03-20,0.00805547262878174,0.00805547262878174,0.0,0.0,1.4199308375049806
2025-03-21,-0.002086162632430663,-0.002086162632430663,0.0,0.0,1.4169686308511418
2025-03-24,0.0008178419963031964,0.0008178419963031964,0.0,0.0,1.4181274873048961
2025-03-25,-0.003135375650845015,-0.003135375650845015,0.0,0.0,1.4136811249114063
2025-03-26,0.003943352654444024,0.003943352654444024,0.0,0.0,1.4192557681278632
2025-03-27,0.0005106972201653589,0.0005106972201653589,0.0,0.0,1.4199805781033499
2025-03-28,-0.009778326047084392,-0.009778326047084392,0.0,0.0,1.406095545030128
2025-03-31,-0.022507930271289035,-0.022507930271289035,0.0,0.0,1.3744472445478197
2025-04-01,0.011136525630366503,0.011136525630366503,0.0,0.0,1.3897538115143133
2025-04-02,0.0032147532621110758,0.0032147532621110758,0.0,0.0,1.3942215271134104
2025-04-07,-0.08656047280776995,-0.08656047280776995,0.0,0.0,1.2735370525277026
2025-04-08,-0.0032789395532005373,-0.0032789395532005373,0.0,0.0,1.269361201513703
2025-04-09,-0.05062886695731039,-0.05062886695731039,0.0,0.0,1.2050948821214942
2025-04-10,0.07264181090236402,0.07264181090236402,0.0,0.0,1.2926351566679706
2025-04-11,0.0054673103282768375,0.0054673103282768375,0.0,0.0,1.299702394210715
2025-04-14,0.0025415642558745564,0.0025415642558745564,0.0,0.0,1.3030056713591156
2025-04-15,0.01330816525910321,0.01330816525910321,0.0,0.0,1.3203462861671114
2025-04-16,-0.006492195874927594,-0.006492195874927594,0.0,0.0,1.3117743394545813
2025-04-17,-0.006767943781325475,-0.006767943781325475,0.0,0.0,1.3028963244713674
2025-04-18,-0.00026563974834582197,-0.00026563974834582197,0.0,0.0,1.302550223419614
2025-04-21,-0.005056459729569389,-0.005056459729569389,0.0,0.0,1.295963930669151
2025-04-22,-0.007941427430207182,-0.007941427430207182,0.0,0.0,1.2856721271615759
2025-04-23,0.016394453292155407,0.016394453292155407,0.0,0.0,1.3067500187993524
2025-04-24,-0.003704302056285418,-0.003704302056285418,0.0,0.0,1.3019094220176628
2025-04-25,0.0019284282248015823,0.0019284282248015823,0.0,0.0,1.3044200608932168
2025-04-28,0.004119912920459027,0.004119912920459027,0.0,0.0,1.3097941579557968
2025-04-29,0.009750677301684602,0.009750677301684602,0.0,0.0,1.3225655381216554
2025-04-30,0.003282264308335822,0.003282264308335822,0.0,0.0,1.3269065477828672
2025-05-02,0.004250891869483702,0.004250891869483702,0.0,0.0,1.3325470840384022
2025-05-05,-0.007319968123589074,-0.007319968123589074,0.0,0.0,1.3227928818600596
2025-05-06,0.012029729378429298,0.012029729378429298,0.0,0.0,1.3387057222525487
2025-05-07,0.0013797174141010117,0.0013797174141010117,0.0,0.0,1.3405527578498972
2025-05-08,-0.00015803836615020748,-0.00015803836615020748,0.0,0.0,1.3403408990823085
2025-05-09,0.010618455012965364,0.010618455012965364,0.0,0.0,1.3545732486212514
2025-05-12,0.007133923191286451,0.007133923191286451,0.0,0.0,1.3642366701338866
2025-05-13,-0.0006979596280247764,-0.0013940529943617269,0.31640607560770473,0.0006960933663369504,1.3623348519188685
2025-05-14,0.006412077869697374,0.006412077869697374,0.0,0.0,1.371070249073975
2025-05-15,0.00648133338479547,0.00648133338479547,0.0,0.0,1.379956612452198
2025-05-16,0.003093316746778273,0.003093316746778273,0.0,0.0,1.384225255351324
2025-05-19,-0.005387514738643243,-0.005387514738643243,0.0,0.0,1.3767677213865164
2025-05-20,0.0028203123542931514,0.0028203123542931514,0.0,0.0,1.3806506364001347
2025-05-21,0.007023303492955874,0.007023303492955874,0.0,0.0,1.3903473648373155
2025-05-22,-0.0073122120702312325,-0.0073122120702312325,0.0,0.0,1.3801808500543378
2025-05-23,0.004290777134962173,0.004290777134962173,0.0,0.0,1.3861028984878634
2025-05-26,-0.0006716557747342439,-0.0006716557747342439,0.0,0.0,1.385171914471718
2025-05-27,-0.008457417209672014,-0.008457417209672014,0.0,0.0,1.3734569376839108
2025-05-28,-0.0020227229567784705,-0.0020227229567784705,0.0,0.0,1.3706788148059108
2025-05-29,-0.006911552480901978,-0.006911552480901978,0.0,0.0,1.361205296242919
2025-06-02,-0.008203278915140316,-0.008203278915140316,0.0,0.0,1.3500389495370724
2025-06-03,0.0005822385255452427,0.0005822385255452427,0.0,0.0,1.3508249942244794
2025-06-04,0.004489263694916383,0.004489263694916383,0.0,0.0,1.3568892038292368
2025-06-05,0.005463572786417773,0.005463572786417773,0.0,0.0,1.3643026667574625
2025-06-06,0.004819101484312848,0.004819101484312848,0.0,0.0,1.3708773797638854
2025-06-09,0.007759028157420133,0.007759028157420133,0.0,0.0,1.3815140559538435
2025-06-10,0.005502269566029328,0.005502269566029328,0.0,0.0,1.38911551869896
2025-06-11,0.002239017363588664,0.002239017363588664,0.0,0.0,1.3922257724653575
2025-06-12,0.0035161861662039093,0.0035161861662039093,0.0,0.0,1.3971210974667327
2025-06-13,9.39221276969166e-05,9.39221276969166e-05,0.0,0.0,1.397252318052857
2025-06-16,0.0036800587767786145,0.0036800587767786145,0.0,0.0,1.402394288709282
2025-06-17,-0.0009225771295454453,-0.0009225771295454453,0.0,0.0,1.4011004718119136
2025-06-18,0.005599277579502145,0.005599277579502145,0.0,0.0,1.40894562227036
2025-06-19,-0.01021599159578028,-0.01021599159578028,0.0,0.0,1.3945518456343347
2025-06-20,-0.007930822104449068,-0.007930822104449068,0.0,0.0,1.3834919030311776
2025-06-23,-0.009454919719459496,-0.009454919719459496,0.0,0.0,1.3704110981554958
2025-06-24,0.0014010510226472985,0.0014010510226472985,0.0,0.0,1.3723311140260137
2025-06-25,0.007031458245277541,0.007031458245277541,0.0,0.0,1.3819806029529829
2025-06-26,-0.0009815986337131045,-0.0009815986337131045,0.0,0.0,1.3806240526813063
2025-06-27,0.006523156461429597,0.006523156461429597,0.0,0.0,1.3896300793913596
2025-06-30,-0.004245128194494041,-0.004245128194494041,0.0,0.0,1.3837309215614184
2025-07-01,0.0022274768135292305,0.0022274768135292305,0.0,0.0,1.38681315010536
2025-07-02,7.825363107799707e-05,7.825363107799707e-05,0.0,0.0,1.3869216732699823
2025-07-03,0.0044361495792599875,0.0044361495792599875,0.0,0.0,1.3930742652673254
2025-07-04,-0.003806222170333131,-0.003806222170333131,0.0,0.0,1.3877719151139443
2025-07-07,-0.0037592150154728355,-0.0037592150154728355,0.0,0.0,1.3825549820925964
2025-07-08,-0.0003126139025299,-0.0003126139025299,0.0,0.0,1.3821227761841823
2025-07-09,-0.008293771831267133,-0.008293771831267133,0.0,0.0,1.3706597652357133
2025-07-10,0.0069938160103500575,0.0069938160103500575,0.0,0.0,1.3802459074465614
2025-07-11,0.01020828060070989,0.01020828060070989,0.0,0.0,1.3943358449677574
2025-07-14,0.0034383186104605555,0.0034383186104605555,0.0,0.0,1.3991300158527422
2025-07-15,-0.002119397872739055,-0.002119397872739055,0.0,0.0,1.3961647026734585
2025-07-16,0.001398294747165717,0.001398294747165717,0.0,0.0,1.3981169524433852
2025-07-17,0.0024436129359163977,0.0024436129359163977,0.0,0.0,1.4015334091143
2025-07-18,-0.003234258254080074,-0.003234258254080074,0.0,0.0,1.397000488117503
2025-07-21,-0.0019705727416573027,-0.0019705727416573027,0.0,0.0,1.3942475970355368
2025-07-22,-0.007379614780428305,-0.007379614780428305,0.0,0.0,1.3839585868608768
2025-07-23,0.00810672095514612,0.00810672095514612,0.0,0.0,1.3951779529380364
2025-07-24,-0.003449574059156594,-0.003449574059156594,0.0,0.0,1.390365183263674
2025-07-25,-0.0016012637676977625,-0.0016012637676977625,0.0,0.0,1.3881388418718454
2025-07-28,-0.0019777295287216057,-0.0019777295287216057,0.0,0.0,1.38539347869431
2025-07-29,-0.005367101272948296,-0.005367101272948296,0.0,0.0,1.3779579315912756
2025-07-30,0.006558342897108717,0.006558342897108717,0.0,0.0,1.3869950522044419
2025-07-31,-0.009867593318220179,-0.009867593318220179,0.0,0.0,1.373308749094905
2025-08-01,0.004591512301494308,0.004591512301494308,0.0,0.0,1.379614313110124
2025-08-04,0.008059006763301938,0.008059006763301938,0.0,0.0,1.3907326341902266
2025-08-05,0.007750968281653139,0.007750968281653139,0.0,0.0,1.401512158726095
2025-08-06,0.0033782801702921684,0.0033782801702921684,0.0,0.0,1.4062468594603428
2025-08-07,-0.009502791777012866,-0.009502791777012866,0.0,0.0,1.3928835883678128
2025-08-08,0.0006663522787201527,0.0006663522787201527,0.0,0.0,1.3938117395209138
2025-08-11,0.0014800781346773456,0.0014800781346773456,0.0,0.0,1.3958746898004353
2025-08-12,-0.0034597896632071593,-0.0034597896632071593,0.0,0.0,1.3910452569775313
2025-08-13,0.003760440982881905,0.003760440982881905,0.0,0.0,1.3962762005709133
2025-08-14,0.0037242340025915284,0.0037242340025915284,0.0,0.0,1.4014762598740889
2025-08-15,-0.0012170920630840297,-0.0012170920630840297,0.0,0.0,1.3997705342415954
2025-08-18,0.004986802950226309,0.004986802950226309,0.0,0.0,1.4067509140713912
2025-08-19,-0.0025491907205165408,-0.0025491907205165408,0.0,0.0,1.4031648376951622
2025-08-20,-0.00641321074707416,-0.00641321074707416,0.0,0.0,1.394166045878139
2025-08-21,0.0017269521265663647,0.0017269521265663647,0.0,0.0,1.396573703895855
2025-08-22,-0.005421723046011635,-0.005421723046011635,0.0,0.0,1.389001868059989
2025-08-25,0.004255104080774991,0.004255104080774991,0.0,0.0,1.394912215576975
2025-08-26,-0.006211706325315214,-0.006211706325315214,0.0,0.0,1.386247430544216
2025-08-27,0.0006961410455912209,0.0006961410455912209,0.0,0.0,1.3872124542799633
2025-08-28,0.00561411171618474,0.00561411171618474,0.0,0.0,1.3950004199723738
2025-08-29,-0.002293784414852099,-0.002293784414852099,0.0,0.0,1.3918005897503292
2025-09-01,-0.002492153380016051,-0.002492153380016051,0.0,0.0,1.3883320092062745
2025-09-02,0.0037109819151970188,0.0037109819151970188,0.0,0.0,1.3934840841847282
2025-09-03,0.0019099696124253488,0.0019099696124253488,0.0,0.0,1.3961455964409195
2025-09-04,0.005734550946063519,0.005734550946063519,0.0,0.0,1.4041518644918323
2025-09-05,-0.0008242260882503534,-0.0008242260882503534,0.0,0.0,1.4029945258932526
2025-09-08,0.0018026869765944114,0.0018026869765944114,0.0,0.0,1.4055236858533136
2025-09-09,0.005629217944833814,0.005629217944833814,0.0,0.0,1.413435685007608
2025-09-10,0.002981921792765141,0.002981921792765141,0.0,0.0,1.417650439679404
2025-09-11,-0.007554200506277845,-0.007554200506277845,0.0,0.0,1.4069412240102528
2025-09-12,0.009664007804760393,0.009664007804760393,0.0,0.0,1.4205379149799269
2025-09-15,-0.003535613081595267,-0.003535613081595267,0.0,0.0,1.4155154425448218
2025-09-16,-0.0007709094109806768,-0.0007709094109806768,0.0,0.0,1.4144242083687755
2025-09-17,-0.004387905119679805,-0.004387905119679805,0.0,0.0,1.4082178491434751
2025-09-18,0.005814662905856998,0.005814662905856998,0.0,0.0,1.4164061612342556
2025-09-19,-0.0009114675643507853,-0.0009114675643507853,0.0,0.0,1.4151151529603438
2025-09-22,0.003347599648510286,0.003347599648510286,0.0,0.0,1.4198523919489956
2025-09-23,0.002047929761900096,0.002047929761900096,0.0,0.0,1.422760149919973
2025-09-24,0.0043413196173731836,0.0043413196173731836,0.0,0.0,1.4289368064696373
2025-09-25,-0.001604856091455597,-0.001604856091455597,0.0,0.0,1.4266435685314693
2025-09-26,-0.003989448706938131,-0.003989448706938131,0.0,0.0,1.4209520471917299
2025-09-30,0.008905452475820018,0.008905452475820018,0.0,0.0,1.433606268118415
2025-10-01,-0.0007021073171329748,-0.0007021073171329748,0.0,0.0,1.4325997226676814
2025-10-02,-0.0015651075496214235,-0.0015651075496214235,0.0,0.0,1.4303575500261487
2025-10-03,-0.0028138046841191585,-0.0028138046841191585,0.0,0.0,1.42633280325192
2025-10-07,0.005380043683160254,0.005380043683160254,0.0,0.0,1.43400653604014
2025-10-08,0.0029775195926318022,0.0029775195926318022,0.0,0.0,1.4382763185971617
2025-10-09,-0.0017944194258182956,-0.0017944194258182956,0.0,0.0,1.4356954476313766
2025-10-13,-0.0082593594482262,-0.0082593594482262,0.0,0.0,1.423837522871207
2025-10-14,-0.0018325663462173368,-0.0018325663462173368,0.0,0.0,1.4212282461443118
2025-10-15,-0.0009721740289864711,-0.0009721740289864711,0.0,0.0,1.4198465649541483
2025-10-16,0.003903265822788463,0.003903265822788463,0.0,0.0,1.4253886035247374
2025-10-17,0.0006566882331557393,0.0006566882331557393,0.0,0.0,1.4263246394483464
2025-10-20,0.005856723264616956,0.005856723264616956,0.0,0.0,1.4346782281471
2025-10-21,0.0027082781793539078,0.0027082781793539078,0.0,0.0,1.4385637358867849
2025-10-22,0.005954312157078682,0.005954312157078682,0.0,0.0,1.447129393428108
2025-10-23,-0.0008120480736024804,-0.0008120480736024804,0.0,0.0,1.445954254791921
2025-10-27,-0.005854334721739619,-0.005854334721739619,0.0,0.0,1.4374891545920456
2025-10-28,-0.00545567309860139,-0.00545567309860139,0.0,0.0,1.4296466836818065
2025-10-29,0.0024949889325114353,0.0024949889325114353,0.0,0.0,1.4332136363349943
2025-10-30,-0.004598414999115745,-0.004598414999115745,0.0,0.0,1.4266231252527344
2025-10-31,-0.00670228451822647,-0.00670228451822647,0.0,0.0,1.417061491167009
2025-11-03,0.004719227741706022,0.004719227741706022,0.0,0.0,1.4237489270678276
2025-11-04,-0.0037656590126237273,-0.0037656590126237273,0.0,0.0,1.4183875740889014
2025-11-05,0.0032594944845286975,0.0032594944845286975,0.0,0.0,1.4230108005635682
2025-11-06,0.0007908129952087112,0.0007908129952087112,0.0,0.0,1.4241361359969764
2025-11-07,-0.0029248823183721734,-0.0029248823183721734,0.0,0.0,1.419970705393844
2025-11-10,-0.002247854312930978,-0.002247854312930978,0.0,0.0,1.4167788181194887
2025-11-11,0.0001469347459517041,0.0001469347459517041,0.0,0.0,1.416986992155199
2025-11-12,0.005899686493785326,0.005899686493785326,0.0,0.0,1.4253467711746863
2025-11-13,-0.006467815521003757,-0.006467815521003757,0.0,0.0,1.4161278912052702
2025-11-14,-0.006611238803069927,-0.006611238803069927,0.0,0.0,1.4067655315408243
2025-11-17,-0.003946527300438615,-0.003946527300438615,0.0,0.0,1.4012136929652823
2025-11-18,-0.01091333518787021,-0.01091333518787021,0.0,0.0,1.3859217782641187
2025-11-19,-0.0023459699807134434,-0.0023459699807134434,0.0,0.0,1.382670447376694
2025-11-20,0.016689288672890278,0.016689288672890278,0.0,0.0,1.4057462336124378
2025-11-21,-0.010492196413295728,-0.010492196413295728,0.0,0.0,1.3909968680221254
2025-11-24,0.007798669781571805,0.007798669781571805,0.0,0.0,1.4018447932630305
2025-11-25,-0.008427543106429956,-0.008427543106429956,0.0,0.0,1.390030685839282
2025-11-26,0.009392161082987219,0.009392161082987219,0.0,0.0,1.4030860779509797
2025-11-27,0.00405644466916631,0.00405644466916631,0.0,0.0,1.4087776189922654
2025-11-28,-0.0058859578927942195,-0.0058859578927942195,0.0,0.0,1.400485613246566
2025-12-01,-0.002562977324817069,-0.002562977324817069,0.0,0.0,1.3968962003760825
2025-12-02,0.005683903759841377,0.005683903759841377,0.0,0.0,1.404836023941508
2025-12-03,-0.0015090430847245,-0.0015090430847245,0.0,0.0,1.4027160658544071
2025-12-04,0.005577437546262572,0.005577437546262572,0.0,0.0,1.410539627106849
2025-12-05,0.0015590458194371273,0.0015590458194371273,0.0,0.0,1.4127387230156405
2025-12-08,-0.0031965194511748515,-0.0031965194511748515,0.0,0.0,1.408222876208093
2025-12-09,-0.00017904083273398267,-0.00017904083273398267,0.0,0.0,1.4079707468116616
2025-12-10,-0.0034038905803344213,-0.0034038905803344213,0.0,0.0,1.4031781684492028
2025-12-11,0.0009844348808792248,0.0009844348808792248,0.0,0.0,1.4045595059823124
2025-12-12,0.0034327842881353853,0.0034327842881353853,0.0,0.0,1.4093810557861997
2025-12-15,0.0010103649138142768,0.0010103649138142768,0.0,0.0,1.4108050449551606
2025-12-16,0.0006009576301569993,0.0006009576301569993,0.0,0.0,1.4116528790115905
2025-12-17,0.006667982991891562,0.006667982991891562,0.0,0.0,1.4210657563992948
2025-12-18,-0.00042537253857714326,-0.00042537253857714326,0.0,0.0,1.4204612740510103
2025-12-19,0.012642109512075932,0.012642109512075932,0.0,0.0,1.438418901035226
2025-12-22,0.0021986737839108286,0.0021986737839108286,0.0,0.0,1.4415815149632139
2025-12-23,-0.0032864163323951066,-0.0032864163323951066,0.0,0.0,1.4368438779279598
2025-12-24,0.002229466695584586,0.002229466695584586,0.0,0.0,1.440047273500555
2025-12-26,0.005056719553437263,0.005056719553437263,0.0,0.0,1.447329188706339
2025-12-29,-0.0007689910690641923,-0.0007689910690641923,0.0,0.0,1.446216205486228
2025-12-30,-1.5859680618607384e-05,-1.5859680618607384e-05,0.0,0.0,1.4461932689591035
2025-12-31,-0.006027666422349346,-0.006027666422349346,0.0,0.0,1.437476098351571
2026-01-02,0.005178136799724557,0.005178136799724557,0.0,0.0,1.4449195462351698
2026-01-05,0.0038287684101485074,0.0038287684101485074,0.0,0.0,1.4504518085490012
2026-01-06,0.008256630839270846,0.008256630839270846,0.0,0.0,1.462427653682343
2026-01-07,0.005413543396522584,0.005413543396522584,0.0,0.0,1.4703445692498271
2026-01-08,-0.0019324455148827815,-0.0019324455148827815,0.0,0.0,1.467503208481648
2026-01-09,0.0002886836151671907,0.0002886836151671907,0.0,0.0,1.467926852613142
2026-01-12,0.002098629502948533,0.002098629502948533,0.0,0.0,1.4710074872142063
2026-01-13,-0.0007840555506808943,-0.0007840555506808943,0.0,0.0,1.4698541356287629
2026-01-14,0.006021094047044823,0.006021094047044823,0.0,0.0,1.4787042656148215
2026-01-15,0.008267420600235912,0.008267420600235912,0.0,0.0,1.4909293357220224
2026-01-16,0.002808853403002159,0.002808853403002159,0.0,0.0,1.495117137660301
2026-01-19,0.006414455221667449,0.006414455221667449,0.0,0.0,1.5047074995909704
2026-01-20,-0.007250860366144433,-0.007250860366144433,0.0,0.0,1.493797075619546
2026-01-21,-0.0056853279176205355,-0.0056853279176205355,0.0,0.0,1.4853043494022662
2026-01-22,0.0028965698847043097,0.0028965698847043097,0.0,0.0,1.4896066372503651
2026-01-23,-3.728914781604296e-05,-3.728914781604296e-05,0.0,0.0,1.4895510910882808
2026-01-26,0.0051778612117380236,0.0051778612117380236,0.0,0.0,1.497263779905729
2026-01-27,-0.0041291042526648905,-0.0041291042526648905,0.0,0.0,1.491081421664759
2026-01-28,-0.0010844914873869532,-0.0010844914873869532,0.0,0.0,1.4894643565559627
2026-01-29,-0.0017819177973339327,-0.0017819177973339327,0.0,0.0,1.486810253510521
2026-01-30,-0.007937136152414356,-0.007937136152414356,0.0,0.0,1.4750092380956024
2026-02-02,-0.008109378004805436,-0.008109378004805436,0.0,0.0,1.463047830623305
2026-02-03,0.005235524094536523,0.005235524094536523,0.0,0.0,1.4707076527919927
2026-02-04,0.008807989930245126,0.008807989930245126,0.0,0.0,1.483661630988119
2026-02-05,0.000540500949876679,0.000540500949876679,0.0,0.0,1.4844635515089637
2026-02-06,0.0019139691316748773,0.0019139691316748773,0.0,0.0,1.4873047689236485
2026-02-09,0.002262805995426835,0.002262805995426835,0.0,0.0,1.4906702510717957
2026-02-10,0.004678411559032183,0.004678411559032183,0.0,0.0,1.4976442200051154
2026-02-11,0.00817738696939792,0.00817738696939792,0.0,0.0,1.5098910363345794
2026-02-23,0.023773160238200287,0.023773160238200287,0.0,0.0,1.5457859178835838
2026-02-24,0.007532799641486486,0.007532799641486486,0.0,0.0,1.5574300134916321
2026-02-25,0.0014126299018775365,0.0014126299018775365,0.0,0.0,1.559630085698772
2026-02-26,0.00032744866896999673,0.00032744866896999673,0.0,0.0,1.5601407844944195
2026-03-02,-0.006705519211895316,-0.006705519211895316,0.0,0.0,1.5496792304907308
2026-03-03,-0.005463888094610721,-0.005463888094610721,0.0,0.0,1.5412119565927869
2026-03-04,-0.034696700481359935,-0.034696700481359935,0.0,0.0,1.4877369869565962
2026-03-05,0.0118275743186635,0.0118275743186635,0.0,0.0,1.5053333067364498
2026-03-06,0.005590542631010538,0.005590542631010538,0.0,0.0,1.5137489367616401
2026-03-09,-0.018920721713945834,-0.018920721713945834,0.0,0.0,1.4851077143843916
2026-03-10,-0.002075035046215122,-0.002075035046215122,0.0,0.0,1.4820260638296396
2026-03-11,0.011008275869323951,0.011008275869323951,0.0,0.0,1.4983406155858046
2026-03-12,0.0022470027914633164,0.0022470027914633164,0.0,0.0,1.5017073911315888
2026-03-13,-0.0018857734132223013,-0.0018857734132223013,0.0,0.0,1.4988755112589536
2026-03-16,0.008978870967457019,0.008978870967457019,0.0,0.0,1.5123337210708288
2026-03-17,0.005857359995661372,0.005857359995661372,0.0,0.0,1.5211920041087186
2026-03-18,0.0018712903756604984,0.0018712903756604984,0.0,0.0,1.5240385960655392
2026-03-19,-0.013105134480060723,-0.013105134480060723,0.0,0.0,1.5040658653112975
2026-03-20,-0.000614944166400765,-0.000614944166400765,0.0,0.0,1.503140948781542
2026-03-23,-0.01677191003565133,-0.01677191003565133,0.0,0.0,1.4779304040176742
2026-03-24,0.007448630327204305,0.007448630327204305,0.0,0.0,1.4889389612465376
2026-03-25,0.010613479549963618,0.010613479549963618,0.0,0.0,1.5047417844628719
2026-03-26,-0.0004951157493328165,-0.0004951157493328165,0.0,0.0,1.503996763106705
2026-03-27,-0.0012473099696547895,-0.0012473099696547895,0.0,0.0,1.5021208129497534
2026-03-30,-0.013014890000580152,-0.013014890000580152,0.0,0.0,1.4825708758016303
2026-03-31,-0.008201212124268456,-0.008201212124268456,0.0,0.0,1.4704119975599186
2026-04-01,0.02209533309529936,0.02209533309529936,0.0,0.0,1.5029012404333295
2026-04-02,-0.004654287873617653,-0.004654287873617653,0.0,0.0,1.4959063054147357
2026-04-07,0.006090286136128378,0.006090286136128378,0.0,0.0,1.50501680284755
2026-04-08,0.011996060957837174,0.011996060957837174,0.0,0.0,1.5230710761570783
2026-04-09,0.008690609792141566,0.008690609792141566,0.0,0.0,1.5363074925656566
2026-04-10,-0.0061443164821818105,-0.0061443164821818105,0.0,0.0,1.526867933117386
2026-04-13,-0.003711132426053275,-0.003711132426053275,0.0,0.0,1.5212015240204932
2026-04-14,0.009445968093363526,0.009445968093363526,0.0,0.0,1.535570745079967
2026-04-15,0.007967770631580325,0.007967770631580325,0.0,0.0,1.5478058205653291
2026-04-16,0.006971712876984424,0.006971712876984424,0.0,0.0,1.5585966783356358
2026-04-17,0.00565571317870036,0.00565571317870036,0.0,0.0,1.567411654109577
